i,sens,entree,extreme,vol_ratio,dist_atr,heure,time,resultat_R,quintile
54,1,46128.48,46121.98,1.3132530120481927,0.9168765743073047,2,2025-09-12 02:50:00,-1.0,3
57,1,46129.48,46123.23,1.7108433734939759,0.7709251101321586,3,2025-09-12 03:05:00,-1.0,4
60,-1,46137.48,46145.23,1.3253012048192772,0.9194915254237288,3,2025-09-12 03:20:00,2.0,3
123,1,46127.23,46111.98,1.6,1.954233409610984,8,2025-09-12 08:35:00,-1.0,3
190,1,46023.08,46016.08,0.7796610169491526,0.6436781609195402,14,2025-09-12 14:10:00,2.0,0
199,1,46010.08,46003.08,1.3872340425531915,0.5297297297297298,14,2025-09-12 14:55:00,2.0,3
200,1,46014.08,46007.08,1.8235294117647058,0.5212765957446809,15,2025-09-12 15:00:00,-1.0,4
203,1,46022.08,46007.83,1.09375,1.1565217391304348,15,2025-09-12 15:15:00,-1.0,2
206,1,46014.08,46002.08,3.188612099644128,0.9056603773584906,15,2025-09-12 15:30:00,2.0,4
217,-1,46032.58,46079.08,2.0723514211886305,3.0104046242774567,16,2025-09-12 16:25:00,2.0,4
218,1,46056.28,45984.58,7.526448362720403,3.4055979643764522,16,2025-09-12 16:30:00,-1.0,4
220,-1,46000.28,46079.28,5.4904761904761905,2.891503267973856,16,2025-09-12 16:40:00,1.0078019348798746,4
221,1,46028.53,45975.28,5.515439429928741,1.7147786083956298,16,2025-09-12 16:45:00,-1.0,4
224,-1,46042.28,46056.03,3.9548022598870056,0.37893700787401574,17,2025-09-12 17:00:00,-1.0,4
266,-1,45916.28,45941.28,0.764,1.3059701492537314,20,2025-09-12 20:30:00,-1.0,0
278,-1,45948.28,45954.78,1.1147540983606556,0.36730575176589303,21,2025-09-12 21:30:00,-1.0,2
280,-1,45946.28,45955.28,1.0724299065420562,0.5378868729989328,21,2025-09-12 21:40:00,-1.0,2
281,-1,45947.28,45954.28,1.091121495327103,0.40961337513061646,21,2025-09-12 21:45:00,-1.0,2
282,-1,45948.28,45968.03,1.144859813084112,1.1239837398373982,21,2025-09-12 21:50:00,2.0,2
283,-1,45923.28,45951.03,1.028312570781427,1.498553519768563,21,2025-09-12 21:55:00,2.0,2
294,1,45909.28,45875.28,1.76033934252386,1.1414868105515588,22,2025-09-12 22:50:00,-1.0,4
311,-1,45853.41,45859.91,1.1734693877551021,0.5490196078431373,1,2025-09-15 01:15:00,2.0,2
317,-1,45856.16,45860.66,0.45454545454545453,0.4516129032258065,1,2025-09-15 01:45:00,2.0,0
334,1,45829.41,45823.16,4.82,0.678294573643411,3,2025-09-15 03:10:00,-1.0,4
335,1,45826.91,45812.91,3.9166666666666665,1.4306569343065692,3,2025-09-15 03:15:00,2.0,4
338,1,45829.41,45812.41,1.7257142857142858,1.503949447077409,3,2025-09-15 03:30:00,2.0,4
341,1,45832.41,45823.16,0.7346938775510204,0.8144654088050314,3,2025-09-15 03:45:00,2.0,0
342,1,45835.91,45823.66,1.4448979591836735,1.0635658914728683,3,2025-09-15 03:50:00,2.0,3
344,-1,45840.66,45845.66,0.5447470817120622,0.4437400950871633,4,2025-09-15 04:00:00,-1.0,0
370,-1,45867.66,45870.66,0.9583333333333334,0.5508196721311476,6,2025-09-15 06:10:00,-1.0,1
371,-1,45869.41,45874.66,1.0851063829787233,0.939297124600639,6,2025-09-15 06:15:00,2.0,2
372,-1,45869.16,45871.16,0.3617021276595745,0.35782747603833864,6,2025-09-15 06:20:00,2.0,0
392,-1,45871.16,45875.41,1.641025641025641,0.9674796747967479,8,2025-09-15 08:00:00,-1.0,3
393,-1,45866.66,45872.66,1.6585365853658536,1.382716049382716,8,2025-09-15 08:05:00,-1.0,3
428,-1,45867.76,45914.76,3.589873417721519,2.5297962322183913,11,2025-09-15 11:00:00,-1.0,4
429,1,45900.01,45868.26,1.6381909547738693,1.5798827083703653,11,2025-09-15 11:05:00,0.7002209435016576,3
465,1,45899.01,45891.51,1.2584856396866841,0.6645569620253164,14,2025-09-15 14:05:00,2.0,3
469,1,45898.76,45893.76,0.9763313609467456,0.4567699836867863,14,2025-09-15 14:25:00,2.0,1
493,1,45893.51,45886.76,1.4429824561403508,0.4649446494464945,16,2025-09-15 16:25:00,-1.0,3
494,-1,45875.96,45951.01,6.584033613445378,3.7993129632978837,16,2025-09-15 16:30:00,-1.0,4
497,1,45912.46,45829.96,5.132947976878612,2.545174085500204,16,2025-09-15 16:45:00,-1.0,4
498,1,45937.46,45889.21,4.481617647058823,1.3749236718908937,16,2025-09-15 16:50:00,-1.0,4
499,-1,45934.21,45955.21,3.7513321492007106,0.5778301886792421,16,2025-09-15 16:55:00,2.0,4
512,-1,45924.46,45956.46,0.9178470254957507,0.7577167019027484,18,2025-09-15 18:00:00,2.0,1
518,1,45849.71,45798.46,0.9596774193548387,1.2291220556745182,18,2025-09-15 18:30:00,-1.0,1
545,-1,45884.96,45896.21,0.8502715283165244,0.4114957544088831,20,2025-09-15 20:45:00,2.0,1
557,1,45840.71,45804.71,1.4408260524225576,1.3714285714285714,21,2025-09-15 21:45:00,1.0410572687224122,3
564,-1,45872.71,45889.71,1.0240349599417333,0.5836480455147399,22,2025-09-15 22:20:00,-1.0,2
565,-1,45876.46,45886.21,0.8724928366762178,0.3457621966664988,22,2025-09-15 22:25:00,-1.0,1
570,-1,45874.71,45901.21,1.4367575122292104,0.8537960555082525,22,2025-09-15 22:50:00,-0.14039915977329814,3
572,-1,45882.91,45901.66,0.9436524100475221,0.6180396958067432,23,2025-09-15 23:00:00,0.08126233276625947,1
573,-1,45874.16,45886.66,0.5390359809911744,0.411784083956889,23,2025-09-15 23:05:00,-1.0,0
596,1,45861.77,45854.77,0.7125,0.9180327868852459,2,2025-09-16 02:00:00,2.0,0
646,-1,45913.27,45916.77,0.8133971291866029,0.4474885844748859,6,2025-09-16 06:10:00,-1.0,0
648,-1,45914.02,45917.52,0.7064676616915423,0.47572815533980584,6,2025-09-16 06:20:00,-1.0,0
670,-1,45932.52,45936.02,1.0827067669172932,0.599388379204893,8,2025-09-16 08:10:00,-1.0,2
673,-1,45931.52,45935.27,1.838235294117647,0.5675675675675677,8,2025-09-16 08:25:00,-1.0,4
676,-1,45935.27,45938.52,1.4264705882352942,0.441747572815534,8,2025-09-16 08:40:00,-1.0,3
685,-1,45935.37,45943.62,1.3300970873786409,0.8783269961977187,9,2025-09-16 09:25:00,2.0,3
687,1,45923.37,45912.37,0.9910714285714286,1.021558872305141,9,2025-09-16 09:35:00,-1.0,1
692,1,45922.37,45901.12,3.3593073593073592,1.7629629629629628,10,2025-09-16 10:00:00,-1.0,4
701,1,45928.87,45914.12,1.4868804664723032,0.9429223744292238,10,2025-09-16 10:45:00,-1.0,3
737,1,45897.87,45882.12,1.0700280112044818,1.2894736842105263,13,2025-09-16 13:45:00,-1.0,2
753,1,45885.12,45874.37,0.6204819277108434,0.9868852459016394,15,2025-09-16 15:05:00,-1.0,0
754,1,45889.12,45876.87,1.4539877300613497,1.1433333333333333,15,2025-09-16 15:10:00,-1.0,3
759,1,45891.37,45878.37,0.7609427609427609,1.085271317829382,15,2025-09-16 15:35:00,-1.0,0
769,-1,45902.87,45914.87,2.404301075268817,0.5734767025089378,16,2025-09-16 16:25:00,-1.0,4
771,-1,45871.07,45948.82,5.527494908350305,2.507486754204067,16,2025-09-16 16:35:00,2.0,4
773,1,45847.82,45771.82,4.732965009208103,1.8674857393593682,16,2025-09-16 16:45:00,-1.0,4
799,-1,45769.07,45779.57,0.8100858369098712,0.30737062205959226,18,2025-09-16 18:55:00,-1.0,0
802,-1,45753.57,45788.57,0.7204832509610104,1.078107810781078,19,2025-09-16 19:10:00,-1.0,0
808,-1,45766.57,45785.82,0.7861347285807717,0.6670792079207921,19,2025-09-16 19:40:00,-1.0,0
812,-1,45784.07,45805.32,0.853185595567867,0.776255707762557,20,2025-09-16 20:00:00,-1.0,1
825,-1,45785.57,45808.32,0.8697788697788698,0.9600602863602109,21,2025-09-16 21:05:00,-1.0,1
836,-1,45791.32,45810.82,1.0895091434071222,0.914572864321608,22,2025-09-16 22:00:00,2.0,2
844,1,45779.07,45749.82,1.5503421309872922,1.1835260115606936,22,2025-09-16 22:40:00,0.26391129032253186,3
858,-1,45806.52,45817.27,0.24219489120151372,0.6724754244861396,23,2025-09-16 23:50:00,-1.0,0
871,-1,45813.42,45819.17,0.48226950354609927,0.6110056925996205,1,2025-09-17 01:55:00,2.0,0
872,-1,45815.42,45820.67,0.640625,0.5787401574803149,2,2025-09-17 02:00:00,2.0,0
873,-1,45813.42,45817.92,0.5528455284552846,0.5466377440347071,2,2025-09-17 02:05:00,2.0,0
889,1,45802.42,45794.42,2.174757281553398,0.797153024911032,3,2025-09-17 03:25:00,-1.0,4
893,1,45800.17,45785.42,1.223021582733813,1.3452768729641695,3,2025-09-17 03:45:00,-1.0,3
894,1,45798.67,45794.42,1.0135135135135136,0.3857374392220422,3,2025-09-17 03:50:00,-1.0,2
945,1,45743.92,45727.92,2.051282051282051,2.228855721393035,8,2025-09-17 08:05:00,-1.0,4
956,-1,45747.02,45762.42,2.370860927152318,1.8764142732812676,9,2025-09-17 09:00:00,-1.0,4
960,1,45738.52,45723.27,1.5227272727272727,1.4148442677269577,9,2025-09-17 09:20:00,2.0,3
965,-1,45760.02,45765.02,0.9861751152073732,0.42643923240937787,9,2025-09-17 09:45:00,-1.0,1
970,-1,45761.02,45767.27,2.0521739130434784,0.4112808460634548,10,2025-09-17 10:10:00,-1.0,4
975,-1,45771.52,45784.02,1.8709677419354838,0.8641975308641976,10,2025-09-17 10:35:00,2.0,4
986,1,45752.02,45740.02,1.6320754716981132,0.8272601930274008,11,2025-09-17 11:30:00,-1.0,3
987,1,45749.02,45724.52,4.125874125874126,1.5497221343695322,11,2025-09-17 11:35:00,2.0,4
988,1,45756.52,45730.02,2.5799086757990866,1.558299731182832,11,2025-09-17 11:40:00,2.0,4
990,-1,45778.02,45786.27,1.5205479452054795,0.45147168041278385,11,2025-09-17 11:50:00,-1.0,3
991,-1,45777.02,45785.52,0.8036529680365296,0.4734810806509474,11,2025-09-17 11:55:00,-1.0,0
1000,-1,45782.52,45795.52,0.7562189054726368,0.9215189873417721,12,2025-09-17 12:40:00,-1.0,0
1014,1,45777.02,45773.02,1.075,0.4028776978417266,13,2025-09-17 13:50:00,-1.0,2
1017,1,45777.02,45755.02,1.0975609756097562,1.8470764617691153,14,2025-09-17 14:05:00,2.0,2
1027,-1,45790.27,45798.27,0.93125,0.6464646464646465,14,2025-09-17 14:55:00,-1.0,1
1028,-1,45794.02,45802.52,1.28125,0.6565517241379311,15,2025-09-17 15:00:00,-1.0,3
1063,-1,46072.22,46102.22,0.7826589595375723,0.7795823665893272,17,2025-09-17 17:55:00,-1.0,0
1067,-1,46082.22,46097.22,0.7319347319347319,0.4375,18,2025-09-17 18:15:00,-1.0,0
1076,-1,46096.22,46116.22,0.8709175738724728,0.629567172568859,19,2025-09-17 19:00:00,2.0,1
1077,-1,46068.22,46105.97,0.8218527315914489,1.186307519640853,19,2025-09-17 19:05:00,2.0,0
1102,-1,46065.97,46244.97,2.879194630872483,3.22190794548726,21,2025-09-17 21:10:00,-0.433823992297582,4
1103,-1,46089.97,46121.72,3.040867389491243,0.5203090249326917,21,2025-09-17 21:15:00,-1.0,4
1112,1,45977.72,45890.47,1.1881686595342984,0.5532656943563721,22,2025-09-17 22:00:00,1.225024669429617,2
1113,1,45998.97,45942.22,1.0980629539951574,0.34248642124321016,22,2025-09-17 22:05:00,-1.0,2
1191,-1,46162.4,46168.9,0.96875,0.6431095406360424,5,2025-09-18 05:35:00,-1.0,1
1198,-1,46167.65,46178.4,1.5852534562211982,1.0168918918918919,6,2025-09-18 06:10:00,2.0,3
1201,-1,46167.4,46176.65,0.967741935483871,0.961038961038961,6,2025-09-18 06:25:00,-1.0,1
1229,1,46150.65,46138.4,1.2690763052208835,1.0346907993966818,8,2025-09-18 08:45:00,-1.0,3
1233,1,46135.5,46129.0,2.0588235294117645,0.46487867177522346,9,2025-09-18 09:05:00,-1.0,4
1237,1,46133.0,46121.75,1.4250764525993884,0.7274826789838338,9,2025-09-18 09:25:00,-1.0,3
1238,1,46155.0,46112.0,1.872463768115942,2.4007976071784647,9,2025-09-18 09:30:00,2.0,4
1241,-1,46171.0,46183.5,1.063231850117096,0.7502679528403001,9,2025-09-18 09:45:00,-1.0,2
1243,-1,46178.25,46183.5,0.7363834422657952,0.328125,9,2025-09-18 09:55:00,-1.0,0
1257,-1,46228.0,46275.0,1.1538461538461537,1.7157757496740549,11,2025-09-18 11:05:00,-1.0,2
1292,1,46337.5,46313.5,2.4808184143222505,1.6531365313653137,14,2025-09-18 14:00:00,-1.0,4
1351,1,46115.2,46072.2,1.007007007007007,0.8587731811697575,18,2025-09-18 18:55:00,2.0,2
1368,-1,46218.45,46251.2,0.9258760107816711,1.0522088353413654,20,2025-09-18 20:20:00,2.0,1
1478,-1,46238.98,46255.23,1.356401384083045,1.3284671532846715,6,2025-09-19 06:30:00,2.0,3
1480,-1,46237.73,46247.23,1.0865051903114187,0.7131367292225201,6,2025-09-19 06:40:00,2.0,2
1485,1,46200.23,46187.23,2.865051903114187,0.637478108581436,7,2025-09-19 07:05:00,-1.0,4
1489,1,46200.23,46177.23,2.291891891891892,1.0688796680497925,7,2025-09-19 07:25:00,-1.0,4
1508,1,46174.83,46156.23,1.5048076923076923,1.2981056829510544,9,2025-09-19 09:00:00,-1.0,3
1509,1,46170.83,46165.83,1.6442307692307692,0.3498250874562744,9,2025-09-19 09:05:00,-1.0,3
1522,1,46100.83,46085.08,1.7662721893491125,0.5077720207253886,10,2025-09-19 10:10:00,2.0,4
1555,1,46161.83,46156.83,1.2884615384615385,0.3708609271523179,12,2025-09-19 12:55:00,-1.0,3
1556,1,46160.83,46148.83,1.375,0.869340232858991,13,2025-09-19 13:00:00,-1.0,3
1567,1,46164.83,46139.83,1.4621409921671018,1.5069967707212055,13,2025-09-19 13:55:00,2.0,3
1576,-1,46172.83,46188.83,0.7692307692307693,0.9411764705882353,14,2025-09-19 14:40:00,-1.0,0
1598,-1,46172.03,46297.08,5.569131832797428,3.641222961730512,16,2025-09-19 16:30:00,-1.0,4
1599,1,46163.78,46117.53,4.86412213740458,1.2444743417259203,16,2025-09-19 16:35:00,2.0,4
1600,-1,46130.03,46192.78,3.932944606413994,1.5243796633697648,16,2025-09-19 16:40:00,-1.0,4
1601,1,46241.28,46117.53,3.8813559322033897,2.506147837407772,16,2025-09-19 16:45:00,-1.0,4
1624,1,46153.03,46137.03,0.6689419795221843,0.41443108233117487,18,2025-09-19 18:40:00,2.0,0
1625,1,46158.03,46138.28,0.69166255550074,0.5075722808627811,18,2025-09-19 18:45:00,2.0,0
1664,-1,46310.28,46346.03,1.2587412587412588,1.3893129770992365,22,2025-09-19 22:00:00,-1.0,3
1666,-1,46318.03,46338.03,1.11864406779661,0.779401530967293,22,2025-09-19 22:10:00,-1.0,2
1672,-1,46317.53,46338.53,1.2285983066792099,0.7616580310880828,22,2025-09-19 22:40:00,-1.0,3
1675,-1,46313.48,46402.53,2.138863841298467,2.354263053535925,22,2025-09-19 22:55:00,0.8026901846329637,4
1692,1,46270.41,46263.66,0.7631578947368421,0.421875,1,2025-09-22 01:20:00,2.0,0
1712,1,46273.91,46256.66,3.2934782608695654,1.7724770642201835,3,2025-09-22 03:00:00,-1.0,4
1719,1,46258.41,46244.91,2.2318840579710146,1.0398899587345254,3,2025-09-22 03:35:00,-1.0,4
1721,1,46261.66,46249.16,1.2096219931271477,0.9090909090909091,3,2025-09-22 03:45:00,-1.0,3
1725,1,46260.16,46242.91,1.138755980861244,1.030949839914621,4,2025-09-22 04:05:00,-1.0,2
1744,-1,46254.41,46258.91,0.5641025641025641,0.4468085106382979,5,2025-09-22 05:40:00,-1.0,0
1747,-1,46253.66,46257.16,0.6053639846743295,0.448512585812357,5,2025-09-22 05:55:00,2.0,0
1844,1,46175.26,46163.26,1.9457831325301205,0.900804289544236,14,2025-09-22 14:00:00,-1.0,4
1849,1,46171.01,46161.26,1.2061538461538461,0.7155963302752294,14,2025-09-22 14:25:00,-1.0,2
1850,1,46176.26,46167.26,1.0180722891566265,0.6666666666666666,14,2025-09-22 14:30:00,-1.0,2
1855,1,46176.76,46160.26,1.4023668639053255,1.135135135135135,14,2025-09-22 14:55:00,-1.0,3
1871,1,46158.26,46140.26,1.119305856832972,1.1224944320712695,16,2025-09-22 16:15:00,-1.0,2
1877,1,46116.46,46084.46,4.93491124260355,1.0912190963341781,16,2025-09-22 16:45:00,2.0,4
1880,-1,46207.71,46222.71,4.7072243346007605,0.38957425099712245,17,2025-09-22 17:00:00,-1.0,4
1883,-1,46212.21,46241.46,2.4784313725490197,0.6591018831482345,17,2025-09-22 17:15:00,-1.0,4
1884,-1,46199.96,46234.46,1.3677902621722846,0.745025451180006,17,2025-09-22 17:20:00,-1.0,3
1916,-1,46396.46,46408.46,0.8955453149001537,0.4617541159332633,20,2025-09-22 20:00:00,-1.0,1
1919,-1,46385.46,46404.21,0.846930846930847,0.743984355071844,20,2025-09-22 20:15:00,-1.0,0
1920,-1,46396.46,46408.46,0.7740890688259109,0.46727672238756307,20,2025-09-22 20:20:00,-1.0,0
1927,-1,46392.46,46410.96,0.8705673758865248,0.7622579316028044,20,2025-09-22 20:55:00,-1.0,1
1928,-1,46376.46,46405.46,0.9566787003610109,1.1527541169789988,21,2025-09-22 21:00:00,-1.0,1
1946,-1,46440.46,46448.46,1.0053134962805526,0.3721919447029132,22,2025-09-22 22:30:00,-1.0,2
1948,-1,46441.46,46465.46,1.2241014799154335,1.0077379881230932,22,2025-09-22 22:40:00,2.0,3
1951,-1,46399.91,46452.46,2.063424947145877,2.0102740661801546,22,2025-09-22 22:55:00,-0.21274370838710968,4
1977,-1,46393.48,46399.48,0.7162162162162162,0.7516778523489933,2,2025-09-23 02:05:00,-1.0,0
2004,-1,46421.48,46429.73,0.8737864077669902,0.9726315789473684,4,2025-09-23 04:20:00,-1.0,1
2010,-1,46423.98,46434.48,1.3846153846153846,1.180722891566265,4,2025-09-23 04:50:00,2.0,3
2012,-1,46424.48,46429.48,1.0642201834862386,0.5622489959839357,5,2025-09-23 05:00:00,-1.0,2
2013,-1,46424.73,46428.73,0.9321266968325792,0.4507042253521127,5,2025-09-23 05:05:00,-1.0,1
2024,1,46417.98,46414.48,0.7272727272727273,0.4887780548628429,6,2025-09-23 06:00:00,2.0,0
2025,1,46420.98,46415.23,0.3923444976076555,0.8151898734177215,6,2025-09-23 06:05:00,-1.0,0
2059,-1,46419.48,46432.48,1.4444444444444444,1.2113144758735441,8,2025-09-23 08:55:00,-1.0,3
2072,-1,46418.58,46440.08,4.1692307692307695,1.5144654088050316,10,2025-09-23 10:00:00,-1.0,4
2074,-1,46427.08,46439.08,2.143884892086331,0.7619047619047619,10,2025-09-23 10:10:00,-1.0,4
2086,1,46425.08,46401.83,0.7540983606557377,1.477866061293984,11,2025-09-23 11:10:00,2.0,0
2087,-1,46425.08,46434.08,0.9467213114754098,0.5840092699884125,11,2025-09-23 11:15:00,-1.0,1
2128,-1,46444.58,46451.33,1.1927272727272726,0.5658682634730539,14,2025-09-23 14:40:00,-1.0,2
2146,1,46458.08,46446.08,0.9818181818181818,1.0909090909090908,16,2025-09-23 16:10:00,2.0,1
2149,-1,46459.33,46472.58,2.5513196480938416,1.092783505154639,16,2025-09-23 16:25:00,-1.0,4
2225,-1,46307.53,46332.03,1.093278463648834,0.8335358444714459,22,2025-09-23 22:45:00,-1.0,2
2245,-1,46341.8,46349.3,0.6428571428571429,0.6389970788704977,1,2025-09-24 01:25:00,-1.0,0
2268,1,46355.8,46323.3,3.135135135135135,2.7043090638930165,3,2025-09-24 03:20:00,0.521061234754135,4
2270,-1,46348.3,46362.3,1.7792207792207793,1.0551816958277256,3,2025-09-24 03:30:00,-1.0,4
2287,1,46349.3,46333.3,1.0,1.424483306836248,4,2025-09-24 04:55:00,2.0,1
2289,1,46348.3,46341.05,0.8198757763975155,0.6444444444444445,5,2025-09-24 05:05:00,2.0,0
2301,-1,46369.3,46373.8,0.7054545454545454,0.4931506849315068,6,2025-09-24 06:05:00,-1.0,0
2304,-1,46369.3,46373.55,0.4444444444444444,0.4927536231884058,6,2025-09-24 06:20:00,-1.0,0
2309,-1,46372.3,46375.3,0.7422680412371134,0.37583892617449666,6,2025-09-24 06:45:00,-1.0,0
2345,-1,46414.9,46419.4,1.160621761658031,0.5163934426229508,9,2025-09-24 09:45:00,-1.0,2
2346,-1,46405.9,46422.65,1.536231884057971,1.7370370370370372,9,2025-09-24 09:50:00,2.0,3
2388,1,46333.15,46328.4,1.0661764705882353,0.44407345575959933,13,2025-09-24 13:20:00,-1.0,2
2394,1,46333.9,46317.9,0.9737827715355806,1.4498381877022652,13,2025-09-24 13:50:00,2.0,1
2395,1,46335.9,46329.9,0.8528301886792453,0.5581395348837209,13,2025-09-24 13:55:00,2.0,1
2399,-1,46355.4,46364.9,1.2900763358778626,0.7846607669616519,14,2025-09-24 14:15:00,-1.0,3
2401,-1,46356.9,46361.15,1.0381679389312977,0.3520710059171598,14,2025-09-24 14:25:00,-1.0,2
2404,-1,46346.9,46360.65,1.6727272727272726,1.0591471801925723,14,2025-09-24 14:40:00,-1.0,3
2411,-1,46370.9,46382.4,1.508650519031142,0.8374512353706112,15,2025-09-24 15:15:00,-1.0,3
2422,-1,46369.9,46386.4,1.5,1.0198675496688743,16,2025-09-24 16:10:00,-1.0,3
2424,-1,46372.15,46380.9,0.7819905213270142,0.5331882480957563,16,2025-09-24 16:20:00,-1.0,0
2429,-1,46390.1,46445.35,4.814645308924485,1.7124197476201128,16,2025-09-24 16:45:00,2.0,4
2431,1,46377.1,46347.1,3.83982683982684,0.767894688728407,16,2025-09-24 16:55:00,-1.0,4
2432,1,46382.1,46336.35,4.335429769392033,1.0774665657330358,17,2025-09-24 17:00:00,-1.0,4
2433,1,46373.1,46347.85,4.046121593291405,0.576954463848542,17,2025-09-24 17:05:00,-1.0,4
2434,1,46375.1,46361.1,3.4254545454545453,0.3145057766367152,17,2025-09-24 17:10:00,-1.0,4
2443,1,46346.1,46328.1,1.0130010834236187,0.4468085106382979,17,2025-09-24 17:55:00,-1.0,2
2470,-1,46216.1,46242.6,1.0200607902735563,0.803030303030303,20,2025-09-24 20:10:00,2.0,2
2483,1,46169.1,46149.35,0.9008264462809917,0.6448979591836734,21,2025-09-24 21:15:00,-1.0,1
2507,-1,46181.3,46193.05,0.21204819277108433,0.48892851835338946,23,2025-09-24 23:15:00,-1.0,0
2508,-1,46178.3,46187.05,0.17028112449799196,0.3868013893274339,23,2025-09-24 23:20:00,-1.0,0
2519,1,46173.15,46167.9,0.6943396226415094,0.5915492957746479,1,2025-09-25 01:15:00,-1.0,0
2523,1,46172.4,46167.65,0.29245283018867924,0.5564853556485355,1,2025-09-25 01:35:00,-1.0,0
2584,-1,46225.4,46230.15,0.8551724137931035,0.8926174496644296,6,2025-09-25 06:40:00,-1.0,1
2586,-1,46225.4,46230.4,0.9007633587786259,0.9621993127147767,6,2025-09-25 06:50:00,-1.0,1
2589,-1,46225.15,46238.15,1.3870967741935485,2.044943820224719,7,2025-09-25 07:05:00,2.0,3
2642,-1,46167.75,46191.75,0.5149136577708007,1.3346573982125123,11,2025-09-25 11:30:00,2.0,0
2661,-1,46183.5,46193.0,0.9761388286334056,0.6927083333333334,13,2025-09-25 13:05:00,2.0,1
2664,-1,46178.0,46192.75,0.9722814498933902,1.015990159901599,13,2025-09-25 13:20:00,2.0,1
2665,1,46162.75,46155.25,1.4285714285714286,0.5017921146953405,13,2025-09-25 13:25:00,-1.0,3
2681,1,46087.0,46068.75,1.8173076923076923,0.856663872590109,14,2025-09-25 14:45:00,-1.0,4
2685,1,46081.75,46067.75,0.9962825278810409,0.5471039776692254,15,2025-09-25 15:05:00,-1.0,1
2690,1,46066.25,46048.5,1.8722358722358723,0.7253356684179832,15,2025-09-25 15:30:00,-1.0,4
2691,1,46060.25,46050.5,1.5550351288056206,0.3915662650602426,15,2025-09-25 15:35:00,-1.0,3
2708,1,46027.95,45933.45,2.2893175074183976,1.6189427312775388,17,2025-09-25 17:00:00,-1.0,4
2710,-1,46072.2,46120.95,1.8195592286501376,0.7789317507418424,17,2025-09-25 17:10:00,-1.0,4
2711,-1,46071.45,46098.45,1.8168044077134986,0.4199066874028007,17,2025-09-25 17:15:00,-1.0,4
2713,-1,46072.2,46120.95,0.933649289099526,0.7236005089058546,17,2025-09-25 17:25:00,-1.0,1
2720,-1,46058.95,46129.95,0.8015355086372361,1.2930081300813008,18,2025-09-25 18:00:00,2.0,0
2749,1,45965.45,45922.95,1.228956228956229,0.9392265193370166,20,2025-09-25 20:25:00,-1.0,3
2778,-1,45977.45,45997.95,1.2479286169534736,0.6132478632478632,22,2025-09-25 22:50:00,-1.0,3
2787,-1,45981.4,46010.15,0.3066004258339248,1.0585141354372123,23,2025-09-25 23:35:00,-1.0,0
2795,-1,46005.97,46012.22,0.30933333333333335,0.4018369690011481,1,2025-09-26 01:15:00,-1.0,0
2796,-1,46000.97,46011.47,0.46808510638297873,0.6837209302325581,1,2025-09-26 01:20:00,-1.0,0
2819,-1,45966.72,45987.72,2.063380281690141,1.356401384083045,3,2025-09-26 03:15:00,-1.0,4
2822,1,45954.97,45948.97,1.4785478547854785,0.38665132336018415,3,2025-09-26 03:30:00,2.0,3
2828,-1,45974.97,45990.97,2.032258064516129,0.9133537206931702,4,2025-09-26 04:00:00,-1.0,4
2835,-1,45993.97,45999.97,1.1710261569416498,0.3775280898876405,4,2025-09-26 04:35:00,2.0,2
2851,-1,45997.47,46003.72,0.7677725118483413,0.5263157894736842,5,2025-09-26 05:55:00,2.0,0
2876,1,45959.47,45940.47,1.4755043227665705,1.2881355932203389,8,2025-09-26 08:00:00,2.0,3
2878,1,45960.97,45953.72,1.23463687150838,0.5100502512562815,8,2025-09-26 08:10:00,2.0,3
2921,1,46057.57,46048.57,1.410459587955626,0.48601735776277727,11,2025-09-26 11:45:00,-1.0,3
2922,1,46054.57,46048.57,1.150554675118859,0.3439099283520982,11,2025-09-26 11:50:00,-1.0,2
2926,1,46058.57,46040.57,1.1296,1.0478170478170479,12,2025-09-26 12:10:00,-1.0,2
2927,1,46061.57,46050.07,1.0464,0.6694386694386695,12,2025-09-26 12:15:00,-1.0,2
2932,1,46056.82,46042.57,0.7399030694668821,0.7893175074183977,12,2025-09-26 12:40:00,-1.0,0
2933,1,46054.57,46048.57,0.7317073170731707,0.328125,12,2025-09-26 12:45:00,-1.0,0
2950,-1,46035.57,46049.57,1.1039260969976905,0.9423076923076923,14,2025-09-26 14:10:00,-1.0,2
2951,1,46026.82,46018.57,1.371824480369515,0.565483476132191,14,2025-09-26 14:15:00,-1.0,3
2953,1,46025.57,46004.57,1.1363636363636365,1.3548387096774193,14,2025-09-26 14:25:00,2.0,2
2954,1,46024.57,46017.57,1.0136363636363637,0.46226415094339623,14,2025-09-26 14:30:00,2.0,2
2960,-1,46043.57,46051.32,1.3154362416107384,0.5377942998760842,15,2025-09-26 15:00:00,-1.0,3
2978,-1,46208.27,46235.77,3.7373068432671084,0.7575757575757619,16,2025-09-26 16:30:00,-1.0,4
2985,-1,46181.77,46286.77,2.101766784452297,1.755328676338892,17,2025-09-26 17:05:00,-1.0,4
2991,1,46133.52,46066.77,0.9102144674663759,0.9196024404644781,17,2025-09-26 17:35:00,2.0,1
3037,-1,46323.77,46342.77,0.9252782193958664,0.642512077294686,21,2025-09-26 21:25:00,-1.0,1
3040,-1,46330.77,46347.77,0.7560137457044673,0.6145900581020013,21,2025-09-26 21:40:00,2.0,0
3050,1,46272.77,46256.77,1.1126885536823425,0.6544923301680058,22,2025-09-26 22:30:00,-1.0,2
3053,1,46273.77,46250.77,1.1026339691189828,0.9706103993971363,22,2025-09-26 22:45:00,-1.0,2
3054,1,46282.77,46232.77,1.5749318801089918,1.9257221458046767,22,2025-09-26 22:50:00,1.363401296032922,3
3056,1,46281.47,46252.97,0.8977777777777778,1.0438194898626554,23,2025-09-26 23:00:00,2.0,1
3069,-1,46307.29,46312.29,0.4673684210526316,0.3092965712265822,1,2025-09-29 01:05:00,-1.0,0
3070,-1,46306.29,46312.79,0.38764044943820225,0.44592541774881234,1,2025-09-29 01:10:00,-1.0,0
3072,-1,46307.29,46319.29,0.7545787545787546,0.8712789129758337,1,2025-09-29 01:20:00,-1.0,0
3085,-1,46324.79,46335.79,1.4757281553398058,0.9777777777777777,2,2025-09-29 02:25:00,-1.0,3
3086,-1,46323.79,46332.79,1.5339805825242718,0.7962085308056872,2,2025-09-29 02:30:00,-1.0,3
3091,-1,46328.79,46339.79,1.0192307692307692,1.0232558139534884,2,2025-09-29 02:55:00,-1.0,2
3093,-1,46325.29,46334.29,2.3805309734513274,0.7974683544303797,3,2025-09-29 03:05:00,-1.0,4
3104,-1,46342.29,46354.04,1.619047619047619,0.8773333333333334,4,2025-09-29 04:00:00,-1.0,3
3105,-1,46341.29,46345.29,1.4375,0.3018867924528302,4,2025-09-29 04:05:00,-1.0,3
3116,-1,46363.29,46370.29,0.8900255754475703,0.5877061469265367,5,2025-09-29 05:00:00,-1.0,1
3127,-1,46385.04,46388.29,0.6335403726708074,0.35408560311284043,5,2025-09-29 05:55:00,-1.0,0
3141,-1,46405.04,46407.54,1.22,0.31746031746031744,7,2025-09-29 07:05:00,-1.0,3
3149,-1,46403.29,46407.29,0.680628272251309,0.656891495601173,7,2025-09-29 07:45:00,2.0,0
3162,1,46391.79,46387.29,1.3431372549019607,0.5174537987679672,8,2025-09-29 08:50:00,-1.0,3
3166,1,46396.64,46384.89,2.072398190045249,1.0699186991869918,9,2025-09-29 09:10:00,2.0,4
3168,-1,46412.64,46420.14,1.7265625,0.678513731825525,9,2025-09-29 09:20:00,-1.0,4
3169,-1,46411.39,46417.39,1.546875,0.5299684542586751,9,2025-09-29 09:25:00,-1.0,3
3176,-1,46412.39,46434.64,2.602272727272727,1.5653266331658293,10,2025-09-29 10:00:00,-1.0,4
3177,-1,46407.14,46415.89,2.41688654353562,0.572429906542056,10,2025-09-29 10:05:00,-1.0,4
3182,-1,46440.89,46449.64,1.5022222222222221,0.4984740590030519,10,2025-09-29 10:30:00,-1.0,3
3186,-1,46444.89,46450.89,0.7286527514231499,0.32684824902723736,10,2025-09-29 10:50:00,2.0,0
3204,-1,46453.89,46462.39,0.6997518610421837,0.8321678321678322,12,2025-09-29 12:20:00,-1.0,0
3206,-1,46455.89,46466.89,1.1082474226804124,0.9951534733441034,12,2025-09-29 12:30:00,-1.0,2
3219,-1,46477.64,46487.89,0.9941176470588236,0.7265822784810126,13,2025-09-29 13:35:00,-1.0,1
3276,1,46198.09,46182.09,0.9236479321314952,0.4016136261766024,18,2025-09-29 18:20:00,-1.0,1
3278,1,46198.09,46182.09,1.017042330951072,0.43537414965986393,18,2025-09-29 18:30:00,-1.0,2
3279,1,46204.09,46173.09,0.9620670698185816,0.8318160038332534,18,2025-09-29 18:35:00,2.0,1
3280,1,46211.09,46189.09,0.7734072022160665,0.6138515196811161,18,2025-09-29 18:40:00,-1.0,0
3283,1,46207.09,46175.34,0.9653552554315913,0.959007551240561,18,2025-09-29 18:55:00,2.0,1
3285,1,46207.09,46184.09,0.8014616321559074,0.7100330760749723,19,2025-09-29 19:05:00,-1.0,0
3309,-1,46244.09,46260.09,0.910958904109589,0.6978193146417446,21,2025-09-29 21:05:00,-1.0,1
3330,-1,46312.09,46361.09,1.5937211449676825,1.6401673640167365,22,2025-09-29 22:50:00,-0.762368566685165,3
3361,-1,46342.14,46346.14,1.0136986301369864,0.5894736842105264,2,2025-09-30 02:25:00,-1.0,2
3366,-1,46334.39,46349.64,1.6240601503759398,2.1511335012594457,2,2025-09-30 02:50:00,-1.0,3
3379,-1,46351.39,46358.89,0.9002695417789758,0.509090909090909,3,2025-09-30 03:55:00,2.0,1
3413,-1,46341.14,46347.14,1.0071942446043165,0.6733466933867734,6,2025-09-30 06:45:00,2.0,2
3427,1,46305.89,46303.14,0.7003891050583657,0.3355119825708061,7,2025-09-30 07:55:00,-1.0,0
3428,1,46306.39,46295.89,1.808,1.1902834008097167,8,2025-09-30 08:00:00,2.0,4
3429,1,46308.64,46296.14,1.4085603112840468,1.3671875,8,2025-09-30 08:05:00,2.0,3
3430,1,46309.64,46302.14,1.3955223880597014,0.8267716535433071,8,2025-09-30 08:10:00,2.0,3
3440,-1,46318.74,46333.14,1.6936936936936937,1.2444444444445701,9,2025-09-30 09:00:00,-1.0,4
3443,-1,46328.49,46333.74,0.9344729344729344,0.4681528662420382,9,2025-09-30 09:15:00,-1.0,1
3445,-1,46328.74,46338.24,1.0543478260869565,0.7916666666666666,9,2025-09-30 09:25:00,2.0,2
3446,-1,46326.74,46337.24,1.4005305039787799,0.8802395209580838,9,2025-09-30 09:30:00,2.0,3
3447,-1,46320.74,46331.74,1.1706036745406825,0.8901734104046243,9,2025-09-30 09:35:00,2.0,2
3449,1,46301.24,46295.74,1.1792207792207792,0.40794701986754967,9,2025-09-30 09:45:00,-1.0,2
3484,1,46234.74,46224.74,0.8342440801457195,0.6965174129353233,12,2025-09-30 12:40:00,-1.0,0
3485,1,46232.99,46227.74,0.7811320754716982,0.3808290155440414,12,2025-09-30 12:45:00,-1.0,0
3486,1,46231.24,46224.74,0.9155206286836935,0.47089262613195343,12,2025-09-30 12:50:00,-1.0,1
3488,1,46234.74,46228.74,0.7520661157024794,0.47124824684431976,13,2025-09-30 13:00:00,-1.0,0
3511,-1,46240.74,46248.74,1.1502347417840375,0.6111869031377899,14,2025-09-30 14:55:00,-1.0,2
3512,-1,46226.74,46244.74,1.5539906103286385,1.2972972972972974,15,2025-09-30 15:00:00,-1.0,3
3513,-1,46239.74,46246.49,1.2488479262672811,0.45,15,2025-09-30 15:05:00,-1.0,3
3533,-1,46307.94,46373.94,4.516814159292036,2.264705882352941,16,2025-09-30 16:45:00,-1.0,4
3537,-1,46287.94,46341.94,4.366917293233083,1.218372280419017,17,2025-09-30 17:05:00,-1.0,4
3553,1,46168.94,46118.44,0.9648068669527897,0.8629844369850472,18,2025-09-30 18:25:00,2.0,1
3600,-1,46365.94,46380.69,1.145817912657291,0.5536193029490617,22,2025-09-30 22:20:00,-1.0,2
3602,-1,46364.94,46386.94,1.0242468772961058,0.8537768537768538,22,2025-09-30 22:30:00,-1.0,2
3603,-1,46362.44,46379.94,1.0639235855988245,0.6648575305291723,22,2025-09-30 22:35:00,-1.0,2
3609,-1,46348.64,46375.14,0.660431654676259,0.7566795839282028,23,2025-09-30 23:05:00,-1.0,0
3611,1,46340.14,46328.14,0.6223520818115412,0.34511092851273417,23,2025-09-30 23:15:00,-1.0,0
3655,1,46299.01,46291.01,1.1830357142857142,0.4017937219730942,3,2025-10-01 03:55:00,-1.0,2
3666,1,46275.01,46267.01,0.8423153692614771,0.5016797312430011,4,2025-10-01 04:50:00,-1.0,0
3689,1,46227.01,46218.26,0.9865771812080537,0.7753164556962024,6,2025-10-01 06:45:00,2.0,1
3702,-1,46240.01,46251.01,1.0745098039215686,1.103942652329749,7,2025-10-01 07:50:00,2.0,2
3704,-1,46236.01,46244.51,1.3411764705882352,0.85,8,2025-10-01 08:00:00,2.0,3
3717,1,46225.61,46211.86,1.4511278195488722,1.1773700305810397,9,2025-10-01 09:05:00,-1.0,3
3765,-1,46208.61,46213.61,0.831758034026465,0.30042918454935624,13,2025-10-01 13:05:00,2.0,0
3766,-1,46203.86,46214.61,0.7739463601532567,0.6459227467811159,13,2025-10-01 13:10:00,-1.0,0
3777,-1,46203.61,46215.86,1.635135135135135,0.7630700778642937,14,2025-10-01 14:05:00,-1.0,3
3779,-1,46208.61,46218.86,1.2837837837837838,0.6478555304740407,14,2025-10-01 14:15:00,-1.0,3
3809,-1,46315.81,46418.31,3.095187165775401,2.0619297363316416,16,2025-10-01 16:45:00,-1.0,4
3810,-1,46318.81,46336.81,2.9078014184397163,0.3530895334174037,16,2025-10-01 16:50:00,-1.0,4
3811,-1,46307.81,46362.81,2.224,1.0343206393982176,16,2025-10-01 16:55:00,-1.0,4
3847,1,46380.06,46352.81,0.8760852407261247,1.0026281208935612,19,2025-10-01 19:55:00,2.0,1
3915,1,46436.69,46419.69,2.6666666666666665,1.433734939759036,2,2025-10-02 02:35:00,2.0,4
3932,-1,46462.69,46476.44,1.6887608069164266,0.8517699115044248,4,2025-10-02 04:00:00,-1.0,4
3958,1,46464.69,46452.44,0.594059405940594,1.3557312252964426,6,2025-10-02 06:10:00,-1.0,0
3960,1,46468.69,46460.69,0.6931407942238267,0.9161554192229038,6,2025-10-02 06:20:00,-1.0,0
3967,1,46451.69,46441.69,0.9145299145299145,1.0,6,2025-10-02 06:55:00,2.0,1
3970,-1,46462.69,46484.69,1.3537117903930131,1.7254901960784315,7,2025-10-02 07:10:00,1.0481389578164348,3
3973,1,46448.69,46428.44,0.9145299145299145,1.3278688524590163,7,2025-10-02 07:25:00,-1.0,1
4000,1,46453.29,46422.79,1.4080459770114941,1.9722863741339494,9,2025-10-02 09:40:00,-1.0,3
4057,-1,46440.29,46446.54,0.8349514563106796,0.673076923076923,14,2025-10-02 14:25:00,2.0,0
4061,-1,46426.29,46446.29,1.2828947368421053,1.8697829716193657,14,2025-10-02 14:45:00,-1.0,3
4062,1,46440.29,46421.29,1.2894736842105263,1.6394453004622498,14,2025-10-02 14:50:00,-1.0,3
4065,1,46438.04,46421.29,1.4239482200647249,1.260752688172043,15,2025-10-02 15:05:00,-1.0,3
4080,-1,46459.79,46473.29,1.0927318295739348,0.7368421052631579,16,2025-10-02 16:20:00,-1.0,2
4081,-1,46462.79,46476.29,2.6893203883495147,0.6942148760330578,16,2025-10-02 16:25:00,-1.0,4
4082,1,46529.99,46409.29,8.032634032634032,4.341726618704964,16,2025-10-02 16:30:00,-1.0,4
4089,-1,46430.49,46511.49,4.2727272727272725,1.5346099194803497,17,2025-10-02 17:05:00,-1.0,4
4101,1,46373.49,46340.49,0.8698850574712643,0.7252747252747253,18,2025-10-02 18:05:00,-1.0,1
4179,1,46525.3,46505.05,1.832512315270936,1.9318568994889267,1,2025-10-03 01:35:00,2.0,4
4187,-1,46545.3,46555.55,0.8695652173913043,0.9663299663299663,2,2025-10-03 02:15:00,-1.0,1
4191,-1,46549.55,46554.05,0.7222222222222222,0.42857142857142855,2,2025-10-03 02:35:00,-1.0,0
4195,-1,46554.05,46557.55,1.5629139072847682,0.41437632135306557,2,2025-10-03 02:55:00,2.0,3
4196,-1,46534.05,46556.05,4.1625,2.235934664246824,3,2025-10-03 03:00:00,-1.0,4
4255,-1,46643.05,46645.05,0.8591549295774648,0.30434782608695654,7,2025-10-03 07:55:00,-1.0,1
4256,-1,46640.05,46647.05,0.971830985915493,1.0919220055710306,8,2025-10-03 08:00:00,-1.0,1
4258,-1,46643.55,46647.55,1.0748299319727892,0.6170798898071626,8,2025-10-03 08:10:00,-1.0,2
4262,-1,46643.55,46648.05,0.8609271523178808,0.6810810810810811,8,2025-10-03 08:30:00,-1.0,1
4265,-1,46635.05,46650.05,1.3197278911564625,2.053789731051345,8,2025-10-03 08:45:00,-1.0,3
4266,1,46638.05,46634.8,1.1258278145695364,0.45614035087719296,8,2025-10-03 08:50:00,-1.0,2
4271,1,46635.65,46630.65,1.7272727272727273,0.5,9,2025-10-03 09:15:00,2.0,4
4272,1,46637.65,46634.65,1.4904458598726114,0.3,9,2025-10-03 09:20:00,2.0,3
4275,-1,46647.9,46653.65,1.2087912087912087,0.5659050966608083,9,2025-10-03 09:35:00,2.0,3
4281,-1,46639.15,46656.65,2.4377358490566037,1.3940256045519204,10,2025-10-03 10:05:00,-1.0,4
4284,-1,46646.65,46661.65,1.7123745819397993,1.2746585735963583,10,2025-10-03 10:20:00,-1.0,4
4288,-1,46649.65,46660.65,1.054054054054054,0.8688293370944993,10,2025-10-03 10:40:00,-1.0,2
4290,-1,46657.65,46668.65,1.0517711171662125,0.875,10,2025-10-03 10:50:00,-1.0,2
4291,-1,46659.9,46664.65,1.2043596730245232,0.3715083798882681,10,2025-10-03 10:55:00,-1.0,2
4293,-1,46653.15,46664.65,1.0463917525773196,0.8761904761904762,11,2025-10-03 11:05:00,-1.0,2
4318,-1,46673.4,46677.65,0.550185873605948,0.38825448613376834,13,2025-10-03 13:10:00,2.0,0
4330,1,46638.65,46632.65,1.776,0.5675675675675675,14,2025-10-03 14:10:00,-1.0,4
4336,1,46636.4,46623.65,1.2919708029197081,0.9482071713147411,14,2025-10-03 14:40:00,-1.0,3
4337,1,46639.65,46634.4,1.1897810218978102,0.3863337713534823,14,2025-10-03 14:45:00,-1.0,2
4351,1,46603.9,46595.65,1.2,0.5006501950585238,15,2025-10-03 15:55:00,-1.0,2
4356,1,46584.9,46572.65,1.3972055888223553,0.7245458386142886,16,2025-10-03 16:20:00,2.0,3
4389,-1,47011.85,47027.35,0.8307493540051679,0.4575645756457565,19,2025-10-03 19:05:00,-1.0,0
4411,1,46839.85,46794.85,1.6286472148541113,0.9707241910631742,20,2025-10-03 20:55:00,-1.0,3
4415,1,46867.85,46804.85,1.2543424317617866,1.2649695231265685,21,2025-10-03 21:15:00,-1.0,3
4452,-1,46850.86,46855.86,1.3037037037037038,0.30262418399550695,1,2025-10-06 01:20:00,-1.0,3
4453,-1,46853.36,46860.36,1.1061728395061727,0.426439232409386,1,2025-10-06 01:25:00,-1.0,2
4472,-1,46845.61,46876.36,2.636065573770492,1.9545970488081725,3,2025-10-06 03:00:00,-1.0,4
4519,-1,46876.11,46885.36,1.6857142857142857,1.1359649122807018,6,2025-10-06 06:55:00,2.0,4
4546,1,46868.96,46853.21,1.5895522388059702,1.4202898550724639,9,2025-10-06 09:10:00,-1.0,3
4556,-1,46863.96,46882.21,3.5188405797101447,1.318709677419355,10,2025-10-06 10:00:00,2.0,4
4557,1,46858.96,46850.96,1.9893048128342246,0.5607008760951189,10,2025-10-06 10:05:00,2.0,4
4559,-1,46863.96,46883.46,1.4912718204488777,1.3615960099750624,10,2025-10-06 10:15:00,2.0,3
4561,1,46854.71,46847.46,1.4019138755980862,0.5126262626262627,10,2025-10-06 10:25:00,-1.0,3
4586,-1,46862.21,46866.71,0.7625,0.40842787682333875,12,2025-10-06 12:30:00,-1.0,0
4588,-1,46862.96,46872.96,0.8,0.9120521172638437,12,2025-10-06 12:40:00,-1.0,0
4592,-1,46864.96,46872.96,0.6938775510204082,0.707740916271722,13,2025-10-06 13:00:00,-1.0,0
4594,-1,46858.96,46872.96,0.7553191489361702,1.1666666666666667,13,2025-10-06 13:10:00,-1.0,0
4603,-1,46877.46,46891.71,3.0446735395189,1.1145251396648044,13,2025-10-06 13:55:00,-1.0,4
4608,-1,46877.96,46893.96,1.9037800687285222,1.1370558375634519,14,2025-10-06 14:20:00,-1.0,4
4610,1,46859.96,46849.96,1.725085910652921,0.6542056074766355,14,2025-10-06 14:30:00,2.0,4
4628,1,46864.21,46849.46,1.2629482071713147,0.9037199124726476,16,2025-10-06 16:00:00,2.0,3
4631,-1,46879.21,46903.46,0.9080234833659491,1.3197278911564625,16,2025-10-06 16:15:00,2.0,1
4632,-1,46896.71,46903.96,0.8062622309197651,0.38703527168732127,16,2025-10-06 16:20:00,2.0,0
4633,-1,46864.46,46905.96,2.4500978473581214,1.9745114698385726,16,2025-10-06 16:25:00,2.0,4
4679,-1,46663.66,46679.16,1.0159010600706713,0.5990338164251208,20,2025-10-06 20:15:00,-1.0,2
4748,1,46637.46,46623.96,3.111888111888112,0.9108433734939759,3,2025-10-07 03:00:00,-1.0,4
4750,1,46634.46,46623.46,1.778523489932886,0.8031290743155151,3,2025-10-07 03:10:00,-1.0,4
4760,-1,46642.21,46661.21,1.315136476426799,1.2591715976331361,4,2025-10-07 04:00:00,0.24152127033913817,3
4764,1,46633.96,46623.21,0.7303921568627451,0.7610619469026548,4,2025-10-07 04:20:00,-1.0,0
4783,1,46633.21,46627.21,0.6470588235294118,0.7044025157232705,5,2025-10-07 05:55:00,-1.0,0
4786,1,46633.21,46618.21,0.6334841628959276,1.7987152034261245,6,2025-10-07 06:10:00,-1.0,0
4820,1,46631.81,46611.96,2.8857142857142857,2.160964230170939,9,2025-10-07 09:00:00,-1.0,4
4845,1,46594.81,46580.81,0.8747731397459165,0.7279480037140204,11,2025-10-07 11:05:00,2.0,1
4912,-1,46813.01,46852.01,6.224438902743142,1.1686643835616328,16,2025-10-07 16:40:00,2.0,4
4913,-1,46730.01,46814.51,5.019354838709678,2.2083255553481247,16,2025-10-07 16:45:00,2.0,4
4914,1,46736.01,46706.01,4.381526104417671,0.7619738751814162,16,2025-10-07 16:50:00,-1.0,4
4931,1,46617.01,46581.01,1.133300541072307,0.7756829549826857,18,2025-10-07 18:15:00,-1.0,2
4933,1,46614.01,46586.01,1.0241023118544024,0.6054054054054054,18,2025-10-07 18:25:00,-1.0,2
4934,1,46612.01,46598.01,1.0959173635022135,0.3072100313479624,18,2025-10-07 18:30:00,-1.0,2
4954,-1,46594.01,46611.01,0.8777393310265282,0.3884128926968584,20,2025-10-07 20:10:00,2.0,1
5001,-1,46643.58,46659.08,0.31382978723404253,1.3405819484771513,1,2025-10-08 01:05:00,-1.0,0
5012,-1,46646.08,46655.83,1.729032258064516,0.8660068519223305,2,2025-10-08 02:00:00,2.0,4
5013,-1,46642.08,46652.58,1.367741935483871,0.9209372259115248,2,2025-10-08 02:05:00,2.0,3
5027,1,46598.08,46582.83,1.4892086330935252,1.0364077669902914,3,2025-10-08 03:15:00,2.0,3
5051,-1,46663.08,46666.08,0.8108108108108109,0.3151969981238274,5,2025-10-08 05:15:00,-1.0,0
5054,-1,46656.83,46677.08,0.7659574468085106,1.9518072289156627,5,2025-10-08 05:30:00,1.4730506155951388,0
5073,-1,46669.08,46672.58,0.8865979381443299,0.43847874720357943,7,2025-10-08 07:05:00,-1.0,1
5078,-1,46666.83,46674.08,0.6263736263736264,0.8619957537154989,7,2025-10-08 07:30:00,2.0,0
5090,1,46644.08,46626.83,1.956043956043956,1.523659305993691,8,2025-10-08 08:30:00,-1.0,4
5104,1,46621.93,46611.68,1.3687150837988826,0.8169655565044054,9,2025-10-08 09:40:00,2.0,3
5116,-1,46677.68,46683.68,1.2260869565217392,0.38181818181818183,10,2025-10-08 10:40:00,-1.0,3
5146,1,46669.68,46645.68,1.773462783171521,1.7364341085271318,13,2025-10-08 13:10:00,2.0,4
5160,-1,46699.68,46711.18,1.67003367003367,0.8090452261306533,14,2025-10-08 14:20:00,-1.0,3
5161,-1,46696.18,46704.43,1.6767676767676767,0.5968992248062016,14,2025-10-08 14:25:00,-1.0,3
5180,-1,46739.68,46757.68,1.070967741935484,1.1376975169300225,16,2025-10-08 16:00:00,-1.0,2
5186,-1,46607.88,46763.68,7.135483870967742,5.91431670282002,16,2025-10-08 16:30:00,-1.0,4
5262,1,46636.88,46614.88,1.4910122989593189,0.9693154996066089,22,2025-10-08 22:50:00,2.0,3
5273,-1,46649.58,46663.08,0.20636663007683864,0.9230769230769231,23,2025-10-08 23:45:00,-1.0,0
5276,-1,46659.93,46665.18,0.8888888888888888,0.4156064461408007,1,2025-10-09 01:00:00,-1.0,1
5282,-1,46659.93,46677.93,0.82,1.4289764672526346,1,2025-10-09 01:30:00,-1.0,0
5289,1,46666.93,46651.93,1.1823204419889504,1.185770750988152,2,2025-10-09 02:05:00,-1.0,2
5315,1,46655.18,46639.93,2.5725806451612905,1.2577319587628866,4,2025-10-09 04:15:00,-1.0,4
5329,1,46642.18,46630.93,0.8103896103896104,0.9183673469387755,5,2025-10-09 05:25:00,-1.0,0
5330,1,46644.68,46638.43,0.5506493506493506,0.501432664756447,5,2025-10-09 05:30:00,-1.0,0
5336,1,46630.43,46619.93,0.6377708978328174,0.9592169657422512,6,2025-10-09 06:00:00,-1.0,0
5404,1,46629.28,46615.53,0.8672897196261682,1.0091743119266054,11,2025-10-09 11:40:00,2.0,1
5419,-1,46654.53,46663.28,0.7941176470588235,0.7890499194847022,12,2025-10-09 12:55:00,2.0,0
5462,1,46644.73,46592.78,8.497435897435897,2.459171597633343,16,2025-10-09 16:30:00,-1.0,4
5466,-1,46470.23,46649.23,6.143518518518518,4.215306980656013,16,2025-10-09 16:50:00,0.5722088807270299,4
5517,1,46311.73,46285.73,0.8948545861297539,0.6706586826347305,21,2025-10-09 21:05:00,2.0,1
5519,1,46341.98,46304.48,0.8077581289218483,1.0526315789473684,21,2025-10-09 21:15:00,-1.0,0
5526,1,46290.73,46276.98,0.7764253683536195,0.47123623011015914,21,2025-10-09 21:50:00,2.0,0
5527,1,46303.98,46281.73,0.7508261731658956,0.7456612806702573,21,2025-10-09 21:55:00,2.0,0
5554,-1,46382.64,46396.89,1.3356643356643356,0.997699539907986,1,2025-10-10 01:10:00,-1.0,3
5555,-1,46386.39,46396.89,0.8671328671328671,0.7189670351168963,1,2025-10-10 01:15:00,-1.0,1
5559,-1,46398.39,46406.89,1.027237354085603,0.5870455330274802,1,2025-10-10 01:35:00,-1.0,2
5562,-1,46395.64,46402.89,0.6374501992031872,0.5294455166657998,1,2025-10-10 01:50:00,-1.0,0
5564,-1,46394.64,46409.39,0.9487179487179487,1.0957232303937225,2,2025-10-10 02:00:00,-1.0,1
5578,-1,46399.64,46404.89,2.309090909090909,0.4495412844036697,3,2025-10-10 03:10:00,-1.0,4
5614,1,46417.14,46410.39,0.9587628865979382,0.799154334038055,6,2025-10-10 06:10:00,-1.0,1
5623,1,46408.64,46399.64,1.5075376884422111,0.8470588235294118,6,2025-10-10 06:55:00,-1.0,3
5633,1,46401.64,46398.64,0.6886792452830188,0.3366733466933867,7,2025-10-10 07:45:00,-1.0,0
5638,1,46402.64,46394.64,0.9724770642201835,0.7750865051903114,8,2025-10-10 08:10:00,2.0,1
5652,-1,46426.24,46434.24,1.6896551724137931,0.7567567567567568,9,2025-10-10 09:20:00,2.0,4
5653,-1,46421.24,46429.24,1.3471074380165289,0.7542087542087542,9,2025-10-10 09:25:00,2.0,3
5654,-1,46422.24,46431.24,1.9140625,0.8102893890675241,9,2025-10-10 09:30:00,2.0,4
5655,1,46405.99,46368.99,6.703703703703703,2.567534076827757,9,2025-10-10 09:35:00,-1.0,4
5658,1,46384.99,46361.24,3.288256227758007,1.2488262910798122,9,2025-10-10 09:50:00,0.5700861393891311,4
5685,1,46419.24,46402.24,0.9339407744874715,1.3877551020408163,12,2025-10-10 12:05:00,-1.0,1
5686,1,46405.24,46400.24,1.1761786600496278,0.3988603988603988,12,2025-10-10 12:10:00,-1.0,2
5690,1,46394.24,46387.24,1.215880893300248,0.5722627737226277,12,2025-10-10 12:30:00,-1.0,3
5715,-1,46413.24,46427.99,0.856338028169014,1.0363864491844417,14,2025-10-10 14:35:00,-1.0,1
5716,-1,46417.74,46426.99,1.7151162790697674,0.6332518337408313,14,2025-10-10 14:40:00,-1.0,4
5735,-1,46450.24,46458.99,1.0835443037974684,0.5450500556173526,16,2025-10-10 16:15:00,-1.0,2
5784,1,45751.44,45716.19,0.9710144927536232,0.4375969851474174,20,2025-10-10 20:20:00,2.0,1
5785,1,45794.19,45727.44,0.9765079365079365,0.8420815498986258,20,2025-10-10 20:25:00,-1.0,1
5801,1,45704.44,45681.19,0.8581290990680014,0.3866943866943867,21,2025-10-10 21:45:00,-1.0,1
5859,-1,45824.16,45869.41,0.8651685393258427,1.2532146389713157,3,2025-10-13 03:35:00,-1.0,1
5861,-1,45857.41,45868.66,0.8350810295519543,0.3153153153153153,3,2025-10-13 03:45:00,-1.0,0
5862,-1,45834.66,45862.66,0.8206106870229007,0.791919191919192,3,2025-10-13 03:50:00,-1.0,0
5864,-1,45852.41,45875.66,1.2075098814229248,0.6619217081850534,4,2025-10-13 04:00:00,-1.0,2
5868,-1,45857.66,45873.41,0.8235294117647058,0.48196721311475405,4,2025-10-13 04:20:00,-1.0,0
5870,-1,45869.16,45879.66,0.770508826583593,0.35272945410917816,4,2025-10-13 04:30:00,-1.0,0
5873,-1,45868.66,45878.16,0.6396495071193866,0.3279901356350185,4,2025-10-13 04:45:00,-1.0,0
5896,1,45886.91,45873.91,1.7348314606741573,0.7811158798283262,6,2025-10-13 06:40:00,-1.0,4
5900,1,45876.16,45867.91,1.6225596529284165,0.4547244094488189,7,2025-10-13 07:00:00,-1.0,3
5902,1,45881.66,45864.41,1.04,0.9396887159533074,7,2025-10-13 07:10:00,-1.0,2
5912,-1,45886.66,45892.16,1.284518828451883,0.3373493975903615,8,2025-10-13 08:00:00,-1.0,3
5925,-1,45901.76,45930.76,1.5916666666666666,1.552581261950287,9,2025-10-13 09:05:00,-1.0,3
5934,-1,45925.26,45935.01,1.0584415584415585,0.4292452830188679,9,2025-10-13 09:50:00,-1.0,2
5936,-1,45922.01,45959.51,2.534142640364188,1.4799154334038054,10,2025-10-13 10:00:00,-1.0,4
5966,1,45928.76,45919.26,0.9836512261580381,0.39524517087667166,12,2025-10-13 12:30:00,-1.0,1
5967,1,45927.26,45916.76,0.8005502063273727,0.4336283185840708,12,2025-10-13 12:35:00,-1.0,0
5969,1,45929.76,45920.51,0.7602339181286549,0.43202668890742285,12,2025-10-13 12:45:00,-1.0,0
5970,1,45936.26,45921.01,0.7365269461077845,0.7659192825112108,12,2025-10-13 12:50:00,-1.0,0
5975,1,45923.51,45897.26,1.2119205298013245,1.3351498637602182,13,2025-10-13 13:15:00,-1.0,3
5976,1,45922.26,45902.51,1.2251655629139073,0.946917808219178,13,2025-10-13 13:20:00,-1.0,3
5979,-1,45927.51,45950.26,0.9324324324324325,1.1254416961130742,13,2025-10-13 13:35:00,-1.0,1
5982,1,45899.26,45882.51,0.9932659932659933,0.7582861762328214,13,2025-10-13 13:50:00,2.0,1
5983,1,45918.26,45896.51,1.0784982935153584,0.9419953596287702,13,2025-10-13 13:55:00,2.0,2
5984,-1,45936.51,45973.51,3.2866894197952217,1.343709468223087,14,2025-10-13 14:00:00,2.0,4
6008,-1,45860.01,45896.76,2.108651911468813,1.1958163858221964,16,2025-10-13 16:00:00,-1.0,4
6016,-1,45905.96,45979.96,3.541108986615679,1.3982050070855039,16,2025-10-13 16:40:00,-1.0,4
6017,-1,45860.96,45932.96,3.349904397705545,1.2476019555665618,16,2025-10-13 16:45:00,-1.0,4
6058,-1,46089.46,46143.96,1.044004400440044,1.420856610800745,20,2025-10-13 20:10:00,-0.5584396767902331,2
6067,1,46064.96,46008.96,0.936145952109464,1.5201163354338343,20,2025-10-13 20:55:00,-1.0,1
6081,1,46020.96,45982.96,1.0793458509993943,1.0410958904109588,22,2025-10-13 22:05:00,2.0,2
6083,1,46047.71,45994.96,0.8150851581508516,1.3433378808549339,22,2025-10-13 22:15:00,2.0,0
6107,-1,46128.75,46137.0,0.6434782608695652,0.49765177301909497,1,2025-10-14 01:15:00,2.0,0
6119,1,46107.5,46091.0,1.4273504273504274,0.9946178686759957,2,2025-10-14 02:15:00,-1.0,3
6126,1,46096.0,46089.75,1.6436363636363636,0.42735042735042733,2,2025-10-14 02:50:00,-1.0,3
6128,-1,46128.25,46146.75,3.6555891238670695,1.0308457711442784,3,2025-10-14 03:00:00,-1.0,4
6130,-1,46130.5,46143.0,2.5791044776119403,0.6724303554274735,3,2025-10-14 03:10:00,-1.0,4
6176,1,46088.75,46056.5,1.5565891472868216,1.459983831851253,7,2025-10-14 07:00:00,-1.0,3
6213,1,45823.35,45783.1,1.450222882615156,1.0259444697314521,10,2025-10-14 10:05:00,-1.0,3
6219,1,45814.1,45728.85,1.5601783060921248,1.705,10,2025-10-14 10:35:00,-1.0,3
6238,-1,45890.35,45909.1,0.5362872421695951,0.5969300739056282,12,2025-10-14 12:10:00,2.0,0
6240,-1,45874.35,45896.6,0.6993970714900948,0.7777777777777778,12,2025-10-14 12:20:00,2.0,0
6248,1,45824.6,45817.1,0.920814479638009,0.32684824902723736,13,2025-10-14 13:00:00,-1.0,1
6252,1,45832.85,45796.1,1.61437125748503,1.4869942196531791,13,2025-10-14 13:20:00,-1.0,3
6264,-1,45807.6,45859.35,0.9594477998274374,1.122820612165827,14,2025-10-14 14:20:00,-1.0,1
6265,-1,45832.6,45908.1,1.3865979381443299,1.4346793349168645,14,2025-10-14 14:25:00,2.0,3
6268,-1,45820.1,45857.35,0.8021068472535741,0.7402413058907027,14,2025-10-14 14:40:00,2.0,0
6282,1,45688.6,45639.35,0.9787985865724381,1.0069368382621395,15,2025-10-14 15:50:00,-1.0,1
6291,1,45604.55,45553.8,3.1177474402730376,0.9539473684210582,16,2025-10-14 16:35:00,-1.0,4
6294,1,45633.3,45503.3,2.7245657568238215,1.8699270522963198,16,2025-10-14 16:50:00,2.0,4
6297,-1,45737.8,45783.3,2.3018315018315016,0.5724299065420584,17,2025-10-14 17:05:00,-1.0,4
6315,-1,46068.05,46129.05,1.1146245059288538,1.0255178625037527,18,2025-10-14 18:35:00,-1.0,2
6338,-1,46411.8,46475.8,0.9884615384615385,1.3388121031004856,20,2025-10-14 20:30:00,-1.0,1
6396,-1,46351.31,46366.56,1.0744186046511628,0.8750000000000001,2,2025-10-15 02:20:00,2.0,2
6421,-1,46349.81,46366.06,0.7146282973621103,0.6486101211689238,4,2025-10-15 04:25:00,-1.0,0
6422,-1,46345.81,46357.81,1.1486810551558753,0.48,4,2025-10-15 04:30:00,-1.0,2
6430,-1,46364.81,46371.56,0.8328981723237598,0.3702252693437806,5,2025-10-15 05:10:00,-1.0,0
6435,-1,46356.81,46373.06,1.004739336492891,1.1057108140947753,5,2025-10-15 05:35:00,-1.0,2
6436,-1,46362.06,46372.06,0.8892405063291139,0.6947890818858561,5,2025-10-15 05:40:00,2.0,1
6444,1,46344.06,46327.56,0.9153225806451613,1.0324022346368715,6,2025-10-15 06:20:00,2.0,1
6454,-1,46365.06,46371.06,0.7008547008547008,0.3700440528634361,7,2025-10-15 07:10:00,-1.0,0
6488,-1,46414.41,46424.41,1.931484502446982,0.5405405405405406,10,2025-10-15 10:00:00,-1.0,4
6493,-1,46413.91,46426.41,1.0423728813559323,0.6211180124223602,10,2025-10-15 10:25:00,-1.0,2
6501,-1,46449.91,46458.41,1.1689008042895441,0.3914473684210526,11,2025-10-15 11:05:00,2.0,2
6502,-1,46449.41,46457.16,0.7662337662337663,0.3674851820491109,11,2025-10-15 11:10:00,2.0,0
6503,-1,46442.41,46460.41,1.093833780160858,0.8242027800490597,11,2025-10-15 11:15:00,-1.0,2
6512,-1,46463.41,46471.91,1.20112517580872,0.3689922480620155,12,2025-10-15 12:00:00,-1.0,2
6516,-1,46452.66,46470.91,0.7791842475386779,0.7891891891891892,12,2025-10-15 12:20:00,-1.0,0
6535,-1,46482.91,46500.41,0.8942115768463074,1.1812921890067005,13,2025-10-15 13:55:00,-1.0,1
6536,-1,46484.41,46500.41,1.4052953156822812,1.0387201483885506,14,2025-10-15 14:00:00,-1.0,3
6537,-1,46487.41,46498.91,0.9164969450101833,0.711916869334485,14,2025-10-15 14:05:00,-1.0,1
6563,1,46489.66,46465.91,0.8203592814371258,0.9242529534398888,16,2025-10-15 16:15:00,-1.0,0
6565,1,46480.16,46460.91,1.844311377245509,0.7059593975114604,16,2025-10-15 16:25:00,-1.0,4
6566,1,46480.11,46429.41,4.974063400576369,1.6624897528983817,16,2025-10-15 16:30:00,2.0,4
6567,-1,46540.86,46562.61,4.480555555555555,0.6130461042883064,16,2025-10-15 16:35:00,-1.0,4
6569,-1,46482.86,46607.61,4.053915275994865,2.6717148539085325,16,2025-10-15 16:45:00,-1.0,4
6570,1,46560.11,46470.61,3.7393483709273183,1.7165559284882594,16,2025-10-15 16:50:00,-1.0,4
6591,1,46434.61,46405.61,1.2620224719101123,0.5480931488356395,18,2025-10-15 18:35:00,-1.0,3
6605,1,46341.61,46310.86,1.0012494793835902,0.5612777053455019,19,2025-10-15 19:45:00,-1.0,2
6606,1,46321.61,46303.61,0.8781704781704782,0.3466299862448418,19,2025-10-15 19:50:00,-1.0,1
6683,1,46295.59,46282.59,2.328888888888889,0.5967213114754099,3,2025-10-16 03:15:00,-1.0,4
6684,1,46296.09,46279.59,2.1759656652360513,0.7506092607636068,3,2025-10-16 03:20:00,-1.0,4
6689,1,46301.59,46286.34,1.377207062600321,0.6870474658085277,3,2025-10-16 03:45:00,-1.0,3
6690,1,46311.09,46288.09,1.1863442389758179,1.0471544715447154,3,2025-10-16 03:50:00,-1.0,2
6696,-1,46316.09,46337.59,0.9223300970873787,0.9282960678488821,4,2025-10-16 04:20:00,0.357271388843462,1
6715,1,46303.59,46287.59,0.9146757679180887,1.032258064516129,5,2025-10-16 05:55:00,-1.0,1
6720,1,46283.09,46267.59,1.101123595505618,0.950711938663746,6,2025-10-16 06:20:00,2.0,2
6723,1,46270.09,46264.59,1.0570342205323193,0.3395810363836824,6,2025-10-16 06:35:00,2.0,2
6724,1,46279.59,46266.59,0.8250950570342205,0.8310502283105023,6,2025-10-16 06:40:00,2.0,0
6747,-1,46310.59,46325.59,2.2756756756756755,0.9655172413793103,8,2025-10-16 08:35:00,-1.0,4
6748,-1,46306.84,46319.09,1.206266318537859,0.7848970251716247,8,2025-10-16 08:40:00,-1.0,2
6753,-1,46320.19,46339.19,2.1244239631336406,1.08682328907048,9,2025-10-16 09:05:00,-1.0,4
6755,-1,46317.19,46333.69,1.39186295503212,0.9230769230769231,9,2025-10-16 09:15:00,-1.0,3
6781,-1,46363.69,46398.19,0.7898089171974523,1.2416452442159382,11,2025-10-16 11:25:00,-1.0,0
6796,-1,46416.69,46424.19,1.2872340425531914,0.4682274247491639,12,2025-10-16 12:40:00,-1.0,3
6813,-1,46419.19,46440.19,1.2155172413793103,0.864070536370316,14,2025-10-16 14:05:00,2.0,3
6830,1,46401.69,46350.59,1.4666666666666666,2.0346985210468422,15,2025-10-16 15:30:00,-1.0,3
6842,1,46380.39,46302.39,4.649214659685864,2.245065789473644,16,2025-10-16 16:30:00,-1.0,4
6845,-1,46338.39,46433.39,4.160401002506266,2.2008935958960674,16,2025-10-16 16:45:00,2.0,4
6846,1,46356.14,46311.14,3.712212817412334,0.9778053701691715,16,2025-10-16 16:50:00,-1.0,4
6848,1,46324.89,46290.39,3.453924914675768,0.6502423263327923,17,2025-10-16 17:00:00,-1.0,4
6851,1,46334.39,46252.39,2.22655663915979,1.261122706799952,17,2025-10-16 17:15:00,-1.0,4
6853,1,46338.39,46286.39,1.058952764555108,0.7288746495794932,17,2025-10-16 17:25:00,-1.0,2
6864,-1,46383.14,46439.39,0.8314447592067988,0.8529650690495533,18,2025-10-16 18:20:00,2.0,0
6866,1,46334.64,46230.89,1.1602836879432623,1.447433981066268,18,2025-10-16 18:30:00,-1.0,2
6903,1,45904.39,45798.89,1.0417737789203085,1.30218205862905,21,2025-10-16 21:35:00,-0.40825588412790415,2
6904,1,45971.14,45884.39,1.056555269922879,1.0303287380699895,21,2025-10-16 21:40:00,-1.0,2
6944,1,45860.05,45834.3,1.9603603603603603,0.7699536532752292,2,2025-10-17 02:00:00,2.0,4
6945,1,45853.8,45835.05,1.7945945945945947,0.5376784580405902,2,2025-10-17 02:05:00,2.0,4
6969,-1,45908.3,45931.05,1.3652561247216035,0.8774104683195593,4,2025-10-17 04:05:00,2.0,3
6978,1,45862.8,45846.3,1.188340807174888,0.7315914489311164,4,2025-10-17 04:50:00,-1.0,2
6979,1,45870.3,45841.8,1.8251121076233183,1.224865694551036,4,2025-10-17 04:55:00,-1.0,4
6982,1,45874.3,45843.3,1.242152466367713,1.2355871886120995,5,2025-10-17 05:10:00,-1.0,3
6996,-1,45874.8,45879.55,0.8513708513708513,0.30751445086705204,6,2025-10-17 06:20:00,2.0,1
6998,-1,45867.3,45881.55,1.1600633914421552,0.9684466019417476,6,2025-10-17 06:30:00,2.0,2
7013,1,45813.3,45800.3,1.256544502617801,0.7013487475915222,7,2025-10-17 07:45:00,-1.0,3
7014,1,45808.8,45802.3,1.263525305410122,0.358974358974359,7,2025-10-17 07:50:00,-1.0,3
7085,-1,45651.15,45697.9,1.225085910652921,1.2343234323432344,13,2025-10-17 13:45:00,-1.0,3
7119,-1,46067.6,46127.6,2.4908225696804895,1.001251564455573,16,2025-10-17 16:35:00,-1.0,4
7120,-1,45985.6,46079.85,2.37758505670447,1.4690492095301764,16,2025-10-17 16:40:00,-1.0,4
7121,-1,46064.6,46104.6,2.350900600400267,0.5625596463910811,16,2025-10-17 16:45:00,-1.0,4
7123,-1,46057.6,46199.1,2.1400933955970647,1.6509021209217092,16,2025-10-17 16:55:00,-1.0,4
7124,-1,46047.6,46089.1,2.1622641509433964,0.46426145671021724,17,2025-10-17 17:00:00,-1.0,4
7125,-1,46046.6,46112.85,2.0608228980322005,0.7147260537874717,17,2025-10-17 17:05:00,-1.0,4
7130,-1,46027.1,46097.1,1.0317999382525471,0.6169536340457691,17,2025-10-17 17:30:00,-1.0,2
7141,1,45976.6,45904.6,0.8748829953198128,0.8784313725490197,18,2025-10-17 18:25:00,2.0,1
7143,1,46005.6,45911.1,0.9228336495888678,1.158747536676155,18,2025-10-17 18:35:00,2.0,1
7151,-1,46159.6,46225.1,0.8750867453157529,0.9158551810237204,19,2025-10-17 19:15:00,-1.0,1
7173,-1,46208.85,46232.35,0.8520066889632107,0.42616580310880825,21,2025-10-17 21:05:00,-1.0,1
7184,-1,46275.6,46290.1,1.0313523631258774,0.359769605671245,22,2025-10-17 22:00:00,-1.0,2
7185,-1,46272.6,46290.1,0.9321478708469817,0.439068100358423,22,2025-10-17 22:05:00,-1.0,1
7189,-1,46277.1,46314.1,0.8620520373097693,1.0448814926878467,22,2025-10-17 22:25:00,2.0,1
7261,1,46241.02,46226.02,0.5911179173047473,0.7939508506616257,5,2025-10-20 05:25:00,2.0,0
7295,-1,46303.27,46324.77,1.0961538461538463,1.6768802228412256,8,2025-10-20 08:15:00,-1.0,2
7298,-1,46317.02,46324.27,0.9444444444444444,0.4993849938499385,8,2025-10-20 08:30:00,-1.0,1
7304,-1,46320.87,46344.02,2.261904761904762,1.3161421319793645,9,2025-10-20 09:00:00,-1.0,4
7306,-1,46322.62,46335.62,1.3764434180138567,0.6933333333333334,9,2025-10-20 09:10:00,-1.0,3
7312,-1,46353.62,46364.37,0.9098360655737705,0.5755258126195029,9,2025-10-20 09:40:00,-1.0,1
7315,-1,46346.62,46363.62,1.25,0.8839368616527391,9,2025-10-20 09:55:00,-1.0,3
7318,-1,46352.62,46375.37,1.5793103448275863,1.1446540880503144,10,2025-10-20 10:10:00,-1.0,3
7332,1,46316.12,46309.12,1.0938775510204082,0.37297811607992387,11,2025-10-20 11:20:00,-1.0,2
7344,1,46317.12,46300.62,0.9108635097493036,0.8741721854304636,12,2025-10-20 12:20:00,-1.0,1
7359,-1,46309.12,46314.37,0.9460869565217391,0.3333333333333333,13,2025-10-20 13:35:00,2.0,1
7360,-1,46284.62,46316.37,1.36,1.893503727369542,13,2025-10-20 13:40:00,-1.0,3
7403,-1,46471.32,46504.32,2.1760765550239234,0.6237343053867986,17,2025-10-20 17:15:00,-1.0,4
7423,1,46553.32,46529.32,1.3472949389179756,0.7218045112781954,18,2025-10-20 18:55:00,2.0,3
7430,-1,46605.57,46624.32,0.8666249217282405,0.5935556811758055,19,2025-10-20 19:30:00,-1.0,1
7469,-1,46764.82,46776.32,1.1881993896236012,0.5123309466984884,22,2025-10-20 22:45:00,2.0,2
7472,1,46734.27,46701.52,0.9116465863453815,1.3128131710808875,23,2025-10-20 23:00:00,0.916725065842391,1
7484,-1,46764.76,46777.01,0.33264033264033266,0.9927641099855283,1,2025-10-21 01:00:00,-1.0,0
7489,-1,46768.01,46781.76,1.556701030927835,1.6348195329087047,1,2025-10-21 01:25:00,2.0,3
7491,1,46757.76,46753.01,1.0618556701030928,0.5,1,2025-10-21 01:35:00,2.0,2
7495,1,46758.01,46754.26,1.0702702702702702,0.33816425120772947,1,2025-10-21 01:55:00,2.0,2
7498,-1,46774.51,46783.01,1.9047619047619047,0.6938775510204082,2,2025-10-21 02:10:00,2.0,4
7524,-1,46768.01,46783.01,1.4701298701298702,1.516245487364621,4,2025-10-21 04:20:00,2.0,3
7543,1,46748.01,46743.01,0.88,0.5026929982046678,5,2025-10-21 05:55:00,-1.0,1
7550,1,46755.51,46742.51,0.9456869009584664,1.473684210526316,6,2025-10-21 06:30:00,-1.0,1
7552,1,46744.51,46738.26,1.8110749185667752,0.7070707070707072,6,2025-10-21 06:40:00,-1.0,4
7565,1,46730.01,46720.26,1.3402597402597403,1.0479846449136276,7,2025-10-21 07:45:00,-1.0,3
7593,1,46655.11,46642.11,1.5375722543352601,0.8282138794084186,10,2025-10-21 10:05:00,-1.0,3
7595,1,46660.11,46643.61,1.3526011560693643,1.1132530120481927,10,2025-10-21 10:15:00,-1.0,3
7608,1,46648.11,46638.36,1.0557184750733137,0.6371061843640606,11,2025-10-21 11:20:00,-1.0,2
7609,1,46645.61,46637.11,0.810966810966811,0.5714285714285714,11,2025-10-21 11:25:00,-1.0,0
7610,1,46648.36,46634.61,0.7012987012987013,0.9101654846335697,11,2025-10-21 11:30:00,2.0,0
7612,1,46649.11,46640.11,0.7821067821067821,0.6445012787723785,11,2025-10-21 11:40:00,-1.0,0
7617,1,46645.11,46638.11,0.5135135135135135,0.5930408472012103,12,2025-10-21 12:05:00,2.0,0
7621,-1,46671.11,46674.86,0.6254980079681275,0.32608695652173914,12,2025-10-21 12:25:00,-1.0,0
7622,-1,46672.11,46679.36,0.8396624472573839,0.6170212765957447,12,2025-10-21 12:30:00,-1.0,0
7623,-1,46663.61,46676.11,1.0930232558139534,1.0542168674698795,12,2025-10-21 12:35:00,-1.0,2
7625,-1,46672.86,46683.11,1.057934508816121,0.8696969696969696,12,2025-10-21 12:45:00,-1.0,2
7626,-1,46673.11,46678.11,0.7657430730478589,0.4375,12,2025-10-21 12:50:00,-1.0,0
7627,-1,46667.11,46674.86,0.9949238578680203,0.6536144578313253,12,2025-10-21 12:55:00,-1.0,1
7670,-1,46735.81,46786.11,7.033333333333333,2.138800303720701,16,2025-10-21 16:30:00,-1.0,4
7676,-1,46761.31,46798.31,3.692923898531375,0.9431042330450615,17,2025-10-21 17:00:00,-1.0,4
7713,1,47033.31,46993.31,1.5910878112712976,1.087378640776699,20,2025-10-21 20:05:00,-1.0,3
7716,1,47018.31,46987.31,1.2306684141546527,0.7753461366681554,20,2025-10-21 20:20:00,-1.0,3
7747,-1,46949.51,47032.56,1.5842105263157895,2.9413103971665864,22,2025-10-21 22:55:00,0.27921761360263064,3
7760,1,46953.6,46935.35,0.8782201405152225,0.8041925025967098,1,2025-10-22 01:00:00,-1.0,1
7766,-1,46972.85,46987.35,1.0674157303370786,0.8541614070520787,1,2025-10-22 01:30:00,2.0,2
7784,1,46960.35,46937.1,3.21656050955414,1.4307692307692308,3,2025-10-22 03:00:00,-1.0,4
7786,1,46952.35,46936.1,2.457317073170732,0.9650053022269353,3,2025-10-22 03:10:00,-1.0,4
7794,1,46926.6,46919.35,1.0742857142857143,0.3988212180746562,3,2025-10-22 03:50:00,-1.0,2
7796,1,46927.35,46912.85,1.2067796610169492,0.7815206929740135,4,2025-10-22 04:00:00,2.0,2
7824,1,46936.6,46921.35,1.1498470948012232,1.4092409240924093,6,2025-10-22 06:20:00,2.0,2
7827,1,46925.85,46919.35,1.3333333333333333,0.5652173913043478,6,2025-10-22 06:35:00,2.0,3
7849,1,47003.35,46996.6,1.383419689119171,0.6428571428571429,8,2025-10-22 08:25:00,-1.0,3
7850,1,47007.35,47000.1,0.9156010230179028,0.6881355932203389,8,2025-10-22 08:30:00,-1.0,1
7858,1,47007.95,46995.45,1.3890489913544668,0.9663169519602507,9,2025-10-22 09:10:00,-1.0,3
7864,-1,47020.95,47027.45,1.1154791154791155,0.4525111884634543,9,2025-10-22 09:40:00,2.0,2
7865,-1,47018.95,47026.95,1.1642512077294687,0.5653710247349865,9,2025-10-22 09:45:00,2.0,2
7866,-1,47020.95,47026.45,0.9433106575963719,0.3977272727272757,9,2025-10-22 09:50:00,2.0,1
7867,-1,47010.45,47024.45,1.038548752834467,0.9982174688057115,9,2025-10-22 09:55:00,2.0,2
7873,1,47000.2,46982.45,1.4969325153374233,0.8875,10,2025-10-22 10:25:00,-1.0,3
7894,1,46927.95,46914.95,1.0761245674740485,0.8106904231625836,12,2025-10-22 12:10:00,-1.0,2
7896,1,46947.95,46920.95,0.7857142857142857,1.7162315550510783,12,2025-10-22 12:20:00,-1.0,0
7897,-1,46954.45,46961.45,0.7993079584775087,0.4474885844748859,12,2025-10-22 12:25:00,-1.0,0
7900,-1,46951.45,46964.7,0.7414965986394558,0.8568129330254042,12,2025-10-22 12:40:00,-1.0,0
7902,-1,46958.2,46965.95,0.664323374340949,0.48873873873873874,12,2025-10-22 12:50:00,-1.0,0
7907,-1,46954.95,46972.95,0.7418738049713193,1.1467576791808873,13,2025-10-22 13:15:00,-1.0,0
7910,-1,46963.95,46976.2,0.8796680497925311,0.8817480719794345,13,2025-10-22 13:30:00,-1.0,1
7914,-1,46968.95,46975.95,0.6386946386946387,0.5157894736842106,13,2025-10-22 13:50:00,2.0,0
7916,1,46953.45,46946.95,1.4784688995215312,0.4727272727272727,14,2025-10-22 14:00:00,-1.0,3
7939,-1,46970.95,46987.95,0.623448275862069,0.7615999999999999,15,2025-10-22 15:55:00,2.0,0
7940,-1,46950.95,46975.2,0.888243831640058,1.0951612903225807,16,2025-10-22 16:00:00,2.0,1
7948,1,46922.15,46854.15,5.5054945054945055,2.292318805682663,16,2025-10-22 16:40:00,-1.0,4
7968,1,46794.15,46743.65,1.130617387652247,0.9919326552086988,18,2025-10-22 18:20:00,-1.0,2
7978,1,46768.15,46734.15,0.9392084863321093,0.7351351351351352,19,2025-10-22 19:10:00,-1.0,1
7986,1,46771.65,46691.65,1.2373225152129816,1.201394475730759,19,2025-10-22 19:50:00,-1.0,3
7997,1,46552.15,46494.65,1.1151277013752456,0.8440366972477065,20,2025-10-22 20:45:00,-1.0,2
7999,1,46542.65,46479.9,0.9560862865947611,0.9120166104334285,20,2025-10-22 20:55:00,-0.08680328326542415,1
8016,-1,46598.9,46625.4,0.7919631645039765,0.5099656357388316,22,2025-10-22 22:20:00,-1.0,0
8025,-1,46558.1,46664.1,0.5592972181551976,2.0245566166439293,23,2025-10-22 23:05:00,0.23419403208877018,0
8032,1,46531.85,46513.1,0.11728395061728394,0.4551365409622887,23,2025-10-22 23:40:00,-1.0,0
8051,-1,46541.46,46556.71,1.1111111111111112,1.0070754716981132,2,2025-10-23 02:15:00,-1.0,2
8053,-1,46545.71,46555.21,0.7428571428571429,0.6100917431192661,2,2025-10-23 02:25:00,-1.0,0
8055,-1,46535.71,46554.71,1.34640522875817,1.1941638608305274,2,2025-10-23 02:35:00,2.0,3
8063,1,46508.71,46487.21,2.7590027700831024,0.980456026058632,3,2025-10-23 03:15:00,2.0,4
8081,-1,46562.21,46567.96,0.7486338797814208,0.31976166832174774,4,2025-10-23 04:45:00,-1.0,0
8112,1,46584.21,46564.21,0.9763779527559056,1.3099415204678364,7,2025-10-23 07:20:00,-1.0,1
8125,1,46551.21,46540.21,1.3822784810126583,0.7907573812580231,8,2025-10-23 08:25:00,2.0,3
8126,1,46558.21,46545.96,1.1898734177215189,0.88860103626943,8,2025-10-23 08:30:00,2.0,2
8128,1,46550.71,46543.21,0.8455696202531645,0.6140350877192983,8,2025-10-23 08:40:00,2.0,0
8134,-1,46564.31,46577.81,1.6073059360730593,0.9485570890840652,9,2025-10-23 09:10:00,-1.0,3
8138,-1,46555.56,46588.06,1.4368530020703933,1.9868995633187772,9,2025-10-23 09:30:00,-1.0,3
8141,-1,46581.81,46593.81,1.47985347985348,0.71413390010627,9,2025-10-23 09:45:00,2.0,3
8142,-1,46581.81,46591.31,1.0875912408759123,0.562962962962963,9,2025-10-23 09:50:00,-1.0,2
8147,-1,46558.06,46592.81,1.5050167224080269,1.955778894472362,10,2025-10-23 10:15:00,2.0,3
8151,1,46554.31,46547.31,1.0557184750733137,0.35963302752293574,10,2025-10-23 10:35:00,2.0,2
8152,1,46571.56,46550.81,1.2131616595135908,1.070967741935484,10,2025-10-23 10:40:00,-1.0,3
8165,1,46555.81,46545.31,0.7589041095890411,0.557345971563981,11,2025-10-23 11:45:00,-1.0,0
8168,1,46555.06,46538.81,0.7540983606557377,0.892156862745098,12,2025-10-23 12:00:00,-1.0,0
8181,-1,46556.56,46581.81,1.2876712328767124,0.9860529986052998,13,2025-10-23 13:05:00,-1.0,3
8186,-1,46575.31,46585.56,0.7710371819960861,0.4523246650906226,13,2025-10-23 13:30:00,-1.0,0
8188,-1,46578.81,46587.81,0.6111111111111112,0.4141331142152835,13,2025-10-23 13:40:00,2.0,0
8191,-1,46577.81,46588.81,1.1220472440944882,0.5233644859813085,13,2025-10-23 13:55:00,2.0,2
8210,1,46495.56,46482.31,1.3893491124260355,0.5828750981932443,15,2025-10-23 15:30:00,2.0,3
8212,1,46510.56,46481.81,0.9336384439359268,1.2178517397881996,15,2025-10-23 15:40:00,2.0,1
8217,-1,46501.31,46546.06,1.5903890160183067,1.7294685990338163,16,2025-10-23 16:05:00,-1.0,3
8246,-1,46663.01,46695.76,0.7814345991561181,0.722901064249113,18,2025-10-23 18:30:00,2.0,0
8255,-1,46681.01,46701.26,0.7505699954400364,0.45017864231838034,19,2025-10-23 19:15:00,-1.0,0
8258,-1,46689.01,46706.01,0.7187789084181314,0.39600665557404324,19,2025-10-23 19:30:00,-1.0,0
8265,-1,46681.51,46734.01,1.2184579439252337,1.5696743192738922,20,2025-10-23 20:05:00,-1.0,3
8270,-1,46740.01,46756.01,0.9672424061941632,0.45229681978798586,20,2025-10-23 20:30:00,-1.0,1
8287,-1,46799.01,46822.76,0.836272040302267,1.1615720524017465,21,2025-10-23 21:55:00,2.0,0
8288,-1,46805.01,46815.01,0.8537005163511188,0.5022421524663677,22,2025-10-23 22:00:00,2.0,1
8336,-1,46744.08,46753.08,2.6396396396396398,1.0956521739130436,3,2025-10-24 03:00:00,-1.0,4
8337,1,46734.08,46731.08,1.9639639639639639,0.35000000000000003,3,2025-10-24 03:05:00,-1.0,4
8338,1,46733.08,46722.58,1.4144144144144144,1.2123711340206185,3,2025-10-24 03:10:00,2.0,3
8342,-1,46745.33,46754.58,1.8108108108108107,0.998073217726397,3,2025-10-24 03:30:00,-1.0,4
8358,-1,46773.83,46778.83,0.7540983606557377,0.47619047619047616,4,2025-10-24 04:50:00,-1.0,0
8361,-1,46773.58,46779.58,0.6862170087976539,0.6412213740458015,5,2025-10-24 05:05:00,-1.0,0
8393,-1,46804.08,46809.58,0.8127853881278538,0.6984126984126984,7,2025-10-24 07:45:00,-1.0,0
8431,1,46791.68,46786.18,0.9377431906614786,0.3835616438356165,10,2025-10-24 10:55:00,-1.0,1
8459,-1,46817.18,46823.18,0.6612903225806451,0.48137535816618915,13,2025-10-24 13:15:00,2.0,0
8467,1,46799.18,46792.68,1.0506329113924051,0.5741324921135647,13,2025-10-24 13:55:00,2.0,2
8469,-1,46816.18,46825.68,1.0379746835443038,0.7524752475247525,14,2025-10-24 14:05:00,-1.0,2
8471,-1,46819.43,46838.18,1.2066666666666668,1.4246947082767978,14,2025-10-24 14:15:00,-1.0,2
8482,-1,46832.18,46842.18,1.4092307692307693,0.7660738714090287,15,2025-10-24 15:10:00,-1.0,3
8485,-1,46818.08,46838.43,2.3264094955489614,1.6096045197738962,15,2025-10-24 15:25:00,-1.0,4
8499,-1,47086.38,47113.38,3.25,0.4806897516436312,16,2025-10-24 16:35:00,-1.0,4
8561,1,47283.38,47264.63,1.0293282876064334,0.922671353251318,21,2025-10-24 21:45:00,-1.0,2
8567,-1,47290.38,47310.38,0.9123152709359605,1.0852713178294575,22,2025-10-24 22:15:00,2.0,1
8571,1,47292.38,47262.38,1.117709437963945,1.5245009074410165,22,2025-10-24 22:35:00,-1.0,2
8574,1,47272.38,47252.63,1.6290155440414509,0.8580294802172227,22,2025-10-24 22:50:00,-1.0,3
8614,-1,47532.75,47539.0,1.7634408602150538,0.3388189738625363,3,2025-10-27 03:10:00,2.0,4
8666,-1,47522.5,47531.0,0.7913669064748201,0.9616161616161617,7,2025-10-27 07:30:00,-1.0,0
8668,-1,47529.5,47533.0,0.6836363636363636,0.3805825242718447,7,2025-10-27 07:40:00,-1.0,0
8669,-1,47526.0,47532.5,0.6254545454545455,0.7474332648870636,7,2025-10-27 07:45:00,-1.0,0
8674,-1,47526.0,47534.0,1.109375,0.9846153846153847,8,2025-10-27 08:10:00,-1.0,2
8680,-1,47532.5,47540.0,0.6255506607929515,0.8450704225352113,8,2025-10-27 08:40:00,-1.0,0
8702,-1,47581.6,47585.6,1.263157894736842,0.3246376811594203,10,2025-10-27 10:30:00,2.0,3
8703,-1,47578.6,47583.6,0.8502673796791443,0.41853512705530643,10,2025-10-27 10:35:00,2.0,1
8704,-1,47567.85,47584.1,0.9251336898395722,1.368421052631579,10,2025-10-27 10:40:00,2.0,1
8726,1,47497.6,47484.1,1.1414141414141414,1.126676602086438,12,2025-10-27 12:30:00,-1.0,2
8732,-1,47509.85,47517.1,1.0333333333333334,0.6444444444444445,13,2025-10-27 13:00:00,-1.0,2
8771,-1,47476.6,47498.6,0.9420654911838791,1.7063711911357342,16,2025-10-27 16:15:00,-1.0,1
8774,1,47498.3,47438.8,8.603960396039604,2.7085026824906904,16,2025-10-27 16:30:00,-1.0,4
8775,-1,47455.8,47498.3,7.614457831325301,1.6254610025952934,16,2025-10-27 16:35:00,-1.0,4
8778,-1,47471.8,47487.8,5.852380952380952,0.44728434504792725,16,2025-10-27 16:50:00,-1.0,4
8781,-1,47535.8,47553.8,4.596810933940774,0.4170114181697862,17,2025-10-27 17:05:00,2.0,4
8823,1,47459.8,47432.8,0.8629989212513485,1.356053811659193,20,2025-10-27 20:35:00,2.0,1
8836,-1,47463.8,47476.8,0.9852744310575636,0.8310502283105023,21,2025-10-27 21:40:00,-1.0,1
8843,-1,47461.8,47485.8,1.3651685393258426,1.5519630484988454,22,2025-10-27 22:15:00,-1.0,3
8876,1,47585.59,47574.84,1.971698113207547,0.914615618353068,2,2025-10-28 02:00:00,2.0,4
8889,1,47575.09,47564.59,2.438818565400844,0.751918158567775,3,2025-10-28 03:05:00,-1.0,4
8890,1,47590.34,47574.59,2.1226053639846745,1.0822085889570552,3,2025-10-28 03:10:00,-1.0,4
8948,1,47555.59,47549.84,1.3054662379421222,0.6625514403292181,8,2025-10-28 08:00:00,-1.0,3
8950,1,47547.84,47543.59,1.4495412844036697,0.460348162475822,8,2025-10-28 08:10:00,2.0,3
8953,1,47552.84,47544.84,1.011764705882353,0.8995983935742973,8,2025-10-28 08:25:00,2.0,2
8965,-1,47565.44,47570.44,0.8588235294117647,0.5353728489483748,9,2025-10-28 09:25:00,-1.0,1
8967,-1,47562.94,47574.44,1.293103448275862,1.1338028169014085,9,2025-10-28 09:35:00,-1.0,3
8983,1,47553.44,47546.44,1.2478632478632479,0.5868263473053892,10,2025-10-28 10:55:00,2.0,3
8992,1,47555.44,47540.94,0.8871794871794871,1.15014164305949,11,2025-10-28 11:40:00,2.0,1
8996,-1,47575.94,47581.94,0.9333333333333333,0.4786324786324786,12,2025-10-28 12:00:00,2.0,1
9051,-1,47789.64,47896.89,7.40990990990991,2.5708415375395814,16,2025-10-28 16:35:00,-1.0,4
9054,1,47786.64,47721.64,4.12736660929432,1.2966657167284072,16,2025-10-28 16:50:00,2.0,4
9056,1,47791.14,47756.14,3.3982074263764406,0.6069614765266917,17,2025-10-28 17:00:00,-1.0,4
9057,1,47777.64,47745.64,3.1590628853267573,0.5303030303030285,17,2025-10-28 17:05:00,2.0,4
9108,-1,47950.89,47973.64,0.8819875776397516,0.8459495351925631,21,2025-10-28 21:20:00,2.0,1
9112,1,47882.64,47873.64,0.9037037037037037,0.3473466574776017,21,2025-10-28 21:40:00,-1.0,1
9114,1,47894.64,47874.39,0.9659863945578231,0.7985915492957746,21,2025-10-28 21:50:00,-1.0,1
9150,1,47732.13,47721.13,1.1044776119402986,0.9319213313161876,1,2025-10-29 01:50:00,-1.0,2
9156,1,47726.13,47714.13,0.83,1.12751677852349,2,2025-10-29 02:20:00,-1.0,0
9176,1,47704.63,47688.63,1.3621262458471761,1.2781740370898718,4,2025-10-29 04:00:00,-1.0,3
9184,-1,47691.13,47718.38,1.7884615384615385,2.170697012802276,4,2025-10-29 04:40:00,-1.0,4
9185,1,47685.63,47675.13,1.3028846153846154,0.8032786885245902,4,2025-10-29 04:45:00,2.0,3
9186,1,47690.13,47675.13,1.7067307692307692,1.0783055198973042,4,2025-10-29 04:50:00,0.7847306112588023,4
9188,1,47682.38,47674.13,1.3076923076923077,0.5359628770301624,5,2025-10-29 05:00:00,2.0,3
9191,1,47686.38,47674.63,1.0892448512585813,0.773207990599295,5,2025-10-29 05:15:00,2.0,2
9213,1,47692.13,47688.63,0.9597069597069597,0.37764932562620424,7,2025-10-29 07:05:00,2.0,1
9214,1,47694.63,47687.63,1.0111524163568772,0.7582205029013539,7,2025-10-29 07:10:00,2.0,2
9217,-1,47709.63,47718.13,0.7619047619047619,0.8686131386861313,7,2025-10-29 07:25:00,-1.0,0
9219,-1,47712.13,47718.88,0.8676470588235294,0.72,7,2025-10-29 07:35:00,-1.0,1
9221,-1,47713.13,47719.63,0.9852941176470589,0.7794432548179873,7,2025-10-29 07:45:00,-1.0,1
9224,-1,47713.63,47718.88,0.8296296296296296,0.6504424778761062,8,2025-10-29 08:00:00,-1.0,0
9229,-1,47716.88,47719.63,0.7300380228136882,0.38987341772151896,8,2025-10-29 08:25:00,-1.0,0
9232,-1,47702.63,47718.63,0.7072243346007605,2.212345679012346,8,2025-10-29 08:40:00,-1.0,0
9245,-1,47718.23,47723.23,0.6363636363636364,0.5436893203883495,9,2025-10-29 09:45:00,-1.0,0
9248,-1,47716.23,47727.23,2.2683982683982684,1.254582484725051,10,2025-10-29 10:00:00,-1.0,4
9252,-1,47713.98,47730.23,1.6317991631799162,1.5116279069767442,10,2025-10-29 10:20:00,-1.0,3
9264,-1,47731.23,47750.23,1.4010695187165776,1.3233830845771144,11,2025-10-29 11:20:00,2.0,3
9319,-1,47861.23,47872.23,1.3302752293577982,0.5767790262172284,15,2025-10-29 15:55:00,-1.0,3
9342,1,47974.18,47925.43,0.9879518072289156,0.9282556953417205,17,2025-10-29 17:50:00,-1.0,1
9357,1,48004.43,47953.43,0.9273947528981086,1.560655737704918,19,2025-10-29 19:05:00,-1.0,1
9360,-1,48017.43,48049.43,0.8505747126436781,0.9702219815917705,19,2025-10-29 19:20:00,2.0,1
9361,-1,48014.93,48025.43,0.7930591259640103,0.31226765799256506,19,2025-10-29 19:25:00,-1.0,0
9364,-1,47996.18,48034.68,0.7542315504400813,1.1597633136094676,19,2025-10-29 19:40:00,2.0,0
9370,1,47969.43,47940.43,0.8282208588957055,0.9581120943952802,20,2025-10-29 20:10:00,-1.0,0
9399,1,47534.68,47476.93,0.856140350877193,0.5115469788041759,22,2025-10-29 22:35:00,2.0,1
9434,-1,47589.17,47627.42,2.279863481228669,1.5,2,2025-10-30 02:30:00,-1.0,4
9460,-1,47725.17,47735.42,0.8414755732801595,0.3816489361702128,4,2025-10-30 04:40:00,-1.0,0
9461,-1,47707.92,47733.92,0.7381193124368048,0.9516339869281045,4,2025-10-30 04:45:00,-1.0,0
9487,1,47745.92,47733.17,1.5108153078202995,0.706930693069307,6,2025-10-30 06:55:00,-1.0,3
9537,1,47589.27,47573.02,1.428896473265074,0.4858515750133476,11,2025-10-30 11:05:00,-1.0,3
9549,1,47563.02,47540.77,0.9018181818181819,0.8213579433091628,12,2025-10-30 12:05:00,-1.0,1
9550,1,47552.52,47534.02,1.1330049261083743,0.7518142235123367,12,2025-10-30 12:10:00,-1.0,2
9573,1,47511.52,47504.02,0.7884615384615384,0.3150787696924231,14,2025-10-30 14:05:00,2.0,0
9581,-1,47536.52,47561.77,1.0153846153846153,1.124006359300477,14,2025-10-30 14:45:00,2.0,2
9584,1,47520.77,47497.77,1.5572519083969465,1.0627062706270627,15,2025-10-30 15:00:00,-1.0,3
9585,1,47509.02,47499.52,1.548091603053435,0.411446249033256,15,2025-10-30 15:05:00,-1.0,3
9593,1,47512.27,47482.52,2.0518731988472623,0.9197305951197998,15,2025-10-30 15:45:00,-1.0,4
9601,1,47447.02,47417.02,1.2083958020989505,0.797190851285947,16,2025-10-30 16:25:00,2.0,2
9602,1,47624.72,47423.77,2.711988304093567,3.9316609601006913,16,2025-10-30 16:30:00,0.8749451697127683,4
9640,1,47835.22,47810.47,0.9696412143514259,0.5751037344398341,19,2025-10-30 19:40:00,-1.0,1
9649,1,47827.22,47796.22,0.819870009285051,0.7743086529884032,20,2025-10-30 20:25:00,-1.0,0
9686,-1,47629.42,47652.67,1.1850094876660342,0.4710905275345558,23,2025-10-30 23:30:00,-1.0,2
9689,-1,47624.67,47680.67,0.7786398904609767,1.121281464530897,23,2025-10-30 23:45:00,0.20953274926989884,0
9706,1,47579.57,47562.07,1.1361702127659574,0.8448275862068965,2,2025-10-31 02:10:00,-1.0,2
9709,1,47576.57,47557.82,0.6304347826086957,0.8440514469453376,2,2025-10-31 02:25:00,-1.0,0
9716,-1,47582.82,47613.32,1.3211009174311927,1.1795580110497237,3,2025-10-31 03:00:00,-1.0,3
9813,-1,47587.92,47599.67,2.191897654584222,0.8490322580645162,11,2025-10-31 11:05:00,-1.0,4
9814,-1,47582.92,47598.92,2.183368869936034,1.1102850061957867,11,2025-10-31 11:10:00,-1.0,4
9815,-1,47572.92,47594.92,1.748400852878465,1.435897435897436,11,2025-10-31 11:15:00,-1.0,4
9824,-1,47596.17,47615.67,0.9710982658959537,1.2052980132450333,12,2025-10-31 12:00:00,2.0,1
9831,1,47559.42,47553.17,1.0998043052837574,0.44416243654822335,12,2025-10-31 12:35:00,-1.0,2
9860,-1,47604.92,47630.92,1.5847457627118644,1.487961411110673,15,2025-10-31 15:00:00,-1.0,3
9877,1,47600.17,47555.42,1.81651376146789,1.593134138588684,16,2025-10-31 16:25:00,-1.0,4
9879,1,47602.12,47552.12,4.141967621419676,1.3986013986013985,16,2025-10-31 16:35:00,-1.0,4
9881,1,47592.12,47540.37,3.880778588807786,1.2331914893617022,16,2025-10-31 16:45:00,-1.0,4
9883,1,47609.12,47579.12,3.338530066815145,0.6588235294117647,16,2025-10-31 16:55:00,-1.0,4
9893,-1,47641.12,47688.12,0.8035426731078905,0.79805942995755,17,2025-10-31 17:45:00,2.0,0
9894,-1,47643.37,47661.87,0.8510466988727858,0.34498834498834496,17,2025-10-31 17:50:00,2.0,1
9912,1,47492.87,47458.12,1.05853418593212,0.7131339783054776,19,2025-10-31 19:20:00,-1.0,2
9930,1,47472.12,47442.12,0.883453237410072,0.6785685435010859,20,2025-10-31 20:50:00,2.0,1
9937,-1,47572.12,47587.87,0.7297162767546043,0.37563884156729127,21,2025-10-31 21:25:00,-1.0,0
9955,-1,47583.82,47654.12,1.7098930481283423,1.611989190074582,22,2025-10-31 22:55:00,-1.0,4
9956,-1,47556.57,47589.32,1.1136363636363635,0.7326621923937326,23,2025-10-31 23:00:00,-1.0,2
9957,1,47580.82,47547.82,0.6443850267379679,0.7843137254901922,23,2025-10-31 23:05:00,2.0,0
9963,1,47570.32,47554.32,0.26853146853146853,0.4370305336064749,23,2025-10-31 23:35:00,2.0,0
9992,-1,47730.3,47757.8,1.0261780104712042,2.0478723404255317,3,2025-11-03 03:00:00,2.0,2
9993,-1,47727.8,47734.05,1.356020942408377,0.44871794871794873,3,2025-11-03 03:05:00,-1.0,3
10006,1,47711.8,47698.3,1.1578947368421053,0.9973614775725593,4,2025-11-03 04:10:00,-1.0,2
10045,1,47662.3,47642.8,1.266304347826087,1.4857142857142858,7,2025-11-03 07:25:00,-1.0,3
10056,1,47634.55,47629.05,1.1322751322751323,0.34723788049605414,8,2025-11-03 08:20:00,-1.0,2
10058,1,47642.8,47619.55,1.311720698254364,1.453125,8,2025-11-03 08:30:00,-1.0,3
10098,-1,47663.4,47684.15,0.9024,1.1392156862745098,11,2025-11-03 11:50:00,2.0,1
10116,-1,47656.4,47671.65,0.9079229122055674,0.9415656008820286,13,2025-11-03 13:20:00,2.0,1
10119,1,47644.4,47628.4,0.9932885906040269,0.9856985698569857,13,2025-11-03 13:35:00,-1.0,1
10120,1,47634.4,47628.4,0.8423423423423423,0.3648208469055374,13,2025-11-03 13:40:00,-1.0,0
10121,1,47636.4,47626.4,0.7301587301587301,0.6174200661521498,13,2025-11-03 13:45:00,-1.0,0
10126,1,47632.9,47622.9,0.8899297423887588,0.7368421052631579,14,2025-11-03 14:10:00,-1.0,1
10148,-1,47601.4,47628.4,3.7045045045045044,1.2125100240577387,16,2025-11-03 16:00:00,-1.0,4
10154,-1,47570.85,47659.15,4.921739130434783,2.9802314368371072,16,2025-11-03 16:30:00,2.0,4
10222,1,47372.6,47348.85,0.9645892351274787,0.8271144278606964,22,2025-11-03 22:10:00,-1.0,1
10227,1,47363.6,47344.1,0.9634408602150538,0.7265469061876247,22,2025-11-03 22:35:00,-1.0,1
10231,1,47380.8,47338.1,1.4314720812182742,1.4974949899800967,22,2025-11-03 22:55:00,-1.0,3
10234,1,47363.8,47345.8,0.48937728937728936,0.6454091432961895,23,2025-11-03 23:10:00,-1.0,0
10253,1,47317.9,47304.9,0.6291079812206573,1.0097087378640777,1,2025-11-04 01:45:00,-1.0,0
10254,1,47318.65,47307.15,0.4230769230769231,0.8969359331476323,1,2025-11-04 01:50:00,-1.0,0
10255,1,47318.15,47311.65,0.56,0.4986301369863013,1,2025-11-04 01:55:00,-1.0,0
10287,1,47271.4,47260.4,0.8312056737588652,0.6166166166166166,4,2025-11-04 04:35:00,-1.0,0
10294,1,47269.4,47258.4,0.7918486171761281,0.5822306238185255,5,2025-11-04 05:10:00,-1.0,0
10304,1,47241.4,47232.9,1.0761904761904761,0.45075757575757575,6,2025-11-04 06:00:00,-1.0,2
10305,1,47241.15,47226.9,0.8507936507936508,0.76,6,2025-11-04 06:05:00,-1.0,1
10342,1,47053.0,47024.0,0.989558232931727,0.8063555114200596,9,2025-11-04 09:10:00,-1.0,1
10344,1,47081.5,47049.0,0.8830128205128205,0.9945355191256829,9,2025-11-04 09:20:00,-1.0,1
10356,1,47026.5,46973.25,1.6948051948051948,1.682844243792325,10,2025-11-04 10:20:00,-1.0,4
10371,1,46977.0,46949.75,0.8816254416961131,0.9870633893919792,11,2025-11-04 11:35:00,-1.0,1
10381,1,46956.75,46944.5,0.583804143126177,0.388228636106395,12,2025-11-04 12:25:00,2.0,0
10389,-1,47022.0,47038.0,0.6338329764453962,0.6666666666666666,13,2025-11-04 13:05:00,-1.0,0
10391,-1,47031.25,47042.5,0.6335540838852097,0.5245628642797668,13,2025-11-04 13:15:00,-1.0,0
10394,-1,47027.5,47054.5,0.9453681710213777,1.4052044609665426,13,2025-11-04 13:30:00,-1.0,1
10400,-1,47013.0,47039.0,1.7357440890125173,1.3919694072657744,14,2025-11-04 14:00:00,-1.0,4
10404,-1,47057.5,47074.75,1.0152143845089903,0.8773841961852862,14,2025-11-04 14:20:00,-1.0,2
10423,-1,47104.25,47120.0,1.0115740740740742,0.634076204169662,15,2025-11-04 15:55:00,2.0,2
10432,1,47080.2,46934.2,3.4420946626384694,2.726060282742054,16,2025-11-04 16:40:00,-0.03136973716641649,4
10433,-1,47109.2,47146.95,3.1683366733466936,0.6419288230292702,16,2025-11-04 16:45:00,-1.0,4
10492,1,47028.2,47002.95,0.8955223880597015,0.5697018533440774,21,2025-11-04 21:40:00,2.0,1
10493,1,47040.2,47017.2,1.0595505617977528,0.5272206303724928,21,2025-11-04 21:45:00,2.0,2
10502,-1,47096.45,47128.7,0.8920704845814978,0.818305391934753,22,2025-11-04 22:30:00,-1.0,1
10503,-1,47113.2,47131.7,0.8265927977839335,0.4575971731448763,22,2025-11-04 22:35:00,-1.0,0
10505,-1,47101.2,47169.2,0.9473684210526315,1.6420871065114273,22,2025-11-04 22:45:00,-1.0,1
10520,-1,47187.35,47230.1,0.9292543021032504,1.3206090026478248,1,2025-11-05 01:00:00,2.0,1
10534,1,47162.35,47138.6,2.0845588235294117,1.046420141620771,2,2025-11-05 02:10:00,-1.0,4
10578,-1,47140.6,47158.1,1.1181102362204725,0.6533333333333333,5,2025-11-05 05:50:00,-1.0,2
10580,-1,47141.85,47161.1,0.7979724837074583,0.7486111111111111,6,2025-11-05 06:00:00,-1.0,0
10592,-1,47152.1,47161.35,1.1129196337741607,0.39907550077041604,7,2025-11-05 07:00:00,-1.0,2
10602,1,47130.85,47119.1,1.088139281828074,0.5456053067993367,7,2025-11-05 07:50:00,2.0,2
10610,-1,47182.35,47197.35,1.0659898477157361,0.6598586017282011,8,2025-11-05 08:30:00,2.0,2
10611,-1,47181.35,47189.1,0.7254509018036072,0.35342019543973946,8,2025-11-05 08:35:00,-1.0,0
10612,-1,47185.6,47195.85,0.6673346693386774,0.4724279835390946,8,2025-11-05 08:40:00,2.0,0
10628,1,47138.45,47113.45,2.3566529492455417,1.1345218800648298,10,2025-11-05 10:00:00,2.0,4
10635,-1,47193.45,47204.95,1.2307692307692308,0.4287616511318242,10,2025-11-05 10:35:00,-1.0,3
10639,-1,47186.45,47213.2,0.9459783913565426,0.9900859220092532,10,2025-11-05 10:55:00,2.0,1
10652,1,47140.95,47117.7,1.242320819112628,0.9156118143459916,12,2025-11-05 12:00:00,-1.0,3
10654,1,47127.95,47110.95,0.9920364050056882,0.6969253294289898,12,2025-11-05 12:10:00,-1.0,1
10658,1,47127.95,47113.2,0.7362110311750599,0.6613290632506005,12,2025-11-05 12:30:00,-1.0,0
10661,1,47123.45,47100.95,1.2360902255639097,1.086206896551724,12,2025-11-05 12:45:00,-1.0,3
10694,-1,47128.2,47161.7,1.6511919698870765,1.4201362604087813,15,2025-11-05 15:30:00,-1.0,3
10705,-1,47114.45,47159.95,1.6535244922341696,1.6851851851851851,16,2025-11-05 16:25:00,-1.0,3
10707,-1,47126.15,47189.9,3.6432432432432433,1.7323369565217246,16,2025-11-05 16:35:00,-1.0,4
10722,1,47139.15,47104.65,0.892533147243545,0.5248573757131214,17,2025-11-05 17:50:00,-1.0,1
10723,1,47163.15,47108.9,0.8932309839497558,0.9319018404907975,17,2025-11-05 17:55:00,-1.0,1
10728,1,47141.15,47066.9,0.915948275862069,1.392964824120603,18,2025-11-05 18:20:00,2.0,1
10729,1,47151.15,47135.15,0.9201183431952663,0.30311231393775373,18,2025-11-05 18:25:00,2.0,1
10762,1,47412.15,47361.15,1.179950698438784,1.8284250960307298,21,2025-11-05 21:10:00,-1.0,2
10763,-1,47429.9,47440.15,0.9465899753492194,0.3605527638190955,21,2025-11-05 21:15:00,2.0,1
10781,-1,47400.65,47452.15,1.2941176470588236,2.0944081336238196,22,2025-11-05 22:45:00,2.0,3
10784,1,47373.6,47316.35,1.5221546481320591,1.7015178855747692,23,2025-11-05 23:00:00,-1.0,3
10808,-1,47380.86,47399.86,2.414772727272727,0.8933969234902996,2,2025-11-06 02:00:00,2.0,4
10809,-1,47373.86,47383.61,2.5,0.4392739911179793,2,2025-11-06 02:05:00,2.0,4
10815,1,47346.36,47306.36,1.8531073446327684,1.5708274894810659,2,2025-11-06 02:35:00,-1.0,4
10825,1,47283.36,47267.61,1.2298387096774193,0.5810276679841897,3,2025-11-06 03:25:00,2.0,3
10834,1,47273.11,47260.86,0.904055390702275,0.5664739884393064,4,2025-11-06 04:10:00,2.0,1
10844,-1,47323.36,47328.61,0.7015834348355664,0.33523375142531353,5,2025-11-06 05:00:00,2.0,0
10846,-1,47321.11,47327.61,0.5511221945137157,0.4595959595959596,5,2025-11-06 05:10:00,2.0,0
10847,-1,47319.36,47329.86,0.8,0.7304347826086957,5,2025-11-06 05:15:00,-1.0,0
10854,-1,47307.36,47330.86,0.8333333333333334,1.6850192061459668,5,2025-11-06 05:50:00,-1.0,0
10865,-1,47328.36,47341.86,0.7311411992263056,0.9805447470817121,6,2025-11-06 06:45:00,2.0,0
10877,1,47304.36,47296.36,1.0323974082073435,0.6787878787878787,7,2025-11-06 07:45:00,-1.0,2
10879,1,47299.36,47293.36,1.041036717062635,0.535031847133758,7,2025-11-06 07:55:00,2.0,2
10880,1,47314.86,47295.11,1.6042553191489362,1.6240822320117474,8,2025-11-06 08:00:00,-1.0,3
10885,1,47295.36,47290.36,1.2742268041237113,0.36939313984168864,8,2025-11-06 08:25:00,-1.0,3
10886,1,47296.61,47285.36,1.5943775100401607,0.782608695652174,8,2025-11-06 08:30:00,-1.0,3
10889,-1,47313.36,47321.36,0.775047258979206,0.5320665083135392,8,2025-11-06 08:45:00,2.0,0
10892,1,47291.46,47283.36,1.2355371900826446,0.5142857142856219,9,2025-11-06 09:00:00,-1.0,3
10896,1,47308.96,47282.21,1.0991735537190082,1.633587786259542,9,2025-11-06 09:20:00,-1.0,2
10927,-1,47316.71,47326.71,0.6118500604594922,0.6385404789053591,11,2025-11-06 11:55:00,-1.0,0
10929,-1,47318.46,47324.21,0.6984572230014026,0.3898305084745763,12,2025-11-06 12:05:00,-1.0,0
10935,-1,47333.96,47354.46,0.9837837837837838,1.4207920792079207,12,2025-11-06 12:35:00,-1.0,1
10937,-1,47332.96,47341.21,1.0310786106032908,0.54739336492891,12,2025-11-06 12:45:00,-1.0,2
10938,-1,47335.46,47341.21,1.1042047531992687,0.39655172413793105,12,2025-11-06 12:50:00,2.0,2
10946,1,47319.96,47312.71,1.1752988047808766,0.45261984392419174,13,2025-11-06 13:30:00,2.0,2
10947,1,47332.71,47319.21,0.8978805394990366,0.8862837045720985,13,2025-11-06 13:35:00,2.0,1
10953,-1,47350.71,47361.71,1.5844660194174758,0.6602357984994641,14,2025-11-06 14:05:00,-1.0,3
10954,-1,47351.96,47361.46,1.1057513914656771,0.5611814345991561,14,2025-11-06 14:10:00,-1.0,2
10955,-1,47350.21,47360.46,1.1651205936920224,0.6093418259023354,14,2025-11-06 14:15:00,-1.0,2
10956,-1,47349.96,47365.96,1.3271719038817005,0.9005025125628141,14,2025-11-06 14:20:00,-1.0,3
10975,-1,47343.96,47376.96,1.5793103448275863,2.16140350877193,15,2025-11-06 15:55:00,2.0,3
10982,1,47324.16,47229.46,5.465007776049767,2.677031802120265,16,2025-11-06 16:30:00,-1.0,4
10997,1,46970.91,46918.91,0.9825905292479109,0.6494201605709189,17,2025-11-06 17:45:00,-1.0,1
10998,1,47016.16,46952.16,0.9105971694856748,0.7952074550698912,17,2025-11-06 17:50:00,-1.0,1
11000,1,46968.16,46942.16,1.0113910942354158,0.34315342917746877,18,2025-11-06 18:00:00,-1.0,2
11022,-1,46930.16,46966.16,0.8555555555555555,0.6511627906976745,19,2025-11-06 19:50:00,2.0,1
11023,-1,46914.16,46937.16,0.8007936507936508,0.4170984455958549,19,2025-11-06 19:55:00,2.0,0
11024,-1,46878.16,46932.91,0.9037155413503796,0.9906300484652665,20,2025-11-06 20:00:00,-1.0,1
11086,-1,47030.82,47049.07,2.511278195488722,0.8202247191011236,2,2025-11-07 02:10:00,-1.0,4
11087,-1,47016.32,47040.32,2.756892230576441,1.0864995957962813,2,2025-11-07 02:15:00,-1.0,4
11089,-1,47038.82,47045.57,2.145363408521303,0.3095823095823096,2,2025-11-07 02:25:00,-1.0,4
11124,1,46949.32,46933.07,0.6889952153110048,0.7871972318339101,5,2025-11-07 05:20:00,-1.0,0
11127,1,46941.82,46934.32,0.881427072402938,0.40114613180515757,5,2025-11-07 05:35:00,-1.0,1
11129,1,46932.82,46912.07,1.116121758737317,1.134765625,5,2025-11-07 05:45:00,-1.0,2
11131,1,46941.32,46925.82,0.7853042479908151,0.906054279749478,5,2025-11-07 05:55:00,-1.0,0
11133,1,46933.07,46912.32,1.2220916568742655,1.0113141862489121,6,2025-11-07 06:05:00,2.0,3
11135,1,46961.32,46929.32,1.5114873035066505,1.5058823529411764,6,2025-11-07 06:15:00,2.0,3
11166,-1,47026.32,47040.57,1.0889679715302492,1.0431372549019606,8,2025-11-07 08:50:00,-1.0,2
11168,-1,47020.92,47040.82,1.2733812949640289,1.4360824742269092,9,2025-11-07 09:00:00,-1.0,3
11169,-1,47035.67,47046.42,1.3093525179856116,0.7422934648581997,9,2025-11-07 09:05:00,-1.0,3
11172,-1,47026.67,47057.92,1.289855072463768,1.8776824034334765,9,2025-11-07 09:20:00,2.0,3
11174,-1,47038.92,47044.92,0.8188405797101449,0.35257082896117525,9,2025-11-07 09:30:00,-1.0,0
11175,-1,47038.42,47045.92,0.8102189781021898,0.4365904365904366,9,2025-11-07 09:35:00,-1.0,0
11179,-1,47042.92,47058.67,1.051094890510949,0.8784860557768925,9,2025-11-07 09:55:00,2.0,2
11180,-1,47050.42,47058.17,2.4424460431654675,0.43794147325933397,10,2025-11-07 10:00:00,2.0,4
11184,1,47023.92,47008.17,1.8514851485148516,0.8664047151277015,10,2025-11-07 10:20:00,-1.0,4
11193,1,46979.17,46966.92,1.060908084163898,0.5414364640883977,11,2025-11-07 11:05:00,2.0,2
11204,1,46972.92,46938.42,1.0137566137566139,1.3018867924528301,12,2025-11-07 12:00:00,-1.0,2
11240,1,46780.92,46748.92,1.1323414252153485,1.1659076122316199,15,2025-11-07 15:00:00,-1.0,2
11241,1,46813.42,46779.17,1.3641346906812843,1.1890886546807191,15,2025-11-07 15:05:00,-1.0,3
11257,-1,46833.42,46857.67,1.3758439609902475,0.8776011373917572,16,2025-11-07 16:25:00,2.0,3
11262,1,46812.62,46721.12,2.4356877323420076,1.6071764632080887,16,2025-11-07 16:50:00,-1.0,4
11267,-1,46834.12,46890.62,1.9987812309567337,0.7268216484425281,17,2025-11-07 17:15:00,2.0,4
11268,-1,46777.12,46860.12,1.3874388254486134,1.0095130532991654,17,2025-11-07 17:20:00,2.0,3
11270,-1,46821.12,46863.12,1.0146430750457596,0.4747486980743628,17,2025-11-07 17:30:00,2.0,2
11271,-1,46782.87,46859.12,0.9580036518563603,0.8539658413663483,17,2025-11-07 17:35:00,2.0,1
11311,-1,46742.12,46761.87,0.8542024013722127,0.4359479700433583,20,2025-11-07 20:55:00,-1.0,1
11312,-1,46738.12,46758.37,0.9151943462897526,0.46135069161920256,21,2025-11-07 21:00:00,-1.0,1
11313,-1,46735.12,46766.12,0.8546697038724373,0.7554395126196694,21,2025-11-07 21:05:00,-1.0,1
11347,-1,47056.32,47071.32,0.19933554817275748,0.5134223265366037,23,2025-11-07 23:55:00,-1.0,0
11372,1,47109.89,47079.14,1.5351089588377724,1.2016748080949058,3,2025-11-10 03:00:00,-1.0,3
11378,1,47084.14,47075.64,1.0535714285714286,0.3969974979149291,3,2025-11-10 03:30:00,-1.0,2
11379,1,47085.89,47073.89,0.6840958605664488,0.5562913907284768,3,2025-11-10 03:35:00,-1.0,0
11381,1,47095.89,47066.14,0.6428571428571429,1.3413848631239937,3,2025-11-10 03:45:00,0.05666582342524331,0
11418,-1,47088.39,47097.89,1.0648769574944073,0.8097412480974124,6,2025-11-10 06:50:00,-1.0,2
11459,1,47077.49,47058.74,1.4562383612662941,1.122994652406417,10,2025-11-10 10:15:00,2.0,3
11484,-1,47210.99,47217.74,0.7641681901279708,0.4473372781065089,12,2025-11-10 12:20:00,-1.0,0
11487,-1,47212.49,47219.49,0.7485604606525912,0.6068111455108359,12,2025-11-10 12:35:00,-1.0,0
11488,-1,47215.49,47225.74,0.7751004016064257,0.8954758190327613,12,2025-11-10 12:40:00,2.0,0
11489,-1,47215.49,47221.24,0.8783505154639175,0.5160256410256411,12,2025-11-10 12:45:00,2.0,1
11504,-1,47218.24,47228.49,1.5935334872979214,0.6493212669683257,14,2025-11-10 14:00:00,2.0,3
11513,1,47170.49,47164.49,1.1329479768786128,0.36324324324324325,14,2025-11-10 14:45:00,2.0,2
11526,1,47174.49,47162.24,1.0255474452554745,0.8285024154589371,15,2025-11-10 15:50:00,2.0,2
11538,-1,47174.69,47238.69,4.733118971061093,1.4291410798309174,16,2025-11-10 16:50:00,2.0,4
11542,1,47177.69,47148.69,2.641025641025641,0.5512933668273441,17,2025-11-10 17:10:00,-1.0,4
11544,1,47176.44,47113.69,1.37409200968523,1.0499581689972457,17,2025-11-10 17:20:00,-1.0,3
11545,1,47166.69,47142.69,1.0762124711316396,0.3915171288743863,17,2025-11-10 17:25:00,-1.0,2
11589,-1,47337.69,47357.19,0.8105004101722724,0.8161434977578476,21,2025-11-10 21:05:00,-1.0,0
11590,-1,47320.19,47344.44,0.9588138385502472,0.9963316214233309,21,2025-11-10 21:10:00,-1.0,1
11615,-1,47418.89,47431.89,0.34444444444444444,0.40417499444814303,23,2025-11-10 23:15:00,2.0,0
11637,-1,47422.44,47443.44,2.4108108108108106,1.1157495256166983,2,2025-11-11 02:05:00,0.77804793331024,4
11668,-1,47417.19,47433.19,0.7725437415881561,0.9304257528556593,4,2025-11-11 04:40:00,0.6650538816802968,0
11683,-1,47422.94,47430.19,0.8316831683168316,0.652733118971061,5,2025-11-11 05:55:00,2.0,0
11685,1,47402.44,47395.44,1.1683991683991684,0.609642301710731,6,2025-11-11 06:05:00,-1.0,2
11686,1,47403.69,47389.44,1.051975051975052,1.2164634146341464,6,2025-11-11 06:10:00,-1.0,2
11688,1,47404.69,47394.44,1.0382978723404255,0.9067930489731437,6,2025-11-11 06:20:00,-1.0,2
11689,1,47410.69,47399.19,0.948936170212766,0.9802130898021308,6,2025-11-11 06:25:00,-1.0,1
11695,1,47395.69,47388.69,1.757847533632287,0.5544554455445545,6,2025-11-11 06:55:00,-1.0,4
11700,1,47391.69,47381.69,1.5763747454175152,0.7810320781032078,7,2025-11-11 07:20:00,2.0,3
11710,-1,47405.69,47416.94,1.1145996860282574,0.8045977011494253,8,2025-11-11 08:10:00,2.0,2
11711,-1,47405.69,47413.19,1.0201550387596898,0.5533596837944664,8,2025-11-11 08:15:00,-1.0,2
11713,-1,47408.69,47413.19,0.815267175572519,0.3554301833568406,8,2025-11-11 08:25:00,-1.0,0
11715,-1,47408.69,47414.69,0.8187134502923976,0.4897959183673469,8,2025-11-11 08:35:00,2.0,0
11716,-1,47403.69,47411.69,0.7114503816793893,0.6656760772659733,8,2025-11-11 08:40:00,2.0,0
11783,-1,47400.04,47416.29,1.0755148741418765,1.2380952380952381,14,2025-11-11 14:15:00,-1.0,2
11796,-1,47399.79,47431.04,1.6043478260869566,2.063679245283019,15,2025-11-11 15:20:00,-1.0,3
11797,1,47396.29,47386.04,2.120430107526882,0.6833333333333333,15,2025-11-11 15:25:00,2.0,4
11800,-1,47405.29,47429.29,1.1041257367387034,1.3359840954274353,15,2025-11-11 15:40:00,-1.0,2
11810,-1,47431.99,47516.29,6.459724950884087,3.4783377541999134,16,2025-11-11 16:30:00,-1.0,4
11869,-1,47946.49,47956.49,0.8684014869888476,0.3027027027027027,21,2025-11-11 21:25:00,-1.0,1
11872,-1,47943.49,47957.49,0.9009826152683296,0.4827586206896552,21,2025-11-11 21:40:00,-1.0,1
11881,-1,47950.49,47975.49,0.8864406779661017,1.0093727469358327,22,2025-11-11 22:25:00,-1.0,1
11961,1,47984.49,47967.49,1.3408577878103838,1.584026622296173,6,2025-11-12 06:05:00,2.0,3
11972,-1,47993.24,47996.49,1.198019801980198,0.3466666666666667,7,2025-11-12 07:00:00,-1.0,2
11977,-1,47992.49,47996.49,1.168646080760095,0.4656964656964657,7,2025-11-12 07:25:00,-1.0,2
11992,-1,48016.74,48021.24,0.8515406162464986,0.49606299212598426,8,2025-11-12 08:40:00,-1.0,1
11993,-1,48017.49,48020.49,0.8545994065281899,0.3366733466933867,8,2025-11-12 08:45:00,-1.0,1
11994,-1,48015.49,48020.49,0.6727272727272727,0.5857740585774058,8,2025-11-12 08:50:00,-1.0,0
11999,-1,48014.59,48023.59,0.9381107491856677,1.0413223140495869,9,2025-11-12 09:15:00,-1.0,1
12006,-1,48028.59,48039.59,1.4110032362459546,1.1407407407407408,9,2025-11-12 09:50:00,-1.0,3
12010,1,48015.09,48007.09,2.017699115044248,0.7191011235955056,10,2025-11-12 10:10:00,2.0,4
12014,-1,48029.09,48048.09,1.375886524822695,1.3729032258064517,10,2025-11-12 10:30:00,-1.0,3
12019,1,48007.09,48002.09,0.9245283018867925,0.3248259860788863,10,2025-11-12 10:55:00,-1.0,1
12022,1,48009.59,47996.09,0.9009009009009009,0.9043062200956937,11,2025-11-12 11:10:00,2.0,1
12029,-1,48038.09,48049.09,0.6934306569343066,0.8392370572207084,11,2025-11-12 11:45:00,2.0,0
12046,-1,48034.84,48057.09,1.1335012594458438,1.5497512437810945,13,2025-11-12 13:10:00,-1.0,2
12050,1,48019.09,47995.59,2.4482758620689653,1.500570125427594,13,2025-11-12 13:30:00,2.0,4
12057,-1,48048.09,48061.59,2.0357142857142856,0.7065420560747664,14,2025-11-12 14:05:00,-1.0,4
12058,-1,48059.09,48065.09,1.120879120879121,0.3193916349809886,14,2025-11-12 14:10:00,-1.0,2
12064,-1,48057.09,48076.09,1.1494252873563218,1.1141361256544504,14,2025-11-12 14:40:00,-1.0,2
12081,1,48069.09,48057.59,1.03,0.9428989751098097,16,2025-11-12 16:05:00,2.0,2
12085,-1,48068.84,48097.09,2.1414634146341465,1.9339853300733496,16,2025-11-12 16:25:00,-1.0,4
12119,-1,48327.29,48367.29,0.9269427640763146,0.9172809172809173,19,2025-11-12 19:15:00,-1.0,1
12156,-1,48324.29,48348.29,0.8465679676985195,0.7352297592997811,22,2025-11-12 22:20:00,-1.0,0
12163,-1,48298.99,48346.29,1.5030140656396518,1.262415403679415,22,2025-11-12 22:55:00,-1.0,3
12177,1,48275.52,48235.27,0.8229166666666666,1.6204169662113588,1,2025-11-13 01:05:00,2.0,0
12233,-1,48384.02,48392.27,1.2123287671232876,0.4914893617021277,5,2025-11-13 05:45:00,-1.0,3
12248,-1,48410.27,48416.27,0.8991228070175439,0.5685279187817259,7,2025-11-13 07:00:00,-1.0,1
12250,-1,48411.27,48421.77,1.0482456140350878,0.9898989898989898,7,2025-11-13 07:10:00,-1.0,2
12253,-1,48414.77,48419.77,0.8962472406181016,0.4819277108433735,7,2025-11-13 07:25:00,-1.0,1
12258,-1,48414.27,48420.02,0.8721804511278195,0.5865209471766849,7,2025-11-13 07:50:00,-1.0,1
12259,-1,48412.27,48419.27,0.9738219895287958,0.7219152854511971,7,2025-11-13 07:55:00,-1.0,1
12262,-1,48420.52,48433.27,1.1884816753926701,1.2142857142857142,8,2025-11-13 08:10:00,2.0,2
12263,-1,48413.52,48427.52,1.2041884816753927,1.308848080133556,8,2025-11-13 08:15:00,-1.0,2
12264,-1,48424.77,48429.02,1.1727748691099475,0.39016393442622954,8,2025-11-13 08:20:00,-1.0,2
12269,-1,48423.27,48430.02,1.0874704491725768,0.6136363636363636,8,2025-11-13 08:45:00,2.0,2
12274,1,48415.37,48404.62,1.576036866359447,0.8699421965317918,9,2025-11-13 09:10:00,-1.0,3
12281,1,48408.12,48396.87,1.530398322851153,0.8181818181818182,9,2025-11-13 09:45:00,-1.0,3
12345,1,48238.87,48230.37,0.9828722002635046,0.4731610337972167,15,2025-11-13 15:05:00,-1.0,1
12346,1,48244.87,48226.87,0.9090909090909091,1.0456431535269708,15,2025-11-13 15:10:00,-1.0,1
12358,1,48181.62,48151.87,1.6619385342789599,1.0036144578313253,16,2025-11-13 16:10:00,2.0,3
12361,1,48157.87,48145.87,1.6964457252641691,0.38620689655172413,16,2025-11-13 16:25:00,2.0,4
12362,1,48219.57,48149.87,3.28426862925483,1.90511518937908,16,2025-11-13 16:30:00,-1.0,4
12364,1,48187.57,48146.07,3.004405286343612,0.9802598279061968,16,2025-11-13 16:40:00,-1.0,4
12367,1,48164.07,48125.82,2.5922887612797374,0.7783995929936801,16,2025-11-13 16:55:00,-1.0,4
12368,1,48146.82,48130.07,2.5060790273556233,0.3178798969770922,17,2025-11-13 17:00:00,2.0,4
12369,1,48226.57,48142.07,2.229739252995067,1.4737760059798235,17,2025-11-13 17:05:00,-1.0,4
12401,1,47802.57,47782.07,1.0514203523912262,0.3536660505237215,19,2025-11-13 19:45:00,-1.0,2
12402,1,47818.32,47776.57,1.101002865329513,0.7258615336851909,19,2025-11-13 19:50:00,-1.0,2
12423,1,47604.07,47585.07,1.14614499424626,0.38190954773869346,21,2025-11-13 21:35:00,-1.0,2
12443,-1,47581.02,47597.27,0.27393431167016075,0.3187390542907181,23,2025-11-13 23:15:00,2.0,0
12444,-1,47558.02,47585.27,0.2623413258110014,0.545,23,2025-11-13 23:20:00,0.5330817610061649,0
12469,-1,47560.33,47566.83,1.0848,0.32822362488728585,2,2025-11-14 02:25:00,2.0,2
12471,-1,47551.33,47567.08,0.9303703703703704,0.8062157221206582,2,2025-11-14 02:35:00,2.0,1
12481,1,47532.58,47526.58,1.1919431279620853,0.3163841807909604,3,2025-11-14 03:25:00,2.0,2
12484,1,47546.08,47527.58,1.1328374070138152,0.9087719298245613,3,2025-11-14 03:40:00,-1.0,2
12485,1,47540.83,47530.58,0.8925281473899693,0.5061728395061729,3,2025-11-14 03:45:00,-1.0,1
12497,1,47531.83,47515.83,0.5177304964539007,1.106172839506173,4,2025-11-14 04:45:00,-1.0,0
12498,1,47531.33,47525.83,0.7361647361647362,0.38987341772151896,4,2025-11-14 04:50:00,-1.0,0
12499,1,47528.33,47524.08,0.8733997155049786,0.31733333333333336,4,2025-11-14 04:55:00,-1.0,1
12502,1,47527.08,47519.83,0.839622641509434,0.49271844660194175,5,2025-11-14 05:10:00,-1.0,0
12506,1,47508.83,47502.33,1.1721739130434783,0.4449877750611247,5,2025-11-14 05:30:00,-1.0,2
12508,1,47506.33,47501.83,0.802158273381295,0.3247422680412371,5,2025-11-14 05:40:00,-1.0,0
12511,1,47506.83,47483.83,1.1144465290806753,1.5135135135135136,5,2025-11-14 05:55:00,-1.0,2
12526,1,47458.83,47452.83,1.0733590733590734,0.3373493975903615,7,2025-11-14 07:10:00,-1.0,2
12527,1,47466.83,47442.83,1.5488721804511278,1.3700305810397555,7,2025-11-14 07:15:00,-1.0,3
12529,-1,47478.83,47495.33,1.3284848484848484,0.912142152023692,7,2025-11-14 07:25:00,-1.0,3
12536,-1,47476.33,47489.33,1.092896174863388,0.6753246753246753,8,2025-11-14 08:00:00,2.0,2
12537,-1,47475.33,47489.83,0.9923497267759562,0.7532467532467533,8,2025-11-14 08:05:00,2.0,1
12544,1,47457.33,47414.83,1.2852529601722282,2.0570440795159897,8,2025-11-14 08:40:00,-1.0,3
12545,1,47445.08,47430.83,1.1073684210526316,0.6921075455333912,8,2025-11-14 08:45:00,-1.0,2
12546,1,47463.83,47435.83,0.9394572025052192,1.305578684429642,8,2025-11-14 08:50:00,-1.0,1
12563,1,47373.68,47342.18,1.4763948497854078,1.1329479768786128,10,2025-11-14 10:15:00,2.0,3
12564,1,47365.43,47343.93,1.3564775613886537,0.772785622593068,10,2025-11-14 10:20:00,2.0,3
12565,1,47382.43,47353.18,1.1638795986622072,1.0288944723618092,10,2025-11-14 10:25:00,2.0,2
12575,-1,47413.93,47439.68,0.768377253814147,0.7585481325618096,11,2025-11-14 11:15:00,2.0,0
12629,1,47146.43,47088.18,0.9310122501611864,1.5796610169491525,15,2025-11-14 15:45:00,-1.0,1
12630,1,47156.93,47132.93,1.0277240490006447,0.6473988439306358,15,2025-11-14 15:50:00,-1.0,2
12649,1,47093.13,46946.63,1.0014658457930226,1.4205568638315529,17,2025-11-14 17:25:00,1.0999398826675657,2
12708,1,47173.13,47147.88,1.010183299389002,0.5278088839119074,22,2025-11-14 22:20:00,-1.0,2
12710,1,47189.63,47158.38,0.9686354378818737,0.6746337702390132,22,2025-11-14 22:30:00,-1.0,1
12712,1,47162.63,47146.38,0.907164052564646,0.35968379446640314,22,2025-11-14 22:40:00,-1.0,1
12714,1,47165.38,47116.13,1.1478782683240463,0.9821937321937322,22,2025-11-14 22:50:00,-1.0,2
12715,1,47167.83,47121.63,1.1041577368195457,0.9297110823631696,22,2025-11-14 22:55:00,-1.0,2
12718,1,47178.08,47146.58,0.5012964563526361,0.6246901338621677,23,2025-11-14 23:10:00,-1.0,0
12731,1,47131.87,47104.62,0.981859410430839,0.8282494952345791,1,2025-11-17 01:15:00,2.0,1
12760,1,47156.62,47146.37,0.6392961876832844,0.6093418259023354,3,2025-11-17 03:40:00,-1.0,0
12766,1,47166.37,47146.37,0.7675438596491229,1.1789473684210525,4,2025-11-17 04:10:00,2.0,0
12789,-1,47209.87,47216.37,1.0601092896174864,0.599670510708402,6,2025-11-17 06:05:00,-1.0,2
12791,-1,47212.12,47217.37,0.6866791744840526,0.5364963503649635,6,2025-11-17 06:15:00,-1.0,0
12794,-1,47211.62,47217.37,0.8364389233954451,0.5985130111524163,6,2025-11-17 06:30:00,-1.0,0
12795,-1,47211.87,47217.37,0.8266666666666667,0.5855513307984791,6,2025-11-17 06:35:00,-1.0,0
12801,-1,47221.87,47232.37,1.0531400966183575,1.088888888888889,7,2025-11-17 07:05:00,2.0,2
12803,-1,47219.62,47226.37,0.8743961352657005,0.7159090909090909,7,2025-11-17 07:15:00,2.0,1
12841,-1,47265.97,47294.97,1.6449912126537785,1.6707818930041152,10,2025-11-17 10:25:00,-1.0,3
12901,1,47133.72,47115.97,0.9712586719524281,0.7324981577008106,15,2025-11-17 15:25:00,-1.0,1
12914,1,47147.67,47020.97,3.4129821260583255,3.5568478042910963,16,2025-11-17 16:30:00,-1.0,4
12916,-1,47140.42,47221.17,2.943840579710145,1.8176702307259511,16,2025-11-17 16:40:00,2.0,4
12917,-1,47124.17,47181.67,2.9565217391304346,1.22910145812658,16,2025-11-17 16:45:00,-1.0,4
12937,1,47056.17,46924.17,0.8841423948220065,1.7508289909995265,18,2025-11-17 18:25:00,-1.0,1
12950,-1,47166.17,47188.17,0.9992236024844721,0.4368794326241135,19,2025-11-17 19:30:00,2.0,1
12951,-1,47123.17,47180.17,0.9925226288862653,1.2581789515175403,19,2025-11-17 19:35:00,2.0,1
12964,1,46914.17,46872.17,0.9823293172690764,0.856518572469046,20,2025-11-17 20:40:00,-1.0,1
13005,-1,46645.24,46674.49,0.869762174405436,1.278688524590164,1,2025-11-18 01:05:00,-1.0,1
13007,1,46626.74,46613.24,0.46596858638743455,0.6428571428571429,1,2025-11-18 01:15:00,2.0,0
13012,-1,46658.74,46674.99,1.037037037037037,0.762782900251467,1,2025-11-18 01:40:00,2.0,2
13019,1,46622.74,46608.74,2.0193861066235863,0.6752799310938845,2,2025-11-18 02:15:00,-1.0,4
13025,1,46617.74,46585.49,1.7946666666666666,1.2269021739130435,2,2025-11-18 02:45:00,-1.0,4
13032,-1,46668.49,46693.74,1.2672897196261683,0.7533297815663291,3,2025-11-18 03:20:00,2.0,3
13038,-1,46671.49,46681.99,0.751219512195122,0.4016393442622951,3,2025-11-18 03:50:00,-1.0,0
13039,-1,46669.74,46679.24,0.5788617886178862,0.403030303030303,3,2025-11-18 03:55:00,-1.0,0
13053,1,46585.24,46566.24,1.2034883720930232,0.7777777777777778,5,2025-11-18 05:05:00,-1.0,2
13054,1,46582.74,46571.24,1.069767441860465,0.4564138908575478,5,2025-11-18 05:10:00,-1.0,2
13058,1,46583.99,46564.99,1.3120494335736355,0.7829286239882266,5,2025-11-18 05:30:00,-1.0,3
13059,1,46579.24,46554.74,1.1451292246520874,0.9655172413793104,5,2025-11-18 05:35:00,-1.0,2
13101,1,46347.84,46316.59,1.2643051771117166,0.9523291249455782,9,2025-11-18 09:05:00,2.0,3
13104,1,46372.84,46330.84,1.1880108991825613,1.2641083521444656,9,2025-11-18 09:20:00,2.0,2
13114,-1,46455.09,46491.34,1.4765432098765432,1.0740740740740742,10,2025-11-18 10:10:00,-1.0,3
13121,-1,46493.84,46521.34,1.1051851851851853,0.7364897178383548,10,2025-11-18 10:45:00,2.0,2
13124,-1,46472.34,46508.59,1.0444900752908965,0.9363468634686347,11,2025-11-18 11:00:00,2.0,2
13131,1,46457.34,46439.59,0.8031809145129225,0.5100051308363263,11,2025-11-18 11:35:00,-1.0,0
13132,1,46477.34,46447.59,0.7846255798542081,0.8961807423345886,11,2025-11-18 11:40:00,-1.0,0
13145,1,46450.84,46438.34,0.7735849056603774,0.5681818181818182,12,2025-11-18 12:45:00,-1.0,0
13172,1,46269.34,46205.84,1.6465441819772528,1.6083220262324742,15,2025-11-18 15:00:00,-1.0,3
13173,1,46266.34,46249.34,1.2838874680306904,0.42940911141181776,15,2025-11-18 15:05:00,-1.0,3
13190,1,46223.04,46068.09,2.695955369595537,3.0992213729552787,16,2025-11-18 16:30:00,-1.0,4
13192,1,46235.29,46192.54,2.548856548856549,0.8012584510342011,16,2025-11-18 16:40:00,-1.0,4
13193,-1,46196.54,46339.54,2.5751905751905753,2.3749925855625955,16,2025-11-18 16:45:00,-1.0,4
13197,1,46073.54,45983.04,2.3427835051546393,1.1015475569466138,17,2025-11-18 17:05:00,-1.0,4
13200,1,46085.54,45982.54,1.427908774642443,1.0180380528786726,17,2025-11-18 17:20:00,-1.0,3
13209,1,46037.54,45933.04,0.9536934950385888,1.0506283662477558,18,2025-11-18 18:05:00,2.0,1
13219,-1,46141.79,46211.04,0.8956547443097842,0.9090482887951242,18,2025-11-18 18:55:00,2.0,1
13312,-1,46146.02,46158.02,0.8751642575558476,0.4194756554307116,3,2025-11-19 03:40:00,2.0,1
13315,1,46115.02,46096.27,0.9412568306010929,0.7028112449799198,3,2025-11-19 03:55:00,2.0,1
13322,-1,46184.52,46193.02,0.6848484848484848,0.3502575423105225,4,2025-11-19 04:30:00,2.0,0
13323,-1,46183.52,46198.77,0.6630686198920586,0.6411411411411412,4,2025-11-19 04:35:00,2.0,0
13325,-1,46181.27,46189.02,0.4821570182394925,0.3505654281098546,4,2025-11-19 04:45:00,2.0,0
13362,1,46075.02,46025.02,1.317931793179318,1.971830985915493,7,2025-11-19 07:50:00,1.892107765451872,3
13363,-1,46080.77,46097.02,1.185918591859186,0.6315058986814712,7,2025-11-19 07:55:00,-1.0,2
13364,-1,46077.02,46088.02,1.2783278327832783,0.4257083621285418,8,2025-11-19 08:00:00,-1.0,3
13366,-1,46080.52,46091.52,1.0982419855222336,0.4438040345821326,8,2025-11-19 08:10:00,-1.0,2
13395,-1,46126.12,46166.12,1.1494252873563218,1.4043887147335423,10,2025-11-19 10:35:00,-1.0,2
13401,1,46104.62,46065.87,1.2179607109448083,1.1666666666666667,11,2025-11-19 11:05:00,2.0,3
13413,-1,46175.37,46192.12,0.8238691049085659,0.6748201438848921,12,2025-11-19 12:05:00,-1.0,0
13421,-1,46168.37,46196.12,0.9811320754716981,1.3813333333333333,12,2025-11-19 12:45:00,-1.0,1
13436,1,46170.87,46158.62,1.3878080415045395,0.6533333333333333,14,2025-11-19 14:00:00,2.0,3
13437,1,46174.62,46159.12,1.147247119078105,0.8165569143932266,14,2025-11-19 14:05:00,2.0,2
13438,1,46181.12,46162.12,1.0716981132075472,1.038048780487805,14,2025-11-19 14:10:00,2.0,2
13443,-1,46221.12,46228.37,0.9483793517406963,0.35060449050086356,14,2025-11-19 14:35:00,-1.0,1
13447,-1,46212.12,46229.37,1.0158343483556638,0.8378143972246314,14,2025-11-19 14:55:00,2.0,2
13448,-1,46202.12,46225.12,1.320341047503045,1.1113028472821398,15,2025-11-19 15:00:00,2.0,3
13451,1,46180.62,46151.87,1.4234875444839858,1.2597809076682316,15,2025-11-19 15:15:00,-1.0,3
13477,-1,46189.32,46230.07,0.9702338766832034,0.6611043513529196,17,2025-11-19 17:25:00,2.0,1
13495,1,46049.32,45980.57,1.02240176276166,1.1835229019366738,18,2025-11-19 18:55:00,-1.0,2
13503,1,45947.07,45922.82,1.0887015177065766,0.3930535455861071,19,2025-11-19 19:35:00,2.0,2
13504,1,46059.82,45927.57,1.0935730935730936,1.877789046653144,19,2025-11-19 19:40:00,1.162440419447057,2
13511,-1,46088.32,46124.07,1.0065402223675606,0.5301906779661016,20,2025-11-19 20:15:00,-1.0,2
13513,-1,46066.07,46148.32,0.9723756906077348,1.159617321248741,20,2025-11-19 20:25:00,-1.0,1
13516,-1,46085.82,46153.82,1.0412739681507963,0.9202513291445144,20,2025-11-19 20:40:00,-1.0,2
13532,1,46050.32,46011.57,1.0246575342465754,0.7121759107318675,22,2025-11-19 22:00:00,2.0,2
13536,-1,46163.32,46221.32,1.082191780821918,0.9595273264401772,22,2025-11-19 22:20:00,-1.0,2
13540,-1,46176.32,46201.32,1.0316455696202531,0.43627298223745714,22,2025-11-19 22:40:00,2.0,2
13543,-1,46149.27,46200.57,1.1191310441485633,0.7615714967393442,22,2025-11-19 22:55:00,-1.0,2
13548,-1,46183.52,46250.52,0.9746880570409983,0.9970238095238065,23,2025-11-19 23:20:00,-1.0,1
13550,-1,46204.02,46243.27,0.8264285714285714,0.647957078002474,23,2025-11-19 23:30:00,-1.0,0
13556,-1,46242.83,46264.33,0.4149978696207925,0.43011674597390415,1,2025-11-20 01:00:00,-1.0,0
13589,-1,46406.33,46418.58,0.8339307048984468,0.7116182572614107,3,2025-11-20 03:45:00,2.0,0
13624,-1,46452.58,46458.08,0.5870646766169154,0.3422222222222222,6,2025-11-20 06:40:00,-1.0,0
13628,-1,46457.33,46461.33,1.1245674740484428,0.30517711171662126,7,2025-11-20 07:00:00,-1.0,2
13633,-1,46450.33,46462.08,0.8753993610223643,0.9733727810650887,7,2025-11-20 07:25:00,2.0,1
13656,-1,46470.18,46477.43,1.2610169491525425,0.4909310761789601,9,2025-11-20 09:20:00,-1.0,3
13659,-1,46456.68,46493.43,1.2281879194630871,2.166315789473684,9,2025-11-20 09:35:00,2.0,3
13677,1,46413.43,46392.93,1.3624856156501726,0.7643142476697736,11,2025-11-20 11:05:00,-1.0,3
13713,1,46341.43,46321.93,1.0792616720955484,0.7578070784177654,14,2025-11-20 14:05:00,2.0,2
13728,-1,46401.43,46415.93,1.5427302996670367,0.6222222222222222,15,2025-11-20 15:20:00,-1.0,3
13808,-1,45962.63,46051.63,1.0424757281553398,1.0577249575551784,22,2025-11-20 22:00:00,2.0,2
13818,1,45805.38,45755.38,1.065224111282844,0.6867794947265146,22,2025-11-20 22:50:00,-1.0,2
13819,1,45775.83,45742.83,1.0157650695517775,0.4394559117283382,22,2025-11-20 22:55:00,-1.0,2
13820,1,45770.08,45729.33,0.8939721792890263,0.5459068944069685,23,2025-11-20 23:00:00,2.0,1
13832,1,45787.05,45727.8,0.8780767029192902,1.43623928664186,1,2025-11-21 01:00:00,-1.0,1
13834,1,45772.8,45715.3,0.7770961145194274,1.518867924528302,1,2025-11-21 01:10:00,2.0,0
13841,-1,45850.55,45872.3,1.3225806451612903,0.5081351689612015,1,2025-11-21 01:45:00,-1.0,3
13843,-1,45847.55,45861.3,1.2447817836812145,0.3200332502078138,1,2025-11-21 01:55:00,-1.0,3
13844,-1,45838.8,45863.3,1.8045540796963946,0.5613747954173486,2,2025-11-21 02:00:00,-1.0,4
13875,-1,45965.55,45995.55,0.9003378378378378,1.1586206896551725,4,2025-11-21 04:35:00,-1.0,1
13876,-1,45981.55,45992.55,0.8023648648648649,0.4375,4,2025-11-21 04:40:00,-1.0,0
13878,-1,45977.05,45986.55,0.7360275150472915,0.4185680566483084,4,2025-11-21 04:50:00,-1.0,0
13887,-1,45984.05,46026.55,1.6503496503496504,1.6481994459833795,5,2025-11-21 05:35:00,2.0,3
13890,-1,45984.3,45999.55,0.971028971028971,0.6126255380200861,5,2025-11-21 05:50:00,2.0,1
13893,1,45954.55,45932.8,1.0583418628454453,0.8130841121495327,6,2025-11-21 06:05:00,-1.0,2
13903,1,45954.05,45918.05,1.208040201005025,1.2,6,2025-11-21 06:55:00,-1.0,2
13922,1,45925.05,45897.8,1.056943056943057,1.0830376153300214,8,2025-11-21 08:30:00,-1.0,2
13926,-1,45938.55,45960.3,0.8709016393442623,0.9116766467065868,8,2025-11-21 08:50:00,2.0,1
13941,1,45916.15,45843.15,2.3059313215400623,1.8464317976513098,10,2025-11-21 10:05:00,-1.0,4
13968,1,45797.9,45761.65,1.2216949152542373,0.9030249110320284,12,2025-11-21 12:20:00,2.0,3
13969,1,45775.4,45759.15,1.197060788243153,0.39755351681957185,12,2025-11-21 12:25:00,2.0,2
14018,1,45997.35,45888.15,2.306403351286655,2.791054313098967,16,2025-11-21 16:30:00,-1.0,4
14029,-1,45973.35,46090.35,1.0776616774922338,1.1084418880054137,17,2025-11-21 17:25:00,-1.0,2
14030,-1,45978.35,46047.35,1.052689961175818,0.6306512159294924,17,2025-11-21 17:30:00,-1.0,2
14037,1,45922.85,45846.85,0.9594487145507554,0.688673139158576,18,2025-11-21 18:05:00,2.0,1
14071,-1,46482.85,46539.6,1.0965651328580688,0.6869865974924341,20,2025-11-21 20:55:00,-1.0,2
14141,1,46335.5,46329.25,0.9685534591194969,0.304899296118193,3,2025-11-24 03:45:00,2.0,1
14149,-1,46391.25,46398.25,0.8982857142857142,0.31187346847849984,4,2025-11-24 04:25:00,-1.0,1
14205,1,46362.35,46341.35,1.2390852390852392,1.5174193548387098,9,2025-11-24 09:05:00,2.0,3
14210,-1,46388.35,46395.6,1.0280777537796977,0.4305408271474019,9,2025-11-24 09:30:00,-1.0,2
14216,-1,46349.6,46419.35,3.880851063829787,2.947924528301887,10,2025-11-24 10:00:00,-1.0,4
14221,-1,46432.6,46452.35,2.0885860306643953,0.703562340966921,10,2025-11-24 10:25:00,2.0,4
14222,-1,46424.85,46448.35,2.084967320261438,0.8308080808080809,10,2025-11-24 10:30:00,-1.0,4
14223,-1,46412.6,46439.6,2.0123076923076924,0.9163636363636364,10,2025-11-24 10:35:00,-1.0,4
14229,-1,46415.35,46447.35,1.0265895953757225,1.003921568627451,11,2025-11-24 11:05:00,2.0,2
14256,-1,46264.1,46286.1,0.9096671949286846,0.6595289079229123,13,2025-11-24 13:20:00,-1.0,1
14267,-1,46283.35,46314.85,0.8891050583657587,1.0562874251497005,14,2025-11-24 14:15:00,-1.0,1
14293,1,46394.85,46350.1,1.7264150943396226,1.452753623188406,16,2025-11-24 16:25:00,-1.0,4
14294,1,46398.55,46316.35,3.5257731958762886,2.285600794439049,16,2025-11-24 16:30:00,-1.0,4
14300,1,46364.05,46305.55,2.7148407148407148,0.7585089141004863,17,2025-11-24 17:00:00,2.0,4
14302,1,46408.55,46303.05,2.6164179104477614,1.2538200339558574,17,2025-11-24 17:10:00,1.0135478408128455,4
14303,-1,46412.05,46449.3,2.079046424090339,0.4392503684986313,17,2025-11-24 17:15:00,-1.0,4
14304,-1,46393.55,46448.8,1.2682737169517886,0.6328492534260585,17,2025-11-24 17:20:00,-1.0,3
14351,1,46535.3,46512.3,0.895445798588839,0.7787182587666264,21,2025-11-24 21:15:00,-1.0,1
14370,1,46516.55,46431.05,1.4353448275862069,2.1185840707964605,22,2025-11-24 22:50:00,-1.0,3
14371,-1,46460.0,46537.05,1.5742208135235076,1.727301841473244,22,2025-11-24 22:55:00,0.7553135059624149,3
14391,1,46464.38,46436.38,0.8125,1.5727181544633904,1,2025-11-25 01:35:00,-1.0,0
14393,1,46461.63,46449.88,1.41439205955335,0.5965548504079782,1,2025-11-25 01:45:00,-1.0,3
14433,-1,46415.88,46424.88,0.7008547008547008,0.7590361445783133,5,2025-11-25 05:05:00,2.0,0
14440,1,46398.38,46384.38,1.5210727969348659,1.3288135593220338,5,2025-11-25 05:40:00,-1.0,3
14444,1,46392.38,46380.63,1.2796934865900382,1.0015220700152208,6,2025-11-25 06:00:00,2.0,3
14447,-1,46420.88,46429.88,0.758220502901354,0.6951724137931035,6,2025-11-25 06:15:00,-1.0,0
14460,-1,46407.38,46430.63,1.2354211663066954,1.9491017964071855,7,2025-11-25 07:20:00,-1.0,3
14493,-1,46420.23,46446.48,2.745833333333333,1.5823466092572658,10,2025-11-25 10:05:00,-1.0,4
14503,1,46389.48,46370.98,1.2201722017220171,0.731638418079096,10,2025-11-25 10:55:00,2.0,3
14504,1,46411.48,46380.98,1.3498871331828441,1.1333775713337757,11,2025-11-25 11:00:00,-1.0,3
14512,1,46400.98,46368.48,0.962671905697446,1.3236363636363637,11,2025-11-25 11:40:00,2.0,1
14522,1,46390.98,46366.98,1.163916391639164,1.1052631578947367,12,2025-11-25 12:30:00,2.0,2
14524,-1,46411.48,46422.48,0.9807474518686297,0.5116279069767442,12,2025-11-25 12:40:00,-1.0,1
14528,-1,46411.48,46418.98,0.9343246592317225,0.41055718475073316,13,2025-11-25 13:00:00,2.0,1
14551,-1,46437.98,46453.48,2.116531165311653,0.5031884057971014,14,2025-11-25 14:55:00,-1.0,4
14573,-1,46375.43,46608.68,2.9678483099752677,3.3145554202192544,16,2025-11-25 16:45:00,-1.0,4
14574,-1,46509.18,46534.93,3.046990931574608,0.31735551740833745,16,2025-11-25 16:50:00,-1.0,4
14585,-1,46796.93,46877.68,0.8926686217008798,0.6577454545454545,17,2025-11-25 17:45:00,-1.0,1
14589,-1,46797.93,46828.68,0.8351906158357771,0.33884297520661155,18,2025-11-25 18:05:00,-1.0,0
14630,-1,47041.68,47053.18,1.1830799735624586,0.4112388250319285,21,2025-11-25 21:30:00,2.0,2
14670,-1,47136.15,47171.9,1.1174089068825912,2.69811320754717,1,2025-11-26 01:50:00,-1.0,2
14672,-1,47163.9,47175.9,2.866396761133603,0.7111111111111111,2,2025-11-26 02:00:00,-1.0,4
14674,-1,47167.15,47181.15,1.7042801556420233,0.799184505606524,2,2025-11-26 02:10:00,-1.0,4
14693,-1,47219.65,47225.65,0.8063492063492064,0.3981042654028436,3,2025-11-26 03:45:00,-1.0,0
14695,-1,47221.4,47227.15,0.8417618270799347,0.38333333333333336,3,2025-11-26 03:55:00,-1.0,0
14696,-1,47223.65,47231.65,0.8173913043478261,0.5456760048721072,4,2025-11-26 04:00:00,-1.0,0
14700,-1,47222.65,47230.15,1.0846153846153845,0.5391527599486521,4,2025-11-26 04:20:00,-1.0,2
14701,-1,47221.9,47227.65,0.8088235294117647,0.46131805157593125,4,2025-11-26 04:25:00,2.0,0
14726,1,47211.15,47203.65,0.7662337662337663,0.9271523178807948,6,2025-11-26 06:30:00,2.0,0
14750,-1,47241.65,47245.65,1.605263157894737,0.5476772616136919,8,2025-11-26 08:30:00,-1.0,3
14751,-1,47234.65,47246.65,1.316614420062696,1.5412844036697249,8,2025-11-26 08:35:00,-1.0,3
14754,-1,47243.65,47249.9,0.6144200626959248,0.7399577167019028,8,2025-11-26 08:50:00,-1.0,0
14755,-1,47238.15,47248.65,0.75,1.2024539877300613,8,2025-11-26 08:55:00,-1.0,0
14759,-1,47239.25,47248.25,0.8837209302325582,0.9016100178890876,9,2025-11-26 09:15:00,-1.0,1
14795,-1,47244.75,47250.75,0.6757990867579908,0.4534412955465587,12,2025-11-26 12:15:00,2.0,0
14796,-1,47235.25,47248.25,0.7403846153846154,0.9591567852437417,12,2025-11-26 12:20:00,2.0,0
14806,1,47211.25,47201.75,0.8435643564356435,0.6751269035532995,13,2025-11-26 13:10:00,-1.0,0
14807,1,47215.75,47206.25,0.9539078156312625,0.652760736196319,13,2025-11-26 13:15:00,-1.0,1
14808,1,47219.25,47191.25,1.0061855670103093,1.7657657657657657,13,2025-11-26 13:20:00,-1.0,2
14809,1,47211.25,47206.25,0.995850622406639,0.31076581576026635,13,2025-11-26 13:25:00,-1.0,1
14834,-1,47208.0,47223.25,0.8872180451127819,0.8169121867227901,15,2025-11-26 15:30:00,-1.0,1
14836,-1,47218.25,47234.25,1.305764411027569,0.8172199927033972,15,2025-11-26 15:40:00,-1.0,3
14883,-1,47561.45,47587.45,0.9940387481371088,0.7466666666666667,19,2025-11-26 19:35:00,2.0,1
14885,-1,47550.45,47578.95,0.9029345372460497,0.8329853862212944,19,2025-11-26 19:45:00,2.0,1
14890,1,47534.45,47482.95,2.1919879062736207,1.2199661590524535,20,2025-11-26 20:10:00,-1.0,4
14892,1,47540.95,47478.45,1.6402116402116402,1.4067524115755627,20,2025-11-26 20:20:00,-1.0,3
14897,1,47518.45,47455.45,1.1691864650827934,1.3770491803278688,20,2025-11-26 20:45:00,-1.0,2
14945,1,47459.4,47430.15,2.453038674033149,1.954653937947494,1,2025-11-27 01:45:00,0.23491204330175172,4
14947,-1,47441.65,47498.4,2.386740331491713,2.822380106571936,1,2025-11-27 01:55:00,-0.5260875849111408,4
14948,1,47489.4,47434.65,3.569060773480663,2.349425287356322,2,2025-11-27 02:00:00,-0.23936915026898728,4
14997,-1,47470.4,47475.9,0.6690140845070423,0.7315914489311164,6,2025-11-27 06:05:00,-1.0,0
14998,-1,47467.15,47472.4,0.8100358422939068,0.6950354609929078,6,2025-11-27 06:10:00,-1.0,0
15004,-1,47471.9,47479.4,0.8088888888888889,1.16991643454039,6,2025-11-27 06:40:00,-1.0,0
15018,-1,47476.9,47479.4,1.2403846153846154,0.39215686274509803,7,2025-11-27 07:50:00,2.0,3
15039,1,47451.0,47438.5,1.1863117870722433,1.1965811965811965,9,2025-11-27 09:35:00,-1.0,2
15043,-1,47461.5,47467.0,1.048951048951049,0.4666666666666666,9,2025-11-27 09:55:00,2.0,2
15044,-1,47451.75,47463.75,2.5017421602787455,0.9838945827232797,10,2025-11-27 10:00:00,-1.0,4
15046,1,47450.0,47427.5,2.3958333333333335,1.6091954022988506,10,2025-11-27 10:10:00,-1.0,4
15053,-1,47456.0,47476.0,1.5738636363636365,1.2430632630410654,10,2025-11-27 10:45:00,2.0,3
15054,-1,47461.75,47466.5,1.2064220183486238,0.30056497175141245,10,2025-11-27 10:50:00,2.0,2
15055,-1,47444.0,47467.5,0.9577464788732394,1.4150537634408602,10,2025-11-27 10:55:00,0.108492089118514,1
15070,1,47436.0,47427.0,0.8200836820083682,0.6684350132625995,12,2025-11-27 12:10:00,-1.0,0
15095,-1,47449.0,47458.0,1.125,0.8221859706362153,14,2025-11-27 14:15:00,2.0,2
15111,-1,47453.75,47460.75,1.1455696202531647,0.5948406676783005,15,2025-11-27 15:35:00,2.0,2
15113,-1,47442.0,47456.5,0.6708860759493671,1.215568862275449,15,2025-11-27 15:45:00,-1.0,0
15122,-1,47457.7,47478.0,1.929078014184397,1.4934314240674533,16,2025-11-27 16:30:00,-1.0,4
15145,1,47452.2,47439.2,0.9478672985781991,1.2297297297297298,18,2025-11-27 18:25:00,-1.0,1
15155,1,47428.7,47419.7,0.6630434782608695,0.702928870292887,19,2025-11-27 19:15:00,2.0,0
15192,-1,47539.21,47544.21,0.19101123595505617,0.5017921146953406,3,2025-11-28 03:15:00,2.0,0
15204,1,47507.71,47501.46,0.4,0.7882882882882882,4,2025-11-28 04:15:00,-1.0,0
15216,1,47518.21,47477.21,4.055555555555555,2.953434525340902,15,2025-11-28 15:35:00,2.0,4
15217,-1,47510.81,47536.81,1.8333333333333333,1.668959193030731,15,2025-11-28 15:40:00,-1.0,4
15219,1,47503.21,47497.21,1.4444444444444444,0.36059240180296653,15,2025-11-28 15:50:00,2.0,3
15220,-1,47498.21,47519.56,1.3888888888888888,1.2361455748551904,15,2025-11-28 15:55:00,-1.0,3
15222,-1,47511.56,47549.31,7.027027027027027,1.398148148148175,16,2025-11-28 16:05:00,-1.0,4
15223,-1,47506.56,47525.81,6.324324324324325,0.6840101522842765,16,2025-11-28 16:10:00,-1.0,4
15230,-1,47565.26,47584.51,11.980952380952381,0.48716558206797717,16,2025-11-28 16:45:00,-1.0,4
15263,1,47686.51,47658.51,1.0158511371467953,0.8878822197055493,19,2025-11-28 19:30:00,-1.0,2
15265,1,47679.51,47668.51,1.0148448043184886,0.3888888888888889,19,2025-11-28 19:40:00,2.0,2
15282,1,47673.02,47650.02,0.695356738391846,0.92,1,2025-12-01 01:45:00,-1.0,0
15284,1,47677.02,47658.02,0.8163265306122449,0.8391167192429022,1,2025-12-01 01:55:00,-1.0,0
15319,1,47520.52,47508.27,0.5991678224687933,0.8345498783454988,4,2025-12-01 04:50:00,-1.0,0
15326,1,47511.27,47505.27,0.6602254428341385,0.44562334217506633,5,2025-12-01 05:25:00,-1.0,0
15337,1,47490.02,47485.52,0.7844827586206896,0.391304347826087,6,2025-12-01 06:20:00,-1.0,0
15352,1,47440.02,47432.27,0.9948979591836735,0.6458333333333334,7,2025-12-01 07:35:00,2.0,1
15362,-1,47478.52,47485.02,1.1853546910755148,0.5465465465465466,8,2025-12-01 08:25:00,2.0,2
15374,1,47475.12,47450.62,1.2114537444933922,1.5788262370540853,9,2025-12-01 09:25:00,-1.0,3
15375,-1,47454.87,47480.62,1.2294372294372293,1.5555555555555558,9,2025-12-01 09:30:00,-1.0,3
15378,-1,47473.12,47482.87,0.9647577092511013,0.5438247011952192,9,2025-12-01 09:45:00,-1.0,1
15381,-1,47451.12,47481.62,2.2775330396475773,1.5903165735567972,10,2025-12-01 10:00:00,-1.0,4
15429,-1,47525.62,47539.12,1.2061538461538461,0.7866805411030178,14,2025-12-01 14:00:00,2.0,2
15436,1,47487.12,47471.62,0.9986320109439124,0.77847533632287,14,2025-12-01 14:35:00,-1.0,1
15439,1,47489.12,47472.87,1.1914893617021276,0.7666385846672282,14,2025-12-01 14:50:00,-1.0,2
15442,1,47494.12,47469.62,1.086900129701686,1.0610982211910285,15,2025-12-01 15:05:00,-1.0,2
15460,-1,47515.32,47534.32,4.477951635846373,0.598088813940416,16,2025-12-01 16:35:00,-1.0,4
15468,-1,47509.82,47538.82,2.613254203758655,0.5142495250158328,17,2025-12-01 17:15:00,2.0,4
15474,1,47417.32,47393.07,0.9616989002654531,0.4078078078078078,17,2025-12-01 17:45:00,2.0,1
15486,-1,47528.82,47551.32,0.6434859154929577,0.4457021577644146,18,2025-12-01 18:45:00,2.0,0
15504,-1,47554.32,47570.32,0.7188665175242357,0.4830188679245283,20,2025-12-01 20:15:00,-1.0,0
15506,-1,47551.32,47563.82,0.6600458365164248,0.42117930204572807,20,2025-12-01 20:25:00,-1.0,0
15512,-1,47552.32,47567.32,0.7027522935779816,0.6491499227202473,20,2025-12-01 20:55:00,2.0,0
15561,1,47268.36,47262.36,2.694006309148265,0.39482961222091656,2,2025-12-02 02:00:00,2.0,4
15562,1,47278.11,47266.61,2.6230529595015577,0.717948717948718,2,2025-12-02 02:05:00,2.0,4
15574,-1,47304.11,47316.86,1.8789144050104385,0.8654545454545455,3,2025-12-02 03:05:00,2.0,4
15576,-1,47303.11,47314.61,1.249500998003992,0.822477650063857,3,2025-12-02 03:15:00,2.0,3
15578,-1,47304.61,47310.11,0.8522727272727273,0.40419947506561676,3,2025-12-02 03:25:00,2.0,1
15585,1,47284.61,47269.61,1.4980237154150198,1.086506622516563,4,2025-12-02 04:00:00,-1.0,3
15587,1,47277.11,47265.36,1.0393700787401574,0.8725401792818173,4,2025-12-02 04:10:00,-1.0,2
15589,1,47274.11,47270.11,0.5067698259187621,0.3408814219625054,4,2025-12-02 04:20:00,-1.0,0
15592,1,47276.61,47263.61,0.7195357833655706,1.130224181829481,4,2025-12-02 04:35:00,-1.0,0
15600,1,47267.86,47259.61,1.0611111111111111,0.7886650734039078,5,2025-12-02 05:15:00,-1.0,2
15607,1,47268.11,47253.11,1.3736263736263736,1.127819548872198,5,2025-12-02 05:50:00,-1.0,3
15634,1,47247.11,47244.11,1.4517133956386292,0.3463917525773196,8,2025-12-02 08:05:00,-1.0,3
15641,1,47248.11,47239.11,1.054945054945055,0.9147005444646099,8,2025-12-02 08:40:00,2.0,2
15644,-1,47257.86,47272.61,1.2921348314606742,1.3585526315789473,8,2025-12-02 08:55:00,-1.0,3
15653,-1,47260.71,47266.21,1.2793296089385475,0.44573082489146165,9,2025-12-02 09:40:00,2.0,3
15655,-1,47259.21,47269.21,1.0888888888888888,0.7932011331444759,9,2025-12-02 09:50:00,2.0,2
15659,1,47248.21,47217.21,2.837078651685393,1.974971558589306,10,2025-12-02 10:10:00,2.0,4
15715,1,47327.21,47317.21,1.1876606683804627,0.7909604519774012,14,2025-12-02 14:50:00,2.0,2
15734,-1,47387.46,47436.21,1.939879759519038,2.158102766798419,16,2025-12-02 16:25:00,-1.0,4
15735,-1,47316.91,47471.21,6.4238921001926785,4.859295917219571,16,2025-12-02 16:30:00,-1.0,4
15736,1,47327.16,47296.41,6.36468330134357,0.8784817875727046,16,2025-12-02 16:35:00,-1.0,4
15737,1,47321.41,47277.41,5.950095969289827,1.1512942715634147,16,2025-12-02 16:40:00,2.0,4
15738,1,47324.16,47306.66,5.782442748091603,0.43378186968838867,16,2025-12-02 16:45:00,2.0,4
15739,1,47340.41,47306.41,5.364661654135339,0.8002689979825209,16,2025-12-02 16:50:00,2.0,4
15746,-1,47366.41,47488.41,1.0641148325358851,1.8063560890487103,17,2025-12-02 17:25:00,-1.0,2
15750,-1,47497.41,47526.16,0.8538263112639725,0.42728237791932056,17,2025-12-02 17:45:00,-1.0,1
15755,-1,47509.66,47585.41,1.0838600927096502,1.1574351978171897,18,2025-12-02 18:10:00,2.0,2
15756,-1,47480.66,47525.41,1.1150442477876106,0.6670215597551238,18,2025-12-02 18:15:00,2.0,2
15782,1,47370.41,47344.91,0.9537767756482526,0.5530596436870643,20,2025-12-02 20:25:00,-1.0,1
15785,1,47355.41,47323.41,1.023117960877297,0.6686567164179105,20,2025-12-02 20:40:00,2.0,2
15786,1,47380.41,47344.16,1.064611736810907,0.760584488572499,20,2025-12-02 20:45:00,2.0,2
15809,-1,47580.41,47603.41,1.0097902097902098,0.8014934660858742,22,2025-12-02 22:40:00,2.0,2
15810,-1,47574.91,47600.91,1.0433566433566435,0.8856447688564477,22,2025-12-02 22:45:00,2.0,2
15811,-1,47521.66,47585.66,1.3454545454545455,2.020293122886133,22,2025-12-02 22:50:00,-0.5667436374921516,3
15826,-1,47512.92,47517.92,0.26822157434402333,0.4464001020343157,1,2025-12-03 01:05:00,-1.0,0
15843,1,47518.67,47499.42,2.4224422442244222,1.0395371263259403,2,2025-12-03 02:30:00,2.0,4
15844,1,47533.42,47514.42,1.6021798365122615,0.9672727272727273,2,2025-12-03 02:35:00,2.0,3
15847,-1,47558.42,47576.42,1.1031175059952039,0.8083400160384924,2,2025-12-03 02:50:00,-1.0,2
15849,-1,47561.42,47574.42,1.3616071428571428,0.6222222222222222,3,2025-12-03 03:00:00,-1.0,3
15856,-1,47569.42,47577.42,0.7903525046382189,0.5143513203214696,3,2025-12-03 03:35:00,-1.0,0
15869,-1,47574.67,47580.42,0.5569620253164557,0.5760286225402504,4,2025-12-03 04:40:00,-1.0,0
15877,-1,47596.92,47600.92,0.6482758620689655,0.4418145956607495,5,2025-12-03 05:20:00,-1.0,0
15887,-1,47620.42,47625.42,1.0782608695652174,0.6542056074766355,6,2025-12-03 06:10:00,2.0,2
15889,-1,47619.42,47623.92,0.5333333333333333,0.6206896551724138,6,2025-12-03 06:20:00,2.0,0
15918,1,47612.17,47586.42,1.6381909547738693,2.0688665710186513,8,2025-12-03 08:45:00,-1.0,3
15937,1,47576.02,47567.52,2.0301204819277108,0.5606595995288575,10,2025-12-03 10:20:00,-1.0,4
15938,1,47576.02,47568.52,2.56140350877193,0.4912280701754386,10,2025-12-03 10:25:00,-1.0,4
15940,1,47572.52,47555.52,1.9180327868852458,1.0042194092827006,10,2025-12-03 10:35:00,-1.0,4
15941,1,47588.02,47569.52,1.600997506234414,1.064748201438849,10,2025-12-03 10:40:00,-1.0,3
15945,-1,47594.77,47612.52,1.3204225352112675,0.9870903674280039,11,2025-12-03 11:00:00,2.0,3
15974,1,47575.02,47565.27,0.8663366336633663,0.7959183673469388,13,2025-12-03 13:25:00,-1.0,1
15981,1,47559.02,47541.77,2.1731843575418996,1.4375,14,2025-12-03 14:00:00,2.0,4
15996,-1,47591.52,47632.02,2.8133704735376046,2.7828220858895705,15,2025-12-03 15:15:00,2.0,4
16030,-1,47694.72,47731.22,0.6371619248331577,0.6881691468587947,18,2025-12-03 18:05:00,-1.0,0
16033,-1,47726.22,47757.97,0.7668353444920203,0.6289352670675629,18,2025-12-03 18:20:00,-1.0,0
16034,-1,47702.72,47732.22,0.7823577906018137,0.5927520631503408,18,2025-12-03 18:25:00,-1.0,0
16040,-1,47690.22,47729.47,1.070409134157945,0.8110701107011069,18,2025-12-03 18:55:00,-1.0,2
16090,-1,47982.17,47996.67,0.9467787114845938,0.4228726174356812,23,2025-12-03 23:05:00,-1.0,1
16124,1,47929.65,47922.65,1.9424460431654675,0.6251993620414673,2,2025-12-04 02:55:00,2.0,4
16126,1,47949.15,47927.15,1.84,1.7040110650069156,3,2025-12-04 03:05:00,0.35675101751903787,4
16148,-1,47962.15,47968.15,0.7486033519553073,0.711864406779661,4,2025-12-04 04:55:00,2.0,0
16156,1,47936.15,47925.65,1.35,1.176,5,2025-12-04 05:35:00,2.0,3
16188,1,47949.4,47938.9,1.4457831325301205,1.286652078774617,8,2025-12-04 08:15:00,2.0,3
16189,1,47948.15,47942.9,0.9034749034749034,0.6461538461538462,8,2025-12-04 08:20:00,2.0,1
16190,1,47953.15,47946.65,0.9034749034749034,0.8625592417061612,8,2025-12-04 08:25:00,2.0,1
16197,-1,47963.75,47967.15,1.4396551724137931,0.4397228637415277,9,2025-12-04 09:00:00,-1.0,3
16199,-1,47963.75,47973.25,1.25,1.0290135396518374,9,2025-12-04 09:10:00,-1.0,3
16212,1,47939.0,47933.75,2.977777777777778,0.4537037037037037,10,2025-12-04 10:15:00,-1.0,4
16224,1,47914.75,47903.75,1.1584158415841583,0.6688382193268186,11,2025-12-04 11:15:00,2.0,2
16261,-1,47952.75,47964.5,0.8978494623655914,1.1898734177215189,14,2025-12-04 14:20:00,2.0,1
16263,-1,47948.75,47958.75,1.1349862258953167,0.9790209790209791,14,2025-12-04 14:30:00,2.0,2
16275,1,47933.75,47916.5,2.78125,1.1311475409836065,15,2025-12-04 15:30:00,-1.0,4
16279,1,47925.75,47909.75,1.6780487804878048,0.9124236252545825,15,2025-12-04 15:50:00,2.0,4
16281,1,47929.5,47915.0,2.4705882352941178,0.8656716417910447,16,2025-12-04 16:00:00,2.0,4
16284,-1,47940.75,47962.75,1.9957716701902748,1.0759825327510917,16,2025-12-04 16:15:00,-1.0,4
16288,-1,47946.2,48020.95,5.035608308605341,2.0755652518841847,16,2025-12-04 16:35:00,0.28655494435205964,4
16289,-1,47904.45,47972.95,3.974457215836526,1.7073170731707408,16,2025-12-04 16:40:00,0.18464197193987228,4
16319,1,47830.95,47786.95,0.9114408808042126,0.9777777777777777,19,2025-12-04 19:10:00,2.0,1
16330,-1,47869.45,47898.95,0.94375,0.9538106235565821,20,2025-12-04 20:05:00,-1.0,1
16337,-1,47889.95,47923.7,1.1099554234769688,1.13377324535093,20,2025-12-04 20:40:00,2.0,2
16338,-1,47890.95,47906.95,1.0222882615156017,0.5547987616099072,20,2025-12-04 20:45:00,2.0,2
16347,1,47818.95,47751.95,1.4784651527016446,1.7000453103760762,21,2025-12-04 21:30:00,0.6712843450479816,3
16378,-1,47860.54,47875.04,0.41935483870967744,1.3543265061044818,1,2025-12-05 01:05:00,-1.0,0
16396,-1,47877.04,47887.79,1.789090909090909,0.7124260355029586,2,2025-12-05 02:35:00,-1.0,4
16399,-1,47876.04,47881.54,1.0229885057471264,0.3854818523153943,2,2025-12-05 02:50:00,-1.0,2
16402,-1,47876.54,47887.04,1.1873479318734794,0.7075812274368232,3,2025-12-05 03:05:00,-1.0,2
16405,-1,47876.79,47883.54,0.954337899543379,0.5149863760217983,3,2025-12-05 03:20:00,-1.0,1
16409,-1,47887.04,47892.04,0.9452054794520548,0.46979865771812085,3,2025-12-05 03:40:00,-1.0,1
16413,-1,47883.04,47893.04,0.6346153846153846,1.0389610389610389,4,2025-12-05 04:00:00,-1.0,0
16416,-1,47891.54,47896.29,0.9264305177111717,0.5341365461847389,4,2025-12-05 04:15:00,-1.0,1
16421,-1,47889.54,47910.04,1.031700288184438,1.4513274336283186,4,2025-12-05 04:40:00,-0.21846553966189858,2
16441,1,47886.04,47870.54,1.3279352226720649,1.3272171253822629,6,2025-12-05 06:20:00,2.0,3
16465,-1,47895.54,47902.04,0.911504424778761,0.9430051813471502,8,2025-12-05 08:20:00,-1.0,1
16468,1,47892.04,47886.54,1.103734439834025,0.7439613526570048,8,2025-12-05 08:35:00,2.0,2
16471,1,47889.29,47881.04,0.6810344827586207,0.951635494768044,8,2025-12-05 08:50:00,2.0,0
16472,1,47890.79,47887.54,0.7889908256880734,0.36510993419996024,8,2025-12-05 08:55:00,2.0,0
16473,1,47892.64,47887.79,1.5471698113207548,0.513926733272618,9,2025-12-05 09:00:00,2.0,3
16474,-1,47896.14,47910.64,1.8807339449541285,1.4750762970498195,9,2025-12-05 09:05:00,-1.0,4
16475,1,47892.64,47887.64,1.1559633027522935,0.4925415142133318,9,2025-12-05 09:10:00,-1.0,2
16490,-1,47891.14,47914.89,2.5704225352112675,1.7639257294429709,10,2025-12-05 10:25:00,-1.0,4
16491,1,47884.64,47877.14,1.8135048231511255,0.5483028720626631,10,2025-12-05 10:30:00,-1.0,4
16492,1,47884.14,47872.64,1.794392523364486,0.8070175438596491,10,2025-12-05 10:35:00,-1.0,4
16493,1,47883.64,47875.14,1.3413897280966767,0.5987421383647799,10,2025-12-05 10:40:00,-1.0,3
16494,1,47882.64,47877.64,1.1666666666666667,0.3631647211413748,10,2025-12-05 10:45:00,-1.0,2
16511,1,47859.14,47855.39,0.7923627684964201,0.36777583187390545,12,2025-12-05 12:10:00,2.0,0
16517,-1,47861.64,47866.89,0.7416413373860182,0.6036960985626284,12,2025-12-05 12:40:00,-1.0,0
16519,-1,47864.64,47868.14,1.1751824817518248,0.44144144144144143,12,2025-12-05 12:50:00,-1.0,2
16520,-1,47861.64,47867.14,0.8467153284671532,0.6814159292035399,12,2025-12-05 12:55:00,-1.0,0
16559,1,47867.64,47848.64,1.5804195804195804,0.8312499999999999,16,2025-12-05 16:10:00,2.0,3
16563,-1,47923.84,47959.64,5.6046901172529315,1.2506550218341628,16,2025-12-05 16:30:00,-1.0,4
16600,1,47911.84,47867.84,0.7979563399907106,1.1829092654824773,19,2025-12-05 19:35:00,2.0,0
16631,1,47994.84,47958.09,0.8826291079812206,1.4144329896907217,22,2025-12-05 22:10:00,-1.0,1
16634,1,47978.84,47965.34,0.875515251442704,0.5181631254283756,22,2025-12-05 22:25:00,-1.0,1
16653,-1,47962.78,47991.28,0.4049079754601227,1.6225448334755908,1,2025-12-08 01:00:00,0.25842739330368564,0
16695,-1,47951.28,47955.28,0.6991404011461319,0.4765957446808511,4,2025-12-08 04:30:00,-1.0,0
16696,-1,47949.28,47956.28,0.5578635014836796,0.8166666666666667,4,2025-12-08 04:35:00,-1.0,0
16701,-1,47954.28,47960.53,0.9819494584837545,0.7625272331154684,5,2025-12-08 05:00:00,-1.0,1
16702,-1,47952.28,47957.03,0.5535055350553506,0.5770065075921909,5,2025-12-08 05:05:00,-1.0,0
16735,-1,47973.28,47981.28,1.1830985915492958,1.1851851851851851,7,2025-12-08 07:50:00,-1.0,2
16737,-1,47972.53,47979.03,1.9859154929577465,0.903225806451613,8,2025-12-08 08:00:00,-1.0,4
16740,-1,47982.78,47987.03,1.5974025974025974,0.5573770491803278,8,2025-12-08 08:15:00,2.0,3
16749,1,47968.88,47957.03,2.0595238095238093,1.5526438933082067,9,2025-12-08 09:00:00,2.0,4
16764,1,47965.88,47956.38,2.4237288135593222,0.7589158345221113,10,2025-12-08 10:15:00,-1.0,4
16766,1,47964.88,47951.38,1.7753623188405796,1.037037037037037,10,2025-12-08 10:25:00,-1.0,4
16767,1,47960.38,47950.13,1.7202797202797202,0.7503267973856209,10,2025-12-08 10:30:00,-1.0,4
16768,1,47968.38,47955.63,1.8831615120274914,0.8992443324937027,10,2025-12-08 10:35:00,-1.0,4
16809,-1,47967.88,47972.38,1.688622754491018,0.36681222707423583,14,2025-12-08 14:00:00,-1.0,4
16811,-1,47969.13,47979.38,0.7784431137724551,0.8710166919575114,14,2025-12-08 14:10:00,-1.0,0
16812,-1,47965.38,47977.88,0.8936170212765957,1.046337817638266,14,2025-12-08 14:15:00,-1.0,1
16816,-1,47975.88,47983.88,0.8184615384615385,0.632768361581921,14,2025-12-08 14:35:00,-1.0,0
16820,-1,47968.63,47985.38,1.1661442006269593,1.3155680224403927,14,2025-12-08 14:55:00,-1.0,2
16825,-1,47970.88,47994.88,2.200626959247649,1.6212303980699638,15,2025-12-08 15:20:00,-1.0,4
16829,1,47958.38,47945.88,1.265536723163842,0.8064516129032258,15,2025-12-08 15:40:00,2.0,3
16838,-1,47986.88,48005.88,2.6724511930585684,1.034013605442177,16,2025-12-08 16:25:00,2.0,4
16861,1,47822.08,47791.58,0.915719696969697,0.6152737752161384,18,2025-12-08 18:20:00,-1.0,1
16874,1,47736.08,47702.83,0.8181296615031555,0.8301382077574676,19,2025-12-08 19:25:00,-1.0,0
16909,-1,47715.08,47730.83,0.7088989441930619,0.6327116212338594,22,2025-12-08 22:20:00,-1.0,0
16910,-1,47712.33,47727.08,0.7594158339738662,0.6433021806853583,22,2025-12-08 22:25:00,-1.0,0
16936,1,47755.54,47725.54,1.3333333333333333,1.6816816816816815,1,2025-12-09 01:35:00,0.3627412877315605,3
16941,-1,47772.04,47785.04,1.6898734177215189,0.7236580516898607,2,2025-12-09 02:00:00,2.0,4
16943,-1,47767.04,47778.79,0.8948948948948949,0.7159956474428727,2,2025-12-09 02:10:00,2.0,1
16954,1,47758.54,47745.04,1.6955223880597015,1.237315875613748,3,2025-12-09 03:05:00,-1.0,4
16955,1,47765.54,47755.79,1.267379679144385,0.9413793103448276,3,2025-12-09 03:10:00,-1.0,3
16974,-1,47763.29,47780.54,0.8552338530066815,1.4976744186046513,4,2025-12-09 04:45:00,-1.0,1
16992,1,47762.54,47755.29,0.7870036101083032,1.022670025188917,6,2025-12-09 06:15:00,-1.0,0
16994,1,47762.29,47755.04,0.694980694980695,0.9666666666666667,6,2025-12-09 06:25:00,-1.0,0
17002,1,47753.79,47749.29,1.831858407079646,0.6666666666666666,7,2025-12-09 07:05:00,-1.0,4
17003,1,47754.54,47748.54,1.3920704845814977,0.8682170542635659,7,2025-12-09 07:10:00,-1.0,3
17005,1,47753.04,47750.04,1.118942731277533,0.417910447761194,7,2025-12-09 07:20:00,-1.0,2
17016,1,47749.54,47743.54,1.1403508771929824,0.8235294117647058,8,2025-12-09 08:15:00,2.0,2
17019,-1,47758.04,47764.04,1.9075630252100841,0.7860016842893043,8,2025-12-09 08:30:00,-1.0,4
17033,-1,47782.64,47787.64,1.1888111888111887,0.5156537753222836,9,2025-12-09 09:40:00,-1.0,2
17035,-1,47779.14,47787.64,0.5906040268456376,0.9834710743801653,9,2025-12-09 09:50:00,-1.0,0
17038,-1,47779.89,47789.89,2.461038961038961,0.9491525423728813,10,2025-12-09 10:05:00,-1.0,4
17042,-1,47782.64,47810.64,1.9688473520249221,2.0962566844919786,10,2025-12-09 10:25:00,2.0,4
17043,-1,47782.39,47789.64,1.9021406727828747,0.5191815856777494,10,2025-12-09 10:30:00,-1.0,4
17045,1,47772.64,47761.64,1.514792899408284,0.7289940828402367,10,2025-12-09 10:40:00,-1.0,3
17049,1,47780.64,47763.64,1.405639913232104,1.0473047304730472,11,2025-12-09 11:00:00,-1.0,3
17069,1,47785.14,47718.14,3.7183098591549295,2.9085271317829458,12,2025-12-09 12:40:00,-1.0,4
17114,1,47745.64,47702.39,2.2413793103448274,1.9643146796431468,16,2025-12-09 16:25:00,2.0,4
17115,1,47887.84,47729.14,5.429012345679013,4.94888072168387,16,2025-12-09 16:30:00,-1.0,4
17166,1,47619.84,47562.84,1.1424819435325015,1.4061674008810574,20,2025-12-09 20:45:00,-1.0,2
17167,1,47633.84,47611.84,0.9471624266144814,0.5370531822144725,20,2025-12-09 20:50:00,-1.0,1
17188,1,47607.84,47583.84,1.1591489361702128,0.9876543209876628,22,2025-12-09 22:35:00,-1.0,2
17189,1,47603.84,47586.34,1.0842553191489361,0.7107629823034582,22,2025-12-09 22:40:00,-1.0,2
17190,1,47603.34,47587.84,1.1982978723404256,0.6615853658536586,22,2025-12-09 22:45:00,-1.0,2
17220,-1,47563.77,47580.27,1.8190954773869348,1.3648449039881831,2,2025-12-10 02:15:00,-1.0,4
17229,1,47558.77,47549.77,1.8353909465020577,0.8600682593856656,3,2025-12-10 03:00:00,-1.0,4
17231,1,47555.77,47547.77,1.7037037037037037,0.7308319738988581,3,2025-12-10 03:10:00,2.0,4
17312,1,47584.37,47574.37,1.1050228310502284,1.0916179337231968,9,2025-12-10 09:55:00,2.0,2
17315,-1,47596.37,47613.37,2.8127853881278537,1.3697841726618705,10,2025-12-10 10:10:00,2.0,4
17318,-1,47595.37,47612.37,2.484581497797357,1.182608695652174,10,2025-12-10 10:25:00,2.0,4
17321,-1,47582.62,47606.37,2.3219178082191783,1.362704918032787,10,2025-12-10 10:40:00,2.0,4
17322,1,47583.37,47570.87,2.3767123287671232,0.6756756756756757,10,2025-12-10 10:45:00,-1.0,4
17324,1,47588.37,47569.37,1.107398568019093,0.9333333333333333,10,2025-12-10 10:55:00,-1.0,2
17333,1,47580.87,47569.37,0.7964285714285714,0.6618705035971223,11,2025-12-10 11:40:00,-1.0,0
17389,1,47541.37,47520.12,1.368421052631579,0.9370078740157481,16,2025-12-10 16:20:00,-1.0,3
17392,1,47548.57,47466.32,4.753799392097265,2.5166648453720746,16,2025-12-10 16:35:00,2.0,4
17442,1,47732.57,47698.57,1.0955993930197268,1.1511487303506651,20,2025-12-10 20:45:00,2.0,2
17444,1,47741.07,47701.57,1.0221238938053097,1.3496034167175106,20,2025-12-10 20:55:00,2.0,2
17445,-1,47819.32,47890.07,1.975415762834418,1.870456047587564,21,2025-12-10 21:00:00,-1.0,4
17449,-1,47806.32,47886.57,1.9247386759581881,1.426123381568921,21,2025-12-10 21:20:00,-1.0,4
17563,1,47869.97,47850.22,1.0753968253968254,1.2961747609225593,7,2025-12-11 07:50:00,-1.0,2
17569,1,47841.47,47832.47,1.113821138211382,0.6235462958380767,8,2025-12-11 08:20:00,2.0,2
17575,-1,47874.22,47879.22,0.8807692307692307,0.34869240348692404,8,2025-12-11 08:50:00,-1.0,1
17577,-1,47858.57,47888.47,1.2117647058823529,1.9838862559242672,9,2025-12-11 09:00:00,-1.0,3
17627,-1,47998.07,48004.32,0.9362363919129082,0.3404669260700389,13,2025-12-11 13:10:00,-1.0,1
17628,-1,47996.07,48002.57,0.8429237947122862,0.3600395647873393,13,2025-12-11 13:15:00,-1.0,0
17631,-1,47993.07,48010.57,0.6655629139072847,1.0294117647058822,13,2025-12-11 13:30:00,-1.0,0
17665,-1,48106.07,48140.07,1.1126760563380282,1.4062038404726735,16,2025-12-11 16:20:00,-1.0,2
17728,-1,48710.27,48721.27,0.7154078549848942,0.3951250801796023,21,2025-12-11 21:35:00,-1.0,0
17747,-1,48765.47,48776.47,0.663961038961039,0.4023514043109079,23,2025-12-11 23:10:00,-1.0,0
17748,-1,48763.47,48776.47,1.5146103896103895,0.49490142760027195,23,2025-12-11 23:15:00,-1.0,3
17750,-1,48752.97,48767.97,0.3827751196172249,0.5923836389280677,23,2025-12-11 23:25:00,-1.0,0
17774,1,48769.43,48757.68,1.0838709677419356,0.853437094682231,2,2025-12-12 02:25:00,2.0,2
17785,-1,48798.93,48809.43,1.1706263498920086,0.6644067796610169,3,2025-12-12 03:20:00,-1.0,2
17787,-1,48792.43,48801.93,1.389344262295082,0.6295857988165681,3,2025-12-12 03:30:00,-1.0,3
17812,-1,48836.93,48840.93,1.0909090909090908,0.37333333333333335,5,2025-12-12 05:35:00,2.0,2
17813,-1,48838.93,48842.93,1.1630434782608696,0.3835616438356164,5,2025-12-12 05:40:00,2.0,2
17814,-1,48830.93,48842.43,0.9921259842519685,1.0644628099173554,5,2025-12-12 05:45:00,-1.0,1
17847,-1,48832.18,48846.93,1.3776435045317221,1.625984251968504,8,2025-12-12 08:30:00,-1.0,3
17867,-1,48849.53,48857.53,2.1683501683501682,0.7202572347266881,10,2025-12-12 10:10:00,-1.0,4
17883,1,48819.28,48807.53,1.3806451612903226,0.6103896103896104,11,2025-12-12 11:30:00,-1.0,3
17886,1,48817.78,48796.53,1.0093457943925233,1.0084745762711864,11,2025-12-12 11:45:00,-1.0,2
17888,1,48821.53,48814.53,1.139717425431711,0.3370593293207223,11,2025-12-12 11:55:00,-1.0,2
17905,-1,48833.53,48845.78,0.629059829059829,0.8269842800655905,13,2025-12-12 13:20:00,2.0,0
17914,1,48796.53,48771.03,1.0460992907801419,1.380350307388948,14,2025-12-12 14:05:00,-1.0,2
17937,-1,48824.53,48838.53,1.2992125984251968,0.8851955559570117,16,2025-12-12 16:00:00,2.0,3
17940,1,48808.53,48790.53,1.2073394495412844,1.1752635015390451,16,2025-12-12 16:15:00,-1.0,2
17944,1,48808.73,48764.48,5.189473684210526,1.7999825667548106,16,2025-12-12 16:35:00,-1.0,4
17945,1,48820.48,48752.48,4.891228070175439,2.3539884278720247,16,2025-12-12 16:40:00,-1.0,4
17948,-1,48806.73,48875.98,4.410169491525424,1.700370065068318,16,2025-12-12 16:55:00,2.0,4
17949,-1,48828.73,48848.73,4.56,0.4465709728867624,17,2025-12-12 17:00:00,2.0,4
17950,-1,48776.73,48844.73,4.291350531107739,1.3727469358327324,17,2025-12-12 17:05:00,2.0,4
17952,1,48758.23,48700.73,2.821463414634146,1.0062499999999999,17,2025-12-12 17:15:00,-1.0,4
17956,1,48760.73,48692.48,1.0321637426900585,0.9476816265807092,17,2025-12-12 17:35:00,-1.0,2
17957,1,48770.73,48714.73,0.9765934461649262,0.7965455930911861,17,2025-12-12 17:40:00,-1.0,1
17987,-1,48565.73,48599.98,1.154081187254474,0.6263879817112998,20,2025-12-12 20:10:00,2.0,2
17989,-1,48528.23,48573.73,0.9148843299869053,0.8127591706539076,20,2025-12-12 20:20:00,2.0,1
18001,1,48451.73,48429.73,0.9941348973607038,0.44865258557902404,21,2025-12-12 21:20:00,2.0,1
18014,1,48441.73,48422.48,1.018018018018018,0.5276554087126775,22,2025-12-12 22:25:00,-1.0,2
18018,1,48454.73,48398.73,1.2949076664801342,1.2164468580294803,22,2025-12-12 22:45:00,1.7304377727814004,3
18079,-1,48575.55,48589.55,0.9952830188679245,1.1313131313131313,4,2025-12-15 04:50:00,-1.0,1
18080,1,48580.05,48566.55,0.704225352112676,1.1085043988269794,4,2025-12-15 04:55:00,2.0,0
18082,1,48582.55,48570.55,0.9295774647887324,0.9710982658959537,5,2025-12-15 05:05:00,2.0,1
18099,-1,48596.3,48602.55,1.2298507462686568,0.6616257088846881,6,2025-12-15 06:30:00,-1.0,3
18126,1,48607.55,48594.55,0.895774647887324,1.0753323485967505,8,2025-12-15 08:45:00,-1.0,1
18144,1,48609.15,48569.65,2.447004608294931,2.151750972762646,10,2025-12-15 10:15:00,2.0,4
18174,-1,48680.65,48687.65,0.5333333333333333,0.6272,12,2025-12-15 12:45:00,-1.0,0
18180,-1,48682.9,48689.15,0.5255474452554745,0.6140350877192983,13,2025-12-15 13:15:00,-1.0,0
18181,-1,48685.4,48689.15,0.7780548628428927,0.3932584269662921,13,2025-12-15 13:20:00,2.0,0
18187,-1,48696.4,48701.4,1.0385756676557865,0.46979865771812085,13,2025-12-15 13:50:00,2.0,2
18192,1,48671.9,48664.15,1.5927051671732524,0.646795827123696,14,2025-12-15 14:15:00,-1.0,3
18197,1,48696.9,48666.65,1.4775280898876404,2.0734394124847,14,2025-12-15 14:40:00,-1.0,3
18217,-1,48690.65,48717.4,1.2188679245283018,1.7897252090800477,16,2025-12-15 16:20:00,-1.0,3
18218,-1,48680.15,48722.65,1.9401869158878504,2.4162436548223347,16,2025-12-15 16:25:00,2.0,4
18243,-1,48402.35,48490.1,0.8905162943976566,1.3291858263456857,18,2025-12-15 18:30:00,-0.11989894232004095,1
18246,1,48336.35,48315.35,0.939768050879162,0.3383199079401611,18,2025-12-15 18:45:00,2.0,1
18259,1,48320.85,48286.85,1.1539467945922373,0.6212071778140293,19,2025-12-15 19:50:00,2.0,2
18260,1,48358.35,48313.6,1.028347143480157,0.8050112431737874,19,2025-12-15 19:55:00,-1.0,2
18295,-1,48433.6,48475.6,1.3633440514469453,1.1890798786653185,22,2025-12-15 22:50:00,2.0,3
18296,-1,48433.3,48465.55,1.397463002114165,0.8892171344165435,22,2025-12-15 22:55:00,-1.0,3
18310,-1,48462.76,48476.01,0.339041095890411,0.8627906976744186,1,2025-12-16 01:05:00,2.0,0
18323,1,48414.51,48398.51,2.918032786885246,0.8014311270125223,2,2025-12-16 02:10:00,-1.0,4
18324,1,48417.76,48390.51,2.6639676113360324,1.292125317527519,2,2025-12-16 02:15:00,-1.0,4
18325,1,48429.76,48411.01,2.125,0.8339952343129468,2,2025-12-16 02:20:00,-1.0,4
18333,1,48409.01,48387.76,1.1033386327503976,0.9867330016583749,3,2025-12-16 03:00:00,-1.0,2
18363,1,48294.51,48278.76,0.8376068376068376,0.8320754716981132,5,2025-12-16 05:30:00,2.0,0
18369,-1,48314.51,48333.51,0.9069767441860465,1.0451866404715129,6,2025-12-16 06:00:00,-1.0,1
18376,-1,48330.76,48342.26,1.1535836177474403,0.7260428410372041,6,2025-12-16 06:35:00,2.0,2
18378,-1,48338.26,48345.26,1.0902777777777777,0.49184441656210787,6,2025-12-16 06:45:00,2.0,2
18382,-1,48327.01,48340.76,1.1388888888888888,1.1,7,2025-12-16 07:05:00,2.0,2
18393,1,48279.01,48263.01,1.3114754098360655,1.1172069825436408,8,2025-12-16 08:00:00,2.0,3
18394,1,48284.26,48277.51,1.4903225806451612,0.4543269230769231,8,2025-12-16 08:05:00,2.0,3
18414,1,48299.11,48265.61,1.8611111111111112,2.0480349344978164,9,2025-12-16 09:45:00,2.0,4
18447,-1,48350.36,48364.11,1.0146198830409356,0.730550284629981,12,2025-12-16 12:30:00,-1.0,2
18484,-1,48447.36,48486.36,2.0346456692913386,1.3821035311985976,15,2025-12-16 15:35:00,2.0,4
18485,-1,48411.36,48462.36,2.211023622047244,1.6280925778132644,15,2025-12-16 15:40:00,-1.0,4
18498,1,48383.31,48280.31,2.2825531914893618,1.843989769820972,16,2025-12-16 16:45:00,-1.0,4
18501,1,48313.31,48270.81,2.4093303235515426,0.6324740898219506,17,2025-12-16 17:00:00,-1.0,4
18503,1,48299.31,48275.31,2.160968660968661,0.3106796116504854,17,2025-12-16 17:10:00,-1.0,4
18530,1,48137.31,48110.81,0.896045658377497,0.4848912588874977,19,2025-12-16 19:25:00,-1.0,1
18531,1,48168.06,48130.81,0.9938296997120527,0.6765083606833878,19,2025-12-16 19:30:00,-1.0,1
18570,-1,48177.06,48196.56,1.0129496402877698,0.46887075998282524,22,2025-12-16 22:45:00,-1.0,2
18571,-1,48167.81,48215.31,1.192326139088729,1.1455641688199827,22,2025-12-16 22:50:00,2.0,2
18572,-1,48112.76,48199.06,1.388968824940048,1.9047769194386681,22,2025-12-16 22:55:00,-0.07375025150442756,3
18586,1,48085.46,48069.96,0.27388535031847133,0.8165569143932266,1,2025-12-17 01:05:00,2.0,0
18592,-1,48104.96,48127.71,1.7045454545454546,1.3495762711864407,1,2025-12-17 01:35:00,2.0,4
18621,-1,48092.46,48122.71,0.9947089947089947,1.03671970624235,4,2025-12-17 04:00:00,-0.5593341260403971,1
18649,1,48078.46,48071.21,0.8185483870967742,0.5909752547307132,6,2025-12-17 06:20:00,-1.0,0
18659,1,48075.96,48070.71,1.263779527559055,0.45652173913043476,7,2025-12-17 07:10:00,-1.0,3
18684,-1,48139.06,48160.06,1.158351409978308,1.4306569343065694,9,2025-12-17 09:15:00,-1.0,2
18685,-1,48141.81,48160.81,1.0879345603271984,1.2834740651387213,9,2025-12-17 09:20:00,-1.0,2
18687,-1,48125.81,48142.31,1.0581613508442778,1.037037037037037,9,2025-12-17 09:30:00,-1.0,2
18699,-1,48159.31,48172.56,1.6585365853658536,0.5935999999999999,10,2025-12-17 10:30:00,-1.0,3
18700,-1,48166.06,48182.06,1.4965986394557824,0.7010954616588418,10,2025-12-17 10:35:00,-1.0,3
18703,-1,48158.06,48189.56,1.2042042042042043,1.2875912408759123,10,2025-12-17 10:50:00,-1.0,2
18710,-1,48179.06,48195.06,0.8700696055684455,0.6696562032884903,11,2025-12-17 11:25:00,-1.0,1
18752,-1,48234.06,48244.06,0.9878934624697336,0.8069164265129684,14,2025-12-17 14:55:00,-1.0,1
18755,-1,48232.56,48258.06,1.8924205378973105,1.7984886649874054,15,2025-12-17 15:10:00,-1.0,4
18756,-1,48218.56,48266.06,5.070904645476773,2.8510182207931405,15,2025-12-17 15:15:00,-1.0,4
18757,1,48225.06,48192.81,4.278728606356968,1.7671232876712328,15,2025-12-17 15:20:00,-1.0,4
18760,-1,48226.31,48250.56,2.201405152224824,1.1031681559707553,15,2025-12-17 15:35:00,-1.0,4
18764,-1,48239.06,48276.06,2.2576112412177984,1.4622441778405082,15,2025-12-17 15:55:00,-1.0,4
18770,1,48203.06,48186.06,1.4125,0.6574585635359116,16,2025-12-17 16:25:00,-1.0,3
18771,1,48278.26,48169.81,4.427020506634499,3.12278897573025,16,2025-12-17 16:30:00,-1.0,4
18772,-1,48272.51,48318.26,4.098086124401914,1.2283056860676855,16,2025-12-17 16:35:00,-1.0,4
18773,-1,48264.26,48312.51,3.861271676300578,1.1484189051342997,16,2025-12-17 16:40:00,-1.0,4
18784,1,48185.26,48158.26,1.037164487267722,0.3313028616503778,17,2025-12-17 17:35:00,-1.0,2
18799,1,47988.76,47953.26,1.0051957048839626,0.5007556675062973,18,2025-12-17 18:50:00,-1.0,2
18800,1,48041.26,47964.26,0.9089019743678559,1.0652173913043477,18,2025-12-17 18:55:00,-1.0,1
18810,1,47975.26,47952.26,0.860637509266123,0.33841303205465056,19,2025-12-17 19:45:00,2.0,1
18817,1,47959.26,47930.26,0.9173447537473234,0.5191815856777494,20,2025-12-17 20:20:00,-1.0,1
18849,1,47893.46,47878.71,0.9654377880184332,0.4013995529205971,23,2025-12-17 23:00:00,2.0,1
18885,-1,47913.86,47927.86,1.2160804020100502,0.5478686233403215,3,2025-12-18 03:00:00,2.0,3
18886,-1,47902.86,47928.86,1.148191365227538,0.9891304347826088,3,2025-12-18 03:05:00,2.0,2
18890,-1,47909.86,47921.86,0.8504098360655737,0.5517241379310345,3,2025-12-18 03:25:00,2.0,1
18955,1,47828.36,47821.86,1.0818363273453093,0.38641188959660294,8,2025-12-18 08:50:00,2.0,2
18956,1,47841.86,47819.86,1.0136986301369864,1.2819979188345474,8,2025-12-18 08:55:00,2.0,2
18968,-1,47864.46,47871.71,0.8306451612903226,0.4422657952069717,9,2025-12-18 09:55:00,-1.0,0
18969,-1,47861.46,47870.46,2.5806451612903225,0.5538461538461539,10,2025-12-18 10:00:00,-1.0,4
18970,-1,47863.46,47872.46,2.1733870967741935,0.5532381997804611,10,2025-12-18 10:05:00,-1.0,4
18971,-1,47866.96,47875.71,1.8830645161290323,0.5606407322654462,10,2025-12-18 10:10:00,-1.0,4
18974,-1,47853.46,47880.96,1.860377358490566,1.5843621399176955,10,2025-12-18 10:25:00,-1.0,4
18976,-1,47863.21,47875.21,1.4841772151898733,0.6673286991062561,10,2025-12-18 10:35:00,-1.0,3
18977,-1,47867.96,47876.46,1.1819464033850493,0.45901639344262296,10,2025-12-18 10:40:00,-1.0,2
19048,-1,48162.66,48241.66,2.68362480127186,1.345335117382316,16,2025-12-18 16:35:00,-1.0,4
19049,-1,48083.16,48195.91,2.361189801699717,1.9302965453989607,16,2025-12-18 16:40:00,-1.0,4
19085,1,48112.66,48024.66,1.0580645161290323,1.1535580524344569,19,2025-12-18 19:40:00,-1.0,2
19097,-1,48120.66,48180.66,0.7052545155993432,1.0632911392405062,20,2025-12-18 20:40:00,2.0,0
19108,1,47982.66,47960.91,0.989356779268857,0.4232105628908964,21,2025-12-18 21:35:00,-1.0,1
19110,1,48007.66,47957.66,0.951981351981352,0.9523809523809523,21,2025-12-18 21:45:00,-1.0,1
19113,1,48012.66,47928.66,1.171095571095571,1.4867256637168142,22,2025-12-18 22:00:00,-1.0,2
19160,-1,47916.74,47925.74,0.9702517162471396,0.5233644859813084,2,2025-12-19 02:55:00,2.0,1
19161,1,47888.49,47878.74,1.734553775743707,0.5079069767441861,3,2025-12-19 03:00:00,2.0,4
19162,1,47895.74,47878.74,1.4407158836689038,0.8981132075471698,3,2025-12-19 03:05:00,-1.0,3
19185,1,47879.74,47874.74,0.6416275430359938,0.340632603406326,5,2025-12-19 05:00:00,-1.0,0
19186,1,47886.74,47872.74,0.6009389671361502,0.9311163895486936,5,2025-12-19 05:05:00,-1.0,0
19187,1,47884.74,47877.74,0.7449139280125195,0.5051546391752577,5,2025-12-19 05:10:00,-1.0,0
19189,1,47880.99,47859.74,1.8191304347826087,1.3236929922135707,5,2025-12-19 05:20:00,-1.0,4
19190,-1,47889.99,47913.74,2.448695652173913,1.3725490196078434,5,2025-12-19 05:25:00,2.0,4
19191,1,47884.74,47877.24,2.2504347826086954,0.41338582677165353,5,2025-12-19 05:30:00,-1.0,4
19233,1,47864.84,47828.74,1.902200488997555,2.1093489148580247,9,2025-12-19 09:00:00,2.0,4
19237,-1,47876.34,47882.84,1.1728971962616823,0.3567228537828323,9,2025-12-19 09:20:00,-1.0,2
19239,-1,47876.09,47883.84,0.9930715935334873,0.41278295605859083,9,2025-12-19 09:30:00,-1.0,1
19281,1,47992.34,47983.09,1.231939163498099,0.487758945386064,13,2025-12-19 13:00:00,-1.0,3
19295,1,47966.34,47940.59,1.3672131147540985,1.1058282208588956,14,2025-12-19 14:10:00,-1.0,3
19305,1,47945.09,47922.59,1.4033333333333333,0.9480812641083521,15,2025-12-19 15:00:00,2.0,3
19308,1,47941.34,47934.34,1.1575342465753424,0.33276740237691005,15,2025-12-19 15:15:00,2.0,2
19313,-1,47967.84,47994.34,1.4006024096385543,1.227460711331679,15,2025-12-19 15:40:00,-1.0,3
19369,-1,48252.54,48273.54,0.804140127388535,0.7313432835820896,20,2025-12-19 20:20:00,2.0,0
19371,-1,48251.79,48277.54,0.8785834738617201,0.9931129476584023,20,2025-12-19 20:30:00,2.0,1
19380,1,48230.54,48200.54,0.9220532319391636,1.2426035502958581,21,2025-12-19 21:15:00,-1.0,1
19450,1,48178.07,48172.57,1.1543624161073827,0.4652567975830816,4,2025-12-22 04:05:00,2.0,2
19451,1,48181.07,48174.57,0.9731543624161074,0.6026490066225165,4,2025-12-22 04:10:00,2.0,1
19460,-1,48191.07,48193.57,0.49242424242424243,0.32710280373831774,4,2025-12-22 04:55:00,-1.0,0
19461,-1,48191.07,48194.32,0.6060606060606061,0.41743119266055045,5,2025-12-22 05:00:00,-1.0,0
19463,-1,48188.82,48198.57,0.7799227799227799,1.2816901408450705,5,2025-12-22 05:10:00,2.0,0
19472,1,48174.32,48170.57,1.0380952380952382,0.5357142857142857,5,2025-12-22 05:55:00,2.0,2
19513,-1,48185.17,48195.17,1.7605633802816902,1.0566037735849056,9,2025-12-22 09:20:00,-1.0,4
19522,-1,48204.17,48219.17,2.1559633027522938,1.2262773722627738,10,2025-12-22 10:05:00,2.0,4
19550,-1,48187.17,48196.17,0.7375415282392026,1.1971496437054632,12,2025-12-22 12:25:00,2.0,0
19561,1,48167.92,48160.17,2.4727272727272727,0.8948453608247422,13,2025-12-22 13:20:00,-1.0,4
19591,-1,48175.42,48179.17,1.0440677966101695,0.31203566121842496,15,2025-12-22 15:50:00,-1.0,2
19622,-1,48380.37,48403.37,0.6368421052631579,0.5326716294458229,18,2025-12-22 18:25:00,-1.0,0
19624,-1,48379.37,48400.37,0.7908309455587392,0.5101952277657267,18,2025-12-22 18:35:00,-1.0,0
19637,-1,48431.37,48439.37,0.7724137931034483,0.3039348710990502,19,2025-12-22 19:40:00,-1.0,0
19638,-1,48423.37,48437.37,0.7211367673179396,0.5501754385964912,19,2025-12-22 19:45:00,-1.0,0
19641,-1,48424.37,48452.37,0.9367588932806324,1.1104815864022664,20,2025-12-22 20:00:00,2.0,1
19646,1,48391.37,48371.37,1.119914346895075,0.8763693270735524,20,2025-12-22 20:25:00,-1.0,2
19650,1,48373.62,48363.37,0.7483296213808464,0.4509033778476041,20,2025-12-22 20:45:00,-1.0,0
19658,1,48378.37,48357.87,0.8295454545454546,1.0850661625708884,21,2025-12-22 21:25:00,-1.0,0
19714,-1,48368.45,48376.45,1.3259668508287292,1.1313131313131313,3,2025-12-23 03:05:00,-1.0,3
19722,-1,48371.45,48381.45,1.5043478260869565,1.1155378486055778,3,2025-12-23 03:45:00,-1.0,3
19723,-1,48373.45,48376.95,1.1217391304347826,0.3828125,3,2025-12-23 03:50:00,-1.0,2
19730,-1,48372.45,48387.2,1.125984251968504,1.5155963302752293,4,2025-12-23 04:25:00,2.0,2
19734,1,48361.45,48356.7,1.0305343511450382,0.51953125,4,2025-12-23 04:45:00,-1.0,2
19748,1,48357.45,48353.45,0.8176100628930818,0.8,5,2025-12-23 05:55:00,-1.0,0
19791,-1,48338.05,48344.55,1.0867052023121386,1.0520231213872833,9,2025-12-23 09:30:00,-1.0,2
19792,-1,48337.05,48342.05,0.7745664739884393,0.8,9,2025-12-23 09:35:00,-1.0,0
19813,-1,48380.05,48385.8,1.0666666666666667,0.5739750445632799,11,2025-12-23 11:20:00,-1.0,2
19827,-1,48372.55,48388.05,0.7164179104477612,1.688715953307393,12,2025-12-23 12:30:00,2.0,0
19843,1,48361.05,48354.05,0.9803921568627451,0.8448275862068965,13,2025-12-23 13:50:00,-1.0,1
19858,1,48337.05,48324.05,1.26890756302521,1.0069156293222683,15,2025-12-23 15:05:00,-1.0,3
19861,1,48328.05,48321.05,1.544776119402985,0.5842026825633383,15,2025-12-23 15:20:00,2.0,3
19875,-1,48285.25,48351.05,5.292259083728278,2.020175438596581,16,2025-12-23 16:30:00,-1.0,4
19877,-1,48328.75,48349.25,3.1965601965601964,0.5290322580645161,16,2025-12-23 16:40:00,-1.0,4
19878,-1,48335.25,48365.5,2.4329670329670328,0.7998111425873466,16,2025-12-23 16:45:00,-1.0,4
19880,-1,48338.45,48362.75,2.111578947368421,0.5778343949045278,16,2025-12-23 16:55:00,-1.0,4
19909,-1,48470.5,48477.25,0.7649769585253456,0.309328968903437,19,2025-12-23 19:20:00,2.0,0
19910,-1,48455.25,48479.0,0.6213408876298395,1.0982658959537572,19,2025-12-23 19:25:00,-1.0,0
19941,1,48462.25,48441.25,1.1746031746031746,1.3706293706293706,22,2025-12-23 22:00:00,-1.0,2
19945,1,48446.25,48441.25,1.1846435100548447,0.34355828220858897,22,2025-12-23 22:20:00,-1.0,2
19946,1,48446.25,48439.75,0.9021739130434783,0.4636942675159236,22,2025-12-23 22:25:00,-1.0,1
19948,1,48456.25,48437.25,0.9700176366843033,1.2819277108433735,22,2025-12-23 22:35:00,-1.0,1
19951,1,48455.0,48434.25,2.3405797101449277,1.3115124153498872,22,2025-12-23 22:50:00,-1.0,4
19977,-1,48428.3,48433.3,3.6341463414634148,0.564516129032258,2,2025-12-24 02:00:00,-1.0,4
19978,-1,48425.8,48435.8,2.8941176470588235,1.09375,2,2025-12-24 02:05:00,0.2645348837208631,4
19979,-1,48425.3,48429.8,1.8728323699421965,0.5239085239085239,2,2025-12-24 02:10:00,-1.0,4
19989,1,48422.3,48415.3,1.0461538461538462,0.9514563106796117,3,2025-12-24 03:00:00,-1.0,2
19994,-1,48426.3,48433.3,0.7106598984771574,1.0425531914893618,3,2025-12-24 03:25:00,2.0,0
19996,-1,48427.3,48432.8,0.9441624365482234,0.7877237851662404,3,2025-12-24 03:35:00,2.0,1
19997,1,48419.3,48412.3,1.5634517766497462,0.9180327868852459,3,2025-12-24 03:40:00,-1.0,3
20000,1,48415.8,48412.8,0.7309644670050761,0.4067796610169492,3,2025-12-24 03:55:00,-1.0,0
20002,1,48417.3,48410.8,0.9547738693467337,0.8484848484848485,4,2025-12-24 04:05:00,-1.0,1
20003,1,48416.8,48414.3,0.8527918781725888,0.340632603406326,4,2025-12-24 04:10:00,-1.0,1
20004,1,48415.55,48411.8,0.8911917098445595,0.5159705159705159,4,2025-12-24 04:15:00,-1.0,1
20011,1,48417.3,48412.3,0.5913978494623656,0.8695652173913043,4,2025-12-24 04:50:00,-1.0,0
20014,1,48410.3,48404.3,1.0276243093922652,1.0029850746268658,5,2025-12-24 05:05:00,-1.0,2
20015,1,48412.05,48407.3,0.8279569892473119,0.8036253776435045,5,2025-12-24 05:10:00,-1.0,0
20016,1,48408.55,48406.8,0.7513812154696132,0.30434782608695654,5,2025-12-24 05:15:00,2.0,0
20019,-1,48416.3,48421.55,0.9302325581395349,0.8472622478386167,5,2025-12-24 05:30:00,-1.0,1
20023,-1,48416.05,48420.3,0.6242038216560509,0.7300613496932515,5,2025-12-24 05:50:00,-1.0,0
20041,1,48412.3,48410.05,0.9423076923076923,0.63,7,2025-12-24 07:20:00,2.0,1
20045,-1,48418.3,48421.05,1.3725490196078431,0.6609442060085837,7,2025-12-24 07:40:00,2.0,3
20067,1,48395.9,48390.15,1.6341463414634145,1.087837837837838,9,2025-12-24 09:30:00,2.0,3
20070,1,48394.9,48391.9,0.9743589743589743,0.5675675675675675,9,2025-12-24 09:45:00,-1.0,1
20105,-1,48420.65,48422.9,0.7951807228915663,0.4405594405594406,12,2025-12-24 12:40:00,-1.0,0
20111,-1,48420.9,48424.4,1.2151898734177216,0.6853146853146853,13,2025-12-24 13:10:00,2.0,3
20112,-1,48420.4,48422.9,1.2098765432098766,0.5185185185185186,13,2025-12-24 13:15:00,2.0,3
20120,1,48408.9,48405.9,0.9438202247191011,0.5833333333333333,13,2025-12-24 13:55:00,2.0,1
20121,1,48412.9,48405.9,2.5681818181818183,1.3517241379310345,14,2025-12-24 14:00:00,-1.0,4
20135,1,48411.9,48397.4,2.0,1.7768052516411377,15,2025-12-24 15:10:00,2.0,4
20138,-1,48422.9,48425.9,1.796875,0.3380281690140845,15,2025-12-24 15:25:00,-1.0,4
20151,1,48445.1,48369.4,13.626086956521739,3.6926829268291264,16,2025-12-24 16:30:00,2.0,4
20193,1,48726.6,48694.1,1.5866666666666667,1.2926136363636365,20,2025-12-24 20:00:00,-0.554585635359124,3
20194,1,48719.1,48697.1,1.2746666666666666,0.8062827225130891,20,2025-12-24 20:05:00,2.0,3
20199,-1,48755.09,48779.59,0.17765814266487215,0.7897948375509568,1,2025-12-26 01:15:00,1.6741497766138012,0
20250,1,48695.84,48690.09,1.8045112781954886,0.8773841961852861,5,2025-12-26 05:30:00,2.0,4
20252,1,48694.59,48691.09,0.7049180327868853,0.5975609756097562,5,2025-12-26 05:40:00,2.0,0
20368,-1,48685.69,48692.69,1.7230769230769232,0.6021505376344086,15,2025-12-26 15:20:00,-1.0,4
20372,-1,48684.69,48691.69,1.4519230769230769,0.5730994152046784,15,2025-12-26 15:40:00,-1.0,3
20373,-1,48682.69,48698.19,1.625,1.2745961820851688,15,2025-12-26 15:45:00,-1.0,3
20381,-1,48687.19,48704.69,2.5813953488372094,1.2827225130890052,16,2025-12-26 16:25:00,-1.0,4
20382,-1,48672.89,48724.69,12.232558139534884,3.2116917626219283,16,2025-12-26 16:30:00,-1.0,4
20383,1,48732.89,48658.89,8.939068100358423,3.5595258546641118,16,2025-12-26 16:35:00,-1.0,4
20386,1,48709.89,48662.89,7.333333333333333,1.5444196690529175,16,2025-12-26 16:50:00,-1.0,4
20388,-1,48680.89,48720.89,8.09009009009009,1.1249497790277154,17,2025-12-26 17:00:00,-1.0,4
20391,1,48677.39,48638.89,4.191235059760956,0.9719592462356815,17,2025-12-26 17:15:00,-1.0,4
20403,1,48642.89,48619.89,0.9050772626931567,0.7285067873303167,18,2025-12-26 18:15:00,-1.0,1
20404,1,48661.64,48638.14,0.6941309255079007,0.734785036292574,18,2025-12-26 18:20:00,-1.0,0
20410,1,48647.89,48611.89,0.6590584878744651,1.263949843260188,18,2025-12-26 18:50:00,-1.0,0
20415,1,48626.89,48616.89,0.822742474916388,0.4096561814191661,19,2025-12-26 19:15:00,2.0,0
20416,1,48627.64,48614.89,0.6358885017421603,0.5734939759036144,19,2025-12-26 19:20:00,2.0,0
20424,1,48633.89,48616.89,0.7208237986270023,0.8074639525021206,20,2025-12-26 20:00:00,-1.0,0
20429,1,48600.89,48576.89,0.7582938388625592,1.0541176470588236,20,2025-12-26 20:25:00,2.0,0
20430,1,48617.89,48595.89,0.8602409638554217,0.934040940106141,20,2025-12-26 20:30:00,2.0,1
20435,-1,48626.89,48648.39,0.8775510204081632,1.0334763948497854,20,2025-12-26 20:55:00,-1.0,1
20437,-1,48630.89,48643.14,0.8864696734059098,0.5726210350584308,21,2025-12-26 21:05:00,-1.0,1
20445,-1,48632.89,48652.89,0.9411764705882353,1.1451942740286298,21,2025-12-26 21:45:00,-1.0,1
20448,-1,48640.89,48654.89,1.0956521739130434,0.8421052631578947,22,2025-12-26 22:00:00,-1.0,2
20451,-1,48652.89,48659.89,0.8743362831858407,0.45265588914549654,22,2025-12-26 22:15:00,-1.0,1
20494,-1,48745.81,48754.81,0.890625,0.8499156829679596,2,2025-12-29 02:50:00,-1.0,1
20497,-1,48744.81,48756.81,1.230188679245283,1.041860465116279,3,2025-12-29 03:05:00,2.0,3
20509,1,48726.81,48722.81,0.8668941979522184,0.38687392055267705,4,2025-12-29 04:05:00,-1.0,1
20515,1,48727.81,48720.81,1.297872340425532,0.782435129740519,4,2025-12-29 04:35:00,-1.0,3
20520,1,48723.81,48715.81,0.4059040590405904,1.1487179487179486,5,2025-12-29 05:00:00,-1.0,0
20524,1,48721.81,48719.81,0.8173913043478261,0.3323442136498516,5,2025-12-29 05:20:00,2.0,0
20569,1,48705.91,48693.41,1.9278350515463918,1.3409961685823755,9,2025-12-29 09:05:00,-1.0,4
20571,1,48700.41,48696.41,1.6494845360824741,0.44356435643564357,9,2025-12-29 09:15:00,2.0,3
20575,-1,48727.91,48731.41,0.9861751152073732,0.36162361623616235,9,2025-12-29 09:35:00,2.0,1
20577,-1,48726.41,48731.66,0.9769585253456221,0.5632183908045977,9,2025-12-29 09:45:00,2.0,1
20580,1,48695.41,48690.66,4.472727272727273,0.41433021806853587,10,2025-12-29 10:00:00,-1.0,4
20583,1,48696.41,48689.41,2.4583333333333335,0.5756240822320117,10,2025-12-29 10:15:00,-1.0,4
20585,1,48695.41,48689.41,1.6440129449838188,0.48206599713055953,10,2025-12-29 10:25:00,-1.0,3
20587,1,48685.91,48679.41,2.48,0.527536231884058,10,2025-12-29 10:35:00,-1.0,4
20588,1,48695.41,48681.41,1.9485714285714286,1.060893098782138,10,2025-12-29 10:40:00,-1.0,4
20592,1,48685.41,48676.16,1.4230769230769231,0.5546038543897217,11,2025-12-29 11:00:00,2.0,3
20593,1,48693.16,48678.41,1.1252086811352253,0.8658280922431867,11,2025-12-29 11:05:00,2.0,2
20607,-1,48730.41,48740.41,0.6621004566210046,1.0017889087656529,12,2025-12-29 12:15:00,2.0,0
20610,-1,48715.41,48732.66,0.9774011299435028,1.7219251336898396,12,2025-12-29 12:30:00,2.0,1
20629,1,48706.41,48695.41,1.16,1.1666666666666667,14,2025-12-29 14:05:00,-1.0,2
20658,1,48655.11,48591.41,7.038297872340426,1.9282162162161283,16,2025-12-29 16:30:00,-1.0,4
20659,1,48654.61,48631.61,4.976406533575318,0.6518218623481782,16,2025-12-29 16:35:00,-1.0,4
20680,1,48461.11,48441.61,0.7078464106844741,0.5909090909090909,18,2025-12-29 18:20:00,-1.0,0
20686,1,48468.61,48434.61,0.7071524966261808,1.1753086419753087,18,2025-12-29 18:50:00,-1.0,0
20688,1,48452.61,48443.61,0.5650611071171819,0.33532934131736525,19,2025-12-29 19:00:00,-1.0,0
20698,1,48422.61,48411.61,1.018796992481203,0.4912280701754386,19,2025-12-29 19:50:00,2.0,2
20720,-1,48515.61,48524.61,1.0065019505851756,0.4329896907216495,21,2025-12-29 21:40:00,-1.0,2
20721,-1,48517.61,48528.61,1.1927083333333333,0.5485307212822796,21,2025-12-29 21:45:00,-1.0,2
20722,-1,48516.61,48523.86,0.807741935483871,0.37592592592592594,21,2025-12-29 21:50:00,-1.0,0
20748,-1,48474.05,48490.05,1.553030303030303,1.106172839506173,1,2025-12-30 01:00:00,0.4842967683204113,3
20766,-1,48474.05,48485.8,1.1485148514851484,1.1584507042253522,2,2025-12-30 02:30:00,-1.0,2
20772,1,48470.55,48455.55,1.6485355648535565,1.640625,3,2025-12-30 03:00:00,0.40495867768587734,3
20803,-1,48479.05,48486.55,1.075098814229249,1.0344827586206897,5,2025-12-30 05:35:00,-1.0,2
20811,-1,48479.55,48488.55,1.0202429149797572,1.1150442477876106,6,2025-12-30 06:15:00,2.0,2
20827,1,48471.05,48460.05,1.5336787564766838,2.019672131147541,7,2025-12-30 07:35:00,-1.0,3
20834,1,48469.3,48459.55,1.1413612565445026,1.3093525179856116,8,2025-12-30 08:10:00,-1.0,2
20839,1,48462.05,48457.55,0.8879668049792531,0.5283018867924528,8,2025-12-30 08:35:00,-1.0,1
20901,1,48477.15,48445.15,1.4752475247524752,2.9966555183946486,13,2025-12-30 13:45:00,-1.0,3
20906,-1,48480.4,48486.15,1.3603603603603605,0.5193548387096775,14,2025-12-30 14:10:00,2.0,3
20917,1,48454.4,48443.15,1.3517241379310345,0.9782608695652174,15,2025-12-30 15:05:00,-1.0,3
20934,-1,48311.35,48485.15,7.592137592137592,6.54437869822491,16,2025-12-30 16:30:00,-0.6248639233616279,4
20967,1,48341.35,48313.35,0.7565733672603902,1.0798898071625345,19,2025-12-30 19:15:00,2.0,0
21008,-1,48420.35,48436.35,0.8489795918367347,0.8732943469785575,22,2025-12-30 22:40:00,2.0,1
21011,1,48376.55,48362.05,2.2974079126875853,0.6839622641509535,22,2025-12-30 22:55:00,2.0,4
21013,1,48372.55,48362.8,0.6586021505376344,0.4575930271538787,23,2025-12-30 23:05:00,2.0,0
21014,1,48373.55,48367.05,0.3951612903225806,0.3126610548015852,23,2025-12-30 23:10:00,2.0,0
21038,1,48384.42,48373.42,2.0704225352112675,1.1261425959780622,2,2025-12-31 02:10:00,-1.0,4
21041,1,48380.42,48377.17,0.6887417218543046,0.38477801268498946,2,2025-12-31 02:25:00,-1.0,0
21093,1,48358.42,48354.42,0.8513513513513513,0.6850152905198776,6,2025-12-31 06:45:00,-1.0,1
21122,1,48323.02,48311.52,1.8469945355191257,1.409190371991247,9,2025-12-31 09:10:00,-1.0,4
21144,1,48321.27,48298.52,2.2704918032786887,2.1411764705882352,11,2025-12-31 11:00:00,-1.0,4
21157,1,48299.02,48294.77,0.8605577689243028,0.44569288389513106,12,2025-12-31 12:05:00,2.0,1
21171,-1,48308.02,48317.02,1.069767441860465,1.180327868852459,13,2025-12-31 13:15:00,-1.0,2
21209,-1,48376.52,48404.02,1.9473684210526316,1.9794344473007712,16,2025-12-31 16:25:00,2.0,4
21231,1,48226.22,48188.22,0.7020038784744667,1.2659131469363474,18,2025-12-31 18:15:00,-1.0,0
21271,1,48197.22,48168.97,1.7702702702702702,1.1894736842105262,21,2025-12-31 21:35:00,-1.0,4
21288,1,48084.42,48067.42,1.0703125,0.4336734693877528,23,2025-12-31 23:00:00,2.0,2
21289,1,48082.42,48070.42,0.47494217424826524,0.30487251610561494,23,2025-12-31 23:05:00,2.0,0
21328,-1,48147.7,48161.7,1.9044368600682593,1.2061538461538461,3,2026-01-02 03:20:00,-1.0,4
21343,-1,48168.7,48171.2,0.7610062893081762,0.31111111111111106,4,2026-01-02 04:35:00,-1.0,0
21384,-1,48205.7,48208.45,0.7605633802816901,0.39285714285714285,8,2026-01-02 08:00:00,-1.0,0
21390,-1,48205.45,48210.45,1.0743801652892562,0.8641975308641976,8,2026-01-02 08:30:00,2.0,2
21408,1,48169.3,48153.3,4.8342857142857145,1.585840707964602,10,2026-01-02 10:00:00,-1.0,4
21412,1,48158.3,48150.55,2.493150684931507,0.6497005988023952,10,2026-01-02 10:20:00,2.0,4
21413,1,48163.8,48151.3,2.1293103448275863,0.9210526315789473,10,2026-01-02 10:25:00,2.0,4
21414,1,48160.8,48154.3,2.0694980694980694,0.4660691421254802,10,2026-01-02 10:30:00,2.0,4
21415,1,48173.3,48154.3,1.552346570397112,1.303921568627451,10,2026-01-02 10:35:00,2.0,3
21422,-1,48207.3,48219.3,1.1527777777777777,0.6942148760330579,11,2026-01-02 11:10:00,-1.0,2
21424,-1,48215.55,48229.3,0.87527352297593,0.7676969092721835,11,2026-01-02 11:20:00,-1.0,1
21447,-1,48254.3,48270.3,0.9023569023569024,1.1048088779284833,13,2026-01-02 13:15:00,-1.0,1
21458,-1,48270.3,48276.8,1.7642585551330798,0.5465465465465466,14,2026-01-02 14:10:00,2.0,4
21459,-1,48267.3,48278.3,1.2927756653992395,0.9166666666666666,14,2026-01-02 14:15:00,2.0,3
21467,1,48254.3,48248.8,1.0942028985507246,0.4562962962962963,14,2026-01-02 14:55:00,-1.0,2
21503,-1,48089.0,48158.5,1.1097744360902255,0.8051303268514688,17,2026-01-02 17:55:00,-1.0,2
21512,-1,48127.5,48171.5,0.9769452449567724,0.6586474204758086,18,2026-01-02 18:40:00,-1.0,1
21522,-1,48208.0,48254.5,0.7822222222222223,0.9237318197942532,19,2026-01-02 19:30:00,2.0,0
21538,1,48116.5,48059.5,1.158841158841159,1.2542239685658154,20,2026-01-02 20:50:00,2.0,2
21577,-1,48363.53,48376.03,1.0736497545008183,0.774919186999064,1,2026-01-05 01:05:00,2.0,2
21578,-1,48351.78,48370.53,0.7044247787610619,1.1037295547239543,1,2026-01-05 01:10:00,-1.0,0
21579,-1,48355.28,48367.03,0.8899082568807339,0.6705254147474782,1,2026-01-05 01:15:00,-1.0,1
21600,-1,48355.78,48387.78,1.1373626373626373,1.7973921765295888,3,2026-01-05 03:00:00,-1.0,2
21604,1,48331.28,48323.28,0.7075,0.4735729386892178,3,2026-01-05 03:20:00,2.0,0
21605,1,48346.28,48324.28,0.5475,1.3078556263269638,3,2026-01-05 03:25:00,1.2402044293016317,0
21631,1,48365.78,48357.78,0.6666666666666666,0.9572649572649572,5,2026-01-05 05:35:00,-1.0,0
21657,-1,48387.78,48390.78,0.6919431279620853,0.31698113207547174,7,2026-01-05 07:45:00,-1.0,0
21664,-1,48385.78,48394.28,1.2252252252252251,0.9814432989690721,8,2026-01-05 08:20:00,2.0,3
21676,-1,48388.38,48411.38,1.5891472868217054,1.5029171528588097,9,2026-01-05 09:20:00,-1.0,3
21677,-1,48377.63,48389.88,1.7593984962406015,0.7813211845102506,9,2026-01-05 09:25:00,-1.0,4
21703,1,48381.38,48363.38,0.8530259365994236,1.1325842696629214,11,2026-01-05 11:35:00,-1.0,1
21712,-1,48398.63,48407.38,0.848816029143898,0.6257982120051085,12,2026-01-05 12:20:00,2.0,1
21722,1,48374.38,48367.38,0.7189873417721518,0.6901408450704226,13,2026-01-05 13:10:00,2.0,0
21732,-1,48389.38,48416.38,1.8142414860681115,2.230088495575221,14,2026-01-05 14:00:00,2.0,4
21736,-1,48379.38,48406.38,1.0125,1.9738903394255873,14,2026-01-05 14:20:00,2.0,2
21738,1,48367.38,48347.38,1.04375,1.3160987074030552,14,2026-01-05 14:30:00,-1.0,2
21743,1,48368.38,48361.38,1.0151975683890577,0.4012282497441146,14,2026-01-05 14:55:00,-1.0,2
21755,-1,48408.38,48422.63,1.3954372623574145,0.6162162162162163,15,2026-01-05 15:55:00,-1.0,3
21783,-1,49039.58,49080.58,0.7908777969018933,0.8113074204946996,18,2026-01-05 18:15:00,-1.0,0
21785,-1,49055.58,49092.58,0.6963175514108082,0.7421203438395416,18,2026-01-05 18:25:00,-1.0,0
21802,-1,49150.58,49169.58,0.808135593220339,0.6266195524146054,19,2026-01-05 19:50:00,-1.0,0
21804,-1,49154.08,49172.58,0.7410468319559229,0.6214757048590283,20,2026-01-05 20:00:00,-1.0,0
21807,-1,49143.58,49171.58,1.0304347826086957,0.9016676250718805,20,2026-01-05 20:15:00,-1.0,2
21859,1,48968.22,48963.22,1.8153846153846154,0.42488619119878607,1,2026-01-06 01:35:00,-1.0,4
21860,1,48967.97,48957.72,1.1692307692307693,0.8670694864048338,1,2026-01-06 01:40:00,-1.0,2
21864,1,48967.97,48954.22,3.651282051282051,1.1047345767575323,2,2026-01-06 02:00:00,-1.0,4
21869,1,48966.22,48958.97,1.3113553113553114,0.5493910690121786,2,2026-01-06 02:25:00,-1.0,3
21877,-1,48963.72,48978.72,1.1296296296296295,1.3145539906103285,3,2026-01-06 03:05:00,-1.0,2
21878,-1,48971.72,48981.72,0.9618768328445748,0.8818897637795277,3,2026-01-06 03:10:00,-1.0,1
21917,-1,49000.72,49006.72,1.0704225352112675,0.9411764705882353,6,2026-01-06 06:25:00,2.0,2
21920,1,48992.72,48989.97,0.8873239436619719,0.40419947506561676,6,2026-01-06 06:40:00,-1.0,1
21933,1,48990.72,48983.97,0.9536423841059603,1.173913043478261,7,2026-01-06 07:45:00,-1.0,1
21946,-1,48995.72,49003.97,0.8604651162790697,0.7053435114503817,8,2026-01-06 08:50:00,2.0,1
21948,-1,48989.32,49001.47,1.0235294117647058,1.0035398230089696,9,2026-01-06 09:00:00,2.0,2
21984,1,48855.32,48843.32,0.8160535117056856,0.6740220661985958,12,2026-01-06 12:00:00,2.0,0
22001,-1,48894.32,48907.32,0.9652777777777778,1.0566037735849056,13,2026-01-06 13:25:00,-1.0,1
22010,-1,48905.32,48910.32,1.5284552845528456,0.40057224606580827,14,2026-01-06 14:10:00,-1.0,3
22011,-1,48897.32,48908.82,1.2357723577235773,0.9019607843137255,14,2026-01-06 14:15:00,-1.0,3
22014,-1,48897.32,48911.32,1.1595330739299612,1.1264367816091954,14,2026-01-06 14:30:00,-1.0,2
22028,-1,48942.32,48960.32,1.0638297872340425,1.0317297850562948,15,2026-01-06 15:40:00,2.0,2
22037,1,48924.32,48897.32,2.3879310344827585,1.328646748681898,16,2026-01-06 16:25:00,-1.0,4
22038,1,48987.77,48885.57,7.590717299578059,3.664489691381662,16,2026-01-06 16:30:00,2.0,4
22105,-1,49491.52,49508.52,1.1339977851605758,0.8409893992932862,22,2026-01-06 22:05:00,-0.3019919028341522,2
22107,-1,49494.52,49502.27,1.0801781737193763,0.39418710263396917,22,2026-01-06 22:15:00,-1.0,2
22111,-1,49505.27,49513.02,1.1111111111111112,0.39562443026435734,22,2026-01-06 22:35:00,2.0,2
22112,-1,49491.52,49509.52,1.054263565891473,0.913871260199456,22,2026-01-06 22:40:00,-0.7049347614413068,2
22114,-1,49485.77,49509.52,1.6838638858397366,1.1738746690203001,22,2026-01-06 22:50:00,-1.0,4
22130,-1,49498.43,49508.93,0.8044280442804428,0.8789237668161435,1,2026-01-07 01:10:00,-1.0,0
22136,1,49484.93,49481.68,0.7208121827411168,0.3486590038314176,1,2026-01-07 01:40:00,2.0,0
22140,1,49496.68,49479.43,3.520408163265306,1.5605815831987075,2,2026-01-07 02:00:00,2.0,4
22159,-1,49499.43,49513.68,1.4082840236686391,1.450909090909091,3,2026-01-07 03:35:00,-1.0,3
22173,-1,49533.68,49542.68,0.5632183908045977,0.81421647819063,4,2026-01-07 04:45:00,-1.0,0
22181,-1,49530.68,49544.68,0.7951807228915663,1.5934959349593494,5,2026-01-07 05:25:00,-1.0,0
22202,-1,49556.18,49559.68,0.9294117647058824,0.48514851485148514,7,2026-01-07 07:10:00,2.0,1
22203,-1,49553.68,49559.68,0.8928571428571429,0.835820895522388,7,2026-01-07 07:15:00,2.0,1
22206,-1,49552.68,49557.68,0.48484848484848486,0.7567567567567568,7,2026-01-07 07:30:00,2.0,0
22247,1,49508.78,49501.28,1.6254681647940075,0.75,10,2026-01-07 10:55:00,2.0,3
22248,1,49528.28,49500.28,2.1966101694915254,2.3195266272189348,11,2026-01-07 11:00:00,-1.0,4
22249,-1,49517.28,49529.03,1.6375,0.8855989232839839,11,2026-01-07 11:05:00,2.0,3
22257,1,49498.28,49491.53,0.47126436781609193,0.504,11,2026-01-07 11:45:00,-1.0,0
22262,1,49502.28,49492.28,0.8722741433021807,0.8151382823871908,12,2026-01-07 12:10:00,-1.0,1
22284,-1,49499.28,49508.28,1.3333333333333333,1.1004366812227073,14,2026-01-07 14:00:00,-1.0,3
22290,1,49488.28,49478.28,1.6577946768060836,1.1267605633802817,14,2026-01-07 14:30:00,2.0,3
22291,1,49491.78,49480.28,1.6349809885931559,1.2337164750957854,14,2026-01-07 14:35:00,2.0,3
22292,1,49501.28,49486.53,1.231939163498099,1.4829443447037702,14,2026-01-07 14:40:00,2.0,3
22296,-1,49504.28,49518.28,1.3106060606060606,1.2307692307692308,15,2026-01-07 15:00:00,-1.0,3
22297,-1,49498.78,49514.28,1.1078066914498141,1.2690058479532165,15,2026-01-07 15:05:00,-1.0,2
22314,-1,49467.48,49627.03,8.455635491606715,5.283112582781367,16,2026-01-07 16:30:00,1.6337522441651848,4
22315,-1,49503.98,49549.48,7.626168224299065,1.3031914893617136,16,2026-01-07 16:35:00,2.0,4
22316,-1,49452.48,49529.48,6.198198198198198,1.9750824477830864,16,2026-01-07 16:40:00,2.0,4
22338,-1,49298.48,49311.48,0.5909766980664353,0.35,18,2026-01-07 18:30:00,-1.0,0
22359,1,49204.48,49195.48,1.153259949195597,0.30017867778439544,20,2026-01-07 20:15:00,-1.0,2
22360,1,49207.48,49188.48,1.0389395194697597,0.6421243210621606,20,2026-01-07 20:20:00,-1.0,2
22365,1,49202.73,49162.48,0.8622448979591837,1.2236699239956568,20,2026-01-07 20:45:00,-1.0,1
22366,1,49213.48,49194.48,0.8721030042918455,0.5702036441586281,20,2026-01-07 20:50:00,-1.0,1
22367,1,49227.73,49195.48,0.9407725321888412,0.9983416252072967,20,2026-01-07 20:55:00,-1.0,1
22370,1,49167.73,49151.98,1.517596566523605,0.5083573487031701,21,2026-01-07 21:10:00,-1.0,3
22374,1,49180.48,49143.98,0.9935275080906149,1.1187739463601531,21,2026-01-07 21:30:00,-1.0,1
22376,1,49165.48,49144.98,0.8578512396694215,0.6225596529284164,21,2026-01-07 21:40:00,-1.0,1
22395,1,48945.68,48933.68,0.3176895306859206,0.3615235635894148,23,2026-01-07 23:15:00,2.0,0
22415,-1,49017.87,49022.62,1.2684824902723735,0.31047201083150133,1,2026-01-08 01:55:00,-1.0,3
22419,-1,49020.62,49025.37,1.5924528301886793,0.3674033149171271,2,2026-01-08 02:15:00,-1.0,3
22437,1,49009.87,49002.87,1.2,0.7245841035120147,3,2026-01-08 03:45:00,-1.0,2
22519,-1,48893.97,48906.22,1.01953125,0.8325242718446603,10,2026-01-08 10:35:00,2.0,2
22520,-1,48889.22,48898.22,1.062857142857143,0.6596858638743456,10,2026-01-08 10:40:00,2.0,2
22531,1,48866.22,48857.97,0.8086021505376344,0.6078947368421053,11,2026-01-08 11:35:00,-1.0,0
22532,1,48864.22,48857.22,0.7712418300653595,0.5560283687943263,11,2026-01-08 11:40:00,-1.0,0
22554,1,48851.22,48809.97,3.035211267605634,2.8205128205128207,13,2026-01-08 13:30:00,-1.0,4
22562,1,48816.72,48808.47,1.4573170731707317,0.4822546972860125,14,2026-01-08 14:10:00,-1.0,3
22569,1,48806.22,48790.72,0.8337730870712401,1.028436018957346,14,2026-01-08 14:45:00,2.0,0
22576,-1,48834.22,48849.22,1.63,1.0473815461346634,15,2026-01-08 15:20:00,-1.0,3
22578,-1,48823.97,48858.72,1.900497512437811,2.1431718061674006,15,2026-01-08 15:30:00,-1.0,4
22588,1,48791.72,48785.72,0.933852140077821,0.302158273381295,16,2026-01-08 16:20:00,-1.0,1
22590,1,48869.17,48773.22,7.011494252873563,3.002123142250459,16,2026-01-08 16:30:00,2.0,4
22621,-1,49272.42,49304.42,0.6914947156517363,0.7030207924676343,19,2026-01-08 19:05:00,-1.0,0
22624,-1,49280.42,49315.42,0.7379454926624738,0.8193979933110368,19,2026-01-08 19:20:00,-1.0,0
22632,-1,49296.42,49324.42,0.9993319973279893,0.8336877924287589,20,2026-01-08 20:00:00,2.0,1
22634,-1,49240.42,49312.42,0.9842573579739904,2.0531622364803055,20,2026-01-08 20:10:00,-1.0,1
22635,1,49277.42,49231.17,1.1852879944482997,1.2918994413407896,20,2026-01-08 20:15:00,-1.0,2
22644,1,49259.42,49225.42,1.1403118040089086,0.9739130434782609,21,2026-01-08 21:00:00,-1.0,2
22647,1,49249.17,49202.92,1.0842105263157895,1.290483308420528,21,2026-01-08 21:15:00,2.0,2
22697,1,49293.77,49282.52,1.070063694267516,0.958904109589041,2,2026-01-09 02:25:00,-1.0,2
22720,-1,49256.27,49264.52,1.1152815013404827,0.8587360594795539,4,2026-01-09 04:20:00,-1.0,2
22728,-1,49255.52,49261.52,0.7861271676300579,0.6653465346534654,5,2026-01-09 05:00:00,-1.0,0
22739,-1,49260.52,49268.77,0.7481481481481481,0.9467213114754099,5,2026-01-09 05:55:00,-1.0,0
22740,1,49253.52,49249.27,1.0458015267175573,0.4621359223300971,6,2026-01-09 06:00:00,2.0,2
22743,1,49253.52,49249.52,0.5344129554655871,0.42911877394636017,6,2026-01-09 06:15:00,2.0,0
22750,-1,49266.27,49269.52,0.8229665071770335,0.38075313807531375,6,2026-01-09 06:50:00,2.0,0
22752,-1,49263.52,49271.52,1.799043062200957,0.9531914893617022,7,2026-01-09 07:00:00,2.0,4
22763,1,49259.52,49242.52,1.375,1.859375,7,2026-01-09 07:55:00,-1.0,3
22774,-1,49263.02,49270.52,1.0396825396825398,0.821917808219178,8,2026-01-09 08:50:00,2.0,2
22784,1,49240.37,49236.12,0.8888888888888888,0.45161290322580644,9,2026-01-09 09:40:00,2.0,1
22790,-1,49263.12,49275.12,2.099616858237548,0.9725036179450073,10,2026-01-09 10:10:00,2.0,4
22791,-1,49270.12,49275.12,2.0613026819923372,0.40816326530612246,10,2026-01-09 10:15:00,2.0,4
22798,1,49225.12,49214.62,1.6011730205278591,0.6440306681270538,10,2026-01-09 10:50:00,2.0,3
22799,1,49224.12,49219.12,1.2340425531914894,0.3056768558951965,10,2026-01-09 10:55:00,2.0,3
22800,1,49228.12,49219.12,1.0985915492957747,0.5508196721311475,11,2026-01-09 11:00:00,2.0,2
22812,-1,49274.12,49285.37,0.9724770642201835,0.8559782608695653,12,2026-01-09 12:00:00,2.0,1
22813,-1,49274.12,49279.12,0.8093023255813954,0.38199181446111874,12,2026-01-09 12:05:00,2.0,0
22814,-1,49265.12,49280.12,0.8329411764705882,1.1336032388663968,12,2026-01-09 12:10:00,-1.0,0
22865,1,49267.62,49238.12,1.8814968814968815,0.8196883993251864,16,2026-01-09 16:25:00,2.0,4
22866,-1,49390.07,49438.12,3.5802707930367506,1.04562057977778,16,2026-01-09 16:30:00,2.0,4
22869,1,49284.82,49239.57,2.7882986913010006,0.7580017947950942,16,2026-01-09 16:45:00,-1.0,4
22870,1,49335.32,49209.32,2.4644616467276568,1.9029126213592236,16,2026-01-09 16:50:00,-1.0,4
22874,1,49299.32,49191.32,1.6894065446478093,1.2330275229357799,17,2026-01-09 17:10:00,1.3395195380967002,4
22875,1,49299.32,49231.32,1.615085967831392,0.7488692232055064,17,2026-01-09 17:15:00,2.0,3
22878,-1,49406.32,49445.82,0.8287769784172662,0.3945068664169788,17,2026-01-09 17:30:00,-1.0,0
22889,-1,49433.32,49472.32,0.5518987341772152,0.6776295376977971,18,2026-01-09 18:25:00,-1.0,0
22936,-1,49513.32,49522.82,1.0515247108307044,0.4586206896551724,22,2026-01-09 22:20:00,-1.0,2
22939,-1,49511.32,49538.82,1.0830704521556256,1.25,22,2026-01-09 22:35:00,2.0,2
22940,-1,49509.32,49521.82,1.085173501577287,0.5902192242833053,22,2026-01-09 22:40:00,2.0,2
22951,1,49478.52,49472.27,0.1581196581196581,0.3502802241793394,23,2026-01-09 23:35:00,-1.0,0
22953,1,49477.52,49470.52,0.23908045977011494,0.49544994944387544,23,2026-01-09 23:45:00,-1.0,0
22969,1,49434.07,49406.57,2.937823834196891,1.0838963963964052,2,2026-01-12 02:05:00,-1.0,4
23001,1,49291.07,49274.57,0.4756277695716396,1.0694444444444444,4,2026-01-12 04:45:00,-1.0,0
23033,1,49249.57,49238.07,1.6074074074074074,1.170909090909091,7,2026-01-12 07:25:00,2.0,3
23055,-1,49266.17,49286.67,1.8733031674208145,1.7341389728096677,9,2026-01-12 09:15:00,-1.0,4
23102,1,49148.67,49118.17,1.546742209631728,1.6082862523540489,13,2026-01-12 13:10:00,2.0,3
23103,-1,49154.67,49167.92,1.2691218130311614,0.6763901549680947,13,2026-01-12 13:15:00,-1.0,3
23105,-1,49157.67,49167.67,0.8252148997134671,0.5077062556663644,13,2026-01-12 13:25:00,2.0,0
23124,-1,49154.67,49168.67,1.0,0.9116279069767441,15,2026-01-12 15:00:00,-1.0,1
23128,-1,49179.92,49187.42,1.4309859154929578,0.492379835873388,15,2026-01-12 15:20:00,-1.0,3
23131,-1,49183.42,49198.67,1.1111111111111112,0.8951781970649896,15,2026-01-12 15:35:00,-1.0,2
23132,-1,49172.67,49187.17,1.237597911227154,0.8345323741007195,15,2026-01-12 15:40:00,-1.0,3
23142,-1,49022.37,49227.17,7.9361702127659575,5.682687543355393,16,2026-01-12 16:30:00,-1.0,4
23143,1,49175.87,48991.87,7.0588235294117645,3.8704830591240578,16,2026-01-12 16:35:00,1.7561340255525821,4
23220,-1,49569.07,49584.82,0.6798029556650246,0.5457920792079208,23,2026-01-12 23:00:00,2.0,0
23255,1,49523.71,49518.96,0.7536231884057971,0.3940740740740741,2,2026-01-13 02:55:00,-1.0,0
23256,1,49524.96,49518.96,1.2391304347826086,0.49194729136163984,3,2026-01-13 03:00:00,-1.0,3
23260,1,49528.96,49517.96,0.9333333333333333,0.9418960244648318,3,2026-01-13 03:20:00,2.0,1
23267,-1,49547.46,49555.71,1.5700325732899023,0.7661691542288558,3,2026-01-13 03:55:00,-1.0,3
23295,-1,49578.96,49584.21,1.5431472081218274,0.7577319587628866,6,2026-01-13 06:15:00,2.0,3
23304,-1,49578.96,49584.96,1.4161490683229814,0.9385474860335195,7,2026-01-13 07:00:00,2.0,3
23309,1,49565.96,49562.21,1.3924050632911393,0.6194690265486725,7,2026-01-13 07:25:00,-1.0,3
23324,1,49553.96,49545.96,0.7558139534883721,1.1789473684210527,8,2026-01-13 08:40:00,-1.0,0
23325,1,49557.46,49552.71,0.8333333333333334,0.7055702917771883,8,2026-01-13 08:45:00,-1.0,0
23340,1,49549.56,49538.56,3.5057471264367814,1.2198019801980198,10,2026-01-13 10:00:00,-1.0,4
23341,1,49544.56,49539.06,2.448087431693989,0.5889101338432123,10,2026-01-13 10:05:00,-1.0,4
23351,1,49546.31,49540.56,0.926605504587156,0.5801801801801801,10,2026-01-13 10:55:00,-1.0,1
23361,1,49526.56,49517.56,0.9931506849315068,1.0478170478170479,11,2026-01-13 11:45:00,-1.0,1
23370,1,49525.56,49519.56,1.2429906542056075,0.6176470588235294,12,2026-01-13 12:30:00,-1.0,3
23383,-1,49531.56,49535.56,0.9270833333333334,0.43243243243243246,13,2026-01-13 13:35:00,-1.0,1
23384,-1,49529.31,49538.56,4.635416666666667,0.7224546722454672,13,2026-01-13 13:40:00,-1.0,4
23400,1,49493.56,49471.56,1.47985347985348,1.298208640674394,15,2026-01-13 15:00:00,-1.0,3
23406,1,49649.31,49470.56,8.60625,5.856129923010395,15,2026-01-13 15:30:00,-1.0,4
23407,-1,49595.06,49667.81,5.91875,2.0438263801095884,15,2026-01-13 15:35:00,2.0,4
23441,1,49281.01,49194.76,0.9982935153583617,1.4281490242460082,18,2026-01-13 18:25:00,-1.0,1
23462,1,49224.26,49177.26,1.005813953488372,1.031347962382445,20,2026-01-13 20:10:00,-1.0,2
23474,1,49192.76,49171.76,0.8464780252859723,0.5108601216333624,21,2026-01-13 21:10:00,-1.0,0
23481,1,49182.76,49165.76,0.8826025459688827,0.45097110374230226,21,2026-01-13 21:45:00,-1.0,1
23495,1,49186.96,49156.76,1.5720789074355084,0.8949095142342298,22,2026-01-13 22:55:00,-1.0,3
23522,-1,49163.35,49170.35,2.4266666666666667,0.5656565656565656,2,2026-01-14 02:10:00,2.0,4
23525,-1,49160.85,49165.85,0.782608695652174,0.4381846635367762,2,2026-01-14 02:25:00,2.0,0
23565,-1,49094.35,49114.1,1.3442622950819672,2.1026615969581752,5,2026-01-14 05:45:00,-1.0,3
23576,1,49084.85,49080.1,0.7981651376146789,0.5018867924528302,6,2026-01-14 06:40:00,-1.0,0
23619,-1,49087.45,49101.45,2.1015625,1.268608414239482,10,2026-01-14 10:15:00,-1.0,4
23622,-1,49082.45,49095.95,2.404580152671756,1.1085043988269794,10,2026-01-14 10:30:00,-1.0,4
23683,1,49039.45,49021.45,1.7881944444444444,0.8289473684210525,15,2026-01-14 15:35:00,-1.0,4
23686,1,49038.45,49007.45,1.6777408637873754,1.29745889387145,15,2026-01-14 15:50:00,2.0,4
23688,1,49039.45,49028.7,1.3270142180094786,0.44264705882352945,16,2026-01-14 16:00:00,-1.0,3
23696,-1,49044.65,49166.4,3.845622119815668,2.51865533801256,16,2026-01-14 16:40:00,0.8144367724073455,4
23697,1,49098.15,48991.65,3.8972602739726026,1.8695924764890282,16,2026-01-14 16:45:00,-1.0,4
23699,-1,49008.4,49089.15,3.196078431372549,1.2512451577199777,16,2026-01-14 16:55:00,-1.0,4
23701,1,49035.65,48966.65,2.7972389991371873,0.9772382397572078,17,2026-01-14 17:05:00,-1.0,4
23702,1,49138.65,49004.65,2.7462211614956247,1.6904708267627846,17,2026-01-14 17:10:00,-1.0,4
23707,1,48973.65,48880.65,0.8091895341416719,0.9436492118137344,17,2026-01-14 17:35:00,-1.0,0
23714,1,48944.65,48891.65,0.6151882578174857,0.7310344827586207,18,2026-01-14 18:10:00,2.0,0
23722,1,48883.9,48856.65,0.9062634989200864,0.4614454188085878,18,2026-01-14 18:50:00,2.0,1
23723,1,48887.65,48847.65,0.9503051438535309,0.699344364658133,18,2026-01-14 18:55:00,2.0,1
23724,1,48902.9,48874.65,0.9125274725274726,0.4829059829059829,19,2026-01-14 19:00:00,2.0,1
23760,-1,49037.65,49069.65,1.6996845425867508,0.8968968968968969,22,2026-01-14 22:00:00,-1.0,4
23769,-1,49038.4,49081.15,1.3034700315457413,0.9293478260869565,22,2026-01-14 22:45:00,-1.0,3
23783,1,49074.6,49019.35,0.9947460595446584,1.5175593486364614,23,2026-01-14 23:55:00,0.6624524793962356,1
23814,1,49075.23,49065.48,2.8503562945368173,0.6114221724524076,3,2026-01-15 03:30:00,2.0,4
23823,-1,49119.73,49135.98,0.7806563039723662,0.9732620320855614,4,2026-01-15 04:15:00,-1.0,0
23836,1,49114.73,49096.73,0.9822222222222222,1.7055837563451777,5,2026-01-15 05:20:00,-1.0,1
23871,-1,49156.73,49179.98,3.8938992042440317,1.3006993006993006,8,2026-01-15 08:15:00,2.0,4
23892,1,49107.33,49098.33,2.70873786407767,0.5915492957746479,10,2026-01-15 10:00:00,2.0,4
23932,-1,49212.33,49219.33,0.8648648648648649,0.6077519379844961,13,2026-01-15 13:20:00,2.0,1
23933,-1,49210.58,49221.33,1.1891891891891893,0.9218989280245022,13,2026-01-15 13:25:00,2.0,2
23934,-1,49212.33,49217.33,0.8716417910447761,0.43010752688172044,13,2026-01-15 13:30:00,2.0,1
23937,1,49196.83,49187.33,1.1277258566978192,0.7976011994002998,13,2026-01-15 13:45:00,-1.0,2
23944,1,49228.33,49186.33,1.2292993630573248,2.5874587458745872,14,2026-01-15 14:20:00,-1.0,3
23945,-1,49218.83,49303.58,4.450617283950617,3.886977886977887,14,2026-01-15 14:25:00,-1.0,4
23949,-1,49182.33,49240.08,1.7552238805970148,2.030131826741996,14,2026-01-15 14:45:00,-1.0,4
23951,1,49167.08,49149.08,1.8505747126436782,0.5833333333333334,14,2026-01-15 14:55:00,-1.0,4
23965,-1,49132.83,49147.33,1.06006006006006,0.5030978934324659,16,2026-01-15 16:05:00,-1.0,2
24030,1,49503.28,49461.03,1.9951179820992677,1.3715942028985508,21,2026-01-15 21:30:00,-1.0,4
24036,1,49479.53,49456.53,1.3583517292126563,0.6369930761622157,22,2026-01-15 22:00:00,-1.0,3
24085,-1,49479.13,49486.63,1.4676258992805755,0.8606557377049181,3,2026-01-16 03:05:00,2.0,3
24089,1,49463.63,49444.63,1.5540983606557377,1.9380692167577414,3,2026-01-16 03:25:00,2.0,3
24144,1,49520.63,49517.63,0.9023255813953488,0.3421588594704684,8,2026-01-16 08:00:00,-1.0,1
24145,1,49526.13,49517.63,1.326829268292683,0.9425742574257426,8,2026-01-16 08:05:00,-1.0,3
24147,1,49521.63,49517.63,0.9327354260089686,0.4349514563106796,8,2026-01-16 08:15:00,-1.0,1
24150,1,49522.63,49514.63,0.9327354260089686,0.8924302788844622,8,2026-01-16 08:30:00,-1.0,1
24151,1,49519.88,49516.13,0.726457399103139,0.4225352112676056,8,2026-01-16 08:35:00,2.0,0
24153,1,49523.63,49518.13,0.6697674418604651,0.6511627906976745,8,2026-01-16 08:45:00,-1.0,0
24163,1,49520.48,49510.73,0.8876404494382022,1.2816901408450705,9,2026-01-16 09:35:00,-1.0,1
24192,1,49488.23,49483.73,0.4774193548387097,0.42000000000000004,12,2026-01-16 12:00:00,2.0,0
24193,1,49489.73,49486.23,0.7960526315789473,0.33793103448275863,12,2026-01-16 12:05:00,2.0,0
24195,1,49494.98,49486.23,0.8372093023255814,0.8333333333333334,12,2026-01-16 12:15:00,-1.0,0
24209,1,49482.23,49469.23,2.016,1.1856677524429968,13,2026-01-16 13:25:00,-1.0,4
24210,1,49482.23,49475.23,1.2380952380952381,0.6292134831460674,13,2026-01-16 13:30:00,-1.0,3
24227,1,49428.23,49408.23,1.6596858638743455,1.0926829268292684,14,2026-01-16 14:55:00,-1.0,3
24229,1,49417.23,49409.48,1.1132530120481927,0.41098484848484845,15,2026-01-16 15:05:00,2.0,2
24230,1,49436.23,49414.23,1.378313253012048,1.136531365313653,15,2026-01-16 15:10:00,2.0,3
24234,-1,49450.23,49470.23,1.635135135135135,0.9467455621301775,15,2026-01-16 15:30:00,-1.0,3
24238,-1,49452.23,49462.23,1.023157894736842,0.44871794871794873,15,2026-01-16 15:50:00,-1.0,2
24245,-1,49443.98,49476.23,3.0652173913043477,1.4864197530864196,16,2026-01-16 16:25:00,-1.0,4
24247,-1,49441.43,49502.43,5.087314662273476,1.7054418372441336,16,2026-01-16 16:35:00,2.0,4
24261,1,49331.43,49264.43,0.889948006932409,1.0220648324707164,17,2026-01-16 17:45:00,2.0,1
24293,-1,49463.68,49483.43,0.7581998474446987,0.6806153846153846,20,2026-01-16 20:25:00,-1.0,0
24295,-1,49459.43,49475.43,0.7848882035466461,0.5670886075949367,20,2026-01-16 20:35:00,-1.0,0
24301,-1,49473.43,49514.43,1.1458501208702658,1.380637402285027,21,2026-01-16 21:05:00,2.0,2
24315,1,49388.43,49373.18,0.990409764603313,0.4824858757062147,22,2026-01-16 22:15:00,-1.0,1
24351,1,49031.47,49000.97,2.8273615635179152,0.8401377274963108,2,2026-01-19 02:15:00,-1.0,4
24374,1,49025.47,49012.47,0.8,0.6835680751173709,4,2026-01-19 04:10:00,-1.0,0
24383,-1,49024.97,49033.97,0.4088050314465409,0.6596858638743456,4,2026-01-19 04:55:00,2.0,0
24412,1,48998.47,48979.72,1.083969465648855,2.104208416833667,7,2026-01-19 07:20:00,-1.0,2
24423,-1,49013.97,49018.47,1.1748878923766817,0.41243862520458263,8,2026-01-19 08:15:00,-1.0,2
24426,-1,49016.47,49021.22,1.7637130801687764,0.469964664310954,8,2026-01-19 08:30:00,-1.0,4
24430,-1,49001.47,49030.47,1.1680672268907564,2.50231124807396,8,2026-01-19 08:50:00,2.0,2
24441,1,48941.07,48928.07,1.324742268041237,0.6330434782608696,9,2026-01-19 09:45:00,-1.0,3
24444,1,48964.82,48935.07,3.0751445086705202,1.2995319812792512,10,2026-01-19 10:00:00,2.0,4
24449,-1,49027.07,49059.07,1.776271186440678,1.1465131158029431,10,2026-01-19 10:25:00,-1.0,4
24461,1,48949.07,48911.07,1.5191122071516645,1.1988732394366197,11,2026-01-19 11:25:00,-1.0,3
24520,1,48957.57,48934.57,0.8172043010752689,1.0023346303501945,16,2026-01-19 16:20:00,-1.0,0
24525,1,48950.27,48909.52,1.637155297532656,1.4658273381295075,16,2026-01-19 16:45:00,-0.38763102725364973,3
24526,1,48953.27,48940.77,1.6952380952380952,0.4310875723611313,16,2026-01-19 16:50:00,-1.0,4
24544,-1,48942.77,48993.27,1.0011049723756906,1.732843137254902,18,2026-01-19 18:20:00,0.04309023485781162,2
24565,-1,48978.28,48994.28,0.82421875,0.9552238805970149,1,2026-01-20 01:00:00,2.0,0
24586,1,48925.28,48904.53,1.4485049833887043,0.9948630136986301,2,2026-01-20 02:45:00,-1.0,3
24587,1,48918.03,48909.78,1.1157894736842104,0.3958868894601542,2,2026-01-20 02:50:00,-1.0,2
24636,1,48895.78,48887.78,1.6974789915966386,0.7943262411347518,6,2026-01-20 06:55:00,2.0,4
24642,-1,48919.28,48926.28,1.691119691119691,0.5632183908045977,7,2026-01-20 07:25:00,-1.0,4
24644,-1,48910.03,48927.28,1.053763440860215,1.3251028806584362,7,2026-01-20 07:35:00,2.0,2
24648,-1,48912.53,48926.28,1.2012987012987013,0.9746835443037974,7,2026-01-20 07:55:00,2.0,2
24650,1,48889.78,48884.78,1.4425287356321839,0.34271725826193394,8,2026-01-20 08:05:00,-1.0,3
24674,1,48705.88,48679.88,2.053738317757009,1.006219765031099,10,2026-01-20 10:05:00,-1.0,4
24689,1,48584.88,48560.88,0.796875,0.6424474187380498,11,2026-01-20 11:20:00,-1.0,0
24699,1,48585.88,48528.88,0.8614916286149162,1.6386036960985626,12,2026-01-20 12:10:00,2.0,1
24734,-1,48740.88,48754.88,1.1540342298288508,0.4625368731563422,15,2026-01-20 15:05:00,-1.0,2
24735,-1,48728.38,48747.63,1.3496332518337408,0.6844444444444444,15,2026-01-20 15:10:00,-1.0,3
24749,1,48629.88,48606.38,1.1548556430446195,0.6492353231376419,16,2026-01-20 16:20:00,2.0,2
24750,1,48621.38,48602.38,1.5673400673400673,0.5202933985330073,16,2026-01-20 16:25:00,2.0,3
24751,1,48660.08,48598.58,3.1802748585286986,1.3245134989616272,16,2026-01-20 16:30:00,-1.0,4
24755,-1,48676.08,48785.08,2.2938322938322937,1.6096197457940056,16,2026-01-20 16:50:00,-1.0,4
24759,1,48667.58,48572.08,1.772850189291509,1.1557745504840984,17,2026-01-20 17:10:00,2.0,4
24788,1,48729.08,48686.58,0.9849874895746455,0.6878612716763006,19,2026-01-20 19:35:00,-1.0,1
24795,1,48720.08,48682.08,0.8661693725318121,0.7820654171260566,20,2026-01-20 20:10:00,-1.0,1
24812,1,48487.08,48442.08,1.0240902101486418,0.9257898603967671,21,2026-01-20 21:35:00,-1.0,2
24815,1,48484.08,48453.08,1.0046753246753246,0.6757493188010899,21,2026-01-20 21:50:00,-1.0,2
24820,1,48481.08,48432.08,1.1162079510703364,1.0594594594594595,22,2026-01-20 22:15:00,1.5876160990712314,2
24821,1,48487.58,48457.08,0.9779338014042126,0.6664065548185719,22,2026-01-20 22:20:00,-1.0,1
24842,-1,48558.23,48570.98,0.6656101426307448,0.6438232642019838,1,2026-01-21 01:05:00,2.0,0
24844,-1,48547.73,48559.98,0.6915113871635611,0.6819085487077534,1,2026-01-21 01:15:00,2.0,0
24853,1,48533.23,48511.23,3.1117478510028653,1.2344689378757514,2,2026-01-21 02:00:00,2.0,4
24892,-1,48595.73,48600.23,1.681592039800995,0.31382316313823166,5,2026-01-21 05:15:00,-1.0,4
24897,-1,48596.23,48606.23,0.8565121412803532,0.7008760951188987,5,2026-01-21 05:40:00,2.0,1
24914,1,48581.23,48555.73,1.2952380952380953,2.1124260355029585,7,2026-01-21 07:05:00,-1.0,3
24918,1,48582.23,48570.23,0.9028871391076115,1.0259541984732825,7,2026-01-21 07:25:00,-1.0,1
24938,1,48567.58,48550.83,1.444043321299639,1.3316297558205676,9,2026-01-21 09:05:00,2.0,3
24954,-1,48599.83,48614.83,2.4239130434782608,0.997624703087886,10,2026-01-21 10:25:00,2.0,4
25007,1,48387.33,48368.83,1.2085967130214919,0.5947187141216992,14,2026-01-21 14:50:00,-1.0,2
25016,1,48353.33,48310.83,1.3774680603948897,1.59410582719357,15,2026-01-21 15:35:00,2.0,3
25019,1,48374.83,48327.33,1.9117305458768874,1.6130988477865371,15,2026-01-21 15:50:00,2.0,4
25148,-1,49170.19,49179.44,1.078512396694215,0.7086183310533516,3,2026-01-22 03:35:00,-1.0,2
25186,1,49179.19,49174.44,0.7326007326007326,0.5720430107526882,6,2026-01-22 06:45:00,-1.0,0
25187,1,49180.19,49175.94,0.5714285714285714,0.5173913043478261,6,2026-01-22 06:50:00,-1.0,0
25194,1,49176.19,49172.44,0.7297297297297297,0.564516129032258,7,2026-01-22 07:25:00,-1.0,0
25264,1,49266.79,49226.79,2.4646017699115044,2.1497120921305184,13,2026-01-22 13:15:00,-1.0,4
25267,1,49257.79,49235.79,2.673866090712743,1.1857555341674688,13,2026-01-22 13:30:00,-1.0,4
25279,1,49251.79,49212.79,1.6796116504854368,1.801980198019802,14,2026-01-22 14:30:00,2.0,4
25292,-1,49291.79,49310.79,1.7119741100323624,0.7914311216899766,15,2026-01-22 15:35:00,-1.0,4
25309,-1,49294.99,49357.99,3.1788461538461537,0.8961137922275845,17,2026-01-22 17:00:00,-1.0,4
25342,-1,49584.99,49598.24,0.7932831499710481,0.37007481296758105,19,2026-01-22 19:45:00,-1.0,0
25392,1,49325.19,49311.69,0.515702479338843,0.6928152492668732,23,2026-01-22 23:55:00,2.0,0
25393,1,49337.89,49313.14,0.7555555555555555,1.2450592885375689,1,2026-01-23 01:00:00,2.0,0
25407,-1,49363.89,49375.64,1.4219653179190752,0.7695906432748538,2,2026-01-23 02:10:00,-1.0,3
25429,-1,49419.64,49433.64,0.8579234972677595,1.1529411764705884,4,2026-01-23 04:00:00,-1.0,1
25432,-1,49419.64,49426.64,0.625,0.6394779771615008,4,2026-01-23 04:15:00,-1.0,0
25469,-1,49429.64,49437.39,0.9769585253456221,0.9393939393939394,7,2026-01-23 07:20:00,-1.0,1
25478,-1,49436.64,49445.39,1.1682242990654206,1.1722488038277512,8,2026-01-23 08:05:00,-1.0,2
25482,-1,49434.64,49446.89,1.1050228310502284,1.6610169491525424,8,2026-01-23 08:25:00,2.0,2
25484,-1,49420.64,49438.64,1.238938053097345,2.1538461538461537,8,2026-01-23 08:35:00,2.0,3
25492,1,49425.24,49413.24,1.0925925925925926,1.197860962566845,9,2026-01-23 09:15:00,-1.0,2
25498,1,49411.24,49399.24,2.682926829268293,1.080385852090032,9,2026-01-23 09:45:00,-1.0,4
25502,1,49409.99,49400.24,2.654275092936803,0.7766714082503556,10,2026-01-23 10:05:00,-1.0,4
25556,1,49268.24,49248.49,1.238709677419355,1.1520833333333333,14,2026-01-23 14:35:00,-1.0,3
25559,-1,49291.24,49304.49,0.909853249475891,0.7303149606299213,14,2026-01-23 14:50:00,2.0,1
25563,1,49247.24,49233.74,0.8927875243664717,0.6506024096385542,15,2026-01-23 15:10:00,-1.0,1
25596,-1,49153.44,49185.44,0.757380073800738,0.5501995701565858,17,2026-01-23 17:55:00,2.0,0
25601,-1,49135.19,49162.69,0.7539874335427743,0.5680560678716341,18,2026-01-23 18:20:00,2.0,0
25694,-1,49013.54,49052.54,1.0740740740740742,1.390197326543603,3,2026-01-26 03:05:00,0.7606481032307797,2
25700,1,48988.29,48973.54,1.0963972736124634,0.5603799185888738,3,2026-01-26 03:35:00,-1.0,2
25703,1,48990.04,48967.54,0.8139303482587065,0.8366533864541833,3,2026-01-26 03:50:00,-1.0,0
25714,1,48969.54,48954.54,0.9392378990731205,0.8722741433021806,4,2026-01-26 04:45:00,2.0,1
25718,-1,49001.04,49016.54,1.1838565022421526,0.9908675799086758,5,2026-01-26 05:05:00,-1.0,2
25735,-1,48986.29,49008.54,1.2805071315372425,1.7377963737796374,6,2026-01-26 06:30:00,-1.0,3
25739,1,48980.04,48969.04,0.664440734557596,0.8688293370944993,6,2026-01-26 06:50:00,2.0,0
25746,-1,49000.04,49009.29,1.2163742690058479,0.6649550706033376,7,2026-01-26 07:25:00,-1.0,3
25818,-1,49095.64,49106.14,0.5913272010512484,0.704191616766467,13,2026-01-26 13:25:00,-1.0,0
25821,-1,49094.14,49109.14,0.6524822695035462,0.9940828402366865,13,2026-01-26 13:40:00,-1.0,0
25841,-1,49121.14,49144.89,1.0182481751824817,1.2875121006776378,15,2026-01-26 15:20:00,-1.0,2
25844,1,49100.14,49091.14,1.6324503311258278,0.4836852207293666,15,2026-01-26 15:35:00,-1.0,3
25845,1,49111.64,49082.14,1.4,1.4909747292418774,15,2026-01-26 15:40:00,2.0,3
25866,-1,49280.34,49366.59,1.0998398291510945,1.4500150105073553,17,2026-01-26 17:25:00,-1.0,2
25868,-1,49298.34,49329.34,0.9514370664023786,0.49472784269022513,17,2026-01-26 17:35:00,-1.0,1
25877,1,49254.34,49200.84,0.8248871048670346,1.140464408070042,18,2026-01-26 18:20:00,2.0,0
25926,-1,49448.09,49479.34,0.9442508710801394,1.4112903225806452,22,2026-01-26 22:25:00,2.0,1
25928,-1,49454.84,49474.84,1.0467625899280575,0.8688906128782001,22,2026-01-26 22:35:00,2.0,2
25946,1,49239.22,49207.72,0.24113475177304963,0.8534107402031931,1,2026-01-27 01:05:00,2.0,0
26028,-1,49383.22,49386.97,0.6543778801843319,0.5614973262032086,7,2026-01-27 07:55:00,-1.0,0
26057,1,49364.32,49359.57,2.909090909090909,0.33842239185750633,10,2026-01-27 10:20:00,-1.0,4
26073,-1,49370.07,49381.82,0.6844919786096256,0.8414322250639387,11,2026-01-27 11:40:00,-1.0,0
26077,1,49366.32,49355.32,0.8097165991902834,0.7797468354430379,12,2026-01-27 12:00:00,-1.0,0
26088,-1,49326.57,49415.57,3.0326797385620914,5.014084507042254,12,2026-01-27 12:55:00,2.0,4
26138,1,48965.27,48924.27,3.4188790560471976,0.6372467388287538,17,2026-01-27 17:05:00,-1.0,4
26139,1,48960.27,48940.27,2.9849931787175987,0.30409991854466467,17,2026-01-27 17:10:00,-1.0,4
26145,1,48964.27,48929.27,0.8616412213740458,0.5699331200930503,17,2026-01-27 17:40:00,2.0,1
26159,-1,49082.27,49125.27,0.8002458512599877,1.0778871978513875,18,2026-01-27 18:50:00,2.0,0
26175,1,48911.27,48859.27,1.0962850644427597,1.4115365971885603,20,2026-01-27 20:10:00,1.333609510611971,2
26203,1,48994.27,48963.27,1.3078556263269638,1.3682219419924464,22,2026-01-27 22:30:00,0.41266315994556396,3
26211,1,48974.47,48960.47,0.4730964467005076,0.5694363742010506,23,2026-01-27 23:10:00,2.0,0
26263,1,49009.65,48996.4,0.6415094339622641,1.1721958925750395,4,2026-01-28 04:30:00,-1.0,0
26264,-1,49014.4,49021.4,0.7267605633802817,0.6012269938650306,4,2026-01-28 04:35:00,-1.0,0
26273,-1,49018.9,49022.4,0.9382716049382716,0.362962962962963,5,2026-01-28 05:20:00,-1.0,1
26277,-1,49018.4,49025.4,1.1158798283261802,0.8540305010893247,5,2026-01-28 05:40:00,-1.0,2
26278,-1,49019.4,49030.4,1.5793991416309012,1.3190578158458246,5,2026-01-28 05:45:00,2.0,3
26282,1,49006.4,48994.4,1.102880658436214,1.2972972972972974,6,2026-01-28 06:05:00,-1.0,2
26288,1,48998.4,48990.4,0.5384615384615384,0.8565965583173997,6,2026-01-28 06:35:00,2.0,0
26303,-1,49028.4,49031.4,1.4322580645161291,0.43523316062176165,7,2026-01-28 07:50:00,-1.0,3
26304,-1,49028.65,49034.4,1.6387096774193548,0.8341968911917098,7,2026-01-28 07:55:00,-1.0,3
26305,-1,49019.9,49078.9,11.76774193548387,5.363636363636363,8,2026-01-28 08:00:00,-0.23238866396758778,4
26326,-1,49051.0,49055.0,0.8832271762208068,0.3388804841149773,9,2026-01-28 09:45:00,-1.0,1
26330,-1,49038.0,49058.0,2.166270783847981,1.4775725593667546,10,2026-01-28 10:05:00,2.0,4
26360,-1,49044.0,49050.0,0.8786407766990292,0.4409448818897638,12,2026-01-28 12:35:00,-1.0,1
26362,-1,49043.0,49050.0,1.0151515151515151,0.5399449035812672,12,2026-01-28 12:45:00,-1.0,2
26365,-1,49039.0,49054.0,1.1649484536082475,1.1914893617021278,13,2026-01-28 13:00:00,2.0,2
26369,1,49027.0,49020.0,1.1896103896103896,0.6021505376344086,13,2026-01-28 13:20:00,-1.0,2
26370,1,49038.0,49021.5,1.309278350515464,1.3352601156069364,13,2026-01-28 13:25:00,-1.0,3
26400,1,48972.0,48951.0,0.7847025495750708,0.9991503823279524,15,2026-01-28 15:55:00,-1.0,0
26404,1,48983.0,48955.0,1.0397727272727273,1.3742331288343559,16,2026-01-28 16:15:00,2.0,2
26416,1,48950.2,48911.2,2.1967526265520534,0.7301905717151455,17,2026-01-28 17:15:00,2.0,4
26441,-1,49038.2,49087.2,0.8468571428571429,1.2931196983977378,19,2026-01-28 19:20:00,2.0,0
26446,1,49011.2,48985.2,0.8948350964530181,0.7740563530037214,19,2026-01-28 19:45:00,-1.0,1
26449,1,49005.2,48990.2,0.9427083333333334,0.4617921935129192,20,2026-01-28 20:00:00,-1.0,1
26461,1,49003.2,48913.45,1.74207811348563,2.7829457364341086,21,2026-01-28 21:00:00,-1.0,4
26464,1,48999.45,48975.2,1.386882829771555,0.7,21,2026-01-28 21:15:00,-1.0,3
26465,1,49005.2,48976.45,1.330876934414149,0.8123107971745711,21,2026-01-28 21:20:00,-1.0,3
26467,-1,48998.7,49133.7,2.8651436993367723,2.42152466367713,21,2026-01-28 21:30:00,0.7375577003776654,4
26485,1,48903.4,48850.65,1.250560286866876,0.8862354494179814,23,2026-01-28 23:00:00,2.0,3
26486,1,48954.4,48873.65,1.0831889081455806,1.2989773641273188,23,2026-01-28 23:05:00,-1.0,2
26489,-1,49050.65,49076.9,0.6929627969520394,0.4043794014084527,23,2026-01-28 23:20:00,2.0,0
26513,1,48892.85,48861.85,1.33201581027668,0.826273203236554,2,2026-01-29 02:20:00,2.0,3
26521,-1,48892.35,48908.35,1.1268498942917549,0.5276796230859835,3,2026-01-29 03:00:00,-1.0,2
26544,-1,48935.35,48953.85,0.8301435406698564,1.1614349775784754,4,2026-01-29 04:55:00,-1.0,0
26550,-1,48950.35,48958.35,0.6989409984871406,0.5456760048721072,5,2026-01-29 05:25:00,-1.0,0
26552,-1,48948.35,48962.1,0.8868217054263566,1.0694444444444444,5,2026-01-29 05:35:00,-1.0,1
26561,-1,48963.35,48975.35,1.2877846790890268,0.9411764705882353,6,2026-01-29 06:20:00,-1.0,3
26565,-1,48970.35,48980.35,0.5877192982456141,0.8175182481751825,6,2026-01-29 06:40:00,-1.0,0
26605,-1,49032.95,49079.95,2.753303964757709,2.626746506986028,10,2026-01-29 10:00:00,-1.0,4
26614,-1,49070.95,49091.95,1.5055762081784387,0.9311163895486937,10,2026-01-29 10:45:00,-1.0,3
26622,-1,49089.45,49111.95,0.5890909090909091,1.1875589066918002,11,2026-01-29 11:25:00,-1.0,0
26627,-1,49080.95,49118.2,1.061516452074392,1.779863481228669,11,2026-01-29 11:50:00,2.0,2
26645,1,49063.95,49038.95,1.1262135922330097,1.1484823625922889,13,2026-01-29 13:20:00,-1.0,2
26651,-1,49061.95,49134.45,1.3353941267387945,1.193766539253161,13,2026-01-29 13:50:00,-1.0,3
26676,1,49039.45,49028.95,0.9531051964512041,0.4164305949008498,15,2026-01-29 15:55:00,-1.0,1
26683,1,49174.65,48996.95,4.2787068004459305,4.234913609668981,16,2026-01-29 16:30:00,-1.0,4
26686,-1,49037.65,49118.15,3.9580272822665266,1.13073141366509,16,2026-01-29 16:45:00,2.0,4
26687,1,49085.65,48972.15,3.537254901960784,1.474436299526764,16,2026-01-29 16:50:00,-1.0,4
26688,-1,48967.4,49116.9,3.2273972602739724,1.7209340568985303,16,2026-01-29 16:55:00,2.0,4
26739,-1,48936.15,48961.15,0.8752384586035864,0.4548408057179987,21,2026-01-29 21:10:00,-1.0,1
26743,-1,48948.9,49007.65,1.0531955606582473,1.1114864864864866,21,2026-01-29 21:30:00,-1.0,2
26746,-1,48948.9,48993.9,0.831858407079646,0.8556876061120543,21,2026-01-29 21:45:00,-1.0,0
26747,-1,48952.15,48973.65,0.9050420168067227,0.41388793399793744,21,2026-01-29 21:50:00,-1.0,1
26748,-1,48903.9,48966.15,0.9175565997436993,1.154686982444518,21,2026-01-29 21:55:00,-1.0,1
26759,-1,48983.9,49038.15,1.097430925836161,1.2259887005649717,22,2026-01-29 22:50:00,-1.0,2
26760,-1,49019.35,49066.65,1.1885603490063015,1.0242846094354845,22,2026-01-29 22:55:00,2.0,2
26762,-1,49008.85,49032.35,0.36257876878332523,0.5469659185369908,23,2026-01-29 23:05:00,2.0,0
26776,1,48912.82,48892.82,0.7736263736263737,0.6982543640897756,1,2026-01-30 01:15:00,-1.0,0
26778,1,48930.07,48843.07,1.08274231678487,2.4035520473606318,1,2026-01-30 01:25:00,-1.0,2
26791,-1,48926.07,48988.32,1.4591484464902187,1.9080459770114941,2,2026-01-30 02:30:00,2.0,3
26813,1,48792.57,48764.57,1.7350877192982457,0.9924050632911392,4,2026-01-30 04:20:00,2.0,4
26815,1,48793.32,48779.32,1.1411589895988112,0.47980416156670747,4,2026-01-30 04:30:00,-1.0,2
26839,-1,48863.32,48872.32,0.7025316455696202,0.5260960334029228,6,2026-01-30 06:30:00,2.0,0
26844,1,48844.32,48836.32,1.0163934426229508,0.5149425287356322,6,2026-01-30 06:55:00,-1.0,2
26847,1,48845.32,48835.07,1.1609353507565336,0.6575028636884307,7,2026-01-30 07:10:00,-1.0,2
26849,1,48841.32,48836.32,1.031636863823934,0.3121516164994426,7,2026-01-30 07:20:00,-1.0,2
26850,1,48845.32,48834.82,1.015130674002751,0.6426229508196721,7,2026-01-30 07:25:00,-1.0,2
26870,1,48714.92,48671.32,1.199501246882793,1.3194984868136221,9,2026-01-30 09:05:00,-1.0,2
26881,1,48672.17,48633.17,2.16359918200409,1.0917816436712688,10,2026-01-30 10:00:00,-1.0,4
26883,1,48673.17,48629.92,1.5637450199203187,1.2360926814330955,10,2026-01-30 10:10:00,-1.0,3
26884,1,48671.17,48646.92,1.6135458167330676,0.7039917055469156,10,2026-01-30 10:15:00,-1.0,3
26892,-1,48693.67,48718.42,1.035799522673031,0.6274332277048439,10,2026-01-30 10:55:00,-1.0,2
26894,-1,48694.67,48731.92,0.9992325402916347,0.9271111111111111,11,2026-01-30 11:05:00,2.0,1
26901,1,48630.92,48619.92,0.8647058823529412,0.33827567270730363,11,2026-01-30 11:40:00,-1.0,1
26907,1,48646.42,48612.67,0.7674597083653109,0.9952606635071091,12,2026-01-30 12:10:00,2.0,0
26919,-1,48729.67,48737.42,0.8107606679035251,0.3160961398397669,13,2026-01-30 13:10:00,-1.0,0
26946,1,48828.42,48803.92,1.1326623970722782,0.8037492677211482,15,2026-01-30 15:25:00,-1.0,2
26962,-1,48868.12,48936.37,2.1269254467036354,1.2770649558941385,16,2026-01-30 16:45:00,-1.0,4
26963,-1,48849.12,48938.12,2.0698529411764706,1.5426519747430893,16,2026-01-30 16:50:00,-1.0,4
26975,1,48829.87,48804.12,0.9115972430326641,0.33675852405418033,17,2026-01-30 17:50:00,-1.0,1
26993,1,48598.87,48536.87,1.016123499142367,0.9414316702819956,19,2026-01-30 19:20:00,-1.0,2
27005,1,48511.12,48440.12,0.9989736572015053,1.0213203185204214,20,2026-01-30 20:20:00,2.0,1
27035,-1,48859.12,48957.12,1.1185015290519877,1.6155431262879012,22,2026-01-30 22:50:00,0.8957702473470668,2
27037,-1,48860.32,48923.32,0.7492354740061162,1.0135601011261812,23,2026-01-30 23:00:00,2.0,0
27049,1,48786.0,48637.25,1.0494117647058823,3.5475792988314048,1,2026-02-02 01:00:00,-0.8117061529524526,2
27051,1,48762.75,48734.75,0.7390084190832554,0.696802175729243,1,2026-02-02 01:10:00,2.0,0
27080,1,48831.75,48794.75,1.7109737248840804,1.0571428571428572,3,2026-02-02 03:35:00,-1.0,4
27181,-1,48754.6,48780.85,0.7817427385892116,0.8189415041782729,12,2026-02-02 12:00:00,-1.0,0
27185,-1,48764.85,48785.85,0.8307123034227567,0.6805555555555556,12,2026-02-02 12:20:00,-1.0,0
27188,-1,48760.85,48790.35,0.9818181818181818,1.1102150537634408,12,2026-02-02 12:35:00,-1.0,1
27194,-1,48791.85,48801.85,0.9063509149623251,0.43545878693623635,13,2026-02-02 13:05:00,-1.0,1
27219,1,48854.35,48823.1,1.2450331125827814,1.292466765140325,15,2026-02-02 15:10:00,-1.0,3
27221,1,48847.85,48829.85,1.235613463626493,0.7,15,2026-02-02 15:20:00,2.0,3
27235,1,49004.05,48699.85,3.4757281553398056,6.575266327003292,16,2026-02-02 16:30:00,1.0688292078787898,4
27269,-1,49372.05,49397.05,0.7393939393939394,0.7310704960835509,19,2026-02-02 19:20:00,-1.0,0
27271,-1,49376.55,49389.05,0.7831253713606655,0.3863134657836645,19,2026-02-02 19:30:00,-1.0,0
27276,-1,49395.3,49421.05,0.8293650793650794,0.902377972465582,19,2026-02-02 19:55:00,2.0,0
27277,-1,49402.05,49421.55,0.8406779661016949,0.6924540266328472,20,2026-02-02 20:00:00,2.0,0
27278,-1,49385.3,49409.05,0.7985865724381626,0.8423052564914503,20,2026-02-02 20:05:00,-1.0,0
27285,1,49392.55,49355.05,0.933546837469976,1.4246947082767978,20,2026-02-02 20:40:00,2.0,1
27287,-1,49412.55,49426.8,0.9396621078037007,0.5514858327574291,20,2026-02-02 20:50:00,-1.0,1
27292,-1,49419.05,49435.05,0.7423868312757201,0.6627218934911243,21,2026-02-02 21:15:00,-1.0,0
27295,-1,49419.05,49433.05,1.1893744644387318,0.5837676842889055,21,2026-02-02 21:30:00,-1.0,2
27299,-1,49441.05,49454.05,1.0591259640102828,0.5372693726937269,21,2026-02-02 21:50:00,-1.0,2
27300,-1,49418.05,49481.05,1.5012809564474807,2.325642715886618,21,2026-02-02 21:55:00,-1.0,3
27301,1,49462.05,49385.05,2.184232365145228,2.377067254685777,22,2026-02-02 22:00:00,-1.0,4
27303,-1,49416.05,49471.05,1.2680497925311203,1.593378168649767,22,2026-02-02 22:10:00,-0.4494773030238799,3
27304,1,49394.05,49376.05,1.3659751037344399,0.49363369245837413,22,2026-02-02 22:15:00,-1.0,3
27305,1,49422.05,49388.55,1.1717842323651453,0.889943074003795,22,2026-02-02 22:20:00,-1.0,2
27322,1,49393.25,49379.25,0.24216524216524216,0.6246016571064315,23,2026-02-02 23:45:00,-1.0,0
27325,1,49410.65,49364.65,0.764638346727899,2.097378277153538,1,2026-02-03 01:00:00,0.2622222993010884,0
27326,-1,49438.65,49452.65,0.6955266955266955,0.6173228346456693,1,2026-02-03 01:05:00,-1.0,0
27333,-1,49440.65,49464.65,1.6411483253588517,1.0935720097640358,1,2026-02-03 01:40:00,-0.11869795609387665,3
27357,1,49431.15,49415.65,1.2907488986784141,1.0918238993710692,3,2026-02-03 03:40:00,-1.0,3
27397,-1,49439.9,49459.15,1.5714285714285714,1.9079646017699117,7,2026-02-03 07:00:00,-1.0,3
27401,1,49436.15,49419.15,1.2244897959183674,1.6218057921635434,7,2026-02-03 07:20:00,2.0,3
27414,-1,49454.15,49470.15,1.0675675675675675,1.4290271132376395,8,2026-02-03 08:25:00,-1.0,2
27433,1,49451.75,49431.75,2.813008130081301,1.5013404825737267,10,2026-02-03 10:00:00,-1.0,4
27434,1,49473.0,49439.75,2.7135135135135133,2.177777777777778,10,2026-02-03 10:05:00,-1.0,4
27438,-1,49459.75,49488.5,1.5257731958762886,1.8069584736251403,10,2026-02-03 10:25:00,2.0,3
27443,1,49439.25,49431.0,1.4929006085192698,0.46666666666666673,10,2026-02-03 10:50:00,-1.0,3
27444,1,49438.75,49428.75,1.0070921985815602,0.5650857719475277,10,2026-02-03 10:55:00,-1.0,2
27445,1,49434.75,49428.75,1.393103448275862,0.3333333333333333,11,2026-02-03 11:00:00,-1.0,3
27473,1,49383.75,49371.5,0.9575757575757575,0.8932291666666667,13,2026-02-03 13:20:00,-1.0,1
27476,1,49362.25,49357.75,1.1180124223602483,0.30288461538461536,13,2026-02-03 13:35:00,2.0,2
27477,1,49374.5,49359.5,1.0476190476190477,0.9621993127147767,13,2026-02-03 13:40:00,-1.0,2
27493,-1,49414.0,49431.75,1.4963235294117647,1.0608324439701173,15,2026-02-03 15:00:00,2.0,3
27511,1,49499.2,49316.0,6.056872037914692,4.95182932715508,16,2026-02-03 16:30:00,-1.0,4
27526,1,49470.95,49362.95,0.8798228969006958,1.1950207468879668,17,2026-02-03 17:45:00,-1.0,1
27604,-1,49289.08,49311.58,0.5728038507821901,0.792592406209898,1,2026-02-04 01:15:00,-0.08446812233396932,0
27633,1,49264.08,49253.08,0.8566978193146417,0.6436781609195402,3,2026-02-04 03:40:00,2.0,1
27635,1,49265.08,49259.08,1.1222570532915361,0.3418107833163785,3,2026-02-04 03:50:00,2.0,2
27639,-1,49293.08,49301.08,0.7601246105919003,0.4880174291938998,4,2026-02-04 04:10:00,2.0,0
27640,-1,49285.08,49302.08,1.0376175548589341,1.0793650793650793,4,2026-02-04 04:15:00,-1.0,2
27651,-1,49298.33,49308.08,1.0142857142857142,0.6523297491039427,5,2026-02-04 05:10:00,-1.0,2
27652,-1,49291.58,49307.83,1.4428571428571428,1.0833333333333333,5,2026-02-04 05:15:00,-1.0,3
27654,-1,49294.58,49306.08,0.9645390070921985,0.7385321100917431,5,2026-02-04 05:25:00,-1.0,1
27658,-1,49294.08,49307.08,1.1702898550724639,0.7695560253699789,5,2026-02-04 05:45:00,-1.0,2
27659,-1,49301.08,49306.08,1.2681159420289856,0.3040173724212812,5,2026-02-04 05:50:00,-1.0,3
27681,1,49300.58,49294.08,0.6943620178041543,0.7459016393442623,7,2026-02-04 07:40:00,2.0,0
27708,-1,49372.68,49384.18,0.8463476070528967,0.9168564920273424,9,2026-02-04 09:55:00,2.0,0
27710,1,49373.68,49342.68,3.4635416666666665,1.9280319857841082,10,2026-02-04 10:05:00,-1.0,4
27713,-1,49358.68,49393.18,2.882793017456359,1.8260869565217392,10,2026-02-04 10:20:00,-1.0,4
27717,1,49362.68,49329.43,2.4236453201970445,1.3453757225433525,10,2026-02-04 10:40:00,-1.0,4
27730,1,49326.68,49313.43,0.9645390070921985,0.5240112994350282,11,2026-02-04 11:45:00,2.0,1
27740,-1,49393.68,49417.43,0.799618320610687,0.9561466570812365,12,2026-02-04 12:35:00,-1.0,0
27760,-1,49387.93,49436.68,1.099236641221374,2.250618301731245,14,2026-02-04 14:15:00,-1.0,2
27763,1,49367.93,49355.68,1.056316590563166,0.5240641711229946,14,2026-02-04 14:30:00,-1.0,2
27772,1,49376.68,49356.43,1.7101063829787233,0.6948529411764706,15,2026-02-04 15:15:00,-1.0,4
27773,1,49382.68,49363.68,1.480453972257251,0.6292134831460674,15,2026-02-04 15:20:00,-1.0,3
27775,1,49404.68,49363.68,1.7139423076923077,1.320299022426682,15,2026-02-04 15:30:00,-1.0,4
27786,1,49397.18,49308.68,1.644404332129964,2.6745817593092283,16,2026-02-04 16:25:00,2.0,3
27792,-1,49355.13,49469.88,2.7349879903923138,1.4208012735473636,16,2026-02-04 16:55:00,-1.0,4
27793,1,49318.88,49258.88,2.7168949771689497,0.6984285357944642,17,2026-02-04 17:00:00,2.0,4
27797,-1,49597.88,49638.38,1.327987781596029,0.36718041704442494,17,2026-02-04 17:20:00,2.0,3
27799,-1,49512.38,49635.88,0.9837869137232195,1.0212941906140187,17,2026-02-04 17:30:00,2.0,1
27800,-1,49550.63,49656.88,1.0005790387955993,0.8275612673509708,17,2026-02-04 17:35:00,2.0,1
27802,-1,49593.38,49649.38,0.9379867320449957,0.4727875772651892,17,2026-02-04 17:45:00,2.0,1
27803,-1,49588.88,49630.38,0.9633689068358812,0.35459261519682633,17,2026-02-04 17:50:00,2.0,1
27815,1,49468.38,49413.88,0.9148999701403404,0.662757871878393,18,2026-02-04 18:50:00,-1.0,1
27863,-1,49516.88,49611.38,0.7928802588996764,1.5638297872340425,22,2026-02-04 22:50:00,-0.30235255783641773,0
27872,1,49488.58,49440.08,0.6067019400352733,0.8205438066465257,23,2026-02-04 23:35:00,0.3230252575136953,0
27889,1,49445.27,49432.52,1.917557251908397,0.46333549643088906,2,2026-02-05 02:00:00,2.0,4
27904,-1,49499.52,49510.02,1.3902097902097903,0.6614173228346457,3,2026-02-05 03:15:00,-1.0,3
27915,-1,49479.02,49539.27,1.8162618796198522,2.3912119064493265,4,2026-02-05 04:10:00,0.6761923928356017,4
27917,1,49490.52,49452.02,1.8869828456104945,1.3226993865030674,4,2026-02-05 04:20:00,-1.0,4
27925,1,49438.02,49406.02,1.4849397590361446,0.934793948878456,5,2026-02-05 05:00:00,-1.0,3
27926,1,49441.52,49419.52,1.1000719942404609,0.6363636363636364,5,2026-02-05 05:05:00,-1.0,2
27927,1,49445.02,49429.77,0.9638041163946061,0.44525547445255476,5,2026-02-05 05:10:00,-1.0,1
27928,1,49455.52,49434.77,0.9694819020581973,0.6099737532808398,5,2026-02-05 05:15:00,-1.0,1
27964,-1,49430.02,49449.52,0.8879668049792531,0.934931506849315,8,2026-02-05 08:15:00,-1.0,1
27970,-1,49444.02,49457.27,0.6867219917012448,0.6819852941176471,8,2026-02-05 08:45:00,-1.0,0
27972,-1,49448.02,49454.02,0.5735294117647058,0.33070866141732286,8,2026-02-05 08:55:00,-1.0,0
27980,-1,49451.87,49468.62,0.7456445993031359,0.96900826446281,9,2026-02-05 09:35:00,-1.0,0
27987,-1,49474.12,49482.62,2.0025974025974027,0.3704280155642023,10,2026-02-05 10:10:00,-1.0,4
27989,-1,49461.12,49490.62,1.625974025974026,1.2032046613255645,10,2026-02-05 10:20:00,2.0,3
28016,-1,49410.12,49440.62,0.8245033112582781,1.022754491017964,12,2026-02-05 12:35:00,-1.0,0
28017,-1,49419.62,49444.12,0.8939779474130619,0.8132780082987552,12,2026-02-05 12:40:00,-1.0,1
28025,-1,49468.37,49481.87,0.9541463414634146,0.5115020297699594,13,2026-02-05 13:20:00,-1.0,1
28027,-1,49467.37,49482.37,1.3009118541033435,0.5551883674818242,13,2026-02-05 13:30:00,-1.0,3
28037,-1,49423.62,49536.62,1.8605539637058262,3.030651340996169,14,2026-02-05 14:20:00,2.0,4
28055,1,49310.62,49285.62,0.9546332046332047,0.58115400581154,15,2026-02-05 15:50:00,-1.0,1
28057,1,49332.12,49268.62,1.199421965317919,1.5183603757472246,16,2026-02-05 16:00:00,-1.0,2
28084,1,48946.32,48827.32,0.9649172046028628,1.3336001600960576,18,2026-02-05 18:15:00,2.0,1
28119,1,49082.57,49024.82,0.8876013904982619,0.9829787234042553,21,2026-02-05 21:10:00,-1.0,1
28136,1,48927.82,48892.82,1.077124183006536,0.6353322528363047,22,2026-02-05 22:35:00,-1.0,2
28205,1,48817.03,48805.03,0.9115646258503401,0.4719101123595506,5,2026-02-06 05:20:00,2.0,1
28210,1,48816.53,48797.53,1.0701754385964912,0.6958796599084369,5,2026-02-06 05:45:00,-1.0,2
28219,1,48796.53,48777.28,0.9031007751937985,0.7727598566308244,6,2026-02-06 06:30:00,-1.0,1
28231,1,48840.28,48780.03,1.1775700934579438,2.1795865633074936,7,2026-02-06 07:30:00,2.0,2
28236,-1,48862.28,48878.03,0.936656282450675,0.5876082611592273,7,2026-02-06 07:55:00,-1.0,1
28237,-1,48862.78,48882.03,1.0612668743509865,0.7338325391422736,8,2026-02-06 08:00:00,-1.0,2
28244,-1,48863.03,48873.03,0.9023569023569024,0.4223227752639518,8,2026-02-06 08:35:00,2.0,1
28261,1,48854.88,48825.63,2.4238578680203045,1.1625266146202982,10,2026-02-06 10:00:00,2.0,4
28264,-1,48885.13,48929.38,2.0474406991260925,1.5091352009744214,10,2026-02-06 10:15:00,-1.0,4
28266,-1,48865.13,48909.63,1.6573426573426573,1.4031531531531531,10,2026-02-06 10:25:00,-1.0,3
28268,-1,48887.13,48896.63,1.4288702928870294,0.30592294422081656,10,2026-02-06 10:35:00,-1.0,3
28276,-1,48928.13,48956.88,1.0462894930198383,0.6851063829787234,11,2026-02-06 11:15:00,-1.0,2
28296,-1,49026.13,49042.88,0.7869481765834933,0.7862531433361275,12,2026-02-06 12:55:00,-1.0,0
28354,-1,49722.83,49816.58,0.8070855244948796,1.0964912280701755,17,2026-02-06 17:45:00,-1.0,0
28391,-1,49967.83,49995.58,0.8183908045977012,0.9130434782608696,20,2026-02-06 20:50:00,-1.0,0
28394,-1,49977.83,49988.58,0.873341375150784,0.3636407567593666,21,2026-02-06 21:05:00,-1.0,1
28399,-1,49987.83,50017.83,1.0226986128625473,1.0786655366360973,21,2026-02-06 21:30:00,-1.0,2
28410,-1,50022.83,50040.83,0.9786324786324786,0.6702127659574468,22,2026-02-06 22:25:00,-1.0,1
28444,1,50211.9,50195.4,1.7136150234741785,0.5992217898832685,2,2026-02-09 02:15:00,-1.0,4
28447,1,50235.15,50201.65,1.3069908814589666,1.1160023795359906,2,2026-02-09 02:30:00,-1.0,3
28454,1,50198.4,50181.4,0.88,0.6903553299492385,3,2026-02-09 03:05:00,2.0,1
28456,1,50222.9,50190.4,0.9053030303030303,1.337252020573108,3,2026-02-09 03:15:00,-1.0,1
28467,-1,50223.15,50248.4,0.9582929194956353,1.1993214588634438,4,2026-02-09 04:10:00,2.0,1
28481,1,50194.4,50182.9,0.6657963446475196,0.7505827505827506,5,2026-02-09 05:20:00,-1.0,0
28483,1,50191.4,50171.4,1.3404580152671757,1.232123212321232,5,2026-02-09 05:30:00,-1.0,3
28485,1,50200.4,50183.4,1.1053435114503818,1.0955120828538552,5,2026-02-09 05:40:00,-1.0,2
28499,-1,50203.4,50210.4,0.6120996441281139,0.5859491778774291,6,2026-02-09 06:50:00,-1.0,0
28501,-1,50201.9,50210.9,1.2796780684104627,0.7862714508580343,7,2026-02-09 07:00:00,-1.0,3
28505,-1,50209.4,50213.4,0.9898167006109979,0.3943661971830986,7,2026-02-09 07:20:00,2.0,1
28506,-1,50204.4,50213.4,0.9072164948453608,0.8689655172413793,7,2026-02-09 07:25:00,-1.0,1
28512,-1,50208.9,50219.4,0.7157894736842105,0.9702970297029703,7,2026-02-09 07:55:00,2.0,0
28513,1,50191.9,50158.9,3.9654427645788335,2.418848167539267,8,2026-02-09 08:00:00,-1.0,4
28515,-1,50205.4,50214.65,2.135593220338983,0.607981220657277,8,2026-02-09 08:10:00,2.0,4
28532,1,50160.0,50152.0,0.6170500676589986,0.5233644859813084,9,2026-02-09 09:35:00,2.0,0
28543,-1,50202.5,50222.75,1.3532934131736527,0.9387417218543046,10,2026-02-09 10:30:00,-1.0,3
28552,1,50202.0,50188.75,0.7376861397479955,0.6230058774139379,11,2026-02-09 11:15:00,-1.0,0
28554,1,50202.5,50185.75,0.9049255441008018,0.8177855274629467,11,2026-02-09 11:25:00,-1.0,1
28586,1,50090.0,50051.25,1.3326203208556149,1.6514459665144596,14,2026-02-09 14:05:00,-1.0,3
28593,-1,50074.0,50102.75,0.9524861878453039,1.270718232044199,14,2026-02-09 14:40:00,-1.0,1
28600,-1,50100.5,50120.0,1.0222222222222221,1.002754820936639,15,2026-02-09 15:15:00,2.0,2
28602,-1,50098.0,50119.25,1.146820809248555,1.0606060606060606,15,2026-02-09 15:25:00,2.0,2
28606,1,50074.0,50060.5,1.1131639722863742,0.6242774566473989,15,2026-02-09 15:45:00,-1.0,2
28649,1,50096.2,50074.2,0.7842351369405478,0.7792536369386465,19,2026-02-09 19:20:00,-1.0,0
28653,1,50100.2,50078.45,1.0104011887072808,0.712280701754386,19,2026-02-09 19:40:00,-1.0,2
28657,1,50075.2,50060.7,1.1864951768488745,0.5221864951768489,20,2026-02-09 20:00:00,-1.0,2
28658,1,50106.2,50065.95,1.0096463022508038,1.3553818400481057,20,2026-02-09 20:05:00,-1.0,2
28661,1,50106.2,50035.45,1.8824489795918367,2.304828388598022,20,2026-02-09 20:20:00,0.07255422098255566,4
28667,-1,50131.2,50156.2,0.9369369369369369,0.7882882882882882,20,2026-02-09 20:50:00,-1.0,1
28670,-1,50124.95,50150.2,0.8691358024691358,0.7585836909871245,21,2026-02-09 21:05:00,-1.0,1
28681,-1,50192.2,50205.2,0.9850220264317181,0.5913891145410235,22,2026-02-09 22:00:00,2.0,1
28683,-1,50179.2,50200.2,0.9237668161434978,0.9857502095557419,22,2026-02-09 22:10:00,2.0,1
28688,1,50139.2,50106.2,1.433579335793358,1.4597156398104265,22,2026-02-09 22:35:00,-1.0,3
28707,1,50114.14,50099.64,1.4230769230769231,1.045045045045045,1,2026-02-10 01:10:00,-1.0,3
28708,1,50113.39,50102.89,1.2393162393162394,0.7871485943775101,1,2026-02-10 01:15:00,-1.0,3
28709,1,50111.89,50105.89,1.123931623931624,0.47124824684431976,1,2026-02-10 01:20:00,-1.0,2
28713,1,50114.89,50102.89,1.4663072776280324,0.8995983935742973,1,2026-02-10 01:40:00,-1.0,3
28732,-1,50118.89,50132.89,1.321969696969697,1.058029689608637,3,2026-02-10 03:15:00,-1.0,3
28734,-1,50121.89,50134.64,1.069767441860465,0.9037974683544303,3,2026-02-10 03:25:00,-1.0,2
28754,1,50115.89,50107.39,0.7600700525394045,0.7000000000000001,5,2026-02-10 05:05:00,2.0,0
28783,-1,50158.89,50162.89,2.1559322033898307,0.4050632911392405,7,2026-02-10 07:30:00,2.0,4
28787,1,50145.89,50138.14,1.202572347266881,0.7045454545454546,7,2026-02-10 07:50:00,-1.0,2
28792,1,50127.89,50121.89,1.4285714285714286,0.509090909090909,8,2026-02-10 08:15:00,-1.0,3
28801,1,50125.49,50107.89,1.696629213483146,1.5399999999998726,9,2026-02-10 09:00:00,2.0,4
28803,1,50136.49,50122.74,1.1611111111111112,1.1111111111111112,9,2026-02-10 09:10:00,-1.0,2
28813,-1,50131.49,50156.99,3.707641196013289,1.819108280254777,10,2026-02-10 10:00:00,-1.0,4
28821,-1,50147.49,50164.49,1.6575682382133996,0.9388560157790927,10,2026-02-10 10:40:00,-1.0,3
28849,1,50172.49,50161.24,1.5754189944134078,0.7797029702970297,13,2026-02-10 13:00:00,-1.0,3
28853,1,50172.49,50155.74,0.6712564543889845,1.1739674593241551,13,2026-02-10 13:20:00,-1.0,0
28937,1,50267.69,50244.69,1.4996572995202193,0.6988605534454694,20,2026-02-10 20:20:00,-1.0,3
29013,-1,50314.84,50318.34,0.762214983713355,0.4688995215311005,3,2026-02-11 03:40:00,-1.0,0
29018,-1,50310.09,50323.84,1.1156462585034013,1.5187376725838264,4,2026-02-11 04:05:00,-1.0,2
29047,-1,50314.84,50328.59,0.9482758620689655,1.684901531728665,6,2026-02-11 06:30:00,-1.0,1
29061,1,50302.84,50299.84,1.1263537906137184,0.32748538011695905,7,2026-02-11 07:40:00,2.0,2
29065,1,50318.59,50298.84,1.9508771929824562,2.393939393939394,8,2026-02-11 08:00:00,-1.0,4
29069,1,50304.84,50292.84,1.34185303514377,1.2285191956124315,8,2026-02-11 08:20:00,-1.0,3
29072,1,50307.84,50295.09,0.7796610169491526,1.2614840989399292,8,2026-02-11 08:35:00,-1.0,0
29080,1,50291.44,50279.44,1.2131147540983607,1.12751677852349,9,2026-02-11 09:15:00,-1.0,3
29083,1,50289.44,50284.44,1.0053191489361701,0.46589018302828616,9,2026-02-11 09:30:00,-1.0,2
29090,1,50280.69,50276.69,2.8021108179419527,0.3177304964539007,10,2026-02-11 10:05:00,-1.0,4
29095,1,50294.44,50273.44,2.061611374407583,1.257754010695187,10,2026-02-11 10:30:00,-1.0,4
29096,-1,50299.44,50312.44,1.8878923766816142,0.7383367139959431,10,2026-02-11 10:35:00,-1.0,4
29104,-1,50306.94,50318.44,0.9937106918238994,0.5902841429880843,11,2026-02-11 11:15:00,2.0,1
29106,-1,50312.19,50318.19,0.631578947368421,0.3287671232876712,11,2026-02-11 11:25:00,2.0,0
29107,-1,50302.44,50315.44,0.849624060150376,0.717948717948718,11,2026-02-11 11:30:00,2.0,1
29108,-1,50303.44,50313.19,0.9197994987468672,0.5723270440251572,11,2026-02-11 11:35:00,2.0,1
29148,1,50231.94,50221.44,0.8960863697705803,0.5714285714285714,14,2026-02-11 14:55:00,2.0,1
29167,-1,50470.14,50508.44,3.1986644407345577,0.7306670300470621,16,2026-02-11 16:30:00,2.0,4
29240,1,50143.39,50095.64,0.9869215291750503,1.4095940959409594,22,2026-02-11 22:35:00,1.287292940522559,1
29264,1,50118.51,50091.51,1.4774774774774775,1.327480245829675,1,2026-02-12 01:35:00,2.0,3
29267,1,50115.51,50107.76,1.0846846846846847,0.3715753424657534,1,2026-02-12 01:50:00,-1.0,2
29307,-1,50227.76,50232.51,0.5342706502636204,0.37464788732394366,5,2026-02-12 05:10:00,-1.0,0
29309,-1,50229.76,50233.76,0.6212121212121212,0.3308714918759232,5,2026-02-12 05:20:00,-1.0,0
29337,1,50278.26,50271.51,1.0784313725490196,0.7297297297297297,7,2026-02-12 07:40:00,-1.0,2
29339,1,50278.76,50275.51,1.0744336569579287,0.35546875,7,2026-02-12 07:50:00,-1.0,2
29340,1,50280.26,50271.76,1.3021806853582554,0.9136276391554702,7,2026-02-12 07:55:00,-1.0,3
29343,1,50276.51,50264.76,1.5389408099688473,1.1077441077441077,8,2026-02-12 08:10:00,-1.0,3
29391,-1,50284.36,50308.36,0.864696734059098,1.594306049822064,12,2026-02-12 12:10:00,2.0,1
29412,-1,50295.36,50302.36,1.0375275938189845,0.5624103299856528,13,2026-02-12 13:55:00,2.0,2
29431,1,50278.36,50234.11,2.355848434925865,1.8772727272727272,15,2026-02-12 15:30:00,-1.0,4
29435,-1,50291.36,50308.86,1.4907407407407407,0.6648575305291723,15,2026-02-12 15:50:00,2.0,3
29446,-1,50313.31,50387.06,3.755849440488301,1.3082868727825696,16,2026-02-12 16:45:00,-1.0,4
29448,-1,50327.56,50352.56,3.0767824497257767,0.39361223571750015,16,2026-02-12 16:55:00,-1.0,4
29496,-1,49612.06,49658.81,0.9269537480063795,0.6824817518248175,20,2026-02-12 20:55:00,-1.0,1
29497,-1,49608.31,49649.56,0.8821268417680974,0.6236501079913608,21,2026-02-12 21:00:00,-1.0,1
29498,-1,49619.56,49642.31,0.9153645833333334,0.3585702223473121,21,2026-02-12 21:05:00,-1.0,1
29517,1,49590.81,49572.31,0.984,0.4062745098039216,22,2026-02-12 22:40:00,-1.0,1
29539,1,49453.71,49426.96,1.5167095115681235,1.0301196534176784,1,2026-02-13 01:30:00,-1.0,3
29542,1,49447.46,49413.96,1.4652956298200515,1.1760280842527497,1,2026-02-13 01:45:00,-1.0,3
29557,1,49435.96,49411.21,1.1035072711719418,0.9172733289212442,3,2026-02-13 03:00:00,-1.0,2
29577,-1,49464.71,49482.96,0.5565565565565566,1.0261044176706828,4,2026-02-13 04:40:00,2.0,0
29596,1,49438.21,49425.96,1.4972477064220184,0.758011049723757,6,2026-02-13 06:15:00,-1.0,3
29597,1,49434.96,49424.96,1.2667876588021778,0.5907172995780591,6,2026-02-13 06:20:00,-1.0,3
29605,1,49411.96,49402.71,1.4176,0.5686059275521406,7,2026-02-13 07:00:00,-1.0,3
29606,1,49411.96,49396.71,1.2202852614896988,0.9446902654867257,7,2026-02-13 07:05:00,-1.0,3
29627,1,49338.96,49319.96,0.8947368421052632,0.8851913477537438,8,2026-02-13 08:50:00,2.0,1
29642,-1,49389.56,49403.81,2.224343675417661,0.6263736263736264,10,2026-02-13 10:05:00,2.0,4
29644,1,49285.56,49274.56,2.58472553699284,0.3941138835572617,10,2026-02-13 10:15:00,2.0,4
29658,-1,49377.56,49397.56,0.7017994858611826,0.554730064388311,11,2026-02-13 11:25:00,2.0,0
29706,-1,49354.46,49377.81,1.1162162162162161,0.5750219876868595,15,2026-02-13 15:25:00,-1.0,2
29721,1,49302.26,49072.51,2.067343666488509,3.1664697775152724,16,2026-02-13 16:40:00,1.2586264029160494,4
29723,1,49323.51,49252.26,2.087970323264441,0.8525276697577058,16,2026-02-13 16:50:00,2.0,4
29727,-1,49396.26,49521.26,1.5052631578947369,1.1075598873453403,17,2026-02-13 17:10:00,-1.0,3
29733,-1,49431.51,49540.76,0.9714285714285714,0.7966145833333333,17,2026-02-13 17:40:00,-1.0,1
29735,-1,49494.51,49551.76,0.937466307277628,0.45359366157328807,17,2026-02-13 17:50:00,-1.0,1
29736,-1,49479.01,49531.51,0.9008086253369272,0.43114826220853497,17,2026-02-13 17:55:00,-1.0,1
29740,-1,49544.76,49611.26,0.8748973446482343,0.6669054441260746,18,2026-02-13 18:15:00,-1.0,1
29745,-1,49596.76,49628.76,0.7868566443733643,0.38463189525649283,18,2026-02-13 18:40:00,-1.0,0
29764,-1,49681.76,49713.26,0.9886178861788618,0.5987780040733198,20,2026-02-13 20:15:00,-1.0,1
29766,-1,49662.26,49719.01,1.0189456342668863,1.0917210580556511,20,2026-02-13 20:25:00,2.0,2
29773,1,49588.26,49556.01,1.0585825481360098,0.5691774346044752,21,2026-02-13 21:00:00,-1.0,2
29780,1,49552.76,49530.76,0.9676388333999201,0.4226415094339622,21,2026-02-13 21:35:00,-1.0,1
29809,-1,49461.63,49554.38,1.0176767676767677,3.0688693514842464,1,2026-02-16 01:00:00,-1.0,2
29813,-1,49503.88,49513.38,1.0017152658662092,0.36901392819488554,1,2026-02-16 01:20:00,-1.0,2
29847,-1,49576.38,49583.38,1.5990338164251208,0.4537037037037037,4,2026-02-16 04:10:00,-1.0,3
29850,-1,49576.88,49586.88,1.1075514874141876,0.713375796178344,4,2026-02-16 04:25:00,2.0,2
29870,-1,49578.38,49594.13,1.358288770053476,1.3125,6,2026-02-16 06:05:00,-1.0,3
29955,1,49692.48,49674.48,1.3869731800766283,1.1364148816234498,13,2026-02-16 13:10:00,2.0,3
29956,1,49695.48,49688.23,1.2337164750957854,0.4516129032258065,13,2026-02-16 13:15:00,2.0,3
29957,1,49705.23,49687.23,1.1992551210428306,1.125,13,2026-02-16 13:20:00,-1.0,2
29971,-1,49706.98,49733.23,1.3786764705882353,1.4244186046511629,14,2026-02-16 14:30:00,2.0,3
29982,1,49701.98,49683.98,1.194078947368421,0.9491525423728813,15,2026-02-16 15:25:00,-1.0,2
30001,1,49665.68,49640.68,1.583969465648855,0.8045052292839849,17,2026-02-16 17:00:00,-1.0,3
30002,1,49661.68,49649.68,0.9265982636148382,0.37769784172661625,17,2026-02-16 17:05:00,-1.0,1
30011,1,49562.68,49550.68,0.8444444444444444,0.35220125786163525,17,2026-02-16 17:50:00,-1.0,0
30015,1,49588.93,49548.68,0.7939042089985486,1.124750499001996,18,2026-02-16 18:10:00,-1.0,0
30036,1,49538.93,49522.93,1.4074941451990632,0.7750865051903114,19,2026-02-16 19:55:00,2.0,3
30051,-1,49571.34,49582.34,2.193103448275862,0.5150501672240803,2,2026-02-17 02:05:00,-1.0,4
30094,1,49343.09,49317.84,1.2097130242825607,1.0443131462333826,5,2026-02-17 05:40:00,-1.0,3
30096,1,49346.84,49325.84,0.7753705815279361,0.8334514528703046,5,2026-02-17 05:50:00,-1.0,0
30115,1,49337.09,49325.34,1.2559726962457338,0.7704918032786885,7,2026-02-17 07:25:00,-1.0,3
30130,-1,49355.84,49369.34,0.7546628407460545,0.6310517529215359,8,2026-02-17 08:40:00,2.0,0
30164,-1,49478.44,49489.69,0.7993897787948131,0.44025157232704404,11,2026-02-17 11:30:00,-1.0,0
30172,-1,49482.44,49498.94,0.6910112359550562,0.84,12,2026-02-17 12:10:00,2.0,0
30179,1,49432.44,49420.44,1.152662721893491,0.6010733452593917,12,2026-02-17 12:45:00,-1.0,2
30187,1,49438.94,49397.94,1.344186046511628,1.7224306076519131,13,2026-02-17 13:25:00,-1.0,3
30200,1,49408.69,49388.94,1.3673257023933403,0.6960352422907489,14,2026-02-17 14:30:00,-1.0,3
30202,1,49402.94,49388.69,0.9827760891590679,0.5391891891891892,14,2026-02-17 14:40:00,-1.0,1
30210,1,49408.44,49332.19,1.7410071942446044,2.066795740561471,15,2026-02-17 15:20:00,2.0,4
30216,-1,49471.69,49517.94,2.1940412528647824,0.9908186687069624,15,2026-02-17 15:50:00,-1.0,4
30228,-1,49414.89,49610.14,2.143187066974596,1.979721166032953,16,2026-02-17 16:50:00,-1.0,4
30233,1,49402.14,49235.64,1.3976452715533612,1.4802349579298302,17,2026-02-17 17:15:00,-1.0,3
30235,1,49275.14,49227.89,1.0205535763222802,0.3874084919472914,17,2026-02-17 17:25:00,-1.0,2
30240,1,49289.14,49231.14,0.9462189462189462,0.5176920624800765,17,2026-02-17 17:50:00,2.0,1
30241,1,49334.14,49267.14,0.9434889434889435,0.6278447121820616,17,2026-02-17 17:55:00,2.0,1
30279,-1,49613.14,49662.64,0.889344262295082,0.8162544169611307,21,2026-02-17 21:05:00,2.0,1
30281,-1,49605.89,49635.64,0.8728403593642018,0.511042944785276,21,2026-02-17 21:15:00,-1.0,1
30288,1,49600.89,49569.39,0.857796416317194,0.700834326579261,21,2026-02-17 21:50:00,-1.0,1
30290,1,49594.64,49576.14,0.9196850393700787,0.4075531077891424,22,2026-02-17 22:00:00,-1.0,1
30326,1,49497.74,49477.24,1.6411290322580645,0.9761904761904762,2,2026-02-18 02:00:00,2.0,3
30327,1,49504.74,49490.74,1.3951612903225807,0.6616033755274262,2,2026-02-18 02:05:00,2.0,3
30353,-1,49517.74,49533.99,0.7726432532347505,1.0435779816513762,4,2026-02-18 04:15:00,-1.0,0
30365,1,49509.49,49503.74,0.8564356435643564,0.5047021943573667,5,2026-02-18 05:15:00,2.0,1
30366,1,49511.49,49503.74,0.8905852417302799,0.7245409015025042,5,2026-02-18 05:20:00,2.0,1
30369,-1,49532.74,49543.74,1.2458100558659218,0.9685534591194969,5,2026-02-18 05:35:00,-1.0,3
30370,-1,49535.24,49538.74,1.2067039106145252,0.32289950576606263,5,2026-02-18 05:40:00,-1.0,2
30391,-1,49588.24,49592.99,0.6089743589743589,0.502835538752363,7,2026-02-18 07:25:00,-1.0,0
30394,-1,49588.24,49603.24,0.8,1.5849056603773586,7,2026-02-18 07:40:00,-1.0,0
30395,-1,49589.24,49594.99,0.8788927335640139,0.62890625,7,2026-02-18 07:45:00,-1.0,1
30396,-1,49585.24,49591.99,0.8387096774193549,0.75,7,2026-02-18 07:50:00,-1.0,0
30405,-1,49599.99,49606.74,1.2831541218637992,0.5286713286713287,8,2026-02-18 08:35:00,-1.0,3
30409,-1,49592.99,49614.99,1.2893772893772895,1.640479360852197,8,2026-02-18 08:55:00,-1.0,3
30410,-1,49595.84,49604.49,2.4835164835164836,0.6155019059721493,9,2026-02-18 09:00:00,-1.0,4
30417,-1,49617.84,49622.84,0.9408450704225352,0.3218390804597701,9,2026-02-18 09:35:00,-1.0,1
30419,-1,49615.09,49627.84,1.4535211267605634,0.8902743142144639,9,2026-02-18 09:45:00,-1.0,3
30420,-1,49615.84,49621.09,1.158774373259053,0.36386138613861385,9,2026-02-18 09:50:00,-1.0,2
30421,-1,49613.84,49618.84,0.9916434540389972,0.34782608695652173,9,2026-02-18 09:55:00,-1.0,1
30493,1,49575.34,49558.34,1.4161490683229814,0.6218158066623122,15,2026-02-18 15:55:00,2.0,3
30494,1,49594.34,49566.84,1.3918367346938776,0.9643080776455855,16,2026-02-18 16:00:00,-1.0,3
30500,1,49612.04,49427.34,3.8453914767096133,4.125727961707317,16,2026-02-18 16:30:00,0.863996645381213,4
30503,-1,49639.04,49791.04,2.7609046849757672,2.224196498562843,16,2026-02-18 16:45:00,-1.0,4
30608,1,49630.98,49611.98,2.026595744680851,1.3434343434343434,2,2026-02-19 02:30:00,-1.0,4
30614,1,49648.48,49607.73,2.217741935483871,2.485838779956427,3,2026-02-19 03:00:00,-0.3902050567389735,4
30635,-1,49676.23,49684.98,0.4425956738768719,0.6586021505376344,4,2026-02-19 04:45:00,2.0,0
30639,-1,49674.98,49679.73,0.6242990654205608,0.41497659906396256,5,2026-02-19 05:05:00,-1.0,0
30644,-1,49676.48,49686.98,1.4444444444444444,1.0481283422459893,5,2026-02-19 05:30:00,2.0,3
30659,1,49641.48,49636.98,1.2110091743119267,0.40319999999999995,6,2026-02-19 06:45:00,-1.0,3
30665,1,49640.98,49627.98,0.9565217391304348,1.141065830721003,7,2026-02-19 07:15:00,2.0,1
30667,1,49649.73,49630.98,1.3101449275362318,1.4914772727272727,7,2026-02-19 07:25:00,2.0,3
30675,-1,49663.98,49680.23,1.3944444444444444,1.1833550065019505,8,2026-02-19 08:05:00,-1.0,3
30680,-1,49678.98,49689.23,1.9366754617414248,0.7961165048543689,8,2026-02-19 08:30:00,-1.0,4
30681,-1,49678.98,49683.98,1.2363636363636363,0.40875912408759124,8,2026-02-19 08:35:00,-1.0,3
30682,-1,49677.98,49683.98,0.9521410579345088,0.4985163204747774,8,2026-02-19 08:40:00,-1.0,1
30697,-1,49677.58,49695.58,1.4075949367088607,1.2775665399239544,9,2026-02-19 09:55:00,-1.0,3
30764,1,49491.08,49455.58,1.61863488624052,1.481371087928465,15,2026-02-19 15:30:00,-1.0,3
30778,1,49515.78,49352.28,2.747520976353928,3.0630268968285708,16,2026-02-19 16:40:00,-1.0,4
30780,1,49488.03,49422.03,2.5492537313432835,1.0809546092653215,16,2026-02-19 16:50:00,-1.0,4
30787,-1,49463.78,49558.53,0.9410640331315706,1.0027970970668256,17,2026-02-19 17:25:00,-1.0,1
30792,-1,49469.78,49572.03,0.9257725390251672,1.2036998108051293,17,2026-02-19 17:50:00,2.0,1
30804,1,49398.78,49312.28,1.0558156283759452,1.211,18,2026-02-19 18:50:00,-1.0,2
30808,1,49361.78,49308.78,0.918625678119349,0.796137339055794,19,2026-02-19 19:10:00,-1.0,1
30816,1,49306.28,49274.78,1.0220197418375094,0.4952274003368894,19,2026-02-19 19:50:00,-1.0,2
30820,1,49310.78,49255.03,0.9272030651340997,0.9535736102626756,20,2026-02-19 20:10:00,-1.0,1
30851,-1,49380.78,49392.78,0.9434146341463414,0.3037974683544304,22,2026-02-19 22:45:00,-1.0,1
30860,-1,49380.98,49401.48,0.22188139059304704,0.6512366689357775,23,2026-02-19 23:30:00,-1.0,0
30903,-1,49461.85,49468.35,1.3673036093418258,0.5006877579092159,4,2026-02-20 04:05:00,2.0,3
30911,1,49435.6,49425.85,1.1150793650793651,0.7647058823529411,4,2026-02-20 04:45:00,2.0,2
30929,-1,49453.85,49466.85,1.2011494252873562,1.5326315789473683,6,2026-02-20 06:15:00,-1.0,2
30940,-1,49460.85,49471.1,1.2822299651567943,1.1254901960784314,7,2026-02-20 07:10:00,-1.0,3
30955,-1,49493.85,49501.85,0.912751677852349,0.7985739750445633,8,2026-02-20 08:25:00,2.0,1
30956,-1,49480.85,49498.6,1.6711409395973154,1.7438596491228069,8,2026-02-20 08:30:00,-1.0,3
30966,1,49479.95,49471.95,1.25,0.8057553956834532,9,2026-02-20 09:20:00,-1.0,3
30968,1,49478.45,49467.45,1.3597359735973598,1.0232558139534884,9,2026-02-20 09:30:00,-1.0,3
30974,1,49475.95,49465.45,3.1561643835616437,0.8021828103683493,10,2026-02-20 10:00:00,-1.0,4
30977,1,49478.2,49462.45,2.53475935828877,0.9514563106796118,10,2026-02-20 10:15:00,-1.0,4
30979,1,49482.45,49460.45,2.14070351758794,1.1313131313131313,10,2026-02-20 10:25:00,-1.0,4
30982,1,49477.45,49468.7,1.3195488721804511,0.4052936311000827,10,2026-02-20 10:40:00,2.0,3
31005,1,49458.45,49441.45,0.932258064516129,0.9896049896049897,12,2026-02-20 12:35:00,-1.0,1
31021,1,49343.95,49334.2,1.5054021608643458,0.3913978494623656,13,2026-02-20 13:55:00,-1.0,3
31022,1,49339.45,49318.45,1.7972027972027973,0.8132780082987552,14,2026-02-20 14:00:00,-1.0,4
31033,1,49334.95,49313.45,0.8347996089931574,0.9086792452830189,14,2026-02-20 14:55:00,2.0,0
31035,1,49342.45,49328.45,0.7564356435643564,0.6068111455108359,15,2026-02-20 15:05:00,2.0,0
31038,-1,49353.2,49380.7,0.6316831683168317,1.1449814126394053,15,2026-02-20 15:20:00,-1.0,0
31040,-1,49299.45,49393.2,2.57,3.108348134991119,15,2026-02-20 15:30:00,-1.0,4
31041,1,49300.7,49288.95,2.124,0.3755707762557078,15,2026-02-20 15:35:00,-1.0,4
31045,1,49311.7,49284.45,1.3077679449360866,0.7691532258064516,15,2026-02-20 15:55:00,-1.0,3
31051,1,49259.45,49238.2,1.6770491803278689,0.5461220743460303,16,2026-02-20 16:25:00,-1.0,4
31056,1,49255.15,49177.15,2.2470669427191168,1.3718592964824121,16,2026-02-20 16:50:00,2.0,4
31057,1,49341.85,49233.65,1.9396179913739988,1.7336766809727717,16,2026-02-20 16:55:00,2.0,4
31091,1,49380.65,49314.4,0.9228295819935691,1.0728744939271255,19,2026-02-20 19:45:00,2.0,1
31117,1,49518.65,49498.4,0.9015873015873016,0.46229107215654297,21,2026-02-20 21:55:00,2.0,1
31156,1,49502.24,49494.49,1.1584158415841583,0.3577906018136851,2,2026-02-23 02:10:00,-1.0,2
31178,1,49363.24,49346.99,1.0849150849150848,0.6014540647719763,4,2026-02-23 04:00:00,-1.0,2
31192,1,49324.99,49318.24,0.4881101376720901,0.47014925373134325,5,2026-02-23 05:10:00,-1.0,0
31203,1,49320.74,49299.99,0.6746987951807228,1.6274509803921569,6,2026-02-23 06:05:00,2.0,0
31216,1,49307.99,49300.49,1.2610169491525425,0.7106598984771574,7,2026-02-23 07:10:00,2.0,3
31250,-1,49418.09,49438.59,2.6170798898071626,1.3090079817559863,10,2026-02-23 10:00:00,-1.0,4
31253,-1,49412.59,49422.59,2.004950495049505,0.674698795180723,10,2026-02-23 10:15:00,2.0,4
31254,-1,49415.59,49422.59,2.1751824817518246,0.4821648216482165,10,2026-02-23 10:20:00,2.0,4
31290,-1,49507.09,49535.59,0.9559748427672956,1.5465116279069768,13,2026-02-23 13:20:00,2.0,1
31293,1,49500.09,49489.59,1.1637931034482758,0.6758620689655173,13,2026-02-23 13:35:00,-1.0,2
31294,1,49497.59,49492.59,1.2543103448275863,0.3286384976525822,13,2026-02-23 13:40:00,-1.0,3
31330,-1,49506.29,49628.79,4.024971623155505,2.191693290734824,16,2026-02-23 16:40:00,2.0,4
31366,1,48807.79,48772.79,0.9150612959719789,0.8072487644151566,19,2026-02-23 19:40:00,2.0,1
31378,-1,48945.79,48986.79,0.883495145631068,0.9158356601515756,20,2026-02-23 20:40:00,2.0,1
31390,1,48784.79,48760.79,0.9636688505062537,0.5393258426966292,21,2026-02-23 21:40:00,2.0,1
31401,-1,48814.79,48851.29,0.9422169811320755,0.988394584139265,22,2026-02-23 22:35:00,-1.0,1
31405,1,48818.99,48737.29,1.3586291309669523,1.7964504476204877,22,2026-02-23 22:55:00,0.31417333410087667,3
31418,-1,48846.48,48874.48,1.154241645244216,1.4374770810414528,1,2026-02-24 01:00:00,-1.0,2
31421,-1,48842.48,48860.73,0.5966666666666667,1.1815028901734104,1,2026-02-24 01:15:00,-1.0,0
31426,-1,48866.48,48876.73,1.2142857142857142,0.6172043010752688,1,2026-02-24 01:40:00,2.0,3
31432,1,48855.23,48831.73,1.9105263157894736,1.2018264840182649,2,2026-02-24 02:10:00,-1.0,4
31435,1,48833.73,48825.23,1.3362637362637362,0.4666666666666666,2,2026-02-24 02:25:00,2.0,3
31437,1,48841.73,48826.98,0.8785425101214575,0.8003875968992249,2,2026-02-24 02:35:00,2.0,1
31481,1,48882.23,48870.73,1.464406779661017,1.45372460496614,6,2026-02-24 06:15:00,-1.0,3
31485,1,48878.98,48869.73,1.0779661016949154,1.121212121212121,6,2026-02-24 06:35:00,2.0,2
31493,-1,48885.23,48905.23,1.4878892733564013,2.0363636363636366,7,2026-02-24 07:15:00,-1.0,3
31497,1,48875.23,48865.73,1.8366013071895424,0.897133220910624,7,2026-02-24 07:35:00,-1.0,4
31498,1,48874.23,48867.23,1.3333333333333333,0.6841186736474695,7,2026-02-24 07:40:00,-1.0,3
31503,1,48870.23,48861.23,1.0755813953488371,0.7706422018348623,8,2026-02-24 08:05:00,-1.0,2
31507,1,48855.23,48844.23,1.421875,0.8688293370944993,8,2026-02-24 08:25:00,2.0,3
31508,1,48861.23,48844.23,1.3513513513513513,1.2847503373819162,8,2026-02-24 08:30:00,2.0,3
31517,-1,48905.83,48914.33,1.1152073732718895,0.5522041763341068,9,2026-02-24 09:15:00,2.0,2
31520,-1,48900.83,48912.33,0.9848156182212582,0.802992518703242,9,2026-02-24 09:30:00,2.0,1
31530,1,48862.58,48814.58,3.0184804928131417,2.183590576766856,10,2026-02-24 10:20:00,-1.0,4
31539,1,48873.83,48830.58,0.8963815789473685,1.2031793343268753,11,2026-02-24 11:05:00,-0.004785915733698165,1
31551,-1,48886.83,48900.83,0.728184553660983,0.624203821656051,12,2026-02-24 12:05:00,-1.0,0
31552,-1,48878.58,48891.83,0.5343855693348365,0.6369098712446353,12,2026-02-24 12:10:00,-1.0,0
31554,-1,48879.83,48890.33,0.6150121065375302,0.5787401574803149,12,2026-02-24 12:20:00,-1.0,0
31598,-1,48925.83,48966.83,0.9797225186766275,1.5195234943745863,16,2026-02-24 16:00:00,-1.0,1
31604,-1,48927.78,48997.28,4.221985058697972,1.5234069203068803,16,2026-02-24 16:30:00,-1.0,4
31632,1,49153.03,49114.03,0.7715447154471544,0.867699642431466,18,2026-02-24 18:50:00,2.0,0
31639,-1,49226.03,49247.03,0.6878453038674033,0.551594746716698,19,2026-02-24 19:25:00,-1.0,0
31647,-1,49237.28,49267.03,0.9268867924528302,0.9934406678592724,20,2026-02-24 20:05:00,-1.0,1
31648,-1,49237.53,49251.03,0.831758034026465,0.4581818181818182,20,2026-02-24 20:10:00,-1.0,0
31657,-1,49259.03,49290.03,0.8242857142857143,1.093887838689351,20,2026-02-24 20:55:00,2.0,0
31667,1,49214.03,49192.03,0.7454031117397454,0.7832167832167832,21,2026-02-24 21:45:00,-1.0,0
31669,1,49210.03,49201.03,0.8061224489795918,0.31072749691738594,21,2026-02-24 21:55:00,-1.0,0
31676,1,49186.03,49152.03,1.0517629407351838,1.2127388535031847,22,2026-02-24 22:30:00,0.788364903113496,2
31680,-1,49209.03,49255.03,1.4435178165276725,1.4711593375214163,22,2026-02-24 22:50:00,-0.4288610535047774,3
31783,-1,49196.11,49217.11,1.0357894736842106,1.744807121661721,8,2026-02-25 08:25:00,-1.0,2
31787,-1,49198.11,49202.36,0.7410526315789474,0.33663366336633666,8,2026-02-25 08:45:00,2.0,0
31797,1,49178.46,49172.71,1.2318501170960188,0.45609065155807366,9,2026-02-25 09:35:00,2.0,3
31823,-1,49256.21,49273.71,0.8467614533965245,1.0594594594594595,11,2026-02-25 11:45:00,-1.0,0
31826,-1,49246.71,49271.96,0.7233333333333334,1.6674528301886793,12,2026-02-25 12:00:00,-1.0,0
31836,-1,49259.71,49280.71,0.9330357142857143,1.4394124847001224,12,2026-02-25 12:50:00,-1.0,1
31861,-1,49345.96,49362.46,1.5127610208816706,0.9736564805057955,14,2026-02-25 14:55:00,-1.0,3
31880,-1,49347.41,49443.71,5.843558282208589,2.935655960805528,16,2026-02-25 16:30:00,-1.0,4
31881,1,49377.91,49318.16,5.324200913242009,1.5620915032679739,16,2026-02-25 16:35:00,-1.0,4
31882,1,49339.16,49322.41,4.895265423242468,0.3839541547277937,16,2026-02-25 16:40:00,2.0,4
31940,1,49484.91,49440.16,1.010351966873706,2.1640759930915374,21,2026-02-25 21:30:00,-1.0,2
31946,-1,49492.91,49509.66,1.1088435374149659,0.8192139737991265,22,2026-02-25 22:00:00,-1.0,2
31957,-1,49494.11,49515.41,1.7426160337552743,1.0390243902440444,22,2026-02-25 22:55:00,-1.0,4
31958,-1,49478.86,49542.86,1.3817034700315458,2.5728643216080402,23,2026-02-25 23:00:00,0.7889630618602789,3
31963,1,49476.11,49455.36,0.4353312302839117,0.7980769230769231,23,2026-02-25 23:25:00,2.0,0
31964,1,49471.61,49460.36,2.2544689800210307,0.37212049616066156,23,2026-02-25 23:30:00,-1.0,4
31996,1,49404.96,49386.96,1.2420091324200913,1.2218181818181817,3,2026-02-26 03:10:00,-0.9684990735023011,3
32000,1,49400.46,49383.96,1.3889716840536512,1.0870588235294119,3,2026-02-26 03:30:00,2.0,3
32006,-1,49423.46,49440.96,0.8793650793650793,1.0828729281767957,4,2026-02-26 04:00:00,1.5900518134715793,1
32025,-1,49425.46,49428.96,0.8923076923076924,0.46445497630331756,5,2026-02-26 05:35:00,-1.0,1
32028,-1,49425.96,49432.46,0.9294871794871795,0.8235294117647058,5,2026-02-26 05:50:00,2.0,1
32029,-1,49423.96,49429.96,0.8305647840531561,0.7466666666666666,5,2026-02-26 05:55:00,2.0,0
32030,-1,49421.96,49430.96,1.2137931034482758,1.1150442477876106,6,2026-02-26 06:00:00,2.0,3
32060,1,49387.21,49370.46,1.845272206303725,1.6720142602495545,8,2026-02-26 08:30:00,-1.0,4
32063,-1,49398.71,49406.96,0.8770949720670391,0.7661691542288558,8,2026-02-26 08:45:00,2.0,1
32064,-1,49389.96,49402.96,0.7965616045845272,1.146456692913386,8,2026-02-26 08:50:00,-1.0,0
32079,1,49382.56,49374.56,2.5487179487179485,0.5270588235294118,10,2026-02-26 10:05:00,2.0,4
32080,1,49389.56,49373.56,2.54040404040404,1.047953216374269,10,2026-02-26 10:10:00,2.0,4
32082,-1,49397.56,49423.81,2.3737373737373737,1.5441176470588236,10,2026-02-26 10:20:00,-1.0,4
32084,-1,49389.06,49412.56,2.033816425120773,1.2230483271375463,10,2026-02-26 10:30:00,-1.0,4
32093,-1,49418.56,49424.56,0.8203753351206434,0.3116883116883117,11,2026-02-26 11:15:00,-1.0,0
32161,-1,49630.51,49702.76,4.093278463648834,1.298126283367549,16,2026-02-26 16:55:00,2.0,4
32162,1,49618.26,49577.76,4.043184885290149,0.6728373086507619,17,2026-02-26 17:00:00,-1.0,4
32196,1,49282.76,49235.76,0.9132040627885504,0.94,19,2026-02-26 19:50:00,2.0,1
32215,-1,49486.76,49531.76,0.9490114464099896,0.9509433962264151,21,2026-02-26 21:25:00,-1.0,1
32221,-1,49510.76,49543.76,0.8660260033917467,0.9650130548302872,21,2026-02-26 21:55:00,-1.0,1
32227,-1,49513.76,49540.76,0.8762755102040817,0.842809364548495,22,2026-02-26 22:25:00,2.0,1
32232,1,49509.76,49495.76,1.1511551155115511,0.45291738879260546,22,2026-02-26 22:50:00,-1.0,2
32233,1,49506.96,49489.71,1.213201320132013,0.575273939971411,22,2026-02-26 22:55:00,-1.0,3
32267,1,49217.85,49172.1,1.3955555555555557,1.892171344165436,2,2026-02-27 02:45:00,1.0039648336493305,3
32289,-1,49228.85,49246.85,0.6030150753768844,1.207185628742515,4,2026-02-27 04:35:00,-1.0,0
32298,-1,49250.85,49257.85,0.9181636726546906,0.5648414985590778,5,2026-02-27 05:20:00,2.0,1
32316,-1,49259.85,49270.85,0.45083932853717024,1.0249584026622296,6,2026-02-27 06:50:00,-1.0,0
32332,1,49247.35,49242.85,2.0931506849315067,0.3307086614173228,8,2026-02-27 08:10:00,-1.0,4
32336,1,49247.85,49235.85,2.4173027989821882,0.767123287671233,8,2026-02-27 08:30:00,2.0,4
32348,-1,49298.45,49303.95,0.875,0.3737864077669903,9,2026-02-27 09:30:00,2.0,1
32349,-1,49297.95,49305.45,0.8508064516129032,0.5405405405405406,9,2026-02-27 09:35:00,-1.0,1
32354,-1,49293.7,49306.95,3.3738317757009346,0.9750328515111696,10,2026-02-27 10:00:00,-1.0,4
32355,-1,49292.95,49312.7,3.2570093457943927,1.2950819672131149,10,2026-02-27 10:05:00,-1.0,4
32358,-1,49289.45,49301.7,2.5373831775700935,0.625341841385597,10,2026-02-27 10:20:00,-1.0,4
32359,-1,49295.2,49308.95,2.3271028037383177,0.6862745098039216,10,2026-02-27 10:25:00,-1.0,4
32373,-1,49303.45,49334.45,0.9489795918367347,1.3821656050955415,11,2026-02-27 11:35:00,2.0,1
32381,1,49253.7,49218.45,1.0317460317460319,1.1956390066626288,12,2026-02-27 12:15:00,-1.0,2
32382,1,49260.45,49245.45,0.9541284403669725,0.519159456118665,12,2026-02-27 12:20:00,-1.0,1
32383,1,49251.95,49240.45,0.963302752293578,0.3970406905055487,12,2026-02-27 12:25:00,-1.0,1
32392,1,49200.45,49173.95,1.072234762979684,0.8843861740166865,13,2026-02-27 13:10:00,-1.0,2
32393,1,49201.45,49185.45,0.8874172185430463,0.540084388185654,13,2026-02-27 13:15:00,-1.0,1
32394,1,49215.45,49195.45,0.9164785553047404,0.717948717948718,13,2026-02-27 13:20:00,-1.0,1
32396,1,49206.45,49193.2,1.0832356389214537,0.48275862068965514,13,2026-02-27 13:30:00,-1.0,2
32406,1,49210.45,49184.95,0.9050160085378869,0.8390129259694478,14,2026-02-27 14:20:00,-1.0,1
32412,1,49132.45,49109.95,1.2427745664739884,0.7279029462738302,14,2026-02-27 14:50:00,-1.0,3
32413,1,49124.95,49107.95,1.2093896713615024,0.5390713476783692,14,2026-02-27 14:55:00,-1.0,3
32414,1,49147.45,49116.95,1.2820512820512822,0.9457364341085271,15,2026-02-27 15:00:00,-1.0,3
32433,1,48903.65,48841.15,2.3071979434447303,1.102015113350126,16,2026-02-27 16:35:00,-1.0,4
32458,-1,48904.9,48982.65,0.9394915861081274,1.174217907227616,18,2026-02-27 18:40:00,2.0,1
32487,-1,48831.15,48911.65,0.8882328131590046,1.9314481576692373,21,2026-02-27 21:05:00,-1.0,1
32493,1,48823.65,48787.65,0.9451162790697675,0.8438677270824613,21,2026-02-27 21:35:00,-1.0,1
32494,1,48804.4,48771.9,0.9365079365079365,0.7253886010362693,21,2026-02-27 21:40:00,-1.0,1
32498,1,48797.15,48770.65,0.8761996161228407,0.6162790697674418,22,2026-02-27 22:00:00,2.0,1
32505,-1,48879.65,48940.65,0.9742319127849356,1.2949203942380592,22,2026-02-27 22:35:00,-1.0,1
32508,-1,48909.65,48981.15,1.4294324460070316,1.4366702547542158,22,2026-02-27 22:50:00,2.0,3
32510,-1,48935.85,48968.85,1.058354114713217,0.5883851248089681,23,2026-02-27 23:00:00,2.0,2
32534,1,48402.9,48346.4,1.676342525399129,0.708495678265934,2,2026-03-02 02:00:00,2.0,3
32537,1,48382.4,48366.9,1.488690884167238,0.34240631163708085,2,2026-03-02 02:15:00,-1.0,3
32538,1,48401.9,48371.4,1.028909329829172,0.7221987315010572,2,2026-03-02 02:20:00,-1.0,2
32573,1,48595.4,48573.9,0.5275167785234899,0.83785664578984,5,2026-03-02 05:15:00,-1.0,0
32574,1,48592.65,48567.9,0.9931224209078404,0.9396610169491525,5,2026-03-02 05:20:00,-1.0,1
32575,1,48590.9,48579.65,0.8191933240611962,0.43538355217691777,5,2026-03-02 05:25:00,-1.0,0
32586,1,48560.4,48517.65,1.67921146953405,1.7641857037582902,6,2026-03-02 06:20:00,-1.0,4
32599,1,48523.65,48511.9,0.9678756476683937,0.4799416484318016,7,2026-03-02 07:25:00,-1.0,1
32632,1,48235.75,48153.5,1.5765124555160142,1.3535116074052307,10,2026-03-02 10:10:00,-1.0,3
32638,1,48254.75,48228.75,1.1692456479690523,0.41623785020011433,10,2026-03-02 10:40:00,2.0,2
32673,-1,48448.75,48479.75,0.8796747967479674,0.9165786694825766,13,2026-03-02 13:35:00,-1.0,1
32676,-1,48445.5,48508.5,1.4020100502512562,1.6792003807710614,13,2026-03-02 13:50:00,-1.0,3
32680,1,48407.0,48367.75,1.3876871880199668,0.9393162393162393,14,2026-03-02 14:10:00,2.0,3
32682,1,48396.25,48371.75,1.2130081300813007,0.599388379204893,14,2026-03-02 14:20:00,2.0,3
32695,-1,48474.25,48539.5,1.3453022142429683,1.4140866873065014,15,2026-03-02 15:25:00,-1.0,3
32736,-1,48901.7,48960.7,0.8954285714285715,0.7699836867862969,18,2026-03-02 18:50:00,-1.0,1
32737,-1,48900.7,48930.2,0.8416158093577448,0.39239904988123514,18,2026-03-02 18:55:00,-1.0,0
32739,-1,48896.2,48943.7,0.7566121842496285,0.6918075422626787,19,2026-03-02 19:05:00,-1.0,0
32742,-1,48970.2,49002.45,0.790521327014218,0.48172846092291277,19,2026-03-02 19:20:00,2.0,0
32758,1,48891.2,48865.7,0.9817444219066938,0.6726330664154498,20,2026-03-02 20:40:00,-1.0,1
32759,1,48883.2,48843.2,1.1131221719457014,1.0447761194029852,20,2026-03-02 20:45:00,-1.0,2
32760,1,48872.95,48856.95,1.0448375154257508,0.423841059602649,20,2026-03-02 20:50:00,-1.0,2
32763,1,48914.45,48851.2,1.0443431413178617,1.594059405940594,21,2026-03-02 21:05:00,2.0,2
32766,-1,48993.2,49034.2,0.9804411152725759,0.9228295819935691,21,2026-03-02 21:20:00,-1.0,1
32777,1,48860.2,48768.2,1.571729070256626,1.5716900549115314,22,2026-03-02 22:15:00,-1.0,3
32778,1,48848.7,48825.7,1.4537114261884905,0.38265002970885326,22,2026-03-02 22:20:00,2.0,3
32780,1,48880.7,48832.7,1.4103419516263553,0.8160291438979964,22,2026-03-02 22:30:00,-1.0,3
32795,1,48872.9,48853.9,0.29914529914529914,0.6733324895582912,23,2026-03-02 23:45:00,-1.0,0
32798,1,48869.18,48845.68,1.0911831198191408,1.0517902813299378,1,2026-03-03 01:00:00,-1.0,2
32825,1,48790.93,48776.93,1.7466410748560461,0.6129788897576232,3,2026-03-03 03:15:00,-1.0,4
32826,1,48808.93,48781.18,1.5573192239858906,1.2603406326034063,3,2026-03-03 03:20:00,-1.0,3
32828,1,48748.93,48733.43,1.844213649851632,0.612994350282486,3,2026-03-03 03:30:00,-1.0,4
32831,1,48735.93,48721.93,1.1447935921133703,0.5097529258777633,3,2026-03-03 03:45:00,-1.0,2
32861,1,48609.43,48593.43,0.8509895227008148,0.6005361930294906,6,2026-03-03 06:15:00,-1.0,1
32862,1,48606.43,48595.18,0.8727272727272727,0.4222520107238606,6,2026-03-03 06:20:00,-1.0,1
32880,1,48531.43,48500.68,0.8731082654249127,1.1580363147276396,7,2026-03-03 07:50:00,-1.0,1
32928,1,48104.03,48088.03,0.9126282278033251,0.3182948490230906,11,2026-03-03 11:50:00,-1.0,1
32930,1,48099.78,48074.03,0.9614692113791862,0.515,12,2026-03-03 12:00:00,-1.0,1
32938,1,48095.03,47995.03,1.1249036237471086,1.8938112952316537,12,2026-03-03 12:40:00,-1.0,2
32950,1,48090.53,48062.78,0.8426547352721849,0.4527972027972028,13,2026-03-03 13:40:00,-1.0,0
33020,-1,48211.73,48308.48,0.9165775401069519,1.2748235294117647,19,2026-03-03 19:30:00,-1.0,1
33024,-1,48259.73,48347.73,0.9338153503893215,1.164461247637051,19,2026-03-03 19:50:00,-1.0,1
33045,-1,48589.73,48641.48,1.1481028151774786,0.7173267326732674,21,2026-03-03 21:35:00,-1.0,2
33052,-1,48590.73,48653.48,0.9769943232745743,0.8248826291079813,22,2026-03-03 22:10:00,2.0,1
33060,1,48508.73,48451.23,1.0114388922335942,0.9119229679977343,22,2026-03-03 22:50:00,-1.0,2
33076,1,48483.64,48444.89,1.0468625893566323,1.405440414507772,1,2026-03-04 01:10:00,-1.0,2
33087,1,48436.14,48386.89,2.007774538386783,1.3964556962025316,2,2026-03-04 02:05:00,-1.0,4
33090,-1,48503.39,48549.14,2.060763888888889,1.1949626865671643,2,2026-03-04 02:20:00,2.0,4
33091,-1,48493.89,48518.89,1.87008547008547,0.6724303554274735,2,2026-03-04 02:25:00,2.0,4
33106,1,48397.39,48361.14,1.1507618283881316,0.7376453488372092,3,2026-03-04 03:40:00,-1.0,2
33113,1,48354.39,48295.89,0.9499294781382228,1.043644472762026,4,2026-03-04 04:15:00,-1.0,1
33118,1,48330.89,48299.39,0.6586741889985895,0.6224417784050812,4,2026-03-04 04:40:00,-1.0,0
33126,1,48290.39,48265.14,1.0100043497172684,0.6363636363636364,5,2026-03-04 05:20:00,-1.0,2
33129,1,48284.39,48245.64,1.1589198760513502,0.9665924276169264,5,2026-03-04 05:35:00,2.0,2
33130,1,48283.64,48253.39,1.2244355909694555,0.7505538325210456,5,2026-03-04 05:40:00,2.0,3
33131,1,48303.39,48265.89,1.088092076139885,0.8920985556499575,5,2026-03-04 05:45:00,-1.0,2
33137,-1,48328.14,48374.39,0.9763075547608404,1.1163793103448276,6,2026-03-04 06:15:00,-1.0,1
33138,-1,48341.39,48380.64,0.9450156459544032,0.922366764582459,6,2026-03-04 06:20:00,2.0,1
33153,1,48336.14,48289.64,0.9623655913978495,1.1080851063829786,7,2026-03-04 07:35:00,-1.0,1
33154,-1,48349.39,48386.14,0.978494623655914,0.8413736713000818,7,2026-03-04 07:40:00,2.0,1
33163,1,48304.14,48263.39,0.9155756207674943,1.0201162270898525,8,2026-03-04 08:25:00,2.0,1
33175,-1,48358.49,48387.49,0.954248366013072,0.7602996254681648,9,2026-03-04 09:25:00,-1.0,1
33195,1,48328.74,48293.99,0.8602400309717383,0.6528010734652802,11,2026-03-04 11:05:00,2.0,1
33201,-1,48386.99,48421.49,0.8137824235385211,0.7246811702925732,11,2026-03-04 11:35:00,-1.0,0
33218,-1,48629.24,48653.24,1.1481291645310097,0.46185567010309275,13,2026-03-04 13:00:00,-1.0,2
33219,-1,48615.74,48644.99,1.0989236289082522,0.5654124956851916,13,2026-03-04 13:05:00,-1.0,2
33223,-1,48625.99,48660.49,0.9355860612460402,0.8440366972477065,13,2026-03-04 13:25:00,2.0,1
33245,-1,48633.49,48697.74,1.066420664206642,1.1462249123924817,15,2026-03-04 15:15:00,-1.0,2
33258,-1,48653.24,48708.99,0.9397590361445783,1.2837171052631577,16,2026-03-04 16:20:00,-1.0,1
33260,-1,48557.69,48768.99,2.1260300533204073,3.7067852891422284,16,2026-03-04 16:30:00,-1.0,4
33263,1,48435.19,48367.69,1.8334875115633673,0.9031826436012654,16,2026-03-04 16:45:00,2.0,4
33264,1,48491.44,48384.69,1.849213691026827,1.331640381359713,16,2026-03-04 16:50:00,2.0,4
33272,-1,48760.69,48846.19,0.9396599012616567,0.7633685150345992,17,2026-03-04 17:30:00,-0.16739956419474697,1
33273,-1,48731.19,48773.69,0.9429511793746571,0.3810926791776095,17,2026-03-04 17:35:00,-1.0,1
33287,-1,48839.19,48871.69,0.8397435897435898,0.5151429380130201,18,2026-03-04 18:45:00,2.0,0
33330,1,48793.69,48763.69,1.1646090534979423,1.0363972856261567,22,2026-03-04 22:20:00,-1.0,2
33359,-1,48779.9,48788.65,1.095,0.3945376662694477,1,2026-03-05 01:45:00,2.0,2
33393,1,48625.4,48588.15,0.8504088504088504,1.135547087642896,4,2026-03-05 04:35:00,-1.0,1
33408,1,48587.15,48548.4,1.0432,1.3760304375396322,5,2026-03-05 05:50:00,-1.0,2
33437,1,48533.9,48499.65,1.4065281899109792,1.5246422893481717,8,2026-03-05 08:15:00,-1.0,3
33438,1,48532.9,48520.9,1.0979228486646884,0.5346062052505967,8,2026-03-05 08:20:00,-1.0,2
33443,1,48532.65,48493.9,0.7181008902077152,1.4323432343234324,8,2026-03-05 08:45:00,2.0,0
33461,1,48489.75,48465.5,1.7713097713097714,0.6229357798165137,10,2026-03-05 10:15:00,-1.0,4
33464,1,48479.25,48442.75,1.7795665634674922,0.8414985590778098,10,2026-03-05 10:30:00,2.0,4
33465,1,48494.0,48475.5,1.445201238390093,0.4218241042345277,10,2026-03-05 10:35:00,-1.0,3
33466,1,48482.0,48455.75,1.5195046439628483,0.5987780040733197,10,2026-03-05 10:40:00,2.0,3
33467,1,48493.75,48476.75,1.3634674922600618,0.3687064291247096,10,2026-03-05 10:45:00,2.0,3
33492,1,48662.5,48617.0,0.8973799126637555,1.2093023255813953,12,2026-03-05 12:50:00,-1.0,1
33494,1,48651.5,48616.75,1.0575740637227502,0.9725137431284359,13,2026-03-05 13:00:00,-1.0,2
33498,-1,48688.5,48720.5,0.8127906976744186,0.9446494464944649,13,2026-03-05 13:20:00,2.0,0
33499,-1,48689.75,48708.25,0.7669616519174042,0.5424083769633509,13,2026-03-05 13:25:00,2.0,0
33500,-1,48665.5,48703.5,0.9108433734939759,1.0912820512820514,13,2026-03-05 13:30:00,2.0,1
33509,1,48623.75,48580.75,0.9839497557571528,1.2554744525547445,14,2026-03-05 14:15:00,-1.0,1
33511,1,48630.5,48615.0,0.9490579204466155,0.423828125,14,2026-03-05 14:25:00,-1.0,1
33656,1,48039.94,48005.44,1.9428141459744168,1.5141065830721003,3,2026-03-06 03:30:00,-1.0,4
33659,1,48016.94,47998.94,1.4783802333562115,0.7494423791821562,3,2026-03-06 03:45:00,2.0,3
33666,-1,48051.94,48064.94,0.7317073170731707,0.5052047189451769,4,2026-03-06 04:20:00,2.0,0
33688,-1,48058.44,48072.19,0.5921397379912664,0.8360477741585233,6,2026-03-06 06:10:00,-1.0,0
33696,-1,48060.19,48078.94,0.6892382103990327,1.278928136419001,6,2026-03-06 06:50:00,-1.0,0
33699,-1,48066.94,48074.94,1.3734015345268542,0.503370786516854,7,2026-03-06 07:05:00,-1.0,3
33705,-1,48078.44,48089.94,1.1826544021024967,0.6786090621707059,7,2026-03-06 07:35:00,2.0,2
33714,1,48044.19,48023.44,1.1615044247787611,1.1942446043165467,8,2026-03-06 08:20:00,-1.0,2
33718,1,48042.19,48027.94,0.7705442902881536,0.7900990099009901,8,2026-03-06 08:40:00,-1.0,0
33726,1,48046.54,48017.54,1.1135135135135135,1.566055930568949,9,2026-03-06 09:20:00,-1.0,2
33728,1,48051.54,48028.29,1.135538954108858,1.2055555555555557,9,2026-03-06 09:30:00,-1.0,2
33742,1,48021.54,47984.54,1.8401486988847584,0.9838556505223173,10,2026-03-06 10:40:00,-1.0,4
33748,1,47930.04,47912.54,1.1644575355915563,0.39724361572760436,11,2026-03-06 11:10:00,-1.0,2
33788,1,47700.04,47667.54,1.0448291167332446,0.7338709677419355,14,2026-03-06 14:30:00,-1.0,2
33795,1,47686.04,47655.04,1.0149118843199276,0.7362171331636981,15,2026-03-06 15:05:00,-1.0,2
33797,1,47684.29,47662.54,0.8683623382418563,0.5375110326566637,15,2026-03-06 15:15:00,-1.0,1
33800,1,47623.54,47492.94,1.7704473565295977,2.4591795561533014,15,2026-03-06 15:30:00,-1.0,4
33822,-1,47323.24,47371.24,1.0339027595269383,0.4150582131496858,17,2026-03-06 17:20:00,-1.0,2
33828,-1,47310.24,47344.49,0.9089537223340041,0.33478792110315936,17,2026-03-06 17:50:00,-1.0,1
33845,1,47361.74,47289.49,0.932633903920486,0.8413391557496361,19,2026-03-06 19:15:00,-1.0,1
33847,1,47345.24,47311.74,0.9544697390338701,0.3770096463022508,19,2026-03-06 19:25:00,-1.0,1
33854,1,47378.99,47314.99,1.0469951580746226,0.7808278867102397,20,2026-03-06 20:00:00,2.0,2
33859,-1,47430.24,47499.24,0.9781232009211284,0.817258883248731,20,2026-03-06 20:25:00,-1.0,1
33879,-1,47533.74,47563.74,0.8856112749918059,0.5166051660516605,22,2026-03-06 22:05:00,2.0,1
33926,-1,46689.47,46732.97,1.7745740498034075,0.6993970714900948,3,2026-03-09 03:00:00,2.0,4
33937,1,46603.47,46558.97,1.0336215177713737,0.7160919540229884,3,2026-03-09 03:55:00,-1.0,2
33940,1,46576.47,46532.47,1.03382949932341,0.7953518398967075,4,2026-03-09 04:10:00,-1.0,2
34022,-1,46715.32,46776.32,1.7305848513902204,1.0332728372655777,11,2026-03-09 11:00:00,-1.0,4
34027,-1,46721.82,46805.32,1.2049360951961217,1.2298790110468176,11,2026-03-09 11:25:00,-1.0,2
34030,-1,46724.07,46782.57,1.1851218469431382,0.8582656536547025,11,2026-03-09 11:40:00,-1.0,2
34031,-1,46770.57,46792.82,1.1224152191894128,0.31785714285714284,11,2026-03-09 11:45:00,-1.0,2
34034,-1,46771.32,46830.57,1.0271493212669682,0.8118424272082212,12,2026-03-09 12:00:00,-1.0,2
34064,1,46914.82,46846.32,0.9513556618819776,1.134240094618569,14,2026-03-09 14:30:00,2.0,1
34071,-1,46962.57,47010.07,0.9915682967959528,0.8137044967880086,15,2026-03-09 15:05:00,-1.0,1
34076,-1,46991.07,47061.57,0.9866551872578562,1.2155172413793103,15,2026-03-09 15:30:00,-1.0,1
34088,-1,46961.52,47098.07,1.858611825192802,2.118109800011118,16,2026-03-09 16:30:00,2.0,4
34090,1,46889.27,46804.27,1.740677966101695,1.2257931602801775,16,2026-03-09 16:40:00,-1.0,4
34094,1,46873.27,46781.77,1.5777694889966432,1.0245541070143143,17,2026-03-09 17:00:00,-1.0,3
34109,-1,47094.27,47122.52,0.8484546360917248,0.3055233680957899,18,2026-03-09 18:15:00,-1.0,1
34112,-1,47080.27,47171.52,0.8721687060661286,1.0601659751037344,18,2026-03-09 18:30:00,-1.0,1
34115,-1,47074.27,47115.77,0.9560165975103735,0.5650376853877949,18,2026-03-09 18:45:00,-1.0,1
34125,-1,47178.77,47214.02,0.9667655786350149,0.5429042904290429,19,2026-03-09 19:35:00,-1.0,1
34140,1,47077.02,47015.02,1.0356547817394202,1.2144106330884925,20,2026-03-09 20:50:00,2.0,2
34183,1,47665.99,47588.49,1.0277161862527717,1.2576064908722109,1,2026-03-10 01:25:00,-1.0,2
34186,1,47621.49,47580.74,0.8295454545454546,0.6801788375558867,1,2026-03-10 01:40:00,-1.0,0
34206,1,47604.74,47553.99,1.9487617421007686,1.460431654676259,3,2026-03-10 03:20:00,-1.0,4
34225,-1,47688.74,47709.24,0.8353631032927379,0.5972944849115505,4,2026-03-10 04:55:00,2.0,0
34226,-1,47685.49,47696.24,0.8606896551724138,0.3254054054054054,5,2026-03-10 05:00:00,2.0,1
34227,-1,47680.49,47692.99,0.8469055374592834,0.3769520732364028,5,2026-03-10 05:05:00,2.0,0
34263,-1,47639.49,47651.99,1.1806020066889633,0.3979533826037521,8,2026-03-10 08:05:00,-1.0,2
34264,-1,47634.99,47654.99,0.968228325255789,0.6545879602571596,8,2026-03-10 08:10:00,-1.0,1
34265,-1,47632.24,47647.49,0.9002754820936639,0.5068249258160237,8,2026-03-10 08:15:00,-1.0,1
34266,-1,47613.74,47648.99,0.993006993006993,1.1591309453904874,8,2026-03-10 08:20:00,-1.0,1
34272,-1,47652.49,47666.99,0.8322324966974901,0.4690930098209128,8,2026-03-10 08:50:00,-1.0,0
34277,-1,47647.09,47672.59,0.9239280774550485,1.0273381294964028,9,2026-03-10 09:15:00,-1.0,1
34284,-1,47654.59,47681.84,0.7686781609195402,1.1884735202492214,9,2026-03-10 09:50:00,-1.0,0
34323,1,47872.09,47838.34,1.08300395256917,0.8422459893048129,13,2026-03-10 13:05:00,-1.0,2
34327,1,47877.34,47839.84,0.802535348610434,0.9349955476402494,13,2026-03-10 13:25:00,-1.0,0
34338,1,47782.09,47757.59,0.9517958412098299,0.4326710816777042,14,2026-03-10 14:20:00,-1.0,1
34370,1,47552.54,47449.79,1.676246830092984,1.2598528638991113,17,2026-03-10 17:00:00,2.0,3
34372,1,47527.54,47477.04,1.5230352303523036,0.561757578165351,17,2026-03-10 17:10:00,2.0,3
34373,1,47601.29,47498.29,1.4564740307242137,1.0742754972807902,17,2026-03-10 17:15:00,2.0,3
34437,1,47767.29,47709.29,0.9681241184767277,0.7537711766071015,22,2026-03-10 22:35:00,-1.0,1
34438,1,47772.79,47725.79,1.0595204513399155,0.6046404778313806,22,2026-03-10 22:40:00,-1.0,2
34443,1,47746.99,47723.99,0.38492063492063494,0.3437416599946624,23,2026-03-10 23:05:00,-1.0,0
34444,1,47774.49,47735.49,0.43301913738931735,0.5880452342487884,23,2026-03-10 23:10:00,-1.0,0
34464,1,47679.7,47670.45,0.5637583892617449,0.3723939611790079,1,2026-03-11 01:50:00,2.0,0
34465,1,47686.45,47669.45,0.5718194254445964,0.672791519434629,1,2026-03-11 01:55:00,2.0,0
34505,-1,47920.2,47926.7,0.8763440860215054,0.3224092116917626,5,2026-03-11 05:15:00,2.0,1
34524,-1,47926.45,47941.95,1.099236641221374,1.1745602165087956,6,2026-03-11 06:50:00,2.0,2
34527,-1,47925.45,47934.45,0.788961038961039,0.6675496688741721,7,2026-03-11 07:05:00,2.0,0
34540,1,47872.95,47866.45,2.401360544217687,0.46846846846846846,8,2026-03-11 08:10:00,2.0,4
34541,1,47875.45,47870.45,2.1156462585034013,0.3553299492385787,8,2026-03-11 08:15:00,-1.0,4
34542,1,47882.95,47866.2,1.8503401360544218,1.136969696969697,8,2026-03-11 08:20:00,-1.0,4
34607,-1,47778.05,47802.05,1.0170261066969353,0.5666104553119731,13,2026-03-11 13:45:00,-1.0,2
34613,-1,47780.55,47843.3,0.9816176470588235,1.5017094017094017,14,2026-03-11 14:15:00,2.0,1
34614,-1,47748.8,47783.55,1.1953601953601953,0.8391548081069427,14,2026-03-11 14:20:00,2.0,2
34634,1,47601.8,47529.8,1.529940119760479,1.2699212598425198,16,2026-03-11 16:00:00,-1.0,3
34645,1,47511.25,47408.75,1.389072240557389,1.2272299666467086,16,2026-03-11 16:55:00,-1.0,3
34652,1,47392.75,47345.75,0.9322709163346613,0.4015745628757126,17,2026-03-11 17:30:00,2.0,1
34661,1,47328.25,47293.0,0.9567065073041169,0.35536833009289337,18,2026-03-11 18:15:00,-1.0,1
34668,1,47306.0,47245.75,0.941540191118606,0.7546747785631227,18,2026-03-11 18:50:00,-1.0,1
34715,-1,47412.75,47455.75,0.7856879380302472,0.905603610379842,22,2026-03-11 22:45:00,2.0,0
34718,-1,47390.95,47440.95,0.6516679596586501,1.0078468072852884,23,2026-03-11 23:00:00,2.0,0
34757,1,46949.94,46909.44,1.3660477453580901,0.813778256189451,3,2026-03-12 03:15:00,-1.0,3
34775,-1,46976.19,47029.94,0.9193324061196105,1.75,4,2026-03-12 04:45:00,2.0,1
34777,1,46963.94,46932.94,1.0573426573426574,0.9258666666666667,4,2026-03-12 04:55:00,-1.0,2
34803,-1,46885.94,46902.69,0.7443682664054848,0.7215384615384615,7,2026-03-12 07:05:00,-1.0,0
34809,-1,46884.94,46904.69,1.1383219954648527,0.8926553672316384,7,2026-03-12 07:35:00,-1.0,2
34814,-1,46912.69,46936.69,2.2963885429638853,0.9774545454545455,8,2026-03-12 08:00:00,-1.0,4
34817,-1,46917.94,46932.94,1.5012048192771084,0.5853658536585366,8,2026-03-12 08:15:00,-1.0,3
34818,-1,46914.94,46932.94,1.3277108433734939,0.6951724137931035,8,2026-03-12 08:20:00,-1.0,3
34819,-1,46910.94,46922.94,1.3542168674698796,0.46153846153846156,8,2026-03-12 08:25:00,-1.0,3
34820,-1,46913.94,46925.94,1.2554216867469878,0.45964432284541723,8,2026-03-12 08:30:00,-1.0,3
34867,1,47112.79,47072.04,0.9428918590522479,0.9390946502057612,12,2026-03-12 12:25:00,2.0,1
34875,-1,47170.79,47210.54,0.8350125944584383,0.9973118279569894,13,2026-03-12 13:05:00,-1.0,0
34880,-1,47191.79,47222.29,1.318244170096022,0.8795056642636456,13,2026-03-12 13:30:00,2.0,3
34894,-1,47213.04,47223.04,1.1846743295019158,0.30501089324618735,14,2026-03-12 14:40:00,2.0,2
34924,1,47003.74,46944.49,1.0293933708567855,0.6387894189673083,17,2026-03-12 17:10:00,-1.0,2
34930,1,46862.24,46752.49,0.8472222222222222,1.0675699148862254,17,2026-03-12 17:40:00,-1.0,0
34932,1,46838.24,46790.99,1.049808429118774,0.45230769230769236,17,2026-03-12 17:50:00,-1.0,2
34936,1,46740.99,46712.74,0.9456706281833617,0.3260511129431163,18,2026-03-12 18:10:00,2.0,1
34938,1,46789.24,46728.24,0.79988105857865,0.7350979126318055,18,2026-03-12 18:20:00,-1.0,0
34940,1,46753.24,46725.24,0.8266908212560387,0.35750113999088007,18,2026-03-12 18:30:00,-1.0,0
34941,1,46904.74,46689.24,0.9514207149404217,2.5331654072208227,18,2026-03-12 18:35:00,-0.22595972546949442,1
34950,-1,46978.49,47084.24,1.0580126364158529,1.0286607608129235,19,2026-03-12 19:20:00,2.0,2
34962,1,46886.99,46811.74,0.976796830786644,0.800531914893617,20,2026-03-12 20:20:00,-1.0,1
34970,1,46854.49,46822.99,0.9809264305177112,0.41761363636363635,21,2026-03-12 21:00:00,-1.0,1
34971,1,46847.74,46824.99,0.8997240110395585,0.30153846153846153,21,2026-03-12 21:05:00,-1.0,1
34992,1,46740.24,46702.49,1.058648849294729,0.7676107480029049,22,2026-03-12 22:50:00,-1.0,2
35079,-1,46888.42,46902.42,0.7235387045813586,0.6436781609195402,7,2026-03-13 07:05:00,2.0,0
35125,1,46570.02,46536.02,1.1577765300393037,0.9251700680272109,10,2026-03-13 10:55:00,-1.0,2
35133,1,46555.27,46505.02,1.1234953187695051,1.1140142517814728,11,2026-03-13 11:35:00,2.0,2
35150,-1,46730.52,46755.02,0.9115128449096099,0.5738184859891259,13,2026-03-13 13:00:00,-1.0,1
35151,-1,46719.27,46745.27,0.8913819479857216,0.6164267569856053,13,2026-03-13 13:05:00,-1.0,1
35160,-1,46783.52,46826.27,1.2927927927927927,1.0808126410835215,13,2026-03-13 13:50:00,-1.0,3
35164,-1,46819.52,46844.52,1.221357063403782,0.5892255892255892,14,2026-03-13 14:10:00,-1.0,3
35175,-1,46863.52,46894.77,1.072905331882481,0.775022143489814,15,2026-03-13 15:05:00,-1.0,2
35184,-1,46905.27,46948.02,1.4915773353751913,0.945721735008298,15,2026-03-13 15:50:00,-1.0,3
35186,-1,46912.02,46941.52,1.4581430745814308,0.639467368584038,16,2026-03-13 16:00:00,-1.0,3
35195,-1,47005.22,47130.22,1.5984752223634053,1.8031942297784647,16,2026-03-13 16:45:00,2.0,3
35203,1,46874.72,46825.72,1.0162464985994397,0.5889675896115046,17,2026-03-13 17:25:00,-1.0,2
35204,1,46948.47,46867.72,1.054341736694678,0.9104086974028589,17,2026-03-13 17:30:00,-1.0,2
35207,1,46852.97,46773.72,1.0765840220385674,0.9096126255380201,17,2026-03-13 17:45:00,-1.0,2
35212,1,46829.72,46752.72,0.9390662094434187,0.9030366492146598,18,2026-03-13 18:10:00,-1.0,1
35225,1,46664.47,46628.22,0.9104436483879856,0.4517133956386293,19,2026-03-13 19:15:00,-1.0,1
35231,1,46667.22,46607.72,0.9844020797227037,0.7584793990439336,19,2026-03-13 19:45:00,-1.0,1
35235,1,46666.22,46614.97,0.9442488262910798,0.7176794198549636,20,2026-03-13 20:05:00,-1.0,1
35246,1,46647.72,46607.22,0.9427860696517413,0.6277331857182398,21,2026-03-13 21:00:00,-1.0,1
35269,1,46569.92,46532.97,0.9013878743608473,0.8146456692912745,22,2026-03-13 22:55:00,-1.0,1
35282,1,46549.68,46387.18,0.7452991452991453,4.097253489419181,1,2026-03-16 01:00:00,1.3093394785220556,0
35309,-1,46741.68,46769.43,1.1439954467842914,0.7128440366972477,3,2026-03-16 03:15:00,-1.0,2
35318,-1,46732.43,46776.18,1.2029850746268658,1.217088922006955,4,2026-03-16 04:00:00,-1.0,2
35321,-1,46762.68,46779.43,1.1248770894788593,0.563701923076923,4,2026-03-16 04:15:00,2.0,2
35330,-1,46775.43,46788.93,0.8689852310624107,0.41424657534246573,5,2026-03-16 05:00:00,2.0,1
35331,-1,46776.18,46787.68,1.0176274416388758,0.3490514905149052,5,2026-03-16 05:05:00,2.0,2
35332,-1,46751.68,46780.93,0.8602150537634409,0.9150837988826815,5,2026-03-16 05:10:00,-1.0,1
35357,-1,46797.68,46807.18,1.2329749103942653,0.5490196078431373,7,2026-03-16 07:15:00,2.0,3
35358,-1,46785.18,46799.68,0.7007168458781362,0.8423236514522822,7,2026-03-16 07:20:00,2.0,0
35376,-1,46801.18,46818.68,1.4054054054054055,0.9551656920077972,8,2026-03-16 08:50:00,-1.0,3
35378,-1,46801.68,46817.18,1.4242068155111633,0.8585558852621168,9,2026-03-16 09:00:00,-1.0,3
35380,-1,46805.28,46820.03,0.9608294930875576,0.8102805571905087,9,2026-03-16 09:10:00,-1.0,1
35381,-1,46791.53,46809.78,0.8502304147465438,0.9899263851220513,9,2026-03-16 09:15:00,-1.0,1
35391,-1,46797.78,46830.03,1.915,1.70473853124411,10,2026-03-16 10:05:00,2.0,4
35412,1,46712.28,46659.03,1.136979427997993,1.120631341600902,11,2026-03-16 11:50:00,-1.0,2
35416,1,46684.78,46647.28,1.0600801068090788,0.7581227436823105,12,2026-03-16 12:10:00,-1.0,2
35448,-1,46819.03,46837.78,0.8794788273615635,0.5540897097625329,14,2026-03-16 14:50:00,-1.0,1
35460,-1,46923.28,46967.03,1.1906577693040992,1.2777719828935057,15,2026-03-16 15:50:00,-1.0,2
35462,-1,46934.53,46954.28,1.2798489853704578,0.5556672025723489,16,2026-03-16 16:00:00,-1.0,3
35468,-1,46915.23,46995.78,1.982816229116945,2.1774473836647066,16,2026-03-16 16:30:00,-1.0,4
35483,1,46879.23,46848.98,1.0326340326340326,0.3566315789473684,17,2026-03-16 17:45:00,2.0,2
35484,1,46997.48,46859.98,0.9603931772188494,1.6323934704261183,17,2026-03-16 17:50:00,-1.0,1
35494,-1,47061.23,47090.48,0.4603960396039604,0.43367752184273234,18,2026-03-16 18:40:00,2.0,0
35495,-1,47067.98,47097.98,0.5693337583678674,0.4673157162726008,18,2026-03-16 18:45:00,2.0,0
35503,1,46867.48,46841.48,1.0252100840336134,0.4246135899679207,19,2026-03-16 19:25:00,2.0,2
35504,1,46857.73,46835.98,0.9735945485519591,0.36046167505179044,19,2026-03-16 19:30:00,2.0,1
35525,-1,47003.48,47023.48,0.8075855689176689,0.4086099963516965,21,2026-03-16 21:15:00,-1.0,0
35533,-1,47002.73,47014.48,0.7133891213389121,0.3018348623853211,21,2026-03-16 21:55:00,-1.0,0
35537,-1,46990.48,47035.48,1.4811858608893957,0.9936908517350158,22,2026-03-16 22:15:00,1.7872415979709257,3
35538,-1,46994.98,47025.48,1.330672748004561,0.6759002770083102,22,2026-03-16 22:20:00,2.0,3
35540,-1,46970.23,47006.98,1.241733181299886,0.8212290502793296,22,2026-03-16 22:30:00,2.0,3
35554,1,46925.43,46910.43,0.22892819979188345,0.5655803932130309,23,2026-03-16 23:40:00,-1.0,0
35560,1,46937.57,46914.82,0.7810457516339869,0.9205202312138728,1,2026-03-17 01:10:00,-1.0,0
35561,1,46926.07,46918.07,2.1325301204819276,0.3360840210052513,1,2026-03-17 01:15:00,2.0,4
35564,-1,46934.07,46959.57,2.072289156626506,1.0461538461538462,1,2026-03-17 01:30:00,2.0,4
35582,-1,46905.57,46947.07,2.2446043165467624,2.6774193548387095,3,2026-03-17 03:00:00,1.696969696969697,4
35583,1,46910.57,46905.57,2.2709832134292567,0.3076923076923077,3,2026-03-17 03:05:00,-1.0,4
35621,1,46866.32,46855.82,1.107747105966162,0.725925925925926,6,2026-03-17 06:15:00,-1.0,2
35626,1,46826.32,46818.57,1.2303422756706752,0.49713631156930127,6,2026-03-17 06:40:00,2.0,3
35627,1,46840.07,46821.82,0.8495102404274265,1.1368186874304784,6,2026-03-17 06:45:00,2.0,1
35637,-1,46866.82,46875.32,1.1145038167938932,0.49635036496350365,7,2026-03-17 07:35:00,-1.0,2
35685,1,46793.17,46755.17,1.266015200868621,1.0918419702411493,11,2026-03-17 11:35:00,2.0,3
35688,-1,46795.67,46833.67,1.131504257332072,0.9374449339207048,11,2026-03-17 11:50:00,-1.0,2
35719,-1,46943.42,46965.42,0.9286498353457738,0.8169761273209549,14,2026-03-17 14:25:00,-1.0,1
35721,-1,46958.67,46975.42,1.1677704194260485,0.5906801007556675,14,2026-03-17 14:35:00,-1.0,2
35723,-1,46953.67,46977.42,0.9633679606342264,0.8625162127107653,14,2026-03-17 14:45:00,-1.0,1
35770,1,47089.87,47041.62,0.9851594568992738,0.7344387061701549,18,2026-03-17 18:40:00,-1.0,1
35772,1,47089.87,47060.37,0.9166666666666666,0.4971411375263316,18,2026-03-17 18:50:00,-1.0,1
35777,1,47112.62,47037.62,0.991270611057226,1.177790241166573,19,2026-03-17 19:15:00,-1.0,1
35778,1,47093.87,47068.87,0.9113428943937418,0.3929273084479371,19,2026-03-17 19:20:00,-1.0,1
35804,1,47054.62,47021.12,1.0260416666666667,0.7972800679983,21,2026-03-17 21:30:00,-1.0,2
35820,1,47046.62,47019.37,1.1962616822429906,0.9226118500604595,22,2026-03-17 22:50:00,-1.0,2
35821,1,47020.57,46994.37,1.3575581395348837,0.8461361014993293,22,2026-03-17 22:55:00,-1.0,3
35822,1,47028.82,47007.32,0.849906191369606,0.7149643705463182,23,2026-03-17 23:00:00,-1.0,1
35823,1,47025.07,47014.32,0.47189922480620156,0.3836838750796686,23,2026-03-17 23:05:00,-1.0,0
35825,1,47034.82,47017.57,0.4720121028744327,0.6496301277740417,23,2026-03-17 23:15:00,-1.0,0
35838,1,47001.15,46992.15,0.6415620641562064,0.6050420168067226,1,2026-03-18 01:20:00,-1.0,0
35845,1,47000.4,46977.65,0.8271844660194175,1.3,1,2026-03-18 01:55:00,-1.0,0
35858,1,46983.15,46959.15,2.7728337236533958,1.360323886639676,3,2026-03-18 03:00:00,2.0,4
35861,-1,47007.15,47032.4,2.3438914027149322,1.3583093179634966,3,2026-03-18 03:15:00,-1.0,4
35899,-1,47166.4,47178.15,0.6437246963562753,0.9690721649484536,6,2026-03-18 06:25:00,-1.0,0
35901,-1,47170.15,47177.15,0.592274678111588,0.599388379204893,6,2026-03-18 06:35:00,-1.0,0
35969,1,47282.5,47254.75,0.9140425531914894,1.0607508532423209,12,2026-03-18 12:15:00,-1.0,1
35986,1,47257.75,47251.0,0.9940688018979834,0.3572778827977316,13,2026-03-18 13:40:00,-1.0,1
35987,1,47258.75,47244.5,0.9225268176400476,0.751412429378531,13,2026-03-18 13:45:00,-1.0,1
35993,1,47266.75,47249.75,1.0554870530209617,0.9153846153846154,14,2026-03-18 14:15:00,-1.0,2
35994,1,47259.5,47252.75,1.4327990135635018,0.3496762257169288,14,2026-03-18 14:20:00,-1.0,3
36026,1,46747.95,46713.45,1.2671020969405293,0.4440358538267065,17,2026-03-18 17:00:00,-1.0,3
36050,1,46551.2,46523.45,0.8540427021351068,0.49951783992285437,19,2026-03-18 19:00:00,2.0,1
36052,1,46598.95,46531.2,0.8177233429394812,1.265510340226818,19,2026-03-18 19:10:00,-1.0,0
36068,1,46546.95,46490.7,1.0387527839643653,1.148796498905908,20,2026-03-18 20:30:00,-1.0,2
36072,1,46567.95,46523.95,1.024652622142537,0.9781659388646289,20,2026-03-18 20:50:00,-1.0,2
36130,-1,46159.34,46192.84,1.7874015748031495,1.77988614800759,2,2026-03-19 02:40:00,-1.0,4
36135,-1,46174.84,46205.09,2.951388888888889,1.1634615384615385,3,2026-03-19 03:05:00,-1.0,4
36137,-1,46174.34,46187.09,2.763888888888889,0.4785522788203753,3,2026-03-19 03:15:00,2.0,4
36143,1,46143.34,46105.59,1.1375661375661377,1.015369836695485,3,2026-03-19 03:45:00,2.0,2
36147,1,46152.09,46126.34,0.9862385321100917,0.7609498680738787,4,2026-03-19 04:05:00,2.0,1
36153,-1,46202.34,46210.34,0.9480122324159022,0.3035230352303523,4,2026-03-19 04:35:00,-1.0,1
36155,-1,46199.59,46213.34,0.8155038759689922,0.5741983594332587,4,2026-03-19 04:45:00,2.0,0
36157,-1,46175.84,46218.84,0.9734085414987913,1.8311787072243346,4,2026-03-19 04:55:00,-1.0,1
36206,1,46212.09,46172.09,1.4463894967177242,1.4096916299559472,9,2026-03-19 09:00:00,-1.0,3
36209,-1,46242.44,46261.19,1.0657084188911705,0.6248512258985869,9,2026-03-19 09:15:00,2.0,2
36210,-1,46241.19,46253.44,0.8947368421052632,0.41540511081506015,9,2026-03-19 09:20:00,2.0,1
36220,1,46167.94,46145.94,1.33106960950764,0.6701479547432466,10,2026-03-19 10:10:00,2.0,3
36225,1,46162.94,46140.44,1.3307692307692307,0.5582631812140009,10,2026-03-19 10:35:00,-1.0,3
36227,1,46163.19,46143.94,1.2771428571428571,0.47135986007870573,10,2026-03-19 10:45:00,-1.0,3
36231,1,46182.94,46115.19,1.5344603381014303,1.3841663626413718,11,2026-03-19 11:05:00,-1.0,3
36232,1,46168.44,46152.94,1.5483460559796438,0.3310450038138825,11,2026-03-19 11:10:00,-1.0,3
36235,1,46103.94,46086.94,1.3561088592935726,0.3512915129151291,11,2026-03-19 11:25:00,-1.0,3
36240,1,46132.94,46074.44,1.133897461423594,1.0469798657718121,11,2026-03-19 11:50:00,-1.0,2
36246,-1,46154.94,46197.94,0.9105974705625818,0.7603410167350805,12,2026-03-19 12:20:00,2.0,1
36247,1,46046.69,46019.69,1.5002180549498474,0.4191849182145827,12,2026-03-19 12:25:00,2.0,3
36248,1,46089.94,46040.94,1.3264516129032258,0.723437911943053,12,2026-03-19 12:30:00,2.0,3
36256,-1,46195.44,46241.69,0.7547974413646056,0.7204450625869263,13,2026-03-19 13:10:00,2.0,0
36278,1,46028.69,46012.44,1.4636935391652373,0.3568627450980392,15,2026-03-19 15:00:00,2.0,3
36299,1,46022.14,45938.89,1.599069406746801,1.0021496130696474,16,2026-03-19 16:45:00,-1.0,3
36300,-1,46043.14,46090.14,1.5657231485071734,0.5544554455445545,16,2026-03-19 16:50:00,2.0,3
36302,-1,46002.64,46074.14,1.481969755719271,0.8166428717111972,17,2026-03-19 17:00:00,2.0,3
36304,-1,45934.14,46069.14,1.4482014388489208,1.4122921726134878,17,2026-03-19 17:10:00,-0.053493664484589316,3
36308,1,45930.39,45762.64,1.0449438202247192,1.6405867970660146,17,2026-03-19 17:30:00,-1.0,2
36341,1,45830.64,45738.64,0.8445103857566766,1.4757949011744484,20,2026-03-19 20:15:00,2.0,0
36386,-1,46099.51,46151.76,0.4415736934820904,1.7758302583025591,1,2026-03-20 01:00:00,-1.0,0
36399,-1,46168.01,46181.26,1.3523131672597866,0.5449151048704453,2,2026-03-20 02:05:00,2.0,3
36403,1,46139.51,46130.26,1.0142348754448398,0.46044444444444443,2,2026-03-20 02:25:00,-1.0,2
36408,1,46141.01,46120.26,1.2930728241563054,1.0515837104072399,2,2026-03-20 02:50:00,-1.0,3
36411,1,46152.01,46104.76,2.0366666666666666,1.8362248438584317,3,2026-03-20 03:05:00,-1.0,4
36433,-1,46171.26,46190.51,1.0703259005145798,0.7022801302931596,4,2026-03-20 04:55:00,2.0,2
36434,-1,46165.26,46184.51,1.0034305317324186,0.6981865284974093,5,2026-03-20 05:00:00,-1.0,2
36441,1,46160.51,46153.51,0.8738033072236727,0.3308016877637131,5,2026-03-20 05:35:00,2.0,1
36442,1,46173.76,46157.51,0.762402088772846,0.7954545454545455,5,2026-03-20 05:40:00,-1.0,0
36444,-1,46186.51,46194.26,0.6397694524495677,0.4075117370892019,5,2026-03-20 05:50:00,2.0,0
36452,1,46163.01,46143.51,0.9519343493552169,1.2228443449048152,6,2026-03-20 06:30:00,-1.0,1
36463,1,46138.01,46122.01,0.718266253869969,1.0504103165298944,7,2026-03-20 07:25:00,-1.0,0
36475,1,46132.01,46113.51,1.7335766423357664,1.366754617414248,8,2026-03-20 08:25:00,-1.0,4
36506,-1,46127.36,46148.36,1.9219269102990033,0.728173374613003,11,2026-03-20 11:00:00,-1.0,4
36510,-1,46130.86,46168.11,1.2422641509433963,1.3021223470661674,11,2026-03-20 11:20:00,2.0,3
36513,-1,46128.11,46157.11,1.0761839396019217,0.8797399783315276,11,2026-03-20 11:35:00,2.0,2
36524,1,46016.36,45958.86,1.2448132780082988,1.189508681196897,12,2026-03-20 12:30:00,-1.0,3
36556,-1,45915.61,45966.61,1.1055776892430278,1.09049255441008,15,2026-03-20 15:10:00,-1.0,2
36572,-1,45882.81,45983.61,1.9507892293407614,1.9518672199170688,16,2026-03-20 16:30:00,-1.0,4
36573,1,45870.81,45839.81,1.8995854444956242,0.5884745762711864,16,2026-03-20 16:35:00,2.0,4
36576,-1,45921.81,45985.56,1.8206770356816102,0.9241522133057208,16,2026-03-20 16:50:00,2.0,4
36579,1,45854.81,45826.81,1.6340347666971637,0.36170703575547863,17,2026-03-20 17:05:00,-1.0,3
36613,-1,45827.81,45863.81,0.8442211055276382,0.6118361153262519,19,2026-03-20 19:55:00,-1.0,0
36616,-1,45811.31,45890.31,1.0176240208877285,1.2632781267846944,20,2026-03-20 20:10:00,2.0,2
36618,-1,45835.56,45869.06,0.944206008583691,0.5340165101053231,20,2026-03-20 20:20:00,2.0,1
36621,1,45774.81,45710.81,1.0215633423180592,0.9710105662422107,20,2026-03-20 20:35:00,-1.0,2
36643,1,45504.56,45464.06,1.0416666666666667,0.7472817133443164,22,2026-03-20 22:25:00,-1.0,2
36646,1,45508.81,45396.56,1.1638989169675091,1.9491472868217055,22,2026-03-20 22:40:00,2.0,2
36648,1,45580.31,45416.31,1.2505338078291814,2.43027255887801,22,2026-03-20 22:50:00,-1.0,3
36662,1,45403.0,45288.0,1.0254890337877889,1.4523345601501076,1,2026-03-23 01:00:00,2.0,2
36688,-1,45617.0,45643.5,1.7956521739130435,0.6807339449541284,3,2026-03-23 03:10:00,-1.0,4
36690,-1,45616.0,45655.0,1.6971014492753622,0.876756322761943,3,2026-03-23 03:20:00,2.0,4
36694,1,45514.0,45480.5,1.350125944584383,0.6529759832927253,3,2026-03-23 03:40:00,-1.0,3
36695,1,45525.5,45501.25,1.3401869158878505,0.4631650750341064,3,2026-03-23 03:45:00,-1.0,3
36699,1,45533.0,45460.25,1.1412008281573498,1.214307004470939,4,2026-03-23 04:05:00,-1.0,2
36715,-1,45617.5,45657.25,0.8512621359223301,1.083950136345926,5,2026-03-23 05:25:00,2.0,1
36737,1,45462.25,45442.0,0.9364985163204748,0.7595445411922305,7,2026-03-23 07:15:00,2.0,1
36738,1,45461.5,45444.0,0.7913148371531966,0.7096307023895728,7,2026-03-23 07:20:00,2.0,0
36752,1,45439.0,45406.75,1.4328147100424329,1.1960264900662252,8,2026-03-23 08:30:00,-1.0,3
36757,1,45453.25,45409.0,1.38903743315508,1.2694672131147542,8,2026-03-23 08:55:00,-1.0,3
36759,1,45433.1,45406.35,1.2859007832898173,0.7198462277751081,9,2026-03-23 09:05:00,-1.0,3
36760,1,45417.35,45394.35,1.22180916976456,0.5940959409594095,9,2026-03-23 09:10:00,-1.0,3
36789,-1,45365.1,45383.6,1.0562737642585551,0.32599118942731276,11,2026-03-23 11:35:00,-1.0,2
36790,-1,45368.6,45402.85,1.034923019151333,0.6098569157392687,11,2026-03-23 11:40:00,-1.0,2
36794,-1,45358.6,45393.6,1.0546125461254612,0.6224198158145443,12,2026-03-23 12:00:00,-1.0,2
36798,-1,45367.1,45434.35,0.9919649379108838,1.2688679245283019,12,2026-03-23 12:20:00,2.0,1
36812,1,45258.35,45220.6,0.8957055214723927,0.6988429752066115,13,2026-03-23 13:30:00,-1.0,1
36814,1,45243.85,45205.6,0.9544753086419753,0.7328087581252138,13,2026-03-23 13:40:00,-1.0,1
36816,-1,45269.6,45364.6,1.1523125996810208,1.5541922290388548,13,2026-03-23 13:50:00,-1.0,2
36869,-1,46638.3,46712.8,0.9385041551246538,0.8259750544446645,18,2026-03-23 18:15:00,2.0,1
36871,-1,46619.05,46709.05,0.9723163841807909,0.96496266513498,18,2026-03-23 18:25:00,2.0,1
36884,1,46227.8,46119.3,1.008972503617945,1.256150506512301,19,2026-03-23 19:30:00,2.0,2
36944,-1,46249.63,46262.63,0.9655172413793104,0.4889187374076561,1,2026-03-24 01:30:00,-1.0,1
36966,1,46176.13,46059.13,2.6404255319148935,2.5876777251184833,3,2026-03-24 03:20:00,-1.0,4
36967,1,46190.88,46168.38,2.1812688821752264,0.47727272727272724,3,2026-03-24 03:25:00,-1.0,4
36968,1,46177.13,46140.13,1.988826815642458,0.7249825052484254,3,2026-03-24 03:30:00,-1.0,4
36985,1,45987.63,45962.63,0.8839322593969434,0.5615724027276373,4,2026-03-24 04:55:00,-1.0,1
36986,1,45991.63,45965.63,0.9814658803706824,0.5921106140707605,5,2026-03-24 05:00:00,-1.0,1
36987,1,45981.88,45964.88,0.9774372073222648,0.3994964330675619,5,2026-03-24 05:05:00,-1.0,1
36989,1,45993.63,45961.63,0.8955349620893007,0.8171454628362973,5,2026-03-24 05:15:00,-1.0,1
37005,1,46004.63,45964.38,0.9561965811965812,1.3513189448441247,6,2026-03-24 06:35:00,-1.0,1
37011,-1,46053.13,46062.63,0.7562062380649268,0.356091030789826,7,2026-03-24 07:05:00,2.0,0
37012,-1,46047.13,46065.88,0.7700394218134035,0.6958250497017893,7,2026-03-24 07:10:00,2.0,0
37025,-1,46007.63,46078.38,1.6009615384615385,2.175727622185612,8,2026-03-24 08:15:00,-1.0,3
37030,1,45981.63,45942.63,1.3410493827160495,0.8972884141331142,8,2026-03-24 08:40:00,2.0,3
37031,1,45984.63,45970.38,1.1271375464684015,0.31856287425149704,8,2026-03-24 08:45:00,2.0,2
37095,-1,46204.48,46221.48,1.0698546647913736,0.3232597623089983,14,2026-03-24 14:05:00,2.0,2
37096,-1,46187.48,46219.98,0.9186915887850468,0.6698564593301435,14,2026-03-24 14:10:00,2.0,1
37105,1,46181.73,46087.98,1.283698296836983,1.586582048957389,14,2026-03-24 14:55:00,-1.0,3
37126,1,45836.63,45765.43,1.4285714285714286,0.9116100416113786,16,2026-03-24 16:40:00,2.0,3
37128,1,45833.93,45804.93,1.4304783092324804,0.35475555943903275,16,2026-03-24 16:50:00,2.0,3
37141,-1,46214.68,46313.43,1.128686327077748,0.7752698724239451,17,2026-03-24 17:55:00,-1.0,2
37175,1,46134.93,46099.93,0.9244226731980406,0.5029509879394406,20,2026-03-24 20:45:00,2.0,1
37184,-1,46280.93,46329.68,1.0242886884108258,0.7272242940863078,21,2026-03-24 21:30:00,-1.0,2
37189,-1,46267.68,46292.43,0.895722870272181,0.3434093161546085,21,2026-03-24 21:55:00,-1.0,1
37238,1,46456.02,46428.52,2.334140435835351,1.1495968945954216,3,2026-03-25 03:00:00,2.0,4
37241,-1,46484.77,46524.52,2.205811138014528,1.433724075743935,3,2026-03-25 03:15:00,-1.0,4
37244,1,46550.77,46421.77,2.8661971830985915,3.5160128492164326,3,2026-03-25 03:30:00,-1.0,4
37274,1,46434.77,46420.52,0.9179229480737019,0.5362903225806451,6,2026-03-25 06:00:00,-1.0,1
37279,1,46423.77,46413.77,0.6772068511198946,0.4903677758318739,6,2026-03-25 06:25:00,2.0,0
37281,1,46444.77,46415.77,0.7506963788300836,1.3868488471391973,6,2026-03-25 06:35:00,2.0,0
37344,-1,46499.87,46610.87,1.1080038572806172,1.9683343888537048,11,2026-03-25 11:50:00,-1.0,2
37357,1,46512.62,46470.37,1.1063218390804597,0.8541516245487365,12,2026-03-25 12:55:00,2.0,2
37372,-1,46576.37,46591.62,1.02122776821572,0.45233050847457623,14,2026-03-25 14:10:00,-1.0,2
37379,-1,46558.62,46650.37,1.3903743315508021,2.037272006344171,14,2026-03-25 14:45:00,-1.0,3
37383,-1,46658.12,46680.87,1.2847838957963291,0.4564672160515944,15,2026-03-25 15:05:00,2.0,3
37385,-1,46514.62,46664.62,1.9518072289156627,2.579060485108996,15,2026-03-25 15:15:00,-1.0,4
37392,1,46539.37,46492.37,1.026071586389748,0.5969607620775685,15,2026-03-25 15:50:00,2.0,2
37400,-1,46669.82,46759.87,1.7134302822925578,1.3390334572491138,16,2026-03-25 16:30:00,2.0,4
37401,-1,46652.82,46723.07,1.6381522668947819,1.057242676699812,16,2026-03-25 16:35:00,2.0,3
37402,-1,46554.57,46688.07,1.6126315789473684,1.907629497320745,16,2026-03-25 16:40:00,2.0,3
37406,1,46428.07,46350.57,1.356145251396648,0.9315303713243186,17,2026-03-25 17:00:00,-1.0,3
37407,1,46403.07,46333.32,1.3226256983240223,0.791970802919708,17,2026-03-25 17:05:00,-1.0,3
37408,1,46497.07,46385.32,1.2793296089385475,1.242159587137753,17,2026-03-25 17:10:00,-1.0,3
37422,1,46412.07,46268.07,0.9805249788314987,1.437433155080214,18,2026-03-25 18:20:00,0.37120371837531896,1
37451,-1,46515.32,46568.57,0.9736247174076865,0.9926764314247669,20,2026-03-25 20:45:00,2.0,1
37452,-1,46467.57,46554.07,1.0202521971723348,1.5001548467017654,20,2026-03-25 20:50:00,0.9431683255916958,2
37453,-1,46487.32,46559.57,1.0722200993504012,1.1792480326435442,20,2026-03-25 20:55:00,1.3181911802191764,2
37469,1,46467.32,46443.07,0.9177057356608479,0.5909486510008704,22,2026-03-25 22:15:00,-1.0,1
37512,1,46362.39,46343.64,1.0389261744966443,0.8830950378469302,2,2026-03-26 02:50:00,2.0,2
37559,-1,46414.39,46445.64,0.8255382331106161,1.0896637608966377,6,2026-03-26 06:45:00,2.0,0
37560,-1,46406.39,46416.39,0.8670172802404207,0.3730846102598268,6,2026-03-26 06:50:00,2.0,1
37562,-1,46389.39,46419.14,0.8919330289193302,1.1091877496671105,7,2026-03-26 07:00:00,2.0,1
37580,1,46293.39,46268.39,1.321047526673133,1.1715481171548117,8,2026-03-26 08:30:00,-1.0,3
37591,1,46294.49,46235.99,1.252906976744186,2.0707964601769913,9,2026-03-26 09:25:00,-1.0,3
37593,1,46290.99,46278.74,1.0014245014245013,0.4510190664036818,9,2026-03-26 09:35:00,-1.0,2
37599,1,46250.74,46220.49,1.3889288281811647,0.9603174603174603,10,2026-03-26 10:05:00,-1.0,3
37602,1,46263.74,46167.74,1.5154565061107117,2.566109785202864,10,2026-03-26 10:20:00,-1.0,3
37604,1,46241.74,46224.49,0.8963545389563974,0.455016486104569,10,2026-03-26 10:30:00,2.0,1
37611,-1,46288.74,46331.49,1.735740072202166,1.066369710467706,11,2026-03-26 11:05:00,2.0,4
37620,1,46185.99,46150.24,0.850431447746884,0.8144833197721725,11,2026-03-26 11:50:00,-1.0,1
37622,1,46186.49,46142.99,1.1629913710450623,0.9049034175334324,12,2026-03-26 12:00:00,-1.0,2
37625,1,46172.24,46151.49,0.8800738007380073,0.4188896899783706,12,2026-03-26 12:15:00,-1.0,1
37660,1,46125.99,46090.49,1.0919395465994963,0.8882931188561215,15,2026-03-26 15:10:00,-1.0,2
37672,-1,46125.74,46150.74,1.065040650406504,0.6320541760722347,16,2026-03-26 16:10:00,-1.0,2
37674,-1,46121.99,46151.99,0.9219373219373219,0.8034433285509326,16,2026-03-26 16:20:00,-1.0,1
37700,1,46255.19,46214.19,0.7997727918205055,0.513876454789615,18,2026-03-26 18:30:00,-1.0,0
37701,1,46271.19,46246.19,0.8383091930239432,0.31312905390293,18,2026-03-26 18:35:00,-1.0,0
37704,1,46258.69,46216.69,0.9014259144451333,0.6027678113787801,18,2026-03-26 18:50:00,-1.0,1
37724,1,46058.69,46009.19,0.9194277108433735,1.0665640631011928,20,2026-03-26 20:30:00,-1.0,1
37744,1,45969.44,45939.44,1.013552361396304,0.7770582793709528,22,2026-03-26 22:10:00,-1.0,2
37747,1,45965.19,45947.19,0.8296478296478297,0.4730173627404974,22,2026-03-26 22:25:00,-1.0,0
37749,1,45953.19,45934.19,0.9983525535420099,0.4656455142231947,22,2026-03-26 22:35:00,-1.0,1
37751,1,45974.19,45932.19,0.8416213957375679,0.9886506935687265,22,2026-03-26 22:45:00,-1.0,0
37754,1,45920.39,45901.39,0.749034749034749,0.4373561328510379,23,2026-03-26 23:00:00,2.0,0
37793,-1,46142.02,46176.52,1.7377049180327868,1.2660550458715596,3,2026-03-27 03:15:00,2.0,4
37794,-1,46116.52,46149.02,2.841530054644809,1.047783534830167,3,2026-03-27 03:20:00,-0.36020849506484953,4
37804,1,46111.02,46089.27,1.037037037037037,0.6096096096096095,4,2026-03-27 04:10:00,-1.0,2
37818,1,46105.02,46093.02,0.7385786802030457,0.563758389261745,5,2026-03-27 05:20:00,-1.0,0
37819,1,46110.02,46090.02,0.6417611741160774,0.9597257926306769,5,2026-03-27 05:25:00,-1.0,0
37846,-1,46142.52,46148.02,0.7010078387458006,0.3380900109769484,7,2026-03-27 07:40:00,-1.0,0
37867,-1,46216.62,46232.62,1.1544571932921448,0.7288108020172304,9,2026-03-27 09:25:00,2.0,2
37950,1,45744.62,45708.87,0.9823468328141225,0.8313953488372093,16,2026-03-27 16:20:00,-1.0,1
37968,-1,45555.32,45627.32,0.9982373678025852,0.7901234567901234,17,2026-03-27 17:50:00,-1.0,1
37969,-1,45596.57,45627.32,0.9444933920704845,0.3530859134713964,17,2026-03-27 17:55:00,-1.0,1
37971,-1,45594.32,45688.32,1.0830661614689594,1.116673737802291,18,2026-03-27 18:05:00,-1.0,2
37974,-1,45590.57,45698.32,0.9715124816446402,1.2246803328597524,18,2026-03-27 18:20:00,-1.0,1
37981,-1,45553.32,45630.32,0.939585211902615,0.9527176314626602,18,2026-03-27 18:55:00,2.0,1
37990,1,45432.57,45406.32,0.8661005878510777,0.4775828460038986,19,2026-03-27 19:40:00,2.0,1
38020,1,45192.07,45161.32,1.0760823875577974,0.6819801980198019,22,2026-03-27 22:10:00,-1.0,2
38021,1,45208.32,45186.07,1.180327868852459,0.5112843660237997,22,2026-03-27 22:15:00,-1.0,2
38022,1,45197.57,45182.32,0.9975409836065574,0.3536231884057971,22,2026-03-27 22:20:00,-1.0,1
38063,1,44868.23,44841.23,1.4394141145139814,0.6857142857142857,2,2026-03-30 02:45:00,-1.0,3
38067,1,44858.23,44835.98,1.7926988265971318,0.516369664318276,3,2026-03-30 03:05:00,2.0,4
38068,1,44861.48,44843.48,1.5307692307692307,0.4231738035264484,3,2026-03-30 03:10:00,2.0,3
38069,1,45005.73,44844.48,1.7703889585947303,3.314977973568282,3,2026-03-30 03:15:00,-1.0,4
38070,-1,44952.98,45022.98,2.057387057387057,1.2962962962962963,3,2026-03-30 03:20:00,-1.0,4
38071,-1,44962.73,45031.73,1.9328621908127208,1.1748251748251748,3,2026-03-30 03:25:00,-1.0,4
38115,-1,45145.48,45153.98,0.9202947086403215,0.3331000699790063,7,2026-03-30 07:05:00,-1.0,1
38121,-1,45140.98,45162.98,0.8384781048097631,1.032690695725063,7,2026-03-30 07:35:00,-1.0,0
38128,-1,45162.48,45193.73,1.4698162729658792,1.3544891640866872,8,2026-03-30 08:10:00,-1.0,3
38131,-1,45166.23,45187.98,1.1271820448877805,0.9164785553047404,8,2026-03-30 08:25:00,-1.0,2
38222,-1,45524.58,45562.08,1.0021119324181627,1.0458167330677293,16,2026-03-30 16:00:00,-1.0,2
38228,-1,45534.53,45622.28,2.1962774957698814,2.2207158351410095,16,2026-03-30 16:30:00,2.0,4
38253,-1,45573.03,45612.53,0.9614810391161541,0.4627615062761506,18,2026-03-30 18:35:00,2.0,1
38255,-1,45586.53,45612.53,0.8652396744045825,0.3164529450119539,18,2026-03-30 18:45:00,2.0,1
38256,-1,45598.78,45632.28,0.8898382667073543,0.4288980338363054,18,2026-03-30 18:50:00,2.0,1
38278,1,45353.78,45297.03,0.9792401096748923,1.1543770432255722,20,2026-03-30 20:40:00,-1.0,1
38293,1,45241.78,45216.28,0.9452861952861953,0.626865671641791,21,2026-03-30 21:55:00,-1.0,1
38347,1,45120.14,45077.14,2.0,1.207017543859649,3,2026-03-31 03:25:00,2.0,4
38349,1,45208.64,45102.14,2.2295081967213113,2.3089430894308944,3,2026-03-31 03:35:00,2.0,4
38377,-1,45680.64,45715.64,0.779969650986343,0.9293504030346136,5,2026-03-31 05:55:00,2.0,0
38379,-1,45694.64,45721.39,0.8003214142225793,0.7268316351285783,6,2026-03-31 06:05:00,2.0,0
38380,-1,45690.39,45717.64,0.7308805291442745,0.7513540128015755,6,2026-03-31 06:10:00,2.0,0
38396,1,45625.39,45610.39,1.1628468033775634,0.665083135391924,7,2026-03-31 07:30:00,-1.0,2
38398,1,45623.64,45601.64,0.7769328263624842,0.9617486338797814,7,2026-03-31 07:40:00,-1.0,0
38423,1,45559.74,45539.99,0.8526582278481013,0.5580221997981836,9,2026-03-31 09:45:00,-1.0,1
38424,1,45572.49,45553.74,0.8182278481012658,0.525,9,2026-03-31 09:50:00,-1.0,0
38426,1,45585.24,45542.74,1.4622784810126583,1.164953499755262,10,2026-03-31 10:00:00,-1.0,3
38431,1,45564.24,45535.24,1.0659080132764343,0.6990959965561774,10,2026-03-31 10:25:00,2.0,2
38461,1,45601.74,45574.24,1.1196581196581197,0.625,12,2026-03-31 12:55:00,-1.0,2
38473,1,45580.99,45558.74,1.0005449591280653,0.5320239111870196,13,2026-03-31 13:55:00,2.0,1
38474,1,45618.74,45555.24,1.376425855513308,1.4585726004922068,14,2026-03-31 14:00:00,2.0,3
38504,1,45636.44,45576.74,1.7572105036590615,1.0003590664273623,16,2026-03-31 16:30:00,-1.0,4
38505,1,45648.19,45535.44,1.7537666810159276,1.8708148148148147,16,2026-03-31 16:35:00,-1.0,4
38511,-1,45768.19,45855.94,1.4765327695560253,0.9873417721518988,17,2026-03-31 17:05:00,2.0,3
38512,-1,45767.44,45825.94,1.6389006342494714,0.652589641434263,17,2026-03-31 17:10:00,2.0,3
38522,1,45646.69,45525.94,0.9798352740698665,1.4265822784810127,18,2026-03-31 18:00:00,2.0,1
38562,-1,46186.94,46243.19,0.8781740370898716,0.7688552599463021,21,2026-03-31 21:20:00,-1.0,1
38563,-1,46210.44,46250.44,0.9703832752613241,0.5389797882579404,21,2026-03-31 21:25:00,-1.0,1
38566,-1,46229.19,46255.44,0.9033223585752769,0.37168141592920356,21,2026-03-31 21:40:00,-1.0,1
38571,-1,46203.94,46259.94,0.8215067208502657,0.9578497251069028,22,2026-03-31 22:05:00,-1.0,0
38631,-1,46411.28,46425.53,1.6815020862308763,0.42834138486312395,4,2026-04-01 04:05:00,-1.0,4
38632,-1,46411.03,46430.28,1.4142372881355931,0.6025712688652879,4,2026-04-01 04:10:00,-1.0,3
38652,1,46381.28,46364.03,0.717163577759871,0.8895027624309393,5,2026-04-01 05:50:00,2.0,0
38663,-1,46377.28,46393.03,0.7615230460921844,0.9943630214205187,6,2026-04-01 06:45:00,-1.0,0
38673,-1,46389.28,46400.03,0.7561929595827901,0.7931488801054019,7,2026-04-01 07:35:00,-1.0,0
38690,-1,46467.78,46494.53,1.8057455540355678,1.2858369098712448,9,2026-04-01 09:00:00,-1.0,4
38709,-1,46653.88,46679.88,0.8209459459459459,0.7595200834637456,10,2026-04-01 10:35:00,2.0,0
38730,1,46487.88,46464.88,1.1000523834468308,0.467513611615245,12,2026-04-01 12:20:00,2.0,2
38770,-1,46693.78,46842.13,1.303549571603427,2.696397273612437,15,2026-04-01 15:40:00,-0.4059110912826413,3
38771,-1,46558.38,46770.38,2.2350061199510405,3.0495761623426665,15,2026-04-01 15:45:00,-1.0,4
38777,1,46570.88,46517.88,1.2465314834578443,0.661319073083779,16,2026-04-01 16:15:00,2.0,3
38778,1,46570.38,46529.13,1.1025906735751296,0.5044769600349421,16,2026-04-01 16:20:00,2.0,2
38802,-1,46746.58,46789.08,0.7800338409475466,0.5435030828956383,18,2026-04-01 18:20:00,-1.0,0
38807,-1,46758.08,46793.58,0.6835027877992784,0.6369753284203781,18,2026-04-01 18:45:00,2.0,0
38809,-1,46786.83,46805.33,0.7745415318230853,0.410459587955626,18,2026-04-01 18:55:00,2.0,0
38816,1,46735.58,46687.33,0.9188966652943599,1.222071460877431,19,2026-04-01 19:30:00,-1.0,1
38874,1,46564.67,46550.17,0.9791921664626683,0.704861111111111,1,2026-04-02 01:20:00,-1.0,1
38879,1,46568.92,46547.17,1.2252510760401722,1.061900610287707,1,2026-04-02 01:45:00,-1.0,3
38880,1,46552.67,46543.42,2.0803443328550935,0.4078740157480315,1,2026-04-02 01:50:00,2.0,4
38881,1,46556.42,46548.42,1.3601147776183644,0.33760361718161264,1,2026-04-02 01:55:00,2.0,3
38885,-1,46574.92,46590.42,1.163141993957704,0.7062652563059397,2,2026-04-02 02:15:00,2.0,2
38892,1,46570.92,46532.42,1.6774193548387097,1.761437908496732,2,2026-04-02 02:50:00,-1.0,4
38895,1,46547.67,46534.92,2.906030855539972,0.6187175043327556,3,2026-04-02 03:05:00,-1.0,4
38896,1,46548.42,46528.17,2.526034712950601,0.9279869067103109,3,2026-04-02 03:10:00,-1.0,4
38897,1,46544.42,46534.17,2.5063613231552164,0.45737051792828687,3,2026-04-02 03:15:00,-1.0,4
38900,1,46544.67,46514.92,2.256038647342995,1.1849217638691323,3,2026-04-02 03:30:00,2.0,4
38901,1,46569.42,46540.92,2.1666666666666665,1.0769230769230769,3,2026-04-02 03:35:00,2.0,4
38906,-1,46542.67,46680.67,1.6937962435970404,2.935055070262058,4,2026-04-02 04:00:00,2.0,4
38907,1,46527.17,46427.67,1.8564273789649415,1.8517779993353274,4,2026-04-02 04:05:00,-1.0,4
38908,-1,46512.92,46682.92,1.6201423097974823,2.591886741083583,4,2026-04-02 04:10:00,2.0,3
38938,1,46108.92,46082.92,1.0207197382769901,0.8943488943488943,6,2026-04-02 06:40:00,-1.0,2
38960,-1,46055.92,46106.42,1.5387205387205387,2.009950248756219,8,2026-04-02 08:30:00,-1.0,3
38996,-1,46154.02,46169.02,0.8467153284671532,0.4314329738058551,11,2026-04-02 11:30:00,2.0,0
38998,-1,46137.52,46176.02,0.9902676399026764,1.1246739697443924,11,2026-04-02 11:40:00,2.0,1
39012,1,46107.02,46083.52,0.9587155963302753,0.8832214765100671,12,2026-04-02 12:50:00,-1.0,1
39013,1,46114.02,46088.77,1.0776397515527951,0.9566982408660352,12,2026-04-02 12:55:00,-1.0,2
39014,1,46107.52,46086.02,1.1304347826086956,0.7978793903247183,13,2026-04-02 13:00:00,-1.0,2
39027,1,46033.52,46014.52,1.3069734004313445,0.5504397309881014,14,2026-04-02 14:05:00,-1.0,3
39059,1,45965.97,45878.72,1.904669260700389,1.5052372150338877,16,2026-04-02 16:45:00,2.0,4
39062,-1,46060.97,46140.22,1.6725463591135232,1.103431128791646,17,2026-04-02 17:00:00,-1.0,3
39064,-1,46072.47,46136.47,1.4780033840947546,0.8188256796892849,17,2026-04-02 17:10:00,-1.0,3
39065,-1,46086.22,46133.97,1.4141414141414141,0.5925105251495679,17,2026-04-02 17:15:00,-1.0,3
39108,1,46344.47,46300.47,1.0796826491893756,0.8180610889774237,20,2026-04-02 20:50:00,2.0,2
39126,-1,46452.22,46477.22,0.9662659945715394,0.6493506493506493,22,2026-04-02 22:20:00,-1.0,1
39130,-1,46433.22,46484.47,0.9980103461997613,1.355692017005196,22,2026-04-02 22:40:00,-1.0,1
39134,-1,46472.92,46504.92,0.8499399759903962,0.8823239783357951,23,2026-04-02 23:00:00,-1.0,1
39140,-1,46499.67,46528.17,0.36736474694589877,0.903225806451613,23,2026-04-02 23:30:00,-1.0,0
39171,-1,46519.35,46542.1,3.0180722891566263,1.6566970091027307,3,2026-04-03 03:05:00,2.0,4
39173,-1,46513.6,46532.6,2.391566265060241,1.3007334963325183,3,2026-04-03 03:15:00,2.0,4
39178,1,46502.35,46494.35,1.433264887063655,0.4691099476439791,3,2026-04-03 03:40:00,-1.0,3
39181,1,46500.1,46493.1,0.8482758620689655,0.40706126687435096,3,2026-04-03 03:55:00,-1.0,1
39185,1,46494.35,46480.35,0.9047619047619048,0.9311163895486936,4,2026-04-03 04:15:00,-1.0,1
39187,1,46501.1,46487.1,0.6428571428571429,0.9961880559085133,4,2026-04-03 04:25:00,-1.0,0
39194,1,46482.35,46475.6,0.9534883720930233,0.5376955903271693,5,2026-04-03 05:00:00,-1.0,1
39196,1,46485.1,46475.1,0.7317073170731707,0.7843137254901961,5,2026-04-03 05:10:00,-1.0,0
39197,1,46485.6,46475.85,0.9234042553191489,0.7593880389429764,5,2026-04-03 05:15:00,-1.0,1
39227,1,46438.85,46422.1,1.305699481865285,1.6840215439856374,7,2026-04-03 07:45:00,-1.0,3
39230,1,46438.1,46429.85,1.1026392961876832,0.823529411764706,8,2026-04-03 08:00:00,-1.0,2
39234,1,46426.1,46417.85,1.1796407185628743,0.6905829596412556,8,2026-04-03 08:20:00,2.0,2
39242,-1,46440.6,46450.85,1.3295454545454546,0.9039370078740158,9,2026-04-03 09:00:00,2.0,3
39260,1,46418.95,46402.95,1.3921113689095128,0.7567567567567568,10,2026-04-03 10:30:00,-1.0,3
39263,-1,46403.95,46420.95,0.7331786542923434,0.8872320596458528,10,2026-04-03 10:45:00,-1.0,0
39265,-1,46393.45,46410.7,0.7238979118329466,0.8757932910244787,10,2026-04-03 10:55:00,-1.0,0
39296,1,46377.95,46369.7,0.9182879377431906,0.7897435897435897,13,2026-04-03 13:30:00,2.0,1
39297,1,46379.7,46373.95,0.7937743190661478,0.5532646048109966,13,2026-04-03 13:35:00,2.0,0
39303,1,46374.7,46361.45,2.135593220338983,0.9919786096256684,14,2026-04-03 14:05:00,2.0,4
39320,-1,46427.45,46640.45,4.0396825396825395,5.7976086322543186,15,2026-04-03 15:30:00,0.20181396601122853,4
39321,1,46388.95,46360.7,4.443649373881932,0.7134481825561487,15,2026-04-03 15:35:00,-1.0,4
39324,1,46374.7,46354.2,1.9407176287051482,0.4494206075790803,15,2026-04-03 15:50:00,-1.0,4
39326,1,46389.7,46360.45,1.4666666666666666,0.5927480639791574,16,2026-04-03 16:00:00,-1.0,3
39363,-1,46339.61,46349.86,0.751660026560425,0.31229597388465724,3,2026-04-06 03:45:00,-1.0,0
39378,-1,46383.86,46425.11,1.2369546621043628,1.5843621399176955,5,2026-04-06 05:00:00,-1.0,3
39398,1,46360.36,46336.36,0.7737024221453287,0.7073684210526315,6,2026-04-06 06:40:00,2.0,0
39410,-1,46411.36,46418.36,0.8945868945868946,0.34385964912280703,7,2026-04-06 07:40:00,-1.0,1
39413,-1,46411.61,46422.11,0.7341513292433538,0.555765595463138,7,2026-04-06 07:55:00,-1.0,0
39419,-1,46410.36,46429.36,1.0909090909090908,1.2077185017026106,8,2026-04-06 08:25:00,-1.0,2
39424,1,46389.61,46370.11,1.0309789343246591,1.1446540880503144,8,2026-04-06 08:50:00,2.0,2
39427,1,46410.21,46377.36,1.4090909090909092,1.7835951134379766,9,2026-04-06 09:05:00,2.0,3
39429,-1,46425.96,46460.21,1.5186046511627906,1.4749307905259985,9,2026-04-06 09:15:00,-1.0,3
39436,-1,46438.71,46504.46,2.5561385099685205,2.1401999534991933,9,2026-04-06 09:50:00,-1.0,4
39457,-1,46565.71,46575.96,1.0090684253915911,0.32307449850282677,11,2026-04-06 11:35:00,-1.0,2
39460,-1,46568.71,46586.96,0.7744107744107744,0.6027080581241768,11,2026-04-06 11:50:00,-1.0,0
39461,-1,46567.46,46582.21,0.6564364876385337,0.5090344368575465,11,2026-04-06 11:55:00,-1.0,0
39480,1,46504.96,46482.71,0.7725225225225225,0.9658914728682171,13,2026-04-06 13:30:00,-1.0,0
39514,1,46427.96,46409.21,1.1989839119390346,0.5993150684931507,16,2026-04-06 16:20:00,-1.0,2
39516,1,46489.16,46342.71,3.1931818181818183,3.369433032046115,16,2026-04-06 16:30:00,0.44496407369148383,4
39517,-1,46487.16,46572.91,3.1280062063615204,1.5785667324128863,16,2026-04-06 16:35:00,-1.0,4
39522,-1,46461.41,46670.16,2.516497461928934,2.5226586102719035,17,2026-04-06 17:00:00,-1.0,4
39540,1,46567.66,46533.66,0.7347799879445449,0.53125,18,2026-04-06 18:30:00,-1.0,0
39541,1,46563.41,46516.91,0.7745454545454545,0.7083786724700762,18,2026-04-06 18:35:00,-1.0,0
39556,-1,46619.66,46652.66,0.8868821292775665,0.9570170895908856,19,2026-04-06 19:50:00,2.0,1
39558,1,46585.66,46547.91,1.2530364372469636,1.0232333010648595,20,2026-04-06 20:00:00,-1.0,3
39572,-1,46576.16,46617.16,1.191509433962264,0.8256023013304566,21,2026-04-06 21:10:00,-1.0,2
39578,-1,46591.66,46606.16,0.7428829643018527,0.335398595621644,21,2026-04-06 21:40:00,-1.0,0
39631,1,46720.99,46691.99,3.403041825095057,1.7221633085896075,3,2026-04-07 03:05:00,2.0,4
39634,-1,46743.49,46776.99,3.3840304182509504,1.4760031471282453,3,2026-04-07 03:20:00,2.0,4
39635,-1,46744.49,46751.49,3.028142589118199,0.3128491620111732,3,2026-04-07 03:25:00,2.0,4
39636,-1,46724.74,46748.49,2.74468085106383,0.9873793615441723,3,2026-04-07 03:30:00,2.0,4
39642,1,46718.74,46675.99,1.7690376569037658,1.457090687766281,4,2026-04-07 04:00:00,-1.0,4
39672,-1,46564.24,46577.49,0.8197633959638135,0.6127167630057804,6,2026-04-07 06:30:00,2.0,0
39682,1,46554.49,46519.49,1.2144373673036093,1.6925734024179622,7,2026-04-07 07:20:00,2.0,3
39686,-1,46567.74,46581.24,0.7645914396887159,0.6786355475763016,7,2026-04-07 07:40:00,-1.0,0
39694,-1,46572.99,46595.49,1.226118500604595,1.0396039603960396,8,2026-04-07 08:20:00,-1.0,3
39708,-1,46559.34,46604.84,1.462169553327256,1.82,9,2026-04-07 09:30:00,-1.0,3
39714,-1,46582.09,46606.59,1.8954983922829582,0.944253269098417,10,2026-04-07 10:00:00,-1.0,4
39725,1,46588.34,46548.34,0.8704453441295547,1.3750767341927563,10,2026-04-07 10:55:00,2.0,1
39740,-1,46767.59,46796.84,0.8998998998998999,0.6471750296325564,12,2026-04-07 12:10:00,-1.0,1
39746,-1,46768.09,46789.59,0.7657657657657657,0.6090035407182599,12,2026-04-07 12:40:00,-1.0,0
39759,1,46551.59,46529.09,1.4488188976377954,0.3727810650887574,13,2026-04-07 13:45:00,-1.0,3
39769,1,46466.59,46423.09,1.0882079851439184,0.7254318046456224,14,2026-04-07 14:35:00,-1.0,2
39770,1,46477.59,46442.84,0.8814949863263446,0.5845599279062782,14,2026-04-07 14:40:00,-1.0,1
39772,1,46463.59,46444.09,0.837739288969918,0.35697940503432496,14,2026-04-07 14:50:00,-1.0,0
39775,1,46451.34,46379.84,1.3584029712163417,1.3745279780295228,15,2026-04-07 15:05:00,2.0,3
39777,-1,46512.59,46556.59,1.3609845031905197,0.78848,15,2026-04-07 15:15:00,-1.0,3
39778,-1,46523.59,46564.34,1.147005444646098,0.7071583514099783,15,2026-04-07 15:20:00,-1.0,2
39780,-1,46526.84,46565.59,0.9928537398761315,0.6676923076923077,15,2026-04-07 15:30:00,-1.0,1
39785,-1,46539.09,46645.34,1.365878208354303,1.7281440604124312,15,2026-04-07 15:55:00,2.0,3
39789,-1,46549.34,46579.09,1.1240875912408759,0.5273820829376386,16,2026-04-07 16:15:00,-1.0,2
39813,1,46307.29,46212.79,0.9953309530348805,1.150935189212701,18,2026-04-07 18:15:00,2.0,1
39822,-1,46412.54,46546.29,1.0916121356335515,1.6254340277777777,19,2026-04-07 19:00:00,-1.0,2
39845,-1,46488.79,46504.79,0.9278123854891902,0.3523397561934723,20,2026-04-07 20:55:00,-1.0,1
39854,1,46409.79,46388.79,1.0578512396694215,0.477079107505071,21,2026-04-07 21:40:00,-1.0,2
39861,-1,46496.79,46524.29,1.2835263354501307,0.4485872414797553,22,2026-04-07 22:15:00,-1.0,3
39862,-1,46473.29,46568.29,1.5024280911468062,1.3915772953178134,22,2026-04-07 22:20:00,-1.0,3
39957,-1,47639.64,47670.64,1.1630591630591631,1.8910675381263617,7,2026-04-08 07:15:00,-1.0,2
39958,-1,47652.14,47668.89,1.1832611832611832,0.9455645161290323,7,2026-04-08 07:20:00,-1.0,2
39964,-1,47647.64,47666.64,1.296875,1.0587064676616915,7,2026-04-08 07:50:00,-1.0,3
39999,1,47658.24,47647.49,1.095601173020528,0.30190571715145437,10,2026-04-08 10:45:00,-1.0,2
40000,1,47665.49,47648.49,0.9490555237550086,0.476,10,2026-04-08 10:50:00,-1.0,1
40005,1,47676.74,47647.99,0.858085808580858,0.8641975308641975,11,2026-04-08 11:15:00,-1.0,1
40010,1,47646.74,47624.74,0.9924650161463939,0.6591760299625468,11,2026-04-08 11:40:00,2.0,1
40014,-1,47713.74,47741.24,0.8964745383324007,0.7578740157480315,12,2026-04-08 12:00:00,-1.0,1
40015,-1,47729.74,47741.49,0.7569091934574168,0.32671300893743793,12,2026-04-08 12:05:00,-1.0,0
40020,-1,47734.49,47751.99,0.7114914425427873,0.5182443151771549,12,2026-04-08 12:30:00,-1.0,0
40022,-1,47724.74,47775.74,0.9690069576217584,1.3339560952825784,12,2026-04-08 12:40:00,-1.0,1
40055,1,47820.49,47739.74,1.5861642989499691,1.5783595113438045,15,2026-04-08 15:25:00,2.0,3
40072,-1,47859.94,48005.94,1.7935548841893252,2.1872659176029963,16,2026-04-08 16:50:00,0.027660391855551286,4
40073,-1,47904.19,47932.44,1.8536826495304004,0.4063704084253789,16,2026-04-08 16:55:00,-1.0,4
40075,-1,47916.44,47948.94,1.6731328806983512,0.44014510278113667,17,2026-04-08 17:05:00,2.0,3
40117,1,47809.94,47776.44,1.3443469282395457,0.9537366548042705,20,2026-04-08 20:35:00,2.0,3
40125,-1,47809.94,47945.44,1.3571059431524548,2.9263401465483994,21,2026-04-08 21:15:00,-0.5929591743815307,3
40136,1,47793.44,47750.44,1.021659174499387,0.8226853433549709,22,2026-04-08 22:10:00,-1.0,2
40181,1,47879.15,47872.15,1.0955414012738853,0.5144356955380577,2,2026-04-09 02:55:00,-1.0,2
40185,1,47888.4,47862.65,2.624203821656051,1.368121442125237,3,2026-04-09 03:15:00,-1.0,4
40224,1,47852.65,47835.15,0.8705547652916074,1.2962962962962963,6,2026-04-09 06:30:00,-1.0,1
40227,1,47850.4,47834.15,1.3703703703703705,1.1895424836601307,6,2026-04-09 06:45:00,-1.0,3
40244,1,47846.15,47823.15,1.7256944444444444,1.7265415549597856,8,2026-04-09 08:10:00,-1.0,4
40246,-1,47860.4,47876.65,2.01,1.0743801652892562,8,2026-04-09 08:20:00,-1.0,4
40251,-1,47865.15,47884.65,1.108974358974359,1.1458551941238195,8,2026-04-09 08:45:00,-1.0,2
40255,-1,47860.75,47886.25,1.3884992987377278,1.2268041237113403,9,2026-04-09 09:05:00,2.0,3
40264,1,47827.5,47811.75,0.911578947368421,0.7669565217391304,9,2026-04-09 09:50:00,-1.0,1
40290,1,47729.25,47714.5,1.039039039039039,0.5959595959595959,12,2026-04-09 12:00:00,2.0,2
40293,-1,47765.5,47776.0,0.9977116704805492,0.432035268185158,12,2026-04-09 12:15:00,2.0,1
40296,-1,47753.25,47770.25,0.8378588052754073,0.767123287671233,12,2026-04-09 12:30:00,-1.0,0
40306,1,47762.5,47736.0,1.1759259259259258,1.3381424706943192,13,2026-04-09 13:20:00,-1.0,2
40309,1,47747.75,47733.25,1.1092592592592592,0.7355072463768115,13,2026-04-09 13:35:00,-1.0,2
40310,1,47765.0,47740.75,0.9481481481481482,1.1849912739965096,13,2026-04-09 13:40:00,-1.0,1
40312,-1,47753.5,47778.75,1.3643122676579926,1.1312,13,2026-04-09 13:50:00,2.0,3
40322,1,47751.75,47729.75,1.3874788494077834,0.8700564971751413,14,2026-04-09 14:40:00,-1.0,3
40332,-1,47754.75,47784.0,1.7892030848329048,1.190406976744186,15,2026-04-09 15:30:00,-1.0,4
40334,-1,47765.25,47802.75,1.6572407883461868,1.3609850939727803,15,2026-04-09 15:40:00,-1.0,3
40335,-1,47775.25,47786.0,1.7326478149100257,0.38270820089001906,15,2026-04-09 15:45:00,2.0,4
40336,-1,47766.5,47779.75,1.263959390862944,0.4859201047806156,15,2026-04-09 15:50:00,2.0,3
40344,1,47755.95,47712.75,2.876204595997035,1.2330275229356968,16,2026-04-09 16:30:00,2.0,4
40346,-1,47788.45,47835.7,2.3160054719562244,1.236448598130841,16,2026-04-09 16:40:00,-1.0,4
40394,-1,48310.45,48340.95,0.8962996802192782,0.8544272136068034,20,2026-04-09 20:40:00,2.0,1
40398,-1,48226.45,48324.45,1.3814726840855107,2.4631956912028725,21,2026-04-09 21:00:00,0.6529164598841704,3
40399,1,48245.7,48218.45,1.5610451306413302,0.6433389544688027,21,2026-04-09 21:05:00,-1.0,3
40405,1,48226.45,48180.45,0.9757880310644129,0.9377502730251183,21,2026-04-09 21:35:00,-1.0,1
40408,1,48203.45,48184.45,0.9159891598915989,0.4170913367306938,21,2026-04-09 21:50:00,2.0,1
40423,1,48181.15,48170.4,0.6542526421741318,0.3071115192327341,23,2026-04-09 23:05:00,-1.0,0
40424,1,48185.65,48175.15,0.5240263024785028,0.3157555579422219,23,2026-04-09 23:10:00,-1.0,0
40426,1,48191.4,48170.15,0.2983085597129677,0.6803109993139789,23,2026-04-09 23:20:00,-1.0,0
40440,1,48183.47,48164.47,1.966832504145937,0.9734675205855444,1,2026-04-10 01:30:00,-1.0,4
40443,1,48182.47,48167.22,1.2687074829931972,0.7799086757990868,1,2026-04-10 01:45:00,-1.0,3
40445,1,48163.47,48151.72,1.1652173913043478,0.5828166519043402,1,2026-04-10 01:55:00,-1.0,2
40447,1,48168.47,48154.47,0.6714031971580817,0.7205882352941178,2,2026-04-10 02:05:00,-1.0,0
40459,1,48158.47,48141.97,1.8794178794178795,1.2520325203252032,3,2026-04-10 03:05:00,2.0,4
40460,1,48158.47,48144.47,1.7172557172557172,1.0681198910081744,3,2026-04-10 03:10:00,2.0,4
40470,-1,48173.47,48186.47,1.7013177159590045,0.7258225324027917,4,2026-04-10 04:00:00,-1.0,4
40480,-1,48187.47,48195.22,0.7601918465227818,0.5046511627906977,4,2026-04-10 04:50:00,2.0,0
40490,1,48151.97,48145.22,0.6347826086956522,0.5470332850940666,5,2026-04-10 05:40:00,-1.0,0
40518,1,48160.47,48144.22,1.4591194968553458,2.03125,8,2026-04-10 08:00:00,-1.0,3
40520,1,48153.97,48150.72,0.9411764705882353,0.3880597014925373,8,2026-04-10 08:10:00,-1.0,1
40526,-1,48157.97,48165.22,1.7134146341463414,0.7617260787992496,8,2026-04-10 08:40:00,2.0,4
40550,-1,48161.07,48171.57,1.5091463414634145,0.700834326579261,10,2026-04-10 10:40:00,-1.0,3
40554,-1,48144.07,48174.07,1.4753623188405798,1.7160367722165475,11,2026-04-10 11:00:00,2.0,3
40569,1,48197.57,48096.07,1.5995203836930456,4.080402010050252,12,2026-04-10 12:15:00,0.06266318537859007,3
40570,-1,48145.82,48199.07,2.634319526627219,1.9657218193803558,12,2026-04-10 12:20:00,-1.0,4
40583,-1,48170.07,48179.32,0.8817427385892116,0.38004402054292,13,2026-04-10 13:25:00,-1.0,1
40605,-1,48208.07,48218.07,1.2928475033738192,0.5622489959839357,15,2026-04-10 15:15:00,-1.0,3
40607,-1,48208.97,48232.97,1.3738191632928476,1.1384042012535942,15,2026-04-10 15:25:00,-1.0,3
40610,-1,48205.07,48232.57,2.0777479892761392,0.9600997506234414,15,2026-04-10 15:40:00,2.0,4
40611,-1,48207.07,48218.07,1.8632707774798927,0.37355973317161917,15,2026-04-10 15:45:00,-1.0,4
40692,1,47905.77,47894.02,0.893740902474527,0.5599999999999999,22,2026-04-10 22:30:00,-1.0,1
40697,1,47917.97,47889.77,1.2483320978502594,1.1060372601206228,22,2026-04-10 22:55:00,-1.0,3
40699,1,47906.97,47882.72,0.5536121673003802,0.8935386235030823,23,2026-04-10 23:05:00,2.0,0
40734,-1,47422.05,47466.3,1.7601078167115902,2.0294840294840295,3,2026-04-13 03:00:00,-1.0,4
40782,1,47538.55,47529.55,1.1016260162601625,0.81421647819063,7,2026-04-13 07:00:00,2.0,2
40822,-1,47677.15,47706.65,1.240990990990991,1.5673624288425045,10,2026-04-13 10:20:00,-1.0,3
40826,-1,47692.15,47698.65,0.9009584664536742,0.3520309477756286,10,2026-04-13 10:40:00,2.0,1
40827,-1,47674.65,47692.9,1.043196544276458,0.921550946798918,10,2026-04-13 10:45:00,-1.0,2
40831,-1,47701.9,47719.15,1.478168264110756,0.7552775605942142,11,2026-04-13 11:05:00,-1.0,3
40836,-1,47706.15,47733.15,1.01840490797546,1.1990483743061062,11,2026-04-13 11:30:00,-1.0,2
40837,-1,47685.15,47712.15,1.2995951417004048,1.2173913043478262,11,2026-04-13 11:35:00,-1.0,3
40838,1,47678.65,47660.15,1.094758064516129,0.8176795580110497,11,2026-04-13 11:40:00,2.0,2
40867,-1,47722.15,47754.4,1.4713896457765667,1.3289183222958059,14,2026-04-13 14:05:00,2.0,3
40870,-1,47678.4,47744.4,1.307277628032345,2.21981981981982,14,2026-04-13 14:20:00,2.0,3
40911,-1,47742.85,47790.6,0.7480519480519481,0.6018455998199416,17,2026-04-13 17:45:00,-1.0,0
41000,-1,48257.14,48268.64,2.5943396226415096,1.1479500891265597,2,2026-04-14 02:10:00,2.0,4
41019,-1,48249.14,48258.14,1.3764434180138567,0.711864406779661,3,2026-04-14 03:45:00,-1.0,3
41031,-1,48257.64,48261.89,0.4818181818181818,0.3953488372093023,4,2026-04-14 04:45:00,2.0,0
41032,-1,48252.14,48259.39,0.48165869218500795,0.6812080536912752,4,2026-04-14 04:50:00,-1.0,0
41035,-1,48254.64,48258.64,0.7909604519774012,0.38956521739130434,5,2026-04-14 05:05:00,-1.0,0
41037,-1,48260.64,48266.14,0.6023622047244095,0.5844402277039847,5,2026-04-14 05:15:00,2.0,0
41056,1,48239.14,48236.14,1.01067615658363,0.42424242424242425,6,2026-04-14 06:50:00,-1.0,2
41072,1,48227.89,48221.14,1.0225563909774436,1.1317365269461077,8,2026-04-14 08:10:00,-1.0,2
41085,1,48211.24,48204.24,1.6509090909090909,0.8808988764044944,9,2026-04-14 09:15:00,2.0,3
41091,-1,48238.24,48248.24,1.1909547738693467,0.963855421686747,9,2026-04-14 09:45:00,-1.0,2
41093,-1,48239.24,48242.74,1.3177570093457944,0.31309904153354634,9,2026-04-14 09:55:00,-1.0,3
41114,-1,48312.49,48319.74,0.8714153561517114,0.38629876308277833,11,2026-04-14 11:40:00,-1.0,1
41119,-1,48329.24,48344.24,0.8650963597430407,0.8571428571428571,12,2026-04-14 12:05:00,2.0,1
41160,-1,48267.24,48314.74,1.9592760180995474,1.7511520737327189,15,2026-04-14 15:30:00,-1.0,4
41169,-1,48293.74,48324.24,1.0253164556962024,1.1083711875405582,16,2026-04-14 16:15:00,2.0,2
41172,1,48260.44,48201.24,3.125674633770239,1.7239729589184838,16,2026-04-14 16:30:00,2.0,4
41190,-1,48512.44,48528.44,0.873217115689382,0.3462132921174652,18,2026-04-14 18:00:00,2.0,1
41194,-1,48510.19,48525.94,1.089738085015028,0.3821490467937608,18,2026-04-14 18:20:00,-1.0,2
41231,1,48490.44,48455.44,1.7521865889212829,1.175764847030594,21,2026-04-14 21:25:00,2.0,4
41240,-1,48553.44,48570.44,0.992,0.49790794979079495,22,2026-04-14 22:10:00,-1.0,1
41248,-1,48551.44,48613.94,1.3663366336633664,2.0895522388059704,22,2026-04-14 22:50:00,-0.3831221690589836,3
41262,1,48560.75,48541.75,1.399103139013453,1.0931207364181958,1,2026-04-15 01:00:00,2.0,3
41285,-1,48574.75,48586.25,2.331877729257642,0.8529801324503311,2,2026-04-15 02:55:00,-1.0,4
41287,-1,48579.0,48584.0,2.6724890829694323,0.3431372549019608,3,2026-04-15 03:05:00,-1.0,4
41346,-1,48560.75,48611.0,5.822222222222222,5.135036496350365,8,2026-04-15 08:00:00,0.3871230091494761,4
41353,1,48546.25,48540.5,1.8285714285714285,0.42146596858638746,8,2026-04-15 08:35:00,-1.0,4
41357,1,48553.75,48532.25,1.0415913200723328,1.3377777777777777,8,2026-04-15 08:55:00,2.0,2
41393,-1,48557.35,48572.1,0.8712011577424024,1.0797385620915032,11,2026-04-15 11:55:00,2.0,1
41394,-1,48540.35,48572.1,1.857566765578635,2.1116389548693584,12,2026-04-15 12:00:00,-1.0,4
41398,1,48532.35,48517.35,1.1054739652870493,0.8211143695014663,12,2026-04-15 12:20:00,-1.0,2
41411,1,48498.35,48482.6,1.3735255570117955,0.7217675941080196,13,2026-04-15 13:25:00,2.0,3
41412,1,48499.35,48492.6,1.2362301101591187,0.3136929460580913,13,2026-04-15 13:30:00,2.0,3
41424,-1,48553.35,48569.35,1.334061135371179,0.759322033898305,14,2026-04-15 14:30:00,-1.0,3
41426,-1,48557.85,48566.85,0.8151351351351351,0.4315068493150685,14,2026-04-15 14:40:00,-1.0,0
41450,-1,48492.05,48682.05,3.3143459915611815,4.0299977274449175,16,2026-04-15 16:40:00,0.4100866810323831,4
41462,1,48411.05,48355.3,0.8094462540716613,0.7783595113438045,17,2026-04-15 17:40:00,-1.0,0
41468,1,48409.05,48367.05,0.9429967426710097,0.9039200614911607,18,2026-04-15 18:10:00,-1.0,1
41479,1,48337.05,48308.8,0.745628877608573,0.9405469678953627,19,2026-04-15 19:05:00,-1.0,0
41482,1,48353.55,48326.05,0.7924080664294187,0.9697732997481108,19,2026-04-15 19:20:00,-1.0,0
41484,1,48351.8,48329.05,0.888755261575466,0.8012578616352202,19,2026-04-15 19:30:00,-1.0,1
41537,-1,48515.75,48535.25,0.5497512437810945,0.8221653365456937,23,2026-04-15 23:55:00,-1.0,0
41562,-1,48548.84,48566.59,1.7007874015748032,2.1515151515151514,3,2026-04-16 03:00:00,-1.0,4
41563,-1,48552.84,48557.84,2.52755905511811,0.623608017817372,3,2026-04-16 03:05:00,-1.0,4
41574,-1,48569.84,48583.84,1.2219321148825066,1.1649331352154533,4,2026-04-16 04:00:00,-1.0,3
41583,1,48569.84,48564.84,1.1623931623931625,0.46357615894039733,4,2026-04-16 04:45:00,-1.0,2
41586,1,48568.84,48561.84,1.113490364025696,0.6841186736474695,5,2026-04-16 05:00:00,-1.0,2
41587,1,48570.84,48567.09,0.7109207708779444,0.37433155080213903,5,2026-04-16 05:05:00,-1.0,0
41596,1,48556.59,48551.09,0.9046153846153846,0.5833333333333334,5,2026-04-16 05:50:00,2.0,1
41598,1,48569.84,48555.84,1.0125786163522013,1.5193798449612403,6,2026-04-16 06:00:00,-1.0,2
41600,1,48563.84,48555.84,1.0440251572327044,0.8853754940711461,6,2026-04-16 06:10:00,-1.0,2
41622,1,48529.34,48525.09,1.7983870967741935,0.6071428571428571,8,2026-04-16 08:00:00,-1.0,4
41625,1,48535.84,48524.34,0.9032258064516129,1.6140350877192982,8,2026-04-16 08:15:00,2.0,1
41628,-1,48545.84,48550.59,2.6333333333333333,0.6244131455399061,8,2026-04-16 08:30:00,2.0,4
41629,-1,48538.34,48547.84,1.7560975609756098,1.17439293598234,8,2026-04-16 08:35:00,-1.0,4
41641,-1,48542.44,48562.44,1.119815668202765,1.7937219730941034,9,2026-04-16 09:35:00,2.0,2
41694,1,48514.44,48475.44,1.9652509652509653,2.4484304932735426,14,2026-04-16 14:00:00,2.0,4
41724,-1,48605.39,48692.44,5.251028806584362,3.1409793814434037,16,2026-04-16 16:30:00,2.0,4
41726,-1,48574.14,48668.89,4.491180461329715,2.5485110470701247,16,2026-04-16 16:40:00,2.0,4
41754,-1,48588.64,48605.14,0.664576802507837,0.35133079847908744,19,2026-04-16 19:00:00,2.0,0
41758,-1,48585.64,48606.64,0.7386541471048513,0.5162423178226514,19,2026-04-16 19:20:00,2.0,0
41760,-1,48553.89,48605.89,1.306941431670282,1.2153589315525877,19,2026-04-16 19:30:00,-1.0,3
41793,-1,48593.64,48606.64,0.8591648973814578,0.4783180026281209,22,2026-04-16 22:15:00,-1.0,1
41795,-1,48587.64,48603.64,0.7650513950073421,0.64,22,2026-04-16 22:25:00,-1.0,0
41796,-1,48594.64,48603.64,0.8883994126284875,0.3758389261744966,22,2026-04-16 22:30:00,-1.0,1
41797,-1,48597.64,48610.64,0.9148311306901615,0.5660964230171073,22,2026-04-16 22:35:00,-1.0,1
41801,-1,48587.34,48619.64,1.314148681055156,1.301107754280066,22,2026-04-16 22:55:00,-1.0,3
41854,-1,48665.4,48677.15,1.164969450101833,1.156414762741652,4,2026-04-17 04:20:00,-1.0,2
41859,-1,48669.65,48679.4,0.7162426614481409,1.1422594142259412,4,2026-04-17 04:45:00,-1.0,0
41862,-1,48671.4,48676.9,0.8968421052631579,0.6470588235294118,5,2026-04-17 05:00:00,2.0,1
41869,1,48660.9,48653.15,0.7016706443914081,0.9601769911504425,5,2026-04-17 05:35:00,-1.0,0
41877,1,48654.4,48646.4,0.7025089605734767,1.1820580474934037,6,2026-04-17 06:15:00,2.0,0
41881,1,48653.4,48647.4,1.0461538461538462,0.96,6,2026-04-17 06:35:00,2.0,2
41890,-1,48667.4,48679.65,1.2745098039215685,1.8794520547945204,7,2026-04-17 07:20:00,-1.0,3
41893,-1,48678.4,48685.15,1.1162790697674418,0.7842323651452282,7,2026-04-17 07:35:00,2.0,2
41904,-1,48669.4,48686.9,2.21978021978022,1.4454277286135693,8,2026-04-17 08:30:00,-1.0,4
41916,-1,48678.5,48695.75,1.875,1.3135708457982154,9,2026-04-17 09:30:00,-1.0,4
41923,-1,48718.5,48731.0,1.4458333333333333,0.8981267641775792,10,2026-04-17 10:05:00,-1.0,3
41947,-1,48749.0,48771.0,1.018425460636516,1.608355091383812,12,2026-04-17 12:05:00,-1.0,2
41948,-1,48749.0,48753.0,0.946843853820598,0.30311231393775373,12,2026-04-17 12:10:00,-1.0,1
41954,-1,48770.25,48778.0,0.7742998352553542,0.592896174863388,12,2026-04-17 12:40:00,2.0,0
41956,-1,48769.0,48778.25,1.259762308998302,0.7696879643387816,12,2026-04-17 12:50:00,2.0,3
41957,-1,48769.25,48776.5,1.1748726655348047,0.6236559139784946,12,2026-04-17 12:55:00,2.0,2
42031,-1,49670.2,49709.2,0.6174055829228243,0.823529411764706,19,2026-04-17 19:05:00,-1.0,0
42032,-1,49677.2,49694.2,0.666110183639399,0.38309859154929576,19,2026-04-17 19:10:00,-1.0,0
42041,-1,49730.2,49743.7,0.6283744974152786,0.4135667396061269,19,2026-04-17 19:55:00,2.0,0
42042,-1,49710.2,49741.2,0.8522167487684729,1.0069605568445477,20,2026-04-17 20:00:00,2.0,1
42047,1,49543.7,49502.7,2.0997442455242967,0.9444672974084739,20,2026-04-17 20:25:00,-1.0,4
42048,1,49550.2,49529.2,1.7506393861892584,0.47172081829121537,20,2026-04-17 20:30:00,-1.0,4
42073,1,49507.2,49469.2,0.7889447236180904,1.1914893617021276,22,2026-04-17 22:35:00,-1.0,0
42151,-1,49130.81,49140.56,0.5157699443413729,0.8778135048231511,6,2026-04-20 06:05:00,-1.0,0
42155,-1,49137.56,49142.31,0.7903225806451613,0.46503496503496505,6,2026-04-20 06:25:00,-1.0,0
42156,-1,49136.31,49147.81,0.9979633401221996,1.1122625215889466,6,2026-04-20 06:30:00,2.0,1
42163,1,49119.31,49102.81,0.9818181818181818,1.4460093896713615,7,2026-04-20 07:05:00,-1.0,1
42166,1,49120.31,49108.31,0.8707482993197279,1.0212765957446808,7,2026-04-20 07:20:00,-1.0,1
42181,1,49107.56,49098.81,2.0,0.6853146853146853,8,2026-04-20 08:35:00,-1.0,4
42185,1,49112.31,49100.81,1.6978967495219885,0.7787182587666264,8,2026-04-20 08:55:00,2.0,4
42193,-1,49122.91,49139.16,1.1464968152866242,1.0081985375581912,9,2026-04-20 09:35:00,-1.0,2
42205,1,49131.91,49104.91,1.436077057793345,0.8508722566122678,10,2026-04-20 10:35:00,-1.0,3
42206,-1,49122.66,49142.16,0.9430132708821234,0.6046511627906976,10,2026-04-20 10:40:00,-1.0,1
42207,1,49110.41,49097.66,1.1118262268704746,0.39166209544706526,10,2026-04-20 10:45:00,-1.0,2
42209,1,49114.66,49083.41,0.8430913348946136,0.9034589571502323,10,2026-04-20 10:55:00,2.0,0
42212,1,49135.41,49091.41,0.9422355588897224,1.305776364599894,11,2026-04-20 11:10:00,2.0,1
42223,-1,49206.41,49235.16,0.8660785886126704,1.0704787234042552,12,2026-04-20 12:05:00,-1.0,1
42238,-1,49232.66,49262.41,0.9707317073170731,1.4968553459119496,13,2026-04-20 13:20:00,2.0,1
42240,-1,49213.91,49239.41,0.8609756097560975,1.2515337423312884,13,2026-04-20 13:30:00,-1.0,1
42258,-1,49243.41,49271.41,1.5977777777777777,1.0275229357798166,15,2026-04-20 15:00:00,-1.0,3
42262,-1,49243.91,49271.91,1.1666666666666667,1.0453333333333334,15,2026-04-20 15:20:00,-1.0,2
42324,-1,49407.11,49442.61,0.9604190919674039,1.1882845188284519,20,2026-04-20 20:30:00,-1.0,1
42357,-1,49463.81,49472.31,0.34759358288770054,0.41362530413625725,23,2026-04-20 23:15:00,-1.0,0
42388,1,49549.99,49541.49,0.9514563106796117,1.2693333333333334,2,2026-04-21 02:50:00,-1.0,1
42401,1,49556.74,49539.99,1.2511848341232228,1.0010672358591248,3,2026-04-21 03:55:00,-1.0,3
42423,-1,49574.99,49591.99,0.5985748218527316,1.6081081081081081,5,2026-04-21 05:45:00,2.0,0
42484,-1,49564.09,49591.09,1.7183908045977012,1.4065116279069767,10,2026-04-21 10:50:00,-1.0,4
42494,-1,49590.09,49598.09,0.9708333333333333,0.3742690058479532,11,2026-04-21 11:40:00,2.0,1
42497,-1,49583.09,49593.59,0.6559139784946236,0.5355191256830601,11,2026-04-21 11:55:00,-1.0,0
42518,-1,49766.59,49791.59,0.9929478138222849,0.7352941176470589,13,2026-04-21 13:40:00,-1.0,1
42523,-1,49763.84,49804.34,1.9303030303030304,1.3662650602409638,14,2026-04-21 14:05:00,-1.0,4
42531,-1,49792.09,49807.09,1.099873577749684,0.5533596837944664,14,2026-04-21 14:45:00,2.0,2
42532,-1,49782.59,49803.09,1.2642225031605563,0.7741065407956844,14,2026-04-21 14:50:00,2.0,3
42538,1,49761.09,49724.34,1.2938689217758985,1.4095890410958902,15,2026-04-21 15:20:00,-1.0,3
42552,1,49739.29,49668.09,3.043273013375295,1.8825306893296716,16,2026-04-21 16:30:00,-1.0,4
42553,1,49702.04,49676.79,2.6271829916476843,0.6142484795829714,16,2026-04-21 16:35:00,2.0,4
42594,1,49350.79,49324.79,0.8580294802172227,0.5938009787928222,20,2026-04-21 20:00:00,-1.0,1
42601,1,49371.54,49277.54,1.0618092509209989,1.6127450980392157,20,2026-04-21 20:35:00,-1.0,2
42631,-1,49335.24,49444.49,0.7741655830082358,1.1965577938587912,23,2026-04-21 23:05:00,-0.6051066418793631,0
42632,-1,49326.24,49413.49,1.5327264846120503,0.8676966790978512,23,2026-04-21 23:10:00,-0.7466963257199957,3
42686,-1,49422.66,49437.91,1.0430379746835443,1.020310633213859,4,2026-04-22 04:40:00,2.0,2
42694,-1,49430.16,49440.91,0.6731078904991948,0.7777777777777778,5,2026-04-22 05:20:00,2.0,0
42696,-1,49432.66,49440.41,0.9133333333333333,0.5514612452350699,5,2026-04-22 05:30:00,2.0,1
42710,1,49405.16,49391.66,1.3530864197530865,1.4291115311909264,6,2026-04-22 06:40:00,-1.0,3
42723,1,49395.16,49390.16,0.9915966386554622,0.527306967984934,7,2026-04-22 07:45:00,-1.0,1
42728,1,49396.66,49389.41,1.5070028011204482,0.6733001658374793,8,2026-04-22 08:10:00,2.0,3
42806,-1,49448.76,49466.76,1.2947976878612717,0.7807900852052673,14,2026-04-22 14:40:00,-1.0,3
42828,-1,49556.46,49604.46,2.933333333333333,0.8842687018882854,16,2026-04-22 16:30:00,-1.0,4
42829,-1,49552.71,49584.96,2.6565217391304348,0.5879289016212015,16,2026-04-22 16:35:00,-1.0,4
42830,-1,49468.46,49581.71,2.404109589041096,1.856122687895113,16,2026-04-22 16:40:00,-1.0,4
42840,-1,49544.71,49603.46,1.1921364985163205,0.8264670418006456,17,2026-04-22 17:30:00,2.0,2
42858,1,49524.46,49493.46,0.80350737345556,0.6613333333333333,19,2026-04-22 19:00:00,-1.0,0
42865,1,49483.46,49454.46,0.7271885132005558,0.7581699346405228,19,2026-04-22 19:35:00,-1.0,0
42900,-1,49418.46,49453.71,1.23861852433281,1.4130279169649247,22,2026-04-22 22:30:00,-1.0,3
42907,-1,49399.66,49486.41,1.3652609006433167,2.246162382097263,23,2026-04-22 23:05:00,2.0,3
43030,-1,49252.91,49259.41,1.3717791411042946,0.3440453686200378,10,2026-04-23 10:20:00,-1.0,3
43031,-1,49254.91,49268.16,1.0331288343558283,0.7303149606299213,10,2026-04-23 10:25:00,-1.0,2
43033,-1,49252.41,49275.66,1.7394451145958987,1.1411042944785277,10,2026-04-23 10:35:00,-1.0,4
43038,-1,49256.66,49278.91,1.4031413612565444,0.8957584471603163,11,2026-04-23 11:00:00,-1.0,3
43039,-1,49250.91,49258.66,1.3408876298394712,0.31,11,2026-04-23 11:05:00,-1.0,3
43043,-1,49272.16,49308.66,1.0421836228287842,1.3412073490813647,11,2026-04-23 11:25:00,2.0,2
43053,1,49240.66,49191.16,1.2758620689655173,1.7803468208092486,12,2026-04-23 12:15:00,-1.0,3
43068,1,49197.16,49143.16,1.2116104868913857,1.8586355255070683,13,2026-04-23 13:30:00,2.0,3
43083,-1,49244.41,49286.41,1.7043478260869565,1.0798898071625342,14,2026-04-23 14:45:00,-1.0,4
43104,-1,49258.61,49397.16,2.4478405315614618,3.087956698240888,16,2026-04-23 16:30:00,-1.0,4
43131,1,49451.61,49403.36,1.1656101426307448,1.2231779085559078,18,2026-04-23 18:45:00,-1.0,2
43133,1,49451.61,49436.11,0.9819204499799116,0.40110905730129387,18,2026-04-23 18:55:00,-1.0,1
43180,1,49317.36,49215.61,1.239057239057239,2.102583025830258,22,2026-04-23 22:50:00,-0.17672653125246895,3
43185,1,49243.56,49210.81,0.5194690265486726,0.7287031150667548,23,2026-04-23 23:15:00,2.0,0
43186,1,49266.06,49238.06,0.5013477088948787,0.6232609905397914,23,2026-04-23 23:20:00,-1.0,0
43214,-1,49300.74,49305.74,0.5288461538461539,0.39325842696629215,2,2026-04-24 02:40:00,-1.0,0
43234,1,49276.24,49268.24,1.0885245901639344,0.45621181262729127,4,2026-04-24 04:20:00,-1.0,2
43235,1,49284.24,49271.74,1.021551724137931,0.7128309572301426,4,2026-04-24 04:25:00,-1.0,2
43239,1,49278.24,49265.74,1.169291338582677,0.5937234944868534,4,2026-04-24 04:45:00,-1.0,2
43241,1,49275.24,49263.49,0.7401574803149606,0.6042240587695132,4,2026-04-24 04:55:00,-1.0,0
43279,-1,49215.99,49231.74,1.04093567251462,1.0376470588235294,8,2026-04-24 08:05:00,-1.0,2
43283,-1,49238.49,49243.49,0.7046783625730995,0.3495630461922597,8,2026-04-24 08:25:00,-1.0,0
43303,-1,49284.84,49292.84,1.5805555555555555,0.47108307045215564,10,2026-04-24 10:05:00,2.0,3
43305,-1,49285.34,49290.84,1.2601307189542483,0.30677290836653387,10,2026-04-24 10:15:00,2.0,3
43306,-1,49269.84,49288.84,1.1964956195244054,1.026036644165863,10,2026-04-24 10:20:00,-1.0,2
43308,-1,49269.84,49289.34,1.4078624078624078,0.9495652173913044,10,2026-04-24 10:30:00,2.0,3
43314,1,49246.84,49229.59,1.76239907727797,0.6648313833448039,11,2026-04-24 11:00:00,-1.0,4
43317,1,49239.09,49202.09,1.9056806002143623,1.2231404958677685,11,2026-04-24 11:15:00,-1.0,4
43335,-1,49186.34,49196.34,0.5836768342951361,0.359204618345093,12,2026-04-24 12:45:00,-1.0,0
43338,-1,49188.59,49197.59,1.0259623992837958,0.35170969993021634,13,2026-04-24 13:00:00,-1.0,2
43344,-1,49174.34,49201.34,1.0666666666666667,1.4091332712022369,13,2026-04-24 13:30:00,-1.0,2
43346,-1,49188.84,49202.34,0.918974358974359,0.7145557655954632,13,2026-04-24 13:40:00,-1.0,1
43380,-1,49137.04,49366.34,2.6615087040618954,4.215350272470563,16,2026-04-24 16:30:00,-0.1543850878708481,4
43431,-1,49201.04,49215.04,0.7021276595744681,0.5624103299856528,20,2026-04-24 20:45:00,-1.0,0
43433,-1,49203.79,49235.54,1.090032154340836,1.0934809348093482,20,2026-04-24 20:55:00,-1.0,2
43434,-1,49203.04,49216.04,0.9035369774919614,0.45556946182728414,21,2026-04-24 21:00:00,-1.0,1
43436,-1,49204.04,49217.79,0.7393416082029142,0.46951219512195125,21,2026-04-24 21:10:00,-1.0,0
43456,-1,49241.04,49250.79,1.3270893371757926,0.3815513626834382,22,2026-04-24 22:50:00,-1.0,3
43457,-1,49240.49,49274.54,1.2675656493967353,1.2744285523326748,22,2026-04-24 22:55:00,-1.0,3
43459,-1,49244.74,49264.74,0.638328530259366,0.7151066275060604,23,2026-04-24 23:05:00,-1.0,0
43505,-1,49164.97,49176.72,1.6005665722379603,0.618421052631579,3,2026-04-27 03:55:00,-1.0,3
43516,-1,49243.72,49253.72,0.9799809342230696,0.3391883706844337,4,2026-04-27 04:50:00,2.0,1
43518,-1,49230.47,49251.47,0.9868819374369324,0.6817391304347826,5,2026-04-27 05:00:00,2.0,1
43532,1,49216.72,49210.97,0.7647058823529411,0.4700729927007299,6,2026-04-27 06:10:00,-1.0,0
43536,1,49215.22,49206.97,1.1658615136876007,0.7712854757929883,6,2026-04-27 06:30:00,-1.0,2
43567,1,49162.32,49137.57,1.8907435508345978,1.564334085778781,9,2026-04-27 09:05:00,2.0,4
43586,-1,49185.32,49191.07,0.751863684771033,0.3519125683060109,10,2026-04-27 10:40:00,-1.0,0
43587,-1,49185.32,49195.32,0.7567567567567568,0.623608017817372,10,2026-04-27 10:45:00,2.0,0
43588,-1,49186.07,49196.32,0.9668141592920354,0.6420581655480985,10,2026-04-27 10:50:00,2.0,1
43589,-1,49177.57,49189.82,0.7815315315315315,0.7733934611048479,10,2026-04-27 10:55:00,-1.0,0
43590,-1,49172.32,49190.32,1.6245733788395904,1.0757737459978656,11,2026-04-27 11:00:00,-1.0,3
43597,-1,49185.82,49198.82,1.039647577092511,0.7887323943661971,11,2026-04-27 11:35:00,-1.0,2
43599,-1,49192.82,49199.82,0.8193832599118943,0.44394110985277463,11,2026-04-27 11:45:00,-1.0,0
43606,-1,49188.32,49200.32,0.9300518134715026,0.801909307875895,12,2026-04-27 12:20:00,-1.0,1
43623,-1,49210.57,49226.57,1.5863247863247862,1.2190476190476192,13,2026-04-27 13:45:00,-1.0,3
43626,-1,49217.32,49227.82,1.6,0.7232472324723247,14,2026-04-27 14:00:00,-1.0,3
43627,-1,49208.82,49223.82,1.011965811965812,1.0370370370370372,14,2026-04-27 14:05:00,-1.0,2
43642,-1,49217.82,49231.07,1.0359712230215827,0.9561855670103092,15,2026-04-27 15:20:00,2.0,2
43644,1,49203.32,49187.57,1.8166431593794077,0.9576547231270357,15,2026-04-27 15:30:00,-1.0,4
43646,1,49201.07,49188.07,2.033103448275862,0.7151277013752456,15,2026-04-27 15:40:00,-1.0,4
43647,1,49217.57,49187.82,1.7655172413793103,1.4875,15,2026-04-27 15:45:00,-1.0,4
43649,1,49185.32,49174.57,1.7566137566137565,0.46957878315132606,15,2026-04-27 15:55:00,-1.0,4
43652,1,49181.07,49150.57,1.7688564476885644,1.0154577883472058,16,2026-04-27 16:10:00,2.0,4
43655,1,49196.32,49162.82,1.2902603664416585,1.0157011369788849,16,2026-04-27 16:25:00,2.0,3
43659,-1,49180.02,49275.02,2.743119266055046,1.473765859604415,16,2026-04-27 16:45:00,-1.0,4
43672,1,49206.52,49187.77,0.7096546863988724,0.30434782608695654,17,2026-04-27 17:50:00,-1.0,0
43701,1,49174.02,49155.02,0.8621848739495799,0.9761467889908256,20,2026-04-27 20:15:00,2.0,1
43702,1,49179.02,49170.02,1.087071240105541,0.4524236983842011,20,2026-04-27 20:20:00,2.0,2
43705,-1,49173.77,49225.02,0.9498680738786279,2.038352272727273,20,2026-04-27 20:35:00,-1.0,1
43721,-1,49218.02,49237.02,0.8481675392670157,0.9620253164556962,21,2026-04-27 21:55:00,-1.0,1
43722,-1,49220.02,49232.02,0.9453781512605042,0.6021505376344086,22,2026-04-27 22:00:00,-1.0,1
43768,1,49272.61,49268.36,1.0745341614906831,0.5547785547785548,2,2026-04-28 02:50:00,2.0,2
43769,1,49271.36,49266.61,0.8633540372670807,0.6333333333333333,2,2026-04-28 02:55:00,2.0,1
43771,-1,49301.36,49306.36,3.54858934169279,0.48695652173913045,3,2026-04-28 03:05:00,-1.0,4
43772,-1,49299.86,49313.86,3.6770186335403725,1.268608414239482,3,2026-04-28 03:10:00,2.0,4
43773,-1,49293.86,49305.36,4.273291925465839,1.003115264797508,3,2026-04-28 03:15:00,2.0,4
43775,1,49285.36,49265.11,4.819875776397516,1.4445859872611466,3,2026-04-28 03:25:00,-1.0,4
43784,1,49269.86,49258.86,0.9206349206349206,0.6710239651416122,4,2026-04-28 04:10:00,2.0,1
43785,1,49268.86,49260.36,0.7596371882086168,0.5483870967741935,4,2026-04-28 04:15:00,2.0,0
43814,-1,49277.11,49285.36,0.7427536231884058,0.9352226720647774,6,2026-04-28 06:40:00,2.0,0
43831,1,49260.11,49257.36,1.3978021978021977,0.3162217659137577,8,2026-04-28 08:05:00,-1.0,3
43834,1,49266.36,49256.86,1.2008547008547008,1.0747474747474748,8,2026-04-28 08:20:00,-1.0,2
43835,1,49260.36,49256.36,1.0647181628392484,0.4400785854616896,8,2026-04-28 08:25:00,-1.0,2
43854,1,49219.96,49207.21,1.7394451145958987,0.7652733118971061,10,2026-04-28 10:00:00,-1.0,4
43856,1,49211.96,49196.96,1.527485380116959,0.8731808731808732,10,2026-04-28 10:10:00,2.0,3
43858,1,49214.96,49201.71,1.289871944121071,0.7368421052631579,10,2026-04-28 10:20:00,2.0,3
43859,1,49216.46,49202.96,1.350407450523865,0.7440944881889764,10,2026-04-28 10:25:00,2.0,3
43862,-1,49250.96,49258.46,1.1162790697674418,0.38391224862888484,10,2026-04-28 10:40:00,-1.0,2
43866,-1,49209.46,49266.71,1.69061876247505,2.552547770700637,11,2026-04-28 11:00:00,-1.0,4
43884,-1,49324.96,49332.46,1.0109335576114382,0.375,12,2026-04-28 12:30:00,-1.0,2
43903,-1,49386.96,49420.96,1.3581011351909185,1.3203883495145632,14,2026-04-28 14:05:00,2.0,3
43904,-1,49381.46,49399.46,1.607843137254902,0.702928870292887,14,2026-04-28 14:10:00,2.0,3
43906,1,49330.46,49306.96,2.0784313725490198,0.8344958782498415,14,2026-04-28 14:20:00,-1.0,4
43908,1,49342.96,49296.46,1.8551020408163266,1.55,14,2026-04-28 14:30:00,-1.0,4
43909,1,49328.96,49317.96,1.8183673469387756,0.3452914798206278,14,2026-04-28 14:35:00,-1.0,4
43910,1,49342.46,49307.96,1.99601593625498,1.0420711974110033,14,2026-04-28 14:40:00,-1.0,4
43913,1,49321.71,49308.21,1.2105263157894737,0.3517915309446254,14,2026-04-28 14:55:00,-1.0,3
43924,1,49331.96,49286.96,0.9819341126461212,1.1199999999999999,15,2026-04-28 15:50:00,-1.0,1
43926,-1,49346.96,49377.71,0.9394261424017003,0.7902707664066085,16,2026-04-28 16:00:00,-1.0,1
43928,-1,49339.46,49363.21,0.7970244420828906,0.6209150326797386,16,2026-04-28 16:10:00,-1.0,0
43932,-1,49343.16,49420.96,2.235548352242031,1.859496372172324,16,2026-04-28 16:30:00,2.0,4
43934,-1,49339.66,49394.66,1.9239013933547695,1.1336032388663968,16,2026-04-28 16:40:00,2.0,4
43939,1,49239.66,49206.16,1.5600425079702445,0.5737003058103975,17,2026-04-28 17:05:00,-1.0,3
44005,1,49128.66,49107.41,1.356235997012696,0.8356741573033708,22,2026-04-28 22:35:00,2.0,3
44008,-1,49179.91,49192.66,1.4368932038834952,0.49411764705882355,22,2026-04-28 22:50:00,-1.0,3
44009,-1,49169.36,49195.66,1.4026548672566372,1.0010875475803096,22,2026-04-28 22:55:00,-1.0,3
44054,-1,49290.51,49298.51,1.6898395721925135,0.9451476793248946,3,2026-04-29 03:40:00,2.0,4
44059,1,49233.01,49221.26,4.196172248803828,0.8479381443298969,4,2026-04-29 04:05:00,2.0,4
44074,-1,49276.01,49285.76,0.6048109965635738,0.7531034482758621,5,2026-04-29 05:20:00,2.0,0
44075,-1,49280.51,49288.01,0.6666666666666666,0.5874125874125874,5,2026-04-29 05:25:00,2.0,0
44093,1,49261.51,49251.26,0.6030150753768844,1.331786542923434,6,2026-04-29 06:55:00,-1.0,0
44110,1,49252.51,49249.51,1.3580246913580247,0.42424242424242425,8,2026-04-29 08:20:00,2.0,3
44117,-1,49270.51,49278.51,0.9316770186335404,1.1116625310173698,8,2026-04-29 08:55:00,-1.0,1
44119,-1,49271.61,49284.36,1.6848484848484848,1.5589519650655022,9,2026-04-29 09:05:00,2.0,4
44120,-1,49271.61,49278.11,1.680722891566265,0.771186440677966,9,2026-04-29 09:10:00,2.0,4
44163,1,49164.86,49151.61,0.8918249380677127,0.6341880341880342,12,2026-04-29 12:45:00,-1.0,1
44166,1,49166.11,49127.86,1.1801029159519725,1.7246376811594204,13,2026-04-29 13:00:00,-1.0,2
44174,-1,49202.61,49212.61,0.8584729981378026,0.44871794871794873,13,2026-04-29 13:40:00,2.0,1
44186,1,49175.61,49162.61,1.2988384371700106,0.7088607594936709,14,2026-04-29 14:40:00,-1.0,3
44230,1,48901.56,48870.06,0.6844229217110573,0.8440191387559809,18,2026-04-29 18:20:00,-1.0,0
44235,1,48877.56,48842.31,0.764373232799246,0.9605839416058395,18,2026-04-29 18:45:00,-1.0,0
44279,-1,48858.31,48897.31,0.6849757673667205,0.833906071019473,22,2026-04-29 22:25:00,-1.0,0
44282,-1,48859.56,48887.31,0.6655896607431341,0.5606060606060606,22,2026-04-29 22:40:00,-1.0,0
44287,-1,48855.51,48926.01,1.079351161771153,1.3341443633414516,23,2026-04-29 23:05:00,2.0,2
44298,1,48755.94,48663.19,0.9189789123196448,1.444302319114628,1,2026-04-30 01:00:00,0.2182814846423409,1
44333,-1,48758.69,48769.19,0.9736147757255936,0.5653846153846154,3,2026-04-30 03:55:00,-1.0,1
44341,-1,48750.44,48774.94,1.3846153846153846,1.7107231920199502,4,2026-04-30 04:35:00,-1.0,3
44384,1,48623.69,48612.69,1.0028011204481793,0.448,8,2026-04-30 08:10:00,-1.0,2
44400,1,48607.54,48525.79,1.7102803738317758,2.650839606253619,9,2026-04-30 09:30:00,2.0,4
44409,-1,48609.29,48642.04,1.1545650611071172,0.8351548269581056,10,2026-04-30 10:15:00,-1.0,2
44410,-1,48628.04,48645.54,0.9772727272727273,0.4532839962997225,10,2026-04-30 10:20:00,-1.0,1
44415,-1,48642.29,48663.29,0.7740225314777999,0.6071244192049561,10,2026-04-30 10:45:00,-1.0,0
44472,-1,49186.29,49261.04,1.1854545454545455,1.9977092679202118,15,2026-04-30 15:30:00,-1.0,2
44484,1,49204.99,49071.54,3.2931726907630523,2.6831825362630632,16,2026-04-30 16:30:00,2.0,4
44490,-1,49278.99,49333.49,2.1268357810413887,0.8061704263299725,17,2026-04-30 17:00:00,-1.0,4
44536,-1,49634.74,49652.99,0.9765721331689272,0.5959183673469388,20,2026-04-30 20:50:00,-1.0,1
44538,-1,49649.99,49666.99,1.2538795779019243,0.5721153846153846,21,2026-04-30 21:00:00,-1.0,3
44539,-1,49648.99,49660.99,0.9778051787916153,0.40653357531760437,21,2026-04-30 21:05:00,-1.0,1
44573,-1,49791.19,49819.44,0.5716612377850163,0.8141210374639842,23,2026-04-30 23:55:00,-1.0,0
44608,-1,49817.85,49826.1,0.8392857142857143,0.5060240963855422,3,2026-05-01 03:50:00,-1.0,0
44616,-1,49832.35,49837.85,0.9626016260162602,0.42777777777777776,4,2026-05-01 04:30:00,2.0,1
44618,-1,49829.35,49839.35,0.617124394184168,0.7854137447405329,4,2026-05-01 04:40:00,2.0,0
44679,1,49777.95,49763.2,1.8741721854304636,1.5854126679462572,9,2026-05-01 09:45:00,-1.0,4
44682,1,49775.45,49764.45,1.926605504587156,1.103942652329749,10,2026-05-01 10:00:00,-1.0,4
44697,1,49765.2,49758.45,1.046218487394958,0.5101214574898785,11,2026-05-01 11:15:00,2.0,2
44732,-1,49845.95,49850.95,1.0964467005076142,0.3783783783783784,14,2026-05-01 14:10:00,-1.0,2
44739,1,49845.45,49836.2,1.3441108545034641,0.6340269277845778,14,2026-05-01 14:45:00,2.0,3
44765,1,49957.9,49841.4,2.742756804214223,2.0298693217174857,16,2026-05-01 16:55:00,-1.0,4
44767,-1,49949.65,50026.65,2.8604038630377526,1.1625148279952513,17,2026-05-01 17:05:00,2.0,4
44768,-1,49968.65,49997.4,2.6626609442060087,0.42078302231979386,17,2026-05-01 17:10:00,-1.0,4
44770,-1,49980.65,50027.65,1.2398414271555995,0.6511305724605394,17,2026-05-01 17:20:00,2.0,3
44782,1,49773.65,49747.65,0.6268996960486323,0.5306122448979592,18,2026-05-01 18:20:00,-1.0,0
44786,1,49779.65,49744.65,0.6052842273819056,0.7796340493237868,18,2026-05-01 18:40:00,-1.0,0
44817,1,49618.4,49595.15,1.1973587674247983,0.7939024390243903,21,2026-05-01 21:15:00,-1.0,2
44823,1,49603.65,49575.65,1.1428571428571428,0.8634361233480176,21,2026-05-01 21:45:00,-1.0,2
44852,-1,49650.52,49663.52,0.9826224328593997,0.39788378295658405,1,2026-05-04 01:10:00,2.0,1
44854,-1,49634.02,49662.52,1.7799671592775042,0.8135883528404254,1,2026-05-04 01:20:00,2.0,4
44887,1,49542.77,49535.77,1.527027027027027,0.30577223088923555,4,2026-05-04 04:05:00,-1.0,3
44888,1,49551.77,49529.27,1.3085339168490153,0.9882352941176471,4,2026-05-04 04:10:00,-1.0,3
44892,1,49540.77,49521.27,1.329136690647482,0.986449864498645,4,2026-05-04 04:30:00,-1.0,3
44919,-1,49510.77,49518.77,1.8172231985940246,0.6945736434108527,6,2026-05-04 06:45:00,-1.0,4
44929,-1,49518.27,49523.77,0.7404255319148936,0.4858044164037855,7,2026-05-04 07:35:00,-1.0,0
44930,-1,49512.77,49520.52,0.5688487584650113,0.706012493492971,7,2026-05-04 07:40:00,-1.0,0
44939,-1,49524.27,49543.27,1.7995110024449879,1.6006739679865178,8,2026-05-04 08:25:00,-1.0,4
44959,1,49523.87,49485.12,1.6611570247933884,1.8327702702702704,10,2026-05-04 10:05:00,-1.0,3
45029,-1,49391.37,49426.87,0.8699929725931131,1.2370877411325452,15,2026-05-04 15:55:00,2.0,1
45036,1,49349.82,49298.87,2.81915654038599,1.3064102564101818,16,2026-05-04 16:30:00,-1.0,4
45037,1,49324.32,49281.57,2.74481772694782,1.008424599831508,16,2026-05-04 16:35:00,-1.0,4
45039,1,49325.32,49255.57,2.466047176554682,1.4795454545454545,16,2026-05-04 16:45:00,-1.0,4
45040,1,49344.57,49307.57,2.246175243393602,0.7751589973812196,16,2026-05-04 16:50:00,-1.0,4
45046,-1,49394.32,49452.57,0.911849710982659,0.9691027926322044,17,2026-05-04 17:20:00,-1.0,1
45049,-1,49427.57,49468.57,0.8475433526011561,0.66090961427749,17,2026-05-04 17:35:00,2.0,1
45099,1,48978.82,48949.57,0.9233576642335767,0.8863636363636364,21,2026-05-04 21:45:00,-1.0,1
45101,1,48968.07,48946.82,0.9303482587064676,0.6353443673251469,21,2026-05-04 21:55:00,-1.0,1
45103,1,49005.57,48950.82,1.5249526216045484,1.5353029544316474,22,2026-05-04 22:05:00,-1.0,3
45116,1,48951.77,48938.27,0.4209818426361802,0.4543269230769231,23,2026-05-04 23:10:00,2.0,0
45148,1,49002.95,48991.95,1.4747474747474747,1.2270916334661355,2,2026-05-05 02:50:00,2.0,3
45151,-1,49029.95,49042.95,2.191616766467066,1.0963855421686746,3,2026-05-05 03:05:00,2.0,4
45154,1,48995.95,48989.95,2.6072423398328692,0.4226415094339623,3,2026-05-05 03:20:00,-1.0,4
45159,1,49000.95,48984.2,1.3849462365591398,0.9561671763506626,3,2026-05-05 03:45:00,2.0,3
45169,-1,49000.95,49021.7,1.59500693481276,1.2783278327832783,4,2026-05-05 04:35:00,-1.0,3
45172,-1,49013.95,49019.95,0.937748344370861,0.3762597984322508,4,2026-05-05 04:50:00,-1.0,1
45175,-1,49017.7,49023.45,0.609308885754584,0.39753086419753086,5,2026-05-05 05:05:00,-1.0,0
45183,-1,49015.45,49042.45,1.1789819376026272,2.2736842105263158,5,2026-05-05 05:45:00,-1.0,2
45184,-1,49016.95,49031.45,1.0082101806239738,1.204747774480712,5,2026-05-05 05:50:00,-1.0,2
45199,-1,49045.45,49051.45,0.631578947368421,0.8076923076923077,7,2026-05-05 07:05:00,-1.0,0
45200,-1,49045.45,49048.7,0.6049382716049383,0.45499999999999996,7,2026-05-05 07:10:00,2.0,0
45203,-1,49045.45,49049.45,0.8301886792452831,0.5728900255754475,7,2026-05-05 07:25:00,-1.0,0
45209,-1,49050.95,49062.45,1.8790322580645162,1.424778761061947,7,2026-05-05 07:55:00,-1.0,4
45210,-1,49038.45,49051.95,2.6129032258064515,1.5491803278688525,8,2026-05-05 08:00:00,-1.0,4
45222,-1,49056.55,49089.95,3.473684210526316,2.5139784946232178,9,2026-05-05 09:00:00,-1.0,4
45223,-1,49061.55,49067.05,2.0424242424242425,0.4074074074074074,9,2026-05-05 09:05:00,2.0,4
45225,1,49035.55,49028.05,2.7041420118343193,0.5166051660516605,9,2026-05-05 09:15:00,-1.0,4
45228,1,49046.05,49027.55,1.71157495256167,1.113978494623656,9,2026-05-05 09:30:00,2.0,4
45242,-1,49124.05,49170.55,1.4365256124721604,1.9389426656738644,10,2026-05-05 10:40:00,-0.4667063525810295,3
45243,-1,49111.55,49131.3,1.4298440979955456,0.8138337012509198,10,2026-05-05 10:45:00,-1.0,3
45258,1,49095.05,49088.55,1.2492610837438423,0.3476599808978032,12,2026-05-05 12:00:00,-1.0,3
45259,1,49109.55,49083.05,0.9054054054054054,1.3454215775158658,12,2026-05-05 12:05:00,-1.0,1
45277,-1,49135.55,49164.05,1.2243767313019391,1.5880597014925373,13,2026-05-05 13:35:00,2.0,3
45279,1,49116.55,49109.55,1.0831024930747923,0.3912175648702595,13,2026-05-05 13:45:00,-1.0,2
45280,1,49113.55,49107.05,0.6842105263157895,0.37681159420289856,13,2026-05-05 13:50:00,-1.0,0
45281,1,49126.55,49112.05,0.814404432132964,0.8475991649269311,13,2026-05-05 13:55:00,-1.0,0
45288,1,49131.55,49106.55,1.3417721518987342,0.9688581314878894,14,2026-05-05 14:30:00,2.0,3
45312,-1,49203.25,49253.05,4.2367601246105915,1.704437110377792,16,2026-05-05 16:30:00,2.0,4
45317,1,49204.5,49143.0,2.425531914893617,1.194506104328519,16,2026-05-05 16:55:00,1.0050902804456143,4
45320,-1,49203.75,49286.75,2.9187214611872148,1.2564878892733524,17,2026-05-05 17:10:00,-1.0,4
45324,-1,49242.5,49280.25,0.9012605042016807,0.47556915324394733,17,2026-05-05 17:30:00,-1.0,1
45332,-1,49287.25,49312.25,0.5721288515406162,0.4505954296749276,18,2026-05-05 18:10:00,2.0,0
45333,-1,49274.25,49295.25,0.5956651718983558,0.4139387539598733,18,2026-05-05 18:15:00,2.0,0
45372,-1,49304.25,49331.75,0.8969072164948454,1.2222222222222223,21,2026-05-05 21:30:00,-1.0,1
45388,-1,49331.0,49365.25,2.0240963855421685,1.5222222222222221,22,2026-05-05 22:50:00,-1.0,4
45389,-1,49328.7,49335.7,1.9715224534501643,0.3039230888509874,22,2026-05-05 22:55:00,-1.0,4
45399,1,49301.45,49284.95,0.6488156539649845,0.6071757129714858,23,2026-05-05 23:45:00,-1.0,0
45400,1,49301.45,49292.2,0.44490216271884653,0.35171102661597237,23,2026-05-05 23:50:00,-1.0,0
45401,1,49306.2,49296.7,0.3263598326359833,0.368983215425166,23,2026-05-05 23:55:00,-1.0,0
45411,-1,49305.62,49311.62,0.6535008976660682,0.359235341915075,1,2026-05-06 01:45:00,-1.0,0
45450,-1,49462.12,49477.12,0.8432563791008505,1.0157194679564692,5,2026-05-06 05:00:00,2.0,0
45498,1,49438.97,49423.62,2.2206405693950177,1.167934782608585,9,2026-05-06 09:00:00,-1.0,4
45506,1,49409.22,49381.22,1.8377483443708609,1.631633714880333,9,2026-05-06 09:40:00,2.0,4
45519,-1,49437.72,49453.72,1.6961394769613947,0.8853754940711461,10,2026-05-06 10:45:00,-1.0,4
45522,-1,49435.22,49471.72,1.8372591006423984,1.7425404944586529,11,2026-05-06 11:00:00,-1.0,4
45525,-1,49445.22,49460.72,0.9726390114739629,0.7108927108927109,11,2026-05-06 11:15:00,-1.0,1
45531,-1,49466.72,49475.97,0.7208413001912046,0.43419949706621963,11,2026-05-06 11:45:00,-1.0,0
45588,-1,49790.42,49828.72,2.3533408833522085,1.0356349589571043,16,2026-05-06 16:30:00,-1.0,4
45591,-1,49791.92,49840.92,2.0437333333333334,0.9658570925730378,16,2026-05-06 16:45:00,-1.0,4
45599,-1,49885.92,49917.92,1.016970861351265,0.42524916943521596,17,2026-05-06 17:25:00,-1.0,2
45600,-1,49891.17,49931.17,0.9730415477323184,0.523120037365717,17,2026-05-06 17:30:00,-1.0,1
45601,-1,49890.42,49915.92,0.915953060577228,0.330249768732655,17,2026-05-06 17:35:00,-1.0,1
45629,1,49835.67,49817.92,1.3660995589161942,0.5991561181434599,19,2026-05-06 19:55:00,-1.0,3
45630,1,49847.92,49807.92,1.2022684310018903,1.3333333333333333,20,2026-05-06 20:00:00,2.0,2
45634,1,49843.92,49813.42,0.7433862433862434,0.9704545454545455,20,2026-05-06 20:20:00,2.0,0
45664,-1,50025.42,50054.92,1.7116981132075473,0.9249720044792833,22,2026-05-06 22:50:00,2.0,4
45676,1,49944.62,49915.12,0.44253322908522286,0.897728507770903,23,2026-05-06 23:50:00,2.0,0
45693,1,49925.03,49914.28,0.9257425742574258,0.9901315789473684,2,2026-05-07 02:15:00,-1.0,1
45700,1,49922.28,49914.78,1.6521739130434783,0.7984790874524715,2,2026-05-07 02:50:00,2.0,3
45714,-1,49978.53,49989.78,1.4186369958275382,0.7249712313003452,4,2026-05-07 04:00:00,-1.0,3
45743,-1,50021.78,50028.78,0.6563039723661486,0.5975609756097562,6,2026-05-07 06:25:00,-1.0,0
45747,-1,50021.53,50027.78,0.5158730158730159,0.6352087114337569,6,2026-05-07 06:45:00,-1.0,0
45749,-1,50020.28,50026.78,0.5670995670995671,0.6582278481012658,6,2026-05-07 06:55:00,-1.0,0
45756,-1,50028.78,50036.28,0.7925696594427245,0.9312638580931264,7,2026-05-07 07:30:00,-1.0,0
45758,-1,50030.28,50034.28,0.8488745980707395,0.5848563968668408,7,2026-05-07 07:40:00,-1.0,1
45765,-1,50029.78,50040.53,1.0785714285714285,1.3407572383073498,8,2026-05-07 08:15:00,2.0,2
45774,1,50019.38,50016.28,1.606153846153846,0.3693617021274862,9,2026-05-07 09:00:00,-1.0,3
45777,1,50024.38,50003.88,1.5056818181818181,2.0910746812386156,9,2026-05-07 09:15:00,2.0,3
45786,-1,50045.88,50073.88,2.969111969111969,1.2346456692913386,10,2026-05-07 10:00:00,-1.0,4
45809,1,49999.88,49990.88,0.7645650438946529,0.35694050991501414,11,2026-05-07 11:55:00,-1.0,0
45810,1,49992.38,49978.38,0.8982229402261712,0.5681159420289855,12,2026-05-07 12:00:00,-1.0,1
45813,1,50001.38,49986.63,0.9288135593220339,0.6704545454545454,12,2026-05-07 12:15:00,-1.0,1
45816,1,50000.88,49982.38,0.717391304347826,0.9274843330349148,12,2026-05-07 12:30:00,-1.0,0
45829,1,49959.38,49943.63,0.8577586206896551,0.7368421052631579,13,2026-05-07 13:35:00,2.0,1
45849,-1,50058.38,50072.38,1.1572769953051643,0.5903614457831325,15,2026-05-07 15:15:00,-1.0,2
45864,-1,50040.08,50163.88,4.7196467991169975,3.286933434477438,16,2026-05-07 16:30:00,2.0,4
45865,1,50008.08,49970.08,4.35016111707841,0.936949630151469,16,2026-05-07 16:35:00,-1.0,4
45866,1,50053.08,49968.08,3.9810326659641726,1.8849992079835391,16,2026-05-07 16:40:00,-1.0,4
45895,1,49817.58,49795.58,1.1142454160789845,0.5460992907801419,19,2026-05-07 19:05:00,-1.0,2
45926,1,49556.08,49527.08,1.1545801526717556,0.6102968808718526,21,2026-05-07 21:40:00,-1.0,2
45927,1,49550.83,49509.58,1.5111524163568772,0.8498896247240618,21,2026-05-07 21:45:00,2.0,3
45940,-1,49618.08,49657.83,1.3041362530413625,0.8763779527559056,22,2026-05-07 22:50:00,-1.0,3
45957,1,49569.31,49545.31,1.0985401459854014,0.6719999999999999,1,2026-05-08 01:15:00,-1.0,2
45991,-1,49680.81,49694.81,1.0060459492140266,0.629718875502008,4,2026-05-08 04:05:00,2.0,2
46010,1,49667.56,49645.31,1.006060606060606,1.2275862068965517,5,2026-05-08 05:40:00,2.0,2
46013,-1,49679.81,49699.31,0.7781818181818182,0.9784946236559141,5,2026-05-08 05:55:00,-1.0,0
46035,1,49666.31,49651.31,0.7299509001636661,1.1847672778561353,7,2026-05-08 07:45:00,2.0,0
46036,1,49687.81,49664.31,1.060556464811784,1.702457956015524,7,2026-05-08 07:50:00,-1.0,2
46044,-1,49685.81,49691.81,1.8095238095238095,0.47124824684431976,8,2026-05-08 08:30:00,-1.0,4
46065,1,49675.91,49653.91,1.7616707616707616,1.0970614425645593,10,2026-05-08 10:15:00,2.0,4
46080,-1,49705.41,49713.91,0.8692052980132451,0.3953488372093023,11,2026-05-08 11:30:00,-1.0,1
46124,-1,49776.91,49797.66,1.350974930362117,1.2575757575757576,15,2026-05-08 15:10:00,-1.0,3
46126,-1,49775.41,49792.41,1.2380952380952381,0.9529529529529529,15,2026-05-08 15:20:00,-1.0,3
46127,-1,49770.31,49793.66,1.346938775510204,1.2865013774107597,15,2026-05-08 15:25:00,-1.0,3
46133,-1,49774.66,49811.91,2.07673860911271,1.150071672731253,15,2026-05-08 15:55:00,-1.0,4
46135,1,49741.41,49720.66,1.8195991091314032,0.5713442816402662,16,2026-05-08 16:05:00,2.0,4
46136,1,49744.41,49721.16,1.7187827911857292,0.6224304426809308,16,2026-05-08 16:10:00,2.0,4
46148,1,49707.36,49648.61,1.3644679826673085,0.9429095494669234,17,2026-05-08 17:10:00,-1.0,3
46164,1,49651.36,49589.61,1.0236416424720034,1.389871382636656,18,2026-05-08 18:30:00,-1.0,2
46165,1,49668.61,49642.86,0.9821205821205822,0.581217251108424,18,2026-05-08 18:35:00,-1.0,1
46167,1,49650.61,49622.61,0.8178277801817395,0.6752799310938845,18,2026-05-08 18:45:00,-1.0,0
46182,1,49601.61,49576.61,1.0333919156414764,0.7918552036199095,20,2026-05-08 20:00:00,2.0,2
46185,1,49611.61,49581.36,0.9623971797884842,0.9713302752293578,20,2026-05-08 20:15:00,-1.0,1
46194,-1,49638.61,49681.86,1.43625,1.4777303233679073,21,2026-05-08 21:00:00,2.0,3
46198,-1,49639.61,49660.61,0.7076923076923077,0.7424242424242424,21,2026-05-08 21:20:00,2.0,0
46264,1,49448.74,49412.49,2.855524079320113,1.7980513728963685,3,2026-05-11 03:50:00,2.0,4
46265,1,49461.74,49431.24,2.7869742198100407,1.4389216512215668,3,2026-05-11 03:55:00,2.0,4
46281,-1,49502.24,49506.99,0.7156153050672182,0.33756345177664976,5,2026-05-11 05:15:00,-1.0,0
46284,-1,49506.24,49519.24,0.8417786970010341,0.9655172413793104,5,2026-05-11 05:30:00,-1.0,0
46286,-1,49503.24,49510.49,0.5492341356673961,0.5734463276836158,5,2026-05-11 05:40:00,2.0,0
46322,-1,49529.24,49538.74,1.645631067961165,1.021113243761996,8,2026-05-11 08:40:00,-1.0,3
46323,-1,49531.24,49539.49,1.7378640776699028,0.8339350180505416,8,2026-05-11 08:45:00,-1.0,4
46339,-1,49559.34,49576.34,1.6325301204819278,1.1031286210892235,10,2026-05-11 10:05:00,-1.0,3
46342,-1,49559.84,49580.09,1.2361516034985423,1.1824817518248176,10,2026-05-11 10:20:00,-1.0,3
46351,-1,49569.84,49593.84,1.5018773466833542,1.3548387096774193,11,2026-05-11 11:05:00,-1.0,3
46371,-1,49624.84,49643.59,0.9433962264150944,1.2485136741973841,12,2026-05-11 12:45:00,2.0,1
46383,1,49611.59,49596.59,1.3160305343511451,0.9081081081081082,13,2026-05-11 13:45:00,-1.0,3
46398,1,49559.09,49551.84,1.4926174496644296,0.3586572438162544,15,2026-05-11 15:00:00,2.0,3
46399,1,49575.34,49553.84,1.5157894736842106,0.9966887417218543,15,2026-05-11 15:05:00,2.0,3
46402,-1,49593.59,49608.84,1.419277108433735,0.6609907120743034,15,2026-05-11 15:20:00,-1.0,3
46406,-1,49591.84,49608.09,0.9530054644808743,0.6780923994038748,15,2026-05-11 15:40:00,2.0,1
46416,-1,49570.79,49682.34,4.045889101338432,3.24677754677742,16,2026-05-11 16:30:00,-1.0,4
46417,-1,49530.04,49654.54,4.015296367112811,2.945500633713561,16,2026-05-11 16:35:00,-1.0,4
46418,1,49568.29,49498.79,3.700554528650647,1.5487465181058495,16,2026-05-11 16:40:00,2.0,4
46424,-1,49617.04,49646.79,2.290960451977401,0.4453354717989842,17,2026-05-11 17:10:00,-1.0,4
46447,1,49619.29,49609.04,0.7291028446389497,0.3134898962315675,19,2026-05-11 19:05:00,2.0,0
46448,1,49623.04,49612.04,0.7263017356475301,0.3395810363836824,19,2026-05-11 19:10:00,2.0,0
46454,1,49640.04,49599.29,1.3887147335423198,1.0908221797323137,19,2026-05-11 19:40:00,2.0,3
46457,1,49619.04,49602.79,0.8422800221361373,0.4702842377260982,19,2026-05-11 19:55:00,2.0,0
46458,1,49620.04,49608.54,0.965836711059641,0.3427354976051091,20,2026-05-11 20:00:00,2.0,1
46505,-1,49744.24,49757.24,0.23772609819121446,0.7209348385819058,23,2026-05-11 23:55:00,-1.0,0
46578,1,49714.26,49705.26,0.8486956521739131,0.9213893967093236,7,2026-05-12 07:00:00,-1.0,1
46591,1,49704.26,49700.26,1.4545454545454546,0.4021543985637343,8,2026-05-12 08:05:00,-1.0,3
46594,1,49713.76,49692.76,1.7963340122199594,1.8148148148148149,8,2026-05-12 08:20:00,-1.0,4
46601,-1,49716.26,49731.76,1.3966309341500767,1.0163934426229508,8,2026-05-12 08:55:00,2.0,3
46606,1,49690.36,49684.36,1.2270916334661355,0.3916083916083916,9,2026-05-12 09:20:00,-1.0,3
46628,-1,49727.36,49741.36,1.2585616438356164,0.5693536673928831,11,2026-05-12 11:10:00,2.0,3
46629,-1,49722.86,49742.86,1.325115562403698,0.7804878048780488,11,2026-05-12 11:15:00,2.0,3
46634,1,49696.86,49684.36,0.7776119402985074,0.5747126436781609,11,2026-05-12 11:40:00,-1.0,0
46649,1,49666.61,49646.86,0.6215962441314554,0.8770816812053925,12,2026-05-12 12:55:00,2.0,0
46664,-1,49681.86,49731.11,2.322108345534407,2.1802371541501975,14,2026-05-12 14:10:00,-1.0,4
46671,-1,49725.86,49733.86,1.1416184971098267,0.3272461650840029,14,2026-05-12 14:45:00,2.0,2
46680,1,49712.86,49656.11,2.5316973415132926,2.273247496423462,15,2026-05-12 15:30:00,-1.0,4
46686,-1,49731.11,49766.86,1.4291377601585729,1.274347549331636,16,2026-05-12 16:00:00,2.0,3
46689,-1,49698.36,49738.86,1.3789954337899544,1.3412182140745121,16,2026-05-12 16:15:00,2.0,3
46691,1,49672.61,49651.86,1.2903780068728523,0.6550169109357384,16,2026-05-12 16:25:00,-1.0,3
46723,-1,49525.06,49581.56,0.816550714024167,1.2615629984051038,19,2026-05-12 19:05:00,-1.0,0
46731,-1,49589.56,49603.81,1.056753189617246,0.34695652173913044,19,2026-05-12 19:45:00,-1.0,2
46758,-1,49806.56,49817.56,0.8897593732512591,0.35504322766570606,22,2026-05-12 22:00:00,-1.0,1
46759,-1,49810.56,49823.56,0.9295454545454546,0.4171919770773639,22,2026-05-12 22:05:00,-1.0,1
46761,-1,49810.56,49838.56,1.0499419279907085,0.9063583815028902,22,2026-05-12 22:15:00,-1.0,2
46806,1,49775.4,49757.9,4.562130177514793,1.4589412255106269,3,2026-05-13 03:00:00,2.0,4
46807,1,49773.4,49766.4,3.544378698224852,0.5523304965338435,3,2026-05-13 03:05:00,-1.0,4
46809,1,49789.4,49759.9,4.684636118598383,2.065723003051065,3,2026-05-13 03:15:00,0.34774532514730194,4
46829,-1,49795.4,49815.4,0.783427495291902,1.3895781637717122,4,2026-05-13 04:55:00,-1.0,0
46843,1,49772.4,49766.4,0.7133333333333334,0.6387832699619772,6,2026-05-13 06:05:00,-1.0,0
46845,1,49771.9,49761.9,0.6063829787234043,1.1267605633802817,6,2026-05-13 06:15:00,2.0,0
46846,1,49775.65,49770.4,0.6334661354581673,0.5891783567134268,6,2026-05-13 06:20:00,2.0,0
46869,-1,49812.4,49825.15,1.4700854700854702,1.3222222222222222,8,2026-05-13 08:15:00,-1.0,3
46887,1,49786.0,49776.0,1.0879345603271984,0.9688581314878894,9,2026-05-13 09:45:00,-1.0,2
46889,1,49790.0,49776.0,0.9979550102249489,1.260450160771704,9,2026-05-13 09:55:00,-1.0,1
46892,1,49783.0,49770.5,2.2992125984251968,0.9735744089012518,10,2026-05-13 10:10:00,2.0,4
46895,1,49787.0,49771.5,1.075885328836425,1.2277227722772277,10,2026-05-13 10:25:00,2.0,2
46900,-1,49803.5,49824.25,1.2326283987915407,1.363849765258216,10,2026-05-13 10:50:00,2.0,3
46902,-1,49784.0,49819.0,1.5724962630792227,2.14207650273224,11,2026-05-13 11:00:00,2.0,3
46905,1,49776.0,49770.0,1.1456859971711457,0.3609022556390977,11,2026-05-13 11:15:00,-1.0,2
46934,1,49674.5,49653.5,0.910935738444194,1.025283347863993,13,2026-05-13 13:40:00,-1.0,1
46937,1,49668.0,49658.25,0.929510155316607,0.5083798882681565,13,2026-05-13 13:55:00,2.0,1
46944,-1,49687.0,49697.0,1.0348837209302326,0.5104831358249772,14,2026-05-13 14:30:00,2.0,2
46946,-1,49673.5,49695.0,0.7835990888382688,1.0589270008795075,14,2026-05-13 14:40:00,2.0,0
46965,1,49666.0,49645.0,0.8,0.6182835271603094,16,2026-05-13 16:15:00,-1.0,0
46970,1,49548.2,49477.95,2.6269896193771625,1.67003447046237,16,2026-05-13 16:40:00,2.0,4
46971,1,49604.2,49532.45,2.6231983527796845,1.5297109615325963,16,2026-05-13 16:45:00,-1.0,4
46973,1,49575.7,49523.2,2.263764404609475,0.9083493993771279,16,2026-05-13 16:55:00,2.0,4
46980,-1,49658.2,49711.2,0.8953634085213033,0.7306385702328766,17,2026-05-13 17:30:00,2.0,1
47012,-1,49654.2,49684.2,0.685027541311968,0.8183146614710181,20,2026-05-13 20:10:00,-1.0,0
47019,-1,49681.2,49694.2,0.8693181818181818,0.43961352657004826,20,2026-05-13 20:45:00,-1.0,1
47029,-1,49681.2,49709.7,0.9394128669581512,1.068988613529806,21,2026-05-13 21:35:00,-1.0,1
47032,-1,49749.2,49760.2,1.0603941513032422,0.38499999999999995,21,2026-05-13 21:50:00,-1.0,2
47035,-1,49742.2,49775.2,0.85375,1.0081833060556467,22,2026-05-13 22:05:00,-1.0,1
47044,-1,49743.2,49783.2,1.4736164736164736,1.2741751990898749,22,2026-05-13 22:50:00,-1.0,3
47082,1,49838.55,49835.05,3.493150684931507,0.3850687622789784,3,2026-05-14 03:00:00,-1.0,4
47084,1,49842.05,49827.05,2.4465408805031448,1.5356489945155394,3,2026-05-14 03:10:00,2.0,4
47087,-1,49860.55,49865.3,2.376657824933687,0.4683098591549296,3,2026-05-14 03:25:00,-1.0,4
47088,-1,49851.05,49877.05,2.859416445623342,2.236559139784946,3,2026-05-14 03:30:00,-0.31135135135135134,4
47101,1,49830.55,49825.3,0.8467741935483871,0.4310850439882698,4,2026-05-14 04:35:00,-1.0,0
47102,1,49838.05,49826.05,0.7983870967741935,1.0786516853932584,4,2026-05-14 04:40:00,-1.0,0
47104,1,49830.55,49821.55,0.9004092769440655,0.75,4,2026-05-14 04:50:00,2.0,1
47106,1,49837.8,49824.05,0.9337349397590361,1.1,5,2026-05-14 05:00:00,2.0,1
47139,-1,49866.55,49872.55,0.7044534412955465,0.7433628318584071,7,2026-05-14 07:45:00,2.0,0
47145,1,49846.05,49842.55,1.7791164658634537,0.40081799591002043,8,2026-05-14 08:15:00,2.0,4
47166,-1,49902.65,49914.65,1.8084815321477428,0.8053691275167841,10,2026-05-14 10:00:00,-1.0,4
47173,-1,49918.15,49930.65,0.8958333333333334,0.7777777777777777,10,2026-05-14 10:35:00,2.0,1
47178,1,49892.9,49846.15,1.7765814266487214,2.076130055511499,11,2026-05-14 11:00:00,2.0,4
47181,-1,49925.65,49937.65,1.3425925925925926,0.5121951219512195,11,2026-05-14 11:15:00,-1.0,3
47192,-1,49956.15,49989.15,1.2155074116305586,1.4448788115715403,12,2026-05-14 12:10:00,-1.0,3
47203,-1,49983.65,49999.65,0.9411764705882353,0.7757575757575758,13,2026-05-14 13:05:00,-1.0,1
47225,-1,50108.15,50141.4,1.2174863387978143,1.200515796260477,14,2026-05-14 14:55:00,-1.0,3
47228,-1,50126.15,50159.15,0.8633879781420765,1.2102161100196465,15,2026-05-14 15:10:00,-1.0,1
47238,-1,50165.9,50189.15,1.1477885652642934,0.768141592920354,16,2026-05-14 16:00:00,-1.0,2
47243,-1,50171.15,50213.15,1.401005025125628,1.3611111111111112,16,2026-05-14 16:25:00,2.0,3
47244,-1,50024.1,50196.4,4.063429137760159,4.295610364170649,16,2026-05-14 16:30:00,-1.0,4
47255,1,49984.85,49902.85,1.1432604093154553,1.0733486045533138,17,2026-05-14 17:25:00,2.0,2
47272,-1,50145.85,50190.85,0.7870916961826053,0.903225806451613,18,2026-05-14 18:50:00,-1.0,0
47279,-1,50121.85,50169.1,1.088047220855878,0.9851079672375279,19,2026-05-14 19:25:00,0.9208138658627587,2
47283,1,50115.85,50067.6,1.1724835609509359,0.9431064572425829,19,2026-05-14 19:45:00,-1.0,2
47286,1,50091.85,50045.85,1.0272682201289043,0.8919667590027701,20,2026-05-14 20:00:00,-1.0,2
47293,1,50094.85,50064.85,0.7787851314596554,0.6224527602815858,20,2026-05-14 20:35:00,-1.0,0
47294,1,50096.85,50077.85,0.7959743824336688,0.41368584758942456,20,2026-05-14 20:40:00,-1.0,0
47303,-1,50092.85,50140.85,0.8834355828220859,1.1692040017398868,21,2026-05-14 21:25:00,0.2742717033176737,1
47306,-1,50112.85,50125.85,0.7074829931972789,0.34633682207421507,21,2026-05-14 21:40:00,-1.0,0
47339,1,50072.37,50060.37,0.6376237623762376,0.8477141992128355,1,2026-05-15 01:25:00,-1.0,0
47351,1,50076.87,50066.87,1.1133333333333333,1.1045364891518736,2,2026-05-15 02:25:00,-1.0,2
47366,1,50008.37,49997.62,3.176938369781312,0.6733780760626399,3,2026-05-15 03:40:00,-1.0,4
47399,-1,49988.37,49996.87,0.7085714285714285,0.43100325968850955,6,2026-05-15 06:25:00,2.0,0
47416,1,49956.37,49947.87,1.2486187845303867,0.5862068965517241,7,2026-05-15 07:50:00,-1.0,3
47418,1,49960.87,49950.12,1.7049180327868851,0.7359413202933985,8,2026-05-15 08:00:00,-1.0,4
47423,1,49950.87,49938.37,1.27129750982962,0.8101851851851851,8,2026-05-15 08:25:00,-1.0,3
47481,-1,49800.22,49820.97,1.017391304347826,0.6398678414096916,13,2026-05-15 13:15:00,-1.0,2
47483,-1,49784.72,49836.22,0.8959501557632399,1.4284299157999008,13,2026-05-15 13:25:00,-1.0,1
47485,-1,49784.97,49818.97,0.8523364485981308,0.9193626267503622,13,2026-05-15 13:35:00,-1.0,1
47491,-1,49803.97,49841.47,1.0869565217391304,0.7751937984496124,14,2026-05-15 14:05:00,-1.0,2
47499,1,49773.97,49753.72,0.8689558514365803,0.5085201793721973,14,2026-05-15 14:45:00,-1.0,1
47524,1,49641.67,49567.17,1.8335146898803047,1.3851261620185789,16,2026-05-15 16:50:00,-1.0,4
47549,1,49585.67,49522.17,0.9619223659889095,1.310436320754714,18,2026-05-15 18:55:00,-0.49329302852819795,1
47551,1,49565.67,49529.67,0.7797619047619048,0.7520704319928357,19,2026-05-15 19:05:00,2.0,0
47552,1,49581.67,49536.42,0.8637724550898204,0.9585413829626246,19,2026-05-15 19:10:00,2.0,1
47559,-1,49662.42,49678.67,0.8140618382041508,0.3735632183908046,19,2026-05-15 19:45:00,-1.0,0
47564,-1,49664.17,49680.92,0.789279112754159,0.45074483421432004,20,2026-05-15 20:10:00,-1.0,0
47567,-1,49674.67,49724.67,1.0909961685823755,1.346153846153846,20,2026-05-15 20:25:00,2.0,2
47568,-1,49668.67,49690.67,0.9568965517241379,0.6285714285714286,20,2026-05-15 20:30:00,2.0,1
47643,1,49286.32,49250.07,1.2169260700389104,0.7551858575637665,3,2026-05-18 03:45:00,-1.0,3
47676,1,49125.57,49108.57,1.1437598736176935,0.8115942028985507,6,2026-05-18 06:30:00,-1.0,2
47687,1,49109.82,49099.57,1.1359060402684564,0.49312714776632305,7,2026-05-18 07:25:00,2.0,2
47689,1,49119.82,49106.07,1.092281879194631,0.6459731543624161,7,2026-05-18 07:35:00,2.0,2
47697,-1,49148.57,49173.82,1.33387358184765,1.1195566112430722,8,2026-05-18 08:15:00,-1.0,3
47709,-1,49192.67,49231.67,1.037956204379562,1.3632958801498127,9,2026-05-18 09:15:00,-1.0,2
47720,-1,49212.42,49257.17,1.0725034199726402,1.4784660766961653,10,2026-05-18 10:10:00,-1.0,2
47725,-1,49218.17,49261.42,1.152768512341561,1.2787750791974657,10,2026-05-18 10:35:00,-1.0,2
47727,-1,49224.17,49243.42,1.0052910052910053,0.5294695481335954,10,2026-05-18 10:45:00,-1.0,2
47740,-1,49284.67,49296.67,0.8074616922051966,0.4313222079589217,11,2026-05-18 11:50:00,2.0,0
47742,-1,49264.17,49303.17,0.859504132231405,1.5062068965517241,12,2026-05-18 12:00:00,2.0,1
47768,1,49229.92,49142.92,2.001926782273603,2.7294117647058824,14,2026-05-18 14:10:00,2.0,4
47804,-1,49613.37,49716.87,1.4253790901835595,1.3453414419014955,17,2026-05-18 17:10:00,-1.0,3
47818,1,49497.87,49465.87,0.9194533294562373,0.4279914019584428,18,2026-05-18 18:20:00,-1.0,1
47820,1,49504.12,49436.87,0.9485272240404642,0.9342594889605557,18,2026-05-18 18:30:00,-1.0,1
47844,-1,49608.87,49646.37,0.9683641975308642,0.7155025553662692,20,2026-05-18 20:30:00,2.0,1
47862,1,49571.37,49390.62,1.5595959595959596,3.050632911392405,22,2026-05-18 22:00:00,0.5721955896452243,3
47913,1,49721.27,49688.02,3.6160877513711154,1.720887245841035,3,2026-05-19 03:15:00,-1.0,4
47922,1,49681.77,49666.27,1.1301900070372977,0.5232067510548524,4,2026-05-19 04:00:00,-1.0,2
47923,1,49693.27,49675.77,0.9453072248480756,0.5764705882352941,4,2026-05-19 04:05:00,-1.0,1
47929,1,49690.52,49661.52,1.1468624833110814,1.1077762619372442,4,2026-05-19 04:35:00,-1.0,2
47936,1,49659.77,49635.27,0.9743589743589743,0.9884726224783862,5,2026-05-19 05:10:00,2.0,1
47955,-1,49685.77,49704.02,0.9175557710960233,1.0365111561866125,6,2026-05-19 06:45:00,2.0,1
47975,1,49608.52,49564.27,1.5731822474032107,1.5634069400630917,8,2026-05-19 08:25:00,2.0,3
48002,-1,49730.62,49747.87,0.8577777777777778,0.5699115044247788,10,2026-05-19 10:40:00,-1.0,1
48007,-1,49718.87,49754.37,1.0985915492957747,1.0965250965250966,11,2026-05-19 11:05:00,2.0,2
48011,1,49660.87,49633.87,1.3120622568093385,0.8857644991212653,11,2026-05-19 11:25:00,-1.0,3
48021,1,49646.87,49629.62,1.0830618892508144,0.6648313833448039,12,2026-05-19 12:15:00,-1.0,2
48023,1,49635.87,49623.87,1.1644951140065147,0.4824120603015075,12,2026-05-19 12:25:00,-1.0,2
48029,1,49635.87,49606.37,1.0375586854460095,0.946704871060172,12,2026-05-19 12:55:00,-1.0,2
48030,1,49652.87,49570.37,1.273865414710485,2.182333490788852,13,2026-05-19 13:00:00,-1.0,3
48058,1,49609.87,49569.87,1.0170040485829959,1.3091759205143192,15,2026-05-19 15:20:00,-1.0,2
48067,1,49551.62,49527.12,2.0050847457627117,0.7224855186940495,16,2026-05-19 16:05:00,-1.0,4
48076,1,49554.57,49421.57,2.658333333333333,1.482189054726368,16,2026-05-19 16:50:00,0.4085360599707122,4
48095,1,49450.57,49424.57,0.8483938757129991,0.44952145723988884,18,2026-05-19 18:25:00,2.0,1
48097,1,49494.82,49428.57,0.84875,1.1362940275650841,18,2026-05-19 18:35:00,-1.0,1
48104,1,49447.07,49403.07,0.9891696750902527,0.8,19,2026-05-19 19:10:00,2.0,1
48107,-1,49542.32,49568.57,0.9756280464941882,0.47649918962722854,19,2026-05-19 19:25:00,-1.0,1
48108,-1,49524.07,49557.57,1.0612866387514275,0.6498094908209213,19,2026-05-19 19:30:00,-1.0,2
48129,-1,49618.57,49631.57,0.8245700245700246,0.4022099447513812,21,2026-05-19 21:15:00,2.0,0
48130,-1,49571.57,49623.57,1.1920398009950248,1.5214211076280042,21,2026-05-19 21:20:00,2.0,2
48170,-1,49386.44,49404.44,1.40036563071298,1.070063694267516,1,2026-05-20 01:40:00,-1.0,3
48192,1,49374.19,49350.94,3.1478770131771596,0.7225305216426192,3,2026-05-20 03:30:00,-1.0,4
48205,1,49299.19,49261.94,1.1494135645079042,0.9966555183946488,4,2026-05-20 04:35:00,2.0,2
48206,1,49299.94,49271.94,0.9527679024885729,0.7663734115347018,4,2026-05-20 04:40:00,2.0,1
48222,1,49266.94,49252.94,0.9613583138173302,0.45187319884726224,6,2026-05-20 06:00:00,-1.0,1
48223,1,49265.94,49251.44,0.7084309133489461,0.47402218330414475,6,2026-05-20 06:05:00,-1.0,0
48225,1,49278.94,49242.69,0.7194513715710723,1.1321807027328499,6,2026-05-20 06:15:00,2.0,0
48246,-1,49337.94,49359.94,1.4120689655172414,0.9632525410476934,8,2026-05-20 08:00:00,-1.0,3
48254,-1,49347.44,49389.19,0.9889923793395428,1.6430077301475756,8,2026-05-20 08:40:00,-1.0,1
48273,1,49413.54,49401.54,0.8084074373484236,0.5499181669394435,10,2026-05-20 10:15:00,-1.0,0
48277,1,49410.79,49390.54,0.9771380186282811,0.9585798816568047,10,2026-05-20 10:35:00,-1.0,1
48287,1,49419.54,49384.54,1.1103265666372462,1.3234301147873058,11,2026-05-20 11:25:00,2.0,2
48295,-1,49439.04,49451.04,0.8084730803177406,0.450402144772118,12,2026-05-20 12:05:00,-1.0,0
48296,-1,49416.79,49449.54,0.8561341571050309,1.2186046511627906,12,2026-05-20 12:10:00,-1.0,1
48306,-1,49463.54,49489.54,1.1668311944718657,1.2276559865092749,13,2026-05-20 13:00:00,-1.0,2
48307,-1,49465.54,49487.54,1.054294175715696,1.046728971962617,13,2026-05-20 13:05:00,-1.0,2
48309,-1,49482.54,49489.29,0.8306772908366534,0.32225063938618925,13,2026-05-20 13:15:00,-1.0,0
48317,-1,49475.54,49489.79,1.0253456221198156,0.5712240515390121,13,2026-05-20 13:55:00,-1.0,2
48331,-1,49548.29,49563.04,1.0418006430868167,0.569262577532736,15,2026-05-20 15:05:00,-1.0,2
48333,-1,49552.04,49566.04,0.9989743589743589,0.5384615384615384,15,2026-05-20 15:15:00,-1.0,1
48358,-1,49564.24,49631.24,1.6582174979558464,0.631947719463719,17,2026-05-20 17:20:00,-1.0,3
48387,-1,49886.24,49953.24,0.9614181438998958,1.3304964539007094,19,2026-05-20 19:45:00,-1.0,1
48394,-1,49931.49,49956.24,0.849772382397572,0.5054704595185996,20,2026-05-20 20:20:00,-1.0,1
48401,-1,49942.74,49965.24,0.7344677483181639,0.6155349291646312,20,2026-05-20 20:55:00,-1.0,0
48410,-1,49943.49,50021.49,0.9566003616636528,2.117099651027548,21,2026-05-20 21:40:00,-1.0,1
48414,-1,49999.24,50031.74,0.9463937621832359,0.8728179551122267,22,2026-05-20 22:00:00,-1.0,1
48440,1,49944.5,49910.0,0.8380024360535931,1.200924935975527,1,2026-05-21 01:10:00,-1.0,0
48463,1,49907.0,49879.5,2.8059149722735675,1.5682281059063137,3,2026-05-21 03:05:00,-1.0,4
48467,1,49895.0,49874.0,2.4288354898336415,0.9483870967741935,3,2026-05-21 03:25:00,2.0,4
48468,1,49909.0,49883.0,2.1934369602763386,1.1295577967416601,3,2026-05-21 03:30:00,2.0,4
48507,-1,49976.0,49995.5,0.8169440242057489,1.452127659574468,6,2026-05-21 06:45:00,-1.0,0
48515,-1,49995.5,49999.5,0.6382252559726962,0.32989690721649484,7,2026-05-21 07:25:00,-1.0,0
48516,-1,49991.5,50000.0,1.0708117443868739,0.6969253294289898,7,2026-05-21 07:30:00,-1.0,2
48530,1,49967.0,49961.5,1.8592592592592592,0.4106666666666667,8,2026-05-21 08:40:00,-1.0,4
48532,1,49971.0,49939.0,2.2941176470588234,1.7034220532319393,8,2026-05-21 08:50:00,-1.0,4
48534,1,49974.6,49957.0,2.288659793814433,0.9139465875370214,9,2026-05-21 09:00:00,-1.0,4
48544,1,49921.35,49900.1,1.066546762589928,0.7276507276507302,9,2026-05-21 09:50:00,2.0,2
48556,-1,49955.6,49968.35,0.7902439024390244,0.5110952040085898,10,2026-05-21 10:50:00,-1.0,0
48574,-1,50139.6,50154.1,0.76,0.406813627254509,12,2026-05-21 12:20:00,-1.0,0
48576,-1,50142.6,50166.35,0.8948148148148148,0.7648073605520415,12,2026-05-21 12:30:00,-1.0,1
48577,-1,50143.6,50161.6,0.762962962962963,0.6416295353278167,12,2026-05-21 12:35:00,2.0,0
48578,-1,50103.1,50155.35,0.7674074074074074,1.7563025210084033,12,2026-05-21 12:40:00,-1.0,0
48587,-1,50053.85,50191.1,3.1887323943661974,3.1655683690280068,13,2026-05-21 13:25:00,2.0,4
48604,-1,49974.6,49994.1,0.6618962432915921,0.4990859232175503,14,2026-05-21 14:50:00,2.0,0
48628,1,49973.8,49807.8,2.1270513499205927,2.4643444144000966,16,2026-05-21 16:50:00,2.0,4
48636,-1,50032.8,50107.55,0.9744483159117305,0.9085778781038409,17,2026-05-21 17:30:00,-1.0,1
48717,-1,50373.34,50388.09,0.8608837970540099,0.9794156706507466,1,2026-05-22 01:15:00,-1.0,1
48725,-1,50393.59,50399.09,1.0714285714285714,0.3609262210555979,1,2026-05-22 01:55:00,-1.0,2
48727,-1,50391.09,50397.84,0.3816091954022989,0.43580520199225936,2,2026-05-22 02:05:00,-1.0,0
48734,-1,50393.34,50400.84,0.9358974358974359,0.67524115755627,2,2026-05-22 02:40:00,-1.0,1
48737,-1,50398.59,50407.59,1.831578947368421,0.8089887640449438,2,2026-05-22 02:55:00,-1.0,4
48738,-1,50389.34,50411.84,3.663157894736842,1.9626168224299068,3,2026-05-22 03:00:00,-1.0,4
48749,-1,50452.34,50462.84,0.9470672389127325,0.5162423178226514,3,2026-05-22 03:55:00,2.0,1
48765,-1,50456.84,50466.59,0.8840764331210191,0.5858369098712447,5,2026-05-22 05:15:00,-1.0,1
48769,-1,50457.84,50463.34,0.7704918032786885,0.3769889840881273,5,2026-05-22 05:35:00,-1.0,0
48772,-1,50458.34,50474.59,0.8091822094691535,1.1772315653298835,5,2026-05-22 05:50:00,-1.0,0
48774,-1,50458.34,50465.34,0.762589928057554,0.530446549391069,6,2026-05-22 06:00:00,-1.0,0
48822,1,50437.94,50410.94,2.2688330871491877,0.9792746113989637,10,2026-05-22 10:00:00,2.0,4
48840,-1,50433.44,50496.94,1.022801302931596,1.9421081376297107,11,2026-05-22 11:30:00,-1.0,2
48841,1,50464.94,50408.94,2.138740661686233,1.547113961519487,11,2026-05-22 11:35:00,-1.0,4
48842,-1,50473.94,50484.44,1.180226570545829,0.3027806385169928,11,2026-05-22 11:40:00,2.0,2
48847,1,50410.94,50397.94,1.3125,0.358974358974359,12,2026-05-22 12:05:00,2.0,3
48866,1,50418.69,50388.69,1.1903669724770642,1.316614420062696,13,2026-05-22 13:40:00,2.0,2
48899,-1,50692.44,50736.94,1.1508379888268156,0.9045372050816697,16,2026-05-22 16:25:00,2.0,2
48900,-1,50605.64,50718.94,3.2960893854748603,2.149176885034936,16,2026-05-22 16:30:00,-1.0,4
48910,1,50576.64,50551.14,1.2184170471841704,0.38488491186458834,17,2026-05-22 17:20:00,2.0,3
48936,-1,50733.14,50764.14,1.02803738317757,0.9199788023317436,19,2026-05-22 19:30:00,-1.0,2
48938,-1,50740.64,50752.89,0.8165503489531406,0.3928980526918671,19,2026-05-22 19:40:00,-1.0,0
48941,-1,50720.64,50758.14,1.0036745406824148,1.1462882096069869,19,2026-05-22 19:55:00,-1.0,2
48951,-1,50769.39,50797.64,1.0790450928381963,0.564798286326312,20,2026-05-22 20:45:00,2.0,2
48952,-1,50754.14,50777.64,1.0564885496183205,0.473551637279597,20,2026-05-22 20:50:00,2.0,2
48972,1,50657.64,50622.64,1.2009456264775413,1.134916039374638,22,2026-05-22 22:30:00,-1.0,2
48974,1,50641.64,50620.64,1.0283687943262412,0.6339622641509434,22,2026-05-22 22:40:00,-1.0,2
48984,1,50611.84,50588.09,0.6265060240963856,0.7371688282895419,23,2026-05-22 23:30:00,-1.0,0
48990,-1,50859.53,50897.53,0.8183632734530938,0.8577324906487739,1,2026-05-25 01:00:00,-1.0,0
48994,-1,50843.28,50870.28,0.9237668161434978,0.6269280525425391,1,2026-05-25 01:20:00,-1.0,1
49005,-1,50896.03,50907.53,0.43962848297213625,0.56,2,2026-05-25 02:15:00,-1.0,0
49006,-1,50891.28,50898.53,0.43962848297213625,0.38122065727699533,2,2026-05-25 02:20:00,-1.0,0
49011,-1,50887.53,50903.53,1.2907563025210085,0.8557784145176695,2,2026-05-25 02:45:00,-1.0,3
49020,-1,50916.53,50928.03,1.571687840290381,0.5796579657965796,3,2026-05-25 03:30:00,-1.0,3
49022,-1,50910.03,50922.78,1.0829694323144106,0.6526508226691042,3,2026-05-25 03:40:00,-1.0,2
49024,-1,50894.28,50924.53,1.4914361001317522,1.4553264604810998,3,2026-05-25 03:50:00,-1.0,3
49035,-1,50930.53,50942.53,0.7216035634743875,0.7066246056782334,4,2026-05-25 04:45:00,-1.0,0
49086,-1,51010.63,51026.28,1.8670360110803323,1.170093457944034,9,2026-05-25 09:00:00,2.0,4
49102,1,51000.13,50949.38,2.1444270015698588,2.546594982078853,10,2026-05-25 10:20:00,1.0048061518743618,4
49104,-1,51040.88,51072.63,2.0606980273141122,1.2902757619738752,10,2026-05-25 10:30:00,-1.0,4
49105,-1,51026.88,51051.63,1.4240231548480462,0.9604989604989606,10,2026-05-25 10:35:00,-1.0,3
49124,-1,51047.38,51062.13,0.5753899480069324,0.8517220045370283,12,2026-05-25 12:10:00,-1.0,0
49126,-1,51041.38,51053.13,0.6345733041575492,0.7435028248587571,12,2026-05-25 12:20:00,-1.0,0
49137,-1,51080.88,51089.13,1.643044619422572,0.6078947368421053,13,2026-05-25 13:15:00,2.0,3
49138,-1,51067.63,51081.88,1.1811023622047243,1.0527704485488125,13,2026-05-25 13:20:00,2.0,2
49148,1,51053.13,51047.38,0.6262626262626263,0.409148665819568,14,2026-05-25 14:10:00,2.0,0
49155,-1,51084.38,51105.13,1.4271099744245523,1.4000000000000001,14,2026-05-25 14:45:00,-1.0,3
49157,-1,51086.63,51094.63,1.0926829268292684,0.5320665083135392,14,2026-05-25 14:55:00,-1.0,2
49159,-1,51082.13,51093.13,1.3853658536585365,0.7113163972286375,15,2026-05-25 15:05:00,-1.0,3
49181,1,51086.83,51067.83,1.3782894736842106,0.8223836759931872,16,2026-05-25 16:55:00,-1.0,3
49183,1,51078.83,51062.83,1.0917874396135265,0.6788907410213578,17,2026-05-25 17:05:00,-1.0,2
49196,-1,51136.83,51171.58,3.136950904392765,1.1701743836440168,18,2026-05-25 18:10:00,2.0,4
49197,-1,51120.58,51146.83,2.0645994832041343,0.8457997698504028,18,2026-05-25 18:15:00,2.0,4
49222,1,51039.71,51027.21,0.7982062780269058,0.4846034559149278,1,2026-05-26 01:20:00,-1.0,0
49242,1,50961.96,50939.96,2.822857142857143,1.093167701863354,3,2026-05-26 03:00:00,-1.0,4
49248,1,50958.96,50928.46,1.7838616714697406,1.2614475627769572,3,2026-05-26 03:30:00,-1.0,4
49255,1,50911.96,50900.96,0.9101796407185628,0.43564356435643564,4,2026-05-26 04:05:00,2.0,1
49258,1,50917.96,50901.46,1.1808612440191388,0.6994700984102952,4,2026-05-26 04:20:00,1.5626868646600829,2
49260,1,50914.96,50899.46,1.2331113225499524,0.7227310574521232,4,2026-05-26 04:30:00,2.0,3
49262,1,50907.96,50898.96,1.2546816479400749,0.4714686623012161,4,2026-05-26 04:40:00,2.0,3
49268,-1,50935.96,50948.46,0.7109375,0.7056451612903225,5,2026-05-26 05:10:00,2.0,0
49281,1,50922.46,50903.21,0.6488188976377953,1.5488505747126438,6,2026-05-26 06:15:00,2.0,0
49309,-1,50945.46,50951.21,1.2488038277511961,0.4931087289433384,8,2026-05-26 08:35:00,2.0,3
49319,-1,50947.56,50979.56,2.06640625,2.1172022684310163,9,2026-05-26 09:25:00,-1.0,4
49323,-1,50954.06,50974.56,0.7926605504587156,1.1108960712212177,9,2026-05-26 09:45:00,2.0,0
49324,-1,50954.81,50960.56,0.984375,0.31129156999226776,9,2026-05-26 09:50:00,-1.0,1
49344,1,50879.56,50872.06,0.8886363636363637,0.3248259860788863,11,2026-05-26 11:30:00,-1.0,1
49345,1,50885.56,50872.56,0.9772727272727273,0.5527714502657555,11,2026-05-26 11:35:00,-1.0,1
49355,1,50877.81,50838.81,1.1342534504391468,1.6595744680851063,12,2026-05-26 12:25:00,-1.0,2
49363,1,50847.56,50824.31,0.8888888888888888,0.9992325402916347,13,2026-05-26 13:05:00,2.0,1
49367,1,50860.56,50825.81,1.3446676970633693,1.6257309941520468,13,2026-05-26 13:25:00,-1.0,3
49369,-1,50880.06,50900.56,1.494949494949495,0.9614740368509213,13,2026-05-26 13:35:00,-1.0,3
49380,-1,50882.56,50919.56,1.535232383808096,1.3831775700934579,14,2026-05-26 14:30:00,-1.0,3
49448,1,50472.26,50449.26,0.8120481927710843,0.809553739786298,20,2026-05-26 20:10:00,-1.0,0
49470,1,50403.51,50388.26,1.0636704119850187,0.5727699530516432,22,2026-05-26 22:00:00,2.0,2
49472,1,50396.26,50385.26,0.9578544061302682,0.4368794326241135,22,2026-05-26 22:10:00,2.0,1
49542,1,50548.08,50537.58,0.7155963302752294,0.9032258064516129,5,2026-05-27 05:00:00,-1.0,0
49572,1,50544.33,50534.08,2.3246376811594205,1.1145631067961166,7,2026-05-27 07:30:00,2.0,4
49641,-1,50750.68,50760.18,0.7240773286467487,0.7358229598893499,13,2026-05-27 13:15:00,2.0,0
49667,1,50634.68,50585.18,2.739130434782609,1.133278822567457,15,2026-05-27 15:25:00,-1.0,4
49681,-1,50638.88,50703.88,2.8752672843905915,1.4028056112224512,16,2026-05-27 16:35:00,-1.0,4
49758,1,50703.58,50621.58,1.1473829201101928,2.323651452282178,23,2026-05-27 23:00:00,0.43557574148896505,2
49785,1,50750.64,50722.64,1.4606060606060607,1.6663124335812967,2,2026-05-28 02:15:00,-1.0,3
49786,1,50732.64,50722.89,1.7457627118644068,0.5347698334965719,2,2026-05-28 02:20:00,-1.0,4
49787,1,50734.14,50723.39,1.6723163841807909,0.585603112840467,2,2026-05-28 02:25:00,-1.0,3
49874,1,50664.99,50648.74,0.7839643652561247,1.097708082026538,9,2026-05-28 09:40:00,2.0,0
49880,-1,50671.74,50691.24,1.3109919571045576,1.2465753424657535,10,2026-05-28 10:10:00,2.0,3
49885,1,50651.74,50637.74,1.1045576407506703,0.8065843621399177,10,2026-05-28 10:35:00,-1.0,2
49888,1,50654.74,50629.99,1.2191235059760956,1.2929104477611941,10,2026-05-28 10:50:00,-1.0,3
49889,1,50675.24,50646.74,1.05,1.3951048951048952,10,2026-05-28 10:55:00,-1.0,2
49891,1,50651.24,50626.74,1.6583629893238434,1.0362537764350452,11,2026-05-28 11:05:00,-1.0,3
49895,1,50636.99,50618.99,1.300110741971207,0.7516778523489932,11,2026-05-28 11:25:00,-1.0,3
49912,-1,50664.24,50671.49,0.889763779527559,0.43749999999999994,12,2026-05-28 12:50:00,2.0,1
49915,1,50646.74,50634.24,0.9455587392550143,0.7223942208462333,13,2026-05-28 13:05:00,-1.0,1
49945,-1,50616.74,50632.49,1.6029723991507432,0.6843575418994475,15,2026-05-28 15:35:00,-1.0,3
49951,-1,50613.24,50638.24,1.211498973305955,0.9378349410503825,16,2026-05-28 16:05:00,2.0,3
49952,-1,50606.49,50629.49,1.097536945812808,0.8733387577976743,16,2026-05-28 16:10:00,2.0,2
49958,1,50554.44,50482.19,3.171752397558849,1.4985185185185186,16,2026-05-28 16:40:00,2.0,4
49959,1,50580.94,50534.19,2.9563025210084035,0.958272327964861,16,2026-05-28 16:45:00,-1.0,4
49968,-1,50618.94,50698.94,0.9714469040744306,0.7998571683627924,17,2026-05-28 17:30:00,-1.0,1
49983,-1,50714.44,50728.44,0.5519848771266541,0.33676975945017185,18,2026-05-28 18:45:00,-1.0,0
49986,-1,50717.44,50741.44,0.7291116974494283,0.6271581894540363,19,2026-05-28 19:00:00,-1.0,0
50002,1,50698.19,50684.44,0.8788300835654597,0.543018335684062,20,2026-05-28 20:20:00,-1.0,1
50036,-1,50760.39,50769.64,0.5039929015084295,0.3487745758147024,23,2026-05-28 23:10:00,2.0,0
50038,-1,50751.89,50763.89,0.46804680468046805,0.4573917778382757,23,2026-05-28 23:20:00,-1.0,0
50040,-1,50756.64,50774.14,0.439622641509434,0.731234144157582,23,2026-05-28 23:30:00,2.0,0
50041,-1,50747.39,50762.14,0.4146576663452266,0.6126687435098597,23,2026-05-28 23:35:00,2.0,0
50051,1,50724.31,50719.31,0.6353790613718412,0.3267211201866978,1,2026-05-29 01:25:00,-1.0,0
50053,1,50731.06,50720.81,0.4086444007858546,0.71571072319202,1,2026-05-29 01:35:00,-1.0,0
50056,1,50727.81,50720.06,0.3824884792626728,0.6112676056338028,1,2026-05-29 01:50:00,-1.0,0
50073,1,50734.31,50717.31,3.169811320754717,1.5135135135135134,3,2026-05-29 03:15:00,-1.0,4
50074,1,50720.81,50711.81,2.4467353951890036,0.7138810198300283,3,2026-05-29 03:20:00,-1.0,4
50078,1,50698.81,50690.31,1.4626168224299065,0.616580310880829,3,2026-05-29 03:40:00,-1.0,3
50079,1,50699.31,50694.06,1.7058823529411764,0.3823146944083225,3,2026-05-29 03:45:00,2.0,4
50088,1,50692.81,50678.81,1.202721088435374,1.03841059602649,4,2026-05-29 04:30:00,2.0,2
50089,1,50695.06,50688.81,0.93717277486911,0.49019607843137253,4,2026-05-29 04:35:00,2.0,1
50098,-1,50714.31,50728.06,0.8324022346368715,1.011826544021025,5,2026-05-29 05:20:00,-1.0,0
50100,-1,50714.31,50720.81,0.8901408450704226,0.4727272727272727,5,2026-05-29 05:30:00,-1.0,1
50138,1,50737.31,50729.81,1.0544412607449856,0.8624229979466119,8,2026-05-29 08:40:00,2.0,2
50146,-1,50762.41,50766.91,2.006269592476489,0.3328929986789961,9,2026-05-29 09:20:00,2.0,4
50147,-1,50731.91,50767.91,2.5250737463126844,2.2883087400681044,9,2026-05-29 09:25:00,-1.0,4
50148,1,50738.91,50726.91,2.4972067039106145,0.7280606717226435,9,2026-05-29 09:30:00,2.0,4
50154,-1,50757.91,50777.41,1.8722466960352422,1.1843817787418653,10,2026-05-29 10:00:00,-1.0,4
50157,-1,50764.16,50775.91,1.2606060606060605,0.6818652849740933,10,2026-05-29 10:15:00,2.0,3
50158,-1,50745.66,50767.41,1.6525252525252525,1.16,10,2026-05-29 10:20:00,-1.0,3
50161,1,50735.41,50721.41,1.830155979202773,0.7708947885939037,10,2026-05-29 10:35:00,2.0,4
50166,-1,50763.66,50788.41,1.7473035439137135,1.2645985401459854,11,2026-05-29 11:00:00,-1.0,4
50170,-1,50782.66,50795.91,1.1371428571428572,0.6960600375234522,11,2026-05-29 11:20:00,2.0,2
50190,-1,50783.41,50818.91,1.2386363636363635,1.7624113475177305,13,2026-05-29 13:00:00,-1.0,3
50232,1,50849.11,50707.41,4.823391812865497,4.094953039529304,16,2026-05-29 16:30:00,1.2703615946031328,4
50238,-1,50844.11,50886.11,2.9812807881773398,0.8562691131498508,17,2026-05-29 17:00:00,-1.0,4
50243,-1,50916.11,50945.11,1.1128526645768024,0.49697043882734737,17,2026-05-29 17:25:00,-1.0,2
50245,-1,50913.61,50953.11,0.9715165511932256,0.6432476445271628,17,2026-05-29 17:35:00,-1.0,1
50276,1,51009.36,50986.61,0.8792332268370607,0.7042564953012713,20,2026-05-29 20:10:00,-1.0,1
50289,1,50989.11,50980.11,0.9438943894389439,0.3037974683544304,21,2026-05-29 21:15:00,2.0,1
50308,-1,51037.11,51093.11,1.855421686746988,1.6198347107438018,22,2026-05-29 22:50:00,-1.0,4
50347,-1,51079.34,51128.09,2.874285714285714,2.687007874015748,3,2026-06-01 03:05:00,-0.0656836461125967,4
50386,1,51110.84,51099.84,1.1197604790419162,1.071304347826087,6,2026-06-01 06:20:00,-1.0,2
50388,-1,51122.59,51128.59,1.8909090909090909,0.5733788395904438,6,2026-06-01 06:30:00,2.0,4
50430,1,51083.94,51063.69,2.1269035532994924,1.62,10,2026-06-01 10:00:00,-1.0,4
50431,1,51098.94,51067.94,2.2205513784461153,2.2142857142857144,10,2026-06-01 10:05:00,-1.0,4
50432,-1,51091.69,51101.94,1.6426799007444168,0.7130434782608696,10,2026-06-01 10:10:00,2.0,3
50434,-1,51089.94,51103.44,1.685230024213075,0.8719723183391003,10,2026-06-01 10:20:00,2.0,4
50438,1,51058.69,51052.44,1.7045908183632734,0.35035035035035034,10,2026-06-01 10:40:00,2.0,4
50440,1,51063.19,51052.44,0.9243986254295533,0.5873170731707318,10,2026-06-01 10:50:00,2.0,1
50442,-1,51099.69,51118.69,1.3848797250859106,0.9424269264836138,11,2026-06-01 11:00:00,-1.0,3
50503,1,51197.94,51144.69,1.0077348066298342,1.5555555555555558,16,2026-06-01 16:05:00,-1.0,2
50525,1,50849.14,50804.14,0.67570385818561,0.827042993107975,17,2026-06-01 17:55:00,2.0,0
50526,1,50872.14,50808.39,0.6666666666666666,1.1923847695390781,18,2026-06-01 18:00:00,2.0,0
50556,-1,50951.64,50994.14,1.8657289002557544,1.1054342777519741,20,2026-06-01 20:30:00,-1.0,4
50573,-1,51078.39,51104.14,0.7407407407407407,1.0256045519203414,21,2026-06-01 21:55:00,-1.0,0
50574,-1,51068.14,51087.14,1.1333333333333333,0.7482419127988749,22,2026-06-01 22:00:00,-1.0,2
50575,-1,51067.14,51085.14,0.9718518518518519,0.6951724137931035,22,2026-06-01 22:05:00,-1.0,1
50585,-1,51098.34,51122.34,1.3366666666666667,0.8977955911823647,22,2026-06-01 22:55:00,2.0,3
50592,1,51087.34,51071.34,0.28426395939086296,0.7302363488182559,23,2026-06-01 23:30:00,-1.0,0
50594,1,51096.34,51084.59,0.8087986463620981,0.5987261146496815,23,2026-06-01 23:40:00,-1.0,0
50595,1,51092.34,51083.34,0.5285714285714286,0.46709916589434664,23,2026-06-01 23:45:00,-1.0,0
50616,1,50965.53,50953.03,0.6988352745424293,0.9433962264150944,2,2026-06-02 02:30:00,-1.0,0
50617,1,50964.03,50956.78,0.7586206896551724,0.5442359249329759,2,2026-06-02 02:35:00,-1.0,0
50643,1,50838.28,50829.03,0.8944820909970959,0.473491773308958,4,2026-06-02 04:45:00,2.0,1
50644,1,50847.53,50836.03,0.7328699106256207,0.6162679425837321,4,2026-06-02 04:50:00,2.0,0
50682,-1,50898.53,50908.53,1.3035294117647058,1.0769230769230769,8,2026-06-02 08:00:00,-1.0,3
50683,-1,50896.53,50901.53,1.5435294117647058,0.5353728489483748,8,2026-06-02 08:05:00,-1.0,3
50695,-1,50931.63,50941.13,1.6717171717171717,0.7687861271676301,9,2026-06-02 09:05:00,-1.0,3
50758,1,50863.13,50852.63,0.8987108655616943,0.6363636363636364,14,2026-06-02 14:20:00,2.0,1
50759,1,50867.63,50857.13,1.1192307692307693,0.6363636363636364,14,2026-06-02 14:25:00,-1.0,2
50760,1,50870.63,50854.13,1.6076923076923078,0.9342770475227503,14,2026-06-02 14:30:00,-1.0,3
50766,1,50867.13,50848.88,1.3474903474903475,1.0536082474226802,15,2026-06-02 15:00:00,2.0,3
50770,-1,50898.38,50916.13,1.316987740805604,0.9475691134413727,15,2026-06-02 15:20:00,2.0,3
50774,1,50853.63,50825.88,1.639240506329114,1.2343129467831613,15,2026-06-02 15:40:00,-1.0,3
50778,1,50858.13,50845.13,1.7618320610687024,0.5241180705543557,16,2026-06-02 16:00:00,-1.0,4
50781,1,50851.13,50829.63,1.8289855072463768,0.7459727385377942,16,2026-06-02 16:15:00,-1.0,4
50806,-1,51266.33,51305.33,0.7226827430293896,0.736593591905565,18,2026-06-02 18:20:00,-1.0,0
50807,-1,51247.33,51278.33,0.7043031977891828,0.6211091234347048,18,2026-06-02 18:25:00,-1.0,0
50913,1,51335.17,51329.67,0.8529076396807298,0.41011984021304926,4,2026-06-03 04:15:00,-1.0,1
50915,1,51333.92,51329.17,0.523153942428035,0.39233038348082594,4,2026-06-03 04:25:00,-1.0,0
50935,-1,51350.67,51355.42,0.7648725212464589,0.6258823529411764,6,2026-06-03 06:05:00,2.0,0
50940,1,51344.17,51334.42,1.2989690721649485,1.2757009345794392,6,2026-06-03 06:30:00,-1.0,3
50955,1,51334.17,51331.42,1.1370558375634519,0.47975077881619943,7,2026-06-03 07:45:00,-1.0,2
50960,1,51336.92,51329.92,2.1182266009852215,1.1842900302114805,8,2026-06-03 08:10:00,-1.0,4
51028,1,51177.77,51142.77,1.0554765291607398,1.5193798449612403,13,2026-06-03 13:50:00,-1.0,2
51040,-1,51230.27,51250.77,0.9531914893617022,1.1774358974358976,14,2026-06-03 14:50:00,2.0,1
51051,1,51154.27,51121.77,1.3396226415094339,1.4665592264302982,15,2026-06-03 15:45:00,-1.0,3
51053,1,51144.77,51126.52,1.4743935309973046,0.7959501557632399,15,2026-06-03 15:55:00,-1.0,3
51054,1,51159.27,51135.27,1.4186046511627908,1.0275229357798166,16,2026-06-03 16:00:00,-1.0,3
51060,1,51182.22,51007.77,4.050830889540567,4.11369378473984,16,2026-06-03 16:30:00,-1.0,4
51062,1,51118.22,51097.97,3.165575304022451,0.39255054001661355,16,2026-06-03 16:40:00,-1.0,4
51085,1,50894.72,50856.97,0.873942470389171,0.770127504553734,18,2026-06-03 18:35:00,-1.0,1
51089,1,50905.97,50881.97,0.7436754176610979,0.5663716814159292,18,2026-06-03 18:55:00,-1.0,0
51090,1,50926.22,50888.22,0.7732949087415946,0.8922431865828092,19,2026-06-03 19:00:00,-1.0,0
51103,-1,50922.97,50937.97,0.9736842105263158,0.48109965635738833,20,2026-06-03 20:05:00,2.0,1
51104,1,50881.47,50861.47,1.0121212121212122,0.6005361930294906,20,2026-06-03 20:10:00,2.0,2
51108,1,50901.97,50855.97,0.8894379246448425,1.4504504504504505,20,2026-06-03 20:30:00,-1.0,1
51120,-1,50897.97,50938.97,1.0321543408360128,1.486084142394822,21,2026-06-03 21:30:00,2.0,2
51126,1,50863.47,50849.97,1.2311557788944723,0.5346534653465347,22,2026-06-03 22:00:00,-1.0,3
51162,-1,50768.98,50799.48,1.0299277605779154,1.2492320294900494,2,2026-06-04 02:00:00,0.5054126967865034,2
51169,1,50747.48,50736.23,1.0178817056396148,0.5619982158786798,2,2026-06-04 02:35:00,2.0,2
51196,1,50740.48,50733.98,1.048172757475083,0.3084745762711864,4,2026-06-04 04:50:00,-1.0,2
51202,1,50742.98,50719.73,0.9494949494949495,1.0778145695364238,5,2026-06-04 05:20:00,-1.0,1
51227,-1,50756.98,50766.48,0.7514450867052023,0.7987987987987988,7,2026-06-04 07:25:00,-1.0,0
51228,-1,50757.98,50768.73,1.4695121951219512,0.8292011019283747,7,2026-06-04 07:30:00,-1.0,3
51229,-1,50755.98,50761.98,1.2560975609756098,0.4540540540540541,7,2026-06-04 07:35:00,-1.0,3
51234,-1,50757.48,50768.98,1.3686067019400352,0.8956884561891516,8,2026-06-04 08:00:00,2.0,3
51235,-1,50734.98,50763.98,1.4611570247933885,2.13965744400527,8,2026-06-04 08:05:00,-1.0,3
51249,-1,50771.83,50782.58,1.0216867469879518,0.6180698151950719,9,2026-06-04 09:15:00,-1.0,2
51272,-1,50874.08,50890.83,1.36779324055666,0.788235294117647,11,2026-06-04 11:10:00,-1.0,3
51279,-1,50876.58,50916.08,1.0830999066293183,1.371357718536888,11,2026-06-04 11:45:00,-1.0,2
51289,-1,50955.08,50965.58,0.9035947712418301,0.33542498573873364,12,2026-06-04 12:35:00,-1.0,1
51307,-1,51012.08,51022.58,1.3607520564042304,0.4167257264351523,14,2026-06-04 14:05:00,-1.0,3
51336,-1,51256.78,51325.08,3.2112890922959574,1.5676694811050829,16,2026-06-04 16:30:00,-1.0,4
51337,-1,51273.78,51299.78,3.0755148741418763,0.5392992073486949,16,2026-06-04 16:35:00,-1.0,4
51381,1,51564.78,51538.78,0.9631650750341064,0.9661579296615793,20,2026-06-04 20:15:00,-1.0,1
51385,1,51562.53,51532.78,0.983026874115983,1.0544303797468355,20,2026-06-04 20:35:00,-1.0,1
51390,1,51542.78,51526.78,1.145221971407073,0.5233644859813084,21,2026-06-04 21:00:00,-1.0,2
51393,1,51551.28,51515.78,0.881769641495042,1.1756357185097575,21,2026-06-04 21:15:00,2.0,1
51439,-1,51621.66,51630.91,0.6710239651416122,0.7685459940652819,2,2026-06-05 02:05:00,2.0,0
51440,-1,51622.16,51626.91,0.8157894736842105,0.43111831442463533,2,2026-06-05 02:10:00,2.0,0
51468,1,51572.41,51550.66,1.1370212765957446,1.2492307692307694,4,2026-06-05 04:30:00,-1.0,2
51473,1,51576.66,51562.41,0.7934875749785776,0.7629063097514341,4,2026-06-05 04:55:00,-1.0,0
51476,-1,51591.66,51607.16,0.5264084507042254,0.8484848484848485,5,2026-06-05 05:10:00,2.0,0
51503,-1,51566.66,51582.91,0.9920212765957447,1.3284671532846715,7,2026-06-05 07:25:00,-1.0,1
51506,-1,51574.66,51582.66,1.0920554854981084,0.6967340590979781,7,2026-06-05 07:40:00,-1.0,2
51511,-1,51575.66,51584.41,1.1021437578814628,0.7390648567119156,8,2026-06-05 08:05:00,-1.0,2
51516,-1,51595.66,51605.16,1.0210135970333745,0.7440559440559441,8,2026-06-05 08:30:00,-1.0,2
51520,-1,51589.66,51601.16,0.7268041237113402,0.9252873563218391,8,2026-06-05 08:50:00,-1.0,0
51554,-1,51656.76,51672.26,0.7352941176470589,0.6960705693664796,11,2026-06-05 11:40:00,-1.0,0
51587,1,51700.26,51658.76,1.704584040747029,2.167910447761194,14,2026-06-05 14:25:00,-1.0,4
51589,-1,51698.76,51729.76,1.66383701188455,1.4649789029535865,14,2026-06-05 14:35:00,2.0,3
51597,1,51658.26,51650.26,1.2005208333333333,0.33939393939393936,15,2026-06-05 15:15:00,-1.0,2
51598,1,51656.26,51648.26,1.195516811955168,0.32916972814107276,15,2026-06-05 15:20:00,-1.0,2
51599,1,51655.76,51638.76,1.3791411042944786,0.6953981008035062,15,2026-06-05 15:25:00,-1.0,3
51602,1,51697.76,51644.76,2.3080459770114943,1.5720338983050848,15,2026-06-05 15:40:00,-1.0,4
51605,1,51655.76,51628.26,1.9553666312433582,0.6946323861073522,15,2026-06-05 15:55:00,-1.0,4
51612,1,51605.46,51568.51,2.4393673110720564,0.5959677419354369,16,2026-06-05 16:30:00,-1.0,4
51634,1,51399.46,51381.46,0.8025166025865083,0.3718185171523423,18,2026-06-05 18:20:00,-1.0,0
51662,-1,51157.46,51230.96,1.08414526129318,1.4606103619588362,20,2026-06-05 20:40:00,2.0,2
51667,1,51137.46,51113.46,0.9769707705934455,0.5171219699884572,21,2026-06-05 21:05:00,-1.0,1
51704,1,50815.21,50707.96,0.6729461015175301,2.3543708349666796,1,2026-06-08 01:10:00,-1.0,0
51713,1,50685.96,50600.71,1.929144385026738,1.3589524622829492,1,2026-06-08 01:55:00,2.0,4
51733,-1,50876.96,50888.46,0.9643605870020965,0.33752620545073375,3,2026-06-08 03:35:00,2.0,1
51762,-1,50802.46,50813.46,0.6291879613855764,0.36171462125660603,6,2026-06-08 06:00:00,-1.0,0
51768,-1,50821.71,50834.46,0.9097918272937549,0.4396551724137931,6,2026-06-08 06:30:00,-1.0,1
51769,-1,50824.46,50833.46,0.7911184210526315,0.3262135922330097,6,2026-06-08 06:35:00,-1.0,0
51770,-1,50824.96,50834.46,0.7001675041876047,0.3835616438356165,6,2026-06-08 06:40:00,-1.0,0
51774,-1,50819.71,50846.46,0.8526119402985075,1.3483348334833483,7,2026-06-08 07:00:00,2.0,1
51777,-1,50810.96,50833.46,1.128526645768025,1.1209964412811386,7,2026-06-08 07:15:00,2.0,2
51812,-1,50762.06,50775.06,0.9556818181818182,0.35033686236766126,10,2026-06-08 10:10:00,-1.0,1
51813,-1,50767.06,50790.06,1.2120161756210284,0.5843920145190563,10,2026-06-08 10:15:00,-1.0,3
51841,-1,50803.56,50893.31,1.3888091822094693,2.489351163942546,12,2026-06-08 12:35:00,-1.0,3
51844,-1,50845.06,50861.56,0.9431486880466472,0.4338028169014085,12,2026-06-08 12:50:00,2.0,1
51853,-1,50885.31,50906.31,1.532549019607843,0.44478063540090773,13,2026-06-08 13:35:00,-1.0,3
51854,-1,50878.06,50896.06,0.8925490196078432,0.3792325056433408,13,2026-06-08 13:40:00,-1.0,1
51878,-1,51062.56,51103.56,0.858560794044665,1.1756272401433692,15,2026-06-08 15:40:00,2.0,1
51889,-1,50989.26,51145.26,2.528562460765851,2.343976388516233,16,2026-06-08 16:35:00,-1.0,4
51891,-1,51059.01,51110.26,2.197652872143298,0.6925675675675675,16,2026-06-08 16:45:00,-1.0,4
51913,1,51012.76,50916.76,0.9593657086223984,1.2619718309859156,18,2026-06-08 18:35:00,-1.0,1
51925,1,50927.76,50909.76,1.1988424968995453,0.30536201151166315,19,2026-06-08 19:35:00,-1.0,2
51943,-1,50910.76,50937.26,0.8732498157700811,0.48847926267281105,21,2026-06-08 21:05:00,-1.0,1
51949,-1,50899.76,50959.51,0.8821414302836597,1.2688661357603337,21,2026-06-08 21:35:00,2.0,1
51951,-1,50900.51,50940.76,0.922381930184805,0.9628363947031183,21,2026-06-08 21:45:00,2.0,1
51959,1,50833.76,50768.76,1.0224175824175825,1.467741935483871,22,2026-06-08 22:25:00,-1.0,2
51985,1,50769.58,50757.33,0.9367088607594937,0.4525065963060686,1,2026-06-09 01:35:00,2.0,1
52008,1,50695.83,50670.83,2.5886792452830187,0.7722007722007722,3,2026-06-09 03:30:00,2.0,4
52010,1,50706.58,50682.08,1.2958538299367532,0.709777547853078,3,2026-06-09 03:40:00,-1.0,3
52013,1,50696.08,50669.08,0.9191299498047965,0.7462981243830207,3,2026-06-09 03:55:00,2.0,1
52015,1,50694.83,50680.08,1.0854978354978355,0.42643262777490964,4,2026-06-09 04:05:00,2.0,2
52016,1,50713.83,50689.08,1.0548163916977116,0.7734375,4,2026-06-09 04:10:00,2.0,2
52018,-1,50799.08,50828.08,1.189409368635438,0.8144433299899699,4,2026-06-09 04:20:00,-1.0,2
52041,-1,50865.08,50878.08,0.8703352308665402,0.7309236947791166,6,2026-06-09 06:15:00,-1.0,1
52042,-1,50840.08,50872.08,0.8210659898477157,1.6607970342910103,6,2026-06-09 06:20:00,-1.0,0
52050,-1,50863.08,50877.58,0.7800891530460624,0.7777777777777778,7,2026-06-09 07:00:00,-1.0,0
52073,1,50891.08,50883.83,1.2442477876106195,0.3464163822525598,8,2026-06-09 08:55:00,-1.0,3
52078,1,50893.68,50884.43,0.8872785829307569,0.436026936026936,9,2026-06-09 09:20:00,-1.0,1
52086,1,50920.43,50839.43,1.5310861423220974,3.102599179206566,10,2026-06-09 10:00:00,-1.0,3
52088,-1,50864.68,50925.68,1.3653566229985443,2.0272997032640947,10,2026-06-09 10:10:00,-1.0,3
52091,1,50839.18,50813.68,1.49490538573508,0.7563559322033898,10,2026-06-09 10:25:00,2.0,3
52107,-1,50939.68,50958.68,0.6500932256059664,0.6093928980526919,11,2026-06-09 11:45:00,-1.0,0
52116,-1,50938.68,50970.43,0.8544600938967136,1.2727272727272727,12,2026-06-09 12:30:00,2.0,1
52122,1,50947.93,50928.93,1.0298363811357074,0.910958904109589,13,2026-06-09 13:00:00,-1.0,2
52124,1,50949.43,50904.18,1.5803657362848893,1.5191846522781776,13,2026-06-09 13:10:00,-1.0,3
52127,1,50953.68,50937.68,0.76953125,0.5161290322580645,13,2026-06-09 13:25:00,2.0,0
52132,-1,50980.18,51017.68,1.1688034188034189,1.187111362351611,13,2026-06-09 13:50:00,-1.0,2
52134,-1,50964.68,51001.18,1.3782051282051282,1.0809095716552088,14,2026-06-09 14:00:00,-1.0,3
52136,-1,50962.18,50982.18,1.0918367346938775,0.5779153766769867,14,2026-06-09 14:10:00,2.0,2
52154,-1,50994.18,51029.68,1.2895467160037002,1.1646162858816638,15,2026-06-09 15:40:00,-1.0,3
52181,1,50965.38,50832.38,0.9878869448183042,1.0786386676321507,17,2026-06-09 17:55:00,-1.0,1
52183,1,50922.13,50855.38,1.0072678331090175,0.5244843552686965,18,2026-06-09 18:05:00,-1.0,2
52198,1,50506.38,50387.88,1.0584763948497855,1.1374700034281797,19,2026-06-09 19:20:00,-1.0,2
52233,-1,50784.63,50865.88,1.068550811785929,1.2784490025288002,22,2026-06-09 22:15:00,-1.0,2
52271,1,50721.02,50712.52,0.8690476190476191,0.34269258459323254,2,2026-06-10 02:25:00,2.0,1
52272,1,50732.27,50713.52,0.9976190476190476,0.7311977715877438,2,2026-06-10 02:30:00,2.0,1
52345,1,50811.02,50786.02,1.2353896103896105,1.037037037037037,8,2026-06-10 08:35:00,-1.0,3
52367,1,50738.62,50725.62,1.1070539419087138,0.5006877579092159,10,2026-06-10 10:25:00,-1.0,2
52368,1,50761.62,50729.87,1.0571428571428572,1.2529950669485552,10,2026-06-10 10:30:00,-1.0,2
52370,1,50733.62,50723.62,0.9571428571428572,0.3745819397993311,10,2026-06-10 10:40:00,-1.0,1
52373,1,50737.62,50722.12,1.1557377049180328,0.5837256220578346,10,2026-06-10 10:55:00,-1.0,2
52402,1,50514.12,50455.62,1.0615478366849482,1.3333333333333333,13,2026-06-10 13:20:00,-1.0,2
52445,-1,50711.82,50776.32,1.468275593616193,0.8738991580373536,16,2026-06-10 16:55:00,2.0,3
52491,1,50252.07,50120.32,1.0643207383905393,1.8589065255731922,20,2026-06-10 20:45:00,-1.0,2
52492,1,50237.32,50169.57,1.053360253821748,0.9511155678114815,20,2026-06-10 20:50:00,-1.0,2
52504,1,50151.32,50098.82,1.0134448760083656,0.7644305772230889,21,2026-06-10 21:50:00,-1.0,2
52505,1,50139.07,50107.32,0.8449357633701823,0.5171611401977894,21,2026-06-10 21:55:00,-1.0,0
52507,1,50117.82,50074.82,0.9579933514656996,0.7325829023425616,22,2026-06-10 22:05:00,-1.0,1
52542,1,49825.5,49768.0,1.645021645021645,1.392083282895541,2,2026-06-11 02:00:00,-1.0,3
52545,1,49835.5,49739.5,1.328616352201258,1.9359020525747208,2,2026-06-11 02:15:00,2.0,3
52547,1,49879.5,49810.0,1.5804093567251463,1.2402804333970683,2,2026-06-11 02:25:00,2.0,3
52548,1,49835.75,49809.5,1.1997196916608268,0.43401240035429584,2,2026-06-11 02:30:00,2.0,2
52559,-1,49883.5,49915.75,1.56411730879816,0.57792,3,2026-06-11 03:25:00,-1.0,3
52560,-1,49880.25,49903.0,1.3807670928293496,0.4419007977800902,3,2026-06-11 03:30:00,-1.0,3
52600,-1,50081.0,50094.0,0.9576659038901602,0.449938195302843,6,2026-06-11 06:50:00,-1.0,1
52602,-1,50076.5,50090.0,1.0201660735468565,0.500330906684315,7,2026-06-11 07:00:00,-1.0,2
52604,-1,50081.75,50091.25,0.8213429256594724,0.3789173789173789,7,2026-06-11 07:10:00,-1.0,0
52606,-1,50088.75,50106.75,0.9661016949152542,0.7613293051359517,7,2026-06-11 07:20:00,-1.0,1
52628,1,50103.1,50059.35,1.092189500640205,1.6655336505778382,9,2026-06-11 09:10:00,2.0,2
52630,1,50109.35,50086.6,0.8380592312539382,0.8203477141017386,9,2026-06-11 09:20:00,2.0,0
52634,-1,50136.1,50150.1,0.792722547108512,0.4666666666666667,9,2026-06-11 09:40:00,-1.0,0
52689,1,50310.1,50298.6,1.308300395256917,0.563922942206655,14,2026-06-11 14:15:00,-1.0,3
52691,1,50310.85,50286.1,1.2688588007736943,1.1159420289855073,14,2026-06-11 14:25:00,2.0,3
52692,-1,50341.6,50379.1,2.007736943907157,1.411290322580645,14,2026-06-11 14:30:00,2.0,4
52695,-1,50343.85,50362.6,0.8621291448516579,0.6739409499358151,14,2026-06-11 14:45:00,-1.0,1
52701,-1,50303.85,50360.35,1.4083333333333334,1.7056603773584906,15,2026-06-11 15:15:00,2.0,3
52716,-1,50206.3,50280.35,1.9676959619952494,1.22266776742533,16,2026-06-11 16:30:00,-1.0,4
52724,-1,50170.3,50299.3,1.2700296735905046,1.4888705688375927,17,2026-06-11 17:10:00,-1.0,3
52725,1,50172.3,50120.3,1.2443125618199802,0.5823999999999999,17,2026-06-11 17:15:00,2.0,3
52734,1,50162.8,50082.55,0.9888947646747752,0.8512975942413337,18,2026-06-11 18:00:00,2.0,1
52742,-1,50270.55,50353.8,0.9650879566982409,0.953569237062794,18,2026-06-11 18:40:00,-1.0,1
52750,-1,50301.3,50393.05,0.8877094972067039,1.1450858034321374,19,2026-06-11 19:20:00,-1.0,1
52753,-1,50315.8,50377.05,0.90607424071991,0.7644305772230889,19,2026-06-11 19:35:00,2.0,1
52759,1,50230.8,50182.8,0.9185977421271538,0.6714963777167124,20,2026-06-11 20:05:00,-1.0,1
52762,1,50195.8,50146.55,0.924791086350975,0.724454951405306,20,2026-06-11 20:20:00,2.0,1
52763,1,50619.55,50186.8,1.0942457231726284,4.492769744160178,20,2026-06-11 20:25:00,0.7056010944981876,2
52784,-1,50830.8,50866.8,0.9726609963547995,0.576,22,2026-06-11 22:10:00,-1.0,1
52786,-1,50846.3,50865.8,0.8898568761667703,0.33955223880597013,22,2026-06-11 22:20:00,-1.0,1
52793,-1,50853.5,50919.3,0.9610476830087307,1.0664505672609836,22,2026-06-11 22:55:00,-1.0,1
52810,-1,50940.64,50961.89,1.0216256524981358,0.7981220657276995,1,2026-06-12 01:20:00,-1.0,2
52830,1,50910.89,50889.89,2.0492359932088284,0.9592169657422512,3,2026-06-12 03:00:00,-1.0,4
52833,1,50910.89,50891.39,1.771900826446281,0.8310502283105022,3,2026-06-12 03:15:00,-1.0,4
52834,1,50927.14,50898.39,1.7582236842105263,1.1692084241103848,3,2026-06-12 03:20:00,-1.0,4
52839,1,50903.14,50889.39,1.4334877564526805,0.5009759271307742,3,2026-06-12 03:45:00,-1.0,3
52841,1,50899.39,50875.14,1.1422222222222222,0.8733118971061093,3,2026-06-12 03:55:00,-1.0,2
52852,1,50892.14,50882.89,0.8024928092042186,0.3622377622377623,4,2026-06-12 04:50:00,2.0,0
52874,1,50902.89,50893.89,0.8313627878033603,0.46537396121883656,6,2026-06-12 06:40:00,-1.0,0
52891,-1,50906.39,50919.64,1.2142348754448398,0.6973684210526315,8,2026-06-12 08:05:00,-1.0,3
52900,1,50880.14,50838.64,1.7333333333333334,1.6540925266903914,8,2026-06-12 08:50:00,-1.0,4
52901,1,50879.14,50866.64,1.6626198083067092,0.49295774647887325,8,2026-06-12 08:55:00,2.0,3
52904,-1,50922.24,50938.74,1.306634787806336,0.5620437956204379,9,2026-06-12 09:10:00,2.0,3
52914,1,50840.74,50830.24,1.1357421875,0.39622641509433965,10,2026-06-12 10:00:00,2.0,2
52915,1,50870.74,50838.49,1.1351611351611353,1.1576923076923076,10,2026-06-12 10:05:00,-1.0,2
52917,1,50844.99,50824.24,1.0761014686248331,0.7741505662891406,10,2026-06-12 10:15:00,2.0,2
52918,1,50850.49,50832.74,0.9078771695594126,0.6635514018691588,10,2026-06-12 10:20:00,2.0,1
52919,1,50848.99,50833.24,0.9569288389513109,0.588,10,2026-06-12 10:25:00,2.0,1
52942,-1,51190.24,51226.74,0.9737793851717902,0.7993742667188112,12,2026-06-12 12:20:00,-1.0,1
52982,1,51092.24,51078.24,1.1510083620265616,0.3641430562006503,15,2026-06-12 15:40:00,-1.0,2
52983,1,51106.74,51073.24,1.3304136253041363,0.8562300319488818,15,2026-06-12 15:45:00,-1.0,3
52987,1,51101.49,51054.99,1.1540251279664961,1.0733718054410553,16,2026-06-12 16:05:00,2.0,2
52998,1,51026.44,50884.64,1.5301902398676592,1.6001289646556551,17,2026-06-12 17:00:00,2.0,3
52999,1,51071.44,50998.69,1.3046538912788423,0.7908222688096893,17,2026-06-12 17:05:00,-1.0,3
53018,-1,51239.19,51288.69,1.0224483687518706,0.5145721180620011,18,2026-06-12 18:40:00,2.0,2
53055,-1,51286.44,51317.19,0.9052150742291587,0.8867147270854788,21,2026-06-12 21:45:00,2.0,1
53065,1,51199.69,51160.69,1.1728045325779037,0.8987654320987654,22,2026-06-12 22:35:00,2.0,2
53067,1,51203.19,51178.44,0.9979765277215702,0.5657142857142857,22,2026-06-12 22:45:00,2.0,1
53098,1,51488.68,51457.43,1.0637770897832817,1.0144927536231885,2,2026-06-15 02:20:00,2.0,2
53102,-1,51530.43,51545.93,0.6416717885679164,0.592896174863388,2,2026-06-15 02:40:00,-1.0,0
53132,-1,51642.18,51648.43,0.9369144284821986,0.3597122302158273,5,2026-06-15 05:10:00,-1.0,1
53136,-1,51643.43,51655.93,0.9291747888239116,0.8,5,2026-06-15 05:30:00,-1.0,1
53183,-1,51747.28,51767.53,1.2577665827036104,0.9577702702702703,9,2026-06-15 09:25:00,2.0,3
53189,1,51710.53,51699.53,1.0402877697841726,0.5078318219291015,9,2026-06-15 09:55:00,-1.0,2
53190,1,51723.78,51685.28,1.4154929577464788,1.6896551724137931,10,2026-06-15 10:00:00,-1.0,3
53203,1,51687.28,51676.28,1.3090668431502317,0.38620689655172413,11,2026-06-15 11:05:00,-1.0,3
53207,1,51692.28,51658.53,1.1619718309859155,1.1827284105131415,11,2026-06-15 11:25:00,-1.0,2
53209,1,51692.78,51659.53,0.8877314814814815,1.1264367816091954,11,2026-06-15 11:35:00,-1.0,1
53210,1,51696.53,51684.78,0.6898148148148148,0.402200488997555,11,2026-06-15 11:40:00,-1.0,0
53227,1,51649.78,51629.78,1.040059347181009,0.9279204639602321,13,2026-06-15 13:05:00,2.0,2
53245,-1,51715.78,51737.03,1.3581847649918963,0.8841010401188708,14,2026-06-15 14:35:00,2.0,3
53246,-1,51701.28,51735.03,1.5607779578606158,1.3432835820895523,14,2026-06-15 14:40:00,-1.0,3
53256,1,51713.28,51669.18,1.3140037014188772,1.371390493114135,15,2026-06-15 15:30:00,2.0,3
53260,-1,51760.28,51772.78,0.754041570438799,0.37882887758415656,15,2026-06-15 15:50:00,-1.0,0
53289,-1,51890.48,51928.98,0.7278911564625851,0.8002969561989607,18,2026-06-15 18:15:00,-1.0,0
53290,-1,51879.73,51921.23,0.8466737815723941,0.8976438779451527,18,2026-06-15 18:20:00,-1.0,0
53306,-1,51926.98,51955.98,0.9880643487285937,0.9333333333333332,19,2026-06-15 19:40:00,-1.0,1
53340,1,51813.48,51797.73,1.3733333333333333,0.5378048780487805,22,2026-06-15 22:30:00,-1.0,3
53343,1,51809.73,51788.48,1.4352799518362431,0.7428214731585518,22,2026-06-15 22:45:00,-1.0,3
53374,1,51725.2,51702.95,0.5684931506849316,1.415909090909091,2,2026-06-16 02:20:00,2.0,0
53383,-1,51728.45,51734.45,2.2246575342465755,0.4072727272727273,3,2026-06-16 03:05:00,-1.0,4
53384,-1,51728.45,51736.95,2.0931506849315067,0.5653206650831354,3,2026-06-16 03:10:00,-1.0,4
53389,-1,51730.2,51746.45,3.1607515657620042,0.959915611814346,3,2026-06-16 03:35:00,-1.0,4
53390,-1,51731.45,51751.95,2.789473684210526,1.2020942408376964,3,2026-06-16 03:40:00,-1.0,4
53391,-1,51731.7,51744.45,2.5606361829025843,0.7383660806618407,3,2026-06-16 03:45:00,-1.0,4
53392,-1,51729.2,51734.45,2.4332810047095763,0.3052959501557632,3,2026-06-16 03:50:00,-1.0,4
53399,-1,51753.95,51766.45,0.9922958397534669,0.7201646090534979,4,2026-06-16 04:25:00,-1.0,1
53413,-1,51762.95,51773.45,0.6934865900383141,0.8200836820083682,5,2026-06-16 05:35:00,-1.0,0
53415,-1,51762.7,51771.2,0.657314629258517,0.6989720998531571,5,2026-06-16 05:45:00,-1.0,0
53419,-1,51770.95,51775.95,0.775609756097561,0.416146483562216,6,2026-06-16 06:05:00,-1.0,0
53428,-1,51761.45,51774.45,1.1710709318497914,1.0043595828044858,6,2026-06-16 06:50:00,-1.0,2
53431,1,51751.95,51747.45,1.0125173852573017,0.3481432360742722,7,2026-06-16 07:05:00,-1.0,2
53434,1,51752.95,51748.95,0.8793342579750347,0.34408602150537637,7,2026-06-16 07:20:00,-1.0,1
53437,1,51756.45,51745.95,0.8065395095367848,0.930379746835443,7,2026-06-16 07:35:00,-1.0,0
53442,1,51767.45,51746.45,1.2686170212765957,1.7370753323485968,8,2026-06-16 08:00:00,-1.0,3
53444,-1,51784.95,51792.2,0.9090909090909091,0.56,8,2026-06-16 08:10:00,-1.0,1
53446,-1,51782.95,51796.45,1.0662983425414365,0.988235294117647,8,2026-06-16 08:20:00,2.0,2
53491,1,51804.05,51794.05,0.6666666666666666,0.47337278106508873,12,2026-06-16 12:05:00,-1.0,0
53503,1,51808.55,51788.55,0.8489525909592062,1.1642411642411643,13,2026-06-16 13:05:00,-1.0,1
53505,-1,51791.55,51807.55,0.6058558558558559,0.9531914893617022,13,2026-06-16 13:15:00,-1.0,0
53514,-1,51795.3,51812.8,1.4550264550264551,1.099887766554433,14,2026-06-16 14:00:00,-1.0,3
53570,-1,52131.75,52149.75,0.7796368814524742,0.39794709830240826,18,2026-06-16 18:40:00,-1.0,0
53582,-1,52232.75,52252.75,0.8211197086936732,0.5591612581128307,19,2026-06-16 19:40:00,2.0,0
53621,1,52091.95,52059.45,1.6160203432930706,0.9242331911436061,22,2026-06-16 22:55:00,-1.0,3
53626,1,52064.95,52051.45,0.4199881023200476,0.4001693838661843,23,2026-06-16 23:20:00,2.0,0
53629,1,52065.95,52054.7,0.30696014277215944,0.41578669482576236,23,2026-06-16 23:35:00,2.0,0
53655,-1,52142.23,52148.23,1.5067750677506775,0.5490196078431372,2,2026-06-17 02:45:00,-1.0,3
53688,1,52140.23,52136.48,0.8540305010893247,0.4421052631578947,5,2026-06-17 05:30:00,-1.0,1
53693,1,52143.23,52134.23,0.6878612716763006,1.1300448430493273,5,2026-06-17 05:55:00,-1.0,0
53699,1,52129.23,52124.73,1.148936170212766,0.5153374233128835,6,2026-06-17 06:25:00,2.0,2
53700,1,52134.48,52124.73,1.5623100303951367,1.06640625,6,2026-06-17 06:30:00,2.0,3
53702,-1,52152.23,52156.73,1.9093655589123868,0.4632352941176471,6,2026-06-17 06:40:00,-1.0,4
53707,-1,52153.98,52164.48,1.04,1.0173010380622838,7,2026-06-17 07:05:00,2.0,2
53708,-1,52147.23,52155.23,0.9010416666666666,0.7818499127399651,7,2026-06-17 07:10:00,2.0,1
53715,1,52136.23,52119.98,1.1650485436893203,1.542372881355932,7,2026-06-17 07:45:00,-1.0,2
53724,1,52124.23,52115.23,1.202127659574468,0.9960474308300394,8,2026-06-17 08:30:00,-1.0,2
53727,1,52122.23,52114.23,0.7663043478260869,0.7697594501718213,8,2026-06-17 08:45:00,-1.0,0
53730,1,52121.83,52104.98,2.182857142857143,1.6157534246573946,9,2026-06-17 09:00:00,-1.0,4
53736,1,52127.83,52086.83,2.7621621621621624,2.648212226066897,9,2026-06-17 09:30:00,-1.0,4
53740,-1,52121.58,52138.83,0.8260869565217391,1.1285046728971961,9,2026-06-17 09:50:00,-1.0,0
53742,-1,52129.58,52142.83,2.3106382978723405,0.7910447761194029,10,2026-06-17 10:00:00,-1.0,4
53745,-1,52120.08,52156.33,1.6545768566493955,1.8866171003717471,10,2026-06-17 10:15:00,2.0,3
53749,1,52106.83,52085.33,1.5100864553314122,1.0066889632107023,10,2026-06-17 10:35:00,-1.0,3
53753,1,52083.58,52076.83,0.9649532710280374,0.31605351170568563,10,2026-06-17 10:55:00,-1.0,1
53779,1,52049.83,52028.33,1.2904564315352698,1.1689320388349516,13,2026-06-17 13:05:00,2.0,3
53780,1,52050.83,52028.83,1.2178423236514522,1.1568075117370893,13,2026-06-17 13:10:00,2.0,3
53800,1,52054.33,52042.58,1.073008849557522,0.5576271186440678,14,2026-06-17 14:50:00,-1.0,2
53801,1,52055.33,52034.83,1.3185840707964602,0.9566666666666668,14,2026-06-17 14:55:00,-1.0,3
53808,1,52048.83,52028.23,1.3496932515337423,0.9375812743822528,15,2026-06-17 15:30:00,2.0,3
53863,1,52256.78,52197.03,1.1119246861924685,1.8787198203256599,20,2026-06-17 20:05:00,-1.0,2
53888,1,51936.03,51822.03,1.0412287793047696,1.036700227346541,22,2026-06-17 22:10:00,-1.0,2
53973,1,51851.15,51839.4,0.8345945945945946,0.8964577656675748,6,2026-06-18 06:15:00,-1.0,0
53977,1,51850.15,51837.65,1.6040353089533417,0.8526187576126675,6,2026-06-18 06:35:00,-1.0,3
53979,1,51857.65,51843.65,1.1677175283732661,0.923439340400471,6,2026-06-18 06:45:00,-1.0,2
53982,-1,51867.65,51880.9,1.2752880921895007,0.8607888631090488,7,2026-06-18 07:00:00,2.0,3
53986,1,51841.65,51832.15,1.3104294478527607,0.6378896882494005,7,2026-06-18 07:20:00,-1.0,3
53987,1,51849.65,51836.65,1.2907801418439717,0.8615384615384616,7,2026-06-18 07:25:00,-1.0,3
53988,1,51841.15,51834.4,1.2416107382550337,0.4489311163895487,7,2026-06-18 07:30:00,-1.0,3
54004,1,51815.15,51809.15,1.0620549338758902,0.43298969072164945,8,2026-06-18 08:50:00,-1.0,2
54006,1,51818.0,51799.4,1.3952569169960474,1.22253521126751,9,2026-06-18 09:00:00,-1.0,3
54010,1,51814.75,51795.75,1.2602478551000953,0.9971883786316776,9,2026-06-18 09:20:00,2.0,3
54011,1,51836.75,51804.75,1.1967361740707163,1.65466297322253,9,2026-06-18 09:25:00,-1.0,2
54020,-1,51825.75,51881.75,1.0254724732949876,2.134785568413887,10,2026-06-18 10:10:00,-1.0,2
54032,-1,51874.25,51904.25,1.1512605042016806,1.129032258064516,11,2026-06-18 11:10:00,2.0,2
54033,-1,51870.25,51886.75,0.9791144527986633,0.6176470588235294,11,2026-06-18 11:15:00,2.0,1
54036,1,51844.75,51828.75,1.1877022653721683,0.6588235294117647,11,2026-06-18 11:30:00,-1.0,2
54037,1,51857.25,51829.75,1.0445660672400312,1.116751269035533,11,2026-06-18 11:35:00,-1.0,2
54045,1,51838.75,51820.75,0.890282131661442,0.5929411764705882,12,2026-06-18 12:15:00,2.0,1
54097,-1,51823.95,51918.7,2.3184357541899443,1.8082061068702324,16,2026-06-18 16:35:00,0.9874826147427115,4
54105,1,51731.95,51631.95,1.457774269928966,1.2334801762114538,17,2026-06-18 17:15:00,-0.3887156644395019,3
54127,1,51672.45,51646.45,0.8680664368536509,0.49056603773584906,19,2026-06-18 19:05:00,2.0,1
54145,-1,51717.45,51749.45,0.7874306839186691,0.8182648401826484,20,2026-06-18 20:35:00,2.0,0
54151,1,51675.45,51655.2,1.015617128463476,0.5349056603773585,21,2026-06-18 21:05:00,-1.0,2
54153,1,51685.2,51656.95,0.9682619647355164,0.798989898989899,21,2026-06-18 21:15:00,-1.0,1
54157,1,51664.45,51650.45,0.8989690721649485,0.4641799881586738,21,2026-06-18 21:35:00,-1.0,1
54161,1,51662.45,51649.45,1.0027793218454697,0.4315352697095436,21,2026-06-18 21:55:00,-1.0,2
54168,1,51665.45,51612.2,1.2176623376623377,1.549090909090909,22,2026-06-18 22:30:00,-1.0,3
54171,-1,51631.45,51707.45,1.2680464411913175,1.940720474236206,22,2026-06-18 22:45:00,0.2618015298953981,3
54173,-1,51604.15,51707.95,1.5204442200908632,2.14399527884324,22,2026-06-18 22:55:00,0.014322250639417273,3
54178,-1,51687.65,51713.9,0.543446951512242,0.5664303329223219,23,2026-06-18 23:20:00,2.0,0
54212,1,51600.49,51595.74,2.8677685950413223,0.33585858585858586,3,2026-06-19 03:10:00,2.0,4
54221,1,51602.49,51593.99,0.8431876606683805,0.4745762711864407,3,2026-06-19 03:55:00,-1.0,0
54222,1,51607.99,51595.24,1.236503856041131,0.697265625,4,2026-06-19 04:00:00,-1.0,3
54253,1,51506.74,51478.74,1.524390243902439,1.8403755868544602,6,2026-06-19 06:35:00,-1.0,3
54293,-1,51515.59,51528.09,0.7130681818181818,0.6776379477250726,9,2026-06-19 09:55:00,-1.0,0
54343,1,51500.09,51468.59,1.6291390728476822,1.1221374045801527,14,2026-06-19 14:05:00,-1.0,3
54348,1,51493.59,51465.34,1.1497584541062802,1.0232858990944373,14,2026-06-19 14:30:00,-1.0,2
54360,1,51466.09,51458.09,1.2430555555555556,0.3705541770057899,15,2026-06-19 15:30:00,-1.0,3
54362,1,51460.09,51436.84,1.7986111111111112,1.024390243902439,15,2026-06-19 15:40:00,2.0,4
54364,1,51573.09,51451.09,5.322916666666667,3.93321819228555,15,2026-06-19 15:50:00,-0.3587545157405392,4
54392,-1,51577.04,51602.29,0.7233201581027668,1.0158045977011494,18,2026-06-19 18:10:00,2.0,0
54404,1,51546.29,51535.54,0.45714285714285713,0.48784440842787685,19,2026-06-19 19:10:00,2.0,0
54442,-1,51518.59,51539.34,1.6276978417266188,0.5359778597785978,3,2026-06-22 03:20:00,-1.0,3
54458,-1,51606.59,51616.34,0.6196403872752421,0.4089887640449438,4,2026-06-22 04:40:00,2.0,0
54487,1,51493.59,51485.59,0.8930540242557883,0.5579078455790785,7,2026-06-22 07:05:00,-1.0,1
54570,-1,51679.19,51686.94,1.226530612244898,0.3469224620303757,14,2026-06-22 14:00:00,-1.0,3
54572,-1,51678.69,51696.94,1.7342799188640974,0.6632057105775471,14,2026-06-22 14:10:00,-1.0,4
54584,-1,51737.19,51751.69,1.012512030798845,0.5034097954122753,15,2026-06-22 15:10:00,-1.0,2
54590,-1,51732.19,51757.19,0.9539007092198581,0.9671981650869027,15,2026-06-22 15:40:00,-1.0,1
54598,-1,51754.19,51782.44,0.9585097375105842,0.8471308929680592,16,2026-06-22 16:20:00,-1.0,1
54599,-1,51770.94,51787.44,1.5207451312447078,0.4657258064516129,16,2026-06-22 16:25:00,-1.0,3
54612,-1,51755.14,51799.64,1.1510619204307508,0.5371847380901057,17,2026-06-22 17:30:00,-1.0,2
54620,1,51756.89,51714.89,0.9046538024971623,0.6389568052159739,18,2026-06-22 18:10:00,-1.0,1
54627,-1,51781.39,51851.89,0.822614418187257,1.283485045513654,18,2026-06-22 18:45:00,0.5668857324570562,0
54634,-1,51800.89,51854.89,0.759227903826617,1.0742451154529307,19,2026-06-22 19:20:00,2.0,0
54648,1,51757.89,51745.89,0.9625912408759124,0.35036496350364965,20,2026-06-22 20:30:00,-1.0,1
54649,1,51754.89,51727.64,0.9953183520599251,0.7845758354755785,20,2026-06-22 20:35:00,2.0,1
54650,1,51761.39,51744.89,0.8356807511737089,0.4896661367249603,20,2026-06-22 20:40:00,-1.0,0
54651,1,51768.39,51748.89,0.9107142857142857,0.5864661654135338,20,2026-06-22 20:45:00,-1.0,1
54659,-1,51796.64,51806.89,1.0103199174406605,0.3350846468184472,21,2026-06-22 21:25:00,-1.0,2
54660,-1,51779.89,51819.89,0.8833849329205367,1.2807318467695825,21,2026-06-22 21:30:00,2.0,1
54683,-1,51818.59,51833.09,0.29184968277208395,0.43707611152976916,23,2026-06-22 23:25:00,-1.0,0
54690,-1,51834.95,51860.2,0.9819432502149613,1.0448996482516109,1,2026-06-23 01:00:00,2.0,1
54697,1,51803.95,51786.7,1.789655172413793,0.9842680143462644,1,2026-06-23 01:35:00,-1.0,4
54707,1,51793.45,51778.7,0.6455981941309256,0.959349593495935,2,2026-06-23 02:25:00,2.0,0
54767,1,51707.95,51698.45,0.8324324324324325,0.43111831442463533,7,2026-06-23 07:25:00,-1.0,0
54768,1,51704.95,51697.45,0.9420970266040689,0.34341782502044155,7,2026-06-23 07:30:00,-1.0,1
54790,1,51578.8,51569.55,0.8091286307053942,0.32435817157169694,9,2026-06-23 09:20:00,-1.0,0
54828,-1,51476.55,51507.05,0.8910133843212237,1.0052972336668629,12,2026-06-23 12:30:00,-1.0,1
54829,-1,51473.55,51486.55,0.7635436583811345,0.43488649940262847,12,2026-06-23 12:35:00,-1.0,0
54857,-1,51582.55,51624.05,1.0086830680173662,1.0616719963453631,14,2026-06-23 14:55:00,2.0,2
54860,-1,51589.55,51604.55,1.2269503546099292,0.38077969174977333,15,2026-06-23 15:10:00,2.0,3
54875,1,51513.8,51471.05,0.8545918367346939,1.1816386969397827,16,2026-06-23 16:25:00,-1.0,1
54878,-1,51573.75,51593.75,2.2129684711481263,0.3518693056864593,16,2026-06-23 16:40:00,-1.0,4
54897,1,51741.25,51721.25,0.8301362246316375,0.321285140562249,18,2026-06-23 18:15:00,-1.0,0
54900,1,51733.0,51705.0,0.9271255060728745,0.5140983606557377,18,2026-06-23 18:30:00,2.0,1
54902,1,51739.25,51696.25,0.8720657276995305,0.7936717205009888,18,2026-06-23 18:40:00,2.0,1
54923,-1,51895.25,51930.25,0.9553235908141963,1.0669569951007076,20,2026-06-23 20:25:00,2.0,1
54982,1,51717.8,51702.3,0.6127946127946128,0.6391752577319587,2,2026-06-24 02:20:00,-1.0,0
54994,-1,51719.8,51755.3,2.128421052631579,1.0441176470588236,3,2026-06-24 03:20:00,0.7443181818181818,4
55001,1,51724.55,51699.55,1.0250458155161881,0.8083140877598153,3,2026-06-24 03:55:00,-1.0,2
55003,1,51720.8,51704.3,1.269164265129683,0.5110619469026548,4,2026-06-24 04:05:00,-1.0,3
55006,1,51734.8,51687.8,1.0298750678978816,1.5722819593787336,4,2026-06-24 04:20:00,-1.0,2
55009,1,51714.3,51701.55,0.7960954446854663,0.45886889460154245,4,2026-06-24 04:35:00,-1.0,0
55017,-1,51735.8,51749.3,0.8368967623701894,0.5231833910034602,5,2026-06-24 05:15:00,2.0,0
55028,1,51726.3,51680.3,1.0691994572591588,1.6009944064636419,6,2026-06-24 06:10:00,-1.0,2
55033,-1,51735.3,51753.3,0.989100817438692,0.6010733452593917,6,2026-06-24 06:35:00,2.0,1
55051,1,51684.3,51669.3,1.083921568627451,0.6588235294117647,8,2026-06-24 08:05:00,-1.0,2
55052,1,51686.3,51679.05,1.0745098039215686,0.3338815789473684,8,2026-06-24 08:10:00,2.0,2
55063,1,51671.4,51654.9,1.2878535773710482,0.7979274611398964,9,2026-06-24 09:05:00,-1.0,3
55068,1,51678.9,51664.9,1.08843537414966,0.6593776282590412,9,2026-06-24 09:30:00,-1.0,2
55074,1,51649.15,51636.9,1.6390154968094803,0.5280985373364125,10,2026-06-24 10:00:00,-1.0,3
55075,1,51664.9,51628.9,1.6973564266180492,1.3770491803278688,10,2026-06-24 10:05:00,1.1754827875733815,4
55081,1,51652.9,51626.4,1.278854254422915,0.9718402095612312,10,2026-06-24 10:35:00,2.0,3
55083,-1,51695.15,51703.9,1.0538152610441767,0.3011677934849416,10,2026-06-24 10:45:00,2.0,2
55087,-1,51677.9,51704.4,1.321955003878976,0.7583035258048033,11,2026-06-24 11:05:00,-1.0,3
55120,-1,51687.4,51712.9,0.8868778280542986,1.05,13,2026-06-24 13:50:00,-1.0,1
55151,1,51693.65,51618.15,1.1523809523809523,2.0229665071770335,16,2026-06-24 16:25:00,2.0,2
55154,1,51768.35,51672.35,2.73229939312205,1.8286958296482827,16,2026-06-24 16:40:00,2.0,4
55157,-1,51812.35,51897.85,2.281862745098039,1.2657290895632902,16,2026-06-24 16:55:00,-1.0,4
55158,-1,51818.35,51860.6,2.1869158878504673,0.5975049244911377,17,2026-06-24 17:00:00,-1.0,4
55227,1,51922.6,51888.85,1.0192976906042392,0.5727272727272728,22,2026-06-24 22:45:00,2.0,2
55228,1,51963.1,51895.1,1.078139829167985,1.1131248173048816,22,2026-06-24 22:50:00,-0.2938551439446841,2
55229,1,51949.55,51900.3,0.8857956342929453,0.8326791860394948,22,2026-06-24 22:55:00,2.0,1
55254,1,51980.13,51970.63,0.6835699797160243,0.48188405797101447,2,2026-06-25 02:00:00,-1.0,0
55258,1,51984.13,51964.63,0.6423357664233577,1.4796747967479675,2,2026-06-25 02:20:00,-1.0,0
55267,1,51979.63,51959.63,2.580740740740741,1.1081209434858306,3,2026-06-25 03:05:00,-1.0,4
55303,-1,51945.88,51964.13,0.6684073107049608,1.0396744659206512,6,2026-06-25 06:05:00,-1.0,0
55307,-1,51959.63,51965.38,0.7829534192269574,0.35817575083426034,6,2026-06-25 06:25:00,-1.0,0
55308,-1,51958.38,51970.63,1.041340782122905,0.7857961053837342,6,2026-06-25 06:30:00,2.0,2
55314,-1,51954.88,51973.63,0.9070063694267516,1.202749140893471,7,2026-06-25 07:00:00,2.0,1
55321,1,51928.63,51909.13,1.0714285714285714,1.3632958801498127,7,2026-06-25 07:35:00,-1.0,2
55326,1,51921.38,51899.63,1.2875175315568022,1.2265861027190332,8,2026-06-25 08:00:00,2.0,3
55367,1,51993.73,51985.23,0.979631425800194,0.4612403100775194,11,2026-06-25 11:25:00,-1.0,1
55373,1,51975.23,51965.23,0.8462311557788945,0.5283018867924528,11,2026-06-25 11:55:00,2.0,0
55385,-1,52010.23,52028.23,0.917470525187567,0.9205479452054796,12,2026-06-25 12:55:00,-1.0,1
55405,1,52063.23,52039.98,1.0428736964078795,1.1175965665236052,14,2026-06-25 14:35:00,-1.0,2
55416,1,52093.98,52003.98,3.0582329317269075,2.8251121076233185,15,2026-06-25 15:30:00,2.0,4
55418,-1,52073.73,52096.23,2.3166986564299425,0.65015479876161,15,2026-06-25 15:40:00,-1.0,4
55488,-1,52108.93,52226.43,1.0983277591973244,1.5210355987055015,21,2026-06-25 21:30:00,-0.2670808588396592,2
55503,1,52010.43,51977.18,1.0411240575736807,0.7465918203688854,22,2026-06-25 22:45:00,-1.0,2
55504,1,52034.43,51989.43,1.067854694996573,1.0434782608695652,22,2026-06-25 22:50:00,-1.0,2
55505,1,52039.88,51963.13,1.017820424948595,1.6861514319340918,22,2026-06-25 22:55:00,0.7953072286105208,2
55534,-1,52184.97,52204.97,2.3633587786259542,1.0399257195914577,2,2026-06-26 02:20:00,2.0,4
55535,-1,52173.97,52198.97,1.8928571428571428,1.276207839562443,2,2026-06-26 02:25:00,2.0,4
55542,1,52097.22,52053.97,2.63231850117096,1.4652147610405324,3,2026-06-26 03:00:00,-1.0,4
55563,1,52052.97,52005.72,1.1287128712871286,1.4651162790697674,4,2026-06-26 04:45:00,-1.0,2
55586,1,51910.97,51877.97,1.2374185908821789,1.3228346456692912,6,2026-06-26 06:40:00,-1.0,3
55612,1,51895.47,51858.97,1.2169014084507042,1.4475920679886685,8,2026-06-26 08:50:00,2.0,3
55613,1,51896.47,51882.22,0.9859154929577465,0.5495867768595042,8,2026-06-26 08:55:00,2.0,1
55614,1,51919.57,51891.47,1.0211267605633803,1.0565328320128404,9,2026-06-26 09:00:00,2.0,2
55618,-1,51950.57,51962.57,0.9875862068965517,0.4260174971472058,9,2026-06-26 09:20:00,-1.0,1
55634,-1,52093.57,52120.82,0.7360335195530726,0.7985347985347986,10,2026-06-26 10:40:00,-1.0,0
55638,-1,52096.32,52134.32,1.3746312684365782,1.188826815642458,11,2026-06-26 11:00:00,2.0,3
55640,-1,52092.07,52128.57,1.1150442477876106,1.1072589382448537,11,2026-06-26 11:10:00,2.0,2
55663,1,51955.57,51926.07,0.9954692556634305,0.7969126869271587,13,2026-06-26 13:05:00,2.0,1
55676,-1,51967.57,51992.32,0.9267935578330894,0.8896020539152759,14,2026-06-26 14:10:00,-1.0,1
55685,1,51955.32,51925.57,1.1471518987341771,1.0066465256797583,14,2026-06-26 14:55:00,2.0,2
55690,-1,51967.07,52019.57,1.2746748278500382,1.4033412887828163,15,2026-06-26 15:20:00,2.0,3
55692,-1,51982.57,52008.07,1.2017416545718433,0.6669780476412892,15,2026-06-26 15:30:00,2.0,2
55698,1,51925.57,51890.57,1.2716273442226256,0.8142916493560449,16,2026-06-26 16:00:00,-1.0,3
55710,1,51933.77,51859.97,1.9195016770483948,0.8764473851634561,17,2026-06-26 17:00:00,2.0,4
55711,1,51978.52,51919.52,1.6913372582001682,0.6694492847590882,17,2026-06-26 17:05:00,2.0,4
55714,-1,52054.27,52091.02,1.1678189817724702,0.3887860354403601,17,2026-06-26 17:20:00,-1.0,2
55715,-1,52067.02,52111.52,0.9854211663066955,0.48365810107910934,17,2026-06-26 17:25:00,-1.0,1
55716,-1,52028.77,52102.77,0.949244060475162,0.7874733961690492,17,2026-06-26 17:30:00,-1.0,1
55738,1,51955.77,51920.77,1.0072992700729928,0.4998469856166502,19,2026-06-26 19:20:00,2.0,2
55767,1,51931.27,51912.77,1.052027269465375,0.4261620732208968,21,2026-06-26 21:45:00,-1.0,2
55771,1,51934.27,51895.27,1.0337156760514425,0.8753507014028056,22,2026-06-26 22:05:00,-1.0,2
55772,1,51962.27,51919.27,1.0017379214459508,0.9840621168778096,22,2026-06-26 22:10:00,-1.0,2
55774,1,51940.27,51918.27,1.0570129415879679,0.49537595496582226,22,2026-06-26 22:20:00,-1.0,2
55778,1,51901.77,51872.77,1.0364963503649636,0.6775135586149353,22,2026-06-26 22:40:00,-1.0,2
55780,1,51980.27,51864.77,1.224191866527633,2.1940298507462686,22,2026-06-26 22:50:00,-1.0,3
55781,-1,51829.97,52000.02,1.1004851004851004,2.769705078238556,22,2026-06-26 22:55:00,-1.0,2
55782,1,51915.22,51851.47,1.2245322245322245,0.9404140983088395,23,2026-06-26 23:00:00,2.0,3
55783,1,51912.47,51864.47,0.9291121816930489,0.6883130185393865,23,2026-06-26 23:05:00,2.0,1
55784,1,51933.47,51891.47,0.848589125946318,0.5972271596160709,23,2026-06-26 23:10:00,-1.0,1
55819,-1,52043.75,52077.25,2.614240170031881,1.3248587570621468,3,2026-06-29 03:05:00,-1.0,4
55834,1,52008.75,51983.0,1.062869425040301,0.6691415313225059,4,2026-06-29 04:20:00,-1.0,2
55837,1,52023.0,51978.0,1.088400613183444,1.1726384364820848,4,2026-06-29 04:35:00,-1.0,2
55839,1,52004.0,51985.75,0.9340827797649464,0.4744661095636026,4,2026-06-29 04:45:00,-1.0,1
55840,1,52013.0,52002.0,0.8447916666666667,0.30359783144406116,4,2026-06-29 04:50:00,-1.0,0
55845,1,51996.0,51953.25,0.9404563160823595,1.2761194029850746,5,2026-06-29 05:15:00,2.0,1
55881,-1,52062.0,52088.0,1.22011385199241,1.5025799793601653,8,2026-06-29 08:15:00,-1.0,3
55893,-1,52077.6,52091.35,0.9621993127147767,0.6010928961748634,9,2026-06-29 09:15:00,2.0,1
55905,1,52051.6,52035.1,0.9443016281062554,0.7555192150449713,10,2026-06-29 10:15:00,2.0,1
55914,-1,52123.6,52144.6,1.6653620352250489,0.6384364820846905,11,2026-06-29 11:00:00,-1.0,3
55918,-1,52121.6,52144.35,1.1839285714285714,0.7242751563388289,11,2026-06-29 11:20:00,2.0,2
55937,1,52069.6,52046.6,1.284518828451883,0.9930609097918274,12,2026-06-29 12:55:00,-1.0,3
55946,-1,52115.6,52133.6,0.9551912568306011,0.6985446985446986,13,2026-06-29 13:40:00,-1.0,1
55953,-1,52110.35,52132.6,1.0186199342825848,0.8208168642951251,14,2026-06-29 14:15:00,-1.0,2
55970,1,52115.6,52083.6,1.3326403326403327,1.2240437158469946,15,2026-06-29 15:40:00,2.0,3
55974,-1,52164.6,52174.6,1.3147410358565736,0.3880803880803881,16,2026-06-29 16:00:00,-1.0,3
55975,-1,52163.6,52175.6,1.3697560975609757,0.4609053497942387,16,2026-06-29 16:05:00,-1.0,3
55978,-1,52137.1,52222.6,1.1981308411214953,2.488565488565489,16,2026-06-29 16:20:00,-1.0,2
55979,-1,52151.6,52177.35,1.5719626168224299,0.7003399708596405,16,2026-06-29 16:25:00,-1.0,3
55980,1,52278.8,52077.6,3.8945420906567993,4.040160642570344,16,2026-06-29 16:30:00,-1.0,4
55988,-1,52031.3,52187.8,2.9823788546255505,1.553955814035954,17,2026-06-29 17:10:00,-1.0,4
55989,1,52150.8,52021.05,2.677900194426442,1.173298023511171,17,2026-06-29 17:15:00,1.0514851035828328,4
55993,-1,52344.8,52392.8,0.9724297861375935,0.4013258084744234,17,2026-06-29 17:35:00,2.0,1
56025,-1,52231.55,52266.8,1.0510304219823356,1.0265210608424338,20,2026-06-29 20:15:00,-1.0,2
56026,-1,52201.3,52256.55,1.0255152109911678,1.5286561264822134,20,2026-06-29 20:20:00,-1.0,2
56070,1,52240.37,52224.62,2.7420494699646643,0.792595255212086,1,2026-06-30 01:00:00,-1.0,4
56071,1,52240.62,52224.12,2.487632508833922,0.9361702127659575,1,2026-06-30 01:05:00,-1.0,4
56073,1,52242.12,52230.87,0.7243816254416962,0.6702127659574468,1,2026-06-30 01:15:00,-1.0,0
56075,1,52232.62,52224.87,1.0448343079922027,0.48600223964165734,1,2026-06-30 01:25:00,-1.0,2
56078,1,52233.62,52219.87,1.3628318584070795,0.8324324324324325,1,2026-06-30 01:40:00,-1.0,3
56096,1,52224.12,52206.62,3.1808278867102397,1.1149032992036405,3,2026-06-30 03:10:00,-1.0,4
56101,1,52194.62,52175.37,2.348993288590604,1.053763440860215,3,2026-06-30 03:35:00,2.0,4
56103,1,52208.62,52186.12,1.690888119953864,1.1753731343283582,3,2026-06-30 03:45:00,2.0,4
56112,-1,52244.62,52257.12,1.1026785714285714,0.6499535747446611,4,2026-06-30 04:30:00,2.0,2
56160,1,52268.87,52264.62,1.9235880398671097,0.3175874032559282,8,2026-06-30 08:30:00,2.0,4
56161,1,52274.62,52263.62,1.398671096345515,0.8133086876155018,8,2026-06-30 08:35:00,-1.0,3
56168,-1,52291.22,52302.47,1.331360946745562,0.8433734939759037,9,2026-06-30 09:10:00,2.0,3
56171,1,52283.97,52253.97,1.4804469273743017,2.0119760479041915,9,2026-06-30 09:25:00,-1.0,3
56173,1,52270.22,52261.22,1.1702702702702703,0.5575221238938053,9,2026-06-30 09:35:00,2.0,2
56175,1,52287.97,52258.22,1.1918678526048285,1.671013039117352,9,2026-06-30 09:45:00,-1.0,2
56180,-1,52291.47,52319.22,1.4168618266978923,1.2864238410596025,10,2026-06-30 10:10:00,-1.0,3
56188,1,52293.97,52276.47,1.0444444444444445,0.8319185059422751,10,2026-06-30 10:50:00,-1.0,2
56194,1,52306.22,52277.22,1.1226215644820297,1.3443708609271523,11,2026-06-30 11:20:00,-1.0,2
56200,1,52281.22,52242.22,1.3743589743589744,1.4907849829351536,11,2026-06-30 11:50:00,2.0,3
56201,1,52293.22,52277.72,1.0625641025641026,0.5904761904761905,11,2026-06-30 11:55:00,2.0,2
56228,-1,52387.22,52411.72,0.9471316085489314,0.8463911165946946,14,2026-06-30 14:10:00,2.0,1
56256,-1,52101.17,52352.47,3.1562021439509955,4.5851687736218265,16,2026-06-30 16:30:00,-1.0,4
56258,1,52209.17,52146.42,2.4201183431952664,0.9330359513568024,16,2026-06-30 16:40:00,2.0,4
56259,1,52198.42,52156.92,2.5857988165680474,0.5881757440777469,16,2026-06-30 16:45:00,2.0,4
56269,-1,52345.42,52431.17,0.9603960396039604,0.9053203122054201,17,2026-06-30 17:35:00,-1.0,1
56271,-1,52348.92,52396.92,0.9617161716171617,0.6179310344827587,17,2026-06-30 17:45:00,-1.0,1
56272,-1,52326.92,52377.92,0.9432343234323433,0.7067557535263548,17,2026-06-30 17:50:00,-1.0,1
56289,-1,52420.92,52449.92,0.6972176759410802,0.6537842190016103,19,2026-06-30 19:15:00,-1.0,0
56290,-1,52419.67,52434.92,0.6630434782608695,0.3552412645590682,19,2026-06-30 19:20:00,-1.0,0
56291,-1,52408.92,52429.67,0.6578723404255319,0.49764453961456107,19,2026-06-30 19:25:00,-1.0,0
56296,-1,52448.92,52460.92,0.8527131782945736,0.3595505617977528,19,2026-06-30 19:50:00,2.0,1
56297,-1,52442.92,52460.92,0.7657754010695187,0.5724020442930153,19,2026-06-30 19:55:00,2.0,0
56298,-1,52433.42,52452.92,0.6713819368879217,0.6363636363636364,20,2026-06-30 20:00:00,-1.0,0
56304,-1,52444.92,52462.92,1.0111475409836066,0.6820027063599459,20,2026-06-30 20:30:00,2.0,2
56316,1,52387.67,52370.92,0.976123595505618,0.6303763440860215,21,2026-06-30 21:30:00,2.0,1
56317,1,52389.42,52378.02,1.0056980056980056,0.42685209949189556,21,2026-06-30 21:35:00,2.0,2
56318,1,52395.42,52386.67,0.9871611982881597,0.34736991351197927,21,2026-06-30 21:40:00,2.0,1
56332,1,52409.92,52359.42,1.6332882273342355,1.5798882681564246,22,2026-06-30 22:50:00,-1.0,3
56334,1,52392.37,52361.62,1.2346179851250845,0.8346258239627834,23,2026-06-30 23:00:00,-1.0,3
56336,1,52353.12,52334.12,0.870946393117141,0.4923190819914902,23,2026-06-30 23:10:00,-1.0,1
56377,-1,52310.6,52323.35,2.0655021834061134,0.9284785435630689,3,2026-07-01 03:35:00,-1.0,4
56380,-1,52307.6,52328.6,1.2275862068965517,1.3966745843230404,3,2026-07-01 03:50:00,2.0,3
56381,-1,52309.35,52316.85,1.2781065088757397,0.523038605230386,3,2026-07-01 03:55:00,2.0,3
56382,-1,52271.35,52318.35,1.8051575931232091,2.8301075268817204,4,2026-07-01 04:00:00,2.0,4
56384,1,52280.1,52258.35,1.3657458563535911,1.2971246006389776,4,2026-07-01 04:10:00,-1.0,3
56385,1,52272.6,52261.6,1.392820512820513,0.6285714285714286,4,2026-07-01 04:15:00,-1.0,3
56412,1,52175.35,52168.85,1.0,0.5861513687600645,6,2026-07-01 06:30:00,2.0,1
56430,-1,52211.6,52222.85,1.3446475195822454,0.780940103133676,8,2026-07-01 08:00:00,-1.0,3
56452,-1,52220.2,52237.95,0.9141039236479321,0.9539347408829174,9,2026-07-01 09:50:00,2.0,1
56454,-1,52208.95,52238.45,1.5700325732899023,1.5268022181146024,10,2026-07-01 10:00:00,2.0,3
56460,1,52190.45,52167.45,1.0584737363726462,0.8956884561891516,10,2026-07-01 10:30:00,2.0,2
56461,1,52198.45,52177.45,0.8788461538461538,0.8275862068965517,10,2026-07-01 10:35:00,2.0,1
56492,1,52228.95,52209.2,1.1453940066592674,1.0,13,2026-07-01 13:10:00,2.0,2
56495,-1,52256.45,52268.45,0.8407789232531501,0.6193548387096774,13,2026-07-01 13:25:00,-1.0,0
56498,-1,52251.45,52275.95,0.9827586206896551,1.2564102564102564,13,2026-07-01 13:40:00,-1.0,1
56502,-1,52268.45,52281.45,1.0955414012738853,0.6476868327402134,14,2026-07-01 14:00:00,-1.0,2
56504,-1,52265.45,52276.45,1.1175726927939318,0.5615314494074749,14,2026-07-01 14:10:00,-1.0,2
56506,-1,52273.2,52287.2,0.9533417402269861,0.7159817351598174,14,2026-07-01 14:20:00,2.0,1
56507,-1,52267.45,52278.45,0.905422446406053,0.5945945945945946,14,2026-07-01 14:25:00,2.0,1
56517,1,52244.45,52216.45,1.6123662306777646,1.1329479768786126,15,2026-07-01 15:15:00,-1.0,3
56524,-1,52235.45,52251.2,1.60727969348659,0.47547169811320755,15,2026-07-01 15:50:00,-1.0,3
56525,-1,52234.45,52255.45,1.6056603773584905,0.6251993620414673,15,2026-07-01 15:55:00,-1.0,3
56526,-1,52234.45,52275.45,1.7040205303678357,1.1613555892766818,16,2026-07-01 16:00:00,-1.0,4
56532,-1,52121.15,52350.7,2.5384157236450267,3.7453528349163276,16,2026-07-01 16:30:00,-1.0,4
56534,1,52198.65,52138.65,2.0562894887995404,0.8988283130918665,16,2026-07-01 16:40:00,2.0,4
56552,-1,52490.15,52531.65,0.8110055682934818,0.7072256305385105,18,2026-07-01 18:10:00,-1.0,0
56581,1,52533.9,52517.9,1.1066350710900474,0.38687392055267705,20,2026-07-01 20:35:00,-1.0,2
56604,1,52407.15,52379.15,1.0715574263379435,0.9961880559085133,22,2026-07-01 22:30:00,-1.0,2
56606,1,52414.15,52395.65,1.1643076923076923,0.6624040920716113,22,2026-07-01 22:40:00,-1.0,2
56607,1,52416.65,52393.9,1.2098461538461538,0.8224661071659135,22,2026-07-01 22:45:00,-1.0,3
56608,1,52418.65,52394.15,1.4055384615384616,0.8484848484848485,22,2026-07-01 22:50:00,-1.0,3
56620,1,52294.6,52283.35,0.47735442127965494,0.3974261922785739,23,2026-07-01 23:50:00,-1.0,0
56634,-1,52321.09,52327.59,0.7207792207792207,0.44607843137254904,2,2026-07-02 02:00:00,2.0,0
56635,-1,52319.34,52323.59,0.5064935064935064,0.3078913324708926,2,2026-07-02 02:05:00,-1.0,0
56643,-1,52293.59,52327.34,3.24025974025974,3.129139072847682,2,2026-07-02 02:45:00,-1.0,4
56645,1,52312.34,52304.09,2.396103896103896,0.66189111747851,2,2026-07-02 02:55:00,-1.0,4
56650,1,52310.09,52293.09,5.030812324929972,0.9379310344827586,3,2026-07-02 03:20:00,-1.0,4
56747,-1,52397.94,52412.44,1.0922213311948676,0.5615491009681881,11,2026-07-02 11:25:00,-1.0,2
56753,-1,52391.69,52413.94,0.7210084033613445,0.9250185597624351,11,2026-07-02 11:55:00,-1.0,0
56787,-1,52477.44,52487.44,1.1849865951742626,0.5431619786614937,14,2026-07-02 14:45:00,2.0,2
56808,-1,52581.14,52684.69,2.2215122470713524,1.6021440017682835,16,2026-07-02 16:30:00,-1.0,4
56844,1,52660.39,52645.14,0.8554112554112554,0.3067528735632184,19,2026-07-02 19:30:00,-1.0,1
56845,1,52665.64,52627.14,0.9286563614744352,0.7997032640949554,19,2026-07-02 19:35:00,-1.0,1
56846,1,52675.64,52651.64,0.9328014728444308,0.5303867403314917,19,2026-07-02 19:40:00,-1.0,1
56847,1,52693.14,52645.64,0.932923076923077,1.0476565576998818,19,2026-07-02 19:45:00,-1.0,1
56862,1,52541.64,52471.64,0.9270903010033444,1.2727272727272727,21,2026-07-02 21:00:00,2.0,1
56872,-1,52693.64,52732.64,0.8445706174591909,0.8079911209766926,21,2026-07-02 21:50:00,-1.0,0
56914,-1,52921.59,52924.84,0.9924050632911392,0.30485762144053596,2,2026-07-03 02:20:00,-1.0,1
56915,-1,52922.09,52928.09,1.0051020408163265,0.563758389261745,2,2026-07-03 02:25:00,-1.0,2
56917,-1,52922.59,52928.59,1.0153061224489797,0.5618729096989966,2,2026-07-03 02:35:00,-1.0,2
56918,-1,52915.84,52926.84,0.9948979591836735,1.0232558139534884,2,2026-07-03 02:40:00,-1.0,1
56922,-1,52916.59,52941.59,3.6785714285714284,1.7220172201722017,3,2026-07-03 03:00:00,-1.0,4
56923,-1,52916.59,52931.59,3.1603053435114505,0.9699769053117784,3,2026-07-03 03:05:00,-1.0,4
56964,-1,53041.34,53052.59,1.7123893805309736,0.9292035398230089,6,2026-07-03 06:30:00,2.0,4
56994,1,52998.69,52971.59,1.6507936507936507,1.6542402441686153,9,2026-07-03 09:00:00,-1.0,3
57008,-1,53031.44,53056.69,1.1766848816029143,1.3020257826887662,10,2026-07-03 10:10:00,2.0,2
57037,1,52843.19,52831.19,0.6531302876480541,0.6643729979831465,12,2026-07-03 12:35:00,-1.0,0
57043,1,52832.19,52819.19,1.0766423357664234,0.7512899896800826,13,2026-07-03 13:05:00,2.0,2
57044,1,52839.19,52826.69,0.6970802919708029,0.7231404958677686,13,2026-07-03 13:10:00,2.0,0
57046,1,52842.19,52828.19,0.6440677966101694,0.8385026737967913,13,2026-07-03 13:20:00,-1.0,0
57050,-1,52848.19,52870.19,0.7470355731225297,1.3009503695881732,13,2026-07-03 13:40:00,2.0,0
57063,1,52816.69,52797.19,0.7421052631578947,1.242320819112628,14,2026-07-03 14:45:00,-1.0,0
57078,-1,52827.19,52834.69,1.4065420560747663,0.4077669902912621,16,2026-07-03 16:00:00,2.0,3
57084,-1,52818.89,52846.19,3.4969574036511157,1.5552390640896878,16,2026-07-03 16:30:00,-1.0,4
57087,-1,52824.64,52865.89,2.7670682730923697,1.9028006589785833,16,2026-07-03 16:45:00,-1.0,4
57090,-1,52832.89,52846.89,2.0718336483931945,0.5616045845272206,17,2026-07-03 17:00:00,-1.0,4
57093,-1,52859.89,52883.39,1.769100169779287,0.8652202498356345,17,2026-07-03 17:15:00,-1.0,4
57094,-1,52857.89,52868.14,1.1560549313358301,0.36700767263427114,17,2026-07-03 17:20:00,-1.0,2
57129,1,52872.91,52856.91,1.1692307692307693,0.9531103735852102,1,2026-07-06 01:10:00,2.0,2
57130,1,52880.16,52865.41,1.4901098901098901,0.8523548107483243,1,2026-07-06 01:15:00,2.0,3
57143,-1,52920.66,52934.91,0.5490196078431373,0.9511323003575685,2,2026-07-06 02:20:00,-1.0,0
57145,-1,52930.41,52936.41,0.8863636363636364,0.41687344913151364,2,2026-07-06 02:30:00,-1.0,1
57192,1,52892.91,52885.41,0.3365200764818356,0.4872389791183295,6,2026-07-06 06:25:00,-1.0,0
57198,1,52882.41,52870.91,0.7155361050328227,0.8374512353706112,6,2026-07-06 06:55:00,-1.0,0
57201,1,52892.41,52867.41,0.7756906077348066,1.6867469879518073,7,2026-07-06 07:10:00,2.0,0
57280,1,52907.01,52883.01,1.148997134670487,1.1043549712407559,13,2026-07-06 13:45:00,-1.0,2
57283,1,52901.26,52893.26,1.6858475894245724,0.4010743061772605,14,2026-07-06 14:00:00,-1.0,4
57307,1,52822.01,52812.76,1.2646706586826348,0.34718498659517427,16,2026-07-06 16:00:00,-1.0,3
57312,1,52982.01,52800.26,1.598369011213048,4.924044508950169,16,2026-07-06 16:25:00,-1.0,3
57315,-1,52879.41,52925.46,3.387002909796314,0.7767937827579265,16,2026-07-06 16:40:00,2.0,4
57317,-1,52823.21,52914.71,3.617846750727449,1.3193264328750234,16,2026-07-06 16:50:00,-1.0,4
57323,1,52808.46,52767.21,1.3777410012412081,0.44908433453866897,17,2026-07-06 17:20:00,2.0,3
57346,1,52908.96,52862.21,0.6609808102345416,1.3453237410071943,19,2026-07-06 19:15:00,2.0,0
57370,-1,52995.46,53004.21,1.046885934219734,0.30856423173803527,21,2026-07-06 21:15:00,-1.0,2
57373,-1,52996.21,53028.21,0.9432672590567327,1.1414012738853503,21,2026-07-06 21:30:00,-1.0,1
57374,-1,52992.71,53003.21,0.8462064251537936,0.3825634352635003,21,2026-07-06 21:35:00,-1.0,0
57375,-1,52988.21,53002.21,0.8434723171565277,0.5459610027855153,21,2026-07-06 21:40:00,-1.0,0
57417,-1,53160.16,53163.66,0.8280254777070064,0.3747609942638624,2,2026-07-07 02:10:00,2.0,0
57461,1,53146.16,53139.16,0.692144373673036,0.6522462562396006,5,2026-07-07 05:50:00,-1.0,0
57463,1,53146.91,53131.16,1.1483870967741936,1.391167192429022,6,2026-07-07 06:00:00,-1.0,2
57466,1,53143.16,53138.16,0.7789934354485777,0.48611111111111105,6,2026-07-07 06:15:00,-1.0,0
57480,1,53140.16,53132.41,0.7647058823529411,0.6363636363636364,7,2026-07-07 07:25:00,-1.0,0
57503,1,53087.51,53072.01,0.9725085910652921,0.9146469968387776,9,2026-07-07 09:20:00,2.0,1
57533,-1,53187.26,53213.01,1.260229132569558,1.1016042780748663,11,2026-07-07 11:50:00,-1.0,3
57559,1,53182.76,53147.76,2.388170055452865,1.6491653204092478,14,2026-07-07 14:00:00,2.0,4
57564,-1,53220.51,53242.51,0.9553264604810997,1.1149321266968326,14,2026-07-07 14:25:00,-1.0,1
57567,-1,53225.76,53250.01,0.9759450171821306,1.0987055016181229,14,2026-07-07 14:40:00,-1.0,1
57569,-1,53224.26,53255.01,1.1577123050259965,1.221276595744681,14,2026-07-07 14:50:00,-1.0,2
57574,-1,53239.01,53260.76,1.3853503184713376,0.9022222222222223,15,2026-07-07 15:15:00,-1.0,3
57589,-1,53227.46,53360.01,4.910866910866911,3.0543988149124055,16,2026-07-07 16:30:00,2.0,4
57640,-1,52939.46,52964.21,0.939938080495356,0.8284518828451883,20,2026-07-07 20:45:00,-1.0,1
57649,-1,52955.46,52979.96,1.0198494182067077,0.8401714635639926,21,2026-07-07 21:30:00,-1.0,2
57650,-1,52960.46,52979.46,0.8201634877384196,0.6708701134930642,21,2026-07-07 21:35:00,-1.0,0
57652,-1,52934.46,52988.71,1.1332417582417582,1.6519847743338771,21,2026-07-07 21:45:00,0.5933414337788107,2
57659,1,52923.46,52870.46,1.9106296547054842,1.3993399339933994,22,2026-07-07 22:20:00,-1.0,4
57666,-1,52932.41,52989.96,0.992467043314501,1.4035362773276632,22,2026-07-07 22:55:00,0.08126736636952853,1
57679,1,52909.4,52851.4,1.770065075921909,2.056737588652505,1,2026-07-08 01:00:00,-1.0,4
57695,-1,52906.4,52924.15,0.8779527559055118,1.0745945945945947,2,2026-07-08 02:20:00,2.0,1
57707,1,52883.9,52837.9,3.693103448275862,1.7655928718300207,3,2026-07-08 03:20:00,0.0952138060018665,4
57716,-1,52910.4,52930.65,1.1751767478397486,0.7320852162685604,4,2026-07-08 04:05:00,2.0,2
57768,1,52863.4,52855.4,1.2078346028291622,0.5358851674641149,8,2026-07-08 08:25:00,-1.0,2
57824,1,52223.0,52201.75,0.6976115367282559,0.5279503105590062,13,2026-07-08 13:05:00,2.0,0
57825,1,52227.0,52201.0,0.6952869808679422,0.6681964203763194,13,2026-07-08 13:10:00,2.0,0
57875,1,52345.7,52277.2,1.243669845445577,0.8541527499443331,17,2026-07-08 17:20:00,-1.0,3
57940,1,52331.45,52306.45,1.2171344165435747,0.7662835249042146,22,2026-07-08 22:45:00,-1.0,3
57945,1,52324.4,52306.15,0.7091469681397738,0.5281107895824769,23,2026-07-08 23:10:00,-1.0,0
57975,-1,52323.39,52328.64,0.8020833333333334,0.4158415841584158,2,2026-07-09 02:40:00,-1.0,0
57976,-1,52323.14,52337.64,1.8100263852242744,1.15014164305949,2,2026-07-09 02:45:00,-1.0,4
57979,-1,52324.64,52345.89,3.8048780487804876,1.4874999999999998,3,2026-07-09 03:00:00,-1.0,4
57982,-1,52327.14,52354.39,3.308924485125858,1.4931506849315068,3,2026-07-09 03:15:00,-1.0,4
58001,-1,52394.14,52421.14,0.9432943294329433,1.255813953488372,4,2026-07-09 04:50:00,-1.0,1
58007,-1,52407.14,52431.64,0.8958333333333334,1.2919020715630884,5,2026-07-09 05:20:00,-1.0,1
58009,-1,52412.89,52425.64,0.8453201970443349,0.7293156281920327,5,2026-07-09 05:30:00,2.0,0
58018,1,52381.14,52375.64,0.9135538954108858,0.3688622754491018,6,2026-07-09 06:15:00,2.0,1
58019,1,52385.64,52375.64,1.0215982721382288,0.6804374240583232,6,2026-07-09 06:20:00,2.0,2
58021,-1,52430.14,52436.39,1.2209178228388473,0.3981797497155859,6,2026-07-09 06:30:00,-1.0,3
58024,-1,52426.64,52434.64,0.6850220264317181,0.5423728813559322,6,2026-07-09 06:45:00,-1.0,0
58027,-1,52429.64,52437.64,0.8331388564760793,0.5721583652618135,7,2026-07-09 07:00:00,-1.0,0
58030,-1,52433.14,52444.14,0.8018867924528302,0.7817258883248731,7,2026-07-09 07:15:00,-1.0,0
58031,-1,52424.64,52436.64,0.6222222222222222,0.850632911392405,7,2026-07-09 07:20:00,-1.0,0
58040,-1,52428.14,52443.64,1.319526627218935,1.1391076115485563,8,2026-07-09 08:05:00,-1.0,3
58042,-1,52433.64,52474.39,1.8757396449704142,2.0302491103202844,8,2026-07-09 08:15:00,-1.0,4
58043,1,52424.64,52417.64,1.1952662721893492,0.3411662315056571,8,2026-07-09 08:20:00,-1.0,2
58045,1,52449.64,52407.14,1.6353111432706222,1.887390959555908,8,2026-07-09 08:30:00,-1.0,3
58051,-1,52471.24,52497.64,1.4121863799283154,1.0897832817338016,9,2026-07-09 09:00:00,2.0,3
58065,1,52448.99,52413.49,1.1666666666666667,1.8072727272727274,10,2026-07-09 10:10:00,-1.0,2
58068,1,52433.99,52417.24,0.8269858541893362,0.7976190476190477,10,2026-07-09 10:25:00,-1.0,0
58071,1,52469.99,52416.49,1.009814612868048,2.196480938416422,10,2026-07-09 10:40:00,-1.0,2
58072,-1,52457.24,52474.24,1.2661555312157722,0.6843997124370956,10,2026-07-09 10:45:00,2.0,3
58078,1,52420.99,52408.24,1.206451612903226,0.4728476821192053,11,2026-07-09 11:15:00,-1.0,2
58085,1,52416.74,52374.24,1.2937799043062201,1.5266196279666453,11,2026-07-09 11:50:00,-1.0,3
58105,1,52312.24,52290.74,1.2687927107061503,0.8905325443786982,13,2026-07-09 13:30:00,-1.0,3
58106,1,52312.99,52302.49,1.1366742596810935,0.4233261339092873,13,2026-07-09 13:35:00,-1.0,2
58107,1,52317.99,52294.74,1.430523917995444,0.9637305699481865,13,2026-07-09 13:40:00,-1.0,3
58111,1,52310.24,52294.24,1.615711252653928,0.5814406229720961,14,2026-07-09 14:00:00,-1.0,3
58113,1,52310.49,52279.99,1.206439393939394,0.9737742303306727,14,2026-07-09 14:10:00,-1.0,2
58124,-1,52362.49,52377.24,1.0497237569060773,0.488468361916026,15,2026-07-09 15:05:00,-1.0,2
58141,-1,52340.19,52471.49,3.19629057187017,2.7311492459697657,16,2026-07-09 16:30:00,-1.0,4
58155,-1,52478.94,52505.94,0.9076517150395779,0.4332378223495702,17,2026-07-09 17:40:00,-1.0,1
58156,-1,52432.44,52495.44,0.891234242157725,1.0208333333333333,17,2026-07-09 17:45:00,-1.0,1
58161,-1,52462.69,52512.69,0.7241278217531516,0.9102730819245773,18,2026-07-09 18:10:00,-1.0,0
58170,-1,52511.94,52543.19,0.7538644470868014,0.7261410788381742,18,2026-07-09 18:55:00,-1.0,0
58177,-1,52571.69,52599.94,0.7010594196222939,0.8231009365244537,19,2026-07-09 19:30:00,2.0,0
58200,1,52514.94,52502.94,1.0711718188353703,0.48484848484848486,21,2026-07-09 21:25:00,-1.0,2
58252,-1,52480.18,52501.93,2.074074074074074,2.1443661971830985,2,2026-07-10 02:45:00,-1.0,4
58253,1,52491.93,52479.93,1.674074074074074,1.1370558375634519,2,2026-07-10 02:50:00,-1.0,3
58264,1,52468.68,52460.68,1.271629778672032,0.5131729667812143,3,2026-07-10 03:45:00,-1.0,3
58266,1,52474.93,52455.68,1.1361161524500907,1.2348224513172967,3,2026-07-10 03:55:00,-1.0,2
58269,1,52474.43,52465.18,1.078616352201258,0.6340269277845778,4,2026-07-10 04:10:00,-1.0,2
58282,-1,52483.43,52489.93,0.8685897435897436,0.5977011494252874,5,2026-07-10 05:15:00,2.0,1
58286,1,52473.43,52459.43,0.5472972972972973,1.2894736842105263,5,2026-07-10 05:35:00,-1.0,0
58295,-1,52485.43,52492.93,0.6267281105990783,0.7460035523978685,6,2026-07-10 06:20:00,2.0,0
58306,1,52473.43,52470.93,0.8597560975609756,0.3211009174311927,7,2026-07-10 07:15:00,-1.0,1
58354,-1,52570.78,52595.03,1.115702479338843,0.9833454018826937,11,2026-07-10 11:15:00,-1.0,2
58362,1,52540.03,52516.03,0.9571603427172583,0.9307479224376731,11,2026-07-10 11:55:00,2.0,1
58363,1,52570.53,52522.53,1.5831265508684864,1.6789506558401,12,2026-07-10 12:00:00,2.0,3
58400,1,52571.03,52528.78,1.9560067681895092,1.8718354430379747,15,2026-07-10 15:05:00,2.0,4
58402,-1,52617.78,52653.03,2.99836867862969,1.119047619047619,15,2026-07-10 15:15:00,-1.0,4
58417,1,52544.23,52527.23,3.9899598393574296,0.4797903437153555,16,2026-07-10 16:30:00,2.0,4
58418,1,52608.23,52526.23,3.7700693756194252,2.049816980626746,16,2026-07-10 16:35:00,-1.0,4
58419,1,52583.23,52520.73,3.427767354596623,1.4015697581291144,16,2026-07-10 16:40:00,-1.0,4
58421,1,52555.98,52519.23,2.718637992831541,0.7842390061733152,16,2026-07-10 16:50:00,-1.0,4
58426,1,52571.23,52448.23,2.197324414715719,1.9473029514870615,17,2026-07-10 17:15:00,-1.0,4
58431,1,52570.98,52497.73,1.2787125091441112,0.8132434575733545,17,2026-07-10 17:40:00,1.255640499720333,3
58442,-1,52599.73,52627.23,0.8403179190751445,0.3721604639922668,18,2026-07-10 18:35:00,-1.0,0
58444,-1,52593.73,52612.23,0.9834710743801653,0.4070726915520629,18,2026-07-10 18:45:00,-1.0,1
58462,-1,52655.23,52672.73,0.6001224739742804,0.6371911573472041,20,2026-07-10 20:15:00,-1.0,0
58466,-1,52652.23,52675.23,0.8569405099150141,0.9604772557792691,20,2026-07-10 20:35:00,-1.0,1
58468,-1,52665.23,52678.23,0.530763528539659,0.5842696629213483,20,2026-07-10 20:45:00,-1.0,0
58470,-1,52649.23,52678.23,0.7850467289719626,1.3466003316749586,20,2026-07-10 20:55:00,-1.0,0
58473,-1,52663.98,52685.48,0.9974726200505476,0.9616613418530351,21,2026-07-10 21:10:00,-1.0,1
58506,-1,52716.43,52734.93,0.4546899841017488,0.9022818324333649,23,2026-07-10 23:55:00,2.0,0
58534,-1,52577.67,52600.67,6.060402684563758,1.218543046357616,3,2026-07-13 03:15:00,2.0,4
58536,-1,52569.42,52582.92,3.495145631067961,0.6910420475319927,3,2026-07-13 03:25:00,2.0,4
58542,1,52540.92,52526.42,1.1050788091068302,0.652733118971061,3,2026-07-13 03:55:00,-1.0,2
58554,1,52500.92,52483.42,1.1116427432216907,0.778395552025417,4,2026-07-13 04:55:00,-1.0,2
58556,1,52489.92,52475.67,0.7719298245614035,0.639423076923077,5,2026-07-13 05:05:00,-1.0,0
58559,1,52494.67,52484.92,0.7854251012145749,0.4682675814751286,5,2026-07-13 05:20:00,-1.0,0
58572,1,52475.92,52471.92,0.47058823529411764,0.37333333333333335,6,2026-07-13 06:25:00,-1.0,0
58577,1,52464.92,52460.92,0.9175257731958762,0.3971631205673759,6,2026-07-13 06:50:00,-1.0,1
58583,1,52466.67,52462.17,1.127906976744186,0.40165763468282173,7,2026-07-13 07:20:00,-1.0,2
58589,1,52449.92,52438.67,0.5935483870967742,0.8733019129470545,7,2026-07-13 07:50:00,-1.0,0
58592,1,52464.92,52431.92,1.6903225806451614,2.260827012478607,8,2026-07-13 08:05:00,-1.0,4
58594,-1,52473.42,52486.17,1.2101167315175096,0.7938625750500385,8,2026-07-13 08:15:00,2.0,3
58597,1,52457.92,52417.42,2.804554079696395,2.16,8,2026-07-13 08:30:00,2.0,4
58600,1,52442.92,52428.92,1.8103448275862069,0.6919682259488085,8,2026-07-13 08:45:00,2.0,4
58601,1,52450.92,52441.67,1.7275747508305648,0.43824027072758037,8,2026-07-13 08:50:00,2.0,4
58605,-1,52482.52,52497.02,1.5184743742550655,0.6046165301563663,9,2026-07-13 09:10:00,-1.0,3
58639,-1,52702.52,52715.52,0.8605405405405405,0.6011560693641619,12,2026-07-13 12:00:00,-1.0,1
58641,-1,52701.02,52718.77,0.5858585858585859,0.8473998294970161,12,2026-07-13 12:10:00,-1.0,0
58647,-1,52697.52,52716.27,0.9667519181585678,0.9433962264150944,12,2026-07-13 12:40:00,2.0,1
58657,1,52659.52,52645.77,1.3541666666666667,0.7000000000000001,13,2026-07-13 13:30:00,-1.0,3
58659,1,52659.27,52653.02,0.993993993993994,0.341130604288499,13,2026-07-13 13:40:00,-1.0,1
58661,1,52654.52,52647.52,1.0151975683890577,0.40875912408759124,13,2026-07-13 13:50:00,-1.0,2
58662,1,52657.52,52643.52,0.9112781954887218,0.8183716075156576,13,2026-07-13 13:55:00,-1.0,1
58664,1,52669.52,52643.27,1.6493313521545319,1.3986679352997147,14,2026-07-13 14:05:00,-1.0,3
58668,1,52655.77,52631.77,1.125925925925926,1.1303616484440706,14,2026-07-13 14:25:00,-1.0,2
58669,1,52656.52,52638.52,1.2320916905444126,0.842809364548495,14,2026-07-13 14:30:00,-1.0,3
58676,1,52618.52,52603.02,1.2104607721046077,0.6682063125481139,15,2026-07-13 15:05:00,-1.0,3
58702,-1,52662.72,52782.22,2.9348659003831417,1.421410365335599,17,2026-07-13 17:15:00,2.0,4
58708,1,52593.22,52536.22,0.9381443298969072,0.6686217008797654,17,2026-07-13 17:45:00,-1.0,1
58709,1,52572.22,52533.97,0.8956943602183142,0.4392044289522248,17,2026-07-13 17:50:00,-1.0,1
58710,1,52593.22,52558.97,0.7816858702243784,0.41123499142367065,17,2026-07-13 17:55:00,-1.0,0
58712,1,52572.22,52544.72,0.708308065494239,0.3533731069297843,18,2026-07-13 18:05:00,-1.0,0
58716,1,52577.22,52532.22,0.6845981428113993,0.8689655172413794,18,2026-07-13 18:25:00,-1.0,0
58720,1,52546.22,52529.22,0.7059243397573162,0.40441801189464743,18,2026-07-13 18:45:00,-1.0,0
58721,1,52554.72,52525.72,0.8714231209462038,0.7113447218572054,18,2026-07-13 18:50:00,-1.0,1
58766,1,52462.72,52437.47,0.9495049504950495,0.8487394957983193,22,2026-07-13 22:35:00,2.0,1
58770,-1,52527.17,52547.72,1.1206896551724137,0.6392623041885099,22,2026-07-13 22:55:00,2.0,2
58799,1,52447.36,52432.36,0.7203065134099617,1.0741687979539642,2,2026-07-14 02:20:00,-1.0,0
58805,1,52431.11,52413.11,2.2808510638297874,1.0632911392405064,2,2026-07-14 02:50:00,-1.0,4
58806,1,52462.11,52422.11,2.7191489361702126,2.1152030217186026,2,2026-07-14 02:55:00,-1.0,4
58809,1,52440.11,52407.86,4.681647940074907,1.1920792079207922,3,2026-07-14 03:10:00,-1.0,4
58848,1,52360.11,52340.61,0.8125874125874126,0.9309462915601022,6,2026-07-14 06:25:00,-1.0,0
58852,1,52337.36,52327.61,1.0284090909090908,0.4963636363636364,6,2026-07-14 06:45:00,2.0,2
58855,-1,52374.61,52387.11,0.928343949044586,0.6392694063926941,7,2026-07-14 07:00:00,-1.0,1
58856,-1,52356.86,52377.36,0.8143322475570033,1.000871839581517,7,2026-07-14 07:05:00,-1.0,0
58897,1,52382.71,52351.21,1.4728682170542635,1.0922600619195046,10,2026-07-14 10:30:00,-1.0,3
58898,1,52386.96,52366.96,1.237217099748533,0.6934984520123839,10,2026-07-14 10:35:00,-1.0,3
58900,1,52389.71,52338.21,1.2402234636871508,1.6220472440944882,10,2026-07-14 10:45:00,-1.0,3
58913,1,52375.71,52327.96,0.7751441383728379,1.4905239687848384,11,2026-07-14 11:50:00,2.0,0
58915,1,52378.71,52332.46,1.0523525513585155,1.4509803921568627,12,2026-07-14 12:00:00,2.0,2
58918,-1,52396.46,52418.96,0.9622037155669443,0.7329842931937173,12,2026-07-14 12:15:00,-1.0,1
58923,-1,52407.71,52421.21,0.8484848484848485,0.4649446494464945,12,2026-07-14 12:40:00,-1.0,1
58925,-1,52416.46,52434.21,0.979622641509434,0.5895610913404508,12,2026-07-14 12:50:00,-1.0,1
58929,-1,52393.46,52450.71,0.7678855325914149,2.083170890188434,13,2026-07-14 13:10:00,-1.0,0
58930,-1,52418.71,52427.71,1.0015974440894568,0.32432432432432434,13,2026-07-14 13:15:00,-1.0,2
58931,-1,52418.71,52427.71,0.8546465448768864,0.34520547945205476,13,2026-07-14 13:20:00,-1.0,1
58933,-1,52411.96,52473.21,1.4274258219727345,1.8264110756123537,13,2026-07-14 13:30:00,-1.0,3
58934,-1,52403.71,52527.71,1.6346306592533757,3.0309908336970754,13,2026-07-14 13:35:00,2.0,3
58957,-1,52497.71,52662.96,2.1700913242009134,2.1656915516030892,15,2026-07-14 15:30:00,-1.0,4
58969,1,52429.91,52341.91,2.0871768879878356,1.0735915646377105,16,2026-07-14 16:30:00,2.0,4
58978,-1,52613.91,52673.41,1.2714754098360657,0.6605606439078568,17,2026-07-14 17:15:00,-1.0,3
58981,-1,52645.41,52745.41,1.019129470474078,1.0157440325038123,17,2026-07-14 17:30:00,2.0,2
59017,-1,52465.41,52496.41,0.8680521991300145,0.899948159668222,20,2026-07-14 20:30:00,-1.0,1
59024,-1,52480.41,52501.41,0.8155555555555556,0.6697038724373576,21,2026-07-14 21:05:00,-1.0,0
59027,-1,52488.66,52518.41,0.8351001177856302,0.958021851638873,21,2026-07-14 21:20:00,-1.0,0
59029,-1,52495.16,52507.41,0.8990267639902676,0.42582247051520794,21,2026-07-14 21:30:00,-1.0,1
59031,-1,52488.91,52506.41,1.29008109794136,0.6124999999999999,21,2026-07-14 21:40:00,-1.0,3
59092,1,52562.02,52550.27,1.0216216216216216,0.752,3,2026-07-15 03:45:00,2.0,2
59093,1,52586.27,52561.27,1.1291611185086552,1.5151515151515151,3,2026-07-15 03:50:00,1.296137339055794,2
59117,-1,52603.77,52617.27,0.5859247135842881,1.3147826086956522,5,2026-07-15 05:50:00,-1.0,0
59130,-1,52618.27,52622.27,0.6750788643533123,0.5079365079365079,6,2026-07-15 06:55:00,-1.0,0
59139,-1,52620.27,52627.27,0.7789473684210526,0.8577680525164113,7,2026-07-15 07:40:00,-1.0,0
59143,-1,52606.27,52647.52,5.5893536121673,3.9219015280135827,8,2026-07-15 08:00:00,2.0,4
59149,1,52601.52,52590.27,2.1473684210526316,0.8097686375321337,8,2026-07-15 08:30:00,-1.0,4
59156,1,52597.62,52585.87,0.9915254237288136,0.689727463312369,9,2026-07-15 09:05:00,-1.0,1
59158,1,52594.87,52581.12,0.8770491803278688,1.0052219321148825,9,2026-07-15 09:15:00,-1.0,1
59159,1,52597.62,52588.37,0.8032786885245902,0.6981132075471698,9,2026-07-15 09:20:00,-1.0,0
59183,-1,52587.37,52612.87,1.210401891252955,0.9937369519832986,11,2026-07-15 11:20:00,-1.0,3
59217,1,52557.37,52545.87,1.319213313161876,0.409148665819568,14,2026-07-15 14:10:00,-1.0,3
59221,1,52548.87,52516.62,1.2507122507122508,1.3020908435472243,14,2026-07-15 14:30:00,2.0,3
59245,1,52691.07,52539.62,3.7166821994408203,3.1965927936076435,16,2026-07-15 16:30:00,-1.0,4
59248,-1,52697.57,52732.32,3.1663807890222984,0.5344979125466948,16,2026-07-15 16:45:00,-1.0,4
59266,1,52723.82,52665.57,0.86,0.8659594575939995,18,2026-07-15 18:15:00,-1.0,1
59268,1,52713.57,52667.57,0.8165898617511521,0.7576648862326144,18,2026-07-15 18:25:00,-1.0,0
59324,-1,52679.27,52702.27,0.40956468424279585,0.6772531286150005,23,2026-07-15 23:05:00,-1.0,0
59328,-1,52695.27,52704.27,0.13979153893316984,0.3069801437446727,23,2026-07-15 23:25:00,-1.0,0
59329,-1,52684.27,52697.27,0.08584240871236387,0.45138888888889217,23,2026-07-15 23:30:00,-1.0,0
59346,1,52690.95,52684.45,2.4919354838709675,0.5619712221330194,1,2026-07-16 01:55:00,2.0,4
59355,-1,52706.45,52715.2,0.9959514170040485,0.8448275862068965,2,2026-07-16 02:40:00,-1.0,1
59356,-1,52696.45,52708.45,1.9333333333333333,1.1125827814569536,2,2026-07-16 02:45:00,-1.0,4
59366,-1,52715.2,52732.95,2.0833333333333335,1.1425287356321838,3,2026-07-16 03:35:00,2.0,4
59372,1,52691.95,52682.95,1.0024038461538463,0.5373134328358209,4,2026-07-16 04:05:00,-1.0,2
59373,1,52692.95,52684.7,0.9786223277909739,0.555956678700361,4,2026-07-16 04:10:00,-1.0,1
59387,1,52671.45,52649.45,0.9605411499436303,1.1755725190839694,5,2026-07-16 05:20:00,2.0,1
59410,-1,52740.95,52751.45,0.7677543186180422,0.9826203208556246,7,2026-07-16 07:15:00,-1.0,0
59425,-1,52740.95,52773.45,2.7945205479452055,2.6224783861671472,8,2026-07-16 08:30:00,2.0,4
59431,1,52721.55,52712.2,1.9741219963031422,0.5672806067175796,9,2026-07-16 09:00:00,-1.0,4
59432,1,52726.05,52701.55,2.315112540192926,1.2980132450331126,9,2026-07-16 09:05:00,-1.0,4
59433,1,52724.8,52715.3,1.5916542473919524,0.5023607176581681,9,2026-07-16 09:10:00,-1.0,3
59442,1,52724.55,52709.05,0.9611041405269761,0.9612403100775194,9,2026-07-16 09:55:00,-1.0,1
59455,1,52683.05,52621.55,1.6913705583756344,2.226244343891403,11,2026-07-16 11:00:00,2.0,4
59502,1,52763.05,52749.3,1.3564356435643565,0.32793867120954,14,2026-07-16 14:55:00,-1.0,3
59521,-1,52743.25,52865.05,2.6962864721485413,3.0151180266997293,16,2026-07-16 16:30:00,-1.0,4
59527,1,52710.25,52648.25,1.9744444444444444,1.0600879335613054,17,2026-07-16 17:00:00,2.0,4
59530,1,52689.75,52639.75,1.7502601456815816,0.7602085143353581,17,2026-07-16 17:15:00,2.0,4
59544,-1,52823.25,52888.75,0.8025649679379008,1.366616989567809,18,2026-07-16 18:25:00,2.0,0
59546,-1,52836.75,52867.75,0.7196681645350846,0.6518963574915508,18,2026-07-16 18:35:00,2.0,0
59556,1,52643.25,52606.75,1.040089921318846,0.6811062979006998,19,2026-07-16 19:25:00,2.0,2
59559,1,52657.5,52623.25,0.9290860826697004,0.6852447302608075,19,2026-07-16 19:40:00,2.0,1
59560,1,52669.25,52629.25,0.8923904688700999,0.8031552527787738,19,2026-07-16 19:45:00,-1.0,1
59572,1,52609.5,52580.25,0.9078844652615145,0.6615508885298869,20,2026-07-16 20:45:00,-1.0,1
59584,1,52513.25,52481.75,0.9289099526066351,0.8273921200750469,21,2026-07-16 21:45:00,-1.0,1
59586,1,52495.5,52481.75,0.7582938388625592,0.36965914546327416,21,2026-07-16 21:55:00,-1.0,0
59587,1,52513.75,52489.75,0.9413838695460556,0.6433700335088559,22,2026-07-16 22:00:00,-1.0,1
59590,1,52499.75,52459.75,1.0266125394677492,1.065651760228354,22,2026-07-16 22:15:00,-1.0,2
59597,1,52506.25,52410.0,1.3123083661848445,2.298507462686567,22,2026-07-16 22:50:00,-1.0,3
59622,1,52515.16,52505.66,0.8117647058823529,0.6088071042753643,1,2026-07-17 01:55:00,-1.0,0
59704,1,52154.41,52130.91,1.105904404873477,0.9992406985573273,8,2026-07-17 08:45:00,2.0,2
59707,-1,52202.16,52210.66,1.2513181019332162,0.3606060606060606,9,2026-07-17 09:00:00,-1.0,3
59708,-1,52195.26,52220.01,1.1238257899231425,1.0564024390243902,9,2026-07-17 09:05:00,-1.0,2
59723,-1,52252.26,52278.26,1.1274834437086092,0.9203539823008849,10,2026-07-17 10:20:00,-1.0,2
59734,-1,52259.01,52296.51,1.5736263736263736,1.1122881355932204,11,2026-07-17 11:15:00,2.0,3
59736,-1,52262.26,52278.76,1.4841437632135306,0.4728761514841351,11,2026-07-17 11:25:00,2.0,3
59739,1,52207.76,52183.51,1.1442307692307692,0.6650342801175319,11,2026-07-17 11:40:00,-1.0,2
59740,1,52216.76,52201.51,0.9134615384615384,0.41516771998055424,11,2026-07-17 11:45:00,-1.0,1
59741,1,52223.26,52189.01,1.0390775144138373,0.9177033492822967,11,2026-07-17 11:50:00,-1.0,2
59745,1,52219.76,52177.26,0.8257839721254355,1.0672645739910314,12,2026-07-17 12:10:00,-1.0,0
59746,1,52218.01,52202.76,0.8803716608594657,0.4020715630885122,12,2026-07-17 12:15:00,-1.0,1
59747,1,52220.26,52203.76,0.8408826945412311,0.443590974555929,12,2026-07-17 12:20:00,-1.0,0
59769,-1,52236.26,52281.76,0.8832565284178188,1.2551724137931035,14,2026-07-17 14:10:00,-1.0,1
59786,1,52251.01,52212.26,1.0239162929745889,1.2893642305407012,15,2026-07-17 15:35:00,-1.0,2
59798,1,52245.21,52055.46,2.7229072031148607,2.9264665381437625,16,2026-07-17 16:35:00,0.498883710848594,4
59832,1,52416.21,52385.46,0.8940397350993378,0.48699095022624433,19,2026-07-17 19:25:00,-1.0,1
59835,1,52401.71,52368.96,0.8708036622583927,0.5800126502213788,19,2026-07-17 19:40:00,-1.0,1
59836,1,52418.71,52376.96,0.9147609147609148,0.7424579231502064,19,2026-07-17 19:45:00,-1.0,1
59840,1,52378.96,52344.21,0.7077826725403817,0.6428807400066072,20,2026-07-17 20:05:00,-1.0,0
59844,1,52368.96,52340.96,0.7574725690503216,0.5901392547986452,20,2026-07-17 20:25:00,-1.0,0
59878,1,52127.16,52113.16,0.3887445887445887,0.3325979976243025,23,2026-07-17 23:15:00,2.0,0
59911,-1,52153.83,52165.33,2.3367003367003365,0.47809948032665184,3,2026-07-20 03:00:00,-1.0,4
59935,1,52139.58,52093.33,1.3621700879765395,1.6623876765083438,5,2026-07-20 05:00:00,-1.0,3
