i,sens,entree,extreme,vol_ratio,dist_atr,heure,time,resultat_R,quintile
123,1,3649.54,3648.15,0.8632958801498127,0.6932668329176495,10,2025-09-12 10:45:00,-1.0,0
126,1,3650.07,3647.9,0.8797595190380761,1.0731190392087981,11,2025-09-12 11:00:00,-1.0,1
141,1,3643.91,3639.59,1.0113821138211383,1.3327457029527496,12,2025-09-12 12:15:00,-1.0,1
144,-1,3646.07,3647.06,1.0758405003909304,0.33780160857901237,12,2025-09-12 12:30:00,-1.0,2
145,-1,3643.14,3646.42,0.8095952023988006,1.067410506741105,12,2025-09-12 12:35:00,-1.0,0
161,-1,3651.24,3651.73,0.8383110195674562,0.3113935542443663,13,2025-09-12 13:55:00,2.0,0
162,-1,3650.6,3652.08,1.1663019693654266,0.9750588235294446,14,2025-09-12 14:00:00,2.0,2
165,1,3650.04,3648.48,1.117056856187291,0.9570552147239241,14,2025-09-12 14:15:00,-1.0,2
194,-1,3651.01,3652.54,1.3012295081967213,0.4951456310678763,16,2025-09-12 16:40:00,-1.0,3
195,-1,3650.01,3652.24,1.190854870775348,0.6807675534233343,16,2025-09-12 16:45:00,-1.0,3
197,-1,3650.5,3652.35,0.7671366067087992,0.5973247232472013,16,2025-09-12 16:55:00,-1.0,0
199,-1,3651.27,3653.32,0.9781990521327014,0.6502038966924021,17,2025-09-12 17:05:00,-1.0,1
200,-1,3652.12,3653.1,0.9792970630717381,0.32658890740300717,17,2025-09-12 17:10:00,-1.0,1
204,-1,3651.92,3653.56,0.782820888238165,0.5608207132388544,17,2025-09-12 17:30:00,2.0,0
229,-1,3646.65,3647.55,0.8258178603006189,0.5419354838710225,19,2025-09-12 19:35:00,-1.0,0
247,1,3647.92,3647.02,0.8055555555555556,0.7031250000000683,21,2025-09-12 21:05:00,-1.0,0
260,1,3647.2,3646.74,0.7088607594936709,0.46531791907514586,22,2025-09-12 22:10:00,-1.0,0
286,1,3641.5,3639.88,1.1596858638743455,1.1666666666665848,1,2025-09-15 01:20:00,-1.0,2
295,1,3639.97,3639.14,1.384313725490196,0.5419776119402726,2,2025-09-15 02:05:00,-1.0,3
308,1,3641.3,3638.52,2.5118110236220472,1.6428872942170205,3,2025-09-15 03:10:00,-1.0,4
340,-1,3641.7,3643.24,0.986212489862125,0.6689419795221682,5,2025-09-15 05:50:00,-1.0,1
349,-1,3643.63,3645.77,1.1428571428571428,1.0749910297810494,6,2025-09-15 06:35:00,-1.0,2
358,-1,3645.22,3646.54,1.169188445667125,0.894049346879663,7,2025-09-15 07:20:00,2.0,2
372,-1,3645.34,3646.18,2.0113851992409866,0.6232114467406327,8,2025-09-15 08:30:00,2.0,4
379,1,3642.91,3641.83,1.7214397496087637,0.7145557655954046,9,2025-09-15 09:05:00,-1.0,4
382,1,3643.26,3641.96,1.383941605839416,0.813226094727545,9,2025-09-15 09:20:00,-1.0,3
384,1,3642.43,3640.85,1.2472527472527473,0.9080459770114477,9,2025-09-15 09:30:00,-1.0,3
414,-1,3644.91,3645.89,1.0018181818181817,0.5036710719530153,12,2025-09-15 12:00:00,2.0,1
417,-1,3642.79,3645.2,0.837863167760075,1.347982421094594,12,2025-09-15 12:15:00,2.0,0
425,1,3641.29,3638.68,1.1518438177874186,1.12882298424473,12,2025-09-15 12:55:00,-1.0,2
429,-1,3645.1,3646.13,1.2088724584103512,0.4303193076694274,13,2025-09-15 13:15:00,2.0,3
432,-1,3645.42,3646.41,0.8100358422939068,0.45058517555256994,13,2025-09-15 13:30:00,2.0,0
447,-1,3644.57,3646.8,1.3783303730017762,1.0908455625436542,14,2025-09-15 14:45:00,2.0,3
453,1,3639.78,3638.42,1.5813573180703189,0.6363636363636654,15,2025-09-15 15:15:00,-1.0,4
454,1,3639.7,3636.95,1.546122448979592,1.26561472715311,15,2025-09-15 15:20:00,2.0,4
456,1,3640.85,3638.13,1.6151980598221503,1.1511487303505354,15,2025-09-15 15:30:00,2.0,4
525,1,3678.85,3677.57,0.9868204283360791,0.7485380116957701,21,2025-09-15 21:15:00,-1.0,1
535,1,3678.79,3677.82,0.7163375224416517,0.5515840779852867,22,2025-09-15 22:05:00,2.0,0
536,1,3680.13,3678.34,0.9167464114832536,1.019943019943049,22,2025-09-15 22:10:00,-1.0,1
544,-1,3681.74,3682.78,1.3412935323383084,0.7144259077529982,22,2025-09-15 22:50:00,2.0,3
579,1,3677.78,3676.2,2.4806201550387597,1.4996610169494227,2,2025-09-16 02:45:00,2.0,4
582,1,3676.92,3676.34,3.612403100775194,0.4850657108720816,3,2025-09-16 03:00:00,2.0,4
595,-1,3680.11,3682.19,2.0371900826446283,0.7347968710572521,4,2025-09-16 04:05:00,-1.0,4
596,-1,3680.19,3681.71,1.9595551061678462,0.5413380819129873,4,2025-09-16 04:10:00,-1.0,4
597,-1,3677.95,3680.57,1.5601990049751244,0.9094966526160301,4,2025-09-16 04:15:00,-1.0,4
613,1,3679.28,3676.45,1.2852137351086195,1.2112503821462781,5,2025-09-16 05:35:00,-1.0,3
614,1,3678.02,3676.74,1.198341395991707,0.5730732331308696,5,2025-09-16 05:40:00,-1.0,3
615,1,3678.67,3674.63,1.3669661368348307,1.6843359142346293,5,2025-09-16 05:45:00,2.0,3
618,1,3678.45,3677.05,1.0020732550103664,0.568940493468643,6,2025-09-16 06:00:00,2.0,1
624,-1,3681.75,3682.85,0.7898894154818326,0.5054151624548352,6,2025-09-16 06:30:00,-1.0,0
626,-1,3681.43,3682.93,0.5582922824302134,0.6882989183874295,6,2025-09-16 06:40:00,-1.0,0
634,-1,3682.87,3683.56,0.6643437862950058,0.5218800648298568,7,2025-09-16 07:20:00,2.0,0
638,1,3682.56,3680.18,0.8784773060029283,1.7546076882569939,7,2025-09-16 07:40:00,2.0,1
642,-1,3683.39,3684.49,1.059011164274322,0.7616221562808203,8,2025-09-16 08:00:00,2.0,2
684,-1,3692.5,3694.74,0.9062240663900415,0.8990825688072724,11,2025-09-16 11:30:00,-1.0,1
695,-1,3695.12,3697.92,1.1158480074142725,1.41159524666916,12,2025-09-16 12:25:00,-1.0,2
696,-1,3695.32,3697.19,1.0342910101946245,0.9115598885793258,12,2025-09-16 12:30:00,-1.0,2
715,1,3693.37,3691.6,1.1293634496919918,1.0407391852162873,14,2025-09-16 14:05:00,-1.0,2
720,1,3693.2,3692.19,1.2370731707317073,0.5617798967023006,14,2025-09-16 14:30:00,2.0,3
721,1,3694.62,3692.99,1.584390243902439,0.8773548635140997,14,2025-09-16 14:35:00,2.0,4
724,-1,3698.28,3699.45,1.5874439461883407,0.6064420584966705,14,2025-09-16 14:50:00,2.0,4
732,1,3691.62,3687.7,1.8390137781000726,1.577918343875852,15,2025-09-16 15:30:00,-1.0,4
742,1,3691.5,3686.37,1.3266555370061213,1.532323447834442,16,2025-09-16 16:20:00,-1.0,3
755,-1,3692.84,3700.53,1.0876636255454184,1.8368879030882335,17,2025-09-16 17:25:00,0.44525293817069694,2
765,1,3685.99,3683.59,0.7873668747704737,0.5383752603748478,18,2025-09-16 18:15:00,-1.0,0
772,1,3685.61,3683.73,0.7088323353293413,0.5154719937328847,18,2025-09-16 18:50:00,2.0,0
778,-1,3688.44,3689.53,0.6699640287769785,0.3760473139478042,19,2025-09-16 19:20:00,-1.0,0
781,-1,3688.56,3691.21,0.6676356589147286,1.0587899543379231,19,2025-09-16 19:35:00,-1.0,0
787,-1,3688.13,3690.11,0.9814482345900658,0.9190981432360732,20,2025-09-16 20:05:00,-1.0,1
832,-1,3690.21,3692.28,0.6524822695035462,1.9053254437871854,23,2025-09-16 23:50:00,-1.0,0
857,-1,3694.24,3695.16,2.2565597667638486,0.8304319793682279,2,2025-09-17 02:55:00,2.0,4
858,-1,3693.33,3695.27,2.455,1.6662576687117312,3,2025-09-17 03:00:00,2.0,4
859,-1,3694.79,3695.22,1.9224137931034482,0.33351800554004424,3,2025-09-17 03:05:00,2.0,4
861,-1,3694.69,3695.25,0.7733887733887734,0.4748637189581546,3,2025-09-17 03:15:00,2.0,0
867,1,3692.46,3691.83,1.4131736526946108,0.4674085850557275,3,2025-09-17 03:45:00,-1.0,3
889,1,3677.55,3674.39,1.2246543778801844,0.9261042495290577,5,2025-09-17 05:35:00,2.0,3
894,-1,3681.51,3683.08,0.45118587975730834,0.6267465069859007,6,2025-09-17 06:00:00,-1.0,0
895,-1,3680.57,3682.09,0.5261996690568119,0.6093928980526754,6,2025-09-17 06:05:00,-1.0,0
917,1,3680.72,3680.4,1.4739454094292803,0.3446153846150471,7,2025-09-17 07:55:00,2.0,4
918,1,3684.94,3680.66,2.9081885856079404,3.7780580075661336,8,2025-09-17 08:00:00,-1.0,4
921,-1,3682.52,3684.17,2.640198511166253,1.2333155365723507,8,2025-09-17 08:15:00,2.0,4
923,1,3680.73,3679.16,2.9615384615384617,0.995922066153184,8,2025-09-17 08:25:00,-1.0,4
932,1,3675.95,3674.92,1.1270417422867514,0.4752801582068677,9,2025-09-17 09:10:00,2.0,2
933,1,3678.3,3675.7,1.070619006102877,1.168539325842857,9,2025-09-17 09:15:00,-1.0,2
940,1,3676.57,3671.78,1.245528455284553,1.9051136363636316,9,2025-09-17 09:50:00,-1.0,3
955,1,3666.69,3665.55,0.9596412556053812,0.4007029876976667,11,2025-09-17 11:05:00,-1.0,1
959,1,3666.93,3664.13,0.8184480234260615,1.1597633136093481,11,2025-09-17 11:25:00,-1.0,0
960,1,3666.66,3665.71,1.0569476082004556,0.3915219311156124,11,2025-09-17 11:30:00,-1.0,2
972,-1,3667.81,3670.11,1.2122944960686204,0.9266187050360203,12,2025-09-17 12:30:00,2.0,3
980,1,3665.14,3660.55,1.5941818181818181,1.9355421686745788,13,2025-09-17 13:10:00,2.0,4
988,1,3661.85,3660.44,1.6211453744493391,0.5447019867549344,13,2025-09-17 13:50:00,2.0,4
989,1,3661.48,3660.47,1.2790014684287812,0.38476190476200217,13,2025-09-17 13:55:00,2.0,3
990,1,3661.86,3660.04,1.3348017621145374,0.6812834224599775,14,2025-09-17 14:00:00,2.0,3
999,-1,3668.72,3669.91,0.9431396786155748,0.4649734859056879,14,2025-09-17 14:45:00,2.0,1
1004,-1,3669.55,3671.69,1.0570388349514563,0.7940630797773179,15,2025-09-17 15:10:00,-1.0,2
1022,-1,3679.19,3680.76,1.1797872340425533,0.5121155638397434,16,2025-09-17 16:40:00,-1.0,3
1024,-1,3677.43,3679.9,1.3978947368421053,0.7956741831569822,16,2025-09-17 16:50:00,-1.0,3
1057,-1,3686.98,3688.01,0.7341211225997046,0.6792275082431691,19,2025-09-17 19:35:00,2.0,0
1058,-1,3686.25,3687.2,0.6278026905829597,0.6372783900334085,19,2025-09-17 19:40:00,2.0,0
1059,-1,3685.9,3687.23,0.8322981366459627,0.9158878504672019,19,2025-09-17 19:45:00,2.0,0
1063,1,3683.38,3682.84,0.9467353951890034,0.37537239324722077,20,2025-09-17 20:05:00,-1.0,1
1068,1,3684.31,3682.48,1.3270060396893875,1.0591153369159967,20,2025-09-17 20:30:00,-1.0,3
1074,1,3691.73,3651.33,3.4,7.903856903297906,21,2025-09-17 21:00:00,-1.0,4
1076,-1,3687.9,3706.83,3.1254811393379525,2.5521956856702364,21,2025-09-17 21:10:00,2.0,4
1077,-1,3688.43,3692.51,3.1260504201680672,0.5050844460164917,21,2025-09-17 21:15:00,2.0,4
1078,-1,3685.01,3689.61,2.951951951951952,0.5254997960016169,21,2025-09-17 21:20:00,2.0,4
1086,1,3657.62,3646.27,1.0055055055055055,0.8139534883720835,22,2025-09-17 22:00:00,0.6248284827038365,1
1111,1,3658.55,3654.12,0.7225691347011597,1.6346863468635737,1,2025-09-18 01:05:00,2.0,0
1143,1,3661.63,3659.77,1.6078886310904872,0.6927374301676509,3,2025-09-18 03:45:00,2.0,4
1147,1,3659.73,3657.49,2.769377990430622,0.6405228758170607,4,2025-09-18 04:05:00,-1.0,4
1148,1,3661.2,3655.25,2.2197599261311174,1.6680016019222539,4,2025-09-18 04:10:00,-1.0,4
1198,1,3657.6,3656.69,0.7482014388489209,0.514539579967603,8,2025-09-18 08:20:00,-1.0,0
1200,1,3656.9,3656.17,1.9280575539568345,0.3799256505576354,8,2025-09-18 08:30:00,-1.0,4
1202,1,3654.32,3651.87,1.9466975666280417,1.103603603603729,8,2025-09-18 08:40:00,-1.0,4
1230,-1,3657.66,3659.44,0.8628800917957544,0.5121249486231725,11,2025-09-18 11:00:00,-1.0,0
1273,1,3667.83,3665.28,1.325560538116592,1.0261569416498175,14,2025-09-18 14:35:00,-1.0,3
1275,1,3666.72,3665.03,1.123614663256607,0.7069017030174741,14,2025-09-18 14:45:00,2.0,2
1284,-1,3665.4,3671.35,1.894736842105263,2.1441441441440836,15,2025-09-18 15:30:00,2.0,4
1326,-1,3641.66,3642.8,0.8002008032128514,0.45678305666870517,19,2025-09-18 19:00:00,-1.0,0
1327,-1,3642.15,3643.52,0.9309978768577495,0.5754575457545309,19,2025-09-18 19:05:00,-1.0,1
1338,-1,3645.6,3646.55,1.216238608119304,0.5143078112917061,20,2025-09-18 20:00:00,2.0,3
1339,-1,3644.53,3646.84,1.2377796188898094,1.2481667309918067,20,2025-09-18 20:05:00,0.6419784890836173,3
1365,-1,3642.68,3643.37,1.2132701421800949,0.5886654478977078,22,2025-09-18 22:15:00,-1.0,3
1367,-1,3642.62,3644.01,1.1220125786163522,1.1158256880737412,22,2025-09-18 22:25:00,-1.0,2
1398,1,3641.48,3640.03,1.4966887417218544,1.4828341855366962,2,2025-09-19 02:00:00,-1.0,4
1399,1,3640.93,3640.4,0.8823529411764706,0.523641496118306,2,2025-09-19 02:05:00,-1.0,1
1410,1,3641.94,3640.17,2.519125683060109,1.2408612919379065,3,2025-09-19 03:00:00,-1.0,4
1413,1,3638.07,3636.77,1.76036866359447,0.8028231142480144,3,2025-09-19 03:15:00,-1.0,4
1415,1,3638.17,3636.77,2.0303687635574836,0.835464620630914,3,2025-09-19 03:25:00,-1.0,4
1418,1,3638.56,3636.27,1.618348623853211,1.2450485436893226,3,2025-09-19 03:40:00,2.0,4
1432,1,3640.03,3632.29,2.78348623853211,2.205577040504846,4,2025-09-19 04:50:00,2.0,4
1442,-1,3646.4,3647.58,0.9839228295819936,0.3603053435114011,5,2025-09-19 05:40:00,-1.0,1
1443,-1,3646.45,3650.04,1.3006622516556292,1.0569926393270732,5,2025-09-19 05:45:00,-1.0,3
1446,-1,3646.36,3648.03,0.6997929606625258,0.6147778069945089,6,2025-09-19 06:00:00,-1.0,0
1472,-1,3657.77,3660.21,0.8479697828139755,1.334375000000011,8,2025-09-19 08:10:00,2.0,0
1475,1,3658.54,3656.41,1.1753846153846155,1.1304018195603263,8,2025-09-19 08:25:00,-1.0,3
1523,-1,3656.65,3658.43,0.7759456838021338,1.0213114754097052,12,2025-09-19 12:25:00,-1.0,0
1524,-1,3657.24,3657.89,0.9549902152641878,0.3817114093960388,12,2025-09-19 12:30:00,-1.0,1
1530,-1,3657.77,3658.78,0.7781731909845789,0.6438979963571642,13,2025-09-19 13:00:00,-1.0,0
1534,-1,3658.09,3659.22,0.770012706480305,0.7250229147568915,13,2025-09-19 13:20:00,2.0,0
1535,-1,3656.94,3658.65,0.9516339869281045,1.1042435424354562,13,2025-09-19 13:25:00,2.0,1
1537,1,3656.04,3655.34,1.0135135135135136,0.44484793463447875,13,2025-09-19 13:35:00,-1.0,1
1538,1,3657.05,3655.2,0.9826897470039947,1.1531611754231756,13,2025-09-19 13:40:00,-1.0,1
1541,1,3655.97,3655.15,1.062586926286509,0.5610948191591102,13,2025-09-19 13:55:00,-1.0,2
1564,1,3649.21,3644.55,1.1151870873074101,1.691031622602355,15,2025-09-19 15:50:00,-1.0,2
1566,1,3647.49,3643.64,1.714080459770115,1.2830278505117598,16,2025-09-19 16:00:00,2.0,4
1584,-1,3662.92,3665.43,1.02271714922049,0.719639565840605,17,2025-09-19 17:30:00,-1.0,2
1644,-1,3681.72,3683.73,1.2623376623376623,1.671021377672421,22,2025-09-19 22:30:00,-1.0,3
1649,-1,3684.35,3685.31,0.9267399267399268,0.7520984890878707,22,2025-09-19 22:55:00,2.0,1
1653,1,3681.52,3680.8,0.5988142292490118,0.5493188010897274,23,2025-09-19 23:15:00,2.0,0
1661,-1,3685.0,3685.57,0.5784695201037614,0.4586206896553017,23,2025-09-19 23:55:00,-1.0,0
1683,1,3686.96,3686.11,1.1287988422575976,0.5023216547065531,2,2025-09-22 02:45:00,2.0,2
1686,1,3687.13,3685.83,2.018320610687023,0.7761194029851591,3,2025-09-22 03:00:00,2.0,4
1688,1,3690.52,3686.33,1.914503816793893,2.151081774844109,3,2025-09-22 03:10:00,-1.0,4
1689,-1,3689.8,3690.8,1.3587786259541985,0.5319148936170088,3,2025-09-22 03:15:00,-1.0,3
1692,-1,3688.97,3690.75,0.9565217391304348,0.8947935368043977,3,2025-09-22 03:30:00,-1.0,1
1698,-1,3689.16,3693.74,3.54,1.9876007439553176,4,2025-09-22 04:00:00,-1.0,4
1703,-1,3690.09,3694.01,1.6858638743455496,1.3730297723292793,4,2025-09-22 04:25:00,-1.0,4
1705,-1,3690.26,3692.95,1.3854961832061068,0.865548149850485,4,2025-09-22 04:35:00,-1.0,3
1719,1,3687.74,3685.57,0.7871643745907008,0.8022181146024585,5,2025-09-22 05:45:00,2.0,0
1722,1,3689.38,3686.06,0.7605442176870748,1.3144796380091268,6,2025-09-22 06:00:00,2.0,0
1735,-1,3693.17,3694.47,0.7493356953055802,0.6591814559940962,7,2025-09-22 07:05:00,-1.0,0
1751,-1,3696.32,3697.85,1.3573264781491003,1.0510304219821316,8,2025-09-22 08:25:00,-1.0,3
1757,-1,3697.08,3698.84,1.755784061696658,0.9520865533231435,8,2025-09-22 08:55:00,-1.0,4
1758,-1,3696.85,3698.76,1.6879606879606879,0.9933135215454776,9,2025-09-22 09:00:00,-1.0,4
1800,-1,3722.34,3725.65,1.4326494201605708,1.3470930232558238,12,2025-09-22 12:30:00,-1.0,4
1801,-1,3721.46,3722.69,1.2950391644908616,0.51173848439823,12,2025-09-22 12:35:00,-1.0,3
1811,-1,3725.27,3727.01,0.8742304309586632,0.7815206929741179,13,2025-09-22 13:25:00,-1.0,0
1814,-1,3726.12,3726.79,1.1843575418994414,0.3292383292383675,13,2025-09-22 13:40:00,-1.0,3
1866,-1,3725.04,3726.54,0.8457095709570958,0.4099960952752774,18,2025-09-22 18:00:00,-1.0,0
1868,-1,3725.21,3727.06,0.759075907590759,0.550361240968944,18,2025-09-22 18:10:00,-1.0,0
1913,-1,3747.65,3748.05,0.9355992844364938,0.30434782608703925,21,2025-09-22 21:55:00,-1.0,1
1916,-1,3747.62,3748.52,0.7681992337164751,0.6969026548673474,22,2025-09-22 22:10:00,2.0,0
1917,-1,3747.2,3748.26,0.7730769230769231,0.826280623608349,22,2025-09-22 22:15:00,2.0,0
1920,1,3744.74,3742.4,1.2134146341463414,1.506206896551525,22,2025-09-22 22:30:00,-1.0,3
1921,1,3746.9,3744.63,0.9735772357723578,1.395696091348255,22,2025-09-22 22:35:00,-1.0,1
1938,1,3747.04,3745.14,0.9351081530782029,1.603375527426179,1,2025-09-23 01:00:00,-1.0,1
1941,1,3745.61,3744.92,0.6654135338345865,0.5390625000000405,1,2025-09-23 01:15:00,-1.0,0
1954,-1,3746.58,3749.12,3.0,1.1036623215393608,2,2025-09-23 02:20:00,-1.0,4
1960,-1,3746.96,3748.9,1.2260397830018084,0.8045023696682531,2,2025-09-23 02:50:00,-1.0,3
1963,-1,3747.88,3748.62,1.0965909090909092,0.351543942992762,3,2025-09-23 03:05:00,2.0,2
1968,-1,3748.6,3749.22,1.2588832487309645,0.3441712926248244,3,2025-09-23 03:30:00,-1.0,3
1971,-1,3748.43,3750.66,2.0775757575757576,1.253311922922493,3,2025-09-23 03:45:00,-1.0,4
1987,-1,3747.37,3751.97,1.192421551213736,1.0918955578161955,5,2025-09-23 05:05:00,-1.0,3
2048,1,3753.02,3748.97,1.0112781954887218,1.5771905424201067,10,2025-09-23 10:10:00,2.0,1
2049,1,3751.95,3751.1,0.9893416927899686,0.3383565538811118,10,2025-09-23 10:15:00,2.0,1
2050,1,3753.99,3750.86,0.6861128725428028,1.1953082378613022,10,2025-09-23 10:20:00,2.0,0
2053,-1,3754.45,3757.44,0.9295212765957447,1.118055555555656,10,2025-09-23 10:35:00,-1.0,1
2100,-1,3784.34,3788.59,1.4903772132409545,1.3853317811408674,14,2025-09-23 14:30:00,2.0,4
2109,1,3783.52,3779.33,1.212987012987013,1.226170568561885,15,2025-09-23 15:15:00,-1.0,3
2111,1,3781.29,3777.57,1.3672727272727272,1.0499999999999454,15,2025-09-23 15:25:00,-1.0,3
2112,1,3783.11,3779.43,1.3872093023255814,1.037872683319988,15,2025-09-23 15:30:00,-1.0,3
2126,-1,3784.55,3788.65,1.1001908396946565,1.2829682610638897,16,2025-09-23 16:40:00,2.0,2
2128,1,3778.66,3774.24,1.5595402298850574,1.162283996994745,16,2025-09-23 16:50:00,-1.0,4
2129,1,3783.86,3777.33,1.3698384201077198,1.5611338797814458,16,2025-09-23 16:55:00,-1.0,3
2161,1,3772.23,3765.1,2.152224824355972,1.9393821643676301,19,2025-09-23 19:35:00,-1.0,4
2165,-1,3779.35,3782.02,1.334894613583138,0.6319526627219146,19,2025-09-23 19:55:00,-1.0,3
2172,-1,3777.64,3783.08,1.214994487320838,1.3333333333333597,20,2025-09-23 20:30:00,2.0,3
2174,-1,3778.2,3780.91,1.117523609653725,0.669962917181719,20,2025-09-23 20:40:00,2.0,2
2212,1,3763.68,3762.54,0.47843137254901963,0.5533980582523801,23,2025-09-23 23:50:00,2.0,0
2220,1,3763.94,3762.05,0.6336633663366337,1.2289828146770745,1,2025-09-24 01:30:00,2.0,0
2232,-1,3765.74,3769.53,1.510548523206751,2.093096646942964,2,2025-09-24 02:30:00,-1.0,4
2242,1,3765.01,3759.65,1.7325581395348837,2.04190476190476,3,2025-09-24 03:20:00,-1.0,4
2250,-1,3764.15,3766.86,2.7727797001153403,0.9929337869667868,4,2025-09-24 04:00:00,-1.0,4
2252,-1,3763.28,3771.76,2.4754098360655736,2.6201721474288324,4,2025-09-24 04:10:00,-0.7890962917395509,4
2257,1,3759.53,3757.08,1.6726959517657192,0.7243928194298603,4,2025-09-24 04:35:00,-1.0,4
2258,1,3760.05,3758.76,1.0371428571428571,0.3868065967016378,4,2025-09-24 04:40:00,-1.0,2
2326,-1,3775.54,3777.01,0.8761609907120743,0.5895158980235783,10,2025-09-24 10:20:00,-1.0,0
2332,-1,3776.82,3777.88,0.8344370860927153,0.4532681734880488,10,2025-09-24 10:50:00,2.0,0
2334,-1,3775.51,3777.85,1.110738255033557,0.9882352941175001,11,2025-09-24 11:00:00,2.0,2
2351,1,3767.68,3767.09,1.0511089681774348,0.30672112885242186,12,2025-09-24 12:25:00,-1.0,2
2352,1,3767.3,3766.43,1.1957569913211186,0.43655913978511823,12,2025-09-24 12:30:00,-1.0,3
2354,1,3767.82,3763.16,1.515769944341373,2.0890169708614885,12,2025-09-24 12:40:00,-1.0,4
2356,1,3767.61,3766.88,1.083495145631068,0.3240329740012767,12,2025-09-24 12:50:00,-1.0,2
2357,1,3768.49,3766.8,0.8019417475728156,0.7971698113205826,12,2025-09-24 12:55:00,-1.0,0
2363,1,3764.08,3759.82,1.8665276329509906,1.7172473365965288,13,2025-09-24 13:25:00,-1.0,4
2372,1,3763.16,3759.7,1.525179856115108,1.3923541247484705,14,2025-09-24 14:10:00,2.0,4
2398,-1,3770.68,3772.87,1.1793696275071632,0.6519243036359967,16,2025-09-24 16:20:00,2.0,3
2401,1,3764.99,3761.58,1.587837837837838,1.0187793427229583,16,2025-09-24 16:35:00,-1.0,4
2477,-1,3730.12,3731.27,1.1670103092783506,0.405848248046414,22,2025-09-24 22:55:00,-1.0,2
2512,-1,3743.95,3745.37,1.970649895178197,0.8127555192150854,2,2025-09-25 02:50:00,-1.0,4
2533,1,3740.83,3738.34,1.2426127527216173,0.793174061433389,4,2025-09-25 04:35:00,-1.0,3
2535,1,3740.27,3737.54,1.0892480674631062,0.862948746895477,4,2025-09-25 04:45:00,-1.0,2
2561,1,3736.63,3734.43,0.9352890422778257,0.8313090418354362,6,2025-09-25 06:55:00,-1.0,1
2568,1,3739.33,3733.72,1.0885311871227363,2.2562482045388625,7,2025-09-25 07:30:00,2.0,2
2569,-1,3738.43,3740.74,1.1710261569416498,0.9403896481534646,7,2025-09-25 07:35:00,-1.0,3
2571,-1,3738.22,3740.01,0.5163265306122449,0.7172295363481637,7,2025-09-25 07:45:00,-1.0,0
2581,-1,3738.12,3741.29,1.4746136865342163,1.3744193248683747,8,2025-09-25 08:35:00,-1.0,4
2628,1,3752.67,3750.6,0.8,0.7020348837210133,12,2025-09-25 12:30:00,2.0,0
2646,1,3750.41,3747.29,1.8672489082969432,1.0928196147110005,14,2025-09-25 14:00:00,-1.0,4
2652,1,3751.64,3748.98,1.1033962264150943,0.6964653076491076,14,2025-09-25 14:30:00,-1.0,2
2665,1,3741.39,3735.45,2.272552783109405,1.4938027663014308,15,2025-09-25 15:35:00,-1.0,4
2666,1,3741.69,3736.94,2.122762148337596,1.133844842284738,15,2025-09-25 15:40:00,-1.0,4
2681,1,3733.8,3724.9,0.9298079949638023,1.3884555382215324,16,2025-09-25 16:55:00,0.7579147821947151,1
2698,-1,3733.2,3738.83,0.8695965417867435,1.1587768303440316,18,2025-09-25 18:20:00,-1.0,0
2710,-1,3736.65,3740.49,0.8249141736145169,1.0380382313186955,19,2025-09-25 19:20:00,-1.0,0
2721,-1,3739.64,3743.1,1.3542435424354244,1.069551777434335,20,2025-09-25 20:15:00,-1.0,3
2729,-1,3741.76,3744.26,0.9686817188638019,0.8282063416942781,20,2025-09-25 20:55:00,-1.0,1
2730,-1,3742.55,3745.32,1.2259970457902511,0.880763116057233,21,2025-09-25 21:00:00,-1.0,3
2803,-1,3748.48,3753.21,2.0696324951644103,1.5307443365695776,4,2025-09-26 04:05:00,2.0,4
2804,-1,3743.88,3749.27,2.025594149908592,1.706081844901592,4,2025-09-26 04:10:00,-0.31877943768598854,4
2806,1,3740.41,3739.06,1.732406602953953,0.4314083542569859,4,2025-09-26 04:20:00,-1.0,4
2807,1,3740.99,3738.72,1.4785478547854785,0.7125560538116477,4,2025-09-26 04:25:00,-1.0,4
2808,1,3741.54,3739.81,1.3102386451116244,0.535722185357227,4,2025-09-26 04:30:00,-1.0,3
2813,1,3739.26,3737.86,0.9736842105263158,0.431243124312461,4,2025-09-26 04:55:00,-1.0,1
2814,1,3740.58,3738.31,0.7063711911357341,0.7087421944692232,5,2025-09-26 05:00:00,-1.0,0
2816,1,3739.4,3738.35,0.8310249307479224,0.3370013755158776,5,2025-09-26 05:10:00,-1.0,0
2819,1,3740.92,3738.34,1.1592797783933517,1.0154624683721905,5,2025-09-26 05:25:00,-1.0,2
2822,1,3738.73,3737.76,0.8876933422999328,0.3850297703429886,5,2025-09-26 05:40:00,-1.0,1
2823,1,3739.52,3738.63,0.7852161785216178,0.3604281168642847,5,2025-09-26 05:45:00,-1.0,0
2824,1,3740.62,3738.45,0.7971731448763251,0.8961651917404406,5,2025-09-26 05:50:00,-1.0,0
2830,1,3738.88,3736.74,0.6926406926406926,0.8364042434395329,6,2025-09-26 06:20:00,2.0,0
2850,-1,3746.85,3747.83,0.978978978978979,0.6545801526717667,8,2025-09-26 08:00:00,-1.0,1
2859,-1,3747.31,3748.86,1.3612403100775194,0.891536565324668,8,2025-09-26 08:45:00,2.0,3
2860,1,3745.59,3743.95,1.7736434108527133,0.8589599700712375,8,2025-09-26 08:50:00,-1.0,4
2863,1,3748.18,3743.53,2.7796610169491527,1.8963006117096801,9,2025-09-26 09:05:00,-1.0,4
2875,1,3742.08,3739.29,1.0267314702308628,0.8217967599410678,10,2025-09-26 10:05:00,2.0,2
2876,1,3742.99,3741.21,0.9708159618820726,0.5293118096855615,10,2025-09-26 10:10:00,2.0,1
2894,-1,3753.44,3755.21,0.8546125461254612,0.7110473457675327,11,2025-09-26 11:40:00,2.0,0
2897,-1,3752.96,3754.12,0.7075163398692811,0.5168682367917639,11,2025-09-26 11:55:00,2.0,0
2938,-1,3750.68,3753.41,1.581676750216076,1.3252427184466042,15,2025-09-26 15:20:00,-1.0,4
2940,1,3753.9,3746.62,2.7126637554585153,2.842956764295726,15,2025-09-26 15:30:00,2.0,4
2941,-1,3752.26,3757.41,2.7301310043668123,1.7732415150023206,15,2025-09-26 15:35:00,-1.0,4
2942,-1,3751.37,3753.28,2.488175675675676,0.608834244080237,15,2025-09-26 15:40:00,-1.0,4
2944,-1,3751.78,3754.53,1.7105691056910568,0.800748752079853,15,2025-09-26 15:50:00,-1.0,4
2950,-1,3755.33,3762.43,1.5578619615983393,1.5113273528964488,16,2025-09-26 16:20:00,-1.0,4
2952,-1,3756.99,3758.58,1.532912533814247,0.3134328358209263,16,2025-09-26 16:30:00,-1.0,4
2953,-1,3755.36,3760.88,1.331973898858075,1.028206492815332,16,2025-09-26 16:35:00,-1.0,3
2987,1,3773.84,3771.44,1.0224887556221889,0.7395993836671961,19,2025-09-26 19:25:00,2.0,2
3006,-1,3778.76,3783.21,1.1959798994974875,1.8833131801691878,21,2025-09-26 21:00:00,2.0,3
3020,1,3776.03,3774.1,1.0925426774483378,0.821276595744757,22,2025-09-26 22:10:00,-1.0,2
3021,1,3775.37,3774.19,1.0026954177897573,0.5291479820626717,22,2025-09-26 22:15:00,-1.0,1
3042,1,3764.9,3756.0,1.8069584736251403,2.8709677419355373,1,2025-09-29 01:00:00,2.0,4
3043,1,3767.34,3763.6,0.9784172661870504,1.1666666666667376,1,2025-09-29 01:05:00,2.0,1
3063,-1,3770.61,3772.42,2.1672131147540985,0.8692967409948389,2,2025-09-29 02:45:00,2.0,4
3064,-1,3768.39,3771.23,1.780327868852459,1.3169923815833708,2,2025-09-29 02:50:00,-1.0,4
3066,1,3769.62,3763.91,3.40327868852459,2.3070707070707157,3,2025-09-29 03:00:00,2.0,4
3082,-1,3768.15,3780.94,1.9607843137254901,2.7171471927162436,4,2025-09-29 04:20:00,-1.0,4
3104,-1,3797.18,3799.38,0.9275893675527039,0.5173861918361075,6,2025-09-29 06:10:00,-1.0,1
3178,-1,3816.3,3817.52,0.5483672211953173,0.5149231233040767,12,2025-09-29 12:20:00,2.0,0
3179,-1,3816.11,3816.99,0.6565847511027095,0.39935170178264084,12,2025-09-29 12:25:00,2.0,0
3247,-1,3826.86,3832.23,0.9654146522870956,1.0960781455022497,18,2025-09-29 18:05:00,-1.0,1
3256,-1,3831.98,3833.26,0.8142734307824592,0.30496936691631843,18,2025-09-29 18:50:00,2.0,0
3261,-1,3830.52,3833.58,0.9724770642201835,0.8813001440032735,19,2025-09-29 19:15:00,2.0,1
3278,1,3828.72,3826.08,0.8998628257887518,1.1009830205540077,20,2025-09-29 20:40:00,-1.0,1
3284,1,3827.57,3823.37,0.9930928626247122,1.3725490196078984,21,2025-09-29 21:10:00,0.4934541792547324,1
3296,1,3826.73,3822.72,1.1394037066881546,1.4612181155649213,22,2025-09-29 22:10:00,2.0,2
3319,-1,3830.16,3832.17,0.5043914680050188,1.0732265446225504,1,2025-09-30 01:05:00,-1.0,0
3320,-1,3829.74,3830.7,0.4755784061696658,0.517121969988481,1,2025-09-30 01:10:00,2.0,0
3322,1,3828.58,3825.68,1.2591587516960652,1.3856655290102737,1,2025-09-30 01:20:00,2.0,3
3324,1,3828.9,3827.04,0.6008344923504868,0.8405422853454287,1,2025-09-30 01:30:00,2.0,0
3339,-1,3830.03,3831.88,1.8235294117647058,1.2542372881354984,2,2025-09-30 02:45:00,-1.0,4
3354,-1,3840.7,3843.74,2.472596585804133,0.8083570750237306,4,2025-09-30 04:00:00,-1.0,4
3403,-1,3864.32,3869.25,1.5277777777777777,1.9953743856605735,8,2025-09-30 08:05:00,-1.0,4
3414,-1,3868.2,3870.36,1.1817440912795436,0.6475374732334936,9,2025-09-30 09:00:00,-1.0,3
3416,-1,3866.77,3871.74,1.44364161849711,1.4629941126997044,9,2025-09-30 09:10:00,2.0,4
3418,1,3865.73,3862.5,1.47095010252905,0.9542097488921792,9,2025-09-30 09:20:00,-1.0,4
3459,1,3798.4,3793.19,1.0919220055710306,0.7571888300633263,12,2025-09-30 12:45:00,2.0,2
3460,1,3798.55,3795.82,1.0306406685236769,0.41087938077833003,12,2025-09-30 12:50:00,2.0,2
3461,1,3798.77,3796.82,0.73671875,0.30245956126742213,12,2025-09-30 12:55:00,2.0,0
3484,-1,3814.13,3816.17,0.9264978381717109,0.5768531609775674,14,2025-09-30 14:50:00,-1.0,1
3486,-1,3813.3,3816.69,1.1846819024088944,0.936464088397758,15,2025-09-30 15:00:00,-1.0,3
3495,1,3819.1,3809.61,1.309328968903437,2.1830430496220123,15,2025-09-30 15:45:00,2.0,3
3498,-1,3815.09,3820.22,1.0933750652060512,1.0745062836624029,16,2025-09-30 16:00:00,-1.0,2
3522,-1,3845.99,3854.13,0.8858131487889274,1.2454644808743423,18,2025-09-30 18:00:00,-0.3396791756495148,1
3556,1,3844.3,3842.91,0.8788659793814433,0.5387596899226159,20,2025-09-30 20:50:00,-1.0,1
3557,1,3844.03,3843.07,0.8075916230366492,0.3840000000000245,20,2025-09-30 20:55:00,-1.0,0
3562,1,3844.13,3842.81,0.9550321199143469,0.4941176470588836,21,2025-09-30 21:20:00,2.0,1
3595,-1,3860.23,3861.62,0.831413612565445,0.5019344854268425,1,2025-10-01 01:05:00,2.0,0
3610,-1,3860.84,3861.93,0.5586107091172214,0.5970266040687001,2,2025-10-01 02:20:00,-1.0,0
3613,-1,3861.01,3862.0,0.9210526315789473,0.6232014388488023,2,2025-10-01 02:35:00,-1.0,1
3615,-1,3862.31,3862.74,1.2666666666666666,0.33222958057384366,2,2025-10-01 02:45:00,-1.0,3
3616,-1,3862.02,3862.74,1.1157894736842104,0.5381740523223665,2,2025-10-01 02:50:00,-1.0,2
3623,-1,3861.24,3864.13,1.6383307573415764,1.903104421448967,3,2025-10-01 03:25:00,-1.0,4
3624,1,3860.31,3858.68,2.0030349013657056,0.9908814589666232,3,2025-10-01 03:30:00,2.0,4
3625,1,3861.43,3859.2,1.7393850658857979,1.2927536231884114,3,2025-10-01 03:35:00,2.0,4
3636,-1,3864.14,3865.57,1.0323176361957525,0.5960107174755417,4,2025-10-01 04:30:00,-1.0,2
3637,-1,3864.92,3865.76,0.7305605786618445,0.362403697996973,4,2025-10-01 04:35:00,-1.0,0
3646,-1,3865.26,3868.8,1.2585203657522859,1.1870658682634607,5,2025-10-01 05:20:00,2.0,3
3652,1,3860.88,3858.3,1.1534391534391535,0.7257383966244589,5,2025-10-01 05:50:00,-1.0,2
3655,1,3861.88,3858.9,1.3727206418672502,0.747268493641417,6,2025-10-01 06:05:00,-1.0,3
3661,1,3859.77,3855.58,1.3526315789473684,1.2162554426705525,6,2025-10-01 06:35:00,2.0,3
3679,-1,3863.77,3869.39,1.6946702800361337,1.9480069324089586,8,2025-10-01 08:05:00,-1.0,4
3680,-1,3864.27,3865.13,0.9813664596273292,0.3058943089431337,8,2025-10-01 08:10:00,-1.0,1
3695,1,3861.83,3857.19,1.5345911949685536,1.5952848722986244,9,2025-10-01 09:25:00,2.0,4
3706,-1,3868.22,3870.48,1.2415979708306912,0.6727620667659562,10,2025-10-01 10:20:00,-1.0,3
3710,-1,3869.03,3873.35,1.1864801864801864,1.267393126571588,10,2025-10-01 10:40:00,-1.0,3
3765,-1,3888.27,3891.03,2.5426008968609866,0.8785811732606602,15,2025-10-01 15:15:00,2.0,4
3766,-1,3881.23,3890.58,2.4798270893371757,2.6961894953656165,15,2025-10-01 15:20:00,2.0,4
3795,-1,3866.67,3878.32,1.3953488372093024,2.1137895282529886,17,2025-10-01 17:45:00,0.2924502439826712,3
3796,1,3870.13,3866.03,1.5036218070911171,0.7292593063143018,17,2025-10-01 17:50:00,-1.0,4
3823,-1,3869.38,3871.28,0.6077120822622109,0.7692307692307875,20,2025-10-01 20:05:00,-1.0,0
3827,-1,3870.81,3871.94,1.0095602294455066,0.6158038147139437,20,2025-10-01 20:25:00,2.0,1
3836,1,3859.88,3856.48,1.30644111906311,1.103384330088118,21,2025-10-01 21:10:00,2.0,3
3849,-1,3865.09,3866.67,0.9252450980392157,0.48840803709425923,22,2025-10-01 22:15:00,-1.0,1
3858,-1,3864.92,3867.79,0.72911051212938,1.1201561193197267,23,2025-10-01 23:00:00,-1.0,0
3876,1,3861.17,3859.19,0.9339080459770115,0.7534656156564454,1,2025-10-02 01:30:00,2.0,1
3877,1,3861.49,3860.26,0.8468468468468469,0.4749034749033154,1,2025-10-02 01:35:00,2.0,0
3890,1,3860.93,3857.67,2.0860927152317883,1.5330870003358452,2,2025-10-02 02:40:00,-1.0,4
3898,1,3860.1,3856.61,1.3834771886559802,1.1885186086110182,3,2025-10-02 03:20:00,-1.0,3
3899,1,3858.15,3857.08,1.2663656884875847,0.35880239520964746,3,2025-10-02 03:25:00,-1.0,3
3900,1,3858.5,3857.36,0.9004237288135594,0.37846810528808883,3,2025-10-02 03:30:00,-1.0,1
3904,1,3857.46,3856.18,1.5483870967741935,0.43750000000007283,3,2025-10-02 03:50:00,-1.0,4
3907,1,3858.04,3854.69,1.4224598930481283,1.1214729794356542,4,2025-10-02 04:05:00,2.0,3
3949,1,3865.03,3863.8,1.1282894736842106,0.7477203647416754,7,2025-10-02 07:35:00,-1.0,2
3953,1,3864.32,3863.06,0.5806451612903226,0.808062299587866,7,2025-10-02 07:55:00,2.0,0
3960,-1,3867.21,3869.56,1.7629870129870129,1.220779220779223,8,2025-10-02 08:30:00,-1.0,4
3963,-1,3867.28,3868.59,1.2293853073463268,0.6866342193934678,8,2025-10-02 08:45:00,-1.0,3
3967,-1,3870.43,3871.39,1.672872340425532,0.47727272727274783,9,2025-10-02 09:05:00,-1.0,4
3978,1,3867.47,3863.76,1.6383616383616384,1.3824860260844969,10,2025-10-02 10:00:00,-1.0,4
3982,-1,3870.2,3874.5,1.2794496990541702,1.3669391462307723,10,2025-10-02 10:20:00,-1.0,3
3986,1,3865.93,3861.94,1.0925666199158486,1.0478334271243197,10,2025-10-02 10:40:00,2.0,2
4001,-1,3874.55,3878.68,0.8323615160349854,1.4088693957113687,11,2025-10-02 11:55:00,-1.0,0
4003,-1,3874.52,3876.89,1.0217216411906678,0.7652214022139846,12,2025-10-02 12:05:00,-1.0,2
4010,-1,3877.75,3879.13,0.9567519858781994,0.4707602339181663,12,2025-10-02 12:40:00,-1.0,1
4011,-1,3877.34,3879.74,1.1226499552372426,0.8245398773004977,12,2025-10-02 12:45:00,-1.0,2
4016,-1,3876.1,3879.41,1.0107719928186714,1.3331415420022887,13,2025-10-02 13:10:00,-1.0,1
4031,-1,3883.56,3884.95,0.8678213309024613,0.5847355769230198,14,2025-10-02 14:25:00,-1.0,0
4041,-1,3883.38,3886.83,1.9309262166405023,1.167230546157525,15,2025-10-02 15:15:00,-1.0,4
4042,-1,3882.29,3884.43,1.52023988005997,0.7207120519605263,15,2025-10-02 15:20:00,-1.0,4
4057,-1,3883.16,3892.76,1.674655787863335,2.2679716503544305,16,2025-10-02 16:35:00,2.0,4
4082,1,3834.88,3822.24,0.8913928012519562,1.329726480312638,18,2025-10-02 18:40:00,1.425105836464784,1
4136,-1,3857.21,3859.34,0.6731107205623902,0.8963029756537764,23,2025-10-02 23:10:00,-1.0,0
4149,1,3853.59,3852.14,1.0635208711433757,0.8011049723758512,1,2025-10-03 01:15:00,2.0,2
4163,-1,3858.4,3858.83,0.778021978021978,0.3217530732227445,2,2025-10-03 02:25:00,-1.0,0
4176,1,3857.1,3856.41,1.1815718157181572,0.3082322910019509,3,2025-10-03 03:30:00,2.0,3
4180,1,3857.43,3856.55,0.9908675799086758,0.39987017202192626,3,2025-10-03 03:50:00,2.0,1
4182,1,3859.31,3856.36,1.3150684931506849,1.3053097345132179,4,2025-10-03 04:00:00,-1.0,3
4183,1,3858.31,3856.37,2.366630076838639,0.7256211594977526,4,2025-10-03 04:05:00,-1.0,4
4184,1,3856.74,3853.43,1.703239289446186,1.1550348953140288,4,2025-10-03 04:10:00,-1.0,4
4191,1,3858.75,3854.59,1.4828767123287672,1.1772791590862677,4,2025-10-03 04:45:00,-1.0,4
4208,1,3847.69,3845.18,1.1031307550644567,0.8754359740907118,6,2025-10-03 06:10:00,-1.0,2
4279,1,3861.28,3859.89,1.0339702760084926,0.6245186136073296,12,2025-10-03 12:05:00,-1.0,2
4284,1,3860.34,3858.01,1.1142241379310345,1.042505592841147,12,2025-10-03 12:30:00,2.0,2
4285,1,3860.22,3859.46,0.8230366492146597,0.35034573592351154,12,2025-10-03 12:35:00,-1.0,0
4293,-1,3864.57,3866.15,1.1967213114754098,0.7799717912552497,13,2025-10-03 13:15:00,-1.0,3
4299,-1,3864.28,3866.12,1.1233480176211454,0.9006993006991235,13,2025-10-03 13:45:00,-1.0,2
4302,-1,3864.23,3867.15,1.4978723404255319,1.2429309820614183,14,2025-10-03 14:00:00,2.0,4
4303,-1,3864.64,3865.56,1.3680851063829786,0.39497086783197755,14,2025-10-03 14:05:00,2.0,3
4304,-1,3862.41,3865.44,1.2233400402414487,1.2256573244727722,14,2025-10-03 14:10:00,2.0,3
4311,1,3862.53,3859.1,1.2296875,1.0466434176112562,14,2025-10-03 14:45:00,2.0,3
4320,-1,3867.65,3869.33,1.386138613861386,0.49143334726280546,15,2025-10-03 15:30:00,-1.0,3
4361,-1,3889.49,3891.68,0.7701102490812577,0.49451612903226677,18,2025-10-03 18:55:00,2.0,0
4385,1,3881.82,3877.83,1.386138613861386,1.3721444362565127,20,2025-10-03 20:55:00,2.0,3
4387,1,3881.43,3880.14,0.9551543389633081,0.43330134357004235,21,2025-10-03 21:05:00,2.0,1
4416,1,3883.94,3882.69,0.7633434038267876,0.6814641744548571,23,2025-10-03 23:30:00,2.0,0
4417,1,3884.0,3883.3,0.8161616161616162,0.3838621229924755,23,2025-10-03 23:35:00,2.0,0
4422,-1,3888.35,3892.04,1.739463601532567,1.9464958553128335,1,2025-10-06 01:00:00,-1.0,4
4423,-1,3886.43,3889.64,1.8441890166028096,1.638352169157939,1,2025-10-06 01:05:00,-1.0,4
4484,-1,3921.86,3926.52,1.6085106382978724,1.5916077091972887,6,2025-10-06 06:10:00,-1.0,4
4547,-1,3943.75,3946.29,1.1365827530798072,0.5800978792822171,11,2025-10-06 11:25:00,2.0,2
4567,1,3936.81,3932.5,1.4049346879535558,1.2879402347918627,13,2025-10-06 13:05:00,-1.0,3
4573,-1,3943.5,3945.29,1.0324574961360125,0.5216486261448691,13,2025-10-06 13:35:00,-1.0,2
4575,-1,3942.64,3946.61,1.0591016548463357,1.0977681216670638,13,2025-10-06 13:45:00,2.0,2
4588,1,3935.68,3931.23,1.3535483870967742,1.2134787689910085,14,2025-10-06 14:50:00,-1.0,3
4594,-1,3933.67,3940.4,1.8525745257452575,1.5265716137395116,15,2025-10-06 15:20:00,-1.0,4
4595,1,3931.27,3928.78,1.659957627118644,0.543668122270711,15,2025-10-06 15:25:00,-1.0,4
4598,1,3931.62,3928.58,1.104507181773155,0.6428032019332479,15,2025-10-06 15:40:00,-1.0,2
4599,1,3934.36,3931.17,0.9912621359223301,0.6957470010905386,15,2025-10-06 15:45:00,-1.0,1
4640,-1,3948.02,3965.31,1.585924713584288,3.0989630008961426,19,2025-10-06 19:10:00,-0.6406269412720289,4
4641,1,3951.24,3945.95,1.3657937806873977,0.9635701275045341,19,2025-10-06 19:15:00,2.0,3
4663,-1,3957.03,3959.72,1.0078037904124861,0.993143459915462,21,2025-10-06 21:05:00,-1.0,1
4665,-1,3957.83,3959.08,0.7805714285714286,0.4876010030649224,21,2025-10-06 21:15:00,-1.0,0
4672,-1,3957.83,3960.61,1.0264097073518914,1.3969849246232098,21,2025-10-06 21:50:00,-1.0,2
4692,1,3958.48,3957.51,0.620019436345967,0.47383112351700163,23,2025-10-06 23:30:00,2.0,0
4694,1,3958.63,3957.42,0.4983888292158969,0.6239410681399903,23,2025-10-06 23:40:00,2.0,0
4695,1,3960.58,3958.13,0.5223529411764706,1.2614931960278764,23,2025-10-06 23:45:00,2.0,0
4699,-1,3965.03,3966.17,1.2845786963434023,0.5424881033310137,1,2025-10-07 01:05:00,-1.0,3
4706,-1,3963.81,3968.56,3.9841017488076313,1.292768273716962,1,2025-10-07 01:40:00,-1.0,4
4729,-1,3971.01,3975.38,1.4765432098765432,1.2863751051303434,3,2025-10-07 03:35:00,2.0,4
4784,1,3965.48,3960.13,2.2036124794745486,1.821498054474662,8,2025-10-07 08:10:00,-1.0,4
4787,1,3963.6,3960.68,1.1888341543513958,0.8617200674536544,8,2025-10-07 08:25:00,-1.0,3
4795,1,3963.63,3959.69,1.3981931897150799,0.8776451869530826,9,2025-10-07 09:05:00,-1.0,3
4817,1,3945.97,3943.3,1.2140762463343109,0.6418269230768286,10,2025-10-07 10:55:00,-1.0,3
4819,1,3945.3,3940.89,1.1877104377104377,1.0225240145744245,11,2025-10-07 11:05:00,2.0,3
4820,1,3946.43,3942.96,0.8630193336075689,0.8072449318710031,11,2025-10-07 11:10:00,2.0,0
4897,-1,3982.43,3986.51,1.1765551959726717,0.6725538678912616,17,2025-10-07 17:35:00,-1.0,3
4902,-1,3984.15,3987.34,0.9815195071868583,0.580301455301458,18,2025-10-07 18:00:00,-1.0,1
4907,-1,3985.14,3989.48,0.9492084432717678,0.8692417739628208,18,2025-10-07 18:25:00,2.0,1
4967,-1,3982.54,3983.35,0.4155161078238001,0.39705882352938576,23,2025-10-07 23:25:00,-1.0,0
4986,-1,3990.72,3992.31,1.7395209580838322,0.762067785005204,2,2025-10-08 02:00:00,-1.0,4
4987,-1,3990.43,3991.42,1.0808383233532934,0.48326359832647037,2,2025-10-08 02:05:00,-1.0,2
4988,-1,3990.1,3991.87,1.0411764705882354,0.9096916299559147,2,2025-10-08 02:10:00,-1.0,2
4990,-1,3990.34,3991.93,0.9985486211901307,0.8198895027622413,2,2025-10-08 02:20:00,-1.0,1
5014,1,3989.73,3984.95,1.2759761747187293,1.3157687770350732,4,2025-10-08 04:20:00,2.0,3
5015,1,3994.13,3987.74,1.3557387444514901,1.5639860139861115,4,2025-10-08 04:25:00,2.0,3
5044,-1,4014.31,4016.5,1.3456889605157132,0.7906137184115587,6,2025-10-08 06:50:00,-1.0,3
5084,-1,4036.94,4039.13,1.249089963598544,0.5502512562814182,10,2025-10-08 10:10:00,-1.0,3
5087,-1,4036.32,4038.09,0.9247967479674797,0.4906930693069168,10,2025-10-08 10:25:00,-1.0,1
5088,-1,4036.65,4037.83,0.9304301646309081,0.33387227162484945,10,2025-10-08 10:30:00,-1.0,1
5099,-1,4038.21,4039.69,0.7802385008517888,0.47610294117647667,11,2025-10-08 11:25:00,-1.0,0
5101,-1,4038.78,4039.77,0.78137421919364,0.3256578947367707,11,2025-10-08 11:35:00,2.0,0
5103,-1,4038.07,4040.48,0.8834498834498834,0.8454021548483514,11,2025-10-08 11:45:00,2.0,1
5104,-1,4038.99,4040.01,0.8562874251497006,0.3594261263530315,11,2025-10-08 11:50:00,2.0,0
5105,-1,4036.37,4039.33,0.9505796217205613,1.0206896551724172,11,2025-10-08 11:55:00,-1.0,1
5107,-1,4037.44,4040.08,0.9925373134328358,0.8696470588234783,12,2025-10-08 12:05:00,-1.0,1
5112,1,4033.68,4030.74,1.293492695883134,1.048128342245997,12,2025-10-08 12:30:00,2.0,3
5137,1,4034.73,4032.15,1.0449784349969193,0.8922924901185817,14,2025-10-08 14:35:00,2.0,2
5150,1,4033.97,4031.16,1.4098166765227675,0.6716749189004408,15,2025-10-08 15:40:00,2.0,3
5156,-1,4046.03,4049.4,1.1639344262295082,0.7477020602218308,16,2025-10-08 16:10:00,2.0,2
5157,-1,4044.6,4047.17,1.1865637766681798,0.5889670977246915,16,2025-10-08 16:15:00,2.0,3
5161,1,4031.99,4026.34,1.5608714224690303,1.155588020452791,16,2025-10-08 16:35:00,2.0,4
5163,1,4033.79,4027.81,1.2830188679245282,1.1750175438596377,16,2025-10-08 16:45:00,2.0,3
5180,-1,4039.37,4047.74,1.0264623955431755,1.5277705345501882,18,2025-10-08 18:10:00,-1.0,2
5206,1,4053.12,4051.11,1.1180698151950719,0.6439359267733689,20,2025-10-08 20:20:00,-1.0,2
5211,1,4053.19,4049.67,0.9737206085753803,0.9343951459992245,20,2025-10-08 20:45:00,-1.0,1
5217,1,4043.42,4038.65,1.757396449704142,1.044090056285159,21,2025-10-08 21:15:00,-1.0,4
5218,1,4047.26,4042.63,1.2671328671328672,0.9863055386488259,21,2025-10-08 21:20:00,-1.0,3
5228,1,4041.53,4034.06,1.5832937826293307,1.367237547391842,22,2025-10-08 22:10:00,-1.0,4
5229,1,4041.1,4035.82,1.305173232083531,0.949640287769731,22,2025-10-08 22:15:00,-1.0,3
5263,1,4015.97,4011.95,1.5587334014300307,0.6892835272504515,2,2025-10-09 02:05:00,-1.0,4
5272,1,4012.16,4001.38,1.8929577464788732,1.9839621401340002,2,2025-10-09 02:50:00,1.2060904744391783,4
5274,1,4012.46,4008.9,1.7380281690140844,0.6085470085469884,3,2025-10-09 03:00:00,2.0,4
5289,-1,4025.28,4028.63,1.661,0.5488589818607265,4,2025-10-09 04:15:00,-1.0,4
5295,-1,4024.8,4033.27,1.0658857979502196,1.2521647307286017,4,2025-10-09 04:45:00,2.0,2
5301,1,4008.68,4002.62,0.9610189116171363,0.8512944009632648,5,2025-10-09 05:15:00,2.0,1
5305,1,4016.22,4006.03,0.8452335005789271,1.461380864576875,5,2025-10-09 05:35:00,2.0,0
5341,-1,4037.61,4042.11,1.9024390243902438,1.2830957230142352,8,2025-10-09 08:35:00,2.0,4
5352,1,4035.29,4030.32,1.4369189907038513,1.252339812814936,9,2025-10-09 09:30:00,-1.0,4
5391,1,4037.65,4035.37,0.8464849354375896,0.8046382656920001,12,2025-10-09 12:45:00,2.0,0
5393,1,4037.55,4034.88,0.7733732236350037,0.9324020952856082,12,2025-10-09 12:55:00,2.0,0
5401,-1,4038.94,4040.1,0.6655231560891939,0.5456989247311353,13,2025-10-09 13:35:00,-1.0,0
5408,-1,4038.29,4039.91,1.4057142857142857,0.7163613392292973,14,2025-10-09 14:10:00,2.0,3
5411,1,4035.99,4033.46,1.078095238095238,0.9498525073745714,14,2025-10-09 14:25:00,2.0,2
5427,-1,4043.39,4047.71,1.4531059683313032,1.309941520467884,15,2025-10-09 15:45:00,-1.0,4
5529,1,3973.98,3968.31,1.0554455445544555,1.3170731707317445,1,2025-10-10 01:15:00,2.0,2
5591,1,3970.42,3961.72,1.3436293436293436,2.028309741881823,6,2025-10-10 06:25:00,-1.0,3
5633,1,3968.31,3963.82,1.2954423592493298,0.9797381546134278,9,2025-10-10 09:55:00,-1.0,3
5645,-1,3972.16,3976.25,1.1269694161260426,0.7197988686361061,10,2025-10-10 10:55:00,-1.0,2
5668,-1,3998.45,4003.57,1.191555097837281,1.0414063635043573,12,2025-10-10 12:50:00,2.0,3
5689,1,3994.42,3991.61,1.113662456946039,0.7773167358229568,14,2025-10-10 14:35:00,-1.0,2
5691,1,3994.6,3983.35,1.6188289322617682,2.6089117111148163,14,2025-10-10 14:45:00,-1.0,4
5704,1,3987.79,3981.41,0.9930486593843099,1.1152453489823992,15,2025-10-10 15:50:00,-1.0,1
5707,1,3987.75,3980.32,1.398938736131211,1.3432334710743496,16,2025-10-10 16:05:00,-1.0,3
5717,1,3980.66,3975.6,1.4490380679492427,0.7569993588373582,16,2025-10-10 16:55:00,-1.0,4
5719,1,3980.85,3970.93,1.346444780635401,1.396761540782479,17,2025-10-10 17:05:00,2.0,3
5720,1,3980.88,3976.13,1.1294938917975568,0.6735541375468479,17,2025-10-10 17:10:00,2.0,2
5721,1,3984.63,3976.99,1.0711817553559089,1.0796406581205702,17,2025-10-10 17:15:00,2.0,2
5754,1,3980.41,3976.0,0.9299328859060403,0.5338983050847225,20,2025-10-10 20:00:00,2.0,1
5756,1,3982.23,3975.35,0.932339132836233,0.8361836965014386,20,2025-10-10 20:10:00,2.0,1
5791,-1,4006.86,4013.0,0.6605062274005625,1.108160371277537,23,2025-10-10 23:05:00,-1.0,0
5792,-1,4006.02,4009.47,0.5407407407407407,0.6181213207063964,23,2025-10-10 23:10:00,-1.0,0
5802,-1,4013.08,4030.5,1.1949553336836574,2.381175551650087,1,2025-10-13 01:00:00,-1.0,3
5804,-1,4021.29,4027.56,0.9336283185840708,0.7757843570481664,1,2025-10-13 01:10:00,-1.0,1
5835,-1,4046.33,4059.75,1.3199124726477025,1.5236396074933072,3,2025-10-13 03:45:00,-0.6407644913869027,3
5860,1,4043.42,4041.78,0.686818632309217,0.3147361206305472,5,2025-10-13 05:50:00,2.0,0
5871,-1,4051.31,4056.46,1.318313953488372,1.3202710126350687,6,2025-10-13 06:45:00,-1.0,3
5877,-1,4055.28,4057.2,0.8877476155539251,0.5914191419140643,7,2025-10-13 07:15:00,-1.0,1
5880,-1,4056.21,4058.41,0.9968,0.6788626845932891,7,2025-10-13 07:30:00,-1.0,1
5883,-1,4056.34,4057.5,0.7545304777594728,0.3967749816759841,7,2025-10-13 07:45:00,-1.0,0
5885,-1,4056.3,4057.32,0.627677100494234,0.4007858546168875,7,2025-10-13 07:55:00,-1.0,0
5914,-1,4073.72,4074.84,0.7941473259334006,0.3061304178056404,10,2025-10-13 10:20:00,-1.0,0
5916,-1,4069.35,4074.78,1.041372351160444,1.4678509364742898,10,2025-10-13 10:30:00,-1.0,2
5920,-1,4073.37,4076.96,0.7822364901016586,0.9436725497559407,10,2025-10-13 10:50:00,-1.0,0
5936,-1,4076.07,4078.39,1.0093808630393997,0.6592246803327652,12,2025-10-13 12:10:00,-1.0,1
5954,-1,4077.95,4079.99,1.0890947968638631,0.6648044692737517,13,2025-10-13 13:40:00,-1.0,2
5958,-1,4078.73,4082.28,1.420039814200398,1.0930283703541404,14,2025-10-13 14:00:00,-1.0,3
5976,-1,4082.69,4086.08,1.6478527607361964,1.0643642072213284,15,2025-10-13 15:30:00,-1.0,4
6040,1,4102.7,4100.17,1.064373897707231,0.5658146964855628,20,2025-10-13 20:50:00,-1.0,2
6041,1,4103.7,4100.41,0.9656084656084656,0.7676666666666466,20,2025-10-13 20:55:00,-1.0,1
6044,1,4101.94,4099.22,0.8036529680365296,0.6908563134976466,21,2025-10-13 21:10:00,-1.0,0
6057,1,4101.37,4097.61,0.9393258426966292,0.9678249678249938,22,2025-10-13 22:15:00,2.0,1
6066,-1,4106.32,4110.23,0.6989946777054997,0.9929258117177273,23,2025-10-13 23:00:00,-1.0,0
6067,-1,4107.15,4108.76,0.47072738024837374,0.40818544005809904,23,2025-10-13 23:05:00,-1.0,0
6077,-1,4110.51,4112.03,0.5417439703153989,0.5962454469037158,23,2025-10-13 23:55:00,-1.0,0
6083,-1,4109.03,4112.87,1.1279373368146215,1.639024390244001,1,2025-10-14 01:25:00,-1.0,2
6084,1,4108.41,4106.84,1.5691906005221932,0.6406295540657777,1,2025-10-14 01:30:00,2.0,4
6086,1,4108.2,4106.68,0.9556135770234987,0.5967470555242442,1,2025-10-14 01:40:00,2.0,1
6094,-1,4113.81,4115.32,1.1995359628770301,0.5704263356716162,2,2025-10-14 02:20:00,-1.0,3
6115,-1,4129.78,4132.26,1.6589327146171693,0.5459977983960927,4,2025-10-14 04:05:00,-1.0,4
6134,-1,4147.0,4149.9,0.9692070823710547,0.6522088353413027,5,2025-10-14 05:40:00,-1.0,1
6161,-1,4168.11,4169.99,0.7951680672268907,0.41804320203306083,7,2025-10-14 07:55:00,-1.0,0
6169,-1,4141.22,4174.47,2.0269687162891046,4.7470936161534,8,2025-10-14 08:35:00,0.11456792139016662,4
6219,1,4133.01,4129.49,1.3215725806451613,0.5814063237376826,12,2025-10-14 12:45:00,-1.0,3
6225,1,4130.62,4127.37,1.0394669400307535,0.6302812023825891,13,2025-10-14 13:15:00,2.0,2
6228,-1,4141.0,4144.31,0.9760665972944849,0.631937815355289,13,2025-10-14 13:30:00,2.0,1
6237,1,4132.14,4128.56,0.8199273482096523,0.7308253135024552,14,2025-10-14 14:15:00,-1.0,0
6242,1,4130.63,4126.34,0.8457389428263214,0.9001798561150847,14,2025-10-14 14:40:00,-1.0,0
6244,1,4129.24,4125.78,1.0049586776859505,0.7380770988876898,14,2025-10-14 14:50:00,-1.0,1
6245,1,4130.49,4127.76,0.936542669584245,0.6633113502254903,14,2025-10-14 14:55:00,-1.0,1
6247,1,4129.22,4126.5,1.0403092214246272,0.6634146341463657,15,2025-10-14 15:05:00,-1.0,2
6248,1,4130.22,4127.57,0.7549234135667396,0.6657096716311772,15,2025-10-14 15:10:00,-1.0,0
6272,-1,4134.43,4137.3,1.075526932084309,0.31550844130347916,17,2025-10-14 17:10:00,-1.0,2
6273,-1,4130.35,4136.2,0.9524084222670897,0.6508264462809256,17,2025-10-14 17:15:00,-1.0,1
6277,-1,4131.76,4137.51,0.8895298528987597,0.6883872071147513,17,2025-10-14 17:35:00,-1.0,1
6279,-1,4130.4,4135.01,0.8056206088992974,0.6095004249693723,17,2025-10-14 17:45:00,-1.0,0
6291,-1,4137.01,4140.38,0.8368695652173913,0.7207454934310492,18,2025-10-14 18:45:00,-1.0,0
6292,-1,4132.33,4138.99,0.9389339922343806,1.3776595744680122,18,2025-10-14 18:50:00,-1.0,1
6305,-1,4140.43,4152.03,1.2122103714600956,1.6733642452343334,19,2025-10-14 19:55:00,-0.13575303020153648,3
6377,-1,4161.62,4164.51,1.3647540983606556,1.072072072072174,2,2025-10-15 02:55:00,-1.0,3
6383,-1,4156.06,4164.29,1.8835143139190522,2.11296534017958,3,2025-10-15 03:25:00,-1.0,4
6417,-1,4182.22,4185.79,0.976545842217484,0.6714132186995646,6,2025-10-15 06:15:00,-1.0,1
6419,-1,4183.52,4185.2,0.8032786885245902,0.3201306655776679,6,2025-10-15 06:25:00,-1.0,0
6426,-1,4185.4,4187.62,0.7982510930668333,0.5952882589542913,7,2025-10-15 07:00:00,2.0,0
6428,-1,4185.27,4186.95,0.43597751405371643,0.4876632801159352,7,2025-10-15 07:10:00,2.0,0
6444,-1,4186.62,4193.64,2.259380097879282,1.6484401207648993,8,2025-10-15 08:30:00,-1.0,4
6446,-1,4188.6,4193.4,1.3288288288288288,1.0843956753266022,8,2025-10-15 08:40:00,-1.0,3
6448,-1,4190.34,4191.8,1.1332858161083392,0.34538695505239475,8,2025-10-15 08:50:00,2.0,2
6490,1,4184.6,4163.67,2.1230956733698965,2.9896949290889867,12,2025-10-15 12:20:00,0.2702800588934266,4
6491,1,4190.23,4180.6,1.8330286410725167,1.2751347772627606,12,2025-10-15 12:25:00,-1.0,4
6518,-1,4198.08,4204.24,1.0829817158931083,1.286972093717321,14,2025-10-15 14:40:00,2.0,2
6546,-1,4201.6,4205.22,1.2157598499061915,0.4801515869256082,17,2025-10-15 17:00:00,-1.0,3
6552,-1,4201.4,4207.31,0.848595403137541,0.8218933147909844,17,2025-10-15 17:30:00,2.0,0
6565,1,4192.48,4184.84,1.2074468085106382,1.131732091842066,18,2025-10-15 18:35:00,-1.0,3
6566,1,4194.84,4190.92,0.993161094224924,0.5767735155018632,18,2025-10-15 18:40:00,-1.0,1
6570,1,4192.32,4187.94,0.7881619937694704,0.605211212001596,19,2025-10-15 19:00:00,-1.0,0
6571,1,4192.11,4188.88,0.9003115264797508,0.4535151940627206,19,2025-10-15 19:05:00,-1.0,1
6583,-1,4196.38,4199.64,0.928801102434543,0.6512557077625929,20,2025-10-15 20:05:00,2.0,1
6597,-1,4198.34,4200.83,0.9977032613688562,0.43920876905629064,21,2025-10-15 21:15:00,-1.0,1
6599,-1,4198.51,4200.27,1.1258154706430568,0.3872995913235374,21,2025-10-15 21:25:00,-1.0,2
6600,-1,4199.03,4200.32,0.7290552584670231,0.30429654591406796,21,2025-10-15 21:30:00,-1.0,0
6633,1,4207.73,4200.1,1.4839924670433144,2.24317513649704,1,2025-10-16 01:15:00,2.0,4
6639,-1,4212.71,4215.66,0.9216683621566633,0.7628370890284187,1,2025-10-16 01:45:00,-1.0,1
6641,-1,4213.24,4214.54,0.6462793068297655,0.3270440251572859,1,2025-10-16 01:55:00,-1.0,0
6642,-1,4212.02,4215.77,0.9826707441386341,0.9334992887624652,2,2025-10-16 02:00:00,-1.0,1
6665,-1,4210.55,4217.99,1.28125,1.535830138602127,3,2025-10-16 03:55:00,-1.0,3
6671,-1,4224.96,4227.85,1.1991150442477876,0.5083553210202969,4,2025-10-16 04:25:00,-1.0,3
6675,-1,4225.35,4231.45,1.137768465165008,1.0227544910178725,4,2025-10-16 04:45:00,-1.0,2
6712,1,4231.59,4228.18,1.5424,1.2178571428571248,7,2025-10-16 07:50:00,-1.0,4
6745,-1,4227.23,4231.41,0.7088607594936709,0.9375200256328606,10,2025-10-16 10:35:00,-1.0,0
6750,-1,4233.32,4236.02,1.180446590223295,0.6551126516466051,11,2025-10-16 11:00:00,2.0,3
6752,-1,4232.01,4234.34,0.8148614609571788,0.609491778774266,11,2025-10-16 11:10:00,-1.0,0
6765,1,4230.64,4228.11,1.0685859441151566,0.8447412353924967,12,2025-10-16 12:15:00,-1.0,2
6771,1,4229.99,4227.31,1.2581497797356829,0.7237654320985837,12,2025-10-16 12:45:00,2.0,3
6785,-1,4242.73,4246.37,1.1213782302270947,0.8751502661858864,13,2025-10-16 13:55:00,-1.0,2
6786,-1,4240.05,4243.26,0.9375951293759512,0.7798021863612775,14,2025-10-16 14:00:00,-1.0,1
6788,-1,4243.17,4244.76,0.7523219814241486,0.42247105712663136,14,2025-10-16 14:10:00,-1.0,0
6791,-1,4244.51,4246.69,1.1093117408906883,0.6354361857170951,14,2025-10-16 14:25:00,-1.0,2
6795,-1,4242.49,4247.44,1.4121457489878542,1.4407484407484858,14,2025-10-16 14:45:00,-1.0,3
6804,-1,4246.42,4248.04,1.6173541963015647,0.40557939914162283,15,2025-10-16 15:30:00,-1.0,4
6805,-1,4237.62,4251.11,1.9343575418994414,2.6443573228788013,15,2025-10-16 15:35:00,-1.0,4
6806,1,4237.33,4227.68,2.312283136710618,1.6701693658054013,15,2025-10-16 15:40:00,2.0,4
6807,1,4239.84,4233.23,1.650988411724608,1.0881937911572221,15,2025-10-16 15:45:00,2.0,4
6809,1,4236.17,4233.79,1.5609103078982598,0.383694150161237,15,2025-10-16 15:55:00,2.0,4
6816,-1,4248.15,4252.43,1.3818342151675485,0.5364368845121733,16,2025-10-16 16:30:00,-1.0,3
6821,-1,4246.35,4253.23,1.1905537459283388,0.9714573877961677,16,2025-10-16 16:55:00,-1.0,3
6853,-1,4265.8,4279.44,1.9401473296500922,1.853980582524209,19,2025-10-16 19:35:00,-1.0,4
6854,1,4271.66,4261.52,1.845943482224248,1.2720430107526317,19,2025-10-16 19:40:00,2.0,4
6862,-1,4290.98,4295.18,0.9678714859437751,0.4381846635368505,20,2025-10-16 20:20:00,-1.0,1
6866,-1,4290.91,4295.39,0.9230254350736279,0.5486354093772418,20,2025-10-16 20:40:00,2.0,1
6982,-1,4358.54,4362.09,1.1314704535043518,0.6810084954782522,7,2025-10-17 07:20:00,-1.0,2
6990,-1,4368.55,4378.59,1.4537634408602151,1.5025120256547362,8,2025-10-17 08:00:00,2.0,4
6997,1,4361.32,4353.61,1.4179028132992328,1.0077490430398648,8,2025-10-17 08:35:00,-1.0,3
7021,1,4346.96,4336.15,1.0564951421374595,0.9405257597415061,10,2025-10-17 10:35:00,-1.0,2
7036,-1,4342.16,4349.74,0.9667948269835722,0.7308539944903428,11,2025-10-17 11:50:00,2.0,1
7059,1,4336.83,4329.89,1.2463632097606758,1.1228475673176084,13,2025-10-17 13:45:00,-1.0,3
7065,1,4330.42,4318.67,1.4835069444444444,1.3667331339315216,14,2025-10-17 14:15:00,-1.0,4
7085,-1,4314.8,4318.64,0.8475859892710634,0.33656795842986403,15,2025-10-17 15:55:00,2.0,0
7086,-1,4302.8,4316.49,1.2100253807106598,1.1726627508565586,16,2025-10-17 16:00:00,2.0,3
7094,1,4286.0,4276.19,1.302740599107712,0.7988134705985349,16,2025-10-17 16:40:00,-1.0,3
7096,1,4290.66,4277.94,1.27151051625239,0.967142779557935,16,2025-10-17 16:50:00,-1.0,3
7124,1,4233.99,4227.45,0.8930602957906713,0.6060766532071167,19,2025-10-17 19:10:00,-1.0,1
7125,1,4232.12,4226.55,0.9321789321789322,0.5113107337223514,19,2025-10-17 19:15:00,-1.0,1
7197,1,4245.59,4238.83,1.50580204778157,0.8525358075849141,2,2025-10-20 02:15:00,-1.0,4
7199,1,4247.58,4240.82,1.4571259609698404,0.9344391785150152,2,2025-10-20 02:25:00,-1.0,4
7201,1,4246.99,4243.82,0.7741935483870968,0.4799394398183197,2,2025-10-20 02:35:00,-1.0,0
7204,1,4242.64,4233.63,1.5481963335304554,1.4589405505436388,2,2025-10-20 02:50:00,-1.0,4
7214,1,4241.15,4232.16,1.3007915567282322,1.0618408841643312,3,2025-10-20 03:40:00,-1.0,3
7236,-1,4266.33,4270.99,1.077239112571898,0.7401860676197006,5,2025-10-20 05:30:00,2.0,2
7237,-1,4263.88,4271.13,1.0213640098603123,1.1872733653059246,5,2025-10-20 05:35:00,2.0,2
7249,1,4254.3,4248.65,0.9879634087626384,1.0522814952774846,6,2025-10-20 06:35:00,-1.0,1
7256,-1,4261.71,4263.74,0.6,0.4019801980197474,7,2025-10-20 07:10:00,-1.0,0
7257,-1,4262.22,4263.84,0.5988636363636364,0.3380029806259022,7,2025-10-20 07:15:00,-1.0,0
7262,-1,4266.74,4268.26,0.7342569269521411,0.3749119097957309,7,2025-10-20 07:40:00,2.0,0
7264,-1,4265.84,4267.75,0.49657064471879286,0.5263779527558541,7,2025-10-20 07:50:00,2.0,0
7268,1,4261.52,4258.68,1.8316666666666668,0.9441937781999878,8,2025-10-20 08:10:00,-1.0,4
7304,-1,4260.85,4263.07,0.888283378746594,0.41813534239191774,11,2025-10-20 11:10:00,-1.0,1
7309,-1,4260.01,4266.18,0.8981972428419936,1.3945753955441003,11,2025-10-20 11:35:00,-1.0,1
7328,1,4253.71,4245.78,1.3234772324068598,1.864942046027261,13,2025-10-20 13:10:00,2.0,3
7344,-1,4260.07,4264.17,0.9810479375696767,0.9624413145541001,14,2025-10-20 14:30:00,-1.0,1
7379,-1,4326.49,4332.46,0.9982886480319453,0.5958508590575671,17,2025-10-20 17:25:00,-1.0,1
7380,-1,4320.8,4330.29,0.8833238474672738,0.9255956527797037,17,2025-10-20 17:30:00,-1.0,1
7414,1,4348.15,4341.7,1.1460275188637372,1.4076383476226875,20,2025-10-20 20:20:00,-1.0,2
7417,1,4344.13,4337.37,1.0205949656750573,1.3781855249745587,20,2025-10-20 20:35:00,2.0,2
7446,-1,4363.7,4379.96,1.5201923076923076,3.460626330191655,23,2025-10-20 23:00:00,-0.030399246164230433,4
7447,-1,4361.61,4370.05,1.2186311787072244,1.6635224553007046,23,2025-10-20 23:05:00,-1.0,3
7480,1,4359.39,4356.86,1.0596658711217184,0.5401860606986248,2,2025-10-21 02:50:00,2.0,2
7482,1,4359.71,4356.4,1.532219570405728,0.7658238307718516,3,2025-10-21 03:00:00,2.0,4
7485,1,4361.9,4356.28,1.5747303543913713,1.2604934315924123,3,2025-10-21 03:15:00,-1.0,4
7494,-1,4364.23,4372.24,2.060529634300126,1.5653266331659241,4,2025-10-21 04:00:00,2.0,4
7497,1,4359.09,4354.27,1.45662100456621,0.8459320546571124,4,2025-10-21 04:15:00,-1.0,4
7606,1,4260.87,4250.01,1.1455208755573572,1.4894200626959075,13,2025-10-21 13:20:00,-1.0,2
7625,1,4253.32,4245.59,1.1344350156319785,1.0698961937715794,14,2025-10-21 14:55:00,-1.0,2
7626,1,4254.8,4250.42,1.3112996873604288,0.591492234976392,15,2025-10-21 15:00:00,-1.0,3
7635,1,4217.7,4205.87,1.4080370942812983,1.0039401103230758,15,2025-10-21 15:45:00,-1.0,3
7687,1,4108.63,4101.12,1.0330578512396693,0.7038896699471279,20,2025-10-21 20:05:00,-1.0,2
7688,1,4114.07,4101.95,0.9751389295115531,1.119704368483559,20,2025-10-21 20:10:00,-1.0,1
7692,1,4113.87,4096.07,1.048606994665086,1.5648351648351675,20,2025-10-21 20:30:00,0.63893430214958,2
7706,-1,4113.85,4124.76,0.9054930058000682,1.4971574201136901,21,2025-10-21 21:40:00,-1.0,1
7732,-1,4125.73,4128.6,0.5598621877691645,0.5202641460573797,23,2025-10-21 23:50:00,-1.0,0
7733,-1,4125.0,4127.57,0.28876055086628166,0.48786440677960574,23,2025-10-21 23:55:00,-1.0,0
7734,-1,4122.58,4132.31,0.7960662525879917,1.7377216481694866,1,2025-10-22 01:00:00,2.0,0
7823,-1,4140.67,4145.17,1.013149655604258,0.7689491028927106,8,2025-10-22 08:25:00,2.0,1
7836,-1,4146.65,4149.12,1.243812532912059,0.4099099099099582,9,2025-10-22 09:30:00,-1.0,3
7842,-1,4141.66,4156.44,1.483568075117371,2.174214563412801,10,2025-10-22 10:00:00,2.0,4
7902,-1,4040.74,4045.32,1.211248744559759,0.32372393598225746,15,2025-10-22 15:00:00,-1.0,3
7911,-1,4041.03,4053.36,0.8811913240530916,1.1109537907066507,15,2025-10-22 15:45:00,-1.0,1
8010,-1,4110.81,4116.42,1.0221307256819352,0.8313750396950945,1,2025-10-23 01:00:00,2.0,2
8028,1,4093.55,4083.84,1.1805243445692883,1.3150817451872094,2,2025-10-23 02:30:00,-1.0,3
8040,1,4082.72,4075.88,1.3802660753880267,0.8219742489270111,3,2025-10-23 03:30:00,-1.0,3
8042,1,4081.57,4077.87,0.7039317858834675,0.4676356414191952,3,2025-10-23 03:40:00,-1.0,0
8054,-1,4082.12,4091.68,1.0444533440128154,1.272122421823002,4,2025-10-23 04:40:00,-1.0,2
8055,-1,4080.4,4087.24,1.0356427713255907,0.9314269039976157,4,2025-10-23 04:45:00,-1.0,2
8069,-1,4082.63,4085.49,0.7842761265580057,0.5648187332486352,5,2025-10-23 05:55:00,-1.0,0
8096,-1,4091.21,4094.14,1.2174603174603174,0.6991648201806315,8,2025-10-23 08:10:00,-1.0,3
8143,-1,4116.18,4120.91,0.8766849725411883,0.7987937273823138,12,2025-10-23 12:05:00,-1.0,1
8150,-1,4114.39,4119.78,1.1415880066629651,0.9755656108596531,12,2025-10-23 12:40:00,-1.0,2
8160,1,4112.99,4106.9,1.5377358490566038,1.0466486619199735,13,2025-10-23 13:30:00,-1.0,4
8166,1,4117.7,4107.91,1.4,1.4330823923044105,14,2025-10-23 14:00:00,-1.0,3
8167,1,4117.28,4110.06,1.3989130434782608,1.0031758634377428,14,2025-10-23 14:05:00,-1.0,3
8183,1,4109.27,4101.36,1.0867446393762183,1.3523018683601051,15,2025-10-23 15:25:00,2.0,2
8230,1,4140.12,4132.95,1.0528066528066529,1.3131868131867865,19,2025-10-23 19:20:00,-1.0,2
8238,1,4137.78,4131.93,1.0185277916875313,1.0438439969410187,20,2025-10-23 20:00:00,-1.0,2
8243,1,4129.72,4125.13,1.4279898218829516,0.752547136667094,20,2025-10-23 20:25:00,2.0,4
8256,-1,4139.04,4142.83,0.9171014492753623,0.8480102285440388,21,2025-10-23 21:30:00,2.0,1
8259,-1,4137.03,4140.27,0.7773584905660378,0.7906571378771093,21,2025-10-23 21:45:00,2.0,0
8305,1,4112.3,4107.65,1.5040871934604905,1.1073311787720306,2,2025-10-24 02:35:00,2.0,4
8316,-1,4128.15,4133.69,1.2975124378109453,1.055956432947553,3,2025-10-24 03:30:00,-1.0,3
8328,-1,4133.13,4137.39,1.2526690391459074,0.7907716785998806,4,2025-10-24 04:30:00,2.0,3
8348,1,4117.97,4108.42,1.006260671599317,1.8786005339328709,6,2025-10-24 06:10:00,-1.0,1
8358,-1,4119.24,4123.35,0.8366477272727273,0.9564494680852442,7,2025-10-24 07:00:00,2.0,0
8367,1,4112.66,4106.68,1.3464566929133859,1.3747126436780688,7,2025-10-24 07:45:00,-1.0,3
8443,1,4060.1,4045.33,1.506423982869379,2.3800644567219345,14,2025-10-24 14:05:00,2.0,4
8452,-1,4060.4,4065.51,1.1636575422248108,0.8583083383323511,14,2025-10-24 14:50:00,-1.0,2
8503,-1,4132.58,4136.68,0.9087481146304676,0.6645826097024888,19,2025-10-24 19:05:00,-1.0,1
8508,-1,4133.2,4137.07,0.7313064913722268,0.723171382808299,19,2025-10-24 19:30:00,2.0,0
8509,-1,4127.23,4135.76,0.9050470487596236,1.4961162615886605,19,2025-10-24 19:35:00,2.0,1
8518,1,4122.66,4121.09,1.008916001877053,0.3198021242542755,20,2025-10-24 20:20:00,-1.0,1
8556,1,4102.19,4099.69,0.6140724946695096,0.6648936170212725,23,2025-10-24 23:30:00,2.0,0
8564,1,4105.04,4088.72,2.276481149012567,1.7889132477294158,1,2025-10-27 01:10:00,-1.0,4
8623,1,4074.88,4069.64,0.8528225806451613,0.9948467588826021,6,2025-10-27 06:05:00,-1.0,0
8625,1,4073.79,4070.36,0.9238900634249472,0.7013290492185998,6,2025-10-27 06:15:00,-1.0,1
8651,-1,4081.81,4084.41,1.0047225501770956,0.5810983397190186,8,2025-10-27 08:25:00,2.0,1
8653,-1,4078.94,4083.38,0.9747800586510263,0.961187567651183,8,2025-10-27 08:35:00,-1.0,1
8659,-1,4080.83,4084.82,1.276796230859835,0.891051204338875,9,2025-10-27 09:05:00,2.0,3
8669,1,4078.3,4073.98,1.3199079401611047,1.0197268588771184,9,2025-10-27 09:55:00,-1.0,3
8681,1,4068.83,4064.09,1.272838749233599,1.206545454545409,10,2025-10-27 10:55:00,-1.0,3
8684,1,4066.67,4063.71,1.266706803130644,0.7996912389039195,11,2025-10-27 11:10:00,-1.0,3
8720,1,4030.58,4022.46,1.4241989478718318,1.2283090221501642,14,2025-10-27 14:10:00,-1.0,3
8721,1,4031.97,4028.72,0.8814531548757171,0.5078691818283256,14,2025-10-27 14:15:00,-1.0,1
8723,1,4030.3,4028.28,0.9418425115800309,0.32868433286842874,14,2025-10-27 14:25:00,-1.0,1
8742,-1,4047.21,4050.42,1.3289719626168224,0.49955535793685873,16,2025-10-27 16:00:00,2.0,3
8751,1,4018.33,4013.47,1.6399150743099788,0.5703269069572647,16,2025-10-27 16:45:00,-1.0,4
8782,-1,3992.43,3996.31,0.7114051669817265,0.6003536693192063,19,2025-10-27 19:20:00,-1.0,0
8793,-1,3993.24,3998.77,0.9659806803863923,1.0575058052179174,20,2025-10-27 20:15:00,-1.0,1
8821,1,3991.64,3987.91,1.0930811348929816,0.693861280892906,22,2025-10-27 22:35:00,-1.0,2
8828,1,3992.82,3990.34,0.6488445854100588,0.5551646945954672,23,2025-10-27 23:10:00,2.0,0
8838,1,3988.52,3979.99,1.1506849315068493,1.7200057611983735,1,2025-10-28 01:00:00,-1.0,2
8866,1,3983.33,3973.39,1.826226870474658,1.6731994709630862,3,2025-10-28 03:20:00,2.0,4
8867,1,3984.67,3980.36,1.0881226053639848,0.7731932342388379,3,2025-10-28 03:25:00,2.0,2
8931,1,3965.58,3960.04,1.2585530005608525,0.8405765687655656,8,2025-10-28 08:45:00,-1.0,3
8933,1,3966.63,3962.68,1.028421052631579,0.6328679331655237,8,2025-10-28 08:55:00,-1.0,2
9017,1,3912.85,3908.59,1.064695009242144,0.8326120340639028,15,2025-10-28 15:55:00,2.0,2
9022,-1,3929.81,3933.43,1.0765349032800673,0.5407020164301554,16,2025-10-28 16:20:00,2.0,2
9024,-1,3924.09,3933.33,1.5506893755068938,1.2758654699674181,16,2025-10-28 16:30:00,-1.0,4
9061,1,3955.62,3951.02,1.345679012345679,0.8329022245214461,19,2025-10-28 19:35:00,2.0,3
9062,1,3955.61,3952.22,1.0402252614641996,0.6345768150822879,19,2025-10-28 19:40:00,2.0,2
9063,1,3956.41,3952.83,0.8616251005631537,0.6558492541219397,19,2025-10-28 19:45:00,2.0,0
9064,1,3957.84,3953.68,0.7901234567901234,0.7269096355467309,19,2025-10-28 19:50:00,2.0,0
9069,-1,3964.85,3970.07,0.8319863887707358,0.9240106208117662,20,2025-10-28 20:15:00,2.0,0
9071,-1,3967.4,3970.37,0.9468311356869418,0.5288730602899646,20,2025-10-28 20:25:00,2.0,1
9088,1,3956.81,3951.37,0.9482151835093011,1.0506276727824664,21,2025-10-28 21:50:00,-1.0,1
9102,-1,3958.24,3960.95,0.488272921108742,0.6736505681818308,23,2025-10-28 23:00:00,2.0,0
9107,1,3951.04,3949.47,0.493491124260355,0.4070370370370829,23,2025-10-28 23:25:00,2.0,0
9111,1,3953.95,3950.64,0.5338809034907598,0.8870597243491468,23,2025-10-28 23:45:00,-1.0,0
9159,1,3972.19,3967.15,1.3983259478089611,0.8923738459592735,4,2025-10-29 04:45:00,-1.0,3
9165,1,3968.53,3965.23,0.6324376199616123,0.6424697538590312,5,2025-10-29 05:15:00,-1.0,0
9200,1,3955.94,3950.98,1.2039344262295082,0.8835729736607709,8,2025-10-29 08:10:00,2.0,3
9285,-1,4024.22,4030.16,1.5054466230936818,1.061933341846518,15,2025-10-29 15:15:00,2.0,4
9297,1,4017.12,4012.6,1.04,0.7649903288201149,16,2025-10-29 16:15:00,-1.0,2
9306,1,4017.76,4011.77,1.2197928653624857,0.9067906574394864,17,2025-10-29 17:00:00,-1.0,3
9323,1,4006.55,4002.0,1.1011485735457578,0.8658420551855703,18,2025-10-29 18:25:00,-1.0,2
9343,1,3994.34,3989.46,0.8199398366996132,1.268709377901609,20,2025-10-29 20:05:00,-1.0,0
9348,1,3993.34,3986.32,1.1683778234086242,1.5915789473683937,20,2025-10-29 20:30:00,-1.0,2
9354,-1,3993.99,4007.38,2.4815509693558475,2.2730689947860188,21,2025-10-29 21:00:00,2.0,4
9357,1,3987.79,3983.21,1.9150174621653084,0.6339727110935187,21,2025-10-29 21:15:00,-1.0,4
9372,1,3946.99,3938.58,1.0140010770059236,0.5488532537758646,22,2025-10-29 22:30:00,-1.0,1
9391,1,3930.49,3917.42,0.9745664739884393,1.3953027299069254,1,2025-10-30 01:05:00,2.0,1
9394,1,3932.95,3925.03,1.0731391585760517,0.8410832132291158,1,2025-10-30 01:20:00,2.0,2
9400,-1,3944.4,3947.22,0.8365320979483786,0.33018315631007544,1,2025-10-30 01:50:00,-1.0,0
9401,-1,3941.5,3946.26,0.7559681697612732,0.5728530903464504,1,2025-10-30 01:55:00,-1.0,0
9403,-1,3942.29,3948.41,1.0898876404494382,0.7257941550190458,2,2025-10-30 02:05:00,-1.0,2
9410,-1,3945.09,3949.51,0.591743119266055,0.9508297480024552,2,2025-10-30 02:40:00,-1.0,0
9412,-1,3947.0,3952.03,0.7703349282296651,0.9921104536489417,2,2025-10-30 02:50:00,-1.0,0
9422,-1,3942.17,3950.94,1.608095676172953,1.3402466979587269,3,2025-10-30 03:40:00,-1.0,4
9423,1,3944.81,3937.91,2.763569457221711,0.9479882237487808,3,2025-10-30 03:45:00,2.0,4
9427,-1,3955.2,3966.44,1.8955882352941176,1.4296356863814157,4,2025-10-30 04:05:00,2.0,4
9448,1,3928.85,3925.66,1.0350877192982457,0.4363458720078222,5,2025-10-30 05:50:00,-1.0,2
9452,1,3928.84,3923.92,0.7610781178620375,0.6761558849514163,6,2025-10-30 06:10:00,2.0,0
9453,1,3930.57,3925.98,1.0059387848332573,0.6722460508421586,6,2025-10-30 06:15:00,2.0,1
9462,-1,3936.77,3942.19,1.2175754367390152,1.021952861952882,7,2025-10-30 07:00:00,-1.0,3
9463,-1,3941.5,3943.51,1.137137137137137,0.37251787132649244,7,2025-10-30 07:05:00,-1.0,2
9499,-1,3970.55,3975.02,0.9829432764775883,0.5707770886537488,10,2025-10-30 10:05:00,2.0,1
9500,-1,3970.28,3975.75,0.6770087509944311,0.7247089997160672,10,2025-10-30 10:10:00,-1.0,0
9509,1,3961.45,3955.92,0.960035922766053,0.9198051562314031,10,2025-10-30 10:55:00,2.0,1
9570,1,3974.68,3959.91,1.3075671277461351,1.8046779542677525,16,2025-10-30 16:00:00,2.0,3
9605,-1,4001.95,4007.69,0.8892025405786874,0.924741081703149,18,2025-10-30 18:55:00,-1.0,1
9630,-1,4001.18,4004.97,1.239207719654647,0.8354589828373437,21,2025-10-30 21:00:00,-1.0,3
9655,-1,4023.01,4027.13,0.6107784431137725,1.0010413051023626,23,2025-10-30 23:05:00,2.0,0
9666,1,4020.91,4011.18,0.6671779141104295,2.2975206611569954,1,2025-10-31 01:00:00,2.0,0
9667,1,4020.9,4016.16,0.8521183053557154,1.1215142808856213,1,2025-10-31 01:05:00,2.0,0
9672,-1,4025.79,4027.29,1.5294117647058822,0.33573141486810454,1,2025-10-31 01:30:00,-1.0,4
9673,-1,4023.09,4027.13,0.8960784313725491,0.8820960698689893,1,2025-10-31 01:35:00,-1.0,1
9681,-1,4025.91,4028.89,2.151484135107472,0.46053648305552924,2,2025-10-31 02:15:00,-1.0,4
9740,1,3991.56,3989.1,0.6538796861377506,0.4710065645514358,7,2025-10-31 07:10:00,2.0,0
9741,1,3994.72,3991.15,0.6389274156264447,0.6976549413734876,7,2025-10-31 07:15:00,2.0,0
9759,-1,4007.81,4011.16,1.6718433490884537,0.701780637438277,8,2025-10-31 08:45:00,-1.0,4
9763,-1,4008.91,4013.39,0.9974811083123426,0.8906560636183102,9,2025-10-31 09:05:00,-1.0,1
9767,-1,4009.19,4013.02,0.6444662095984329,0.7264598292914196,9,2025-10-31 09:25:00,-1.0,0
9768,-1,4009.7,4011.9,0.8570029382957884,0.4154302670623693,9,2025-10-31 09:30:00,-1.0,0
9769,-1,4009.43,4012.06,0.9126984126984127,0.5147490563400237,9,2025-10-31 09:35:00,-1.0,1
9775,-1,4009.1,4016.83,1.0468242929995364,1.3924343798250278,10,2025-10-31 10:05:00,-1.0,2
9782,-1,4012.65,4019.52,0.864039408866995,1.206018808777417,10,2025-10-31 10:40:00,-1.0,0
9788,-1,4023.26,4026.56,0.8965153115100317,0.6024253488068383,11,2025-10-31 11:10:00,2.0,1
9798,1,4012.33,4008.38,1.1346704871060171,0.7795319988722499,12,2025-10-31 12:00:00,-1.0,2
9870,1,4014.22,4009.6,1.0307311903920875,0.6342420082368913,18,2025-10-31 18:00:00,-1.0,2
9871,1,4012.81,4009.7,1.0237099023709901,0.43044982698963274,18,2025-10-31 18:05:00,2.0,2
9872,1,4017.31,4010.13,0.8221534227726178,1.0260283760334488,18,2025-10-31 18:10:00,-1.0,0
9877,-1,4019.97,4022.9,0.9963235294117647,0.4900250866085699,18,2025-10-31 18:35:00,2.0,1
9942,1,3995.95,3983.76,2.897400820793434,2.7885620915031644,1,2025-11-03 01:00:00,-1.0,4
9943,1,3992.65,3990.64,1.7729138166894665,0.45519249433844666,1,2025-11-03 01:05:00,2.0,4
9946,1,3993.5,3988.27,1.7099863201094392,1.036229833003106,1,2025-11-03 01:20:00,-1.0,4
9982,-1,3998.68,4006.53,1.198690977092099,1.3820422535211834,4,2025-11-03 04:20:00,-1.0,3
9986,-1,4001.76,4006.24,0.8088367899008115,0.8665377176014616,4,2025-11-03 04:40:00,-1.0,0
9991,-1,4005.69,4008.64,1.0830126443100605,0.5419236320692485,5,2025-11-03 05:05:00,-1.0,2
9998,-1,4010.95,4013.21,0.6334733053389322,0.48187633262265556,5,2025-11-03 05:40:00,-1.0,0
10002,-1,4008.01,4013.41,0.8148614609571788,1.208439897698138,6,2025-11-03 06:00:00,-1.0,0
10004,-1,4009.71,4013.97,0.8241335044929397,1.022809123649412,6,2025-11-03 06:10:00,2.0,0
10015,1,4007.89,3997.94,1.5073359073359074,2.145387340212488,7,2025-11-03 07:05:00,1.5770337389291678,4
10020,-1,4014.39,4018.5,1.806949806949807,0.9716312056737924,7,2025-11-03 07:30:00,-1.0,4
10022,-1,4014.82,4016.66,1.038490566037736,0.4487804878048055,7,2025-11-03 07:40:00,-1.0,2
10036,-1,4017.21,4018.77,0.809489575844716,0.43051448846834284,8,2025-11-03 08:50:00,-1.0,0
10040,-1,4015.41,4020.41,1.0857946554149085,1.186842997626332,9,2025-11-03 09:10:00,-1.0,2
10048,-1,4023.56,4025.99,1.330975954738331,0.5912408759123786,9,2025-11-03 09:50:00,-1.0,3
10052,-1,4021.83,4027.08,1.1448467966573816,1.329354313619122,10,2025-11-03 10:10:00,2.0,2
10055,1,4014.6,4011.07,1.385403329065301,0.8691523039042757,10,2025-11-03 10:25:00,2.0,3
10056,1,4013.65,4012.13,1.0732009925558312,0.3653846153846181,10,2025-11-03 10:30:00,2.0,2
10058,1,4016.81,4012.7,0.9877551020408163,1.0105374077977283,10,2025-11-03 10:40:00,-1.0,1
10059,1,4017.27,4013.14,1.1431938715380083,1.039554117224058,10,2025-11-03 10:45:00,-1.0,2
10088,-1,4000.58,4002.29,0.9522673031026253,0.49513960703207405,13,2025-11-03 13:10:00,-1.0,1
10130,1,4012.46,4009.17,1.2079866888519135,0.6679234338747067,16,2025-11-03 16:40:00,2.0,3
10131,-1,4020.57,4024.57,1.3560732113144758,0.733944954128443,16,2025-11-03 16:45:00,-1.0,3
10138,-1,4017.89,4028.13,1.0681901953556947,1.5425005379815282,17,2025-11-03 17:20:00,1.1252438548575519,2
10153,1,4002.44,3996.49,0.8919202518363064,0.780913096465764,18,2025-11-03 18:35:00,0.8962648055107016,1
10183,1,4000.51,3995.4,1.5957446808510638,1.194722778891152,21,2025-11-03 21:05:00,2.0,4
10195,-1,4008.52,4012.23,1.2020012507817386,0.8273335457152134,22,2025-11-03 22:05:00,-1.0,3
10202,-1,4009.2,4010.35,1.078880407124682,0.3529927647446075,22,2025-11-03 22:40:00,-1.0,2
10217,1,4001.36,3999.77,0.30151843817787416,0.6891640866873852,23,2025-11-03 23:55:00,2.0,0
10242,1,3991.42,3984.9,2.179195140470767,1.2473353375239207,3,2025-11-04 03:00:00,-1.0,4
10257,1,3980.0,3977.13,0.6936685288640596,0.5481582537516797,4,2025-11-04 04:15:00,2.0,0
10258,1,3980.42,3978.28,0.6530223702998572,0.42001962708535057,4,2025-11-04 04:20:00,-1.0,0
10268,-1,3988.52,3990.52,0.8909090909090909,0.3850914592215649,5,2025-11-04 05:10:00,-1.0,1
10288,1,3990.38,3985.84,1.1143073429220287,1.3757575757575566,6,2025-11-04 06:50:00,-1.0,2
10313,-1,3985.06,3988.2,0.890167865707434,0.5934125269978276,8,2025-11-04 08:55:00,-1.0,1
10316,-1,3986.89,3990.2,1.0282973621103118,0.6800704432051695,9,2025-11-04 09:10:00,-1.0,2
10328,-1,3991.72,3997.08,0.918947933440687,1.2083735909823348,10,2025-11-04 10:10:00,-1.0,1
10330,-1,3995.27,3998.31,1.2774122807017543,0.6705530171734715,10,2025-11-04 10:20:00,-1.0,3
10352,1,3994.59,3989.53,1.103037522334723,1.2068143100511073,12,2025-11-04 12:10:00,-1.0,2
10373,-1,3995.06,3996.35,1.1346655082536925,0.4804469273742863,13,2025-11-04 13:55:00,-1.0,2
10374,-1,3995.33,3996.65,1.4317984361424847,0.48238057948321844,14,2025-11-04 14:00:00,-1.0,4
10375,-1,3995.19,3996.6,0.7558644656820156,0.5236074270556451,14,2025-11-04 14:05:00,-1.0,0
10388,1,3993.18,3991.23,1.4546583850931678,0.48819742489265766,15,2025-11-04 15:10:00,-1.0,4
10389,1,3993.06,3991.81,1.317632850241546,0.3003776175763806,15,2025-11-04 15:15:00,-1.0,3
10419,-1,3959.51,3965.88,0.8709569856618873,0.7454028752925408,17,2025-11-04 17:45:00,-1.0,0
10420,-1,3959.15,3961.68,0.7915971990663555,0.31212548466687395,17,2025-11-04 17:50:00,-1.0,0
10421,-1,3956.9,3959.95,0.5721907302434145,0.39925198690974095,17,2025-11-04 17:55:00,-1.0,0
10422,-1,3959.42,3961.81,0.752917639213071,0.3273011836055821,18,2025-11-04 18:00:00,-1.0,0
10471,1,3934.29,3931.57,1.0162991371045063,0.6378559463986151,22,2025-11-04 22:05:00,2.0,2
10472,1,3934.27,3931.7,0.9137104506232023,0.6184255757992848,22,2025-11-04 22:10:00,2.0,1
10474,1,3934.84,3931.94,0.8594956253216676,0.7290357335248979,22,2025-11-04 22:20:00,-1.0,0
10487,1,3933.96,3930.94,0.6662371134020618,0.911993097497835,23,2025-11-04 23:25:00,2.0,0
10491,1,3931.99,3930.48,0.5337001375515819,0.5532583093430233,23,2025-11-04 23:45:00,2.0,0
10507,-1,3937.08,3943.02,1.7206572769953052,1.2642140468227414,2,2025-11-05 02:05:00,-1.0,4
10510,-1,3938.45,3942.18,1.5902004454342984,0.8235294117647117,2,2025-11-05 02:20:00,-1.0,4
10514,1,3931.65,3929.9,1.979553903345725,0.3550724637681159,2,2025-11-05 02:40:00,2.0,4
10515,1,3935.18,3929.49,1.4760705289672544,1.058604651162801,2,2025-11-05 02:45:00,2.0,4
10519,-1,3942.52,3944.74,1.49375866851595,0.40500390930411334,3,2025-11-05 03:05:00,-1.0,4
10521,-1,3939.25,3943.04,1.3872010342598577,0.7472187015913301,3,2025-11-05 03:15:00,-1.0,3
10527,-1,3941.28,3943.52,1.1786096256684493,0.40695561899814625,3,2025-11-05 03:45:00,-1.0,3
10541,-1,3948.54,3951.02,0.862531017369727,0.5504994450610617,4,2025-11-05 04:55:00,-1.0,0
10573,-1,3970.79,3975.49,1.3969030154849227,1.378299120234557,7,2025-11-05 07:35:00,-1.0,3
10582,1,3970.17,3964.44,1.0977346278317153,1.385731559854883,8,2025-11-05 08:20:00,2.0,2
10601,-1,3972.74,3974.93,1.0192947438456421,0.6604911676001812,9,2025-11-05 09:55:00,-1.0,2
10619,1,3965.32,3963.77,1.0674525212835626,0.3844790928419977,11,2025-11-05 11:25:00,2.0,2
10620,1,3968.84,3963.54,1.0174757281553397,1.2692439274718084,11,2025-11-05 11:30:00,-1.0,2
10627,1,3965.64,3956.16,1.5575342465753426,2.090078740157469,12,2025-11-05 12:05:00,1.0175308725058323,4
10629,1,3965.76,3960.35,1.1026722925457102,1.1670261941449032,12,2025-11-05 12:15:00,-1.0,2
10662,-1,3967.68,3971.03,1.5323383084577114,1.0909513840428902,15,2025-11-05 15:00:00,-1.0,4
10665,-1,3967.86,3973.96,1.849056603773585,1.6220322886989142,15,2025-11-05 15:15:00,-1.0,4
10711,-1,3984.42,3987.54,0.9220956719817768,0.6946564885495978,19,2025-11-05 19:05:00,-1.0,1
10712,-1,3984.12,3985.45,0.7870967741935484,0.30370249551458384,19,2025-11-05 19:10:00,2.0,0
10729,1,3980.45,3979.44,0.8375558867362146,0.38518114955044064,20,2025-11-05 20:35:00,2.0,0
10730,1,3979.73,3978.95,0.9378980891719745,0.3028286189684603,20,2025-11-05 20:40:00,2.0,1
10751,-1,3985.7,3988.07,1.1958584987057808,1.0896551724139423,22,2025-11-05 22:25:00,2.0,3
10790,1,3972.48,3969.59,1.527114967462039,1.0329333673729542,2,2025-11-06 02:40:00,-1.0,4
10798,1,3973.53,3970.0,1.6034297963558413,0.9454754161087204,3,2025-11-06 03:20:00,-1.0,4
10800,1,3972.71,3967.78,1.7057761732851986,1.204958100558615,3,2025-11-06 03:30:00,2.0,4
10806,-1,3977.12,3979.66,1.43801652892562,0.5834290401968717,4,2025-11-06 04:00:00,-1.0,4
10821,-1,3984.05,3985.23,0.9801553062985332,0.38598130841117206,5,2025-11-06 05:15:00,-1.0,1
10848,-1,3987.72,3990.42,2.2,1.201143946615971,7,2025-11-06 07:30:00,-1.0,4
10863,1,3985.92,3982.3,1.242769500438212,1.3464399574920263,8,2025-11-06 08:45:00,2.0,3
10922,-1,4015.87,4017.01,1.1893129770992366,0.4373801041382374,13,2025-11-06 13:40:00,-1.0,3
10926,-1,4014.84,4019.61,1.3480916030534351,1.655428854734705,14,2025-11-06 14:00:00,2.0,3
10927,-1,4013.32,4017.02,1.1620612397311427,1.2237184030237758,14,2025-11-06 14:05:00,2.0,2
10933,1,4008.56,4006.76,1.2411067193675889,0.5583868823398266,14,2025-11-06 14:35:00,-1.0,3
10939,1,4010.62,4006.38,1.3774476704929102,1.1646066313517203,15,2025-11-06 15:05:00,-1.0,3
10966,1,3989.59,3987.35,1.0879120879120878,0.32045779685267556,17,2025-11-06 17:20:00,-1.0,2
10969,1,3979.43,3975.19,1.1444759206798867,0.6280152348708825,17,2025-11-06 17:35:00,-1.0,2
10971,1,3980.53,3976.85,1.0298913043478262,0.5586640641943496,17,2025-11-06 17:45:00,-1.0,2
10989,1,3977.81,3973.45,1.0818915801614764,0.8561009817672037,19,2025-11-06 19:15:00,-1.0,2
10994,1,3981.84,3975.02,0.9586776859504132,1.2632971685631207,19,2025-11-06 19:40:00,-0.3598688524590116,1
10998,-1,3982.73,3986.57,0.8770320967069613,0.7609341825902516,20,2025-11-06 20:00:00,-1.0,1
11003,-1,3983.16,3989.49,1.0444638186573671,1.3213060981064377,20,2025-11-06 20:25:00,-1.0,2
11004,-1,3987.48,3989.66,0.8343504795117699,0.4855233853006307,20,2025-11-06 20:30:00,-1.0,0
11046,1,3979.16,3974.52,0.882903981264637,2.0537464432499566,1,2025-11-07 01:00:00,2.0,1
11053,-1,3986.13,3987.46,1.6075085324232081,0.5395537525354427,1,2025-11-07 01:35:00,-1.0,4
11054,-1,3986.02,3987.79,1.4948805460750854,0.727112676056303,1,2025-11-07 01:40:00,-1.0,4
11059,-1,3985.98,3989.71,1.4860681114551084,1.3107429718875367,2,2025-11-07 02:05:00,-1.0,4
11086,1,3996.41,3994.16,0.9936406995230525,0.7438016528925476,4,2025-11-07 04:20:00,-1.0,1
11089,1,3998.33,3993.12,1.0818394388152768,1.5479626485568605,4,2025-11-07 04:35:00,-1.0,2
11092,1,3997.32,3994.33,0.9773967264224473,0.8731748018356876,4,2025-11-07 04:50:00,-1.0,1
11099,1,3992.62,3991.24,0.7319422150882825,0.3683508102955404,5,2025-11-07 05:25:00,-1.0,0
11106,1,3990.31,3985.56,1.137289636846767,1.5179182834968732,6,2025-11-07 06:00:00,2.0,2
11112,-1,3994.32,3997.32,0.9714847590953786,1.0378057820607793,6,2025-11-07 06:30:00,-1.0,1
11118,-1,3997.95,3998.77,1.1553273427471116,0.32210998877671265,7,2025-11-07 07:00:00,2.0,2
11120,-1,3997.73,3998.81,0.8061617458279846,0.4724999999999547,7,2025-11-07 07:10:00,2.0,0
11157,-1,4007.72,4009.81,0.6080964685615848,0.7182130584192898,10,2025-11-07 10:15:00,-1.0,0
11167,-1,4009.33,4010.84,1.145853193517636,0.4998817687397328,11,2025-11-07 11:05:00,-1.0,2
11171,-1,4010.35,4012.22,0.9250936329588015,0.6475389562206076,11,2025-11-07 11:25:00,2.0,1
11172,-1,4005.51,4011.52,1.3164794007490637,1.898894154818292,11,2025-11-07 11:30:00,2.0,3
11181,1,4004.38,4003.2,1.1630537229029219,0.382053654024148,12,2025-11-07 12:15:00,2.0,2
11182,1,4009.16,4003.82,1.0568383658969804,1.6125970664365015,12,2025-11-07 12:20:00,-1.0,2
11191,-1,4006.74,4011.7,1.1631631631631631,1.6051779935275623,13,2025-11-07 13:05:00,2.0,2
11193,1,4005.49,4000.15,1.8164794007490637,1.5003010234798015,13,2025-11-07 13:15:00,-1.0,4
11200,1,4003.56,3999.85,1.3432343234323432,0.891214824982882,13,2025-11-07 13:50:00,-1.0,3
11202,1,4006.53,4002.19,1.420074349442379,0.9858834982963447,14,2025-11-07 14:00:00,-1.0,3
11212,1,3995.11,3991.66,1.1917293233082706,0.9053420805998934,14,2025-11-07 14:50:00,2.0,3
11214,1,3998.69,3992.09,1.7268170426065164,1.652360515021461,15,2025-11-07 15:00:00,-1.0,4
11231,-1,4000.45,4005.63,1.061458931648478,1.3585612588985259,16,2025-11-07 16:25:00,2.0,2
11232,1,3993.23,3989.58,1.981818181818182,0.8501081350856893,16,2025-11-07 16:30:00,-1.0,4
11237,1,3993.38,3989.87,1.4242081447963801,0.6400937866354406,16,2025-11-07 16:55:00,-1.0,3
11247,1,3991.03,3983.96,0.9911775987725355,1.2584869675778898,17,2025-11-07 17:45:00,2.0,1
11305,1,4002.55,3997.44,1.3248898678414096,1.293436991502453,22,2025-11-07 22:35:00,2.0,3
11328,-1,4004.61,4008.61,1.7822141560798548,1.0622154779969875,1,2025-11-10 01:30:00,-1.0,4
11382,-1,4052.74,4054.53,0.9929522317932654,0.6596472755989762,6,2025-11-10 06:00:00,-1.0,1
11421,-1,4076.22,4079.07,0.9509536784741145,0.7885375494072024,9,2025-11-10 09:15:00,-1.0,1
11424,-1,4077.32,4079.05,1.064032697547684,0.47387986695362905,9,2025-11-10 09:30:00,-1.0,2
11433,-1,4076.78,4080.01,1.3025435073627845,0.8792533540735057,10,2025-11-10 10:15:00,-1.0,3
11438,-1,4078.91,4084.92,1.1524008350730688,1.6177658142665392,10,2025-11-10 10:40:00,-1.0,2
11445,1,4078.41,4071.65,1.4219810040705563,1.597030037124462,11,2025-11-10 11:15:00,2.0,3
11450,-1,4081.11,4086.42,1.0318066157760815,1.172740179839048,11,2025-11-10 11:40:00,-1.0,2
11464,1,4078.44,4076.02,0.9646302250803859,0.7495575221239344,12,2025-11-10 12:50:00,2.0,1
11468,1,4078.02,4075.8,1.082845188284519,0.7167896678966349,13,2025-11-10 13:10:00,2.0,2
11474,-1,4082.66,4083.66,1.151624548736462,0.3286384976525899,13,2025-11-10 13:40:00,-1.0,2
11508,1,4078.32,4075.31,1.5126118795768917,0.550058739068049,16,2025-11-10 16:30:00,2.0,4
11509,1,4078.77,4074.3,1.4408688656476267,0.7716399506781457,16,2025-11-10 16:35:00,2.0,4
11534,-1,4091.1,4094.54,0.8781591852131271,0.8432848888110779,18,2025-11-10 18:40:00,-1.0,1
11578,1,4111.05,4106.7,1.1828220858895706,1.5289982425309212,22,2025-11-10 22:20:00,2.0,3
11580,1,4110.54,4108.27,1.2306748466257669,0.8224637681158218,22,2025-11-10 22:30:00,2.0,3
11591,-1,4112.33,4114.5,0.4103967168262654,0.8630681818182598,23,2025-11-10 23:25:00,-1.0,0
11678,1,4129.83,4127.08,1.5772113943028485,0.7452574525745278,7,2025-11-11 07:40:00,2.0,4
11679,1,4132.79,4128.5,1.4563662374821174,1.0872556118754477,7,2025-11-11 07:45:00,-1.0,4
11695,1,4127.95,4126.26,1.038659793814433,0.429479034307394,9,2025-11-11 09:05:00,-1.0,2
11704,1,4129.9,4125.03,1.2261168384879726,1.2441605839415737,9,2025-11-11 09:50:00,2.0,3
11712,-1,4131.74,4135.09,0.9428379287155346,0.9047067901235842,10,2025-11-11 10:30:00,-1.0,1
11750,-1,4142.23,4144.38,0.7360655737704918,0.7769747031493467,13,2025-11-11 13:40:00,2.0,0
11751,-1,4142.8,4144.51,1.1435768261964736,0.6348448687350657,13,2025-11-11 13:45:00,2.0,2
11753,-1,4142.98,4144.54,1.1754229741763134,0.5643410852714388,13,2025-11-11 13:55:00,2.0,3
11758,1,4140.01,4136.64,1.0890464933018125,1.2008144566046963,14,2025-11-11 14:20:00,-1.0,2
11760,1,4139.54,4137.81,0.7394312067640276,0.6056514128530776,14,2025-11-11 14:30:00,-1.0,0
11767,1,4138.28,4135.18,1.3474640423921271,1.044273339749634,15,2025-11-11 15:05:00,2.0,3
11771,-1,4141.58,4143.78,1.4184704184704184,0.7090239410681176,15,2025-11-11 15:25:00,-1.0,3
11812,-1,4113.73,4115.79,0.6796116504854369,0.5408852213054436,18,2025-11-11 18:50:00,-1.0,0
11818,-1,4114.32,4117.63,0.7062528115159694,1.0025962786673988,19,2025-11-11 19:20:00,-1.0,0
11829,1,4113.35,4109.36,1.0988750740082889,1.2015487201550388,20,2025-11-11 20:15:00,-1.0,2
11835,1,4113.16,4109.04,0.9267990074441688,1.2246284501060916,20,2025-11-11 20:45:00,2.0,1
11905,1,4128.7,4126.49,1.5537075537075538,0.5154948350549786,3,2025-11-12 03:35:00,2.0,4
11953,1,4107.72,4101.76,1.3849624060150376,1.6009209516500795,7,2025-11-12 07:35:00,2.0,3
11954,1,4105.23,4103.38,1.4150375939849624,0.500096543734182,7,2025-11-12 07:40:00,-1.0,3
11956,1,4106.86,4102.96,1.1714285714285715,1.0122358175749966,7,2025-11-12 07:50:00,2.0,3
11977,-1,4117.04,4119.88,0.9951278928136419,0.7969532972540089,9,2025-11-12 09:35:00,-1.0,1
12012,1,4122.75,4118.07,1.0165542611894542,1.229268292683041,12,2025-11-12 12:30:00,2.0,2
12017,-1,4127.81,4129.35,0.7539203860072377,0.428372739916549,12,2025-11-12 12:55:00,-1.0,0
12018,-1,4126.99,4129.67,0.6984318455971049,0.7696410256411093,13,2025-11-12 13:00:00,-1.0,0
12021,-1,4128.06,4131.27,0.7140921409214093,0.9425335570469668,13,2025-11-12 13:15:00,-1.0,0
12022,-1,4125.14,4128.64,1.0750172057811425,0.9925055701842698,13,2025-11-12 13:20:00,-1.0,2
12025,-1,4127.14,4128.54,1.0970406056434963,0.4041237113400784,13,2025-11-12 13:35:00,-1.0,2
12044,1,4125.73,4122.82,1.238928939237899,0.813335995208611,15,2025-11-12 15:10:00,2.0,3
12065,-1,4136.72,4140.16,1.3508168529664661,0.6264308012486329,16,2025-11-12 16:55:00,-1.0,3
12101,-1,4199.41,4204.38,0.9356804333107651,1.0004313443566397,19,2025-11-12 19:55:00,-1.0,1
12108,-1,4206.28,4209.79,0.9150943396226415,0.6649526387009919,20,2025-11-12 20:30:00,2.0,1
12127,1,4195.23,4190.7,1.2084193148988858,0.874276261372965,22,2025-11-12 22:05:00,2.0,3
12141,1,4193.49,4191.08,0.40686922060766184,0.7217112299464383,23,2025-11-12 23:15:00,2.0,0
12144,-1,4198.63,4202.1,0.5820158102766798,1.0510601471224672,23,2025-11-12 23:30:00,-1.0,0
12152,-1,4198.8,4208.41,1.707502374169041,2.328084443675225,1,2025-11-13 01:10:00,-0.09114858629082614,4
12160,1,4192.39,4189.13,1.412647374062165,0.7308246597278438,1,2025-11-13 01:50:00,-1.0,3
12164,1,4188.02,4186.15,1.255111111111111,0.4432780223503596,2,2025-11-13 02:10:00,2.0,3
12173,-1,4205.83,4208.93,1.5760634462869503,0.6562830787843069,2,2025-11-13 02:55:00,2.0,4
12174,-1,4198.59,4209.24,2.403314917127072,2.030781803323324,3,2025-11-13 03:00:00,-1.0,4
12178,1,4190.78,4183.47,1.3302705461970392,1.134841428254542,3,2025-11-13 03:20:00,-1.0,3
12179,1,4187.98,4184.59,1.3430232558139534,0.5104872539528089,3,2025-11-13 03:25:00,-1.0,3
12180,1,4186.79,4180.22,1.3137254901960784,0.9346611116756113,3,2025-11-13 03:30:00,2.0,3
12237,1,4207.01,4203.38,0.9841755997958141,0.8023365961477962,8,2025-11-13 08:15:00,2.0,1
12251,-1,4216.36,4218.34,1.093145869947276,0.6336000000001514,9,2025-11-13 09:25:00,-1.0,2
12252,-1,4216.38,4218.87,1.143526654950205,0.7793427230046341,9,2025-11-13 09:30:00,-1.0,2
12255,-1,4214.49,4218.35,1.03855421686747,1.243156199678119,9,2025-11-13 09:45:00,-1.0,2
12286,-1,4238.61,4240.05,1.0095238095238095,0.32727272727284107,12,2025-11-13 12:20:00,2.0,1
12293,1,4225.36,4221.89,1.5117428924598268,0.9023031203564394,12,2025-11-13 12:55:00,-1.0,4
12294,1,4228.03,4221.7,1.27007299270073,1.5125448028673625,13,2025-11-13 13:00:00,-1.0,3
12297,1,4225.17,4222.37,1.2639902676399026,0.6098319850653898,13,2025-11-13 13:15:00,-1.0,3
12298,1,4225.33,4219.4,1.219426565242832,1.248045700541278,13,2025-11-13 13:20:00,2.0,3
12300,1,4225.51,4221.81,0.8777648428405123,0.76031116982238,13,2025-11-13 13:30:00,2.0,1
12301,1,4226.9,4224.39,0.7613504074505238,0.531297248261137,13,2025-11-13 13:35:00,2.0,0
12318,-1,4230.56,4243.89,2.253416149068323,3.2015783153198862,15,2025-11-13 15:00:00,2.0,4
12332,1,4220.64,4213.88,1.170731707317073,0.8969765898967271,16,2025-11-13 16:10:00,-1.0,2
12370,1,4201.79,4194.62,1.0324585635359116,1.253966271080613,19,2025-11-13 19:20:00,-1.0,2
12408,-1,4167.43,4170.76,0.8289738430583501,0.673699421965305,22,2025-11-13 22:30:00,-1.0,0
12427,-1,4177.46,4181.65,1.0506437768240344,0.8995552829319666,1,2025-11-14 01:05:00,-1.0,2
12430,-1,4179.05,4182.13,0.9634489222118088,0.8295498268564416,1,2025-11-14 01:20:00,-1.0,1
12431,-1,4179.36,4184.63,1.1154219204655673,1.3378059836809457,1,2025-11-14 01:25:00,-1.0,2
12434,-1,4179.28,4181.56,1.0727449078564502,0.5548409525466506,1,2025-11-14 01:40:00,-1.0,2
12480,-1,4208.26,4211.21,0.8230946882217091,0.7643901536183295,5,2025-11-14 05:30:00,2.0,0
12530,1,4174.04,4166.96,0.8122312470138557,1.2203890667323156,9,2025-11-14 09:40:00,-1.0,0
12545,1,4176.07,4170.13,1.2596020360944007,0.990825688073335,10,2025-11-14 10:55:00,-1.0,3
12547,1,4177.07,4169.79,1.1078204534937528,1.102910940374403,11,2025-11-14 11:05:00,-1.0,2
12553,1,4169.77,4167.69,0.8378854625550661,0.3475355054303936,11,2025-11-14 11:35:00,-1.0,0
12559,1,4167.31,4162.62,1.0533029612756264,0.9965093337381515,12,2025-11-14 12:05:00,-1.0,2
12562,1,4167.66,4165.05,0.7525544202576633,0.6351468798886568,12,2025-11-14 12:20:00,-1.0,0
12565,1,4168.2,4161.11,0.8428927680798005,1.7785343128470967,12,2025-11-14 12:35:00,-1.0,0
12566,1,4167.28,4165.57,0.7641759406465288,0.4438264738598196,12,2025-11-14 12:40:00,-1.0,0
12567,1,4169.19,4165.86,0.9103064066852368,0.8477905073648901,12,2025-11-14 12:45:00,-1.0,1
12571,1,4159.94,4158.15,1.1205673758865249,0.37655897821184664,13,2025-11-14 13:05:00,-1.0,2
12612,1,4040.55,4032.26,1.1823899371069182,0.6942633247592219,16,2025-11-14 16:30:00,2.0,3
12656,1,4094.85,4088.66,0.9973169796857033,0.8419314096959148,20,2025-11-14 20:10:00,-1.0,1
12660,1,4098.34,4090.91,0.9953739398612182,0.9568576947843177,20,2025-11-14 20:30:00,-1.0,1
12683,1,4083.75,4075.45,1.1237006237006237,1.5476824720298517,22,2025-11-14 22:25:00,-1.0,2
12702,1,4077.96,4071.12,1.2438524590163935,1.4939157566302992,1,2025-11-17 01:00:00,2.0,3
12729,-1,4088.76,4093.89,1.4415221040850588,0.8436508868788377,3,2025-11-17 03:15:00,-1.0,4
12737,-1,4091.38,4097.4,1.023371456986574,1.026678036301549,3,2025-11-17 03:55:00,2.0,2
12748,1,4085.15,4081.69,1.184084372003835,0.6660250240616129,4,2025-11-17 04:50:00,-1.0,3
12814,-1,4080.7,4087.37,1.2877697841726619,1.6345177664974897,10,2025-11-17 10:20:00,-1.0,3
12840,1,4083.24,4078.13,1.183431952662722,1.1815028901733489,12,2025-11-17 12:30:00,-1.0,3
12871,-1,4081.8,4092.23,1.4101326899879372,2.043666899930007,15,2025-11-17 15:05:00,2.0,3
12874,-1,4078.53,4087.22,1.5223160434258143,1.5129958960327647,15,2025-11-17 15:20:00,2.0,4
12908,1,4061.49,4056.28,0.9143218463484034,0.7433754586220331,18,2025-11-17 18:10:00,2.0,1
12909,1,4062.38,4059.26,0.8735483870967742,0.476647752073312,18,2025-11-17 18:15:00,2.0,0
12910,1,4065.55,4059.42,0.8306688417618271,0.9395664550032997,18,2025-11-17 18:20:00,-1.0,0
12919,-1,4073.34,4075.34,0.6545454545454545,0.39095224797543143,19,2025-11-17 19:05:00,-1.0,0
12928,-1,4072.97,4075.44,0.7695961995249406,0.603279832519251,19,2025-11-17 19:50:00,2.0,0
12994,1,4033.31,4027.36,1.4094063222821898,0.9608951436151556,2,2025-11-18 02:20:00,-1.0,3
13015,1,4031.18,4022.15,1.1405405405405404,1.384969325153346,4,2025-11-18 04:05:00,-1.0,2
13024,1,4021.01,4017.2,1.27991565629942,0.6441251056636281,4,2025-11-18 04:50:00,-1.0,3
13033,1,4022.83,4014.89,0.928234677841802,1.3659375768002195,5,2025-11-18 05:35:00,-1.0,1
13043,1,4017.77,4007.47,1.2426229508196722,1.9489120151372088,6,2025-11-18 06:25:00,-1.0,3
13045,1,4010.79,4007.75,0.9311475409836065,0.5457809694793471,6,2025-11-18 06:35:00,2.0,1
13046,1,4010.36,4007.84,0.7651888341543513,0.4628706376279143,6,2025-11-18 06:40:00,2.0,0
13055,-1,4016.99,4019.03,0.90253987005316,0.4105217766279427,7,2025-11-18 07:25:00,-1.0,1
13062,-1,4015.89,4020.53,1.064312736443884,0.937509020060669,8,2025-11-18 08:00:00,2.0,2
13076,1,4008.49,4002.6,1.1493055555555556,1.362975206611551,9,2025-11-18 09:10:00,-1.0,2
13081,1,4005.8,3998.09,1.3013001695873374,1.6494498777506177,9,2025-11-18 09:35:00,2.0,3
13083,-1,4014.36,4017.46,0.9418045915643353,0.5987858719646585,9,2025-11-18 09:45:00,-1.0,1
13084,-1,4013.15,4015.87,0.7869727709556861,0.5247347388727727,9,2025-11-18 09:50:00,-1.0,0
13109,-1,4040.24,4047.22,1.2550143266475644,1.3351550758300588,11,2025-11-18 11:55:00,-1.0,3
13112,-1,4040.85,4044.39,0.9231632080762759,0.6839635661054344,12,2025-11-18 12:10:00,-1.0,1
13113,-1,4041.04,4043.18,0.9948659440958357,0.41826050537482273,12,2025-11-18 12:15:00,-1.0,1
13120,-1,4046.64,4048.41,0.9173204586602294,0.3658104517271921,12,2025-11-18 12:50:00,-1.0,1
13122,-1,4044.45,4048.65,0.8971393791844188,0.8483624296638905,13,2025-11-18 13:00:00,-1.0,1
13133,1,4039.44,4036.95,1.4453900709219858,0.6965034965035538,13,2025-11-18 13:55:00,-1.0,4
13137,1,4042.29,4037.45,1.2535885167464116,1.183374083129606,14,2025-11-18 14:15:00,-1.0,3
13141,1,4038.89,4034.89,1.2336569579288026,0.8403361344537602,14,2025-11-18 14:35:00,-1.0,3
13146,1,4044.34,4031.5,1.8430717863105175,2.2244771686672458,15,2025-11-18 15:00:00,2.0,4
13150,-1,4049.03,4050.84,1.5453083109919572,0.30530120481926626,15,2025-11-18 15:20:00,-1.0,4
13151,-1,4048.97,4052.88,1.4076801683324567,0.6635955873439674,15,2025-11-18 15:25:00,-1.0,3
13180,1,4054.18,4049.04,1.0038291605301914,0.5459373340414119,17,2025-11-18 17:50:00,-1.0,1
13184,1,4053.53,4045.2,0.9271137026239067,1.0132059079062237,18,2025-11-18 18:10:00,2.0,1
13185,1,4059.19,4051.55,0.8928046989720999,0.9260606060606016,18,2025-11-18 18:15:00,2.0,1
13206,-1,4069.5,4074.76,0.8636566830576665,1.1038824763903612,20,2025-11-18 20:00:00,-1.0,0
13223,-1,4075.62,4078.9,0.9970178926441352,0.8552803129074829,21,2025-11-18 21:25:00,-1.0,1
13224,-1,4075.25,4079.45,1.0424787606196901,1.0751508502467984,21,2025-11-18 21:30:00,-1.0,2
13232,-1,4073.54,4077.56,1.1537688442211056,0.9327146171693883,22,2025-11-18 22:10:00,2.0,2
13233,-1,4074.34,4076.42,1.0341708542713568,0.47690795938420305,22,2025-11-18 22:15:00,2.0,2
13234,-1,4072.01,4076.03,1.0398803589232304,0.9353498421140191,22,2025-11-18 22:20:00,-1.0,2
13248,1,4067.85,4066.01,0.3185929648241206,0.671707953063758,23,2025-11-18 23:30:00,-1.0,0
13278,1,4067.41,4064.96,2.6160427807486633,0.6386147830943426,3,2025-11-19 03:00:00,-1.0,4
13281,1,4067.35,4060.99,1.8636363636363635,1.5922746781116048,3,2025-11-19 03:15:00,-1.0,4
13291,1,4061.65,4059.39,1.1790235081374323,0.4523230879199818,4,2025-11-19 04:05:00,2.0,3
13293,1,4061.77,4059.82,0.8460661345496009,0.4129481167750297,4,2025-11-19 04:15:00,2.0,0
13294,1,4061.49,4059.94,0.7320410490307868,0.3284892521949122,4,2025-11-19 04:20:00,2.0,0
13315,1,4069.79,4067.95,0.6801718845917741,0.5194595684614324,6,2025-11-19 06:05:00,2.0,0
13317,1,4070.55,4068.29,0.8332292317301686,0.6769362430467161,6,2025-11-19 06:15:00,2.0,0
13320,-1,4074.02,4076.94,0.9715832205683356,0.8088642659279986,6,2025-11-19 06:30:00,-1.0,1
13322,-1,4074.84,4076.58,0.7774566473988439,0.49241964827162005,6,2025-11-19 06:40:00,-1.0,0
13326,-1,4075.37,4077.24,1.1076233183856503,0.569006737665689,7,2025-11-19 07:00:00,-1.0,2
13354,1,4090.15,4087.89,0.8586510263929619,0.6128220027116597,9,2025-11-19 09:20:00,2.0,0
13366,1,4086.1,4083.33,0.980466288594833,0.8057344691460329,10,2025-11-19 10:20:00,-1.0,1
13367,1,4087.99,4083.74,1.2312539382482672,1.1864406779660672,10,2025-11-19 10:25:00,-1.0,3
13411,-1,4116.23,4117.66,0.7724477244772447,0.39193422083015084,14,2025-11-19 14:05:00,-1.0,0
13412,-1,4116.26,4119.79,1.062103929024081,0.9895875050059257,14,2025-11-19 14:10:00,2.0,2
13416,-1,4115.42,4118.02,0.7423638778220452,0.8392898316809874,14,2025-11-19 14:30:00,-1.0,0
13418,-1,4117.32,4119.85,0.9524456521739131,0.7520169851381785,14,2025-11-19 14:40:00,2.0,1
13420,1,4115.38,4112.25,1.3434903047091413,0.8565285379202521,14,2025-11-19 14:50:00,-1.0,3
13451,-1,4116.31,4125.34,1.1001757469244289,1.2872416250890462,17,2025-11-19 17:25:00,2.0,2
13453,-1,4112.98,4121.37,0.9470325462667517,1.1347695874794925,17,2025-11-19 17:35:00,2.0,1
13494,-1,4083.39,4087.37,0.8602915037326697,0.7379155078797478,21,2025-11-19 21:00:00,2.0,0
13496,1,4078.05,4073.26,1.089036055923473,0.7995707642780358,21,2025-11-19 21:10:00,-1.0,2
13497,1,4077.4,4073.36,0.9455481972038263,0.666666666666656,21,2025-11-19 21:15:00,-1.0,1
13522,1,4076.06,4067.5,0.8545816733067729,1.7469387755101837,23,2025-11-19 23:20:00,2.0,0
13525,-1,4080.8,4084.76,0.7365967365967366,0.8229182128543839,23,2025-11-19 23:35:00,-1.0,0
13601,-1,4075.61,4080.42,0.915954415954416,1.2634146341463444,6,2025-11-20 06:55:00,2.0,1
13609,1,4069.02,4064.57,1.5153284671532847,1.0629585394983334,7,2025-11-20 07:35:00,-1.0,4
13621,1,4068.42,4061.87,1.0392916436081903,1.1556395715186087,8,2025-11-20 08:35:00,-1.0,2
13635,1,4059.24,4054.27,1.3259176863181312,0.9437135494371031,9,2025-11-20 09:45:00,-1.0,3
13636,1,4060.54,4057.89,0.9588431590656284,0.5089163237311585,9,2025-11-20 09:50:00,-1.0,1
13637,1,4060.1,4058.05,0.8854282536151279,0.39548022598864957,9,2025-11-20 09:55:00,-1.0,1
13681,1,4060.08,4056.93,1.04592186429061,0.7431749241658608,13,2025-11-20 13:35:00,2.0,2
13705,-1,4092.82,4096.31,2.293546544831525,0.455358807082977,15,2025-11-20 15:35:00,2.0,4
13706,-1,4080.54,4095.09,1.8760775862068966,1.759979263867314,15,2025-11-20 15:40:00,-1.0,4
13721,-1,4093.21,4100.58,1.04708594007244,0.7599616999337029,16,2025-11-20 16:55:00,2.0,2
13734,1,4075.87,4068.72,1.090966122961104,0.7639471876669498,18,2025-11-20 18:00:00,-1.0,2
13762,-1,4059.34,4063.87,0.9157239819004525,0.6167460857726029,20,2025-11-20 20:20:00,-1.0,1
13816,-1,4077.63,4083.21,1.6584766584766584,1.1506849315068441,1,2025-11-21 01:50:00,2.0,4
13822,1,4074.21,4072.01,0.9668737060041408,0.4248861911987575,2,2025-11-21 02:20:00,-1.0,1
13823,1,4075.23,4071.77,0.8405797101449275,0.670728330102482,2,2025-11-21 02:25:00,-1.0,0
13825,1,4075.7,4072.25,0.968944099378882,0.6737341330729212,2,2025-11-21 02:35:00,-1.0,1
13829,1,4073.94,4071.62,1.2073643410852712,0.4634703196347394,2,2025-11-21 02:55:00,-1.0,3
13851,1,4068.03,4065.12,1.2532051282051282,0.5160881682290892,4,2025-11-21 04:45:00,-1.0,3
13874,1,4050.64,4048.17,0.8561643835616438,0.5428571428570926,6,2025-11-21 06:40:00,-1.0,0
13875,1,4049.66,4047.96,0.7049275362318841,0.3750985027580328,6,2025-11-21 06:45:00,2.0,0
13877,1,4052.1,4048.26,0.6876859012492564,0.9161554192228255,6,2025-11-21 06:55:00,-1.0,0
13889,1,4058.5,4041.38,2.1328073635765943,3.2176131024298456,7,2025-11-21 07:55:00,-1.0,4
13890,-1,4058.59,4065.11,1.5529257067718607,1.138864628820956,8,2025-11-21 08:00:00,2.0,4
13902,1,4030.68,4024.91,1.3227272727272728,0.7214432437259912,9,2025-11-21 09:00:00,-1.0,3
13914,1,4032.63,4022.32,1.2987012987012987,1.8939771683506106,10,2025-11-21 10:00:00,2.0,3
13917,-1,4034.25,4045.36,1.1660482374768089,1.8249442684501065,10,2025-11-21 10:15:00,-1.0,2
13918,-1,4039.42,4043.18,1.2328385899814471,0.5793528505392598,10,2025-11-21 10:20:00,-1.0,3
13927,-1,4046.88,4050.29,1.0304259634888437,0.5059347181008704,11,2025-11-21 11:05:00,-1.0,2
13940,1,4038.81,4035.56,1.3569321533923304,0.47169811320754257,12,2025-11-21 12:10:00,-1.0,3
13941,1,4042.28,4036.95,1.2061361457334612,0.7547284312734338,12,2025-11-21 12:15:00,-1.0,3
13942,1,4040.64,4035.44,1.2712815715622077,0.7835539769669234,12,2025-11-21 12:20:00,-1.0,3
13947,1,4039.84,4033.32,1.0227565478746243,1.055016181229754,12,2025-11-21 12:45:00,-1.0,2
13961,1,4036.68,4031.92,0.9920671955202987,0.9890175126149819,13,2025-11-21 13:55:00,2.0,1
13967,-1,4045.14,4050.05,1.0489967335510966,0.9849548645938438,14,2025-11-21 14:25:00,-1.0,2
13989,-1,4070.97,4076.6,0.9441548771407298,1.006769702388581,16,2025-11-21 16:15:00,2.0,1
14006,1,4063.46,4055.08,1.0818713450292399,1.1879303361685185,17,2025-11-21 17:40:00,2.0,2
14040,1,4079.46,4076.73,0.9634011090573013,0.6192482177576303,20,2025-11-21 20:30:00,2.0,1
14041,1,4081.16,4078.88,0.771665410700829,0.5441527446300248,20,2025-11-21 20:35:00,-1.0,0
14042,1,4079.56,4076.44,0.87597503900156,0.7270306258322157,20,2025-11-21 20:40:00,2.0,0
14054,-1,4085.87,4089.58,0.8169257340241797,0.993496557000797,21,2025-11-21 21:40:00,2.0,0
14056,-1,4087.85,4089.46,0.9487293802942488,0.4228099793660101,21,2025-11-21 21:50:00,2.0,1
14082,-1,4067.42,4072.55,0.9484375,1.1687550854353417,1,2025-11-24 01:00:00,-1.0,1
14088,-1,4067.41,4070.82,1.3401015228426396,0.7980608492143798,1,2025-11-24 01:30:00,-1.0,3
14129,1,4043.67,4040.71,0.762130177514793,0.8093749999999985,4,2025-11-24 04:55:00,2.0,0
14139,-1,4050.17,4056.37,0.9847176079734219,1.4952627045650049,5,2025-11-24 05:45:00,-1.0,1
14140,-1,4049.33,4051.98,1.0883720930232559,0.6455542021924777,5,2025-11-24 05:50:00,-1.0,2
14145,-1,4054.33,4060.6,1.1132940406024885,1.4397244546498604,6,2025-11-24 06:15:00,-1.0,2
14148,1,4048.66,4045.77,0.9993451211525868,0.5965791801828212,6,2025-11-24 06:30:00,-1.0,1
14162,1,4048.49,4045.8,1.2560975609756098,0.7572893625576993,7,2025-11-24 07:40:00,-1.0,3
14214,-1,4073.95,4077.14,1.0348082595870207,0.7651190680144174,12,2025-11-24 12:00:00,2.0,2
14215,-1,4072.58,4076.43,0.9328621908127208,0.9011870924594482,12,2025-11-24 12:05:00,-1.0,1
14216,-1,4072.98,4074.54,0.956989247311828,0.36607442172309124,12,2025-11-24 12:10:00,-1.0,1
14217,-1,4072.48,4077.08,0.9151732377538829,1.0660486674391632,12,2025-11-24 12:15:00,-1.0,1
14227,1,4067.9,4064.16,0.7104294478527607,0.9245982694685511,13,2025-11-24 13:05:00,2.0,0
14254,-1,4079.98,4085.01,1.6843450479233226,1.2158149171270995,15,2025-11-24 15:20:00,-1.0,4
14256,-1,4084.0,4085.98,1.3386503067484663,0.4498539435248212,15,2025-11-24 15:30:00,2.0,3
14257,-1,4081.05,4085.89,1.150060024009604,1.0699510500551683,15,2025-11-24 15:35:00,2.0,2
14268,1,4076.66,4070.68,1.6166832174776564,1.2866144152450942,16,2025-11-24 16:30:00,-1.0,4
14271,1,4077.71,4072.26,1.530758226037196,1.0611961057023143,16,2025-11-24 16:45:00,2.0,4
14272,-1,4081.38,4084.61,1.5784453981878874,0.6179283957365334,16,2025-11-24 16:50:00,-1.0,4
14273,-1,4081.34,4086.05,1.446966188050023,0.8939804772234206,16,2025-11-24 16:55:00,-1.0,4
14289,-1,4093.34,4095.28,0.5758988015978695,0.5208053691275396,18,2025-11-24 18:15:00,-1.0,0
14291,-1,4092.54,4095.12,0.6573175116864437,0.743056984159636,18,2025-11-24 18:25:00,-1.0,0
14300,-1,4092.03,4094.95,0.9807058823529412,0.9078392182988165,19,2025-11-24 19:10:00,-1.0,1
14308,-1,4097.37,4100.49,1.2152852529601723,1.0392576730906307,19,2025-11-24 19:50:00,2.0,3
14311,1,4090.7,4088.16,1.1022604951560817,0.7895204262877495,20,2025-11-24 20:05:00,2.0,2
14367,-1,4139.34,4141.64,2.2917771883289126,0.5354173594945522,1,2025-11-25 01:45:00,-1.0,4
14370,-1,4139.48,4144.35,2.1099137931034484,1.0549280519883828,2,2025-11-25 02:00:00,2.0,4
14372,-1,4136.37,4141.9,1.3104880581516096,1.1484942886811231,2,2025-11-25 02:10:00,2.0,3
14382,1,4132.17,4124.11,2.3898695318495777,1.7999680969852137,3,2025-11-25 03:00:00,-1.0,4
14386,1,4126.2,4123.43,1.4672835426305353,0.6189944134077281,3,2025-11-25 03:20:00,2.0,4
14387,1,4127.48,4124.52,1.0885245901639344,0.6490211433044435,3,2025-11-25 03:25:00,2.0,2
14419,1,4142.92,4139.53,1.0268247036805989,0.8241014064942606,6,2025-11-25 06:05:00,2.0,2
14442,-1,4146.72,4151.6,1.4350649350649352,1.3133410226836246,8,2025-11-25 08:00:00,2.0,4
14444,-1,4147.53,4151.44,1.3941778127458695,0.9468950008648604,8,2025-11-25 08:10:00,2.0,3
14445,-1,4147.39,4149.1,1.2475691847419597,0.4221477693528497,8,2025-11-25 08:15:00,2.0,3
14452,1,4142.49,4139.23,0.8528886241810602,0.8497486501582705,8,2025-11-25 08:50:00,-1.0,0
14518,-1,4135.71,4138.68,1.4237047551454933,0.984142011834404,14,2025-11-25 14:20:00,2.0,3
14525,1,4129.89,4125.53,1.5517477724468813,0.8734974241558108,14,2025-11-25 14:55:00,2.0,4
14528,-1,4138.42,4140.08,1.6308290155440415,0.3084682771435842,15,2025-11-25 15:10:00,-1.0,4
14548,1,4121.8,4111.41,1.4316807738814994,1.4248212361642116,16,2025-11-25 16:50:00,2.0,4
14622,1,4128.57,4127.45,0.6268656716417911,0.3331208837900759,23,2025-11-25 23:00:00,2.0,0
14623,1,4130.2,4128.35,0.4721233689205219,0.5541292255026421,23,2025-11-25 23:05:00,2.0,0
14655,-1,4136.66,4140.16,1.0330477356181151,1.1801541425819018,2,2025-11-26 02:45:00,-1.0,2
14657,-1,4142.84,4144.31,1.4019138755980862,0.44191539617786757,2,2025-11-26 02:55:00,-1.0,3
14658,-1,4141.42,4143.9,2.492957746478873,0.7011308562195925,3,2025-11-26 03:00:00,-1.0,4
14660,-1,4140.4,4144.61,1.4966592427616927,1.0775137111517497,3,2025-11-26 03:10:00,-1.0,4
14691,-1,4165.48,4169.29,0.8088235294117647,1.1248418388866406,5,2025-11-26 05:45:00,2.0,0
14722,1,4159.48,4156.0,1.1603053435114503,0.9738157105735563,8,2025-11-26 08:20:00,-1.0,2
14772,1,4159.42,4156.58,1.5436893203883495,0.9322391559202774,12,2025-11-26 12:30:00,2.0,4
14776,1,4160.18,4157.04,0.8409405255878285,0.9814690779192218,12,2025-11-26 12:50:00,2.0,0
14798,1,4158.41,4155.89,1.2159021406727828,0.6233215547702071,14,2025-11-26 14:40:00,-1.0,3
14802,1,4158.57,4153.27,1.4455331412103747,1.076298230345086,15,2025-11-26 15:00:00,-1.0,4
14826,1,4142.7,4136.57,1.361683848797251,0.8884977740967286,17,2025-11-26 17:00:00,2.0,3
14827,1,4145.96,4139.6,1.310460251046025,0.8946945337620323,17,2025-11-26 17:05:00,2.0,3
14848,-1,4165.61,4167.14,0.8624407072013799,0.4445828144460158,18,2025-11-26 18:50:00,-1.0,0
14855,-1,4168.03,4169.55,0.867741935483871,0.5691361326559765,19,2025-11-26 19:25:00,-1.0,0
14863,-1,4168.51,4170.25,1.0381383322559794,0.7650753768843226,20,2025-11-26 20:05:00,-1.0,2
14866,-1,4168.48,4170.68,1.0308310991957104,0.8966521106261969,20,2025-11-26 20:20:00,2.0,2
14912,-1,4166.91,4168.75,0.875,0.9333333333334564,1,2025-11-27 01:10:00,2.0,0
14914,-1,4167.3,4168.35,0.49930651872399445,0.5212765957447745,1,2025-11-27 01:20:00,2.0,0
14915,-1,4164.36,4167.5,1.1336146272855134,1.4347258485641028,1,2025-11-27 01:25:00,-1.0,2
14923,1,4166.01,4162.38,1.7445054945054945,1.4700607463118491,2,2025-11-27 02:05:00,-1.0,4
14931,1,4163.16,4161.92,1.3746556473829201,0.5257419745607437,2,2025-11-27 02:45:00,-1.0,3
14961,1,4150.15,4148.16,0.6369047619047619,0.6410492406810286,5,2025-11-27 05:15:00,-1.0,0
14971,1,4144.83,4142.68,1.173313995649021,0.8391413437411911,6,2025-11-27 06:05:00,2.0,3
14972,1,4147.24,4144.27,0.7556200145032632,1.1604800446551515,6,2025-11-27 06:10:00,2.0,0
14980,-1,4149.56,4153.77,1.3338788870703764,1.5646402973188696,6,2025-11-27 06:50:00,-1.0,3
14997,-1,4153.09,4155.02,1.0143266475644699,0.6931759876861051,8,2025-11-27 08:15:00,-1.0,1
15002,-1,4154.05,4156.95,1.2839335180055402,0.9705952665549629,8,2025-11-27 08:40:00,-1.0,3
15018,-1,4162.15,4163.1,1.1736526946107784,0.35791173304654433,10,2025-11-27 10:00:00,-1.0,3
15019,-1,4162.13,4163.18,1.1976047904191616,0.40054495912811694,10,2025-11-27 10:05:00,-1.0,3
15022,-1,4162.27,4163.35,0.8733252131546894,0.4493313521544823,10,2025-11-27 10:20:00,-1.0,0
15030,-1,4159.53,4165.94,1.3828494260634707,2.192523821157863,11,2025-11-27 11:00:00,1.0222811273100558,3
15035,1,4154.86,4150.17,1.2002635046113308,1.2270603625489047,11,2025-11-27 11:25:00,-0.42865728293538563,3
15063,-1,4160.52,4162.2,0.961730449251248,0.790854068594176,13,2025-11-27 13:45:00,2.0,1
15082,1,4152.68,4151.06,1.6393782383419688,0.6211996713228952,15,2025-11-27 15:20:00,2.0,4
15091,-1,4157.88,4158.93,1.1168831168831168,0.3406720741599692,16,2025-11-27 16:05:00,-1.0,2
15095,-1,4157.32,4159.65,0.8323066392881588,0.873126338329766,16,2025-11-27 16:25:00,-1.0,0
15097,-1,4157.36,4159.17,0.7802874743326489,0.6932968536253381,16,2025-11-27 16:35:00,-1.0,0
15108,-1,4159.27,4161.11,0.783359497645212,0.6988605534451854,17,2025-11-27 17:30:00,2.0,0
15119,1,4154.32,4151.48,0.9761222540592168,1.324009324009363,18,2025-11-27 18:25:00,2.0,1
15134,-1,4157.51,4158.05,0.9528301886792453,0.37970868910096617,19,2025-11-27 19:40:00,-1.0,1
15140,-1,4157.09,4158.1,1.3602941176470589,0.8739184178000733,20,2025-11-27 20:10:00,-1.0,3
15153,-1,4159.06,4160.18,1.170909090909091,1.0309007232083127,21,2025-11-27 21:15:00,-1.0,3
15206,1,4187.95,4185.55,0.09960474308300395,0.9071274298055013,5,2025-11-28 05:10:00,-1.0,0
15217,1,4186.6,4183.07,2.90032154340836,1.4387190684137192,6,2025-11-28 06:05:00,-1.0,4
15218,1,4186.45,4184.94,2.1736334405144695,0.6092219020173983,6,2025-11-28 06:10:00,-1.0,4
15223,1,4185.73,4183.05,0.4411764705882353,0.8531150522962924,6,2025-11-28 06:35:00,-1.0,0
15224,1,4186.02,4184.28,0.6078431372549019,0.5441143622963803,6,2025-11-28 06:40:00,-1.0,0
15225,1,4187.48,4185.14,0.6996466431095406,0.7373396353812384,6,2025-11-28 06:45:00,-1.0,0
15228,-1,4186.2,4188.76,3.109433962264151,0.7699248120301625,7,2025-11-28 07:00:00,2.0,4
15229,1,4181.13,4174.68,3.728301886792453,1.6096256684491161,7,2025-11-28 07:05:00,-1.0,4
15232,1,4183.02,4174.73,2.596401028277635,1.7181347150260597,7,2025-11-28 07:20:00,-1.0,4
15249,-1,4188.42,4189.04,1.6884057971014492,0.32448598130834305,8,2025-11-28 08:45:00,2.0,4
15250,-1,4187.36,4188.85,1.9492753623188406,0.7522538766682049,8,2025-11-28 08:50:00,2.0,4
15286,1,4162.6,4159.84,1.7061855670103092,0.7227833894500881,12,2025-11-28 12:30:00,2.0,4
15297,-1,4174.01,4179.89,1.6572280178837555,1.295561850802669,13,2025-11-28 13:25:00,-1.0,4
15316,-1,4176.63,4178.33,0.4148148148148148,0.6657342657341946,15,2025-11-28 15:00:00,2.0,0
15323,-1,4174.21,4178.68,2.983164983164983,1.4187259124915899,15,2025-11-28 15:35:00,-1.0,4
15325,-1,4175.35,4178.64,4.32996632996633,0.8907368013923544,15,2025-11-28 15:45:00,-1.0,4
15358,-1,4209.06,4210.79,0.7798800184586987,0.3533187454411983,18,2025-11-28 18:30:00,2.0,0
15359,-1,4205.98,4210.61,0.8839160839160839,1.0023194680687069,18,2025-11-28 18:35:00,-1.0,1
15361,-1,4207.25,4209.73,0.9316888045540797,0.5228915662649782,18,2025-11-28 18:45:00,-1.0,1
15366,-1,4207.19,4211.58,1.2756132756132756,0.947871684145671,19,2025-11-28 19:10:00,-1.0,3
15398,-1,4225.73,4230.76,1.6228070175438596,1.6706998813762337,1,2025-12-01 01:00:00,2.0,4
15400,1,4216.83,4208.7,1.489766081871345,1.6917360285374616,1,2025-12-01 01:10:00,2.0,4
15401,1,4217.38,4214.01,1.7119883040935673,0.6805134862252691,1,2025-12-01 01:15:00,2.0,4
15422,-1,4224.48,4233.43,1.868549701249321,1.8324071365898165,3,2025-12-01 03:00:00,-1.0,4
15423,-1,4222.59,4230.26,1.8907922912205568,1.421498543817876,3,2025-12-01 03:05:00,-1.0,4
15449,1,4235.24,4232.73,0.9227467811158798,0.5266786570743843,5,2025-12-01 05:15:00,2.0,1
15450,1,4236.56,4234.06,0.8783487044356609,0.5277442702050686,5,2025-12-01 05:20:00,2.0,1
15470,-1,4240.67,4246.67,1.0216934919524143,2.266594711278927,7,2025-12-01 07:00:00,2.0,2
15472,-1,4232.59,4242.55,1.2793696275071633,2.8567916410571472,7,2025-12-01 07:10:00,-1.0,3
15502,-1,4240.29,4242.44,0.7092829349638688,0.5727878211226314,9,2025-12-01 09:40:00,-1.0,0
15551,-1,4253.62,4258.5,1.2333557498318763,1.399139873028883,13,2025-12-01 13:45:00,-1.0,3
15556,1,4249.09,4247.65,1.347101932045303,0.4118488253321186,14,2025-12-01 14:10:00,2.0,3
15557,1,4253.75,4247.92,1.2471685542971351,1.6455645161290298,14,2025-12-01 14:15:00,-1.0,3
15566,1,4252.69,4245.61,1.6370656370656371,1.552874823750529,15,2025-12-01 15:00:00,-1.0,4
15570,-1,4253.79,4257.52,1.1924488725747246,0.7533179457588689,15,2025-12-01 15:20:00,-1.0,3
15576,-1,4252.32,4258.58,1.3600381497377205,1.2897718910964082,15,2025-12-01 15:50:00,2.0,3
15578,1,4244.77,4242.13,1.366874443455031,0.494315902099825,16,2025-12-01 16:00:00,-1.0,3
15579,1,4247.58,4238.07,1.4706660785178651,1.645938929410323,16,2025-12-01 16:05:00,-1.0,4
15582,1,4244.79,4242.19,1.2835820895522387,0.47500978728963905,16,2025-12-01 16:20:00,-1.0,3
15583,1,4246.56,4243.54,1.1365409622886866,0.5525352848929151,16,2025-12-01 16:25:00,-1.0,2
15588,1,4241.02,4231.74,1.3958587088915957,1.1280715464097253,16,2025-12-01 16:50:00,-1.0,3
15589,1,4240.26,4237.58,1.020743639921722,0.3305726872247002,16,2025-12-01 16:55:00,-1.0,2
15594,1,4224.33,4219.5,1.179902755267423,0.5742187499999815,17,2025-12-01 17:20:00,2.0,3
15630,-1,4238.46,4240.11,0.9437359339834959,0.40278988666075666,20,2025-12-01 20:20:00,-1.0,1
15632,-1,4239.64,4242.49,0.7647509578544062,0.7022175290389173,20,2025-12-01 20:30:00,-1.0,0
15636,-1,4238.84,4242.67,0.7372742200328407,0.9217809867628743,20,2025-12-01 20:50:00,-1.0,0
15639,-1,4239.25,4240.58,0.803122289679098,0.34667659653693267,21,2025-12-01 21:05:00,-1.0,0
15649,1,4236.97,4231.47,1.166160081053698,1.2908633696563758,21,2025-12-01 21:55:00,-1.0,2
15650,1,4237.64,4235.94,0.9442755825734549,0.42176147439325207,22,2025-12-01 22:00:00,-1.0,1
15652,1,4238.26,4235.94,0.941908713692946,0.5631067961166699,22,2025-12-01 22:10:00,-1.0,1
15669,1,4234.8,4233.39,0.6274752475247525,0.4964788732393713,23,2025-12-01 23:35:00,-1.0,0
15682,1,4230.9,4228.48,2.0546875,0.885983263598337,1,2025-12-02 01:40:00,-1.0,4
15684,1,4230.15,4224.44,1.4817708333333333,1.7764444444444198,1,2025-12-02 01:50:00,-1.0,4
15720,-1,4221.54,4224.49,0.830068819481207,0.7348754448398148,4,2025-12-02 04:50:00,-1.0,0
15727,-1,4222.71,4224.72,1.0189959294436906,0.6405645344867088,5,2025-12-02 05:25:00,2.0,2
15729,-1,4222.89,4225.37,0.6253561253561254,0.7849875650009516,5,2025-12-02 05:35:00,2.0,0
15740,1,4216.97,4213.9,0.9403254972875226,0.9839743589745712,6,2025-12-02 06:30:00,2.0,1
15795,1,4207.7,4205.63,1.480097481722177,0.5430016863405656,11,2025-12-02 11:05:00,-1.0,4
15796,1,4207.97,4205.01,0.9830781627719581,0.7644346061612338,11,2025-12-02 11:10:00,-1.0,1
15843,-1,4205.28,4212.17,1.734387351778656,1.9937990905333685,15,2025-12-02 15:05:00,-1.0,4
15917,-1,4196.64,4198.37,0.7223382045929019,0.496108152396455,21,2025-12-02 21:15:00,-1.0,0
15921,-1,4195.63,4197.57,0.9749478079331941,0.6026181495450802,21,2025-12-02 21:35:00,-1.0,1
15922,-1,4195.14,4197.73,0.7872451646628332,0.8310795324316523,21,2025-12-02 21:40:00,-1.0,0
15925,-1,4196.66,4200.56,1.210497539639147,1.2052980132452937,21,2025-12-02 21:55:00,-1.0,3
15952,-1,4208.15,4213.17,1.7223001402524545,1.774299419338883,1,2025-12-03 01:10:00,-1.0,4
15961,-1,4212.75,4216.04,1.899856938483548,0.9301292407108226,1,2025-12-03 01:55:00,-1.0,4
15974,-1,4215.59,4218.13,2.7691015952980687,0.6912908242612585,3,2025-12-03 03:00:00,-1.0,4
15976,-1,4216.02,4218.64,1.55052790346908,0.7127866303924951,3,2025-12-03 03:10:00,-1.0,4
15990,-1,4220.4,4222.77,0.8833333333333333,0.6822948797041282,4,2025-12-03 04:20:00,-1.0,1
16009,1,4221.1,4220.21,1.0238582140422632,0.35610174335538686,5,2025-12-03 05:55:00,-1.0,2
16013,1,4221.6,4220.16,0.5526866713189114,0.582154201559561,6,2025-12-03 06:15:00,-1.0,0
16053,1,4206.12,4203.08,1.0789915966386554,0.9084311632871037,9,2025-12-03 09:35:00,-1.0,2
16055,1,4205.99,4203.22,0.8763784097504352,0.8853881278537816,9,2025-12-03 09:45:00,-1.0,0
16067,-1,4207.91,4209.44,1.217562254259502,0.5550660792950728,10,2025-12-03 10:45:00,2.0,3
16068,-1,4207.31,4209.63,1.143222506393862,0.836036036035943,10,2025-12-03 10:50:00,2.0,2
16069,-1,4206.45,4208.67,1.0888468809073724,0.8146788990826701,10,2025-12-03 10:55:00,2.0,2
16070,1,4205.53,4203.1,1.097051597051597,0.854130052723881,11,2025-12-03 11:00:00,-1.0,2
16085,1,4198.0,4194.55,1.2708731676226896,1.2529182879375826,12,2025-12-03 12:15:00,2.0,3
16101,-1,4204.58,4206.1,0.7393422655298416,0.5804691762140117,13,2025-12-03 13:35:00,-1.0,0
16103,-1,4203.65,4205.21,0.9902690326273612,0.6372920922090844,13,2025-12-03 13:45:00,-1.0,1
16137,-1,4234.38,4241.66,1.421129860601614,0.9211025756890882,16,2025-12-03 16:35:00,2.0,3
16145,1,4222.39,4216.54,0.9380804953560371,0.6581485053038086,17,2025-12-03 17:15:00,-1.0,1
16188,1,4197.26,4195.25,0.8750572082379863,0.4671314741036381,20,2025-12-03 20:50:00,2.0,0
16189,1,4197.01,4195.34,0.9949003245248029,0.38041002277906527,20,2025-12-03 20:55:00,2.0,1
16226,1,4206.89,4203.39,0.6832618025751073,1.3857466063347832,1,2025-12-04 01:00:00,2.0,0
16240,-1,4207.77,4210.43,1.4729542302357836,1.1053725140990323,2,2025-12-04 02:10:00,-1.0,4
16259,-1,4213.72,4216.75,1.5475234270414993,0.8898678414095815,3,2025-12-04 03:45:00,2.0,4
16289,-1,4196.32,4197.94,0.710703363914373,0.5409015025041334,6,2025-12-04 06:15:00,-1.0,0
16294,-1,4197.19,4198.17,1.0920590302178497,0.39459303997717715,6,2025-12-04 06:40:00,2.0,2
16302,1,4193.09,4189.69,1.2213740458015268,1.6157501697220136,7,2025-12-04 07:20:00,-1.0,3
16335,-1,4192.04,4195.73,1.2793201133144476,1.1611598111934303,10,2025-12-04 10:05:00,-1.0,3
16337,-1,4194.88,4196.36,1.0640226628895184,0.4528961748632634,10,2025-12-04 10:15:00,2.0,2
16338,-1,4193.46,4196.11,1.2090651558073655,0.813953488372015,10,2025-12-04 10:20:00,2.0,3
16339,-1,4192.91,4195.57,1.2407932011331444,0.8191816981962038,10,2025-12-04 10:25:00,2.0,3
16346,1,4189.37,4183.53,1.5912162162162162,1.5098799630656066,11,2025-12-04 11:00:00,2.0,4
16372,-1,4202.34,4206.53,1.4121037463976944,1.38153556288258,13,2025-12-04 13:10:00,2.0,3
16374,-1,4199.35,4202.87,1.078745644599303,1.1527485380115656,13,2025-12-04 13:20:00,2.0,2
16383,1,4197.48,4193.33,1.488888888888889,1.2056443245485657,14,2025-12-04 14:05:00,-1.0,4
16432,-1,4210.41,4215.37,0.8788750399488654,1.0514839491217527,18,2025-12-04 18:10:00,-1.0,1
16437,-1,4210.23,4215.21,0.9158273381294963,1.0832815413301118,18,2025-12-04 18:35:00,-1.0,1
16453,-1,4216.56,4217.41,0.9165085388994307,0.3344575604270008,19,2025-12-04 19:55:00,2.0,1
16454,-1,4215.63,4217.48,0.976401179941003,0.7295774647885359,20,2025-12-04 20:00:00,2.0,1
16490,-1,4208.81,4210.19,0.5300480769230769,0.6887700534754873,23,2025-12-04 23:00:00,2.0,0
16492,-1,4209.36,4210.04,0.3532501641497045,0.3712948517941996,23,2025-12-04 23:10:00,2.0,0
16510,1,4205.91,4203.83,2.107142857142857,1.1638689048760804,1,2025-12-05 01:40:00,-1.0,4
16512,1,4205.6,4204.17,1.4142857142857144,0.7352185089975908,1,2025-12-05 01:50:00,2.0,3
16513,1,4206.02,4204.72,1.0797962648556876,0.660617059891217,1,2025-12-05 01:55:00,-1.0,2
16514,1,4206.33,4204.15,1.7283531409168083,1.0597222222223905,2,2025-12-05 02:00:00,-1.0,4
16517,-1,4207.74,4210.48,2.047923322683706,1.254414650098081,2,2025-12-05 02:15:00,2.0,4
16521,1,4203.9,4202.85,1.0830324909747293,0.42769857433780184,2,2025-12-05 02:35:00,-1.0,2
16523,1,4204.7,4203.55,1.145124716553288,0.49798948345175986,2,2025-12-05 02:45:00,-1.0,2
16551,-1,4204.02,4205.29,0.9540094339622641,0.41825452834610466,5,2025-12-05 05:05:00,-1.0,1
16600,-1,4227.3,4230.52,0.8529904974846283,1.0247783587179766,9,2025-12-05 09:10:00,2.0,0
16604,-1,4226.27,4230.2,0.9616087751371115,1.474671669793337,9,2025-12-05 09:30:00,2.0,1
16609,1,4224.49,4222.56,0.9520103761348897,0.7362397820160983,9,2025-12-05 09:55:00,-1.0,1
16613,1,4223.99,4222.55,1.0634602538410154,0.5051365572536711,10,2025-12-05 10:15:00,-1.0,2
16616,1,4224.3,4220.9,1.0783410138248848,1.1279620853082184,10,2025-12-05 10:30:00,-1.0,2
16629,1,4224.41,4220.65,0.7090788601722995,1.3120638085743568,11,2025-12-05 11:35:00,2.0,0
16660,-1,4225.73,4227.49,1.6626240352811466,0.7368421052632981,14,2025-12-05 14:10:00,-1.0,4
16663,-1,4224.48,4226.97,1.6345945945945946,0.9335832886987476,14,2025-12-05 14:25:00,-1.0,4
16670,-1,4225.13,4233.18,2.398818316100443,2.5184357541901035,15,2025-12-05 15:00:00,-1.0,4
16671,1,4224.46,4221.47,1.8792235801581596,0.8863010798221075,15,2025-12-05 15:05:00,2.0,4
16684,-1,4237.44,4239.41,0.9383280036546369,0.44700162074560207,16,2025-12-05 16:10:00,2.0,1
16695,-1,4237.26,4240.02,1.249221183800623,0.5884861407249864,17,2025-12-05 17:05:00,-1.0,3
16742,1,4209.41,4206.37,1.2585858585858587,0.850349650349637,21,2025-12-05 21:00:00,-1.0,3
16744,1,4208.61,4205.47,0.870859337493999,0.8091293944412143,21,2025-12-05 21:10:00,-1.0,0
16747,1,4209.52,4205.5,0.7776584317937701,1.0255102040817419,21,2025-12-05 21:25:00,-1.0,0
16751,1,4205.68,4202.4,0.7923497267759563,0.8861443458126095,21,2025-12-05 21:45:00,-1.0,0
16790,-1,4204.48,4207.19,1.3869239013933548,0.7259854573287603,2,2025-12-08 02:15:00,-1.0,3
16799,-1,4204.91,4211.72,3.176678445229682,1.9862500000000791,3,2025-12-08 03:00:00,-1.0,4
16800,-1,4203.02,4206.92,2.637229437229437,1.0495963091117733,3,2025-12-08 03:05:00,-1.0,4
16808,1,4201.33,4200.15,1.511837655016911,0.30384403163517354,3,2025-12-08 03:45:00,-1.0,4
16810,1,4201.16,4197.53,1.226890756302521,0.8513988942872076,3,2025-12-08 03:55:00,2.0,3
16814,1,4202.02,4199.26,0.7408088235294118,0.7527761542958341,4,2025-12-08 04:15:00,2.0,0
16822,-1,4208.53,4212.48,0.9825367647058824,1.0610130468150325,4,2025-12-08 04:55:00,-1.0,1
16827,-1,4210.57,4212.88,0.6854838709677419,0.6687344913152569,5,2025-12-08 05:20:00,-1.0,0
16851,1,4206.78,4204.6,1.597897503285151,0.987382724037311,7,2025-12-08 07:20:00,2.0,4
16853,1,4213.89,4206.32,2.633377135348226,2.834447713292669,7,2025-12-08 07:30:00,-1.0,4
16887,1,4214.01,4212.04,0.9752604166666666,0.5958090300281613,10,2025-12-08 10:20:00,-1.0,1
16896,1,4207.44,4204.28,1.3038229376257546,0.8703521542395679,11,2025-12-08 11:05:00,-1.0,3
16913,1,4206.81,4200.73,1.4045922406967537,2.0776177690994757,12,2025-12-08 12:30:00,-1.0,3
16914,1,4207.25,4205.42,0.7836166924265843,0.6094196003805399,12,2025-12-08 12:35:00,-1.0,0
16920,1,4202.57,4199.7,1.0978856695379797,1.0200558517389726,13,2025-12-08 13:05:00,2.0,2
16928,-1,4211.51,4213.71,0.9404958677685951,0.7091871977894979,13,2025-12-08 13:45:00,-1.0,1
16941,-1,4213.49,4215.55,1.3496503496503496,0.8046875000001326,14,2025-12-08 14:50:00,2.0,3
16943,-1,4208.56,4214.64,2.597489539748954,2.107452339687952,15,2025-12-08 15:00:00,2.0,4
16945,1,4210.76,4206.38,1.732248520710059,1.430370888733389,15,2025-12-08 15:10:00,-1.0,4
16957,1,4209.7,4206.6,0.8765920070267896,0.6517495119386134,16,2025-12-08 16:10:00,-1.0,1
16964,1,4201.86,4196.0,1.3910988578180385,1.1636879432623313,16,2025-12-08 16:45:00,-1.0,3
16988,-1,4191.55,4195.34,0.7161438408569243,0.8748557295960396,18,2025-12-08 18:45:00,-0.4884019201876318,0
17007,1,4188.34,4187.19,0.9456112008616048,0.377845576155998,20,2025-12-08 20:20:00,-1.0,1
17008,1,4188.81,4187.24,1.0334613274821722,0.550601202405013,20,2025-12-08 20:25:00,-1.0,2
17009,1,4188.92,4187.07,0.9972572682391662,0.662912720757719,20,2025-12-08 20:30:00,-1.0,1
17018,1,4188.24,4184.42,0.8260869565217391,1.2849591542526404,21,2025-12-08 21:15:00,1.019018548955357,0
17021,1,4188.5,4186.08,0.8967889908256881,0.8398611799702561,21,2025-12-08 21:30:00,-1.0,1
17029,-1,4188.7,4191.13,1.2307692307692308,0.9708904109590718,22,2025-12-08 22:10:00,-1.0,3
17063,-1,4195.09,4195.67,1.3747323340471092,0.34999999999998627,2,2025-12-09 02:00:00,2.0,3
17075,-1,4194.7,4196.52,4.328571428571428,0.8467929544701817,3,2025-12-09 03:00:00,-1.0,4
17076,-1,4194.8,4195.83,3.767857142857143,0.46471156944880926,3,2025-12-09 03:05:00,-1.0,4
17078,-1,4195.55,4196.75,2.6566666666666667,0.5189990732158638,3,2025-12-09 03:15:00,2.0,4
17079,-1,4194.08,4195.89,2.7234726688102895,0.8219266947779974,3,2025-12-09 03:20:00,-1.0,4
17080,-1,4194.19,4195.71,2.4887459807073955,0.6668755875902918,3,2025-12-09 03:25:00,-1.0,4
17081,-1,4195.01,4195.85,2.4198250728862973,0.3665835411471861,3,2025-12-09 03:30:00,-1.0,4
17103,-1,4196.27,4197.9,1.1515151515151516,0.6444507201352412,5,2025-12-09 05:20:00,-1.0,2
17105,-1,4196.24,4198.85,1.3545586107091172,1.0342485140109885,5,2025-12-09 05:30:00,2.0,3
17149,-1,4182.74,4185.48,0.9205426356589147,0.8539626001780249,9,2025-12-09 09:10:00,-1.0,1
17198,1,4202.64,4201.19,0.8538011695906432,0.6025526862573591,13,2025-12-09 13:15:00,-1.0,0
17209,1,4201.7,4200.88,1.0764063811922755,0.36123348017608614,14,2025-12-09 14:10:00,-1.0,2
17212,1,4202.37,4199.9,0.8765743073047859,0.9510451045105816,14,2025-12-09 14:25:00,-1.0,0
17218,-1,4204.31,4206.94,1.3167587476979743,0.9994571118346293,14,2025-12-09 14:55:00,-1.0,3
17220,-1,4206.21,4207.78,2.2209944751381214,0.5214709371292079,15,2025-12-09 15:05:00,2.0,4
17221,-1,4205.21,4206.85,1.985267034990792,0.5254004576660001,15,2025-12-09 15:10:00,2.0,4
17223,-1,4204.51,4207.43,2.1811785400175903,0.853266541431859,15,2025-12-09 15:20:00,2.0,4
17224,1,4202.05,4198.45,2.0212940212940214,1.00099304865946,15,2025-12-09 15:25:00,-1.0,4
17226,1,4198.82,4196.65,1.7437829691032405,0.5548858447488586,15,2025-12-09 15:35:00,-1.0,4
17227,1,4200.75,4196.59,1.529157667386609,1.0027548209365897,15,2025-12-09 15:40:00,-1.0,4
17232,1,4197.64,4194.86,1.1220435193945129,0.6536781995298824,16,2025-12-09 16:05:00,-1.0,2
17237,1,4200.78,4192.73,1.604682575416479,1.6316780078181348,16,2025-12-09 16:30:00,-1.0,4
17238,1,4197.29,4195.34,1.5821947994711327,0.3876739562623789,16,2025-12-09 16:35:00,2.0,4
17241,-1,4207.99,4210.33,1.388817755014938,0.43996776792911124,16,2025-12-09 16:50:00,2.0,3
17264,-1,4217.95,4221.33,0.9823989569752282,0.6034944522382485,18,2025-12-09 18:45:00,2.0,1
17306,-1,4211.8,4214.8,0.9111405835543767,1.2034383954153598,22,2025-12-09 22:15:00,-1.0,1
17318,1,4210.09,4209.0,0.707635009310987,0.4666666666667056,23,2025-12-09 23:15:00,-1.0,0
17322,1,4209.11,4208.49,0.337696335078534,0.32754716981125187,23,2025-12-09 23:35:00,-1.0,0
17324,1,4209.44,4208.51,0.6162624821683309,0.5247883917771516,23,2025-12-09 23:45:00,-1.0,0
17328,1,4209.16,4208.31,0.3654320987654321,0.5105105105101739,1,2025-12-10 01:05:00,2.0,0
17359,-1,4212.61,4215.22,1.7724137931034483,0.9625922023184434,3,2025-12-10 03:40:00,-1.0,4
17367,1,4214.25,4211.64,0.8133514986376021,0.8995568685375356,4,2025-12-10 04:20:00,-1.0,0
17371,-1,4217.67,4218.83,1.1192182410423452,0.44652185867467725,4,2025-12-10 04:40:00,2.0,2
17372,-1,4216.31,4217.87,0.5420195439739414,0.6085260518248321,4,2025-12-10 04:45:00,2.0,0
17403,1,4204.02,4202.27,1.7014157014157014,0.9466769706336234,7,2025-12-10 07:20:00,2.0,4
17404,1,4205.64,4203.25,1.1145431145431146,1.2968992248063242,7,2025-12-10 07:25:00,2.0,2
17411,-1,4209.61,4211.74,1.4739941118743867,0.90172361657089,8,2025-12-10 08:00:00,2.0,4
17412,-1,4209.47,4211.74,1.363390441839495,0.9249126891732002,8,2025-12-10 08:05:00,2.0,3
17435,1,4204.77,4202.01,1.5246326707000863,1.2360844529751012,10,2025-12-10 10:00:00,-1.0,4
17438,1,4204.81,4202.12,1.0588235294117647,1.1079729332158093,10,2025-12-10 10:15:00,-1.0,2
17439,1,4204.93,4203.92,1.0819964349376114,0.4204579244722756,10,2025-12-10 10:20:00,-1.0,2
17444,1,4201.34,4198.77,1.569482288828338,0.953112582781326,10,2025-12-10 10:45:00,-1.0,4
17455,1,4194.99,4194.15,0.842470506592644,0.3080953628504515,11,2025-12-10 11:40:00,-1.0,0
17456,1,4194.6,4193.68,0.7862266857962698,0.3442929697941929,11,2025-12-10 11:45:00,-1.0,0
17461,1,4195.84,4192.8,0.8951048951048951,1.2731079868381778,12,2025-12-10 12:10:00,-1.0,1
17478,-1,4195.98,4196.93,0.7611710323574731,0.4570446735398775,13,2025-12-10 13:35:00,-1.0,0
17479,-1,4195.1,4196.46,0.983132530120482,0.7402799377914425,13,2025-12-10 13:40:00,-1.0,1
17481,-1,4196.36,4196.99,0.7529411764705882,0.3559322033899089,13,2025-12-10 13:50:00,-1.0,0
17507,-1,4200.05,4202.26,1.2322544009085747,0.5894456086873914,16,2025-12-10 16:00:00,-1.0,3
17512,-1,4196.68,4201.76,1.1192660550458715,1.291447248955884,16,2025-12-10 16:25:00,-1.0,2
17513,1,4195.79,4192.66,1.6086330935251798,0.7703938115330898,16,2025-12-10 16:30:00,-1.0,4
17514,1,4193.16,4191.49,1.6145038167938932,0.3964727827709161,16,2025-12-10 16:35:00,2.0,4
17515,1,4197.65,4192.99,1.2591189009947892,1.0390189520623985,16,2025-12-10 16:40:00,-1.0,3
17522,1,4191.79,4188.59,1.35146804835924,0.604425256341035,17,2025-12-10 17:15:00,2.0,3
17523,1,4194.56,4190.88,1.1257941550190598,0.6772709346654877,17,2025-12-10 17:20:00,2.0,2
17567,1,4206.38,4191.58,2.529142108709889,4.031128404669197,21,2025-12-10 21:00:00,-1.0,4
17572,-1,4198.94,4209.11,2.2541087231352717,1.4550843127235613,21,2025-12-10 21:25:00,-1.0,4
17576,1,4191.74,4186.37,1.8986032074495602,0.47268154668342544,21,2025-12-10 21:45:00,2.0,4
17577,1,4204.72,4187.86,1.2734082397003745,1.3428912783751923,21,2025-12-10 21:50:00,2.0,3
17627,-1,4244.58,4247.74,2.9600742804085423,0.7907059874888084,3,2025-12-11 03:00:00,2.0,4
17629,-1,4240.25,4245.21,1.8881008668242711,1.186400136682094,3,2025-12-11 03:10:00,2.0,4
17633,1,4235.56,4232.99,1.5542005420054201,0.6600623738765201,3,2025-12-11 03:30:00,-1.0,4
17634,1,4235.45,4233.14,1.3757079924480806,0.6003341377388803,3,2025-12-11 03:35:00,-1.0,3
17641,1,4233.76,4231.12,1.1166576234400434,0.7779414860030545,4,2025-12-11 04:10:00,-1.0,2
17672,1,4212.26,4208.47,1.4222539229671898,1.3467005076142438,6,2025-12-11 06:45:00,-1.0,3
17682,1,4208.53,4206.96,1.7932296431838974,0.5272247541376017,7,2025-12-11 07:35:00,-1.0,4
17683,1,4210.26,4207.15,1.624885635864593,1.0544926132237622,7,2025-12-11 07:40:00,-1.0,4
17685,1,4210.08,4207.24,1.3548387096774193,0.9439696106363281,7,2025-12-11 07:50:00,-1.0,3
17688,1,4209.74,4207.68,1.412121212121212,0.6328725038400806,8,2025-12-11 08:05:00,2.0,3
17691,1,4209.96,4207.61,1.1192538307794804,0.6854166666667597,8,2025-12-11 08:20:00,2.0,2
17706,-1,4214.22,4216.53,0.902706656912948,0.952296819787826,9,2025-12-11 09:35:00,-1.0,1
17709,-1,4214.99,4217.09,0.9874015748031496,0.7909604519775559,9,2025-12-11 09:50:00,-1.0,1
17711,-1,4214.09,4217.01,1.3784860557768925,1.0901333333333605,10,2025-12-11 10:00:00,-1.0,3
17719,-1,4217.46,4219.65,1.1888,0.6914749661703862,10,2025-12-11 10:40:00,2.0,3
17721,-1,4216.55,4218.78,1.2254980079681275,0.7704837117471435,10,2025-12-11 10:50:00,2.0,3
17725,1,4211.98,4210.5,1.0123839009287925,0.477309375719751,11,2025-12-11 11:10:00,2.0,1
17733,-1,4217.82,4221.55,1.0046656298600312,1.2218062704728123,11,2025-12-11 11:50:00,-1.0,1
17734,-1,4218.5,4219.72,0.8560311284046692,0.40207156308860886,11,2025-12-11 11:55:00,-1.0,0
17738,-1,4218.61,4221.45,1.1003891050583658,0.9136029411765656,12,2025-12-11 12:15:00,2.0,2
17754,1,4212.92,4211.31,1.0175131348511384,0.64640091769413,13,2025-12-11 13:35:00,-1.0,2
17757,1,4212.71,4209.76,1.25140712945591,1.189516129032145,13,2025-12-11 13:50:00,-1.0,3
17759,1,4211.5,4208.77,1.7842401500938085,1.0520231213871172,14,2025-12-11 14:00:00,2.0,4
17765,-1,4219.05,4220.35,1.2366548042704626,0.4795783926219173,14,2025-12-11 14:30:00,-1.0,3
17766,-1,4218.38,4220.32,1.0,0.7095088819224997,14,2025-12-11 14:35:00,-1.0,1
17768,-1,4217.92,4219.28,1.0556492411467115,0.5127928898463603,14,2025-12-11 14:45:00,-1.0,2
17771,-1,4215.29,4222.45,2.1657000828500412,2.60228452751809,15,2025-12-11 15:00:00,-1.0,4
17774,1,4209.38,4205.26,1.9316628701594534,1.2525515743756404,15,2025-12-11 15:15:00,2.0,4
17775,1,4212.04,4206.9,1.8371919342793128,1.4742880557263673,15,2025-12-11 15:20:00,2.0,4
17781,-1,4221.68,4223.42,1.5441176470588236,0.37761587350793463,15,2025-12-11 15:50:00,-1.0,4
17783,-1,4219.08,4222.86,1.0360223236935566,0.7871485943774621,16,2025-12-11 16:00:00,-1.0,2
17811,-1,4259.17,4261.63,0.9867088607594937,0.4277729474599432,18,2025-12-11 18:20:00,-1.0,1
17836,-1,4281.85,4283.37,1.0443307757885762,0.40120663650064337,20,2025-12-11 20:25:00,2.0,2
17837,-1,4278.45,4283.96,0.9744245524296675,1.4657039711192392,20,2025-12-11 20:30:00,2.0,1
17846,1,4273.13,4269.3,0.6918578497525866,0.7476296709425755,21,2025-12-11 21:15:00,-1.0,0
17847,1,4273.26,4271.26,0.8391936240037506,0.3874360038743772,21,2025-12-11 21:20:00,-1.0,0
17905,1,4274.51,4269.24,2.0294117647058822,1.4785571142285903,3,2025-12-12 03:10:00,-1.0,4
17917,-1,4275.42,4276.72,1.139568345323741,0.3121783876501285,4,2025-12-12 04:10:00,2.0,2
17918,-1,4275.05,4276.77,0.6609605325725154,0.42439196334161566,4,2025-12-12 04:15:00,2.0,0
17921,-1,4275.26,4276.62,1.1260104612458393,0.407883461867937,4,2025-12-12 04:30:00,2.0,2
17922,-1,4275.21,4276.86,0.8022388059701493,0.503926701570578,4,2025-12-12 04:35:00,2.0,0
17923,-1,4274.65,4276.57,0.6725746268656716,0.5870277353134332,4,2025-12-12 04:40:00,2.0,0
17941,1,4269.09,4268.23,0.40214888718342284,0.3658462473414728,6,2025-12-12 06:10:00,-1.0,0
17951,1,4267.41,4266.11,1.046692607003891,0.7551867219917385,7,2025-12-12 07:00:00,2.0,2
18039,1,4331.62,4330.24,0.9768443726440496,0.3761682242990976,14,2025-12-12 14:20:00,-1.0,1
18041,1,4330.49,4328.94,1.1455142231947484,0.4204611509397924,14,2025-12-12 14:30:00,-1.0,2
18042,1,4330.3,4328.22,1.0845070422535212,0.5646693814232916,14,2025-12-12 14:35:00,-1.0,2
18047,1,4332.44,4321.41,1.7618002195389681,2.536048612251491,15,2025-12-12 15:00:00,-1.0,4
18052,-1,4336.06,4339.45,1.595276435856146,0.7885030736001118,15,2025-12-12 15:25:00,-1.0,4
18056,-1,4335.32,4340.11,1.3379107405590975,0.9348947441795491,15,2025-12-12 15:45:00,-1.0,3
18066,1,4342.28,4330.96,1.4693554764729142,1.86140474512566,16,2025-12-12 16:35:00,-1.0,4
18071,-1,4341.84,4347.43,1.2992592592592593,0.8687833037300234,17,2025-12-12 17:00:00,-1.0,3
18073,-1,4343.54,4351.56,1.2158299743495786,1.2169954476479907,17,2025-12-12 17:10:00,2.0,3
18134,-1,4299.33,4300.87,0.9381965552178319,0.43494048819849146,22,2025-12-12 22:15:00,2.0,1
18136,-1,4293.24,4300.0,1.230188679245283,1.8618925831202007,22,2025-12-12 22:25:00,-1.0,3
18137,1,4293.5,4288.43,1.2851752021563343,1.3587289433383183,22,2025-12-12 22:30:00,2.0,3
18140,-1,4300.82,4303.02,1.3725067385444745,0.5434015525760241,22,2025-12-12 22:45:00,2.0,3
18151,-1,4301.65,4304.19,0.4541176470588235,0.7683664649956565,23,2025-12-12 23:40:00,2.0,0
18157,-1,4303.0,4307.44,1.3397870280735722,1.391226499552238,1,2025-12-15 01:10:00,-1.0,3
18162,-1,4304.18,4308.55,1.0563106796116506,1.2445077298616487,1,2025-12-15 01:35:00,-1.0,2
18219,-1,4329.08,4330.15,0.8096446700507615,0.43981209630052115,6,2025-12-15 06:20:00,2.0,0
18232,-1,4329.76,4331.19,1.2208,0.6103658536583031,7,2025-12-15 07:25:00,-1.0,3
18249,-1,4344.26,4346.66,0.880648899188876,0.850632911392276,8,2025-12-15 08:50:00,2.0,1
18269,-1,4344.34,4346.01,1.0553702468312207,0.5204808548530729,10,2025-12-15 10:30:00,-1.0,2
18284,1,4344.31,4342.65,1.0277966101694915,0.5755324418031361,11,2025-12-15 11:45:00,-1.0,2
18287,1,4343.61,4340.72,1.0752542372881355,0.9589950225170001,12,2025-12-15 12:00:00,-1.0,2
18290,1,4345.0,4342.54,0.5864661654135338,0.8592814371257822,12,2025-12-15 12:15:00,-1.0,0
18304,1,4340.84,4338.9,0.979557069846678,0.638608041382725,13,2025-12-15 13:25:00,2.0,1
18317,-1,4347.69,4348.36,1.3803307223672758,0.3222260391618286,14,2025-12-15 14:30:00,2.0,3
18325,1,4335.75,4333.76,2.4074979625101873,0.7118037812978375,15,2025-12-15 15:10:00,2.0,4
18326,1,4339.62,4334.72,2.0112540192926045,1.622132891936544,15,2025-12-15 15:15:00,-1.0,4
18335,1,4333.95,4329.7,1.4849740932642488,0.8162985320345791,16,2025-12-15 16:00:00,-1.0,4
18357,-1,4323.95,4327.9,0.7723901882487165,0.44952040318645814,17,2025-12-15 17:50:00,2.0,0
18452,-1,4309.6,4311.97,0.9539666993143977,0.8656404904774151,2,2025-12-16 02:45:00,2.0,1
18454,-1,4307.83,4309.81,1.1632183908045977,0.6661860129778285,2,2025-12-16 02:55:00,2.0,2
18456,1,4304.68,4299.16,2.588118811881188,1.6393720831567047,3,2025-12-16 03:05:00,2.0,4
18464,-1,4311.94,4316.23,1.1290102389078498,1.141391106043342,3,2025-12-16 03:45:00,2.0,2
18504,-1,4291.47,4292.25,1.138671875,0.34480580991460275,7,2025-12-16 07:05:00,2.0,2
18545,1,4281.58,4275.57,1.2246763137852246,1.5410256410256353,10,2025-12-16 10:30:00,-1.0,3
18547,1,4283.23,4277.26,1.0357958872810358,1.4898395721923163,10,2025-12-16 10:40:00,-1.0,2
18570,1,4277.2,4275.15,0.891044776119403,0.5883558835589019,12,2025-12-16 12:35:00,-1.0,1
18571,1,4279.03,4276.03,0.7208588957055214,0.8536585365853689,12,2025-12-16 12:40:00,-1.0,0
18574,1,4277.28,4274.88,1.1024096385542168,0.6694560669455105,12,2025-12-16 12:55:00,-1.0,2
18580,1,4277.42,4273.84,0.9552469135802469,1.2022067642120284,13,2025-12-16 13:25:00,2.0,1
18583,1,4276.45,4275.57,0.964516129032258,0.31356579282264035,13,2025-12-16 13:40:00,2.0,1
18587,-1,4278.6,4279.77,1.2649712879409352,0.4719101123595918,14,2025-12-16 14:00:00,-1.0,3
18661,1,4303.14,4299.6,1.0147299509001637,0.874074074074096,20,2025-12-16 20:10:00,-1.0,1
18663,1,4303.32,4298.18,1.066950959488273,1.2330363262507815,20,2025-12-16 20:20:00,-1.0,2
18666,-1,4307.26,4310.94,1.0875,0.8331177231564278,20,2025-12-16 20:35:00,-1.0,2
18667,-1,4308.91,4310.27,0.9026785714285714,0.32491467576807026,20,2025-12-16 20:40:00,-1.0,1
18671,-1,4305.72,4311.67,0.9661093538183462,1.3538111490330162,21,2025-12-16 21:00:00,-1.0,1
18676,1,4305.45,4296.78,1.4972067039106145,1.9334182860784208,21,2025-12-16 21:25:00,0.8109429144629114,4
18680,-1,4313.5,4315.29,0.9157175398633257,0.40205358575325284,21,2025-12-16 21:45:00,2.0,1
18681,-1,4313.41,4315.97,0.8697674418604651,0.5769478428848474,21,2025-12-16 21:50:00,2.0,0
18684,-1,4312.39,4314.52,0.6214421252371917,0.4734084775361564,22,2025-12-16 22:05:00,2.0,0
18685,-1,4312.17,4313.71,0.6878306878306878,0.3635750421585175,22,2025-12-16 22:10:00,2.0,0
18754,1,4314.39,4311.27,0.9024495058014611,0.7791651801641023,4,2025-12-17 04:55:00,2.0,1
18808,1,4323.12,4320.25,0.8929845422116528,0.8063415613084045,9,2025-12-17 09:25:00,-1.0,1
18839,1,4317.37,4316.16,0.6730065837600585,0.41499265066142815,12,2025-12-17 12:00:00,2.0,0
18840,1,4317.81,4316.57,0.8861538461538462,0.4272704897860904,12,2025-12-17 12:05:00,2.0,1
18841,1,4319.54,4316.63,0.8453947368421053,1.0508124838791744,12,2025-12-17 12:10:00,-1.0,0
18848,1,4316.92,4313.32,1.1829268292682926,1.0421836228288965,12,2025-12-17 12:45:00,2.0,3
18850,1,4317.71,4315.88,0.595968448729185,0.5427966101694826,12,2025-12-17 12:55:00,-1.0,0
18865,1,4316.68,4315.01,0.9061913696060038,0.7010494752623726,14,2025-12-17 14:10:00,2.0,1
18869,-1,4319.26,4322.42,0.803088803088803,1.2094040459266826,14,2025-12-17 14:30:00,-1.0,0
18877,-1,4323.12,4328.02,2.0411522633744856,1.5715922107676568,15,2025-12-17 15:10:00,-1.0,4
18906,-1,4334.53,4348.58,1.1101449275362318,1.5874424985877302,17,2025-12-17 17:35:00,-0.2779369942133377,2
18916,1,4326.72,4319.57,0.84740910392213,0.8414593140552279,18,2025-12-17 18:25:00,2.0,0
18928,-1,4337.2,4339.98,0.9278557114228457,0.5129827336232629,19,2025-12-17 19:25:00,-1.0,1
18933,-1,4337.13,4340.92,0.9571843251088534,0.8257080610021795,19,2025-12-17 19:50:00,-1.0,1
18946,1,4336.16,4332.2,0.8549019607843137,0.8754144954997722,20,2025-12-17 20:55:00,-1.0,0
18947,1,4336.52,4333.23,0.851764705882353,0.7483346872463377,21,2025-12-17 21:00:00,-1.0,0
18948,1,4336.97,4335.29,0.6653558788832088,0.4019138755981528,21,2025-12-17 21:05:00,-1.0,0
18962,-1,4339.93,4342.45,0.8148591971240263,0.7919191919190077,22,2025-12-17 22:15:00,-1.0,0
18965,-1,4341.0,4342.88,1.2148058252427185,0.5693272766601933,22,2025-12-17 22:30:00,-1.0,3
18975,-1,4344.99,4346.17,0.46594525779758117,0.39211962971764514,23,2025-12-17 23:20:00,2.0,0
19047,1,4332.03,4329.44,0.7421052631578947,1.211493484797918,6,2025-12-18 06:20:00,-1.0,0
19049,1,4331.09,4329.17,0.9504132231404959,0.9915160457395958,6,2025-12-18 06:30:00,2.0,1
19052,1,4330.94,4329.32,1.1622587562544675,0.8250272826481594,6,2025-12-18 06:45:00,2.0,2
19058,-1,4336.71,4337.52,0.8840927258193445,0.36276391554719106,7,2025-12-18 07:15:00,2.0,1
19060,-1,4335.85,4336.82,0.8536796536796537,0.44335618674470717,7,2025-12-18 07:25:00,2.0,0
19061,-1,4335.12,4337.1,1.7892857142857144,0.9118421052633594,7,2025-12-18 07:30:00,2.0,4
19081,1,4330.89,4330.07,0.7762962962962963,0.3586379256484928,9,2025-12-18 09:10:00,2.0,0
19082,1,4332.95,4330.49,0.7336834208552138,1.1056179775280546,9,2025-12-18 09:15:00,-1.0,0
19085,-1,4335.58,4337.78,1.2553516819571866,0.8777429467083877,9,2025-12-18 09:30:00,2.0,3
19102,1,4326.58,4321.44,1.497789566755084,1.607326334599018,10,2025-12-18 10:55:00,-1.0,4
19105,1,4326.49,4324.75,1.0238957277335263,0.5629766581926314,11,2025-12-18 11:10:00,-1.0,2
19111,1,4324.42,4321.1,1.2603719599427754,1.1872286079181424,11,2025-12-18 11:40:00,-1.0,3
19114,1,4323.43,4320.81,1.111587982832618,0.9248613212304237,11,2025-12-18 11:55:00,-1.0,2
19124,-1,4324.93,4327.61,0.9890625,1.0993261060649053,12,2025-12-18 12:45:00,-1.0,1
19132,-1,4325.71,4326.47,0.7974910394265233,0.36639118457315434,13,2025-12-18 13:25:00,-1.0,0
19140,1,4323.99,4321.73,1.481789802289282,1.2446892210860094,14,2025-12-18 14:05:00,-1.0,4
19146,1,4323.23,4319.69,1.503461918892186,1.5905006418485612,14,2025-12-18 14:35:00,-1.0,4
19147,1,4322.72,4321.85,1.2462908011869436,0.38864071474151635,14,2025-12-18 14:40:00,-1.0,3
19152,1,4318.46,4314.49,2.550802139037433,1.3767649244489402,15,2025-12-18 15:05:00,2.0,4
19154,1,4322.77,4315.97,1.9679743795036029,2.1553090332805613,15,2025-12-18 15:15:00,2.0,4
19172,1,4314.6,4308.86,1.4437086092715232,0.8140194489466114,16,2025-12-18 16:45:00,2.0,4
19173,1,4323.52,4314.22,1.3079321094561829,1.2521638776688013,16,2025-12-18 16:50:00,2.0,3
19235,1,4332.14,4324.52,1.1729518855656698,1.619307832422516,22,2025-12-18 22:00:00,-1.0,3
19236,-1,4333.37,4335.99,0.9778933680104032,0.5665739882606977,22,2025-12-18 22:05:00,-1.0,1
19242,-1,4335.98,4337.29,0.9247311827956989,0.32057332634165153,22,2025-12-18 22:35:00,-1.0,1
19270,-1,4335.26,4336.74,1.0448275862068965,0.7614847482540926,1,2025-12-19 01:55:00,2.0,2
19331,-1,4321.23,4323.95,1.133261105092091,1.3600000000001715,7,2025-12-19 07:00:00,-1.0,2
19367,1,4322.08,4321.08,1.1850809289232935,0.3817834742296147,10,2025-12-19 10:00:00,2.0,3
19368,1,4323.75,4321.68,0.8233638282899367,0.7564604541894103,10,2025-12-19 10:05:00,2.0,0
19369,1,4322.85,4321.52,0.8828956706884316,0.49181193872158324,10,2025-12-19 10:10:00,2.0,1
19375,-1,4327.99,4331.02,1.4405144694533762,1.0660970092990258,10,2025-12-19 10:40:00,-1.0,4
19388,-1,4330.05,4333.64,1.4567474048442905,1.5725907384231357,11,2025-12-19 11:45:00,2.0,4
19392,-1,4330.51,4331.78,1.1037974683544305,0.5571921027888894,12,2025-12-19 12:05:00,2.0,2
19397,1,4326.0,4322.29,1.3616666666666666,1.3297491039426208,12,2025-12-19 12:30:00,-1.0,3
19398,1,4325.39,4323.75,1.165,0.5795053003534476,12,2025-12-19 12:35:00,-1.0,2
19417,1,4324.15,4320.68,1.298541826554106,1.4428274428270893,14,2025-12-19 14:10:00,2.0,3
19435,-1,4329.49,4333.36,1.2310305775764439,0.9485294117647112,15,2025-12-19 15:40:00,-1.0,3
19437,-1,4328.7,4332.56,0.9429020429544264,0.9056477291772902,15,2025-12-19 15:50:00,-1.0,1
19448,-1,4327.11,4335.09,1.6883468834688347,1.4711614432447617,16,2025-12-19 16:45:00,-1.0,4
19449,1,4330.07,4324.24,1.401671799384074,1.0408059168579304,16,2025-12-19 16:50:00,2.0,3
19465,-1,4343.09,4349.36,0.9509993552546744,1.1910447761193161,18,2025-12-19 18:10:00,-1.0,1
19466,-1,4344.95,4347.44,0.9364767518009168,0.4854477092326583,18,2025-12-19 18:15:00,-1.0,1
19486,-1,4353.49,4355.92,0.9353574926542605,0.6155237922924416,19,2025-12-19 19:55:00,2.0,1
19489,-1,4353.7,4354.78,0.7477567298105683,0.3019772318753504,20,2025-12-19 20:10:00,-1.0,0
19492,-1,4354.42,4356.62,1.1281265952016335,0.7310704960834727,20,2025-12-19 20:25:00,2.0,2
19512,1,4343.48,4342.53,1.0415617128463477,0.4089790897908027,22,2025-12-19 22:05:00,-1.0,2
19515,1,4344.95,4341.48,0.9736334405144694,1.5035592695759898,22,2025-12-19 22:20:00,-1.0,1
19533,1,4337.95,4336.31,0.22013170272812793,0.9060773480660367,23,2025-12-19 23:50:00,2.0,0
19541,-1,4348.4,4350.26,1.3642756680731365,0.771555555555797,1,2025-12-22 01:30:00,-1.0,3
19560,-1,4365.55,4370.8,2.1448140900195694,1.2338425381903702,3,2025-12-22 03:05:00,-1.0,4
19561,-1,4364.57,4370.82,2.11386593204775,1.4668901927912916,3,2025-12-22 03:10:00,-1.0,4
19577,-1,4382.14,4385.76,1.1146838156484458,0.8781840235660932,4,2025-12-22 04:30:00,-1.0,2
19580,-1,4383.79,4385.2,0.8606645230439443,0.3848703450964638,4,2025-12-22 04:45:00,-1.0,0
19665,-1,4413.23,4414.31,0.6981677917068466,0.47205744614460926,11,2025-12-22 11:50:00,-1.0,0
19666,-1,4411.12,4414.86,0.9274447949526814,1.557406305770331,11,2025-12-22 11:55:00,-1.0,1
19671,-1,4412.4,4414.19,0.8473372781065088,0.8558743169398542,12,2025-12-22 12:20:00,2.0,0
19676,1,4411.11,4408.89,0.7781818181818182,0.965217391304014,12,2025-12-22 12:45:00,-1.0,0
19677,1,4411.37,4410.24,0.8414634146341463,0.4951486697965795,12,2025-12-22 12:50:00,-1.0,0
19679,1,4408.41,4406.17,1.6259541984732824,0.8921763869130821,13,2025-12-22 13:00:00,2.0,4
19692,-1,4408.04,4413.25,1.5972495088408645,2.2596034696407417,14,2025-12-22 14:05:00,-1.0,4
19694,-1,4409.98,4412.35,1.4115421002838222,0.9203883495149158,14,2025-12-22 14:15:00,-1.0,3
19720,-1,4426.3,4428.92,1.0132939438700148,0.576095492382565,16,2025-12-22 16:25:00,2.0,1
19724,-1,4426.64,4429.15,1.4575011611704598,0.46073161138049745,16,2025-12-22 16:45:00,2.0,4
19725,-1,4426.5,4428.7,1.3032977241058987,0.3955818135114043,16,2025-12-22 16:50:00,2.0,3
19726,-1,4419.25,4427.81,1.4547143520668835,1.4364137600384332,16,2025-12-22 16:55:00,-1.0,4
19729,1,4416.1,4413.96,1.512308406874129,0.34111351474444856,17,2025-12-22 17:10:00,-1.0,4
19730,1,4416.91,4412.03,1.4110543427775197,0.7392339320493632,17,2025-12-22 17:15:00,2.0,3
19731,1,4416.62,4414.39,1.0260104041616647,0.3300909283145931,17,2025-12-22 17:20:00,2.0,2
19773,1,4434.55,4429.68,1.0924252953439888,1.7304568527918953,20,2025-12-22 20:50:00,-1.0,2
19776,1,4432.17,4429.77,1.148471615720524,0.7990487514862185,21,2025-12-22 21:05:00,-1.0,2
19778,1,4429.84,4428.93,1.098068350668648,0.3010396975424935,21,2025-12-22 21:15:00,2.0,2
19791,-1,4433.16,4435.22,1.0932420872540634,0.9903846153848425,22,2025-12-22 22:20:00,-1.0,2
19793,-1,4433.09,4434.21,1.1654804270462633,0.5353362922498798,22,2025-12-22 22:30:00,-1.0,2
19847,-1,4484.32,4487.17,1.124869927159209,0.4611117531492522,4,2025-12-23 04:00:00,-1.0,2
19848,-1,4485.72,4488.83,1.0324803149606299,0.47819879187254616,4,2025-12-23 04:05:00,-1.0,2
19849,-1,4485.35,4487.32,0.8663772310660878,0.3287246722287325,4,2025-12-23 04:10:00,-1.0,0
19856,-1,4490.11,4496.33,0.9557692307692308,1.3012552301255749,4,2025-12-23 04:45:00,2.0,1
19883,1,4482.62,4481.55,0.9202453987730062,0.40629237862754125,7,2025-12-23 07:00:00,-1.0,1
19890,1,4484.27,4481.93,1.5169491525423728,0.7171628721541842,7,2025-12-23 07:35:00,-1.0,4
19895,1,4477.76,4472.99,1.317161916312917,1.291183294663662,8,2025-12-23 08:00:00,-1.0,3
19911,-1,4484.77,4485.96,0.7967945048654836,0.3905297702764674,9,2025-12-23 09:20:00,-1.0,0
19913,-1,4484.93,4486.5,0.63877430760165,0.5971203477314775,9,2025-12-23 09:30:00,-1.0,0
19915,-1,4484.15,4486.83,0.6854460093896714,1.0769230769231892,9,2025-12-23 09:40:00,-1.0,0
19924,-1,4487.26,4490.62,1.0971830985915494,1.3378839590442784,10,2025-12-23 10:25:00,-1.0,2
19931,-1,4487.69,4491.24,1.204638472032742,1.2591841905245054,11,2025-12-23 11:00:00,2.0,3
19941,1,4480.7,4478.22,1.0383322125084062,0.7620719929761237,11,2025-12-23 11:50:00,2.0,2
19969,-1,4486.05,4487.8,1.36558287073751,0.7026096931459364,14,2025-12-23 14:10:00,-1.0,3
19983,-1,4490.56,4495.69,1.5532307692307692,1.560625814862968,15,2025-12-23 15:20:00,2.0,4
20041,-1,4477.7,4481.04,1.0333827893175074,0.7434022257552035,20,2025-12-23 20:10:00,-1.0,2
20075,-1,4492.4,4498.83,1.208617971623752,2.024741340530987,23,2025-12-23 23:00:00,-1.0,3
20082,1,4490.2,4488.37,0.9056603773584906,0.6559139784945909,23,2025-12-23 23:35:00,-1.0,1
20088,1,4492.86,4487.96,0.6615811373092927,1.8038390744147275,1,2025-12-24 01:05:00,2.0,0
20125,1,4511.7,4506.81,1.028657616892911,0.8459162238971009,4,2025-12-24 04:10:00,-1.0,2
20126,1,4510.75,4505.85,0.8633839318770825,0.8765652951698889,4,2025-12-24 04:15:00,-1.0,0
20129,1,4506.98,4504.83,1.0003702332469455,0.446653806202635,4,2025-12-24 04:30:00,-1.0,1
20130,1,4508.9,4505.58,0.9119705340699816,0.7029643073199734,4,2025-12-24 04:35:00,-1.0,1
20157,-1,4497.37,4499.56,0.8015828151498021,0.8282009724475493,6,2025-12-24 06:50:00,-1.0,0
20159,-1,4494.44,4500.53,1.3810679611650485,2.0329041487841333,7,2025-12-24 07:00:00,2.0,3
20162,1,4492.59,4489.62,1.0339805825242718,0.8212522220028485,7,2025-12-24 07:15:00,-1.0,2
20174,1,4489.04,4485.06,1.1830161054172768,0.9178059627737141,8,2025-12-24 08:15:00,-1.0,3
20178,-1,4496.12,4497.83,0.9519145146927872,0.36305732484076425,8,2025-12-24 08:35:00,2.0,1
20192,1,4487.51,4483.97,0.9955334987593052,1.1830985915493,9,2025-12-24 09:45:00,-1.0,1
20196,1,4486.61,4480.96,1.1896722939424031,1.5807354116705916,10,2025-12-24 10:05:00,2.0,3
20197,1,4485.23,4482.74,1.1648460774577953,0.6848722986247116,10,2025-12-24 10:10:00,2.0,2
20198,1,4485.38,4483.17,0.9522872602065913,0.606904668497476,10,2025-12-24 10:15:00,2.0,1
20199,1,4488.84,4484.59,1.1678252234359483,1.1422537915147228,10,2025-12-24 10:20:00,-1.0,2
20210,-1,4489.87,4493.34,1.048169556840077,0.8037723362012557,11,2025-12-24 11:15:00,-1.0,2
20221,-1,4490.54,4497.67,0.748729531338227,1.7758405977584608,12,2025-12-24 12:10:00,0.6393115106807857,0
20257,1,4485.38,4480.93,1.772259236826166,1.2234878240376983,15,2025-12-24 15:10:00,-1.0,4
20262,1,4484.53,4479.79,1.2949260042283297,0.9727352682497317,15,2025-12-24 15:35:00,-1.0,3
20275,1,4481.22,4469.07,1.4754364596021112,2.136129599397305,16,2025-12-24 16:40:00,-1.0,4
20281,1,4474.8,4469.35,1.167681688997158,0.6660265363128299,17,2025-12-24 17:10:00,-1.0,2
20286,1,4461.4,4457.12,1.0248756218905473,0.42343297293474363,17,2025-12-24 17:35:00,-1.0,2
20291,1,4468.16,4456.06,0.9393124065769806,1.3880694854145457,18,2025-12-24 18:00:00,2.0,1
20339,-1,4503.4,4505.68,1.0868794326241136,0.4208305866843742,2,2025-12-26 02:10:00,-1.0,2
20340,-1,4502.84,4505.48,1.0680447889750215,0.5235127478752563,2,2025-12-26 02:15:00,-1.0,2
20343,-1,4504.8,4508.1,1.1891891891891893,0.7300884955752749,2,2025-12-26 02:30:00,-1.0,3
20367,1,4497.93,4492.33,1.210589651022864,0.8470181503890133,4,2025-12-26 04:30:00,2.0,3
20368,1,4499.23,4496.7,0.9148529973272241,0.40806451612900313,4,2025-12-26 04:35:00,2.0,1
20369,1,4499.3,4497.42,0.771286750668194,0.30863039399627634,4,2025-12-26 04:40:00,2.0,0
20377,-1,4509.13,4512.4,0.7789839339991316,0.7037663335894723,5,2025-12-26 05:20:00,2.0,0
20403,-1,4510.81,4514.13,1.8972449739389428,0.9665211062590464,7,2025-12-26 07:30:00,-1.0,4
20404,-1,4510.89,4514.89,1.489485134155185,1.1449601308526112,7,2025-12-26 07:35:00,-1.0,4
20406,-1,4511.31,4513.66,1.7824510514865846,0.7136659436007103,7,2025-12-26 07:45:00,-1.0,4
20408,-1,4510.02,4512.5,1.3647570703408267,0.7758659217875729,7,2025-12-26 07:55:00,-1.0,3
20419,-1,4510.07,4515.41,1.5040816326530613,1.5869242199108706,8,2025-12-26 08:50:00,-1.0,4
20420,1,4511.83,4508.04,1.1519364448857994,1.0743065397853444,8,2025-12-26 08:55:00,-1.0,2
20430,1,4508.56,4507.14,0.8523002421307506,0.4368270709734415,9,2025-12-26 09:45:00,2.0,0
20431,1,4508.98,4507.53,0.9176755447941889,0.44891640866868987,9,2025-12-26 09:50:00,2.0,1
20437,-1,4515.65,4517.45,0.7276341948310139,0.5855018587361315,10,2025-12-26 10:20:00,-1.0,0
20438,-1,4515.18,4517.05,0.7251542152159013,0.6085541608553873,10,2025-12-26 10:25:00,-1.0,0
20439,-1,4514.63,4517.3,0.9921930447125621,0.8630801200646657,10,2025-12-26 10:30:00,-1.0,1
20443,-1,4515.41,4517.3,1.4277242401779096,0.6926701570682027,10,2025-12-26 10:50:00,-1.0,4
20455,1,4513.74,4512.24,1.0488815244407623,0.5583621377293186,11,2025-12-26 11:50:00,2.0,2
20457,1,4514.72,4512.22,0.8497925311203319,0.9469696969696727,12,2025-12-26 12:00:00,2.0,0
20464,-1,4518.06,4520.82,1.7098865478119936,0.9053420805996183,12,2025-12-26 12:35:00,2.0,4
20467,1,4512.17,4511.1,1.1245954692556634,0.33983666061698203,12,2025-12-26 12:50:00,-1.0,2
20468,1,4514.58,4511.79,0.9795597484276729,0.8577075098814467,12,2025-12-26 12:55:00,-1.0,1
20494,-1,4513.48,4514.93,1.486404833836858,0.4007106198185922,15,2025-12-26 15:05:00,-1.0,4
20512,-1,4525.22,4531.7,1.445398773006135,1.178947368420976,16,2025-12-26 16:35:00,-1.0,4
20514,1,4517.67,4514.17,1.4965433102887353,0.5806375162933974,16,2025-12-26 16:45:00,-1.0,4
20515,1,4516.6,4512.47,1.255663430420712,0.6801552758499163,16,2025-12-26 16:50:00,2.0,3
20539,1,4537.03,4531.33,1.0371944739638683,0.9516994633273566,18,2025-12-26 18:50:00,-1.0,2
20580,-1,4529.39,4536.09,1.1026392961876832,1.5129032258064103,22,2025-12-26 22:15:00,-1.0,2
20596,-1,4532.36,4534.64,0.6340232205956587,0.6199261992621733,23,2025-12-26 23:35:00,-1.0,0
20598,-1,4531.81,4533.91,0.508421052631579,0.5981688708035001,23,2025-12-26 23:45:00,-1.0,0
20614,1,4523.53,4519.55,1.3883040935672515,0.47244361539761326,2,2025-12-29 02:05:00,-1.0,3
20650,-1,4517.2,4518.9,1.1621501554864504,0.32006455083374485,5,2025-12-29 05:05:00,-1.0,2
20651,-1,4515.4,4518.24,1.1488227454464683,0.6132017273288395,5,2025-12-29 05:10:00,-1.0,2
20653,-1,4516.33,4517.81,1.2257479601087942,0.3303571428572423,5,2025-12-29 05:20:00,-1.0,3
20654,-1,4512.86,4518.12,1.2747053490480507,1.1239316239316632,5,2025-12-29 05:25:00,-1.0,3
20656,-1,4516.11,4520.37,0.769927536231884,0.9002264150943733,5,2025-12-29 05:35:00,2.0,0
20714,-1,4479.85,4484.42,0.7021081576535289,0.6414678163224106,10,2025-12-29 10:25:00,2.0,0
20723,1,4467.59,4461.3,1.0285196921684019,0.797717184527577,11,2025-12-29 11:10:00,-1.0,2
20739,1,4461.58,4457.22,1.4206349206349207,0.8909648226535456,12,2025-12-29 12:30:00,-1.0,3
20740,1,4462.82,4459.04,0.95578231292517,0.7831878052389515,12,2025-12-29 12:35:00,-1.0,1
20742,1,4462.56,4458.67,0.9513196480938416,0.8162470023981472,12,2025-12-29 12:45:00,-1.0,1
20743,1,4460.35,4458.67,0.8328340323547034,0.39298245614042254,12,2025-12-29 12:50:00,-1.0,0
20745,1,4459.66,4456.97,0.9587878787878787,0.6352901484479708,13,2025-12-29 13:00:00,2.0,1
20746,1,4459.91,4456.0,1.0954407294832826,0.9004770521467286,13,2025-12-29 13:05:00,-1.0,2
20816,-1,4341.75,4347.59,0.8960363872644574,0.6656354310836236,18,2025-12-29 18:55:00,2.0,1
20817,-1,4339.84,4343.1,0.9583608724388631,0.37866091429521664,19,2025-12-29 19:00:00,2.0,1
20844,-1,4333.66,4336.64,0.8776978417266187,0.5731556532491496,21,2025-12-29 21:15:00,-1.0,1
20845,-1,4330.32,4334.89,0.6526891522333638,0.90803292648321,21,2025-12-29 21:20:00,-1.0,0
20848,-1,4333.29,4335.89,0.7914209115281501,0.5935105168759833,21,2025-12-29 21:35:00,-1.0,0
20860,1,4330.0,4325.92,1.5573874445149016,0.8309572301425651,22,2025-12-29 22:35:00,2.0,4
20880,-1,4329.97,4341.03,2.101141924959217,2.127799917548356,1,2025-12-30 01:15:00,-1.0,4
20881,1,4333.0,4326.27,1.2088091353996737,1.2376198607644147,1,2025-12-30 01:20:00,2.0,3
20893,-1,4345.0,4349.76,1.0323624595469256,0.7923900118906394,2,2025-12-30 02:20:00,2.0,2
20896,-1,4342.88,4348.08,1.1695178849144634,1.0401485926560337,2,2025-12-30 02:35:00,2.0,2
20925,-1,4361.37,4365.27,0.8348700754400671,0.8096085409253959,5,2025-12-30 05:00:00,-1.0,0
20926,-1,4357.92,4363.91,0.8705982180738226,1.1956087824350963,5,2025-12-30 05:05:00,-1.0,0
20945,-1,4366.85,4369.68,0.7692307692307693,0.8698133918769976,6,2025-12-30 06:40:00,2.0,0
20983,-1,4374.47,4383.27,0.8830384117393181,1.590087764584451,9,2025-12-30 09:50:00,2.0,1
20994,1,4359.55,4354.51,0.9353876739562624,0.7812223206377137,10,2025-12-30 10:45:00,2.0,1
20995,1,4363.24,4358.77,1.0653061224489795,0.687239182956182,10,2025-12-30 10:50:00,2.0,2
21034,-1,4388.62,4390.65,0.9117305458768873,0.6231089673316642,14,2025-12-30 14:05:00,-1.0,1
21051,1,4384.37,4376.82,1.4257735996866432,1.2351016592662145,15,2025-12-30 15:30:00,-1.0,4
21055,1,4387.36,4379.25,1.0698884758364313,1.205819881053479,15,2025-12-30 15:50:00,-1.0,2
21064,1,4377.13,4373.2,1.2862689728203318,0.5045392022008619,16,2025-12-30 16:35:00,-1.0,3
21083,1,4358.53,4354.65,0.982256020278834,0.5015697137581053,18,2025-12-30 18:10:00,2.0,1
21113,1,4366.1,4362.66,0.7167175905718027,0.6980721843746526,20,2025-12-30 20:40:00,-1.0,0
21114,1,4367.01,4363.32,0.8321554770318021,0.7573669549920307,20,2025-12-30 20:45:00,-1.0,0
21116,1,4364.83,4363.51,0.619197836863452,0.30449826989612405,20,2025-12-30 20:55:00,-1.0,0
21117,1,4367.62,4363.75,0.5508196721311476,0.9063231850116742,21,2025-12-30 21:00:00,-1.0,0
21124,1,4362.79,4360.02,0.8214084507042253,0.802068252326671,21,2025-12-30 21:35:00,-1.0,0
21125,1,4362.95,4360.94,0.8754929577464788,0.6069887834340769,21,2025-12-30 21:40:00,-1.0,0
21151,1,4338.22,4336.83,0.8982540638169777,0.3343068201340865,23,2025-12-30 23:50:00,-1.0,1
21152,1,4338.73,4334.57,0.7071380920613742,1.0295209474986764,23,2025-12-30 23:55:00,-1.0,0
21160,1,4340.47,4328.73,1.641732283464567,2.0537298513058646,1,2025-12-31 01:35:00,2.0,4
21163,1,4337.3,4333.36,1.3169291338582678,0.6246178235761104,1,2025-12-31 01:50:00,2.0,3
21173,-1,4343.02,4346.76,1.479427549194991,0.686148604376832,2,2025-12-31 02:40:00,-1.0,4
21222,1,4343.95,4341.32,0.7698924731182796,0.6779598600626381,6,2025-12-31 06:45:00,-1.0,0
21282,-1,4331.85,4337.28,1.123419626730885,0.8585949853172732,11,2025-12-31 11:45:00,2.0,2
21307,-1,4311.98,4316.3,1.234398782343988,0.8977289594776665,13,2025-12-31 13:50:00,-1.0,3
21314,1,4306.97,4303.23,1.4646464646464648,0.8825214899714974,14,2025-12-31 14:25:00,2.0,4
21318,-1,4314.17,4317.63,0.8247834776815456,0.7506586083991839,14,2025-12-31 14:45:00,-1.0,0
21321,-1,4313.19,4316.99,1.0558694287507846,0.8448467524218007,15,2025-12-31 15:00:00,-1.0,2
21340,-1,4336.89,4348.72,1.593978494623656,1.6427296171394363,16,2025-12-31 16:35:00,-1.0,4
21342,-1,4346.18,4350.18,1.390499194847021,0.5107159142726833,16,2025-12-31 16:45:00,-1.0,3
21344,-1,4346.08,4353.36,1.1504702194357366,0.9444032616752734,16,2025-12-31 16:55:00,2.0,2
21358,1,4329.57,4325.12,0.8568568568568569,0.6376663254861514,18,2025-12-31 18:05:00,-1.0,0
21360,1,4329.36,4322.1,1.0287065180682202,1.0598540145984332,18,2025-12-31 18:15:00,-1.0,2
21361,1,4328.83,4325.81,0.8260722728807836,0.45248287671225546,18,2025-12-31 18:20:00,-1.0,0
21376,-1,4326.94,4329.71,0.9455252918287937,0.604520654715592,19,2025-12-31 19:35:00,-1.0,1
21384,-1,4328.17,4331.5,0.9354497354497354,0.8018575851393219,20,2025-12-31 20:15:00,2.0,1
21392,1,4319.76,4317.06,0.7015873015873015,0.5387685290763686,20,2025-12-31 20:55:00,-1.0,0
21397,1,4319.37,4317.08,0.7299834345665378,0.4943716268311451,21,2025-12-31 21:20:00,-1.0,0
21408,1,4318.28,4313.84,0.8901667625071881,1.0069658188886401,22,2025-12-31 22:15:00,-1.0,1
21450,-1,4351.91,4353.28,1.3690596562184025,0.3015249174657848,2,2026-01-02 02:45:00,-1.0,3
21453,-1,4348.03,4356.03,1.6209150326797386,1.7453638772012319,3,2026-01-02 03:00:00,-1.0,4
21500,1,4373.21,4371.29,0.7432239657631954,0.6878198567042079,6,2026-01-02 06:55:00,2.0,0
21503,-1,4377.74,4380.15,1.1484257871064467,0.8241328773814739,7,2026-01-02 07:10:00,-1.0,2
21504,-1,4376.96,4378.99,1.2008995502248876,0.6960568209648751,7,2026-01-02 07:15:00,-1.0,3
21505,-1,4378.27,4380.14,1.206896551724138,0.6103986943342904,7,2026-01-02 07:20:00,-1.0,3
21513,-1,4377.44,4380.99,0.9680284191829485,1.292587776332972,8,2026-01-02 08:00:00,-1.0,1
21522,1,4375.81,4373.37,0.9449781659388646,0.8516579406633803,8,2026-01-02 08:45:00,-1.0,1
21524,1,4374.77,4373.43,1.2338858195211786,0.44955667385579284,8,2026-01-02 08:55:00,-1.0,3
21527,1,4377.3,4372.39,1.5414364640883977,1.6072013093289048,9,2026-01-02 09:10:00,2.0,4
21530,1,4373.84,4372.54,1.0078602620087336,0.437921077959624,9,2026-01-02 09:25:00,2.0,1
21531,1,4378.96,4372.27,1.4271012006861064,2.0220207253884532,9,2026-01-02 09:30:00,2.0,4
21571,-1,4396.98,4398.58,1.2223161453930684,0.48685068463387404,12,2026-01-02 12:50:00,2.0,3
21572,-1,4396.18,4398.53,1.2696534234995773,0.7246696035240521,12,2026-01-02 12:55:00,2.0,3
21574,-1,4395.65,4397.55,0.904480135249366,0.6109324758844203,13,2026-01-02 13:05:00,-1.0,1
21578,-1,4394.44,4399.31,1.029053420805998,1.5047450893844156,13,2026-01-02 13:25:00,-1.0,2
21596,1,4394.45,4390.05,1.074015748031496,1.2354592860006406,14,2026-01-02 14:55:00,-1.0,2
21601,-1,4381.56,4399.14,2.23935389133627,3.562825709322467,15,2026-01-02 15:20:00,2.0,4
21618,1,4361.7,4353.93,1.3964497041420119,1.1114744048226473,16,2026-01-02 16:45:00,-1.0,3
21660,1,4318.52,4310.39,1.001124016485575,1.7355901189387501,20,2026-01-02 20:15:00,2.0,1
21664,1,4315.64,4312.09,0.9034197670048854,0.7550896384078416,20,2026-01-02 20:35:00,-1.0,1
21667,1,4315.14,4312.13,0.9298952457695407,0.6498072474942791,20,2026-01-02 20:50:00,2.0,1
21716,-1,4372.55,4375.87,1.2066115702479339,0.3784399934863762,1,2026-01-05 01:55:00,-1.0,3
21717,-1,4370.67,4375.09,1.2462391132224862,0.49694828140059194,2,2026-01-05 02:00:00,-1.0,3
21747,-1,4402.7,4406.86,1.021954674220963,0.5669230020441761,4,2026-01-05 04:30:00,-1.0,2
21752,-1,4405.52,4409.67,0.8898426323319027,0.6832079021636207,4,2026-01-05 04:55:00,-1.0,1
21783,-1,4409.61,4414.5,1.8587619877942458,1.7309734513275812,7,2026-01-05 07:30:00,-1.0,4
21786,1,4405.94,4401.07,2.083696599825632,1.2930020860989766,7,2026-01-05 07:45:00,2.0,4
21789,-1,4413.88,4416.49,2.115,0.6233367451381108,8,2026-01-05 08:00:00,-1.0,4
21819,-1,4425.1,4427.34,1.1285892634207242,0.632130618826792,10,2026-01-05 10:30:00,-1.0,2
21830,-1,4432.69,4434.52,0.8812121212121212,0.5843978102192554,11,2026-01-05 11:25:00,-1.0,1
21837,-1,4432.11,4435.27,0.8845921450151057,0.9886033519555462,12,2026-01-05 12:00:00,-1.0,1
21844,-1,4435.99,4438.87,1.0308196721311476,0.9074949358541625,12,2026-01-05 12:35:00,-1.0,2
21848,-1,4436.29,4438.45,1.3861517976031958,0.7274476786143256,12,2026-01-05 12:55:00,2.0,3
21850,1,4431.48,4430.16,1.4281967213114755,0.40857837718319107,13,2026-01-05 13:05:00,-1.0,4
21851,1,4433.35,4430.76,1.0824742268041236,0.821105072463817,13,2026-01-05 13:10:00,-1.0,2
21873,1,4415.37,4407.64,1.6100872938894277,1.8066777963270662,15,2026-01-05 15:00:00,-1.0,4
21877,1,4405.92,4402.47,1.4742750233863424,0.6073943661971617,15,2026-01-05 15:20:00,-1.0,4
21879,1,4408.96,4396.18,1.5571753986332575,1.8428262436914153,15,2026-01-05 15:30:00,2.0,4
21920,-1,4441.7,4452.57,1.1710473109583501,1.966403928155995,18,2026-01-05 18:55:00,-0.26444739181762333,3
21922,1,4439.45,4432.39,1.1152446421350586,1.1706739310670424,19,2026-01-05 19:05:00,0.9302403134706034,2
21945,-1,4448.13,4449.25,1.1719260065288357,0.30601092896171467,21,2026-01-05 21:00:00,2.0,3
21947,1,4439.91,4435.03,1.3329918032786885,1.0630154037653814,21,2026-01-05 21:10:00,2.0,3
21948,1,4439.94,4437.86,1.0706967213114753,0.4571428571428359,21,2026-01-05 21:15:00,2.0,2
21949,1,4441.13,4439.39,0.9289340101522843,0.38574821852726976,21,2026-01-05 21:20:00,2.0,1
21966,1,4440.67,4438.17,0.8103448275862069,0.6923837784372009,22,2026-01-05 22:45:00,2.0,0
21969,-1,4446.42,4447.63,0.7467569091934574,0.32125924521146687,23,2026-01-05 23:00:00,-1.0,0
21972,-1,4443.91,4447.19,0.38118214716525933,0.9570654439349073,23,2026-01-05 23:15:00,-1.0,0
21976,-1,4446.27,4447.87,0.24849215922798554,0.5351170568559973,23,2026-01-05 23:35:00,-1.0,0
21977,-1,4445.85,4447.06,0.2816166883963494,0.43480492813141935,23,2026-01-05 23:40:00,-1.0,0
21987,-1,4441.4,4450.39,2.1511627906976742,2.317010309278502,1,2026-01-06 01:30:00,-1.0,4
21992,1,4440.68,4436.47,1.5174418604651163,0.920793625995956,1,2026-01-06 01:55:00,-1.0,4
21993,1,4440.27,4436.71,2.0585885486018642,0.7362978283351539,2,2026-01-06 02:00:00,-1.0,4
21994,1,4438.97,4436.78,1.4348958333333333,0.4282721050427133,2,2026-01-06 02:05:00,-1.0,4
21995,1,4440.44,4437.84,1.1333333333333333,0.5347436462464152,2,2026-01-06 02:10:00,-1.0,2
22001,1,4436.58,4430.43,1.89433237271854,1.4717948717948535,2,2026-01-06 02:40:00,-1.0,4
22007,1,4441.81,4436.32,1.7446808510638299,1.1158536585367387,3,2026-01-06 03:10:00,-1.0,4
22043,-1,4465.69,4468.53,0.7812316715542522,0.8397043294615261,6,2026-01-06 06:10:00,-1.0,0
22052,-1,4467.46,4468.59,0.8238805970149253,0.4679089026916014,6,2026-01-06 06:55:00,-1.0,0
22054,-1,4467.81,4469.53,1.1306122448979592,0.7158145065396508,7,2026-01-06 07:05:00,-1.0,2
22055,-1,4467.42,4469.29,0.8693877551020408,0.790458937198111,7,2026-01-06 07:10:00,-1.0,0
22057,-1,4468.22,4469.62,0.889795918367347,0.601596071209243,7,2026-01-06 07:20:00,-1.0,1
22060,-1,4463.68,4471.99,1.9311701081612587,2.847283406754811,7,2026-01-06 07:35:00,-1.0,4
22061,1,4463.13,4461.81,2.56047197640118,0.4242424242423622,7,2026-01-06 07:40:00,-1.0,4
22095,-1,4467.21,4472.55,1.6061884669479607,1.3662280701754923,10,2026-01-06 10:30:00,2.0,4
22103,1,4458.08,4453.72,1.1754729288975865,1.0309069413949723,11,2026-01-06 11:10:00,-1.0,3
22105,1,4457.33,4452.8,0.947856315179606,0.9864675688287038,11,2026-01-06 11:20:00,-1.0,1
22116,1,4452.22,4449.98,0.7631103074141049,0.46903978462472934,12,2026-01-06 12:15:00,-1.0,0
22151,-1,4465.54,4468.22,1.8451268357810413,0.7949152542373316,15,2026-01-06 15:10:00,-1.0,4
22153,-1,4459.69,4468.81,2.1481975967957276,2.20899653979247,15,2026-01-06 15:20:00,-1.0,4
22154,1,4459.14,4457.56,1.9205823957643944,0.37766774799382624,15,2026-01-06 15:25:00,-1.0,4
22159,1,4465.03,4454.11,1.1002892960462873,2.104046242774532,15,2026-01-06 15:50:00,2.0,2
22161,-1,4467.46,4471.42,1.2309027777777777,0.7474720237292676,16,2026-01-06 16:00:00,-1.0,3
22164,-1,4467.28,4473.42,1.0609260763606825,1.1152049818371128,16,2026-01-06 16:15:00,-1.0,2
22180,1,4470.87,4462.81,1.1199498903852176,1.0039145907472464,17,2026-01-06 17:35:00,2.0,2
22208,-1,4489.59,4491.47,0.9725776965265083,0.5107704249951536,19,2026-01-06 19:55:00,-1.0,1
22213,-1,4488.52,4492.8,1.0681818181818181,1.2132010528445583,20,2026-01-06 20:20:00,2.0,2
22242,-1,4489.99,4491.39,0.9976275207591934,0.5265986029018803,22,2026-01-06 22:45:00,-1.0,1
22255,-1,4495.17,4497.38,0.6332179930795848,1.0038935756002856,23,2026-01-06 23:50:00,-1.0,0
22264,-1,4496.19,4499.26,1.013157894736842,1.381993569132095,1,2026-01-07 01:35:00,2.0,1
22267,1,4496.13,4491.98,1.621837549933422,1.6375422773395396,1,2026-01-07 01:50:00,-1.0,4
22350,1,4446.18,4441.53,1.0641263940520447,0.8385933273220186,8,2026-01-07 08:45:00,2.0,2
22353,1,4447.73,4441.62,0.9509536784741145,1.1475717735443447,9,2026-01-07 09:00:00,2.0,1
22395,1,4463.65,4459.02,1.3421926910299002,1.4100500326297245,12,2026-01-07 12:30:00,-1.0,3
22406,1,4459.04,4455.12,1.4650283553875236,1.2117465224111519,13,2026-01-07 13:25:00,-1.0,4
22429,1,4442.22,4432.64,1.4451038575667656,1.3143865150920995,15,2026-01-07 15:20:00,-1.0,4
22454,1,4442.1,4430.71,0.8856775850995504,1.2985342019544426,17,2026-01-07 17:25:00,0.625052587294882,1
22500,1,4448.16,4445.44,1.2345156167284277,0.688109866281211,21,2026-01-07 21:15:00,2.0,3
22502,1,4450.59,4446.72,0.647175421209118,1.0128996074032286,21,2026-01-07 21:25:00,2.0,0
22510,-1,4455.76,4459.5,1.252625077208153,1.0222569308863259,22,2026-01-07 22:05:00,-1.0,3
22514,-1,4458.16,4459.24,1.0414912808177992,0.32027112899807797,22,2026-01-07 22:25:00,-1.0,2
22515,-1,4458.51,4460.37,1.0703547805171376,0.5341538461537522,22,2026-01-07 22:30:00,2.0,2
22516,-1,4456.8,4459.09,1.144047619047619,0.6828541001064748,22,2026-01-07 22:35:00,-1.0,2
22534,-1,4460.01,4462.76,0.5348542458808618,1.1727078891258345,1,2026-01-08 01:05:00,-1.0,0
22539,-1,4461.36,4462.76,1.3848684210526316,0.5751173708922441,1,2026-01-08 01:30:00,-1.0,3
22540,-1,4461.34,4462.78,1.0592105263157894,0.5841784989856506,1,2026-01-08 01:35:00,-1.0,2
22542,-1,4461.35,4463.03,1.613240418118467,0.656066945606463,1,2026-01-08 01:45:00,-1.0,4
22545,-1,4463.86,4465.88,1.951219512195122,0.761853448276029,2,2026-01-08 02:00:00,2.0,4
22555,1,4450.88,4446.81,2.317848410757946,1.1418837675350384,2,2026-01-08 02:50:00,-1.0,4
22557,1,4451.81,4444.4,3.4988505747126437,1.7907819782498433,3,2026-01-08 03:00:00,-1.0,4
22566,1,4447.78,4443.29,1.0374695863746959,0.8094257017769387,3,2026-01-08 03:45:00,-1.0,2
22568,1,4448.4,4441.71,0.8209730751062825,1.1816805450415613,3,2026-01-08 03:55:00,-1.0,0
22570,1,4447.68,4440.3,1.0497489730716567,1.1708975521305731,4,2026-01-08 04:05:00,-1.0,2
22594,1,4438.47,4436.88,0.4830554061323292,0.47860675123632546,6,2026-01-08 06:05:00,-1.0,0
22599,1,4438.45,4435.55,0.9446550416982562,1.1056644880172555,6,2026-01-08 06:30:00,-1.0,1
22631,-1,4436.09,4439.78,0.6598946576373212,0.7388443935926061,9,2026-01-08 09:10:00,2.0,0
22686,1,4424.71,4422.28,1.1910112359550562,0.8456375838927278,13,2026-01-08 13:45:00,-1.0,3
22695,1,4424.12,4420.17,1.4251968503937007,0.8113262910797765,14,2026-01-08 14:30:00,-1.0,4
22696,1,4428.16,4422.22,1.4241293532338308,1.1638908327500996,14,2026-01-08 14:35:00,-1.0,3
22707,-1,4426.95,4434.73,1.112794612794613,1.3608195902048845,15,2026-01-08 15:30:00,-1.0,2
22708,-1,4428.95,4431.99,1.0036334275333063,0.5604424545693998,15,2026-01-08 15:35:00,-1.0,1
22710,-1,4429.53,4433.91,1.055845721173162,0.7950213924543259,15,2026-01-08 15:45:00,-1.0,2
22723,-1,4435.01,4439.42,1.1847088245802073,0.612074947952791,16,2026-01-08 16:50:00,-1.0,3
22724,-1,4432.95,4437.32,1.0837473385379701,0.6050237341772007,16,2026-01-08 16:55:00,-1.0,2
22776,1,4448.52,4444.76,1.148302561048243,1.12000000000013,21,2026-01-08 21:15:00,2.0,2
22777,1,4449.18,4447.94,0.8983149331783846,0.38229464875600266,21,2026-01-08 21:20:00,-1.0,1
22779,1,4450.79,4447.69,0.8470859780727062,0.9746238490906207,21,2026-01-08 21:30:00,2.0,0
22809,-1,4477.48,4484.03,1.3007284079084287,2.112903225806528,1,2026-01-09 01:00:00,2.0,3
22810,-1,4478.22,4479.98,1.105098855359001,0.5625570776253476,1,2026-01-09 01:05:00,2.0,2
22884,1,4463.71,4460.14,1.4575,1.4011774600503812,7,2026-01-09 07:15:00,-1.0,4
22886,1,4464.6,4458.71,1.464858199753391,1.9793566970716916,7,2026-01-09 07:25:00,1.4094212651412643,4
22890,-1,4466.31,4468.99,2.0904761904761906,0.7486033519551633,7,2026-01-09 07:45:00,-1.0,4
22925,1,4466.82,4465.59,1.0370994940978078,0.35957402380441517,10,2026-01-09 10:40:00,-1.0,2
22926,1,4466.99,4465.26,0.8397976391231029,0.5158679446217901,10,2026-01-09 10:45:00,-1.0,0
22927,1,4467.25,4464.12,1.3298245614035087,0.9078102340998442,10,2026-01-09 10:50:00,2.0,3
22933,-1,4474.76,4477.62,0.9496183206106871,1.0152129817443158,11,2026-01-09 11:20:00,2.0,1
22967,-1,4474.09,4477.66,1.4871323529411764,1.292809105017945,14,2026-01-09 14:10:00,2.0,4
22968,-1,4473.69,4474.78,1.0625,0.4222468179303131,14,2026-01-09 14:15:00,2.0,2
22983,1,4487.2,4457.85,2.147887323943662,4.216521292970644,15,2026-01-09 15:30:00,0.6751328221475662,4
22991,-1,4489.37,4496.63,1.2992383025027203,0.8335930451898861,16,2026-01-09 16:10:00,-1.0,3
22992,-1,4487.17,4492.63,1.1329113924050633,0.6046033378153945,16,2026-01-09 16:15:00,-1.0,2
22995,-1,4489.74,4493.47,1.1775265957446808,0.40634970041247587,16,2026-01-09 16:30:00,-1.0,3
22997,-1,4487.94,4497.96,1.1381703470031546,1.2259022983483954,16,2026-01-09 16:40:00,-1.0,2
23068,-1,4504.47,4506.09,0.8916816277678037,0.465899753492151,22,2026-01-09 22:35:00,-1.0,1
23072,-1,4507.61,4510.15,1.4099153567110037,0.7955257270693269,22,2026-01-09 22:55:00,-1.0,3
23079,-1,4507.96,4509.77,0.31683168316831684,0.7428906479039921,23,2026-01-09 23:30:00,-1.0,0
23084,-1,4508.89,4510.12,0.43804034582132567,0.5102222222220549,23,2026-01-09 23:55:00,-1.0,0
23167,-1,4580.15,4584.74,1.927652733118971,1.182119205298038,7,2026-01-12 07:50:00,-1.0,4
23185,-1,4583.95,4587.65,0.8718766613503456,1.0477346278316915,9,2026-01-12 09:20:00,-1.0,0
23186,-1,4581.55,4585.07,1.0394456289978677,0.9393823865801411,9,2026-01-12 09:25:00,-1.0,2
23193,-1,4587.1,4589.49,0.9334862385321101,0.5933676183719325,10,2026-01-12 10:00:00,2.0,1
23194,-1,4583.84,4588.11,0.9908256880733946,1.0074148972025092,10,2026-01-12 10:05:00,-1.0,1
23210,-1,4596.63,4599.32,0.967504598405886,0.6702260188644826,11,2026-01-12 11:25:00,2.0,1
23235,1,4587.45,4584.47,1.1943573667711598,0.8396055544373964,13,2026-01-12 13:30:00,-1.0,3
23240,1,4585.22,4581.81,1.4933749025720966,1.0740157480314547,13,2026-01-12 13:55:00,-1.0,4
23247,1,4584.98,4582.31,0.8315508021390374,0.7371327154405232,14,2026-01-12 14:30:00,2.0,0
23293,-1,4624.42,4629.79,0.7900646478394011,0.9818466762439553,18,2026-01-12 18:20:00,2.0,0
23339,1,4602.9,4600.33,1.3741820345032718,0.721186610543148,22,2026-01-12 22:10:00,-1.0,3
23340,1,4601.61,4599.79,1.570493753718025,0.5008846078238036,22,2026-01-12 22:15:00,-1.0,4
23341,1,4602.55,4599.92,1.400709219858156,0.7195622435021064,22,2026-01-12 22:20:00,-1.0,3
23361,-1,4596.82,4608.24,1.2084745762711864,2.8282327967451217,1,2026-01-13 01:00:00,0.11826736585010497,3
23392,1,4585.02,4576.84,1.7160243407707911,1.3503124631529861,3,2026-01-13 03:35:00,0.5776492475454876,4
23425,-1,4597.81,4599.65,0.6967418546365914,0.8113385826768749,6,2026-01-13 06:20:00,2.0,0
23429,-1,4598.86,4599.84,0.8731501057082452,0.4145015105742364,6,2026-01-13 06:40:00,2.0,0
23436,1,4595.26,4594.39,0.9737827715355806,0.3463178845606699,7,2026-01-13 07:15:00,2.0,1
23439,-1,4590.92,4602.16,3.987029831387808,3.0151369994250894,7,2026-01-13 07:30:00,0.13062805334273506,4
23449,1,4586.78,4584.83,1.576551724137931,0.4153354632587499,8,2026-01-13 08:20:00,-1.0,4
23524,1,4583.94,4580.0,0.9917081260364843,1.2762609902820858,14,2026-01-13 14:35:00,2.0,1
23527,-1,4591.22,4593.6,1.1848808545603944,0.7086346235644118,14,2026-01-13 14:50:00,-1.0,3
23546,-1,4618.17,4622.8,0.9955522609340252,0.6876723955018116,16,2026-01-13 16:25:00,-1.0,1
23547,-1,4615.07,4621.29,1.3710273466371028,0.8950560180902742,16,2026-01-13 16:30:00,-1.0,3
23553,-1,4619.32,4630.31,1.315951972555746,1.3184233076264673,17,2026-01-13 17:00:00,2.0,3
23554,-1,4619.47,4622.55,1.1939138879896407,0.37121212121211,17,2026-01-13 17:05:00,2.0,3
23571,1,4605.73,4596.74,0.8977308050979174,1.1485672567986491,18,2026-01-13 18:30:00,-1.0,1
23590,1,4592.99,4586.82,1.4174097664543523,1.0314029850746165,20,2026-01-13 20:05:00,-1.0,3
23591,1,4594.46,4591.12,1.1626326963906581,0.5537659876835771,20,2026-01-13 20:10:00,-1.0,2
23595,1,4593.61,4589.9,0.9925868123293016,0.5412671946644332,20,2026-01-13 20:30:00,-1.0,1
23621,1,4585.22,4574.92,1.2685546875,1.572519083969481,22,2026-01-13 22:40:00,2.0,3
23622,1,4589.04,4583.6,1.1552734375,0.8282762370853051,22,2026-01-13 22:45:00,2.0,2
23623,1,4586.65,4583.43,1.1826171875,0.4857758620688658,22,2026-01-13 22:50:00,2.0,3
23624,1,4586.04,4582.46,1.3505859375,0.5457317073170612,22,2026-01-13 22:55:00,2.0,3
23648,-1,4597.08,4598.79,1.0784530386740332,0.621818181818195,1,2026-01-14 01:55:00,-1.0,2
23707,-1,4629.61,4630.36,0.8253241800152555,0.30470110272780004,6,2026-01-14 06:50:00,-1.0,0
23708,-1,4629.22,4630.37,1.0440944881889764,0.4549307714042034,6,2026-01-14 06:55:00,-1.0,2
23721,1,4626.81,4618.5,2.14651002073255,1.4775209550420023,8,2026-01-14 08:00:00,0.42918581143161416,4
23722,1,4626.17,4623.44,1.8037383177570094,0.4675801321263414,8,2026-01-14 08:05:00,2.0,4
23733,-1,4634.53,4638.14,0.9771607702642185,0.6173201416881287,9,2026-01-14 09:00:00,-1.0,1
23791,1,4629.17,4625.99,1.1984189723320158,0.9010321797208061,13,2026-01-14 13:50:00,2.0,3
23793,-1,4634.73,4637.62,1.6724791508718726,0.7417048579285999,14,2026-01-14 14:00:00,-1.0,4
23795,-1,4635.78,4638.48,1.1314031180400892,0.6981898780937795,14,2026-01-14 14:10:00,-1.0,2
23798,-1,4636.11,4638.96,0.9155033063923586,0.695485445354816,14,2026-01-14 14:25:00,-1.0,1
23799,-1,4635.89,4638.25,1.209895052473763,0.5753090719135695,14,2026-01-14 14:30:00,-1.0,3
23804,-1,4638.7,4641.79,1.367965367965368,0.8210286581894547,14,2026-01-14 14:55:00,2.0,3
23805,-1,4635.28,4641.4,1.8890449438202248,1.5135135135135196,15,2026-01-14 15:00:00,2.0,4
23811,1,4630.22,4624.23,1.819691577698695,1.182125740062137,15,2026-01-14 15:30:00,-1.0,4
23812,1,4633.0,4625.17,1.5405405405405406,1.4536533616230813,15,2026-01-14 15:35:00,-1.0,4
23911,1,4627.03,4620.73,0.5925925925925926,1.702374059062023,23,2026-01-14 23:50:00,-1.0,0
23912,1,4626.49,4624.38,0.8149532710280374,0.5776300351974243,23,2026-01-14 23:55:00,-1.0,0
23947,1,4606.5,4600.48,1.5353645266594125,0.7470968885737475,3,2026-01-15 03:50:00,-1.0,4
23965,1,4587.35,4582.54,1.159772911597729,0.7500556916908642,5,2026-01-15 05:20:00,2.0,2
23966,1,4585.18,4581.29,1.2643957826439578,0.5804732466425576,5,2026-01-15 05:25:00,2.0,3
23967,1,4590.47,4581.2,1.075425790754258,1.3546972860125874,5,2026-01-15 05:30:00,2.0,2
23988,1,4587.12,4581.17,1.3581584292484767,1.3974165408488157,7,2026-01-15 07:15:00,2.0,3
23990,1,4592.95,4586.06,0.9488054607508533,1.6111575079336988,7,2026-01-15 07:25:00,-1.0,1
23995,-1,4596.8,4598.68,1.7564979480164158,0.3532885906040387,7,2026-01-15 07:50:00,-1.0,4
23996,-1,4595.25,4598.97,1.478319783197832,0.6820324777370603,7,2026-01-15 07:55:00,-1.0,4
24009,-1,4608.92,4611.07,0.7627340008707009,0.4425819732391532,9,2026-01-15 09:00:00,-1.0,0
24013,-1,4609.86,4612.64,0.6441913439635535,0.6652991452993123,9,2026-01-15 09:20:00,2.0,0
24015,-1,4609.11,4611.24,0.6818181818181818,0.5466544454629225,9,2026-01-15 09:30:00,2.0,0
24068,1,4619.24,4616.36,1.109765329295988,1.0903190914008383,13,2026-01-15 13:55:00,-1.0,2
24076,1,4617.3,4615.55,0.864575363427697,0.6438896189224673,14,2026-01-15 14:35:00,-1.0,0
24078,1,4614.36,4613.4,1.0513219284603421,0.34683870967742436,14,2026-01-15 14:45:00,-1.0,2
24121,-1,4616.79,4621.87,1.048907388137357,0.9375164777221103,18,2026-01-15 18:20:00,2.0,2
24155,-1,4619.05,4621.49,0.8249619482496194,0.775306400363023,21,2026-01-15 21:10:00,2.0,0
24164,1,4615.86,4612.78,1.230958230958231,1.2921786035361544,21,2026-01-15 21:55:00,-1.0,3
24165,1,4614.09,4612.67,1.0638820638820639,0.5862577410793917,22,2026-01-15 22:00:00,-1.0,2
24202,1,4605.02,4603.42,1.172192513368984,0.44321329639898505,2,2026-01-16 02:05:00,2.0,3
24207,1,4603.94,4602.35,1.1612244897959183,0.438966673239773,2,2026-01-16 02:30:00,-1.0,2
24214,1,4604.21,4596.27,2.0930232558139537,2.044133872747295,3,2026-01-16 03:05:00,-1.0,4
24215,1,4603.75,4600.78,2.0518783542039354,0.7640573318633628,3,2026-01-16 03:10:00,-1.0,4
24217,1,4604.94,4601.96,1.514018691588785,0.7492816091953131,3,2026-01-16 03:20:00,-1.0,4
24232,1,4594.58,4591.3,1.3638232271325796,0.7021406727828241,4,2026-01-16 04:35:00,2.0,3
24236,1,4595.01,4591.87,0.9623430962343096,0.7065252330441286,4,2026-01-16 04:55:00,2.0,1
24253,-1,4598.8,4601.4,0.8308563340410474,1.1203447214525584,6,2026-01-16 06:20:00,-1.0,0
24260,-1,4601.22,4602.05,0.7934893184130214,0.47858319604614535,6,2026-01-16 06:55:00,2.0,0
24261,-1,4599.98,4601.48,0.8583509513742071,0.8474576271187462,7,2026-01-16 07:00:00,2.0,0
24264,1,4597.83,4595.51,1.13915857605178,1.1789473684210525,7,2026-01-16 07:15:00,2.0,2
24267,-1,4598.72,4603.63,2.355987055016181,2.0899969595623253,7,2026-01-16 07:30:00,-1.0,4
24282,1,4596.61,4594.07,1.3879544221378188,0.559471365638771,8,2026-01-16 08:45:00,2.0,3
24283,1,4597.01,4595.11,1.0639913232104121,0.41929382093328826,8,2026-01-16 08:50:00,2.0,2
24314,1,4601.22,4599.79,0.8759124087591241,0.43626062322954745,11,2026-01-16 11:25:00,2.0,0
24317,1,4603.58,4599.81,0.8363338788870703,1.2183748845797517,11,2026-01-16 11:40:00,-1.0,0
24326,-1,4607.53,4611.16,0.8172043010752689,1.2843062926460214,12,2026-01-16 12:25:00,2.0,0
24328,-1,4608.04,4609.01,0.8115942028985508,0.35708651064958336,12,2026-01-16 12:35:00,2.0,0
24333,1,4601.21,4598.59,1.6660412757973733,0.8438003220611515,13,2026-01-16 13:00:00,2.0,4
24334,1,4601.96,4598.94,1.25140712945591,0.9391381608175412,13,2026-01-16 13:05:00,2.0,3
24345,-1,4610.23,4612.7,1.3523316062176165,0.7696416648120196,14,2026-01-16 14:00:00,2.0,3
24346,-1,4610.27,4612.4,0.9982876712328768,0.6925220622384992,14,2026-01-16 14:05:00,2.0,1
24355,1,4600.27,4597.29,1.4890387858347387,0.8679009777409705,14,2026-01-16 14:50:00,-1.0,4
24365,1,4599.61,4590.9,1.3589435774309724,1.173741457310608,15,2026-01-16 15:40:00,-1.0,3
24366,1,4601.9,4597.13,1.1242603550295858,0.6230640044783841,15,2026-01-16 15:45:00,2.0,2
24370,-1,4603.85,4607.33,1.029209621993127,0.4526198439241374,16,2026-01-16 16:05:00,-1.0,2
24372,-1,4604.73,4609.41,0.8688387635756056,0.6262066328969185,16,2026-01-16 16:15:00,-1.0,0
24373,-1,4602.24,4605.96,0.9632414369256475,0.49861177596940265,16,2026-01-16 16:20:00,-1.0,1
24376,-1,4604.96,4611.72,1.1838083436596447,1.0077734000639251,16,2026-01-16 16:35:00,-1.0,3
24384,-1,4601.64,4617.63,1.1745526838966203,2.2877874297393572,17,2026-01-16 17:15:00,2.0,3
24385,-1,4588.56,4611.1,1.3942161339421613,2.7564640111809764,17,2026-01-16 17:20:00,2.0,3
24409,1,4584.55,4578.69,0.8838146406984554,0.7688126698529418,19,2026-01-16 19:20:00,1.1357877066707818,1
24411,1,4583.44,4577.03,0.8447678447678447,0.8654643649339062,19,2026-01-16 19:30:00,1.0518534529342087,0
24447,1,4583.94,4580.76,1.289855072463768,0.918316831682998,22,2026-01-16 22:30:00,2.0,3
24457,-1,4593.37,4598.2,0.5546430827542641,1.1145541453766596,23,2026-01-16 23:20:00,-1.0,0
24492,1,4665.06,4656.73,1.3962065331928346,1.1097154819679182,3,2026-01-19 03:15:00,-1.0,3
24494,1,4662.38,4657.27,1.2718651211801897,0.6526181353767041,3,2026-01-19 03:25:00,-1.0,3
24497,1,4662.5,4656.76,0.9183572488866898,0.7748529553562454,3,2026-01-19 03:40:00,-1.0,1
24498,1,4664.42,4659.91,0.9737753587333003,0.620053029559094,3,2026-01-19 03:45:00,-1.0,1
24502,1,4662.41,4655.47,0.9187071498530852,0.920773313115948,4,2026-01-19 04:05:00,0.7796665047758569,1
24513,-1,4664.91,4667.72,0.9335476956055734,0.5574606773417354,5,2026-01-19 05:00:00,-1.0,1
24516,-1,4667.2,4669.93,0.8130360205831904,0.6459354402570179,5,2026-01-19 05:15:00,2.0,0
24517,-1,4664.88,4667.97,0.8225806451612904,0.7682472029835274,5,2026-01-19 05:20:00,-1.0,0
24538,-1,4669.09,4671.18,1.146814404432133,0.7178606476938315,7,2026-01-19 07:05:00,-1.0,2
24539,-1,4669.56,4670.46,0.7202216066481995,0.31507876969227594,7,2026-01-19 07:10:00,-1.0,0
24542,-1,4669.21,4672.26,1.1041456016177957,1.045031815956927,7,2026-01-19 07:25:00,-1.0,2
24544,-1,4667.34,4671.41,1.3427704752275025,1.262015503875838,7,2026-01-19 07:35:00,-1.0,3
24546,-1,4668.91,4670.06,1.4823053589484327,0.32277465918218934,7,2026-01-19 07:45:00,-1.0,4
24557,-1,4672.41,4674.54,1.079414032382421,0.6075794621027327,8,2026-01-19 08:40:00,-1.0,2
24563,-1,4669.81,4675.49,1.469298245614035,1.675516224188639,9,2026-01-19 09:10:00,0.8272692454999889,4
24570,1,4665.53,4663.11,1.0934150076569678,0.6776000000000203,9,2026-01-19 09:45:00,-1.0,2
24571,1,4664.21,4663.12,0.6451612903225806,0.3094079480941226,9,2026-01-19 09:50:00,-1.0,0
24572,1,4665.14,4661.97,0.9203675344563553,0.881080007941273,9,2026-01-19 09:55:00,2.0,1
24584,1,4663.68,4661.75,1.2868778280542987,0.5600000000000844,10,2026-01-19 10:55:00,2.0,3
24606,1,4665.51,4661.6,1.157992565055762,1.433734939758972,12,2026-01-19 12:45:00,-1.0,2
24617,1,4664.85,4660.04,1.5913978494623655,1.6102343376376393,13,2026-01-19 13:40:00,0.9771836236260392,4
24618,1,4662.62,4661.31,1.9593787335722819,0.4146506895770529,13,2026-01-19 13:45:00,-1.0,4
24619,1,4663.24,4661.26,1.6776470588235295,0.6452513966479019,13,2026-01-19 13:50:00,-1.0,4
24621,1,4662.85,4660.24,1.3515358361774743,0.8317778283635026,14,2026-01-19 14:00:00,2.0,3
24639,-1,4671.25,4673.93,1.175257731958763,0.8849056603774432,15,2026-01-19 15:30:00,2.0,3
24641,1,4668.4,4666.51,1.027823240589198,0.5863062264567321,15,2026-01-19 15:40:00,-1.0,2
24642,1,4668.47,4667.42,1.0248995983935743,0.3250055273049456,15,2026-01-19 15:45:00,-1.0,2
24658,-1,4669.8,4670.96,1.0054390054390054,0.3741935483870608,17,2026-01-19 17:05:00,2.0,1
24665,-1,4670.28,4671.32,1.152388172858226,0.3351749539594757,17,2026-01-19 17:40:00,-1.0,2
24684,1,4670.61,4669.18,0.8784313725490196,0.769408147578413,19,2026-01-19 19:15:00,2.0,1
24686,1,4671.04,4669.26,0.9212513484358145,1.0267820354344892,19,2026-01-19 19:25:00,2.0,1
24698,-1,4678.5,4679.28,0.8908108108108108,0.35237173281691486,20,2026-01-19 20:25:00,2.0,1
24709,1,4670.29,4668.35,1.5012987012987014,0.8474258970357259,21,2026-01-19 21:20:00,-1.0,4
24710,1,4670.86,4667.12,1.1454545454545455,1.5002865329512567,21,2026-01-19 21:25:00,-1.0,2
24713,1,4670.9,4667.93,1.450199203187251,0.9534510433385404,1,2026-01-20 01:05:00,-1.0,4
24714,1,4670.88,4669.0,0.9907038512616202,0.6013251085218975,1,2026-01-20 01:10:00,-1.0,1
24810,-1,4715.55,4717.72,0.7782101167315175,0.49909643502547424,9,2026-01-20 09:10:00,-1.0,0
24818,-1,4716.99,4720.95,0.8597168597168597,1.0917684127609646,9,2026-01-20 09:50:00,-1.0,0
24819,-1,4716.19,4717.84,0.9501706484641638,0.47501542257882895,9,2026-01-20 09:55:00,-1.0,1
24834,-1,4725.28,4728.75,1.025706940874036,0.8380196653442014,11,2026-01-20 11:10:00,-1.0,2
24835,-1,4722.8,4726.33,0.9974424552429667,0.8829730212613224,11,2026-01-20 11:15:00,-1.0,1
24880,1,4725.09,4722.24,1.881203007518797,0.8926174496645471,15,2026-01-20 15:00:00,-1.0,4
24883,1,4725.22,4721.83,1.3090638930163447,1.0534961154274218,15,2026-01-20 15:15:00,-1.0,3
24888,1,4729.81,4720.44,1.8969616908850726,1.7521036463204618,15,2026-01-20 15:40:00,2.0,4
24910,1,4733.46,4722.51,1.037147102526003,1.144969751288357,17,2026-01-20 17:30:00,2.0,2
24912,1,4732.86,4726.08,0.8918839730442426,0.7826517150395442,17,2026-01-20 17:40:00,2.0,1
24936,-1,4756.61,4758.33,0.8421948107188431,0.3761912201219157,19,2026-01-20 19:40:00,-1.0,0
24965,1,4757.89,4755.94,1.0237175951461666,0.5538648813148651,22,2026-01-20 22:05:00,-1.0,2
25036,-1,4843.86,4846.69,0.8914285714285715,0.34830769230768616,5,2026-01-21 05:00:00,-1.0,1
25038,-1,4833.5,4849.74,1.1158798283261802,1.976184267709693,5,2026-01-21 05:10:00,-1.0,2
25079,-1,4868.28,4881.32,1.1793669402110198,1.7779509154655297,8,2026-01-21 08:35:00,2.0,3
25114,-1,4869.32,4877.2,1.0916724982505248,1.2957481794691503,11,2026-01-21 11:30:00,-0.2297785038562122,2
25115,-1,4867.16,4870.62,1.0706787963610918,0.5682778038479782,11,2026-01-21 11:35:00,2.0,2
25141,1,4860.77,4855.19,1.1047475508666165,1.476469476469702,13,2026-01-21 13:45:00,2.0,2
25151,-1,4866.56,4870.89,1.2968253968253969,0.9212765957446373,14,2026-01-21 14:35:00,-1.0,3
25158,-1,4869.2,4871.45,1.6980056980056981,0.4213483146067403,15,2026-01-21 15:10:00,2.0,4
25159,-1,4867.08,4871.39,1.6834030683403067,0.7995229892673397,15,2026-01-21 15:15:00,-1.0,4
25168,-1,4852.68,4880.89,1.2546894539391413,3.6920631952884886,16,2026-01-21 16:00:00,0.9090251551819298,3
25169,1,4864.74,4841.22,1.5411326994625878,2.6079518453984027,16,2026-01-21 16:05:00,-1.0,4
25173,1,4860.68,4851.06,1.34185303514377,0.8030528889153934,16,2026-01-21 16:25:00,-1.0,3
25174,1,4857.65,4850.16,1.5236976106541325,0.5844061751100617,16,2026-01-21 16:30:00,-1.0,4
25186,1,4839.67,4829.1,1.0049641478212907,0.6926281301193391,17,2026-01-21 17:30:00,-1.0,1
25211,1,4815.64,4806.71,1.0464608668537574,0.8471911635156595,19,2026-01-21 19:35:00,2.0,2
25213,1,4814.33,4808.89,0.9903336451512317,0.4942245295262529,19,2026-01-21 19:45:00,2.0,1
25234,1,4805.86,4800.96,1.5232083178611213,0.49760626722758317,21,2026-01-21 21:30:00,-1.0,4
25277,1,4790.62,4779.28,1.045045045045045,0.980605311920948,2,2026-01-22 02:05:00,-1.0,2
25279,1,4787.87,4784.29,0.8700906344410876,0.3677452491011764,2,2026-01-22 02:15:00,-1.0,0
25289,1,4786.26,4774.62,1.8265306122448979,1.2917954815696187,3,2026-01-22 03:05:00,0.8378513862645731,4
25320,-1,4790.43,4793.51,0.7566779990286547,0.5638812606250799,5,2026-01-22 05:40:00,-1.0,0
25336,1,4800.32,4793.74,1.077931536780772,2.0263968323801715,7,2026-01-22 07:00:00,2.0,2
25337,-1,4797.9,4801.54,0.9949016751638747,1.087262641348532,7,2026-01-22 07:05:00,-1.0,1
25339,-1,4797.9,4800.54,0.9050772626931567,0.7421686746988981,7,2026-01-22 07:15:00,-1.0,1
25344,-1,4800.75,4802.79,1.4731420161883737,0.5638696939782966,7,2026-01-22 07:40:00,-1.0,4
25390,1,4824.39,4816.57,1.4059061957151129,1.7578676942839997,11,2026-01-22 11:30:00,-1.0,3
25395,1,4823.16,4820.11,0.6987681970884658,0.630816959669104,11,2026-01-22 11:55:00,2.0,0
25419,-1,4831.18,4836.37,1.2247191011235956,1.591327201051194,13,2026-01-22 13:55:00,2.0,3
25420,1,4825.04,4823.56,1.646067415730337,0.40699273227253363,14,2026-01-22 14:00:00,2.0,4
25434,1,4826.76,4820.69,1.4712793733681462,1.5973684210527725,15,2026-01-22 15:10:00,-1.0,4
25437,-1,4827.52,4835.29,1.284077892325315,1.681818181818072,15,2026-01-22 15:25:00,-1.0,3
25442,1,4818.76,4814.51,1.2696078431372548,0.639441160666301,15,2026-01-22 15:50:00,2.0,3
25522,-1,4920.69,4927.22,0.9210275927687916,1.3487754499853868,22,2026-01-22 22:30:00,-1.0,1
25553,-1,4955.96,4961.54,1.0974025974025974,0.6378184193337579,2,2026-01-23 02:05:00,-1.0,2
25564,-1,4946.36,4967.24,2.7740072202166064,2.6184163382300314,3,2026-01-23 03:00:00,-0.4288792430440826,4
25594,1,4950.65,4942.86,1.114713216957606,1.3308114704087826,5,2026-01-23 05:30:00,0.6235550666744302,2
25596,1,4949.5,4945.67,1.0591979630808401,0.6605888875200066,5,2026-01-23 05:40:00,2.0,2
25616,-1,4958.12,4960.07,0.9534591194968554,0.8531249999999204,7,2026-01-23 07:20:00,-1.0,1
25617,-1,4957.43,4958.62,0.9242618741976893,0.5188414824040662,7,2026-01-23 07:25:00,-1.0,1
25618,-1,4957.45,4960.52,2.002587322121604,1.3075752966233285,7,2026-01-23 07:30:00,-1.0,4
25624,-1,4957.75,4963.09,2.0898138006571743,1.641273326015406,8,2026-01-23 08:00:00,2.0,4
25625,-1,4955.61,4960.31,2.348108108108108,1.3600661430345191,8,2026-01-23 08:05:00,2.0,4
25626,1,4952.6,4945.55,3.1480730223123734,1.756540309663699,8,2026-01-23 08:10:00,-1.0,4
25646,1,4950.57,4944.17,0.9237187127532777,1.3032727272726532,9,2026-01-23 09:50:00,-1.0,1
25665,1,4905.46,4899.77,1.1918367346938776,0.5808239154210287,11,2026-01-23 11:25:00,2.0,3
25699,-1,4931.34,4937.1,1.3189259986902424,1.2044809559373155,14,2026-01-23 14:15:00,-1.0,3
25712,-1,4928.02,4939.02,1.8876283090221502,1.8794239687576368,15,2026-01-23 15:20:00,-1.0,4
25713,-1,4931.17,4934.08,1.5907723169508525,0.4916727009413242,15,2026-01-23 15:25:00,-1.0,4
25727,-1,4944.62,4949.68,1.280752532561505,0.743883230074583,16,2026-01-23 16:35:00,-1.0,3
25728,-1,4947.19,4949.85,1.1276972055182173,0.4013363508999772,16,2026-01-23 16:40:00,-1.0,2
25731,-1,4943.24,4954.13,1.054508056222146,1.6080582217065664,16,2026-01-23 16:55:00,-1.0,2
25768,1,4978.91,4965.42,1.1886304909560723,2.225810253388263,20,2026-01-23 20:00:00,-1.0,3
25770,1,4980.95,4975.35,1.0232558139534884,0.904789382573478,20,2026-01-23 20:10:00,-1.0,2
25778,1,4968.59,4958.71,1.0661654135338345,1.27225901398089,20,2026-01-23 20:50:00,2.0,2
25792,-1,4980.94,4985.67,1.1352893235533823,0.8844664084414202,22,2026-01-23 22:00:00,-1.0,2
25840,1,5042.8,5029.16,1.654782608695652,2.099615173172085,3,2026-01-26 03:00:00,2.0,4
25858,-1,5083.82,5093.16,0.9646182495344506,0.8668213457076732,4,2026-01-26 04:30:00,2.0,1
25875,1,5076.73,5071.28,0.7965658827920866,0.8310641542315585,5,2026-01-26 05:55:00,-1.0,0
25882,1,5070.19,5064.56,0.8191757779646762,1.0847784200383837,6,2026-01-26 06:30:00,-1.0,0
25887,1,5070.43,5065.18,0.9426686960933536,0.9885675857431021,6,2026-01-26 06:55:00,-1.0,1
25901,-1,5071.69,5079.06,1.1695352839931152,0.8547759092039633,8,2026-01-26 08:05:00,-1.0,2
25902,-1,5069.34,5076.06,1.1442869057547957,0.7535442531037454,8,2026-01-26 08:10:00,-1.0,2
25911,-1,5077.64,5099.25,1.2400284900284901,2.3623018661669097,8,2026-01-26 08:55:00,-0.5908700298155126,3
25925,-1,5091.45,5096.29,1.059302851969217,0.842681258549968,10,2026-01-26 10:05:00,-1.0,2
25932,-1,5093.4,5096.58,1.3177901672579828,0.7316351684470526,10,2026-01-26 10:40:00,2.0,3
25936,1,5088.79,5082.45,1.4763819095477386,1.2622298065984252,11,2026-01-26 11:00:00,-1.0,4
25947,1,5084.14,5075.48,1.2385451110061407,1.3803939428442538,11,2026-01-26 11:55:00,-1.0,3
25948,1,5081.51,5078.73,1.0909935004642526,0.45467289719636683,12,2026-01-26 12:00:00,2.0,2
25949,1,5082.85,5079.36,0.9410689812699863,0.5549750113585836,12,2026-01-26 12:05:00,2.0,1
25977,-1,5090.03,5096.8,1.2044321329639889,1.3832457676591212,14,2026-01-26 14:25:00,2.0,3
25983,1,5078.85,5077.15,1.4939024390243902,0.32398584263558233,14,2026-01-26 14:55:00,-1.0,4
25986,1,5080.17,5077.4,1.3453339649455234,0.4339749328559251,15,2026-01-26 15:10:00,-1.0,3
25992,1,5071.09,5064.55,1.1869009584664536,0.8092628601732299,15,2026-01-26 15:40:00,-1.0,3
26023,-1,5097.19,5104.15,0.99449115685706,0.771924265230131,18,2026-01-26 18:15:00,2.0,1
26024,-1,5094.0,5099.12,0.9391557496360989,0.564054139124945,18,2026-01-26 18:20:00,2.0,1
26025,1,5075.54,5070.41,1.0337995337995338,0.49232245681382664,18,2026-01-26 18:25:00,-1.0,2
26026,1,5075.39,5069.86,1.1404428904428905,0.5264875892554137,18,2026-01-26 18:30:00,-1.0,2
26028,1,5077.25,5068.31,1.0403015366772979,0.7996933103315713,18,2026-01-26 18:40:00,2.0,2
26045,-1,5086.67,5101.09,1.154337899543379,1.811720362559444,20,2026-01-26 20:05:00,2.0,2
26047,1,5087.0,5076.78,1.137290715372907,1.1683815123305772,20,2026-01-26 20:15:00,-1.0,2
26117,1,5048.59,5033.67,1.9028741328047571,1.58711344122786,3,2026-01-27 03:05:00,0.6925232388613617,4
26123,-1,5060.5,5069.74,1.12936660268714,0.7858574813194523,3,2026-01-27 03:35:00,-1.0,2
26138,-1,5066.03,5078.29,0.9349415204678363,1.627073656270769,4,2026-01-27 04:50:00,-1.0,1
26165,1,5060.55,5058.41,1.0567553992968357,0.4362895005097387,7,2026-01-27 07:05:00,2.0,2
26166,1,5063.72,5057.27,1.2425916624811653,1.2512124151308728,7,2026-01-27 07:10:00,2.0,3
26167,1,5060.41,5058.2,1.0708186840783527,0.418730545405327,7,2026-01-27 07:15:00,2.0,2
26168,1,5066.1,5058.64,1.0520575111551809,1.3716837404780347,7,2026-01-27 07:20:00,2.0,2
26170,1,5072.25,5060.0,1.4670542635658914,2.0531545552495722,7,2026-01-27 07:30:00,2.0,4
26174,-1,5079.02,5085.29,1.148095909732017,0.9944488501188733,7,2026-01-27 07:50:00,-1.0,2
26201,1,5083.91,5079.39,1.0597318163348233,0.650694087403537,10,2026-01-27 10:05:00,-1.0,2
26202,1,5086.67,5081.19,0.9195859872611465,0.78719474656276,10,2026-01-27 10:10:00,-1.0,1
26208,1,5082.42,5077.38,0.9192245557350566,0.8139347098857894,10,2026-01-27 10:40:00,2.0,1
26209,1,5083.73,5081.32,0.8857259048393656,0.4087219866747125,10,2026-01-27 10:45:00,-1.0,1
26230,1,5084.17,5082.08,1.1599402092675635,0.38525345622122587,12,2026-01-27 12:30:00,-1.0,2
26233,1,5084.25,5081.94,0.966616841056303,0.4225793806351147,12,2026-01-27 12:45:00,-1.0,1
26257,-1,5085.07,5091.08,1.0522088353413654,0.9768953906885077,14,2026-01-27 14:45:00,-1.0,2
26260,-1,5088.77,5092.19,1.5508294342832838,0.6073059360728956,15,2026-01-27 15:00:00,2.0,4
26263,-1,5088.88,5092.78,1.2559698366149978,0.6329700904242314,15,2026-01-27 15:15:00,2.0,3
26273,1,5069.61,5058.76,1.1323337679269883,1.283806626098664,16,2026-01-27 16:05:00,-1.0,2
26279,1,5068.24,5063.42,1.2680824869190521,0.4552691944406708,16,2026-01-27 16:35:00,-1.0,3
26330,-1,5092.4,5095.24,0.8722438391699092,0.4817642069550781,20,2026-01-27 20:50:00,2.0,0
26331,-1,5087.99,5095.48,0.863517060367454,1.2839475939757319,20,2026-01-27 20:55:00,-1.0,0
26366,-1,5176.44,5189.42,0.6754662840746054,1.051437829080638,23,2026-01-27 23:50:00,-1.0,0
26368,1,5182.42,5168.55,0.7406919275123558,1.3360396312095657,1,2026-01-28 01:00:00,-1.0,0
26370,1,5171.15,5167.63,1.0462135922330098,0.3680908276067648,1,2026-01-28 01:10:00,-1.0,2
26373,1,5170.45,5162.3,1.0576215774417654,0.8774223315902532,1,2026-01-28 01:25:00,-1.0,2
26381,1,5167.28,5157.12,1.082010582010582,1.1508090614886617,2,2026-01-28 02:05:00,2.0,2
26391,-1,5171.95,5180.05,1.187700780174392,1.3073553147337078,2,2026-01-28 02:55:00,-1.0,3
26410,-1,5224.35,5229.75,0.9835082458770614,0.48695652173909765,4,2026-01-28 04:30:00,-1.0,1
26411,-1,5222.05,5226.9,0.8533733133433283,0.46341796341791275,4,2026-01-28 04:35:00,-1.0,0
26412,-1,5221.59,5227.23,0.846776611694153,0.5447771491651171,4,2026-01-28 04:40:00,-1.0,0
26529,-1,5260.99,5268.26,1.007828594973218,1.0142501245640925,14,2026-01-28 14:25:00,-1.0,1
26549,1,5258.84,5248.67,1.0989938331710483,1.005792596778762,16,2026-01-28 16:05:00,2.0,2
26561,-1,5242.19,5297.8,1.2114758947057083,3.6981759452784373,17,2026-01-28 17:05:00,-1.0,3
26562,1,5256.44,5242.24,1.2656295861461697,0.9093820044828663,17,2026-01-28 17:10:00,2.0,3
26563,1,5256.21,5244.94,1.2169128294236895,0.6880041861073884,17,2026-01-28 17:15:00,2.0,3
26582,-1,5292.46,5295.79,0.9101961867919315,0.36038961038960343,18,2026-01-28 18:50:00,-1.0,1
26601,-1,5305.28,5323.18,1.0910714285714285,1.595771777891023,20,2026-01-28 20:25:00,-1.0,2
26602,-1,5287.67,5308.0,1.2035714285714285,1.5923688038491546,20,2026-01-28 20:30:00,-1.0,3
26607,1,5283.46,5273.79,0.952992700729927,0.7000000000000033,20,2026-01-28 20:55:00,-1.0,1
26619,-1,5325.57,5331.78,0.9680654526260227,0.4447058823529438,21,2026-01-28 21:55:00,-1.0,1
26670,1,5479.94,5447.01,1.029673590504451,1.2082186754723687,3,2026-01-29 03:10:00,2.0,2
26680,-1,5520.25,5546.4,1.1214574898785425,1.0311223771299642,4,2026-01-29 04:00:00,-1.0,2
26704,-1,5541.93,5550.86,0.9758513931888545,0.6214335421015538,6,2026-01-29 06:00:00,-1.0,1
26705,-1,5547.23,5552.58,0.7473684210526316,0.36577623675345317,6,2026-01-29 06:05:00,-1.0,0
26709,-1,5547.0,5550.42,0.6228727025187202,0.31520737327189685,6,2026-01-29 06:25:00,-1.0,0
26720,1,5521.12,5516.22,1.5826868109432422,0.4635448341103791,7,2026-01-29 07:20:00,2.0,4
26754,1,5537.87,5527.96,1.0713813615333774,0.7874900669769385,10,2026-01-29 10:10:00,-1.0,2
26788,1,5478.39,5470.94,1.2082066869300911,0.7349728701290228,13,2026-01-29 13:00:00,2.0,3
26797,-1,5524.77,5528.95,1.0766810853322848,0.3877294109851715,13,2026-01-29 13:45:00,-1.0,2
26799,-1,5522.71,5528.73,1.0357845064883995,0.5444092758865361,13,2026-01-29 13:55:00,-1.0,2
26801,-1,5522.64,5526.42,1.0159223300970874,0.39165186500885757,14,2026-01-29 14:05:00,-1.0,2
26820,1,5526.13,5517.08,1.1499330655957163,0.7498816287878978,15,2026-01-29 15:40:00,-1.0,2
26830,-1,5520.52,5545.86,1.1903830025160749,1.6589198036006088,16,2026-01-29 16:30:00,2.0,3
26833,1,5516.22,5491.06,1.1853292581272576,1.3211807509095623,16,2026-01-29 16:45:00,-1.0,3
26834,1,5505.24,5497.55,1.1680532445923462,0.39470596861707974,16,2026-01-29 16:50:00,-1.0,2
26877,1,5330.24,5308.22,1.0389801421917138,0.8824135562170577,20,2026-01-29 20:25:00,-1.0,2
26887,1,5319.29,5305.3,0.9997422015983501,0.5943616666160824,21,2026-01-29 21:15:00,-1.0,1
26891,1,5312.59,5290.35,1.006993006993007,0.9496736411883143,21,2026-01-29 21:35:00,-1.0,1
26892,1,5317.08,5305.39,0.9722869722869723,0.5251403818385882,21,2026-01-29 21:40:00,-1.0,1
26899,1,5310.25,5290.09,0.8363343187315238,0.9562919292539114,22,2026-01-29 22:15:00,2.0,0
26900,1,5324.13,5305.87,0.8228970706799248,0.9077802634849762,22,2026-01-29 22:20:00,2.0,0
26914,-1,5406.12,5412.26,0.8171916396820724,0.3589443794889151,23,2026-01-29 23:30:00,2.0,0
26915,-1,5401.98,5408.0,0.7000889943636903,0.35242953918209685,23,2026-01-29 23:35:00,2.0,0
26920,-1,5419.44,5434.39,0.9913155355419749,0.7686093055708957,1,2026-01-30 01:00:00,-1.0,1
26922,-1,5422.08,5438.29,0.8355242064764348,0.7936352509179925,1,2026-01-30 01:10:00,-1.0,0
26923,-1,5399.85,5428.25,1.076818950930626,1.296888251027444,1,2026-01-30 01:15:00,-1.0,2
26934,-1,5445.12,5450.89,0.9965371296652559,0.3350615952549079,2,2026-01-30 02:10:00,2.0,1
26936,-1,5437.55,5450.7,1.0904193920738745,0.8259679662613605,2,2026-01-30 02:20:00,2.0,2
26950,1,5372.63,5344.83,1.1639767591994836,1.0583276682528988,3,2026-01-30 03:30:00,-1.0,2
26981,-1,5209.1,5223.33,0.908344733242134,0.5493299509182015,6,2026-01-30 06:05:00,-1.0,1
26982,-1,5214.59,5225.2,0.8680400890868597,0.4219167187411123,6,2026-01-30 06:10:00,-1.0,0
26984,-1,5206.0,5230.54,0.9230327398047099,1.0383534318614578,6,2026-01-30 06:20:00,-1.0,1
26988,-1,5203.58,5222.41,0.8123515439429929,0.8841858125104816,6,2026-01-30 06:40:00,-1.0,0
26997,-1,5230.11,5239.05,0.9076015727391874,0.6021939953810989,7,2026-01-30 07:25:00,2.0,1
26998,-1,5217.42,5234.09,1.0848032564450474,1.1508457024508216,7,2026-01-30 07:30:00,-1.0,2
26999,-1,5230.4,5239.7,1.1031207598371777,0.6124464932499345,7,2026-01-30 07:35:00,2.0,2
27013,1,5166.91,5150.87,1.0873362445414847,0.6919971649563899,8,2026-01-30 08:45:00,-1.0,2
27015,1,5155.99,5145.44,1.1246144355336212,0.44697978452972376,8,2026-01-30 08:55:00,-1.0,2
27017,1,5166.02,5135.56,1.0060532687651331,1.188186124268598,9,2026-01-30 09:05:00,-1.0,1
27023,1,5148.97,5117.57,1.2149700598802395,1.4186136568994692,9,2026-01-30 09:35:00,-1.0,3
27037,1,5126.04,5091.51,1.0907473309608542,1.1266430502470344,10,2026-01-30 10:45:00,-1.0,2
27043,1,5068.73,5022.86,1.1653631284916202,1.2622950819672152,11,2026-01-30 11:15:00,-1.0,2
27046,1,5058.38,5026.2,1.0713507625272332,0.8352707788716557,11,2026-01-30 11:30:00,-1.0,2
27052,1,5036.83,5010.32,1.0164265857973211,0.6297873784595601,12,2026-01-30 12:00:00,2.0,2
27053,1,5019.24,5000.81,0.9607008760951189,0.4229558717461015,12,2026-01-30 12:05:00,2.0,1
27072,-1,5120.91,5137.67,0.7972154963680388,0.8606536331291603,13,2026-01-30 13:40:00,-1.0,0
27076,-1,5131.05,5145.81,1.0624809509295947,0.6997392570519253,14,2026-01-30 14:00:00,2.0,2
27078,-1,5129.19,5136.88,0.9515634580012262,0.4283781632978181,14,2026-01-30 14:10:00,2.0,1
27079,-1,5119.82,5140.24,0.9760147601476015,1.125157430730487,14,2026-01-30 14:15:00,2.0,1
27080,-1,5125.85,5135.13,0.9981412639405205,0.5028252960755354,14,2026-01-30 14:20:00,2.0,1
27086,1,5089.94,5065.12,1.1882610053075242,1.059422543370216,14,2026-01-30 14:50:00,-1.0,3
27088,1,5098.24,5053.37,1.3114347691354198,1.767678757351489,15,2026-01-30 15:00:00,-1.0,3
27113,1,5000.33,4980.72,1.081529944640161,0.563366986784853,17,2026-01-30 17:05:00,2.0,2
27132,1,5010.45,4972.4,1.039092664092664,1.4887789609010498,18,2026-01-30 18:40:00,-1.0,2
27133,1,4982.01,4971.28,1.0313706563706564,0.39714474553868334,18,2026-01-30 18:45:00,-1.0,2
27135,1,4985.57,4970.47,0.987934362934363,0.5266173429987624,18,2026-01-30 18:55:00,-1.0,1
27183,1,4847.75,4809.41,1.0477386934673367,1.2129621260056103,22,2026-01-30 22:55:00,-1.0,2
27184,1,4859.19,4835.26,0.9040201005025126,0.7527862664030005,23,2026-01-30 23:00:00,-1.0,1
27185,1,4844.5,4831.49,0.7582914572864322,0.40069517775431823,23,2026-01-30 23:05:00,2.0,0
27187,1,4858.75,4836.77,0.7130479102956168,0.7659299084030128,23,2026-01-30 23:15:00,-1.0,0
27196,1,4835.15,4765.43,0.10323423717739301,2.2539660547280835,1,2026-02-02 01:00:00,-1.0,0
27226,1,4703.93,4666.52,1.0560280140070035,0.7553216036919501,3,2026-02-02 03:30:00,-1.0,2
27241,-1,4729.27,4764.66,0.9711586275484834,1.2183342759485403,4,2026-02-02 04:45:00,2.0,1
27247,1,4717.09,4659.08,0.9997463860005072,1.9142506953283427,5,2026-02-02 05:15:00,-1.0,1
27259,1,4698.05,4660.68,0.9675126903553299,1.0520833333333346,6,2026-02-02 06:15:00,-1.0,1
27270,1,4662.18,4649.81,0.9952076677316294,0.4197082060976193,7,2026-02-02 07:10:00,-1.0,1
27272,1,4667.42,4649.6,0.9244013989776702,0.6887526917342968,7,2026-02-02 07:20:00,-1.0,1
27291,1,4504.87,4481.93,0.9838593110093953,0.4718638888072558,8,2026-02-02 08:55:00,2.0,1
27329,-1,4713.5,4722.64,0.9488132685158708,0.3358265753352885,12,2026-02-02 12:05:00,-1.0,1
27331,-1,4713.36,4730.66,0.7915356019445239,0.6819461651086909,12,2026-02-02 12:15:00,2.0,0
27332,-1,4691.56,4718.75,1.0561474229772532,1.0498648574107656,12,2026-02-02 12:20:00,-1.0,2
27357,-1,4777.81,4785.15,0.7706885660138977,0.4254367806574055,14,2026-02-02 14:25:00,-1.0,0
27358,-1,4779.16,4788.5,0.9551484523057486,0.5385724288479861,14,2026-02-02 14:30:00,-1.0,1
27364,-1,4747.93,4795.14,1.3772040302267003,2.0574007782101242,15,2026-02-02 15:00:00,-1.0,3
27365,1,4785.31,4735.71,1.2965994962216625,1.933023411185051,15,2026-02-02 15:05:00,-1.0,3
27394,1,4684.13,4649.35,1.0376304928380675,0.9326004098753058,17,2026-02-02 17:30:00,-1.0,2
27395,1,4703.68,4675.5,1.0251937984496124,0.7682062465924224,17,2026-02-02 17:35:00,-1.0,2
27402,1,4697.74,4667.98,1.022043138184404,0.8506329113924141,18,2026-02-02 18:10:00,-1.0,2
27403,1,4685.38,4673.34,0.9874377814648021,0.34953550099535546,18,2026-02-02 18:15:00,-1.0,1
27415,-1,4678.23,4713.84,0.8709677419354839,1.3016370329756608,19,2026-02-02 19:15:00,0.19811793014381834,0
27425,1,4661.91,4648.78,0.900106269925611,0.5855072463768152,20,2026-02-02 20:05:00,-1.0,1
27430,1,4657.67,4632.72,0.9860769860769861,1.1712043991416197,20,2026-02-02 20:30:00,2.0,1
27431,1,4662.08,4655.54,0.9642070484581498,0.30530176725574965,20,2026-02-02 20:35:00,-1.0,1
27460,1,4656.01,4643.92,0.9325014180374361,0.5848046159693254,23,2026-02-02 23:00:00,2.0,1
27505,-1,4825.63,4850.6,1.1419772097320604,1.08757738854495,3,2026-02-03 03:45:00,2.0,2
27513,1,4772.57,4761.07,0.8860145513338723,0.5238668532196663,4,2026-02-03 04:25:00,-1.0,1
27514,1,4774.4,4759.06,1.0816491511721908,0.6958043090879299,4,2026-02-03 04:30:00,-1.0,2
27515,1,4779.59,4764.23,0.9753747323340471,0.6760138321282865,4,2026-02-03 04:35:00,-1.0,1
27518,1,4770.55,4750.46,0.9555375909458367,0.8563512361466374,4,2026-02-03 04:50:00,2.0,1
27519,1,4783.52,4764.72,0.9389189189189189,0.8152392752052129,4,2026-02-03 04:55:00,-1.0,1
27548,-1,4823.67,4828.7,0.8834355828220859,0.44916443423904173,7,2026-02-03 07:20:00,-1.0,1
27552,-1,4820.87,4836.63,1.339917695473251,1.2094502000767566,7,2026-02-03 07:40:00,-1.0,3
27586,-1,4932.56,4938.59,0.8728179551122195,0.4314627414903185,10,2026-02-03 10:30:00,-1.0,0
27590,-1,4932.39,4936.43,0.8117094325984822,0.32655889145496103,10,2026-02-03 10:50:00,2.0,0
27591,-1,4912.5,4933.93,0.9483194795807735,1.6360562765841553,10,2026-02-03 10:55:00,-0.04938342995100252,1
27599,1,4915.0,4896.76,1.0203026947212994,1.366730892742456,11,2026-02-03 11:35:00,-1.0,2
27623,1,4914.25,4910.77,1.04874715261959,0.31101180976696,13,2026-02-03 13:35:00,-1.0,2
27631,-1,4912.87,4925.94,1.1183637946040035,1.0297709494062488,14,2026-02-03 14:15:00,-1.0,2
27645,-1,4934.13,4939.19,1.4462013112225223,0.42669557884588283,15,2026-02-03 15:25:00,-1.0,4
27647,-1,4930.68,4938.86,1.3268538516918646,0.7366525151163728,15,2026-02-03 15:35:00,-1.0,3
27650,-1,4926.16,4947.94,1.1840101522842639,1.7956539661974993,15,2026-02-03 15:50:00,-1.0,3
27652,-1,4922.07,4936.35,1.0754214729370009,1.0692624485212059,16,2026-02-03 16:00:00,-1.0,2
27655,1,4917.22,4895.34,1.0333613680964395,1.559832976881563,16,2026-02-03 16:15:00,2.0,2
27656,1,4910.26,4899.74,1.004720910858095,0.7303381929981432,16,2026-02-03 16:20:00,-1.0,1
27658,1,4903.79,4897.11,1.1297625621203755,0.4050062795028545,16,2026-02-03 16:30:00,2.0,2
27659,1,4918.22,4893.97,1.124759019553842,1.4251532197128691,16,2026-02-03 16:35:00,2.0,2
27697,1,4932.69,4907.49,1.0456718003186405,1.2570369842513989,19,2026-02-03 19:45:00,-1.0,2
27710,1,4908.85,4891.56,0.9065445731214651,0.9095896588005428,20,2026-02-03 20:50:00,-1.0,1
27714,1,4915.97,4881.48,0.9474562135112594,1.7084527474083113,21,2026-02-03 21:10:00,1.7935114969264419,1
27733,-1,4938.21,4956.74,0.9320388349514563,1.2308787246156532,22,2026-02-03 22:45:00,-1.0,1
27739,-1,4944.94,4958.7,0.48951048951048953,0.98185524974517,23,2026-02-03 23:15:00,-1.0,0
27742,-1,4952.23,4958.43,0.44840092317837127,0.5219169021707052,23,2026-02-03 23:30:00,2.0,0
27748,-1,4957.88,4972.33,1.1545711592836947,1.2719270669600435,1,2026-02-04 01:00:00,2.0,2
27804,-1,5062.67,5072.25,0.7429888590088359,0.7539914549134263,5,2026-02-04 05:40:00,-1.0,0
27805,-1,5064.43,5068.82,0.7106518282988871,0.35439972321527197,5,2026-02-04 05:45:00,-1.0,0
27809,-1,5064.39,5070.23,0.7091207888249794,0.6025943396225695,6,2026-02-04 06:05:00,-1.0,0
27812,-1,5062.36,5067.87,0.6906130268199234,0.5857251328777765,6,2026-02-04 06:20:00,-1.0,0
27814,-1,5064.65,5068.19,0.7823779193205945,0.40224007791575234,6,2026-02-04 06:30:00,-1.0,0
27833,-1,5064.29,5079.73,1.860801050558109,1.9647336847845422,8,2026-02-04 08:05:00,-1.0,4
27850,-1,5073.95,5090.41,0.9564482029598309,1.793446960852992,9,2026-02-04 09:30:00,2.0,1
27855,-1,5085.01,5091.46,0.7277375372816361,0.7217071611252946,9,2026-02-04 09:55:00,2.0,0
27856,-1,5079.75,5091.97,0.8551842330762639,1.2623035490297554,10,2026-02-04 10:00:00,2.0,0
27911,-1,5050.65,5063.1,1.0545630130371801,1.3385040700354096,14,2026-02-04 14:35:00,2.0,2
27913,-1,5053.06,5058.13,0.8469338483824239,0.5754357519253892,14,2026-02-04 14:45:00,2.0,0
27927,-1,5053.97,5063.39,1.078515346181299,0.7480855408701592,15,2026-02-04 15:55:00,2.0,2
27962,1,4901.87,4870.56,1.0017539463793534,1.1982723271643512,18,2026-02-04 18:50:00,1.1061689246261468,1
27976,1,4897.08,4872.94,0.9965361044497735,1.2545380303649012,20,2026-02-04 20:00:00,2.0,1
27981,-1,4926.59,4935.24,0.9965156794425087,0.46021129436799546,20,2026-02-04 20:25:00,-1.0,1
27992,-1,4931.71,4939.73,1.0003228931223764,0.47917377944688255,21,2026-02-04 21:20:00,-1.0,1
27993,-1,4933.89,4939.97,0.8653535679690023,0.378277486445644,21,2026-02-04 21:25:00,-1.0,0
27994,-1,4931.33,4938.38,0.8725267596496918,0.45097322489263586,21,2026-02-04 21:30:00,-1.0,0
27997,-1,4938.16,4950.71,1.0454545454545454,0.8897554058844417,21,2026-02-04 21:45:00,-1.0,2
27998,-1,4937.42,4957.8,1.0814111261872457,1.4308209217190604,21,2026-02-04 21:50:00,-1.0,2
28015,-1,4954.27,4958.42,0.5602134146341463,0.3408824219666454,23,2026-02-04 23:15:00,-1.0,0
28018,-1,4955.82,4959.14,0.5318235064427957,0.3275084554679259,23,2026-02-04 23:30:00,-1.0,0
28048,1,5002.25,4990.89,1.6747404844290656,0.9665147371619333,3,2026-02-05 03:00:00,-1.0,4
28049,1,4999.68,4991.35,1.5857327030511388,0.704737732656514,3,2026-02-05 03:05:00,-1.0,4
28065,1,4937.07,4926.65,0.9564983888292159,0.5087890625000047,4,2026-02-05 04:25:00,-1.0,1
28088,-1,4882.16,4891.2,0.7730870712401056,0.4356026708886869,6,2026-02-05 06:20:00,2.0,0
28108,-1,4890.51,4896.97,1.2172672136996077,0.3046553931146015,8,2026-02-05 08:00:00,-1.0,3
28125,-1,4932.85,4940.88,1.0251630941286114,0.5688119813802658,9,2026-02-05 09:25:00,2.0,2
28128,1,4910.33,4896.05,0.9824231010671689,0.9782257669912201,9,2026-02-05 09:40:00,-1.0,1
28135,-1,4931.83,4943.55,0.8203916272788656,0.90802434975098,10,2026-02-05 10:15:00,2.0,0
28136,-1,4934.72,4941.76,0.9014761414349468,0.5453438831405895,10,2026-02-05 10:20:00,2.0,1
28155,1,4854.92,4849.6,1.2135076252723311,0.3099072109183038,11,2026-02-05 11:55:00,2.0,3
28156,1,4860.66,4853.53,1.1308712800286842,0.42075535322880464,12,2026-02-05 12:00:00,-1.0,2
28157,1,4860.95,4852.04,1.0527418791477472,0.5350892244337595,12,2026-02-05 12:05:00,-1.0,2
28161,1,4861.62,4847.67,1.0123456790123457,0.9132142523145879,12,2026-02-05 12:25:00,-1.0,1
28172,-1,4890.32,4894.45,0.8748031496062992,0.35463689892051775,13,2026-02-05 13:20:00,2.0,0
28185,1,4847.89,4810.57,1.595575221238938,2.473512285186809,14,2026-02-05 14:25:00,-1.0,4
28186,1,4859.0,4840.7,1.5123893805309734,1.180481961019227,14,2026-02-05 14:30:00,-1.0,4
28187,1,4861.39,4845.82,1.5335934113567404,0.9214186076003216,14,2026-02-05 14:35:00,-1.0,4
28193,1,4825.47,4802.12,1.263157894736842,1.0520726055612863,15,2026-02-05 15:05:00,2.0,3
28215,-1,4846.64,4858.6,1.0637940682708449,0.5291366451776001,16,2026-02-05 16:55:00,-1.0,2
28216,-1,4830.21,4866.17,1.1384956980294199,1.4810979376893865,17,2026-02-05 17:00:00,-1.0,2
28218,-1,4828.2,4856.48,1.050080775444265,1.0833766589136589,17,2026-02-05 17:10:00,-1.0,2
28225,1,4815.32,4800.52,0.9247034553893759,0.6121303435847126,17,2026-02-05 17:45:00,2.0,1
28254,1,4861.3,4854.84,1.0006369426751593,0.4768533164610363,20,2026-02-05 20:10:00,-1.0,1
28256,1,4865.21,4851.68,1.1355334828580583,0.9576339737108001,20,2026-02-05 20:20:00,-1.0,2
28258,1,4869.57,4858.37,0.8856135853892984,0.8187989556135638,20,2026-02-05 20:30:00,-1.0,1
28263,1,4858.23,4851.28,0.8314163654288531,0.5144609527837882,20,2026-02-05 20:55:00,-1.0,0
28265,1,4859.8,4843.22,0.9859531772575251,1.1963715080919526,21,2026-02-05 21:05:00,-1.0,1
28267,1,4853.56,4846.73,0.911178655859507,0.5058723944556764,21,2026-02-05 21:15:00,-1.0,1
28268,1,4852.63,4847.66,0.767094758764318,0.37774158523346163,21,2026-02-05 21:20:00,-1.0,0
28366,-1,4824.54,4831.74,0.8432432432432433,0.6259314456035611,6,2026-02-06 06:30:00,-1.0,0
28442,-1,4875.71,4880.06,0.823063877897117,0.44348965919025063,12,2026-02-06 12:50:00,-1.0,0
28444,-1,4872.77,4887.86,1.2916666666666667,1.5368834570056065,13,2026-02-06 13:00:00,-1.0,3
28455,-1,4887.18,4896.06,1.0792926411865373,0.8726660115119972,13,2026-02-06 13:55:00,-1.0,2
28456,-1,4889.74,4894.57,1.4513966480446927,0.4739941118743739,14,2026-02-06 14:00:00,-1.0,4
28459,-1,4884.92,4896.46,1.0261612386545649,1.116902868994102,14,2026-02-06 14:15:00,-1.0,2
28487,-1,4936.75,4947.62,1.2738461538461539,0.7320569559361124,16,2026-02-06 16:35:00,-1.0,3
28509,1,4938.54,4921.58,0.9232148192411115,1.2141542237676475,18,2026-02-06 18:25:00,0.8023609122341439,1
28522,-1,4961.02,4968.73,0.8829748450601531,0.8138430219406279,19,2026-02-06 19:30:00,-1.0,1
28530,-1,4965.93,4971.44,1.031030202730658,0.770398481973337,20,2026-02-06 20:10:00,2.0,2
28533,1,4956.15,4946.92,1.2559300873907615,1.1016197783460757,20,2026-02-06 20:25:00,-1.0,3
28555,1,4952.61,4946.56,1.2544802867383513,1.1469194312794913,22,2026-02-06 22:15:00,-1.0,3
28562,1,4951.52,4943.16,1.369289340101523,1.212472806381512,22,2026-02-06 22:50:00,2.0,3
28563,1,4953.39,4947.6,1.5751552795031056,0.8714254998924867,22,2026-02-06 22:55:00,2.0,4
28647,1,5012.11,5007.74,0.988895382817066,0.5711351755040841,6,2026-02-09 06:55:00,2.0,1
28664,-1,5022.02,5028.02,1.6775300171526586,0.7365190705830647,8,2026-02-09 08:20:00,-1.0,4
28696,-1,5032.77,5041.12,1.0996948118006105,1.0397580716889887,11,2026-02-09 11:00:00,2.0,2
28708,1,5005.96,4996.76,1.431857389304198,1.090601185436021,12,2026-02-09 12:00:00,-1.0,4
28738,-1,5014.76,5018.94,1.0432663010359537,0.65181554911999,14,2026-02-09 14:30:00,-1.0,2
28739,-1,5015.74,5021.27,1.04448507007922,0.8664801343034183,14,2026-02-09 14:35:00,-1.0,2
28740,-1,5015.51,5019.53,0.6166971358927483,0.6281249999999363,14,2026-02-09 14:40:00,-1.0,0
28741,-1,5012.51,5019.1,1.0104358502148558,1.0289984385456517,14,2026-02-09 14:45:00,-1.0,1
28747,-1,5017.5,5024.29,1.4676089517078916,0.8990825688073384,15,2026-02-09 15:15:00,2.0,4
28801,1,5062.3,5057.71,1.0261096605744124,0.7735644637053445,19,2026-02-09 19:45:00,-1.0,2
28830,-1,5079.45,5080.79,1.0152974504249292,0.307540983606577,22,2026-02-09 22:10:00,-1.0,2
28834,-1,5077.12,5086.68,1.1376770538243626,2.090270185850419,22,2026-02-09 22:30:00,2.0,2
28836,-1,5077.76,5081.26,1.0332394366197184,0.7715320421980544,22,2026-02-09 22:40:00,-1.0,2
28911,1,5030.12,5016.28,0.8850325379609545,1.6076999668105354,5,2026-02-10 05:55:00,-1.0,1
28931,1,5029.23,5020.56,1.6923076923076923,1.3288811035689918,7,2026-02-10 07:35:00,-1.0,4
28933,-1,5034.67,5037.19,1.728021978021978,0.36872909698991024,7,2026-02-10 07:45:00,-1.0,4
28939,-1,5034.06,5037.67,1.228266395526182,0.5506646328175644,8,2026-02-10 08:15:00,2.0,3
28940,-1,5034.45,5037.02,0.9717026378896882,0.3808616492008988,8,2026-02-10 08:20:00,-1.0,1
28941,-1,5031.92,5037.13,1.1079136690647482,0.7857373693849031,8,2026-02-10 08:25:00,-1.0,2
28971,-1,5041.91,5047.72,1.4273658830620857,0.8545913006934955,10,2026-02-10 10:55:00,-1.0,4
28990,-1,5051.88,5055.1,1.2851851851851852,0.5535363457760841,12,2026-02-10 12:30:00,-1.0,3
28994,-1,5049.65,5056.9,0.9910025706940874,1.2228915662650737,12,2026-02-10 12:50:00,2.0,1
29009,1,5046.32,5041.21,1.4310469314079421,0.9452959830866167,14,2026-02-10 14:05:00,-1.0,4
29011,1,5048.45,5043.17,1.2173285198555956,0.9399796541199806,14,2026-02-10 14:15:00,-1.0,3
29012,1,5046.11,5042.56,1.27,0.6048436168916784,14,2026-02-10 14:20:00,-1.0,3
29013,1,5046.47,5043.32,1.0185714285714285,0.5465361259140831,14,2026-02-10 14:25:00,-1.0,2
29022,1,5042.28,5032.93,1.4061433447098977,1.0945731248431658,15,2026-02-10 15:10:00,2.0,3
29026,-1,5053.16,5058.62,1.673780487804878,0.5948175239281104,15,2026-02-10 15:30:00,-1.0,4
29040,-1,5055.87,5064.02,1.5082508250825082,0.9231391585760974,16,2026-02-10 16:40:00,2.0,4
29053,1,5025.88,5011.9,1.0416149068322982,1.015461243125475,17,2026-02-10 17:45:00,-1.0,2
29054,1,5027.15,5018.41,0.9102564102564102,0.6384555178710953,17,2026-02-10 17:50:00,-1.0,1
29085,1,5008.42,5004.92,1.538913362701909,0.5550521069324892,20,2026-02-10 20:25:00,2.0,4
29086,1,5009.9,5005.01,1.2980910425844348,0.7291511343060206,20,2026-02-10 20:30:00,2.0,3
29134,-1,5040.98,5048.15,1.324181626187962,1.2533399925084812,1,2026-02-11 01:30:00,-1.0,3
29164,-1,5043.99,5056.82,1.4647550776583034,1.6996593489780327,4,2026-02-11 04:00:00,-1.0,4
29167,1,5044.01,5032.65,1.2121212121212122,1.4871890779877257,4,2026-02-11 04:15:00,1.288655631812575,3
29175,-1,5055.37,5057.8,0.9657387580299786,0.35765349032805,4,2026-02-11 04:55:00,2.0,1
29180,-1,5056.24,5058.39,1.0357941834451903,0.38893913942379066,5,2026-02-11 05:20:00,-1.0,2
29182,-1,5054.58,5060.71,0.761744966442953,1.2007835455435865,5,2026-02-11 05:30:00,-1.0,0
29186,-1,5055.53,5058.26,0.534994068801898,0.5767315527388762,5,2026-02-11 05:50:00,-1.0,0
29188,-1,5056.18,5058.52,0.6298568507157464,0.5176991150442672,6,2026-02-11 06:00:00,-1.0,0
29209,-1,5053.99,5062.89,1.7051546391752577,1.9302865995353569,7,2026-02-11 07:45:00,-1.0,4
29222,-1,5060.52,5062.79,1.359504132231405,0.36612903225797977,8,2026-02-11 08:50:00,-1.0,3
29226,-1,5059.39,5069.51,1.5148342059336823,1.5938800764989718,9,2026-02-11 09:10:00,-1.0,4
29227,-1,5059.37,5066.06,1.2181500872600348,1.0613031161473567,9,2026-02-11 09:15:00,-1.0,3
29228,-1,5056.33,5063.89,1.110853163087638,1.128719206569287,9,2026-02-11 09:20:00,-1.0,2
29230,-1,5058.12,5062.04,1.1109902067464636,0.5877690907143509,9,2026-02-11 09:30:00,2.0,2
29233,1,5052.38,5048.99,0.7388465723612623,0.49145697421562995,9,2026-02-11 09:45:00,-1.0,0
29243,1,5051.3,5046.52,0.9242603550295858,0.9648212226066429,10,2026-02-11 10:35:00,2.0,1
29265,-1,5071.28,5075.92,1.4489611562782294,0.9606625258799607,12,2026-02-11 12:25:00,-1.0,4
29266,-1,5069.43,5072.88,1.2195121951219512,0.6976744186046004,12,2026-02-11 12:30:00,-1.0,3
29276,-1,5097.64,5102.51,1.083224967490247,0.5595404185473842,13,2026-02-11 13:20:00,-1.0,2
29285,-1,5099.44,5106.82,1.1670673076923077,0.8827751196172314,14,2026-02-11 14:05:00,2.0,2
29287,-1,5093.25,5107.27,1.25,1.7115451691664114,14,2026-02-11 14:15:00,2.0,3
29303,1,5064.41,5048.87,0.35696413678065053,0.9187888002027164,15,2026-02-11 15:35:00,-1.0,0
29345,-1,5080.59,5083.38,0.7806138933764136,0.32164031620553046,19,2026-02-11 19:05:00,-1.0,0
29358,1,5073.0,5067.11,1.1734006734006734,0.7488194696695001,20,2026-02-11 20:10:00,2.0,3
29361,1,5073.68,5068.64,1.1161425576519917,0.6341331895389677,20,2026-02-11 20:25:00,2.0,2
29391,-1,5086.8,5090.05,1.3787721123829344,0.7010785824345088,22,2026-02-11 22:55:00,-1.0,3
29397,-1,5082.22,5091.71,0.7033206314643441,2.061762880198629,23,2026-02-11 23:25:00,-1.0,0
29399,1,5079.56,5076.01,0.9563679245283019,0.6457900207900612,23,2026-02-11 23:35:00,2.0,1
29400,1,5080.54,5077.84,0.5173267326732673,0.5259496312786697,23,2026-02-11 23:40:00,2.0,0
29401,1,5078.98,5076.87,0.783596214511041,0.4159391720641455,23,2026-02-11 23:45:00,2.0,0
29402,1,5082.21,5078.2,0.558766859344894,0.7683043656767932,23,2026-02-11 23:50:00,2.0,0
29405,-1,5082.61,5096.41,1.2906976744186047,1.9070180633698897,1,2026-02-12 01:05:00,2.0,3
29418,1,5056.71,5049.92,1.313543599257885,0.6757179414273565,2,2026-02-12 02:10:00,-1.0,3
29428,1,5051.54,5047.13,1.8665171060011216,0.5499732763227939,3,2026-02-12 03:00:00,-1.0,4
29429,1,5054.12,5048.79,1.4873808188446438,0.6631709918236534,3,2026-02-12 03:05:00,-1.0,4
29431,1,5058.21,5046.61,1.2717282717282716,1.407035175879407,3,2026-02-12 03:15:00,1.2839402891427458,3
29440,-1,5068.73,5072.47,1.1396593673965936,0.44630071599053706,4,2026-02-12 04:00:00,2.0,2
29444,-1,5066.4,5072.8,1.006356968215159,0.9197290084172406,4,2026-02-12 04:20:00,-1.0,1
29454,-1,5068.62,5074.69,0.9019812304483837,1.0105838982042656,5,2026-02-12 05:10:00,2.0,1
29457,1,5060.07,5055.0,1.1850117096018735,0.7663571582811133,5,2026-02-12 05:25:00,-1.0,3
29464,1,5057.89,5053.01,0.6985769728331177,0.9097203728362674,6,2026-02-12 06:00:00,-1.0,0
29468,1,5055.42,5051.17,0.7621905476369092,0.8937960042061149,6,2026-02-12 06:20:00,2.0,0
29469,1,5056.39,5054.89,0.6677685950413224,0.3207086133170544,6,2026-02-12 06:25:00,2.0,0
29481,-1,5071.96,5075.39,0.8692232055063913,0.7130977130977817,7,2026-02-12 07:25:00,2.0,0
29489,1,5066.15,5062.43,1.4271356783919598,0.6365969930325356,8,2026-02-12 08:05:00,-1.0,4
29490,1,5069.16,5064.29,1.1058244462674323,0.8415206121945249,8,2026-02-12 08:10:00,-1.0,2
29515,-1,5065.67,5069.74,1.0155902004454342,0.8572288250338088,10,2026-02-12 10:15:00,2.0,2
29517,-1,5060.93,5066.74,1.0391566265060241,1.2095167286244783,10,2026-02-12 10:25:00,-1.0,2
29518,1,5060.37,5052.54,1.5256024096385543,1.5944727272727546,10,2026-02-12 10:30:00,2.0,4
29527,-1,5073.26,5077.87,1.0218023255813953,0.8820554872214863,11,2026-02-12 11:15:00,-1.0,2
29529,-1,5071.42,5075.5,0.6905958363244795,0.8210435532557024,11,2026-02-12 11:25:00,-1.0,0
29531,-1,5071.03,5073.65,0.6834170854271356,0.5350838803792615,11,2026-02-12 11:35:00,-1.0,0
29535,-1,5073.24,5079.89,0.9416058394160584,1.323383084577216,11,2026-02-12 11:55:00,2.0,1
29567,-1,5063.87,5068.67,1.109640831758034,1.2629205036647717,14,2026-02-12 14:35:00,2.0,2
29568,1,5057.68,5054.72,1.53514526710403,0.6930924903830161,14,2026-02-12 14:40:00,-1.0,4
29573,1,5061.05,5054.2,1.706601466992665,1.3151398793198381,15,2026-02-12 15:05:00,2.0,4
29577,-1,5062.63,5071.35,1.3289386947923534,1.5003072385400482,15,2026-02-12 15:25:00,-1.0,3
29586,-1,5065.33,5077.81,1.137007874015748,1.5632101637291143,16,2026-02-12 16:10:00,2.0,2
29596,1,5053.77,5039.94,1.58981355161437,1.2780198019802675,17,2026-02-12 17:00:00,-1.0,4
29625,-1,4965.73,4982.83,0.9653591441670912,0.6943155452436413,19,2026-02-12 19:25:00,2.0,1
29629,-1,4951.39,4971.14,0.9225674987264392,1.0792770990280744,19,2026-02-12 19:45:00,1.2966179461015015,1
29655,-1,4945.6,4955.66,0.9101876675603218,0.9818739542665329,21,2026-02-12 21:55:00,2.0,1
29683,1,4920.6,4910.9,1.4406332453825859,0.920740389178992,1,2026-02-13 01:15:00,-1.0,4
29722,-1,4980.67,4989.47,0.8830699774266366,0.975223620676021,4,2026-02-13 04:30:00,-1.0,1
29725,1,4976.51,4972.28,0.8848758465011287,0.4603186941314104,4,2026-02-13 04:45:00,2.0,1
29727,-1,4988.38,4991.3,1.1210251542477456,0.34209205020921096,4,2026-02-13 04:55:00,2.0,2
29728,-1,4984.57,4989.29,0.8001898433792122,0.5862313697658217,5,2026-02-13 05:00:00,-1.0,0
29744,-1,4989.14,4994.37,0.8058561425843411,0.855473770300214,6,2026-02-13 06:20:00,2.0,0
29745,-1,4985.37,4991.68,0.5203468979319547,1.0235198702352697,6,2026-02-13 06:25:00,2.0,0
29751,1,4976.72,4974.79,0.8122109158186864,0.3353189377017176,6,2026-02-13 06:55:00,-1.0,0
29753,1,4977.54,4974.69,1.0185004868549172,0.484635005465876,7,2026-02-13 07:05:00,-1.0,2
29754,1,4978.26,4975.69,0.9489194499017681,0.43771289537724006,7,2026-02-13 07:10:00,-1.0,1
29756,1,4982.02,4972.7,1.799607072691552,1.4861047835991843,7,2026-02-13 07:20:00,-1.0,4
29790,-1,4979.5,4989.54,1.0817160367722165,1.012242546449647,10,2026-02-13 10:10:00,2.0,2
29791,-1,4978.74,4983.72,1.0132788559754853,0.5140455651405006,10,2026-02-13 10:15:00,-1.0,1
29792,-1,4978.52,4986.15,0.9781392984239959,0.7977595220312743,10,2026-02-13 10:20:00,2.0,1
29809,1,4973.44,4969.86,0.8513215859030837,0.48693286699697264,11,2026-02-13 11:45:00,-1.0,0
29867,-1,4987.85,5010.52,1.6249469664828171,1.699218331727157,16,2026-02-13 16:35:00,-1.0,4
29869,-1,4998.27,5007.21,1.4939382088384825,0.6689828424821941,16,2026-02-13 16:45:00,-1.0,4
29870,-1,4991.79,4999.77,1.5163747143945163,0.5995170378320679,16,2026-02-13 16:50:00,-1.0,4
29874,-1,5003.28,5011.44,1.1063565891472869,0.5821146496815209,17,2026-02-13 17:10:00,-1.0,2
29879,-1,5008.36,5020.55,0.9152071170419794,0.8549243562769584,17,2026-02-13 17:35:00,2.0,1
29880,-1,5006.87,5012.7,0.9363358354184043,0.42715093154699085,17,2026-02-13 17:40:00,2.0,1
29890,-1,5019.12,5028.4,0.9230324074074074,0.7307086614173058,18,2026-02-13 18:30:00,-1.0,1
29911,-1,5023.07,5030.67,1.1159554730983303,1.086712286794028,20,2026-02-13 20:15:00,-1.0,2
29912,-1,5027.73,5030.2,1.082560296846011,0.3479923518164735,20,2026-02-13 20:20:00,-1.0,2
29942,1,5027.78,5021.63,1.300097751710655,1.0391020999275087,22,2026-02-13 22:50:00,2.0,3
29943,1,5032.55,5023.22,1.3757281553398057,1.4461913197519571,22,2026-02-13 22:55:00,-1.0,3
29956,-1,5015.37,5052.67,3.1061343719571566,5.322054626987247,1,2026-02-16 01:00:00,0.4908821538968069,4
29957,1,5022.99,5008.64,2.726387536514119,1.9895028718556922,1,2026-02-16 01:05:00,-1.0,4
29958,1,5022.55,5013.87,2.186952288218111,1.1301032270064384,1,2026-02-16 01:10:00,-1.0,4
29959,1,5025.87,5021.55,2.7458617332035056,0.5297827610370974,1,2026-02-16 01:15:00,-1.0,4
29969,1,5015.69,5008.24,1.4777244688142563,0.6359368331199153,2,2026-02-16 02:05:00,-1.0,4
29999,1,5009.15,5002.4,1.4808387563268257,1.4793362554790417,4,2026-02-16 04:35:00,-1.0,4
30014,1,4991.27,4984.59,1.6305732484076434,0.962139917695517,5,2026-02-16 05:50:00,-1.0,4
30028,1,4977.21,4964.46,1.2695924764890283,2.3014440433213146,7,2026-02-16 07:00:00,2.0,3
30060,-1,5001.56,5006.0,1.6542713567839196,1.0899526564964872,9,2026-02-16 09:40:00,-1.0,4
30066,-1,4998.29,5006.47,1.6126543209876543,1.6161445103020273,10,2026-02-16 10:10:00,-1.0,4
30068,-1,5002.79,5006.09,1.172678434382195,0.6489675516224417,10,2026-02-16 10:20:00,-1.0,3
30076,-1,5012.93,5015.47,1.1831644583008574,0.5004221784407314,11,2026-02-16 11:00:00,-1.0,3
30080,-1,5012.93,5015.42,0.7753891771682728,0.5813875917277584,11,2026-02-16 11:20:00,-1.0,0
30082,-1,5010.52,5013.67,0.7030397505845675,0.8419243986253306,11,2026-02-16 11:30:00,-1.0,0
30086,-1,5015.72,5017.15,1.032772364924712,0.3445783132528771,11,2026-02-16 11:50:00,2.0,2
30087,-1,5013.54,5017.18,0.9565987599645704,0.875751847396572,11,2026-02-16 11:55:00,2.0,1
30088,-1,5013.26,5017.27,0.8909090909090909,0.957693619925024,12,2026-02-16 12:00:00,2.0,1
30102,1,5001.2,4999.01,1.15,0.5137399463806163,13,2026-02-16 13:10:00,2.0,2
30103,1,5002.98,5000.0,1.0257826887661141,0.6893588896231797,13,2026-02-16 13:15:00,-1.0,2
30115,1,4999.26,4992.93,1.7454931071049842,1.8182191218710724,14,2026-02-16 14:15:00,-1.0,4
30118,1,5005.56,4995.05,1.8782608695652174,2.635028653295091,14,2026-02-16 14:30:00,-1.0,4
30132,1,4995.31,4992.69,0.9560229445506692,0.6361429066945814,15,2026-02-16 15:40:00,-1.0,1
30133,1,4993.62,4989.64,1.3193116634799236,0.9500426257458081,15,2026-02-16 15:45:00,-1.0,3
30143,1,4989.84,4988.03,1.398682042833608,0.4237458193980728,16,2026-02-16 16:35:00,-1.0,3
30188,-1,4995.44,4997.43,1.397560975609756,0.7314255710162311,20,2026-02-16 20:20:00,-1.0,3
30195,-1,4994.67,4996.67,0.6903914590747331,0.7432970533580905,20,2026-02-16 20:55:00,-1.0,0
30204,-1,4991.06,4998.03,1.4337221633085897,1.8523158693999675,1,2026-02-17 01:10:00,-1.0,4
30205,1,4989.39,4985.34,1.3170731707317074,1.0177705977383327,1,2026-02-17 01:15:00,2.0,3
30206,-1,4997.37,5000.88,1.634297520661157,0.7434190620272838,1,2026-02-17 01:20:00,2.0,4
30207,-1,4994.33,4999.87,1.1942148760330578,1.1190304429375133,1,2026-02-17 01:25:00,2.0,3
30244,-1,4963.66,4966.95,0.7022995649471722,0.6730965950606356,4,2026-02-17 04:30:00,-1.0,0
30246,-1,4961.02,4964.29,0.7325959661678595,0.7022549470776657,4,2026-02-17 04:40:00,-1.0,0
30252,1,4961.53,4959.14,0.9425287356321839,0.5070465222002116,5,2026-02-17 05:10:00,-1.0,1
30267,1,4959.7,4956.89,0.7819148936170213,0.5957897925184547,6,2026-02-17 06:25:00,-1.0,0
30302,-1,4909.78,4916.61,1.0146284376828554,0.9156372689840041,9,2026-02-17 09:20:00,-1.0,1
30331,1,4918.24,4913.54,1.0910344827586207,0.8903924221921214,11,2026-02-17 11:45:00,2.0,2
30332,-1,4927.64,4932.57,1.6110344827586207,0.8182572614106822,11,2026-02-17 11:50:00,-1.0,4
30339,-1,4928.17,4932.54,0.8986141502552881,0.7807554874935848,12,2026-02-17 12:25:00,2.0,1
30346,1,4919.28,4913.22,1.070527097253155,0.9951906158356829,13,2026-02-17 13:00:00,2.0,2
30358,-1,4930.55,4934.16,1.2954209748892171,0.6846383094012037,14,2026-02-17 14:00:00,-1.0,3
30372,1,4922.18,4918.53,1.4244306418219461,0.6149957877001818,15,2026-02-17 15:10:00,-1.0,3
30378,1,4921.77,4912.57,1.3997734994337485,1.2552382808694031,15,2026-02-17 15:40:00,-1.0,3
30438,-1,4889.61,4895.74,0.9452582883577486,0.7378557303757365,20,2026-02-17 20:40:00,-1.0,1
30445,-1,4890.18,4898.04,0.8529297632906481,0.9696008458894673,21,2026-02-17 21:15:00,2.0,0
30454,1,4879.08,4874.08,1.0529363110008272,0.7043670758703892,22,2026-02-17 22:00:00,-1.0,2
30459,1,4877.85,4874.54,0.9301903898458749,0.5882950361813416,22,2026-02-17 22:25:00,-1.0,1
30461,1,4879.01,4874.56,0.876599634369287,0.8577722704116285,22,2026-02-17 22:35:00,-1.0,1
30480,1,4882.65,4865.65,1.0814940577249577,2.647680498386934,1,2026-02-18 01:10:00,-1.0,2
30490,1,4863.29,4858.38,1.7084357084357085,0.4266914959652254,2,2026-02-18 02:00:00,2.0,4
30502,-1,4884.09,4888.97,1.6113621691413815,0.6006681906101733,3,2026-02-18 03:00:00,-1.0,4
30506,-1,4884.29,4887.39,0.7254780999383097,0.4091251885370015,3,2026-02-18 03:20:00,-1.0,0
30562,1,4932.12,4928.68,1.328421052631579,0.8983398619659674,8,2026-02-18 08:00:00,-1.0,3
30566,1,4931.5,4927.09,1.053053053053053,1.1590013140604387,8,2026-02-18 08:20:00,-1.0,2
30576,-1,4938.45,4942.15,1.4142427281845538,0.8337357154353227,9,2026-02-18 09:10:00,2.0,3
30579,-1,4939.14,4940.58,1.033175355450237,0.3078802687842739,9,2026-02-18 09:25:00,2.0,2
30580,-1,4938.64,4940.59,1.0854460093896714,0.4250350303596023,9,2026-02-18 09:30:00,2.0,2
30589,1,4926.21,4924.06,1.0665280665280665,0.5241163155144564,10,2026-02-18 10:15:00,-1.0,2
30590,1,4926.79,4923.74,1.137214137214137,0.7914735866543594,10,2026-02-18 10:20:00,-1.0,2
30591,1,4925.99,4922.58,1.146067415730337,0.8886820551004941,10,2026-02-18 10:25:00,-1.0,2
30593,1,4925.64,4922.53,1.1483516483516483,0.8243089738736915,10,2026-02-18 10:35:00,-1.0,2
30612,-1,4920.18,4924.51,1.5705832628909553,0.9389714993803732,12,2026-02-18 12:10:00,2.0,4
30614,-1,4922.63,4924.59,1.3910204081632653,0.42921945878304385,12,2026-02-18 12:20:00,2.0,3
30617,1,4914.17,4909.01,1.4865293185419968,1.0761209593325916,12,2026-02-18 12:35:00,-1.0,4
30621,1,4914.59,4912.36,0.6893819334389857,0.4776621787026741,12,2026-02-18 12:55:00,-1.0,0
30631,1,4913.69,4906.48,1.6064908722109534,2.167955326460558,13,2026-02-18 13:45:00,2.0,4
30687,1,4996.97,4991.51,0.8500214868929953,1.129599527116882,18,2026-02-18 18:25:00,2.0,0
30688,1,5001.15,4994.55,0.9407695633376567,1.3393245397882334,18,2026-02-18 18:30:00,-1.0,1
30691,-1,5004.56,5010.96,1.0981247274313126,1.2860628678052601,18,2026-02-18 18:45:00,2.0,2
30709,1,4994.54,4993.34,1.0043668122270741,0.32295271049591706,20,2026-02-18 20:15:00,-1.0,1
30724,1,4983.2,4973.05,1.3464180569185475,1.3502470543519351,21,2026-02-18 21:30:00,-1.0,3
30725,1,4982.28,4976.76,1.1406771578445398,0.734810307121752,21,2026-02-18 21:35:00,-1.0,2
30726,1,4982.55,4979.81,1.0148448043184886,0.3895207148659369,21,2026-02-18 21:40:00,-1.0,2
30737,-1,4983.72,4985.27,0.896551724137931,0.3113789639833932,22,2026-02-18 22:35:00,-1.0,1
30740,-1,4982.31,4985.8,1.1177291763610981,0.8180143981248377,22,2026-02-18 22:50:00,2.0,2
30742,-1,4984.33,4986.5,0.42362344582593253,0.5001646361541106,23,2026-02-18 23:00:00,2.0,0
30755,1,4976.85,4967.21,1.8589928057553957,2.271671435785339,1,2026-02-19 01:05:00,-1.0,4
30756,1,4977.01,4972.82,2.483453237410072,0.9012137041021328,1,2026-02-19 01:10:00,2.0,4
30757,1,4976.54,4972.16,1.8388489208633094,0.8830645161290593,1,2026-02-19 01:15:00,2.0,4
30758,1,4981.88,4975.29,1.4964028776978417,1.2572908149359914,1,2026-02-19 01:20:00,-1.0,4
30760,-1,4981.84,4988.7,2.860431654676259,1.202002503128873,1,2026-02-19 01:30:00,2.0,4
30776,1,4963.0,4961.0,0.8523845571536715,0.3192702394526902,2,2026-02-19 02:50:00,2.0,0
30778,1,4965.12,4961.07,1.301794453507341,0.6956201693044247,3,2026-02-19 03:00:00,2.0,3
30780,1,4965.83,4961.36,1.0670778720123362,0.9504860267315486,3,2026-02-19 03:10:00,2.0,2
30793,-1,4969.77,4974.89,1.3693516699410608,1.1932745130680134,4,2026-02-19 04:15:00,-1.0,3
30808,-1,4976.81,4978.99,2.095730918499353,0.5754147812969517,5,2026-02-19 05:30:00,-1.0,4
30809,-1,4975.59,4978.39,1.2315653298835705,0.76877819180234,5,2026-02-19 05:35:00,-1.0,3
30871,-1,5019.93,5022.14,1.2850915431560592,0.5744522836984904,10,2026-02-19 10:45:00,2.0,3
30900,-1,4992.86,4996.43,1.0,0.6697038724374726,13,2026-02-19 13:10:00,2.0,1
30901,1,4987.3,4977.17,1.582045621780721,1.6883333333333514,13,2026-02-19 13:15:00,-1.0,4
30922,1,4983.41,4974.48,1.4660831509846828,1.6198497019954012,15,2026-02-19 15:00:00,-1.0,4
30928,1,4988.4,4971.37,1.940552016985138,2.667785610383761,15,2026-02-19 15:30:00,-1.0,4
30931,-1,4991.86,4994.45,1.0968641114982578,0.4096712235905767,15,2026-02-19 15:45:00,-1.0,2
30934,-1,4985.17,4997.18,1.623931623931624,1.7366246643255894,16,2026-02-19 16:00:00,-1.0,4
30940,1,4973.81,4963.16,1.873353596757852,1.3336314847943527,16,2026-02-19 16:30:00,2.0,4
30956,-1,5009.82,5015.8,0.8856971873129862,0.7051886792453265,17,2026-02-19 17:50:00,2.0,1
30969,1,4995.14,4989.89,0.8950542822677925,0.6933962264150885,18,2026-02-19 18:55:00,-1.0,1
30977,1,4995.63,4986.26,0.8793402777777778,1.3660314485056502,19,2026-02-19 19:35:00,-1.0,1
31006,-1,4989.96,4992.06,1.0201765447667086,0.5312612938200861,22,2026-02-19 22:00:00,-1.0,2
31030,-1,5001.96,5004.43,2.011787819253438,0.5840229690931363,1,2026-02-20 01:00:00,-1.0,4
31032,-1,4999.07,5005.81,1.4201183431952662,1.424301886792638,1,2026-02-20 01:10:00,-1.0,3
31042,1,4993.57,4985.51,2.2377142857142855,1.2399999999999465,2,2026-02-20 02:00:00,2.0,4
31058,-1,5002.56,5011.09,1.3083411433926897,1.6519573938303778,3,2026-02-20 03:20:00,2.0,3
31079,1,4993.66,4989.99,0.9945155393053017,0.6939492166396598,5,2026-02-20 05:05:00,-1.0,1
31087,1,4995.35,4986.21,1.6162790697674418,1.7315290933694036,5,2026-02-20 05:45:00,2.0,4
31090,1,4991.65,4986.74,0.9341085271317829,0.888917625759674,6,2026-02-20 06:00:00,2.0,1
31098,-1,4998.97,5003.35,1.516546762589928,0.9182389937107182,6,2026-02-20 06:40:00,-1.0,4
31099,-1,4997.85,4999.98,1.139568345323741,0.4557542411736065,6,2026-02-20 06:45:00,-1.0,2
31138,1,5015.0,5006.57,1.4698242933537051,1.5230352303523427,10,2026-02-20 10:00:00,-1.0,4
31140,1,5012.42,5005.01,1.2589763177998472,1.2420977011493943,10,2026-02-20 10:10:00,2.0,3
31183,1,5022.5,5016.27,1.6122296793437734,1.1907167235493898,13,2026-02-20 13:45:00,-1.0,4
31184,1,5020.25,5018.63,1.2513049962714393,0.31021748050879894,13,2026-02-20 13:50:00,-1.0,3
31186,1,5020.6,5013.74,1.6629381058911261,1.3348158443364615,14,2026-02-20 14:00:00,-1.0,4
31187,1,5023.16,5018.34,1.296047725577927,0.9168478260869193,14,2026-02-20 14:05:00,-1.0,3
31188,1,5022.27,5019.38,0.8008817046289493,0.5400427122264485,14,2026-02-20 14:10:00,-1.0,0
31192,1,5021.08,5007.17,1.9000734753857458,2.020334059549775,14,2026-02-20 14:30:00,2.0,4
31216,-1,5046.93,5052.43,2.237144585601936,0.7430997876857627,16,2026-02-20 16:30:00,-1.0,4
31217,-1,5047.54,5052.38,2.077777777777778,0.6028469750889734,16,2026-02-20 16:35:00,-1.0,4
31222,-1,5027.32,5064.19,1.6619028174765211,3.4649929516009563,17,2026-02-20 17:00:00,-1.0,4
31223,1,5022.75,4991.0,1.743672157492969,2.424854072336474,17,2026-02-20 17:05:00,1.3979228168928093,4
31224,1,5022.52,5008.92,1.5743243243243243,0.972569852377814,17,2026-02-20 17:10:00,2.0,4
31227,1,5025.8,5011.45,1.3471157052350784,0.8714322894075004,17,2026-02-20 17:25:00,2.0,3
31246,-1,5066.68,5070.19,0.861094761624485,0.4287583980454592,19,2026-02-20 19:00:00,-1.0,0
31248,-1,5066.83,5073.46,0.8363636363636363,0.8255069370330942,19,2026-02-20 19:10:00,-1.0,0
31257,-1,5072.99,5075.91,0.9718614718614719,0.47026343034627066,19,2026-02-20 19:55:00,2.0,1
31258,-1,5071.43,5073.69,0.9645441389290883,0.37992315081641165,20,2026-02-20 20:00:00,2.0,1
31263,1,5058.54,5054.41,1.3058161350844277,0.6731082654249334,20,2026-02-20 20:25:00,2.0,3
31300,-1,5098.23,5100.06,0.5628140703517588,0.4283564621302781,23,2026-02-20 23:30:00,-1.0,0
31336,-1,5157.07,5161.25,0.8918205804749341,0.4749614479344644,3,2026-02-23 03:30:00,-1.0,1
31337,-1,5158.41,5161.06,0.7686895338610378,0.33402358872790444,3,2026-02-23 03:35:00,-1.0,0
31340,-1,5157.09,5167.71,0.9145220588235294,1.3993411764706098,3,2026-02-23 03:50:00,-1.0,1
31344,-1,5160.6,5165.39,0.9690522243713733,0.6586132390492996,4,2026-02-23 04:10:00,-1.0,1
31355,-1,5164.91,5175.05,1.032490974729242,1.6133651551313377,5,2026-02-23 05:05:00,2.0,2
31379,1,5156.25,5152.37,1.2597200622083982,0.8123224166293049,7,2026-02-23 07:05:00,-1.0,3
31380,1,5158.44,5154.6,1.026438569206843,0.8161530286927189,7,2026-02-23 07:10:00,-1.0,2
31383,1,5157.75,5153.72,1.0948782535684298,0.9962917181705321,7,2026-02-23 07:25:00,-1.0,2
31396,1,5156.0,5151.96,1.318918918918919,1.1421647819062801,8,2026-02-23 08:30:00,-1.0,3
31397,1,5154.27,5152.33,1.2736842105263158,0.5442885771544456,8,2026-02-23 08:35:00,-1.0,3
31419,1,5125.16,5122.59,1.3669724770642202,0.37624176513641683,10,2026-02-23 10:25:00,2.0,3
31420,1,5130.97,5122.33,1.1766666666666667,1.2519147174498404,10,2026-02-23 10:30:00,2.0,3
31422,1,5128.19,5124.73,0.8768636112644947,0.58580239448543,10,2026-02-23 10:40:00,2.0,1
31439,-1,5147.92,5152.67,0.9773936170212766,1.2175027462468186,12,2026-02-23 12:05:00,-1.0,1
31444,-1,5149.38,5157.7,1.4464675892206846,1.8325991189426818,12,2026-02-23 12:30:00,-1.0,4
31453,-1,5149.78,5154.51,1.2767162066525124,0.8508287292818439,13,2026-02-23 13:15:00,-1.0,3
31467,1,5150.23,5145.51,0.9483500717360115,1.2122546321773888,14,2026-02-23 14:25:00,2.0,1
31479,1,5149.77,5143.48,1.5552427867698804,1.1497584541064514,15,2026-02-23 15:25:00,-1.0,4
31486,1,5149.66,5141.45,1.4086853063652587,1.490984563497215,16,2026-02-23 16:00:00,2.0,3
31502,-1,5194.19,5203.81,1.2870304748405386,1.0601385390429248,17,2026-02-23 17:20:00,-1.0,3
31508,-1,5195.83,5204.29,0.9748713290947624,0.8417312202402137,17,2026-02-23 17:50:00,-1.0,1
31582,1,5243.28,5220.55,1.9593165174938976,4.2771505376344,1,2026-02-24 01:00:00,-1.0,4
31587,-1,5236.81,5243.23,1.466232709519935,0.933818181818069,1,2026-02-24 01:25:00,-1.0,4
31594,1,5230.21,5217.86,2.6098149637972647,1.3112391930835972,2,2026-02-24 02:00:00,-1.0,4
31672,1,5166.52,5164.43,1.450777202072539,0.32608937924887865,8,2026-02-24 08:30:00,-1.0,4
31673,1,5173.09,5156.05,1.7504749841671945,2.3844077961019394,8,2026-02-24 08:35:00,-0.3356951123504784,4
31719,-1,5175.98,5180.8,0.8729372937293729,1.1174035436331893,12,2026-02-24 12:25:00,2.0,0
31721,1,5166.77,5162.95,1.632514817950889,0.7683908045978216,12,2026-02-24 12:35:00,2.0,4
31722,1,5170.38,5165.54,1.296116504854369,0.9582802998161664,12,2026-02-24 12:40:00,-1.0,3
31735,-1,5173.66,5178.66,1.031344792719919,1.371742112482909,13,2026-02-24 13:45:00,2.0,2
31748,1,5146.87,5144.58,1.8515962036238136,0.3170804074769984,14,2026-02-24 14:50:00,2.0,4
31749,1,5150.61,5146.43,1.6861258529188778,0.5689839572191652,14,2026-02-24 14:55:00,-1.0,4
31758,1,5145.73,5136.14,1.522673031026253,1.1710423026601715,15,2026-02-24 15:40:00,-1.0,4
31779,-1,5138.48,5146.39,0.9179941002949853,0.7370382695508155,17,2026-02-24 17:25:00,-1.0,1
31813,-1,5159.94,5165.66,0.8942307692307693,1.381404174573089,20,2026-02-24 20:15:00,-1.0,1
31824,1,5156.38,5149.67,1.154002026342452,1.4153985234292312,21,2026-02-24 21:10:00,-1.0,2
31829,1,5155.79,5152.93,0.8067961165048544,0.5673799064757551,21,2026-02-24 21:35:00,-1.0,0
31846,-1,5158.2,5165.79,0.7541463414634146,1.3172182967646058,23,2026-02-24 23:00:00,2.0,0
31853,1,5149.92,5146.1,0.6578947368421053,0.7550472963432812,23,2026-02-24 23:35:00,-1.0,0
31854,1,5150.78,5146.17,0.4645748987854251,0.9123551031947125,23,2026-02-24 23:40:00,-1.0,0
31878,-1,5147.62,5155.45,1.3152594887683966,1.1327890875271318,2,2026-02-25 02:40:00,-1.0,3
31898,-1,5187.76,5190.99,0.7353846153846154,0.4422493887529925,4,2026-02-25 04:20:00,2.0,0
31900,-1,5187.99,5190.48,1.126153846153846,0.387032308204697,4,2026-02-25 04:30:00,2.0,2
31904,1,5176.03,5166.59,1.3682051282051282,1.499602859412151,4,2026-02-25 04:50:00,2.0,3
31964,1,5182.68,5180.32,1.0051432770022042,0.47601210200270544,9,2026-02-25 09:50:00,2.0,1
31973,-1,5193.97,5197.2,1.0835360908353608,0.8039111111110023,10,2026-02-25 10:35:00,2.0,2
31974,-1,5192.24,5195.28,1.013787510137875,0.753808005667732,10,2026-02-25 10:40:00,2.0,1
31978,1,5181.58,5176.36,1.6569630212431157,1.18309859154938,11,2026-02-25 11:00:00,2.0,4
31979,1,5184.89,5179.17,1.486280487804878,1.2348496530455724,11,2026-02-25 11:05:00,-1.0,4
31997,1,5179.0,5173.51,0.9566982408660352,1.0499999999999348,12,2026-02-25 12:35:00,-1.0,1
32028,-1,5187.28,5189.27,1.4318840579710146,0.4917049064597477,15,2026-02-25 15:10:00,-1.0,4
32029,-1,5187.01,5189.64,1.3652173913043477,0.6299401197604974,15,2026-02-25 15:15:00,-1.0,3
32034,-1,5187.12,5191.36,1.5905310300703774,0.9224553224552567,15,2026-02-25 15:40:00,2.0,4
32035,-1,5187.11,5191.09,1.3563659628918745,0.879974731522509,15,2026-02-25 15:45:00,2.0,3
32048,1,5188.65,5179.99,1.452290076335878,1.1734417344173174,16,2026-02-25 16:50:00,-1.0,4
32053,-1,5189.13,5195.77,1.1861328931077177,0.7775826014220245,17,2026-02-25 17:15:00,-1.0,3
32054,-1,5185.85,5191.57,1.061774616248596,0.6645091693634559,17,2026-02-25 17:20:00,-1.0,2
32100,1,5207.26,5191.57,1.6055776892430278,5.029997710098621,21,2026-02-25 21:10:00,-1.0,4
32108,-1,5205.62,5208.49,2.169429097605893,0.4356972457167594,21,2026-02-25 21:50:00,2.0,4
32146,1,5160.29,5155.6,1.7531687791861241,0.5034503910442717,2,2026-02-26 02:00:00,2.0,4
32147,1,5162.04,5156.41,1.3534704370179949,0.5868076235854723,2,2026-02-26 02:05:00,2.0,3
32177,1,5180.6,5174.53,1.134624468587624,0.8629163281885325,4,2026-02-26 04:35:00,2.0,2
32179,1,5180.86,5176.11,0.992183908045977,0.6960435419719226,4,2026-02-26 04:45:00,2.0,1
32197,-1,5193.79,5197.16,0.8543554006968641,0.8990091463414729,6,2026-02-26 06:15:00,-1.0,0
32198,-1,5193.76,5195.42,0.8783783783783784,0.4422454804947496,6,2026-02-26 06:20:00,-1.0,1
32208,-1,5198.09,5199.68,1.445983379501385,0.48592010478065584,7,2026-02-26 07:10:00,-1.0,4
32215,-1,5193.89,5200.12,1.8057921635434413,1.44093837766383,7,2026-02-26 07:45:00,2.0,4
32228,1,5193.4,5191.45,1.0700064226075787,0.4243083618277313,8,2026-02-26 08:50:00,-1.0,2
32229,1,5193.34,5190.53,1.0404624277456647,0.6688201292078201,8,2026-02-26 08:55:00,-1.0,2
32277,1,5171.47,5165.71,1.2566883586406363,1.2486838030350265,12,2026-02-26 12:55:00,-1.0,3
32291,1,5169.12,5163.12,1.3027777777777778,1.1957295373665635,14,2026-02-26 14:05:00,2.0,3
32320,1,5165.87,5139.81,1.8363880196691997,3.342249908391264,16,2026-02-26 16:30:00,-1.0,4
32331,1,5141.62,5130.43,1.1834640917320458,0.8831388466091376,17,2026-02-26 17:25:00,2.0,3
32356,1,5176.71,5171.93,0.9822667694680031,0.7935491521403849,19,2026-02-26 19:30:00,-1.0,1
32364,1,5173.4,5169.32,0.9639423076923077,0.6466659119211936,20,2026-02-26 20:10:00,-1.0,1
32365,1,5174.51,5172.12,0.893030794165316,0.39189505739054276,20,2026-02-26 20:15:00,-1.0,1
32369,1,5175.59,5160.4,1.264158743282348,2.181128205128258,20,2026-02-26 20:35:00,0.6739089164047163,3
32381,-1,5184.24,5190.85,0.8197484862598975,1.0661290322581338,21,2026-02-26 21:35:00,-1.0,0
32384,-1,5189.74,5194.0,0.937952430196484,0.9513479023768155,21,2026-02-26 21:50:00,-1.0,1
32385,-1,5187.09,5190.71,0.8906752411575563,0.8068778856869632,21,2026-02-26 21:55:00,-1.0,1
32406,1,5190.17,5186.67,0.45543415756181715,0.772748777795291,23,2026-02-26 23:40:00,-1.0,0
32427,-1,5188.23,5192.93,1.0849673202614378,1.0349166404530896,2,2026-02-27 02:25:00,2.0,2
32428,-1,5182.22,5189.85,1.6539162112932604,1.524257990867544,2,2026-02-27 02:30:00,-1.0,4
32446,-1,5193.42,5197.56,1.2285577383804505,0.7404190086868436,4,2026-02-27 04:00:00,-1.0,3
32448,-1,5194.56,5196.96,1.085076708507671,0.43060361399456365,4,2026-02-27 04:10:00,2.0,2
32449,-1,5191.64,5195.36,0.726027397260274,0.722330097087266,4,2026-02-27 04:15:00,2.0,0
32482,1,5184.44,5181.45,1.0634441087613293,0.9898321116101958,7,2026-02-27 07:00:00,2.0,2
32510,1,5182.76,5177.79,0.9723698193411264,1.1361854996734952,9,2026-02-27 09:20:00,-1.0,1
32513,1,5182.75,5180.23,0.5291912158543117,0.5285393258427954,9,2026-02-27 09:35:00,-1.0,0
32515,1,5181.33,5179.6,0.7759381898454746,0.3751548946715316,9,2026-02-27 09:45:00,-1.0,0
32523,1,5177.68,5174.95,0.9786130913804277,0.5927419354839776,10,2026-02-27 10:25:00,-1.0,1
32539,-1,5177.11,5182.74,1.5223642172523961,1.5764000000000018,11,2026-02-27 11:45:00,-1.0,4
32541,1,5175.99,5172.17,1.0977917981072556,0.9744897959182911,11,2026-02-27 11:55:00,-1.0,2
32545,1,5178.62,5173.3,1.3269992082343627,1.1592217898831887,12,2026-02-27 12:15:00,-1.0,3
32603,-1,5230.45,5236.81,1.1174661746617467,0.6546096162329516,17,2026-02-27 17:05:00,-1.0,2
32605,-1,5223.11,5240.2,1.1297662976629765,1.616403188758255,17,2026-02-27 17:15:00,-1.0,2
32612,-1,5234.38,5243.54,1.0170523751522533,0.9237861979541726,17,2026-02-27 17:50:00,-1.0,2
32613,-1,5239.36,5246.65,1.0012040939193256,0.7250639386189257,17,2026-02-27 17:55:00,-1.0,1
32618,-1,5230.02,5250.59,1.126998491704374,1.78592248062016,18,2026-02-27 18:20:00,-1.0,2
32632,1,5228.5,5220.77,0.9587155963302753,1.1680518078790536,19,2026-02-27 19:30:00,2.0,1
32698,-1,5376.5,5388.0,1.1947878382893418,0.5275920828417882,2,2026-03-02 02:00:00,2.0,3
32756,1,5358.41,5352.69,0.688673875924872,0.8970538814831583,6,2026-03-02 06:50:00,-1.0,0
32761,1,5349.28,5341.1,1.2093316519546027,1.2296789434123279,7,2026-03-02 07:15:00,2.0,3
32803,1,5409.69,5399.57,0.9561435302645886,1.212390895088111,10,2026-03-02 10:45:00,-1.0,1
32819,1,5390.87,5378.9,1.0935374149659864,1.5767783214151943,12,2026-03-02 12:05:00,-1.0,2
32823,1,5390.07,5383.78,0.8294573643410853,0.8891357027463686,12,2026-03-02 12:25:00,-1.0,0
32841,1,5385.27,5378.29,1.2833243389098759,0.8851449275362948,13,2026-03-02 13:55:00,2.0,3
32842,1,5386.86,5379.07,1.4646251319957762,1.032178686352439,14,2026-03-02 14:00:00,2.0,4
32850,-1,5396.54,5398.74,0.9868613138686131,0.3020200039223113,14,2026-03-02 14:40:00,2.0,1
32851,-1,5395.91,5398.57,0.9761557177615572,0.3690417203448421,14,2026-03-02 14:45:00,2.0,1
32855,-1,5397.54,5410.26,1.724470134874759,1.6328626444159309,15,2026-03-02 15:05:00,-1.0,4
32856,-1,5384.22,5400.94,1.6943430656934306,1.9458021612634286,15,2026-03-02 15:10:00,-1.0,4
32862,-1,5393.17,5407.6,1.2736799677549375,1.2533813128179905,15,2026-03-02 15:40:00,2.0,3
32864,-1,5393.46,5398.25,1.0156958493198465,0.4110579870050201,15,2026-03-02 15:50:00,2.0,2
32889,1,5315.95,5307.98,1.016441005802708,0.45572618853129665,17,2026-03-02 17:55:00,-1.0,2
32941,-1,5329.48,5344.27,1.6041016495764602,1.8815084052704396,22,2026-03-02 22:15:00,-1.0,4
32943,-1,5333.62,5346.42,1.3797849462365592,1.4572659998373763,22,2026-03-02 22:25:00,-1.0,3
32962,1,5345.71,5322.89,1.040045766590389,3.1710173697270068,1,2026-03-03 01:00:00,0.9525122037906237,2
32963,-1,5337.55,5347.11,0.897025171624714,1.3252797306663349,1,2026-03-03 01:05:00,-1.0,1
32995,-1,5352.1,5365.34,1.796576032225579,1.3709045188964992,3,2026-03-03 03:45:00,-1.0,4
32998,1,5348.13,5333.18,1.4634146341463414,1.3837101679227548,4,2026-03-03 04:00:00,-1.0,4
32999,1,5351.93,5341.3,1.2200920245398772,0.9139593441012145,4,2026-03-03 04:05:00,-1.0,3
33000,1,5350.07,5343.47,1.1913109756097562,0.5920799692425519,4,2026-03-03 04:10:00,2.0,3
33001,1,5349.13,5344.28,1.0254300673148842,0.434198746642828,4,2026-03-03 04:15:00,2.0,2
33027,-1,5372.02,5375.64,0.9690322580645161,0.637885462555063,6,2026-03-03 06:25:00,2.0,1
33028,-1,5371.77,5375.45,0.9022757697456493,0.6785196891873091,6,2026-03-03 06:30:00,2.0,1
33034,1,5362.15,5354.3,1.6110304789550072,1.3292210933719835,7,2026-03-03 07:00:00,-1.0,4
33035,1,5365.95,5359.18,1.3338171262699565,1.132783554440019,7,2026-03-03 07:05:00,-1.0,3
33081,1,5295.74,5290.37,1.2153602533650039,0.5361192326891373,10,2026-03-03 10:55:00,-1.0,3
33083,1,5295.66,5284.29,1.0971302428256071,1.0294250792213504,11,2026-03-03 11:05:00,-1.0,2
33139,1,5151.66,5127.54,1.068515497553018,1.1088562703181943,15,2026-03-03 15:45:00,-1.0,2
33141,1,5156.77,5140.61,0.8983143012506797,0.7001949800377918,15,2026-03-03 15:55:00,-1.0,1
33147,1,5146.03,5125.12,0.949908208759507,1.0830188679245127,16,2026-03-03 16:25:00,-1.0,1
33198,-1,5133.37,5137.26,0.9343957503320053,0.3195446811007681,20,2026-03-03 20:40:00,-1.0,1
33203,-1,5127.87,5141.99,0.9830508474576272,1.2457776657423556,21,2026-03-03 21:05:00,2.0,1
33219,-1,5122.97,5130.25,0.8250728862973761,0.6420561925160314,22,2026-03-03 22:25:00,2.0,0
33226,1,5105.36,5094.44,0.6814289932093298,0.9108674928503191,23,2026-03-03 23:00:00,-1.0,0
33232,1,5092.55,5084.04,0.5513646120821833,0.7699366679591646,23,2026-03-03 23:30:00,2.0,0
33233,1,5089.52,5085.69,0.41196634465565596,0.34435810159919567,23,2026-03-03 23:35:00,2.0,0
33236,1,5088.23,5083.62,0.6220319190346438,0.4624202908934176,23,2026-03-03 23:50:00,2.0,0
33238,1,5111.76,5084.25,1.719656283566058,2.706725701033089,1,2026-03-04 01:00:00,2.0,4
33256,-1,5124.92,5130.4,1.053968253968254,0.5789314820403987,2,2026-03-04 02:30:00,-1.0,2
33260,-1,5129.61,5140.38,1.098019801980198,1.0867027027027396,2,2026-03-04 02:50:00,-1.0,2
33287,1,5152.43,5141.21,0.9268904926262943,1.0058913934426525,5,2026-03-04 05:05:00,2.0,1
33318,-1,5160.32,5167.72,1.2466607301869992,0.8941054630189743,7,2026-03-04 07:40:00,2.0,3
33320,-1,5158.1,5168.33,1.1634372367312553,1.2078940710128552,7,2026-03-04 07:50:00,2.0,2
33336,-1,5167.73,5176.01,0.9623693379790941,0.7289190718732944,9,2026-03-04 09:10:00,-1.0,1
33337,-1,5165.55,5169.71,0.8628005657708628,0.4103720405862339,9,2026-03-04 09:15:00,-1.0,0
33339,-1,5167.68,5174.68,0.8514851485148515,0.7207472236522701,9,2026-03-04 09:25:00,2.0,0
33340,-1,5167.46,5170.47,0.7607758620689655,0.3342852609868524,9,2026-03-04 09:30:00,-1.0,0
33356,-1,5174.59,5182.14,0.8361381753764393,0.8716088067947668,10,2026-03-04 10:50:00,-1.0,0
33368,-1,5179.54,5183.81,0.7856510186005314,0.553877513203043,11,2026-03-04 11:50:00,-1.0,0
33394,-1,5201.51,5206.1,1.3640270104358503,0.8046581517656002,14,2026-03-04 14:00:00,2.0,3
33397,1,5183.85,5177.76,1.6942909760589318,0.9319051262433206,14,2026-03-04 14:15:00,-1.0,4
33430,1,5159.43,5143.77,1.2175235777304534,1.0083245182357432,17,2026-03-04 17:00:00,-1.0,3
33436,1,5161.44,5156.28,0.9574577139928242,0.31198445260202073,17,2026-03-04 17:30:00,-1.0,1
33468,1,5124.57,5117.46,1.1892430278884463,0.758457787259948,20,2026-03-04 20:10:00,-1.0,3
33470,1,5125.46,5110.96,1.1799468791500665,1.4133537561790792,20,2026-03-04 20:20:00,1.746868557914729,3
33472,1,5126.06,5120.31,0.9741035856573705,0.6238859180035663,20,2026-03-04 20:30:00,-1.0,1
33474,1,5125.33,5108.92,0.9681101040617657,1.6650239165096188,20,2026-03-04 20:40:00,1.6096277934414795,1
33490,-1,5134.28,5138.87,1.030331311245917,0.8602409638554614,22,2026-03-04 22:00:00,-1.0,2
33496,-1,5137.94,5140.45,0.9830827067669173,0.48927875243670416,22,2026-03-04 22:30:00,-1.0,1
33500,-1,5134.88,5139.96,1.3276915843911612,0.9150797735460681,22,2026-03-04 22:50:00,-1.0,3
33509,1,5137.56,5129.67,0.5742762221167537,1.3049025398700989,23,2026-03-04 23:35:00,2.0,0
33540,-1,5176.53,5186.5,1.8208955223880596,1.544197366965375,3,2026-03-05 03:10:00,-1.0,4
33541,-1,5179.7,5182.29,1.7621776504297995,0.3916612659321814,3,2026-03-05 03:15:00,2.0,4
33554,-1,5181.61,5188.04,0.8628571428571429,0.9282326252836012,4,2026-03-05 04:20:00,-1.0,0
33556,-1,5184.45,5187.31,0.9697959183673469,0.4222737819026313,4,2026-03-05 04:30:00,2.0,1
33560,-1,5187.56,5189.87,0.9484110606685927,0.32577818071917425,4,2026-03-05 04:50:00,-1.0,1
33564,-1,5185.87,5188.89,0.8475161987041037,0.4402790794543978,5,2026-03-05 05:10:00,-1.0,0
33566,-1,5187.12,5189.25,0.8455949137148048,0.3295027624309528,5,2026-03-05 05:20:00,-1.0,0
33587,1,5175.55,5173.74,1.0167064439140812,0.3854578643140346,7,2026-03-05 07:05:00,-1.0,2
33588,1,5175.66,5173.86,1.0217917675544794,0.40671400903811206,7,2026-03-05 07:10:00,-1.0,2
33592,1,5167.6,5164.36,2.1175510204081633,0.6756032171582903,7,2026-03-05 07:30:00,-1.0,4
33594,1,5166.49,5163.8,1.5246422893481717,0.5480209545982649,7,2026-03-05 07:40:00,-1.0,4
33638,-1,5172.06,5177.2,1.2192556634304208,0.6465989756491529,11,2026-03-05 11:20:00,2.0,3
33639,-1,5169.7,5173.09,0.9984375,0.4228062360802327,11,2026-03-05 11:25:00,2.0,1
33674,-1,5164.54,5170.48,1.1581001951854262,1.3606020942408092,14,2026-03-05 14:20:00,2.0,2
33724,1,5063.83,5053.96,1.005012531328321,0.7612384310268815,18,2026-03-05 18:30:00,-1.0,1
33725,1,5066.63,5057.88,1.0080200501253134,0.6849698054126623,18,2026-03-05 18:35:00,-1.0,1
33737,1,5067.46,5050.43,1.1398640996602492,1.6492805755395392,19,2026-03-05 19:35:00,0.4665646853146707,2
33770,-1,5080.81,5092.27,1.0672188595093979,1.2523612520490186,22,2026-03-05 22:20:00,-1.0,2
33771,-1,5080.72,5086.53,1.070886075949367,0.6394151403190965,22,2026-03-05 22:25:00,-1.0,2
33789,-1,5081.12,5084.95,0.5012165450121655,0.7180929422793657,23,2026-03-05 23:55:00,-1.0,0
33802,-1,5084.16,5086.87,1.9653179190751444,0.33380256906564193,2,2026-03-06 02:00:00,-1.0,4
33814,1,5075.55,5066.14,2.442204301075269,1.059088351153626,3,2026-03-06 03:00:00,2.0,4
33816,1,5077.15,5072.88,1.7459324155193992,0.4780105549335809,3,2026-03-06 03:10:00,2.0,4
33855,1,5129.63,5127.59,0.8884120171673819,0.48040370058871557,6,2026-03-06 06:25:00,-1.0,1
33857,1,5130.47,5128.41,0.6425567703952901,0.5473524387930409,6,2026-03-06 06:35:00,-1.0,0
33862,1,5128.69,5123.81,1.4094488188976377,1.3250581846390277,7,2026-03-06 07:00:00,-1.0,3
33865,1,5128.65,5125.75,0.9468503937007874,0.7253886010361752,7,2026-03-06 07:15:00,-1.0,1
33866,1,5127.85,5122.88,1.3125,1.1847437425507066,7,2026-03-06 07:20:00,-1.0,3
33867,1,5129.82,5125.85,1.1031746031746033,0.9366363329961357,7,2026-03-06 07:25:00,-1.0,2
33888,1,5111.39,5107.39,0.8569807037457434,0.7633587786259671,9,2026-03-06 09:10:00,2.0,0
33898,-1,5118.31,5121.69,1.2894736842105263,0.6587776694972859,10,2026-03-06 10:00:00,-1.0,3
33899,-1,5116.7,5123.06,1.4210526315789473,1.2104404567701028,10,2026-03-06 10:05:00,2.0,3
33904,1,5105.83,5096.38,1.3839762611275965,1.5027260336210375,10,2026-03-06 10:30:00,-1.0,3
33905,1,5108.28,5103.59,0.9947704822777454,0.7666082895504259,10,2026-03-06 10:35:00,-1.0,1
33906,1,5107.7,5105.53,0.7397101449275363,0.37180271692572103,10,2026-03-06 10:40:00,-1.0,0
33913,1,5101.37,5094.17,1.2136842105263157,1.0685889960775738,11,2026-03-06 11:15:00,-1.0,3
33915,1,5099.1,5095.24,1.054488842760768,0.5521610299377563,11,2026-03-06 11:25:00,-1.0,2
33946,1,5082.28,5076.38,1.7100994243851386,0.7394807520142858,14,2026-03-06 14:00:00,-1.0,4
33947,1,5086.55,5079.61,1.3957358294331774,0.8619588360540141,14,2026-03-06 14:05:00,-1.0,3
33969,-1,5085.15,5102.21,1.4816479400749063,1.2039520112914772,15,2026-03-06 15:55:00,-1.0,4
34000,1,5137.09,5133.17,0.8514548238897397,0.3626271970397865,18,2026-03-06 18:30:00,-1.0,0
34002,1,5142.05,5125.93,0.8758930934109552,1.489145496535794,18,2026-03-06 18:40:00,0.8360666622402083,0
34005,1,5140.03,5129.67,1.0028264556246467,0.9872039205009333,18,2026-03-06 18:55:00,2.0,1
34065,-1,5170.02,5175.03,0.5479616306954437,0.9691861268480335,23,2026-03-06 23:55:00,-1.0,0
34066,-1,5166.06,5197.81,2.372159090909091,4.5053719845936016,1,2026-03-09 01:00:00,2.0,4
34067,1,5158.1,5118.32,2.5582386363636362,3.958208955223951,1,2026-03-09 01:05:00,-1.0,4
34070,1,5150.31,5132.76,2.487215909090909,1.2824260138838328,1,2026-03-09 01:20:00,-1.0,4
34071,1,5155.48,5143.62,1.9857954545454546,0.8190203719232269,1,2026-03-09 01:25:00,-1.0,4
34074,1,5126.09,5105.99,2.569602272727273,1.0929853181076867,1,2026-03-09 01:40:00,-1.0,4
34076,1,5123.23,5104.2,1.8188084687346135,0.8894898504273345,1,2026-03-09 01:50:00,-1.0,4
34094,1,5047.64,5033.84,1.0272835112692764,0.7807637906647888,3,2026-03-09 03:20:00,-1.0,2
34102,1,5034.15,5014.49,1.4001236858379715,1.1964875673795727,4,2026-03-09 04:00:00,2.0,3
34117,-1,5078.72,5094.72,0.9167152009318579,1.092523045407976,5,2026-03-09 05:15:00,-1.0,1
34120,-1,5081.77,5088.87,1.1377352853301463,0.5645481910603254,5,2026-03-09 05:30:00,-1.0,2
34125,-1,5094.71,5099.31,0.8392585840170161,0.4095129085591083,5,2026-03-09 05:55:00,-1.0,0
34126,-1,5092.44,5099.36,0.8969734026291654,0.6553473584522915,6,2026-03-09 06:00:00,-1.0,1
34130,-1,5093.14,5097.89,0.75,0.5498139727159992,6,2026-03-09 06:20:00,-1.0,0
34131,-1,5084.17,5102.3,0.9562563580874873,2.0784474287586123,6,2026-03-09 06:25:00,-1.0,1
34150,1,5095.1,5080.95,1.5315315315315314,2.467613353263708,8,2026-03-09 08:00:00,2.0,4
34151,-1,5096.0,5102.17,1.4834834834834836,1.0020881670533888,8,2026-03-09 08:05:00,-1.0,4
34152,-1,5096.67,5099.62,1.2492492492492493,0.4719999999999807,8,2026-03-09 08:10:00,-1.0,3
34153,-1,5088.68,5097.89,1.1975975975975977,1.4764685675026141,8,2026-03-09 08:15:00,-1.0,3
34154,-1,5095.13,5104.62,1.975975975975976,1.3416136524285542,8,2026-03-09 08:20:00,-1.0,4
34155,-1,5095.62,5099.46,1.8198198198198199,0.5255645713168737,8,2026-03-09 08:25:00,-1.0,4
34187,-1,5102.69,5109.87,1.1368078175895766,0.9393514624801862,11,2026-03-09 11:05:00,-1.0,2
34192,1,5095.99,5087.3,1.1569839307787393,1.1284667470549576,11,2026-03-09 11:30:00,2.0,2
34193,1,5094.37,5091.53,0.9954676555418212,0.3706189410887596,11,2026-03-09 11:35:00,-1.0,1
34195,1,5100.76,5087.36,1.074552269887547,1.6291793313070622,11,2026-03-09 11:45:00,2.0,2
34206,-1,5102.92,5120.03,1.0301134141572155,1.760546817580464,12,2026-03-09 12:40:00,1.3725941766738334,2
34226,1,5084.54,5080.15,1.1619489559164733,0.5909047206999755,14,2026-03-09 14:20:00,2.0,2
34227,1,5085.79,5079.97,1.1406032482598607,0.7753354267770084,14,2026-03-09 14:25:00,2.0,2
34228,1,5086.1,5082.19,1.0505800464037123,0.5026168395924187,14,2026-03-09 14:30:00,2.0,2
34240,-1,5109.35,5112.18,1.0744730679156909,0.40474001430175555,15,2026-03-09 15:30:00,2.0,2
34255,1,5081.59,5068.79,1.734820322180917,1.2108926278802812,16,2026-03-09 16:45:00,-1.0,4
34258,1,5086.21,5073.33,1.4222674813306178,1.0648399669304383,17,2026-03-09 17:00:00,-1.0,3
34262,1,5080.29,5070.78,1.0627131986355287,0.6737513283740805,17,2026-03-09 17:20:00,2.0,2
34263,1,5081.7,5077.21,1.0165065287016506,0.31890822383438927,17,2026-03-09 17:25:00,2.0,2
34264,1,5088.71,5079.92,0.9714425189162802,0.6160700876095065,17,2026-03-09 17:30:00,2.0,1
34267,-1,5099.52,5116.12,0.8952892360263608,1.1287580747000387,17,2026-03-09 17:45:00,-1.0,1
34290,-1,5107.41,5110.75,0.8610240334378265,0.5674068680985637,19,2026-03-09 19:40:00,2.0,0
34299,1,5095.14,5091.93,1.0438335809806836,0.6577868852459205,20,2026-03-09 20:25:00,-1.0,2
34304,1,5098.83,5092.07,0.895164410058027,1.2881448210154336,20,2026-03-09 20:50:00,2.0,1
34329,-1,5141.06,5143.96,1.2007936507936507,0.35601543318129536,22,2026-03-09 22:55:00,-1.0,3
34330,-1,5139.83,5145.78,0.8327512611563834,0.7444811868799465,23,2026-03-09 23:00:00,-1.0,0
34331,-1,5142.24,5148.02,0.716336825766395,0.6966853207060594,23,2026-03-09 23:05:00,2.0,0
34341,1,5136.76,5134.16,0.49498997995991983,0.5097325304579785,23,2026-03-09 23:55:00,-1.0,0
34342,-1,5128.78,5150.09,1.607911576497964,3.1109489051095003,1,2026-03-10 01:00:00,-1.0,4
34350,1,5136.5,5128.82,1.0821643286573146,0.8474148802017847,1,2026-03-10 01:40:00,-1.0,2
34354,-1,5142.55,5154.71,1.4708860759493672,1.155658135903845,2,2026-03-10 02:00:00,-1.0,4
34356,-1,5146.29,5150.23,1.144528964306612,0.4362543498892263,2,2026-03-10 02:10:00,-1.0,2
34358,-1,5146.1,5155.78,1.0546697038724373,1.0543841904612983,2,2026-03-10 02:20:00,-1.0,2
34378,1,5145.31,5124.67,2.08648056923919,2.7656967840735383,4,2026-03-10 04:00:00,1.042846261266921,4
34407,1,5166.69,5161.8,0.9615841584158416,0.7550457703760214,6,2026-03-10 06:25:00,-1.0,1
34416,1,5164.4,5156.36,0.8092738407699037,1.473684210526307,7,2026-03-10 07:10:00,2.0,0
34450,1,5177.35,5170.85,1.300171526586621,1.510624169986748,10,2026-03-10 10:00:00,-1.0,3
34452,1,5174.72,5171.92,0.9977553310886644,0.6143237737032261,10,2026-03-10 10:10:00,-1.0,1
34457,1,5172.99,5167.83,0.9111842105263158,0.8837778321506993,10,2026-03-10 10:35:00,2.0,1
34460,-1,5177.78,5179.51,0.9380434782608695,0.30001238696898896,10,2026-03-10 10:50:00,-1.0,1
34462,-1,5177.61,5185.32,1.5052341597796144,1.2364261168384783,11,2026-03-10 11:00:00,-1.0,4
34466,-1,5178.76,5181.08,1.0413223140495869,0.38122065727694016,11,2026-03-10 11:20:00,-1.0,2
34468,-1,5185.02,5189.1,1.1535982814178303,0.73893919793011,11,2026-03-10 11:30:00,-1.0,2
34473,-1,5183.59,5189.54,1.0547159979155811,1.0442522251472608,11,2026-03-10 11:55:00,2.0,2
34475,-1,5184.09,5187.78,0.7829614604462475,0.6305382643719543,12,2026-03-10 12:05:00,-1.0,0
34487,1,5182.3,5175.57,1.1710306406685236,1.3678861788619006,13,2026-03-10 13:05:00,-1.0,3
34488,1,5181.58,5177.93,1.1574328030718595,0.7394009549992259,13,2026-03-10 13:10:00,-1.0,2
34500,-1,5187.25,5191.94,1.268385864374403,0.6217214278950399,14,2026-03-10 14:10:00,2.0,3
34502,-1,5184.49,5189.86,1.1927996210326859,0.705120990433307,14,2026-03-10 14:20:00,2.0,3
34556,-1,5228.06,5235.09,0.9046519300560871,0.9662281562929019,18,2026-03-10 18:50:00,2.0,1
34557,-1,5228.73,5231.44,0.7550335570469798,0.37890742035354164,18,2026-03-10 18:55:00,-1.0,0
34558,-1,5226.65,5230.51,0.8697135061391542,0.5393751871444993,19,2026-03-10 19:00:00,-1.0,0
34600,1,5186.37,5181.76,1.1260957518543493,0.4707512764405196,22,2026-03-10 22:30:00,2.0,2
34601,1,5192.88,5179.98,1.043848167539267,1.3214311846052997,22,2026-03-10 22:35:00,1.1107825904756885,2
34618,1,5192.07,5184.41,1.4010226442658875,1.77637899619013,1,2026-03-11 01:00:00,2.0,3
34621,1,5196.73,5188.74,0.9905040175310446,1.5302325581394856,1,2026-03-11 01:15:00,-1.0,1
34622,1,5196.63,5189.63,0.9441548771407298,1.2689369416029963,1,2026-03-11 01:20:00,-1.0,1
34642,-1,5190.38,5198.31,1.3686236766121271,1.7395800689439767,3,2026-03-11 03:00:00,-1.0,3
34706,1,5202.77,5200.67,1.1402805611222444,0.6492932862192105,8,2026-03-11 08:20:00,-1.0,2
34717,-1,5204.74,5210.71,1.708298407376362,1.153304815785902,9,2026-03-11 09:15:00,2.0,4
34732,1,5191.85,5190.14,1.1149747616376893,0.36217851739787776,10,2026-03-11 10:30:00,-1.0,2
34734,1,5191.62,5184.6,1.3838912133891212,1.3270321361057473,10,2026-03-11 10:40:00,-1.0,3
34735,1,5194.65,5190.01,1.0167364016736402,0.8616527390899428,10,2026-03-11 10:45:00,-1.0,2
34738,1,5195.18,5188.13,1.1746861924686192,1.3611915597848883,11,2026-03-11 11:00:00,-1.0,3
34743,1,5184.97,5181.1,1.140641158221303,0.6607317073170619,11,2026-03-11 11:25:00,-1.0,2
34744,1,5184.96,5182.4,0.9937952430196484,0.4237909424146355,11,2026-03-11 11:30:00,-1.0,1
34747,1,5185.11,5179.53,0.9329299041855774,0.8929020459480896,11,2026-03-11 11:45:00,-1.0,1
34748,1,5185.85,5183.38,0.8597654258031616,0.40682352941180233,11,2026-03-11 11:50:00,-1.0,0
34771,1,5187.48,5177.67,1.1333750782717595,1.9235294117646158,13,2026-03-11 13:45:00,-1.0,2
34774,1,5193.26,5186.02,1.0331872260488415,1.3596244131454958,14,2026-03-11 14:00:00,-1.0,2
34785,1,5181.28,5175.52,1.2538736591179975,1.0082520630156613,14,2026-03-11 14:55:00,2.0,3
34786,1,5185.52,5177.69,1.3551784669397309,1.2963576158942138,15,2026-03-11 15:00:00,-1.0,3
34792,-1,5181.67,5196.62,1.8194748358862145,2.269326683291776,15,2026-03-11 15:30:00,0.6001097446822219,4
34793,1,5177.48,5173.2,1.7816091954022988,0.6210613598673017,15,2026-03-11 15:35:00,-1.0,4
34794,1,5180.43,5175.03,1.4732510288065843,0.7752255947498771,15,2026-03-11 15:40:00,-1.0,4
34795,1,5176.96,5168.65,1.530938123752495,1.116292458261421,15,2026-03-11 15:45:00,-1.0,4
34796,1,5175.65,5172.88,1.2885261641862698,0.36782699421410675,15,2026-03-11 15:50:00,-1.0,3
34798,1,5176.54,5162.38,1.8571428571428572,1.6591898225644224,16,2026-03-11 16:00:00,-1.0,4
34800,1,5177.9,5175.08,1.3377956269522535,0.33651551312645517,16,2026-03-11 16:10:00,-1.0,3
34808,1,5168.47,5149.29,1.2383193277310924,1.9834539813857577,16,2026-03-11 16:50:00,-0.03750434078020167,3
34855,1,5166.36,5161.34,0.9826771653543307,0.8788295610853114,20,2026-03-11 20:45:00,2.0,1
34879,-1,5178.13,5179.85,0.9115734720416124,0.575525812619561,22,2026-03-11 22:45:00,-1.0,1
34884,-1,5178.1,5179.26,0.46935933147632314,0.3573943661971271,23,2026-03-11 23:10:00,-1.0,0
34894,-1,5178.25,5183.7,1.7538860103626943,1.8037825059100587,1,2026-03-12 01:00:00,2.0,4
34918,1,5131.08,5125.98,1.6503067484662577,0.5722070844686985,3,2026-03-12 03:00:00,2.0,4
34919,1,5137.39,5125.46,1.6116504854368932,1.5286472634084052,3,2026-03-12 03:05:00,2.0,4
34923,-1,5152.8,5158.21,1.2700057570523893,0.7066616906138935,3,2026-03-12 03:25:00,-1.0,3
34925,-1,5157.85,5161.48,1.0378874856486797,0.4534665833852817,3,2026-03-12 03:35:00,-1.0,2
34926,-1,5154.35,5158.75,0.7841561423650976,0.5652931999632446,3,2026-03-12 03:40:00,-1.0,0
34931,-1,5156.46,5159.49,1.630695443645084,0.4128868989682356,4,2026-03-12 04:05:00,-1.0,4
34932,-1,5157.3,5159.44,1.2215843857634903,0.30475027972731167,4,2026-03-12 04:10:00,-1.0,3
34948,-1,5165.43,5171.51,1.032934131736527,1.0748831923222801,5,2026-03-12 05:30:00,2.0,2
34954,1,5152.72,5148.38,1.087874324987727,0.7379159582220542,6,2026-03-12 06:00:00,-1.0,2
34955,1,5153.12,5150.69,0.9032891507118311,0.41457470143802905,6,2026-03-12 06:05:00,-1.0,1
34979,1,5146.8,5141.66,1.6485260770975056,1.5242533361576602,8,2026-03-12 08:05:00,-1.0,4
34981,1,5147.18,5145.22,1.3605442176870748,0.5497896213183848,8,2026-03-12 08:15:00,-1.0,3
34983,1,5143.04,5137.24,1.6394557823129252,1.4014497756300155,8,2026-03-12 08:25:00,2.0,4
34988,-1,5153.28,5156.74,1.1669505962521294,0.7163561076604834,8,2026-03-12 08:50:00,-1.0,2
34989,-1,5154.54,5157.81,1.2609736632083002,0.6569091691778874,8,2026-03-12 08:55:00,-1.0,3
35043,-1,5180.42,5185.02,0.8353014294592915,1.0697674418605205,13,2026-03-12 13:25:00,2.0,0
35054,1,5179.01,5172.81,1.119478638667632,1.5764620414092878,14,2026-03-12 14:20:00,-1.0,2
35057,1,5179.77,5175.46,1.0043795620437956,1.0958953868508021,14,2026-03-12 14:35:00,-1.0,1
35068,1,5172.82,5170.27,1.6044568245125348,0.5324384787470502,15,2026-03-12 15:30:00,-1.0,4
35070,1,5174.02,5168.66,1.422694094226941,1.0508332166364283,15,2026-03-12 15:40:00,-1.0,3
35074,-1,5179.96,5186.06,1.5225311601150526,1.039561777236817,16,2026-03-12 16:00:00,2.0,4
35077,-1,5173.82,5184.62,1.5366759517177344,1.7640882044102495,16,2026-03-12 16:15:00,2.0,4
35078,1,5172.01,5158.52,1.5992714025500911,1.9434039925910307,16,2026-03-12 16:20:00,-1.0,4
35080,1,5166.5,5160.58,1.7471665213600698,0.8255802370754208,16,2026-03-12 16:30:00,-1.0,4
35092,1,5146.61,5143.72,0.9936955869108376,0.333718244803631,17,2026-03-12 17:30:00,-1.0,1
35094,1,5148.81,5139.87,0.9928741092636579,0.9926243159648567,17,2026-03-12 17:40:00,-1.0,1
35114,-1,5134.0,5138.11,0.9002175940317065,0.5516778523489435,19,2026-03-12 19:20:00,2.0,1
35115,-1,5131.76,5135.54,0.8755965637925549,0.5364963503649206,19,2026-03-12 19:25:00,-1.0,0
35118,-1,5135.04,5137.58,0.9012987012987013,0.34999999999999376,19,2026-03-12 19:40:00,2.0,1
35162,1,5081.66,5077.06,0.8778433024431339,0.7389558232930882,23,2026-03-12 23:20:00,-1.0,1
35167,1,5080.93,5072.01,0.6885102664919178,1.185719711355891,23,2026-03-12 23:45:00,2.0,0
35182,-1,5092.84,5096.12,1.021505376344086,0.5440113730600344,2,2026-03-13 02:00:00,-1.0,2
35183,-1,5094.01,5096.09,0.8145161290322581,0.34608985024957806,2,2026-03-13 02:05:00,-1.0,0
35184,-1,5090.66,5095.34,0.7024054982817869,0.835820895522456,2,2026-03-13 02:10:00,-1.0,0
35187,-1,5094.19,5099.28,1.1262295081967213,1.017418617932666,2,2026-03-13 02:25:00,-1.0,2
35190,-1,5094.77,5098.37,0.8098360655737705,0.7188703465981066,2,2026-03-13 02:40:00,-1.0,0
35235,1,5110.42,5108.19,0.8387909319899244,0.46479082923934806,6,2026-03-13 06:25:00,-1.0,0
35237,1,5109.22,5105.97,0.7131578947368421,0.7181186868686802,6,2026-03-13 06:35:00,2.0,0
35238,1,5110.74,5108.62,0.5644415069398546,0.4688783570299903,6,2026-03-13 06:40:00,2.0,0
35255,1,5105.8,5102.72,1.2967032967032968,0.8998330550918141,8,2026-03-13 08:05:00,-1.0,3
35263,1,5103.34,5098.56,2.331858407079646,1.199713158838274,8,2026-03-13 08:45:00,-1.0,4
35265,1,5103.23,5098.43,2.5528795811518323,1.0434782608694717,8,2026-03-13 08:55:00,-1.0,4
35266,1,5106.16,5101.6,2.2354145342886387,0.9397909612836157,9,2026-03-13 09:00:00,-1.0,4
35291,1,5072.69,5066.69,1.0163644405130474,0.8042125418860643,11,2026-03-13 11:05:00,-1.0,2
35292,1,5078.07,5071.08,0.9455992923485184,0.9300513210415958,11,2026-03-13 11:10:00,-1.0,1
35296,1,5077.79,5070.43,0.985632183908046,0.9632607273066845,11,2026-03-13 11:30:00,2.0,1
35321,1,5087.85,5082.23,0.9678688524590164,1.1457696228340202,13,2026-03-13 13:35:00,2.0,1
35325,-1,5094.87,5097.53,1.0469887491727332,0.520984890878542,13,2026-03-13 13:55:00,2.0,2
35326,-1,5095.0,5097.59,1.3262739907346128,0.5024944567627787,14,2026-03-13 14:00:00,2.0,3
35348,-1,5117.77,5121.43,1.2145045965270684,0.5305446262165774,15,2026-03-13 15:50:00,2.0,3
35349,-1,5118.38,5120.72,0.8972431077694235,0.3431803896920323,15,2026-03-13 15:55:00,2.0,1
35351,-1,5114.5,5121.14,1.2101790763430726,0.9865223389578938,16,2026-03-13 16:05:00,2.0,3
35387,1,5037.19,5018.54,1.0345590268178049,1.42552959161387,19,2026-03-13 19:05:00,-1.0,2
35390,1,5039.34,5030.56,0.9355819740116118,0.7005585318590928,19,2026-03-13 19:20:00,2.0,1
35391,1,5041.01,5034.06,0.8681227536632569,0.5588100160808523,19,2026-03-13 19:25:00,2.0,0
35407,-1,5046.37,5055.39,0.8961748633879781,1.2660918387809057,20,2026-03-13 20:45:00,2.0,1
35424,1,5040.0,5033.96,0.8677457560205291,1.0039178439985528,22,2026-03-13 22:10:00,-1.0,0
35426,1,5040.38,5035.33,0.9027777777777778,0.8445824871580665,22,2026-03-13 22:20:00,-1.0,1
35446,1,5015.75,4997.32,1.736413043478261,2.5853707414829787,1,2026-03-16 01:00:00,-1.0,4
35450,1,5009.8,4999.91,1.8790760869565217,1.090579710144979,1,2026-03-16 01:20:00,-1.0,4
35471,-1,5019.85,5028.68,1.297400611620795,0.6644450416554628,3,2026-03-16 03:05:00,2.0,3
35480,-1,5022.31,5027.5,0.8236173393124065,0.49566819019029107,3,2026-03-16 03:50:00,2.0,0
35482,1,5017.2,5011.56,1.43796711509716,0.5452662108969831,4,2026-03-16 04:00:00,-1.0,4
35525,-1,5018.77,5022.46,0.7708779443254818,0.8607130956346888,7,2026-03-16 07:35:00,2.0,0
35548,-1,5025.06,5029.58,0.9956756756756757,0.7665657177467636,9,2026-03-16 09:30:00,2.0,1
35557,1,5007.08,5000.66,1.3309964947421131,0.931398963730563,10,2026-03-16 10:15:00,-1.0,3
35560,1,5004.54,5002.35,0.8923385077616425,0.3365162989791855,10,2026-03-16 10:30:00,-1.0,1
35570,1,5001.59,4989.43,1.176022835394862,1.5515858549033554,11,2026-03-16 11:20:00,-1.0,3
35575,1,4992.84,4985.74,0.908029197080292,0.9305373525557513,11,2026-03-16 11:45:00,-1.0,1
35576,1,4995.71,4991.16,0.8019464720194647,0.5946601941747817,11,2026-03-16 11:50:00,-1.0,0
35587,1,4980.32,4972.63,1.1578426521524,1.2295568752854489,12,2026-03-16 12:45:00,-1.0,2
35594,1,4984.51,4979.11,1.1235059760956174,0.8501068255932462,13,2026-03-16 13:20:00,2.0,2
35620,-1,5022.48,5025.06,1.2567084078711985,0.3446236046179874,15,2026-03-16 15:30:00,2.0,3
35622,-1,5021.94,5024.59,0.9306409130816505,0.3478994748687848,15,2026-03-16 15:40:00,2.0,1
35631,-1,5021.49,5028.08,1.0278460278460277,1.0055585831062892,16,2026-03-16 16:25:00,-1.0,2
35639,-1,5032.75,5037.7,1.1625,0.6510098637857977,17,2026-03-16 17:05:00,2.0,2
35640,-1,5028.14,5037.58,1.1577522004062288,1.2123658379964803,17,2026-03-16 17:10:00,2.0,2
35655,1,4991.86,4985.13,0.8956469886702445,0.7561190915656434,18,2026-03-16 18:25:00,-1.0,1
35661,1,4987.05,4983.9,0.8868636077938403,0.39949270767286776,18,2026-03-16 18:55:00,2.0,1
35669,1,4983.91,4973.97,1.0575842696629214,1.378640776698979,19,2026-03-16 19:35:00,2.0,2
35670,1,4987.16,4983.5,0.9178370786516854,0.5031915938328435,19,2026-03-16 19:40:00,2.0,1
35671,1,4989.72,4983.26,1.0062477030503492,0.8845852895148817,19,2026-03-16 19:45:00,2.0,1
35711,-1,5018.74,5020.66,0.5542168674698795,0.3463024993558497,23,2026-03-16 23:05:00,2.0,0
35712,-1,5016.97,5021.7,0.5281306715063521,0.8668673910196936,23,2026-03-16 23:10:00,2.0,0
35717,1,5009.3,5007.78,0.4604452865940313,0.3347490954853799,23,2026-03-16 23:35:00,-1.0,0
35719,1,5009.46,5007.08,0.5275049115913556,0.5501981505944652,23,2026-03-16 23:45:00,-1.0,0
35722,1,5011.3,5006.84,1.2784704904405653,0.9698664181422727,1,2026-03-17 01:00:00,-1.0,3
35754,1,5001.84,4998.42,1.2774416594641314,0.6706821683709315,3,2026-03-17 03:40:00,-1.0,3
35756,1,5004.23,4998.05,1.6919191919191918,1.1950276243092486,3,2026-03-17 03:50:00,-1.0,4
35758,1,5002.9,4994.84,2.7175815433571997,1.395325831581433,4,2026-03-17 04:00:00,2.0,4
35764,-1,5012.87,5016.39,1.1723368655883992,0.6156921539230871,4,2026-03-17 04:30:00,-1.0,3
35789,-1,5028.01,5031.36,0.7863961813842482,0.849483789168518,6,2026-03-17 06:35:00,-1.0,0
35792,-1,5028.94,5030.17,0.6614276358873609,0.3370522607165115,6,2026-03-17 06:50:00,-1.0,0
35835,-1,5016.02,5018.74,0.7537154989384289,0.5546977421702991,10,2026-03-17 10:25:00,-1.0,0
35846,-1,5020.91,5029.59,1.2701185277604492,1.5569506726457887,11,2026-03-17 11:20:00,2.0,3
35866,1,5009.25,5007.28,1.3308080808080809,0.4187035069075942,13,2026-03-17 13:00:00,-1.0,3
35876,1,5003.39,4998.07,0.8787346221441125,0.9375629405841809,13,2026-03-17 13:50:00,2.0,1
35878,1,5001.62,4996.81,1.14166168559474,0.7843913803144157,14,2026-03-17 14:00:00,2.0,2
35912,-1,5012.72,5024.66,1.5683083511777303,1.6144485223101788,16,2026-03-17 16:50:00,2.0,4
35920,1,5009.02,5002.97,1.0472186287192755,0.7430476357575582,17,2026-03-17 17:30:00,-1.0,2
35950,-1,5004.87,5006.57,0.8496370549602489,0.3456288120824509,20,2026-03-17 20:00:00,-1.0,0
35952,-1,5003.39,5005.93,0.7757009345794392,0.5624802277760099,20,2026-03-17 20:10:00,-1.0,0
35955,-1,5002.7,5008.38,0.9819324430479183,1.4205073240443853,20,2026-03-17 20:25:00,0.11078436614442819,1
35957,-1,5003.1,5006.44,0.7304765718862635,0.8501818181816518,20,2026-03-17 20:35:00,-1.0,0
35959,1,4999.75,4996.46,0.7526617526617526,0.8038394415357907,20,2026-03-17 20:45:00,2.0,0
35966,-1,5006.6,5009.07,0.8938875305623472,0.6664097128539687,21,2026-03-17 21:20:00,2.0,1
35978,1,5000.55,4999.02,0.926980198019802,0.4767415980413056,22,2026-03-17 22:20:00,-1.0,1
35979,1,4999.91,4998.16,1.1712158808933002,0.5377524143985798,22,2026-03-17 22:25:00,-1.0,3
35981,1,5000.63,4999.3,1.193069306930693,0.4014661492022037,22,2026-03-17 22:35:00,-1.0,3
35983,1,5001.66,4999.05,1.4025347012673506,0.7689393939392757,22,2026-03-17 22:45:00,-1.0,3
35984,1,5001.68,4999.4,1.496420047732697,0.6638935108154744,22,2026-03-17 22:50:00,-1.0,4
35998,-1,5001.05,5006.64,0.8126858275520317,1.9693004529441989,1,2026-03-18 01:00:00,-1.0,0
36007,1,4999.99,4993.32,2.1058823529411765,1.7776508661717394,1,2026-03-18 01:45:00,2.0,4
36027,-1,5002.88,5005.82,1.6169590643274854,1.0318375532713477,3,2026-03-18 03:25:00,-1.0,4
36036,-1,5011.6,5015.84,1.562396006655574,0.9991583908432893,4,2026-03-18 04:10:00,2.0,4
36038,-1,5012.22,5015.84,1.192156862745098,0.8658807449171545,4,2026-03-18 04:20:00,2.0,3
36043,1,4998.96,4996.47,1.655867530597552,0.5399628252787749,4,2026-03-18 04:45:00,-1.0,4
36044,1,4998.63,4991.31,1.83585313174946,1.5072804824238712,4,2026-03-18 04:50:00,-1.0,4
36045,1,4998.71,4995.25,1.2194787379972565,0.7117249485748093,4,2026-03-18 04:55:00,-1.0,3
36047,1,5000.22,4996.55,1.0632911392405062,0.7298295454545637,5,2026-03-18 05:05:00,-1.0,2
36057,1,4991.95,4990.49,1.5995174909529555,0.33268229166666724,5,2026-03-18 05:55:00,-1.0,4
36059,1,4991.97,4986.92,1.2038614423622942,1.1451247165532825,6,2026-03-18 06:05:00,-1.0,3
36127,1,4988.49,4976.94,1.41375,1.9138359569180137,11,2026-03-18 11:45:00,-1.0,3
36220,-1,4878.38,4882.9,0.9271157167530224,0.7544110634238672,19,2026-03-18 19:30:00,-1.0,1
36253,1,4861.91,4856.65,0.9741650913673598,0.5091965150048522,22,2026-03-18 22:15:00,-1.0,1
36260,1,4843.68,4838.28,1.0660493827160493,0.541004723057144,22,2026-03-18 22:50:00,-1.0,2
36262,1,4846.48,4841.68,0.56,0.5019420376455627,23,2026-03-18 23:00:00,-1.0,0
36278,1,4821.66,4803.32,1.2405919661733615,1.7392128971076357,1,2026-03-19 01:20:00,2.0,3
36283,-1,4833.74,4838.9,0.9876434245366285,0.4850926672038539,1,2026-03-19 01:45:00,-1.0,1
36284,-1,4832.88,4838.98,0.9255834434169969,0.5611775528978361,1,2026-03-19 01:50:00,-1.0,1
36291,-1,4837.03,4840.8,0.9015384615384615,0.4530472103004851,2,2026-03-19 02:25:00,-1.0,1
36292,-1,4836.06,4840.33,0.7702564102564102,0.5748076923076387,2,2026-03-19 02:30:00,-1.0,0
36294,-1,4834.22,4842.58,0.7723076923076924,1.2023833983973438,2,2026-03-19 02:40:00,-1.0,0
36305,-1,4843.93,4848.78,1.2446808510638299,0.7329447322970004,3,2026-03-19 03:35:00,-1.0,3
36310,-1,4842.53,4853.35,2.039283651068746,1.538961698669231,4,2026-03-19 04:00:00,-1.0,4
36321,-1,4849.99,4859.18,0.8344125809435707,1.1013525081322244,4,2026-03-19 04:55:00,-1.0,0
36341,1,4855.1,4852.2,0.6580717488789237,0.5207798871217107,6,2026-03-19 06:35:00,-1.0,0
36356,1,4849.67,4846.3,1.0256864481842338,1.1169507575757032,7,2026-03-19 07:50:00,-1.0,2
36358,1,4852.99,4847.15,1.2524357838795395,1.8930307941653408,8,2026-03-19 08:00:00,-1.0,3
36359,-1,4848.83,4853.86,1.3587245349867139,1.5265553869498132,8,2026-03-19 08:05:00,2.0,3
36362,-1,4850.92,4853.98,1.0717449069973428,0.8686131386859919,8,2026-03-19 08:20:00,2.0,2
36391,1,4750.82,4738.85,0.9036065573770492,0.727564798332793,10,2026-03-19 10:45:00,-1.0,1
36392,1,4753.96,4746.12,0.6793442622950819,0.49323686693930285,10,2026-03-19 10:50:00,-1.0,0
36424,1,4698.64,4674.35,1.1062463514302394,1.542012424613418,13,2026-03-19 13:30:00,-1.0,2
36428,1,4677.94,4668.58,0.955477445811365,0.6135980520696507,13,2026-03-19 13:50:00,-1.0,1
36429,1,4679.06,4666.65,0.9268722466960353,0.8067421991085136,13,2026-03-19 13:55:00,-1.0,1
36489,1,4596.44,4586.88,0.9832349468713105,0.49265653182166746,18,2026-03-19 18:55:00,2.0,1
36490,1,4613.52,4593.03,0.9784513379114373,1.0227831853674492,19,2026-03-19 19:00:00,-1.0,1
36512,-1,4624.89,4629.88,0.993929796780153,0.3598434119707315,20,2026-03-19 20:50:00,2.0,1
36521,1,4606.34,4596.33,0.8730385164051355,0.9413582320145247,21,2026-03-19 21:35:00,2.0,0
36548,-1,4657.59,4661.92,0.5542009884678748,0.6001386001385941,23,2026-03-19 23:50:00,-1.0,0
36550,-1,4659.41,4663.17,1.078021978021978,0.4959954772449209,1,2026-03-20 01:00:00,-1.0,2
36556,-1,4650.91,4666.52,1.0932703659976388,1.8127073656271762,1,2026-03-20 01:30:00,-1.0,2
36571,1,4644.41,4635.34,0.8460634547591069,1.1935332268070091,2,2026-03-20 02:45:00,2.0,0
36578,-1,4647.52,4661.11,1.357619914996964,1.7756416238916468,3,2026-03-20 03:20:00,-1.0,3
36588,-1,4651.79,4669.35,2.2434052757793763,1.6905515059827085,4,2026-03-20 04:10:00,-1.0,4
36596,-1,4679.93,4686.06,1.1632165605095541,0.49375755134918203,4,2026-03-20 04:50:00,-1.0,2
36598,-1,4672.53,4683.06,1.009571074087203,0.8126343641475583,5,2026-03-20 05:00:00,-1.0,1
36608,-1,4698.2,4703.68,1.0399429386590584,0.5706634930080765,5,2026-03-20 05:50:00,-1.0,2
36609,-1,4698.53,4701.51,0.8252496433666191,0.33699515347339215,5,2026-03-20 05:55:00,-1.0,0
36631,1,4718.33,4715.51,0.8274456521739131,0.5870631970259459,7,2026-03-20 07:45:00,-1.0,0
36636,1,4718.44,4711.91,1.0445103857566767,1.2961860201331805,8,2026-03-20 08:10:00,-1.0,2
36675,-1,4722.78,4734.77,1.174089068825911,1.6562407498767397,11,2026-03-20 11:25:00,2.0,3
36693,1,4667.63,4659.85,1.190089358245329,0.7883613202084291,12,2026-03-20 12:55:00,-1.0,3
36696,1,4662.98,4650.31,1.1707513057452792,1.1748575970326454,13,2026-03-20 13:10:00,-1.0,2
36701,1,4668.82,4650.16,0.9366368805848904,1.528792134831456,13,2026-03-20 13:35:00,-1.0,1
36704,1,4649.4,4645.16,1.2012728719172634,0.34780570691977053,13,2026-03-20 13:50:00,-1.0,3
36706,1,4654.26,4636.94,1.2157009345794392,1.3320149417710871,14,2026-03-20 14:00:00,2.0,3
36712,-1,4666.95,4671.0,0.9142220571852953,0.36066407989315263,14,2026-03-20 14:30:00,-1.0,1
36714,-1,4669.39,4674.25,1.0483809523809524,0.4471314976670499,14,2026-03-20 14:40:00,-1.0,2
36715,-1,4665.51,4672.24,0.8297142857142857,0.6730480748624432,14,2026-03-20 14:45:00,-1.0,0
36732,1,4662.07,4653.71,1.2022849462365592,0.7841350663271729,16,2026-03-20 16:10:00,-1.0,3
36733,1,4664.94,4655.81,1.1351888667992047,0.8521901460096502,16,2026-03-20 16:15:00,-1.0,2
36738,1,4662.6,4646.77,1.3525621356244246,1.2569905280471874,16,2026-03-20 16:40:00,-1.0,3
36753,1,4564.22,4547.93,0.972443634707356,0.8050407709414287,17,2026-03-20 17:55:00,-1.0,1
36759,1,4562.94,4540.76,1.0085549132947977,1.2429251891285686,18,2026-03-20 18:25:00,-1.0,1
36763,1,4549.42,4544.14,0.9486277269528501,0.32018018798456477,18,2026-03-20 18:45:00,2.0,1
36788,1,4576.69,4562.99,0.8013573479509266,1.1728017610370332,20,2026-03-20 20:50:00,-1.0,0
36795,1,4554.57,4546.65,1.1119054165521034,0.6961325966850903,21,2026-03-20 21:25:00,-1.0,2
36823,1,4497.3,4493.5,0.48284960422163586,0.4011461318051771,23,2026-03-20 23:45:00,-1.0,0
36827,1,4511.27,4472.7,1.365814696485623,2.8690292758089684,1,2026-03-23 01:05:00,-1.0,3
36828,1,4507.12,4489.71,1.2731629392971247,1.197798417612645,1,2026-03-23 01:10:00,-1.0,3
36829,-1,4514.43,4520.92,0.9928115015974441,0.42998438313376924,1,2026-03-23 01:15:00,-1.0,1
36832,-1,4512.95,4526.63,1.2845326716294458,0.7990654205607636,1,2026-03-23 01:30:00,2.0,3
36882,1,4384.63,4369.8,0.9190382728164868,0.73283682185592,5,2026-03-23 05:40:00,-1.0,1
36907,-1,4369.1,4376.67,0.6748377793799567,0.7655301935856417,7,2026-03-23 07:45:00,-1.0,0
36965,-1,4240.58,4284.87,1.046318868844466,1.8060175341508207,12,2026-03-23 12:35:00,-1.0,2
36980,-1,4262.74,4281.98,1.1454088752442089,1.1812998859749035,13,2026-03-23 13:50:00,-1.0,2
37006,-1,4453.87,4485.34,1.049620026821636,1.0408712908712954,16,2026-03-23 16:00:00,-1.0,2
37023,-1,4486.51,4512.76,0.985742487387585,1.1084969686001214,17,2026-03-23 17:25:00,2.0,1
37025,-1,4481.14,4501.64,0.9854689564068693,0.8325114579103053,17,2026-03-23 17:35:00,2.0,1
37039,1,4402.39,4395.39,1.0033355570380253,0.3245140567568446,18,2026-03-23 18:45:00,-1.0,1
37078,-1,4436.49,4450.65,0.944575781455214,1.0130825838103,22,2026-03-23 22:00:00,2.0,1
37081,1,4405.11,4395.88,1.06885593220339,0.612881806108871,22,2026-03-23 22:15:00,-1.0,2
37082,1,4402.56,4392.96,1.0328389830508475,0.6366650876362171,22,2026-03-23 22:20:00,-1.0,2
37083,1,4410.61,4400.1,0.9449152542372882,0.6886642328933401,22,2026-03-23 22:25:00,-1.0,1
37091,1,4399.37,4390.89,0.6872628726287263,0.580793503253236,23,2026-03-23 23:05:00,-1.0,0
37103,1,4384.34,4360.78,1.4040234702430847,2.026168683580096,1,2026-03-24 01:05:00,2.0,3
37104,1,4398.36,4377.89,1.0544844928751047,1.6819062151534143,1,2026-03-24 01:10:00,2.0,2
37141,1,4346.7,4331.2,1.2402579198205774,0.6249639997696063,4,2026-03-24 04:15:00,-1.0,3
37150,1,4333.16,4314.11,1.0577933450087567,0.9440039643211267,5,2026-03-24 05:00:00,-1.0,2
37154,1,4336.18,4312.79,0.9987718005404078,1.2465643914880895,5,2026-03-24 05:20:00,1.7616961202647496,1
37174,1,4352.46,4346.41,0.7622074544929212,0.5484330484330696,7,2026-03-24 07:00:00,-1.0,0
37175,1,4352.11,4347.7,0.7395864548996104,0.40316050672585996,7,2026-03-24 07:05:00,-1.0,0
37179,1,4339.56,4331.27,0.8322237017310253,0.7701904572300737,7,2026-03-24 07:25:00,-1.0,0
37188,1,4335.37,4324.73,1.2214971209213052,1.0167918088737515,8,2026-03-24 08:10:00,-1.0,3
37197,-1,4347.53,4355.67,1.2411684782608696,0.5803921568627619,8,2026-03-24 08:55:00,-1.0,3
37200,-1,4366.67,4375.66,1.130073505912432,0.5898673665463559,9,2026-03-24 09:10:00,-1.0,2
37220,-1,4421.11,4433.15,1.0238888888888888,0.9718634686346755,10,2026-03-24 10:50:00,-1.0,2
37221,-1,4417.38,4425.57,0.9818381948266374,0.6523297491039092,10,2026-03-24 10:55:00,2.0,1
37230,1,4400.49,4396.41,0.8286273413474979,0.32963988919667225,11,2026-03-24 11:40:00,2.0,0
37231,1,4409.59,4398.62,0.8675105485232067,0.875948211943218,11,2026-03-24 11:45:00,2.0,0
37242,-1,4416.0,4421.37,0.8915286026883401,0.5316455696202429,12,2026-03-24 12:40:00,-1.0,1
37243,-1,4417.26,4420.52,0.7485086342229199,0.32936422024971385,12,2026-03-24 12:45:00,-1.0,0
37252,-1,4416.61,4422.26,1.0007102272727273,0.7058088694566423,13,2026-03-24 13:30:00,-1.0,1
37258,-1,4409.3,4442.0,1.6161770316673025,2.314225053078547,14,2026-03-24 14:00:00,-0.056303042848270465,4
37292,1,4366.88,4353.72,1.0934442270058709,0.8159433126660666,16,2026-03-24 16:50:00,2.0,2
37304,-1,4425.32,4433.83,1.0389610389610389,0.5115500214684553,17,2026-03-24 17:50:00,2.0,2
37305,-1,4416.0,4428.83,1.0377402176429729,0.7434910385363613,17,2026-03-24 17:55:00,2.0,2
37382,-1,4478.51,4485.03,0.5263893743446347,0.3712682014154133,1,2026-03-25 01:20:00,2.0,0
37435,-1,4590.43,4602.54,1.056195462478185,1.4277052631578453,5,2026-03-25 05:45:00,2.0,2
37470,1,4566.66,4557.25,1.8414390406395735,1.5345369831100617,8,2026-03-25 08:40:00,-1.0,4
37474,1,4550.24,4546.49,1.722256664600124,0.5215059104003269,9,2026-03-25 09:00:00,-1.0,4
37478,1,4551.31,4547.63,1.0424710424710424,0.4009962640100014,9,2026-03-25 09:20:00,-1.0,2
37492,-1,4554.99,4561.05,1.0100480559196157,0.987315256604285,10,2026-03-25 10:30:00,2.0,1
37493,1,4546.87,4542.75,1.203145478374836,0.6130300775852794,10,2026-03-25 10:35:00,-1.0,3
37495,1,4544.72,4539.69,1.1061598951507208,0.7232207045292107,10,2026-03-25 10:45:00,-1.0,2
37496,1,4544.88,4542.5,0.8562691131498471,0.3449275362318986,10,2026-03-25 10:50:00,-1.0,0
37498,1,4545.68,4535.95,1.4316450022411475,1.2619974059663224,11,2026-03-25 11:00:00,-1.0,4
37502,-1,4562.63,4567.69,1.1464063886424134,0.613067935958392,11,2026-03-25 11:20:00,2.0,2
37519,1,4537.81,4527.72,1.339441899208663,1.2237719830200653,12,2026-03-25 12:45:00,2.0,3
37533,-1,4558.89,4561.68,0.7861097131353799,0.4358888516906554,13,2026-03-25 13:55:00,-1.0,0
37553,1,4553.73,4537.88,1.467866323907455,1.4846781747624087,15,2026-03-25 15:35:00,-1.0,4
37564,-1,4568.59,4576.51,1.4217821782178217,0.5792195580630067,16,2026-03-25 16:30:00,2.0,3
37580,-1,4568.22,4579.18,0.8786545924967658,1.0107371055925116,17,2026-03-25 17:50:00,2.0,1
37585,1,4546.44,4525.06,1.1603217158176944,2.013995424572662,18,2026-03-25 18:15:00,-1.0,2
37608,1,4551.16,4543.46,0.9640831758034026,0.9696860663847846,20,2026-03-25 20:10:00,-1.0,1
37609,1,4546.07,4542.77,0.8676610599809584,0.41286863270768176,20,2026-03-25 20:15:00,2.0,0
37615,-1,4559.1,4562.18,0.7646657571623465,0.4230354164622706,20,2026-03-25 20:45:00,2.0,0
37618,-1,4552.42,4569.04,1.3095487932843652,1.8447633394117042,21,2026-03-25 21:00:00,2.0,3
37663,-1,4518.46,4533.14,1.0610820244328099,1.3142345568487195,1,2026-03-26 01:45:00,-1.0,2
37674,1,4494.95,4489.19,1.0623655913978494,0.5401205626256059,2,2026-03-26 02:40:00,2.0,2
37676,1,4495.72,4491.56,0.9934924078091106,0.4127569099928973,2,2026-03-26 02:50:00,2.0,1
37677,1,4498.33,4494.66,0.7833698030634574,0.39314408141403945,2,2026-03-26 02:55:00,2.0,0
37681,-1,4527.65,4535.47,1.5574468085106383,0.7737649303838301,3,2026-03-26 03:15:00,-1.0,4
37688,-1,4528.31,4539.32,1.4205315268368943,1.1937732342006613,3,2026-03-26 03:50:00,-1.0,3
37693,-1,4530.16,4538.63,1.4118173679498658,0.924384159650787,4,2026-03-26 04:15:00,2.0,3
37694,-1,4531.58,4537.25,0.9726681127982646,0.6764380059650631,4,2026-03-26 04:20:00,2.0,1
37708,1,4523.48,4520.31,0.9599686028257457,0.41115434500638154,5,2026-03-26 05:30:00,-1.0,1
37729,-1,4517.28,4519.81,0.5315095261358085,0.457268267493007,7,2026-03-26 07:15:00,-1.0,0
37730,-1,4518.7,4520.34,0.6483739837398373,0.31482243246954505,7,2026-03-26 07:20:00,-1.0,0
37733,-1,4517.39,4520.05,0.7096354166666666,0.6086956521738679,7,2026-03-26 07:35:00,-1.0,0
37734,-1,4518.04,4519.7,0.8804500703234881,0.43068939955518076,7,2026-03-26 07:40:00,-1.0,1
37738,-1,4518.41,4522.3,1.257700976709241,0.9768609865471515,8,2026-03-26 08:00:00,2.0,3
37739,-1,4511.89,4518.9,1.4891059353869271,1.7403794999111222,8,2026-03-26 08:05:00,2.0,4
37771,-1,4458.7,4463.12,0.8820586132952108,0.46425088153650396,10,2026-03-26 10:45:00,2.0,1
37777,1,4445.43,4433.92,1.2297000731528895,1.1546288334766444,11,2026-03-26 11:15:00,-1.0,3
37804,-1,4439.61,4443.85,0.8497049635543215,0.4572132789032623,13,2026-03-26 13:30:00,2.0,0
37805,-1,4431.02,4444.53,0.9264861062258178,1.353901216893284,13,2026-03-26 13:35:00,-1.0,1
37814,-1,4447.65,4456.72,0.9180204004533434,0.9094034233331559,14,2026-03-26 14:20:00,2.0,1
37815,-1,4443.33,4448.7,1.0810603150211295,0.5525909592061622,14,2026-03-26 14:25:00,-1.0,2
37818,-1,4440.73,4451.96,1.0710718401844026,1.158073070123787,14,2026-03-26 14:40:00,-1.0,2
37820,1,4427.41,4419.99,1.2493276988090665,0.7818756585879862,14,2026-03-26 14:50:00,-1.0,3
37822,1,4425.54,4416.58,1.3290517567057045,0.9463598642021774,15,2026-03-26 15:00:00,2.0,3
37823,1,4439.76,4422.91,1.2785793562708103,1.668434825659534,15,2026-03-26 15:05:00,-1.0,3
37840,-1,4442.68,4451.29,1.3402843601895735,0.8427602600852556,16,2026-03-26 16:30:00,-1.0,3
37841,-1,4434.5,4446.98,1.3181674565560821,1.1818181818181321,16,2026-03-26 16:35:00,-1.0,3
37850,-1,4459.03,4469.7,0.9546065001343003,0.790579518391115,17,2026-03-26 17:20:00,-1.0,1
37851,-1,4459.12,4465.91,1.0136986301369864,0.48554499948922064,17,2026-03-26 17:25:00,-1.0,1
37854,-1,4460.27,4479.57,1.1425630468347916,1.2825137649515408,17,2026-03-26 17:40:00,2.0,2
37856,-1,4449.46,4468.55,1.0574425574425574,1.3016120391564903,17,2026-03-26 17:50:00,2.0,2
37858,-1,4459.76,4469.12,0.9387655525737985,0.6058812650267941,18,2026-03-26 18:00:00,2.0,1
37900,1,4382.01,4373.49,0.8904677323860273,0.9563056201395607,21,2026-03-26 21:30:00,-1.0,1
37920,-1,4397.02,4413.49,1.3187454412837345,1.3910472972972554,23,2026-03-26 23:10:00,-1.0,3
37921,-1,4396.79,4404.18,1.5681983953318746,0.5710343305000825,23,2026-03-26 23:15:00,-1.0,4
37928,-1,4375.63,4403.87,1.4344876829703677,1.5506137977016823,23,2026-03-26 23:50:00,-1.0,4
37959,1,4391.26,4386.15,1.547085201793722,0.6978831333529278,3,2026-03-27 03:25:00,-1.0,4
37961,1,4390.22,4387.26,1.5007235890014472,0.3997299122214766,3,2026-03-27 03:35:00,-1.0,4
37962,1,4391.06,4387.79,1.2955801104972375,0.4517020226936946,3,2026-03-27 03:40:00,-1.0,3
37966,1,4388.59,4377.46,2.239247311827957,1.5341144038594403,4,2026-03-27 04:00:00,2.0,4
37987,-1,4430.16,4440.58,0.938194753223655,1.276513825691276,5,2026-03-27 05:45:00,-1.0,1
37992,1,4429.65,4422.59,0.823021582733813,0.8865369091397637,6,2026-03-27 06:10:00,2.0,0
37998,-1,4436.13,4446.19,0.9336016096579477,1.3333333333332644,6,2026-03-27 06:40:00,-1.0,1
38014,-1,4443.11,4446.24,1.2426532325776658,0.8348256810821724,8,2026-03-27 08:00:00,-1.0,3
38015,-1,4444.28,4447.7,1.3282955499580185,0.8496894409938426,8,2026-03-27 08:05:00,-1.0,3
38016,-1,4443.96,4446.46,1.0596137699412258,0.6185931424531844,8,2026-03-27 08:10:00,-1.0,2
38017,-1,4445.18,4447.03,1.0764063811922755,0.47082348663866774,8,2026-03-27 08:15:00,-1.0,2
38039,1,4455.9,4447.89,0.979372197309417,0.9829943899017313,10,2026-03-27 10:05:00,-1.0,1
38047,1,4451.48,4447.61,0.9113379903277807,0.6046200200870107,10,2026-03-27 10:45:00,-1.0,1
38109,-1,4437.93,4441.99,0.990325417766051,0.5295816640267581,15,2026-03-27 15:55:00,2.0,1
38110,-1,4433.6,4443.79,1.557231588287489,1.2679761798950477,16,2026-03-27 16:00:00,-1.0,4
38155,1,4520.25,4506.36,0.9108744394618834,1.4885180649112273,19,2026-03-27 19:45:00,-1.0,1
38177,-1,4518.49,4528.75,0.9921367521367521,1.1361227556751068,21,2026-03-27 21:35:00,2.0,1
38179,-1,4519.28,4525.98,0.857338351009237,0.7347066656222924,21,2026-03-27 21:45:00,2.0,0
38190,1,4510.03,4500.92,1.260263053009167,1.1053908823019178,22,2026-03-27 22:40:00,-1.0,3
38191,1,4509.55,4503.39,1.2076524511757671,0.8106025002349629,22,2026-03-27 22:45:00,-1.0,3
38192,1,4515.79,4506.91,1.2499003587086488,1.1980341139057629,22,2026-03-27 22:50:00,-1.0,3
38202,1,4505.39,4498.5,0.7172538392050587,0.8908385666790174,23,2026-03-27 23:40:00,-1.0,0
38206,1,4512.98,4467.61,2.082098061573546,4.580845232943855,1,2026-03-30 01:00:00,-1.0,4
38209,1,4506.33,4491.31,1.9042189281641961,1.1522823168392382,1,2026-03-30 01:15:00,-1.0,4
38219,1,4477.74,4464.69,1.2635283765948087,0.776686647111344,2,2026-03-30 02:05:00,-1.0,3
38252,-1,4464.09,4474.15,0.8332838038632987,0.8284705882352433,4,2026-03-30 04:50:00,-1.0,0
38354,-1,4531.81,4540.04,1.0612021857923497,1.3432035439495287,13,2026-03-30 13:20:00,-1.0,2
38363,1,4534.99,4527.24,1.1186813186813187,1.3350559862187399,14,2026-03-30 14:05:00,2.0,2
38364,-1,4538.51,4540.68,1.09010989010989,0.3694066147859933,14,2026-03-30 14:10:00,-1.0,2
38398,1,4529.48,4522.5,1.3985239852398523,0.6201688138604687,17,2026-03-30 17:00:00,-1.0,3
38399,1,4526.24,4518.02,1.338494018296974,0.7054063994114946,17,2026-03-30 17:05:00,-1.0,3
38400,1,4533.82,4521.72,1.2593822650282298,1.0126733620276938,17,2026-03-30 17:10:00,-1.0,3
38405,1,4528.27,4521.95,1.01141107709435,0.4893534649632703,17,2026-03-30 17:35:00,2.0,1
38422,-1,4540.05,4549.73,0.9496836396504972,1.1569062660064109,19,2026-03-30 19:00:00,2.0,1
38423,-1,4541.18,4544.52,0.9604900459418071,0.4045682644056212,19,2026-03-30 19:05:00,-1.0,1
38435,1,4534.96,4531.95,0.988973121984838,0.44437414320366014,20,2026-03-30 20:05:00,-1.0,1
38451,1,4513.79,4511.57,0.9157303370786517,0.31795396419440397,21,2026-03-30 21:25:00,-1.0,1
38482,-1,4517.76,4523.78,1.3884057971014492,1.1482288828336602,1,2026-03-31 01:00:00,2.0,3
38494,1,4502.64,4498.82,2.0069444444444446,0.5925105251496684,2,2026-03-31 02:00:00,-1.0,4
38497,1,4506.69,4497.89,1.6643518518518519,1.2919463087247298,2,2026-03-31 02:15:00,2.0,4
38504,-1,4513.65,4521.06,1.2153846153846153,1.06618705035983,2,2026-03-31 02:50:00,-1.0,3
38508,-1,4516.22,4523.39,1.7038167938931297,0.8660167371236471,3,2026-03-31 03:10:00,2.0,4
38510,1,4494.0,4482.76,2.1551976573938507,1.168399168399151,3,2026-03-31 03:20:00,2.0,4
38511,1,4512.43,4490.81,2.187323943661972,2.04610288650037,3,2026-03-31 03:25:00,2.0,4
38567,-1,4561.82,4570.72,1.132822477650064,1.5369433822623766,8,2026-03-31 08:05:00,-1.0,2
38568,1,4550.39,4547.46,1.5836526181353767,0.4443240901213715,8,2026-03-31 08:10:00,2.0,4
38569,1,4558.01,4550.07,1.3001277139208174,1.1996546514138733,8,2026-03-31 08:15:00,2.0,3
38577,-1,4568.88,4574.72,1.5456595264937993,0.7259167184586756,8,2026-03-31 08:55:00,2.0,4
38596,1,4557.07,4552.0,0.8171174808235769,0.790423162583488,10,2026-03-31 10:30:00,2.0,0
38609,-1,4570.39,4575.35,1.0055197792088317,0.8346153846153743,11,2026-03-31 11:35:00,2.0,1
38610,-1,4571.54,4573.63,0.8777372262773723,0.35561497326205005,11,2026-03-31 11:40:00,2.0,1
38611,-1,4572.1,4574.22,0.8837638376383764,0.3716038562664059,11,2026-03-31 11:45:00,2.0,1
38643,-1,4575.24,4583.39,1.602954755309326,0.7808116061042055,14,2026-03-31 14:25:00,-1.0,4
38651,-1,4591.88,4597.61,1.0824175824175823,0.5125223613595301,15,2026-03-31 15:05:00,2.0,2
38659,1,4573.39,4569.29,0.7920367534456355,0.43507920867130573,15,2026-03-31 15:45:00,2.0,0
38660,1,4574.29,4569.52,0.711791730474732,0.5199314855184838,15,2026-03-31 15:50:00,2.0,0
38661,1,4574.85,4571.04,0.753343701399689,0.42733536292265756,15,2026-03-31 15:55:00,-1.0,0
38663,1,4581.33,4567.93,0.9845279444269024,1.3797161138486307,16,2026-03-31 16:05:00,2.0,1
38680,-1,4620.84,4630.05,1.0713507625272332,0.7192904161553071,17,2026-03-31 17:30:00,2.0,2
38700,1,4612.06,4607.08,0.8651877133105802,0.5904471544715921,19,2026-03-31 19:10:00,2.0,0
38766,-1,4684.65,4696.77,1.4828341855368883,1.1450938048320416,1,2026-04-01 01:40:00,-1.0,4
38767,1,4671.06,4661.73,1.6975894813732653,0.7927413970990554,1,2026-04-01 01:45:00,2.0,4
38781,-1,4696.41,4699.77,1.41222366710013,0.46473029045651504,2,2026-04-01 02:55:00,-1.0,3
38794,-1,4703.8,4724.05,1.8105747126436782,2.0580762250453586,4,2026-04-01 04:00:00,1.2228189502653946,4
38803,1,4691.43,4686.87,0.9413479052823315,0.399249530956884,4,2026-04-01 04:45:00,-1.0,1
38804,1,4695.28,4686.31,0.9959927140255009,0.7498656475786191,4,2026-04-01 04:50:00,-1.0,1
38805,1,4692.77,4687.16,0.9963636363636363,0.4579858883900441,4,2026-04-01 04:55:00,-1.0,1
38806,1,4695.3,4686.68,1.0091340884179758,0.7151831219627787,5,2026-04-01 05:00:00,-1.0,1
38814,1,4681.71,4678.2,0.7373036170990135,0.42457231726285766,5,2026-04-01 05:40:00,2.0,0
38816,1,4687.14,4679.74,0.7531598513011153,0.9511568123394011,5,2026-04-01 05:50:00,-1.0,0
38848,-1,4693.27,4695.3,1.8727662616154397,0.4186800235709544,8,2026-04-01 08:30:00,-1.0,4
38853,-1,4684.35,4695.7,1.5918106206014075,1.8042466220051423,8,2026-04-01 08:55:00,-1.0,4
38861,-1,4702.59,4709.03,1.1985361390667886,0.8537878787878301,9,2026-04-01 09:35:00,-1.0,3
38872,-1,4731.72,4736.11,1.0,0.5143526654949454,10,2026-04-01 10:30:00,-1.0,1
38874,-1,4730.66,4741.81,1.0721003134796239,1.1438411372463275,10,2026-04-01 10:40:00,-1.0,2
38878,1,4721.69,4710.45,1.180364447750093,1.0779558843676904,11,2026-04-01 11:00:00,2.0,3
38906,-1,4725.27,4729.25,0.9781312127236581,0.6361456787303845,13,2026-04-01 13:20:00,-1.0,1
38908,-1,4727.05,4732.02,0.9384460141271443,0.7855046285843795,13,2026-04-01 13:30:00,-1.0,1
38939,1,4729.0,4718.14,1.2660996354799514,0.9384026663374584,16,2026-04-01 16:05:00,2.0,3
38954,-1,4739.76,4754.79,1.0661157024793388,1.3224813022437036,17,2026-04-01 17:20:00,-1.0,2
38986,-1,4789.12,4791.9,0.8831168831168831,0.49878251954372693,20,2026-04-01 20:00:00,2.0,1
38987,-1,4790.62,4792.76,0.8623161071293851,0.3898503578400103,20,2026-04-01 20:05:00,2.0,0
38988,-1,4788.59,4791.45,0.7361002349256069,0.5522758620689092,20,2026-04-01 20:10:00,2.0,0
39030,1,4759.98,4754.4,0.47125932426502853,0.9188426252646269,23,2026-04-01 23:40:00,-1.0,0
39033,1,4758.25,4756.59,0.422271223814774,0.30667722354180577,23,2026-04-01 23:55:00,-1.0,0
39034,1,4759.42,4756.3,0.4682080924855491,0.6238217652099224,1,2026-04-02 01:00:00,-1.0,0
39036,1,4759.1,4756.1,0.6661596958174905,0.5981201936770206,1,2026-04-02 01:10:00,2.0,0
39041,-1,4774.43,4781.5,1.5633802816901408,1.153209833391554,1,2026-04-02 01:35:00,-1.0,4
39042,-1,4776.09,4779.64,1.3028169014084507,0.5584269662921691,1,2026-04-02 01:40:00,-1.0,3
39045,-1,4776.51,4779.69,0.6789606035205364,0.49090307641407466,1,2026-04-02 01:55:00,-1.0,0
39179,-1,4630.93,4635.1,1.0267716535433071,0.47817184044558425,13,2026-04-02 13:05:00,2.0,2
39180,-1,4625.19,4632.67,0.8529565672422815,0.8817783765578178,13,2026-04-02 13:10:00,2.0,0
39182,1,4615.71,4603.89,1.3280839895013123,1.2963572267919812,13,2026-04-02 13:20:00,-1.0,3
39199,1,4604.25,4596.31,1.1942517343904857,0.8594402350393927,14,2026-04-02 14:45:00,2.0,3
39202,1,4607.17,4594.64,1.454798331015299,1.4039215686274247,15,2026-04-02 15:00:00,-1.0,4
39214,1,4595.09,4580.64,1.6004636785162287,1.3308334977961869,16,2026-04-02 16:00:00,2.0,4
39215,1,4600.29,4592.69,1.41332323996972,0.6319790924210341,16,2026-04-02 16:05:00,-1.0,3
39285,-1,4668.62,4672.11,0.8030608135320177,0.5965083628372307,21,2026-04-02 21:55:00,-1.0,0
39289,-1,4670.11,4674.89,0.9669491525423729,0.761492944925001,22,2026-04-02 22:15:00,-1.0,1
39291,-1,4665.26,4673.87,1.2210884353741496,1.2216479173000552,22,2026-04-02 22:25:00,-1.0,3
39309,-1,4676.12,4677.86,0.9110807113543091,0.36914684043032314,23,2026-04-02 23:55:00,2.0,1
39319,1,4642.94,4608.18,2.2619227857683573,2.516756309474533,1,2026-04-06 01:45:00,-1.0,4
39328,1,4615.31,4605.23,1.0849288168875797,0.6804571097931928,2,2026-04-06 02:30:00,-1.0,2
39331,1,4613.69,4607.51,1.0480815930063136,0.4244713732031134,2,2026-04-06 02:45:00,-1.0,2
39340,1,4609.23,4603.03,1.0434782608695652,0.6354319180087602,3,2026-04-06 03:30:00,2.0,2
39349,-1,4624.97,4643.25,1.114404817044928,1.8792774269348964,4,2026-04-06 04:15:00,-1.0,2
39352,-1,4628.86,4641.43,1.0219378427787935,1.2190357439734394,4,2026-04-06 04:30:00,-1.0,2
39399,-1,4667.33,4673.79,0.9497450837581938,1.163065843621416,8,2026-04-06 08:25:00,2.0,1
39420,1,4651.95,4648.06,1.2877925363693865,0.6103328476968746,10,2026-04-06 10:10:00,-1.0,3
39424,1,4653.35,4650.3,0.9473684210526315,0.47260653016051807,10,2026-04-06 10:30:00,2.0,1
39463,1,4692.7,4684.32,1.5522012578616353,1.4365127953961079,13,2026-04-06 13:45:00,-1.0,4
39502,-1,4669.73,4690.57,1.623931623931624,1.9375747111170054,17,2026-04-06 17:00:00,-1.0,4
39509,-1,4684.41,4697.63,1.1942535915053092,1.0611776847657977,17,2026-04-06 17:35:00,2.0,3
39510,-1,4684.73,4691.96,1.111764705882353,0.6006765177141175,17,2026-04-06 17:40:00,2.0,2
39517,1,4666.56,4655.15,0.9042056074766355,1.1024154589372746,18,2026-04-06 18:15:00,-1.0,1
39522,1,4660.83,4653.34,0.7860824742268041,0.7550403225806325,18,2026-04-06 18:40:00,-1.0,0
39523,1,4664.2,4659.73,0.6429038587311968,0.4953300617382016,18,2026-04-06 18:45:00,-1.0,0
39540,1,4654.09,4645.84,1.771078180889116,1.4500941619585257,20,2026-04-06 20:10:00,1.020437551924688,4
39541,1,4659.7,4650.45,1.5595298926928973,1.52802359882001,20,2026-04-06 20:15:00,-1.0,4
39559,1,4650.98,4649.32,0.875886524822695,0.3183997807918623,21,2026-04-06 21:45:00,2.0,0
39560,1,4651.47,4649.11,0.75177304964539,0.4617749825298122,21,2026-04-06 21:50:00,2.0,0
39561,1,4658.45,4648.93,1.0316455696202531,1.7458737228188568,21,2026-04-06 21:55:00,-1.0,2
39622,1,4661.66,4626.3,3.0846905537459284,5.654368932038771,4,2026-04-07 04:00:00,-1.0,4
39625,1,4651.14,4637.63,2.5602553870710296,1.4906998738966393,4,2026-04-07 04:15:00,-1.0,4
39632,1,4627.35,4619.99,1.5264069264069264,0.5017285874276074,4,2026-04-07 04:50:00,-1.0,4
39633,1,4626.97,4616.32,1.1715758468335788,0.6980010299143636,4,2026-04-07 04:55:00,2.0,3
39635,1,4631.33,4619.7,0.9305750350631136,0.7161330049261104,5,2026-04-07 05:05:00,2.0,1
39637,1,4630.81,4622.82,0.6332398316970547,0.6062544035554116,5,2026-04-07 05:15:00,2.0,0
39700,1,4642.9,4636.56,0.8375782881002087,0.9948442053350142,10,2026-04-07 10:30:00,2.0,0
39706,-1,4650.42,4659.84,1.5835694050991502,1.3805087407097127,11,2026-04-07 11:00:00,-1.0,4
39720,-1,4685.37,4693.66,1.015805211448099,0.9056574326960644,12,2026-04-07 12:10:00,2.0,2
39721,-1,4690.2,4693.86,0.9812421842434348,0.38147706968432676,12,2026-04-07 12:15:00,2.0,1
39723,-1,4686.76,4694.54,1.0504376823676531,0.8600758054326986,12,2026-04-07 12:25:00,2.0,2
39735,1,4668.24,4658.02,1.575492341356674,1.1004460852176077,13,2026-04-07 13:25:00,-1.0,4
39738,1,4662.42,4654.26,1.1081994928148775,0.8450329166358561,13,2026-04-07 13:40:00,-1.0,2
39764,1,4654.53,4647.14,1.12322695035461,0.9451854558742251,15,2026-04-07 15:50:00,-1.0,2
39766,1,4655.63,4648.41,1.4946808510638299,0.8521328612375961,16,2026-04-07 16:00:00,-1.0,4
39768,1,4656.81,4651.17,1.2979732643380768,0.6488618621086765,16,2026-04-07 16:10:00,-1.0,3
39773,1,4647.52,4644.64,1.4998133631952222,0.3369265480070318,16,2026-04-07 16:35:00,-1.0,4
39775,1,4647.39,4637.14,1.2685314685314686,1.077812828601462,16,2026-04-07 16:45:00,-1.0,3
39776,1,4652.35,4644.22,1.2818181818181817,0.8564334085778862,16,2026-04-07 16:50:00,-1.0,3
39803,-1,4653.93,4662.79,0.967020023557126,0.9486081370449247,19,2026-04-07 19:05:00,-1.0,1
39806,-1,4657.65,4667.56,0.9579524680073126,1.0938189845475288,19,2026-04-07 19:20:00,-1.0,1
39815,-1,4667.42,4673.19,0.9811856585019524,0.7607119314435663,20,2026-04-07 20:05:00,-1.0,1
39822,-1,4672.41,4681.48,1.067064083457526,1.217799942457049,20,2026-04-07 20:40:00,-1.0,2
39845,-1,4685.94,4691.4,1.2928782132321954,0.6279986855077255,22,2026-04-07 22:35:00,-1.0,3
39890,-1,4827.78,4834.22,0.9231711049892868,0.5084879589420025,3,2026-04-08 03:20:00,2.0,1
39907,1,4808.02,4798.58,0.7858314201377501,0.8033554191235043,4,2026-04-08 04:45:00,-1.0,0
39936,1,4797.42,4794.26,0.9391812865497076,0.6197814513869135,7,2026-04-08 07:10:00,-1.0,1
39939,1,4802.28,4790.77,1.094038106945298,1.9206197854587517,7,2026-04-08 07:25:00,2.0,2
39953,-1,4820.18,4822.61,1.3468013468013469,0.47014925373121397,8,2026-04-08 08:35:00,-1.0,3
39987,1,4808.59,4798.53,1.1868662481892804,1.3704388440206652,11,2026-04-08 11:25:00,-1.0,3
40010,1,4778.71,4771.97,1.0703296703296703,0.7953472690492087,13,2026-04-08 13:20:00,2.0,2
40023,-1,4789.85,4796.94,1.6880317640385707,1.0499259572666628,14,2026-04-08 14:25:00,-1.0,4
40025,1,4783.22,4778.33,1.3204764605785593,0.699570815450693,14,2026-04-08 14:35:00,2.0,3
40033,-1,4792.92,4805.46,1.0362941738299905,1.6395218528203037,15,2026-04-08 15:15:00,2.0,2
40035,1,4784.18,4769.75,1.6660533578656853,1.4457883060187748,15,2026-04-08 15:25:00,-1.0,4
40053,1,4777.78,4767.96,1.338664812239221,0.9628125218852517,16,2026-04-08 16:55:00,-1.0,3
40088,-1,4761.1,4765.65,0.7647706422018349,0.7832288208531979,19,2026-04-08 19:50:00,2.0,0
40090,-1,4760.41,4764.43,0.7976967370441459,0.7132175896591924,20,2026-04-08 20:00:00,2.0,0
40138,-1,4727.71,4733.13,1.2806539509536785,1.3326308394801607,1,2026-04-09 01:00:00,2.0,3
40162,1,4705.45,4703.36,1.9785330948121647,0.3464772054470312,3,2026-04-09 03:00:00,-1.0,4
40166,1,4710.79,4701.82,1.7223198594024605,1.5638854296388773,3,2026-04-09 03:20:00,-1.0,4
40178,-1,4711.68,4721.04,1.336405529953917,1.1772527176353873,4,2026-04-09 04:20:00,-1.0,3
40186,-1,4722.15,4728.89,1.1145480908651522,0.8058758220173271,5,2026-04-09 05:00:00,-1.0,2
40187,-1,4722.43,4726.01,0.7730061349693251,0.4309173759779763,5,2026-04-09 05:05:00,-1.0,0
40192,-1,4726.07,4729.89,0.8352996696554978,0.6704274790022283,5,2026-04-09 05:30:00,-1.0,0
40195,-1,4726.19,4732.99,0.7443209279845336,1.3857350800582466,5,2026-04-09 05:45:00,2.0,0
40225,1,4720.46,4713.37,1.3782837127845884,1.7438510189740042,8,2026-04-09 08:15:00,-1.0,3
40228,-1,4719.95,4726.66,1.8687127024722934,1.3723886048210485,8,2026-04-09 08:30:00,2.0,4
40233,1,4713.15,4707.34,1.7097288676236044,0.9378531073445652,8,2026-04-09 08:55:00,-1.0,4
40244,1,4708.22,4703.54,1.2970106075216972,0.6515513126491909,9,2026-04-09 09:50:00,2.0,3
40248,-1,4724.51,4730.5,1.0911589555657353,0.8499037194688897,10,2026-04-09 10:10:00,2.0,2
40254,-1,4722.79,4729.33,0.944692239072257,0.7507995079950769,10,2026-04-09 10:40:00,-1.0,1
40266,-1,4729.9,4732.8,0.8209162424803331,0.45823927765245454,11,2026-04-09 11:40:00,-1.0,0
40267,-1,4731.08,4733.01,0.8618266978922716,0.3406025463255236,11,2026-04-09 11:45:00,2.0,0
40275,-1,4729.73,4733.56,0.8850174216027874,0.7808358817534826,12,2026-04-09 12:25:00,-1.0,1
40299,-1,4745.87,4747.41,0.9772283669486012,0.332152210753353,14,2026-04-09 14:25:00,-1.0,1
40300,-1,4745.13,4747.88,1.0527000650618088,0.6444593237362122,14,2026-04-09 14:30:00,-1.0,2
40307,-1,4745.09,4751.1,1.2651561543172076,1.2781406653501746,15,2026-04-09 15:05:00,-1.0,3
40308,-1,4742.54,4747.45,1.0949173300673607,1.0473868657625611,15,2026-04-09 15:10:00,-1.0,2
40374,-1,4795.4,4801.17,0.9053941908713693,1.0163563160544242,20,2026-04-09 20:40:00,2.0,1
40401,1,4768.87,4767.08,1.1243825774584644,0.3332446808510619,22,2026-04-09 22:55:00,-1.0,2
40402,1,4770.64,4767.09,0.608890884598114,0.6532597266036093,23,2026-04-09 23:00:00,-1.0,0
40405,1,4770.75,4766.36,0.41282565130260523,0.9583658194293541,23,2026-04-09 23:15:00,-1.0,0
40412,1,4767.97,4764.66,0.4622222222222222,0.8920115495669866,23,2026-04-09 23:50:00,2.0,0
40414,-1,4772.41,4780.29,1.5678807947019868,1.7776345472123622,1,2026-04-10 01:00:00,2.0,4
40422,1,4761.31,4759.31,0.9557321225879682,0.3670686942842216,1,2026-04-10 01:40:00,-1.0,1
40424,1,4761.94,4758.77,0.9584352078239609,0.604467447561827,1,2026-04-10 01:50:00,-1.0,1
40425,1,4764.25,4760.65,1.205513784461153,0.6787878787879557,1,2026-04-10 01:55:00,-1.0,3
40426,1,4762.78,4759.21,1.3333333333333333,0.6651583710406749,2,2026-04-10 02:00:00,-1.0,3
40427,1,4762.11,4757.61,1.022974607013301,0.8139534883720968,2,2026-04-10 02:05:00,-1.0,2
40432,1,4761.59,4758.33,1.0701754385964912,0.8026732325009248,2,2026-04-10 02:30:00,-1.0,2
40435,1,4762.34,4758.58,1.3180169286577992,1.0273224043716305,2,2026-04-10 02:45:00,-1.0,3
40438,1,4757.38,4753.66,2.3264812575574365,0.9235680085121906,3,2026-04-10 03:00:00,-1.0,4
40450,-1,4760.86,4767.17,2.5607142857142855,1.2215154867257767,4,2026-04-10 04:00:00,-1.0,4
40451,-1,4759.2,4764.88,1.983739837398374,1.0452155625657873,4,2026-04-10 04:05:00,-1.0,4
40453,-1,4763.73,4765.44,1.623059866962306,0.33962264150944665,4,2026-04-10 04:15:00,-1.0,4
40454,-1,4758.92,4764.46,1.3267744202389318,1.0742382271468236,4,2026-04-10 04:20:00,-1.0,3
40459,-1,4766.61,4773.57,1.2299202942979768,1.1416520210896322,4,2026-04-10 04:45:00,2.0,3
40461,-1,4764.63,4767.41,1.1555555555555554,0.4328291814946219,4,2026-04-10 04:55:00,2.0,2
40464,1,4752.5,4748.48,1.1858942065491185,0.5618448637317167,5,2026-04-10 05:10:00,-1.0,3
40490,-1,4766.98,4770.84,0.4262686567164179,1.000555452694143,7,2026-04-10 07:20:00,2.0,0
40516,1,4758.19,4754.33,1.2496798975672214,0.8864829396324571,9,2026-04-10 09:30:00,-1.0,3
40542,1,4742.38,4740.8,0.938961038961039,0.3462200657379695,11,2026-04-10 11:40:00,-1.0,1
40546,1,4744.49,4740.74,1.02734375,0.6690454950936642,12,2026-04-10 12:00:00,2.0,2
40551,-1,4748.98,4753.62,1.4547770700636942,0.71384615384619,12,2026-04-10 12:25:00,-1.0,4
40576,-1,4759.36,4763.26,0.96,1.0417859187178964,14,2026-04-10 14:30:00,-1.0,1
40586,-1,4760.27,4768.57,1.5489781536293163,1.7098293113594725,15,2026-04-10 15:20:00,-1.0,4
40606,-1,4776.72,4780.6,1.2870758673274876,0.4969353215625366,17,2026-04-10 17:00:00,-1.0,3
40607,-1,4775.92,4780.77,1.2080838323353293,0.6329821944626053,17,2026-04-10 17:05:00,-1.0,3
40615,-1,4772.22,4783.35,1.128991859737007,1.3316810529014615,17,2026-04-10 17:45:00,-1.0,2
40616,-1,4774.53,4782.0,0.9761388286334056,0.8804512544199612,17,2026-04-10 17:50:00,-1.0,1
40658,-1,4764.77,4769.59,1.0886577513620603,0.8447671507260466,21,2026-04-10 21:20:00,-1.0,2
40662,-1,4768.26,4773.06,0.9066927210552027,0.9267687215556916,21,2026-04-10 21:40:00,2.0,1
40672,1,4764.61,4761.32,1.1132791327913278,0.8106300598380674,22,2026-04-10 22:30:00,-1.0,2
40674,1,4763.81,4760.69,0.9709677419354839,0.7995606809447129,22,2026-04-10 22:40:00,-1.0,1
40737,-1,4721.33,4728.11,1.0606060606060606,0.7599679743794718,4,2026-04-13 04:55:00,-1.0,2
40763,1,4712.67,4708.67,0.7780784844384303,0.9248554913294771,7,2026-04-13 07:05:00,2.0,0
40764,1,4714.62,4710.96,0.7253044654939107,0.8846685082872565,7,2026-04-13 07:10:00,-1.0,0
40765,1,4712.38,4710.89,0.7801120448179272,0.34784058696009956,7,2026-04-13 07:15:00,-1.0,0
40766,1,4712.47,4709.72,0.7225054624908959,0.6452153510977131,7,2026-04-13 07:20:00,2.0,0
40773,-1,4723.09,4724.93,1.3475555555555556,0.4297630964298065,7,2026-04-13 07:55:00,-1.0,3
40774,-1,4721.6,4726.15,1.4773333333333334,1.023951133258184,8,2026-04-13 08:00:00,-1.0,4
40788,-1,4726.07,4729.47,1.5833333333333333,0.7063362516694971,9,2026-04-13 09:10:00,-1.0,4
40795,-1,4721.6,4726.44,1.0976541189307147,0.9390243902437561,9,2026-04-13 09:45:00,-1.0,2
40799,-1,4726.71,4737.75,1.049049049049049,1.9233449477351712,10,2026-04-13 10:05:00,-1.0,2
40808,-1,4734.86,4740.08,1.0143487858719646,0.9059129788025824,10,2026-04-13 10:50:00,2.0,1
40819,1,4728.73,4720.42,1.1956652618904275,1.502906601214224,11,2026-04-13 11:45:00,-1.0,3
40839,1,4712.51,4708.35,1.0102389078498293,0.9035060502636846,13,2026-04-13 13:25:00,2.0,1
40855,1,4708.77,4703.87,1.387727579231288,0.983089710518848,14,2026-04-13 14:45:00,2.0,3
40858,1,4709.42,4703.72,1.77762982689747,1.0161721635043524,15,2026-04-13 15:00:00,2.0,4
40907,-1,4716.91,4719.57,1.1189245087900723,0.4039045553145243,19,2026-04-13 19:05:00,-1.0,2
40922,-1,4744.76,4747.99,1.185127807900852,0.3861986506105917,20,2026-04-13 20:20:00,-1.0,3
40923,-1,4743.15,4750.15,1.0880230880230881,0.8628279626694985,20,2026-04-13 20:25:00,2.0,2
40924,-1,4743.49,4747.5,0.7692307692307693,0.5129282777524357,20,2026-04-13 20:30:00,2.0,0
40926,-1,4744.04,4746.91,0.520242914979757,0.3945017182130526,20,2026-04-13 20:40:00,2.0,0
40934,1,4729.08,4724.71,0.880900822867042,0.7112299465240504,21,2026-04-13 21:20:00,2.0,1
40935,1,4727.46,4723.37,0.8457399103139014,0.7458642698971264,21,2026-04-13 21:25:00,2.0,0
40966,-1,4746.89,4756.51,2.912562814070352,2.758140487405205,1,2026-04-14 01:00:00,-1.0,4
40970,-1,4747.25,4748.95,0.6388888888888888,0.4695206155059536,1,2026-04-14 01:20:00,-1.0,0
40983,-1,4755.51,4758.91,1.1600429645542427,0.9327846364882284,2,2026-04-14 02:25:00,-1.0,2
40984,-1,4755.23,4757.86,1.0171890798786654,0.7143965851765794,2,2026-04-14 02:30:00,-1.0,2
40990,1,4754.72,4751.68,1.8416988416988418,0.784227013082745,3,2026-04-14 03:00:00,2.0,4
40991,1,4756.14,4753.66,1.6740172579098753,0.6380007350240304,3,2026-04-14 03:05:00,2.0,4
41013,1,4765.02,4761.94,1.0641821946169772,0.5553838227718961,4,2026-04-14 04:55:00,2.0,2
41053,1,4766.66,4764.96,1.320659062103929,0.5790754257906999,8,2026-04-14 08:15:00,-1.0,3
41144,1,4764.61,4762.39,1.5058448459086078,0.3263677412579028,15,2026-04-14 15:50:00,2.0,4
41187,-1,4816.49,4819.39,0.8744656043528954,0.4850077649027364,19,2026-04-14 19:25:00,-1.0,0
41188,-1,4815.83,4820.32,0.9816906895208415,0.7602805999032185,19,2026-04-14 19:30:00,-1.0,1
41192,-1,4813.77,4818.23,0.8780487804878049,0.8179198323289022,19,2026-04-14 19:50:00,-1.0,1
41224,-1,4839.85,4843.65,0.8859832635983264,1.1780336581043431,22,2026-04-14 22:30:00,-1.0,1
41228,-1,4841.18,4844.05,1.2473460721868366,0.9357242664182905,22,2026-04-14 22:50:00,-1.0,3
41230,-1,4843.36,4846.34,0.7855626326963907,0.9051855066176819,23,2026-04-14 23:00:00,-1.0,0
41232,-1,4842.89,4843.99,0.532809871003926,0.3676295058484899,23,2026-04-14 23:10:00,-1.0,0
41233,-1,4841.01,4843.47,0.4061032863849765,0.7873799725652061,23,2026-04-14 23:15:00,-1.0,0
41242,1,4849.33,4837.7,2.372329603255341,3.6862123613311732,1,2026-04-15 01:00:00,-1.0,4
41244,-1,4844.92,4848.29,1.1312309257375381,1.054537326776883,1,2026-04-15 01:10:00,2.0,2
41245,-1,4837.75,4847.23,1.1780264496439472,2.5464313123559448,1,2026-04-15 01:15:00,-1.0,3
41246,1,4842.5,4836.07,1.1149542217700916,1.5829083875506031,1,2026-04-15 01:20:00,-1.0,2
41249,1,4840.07,4838.68,0.9002267573696145,0.3223455358620488,1,2026-04-15 01:35:00,-1.0,1
41254,1,4837.32,4833.81,1.262210796915167,0.7260638297870879,2,2026-04-15 02:00:00,-1.0,3
41257,1,4838.15,4835.45,1.1380753138075315,0.5967792863908646,2,2026-04-15 02:15:00,-1.0,2
41263,-1,4841.64,4844.11,1.0312796208530806,0.622278207665835,2,2026-04-15 02:45:00,2.0,2
41266,1,4838.34,4833.03,1.929480901077375,1.2340637450199992,3,2026-04-15 03:00:00,-1.0,4
41268,1,4834.0,4831.72,1.5488151658767773,0.5136787898293574,3,2026-04-15 03:10:00,-1.0,4
41270,1,4835.83,4832.63,1.3695852534562212,0.7504187604689714,3,2026-04-15 03:20:00,-1.0,3
41271,1,4833.72,4828.91,1.4448529411764706,1.0628156565657505,3,2026-04-15 03:25:00,-1.0,4
41277,1,4835.5,4830.9,1.2197802197802199,1.024661893397052,3,2026-04-15 03:55:00,-1.0,3
41282,-1,4843.62,4865.63,2.1460526315789474,2.610028798915782,4,2026-04-15 04:20:00,0.7616650131050906,4
41330,-1,4825.25,4830.17,1.4926315789473685,1.3870318163512125,8,2026-04-15 08:20:00,2.0,4
41336,1,4821.47,4815.38,1.5409540954095409,1.1371032275273332,8,2026-04-15 08:50:00,-1.0,4
41344,1,4814.08,4811.19,1.3047034764826175,0.5137777777778242,9,2026-04-15 09:30:00,-1.0,3
41345,1,4815.94,4812.28,0.992548435171386,0.6393810831045245,9,2026-04-15 09:35:00,-1.0,1
41352,1,4815.87,4808.21,1.03562945368171,1.4217154978124917,10,2026-04-15 10:10:00,-1.0,2
41353,1,4812.37,4810.09,0.9900237529691212,0.41476091476086335,10,2026-04-15 10:15:00,-1.0,1
41376,1,4805.08,4792.67,1.765501691093574,1.9560909705021428,12,2026-04-15 12:10:00,-1.0,4
41377,1,4806.38,4801.59,1.1555555555555554,0.751962323390902,12,2026-04-15 12:15:00,-1.0,2
41383,1,4795.35,4785.95,1.4078452444922085,1.3861386138614593,12,2026-04-15 12:45:00,2.0,3
41384,1,4798.63,4792.62,1.0624033006704487,0.8675121146510203,12,2026-04-15 12:50:00,-1.0,2
41395,-1,4800.97,4805.29,1.0628900624099855,0.7699554423933263,13,2026-04-15 13:45:00,-1.0,2
41397,-1,4800.08,4804.1,0.8357487922705314,0.7807991120977549,13,2026-04-15 13:55:00,-1.0,0
41403,-1,4805.01,4807.08,0.8829953198127926,0.4647209749838944,14,2026-04-15 14:25:00,-1.0,1
41404,-1,4803.09,4808.73,1.1822554783538215,1.264169068203519,14,2026-04-15 14:30:00,-1.0,3
41405,-1,4804.15,4806.46,0.8690539818278995,0.5294695481336876,14,2026-04-15 14:35:00,-1.0,0
41422,-1,4812.17,4816.45,1.7905759162303665,0.9110536718868308,16,2026-04-15 16:00:00,-1.0,4
41423,-1,4814.17,4816.28,1.533811475409836,0.437889119478147,16,2026-04-15 16:05:00,-1.0,4
41448,1,4810.27,4804.74,1.0885072655217967,0.9438010483970635,18,2026-04-15 18:10:00,-1.0,2
41449,1,4809.11,4803.73,1.0125495376486129,0.8798037612428761,18,2026-04-15 18:15:00,-1.0,1
41513,1,4791.51,4790.22,0.42744383727990287,0.4666666666666666,23,2026-04-15 23:35:00,-1.0,0
41517,1,4790.79,4787.92,0.6617405582922824,1.060158311345591,23,2026-04-15 23:55:00,2.0,0
41524,-1,4801.05,4803.46,0.9506037321624589,0.6332582582582122,1,2026-04-16 01:30:00,-1.0,1
41554,-1,4829.35,4836.3,2.5529010238907848,1.3616008956058971,4,2026-04-16 04:00:00,2.0,4
41564,1,4820.7,4818.66,1.1151960784313726,0.42173656231540163,4,2026-04-16 04:50:00,-1.0,2
41566,1,4821.16,4817.35,1.1857389304197814,0.8102688743732673,5,2026-04-16 05:00:00,-1.0,3
41581,-1,4823.9,4826.76,0.7022815804117974,0.7635392829902451,6,2026-04-16 06:15:00,-1.0,0
41584,-1,4823.05,4825.95,0.7797223898611949,0.7911145752142326,6,2026-04-16 06:30:00,-1.0,0
41594,-1,4826.74,4827.92,0.7795138888888888,0.40019379844969594,7,2026-04-16 07:20:00,-1.0,0
41595,-1,4826.52,4827.82,0.7338782924613987,0.45797684952162804,7,2026-04-16 07:25:00,-1.0,0
41618,1,4820.05,4817.54,1.3186440677966103,0.5535601764335505,9,2026-04-16 09:20:00,-1.0,3
41621,1,4819.98,4816.69,0.9675013319126265,0.6331271477663002,9,2026-04-16 09:35:00,2.0,1
41622,1,4824.26,4818.4,1.5364944059669685,1.1403947734223727,9,2026-04-16 09:40:00,-1.0,4
41665,1,4807.9,4804.71,1.101410342511753,0.8308837209301283,13,2026-04-16 13:15:00,2.0,2
41668,1,4808.15,4805.24,1.0563961485557083,0.7414012738853157,13,2026-04-16 13:30:00,2.0,2
41686,-1,4819.62,4823.09,1.3489304812834224,0.9918334013883849,15,2026-04-16 15:00:00,-1.0,3
41687,-1,4816.43,4821.15,1.1629139072847683,1.3678327468431024,15,2026-04-16 15:05:00,-1.0,2
41688,1,4817.41,4811.39,1.571897570584373,1.6728860658990614,15,2026-04-16 15:10:00,-1.0,4
41690,1,4816.67,4814.29,1.1458985597996243,0.6573288617084591,15,2026-04-16 15:20:00,-1.0,2
41692,1,4819.4,4811.82,1.3462742642454602,1.8293397690053197,15,2026-04-16 15:30:00,-1.0,3
41705,-1,4821.66,4824.04,1.7647652700656233,0.43300844704356073,16,2026-04-16 16:35:00,2.0,4
41706,-1,4816.34,4823.83,1.724205378973105,1.328518940833637,16,2026-04-16 16:40:00,2.0,4
41707,1,4814.13,4809.2,1.7110374230222642,0.8430438500061674,16,2026-04-16 16:45:00,-1.0,4
41718,1,4787.43,4771.93,1.0954144118484763,1.4115657321277522,17,2026-04-16 17:40:00,0.1671674512835692,2
41739,1,4799.34,4796.74,0.8362594052311,0.48585157501342097,19,2026-04-16 19:25:00,-1.0,0
41754,1,4787.09,4781.93,0.8801587301587301,0.9353878026673581,20,2026-04-16 20:40:00,1.2754034790683588,1
41755,1,4788.74,4784.76,0.8174603174603174,0.7382087970322765,20,2026-04-16 20:45:00,-1.0,0
41757,1,4789.31,4782.6,1.2373015873015873,1.288791329400532,20,2026-04-16 20:55:00,0.7626434860135283,3
41770,-1,4792.64,4795.22,0.8001665278934221,0.6271922208716598,22,2026-04-16 22:00:00,-1.0,0
41779,-1,4794.1,4798.68,0.823906083244397,1.3470588235293544,22,2026-04-16 22:45:00,-1.0,0
41781,-1,4793.76,4795.94,1.2075675675675677,0.6301879000617506,22,2026-04-16 22:55:00,2.0,3
41810,-1,4796.55,4797.83,1.1697054698457223,0.5264394829611179,2,2026-04-17 02:20:00,2.0,2
41811,-1,4794.42,4796.95,0.9605442176870749,1.0585774058576327,2,2026-04-17 02:25:00,2.0,1
41823,1,4792.96,4789.45,1.5865633074935401,1.1188524590164148,3,2026-04-17 03:25:00,-1.0,4
41824,-1,4796.44,4798.36,1.7613776137761377,0.5662523699178396,3,2026-04-17 03:30:00,-1.0,4
41828,-1,4795.18,4799.46,1.0818713450292399,1.1481126652614448,3,2026-04-17 03:50:00,2.0,2
41840,1,4786.66,4778.02,1.2495774647887323,1.1907855877140483,4,2026-04-17 04:50:00,1.0005807796112631,3
41849,-1,4793.1,4794.61,0.8114832535885167,0.31818181818166574,5,2026-04-17 05:35:00,2.0,0
41850,-1,4791.52,4794.71,0.6842105263157895,0.7295001633451957,5,2026-04-17 05:40:00,-1.0,0
41859,-1,4794.14,4796.05,0.8840399002493765,0.48983330280266435,6,2026-04-17 06:25:00,-1.0,1
41861,-1,4793.0,4794.45,0.5611702127659575,0.38107752956630914,6,2026-04-17 06:35:00,-1.0,0
41890,1,4793.55,4789.89,2.1727019498607243,0.8334417696811576,9,2026-04-17 09:00:00,-1.0,4
41912,1,4785.47,4778.74,1.0882524839275278,1.4431000153163631,10,2026-04-17 10:50:00,2.0,2
41957,-1,4792.66,4794.6,0.9839181286549707,0.4860415175377072,14,2026-04-17 14:35:00,-1.0,1
42007,1,4863.65,4858.26,0.9031663080233631,0.5986038394414779,18,2026-04-17 18:45:00,-1.0,1
42027,1,4858.62,4854.2,1.567768979972054,0.9347432024169493,20,2026-04-17 20:25:00,-1.0,4
42057,1,4854.54,4852.75,1.3962645128722868,0.521540062434951,22,2026-04-17 22:55:00,-1.0,3
42149,1,4790.72,4788.36,1.0717131474103585,0.6849087893865863,7,2026-04-20 07:35:00,-1.0,2
42151,1,4793.15,4787.49,1.1354166666666667,1.6532443146254743,7,2026-04-20 07:45:00,-1.0,2
42154,1,4790.11,4787.58,1.4698275862068966,0.6932863574084478,8,2026-04-20 08:00:00,-1.0,4
42160,-1,4794.61,4796.11,2.9283667621776504,0.34403669724771174,8,2026-04-20 08:30:00,2.0,4
42163,1,4785.92,4780.83,2.0330722367275893,0.9807321772640114,8,2026-04-20 08:45:00,2.0,4
42164,1,4790.76,4782.87,1.8397976391231028,1.4336145360156474,8,2026-04-20 08:50:00,0.14461639268438767,4
42179,-1,4796.03,4798.91,1.0663033605812897,0.5686080947680385,10,2026-04-20 10:05:00,-1.0,2
42184,-1,4794.47,4798.68,1.2882462686567164,0.7577783491900233,10,2026-04-20 10:30:00,-1.0,3
42208,1,4786.14,4783.5,1.2852422907488987,0.684064408661908,12,2026-04-20 12:30:00,2.0,3
42209,1,4788.15,4784.82,1.0572687224669604,0.8561983471073792,12,2026-04-20 12:35:00,2.0,2
42216,-1,4795.79,4799.58,1.082271147161066,0.7838676318510619,13,2026-04-20 13:10:00,-1.0,2
42220,-1,4797.08,4800.1,0.7187864644107351,0.6286054118347602,13,2026-04-20 13:30:00,2.0,0
42256,-1,4822.0,4826.35,1.502106472615856,0.6293923108723066,16,2026-04-20 16:30:00,2.0,4
42257,-1,4818.16,4825.56,1.416351249053747,1.0787172011662403,16,2026-04-20 16:35:00,-1.0,3
42259,-1,4820.33,4824.55,1.2412790697674418,0.6115308974226602,16,2026-04-20 16:45:00,2.0,3
42267,-1,4823.44,4826.92,1.0037336652146858,0.4812802528895228,17,2026-04-20 17:25:00,2.0,1
42268,-1,4818.39,4827.6,0.9965933725611644,1.207982012366495,17,2026-04-20 17:30:00,2.0,1
42272,1,4809.15,4792.29,1.239057239057239,2.2312127800358583,17,2026-04-20 17:50:00,0.31841516262681285,3
42300,-1,4808.91,4810.59,0.8459076360310929,0.47534357316097714,20,2026-04-20 20:10:00,-1.0,0
42301,-1,4809.21,4810.45,0.7962790697674419,0.3580858085808117,20,2026-04-20 20:15:00,-1.0,0
42302,-1,4808.04,4811.39,0.9805410536307546,0.9234101201025163,20,2026-04-20 20:20:00,-1.0,1
42304,-1,4805.27,4812.14,0.9816194734227521,1.863231305695474,20,2026-04-20 20:30:00,-1.0,1
42319,-1,4815.04,4816.11,0.7218130311614731,0.31676887291174693,21,2026-04-20 21:45:00,-1.0,0
42320,-1,4815.12,4816.6,0.6882086167800453,0.45861000442689953,21,2026-04-20 21:50:00,-1.0,0
42321,-1,4814.16,4816.35,0.7779056386651323,0.6594966659498359,21,2026-04-20 21:55:00,-1.0,0
42328,-1,4814.73,4817.37,1.0511896178803173,0.8842105263159145,22,2026-04-20 22:30:00,-1.0,2
42345,-1,4820.77,4821.9,0.6731107205623902,0.4559077809795065,23,2026-04-20 23:55:00,-1.0,0
42378,1,4822.77,4819.57,1.6205250596658711,0.9076175040520595,3,2026-04-21 03:40:00,-1.0,4
42407,1,4803.48,4802.02,1.0458937198067633,0.4193680755024261,6,2026-04-21 06:05:00,-1.0,2
42421,1,4793.11,4791.92,0.9787525702535984,0.3421647155472089,7,2026-04-21 07:15:00,-1.0,1
42425,1,4793.05,4791.98,0.5654676258992806,0.36590131900362655,7,2026-04-21 07:35:00,-1.0,0
42440,1,4787.93,4783.24,2.1285956006768187,1.1403265022578717,8,2026-04-21 08:50:00,-1.0,4
42443,1,4787.55,4779.75,1.6599131693198264,1.5345699831366522,9,2026-04-21 09:05:00,-1.0,4
42465,-1,4785.99,4790.0,0.8386792452830188,0.8530618447044935,10,2026-04-21 10:55:00,2.0,0
42466,-1,4785.66,4787.61,0.9586935638808838,0.4196771714065758,11,2026-04-21 11:00:00,2.0,1
42475,-1,4789.74,4792.9,0.8649237472766884,0.5966284558327543,11,2026-04-21 11:45:00,2.0,0
42493,1,4783.01,4780.85,0.9646302250803859,0.5734875782286982,13,2026-04-21 13:15:00,2.0,1
42502,-1,4787.35,4790.28,0.9977989728539985,0.9711174242422661,14,2026-04-21 14:00:00,2.0,1
42504,1,4781.91,4779.24,1.9231905465288035,0.7421083978558884,14,2026-04-21 14:10:00,2.0,4
42507,1,4783.58,4779.18,1.255539143279173,1.2040656763095208,14,2026-04-21 14:25:00,2.0,3
42508,-1,4787.37,4790.45,1.4771048744460857,0.773452914798188,14,2026-04-21 14:30:00,-1.0,4
42520,1,4787.17,4765.71,1.8451178451178452,3.432423169199219,15,2026-04-21 15:30:00,-1.0,4
42529,1,4768.38,4760.74,1.2534489554592039,0.9348833143956286,16,2026-04-21 16:15:00,2.0,3
42592,1,4702.13,4696.52,0.8952076677316294,0.8075262183836723,21,2026-04-21 21:30:00,-1.0,1
42636,-1,4727.52,4729.78,0.991304347826087,0.5909600298840184,2,2026-04-22 02:10:00,-1.0,1
42662,-1,4746.14,4749.13,1.2265349329569513,0.6111841144692309,4,2026-04-22 04:20:00,-1.0,3
42684,-1,4757.6,4760.02,0.8287153652392947,0.7395765116786739,6,2026-04-22 06:10:00,-1.0,0
42685,-1,4758.66,4759.81,0.7077131258457375,0.3512982762384252,6,2026-04-22 06:15:00,-1.0,0
42689,-1,4758.35,4761.56,0.9527439024390244,0.8732996502137212,6,2026-04-22 06:35:00,-1.0,1
42692,-1,4757.95,4760.75,0.7879269261318507,0.7835298820707697,6,2026-04-22 06:50:00,-1.0,0
42716,-1,4768.18,4772.02,1.6801505174035747,0.869199676637053,8,2026-04-22 08:50:00,2.0,4
42732,-1,4765.72,4770.08,0.9272833042466551,1.368916797488119,10,2026-04-22 10:10:00,2.0,1
42734,-1,4766.4,4768.01,1.0343222803955787,0.4969135802470869,10,2026-04-22 10:20:00,2.0,2
42735,-1,4766.12,4768.03,0.8597595878649112,0.575672766415459,10,2026-04-22 10:25:00,2.0,0
42769,1,4753.66,4748.45,1.001834862385321,1.2983268066927964,13,2026-04-22 13:15:00,-1.0,1
42771,1,4754.8,4750.22,0.9778051787916153,1.0034428794992216,13,2026-04-22 13:25:00,-1.0,1
42794,1,4751.79,4747.27,1.1173184357541899,1.0589022757696953,15,2026-04-22 15:20:00,-1.0,2
42797,1,4750.59,4747.11,1.3329312424607962,0.6994974874373029,15,2026-04-22 15:35:00,-1.0,3
42807,1,4750.15,4745.64,1.1842105263157894,0.7299421965316877,16,2026-04-22 16:25:00,-1.0,3
42809,-1,4748.59,4752.52,1.6509598603839442,0.6042833607908118,16,2026-04-22 16:35:00,-1.0,4
42814,-1,4745.52,4757.45,1.2248394004282654,1.6166876391442329,17,2026-04-22 17:00:00,0.6257794371200746,3
42821,1,4737.14,4730.1,1.2245157192759606,0.9467819404418664,17,2026-04-22 17:35:00,-1.0,3
42823,1,4737.94,4732.48,0.9438405797101449,0.7499264200922163,17,2026-04-22 17:45:00,-1.0,1
42824,1,4738.04,4732.71,0.9390096618357487,0.7608075040782795,17,2026-04-22 17:50:00,-1.0,1
42829,1,4733.72,4729.61,0.9395520098189629,0.6401156969630236,18,2026-04-22 18:15:00,-1.0,1
42838,1,4730.73,4725.86,0.8645457527058051,1.0345978755689837,19,2026-04-22 19:00:00,-1.0,0
42845,1,4731.0,4728.47,0.8046845485455232,0.5801801801801028,19,2026-04-22 19:35:00,-1.0,0
42847,1,4730.13,4726.37,0.765793528505393,0.9089967190468233,19,2026-04-22 19:45:00,2.0,0
42853,-1,4733.77,4737.18,0.7694289394589953,0.8046519467385475,20,2026-04-22 20:15:00,-1.0,0
42892,1,4738.83,4736.91,0.5514018691588785,0.66468842729975,23,2026-04-22 23:30:00,2.0,0
42893,1,4737.77,4736.79,0.6779891304347826,0.35315315315333684,23,2026-04-22 23:35:00,2.0,0
42894,1,4737.47,4736.26,0.5249307479224377,0.4617061869719573,23,2026-04-22 23:40:00,2.0,0
42895,1,4738.71,4736.94,0.6139860139860139,0.6724559023068077,23,2026-04-22 23:45:00,2.0,0
42898,-1,4741.84,4746.42,1.355877616747182,1.6680541103017206,1,2026-04-23 01:00:00,2.0,3
42926,1,4727.37,4722.49,4.335195530726257,0.6804103176974505,3,2026-04-23 03:20:00,2.0,4
42934,-1,4744.4,4749.99,1.5124760076775432,0.5724107665301522,4,2026-04-23 04:00:00,2.0,4
42979,1,4702.28,4698.86,1.032346868547832,0.9793413786050825,7,2026-04-23 07:45:00,-1.0,2
42982,-1,4707.29,4708.71,1.150887573964497,0.420651713923007,8,2026-04-23 08:00:00,-1.0,2
42985,-1,4706.99,4707.99,1.4763313609467457,0.31774852473899595,8,2026-04-23 08:15:00,-1.0,4
42986,-1,4706.45,4709.33,1.1168639053254439,0.8960000000000521,8,2026-04-23 08:20:00,2.0,2
42987,-1,4705.87,4707.48,1.227810650887574,0.5053811659191962,8,2026-04-23 08:25:00,2.0,3
42988,1,4706.11,4692.48,2.445266272189349,3.4050678087081505,8,2026-04-23 08:30:00,-0.3198750183078286,4
43003,-1,4716.3,4720.22,1.1610555050045497,0.8466522678186058,9,2026-04-23 09:45:00,2.0,2
43004,-1,4714.45,4721.34,1.0922048997772829,1.4022386974851855,9,2026-04-23 09:50:00,-1.0,2
43006,1,4712.64,4707.49,1.2380122057541412,1.0868254446790693,10,2026-04-23 10:00:00,-1.0,3
43012,1,4710.94,4703.52,1.002130379207499,1.2812037493831674,10,2026-04-23 10:30:00,-1.0,1
43014,1,4713.79,4708.54,0.783923941227312,0.8703374777974965,10,2026-04-23 10:40:00,-1.0,0
43019,-1,4718.75,4723.2,0.9252823631624674,0.7438805970148868,11,2026-04-23 11:05:00,2.0,1
43022,-1,4718.33,4721.85,0.7810599478714162,0.6445200104630667,11,2026-04-23 11:20:00,2.0,0
43027,1,4706.01,4701.75,1.0168589174800355,0.8021519838601582,11,2026-04-23 11:45:00,-1.0,2
43058,-1,4701.3,4703.44,0.8111425873465533,0.42812232066293837,14,2026-04-23 14:20:00,-1.0,0
43092,1,4724.33,4719.22,1.1410697528933376,0.753925598060869,17,2026-04-23 17:10:00,2.0,2
43094,1,4730.68,4723.56,0.993103448275862,1.052364864864866,17,2026-04-23 17:20:00,-1.0,1
43128,1,4716.16,4705.98,1.7292101964061848,1.627312171728736,20,2026-04-23 20:10:00,-1.0,4
43165,1,4691.22,4686.57,0.790442616529573,0.9049207673061768,23,2026-04-23 23:15:00,2.0,0
43169,1,4690.32,4688.16,0.35189669087974174,0.47007616974969013,23,2026-04-23 23:35:00,2.0,0
43207,-1,4699.34,4703.33,1.7423487544483987,0.85074626865666,3,2026-04-24 03:45:00,-1.0,4
43210,-1,4698.93,4708.09,1.6636546184738956,1.6064136289615192,4,2026-04-24 04:00:00,-1.0,4
43213,-1,4705.46,4711.15,1.1611721611721613,0.9931429996259116,4,2026-04-24 04:15:00,2.0,2
43216,1,4693.7,4690.9,1.3416038989809482,0.44419263456093994,4,2026-04-24 04:30:00,-1.0,3
43219,1,4697.13,4690.46,1.1548331907613345,1.0122493224932458,4,2026-04-24 04:45:00,-1.0,2
43224,1,4693.23,4690.25,1.0508329773601026,0.4797608095675468,5,2026-04-24 05:10:00,-1.0,2
43246,1,4670.96,4667.3,0.8664825046040515,0.9067421695275069,7,2026-04-24 07:00:00,-1.0,0
43255,1,4676.02,4668.05,1.1920679886685552,1.8327858081472026,7,2026-04-24 07:45:00,-1.0,3
43263,-1,4676.56,4678.56,0.800531914893617,0.4763525008506021,8,2026-04-24 08:25:00,-1.0,0
43274,-1,4673.81,4678.36,1.25,1.0760135135133448,9,2026-04-24 09:20:00,-1.0,3
43296,-1,4687.48,4690.08,1.0009680542110357,0.6342568391706924,11,2026-04-24 11:10:00,-1.0,1
43300,-1,4686.22,4688.71,0.9922555663117134,0.5742998352553141,11,2026-04-24 11:30:00,-1.0,1
43314,1,4685.98,4682.13,0.9742593491986401,0.8843314191959265,12,2026-04-24 12:40:00,-1.0,1
43327,1,4679.66,4677.7,0.8214483139856275,0.48903938691854104,13,2026-04-24 13:45:00,-1.0,0
43360,1,4692.26,4689.82,1.4762258543833582,0.37871396895793974,16,2026-04-24 16:30:00,2.0,4
43408,1,4721.0,4719.17,1.0230891719745223,0.4787890113997174,20,2026-04-24 20:30:00,2.0,2
43420,1,4719.74,4716.99,0.8775137111517367,0.7740249296341006,21,2026-04-24 21:30:00,-1.0,1
43421,1,4720.0,4718.7,0.792959703566466,0.3955661812649959,21,2026-04-24 21:35:00,-1.0,0
43424,1,4720.33,4718.15,0.9211700545364403,0.7176110980485058,21,2026-04-24 21:50:00,-1.0,1
43433,1,4717.49,4716.11,0.9651685393258427,0.5037809647979251,22,2026-04-24 22:35:00,-1.0,1
43462,1,4681.42,4677.54,1.6570898980537534,0.65683192261187,2,2026-04-27 02:00:00,-1.0,4
43471,1,4680.68,4677.12,1.328719723183391,1.0497051390059846,2,2026-04-27 02:45:00,-1.0,3
43472,1,4681.15,4679.09,0.9134948096885813,0.6015853149768882,2,2026-04-27 02:50:00,-1.0,1
43479,1,4680.88,4677.75,1.388936170212766,0.7676944639103168,3,2026-04-27 03:25:00,2.0,3
43528,-1,4727.35,4730.09,0.8149532710280374,0.8233526507833618,7,2026-04-27 07:30:00,2.0,0
43548,1,4714.54,4713.2,1.1748998664886516,0.43146274149038255,9,2026-04-27 09:10:00,-1.0,3
43561,-1,4715.2,4717.38,0.9907597535934292,0.5723930982746481,10,2026-04-27 10:15:00,2.0,1
43574,1,4711.23,4709.56,0.9143446852425181,0.4591516103689923,11,2026-04-27 11:20:00,-1.0,1
43575,1,4710.72,4709.58,1.0515995872033024,0.3307772020726463,11,2026-04-27 11:25:00,-1.0,2
43578,1,4711.9,4705.4,0.9637096774193549,1.8632268632268925,11,2026-04-27 11:40:00,-1.0,1
43623,-1,4707.12,4709.86,1.5853107344632769,0.6434082522642809,15,2026-04-27 15:25:00,2.0,4
43627,1,4703.51,4697.66,1.2831765935214212,1.3256717384267829,15,2026-04-27 15:45:00,-1.0,3
43633,1,4700.73,4695.55,1.2711634223630601,0.9727699530515366,16,2026-04-27 16:15:00,-1.0,3
43638,1,4693.39,4691.07,1.4420706655710764,0.43785386896748096,16,2026-04-27 16:40:00,-1.0,4
43640,1,4694.73,4689.3,1.3762788935202728,0.9797654336897835,16,2026-04-27 16:50:00,-1.0,3
43641,1,4696.22,4692.85,1.203181489515546,0.6194039648155161,16,2026-04-27 16:55:00,-1.0,3
43644,1,4692.64,4688.05,1.1374474053295933,0.834979209979236,17,2026-04-27 17:10:00,-1.0,2
43649,1,4693.31,4685.63,1.003921568627451,1.2197390811117799,17,2026-04-27 17:35:00,-1.0,1
43710,1,4680.01,4677.42,1.017519271198318,1.1212121212122106,22,2026-04-27 22:40:00,2.0,2
43711,1,4681.12,4678.38,1.3338008415147264,1.1365925925925326,22,2026-04-27 22:45:00,-1.0,3
43743,-1,4690.77,4691.71,1.0045112781954888,0.5524769101593013,2,2026-04-28 02:25:00,-1.0,1
43758,1,4693.73,4691.82,1.3969957081545064,0.6263762005152613,3,2026-04-28 03:40:00,-1.0,3
43769,1,4690.32,4684.27,1.3231162196679438,1.6666666666662968,4,2026-04-28 04:35:00,-1.0,3
43826,1,4626.06,4623.37,1.2370461036311708,0.3700137551582553,9,2026-04-28 09:20:00,2.0,3
43827,1,4631.62,4623.85,1.178513731825525,1.023522770041349,9,2026-04-28 09:25:00,-1.0,3
43832,1,4626.49,4623.29,0.9015580736543909,0.46405634969958454,9,2026-04-28 09:50:00,2.0,1
43845,1,4633.19,4620.46,1.0530120481927712,1.9399150974202035,10,2026-04-28 10:55:00,-1.0,2
43851,1,4627.02,4620.48,0.9749900754267566,0.9245683126326529,11,2026-04-28 11:25:00,-1.0,1
43862,1,4616.18,4613.4,1.1336805555555556,0.5226265610313899,12,2026-04-28 12:20:00,-1.0,2
43863,1,4618.36,4613.23,1.0092359361880772,0.9526462395542992,12,2026-04-28 12:25:00,-1.0,1
43882,1,4605.63,4601.84,1.2611060743427018,0.7361265260821247,14,2026-04-28 14:00:00,-1.0,3
43921,1,4571.51,4564.56,1.0548546352166759,0.6631227424521076,17,2026-04-28 17:15:00,-1.0,2
43923,1,4571.6,4567.57,1.0449771074602747,0.3888352860097132,17,2026-04-28 17:25:00,-1.0,2
43929,1,4574.53,4560.34,1.0616705698672912,1.4666666666666273,17,2026-04-28 17:55:00,1.1945510649507542,2
43930,-1,4576.17,4581.76,1.052713580888081,0.5928787878788033,18,2026-04-28 18:00:00,-1.0,2
43931,-1,4572.78,4580.08,0.9720207253886011,0.7645122681029498,18,2026-04-28 18:05:00,-1.0,1
43945,-1,4580.82,4585.79,0.7853587115666179,0.8815406055999507,19,2026-04-28 19:15:00,-1.0,0
43951,-1,4586.63,4588.51,0.8181203515889114,0.4207833733013882,19,2026-04-28 19:45:00,-1.0,0
43996,1,4594.07,4592.85,0.5298268120590122,0.4683301343567395,23,2026-04-28 23:30:00,2.0,0
43997,1,4594.5,4592.99,0.5236220472440944,0.5724343352288754,23,2026-04-28 23:35:00,2.0,0
44002,-1,4598.64,4600.88,1.3417508417508417,0.8713531536536692,1,2026-04-29 01:00:00,2.0,3
44017,1,4592.11,4590.35,1.3640552995391706,0.807868852458675,2,2026-04-29 02:15:00,-1.0,3
44018,1,4592.16,4591.25,0.7127496159754224,0.4276602886874111,2,2026-04-29 02:20:00,-1.0,0
44019,1,4592.28,4590.38,0.9696969696969697,0.8938172043008975,2,2026-04-29 02:25:00,-1.0,1
44020,1,4591.37,4590.66,1.3983193277310924,0.3147561747941904,2,2026-04-29 02:30:00,-1.0,3
44024,1,4592.38,4589.28,1.1596638655462186,1.1887154204329202,2,2026-04-29 02:50:00,2.0,2
44076,-1,4600.7,4603.47,0.6688269604666235,0.8467248908297907,7,2026-04-29 07:10:00,-1.0,0
44080,-1,4602.52,4603.91,1.0111642743221692,0.4563789868666069,7,2026-04-29 07:30:00,-1.0,1
44081,-1,4603.2,4605.6,0.8130990415335463,0.7846800560487591,7,2026-04-29 07:35:00,-1.0,0
44082,-1,4602.25,4603.95,0.9436152570480929,0.5641147191277004,7,2026-04-29 07:40:00,-1.0,1
44087,-1,4602.29,4606.08,1.2351219512195122,1.2564527587024263,8,2026-04-29 08:05:00,2.0,3
44098,1,4597.17,4590.37,2.028006589785832,1.6394007232650516,9,2026-04-29 09:00:00,-1.0,4
44146,1,4562.4,4554.93,1.0095541401273886,1.2917490118575936,13,2026-04-29 13:00:00,-1.0,1
44164,1,4567.58,4563.67,0.9893072989307299,0.8886363636363384,14,2026-04-29 14:30:00,-1.0,1
44172,1,4564.68,4560.79,0.9207650273224044,0.8680267771757215,15,2026-04-29 15:10:00,-1.0,1
44237,1,4545.32,4542.79,0.8041458184417442,0.503697383390161,20,2026-04-29 20:35:00,-1.0,0
44239,1,4543.46,4541.64,0.9451754385964912,0.425802139037364,20,2026-04-29 20:45:00,-1.0,1
44241,1,4547.67,4542.67,0.743531202435312,1.1488593467913943,20,2026-04-29 20:55:00,-1.0,0
44268,-1,4546.58,4553.17,0.918645140867363,1.0268224819143097,23,2026-04-29 23:10:00,-1.0,1
44279,1,4545.88,4539.63,0.3468026677128286,1.3440860215053687,1,2026-04-30 01:05:00,2.0,0
44293,-1,4551.57,4555.15,1.0926640926640927,1.2030724915986093,2,2026-04-30 02:15:00,-1.0,2
44296,-1,4552.71,4553.58,0.7142857142857143,0.3285675748583293,2,2026-04-30 02:30:00,-1.0,0
44314,-1,4567.97,4571.21,1.5133630289532294,0.6292134831460079,4,2026-04-30 04:00:00,-1.0,4
44315,-1,4565.68,4568.59,1.2874798495432562,0.5791868069376859,4,2026-04-30 04:05:00,-1.0,3
44337,1,4564.92,4562.3,0.8131772865192891,0.5645682622748466,5,2026-04-30 05:55:00,-1.0,0
44338,1,4566.99,4564.1,0.8139946855624446,0.6252511203830957,6,2026-04-30 06:00:00,-1.0,0
44346,1,4561.61,4557.68,0.8569826135726304,0.9349192863210171,6,2026-04-30 06:40:00,-1.0,0
44379,-1,4569.52,4571.03,1.0509615384615385,0.3026052104207006,9,2026-04-30 09:25:00,-1.0,2
44416,-1,4624.46,4631.84,1.497611464968153,1.4732639384001145,12,2026-04-30 12:30:00,-1.0,4
44425,-1,4629.17,4632.01,0.8840393667094566,0.5090909090909209,13,2026-04-30 13:15:00,-1.0,1
44452,1,4627.75,4624.68,1.1221719457013575,0.4597283131885338,15,2026-04-30 15:30:00,2.0,2
44453,1,4631.8,4626.64,0.912707182320442,0.7763567974207257,15,2026-04-30 15:35:00,-1.0,1
44455,1,4627.03,4624.76,1.0091047040971168,0.34080428954416825,15,2026-04-30 15:45:00,2.0,1
44456,1,4635.29,4626.01,0.9973251815055407,1.3147136207245296,15,2026-04-30 15:50:00,-1.0,1
44462,-1,4635.46,4639.17,1.0448692937963324,0.5065834389934806,16,2026-04-30 16:20:00,2.0,2
44463,-1,4633.67,4638.78,1.1126543209876543,0.7154715471546842,16,2026-04-30 16:25:00,2.0,2
44466,1,4625.58,4620.42,1.204104067423965,0.767775534063123,16,2026-04-30 16:40:00,-1.0,3
44494,1,4614.55,4610.12,0.7848335388409371,0.7913742503509711,19,2026-04-30 19:00:00,-1.0,0
44498,1,4611.05,4606.75,0.7612687813021702,0.8828273940460903,19,2026-04-30 19:20:00,-1.0,0
44500,1,4612.99,4607.11,0.7453374025093252,1.204741694716823,19,2026-04-30 19:30:00,-1.0,0
44505,1,4607.67,4605.43,1.1362700699876493,0.4411930219470537,19,2026-04-30 19:55:00,2.0,2
44520,-1,4620.73,4623.47,0.9139130434782609,0.6728644097528529,21,2026-04-30 21:10:00,-1.0,1
44523,-1,4620.87,4623.42,0.8426086956521739,0.6455696202532085,21,2026-04-30 21:25:00,-1.0,0
44524,-1,4620.05,4623.0,0.7808695652173913,0.7557182067703152,21,2026-04-30 21:30:00,-1.0,0
44530,-1,4624.48,4625.99,1.045745204131825,0.4402332361516631,22,2026-04-30 22:00:00,-1.0,2
44532,-1,4624.24,4626.83,0.9483521888834235,0.8126400717167667,22,2026-04-30 22:10:00,2.0,1
44533,-1,4621.79,4625.4,0.8812222769837358,1.1056661562020649,22,2026-04-30 22:15:00,-1.0,1
44534,1,4620.06,4617.6,1.119071644803229,0.7340153452685804,22,2026-04-30 22:20:00,-1.0,2
44537,1,4621.4,4616.88,0.9857072449482503,1.3515591627508805,22,2026-04-30 22:35:00,-1.0,1
44574,-1,4631.35,4634.14,0.8807947019867549,1.1040135669869238,2,2026-05-01 02:40:00,2.0,1
44575,-1,4631.41,4633.26,1.1904761904761905,0.7535641547862614,2,2026-05-01 02:45:00,2.0,3
44577,-1,4626.59,4632.72,1.4515418502202644,2.3448087431692426,2,2026-05-01 02:55:00,-1.0,4
44578,1,4627.87,4623.42,2.3700440528634363,1.5780141843969708,3,2026-05-01 03:00:00,-1.0,4
44604,-1,4630.98,4634.54,1.2494448556624722,0.966828322017564,5,2026-05-01 05:10:00,-1.0,3
44605,-1,4633.76,4636.06,1.1872686898593634,0.6006342100354821,5,2026-05-01 05:15:00,2.0,3
44647,1,4611.98,4607.27,1.1854974704890389,1.4463698179422873,8,2026-05-01 08:45:00,-1.0,3
44699,1,4566.66,4563.37,0.9065300896286812,0.8350253807106391,13,2026-05-01 13:05:00,2.0,1
44704,-1,4571.22,4576.08,1.0809018567639257,1.2828054298641458,13,2026-05-01 13:30:00,-1.0,2
44715,-1,4571.93,4576.38,1.1720733427362482,1.1673224658047536,14,2026-05-01 14:25:00,-1.0,3
44718,-1,4575.71,4577.8,1.0804758572428272,0.5479400749064183,14,2026-05-01 14:40:00,-1.0,2
44743,-1,4601.3,4609.4,1.363709677419355,1.213742909129756,16,2026-05-01 16:45:00,-1.0,3
44773,-1,4647.23,4650.06,0.8021390374331551,0.45058569316514,19,2026-05-01 19:15:00,2.0,0
44774,-1,4643.51,4649.78,0.9414017617770969,1.0254672897195336,19,2026-05-01 19:20:00,2.0,1
44815,1,4614.53,4611.15,1.0934899657366617,0.8950255343295335,22,2026-05-01 22:45:00,-1.0,2
44830,-1,4625.68,4629.15,1.4740425531914894,0.812782332273569,1,2026-05-04 01:00:00,2.0,4
44839,-1,4626.33,4629.19,0.9452181987000928,0.530964063121555,1,2026-05-04 01:45:00,2.0,1
44855,1,4615.35,4606.94,1.784799316823228,1.7617836301064496,3,2026-05-04 03:05:00,-1.0,4
44856,1,4612.13,4610.08,1.7819103972950128,0.4272740806908336,3,2026-05-04 03:10:00,-1.0,4
44876,1,4606.27,4601.18,0.7405247813411079,1.016837899543396,4,2026-05-04 04:50:00,-1.0,0
44878,-1,4613.26,4618.56,1.3180124223602485,0.976572782311162,5,2026-05-04 05:00:00,2.0,3
44884,1,4595.56,4591.19,1.0940970192869668,0.8018348623854564,5,2026-05-04 05:30:00,2.0,2
44899,-1,4610.24,4612.83,2.154960173787111,0.5523229246002017,6,2026-05-04 06:45:00,-1.0,4
44902,-1,4610.27,4615.44,1.3569876900796525,1.0828845002990886,7,2026-05-04 07:00:00,2.0,3
44903,-1,4610.83,4612.22,1.161477190441709,0.30287937743199084,7,2026-05-04 07:05:00,2.0,2
44905,-1,4611.31,4613.23,0.7001455604075691,0.4295302013421077,7,2026-05-04 07:15:00,2.0,0
44917,1,4611.11,4601.0,1.466572836030964,2.5757961783438743,8,2026-05-04 08:15:00,-1.0,4
44926,1,4593.75,4591.13,1.8113465481886535,0.4430486773764716,9,2026-05-04 09:00:00,-1.0,4
44927,1,4596.92,4587.89,1.626865671641791,1.3949023502151194,9,2026-05-04 09:05:00,-1.0,4
44929,1,4596.72,4591.48,1.2368268674001157,0.764564877540488,9,2026-05-04 09:15:00,-1.0,3
44930,1,4592.57,4590.04,1.0492483151892171,0.3620566288459211,9,2026-05-04 09:20:00,-1.0,2
44931,1,4594.01,4589.21,0.9095477386934674,0.740169622205117,9,2026-05-04 09:25:00,-1.0,1
44943,1,4585.99,4583.37,0.8553086419753086,0.48932764140873664,10,2026-05-04 10:25:00,-1.0,0
44944,1,4586.1,4583.12,1.031111111111111,0.5765616362632229,10,2026-05-04 10:30:00,-1.0,2
44945,1,4585.26,4582.81,0.9454545454545454,0.47219162995591585,10,2026-05-04 10:35:00,-1.0,1
44946,1,4587.99,4582.84,0.8353808353808354,1.0342848945631302,10,2026-05-04 10:40:00,-1.0,0
44973,1,4575.42,4572.16,1.1195445920303606,0.9610444304064886,12,2026-05-04 12:55:00,-1.0,2
45003,-1,4568.6,4572.83,1.1272727272727272,0.7291307559713581,15,2026-05-04 15:25:00,-1.0,2
45016,1,4570.02,4555.64,1.6405723905723906,1.9357692307692453,16,2026-05-04 16:30:00,-1.0,4
45024,1,4560.25,4553.75,1.1380920613742496,0.8454106280193211,17,2026-05-04 17:10:00,2.0,2
45027,-1,4571.26,4577.64,0.9320273078064708,0.7863368254247858,17,2026-05-04 17:25:00,-1.0,1
45030,-1,4574.49,4583.27,0.8174532502226179,1.0896197145643804,17,2026-05-04 17:40:00,2.0,0
45031,-1,4570.93,4577.11,0.889365614465216,0.7606822577808231,17,2026-05-04 17:45:00,2.0,1
45044,1,4528.35,4512.75,1.1833137485311398,1.2018489984592062,18,2026-05-04 18:50:00,-1.0,3
45049,1,4522.63,4508.85,1.1745391705069124,0.9185791829349477,19,2026-05-04 19:15:00,-0.5487623510237419,3
45052,1,4517.86,4513.23,0.8441910966340934,0.36640099485615046,19,2026-05-04 19:30:00,-1.0,0
45134,-1,4519.32,4523.83,3.2951096121416525,1.4230335812487223,3,2026-05-05 03:20:00,-1.0,4
45136,1,4518.1,4516.11,1.9968602825745683,0.5591009432071189,3,2026-05-05 03:30:00,2.0,4
45160,-1,4541.58,4543.6,0.9379615952732644,0.533584905660456,5,2026-05-05 05:30:00,-1.0,1
45164,-1,4542.03,4544.41,0.9547977795400476,0.7107508532422828,5,2026-05-05 05:50:00,2.0,1
45178,1,4535.12,4533.37,0.8180924287118977,0.6843575418994726,7,2026-05-05 07:00:00,-1.0,0
45188,1,4534.87,4533.68,1.187279151943463,0.46484374999985356,7,2026-05-05 07:50:00,-1.0,3
45198,-1,4546.09,4551.69,1.738872403560831,1.3123535319717952,8,2026-05-05 08:40:00,-1.0,4
45200,-1,4545.64,4548.9,1.051348999129678,0.7140175219022664,8,2026-05-05 08:50:00,-1.0,2
45201,-1,4545.71,4547.25,1.176079734219269,0.3353554207497343,8,2026-05-05 08:55:00,-1.0,3
45202,-1,4543.9,4552.08,1.9283387622149837,1.6480069074688073,9,2026-05-05 09:00:00,-1.0,4
45218,-1,4551.32,4555.5,0.8610240334378265,0.8916653969222246,10,2026-05-05 10:20:00,-1.0,0
45222,-1,4551.29,4556.17,1.1191709844559585,1.1337537338201513,10,2026-05-05 10:40:00,-1.0,2
45238,-1,4555.19,4558.97,1.2526205450733752,0.8808255659122975,12,2026-05-05 12:00:00,-1.0,3
45240,-1,4557.77,4560.3,0.8165983606557377,0.5752801689133852,12,2026-05-05 12:10:00,2.0,0
45252,1,4553.13,4550.79,0.886781929726715,0.6155580608793829,13,2026-05-05 13:10:00,-1.0,1
45256,1,4553.5,4546.67,1.14321608040201,1.726616106897747,13,2026-05-05 13:30:00,-1.0,2
45264,1,4552.79,4549.52,1.2320099255583126,0.732479999999894,14,2026-05-05 14:10:00,2.0,3
45266,1,4554.31,4550.01,1.1683642899940083,0.9018726591760681,14,2026-05-05 14:20:00,2.0,2
45274,-1,4556.79,4563.17,1.2695924764890283,1.2450515751324636,15,2026-05-05 15:00:00,-1.0,3
45275,-1,4558.32,4563.78,1.578508085550339,1.009775429326297,15,2026-05-05 15:05:00,-1.0,4
45293,-1,4574.51,4581.32,1.3854977468250718,1.1653832049870985,16,2026-05-05 16:35:00,-1.0,3
45300,1,4573.77,4570.92,1.1682539682539683,0.4311183144247022,17,2026-05-05 17:10:00,-1.0,2
45302,1,4579.18,4568.35,1.1213574326816673,1.5346153846153996,17,2026-05-05 17:20:00,-1.0,2
45303,-1,4584.13,4586.62,1.107324147933285,0.3489489489489228,17,2026-05-05 17:25:00,2.0,2
45304,-1,4581.93,4585.77,1.0474137931034482,0.5378689344672599,17,2026-05-05 17:30:00,2.0,2
45306,-1,4583.06,4585.53,0.9006056287851799,0.34673618770672116,17,2026-05-05 17:40:00,2.0,1
45335,1,4554.79,4553.31,0.8932611903590753,0.36147941381706195,20,2026-05-05 20:05:00,2.0,1
45336,1,4556.26,4553.34,1.0158572844400398,0.7305218012866629,20,2026-05-05 20:10:00,2.0,2
45349,-1,4562.62,4565.55,0.8,0.9295263992749597,21,2026-05-05 21:15:00,2.0,0
45350,-1,4562.01,4563.65,0.7034327518289252,0.5269680973144826,21,2026-05-05 21:20:00,-1.0,0
45351,-1,4562.22,4563.36,0.7805442964678634,0.3915603532873348,21,2026-05-05 21:25:00,2.0,0
45355,-1,4562.93,4565.8,1.1682044002838894,0.9654012493992932,21,2026-05-05 21:45:00,2.0,2
45361,1,4558.29,4555.02,1.0747169811320754,1.0912991656732913,22,2026-05-05 22:15:00,-1.0,2
45371,1,4555.89,4554.41,0.5297805642633229,0.5726920950803619,23,2026-05-05 23:05:00,-1.0,0
45376,-1,4557.86,4560.08,0.9454225352112676,0.919526627219085,23,2026-05-05 23:30:00,2.0,1
45382,1,4552.7,4550.46,1.5464535464535465,0.8313891834569854,1,2026-05-06 01:00:00,-1.0,4
45392,1,4558.91,4547.47,2.4330175913396483,3.213483146067294,1,2026-05-06 01:50:00,2.0,4
45439,-1,4635.68,4638.54,0.9784172661870504,0.6664447403461093,5,2026-05-06 05:45:00,-1.0,1
45460,-1,4649.85,4652.74,1.4517482517482518,0.757961783439362,7,2026-05-06 07:30:00,-1.0,4
45463,-1,4650.49,4652.72,1.2545454545454546,0.5910639909126821,7,2026-05-06 07:45:00,-1.0,3
45469,-1,4652.02,4654.93,1.0848363393453573,0.7355118252391717,8,2026-05-06 08:15:00,-1.0,2
45471,-1,4650.47,4655.44,0.8391891891891892,1.1831321203875436,8,2026-05-06 08:25:00,-1.0,0
45609,1,4683.22,4679.6,1.1024312475089677,0.8252727568799397,19,2026-05-06 19:55:00,2.0,2
45610,1,4685.94,4679.74,1.1383021123953767,1.3411619283064689,20,2026-05-06 20:00:00,0.6443969702855776,2
45618,1,4680.71,4678.93,0.8279430789133247,0.4508775104034058,20,2026-05-06 20:40:00,2.0,0
45662,-1,4697.98,4699.88,0.9340369393139841,0.5401015228428147,1,2026-05-07 01:20:00,2.0,1
45682,-1,4693.54,4700.68,2.2742616033755274,2.1363539217782574,3,2026-05-07 03:00:00,-1.0,4
45683,1,4695.13,4690.02,2.7742616033755274,1.4276591498702031,3,2026-05-07 03:05:00,-1.0,4
45685,-1,4698.21,4700.69,2.3485477178423237,0.6153846153845163,3,2026-05-07 03:15:00,2.0,4
45686,-1,4698.86,4701.22,2.2582644628099175,0.5780265920225466,3,2026-05-07 03:20:00,2.0,4
45688,1,4691.98,4688.77,2.274161735700197,0.7537739013751852,3,2026-05-07 03:30:00,-1.0,4
45694,1,4692.63,4685.21,1.6933333333333334,1.3777188328913001,4,2026-05-07 04:00:00,2.0,4
45753,-1,4701.05,4704.98,1.669064748201439,1.0752393980846446,8,2026-05-07 08:55:00,-1.0,4
45769,-1,4743.52,4750.73,1.6536420646406174,0.9063482086736813,10,2026-05-07 10:15:00,-1.0,4
45779,-1,4748.18,4753.56,1.0233082706766918,0.8047008547008679,11,2026-05-07 11:05:00,2.0,2
45782,1,4739.85,4735.49,0.9098548510313216,0.7403274711947639,11,2026-05-07 11:20:00,-1.0,1
45783,1,4740.21,4733.82,0.8939277478862413,1.0863387978142467,11,2026-05-07 11:25:00,-1.0,1
45811,-1,4736.2,4739.91,0.9287211740041929,0.7761506276150589,13,2026-05-07 13:45:00,-1.0,1
45817,1,4730.45,4727.39,1.1044776119402986,0.7467317413280856,14,2026-05-07 14:15:00,2.0,2
45830,-1,4735.65,4743.72,1.5161757605021728,1.54767123287685,15,2026-05-07 15:20:00,-1.0,4
45838,-1,4738.9,4750.37,1.4296087131908028,1.727781364321113,16,2026-05-07 16:00:00,-1.0,4
45840,-1,4733.53,4741.18,1.2084495815065763,1.1099595813038228,16,2026-05-07 16:10:00,-1.0,3
45841,1,4740.39,4731.47,1.084584980237154,1.2350904954999424,16,2026-05-07 16:15:00,2.0,2
45845,-1,4752.69,4756.95,1.3303030303030303,0.5599474227772363,16,2026-05-07 16:35:00,2.0,3
45846,-1,4748.58,4752.88,1.2518573551263001,0.606549118387935,16,2026-05-07 16:40:00,-1.0,3
45855,-1,4756.67,4759.55,0.8938788065210704,0.38964051024354174,17,2026-05-07 17:25:00,-1.0,1
45856,-1,4749.42,4758.95,0.9732390033835743,1.234113403015418,17,2026-05-07 17:30:00,-1.0,1
45864,-1,4754.9,4761.21,0.9040924711027803,0.9312671305081884,18,2026-05-07 18:10:00,2.0,1
45867,1,4740.2,4736.47,1.276257161043921,0.5571321882000867,18,2026-05-07 18:25:00,-1.0,3
45923,-1,4711.32,4717.1,0.6359973136333109,0.8511623014621714,23,2026-05-07 23:05:00,2.0,0
45930,1,4703.9,4696.72,0.9346092503987241,1.106317411402066,23,2026-05-07 23:40:00,-1.0,1
45961,-1,4695.28,4702.83,1.9396628216503993,1.7994552264215127,3,2026-05-08 03:15:00,-1.0,4
45963,-1,4697.31,4705.79,1.8243123336291038,1.6196452933150156,3,2026-05-08 03:25:00,-1.0,4
45985,-1,4719.32,4724.51,0.7518998658918195,0.8676856938142931,5,2026-05-08 05:15:00,-1.0,0
46029,-1,4727.59,4731.32,2.0919354838709676,0.7801015835075216,8,2026-05-08 08:55:00,2.0,4
46036,-1,4726.58,4734.41,1.229551451187335,1.1697791057517761,9,2026-05-08 09:30:00,2.0,3
46038,-1,4729.19,4732.28,1.1215043394406943,0.5006365004050755,9,2026-05-08 09:40:00,2.0,2
46045,1,4715.51,4711.68,1.124945199473915,0.6915140572607802,10,2026-05-08 10:15:00,-1.0,2
46072,1,4714.82,4709.87,1.216452442159383,1.0806174957117785,12,2026-05-08 12:30:00,-1.0,3
46080,1,4718.91,4712.98,0.8674265146970606,1.3002349256069476,13,2026-05-08 13:10:00,-1.0,0
46082,-1,4721.52,4723.06,0.8226002430133658,0.33926042486229935,13,2026-05-08 13:20:00,-1.0,0
46083,-1,4720.54,4724.01,1.0006161429451632,0.7703774183317881,13,2026-05-08 13:25:00,-1.0,1
46087,-1,4719.73,4724.52,0.8882025941939469,1.1731980405879845,13,2026-05-08 13:45:00,-1.0,1
46100,1,4716.99,4713.73,1.037037037037037,0.7521423862887521,14,2026-05-08 14:50:00,-1.0,2
46108,1,4723.35,4702.41,1.8464751958224543,3.455852882235034,15,2026-05-08 15:30:00,-0.2734379349010347,4
46109,-1,4725.61,4728.0,1.8239583333333333,0.37863528346728065,15,2026-05-08 15:35:00,-1.0,4
46110,-1,4723.95,4730.88,1.721875,1.035432230522971,15,2026-05-08 15:40:00,-1.0,4
46113,-1,4724.5,4732.12,1.5634615384615385,0.9428192664604175,15,2026-05-08 15:55:00,-1.0,4
46114,-1,4722.83,4729.02,1.546712802768166,0.7374691515616171,16,2026-05-08 16:00:00,-1.0,4
46127,-1,4726.71,4740.2,1.1528410817380734,1.634726910759049,17,2026-05-08 17:05:00,0.046936174609949595,2
46129,-1,4727.7,4733.81,1.0211750671040858,0.7047289504037416,17,2026-05-08 17:15:00,2.0,2
46132,1,4722.33,4714.43,1.076560659599529,0.8371177717226213,17,2026-05-08 17:30:00,-1.0,2
46135,1,4718.13,4714.9,0.8610785463071512,0.3597168085276108,17,2026-05-08 17:45:00,-1.0,0
46136,1,4718.24,4713.34,0.8968347010550997,0.5464393818702719,17,2026-05-08 17:50:00,-1.0,1
46139,1,4716.78,4713.93,0.8464243845252052,0.34378769601923065,18,2026-05-08 18:05:00,-1.0,0
46166,-1,4718.86,4720.7,0.7826506024096386,0.5803108808290453,20,2026-05-08 20:20:00,-1.0,0
46169,-1,4720.08,4721.61,0.6810598626104023,0.5083056478404321,20,2026-05-08 20:35:00,-1.0,0
46171,-1,4720.11,4721.53,0.6427850655903128,0.5017667844523124,20,2026-05-08 20:45:00,-1.0,0
46173,-1,4720.91,4722.74,0.61875,0.6792152704135257,20,2026-05-08 20:55:00,-1.0,0
46194,-1,4725.43,4726.84,1.5018811136192627,0.6122828784118862,22,2026-05-08 22:40:00,2.0,4
46195,-1,4724.05,4725.97,1.0850263355906697,0.8079350766456909,22,2026-05-08 22:45:00,2.0,2
46240,1,4693.02,4683.62,1.81993006993007,1.7286220937869998,3,2026-05-11 03:30:00,-1.0,4
46244,1,4682.49,4670.26,2.0231135282121007,1.6495183044315376,3,2026-05-11 03:50:00,-0.5211746208855452,4
46245,1,4683.44,4673.62,1.8182919442761962,1.244500769439627,3,2026-05-11 03:55:00,-1.0,4
46246,1,4691.42,4674.7,2.192827748383304,1.866666666666687,4,2026-05-11 04:00:00,-1.0,4
46247,-1,4691.09,4699.88,2.005730659025788,0.9473441108544955,4,2026-05-11 04:05:00,-1.0,4
46248,-1,4692.12,4695.15,1.9024943310657596,0.317800419538482,4,2026-05-11 04:10:00,-1.0,4
46269,1,4681.73,4676.38,1.0271348762968875,0.7227636784714233,5,2026-05-11 05:55:00,-1.0,2
46270,1,4683.62,4674.88,0.9808459696727854,1.1782378430428373,6,2026-05-11 06:00:00,-1.0,1
46282,1,4677.49,4673.38,1.1343612334801763,0.7762039660055933,7,2026-05-11 07:00:00,-1.0,2
46291,1,4675.08,4672.84,0.6569148936170213,0.5354276933583251,7,2026-05-11 07:45:00,-1.0,0
46292,1,4675.15,4673.05,0.6833220796758946,0.5171503957782346,7,2026-05-11 07:50:00,-1.0,0
46301,-1,4674.02,4680.67,1.6861258529188778,1.6112841813775327,8,2026-05-11 08:35:00,2.0,4
46309,1,4670.52,4665.18,1.685172171468728,0.832238673049133,9,2026-05-11 09:15:00,-1.0,4
46372,-1,4671.69,4673.3,1.2385919165580181,0.42352499060517235,14,2026-05-11 14:30:00,-1.0,3
46378,-1,4671.24,4675.9,1.3633520950594122,1.190728235079338,15,2026-05-11 15:00:00,-1.0,3
46417,-1,4731.88,4734.71,0.8066298342541437,0.40598421969464116,18,2026-05-11 18:15:00,-1.0,0
46419,-1,4732.97,4737.46,0.8031388604571819,0.6763503335485026,18,2026-05-11 18:25:00,2.0,0
46420,-1,4732.3,4734.78,0.8209059233449477,0.3776786685520991,18,2026-05-11 18:30:00,2.0,0
46429,1,4727.04,4724.22,0.8276154171961033,0.6663291139239921,19,2026-05-11 19:15:00,-1.0,0
46558,1,4722.36,4719.86,0.7389107243121842,0.6908803789972261,7,2026-05-12 07:00:00,2.0,0
46561,1,4726.85,4721.9,1.2383755150088287,1.3524590163935752,7,2026-05-12 07:15:00,-1.0,3
46570,1,4718.57,4711.0,1.4058192955589586,1.7198961376175936,8,2026-05-12 08:00:00,-1.0,3
46593,1,4697.18,4694.57,1.2028862478777589,0.40353395913867857,9,2026-05-12 09:55:00,-1.0,3
46596,1,4696.0,4692.29,0.9718196457326892,0.5942111886511847,10,2026-05-12 10:10:00,2.0,1
46597,1,4699.2,4693.97,0.966735112936345,0.8449111470112395,10,2026-05-12 10:15:00,-1.0,1
46627,1,4700.7,4694.35,1.0392262224610425,1.4345651121508693,12,2026-05-12 12:45:00,-1.0,2
46629,1,4699.55,4696.52,0.9458874458874459,0.6999999999999265,12,2026-05-12 12:55:00,2.0,1
46632,-1,4705.04,4708.5,0.8454293628808864,0.7225536992839979,13,2026-05-12 13:10:00,2.0,0
46633,-1,4700.97,4705.47,0.9762979683972912,0.8905852417302598,13,2026-05-12 13:15:00,2.0,1
46636,1,4695.42,4692.31,1.3241379310344827,0.5796831314072037,13,2026-05-12 13:30:00,-1.0,3
46641,1,4694.42,4691.32,0.9908675799086758,0.6033643820381533,13,2026-05-12 13:55:00,-1.0,1
46653,-1,4706.64,4709.28,0.9891625615763546,0.5278491859467458,14,2026-05-12 14:55:00,2.0,1
46663,-1,4707.25,4710.85,1.4395763119884448,0.5565985643291439,15,2026-05-12 15:45:00,2.0,4
46665,-1,4705.73,4710.29,1.2729898892633607,0.6567225594075197,15,2026-05-12 15:55:00,2.0,3
46670,1,4690.97,4685.58,1.171327294210319,0.6293053123176009,16,2026-05-12 16:20:00,-1.0,3
46673,1,4698.14,4683.63,1.2917808219178082,1.5971381397908588,16,2026-05-12 16:35:00,-1.0,3
46678,1,4690.62,4676.17,1.2460063897763578,1.4638205499276247,17,2026-05-12 17:00:00,-1.0,3
46684,1,4684.65,4671.7,1.0841730883224658,1.4147483417869726,17,2026-05-12 17:30:00,-1.0,2
46688,1,4677.01,4671.2,1.0266246779272832,0.6704030330504201,17,2026-05-12 17:50:00,-1.0,2
46726,-1,4678.78,4683.66,0.9763851044504995,1.3598726114650044,21,2026-05-12 21:00:00,-1.0,1
46763,-1,4714.25,4720.37,0.8888888888888888,1.8358688665094993,1,2026-05-13 01:05:00,-1.0,1
46766,-1,4716.17,4719.41,1.135379061371841,0.9908256880733529,1,2026-05-13 01:20:00,-1.0,2
46772,-1,4721.22,4722.52,1.3716719914802982,0.33284564740311723,1,2026-05-13 01:50:00,2.0,3
46775,-1,4720.12,4723.15,1.3046218487394958,0.6819935691317576,2,2026-05-13 02:05:00,-1.0,3
46776,-1,4717.63,4721.63,1.3221757322175731,0.9440323668239812,2,2026-05-13 02:10:00,-1.0,3
46779,-1,4720.24,4723.88,1.2991452991452992,0.8715580639644873,2,2026-05-13 02:25:00,-1.0,3
46780,-1,4718.98,4721.56,1.220732797140304,0.6295973505318222,2,2026-05-13 02:30:00,-1.0,3
46781,-1,4720.57,4721.88,1.359442993907746,0.30515806988361416,2,2026-05-13 02:35:00,-1.0,3
46783,-1,4715.93,4723.42,1.8816362053959965,1.6510785703038118,2,2026-05-13 02:45:00,-1.0,4
46787,-1,4721.21,4726.63,1.9776536312849162,1.0631918172902073,3,2026-05-13 03:05:00,2.0,4
46788,-1,4720.33,4724.09,1.7519747235387046,0.7483650838783665,3,2026-05-13 03:10:00,-1.0,4
46791,-1,4722.62,4725.16,1.2776957163958642,0.5043971631205667,3,2026-05-13 03:25:00,2.0,3
46849,-1,4701.35,4705.73,1.3542600896860986,1.1879116621462402,8,2026-05-13 08:15:00,-1.0,3
46850,-1,4699.46,4703.82,1.4498669032830525,1.1235045094790264,8,2026-05-13 08:20:00,-1.0,4
46852,1,4700.42,4693.79,2.255892255892256,1.5912909309103411,8,2026-05-13 08:30:00,-1.0,4
46855,1,4698.52,4696.84,1.413533834586466,0.3855105720374363,8,2026-05-13 08:45:00,2.0,3
46856,1,4699.45,4696.45,1.412378821774795,0.683927699071804,8,2026-05-13 08:50:00,2.0,3
46887,1,4697.19,4694.79,1.0673234811165846,0.7547169811319536,11,2026-05-13 11:25:00,-1.0,2
46888,1,4698.12,4694.57,0.7762803234501348,1.1272397369018226,11,2026-05-13 11:30:00,-1.0,0
46891,1,4697.92,4694.87,1.133612941881366,0.9895712630359468,11,2026-05-13 11:45:00,-1.0,2
46908,-1,4702.35,4709.21,1.5823529411764705,1.370042796005616,13,2026-05-13 13:10:00,2.0,4
46909,-1,4700.7,4703.26,1.0697142857142856,0.509235578289359,13,2026-05-13 13:15:00,-1.0,2
46911,-1,4699.65,4703.58,1.0325068870523415,0.7852147852148262,13,2026-05-13 13:25:00,-1.0,2
46933,1,4691.8,4689.42,1.2618666666666667,0.5973467192542723,15,2026-05-13 15:15:00,-1.0,3
46950,1,4678.79,4673.5,1.3516685001833517,0.7746051668235514,16,2026-05-13 16:40:00,-1.0,3
46952,1,4682.8,4670.13,1.2699281560041054,1.7213003396409732,16,2026-05-13 16:50:00,0.4238404075956246,3
46954,1,4676.74,4672.91,1.1743772241992882,0.5128646580583347,17,2026-05-13 17:00:00,2.0,3
46955,1,4677.74,4674.12,1.160217460825072,0.4850689127105498,17,2026-05-13 17:05:00,2.0,2
47012,1,4687.04,4679.49,1.150319829424307,1.7114637305699583,21,2026-05-13 21:50:00,1.0123823675086978,2
47015,1,4686.61,4683.41,0.7726550079491256,0.7843137254901281,22,2026-05-13 22:05:00,2.0,0
47032,-1,4689.82,4693.0,0.4726114649681529,1.1406610299770261,23,2026-05-13 23:30:00,-1.0,0
47035,-1,4689.0,4691.03,0.4546094299788881,0.8126965970830853,23,2026-05-13 23:45:00,-1.0,0
47038,-1,4693.5,4694.37,1.3933265925176948,0.35876288659788547,1,2026-05-14 01:00:00,2.0,3
47039,-1,4689.98,4693.92,0.7057633973710818,1.588709677419507,1,2026-05-14 01:05:00,-1.0,0
47065,-1,4701.14,4705.39,2.4993939393939395,1.1954992967651308,3,2026-05-14 03:15:00,-1.0,4
47067,-1,4701.17,4702.4,1.7869034406215316,0.3241716867468736,3,2026-05-14 03:25:00,2.0,4
47068,-1,4697.57,4703.33,1.8623751387347391,1.4007295466389347,3,2026-05-14 03:30:00,-1.0,4
47073,-1,4705.05,4706.84,0.9927953890489913,0.3595924809872145,3,2026-05-14 03:55:00,2.0,1
47074,-1,4698.7,4707.05,2.380952380952381,1.4663823381836685,4,2026-05-14 04:00:00,2.0,4
47078,1,4692.45,4688.48,1.5265017667844523,0.6144152111430734,4,2026-05-14 04:20:00,-1.0,4
47082,1,4688.87,4683.63,1.3493253373313343,0.7814230933105683,4,2026-05-14 04:40:00,-1.0,3
47085,1,4688.79,4684.07,1.334751169715015,0.6455646737006955,4,2026-05-14 04:55:00,-1.0,3
47096,1,4687.25,4680.06,1.006797281087565,1.1258248518062135,5,2026-05-14 05:50:00,-1.0,1
47099,1,4684.44,4682.02,1.016220955721175,0.4285352896532824,6,2026-05-14 06:05:00,2.0,2
47112,1,4682.23,4677.22,0.8224674022066198,0.9169826121060447,7,2026-05-14 07:10:00,2.0,0
47140,1,4694.15,4690.69,0.9177277179236043,0.6820613911574059,9,2026-05-14 09:30:00,2.0,1
47156,-1,4700.11,4704.47,1.072786277236903,0.7029828400323487,10,2026-05-14 10:50:00,-1.0,2
47158,1,4697.55,4692.16,1.1317117944011015,0.8188822571894263,11,2026-05-14 11:00:00,-1.0,2
47170,1,4692.68,4690.39,0.9961575408261287,0.470294851107511,12,2026-05-14 12:00:00,-1.0,1
47176,1,4694.79,4689.27,0.9669669669669669,1.292091623474216,12,2026-05-14 12:30:00,2.0,1
47177,1,4692.53,4688.52,1.2768361581920904,0.9009789760871575,12,2026-05-14 12:35:00,2.0,3
47184,-1,4697.22,4705.44,1.2511749347258485,1.8142834620840347,13,2026-05-14 13:10:00,-1.0,3
47185,-1,4696.82,4698.37,1.0434338272866632,0.35684920243384977,13,2026-05-14 13:15:00,2.0,2
47199,1,4692.04,4689.39,1.0252447192168985,0.7185744722060449,14,2026-05-14 14:25:00,2.0,2
47200,1,4693.97,4690.9,0.9500257599175682,0.8278120184902082,14,2026-05-14 14:30:00,2.0,1
47203,-1,4698.21,4700.42,1.0737527114967462,0.5866514979143491,14,2026-05-14 14:45:00,-1.0,2
47205,-1,4694.46,4704.87,1.3985200845665962,2.313333333333401,14,2026-05-14 14:55:00,-1.0,3
47207,-1,4697.2,4698.86,1.063369397217929,0.3578688019710311,15,2026-05-14 15:05:00,-1.0,2
47214,-1,4698.12,4707.57,1.1405541561712846,1.5905265688867503,15,2026-05-14 15:40:00,2.0,2
47255,1,4677.23,4674.65,1.1033962264150943,0.5564627946387162,19,2026-05-14 19:05:00,-1.0,2
47256,1,4678.58,4674.17,0.9773584905660377,0.9569125852448472,19,2026-05-14 19:10:00,-1.0,1
47259,1,4677.28,4675.39,0.956386292834891,0.4476399932328201,19,2026-05-14 19:25:00,-1.0,1
47264,1,4677.64,4675.42,0.7210056772100568,0.543071815481466,19,2026-05-14 19:50:00,-1.0,0
47265,1,4678.57,4675.32,0.8229038854805726,0.7784431137724697,19,2026-05-14 19:55:00,-1.0,0
47287,1,4669.64,4667.23,0.8624805396990141,0.7262160998711148,21,2026-05-14 21:45:00,-1.0,0
47289,1,4671.69,4668.17,0.7474866942637493,1.035947025436106,21,2026-05-14 21:55:00,-1.0,0
47291,1,4669.1,4666.92,0.7980711271850512,0.6299277605780137,22,2026-05-14 22:05:00,-1.0,0
47328,-1,4659.03,4662.91,1.2334352701325177,1.36585365853664,2,2026-05-15 02:10:00,-1.0,3
47329,-1,4658.81,4660.62,1.4026503567787971,0.6563066563064927,2,2026-05-15 02:15:00,-1.0,3
47332,-1,4651.14,4665.35,2.054910242872228,3.677944167128859,2,2026-05-15 02:30:00,2.0,4
47338,1,4649.53,4641.79,2.7467166979362103,1.42335478786279,3,2026-05-15 03:00:00,-1.0,4
47390,1,4610.78,4607.39,0.9817842129845866,0.6683565694971371,7,2026-05-15 07:20:00,-1.0,1
47395,1,4609.71,4604.98,1.0916380297823596,0.9294035087720227,7,2026-05-15 07:45:00,-1.0,2
47428,-1,4579.01,4582.57,0.7223252937538652,0.5576815486180198,10,2026-05-15 10:30:00,2.0,0
47429,-1,4577.28,4582.37,0.7188093730208993,0.7784575049158986,10,2026-05-15 10:35:00,2.0,0
47435,1,4566.54,4559.81,0.9798387096774194,0.997459242007153,11,2026-05-15 11:05:00,-1.0,1
47450,1,4551.81,4544.87,0.9722709722709723,0.9143610013175882,12,2026-05-15 12:20:00,-1.0,1
47451,1,4553.47,4550.05,0.9498069498069498,0.48902052905730864,12,2026-05-15 12:25:00,-1.0,1
47456,1,4542.43,4531.87,1.0838890838890838,1.430340557275588,12,2026-05-15 12:50:00,2.0,2
47457,1,4545.76,4538.3,1.1022253129346313,0.9801970905678032,12,2026-05-15 12:55:00,2.0,2
47467,-1,4559.47,4563.68,1.270326615705351,0.5876370887338239,13,2026-05-15 13:45:00,-1.0,3
47470,-1,4561.9,4570.2,1.14859715968133,1.10456273764265,14,2026-05-15 14:00:00,2.0,2
47482,1,4550.22,4546.32,1.1099434114793856,0.7325909029921619,15,2026-05-15 15:00:00,-1.0,2
47483,1,4553.04,4548.77,1.0679062247372675,0.8152188735850533,15,2026-05-15 15:05:00,-1.0,2
47486,1,4555.74,4548.03,1.226942212016839,1.3270223752151056,15,2026-05-15 15:20:00,-1.0,3
47491,1,4549.43,4543.82,1.0738614619211635,0.8705386832188776,15,2026-05-15 15:45:00,-1.0,2
47492,1,4554.34,4547.72,1.0332950631458093,0.9829250185597371,15,2026-05-15 15:50:00,-1.0,2
47497,1,4550.97,4540.72,1.1498559077809798,1.1761331038439364,16,2026-05-15 16:15:00,-1.0,2
47511,-1,4555.7,4559.18,1.0033583053474555,0.31166837256913016,17,2026-05-15 17:25:00,-1.0,1
47513,-1,4556.08,4560.5,0.9647361647361647,0.40362663883635264,17,2026-05-15 17:35:00,-1.0,1
47517,-1,4562.86,4566.61,0.9188771568374968,0.3881700554528677,17,2026-05-15 17:55:00,2.0,1
47518,-1,4553.37,4563.7,0.9348441926345609,1.063225996177036,18,2026-05-15 18:00:00,-0.08072778166548121,1
47523,1,4547.28,4543.01,0.9174795676245716,0.5349919455879226,18,2026-05-15 18:25:00,-1.0,1
47573,1,4554.81,4549.74,0.981203007518797,1.3332081142000178,22,2026-05-15 22:35:00,-1.0,1
47590,1,4545.08,4528.32,1.1505791505791505,3.597117890541233,1,2026-05-18 01:00:00,-1.0,2
47595,-1,4541.14,4545.53,0.8425531914893617,0.7554080629300897,1,2026-05-18 01:25:00,-1.0,0
47659,-1,4541.98,4547.77,1.056954668733049,0.6934131736528013,6,2026-05-18 06:45:00,-1.0,2
47660,-1,4540.97,4547.52,0.9422704378148005,0.7685216225276741,6,2026-05-18 06:50:00,-1.0,1
47661,-1,4541.13,4543.75,0.6935105551211884,0.3327285921625385,6,2026-05-18 06:55:00,-1.0,0
47666,-1,4537.28,4545.94,0.8074337682878608,1.1092406221408668,7,2026-05-18 07:20:00,-1.0,0
47680,-1,4542.59,4552.02,1.5481006413418845,1.2516116799393688,8,2026-05-18 08:30:00,-1.0,4
47686,1,4535.44,4529.78,1.3046979865771813,0.7221361523739932,9,2026-05-18 09:00:00,2.0,3
47688,1,4537.44,4532.42,1.1223147742218325,0.6766801463508012,9,2026-05-18 09:10:00,2.0,2
47698,-1,4544.05,4549.41,1.0607604860838886,0.7413554633471241,10,2026-05-18 10:00:00,-1.0,2
47707,-1,4543.99,4551.72,0.9489676665368134,1.3159046692607843,10,2026-05-18 10:45:00,-1.0,1
47728,1,4543.58,4540.62,1.117533718689788,0.5893898449722695,12,2026-05-18 12:30:00,-1.0,2
47730,1,4543.07,4540.65,1.0344827586206897,0.5044669446098963,12,2026-05-18 12:40:00,-1.0,2
47732,1,4543.22,4540.32,0.9506172839506173,0.6137566137567242,12,2026-05-18 12:50:00,-1.0,1
47737,1,4542.12,4538.67,0.8834745762711864,0.9208770257387056,13,2026-05-18 13:15:00,-1.0,1
47742,1,4543.77,4537.98,1.0838356164383562,1.2870752619880983,13,2026-05-18 13:40:00,-1.0,2
47748,1,4539.57,4529.86,1.3517534537725824,1.7558770343580727,14,2026-05-18 14:10:00,2.0,3
47750,1,4535.98,4531.78,1.109617373319545,0.743456821342749,14,2026-05-18 14:20:00,2.0,2
47768,-1,4563.25,4574.09,1.1765132294309533,1.4821759937493917,15,2026-05-18 15:50:00,-1.0,3
47770,-1,4565.27,4576.76,1.3966559943080754,1.4498422712933383,16,2026-05-18 16:00:00,-1.0,3
47771,-1,4563.94,4568.59,1.1328426218016123,0.5842757135164925,16,2026-05-18 16:05:00,-1.0,2
47777,-1,4573.72,4578.69,1.3583450210378682,0.5831377807575423,16,2026-05-18 16:35:00,-1.0,3
47781,-1,4575.73,4584.25,1.0781105279407224,0.9286826533790536,16,2026-05-18 16:55:00,2.0,2
47783,1,4566.99,4559.87,1.07824100513992,0.7900451771419388,17,2026-05-18 17:05:00,-1.0,2
47817,-1,4550.25,4554.58,0.8926673751328374,0.7697777777777471,19,2026-05-18 19:55:00,-1.0,1
47842,-1,4553.56,4565.0,1.8394833948339484,2.101285751771158,22,2026-05-18 22:00:00,-1.0,4
47843,-1,4557.1,4560.02,1.7933579335793357,0.49407783417937606,22,2026-05-18 22:05:00,2.0,4
47860,-1,4562.93,4564.88,0.4565891472868217,0.47877937565761564,23,2026-05-18 23:30:00,-1.0,0
47861,-1,4562.71,4564.14,0.2837209302325581,0.37638653882316003,23,2026-05-18 23:35:00,-1.0,0
47890,-1,4579.16,4589.49,3.0,2.4977547495682195,3,2026-05-19 03:00:00,2.0,4
47917,1,4557.23,4551.65,0.9480122324159022,0.9066852367688112,5,2026-05-19 05:15:00,-1.0,1
47922,1,4556.24,4551.14,0.9097222222222222,0.8883911907427408,5,2026-05-19 05:40:00,-1.0,1
47938,1,4544.24,4541.64,0.9103291713961408,0.5463004652557901,7,2026-05-19 07:00:00,-1.0,1
47955,1,4538.66,4533.28,1.8036465638148667,1.2921598902042393,8,2026-05-19 08:25:00,2.0,4
47957,1,4539.93,4534.88,1.9264305177111716,1.092398022249772,8,2026-05-19 08:35:00,-1.0,4
47971,-1,4543.21,4552.52,0.8946969696969697,1.3594075928244336,9,2026-05-19 09:45:00,-1.0,1
47975,-1,4553.0,4555.29,0.8886363636363637,0.3649817850637496,10,2026-05-19 10:05:00,2.0,1
47979,1,4548.32,4542.99,0.8242760809202697,0.9559313348706056,10,2026-05-19 10:25:00,-1.0,0
47983,1,4551.0,4542.06,1.1398601398601398,1.5580729490849736,10,2026-05-19 10:45:00,-1.0,2
47986,-1,4552.93,4559.1,0.9458041958041958,1.05123524400634,11,2026-05-19 11:00:00,2.0,1
47992,1,4544.33,4536.94,1.0223031406463359,1.1788969917958683,11,2026-05-19 11:30:00,-1.0,2
48001,1,4540.0,4536.09,0.9784037558685446,0.8666877770740673,12,2026-05-19 12:15:00,-1.0,1
48017,1,4541.03,4534.37,1.357064622124863,1.5578947368420617,13,2026-05-19 13:35:00,-1.0,3
48021,1,4544.69,4535.28,1.2890625,1.6623343848580376,13,2026-05-19 13:55:00,-1.0,3
48022,-1,4543.71,4547.91,1.2744140625,0.735551663747791,14,2026-05-19 14:00:00,2.0,3
48036,-1,4542.32,4546.65,1.170574712643678,0.8190785029050268,15,2026-05-19 15:10:00,2.0,2
48037,-1,4539.89,4543.64,0.9952319029042046,0.67584963954688,15,2026-05-19 15:15:00,-1.0,1
48041,-1,4542.56,4547.1,1.0547126436781609,0.8400740153317522,15,2026-05-19 15:35:00,2.0,2
48042,-1,4537.46,4546.3,1.359080459770115,1.507613594834976,15,2026-05-19 15:40:00,2.0,3
48113,1,4499.94,4496.32,0.947022972339428,1.014817781337564,21,2026-05-19 21:35:00,-1.0,1
48115,1,4499.39,4498.15,0.9556603773584905,0.37078171721506725,21,2026-05-19 21:45:00,-1.0,1
48142,1,4484.5,4480.46,1.3104661389621812,1.4915611814345828,1,2026-05-20 01:00:00,-1.0,3
48148,1,4484.06,4477.63,1.5586854460093897,2.2521891418566335,1,2026-05-20 01:30:00,2.0,4
48150,1,4482.21,4480.04,1.192488262910798,0.671084603490213,1,2026-05-20 01:40:00,2.0,3
48151,1,4482.33,4480.28,1.1314553990610328,0.6070219966159623,1,2026-05-20 01:45:00,2.0,2
48152,1,4481.45,4479.51,1.3826291079812207,0.5616211745242883,1,2026-05-20 01:50:00,2.0,3
48178,-1,4493.91,4506.12,1.5,1.5799981514003514,4,2026-05-20 04:00:00,2.0,4
48188,1,4481.74,4472.45,1.3351935821416114,0.9241810559226942,4,2026-05-20 04:50:00,-1.0,3
48203,1,4456.83,4453.71,1.096254812740637,0.3989041095890338,6,2026-05-20 06:05:00,2.0,2
48227,-1,4468.66,4472.68,1.1524163568773234,0.8158886633807624,8,2026-05-20 08:05:00,-1.0,2
48231,-1,4468.39,4471.66,1.2090395480225988,0.6880072137059141,8,2026-05-20 08:25:00,-1.0,3
48235,-1,4465.48,4472.48,1.5112189205579138,1.2365930599368802,8,2026-05-20 08:45:00,-1.0,4
48245,1,4466.89,4461.46,1.1597633136094674,0.8086373790022674,9,2026-05-20 09:35:00,2.0,2
48248,-1,4474.94,4478.47,1.2484700122399022,0.5374660141382087,9,2026-05-20 09:50:00,-1.0,3
48259,-1,4478.06,4482.05,0.8103161397670549,0.6722021660649495,10,2026-05-20 10:45:00,-1.0,0
48266,-1,4484.35,4486.45,1.1788617886178863,0.38386212299246186,11,2026-05-20 11:20:00,-1.0,3
48268,-1,4483.22,4489.4,1.1139705882352942,1.1462639109696853,11,2026-05-20 11:30:00,-1.0,2
48273,-1,4484.1,4490.11,0.9512867647058824,1.0743105209396149,11,2026-05-20 11:55:00,-1.0,1
48275,-1,4482.16,4486.21,0.9408424041646948,0.7212822796082278,12,2026-05-20 12:05:00,-1.0,1
48280,1,4482.4,4472.87,1.1432678485864878,1.747478716437425,12,2026-05-20 12:30:00,2.0,2
48285,-1,4484.98,4491.1,0.7733463035019456,1.2006726457400576,12,2026-05-20 12:55:00,-1.0,0
48287,-1,4489.86,4492.29,0.8525088697415104,0.5182025894897759,13,2026-05-20 13:05:00,-1.0,0
48288,-1,4488.11,4491.0,0.696875,0.6031604054860559,13,2026-05-20 13:10:00,-1.0,0
48289,-1,4488.29,4491.15,0.7281449893390192,0.603284616543551,13,2026-05-20 13:15:00,-1.0,0
48291,-1,4489.04,4492.31,0.8160270880361173,0.6728395061729207,13,2026-05-20 13:25:00,-1.0,0
48306,-1,4495.26,4498.45,1.2130102040816326,0.8194495412843146,14,2026-05-20 14:40:00,-1.0,3
48308,1,4498.19,4490.91,1.4362244897959184,1.7262872628726225,14,2026-05-20 14:50:00,-1.0,4
48320,-1,4498.7,4503.03,0.9722658294086866,1.073490348857795,15,2026-05-20 15:50:00,-1.0,1
48322,-1,4497.77,4501.16,1.819773429454171,0.8386640749247658,16,2026-05-20 16:00:00,-1.0,4
48323,-1,4498.78,4501.77,1.4956786985256736,0.7162902121836064,16,2026-05-20 16:05:00,-1.0,4
48325,-1,4499.35,4505.39,1.2820993439550141,1.3132473986643745,16,2026-05-20 16:15:00,2.0,3
48337,1,4498.46,4476.59,1.4986789960369882,2.707161803713484,17,2026-05-20 17:15:00,2.0,4
48338,-1,4502.84,4510.87,1.3942492012779553,0.9408318687755873,17,2026-05-20 17:20:00,-1.0,3
48382,1,4532.45,4529.47,0.8256564786913474,0.7746008169326799,21,2026-05-20 21:00:00,2.0,0
48390,-1,4537.2,4543.27,0.9758064516129032,1.6652949245544213,21,2026-05-20 21:40:00,-1.0,1
48408,-1,4546.76,4550.38,0.6550365785030952,1.3088842975206745,23,2026-05-20 23:10:00,2.0,0
48435,1,4538.46,4534.68,1.06187624750499,1.1405172413791977,2,2026-05-21 02:25:00,2.0,2
48438,-1,4543.06,4545.32,0.693437806072478,0.6610948600081601,2,2026-05-21 02:40:00,-1.0,0
48442,-1,4542.51,4548.61,2.436401240951396,1.6372699386501077,3,2026-05-21 03:00:00,-1.0,4
48446,-1,4541.31,4546.52,2.2448979591836733,1.0871963034729373,3,2026-05-21 03:20:00,-1.0,4
48449,-1,4542.47,4545.12,1.3934108527131783,0.4963874765854297,3,2026-05-21 03:35:00,-1.0,3
48490,1,4532.02,4527.48,0.7941348973607039,1.1951861602108698,7,2026-05-21 07:00:00,-1.0,0
48491,1,4532.66,4531.04,0.6824644549763034,0.4323293938238514,7,2026-05-21 07:05:00,2.0,0
48496,-1,4536.97,4540.4,0.8804500703234881,0.9766117551351218,7,2026-05-21 07:30:00,2.0,1
48502,-1,4538.15,4540.52,1.2175379426644182,0.7582266910423157,8,2026-05-21 08:00:00,2.0,3
48512,1,4529.81,4522.84,1.6617210682492582,1.4201717362829418,8,2026-05-21 08:50:00,-1.0,4
48527,1,4521.96,4517.91,0.9246147438567264,0.7464454976303739,10,2026-05-21 10:05:00,-1.0,1
48529,1,4521.12,4517.44,1.0819949281487744,0.7322342239909652,10,2026-05-21 10:15:00,-1.0,2
48556,-1,4535.36,4542.99,1.038689121529358,1.529058116232474,12,2026-05-21 12:30:00,2.0,2
48557,-1,4532.67,4536.79,0.8497737556561086,0.8655462184873677,12,2026-05-21 12:35:00,2.0,0
48592,1,4514.74,4505.8,1.3578624616732369,1.808931926578915,15,2026-05-21 15:30:00,-1.0,3
48597,1,4504.19,4502.27,1.2685063512921595,0.3302211302209841,15,2026-05-21 15:55:00,-1.0,3
48598,1,4512.18,4499.58,1.5734355044699873,1.9705093833780634,16,2026-05-21 16:00:00,-1.0,4
48599,1,4504.85,4501.98,1.4431673052362708,0.4146114952018459,16,2026-05-21 16:05:00,-1.0,4
48608,-1,4518.1,4520.89,1.3054764165875277,0.3115826419910557,16,2026-05-21 16:50:00,2.0,3
48609,-1,4513.16,4520.61,1.2695759826679047,0.8283036848792558,16,2026-05-21 16:55:00,-1.0,3
48623,1,4501.66,4496.5,1.0734132787364727,0.7474392136575159,18,2026-05-21 18:05:00,2.0,2
48624,-1,4510.17,4515.58,1.0624470189319017,0.7366987647115942,18,2026-05-21 18:10:00,-1.0,2
48625,-1,4508.14,4511.66,0.9262503532071207,0.494431624360327,18,2026-05-21 18:15:00,-1.0,1
48646,-1,4516.36,4521.76,1.0397052803929594,1.4218544291895099,20,2026-05-21 20:00:00,-1.0,2
48695,-1,4540.57,4544.94,1.0934065934065933,1.8550636749543938,1,2026-05-22 01:05:00,2.0,2
48711,1,4540.57,4538.98,0.7457098283931357,0.794432548179906,2,2026-05-22 02:25:00,-1.0,0
48725,1,4540.17,4536.33,1.8420490928495197,1.0084411930219779,3,2026-05-22 03:35:00,-1.0,4
48733,1,4531.7,4528.66,1.1922222222222223,0.5884955752212343,4,2026-05-22 04:15:00,-1.0,3
48738,1,4525.23,4521.12,1.087215064420218,0.6983009708737262,4,2026-05-22 04:40:00,-1.0,2
48749,1,4522.01,4519.83,0.8033550792171482,0.5007383100902988,5,2026-05-22 05:35:00,2.0,0
48773,-1,4526.56,4530.19,1.0498154981549817,1.2532675708997287,7,2026-05-22 07:35:00,-1.0,2
48787,-1,4532.48,4534.26,1.5761467889908256,0.5363753766682985,8,2026-05-22 08:45:00,2.0,4
48788,-1,4528.97,4534.23,1.7779816513761468,1.5306589066720189,8,2026-05-22 08:50:00,2.0,4
48816,-1,4524.83,4529.95,0.9625779625779626,1.2781740370898251,11,2026-05-22 11:10:00,-1.0,1
48819,-1,4526.97,4528.93,1.053014553014553,0.462887989203768,11,2026-05-22 11:25:00,2.0,2
48829,1,4518.78,4515.29,1.2356076759061834,0.7451578465761244,12,2026-05-22 12:15:00,2.0,3
48832,1,4519.55,4514.84,1.1460554371002132,1.1071188717260085,12,2026-05-22 12:30:00,2.0,2
48843,-1,4524.84,4530.46,1.0251716247139588,1.3349168646080385,13,2026-05-22 13:25:00,2.0,2
48844,-1,4518.95,4525.6,1.2481544576944918,1.4540059347182053,13,2026-05-22 13:30:00,-1.0,3
48845,1,4518.17,4514.66,1.408290743895514,0.7362900809110361,13,2026-05-22 13:35:00,-1.0,3
48850,1,4516.35,4513.93,1.0051107325383304,0.5589836660617259,14,2026-05-22 14:00:00,-1.0,1
48882,1,4517.77,4511.44,1.415966386554622,1.0858963362334406,16,2026-05-22 16:40:00,-1.0,3
48884,1,4517.14,4510.41,1.2718373493975903,1.0404151943463582,16,2026-05-22 16:50:00,-1.0,3
48916,-1,4522.3,4526.86,0.9475423378769103,1.1879419426869038,19,2026-05-22 19:30:00,-1.0,1
48917,-1,4519.67,4522.9,0.9252336448598131,0.8702848344879799,19,2026-05-22 19:35:00,-1.0,1
48928,-1,4520.12,4527.88,1.8119059529764883,1.689580093312664,20,2026-05-22 20:30:00,-1.0,4
48934,1,4515.64,4512.01,1.1615189873417722,0.8386138613861587,21,2026-05-22 21:00:00,-1.0,2
48967,1,4506.93,4504.04,0.5409395973154363,1.1410039481106167,23,2026-05-22 23:45:00,2.0,0
49008,1,4565.83,4561.71,1.663594470046083,0.7029859841560057,4,2026-05-25 04:10:00,-1.0,4
49009,1,4566.43,4562.42,1.505084745762712,0.7013116801999275,4,2026-05-25 04:15:00,-1.0,4
49015,1,4563.86,4560.39,1.1089399120664387,0.5375082982959757,4,2026-05-25 04:45:00,-1.0,2
49021,1,4561.74,4558.84,0.7851580393953276,0.5268621853100729,5,2026-05-25 05:15:00,-1.0,0
49022,1,4562.75,4559.73,0.5854328905176363,0.5597034683612009,5,2026-05-25 05:20:00,-1.0,0
49023,1,4562.95,4559.93,0.5927622537792029,0.5667560321714833,5,2026-05-25 05:25:00,-1.0,0
49040,1,4559.91,4556.59,0.7627009646302251,1.020865363496512,6,2026-05-25 06:50:00,-1.0,0
49048,-1,4560.73,4565.48,1.1810668670172801,1.7223517223517775,7,2026-05-25 07:30:00,0.683890876858829,3
49061,1,4560.04,4557.64,1.4814090019569472,0.7832167832166878,8,2026-05-25 08:35:00,-1.0,4
49090,-1,4562.77,4565.04,0.9736688121708601,0.5892824031150432,11,2026-05-25 11:00:00,2.0,1
49109,-1,4564.77,4565.73,1.5475040257648953,0.35744680851031835,12,2026-05-25 12:35:00,-1.0,4
49130,-1,4571.89,4574.92,0.9816666666666667,1.3072419106316753,14,2026-05-25 14:20:00,-1.0,1
49132,-1,4573.38,4574.44,1.2006861063464838,0.44833836857985243,14,2026-05-25 14:30:00,-1.0,3
49135,-1,4571.3,4577.01,1.401885175664096,2.1564607499325907,14,2026-05-25 14:45:00,2.0,3
49145,1,4568.85,4563.35,1.572085889570552,1.2954239569313286,15,2026-05-25 15:35:00,-1.0,4
49151,-1,4568.54,4571.42,1.3424836601307188,0.623762376237618,16,2026-05-25 16:05:00,2.0,3
49159,1,4561.66,4560.14,0.9381563593932322,0.4170096021946597,16,2026-05-25 16:45:00,2.0,1
49176,-1,4570.21,4573.61,1.8955882352941176,1.196280472480396,18,2026-05-25 18:10:00,-1.0,4
49181,-1,4568.83,4571.22,1.0230483271375466,0.7662010533547935,18,2026-05-25 18:35:00,-1.0,2
49200,-1,4574.18,4577.83,1.511111111111111,1.6331096196866401,20,2026-05-25 20:10:00,2.0,4
49201,-1,4573.87,4574.69,0.6588235294117647,0.3692505628818228,20,2026-05-25 20:15:00,2.0,0
49210,1,4569.18,4564.45,1.0748091603053436,1.9436454358675945,21,2026-05-25 21:00:00,2.0,2
49217,-1,4571.11,4573.24,3.0447154471544717,0.7958366693355231,1,2026-05-26 01:00:00,-1.0,4
49223,-1,4571.14,4573.32,1.6849557522123895,0.7923156801659325,1,2026-05-26 01:30:00,-1.0,4
49234,-1,4568.47,4574.31,1.9413333333333334,1.8080495356038229,2,2026-05-26 02:25:00,2.0,4
49251,1,4542.33,4539.66,1.3971797884841364,0.43924794359577507,3,2026-05-26 03:50:00,-1.0,3
49302,1,4530.49,4526.31,1.2952548330404219,1.1662016739734942,8,2026-05-26 08:05:00,-1.0,3
49318,-1,4530.14,4536.22,1.2245345016429354,1.5824502695667626,9,2026-05-26 09:25:00,-1.0,3
49328,1,4526.83,4522.04,1.1573498964803313,1.1049596309111704,10,2026-05-26 10:15:00,2.0,2
49331,1,4526.07,4523.1,1.247083775185578,0.656664560960051,10,2026-05-26 10:30:00,-1.0,3
49333,1,4526.71,4522.07,0.9900262467191601,1.032422123331286,10,2026-05-26 10:40:00,2.0,1
49335,-1,4531.66,4535.47,1.0925436277102063,0.7638550766147066,10,2026-05-26 10:50:00,-1.0,2
49338,-1,4533.12,4536.23,0.8997050147492626,0.5981590877867212,11,2026-05-26 11:05:00,2.0,1
49342,1,4522.51,4520.51,1.0676844783715014,0.3934794828555477,11,2026-05-26 11:25:00,-1.0,2
49344,1,4522.41,4520.45,0.8082595870206489,0.39239239239240825,11,2026-05-26 11:35:00,-1.0,0
49347,1,4524.29,4520.33,0.783410138248848,0.8107633811056142,11,2026-05-26 11:50:00,-1.0,0
49351,1,4520.62,4519.37,0.6533907427341227,0.3100088573959366,12,2026-05-26 12:10:00,-1.0,0
49352,1,4524.79,4518.27,1.149270482603816,1.5140155913086115,12,2026-05-26 12:15:00,-1.0,2
49360,1,4522.77,4517.6,1.17157712305026,1.134482758620751,12,2026-05-26 12:55:00,2.0,3
49382,1,4512.64,4508.51,1.206698063840921,0.8022755654225506,14,2026-05-26 14:45:00,-1.0,3
49388,1,4512.36,4509.69,1.0040964952207556,0.4353091883079243,15,2026-05-26 15:15:00,-1.0,1
49390,1,4506.25,4503.46,0.9450748978665456,0.42623308598864834,15,2026-05-26 15:25:00,-1.0,1
49391,1,4510.41,4500.65,1.2473899228325012,1.414199958600737,15,2026-05-26 15:30:00,-0.05398177804035059,3
49393,1,4512.06,4502.2,1.0,1.3039863971283525,15,2026-05-26 15:40:00,-1.0,1
49407,-1,4515.92,4526.37,1.6677908937605397,1.5912551664128416,16,2026-05-26 16:50:00,1.6118380246329813,4
49408,-1,4514.11,4517.79,1.2054231717337716,0.5908934510838831,16,2026-05-26 16:55:00,-1.0,3
49424,1,4508.3,4505.18,0.9288551823763092,0.6163397770565777,18,2026-05-26 18:15:00,-1.0,1
49429,1,4508.39,4506.56,0.9665889665889665,0.40163034958457006,18,2026-05-26 18:40:00,-1.0,1
49431,1,4509.82,4506.13,0.9180713445707566,0.8660519698238978,18,2026-05-26 18:50:00,-1.0,1
49436,1,4505.14,4500.1,1.075809199318569,1.2852459016393647,19,2026-05-26 19:15:00,-1.0,2
49439,-1,4509.79,4511.22,0.9574105621805792,0.37952606635078817,19,2026-05-26 19:30:00,2.0,1
49479,-1,4506.05,4507.97,1.0663094440723375,0.7619047619047766,22,2026-05-26 22:50:00,-1.0,2
49482,-1,4507.22,4509.14,0.6528066528066528,0.6745294855709411,23,2026-05-26 23:05:00,-1.0,0
49493,-1,4506.62,4538.31,0.8022857142857143,6.26815484600198,1,2026-05-27 01:00:00,0.030345395628095052,0
49500,1,4501.65,4498.15,1.2784810126582278,0.537516454585356,1,2026-05-27 01:35:00,2.0,3
49529,1,4515.78,4514.07,2.0902497985495567,0.4391049156273059,4,2026-05-27 04:00:00,-1.0,4
49530,1,4516.72,4512.77,1.471100554235946,0.9751366602009929,4,2026-05-27 04:05:00,-1.0,4
49565,1,4499.84,4495.93,1.4362017804154303,1.168659265584855,7,2026-05-27 07:00:00,2.0,4
49576,-1,4510.24,4512.72,0.9252243270189432,0.6131025957973865,7,2026-05-27 07:55:00,-1.0,1
49578,-1,4511.03,4513.67,1.2701894317048854,0.6471721239713573,8,2026-05-27 08:05:00,2.0,3
49584,1,4499.63,4494.68,2.1810269799825934,0.961965574680698,8,2026-05-27 08:35:00,-1.0,4
49587,1,4498.79,4496.31,2.0605120248254463,0.43694940850735803,8,2026-05-27 08:50:00,-1.0,4
49612,1,4482.21,4478.78,0.8356095093576126,0.7891536565325544,10,2026-05-27 10:55:00,2.0,0
49613,-1,4486.65,4489.37,1.2769709543568464,0.5787234042553957,11,2026-05-27 11:00:00,-1.0,3
49618,-1,4489.21,4490.97,0.9587973273942093,0.40025990903189773,11,2026-05-27 11:25:00,-1.0,1
49709,-1,4437.63,4441.97,0.8807803468208093,0.7782759062380206,19,2026-05-27 19:00:00,-1.0,1
49727,-1,4452.15,4453.35,0.9207772795216741,0.30352303523052937,20,2026-05-27 20:30:00,-1.0,1
49728,-1,4451.15,4454.38,0.9010204081632653,0.8280534700605271,20,2026-05-27 20:35:00,-1.0,1
49732,-1,4450.39,4454.13,0.7165948275862069,1.0276741903826536,20,2026-05-27 20:55:00,-1.0,0
49739,-1,4452.78,4456.47,0.8895248998282771,1.160116775207892,21,2026-05-27 21:30:00,-1.0,1
49763,-1,4454.66,4455.82,0.5038167938931297,0.46613088404130787,23,2026-05-27 23:30:00,-1.0,0
49769,-1,4456.65,4467.44,1.3276283618581908,3.6364949446319104,1,2026-05-28 01:00:00,2.0,3
49770,-1,4458.89,4462.42,0.7799511002444988,1.0773926313494335,1,2026-05-28 01:05:00,2.0,0
49771,-1,4458.01,4460.53,0.7247119078104993,0.7711475409834925,1,2026-05-28 01:10:00,-1.0,0
49781,1,4456.73,4455.04,1.1652754590984975,0.41457858769922057,2,2026-05-28 02:00:00,-1.0,2
49799,1,4449.5,4443.57,1.8694469628286492,1.1474775397374093,3,2026-05-28 03:30:00,-1.0,4
49803,-1,4451.74,4454.46,0.8798920377867746,0.5226461707384407,3,2026-05-28 03:50:00,-1.0,1
49805,-1,4445.98,4458.69,2.0901259111994697,2.1461826076468324,4,2026-05-28 04:00:00,2.0,4
49806,1,4444.63,4442.78,1.6403622250970247,0.307126763903769,4,2026-05-28 04:05:00,-1.0,4
49830,1,4396.58,4394.32,0.8071065989847716,0.3660342434058638,6,2026-05-28 06:05:00,-1.0,0
49866,-1,4380.0,4387.9,1.2436724565756825,1.3288477712362499,9,2026-05-28 09:05:00,-1.0,3
49881,-1,4394.33,4396.2,0.9438976377952756,0.36899224806199493,10,2026-05-28 10:20:00,2.0,1
49882,-1,4392.72,4396.13,0.8699596774193549,0.690183605609338,10,2026-05-28 10:25:00,2.0,0
49907,-1,4392.95,4396.99,1.357396449704142,0.8847176599405228,12,2026-05-28 12:30:00,-1.0,3
49908,-1,4392.56,4395.82,1.0071005917159763,0.7319967923013535,12,2026-05-28 12:35:00,-1.0,1
49917,-1,4395.85,4399.54,0.9774346793349169,0.7967304133250085,13,2026-05-28 13:20:00,-1.0,1
49919,-1,4398.9,4402.54,1.0210772833723654,0.8058191018343458,13,2026-05-28 13:30:00,2.0,2
49940,-1,4388.4,4392.96,1.007399577167019,1.0864533696392682,15,2026-05-28 15:15:00,-1.0,1
49941,1,4381.56,4379.75,1.37160751565762,0.38604509445467355,15,2026-05-28 15:20:00,2.0,3
49962,-1,4438.91,4442.47,1.0622222222222222,0.3973214285714687,17,2026-05-28 17:05:00,-1.0,2
49970,-1,4468.1,4480.47,1.1599652878218107,0.9534768485382281,17,2026-05-28 17:45:00,-1.0,2
49971,-1,4470.48,4475.89,1.0391705069124424,0.41004818363927603,17,2026-05-28 17:50:00,-1.0,2
49986,-1,4481.42,4485.89,0.780156303092083,0.8541012692780459,19,2026-05-28 19:05:00,-1.0,0
50009,-1,4513.15,4516.54,1.0784568703944517,0.8358576963720865,21,2026-05-28 21:00:00,2.0,2
50019,1,4503.05,4498.94,0.85334695963209,1.0414479638010352,21,2026-05-28 21:50:00,-1.0,0
50021,1,4501.8,4500.12,0.8599033816425121,0.42248967127723475,22,2026-05-28 22:00:00,-1.0,0
50031,1,4499.09,4497.74,1.0501628664495113,0.47475508666177685,22,2026-05-28 22:50:00,-1.0,2
50038,1,4499.39,4497.08,0.4444444444444444,0.945890611290051,23,2026-05-28 23:25:00,-1.0,0
50043,1,4495.91,4494.86,0.5039370078740157,0.43555555555561926,23,2026-05-28 23:50:00,-1.0,0
50045,1,4497.33,4494.23,0.9261083743842364,1.2028824833703713,1,2026-05-29 01:00:00,-1.0,1
50050,1,4495.87,4492.89,0.9413233458177278,1.097317201472683,1,2026-05-29 01:25:00,-1.0,1
50057,1,4495.41,4491.21,1.8789808917197452,1.375116931711755,2,2026-05-29 02:00:00,-1.0,4
50067,1,4492.33,4490.53,1.499267935578331,0.6936416184971467,2,2026-05-29 02:50:00,2.0,4
50069,-1,4495.08,4497.98,2.886426592797784,0.9671272034300518,3,2026-05-29 03:00:00,-1.0,4
50075,-1,4495.33,4500.51,1.5795677799607073,1.327232796486091,3,2026-05-29 03:30:00,-1.0,4
50078,-1,4495.21,4498.28,1.154772937905468,0.7325720129537163,3,2026-05-29 03:45:00,-1.0,2
50099,1,4504.14,4498.44,1.0939410783768762,1.2205567451821666,5,2026-05-29 05:30:00,-1.0,2
50114,1,4500.1,4498.07,0.7512127512127512,0.6396578888140667,6,2026-05-29 06:45:00,-1.0,0
50115,1,4499.77,4496.41,0.9365853658536586,1.0311266988164691,6,2026-05-29 06:50:00,2.0,1
50129,-1,4509.97,4515.41,0.8919354838709678,1.6399655469421526,8,2026-05-29 08:00:00,-1.0,1
50133,-1,4510.03,4512.11,0.8115942028985508,0.6601677624121333,8,2026-05-29 08:20:00,2.0,0
50135,1,4508.49,4507.48,2.0273722627737225,0.3515663848832244,8,2026-05-29 08:30:00,-1.0,4
50139,1,4515.07,4504.07,1.6394927536231885,2.6815253351906954,8,2026-05-29 08:50:00,2.0,4
50142,-1,4514.35,4520.1,1.6596461668070768,1.2314517362704624,9,2026-05-29 09:05:00,-1.0,4
50144,-1,4511.5,4515.74,1.5299073294018535,0.8621641249091625,9,2026-05-29 09:15:00,-1.0,4
50153,-1,4519.18,4523.9,1.0053304904051172,0.8794250731965843,10,2026-05-29 10:00:00,-1.0,1
50160,-1,4522.61,4525.3,1.2914893617021277,0.5965468081737477,10,2026-05-29 10:35:00,2.0,3
50163,-1,4523.35,4525.41,0.6914893617021277,0.4878213802434827,10,2026-05-29 10:50:00,2.0,0
50165,-1,4519.32,4524.86,1.0676940011007154,1.3647721273976032,11,2026-05-29 11:00:00,-1.0,2
50175,1,4513.96,4510.04,0.9963942307692307,1.027330587794886,11,2026-05-29 11:50:00,2.0,1
50181,-1,4522.79,4528.29,1.0066707095209217,1.2839753209938443,12,2026-05-29 12:20:00,-1.0,1
50189,-1,4526.04,4531.11,0.9836264402668283,0.9221774717421812,13,2026-05-29 13:00:00,-1.0,1
50197,-1,4538.04,4542.2,1.010909090909091,0.881222575276118,13,2026-05-29 13:40:00,2.0,1
50198,-1,4537.24,4541.07,1.0,0.7993440667859129,13,2026-05-29 13:45:00,2.0,1
50236,-1,4536.92,4540.76,1.1871345029239766,0.6139088729016976,16,2026-05-29 16:55:00,-1.0,3
50240,-1,4537.99,4545.1,1.269320843091335,1.0343967577679276,17,2026-05-29 17:15:00,-1.0,3
50241,-1,4531.15,4540.48,1.1871301775147929,1.2957047911913466,17,2026-05-29 17:20:00,-1.0,3
50286,1,4557.99,4555.95,0.8069135802469136,0.4824324324324327,21,2026-05-29 21:05:00,-1.0,0
50287,1,4558.17,4556.23,0.7856041131105398,0.4716915595694193,21,2026-05-29 21:10:00,-1.0,0
50288,1,4558.69,4555.7,0.878177966101695,0.7519310220944294,21,2026-05-29 21:15:00,-1.0,1
50294,1,4553.17,4551.15,1.5665671641791046,0.5902734293467987,21,2026-05-29 21:45:00,2.0,4
50351,1,4538.22,4536.08,1.3078924544666088,0.43974754146490735,3,2026-06-01 03:30:00,-1.0,3
50354,1,4541.43,4536.08,1.1825396825396826,1.1229385307347122,3,2026-06-01 03:45:00,-1.0,3
50356,1,4540.76,4537.09,1.101123595505618,0.7352604464796929,3,2026-06-01 03:55:00,-1.0,2
50370,1,4528.59,4524.95,0.9695964621337756,0.6019371604063929,5,2026-06-01 05:05:00,-1.0,1
50375,1,4527.37,4523.6,1.1471698113207547,0.775036710719439,5,2026-06-01 05:30:00,-1.0,2
50381,1,4524.77,4521.3,0.7376770538243627,0.8314222146158493,6,2026-06-01 06:00:00,-1.0,0
50402,1,4510.52,4508.72,0.9446428571428571,0.5465191932336094,7,2026-06-01 07:45:00,2.0,1
50403,1,4514.14,4509.79,1.1823204419889504,1.3536341409202695,7,2026-06-01 07:50:00,2.0,3
50422,1,4514.41,4505.72,1.1053892215568861,1.5175252588249084,9,2026-06-01 09:25:00,-1.0,2
50440,1,4503.15,4495.38,0.8647450110864745,1.6461864406779356,10,2026-06-01 10:55:00,-1.0,0
50457,-1,4499.66,4506.42,1.0155300472653612,1.4233719356293906,12,2026-06-01 12:20:00,-1.0,2
50459,1,4490.77,4489.25,1.611073598919649,0.3192319231923985,12,2026-06-01 12:30:00,2.0,4
50472,-1,4503.17,4506.67,1.078616352201258,0.8018327605956395,13,2026-06-01 13:35:00,-1.0,2
50473,-1,4505.98,4507.49,1.0267295597484276,0.36906424581010505,13,2026-06-01 13:40:00,-1.0,2
50476,-1,4503.99,4507.47,1.145631067961165,0.8910021945867878,13,2026-06-01 13:55:00,-1.0,2
50477,-1,4500.28,4506.72,1.4951456310679612,1.5915269196823698,14,2026-06-01 14:00:00,-1.0,4
50481,-1,4508.72,4512.97,1.0896226415094339,0.9768510917747374,14,2026-06-01 14:20:00,2.0,2
50483,-1,4506.86,4512.3,1.0518867924528301,1.1913029876428234,14,2026-06-01 14:30:00,2.0,2
50493,1,4501.89,4497.43,1.456268221574344,1.0417083750416922,15,2026-06-01 15:20:00,-1.0,4
50495,1,4501.06,4497.71,1.4804630969609263,0.7320118620259712,15,2026-06-01 15:30:00,2.0,4
50496,1,4503.35,4499.11,1.244060475161987,0.922885572139432,15,2026-06-01 15:35:00,-1.0,3
50497,1,4507.48,4499.25,1.3405327573794097,1.7029263966892194,15,2026-06-01 15:40:00,-1.0,3
50501,1,4501.74,4495.7,2.0075282308657467,1.089690721649473,16,2026-06-01 16:00:00,-1.0,4
50502,1,4501.22,4496.35,1.3217703349282297,0.8411053540586989,16,2026-06-01 16:05:00,-1.0,3
50549,-1,4476.36,4481.02,1.2174786539427422,1.0549805950842583,20,2026-06-01 20:00:00,-1.0,3
50555,-1,4481.38,4485.56,1.7962555066079295,0.9300699300699802,20,2026-06-01 20:30:00,-1.0,4
50576,1,4485.89,4484.69,0.9315789473684211,0.5759341789513068,22,2026-06-01 22:15:00,-1.0,1
50577,1,4485.79,4484.91,0.8825688073394495,0.4267405611361686,22,2026-06-01 22:20:00,-1.0,1
50604,1,4482.82,4479.76,1.1301775147928994,1.0782783790584782,1,2026-06-02 01:35:00,-1.0,2
50618,1,4481.19,4479.46,1.6661654135338346,0.6030876494022405,2,2026-06-02 02:45:00,-1.0,4
50623,1,4481.28,4478.23,2.6794682422451994,0.9537636810364366,3,2026-06-02 03:10:00,2.0,4
50629,-1,4487.22,4489.38,1.5704295704295703,0.4713951675759513,3,2026-06-02 03:40:00,2.0,4
50633,1,4481.73,4473.86,2.077508650519031,1.4901271301054233,4,2026-06-02 04:00:00,-1.0,4
50642,1,4475.49,4471.9,1.2131844763423711,0.4884353741496728,4,2026-06-02 04:45:00,-1.0,3
50644,1,4474.05,4471.51,1.2244074634392335,0.3211705202312059,4,2026-06-02 04:55:00,2.0,3
50646,1,4474.86,4472.22,0.9085027726432532,0.3192536926664198,5,2026-06-02 05:05:00,2.0,1
50657,-1,4488.13,4492.64,0.9064895247828308,0.8554396423249461,6,2026-06-02 06:00:00,-1.0,1
50709,-1,4536.98,4539.36,0.8153846153846154,0.529982503578831,10,2026-06-02 10:20:00,2.0,0
50726,1,4529.6,4527.66,0.8510362694300518,0.5343301200080008,11,2026-06-02 11:45:00,-1.0,0
50730,1,4529.01,4527.47,0.9632199861207494,0.4643549429248101,12,2026-06-02 12:05:00,2.0,1
50739,1,4530.63,4526.24,0.766531713900135,1.1758178687584069,12,2026-06-02 12:50:00,-1.0,0
50740,1,4529.96,4527.54,0.875,0.628221768959757,12,2026-06-02 12:55:00,-1.0,0
50750,-1,4530.7,4533.0,0.967843137254902,0.7157146032452256,13,2026-06-02 13:45:00,-1.0,1
50753,-1,4531.2,4534.66,1.1616666666666666,1.135489920300087,14,2026-06-02 14:00:00,2.0,2
50768,1,4526.85,4524.02,1.2904884318766068,1.025893319523612,15,2026-06-02 15:15:00,2.0,3
50771,1,4527.82,4521.85,1.6772575250836121,1.6257537444076153,15,2026-06-02 15:30:00,-1.0,4
50772,1,4524.82,4523.19,1.933115823817292,0.3831430490262327,15,2026-06-02 15:35:00,-1.0,4
50773,1,4525.05,4523.68,1.3687600644122384,0.31314285714285084,15,2026-06-02 15:40:00,-1.0,3
50808,-1,4504.42,4508.57,0.8974591651542649,0.9887678692987677,18,2026-06-02 18:35:00,2.0,1
50822,1,4490.96,4489.23,0.8676789587852495,0.4578449905483404,19,2026-06-02 19:45:00,-1.0,0
50824,1,4491.95,4489.4,0.7317345231455661,0.7423580786026989,19,2026-06-02 19:55:00,-1.0,0
50846,1,4486.68,4480.33,0.8567758509955041,1.8842729970328462,21,2026-06-02 21:45:00,-1.0,0
50865,-1,4489.51,4490.48,0.44663677130044843,0.43097429387471614,23,2026-06-02 23:20:00,-1.0,0
50867,-1,4489.69,4491.01,0.5700389105058365,0.5769591008432838,23,2026-06-02 23:30:00,-1.0,0
50868,-1,4489.69,4490.55,0.42549019607843136,0.40281030444996596,23,2026-06-02 23:35:00,2.0,0
50873,-1,4490.39,4493.18,1.6948640483383686,1.4030172413793764,1,2026-06-03 01:00:00,2.0,4
50875,-1,4489.67,4492.3,1.6102719033232629,1.1744816586922882,1,2026-06-03 01:10:00,2.0,4
50877,-1,4488.78,4491.55,1.4682779456193353,1.1497183516159684,1,2026-06-03 01:20:00,-1.0,4
50882,1,4489.03,4484.31,1.8359133126934986,1.5166398898322848,1,2026-06-03 01:45:00,-1.0,4
50906,-1,4491.11,4496.07,0.8846153846153846,0.9438629876308268,3,2026-06-03 03:45:00,2.0,1
50907,-1,4489.12,4492.49,0.7439903846153846,0.7075584883023135,3,2026-06-03 03:50:00,2.0,0
50948,-1,4481.41,4488.2,0.941544885177453,2.515480285790062,7,2026-06-03 07:15:00,2.0,1
50978,1,4459.15,4455.36,1.056926952141058,0.6015873015873094,9,2026-06-03 09:45:00,2.0,2
50983,-1,4469.6,4472.21,1.0602409638554218,0.48785046728966674,10,2026-06-03 10:10:00,2.0,2
50987,1,4461.64,4454.34,0.9339759036144578,1.3359477124183499,10,2026-06-03 10:30:00,-1.0,1
50989,1,4458.73,4454.7,0.8751807228915662,0.74032279228443,10,2026-06-03 10:40:00,-1.0,0
50993,1,4457.66,4450.85,1.0814332247557004,1.1506154960173098,11,2026-06-03 11:00:00,-1.0,2
50998,1,4457.47,4450.79,1.1691047396138092,1.1691461432679493,11,2026-06-03 11:25:00,-1.0,2
51005,1,4451.19,4441.86,1.248084855627578,1.5474469849543466,12,2026-06-03 12:00:00,-1.0,3
51011,1,4442.01,4439.77,1.089097952407305,0.3537507050197075,12,2026-06-03 12:30:00,2.0,2
51012,1,4447.01,4439.04,0.7584,1.2403290351267746,12,2026-06-03 12:35:00,2.0,0
51021,-1,4457.28,4464.4,1.225672877846791,1.083831684244875,13,2026-06-03 13:20:00,-1.0,3
51030,-1,4463.32,4468.12,1.1853658536585365,0.8066258552394938,14,2026-06-03 14:05:00,2.0,3
51049,1,4458.92,4449.83,1.3946188340807175,1.7565217391304895,15,2026-06-03 15:40:00,-1.0,3
51057,1,4450.18,4447.23,1.2349726775956285,0.45924608028477765,16,2026-06-03 16:20:00,-1.0,3
51058,1,4448.66,4445.96,1.1724448446645654,0.4141104294478219,16,2026-06-03 16:25:00,-1.0,3
51060,1,4448.69,4446.26,1.4034165571616295,0.3731081377494103,16,2026-06-03 16:35:00,-1.0,3
51066,1,4450.53,4445.06,1.3912018853102905,0.6340978719879983,17,2026-06-03 17:05:00,-1.0,3
51092,1,4438.69,4436.62,0.8788230739450251,0.42812823164419145,19,2026-06-03 19:15:00,-1.0,1
51094,1,4437.69,4433.73,1.02291917973462,0.857010357087638,19,2026-06-03 19:25:00,2.0,2
51097,1,4439.08,4435.45,0.8703855619360131,0.8588811897921228,19,2026-06-03 19:40:00,2.0,0
51103,-1,4441.95,4447.23,1.0058743786714868,1.2175918300114343,20,2026-06-03 20:10:00,-1.0,1
51115,1,4436.95,4435.55,0.8179937952430196,0.4195205479451023,21,2026-06-03 21:10:00,2.0,0
51116,1,4438.04,4435.6,0.7115987460815048,0.7732005432321317,21,2026-06-03 21:15:00,2.0,0
51117,1,4439.09,4435.13,0.7888655462184874,1.2965388213284046,21,2026-06-03 21:20:00,2.0,0
51126,-1,4447.87,4449.84,0.9555997349237906,0.6373931130114404,22,2026-06-03 22:05:00,-1.0,1
51129,-1,4448.14,4452.3,0.9953611663353215,1.295661846496093,22,2026-06-03 22:20:00,2.0,1
51132,-1,4447.98,4449.18,0.8458972648432288,0.40133779264237823,22,2026-06-03 22:35:00,2.0,0
51133,-1,4446.92,4448.91,0.715143428952635,0.6894333085868947,22,2026-06-03 22:40:00,2.0,0
51155,1,4439.84,4434.15,1.1167192429022081,1.1615631379411495,1,2026-06-04 01:30:00,2.0,2
51177,-1,4450.12,4456.07,1.4347464671654198,1.0672645739910087,3,2026-06-04 03:20:00,-1.0,4
51181,1,4448.5,4444.26,1.23589001447178,0.6903128270728889,3,2026-06-04 03:40:00,2.0,3
51182,1,4450.09,4445.12,1.329956584659913,0.798393574297233,3,2026-06-04 03:45:00,-1.0,3
51185,1,4453.94,4443.35,1.5737507525586996,1.7243545010466212,4,2026-06-04 04:00:00,2.0,4
51187,-1,4464.5,4467.32,1.346891342242882,0.45811093061030644,4,2026-06-04 04:10:00,-1.0,3
51193,-1,4459.3,4468.91,1.1719077568134173,1.459377372816965,4,2026-06-04 04:40:00,-1.0,3
51209,-1,4473.01,4476.32,0.8532351394003156,0.6072598610928284,6,2026-06-04 06:00:00,2.0,0
51211,-1,4471.88,4475.28,0.8706896551724138,0.6406460296096281,6,2026-06-04 06:10:00,2.0,0
51254,1,4467.04,4462.93,1.1812577065351417,0.7932175351529464,9,2026-06-04 09:45:00,-1.0,3
51257,1,4470.18,4465.0,1.270574304322084,1.0463136632521088,10,2026-06-04 10:00:00,-1.0,3
51260,1,4469.28,4462.91,1.061756373937677,1.2425804653754762,10,2026-06-04 10:15:00,-1.0,2
51307,-1,4473.64,4478.82,1.0761154855643045,1.2984780662487174,14,2026-06-04 14:10:00,-1.0,2
51336,-1,4509.35,4512.21,1.4499121265377857,0.4971442761360248,16,2026-06-04 16:35:00,-1.0,4
51338,-1,4510.07,4515.4,1.258347978910369,0.8411678502987143,16,2026-06-04 16:45:00,2.0,3
51339,-1,4498.6,4512.37,1.4912126537785588,1.9258741258740701,16,2026-06-04 16:50:00,2.0,4
51397,1,4474.42,4473.3,0.7595118449389806,0.466527819101417,21,2026-06-04 21:40:00,2.0,0
51398,1,4475.46,4473.9,0.6783114992721979,0.656644618160116,21,2026-06-04 21:45:00,2.0,0
51402,-1,4478.45,4481.5,0.9706744868035191,1.0509475756830764,22,2026-06-04 22:05:00,-1.0,1
51418,1,4477.77,4476.64,0.5900452488687783,0.5415953440602882,23,2026-06-04 23:25:00,-1.0,0
51428,1,4478.07,4474.66,1.10124826629681,1.376189103487958,1,2026-06-05 01:15:00,-1.0,2
51443,1,4465.8,4464.1,1.0455075845974329,0.3969974979148878,2,2026-06-05 02:30:00,-1.0,2
51466,1,4458.93,4449.37,1.2679493195682778,1.420806794055264,4,2026-06-05 04:25:00,-1.0,3
51477,1,4453.04,4447.55,0.671415004748338,0.8252979705787352,5,2026-06-05 05:20:00,-1.0,0
51479,1,4444.96,4442.2,1.4150047483380817,0.4270085092275738,5,2026-06-05 05:30:00,-1.0,3
51480,1,4445.27,4441.5,1.0818946436476318,0.617598876667518,5,2026-06-05 05:35:00,-1.0,2
51481,1,4443.01,4438.57,1.1367269667648296,0.7212810396844619,5,2026-06-05 05:40:00,-1.0,2
51522,1,4440.41,4437.39,1.4264055590650664,0.613999419111147,9,2026-06-05 09:05:00,-1.0,4
51525,1,4444.35,4434.79,1.4694610778443113,1.6428133055112948,9,2026-06-05 09:20:00,2.0,4
51551,-1,4463.41,4468.2,1.0115074798619101,1.2511194029850567,11,2026-06-05 11:30:00,-1.0,1
51559,-1,4466.28,4469.26,1.6810007818608288,0.8706176961603874,12,2026-06-05 12:10:00,-1.0,4
51560,-1,4467.72,4469.34,1.856137607505864,0.45332800319804467,12,2026-06-05 12:15:00,2.0,4
51561,-1,4466.71,4468.96,1.3182173573103988,0.6287425149700553,12,2026-06-05 12:20:00,2.0,3
51586,1,4466.18,4461.66,1.8700696055684454,1.4128153605716938,14,2026-06-05 14:25:00,-1.0,4
51593,-1,4465.32,4470.9,1.608695652173913,1.3401955738548679,15,2026-06-05 15:00:00,-1.0,4
51597,-1,4468.46,4475.76,1.6962025316455696,1.5581643543223622,15,2026-06-05 15:20:00,2.0,4
51611,1,4405.19,4398.28,1.3292831105710814,0.5789347695990386,16,2026-06-05 16:30:00,-1.0,3
51661,-1,4341.27,4347.45,0.9616336633663366,0.9671361502346446,20,2026-06-05 20:40:00,2.0,1
51680,1,4318.52,4314.0,1.0254209310003302,0.7571189279732649,22,2026-06-05 22:15:00,-1.0,2
51691,1,4315.72,4312.4,0.6869398207426376,0.651619234543784,23,2026-06-05 23:10:00,2.0,0
51694,-1,4323.03,4326.48,0.5518792161901702,0.6665746618823657,23,2026-06-05 23:25:00,-1.0,0
51696,-1,4323.24,4325.36,0.5146161259235464,0.4443113772454728,23,2026-06-05 23:35:00,-1.0,0
51701,-1,4321.2,4329.78,1.1302013422818793,1.5886787461975098,1,2026-06-08 01:00:00,-1.0,2
51702,1,4318.77,4310.09,1.3932885906040269,1.4704743465634025,1,2026-06-08 01:05:00,2.0,3
51715,-1,4330.87,4334.32,0.9563130100816131,0.4375792716071481,2,2026-06-08 02:10:00,-1.0,1
51743,1,4315.52,4300.36,1.8791304347826088,1.7223078795748845,4,2026-06-08 04:30:00,-1.0,4
51764,1,4307.54,4303.58,0.6617745163442295,0.6684350132626088,6,2026-06-08 06:15:00,2.0,0
51765,1,4310.61,4306.49,0.8204782755136409,0.6847916419327811,6,2026-06-08 06:20:00,-1.0,0
51776,-1,4318.71,4321.85,0.8513449740443606,0.7256520303731152,7,2026-06-08 07:15:00,2.0,0
51788,1,4309.41,4304.55,1.2238805970149254,1.0167364016735845,8,2026-06-08 08:15:00,-1.0,3
51814,-1,4306.24,4316.88,0.8684931506849315,1.483222144777485,10,2026-06-08 10:25:00,2.0,0
51816,-1,4307.9,4311.71,0.9576868829337094,0.5377558221595407,10,2026-06-08 10:35:00,2.0,1
51822,1,4294.52,4289.65,0.8782479584261321,0.6900111324765615,11,2026-06-08 11:05:00,-1.0,1
51835,1,4289.03,4284.96,0.6649191786806465,0.7952547103977241,12,2026-06-08 12:10:00,-1.0,0
51840,1,4293.94,4273.63,1.5437158469945356,3.1044873894529452,12,2026-06-08 12:35:00,2.0,4
51843,-1,4293.72,4301.73,1.1102077687443541,1.0945827232795562,12,2026-06-08 12:50:00,-1.0,2
51845,-1,4290.7,4295.05,0.9566395663956639,0.5843408175014816,13,2026-06-08 13:00:00,-1.0,1
51852,-1,4299.97,4305.64,1.3420260782347042,0.6927910630127515,13,2026-06-08 13:35:00,-1.0,3
51854,-1,4300.63,4305.14,1.0135338345864662,0.6590814196242478,13,2026-06-08 13:45:00,-1.0,1
51855,-1,4298.57,4302.14,0.9328023892483823,0.5386356288394029,13,2026-06-08 13:50:00,-1.0,1
51869,-1,4330.53,4334.6,1.3288135593220338,0.5375978865931577,15,2026-06-08 15:00:00,-1.0,3
51870,-1,4330.63,4334.85,1.1886255924170617,0.5516854981791343,15,2026-06-08 15:05:00,-1.0,3
51872,1,4325.22,4320.35,0.8850758180367119,0.6194240029072235,15,2026-06-08 15:15:00,2.0,1
51878,-1,4332.7,4338.0,0.9158356601515756,0.8111062527328533,15,2026-06-08 15:45:00,-1.0,1
51881,-1,4329.13,4334.94,1.3900199600798404,0.8352844526596017,16,2026-06-08 16:00:00,-1.0,3
51887,-1,4333.4,4340.11,1.7033012954450482,1.007399463806976,16,2026-06-08 16:30:00,-1.0,4
51889,-1,4336.37,4344.59,1.4248105305145593,1.0843305380194426,16,2026-06-08 16:40:00,2.0,3
51896,1,4321.75,4317.06,1.0277324632952691,0.6020539152759413,17,2026-06-08 17:15:00,-1.0,2
51899,1,4322.2,4318.73,0.8374057315233786,0.44131540697677685,17,2026-06-08 17:30:00,-1.0,0
51901,1,4322.71,4316.24,0.9616892911010558,0.8081006334196043,17,2026-06-08 17:40:00,2.0,1
51903,1,4326.65,4317.06,0.8672839506172839,1.2186620677134359,17,2026-06-08 17:50:00,0.6766273697873483,0
51914,-1,4335.4,4341.02,0.8180890853451207,0.8132299741603225,18,2026-06-08 18:45:00,-1.0,0
51924,-1,4341.41,4346.36,1.0591482649842272,1.0271231658514064,19,2026-06-08 19:35:00,2.0,2
51927,-1,4338.09,4345.87,1.0775163902815272,1.6244593586874447,19,2026-06-08 19:50:00,0.9947287808565495,2
51980,1,4324.69,4322.81,1.134189031505251,0.6733179841389082,1,2026-06-09 01:15:00,-1.0,2
52013,-1,4321.28,4323.98,1.70293965961836,0.6434042553190957,4,2026-06-09 04:00:00,-1.0,4
52031,-1,4335.86,4339.9,1.0923361034164358,0.7994346289752681,5,2026-06-09 05:30:00,-1.0,2
52034,-1,4337.8,4341.06,0.8605614358030372,0.7111249610471096,5,2026-06-09 05:45:00,2.0,0
52036,-1,4336.13,4339.56,0.9105386416861827,0.7473929961090022,5,2026-06-09 05:55:00,-1.0,1
52038,-1,4338.48,4341.45,1.2226450999048526,0.5799163179916756,6,2026-06-09 06:05:00,2.0,3
52041,-1,4334.94,4340.37,0.7765390208434318,1.0750954603309724,6,2026-06-09 06:20:00,-1.0,0
52088,1,4328.82,4323.09,1.2321734169994296,1.0663299215737652,10,2026-06-09 10:15:00,-1.0,3
52092,1,4325.62,4322.36,1.127485380116959,0.6155091031692882,10,2026-06-09 10:35:00,2.0,2
52098,1,4326.62,4321.28,1.0615114235500878,1.1198322348711767,11,2026-06-09 11:05:00,2.0,2
52105,-1,4335.07,4336.83,0.7930283224400871,0.3918575063613598,11,2026-06-09 11:40:00,2.0,0
52124,-1,4334.89,4336.43,1.2593681116825863,0.32617246596066063,13,2026-06-09 13:15:00,-1.0,3
52126,-1,4333.89,4336.74,1.0198383541513594,0.5816326530611254,13,2026-06-09 13:25:00,-1.0,2
52133,-1,4335.98,4340.51,1.1964152352501867,1.0725520040590395,14,2026-06-09 14:00:00,-1.0,3
52144,-1,4339.94,4343.41,0.8753846153846154,1.0018560527944498,14,2026-06-09 14:55:00,-1.0,0
52149,-1,4338.63,4342.58,1.3162142333088775,1.2250775365528563,15,2026-06-09 15:20:00,-1.0,3
52154,-1,4341.4,4344.19,1.2321041214750543,0.7174871418074664,15,2026-06-09 15:45:00,-1.0,3
52157,-1,4339.63,4345.44,2.137080191912269,1.2809448818896516,16,2026-06-09 16:00:00,2.0,4
52158,-1,4341.58,4344.37,1.7813712807244502,0.5959719255416465,16,2026-06-09 16:05:00,2.0,4
52166,1,4352.22,4329.21,1.9264069264069263,3.1136671177267683,16,2026-06-09 16:45:00,-1.0,4
52167,-1,4334.22,4352.67,2.005086469989827,2.1618680950786935,16,2026-06-09 16:50:00,2.0,4
52189,1,4279.83,4269.26,1.0309433962264152,0.8963052695335892,18,2026-06-09 18:40:00,-1.0,2
52191,1,4279.86,4276.54,0.9842223891810669,0.32046332046329246,18,2026-06-09 18:50:00,-1.0,1
52213,-1,4264.77,4268.11,0.7336929867582148,0.34667852906279345,20,2026-06-09 20:40:00,-1.0,0
52225,-1,4264.47,4270.1,0.8789098792195726,0.9685426394691636,21,2026-06-09 21:40:00,-1.0,1
52234,1,4257.35,4254.2,1.0487632508833922,0.6379285404311814,22,2026-06-09 22:25:00,-1.0,2
52239,1,4258.95,4251.59,1.1889525092623778,1.5240349060789424,22,2026-06-09 22:50:00,-1.0,3
52241,1,4260.83,4255.72,0.8501178848097002,1.032174289424267,23,2026-06-09 23:00:00,-1.0,0
52251,-1,4260.23,4261.82,0.17430503380916604,0.5333013895544126,23,2026-06-09 23:50:00,2.0,0
52253,1,4255.33,4247.05,0.9904519414385742,2.581162324649123,1,2026-06-10 01:00:00,-1.0,1
52288,1,4218.29,4207.56,1.1410153102336824,1.264584560989941,3,2026-06-10 03:55:00,-1.0,2
52292,1,4213.15,4200.42,1.329621380846325,1.1511432631442593,4,2026-06-10 04:15:00,-1.0,3
52298,1,4193.01,4184.61,1.047160068846816,0.6991260923845646,4,2026-06-10 04:45:00,-1.0,2
52299,1,4192.07,4183.99,1.0079173838209983,0.6629160806375924,4,2026-06-10 04:50:00,-1.0,1
52306,1,4188.05,4178.27,0.7932460372157133,1.0644484179429161,5,2026-06-10 05:25:00,-1.0,0
52310,1,4187.66,4183.55,0.844934527911785,0.4267596232292179,5,2026-06-10 05:45:00,-1.0,0
52334,1,4174.0,4172.48,0.7863682604272635,0.3737267298912114,7,2026-06-10 07:45:00,2.0,0
52376,1,4173.43,4166.12,1.307488986784141,0.8488015260844679,11,2026-06-10 11:15:00,-1.0,3
52392,-1,4172.48,4179.6,0.8894837476099426,0.9657043208681636,12,2026-06-10 12:35:00,2.0,1
52400,1,4164.37,4159.58,0.8580750407830342,0.6353387020369489,13,2026-06-10 13:15:00,2.0,0
52410,1,4161.31,4153.6,1.749113475177305,1.0037195462153667,14,2026-06-10 14:05:00,-1.0,4
52418,1,4155.71,4152.65,1.2195540308747856,0.379417234965946,14,2026-06-10 14:45:00,-1.0,3
52427,1,4162.57,4136.34,1.5351870923446618,2.6687499999999837,15,2026-06-10 15:30:00,-1.0,4
52445,-1,4171.6,4180.88,1.062308478038815,0.758037225042283,17,2026-06-10 17:00:00,2.0,2
52466,1,4118.37,4108.75,1.1194666666666666,0.8236805088373832,18,2026-06-10 18:45:00,-1.0,2
52467,1,4120.39,4106.84,1.1403141361256544,1.110720768194892,18,2026-06-10 18:50:00,-1.0,2
52487,1,4111.24,4105.91,1.0026889752016732,0.7167419075977381,20,2026-06-10 20:30:00,-1.0,1
52490,1,4111.34,4101.1,1.1204671173939766,1.358991373589911,20,2026-06-10 20:45:00,-1.0,2
52491,1,4109.92,4104.78,1.1253841425937308,0.6773343373494479,20,2026-06-10 20:50:00,-1.0,2
52503,1,4101.54,4097.1,1.0413609072715144,0.7556528081691578,21,2026-06-10 21:50:00,-1.0,2
52504,1,4101.6,4099.4,0.9052352551358516,0.4133118625873592,21,2026-06-10 21:55:00,-1.0,1
52528,1,4071.42,4068.97,0.34750733137829914,0.5107206670637761,23,2026-06-10 23:55:00,-1.0,0
52544,1,4038.86,4025.25,1.387214611872146,1.1893140253417465,2,2026-06-11 02:15:00,2.0,3
52557,-1,4061.67,4070.53,1.3567073170731707,0.7172429744420112,3,2026-06-11 03:20:00,-1.0,3
52559,-1,4064.41,4076.63,1.179901616303584,0.9829924155366764,3,2026-06-11 03:30:00,-1.0,3
52560,-1,4063.41,4068.88,0.9865529681862906,0.4755635595851907,3,2026-06-11 03:35:00,-1.0,1
52561,-1,4063.52,4074.51,0.8205969170219745,0.9283214673585294,3,2026-06-11 03:40:00,-1.0,0
52606,-1,4077.83,4082.23,0.8758848513449741,0.7545320921117225,7,2026-06-11 07:25:00,-1.0,0
52607,-1,4077.92,4083.92,0.8681771369721936,1.0227687812005286,7,2026-06-11 07:30:00,-1.0,0
52613,-1,4077.98,4083.35,1.2286995515695067,0.9996011168727416,8,2026-06-11 08:00:00,-1.0,3
52618,1,4075.14,4072.77,1.312638580931264,0.4453691275167607,8,2026-06-11 08:25:00,2.0,3
52619,1,4095.23,4074.62,1.9890530925013683,3.1826604897419175,8,2026-06-11 08:30:00,-0.6514034157548855,4
52625,-1,4084.77,4094.81,1.334647609659931,1.3726562499999937,9,2026-06-11 09:00:00,-1.0,3
52644,-1,4104.72,4108.89,0.9270040304523063,0.7321294206169949,10,2026-06-11 10:35:00,-1.0,1
52646,-1,4102.91,4108.06,0.7711283691183188,0.911734951947461,10,2026-06-11 10:45:00,-1.0,0
52649,-1,4106.18,4111.89,1.319169483341381,0.9994998749687085,11,2026-06-11 11:00:00,2.0,3
52651,-1,4106.16,4112.57,1.12892322549493,1.0761482192108844,11,2026-06-11 11:10:00,2.0,2
52688,1,4086.7,4084.1,1.4261805140466228,0.49517072507139703,14,2026-06-11 14:15:00,2.0,4
52690,1,4090.4,4084.4,1.2930934416715032,1.1264583612712862,14,2026-06-11 14:25:00,-1.0,3
52697,1,4086.59,4078.44,1.0977130977130978,1.3957186544342586,15,2026-06-11 15:00:00,-1.0,2
52718,-1,4083.78,4092.4,1.3399879007864488,0.842031816913187,16,2026-06-11 16:45:00,2.0,3
52719,-1,4085.22,4092.62,1.2200841852074564,0.7393134946121543,16,2026-06-11 16:50:00,2.0,3
52720,-1,4083.27,4091.49,1.1851411589895988,0.8359726863286191,16,2026-06-11 16:55:00,2.0,3
52723,1,4060.99,4053.02,1.1698774080560421,0.7376214715409393,17,2026-06-11 17:10:00,2.0,2
52724,1,4063.69,4056.25,1.1511967308814945,0.6740002588326738,17,2026-06-11 17:15:00,2.0,2
52743,-1,4090.58,4095.46,0.8363150867823765,0.636778823748733,18,2026-06-11 18:50:00,-1.0,0
52745,-1,4087.6,4093.34,0.9073223453120778,0.7693633317377065,19,2026-06-11 19:00:00,-1.0,1
52749,-1,4087.81,4098.51,0.9560100868590642,1.3508882676526592,19,2026-06-11 19:20:00,-1.0,1
52779,-1,4164.86,4170.1,0.7615877080665813,0.48371356982731234,21,2026-06-11 21:50:00,-1.0,0
52805,-1,4208.67,4220.28,0.7664670658682635,2.191156645996209,1,2026-06-12 01:00:00,-1.0,0
52829,1,4219.35,4212.69,1.3738601823708207,0.8009621166567376,3,2026-06-12 03:00:00,-1.0,3
52832,1,4216.43,4207.36,1.4266602962255137,1.299028132992416,3,2026-06-12 03:15:00,-1.0,4
52868,-1,4196.08,4201.27,0.9888806523350631,0.8775362318841228,6,2026-06-12 06:15:00,-1.0,1
52873,-1,4199.35,4204.95,0.6162888329135181,0.9058347775851017,6,2026-06-12 06:40:00,2.0,0
52876,-1,4197.12,4201.47,0.6385767790262172,0.8014212396368445,6,2026-06-12 06:55:00,2.0,0
52877,-1,4197.12,4201.03,0.6732209737827716,0.6895074946466445,7,2026-06-12 07:00:00,2.0,0
52887,1,4192.25,4190.15,0.7840670859538784,0.4665926043485953,7,2026-06-12 07:50:00,-1.0,0
52919,1,4173.75,4170.3,0.9533169533169533,0.6379606392814272,10,2026-06-12 10:30:00,2.0,1
52969,1,4209.88,4202.05,0.9670079635949943,1.6586472991375663,14,2026-06-12 14:40:00,-1.0,1
52979,1,4199.85,4197.46,1.1918964546989308,0.41637630662027253,15,2026-06-12 15:30:00,-1.0,3
52986,1,4200.2,4193.62,1.2455813953488373,0.9947089947089774,16,2026-06-12 16:05:00,-1.0,3
52987,1,4198.43,4193.79,1.199820386169735,0.6889383815887579,16,2026-06-12 16:10:00,-1.0,3
52988,1,4202.53,4197.38,1.0990913024664648,0.7494802494801909,16,2026-06-12 16:15:00,-1.0,2
52993,1,4190.92,4182.94,1.8753138075313807,0.9226195391857762,16,2026-06-12 16:40:00,-1.0,4
52994,1,4190.86,4183.9,1.794979079497908,0.7984267453293926,16,2026-06-12 16:45:00,-1.0,4
52997,1,4194.43,4185.21,1.5641931684334511,0.9956035480138999,17,2026-06-12 17:00:00,-1.0,4
53001,1,4187.32,4182.71,1.0828025477707006,0.4684279285817647,17,2026-06-12 17:20:00,-1.0,2
53003,1,4186.86,4181.24,1.0092969203951192,0.5497868772272948,17,2026-06-12 17:30:00,-1.0,1
53005,1,4184.59,4181.28,1.0086306098964326,0.30930449873184573,17,2026-06-12 17:40:00,-1.0,1
53006,1,4183.01,4176.99,1.0475372279495991,0.5764705882353259,17,2026-06-12 17:45:00,2.0,2
53007,1,4207.28,4179.49,1.1342015855039638,2.5978899572649183,17,2026-06-12 17:50:00,0.4785932004689369,2
53157,1,4322.51,4320.93,0.8416666666666667,0.45721372467958904,7,2026-06-15 07:20:00,2.0,0
53167,-1,4328.85,4330.85,1.3577586206896552,0.6346328195829702,8,2026-06-15 08:10:00,-1.0,3
53171,-1,4327.45,4332.68,2.258403361344538,1.4530660845407315,8,2026-06-15 08:30:00,2.0,4
53245,-1,4338.53,4347.58,1.5174418604651163,2.2404951370469353,14,2026-06-15 14:40:00,-1.0,4
53247,1,4335.98,4333.74,1.4287790697674418,0.5230153435623315,14,2026-06-15 14:50:00,-1.0,4
53249,1,4337.52,4334.17,1.3719599427753935,0.7989778534924479,15,2026-06-15 15:00:00,-1.0,3
53254,1,4337.41,4333.17,1.3021021021021022,0.7269164829781823,15,2026-06-15 15:25:00,2.0,3
53255,1,4342.55,4335.11,1.4285714285714286,1.211162790697783,15,2026-06-15 15:30:00,2.0,4
53259,-1,4344.39,4349.42,1.11875,0.8877962682803517,15,2026-06-15 15:50:00,-1.0,2
53261,-1,4343.12,4349.1,1.416582406471183,1.0263577295575201,16,2026-06-15 16:00:00,-1.0,3
53280,1,4357.57,4354.05,0.8679491359634822,0.4387855044073832,17,2026-06-15 17:35:00,-1.0,0
53285,1,4354.98,4351.64,0.9214215846103685,0.468490131249269,18,2026-06-15 18:00:00,-1.0,1
53289,1,4356.47,4350.23,0.7814171122994652,1.0114623133033436,18,2026-06-15 18:20:00,-1.0,0
53299,1,4351.72,4349.22,0.7962602259446825,0.5371393492940242,19,2026-06-15 19:10:00,-1.0,0
53343,1,4320.1,4316.66,1.1547911547911547,1.2811918063316559,22,2026-06-15 22:50:00,-1.0,2
53362,1,4308.49,4305.97,1.3234960272417706,0.6048345619748572,1,2026-06-16 01:25:00,2.0,3
53376,-1,4315.29,4319.27,1.29718456725756,1.379891035166084,2,2026-06-16 02:35:00,-1.0,3
53380,-1,4315.63,4318.98,1.2,1.0180160625133867,2,2026-06-16 02:55:00,2.0,3
53394,-1,4318.95,4322.27,1.9346888478126925,0.7555266579975011,4,2026-06-16 04:05:00,-1.0,4
53396,-1,4319.2,4321.63,1.3624925104853205,0.5470332850941035,4,2026-06-16 04:15:00,-1.0,3
53397,-1,4319.12,4321.97,1.4248520710059172,0.6266687607979163,4,2026-06-16 04:20:00,-1.0,3
53447,1,4321.97,4320.53,2.0909791827293756,0.44142763301964305,8,2026-06-16 08:30:00,-1.0,4
53471,-1,4328.82,4332.63,1.1595684270300965,1.0361305361306536,10,2026-06-16 10:30:00,-1.0,2
53473,-1,4327.73,4331.52,0.9608177172061328,1.0401881983927073,10,2026-06-16 10:40:00,-1.0,1
53511,-1,4347.43,4348.8,0.9675425038639877,0.5321864594893874,13,2026-06-16 13:50:00,2.0,1
53513,-1,4344.28,4349.34,1.3175355450236967,2.000564812200007,14,2026-06-16 14:00:00,-1.0,3
53534,-1,4349.12,4350.77,1.1758436944937833,0.38403990024948265,15,2026-06-16 15:45:00,-1.0,3
53537,-1,4347.36,4354.84,1.6945054945054945,1.5749736802527097,16,2026-06-16 16:00:00,2.0,4
53541,1,4338.17,4333.29,1.4935666495110653,0.9659267637494726,16,2026-06-16 16:20:00,-1.0,4
53543,1,4338.17,4333.71,1.6247600767754318,0.8652993348115278,16,2026-06-16 16:30:00,-1.0,4
53545,1,4338.97,4335.22,1.3472163195920102,0.7439421850644781,16,2026-06-16 16:40:00,-1.0,3
53549,1,4338.68,4331.6,1.1332335329341316,1.2681678607983664,17,2026-06-16 17:00:00,-1.0,2
53551,1,4335.56,4332.52,0.9616387337057728,0.5631119343741804,17,2026-06-16 17:10:00,-1.0,1
53603,-1,4340.4,4342.9,0.8576017130620985,0.8137642408742112,21,2026-06-16 21:30:00,2.0,0
53610,-1,4341.1,4342.92,0.9716981132075472,0.7095516569199674,22,2026-06-16 22:05:00,2.0,1
53630,1,4331.91,4330.45,0.39922229423201555,0.5698355171452483,23,2026-06-16 23:45:00,-1.0,0
53632,1,4331.24,4329.62,0.30680885972108285,0.6445012787723091,23,2026-06-16 23:55:00,2.0,0
53636,1,4331.22,4329.4,0.9234899328859061,0.788122486854518,1,2026-06-17 01:15:00,2.0,1
53639,1,4332.33,4330.17,1.0644257703081232,0.8798370672096497,1,2026-06-17 01:30:00,2.0,2
53651,-1,4335.29,4336.54,0.9984825493171472,0.6586375611591867,2,2026-06-17 02:30:00,2.0,1
53657,1,4334.51,4328.46,2.8528528528528527,2.519333729922613,3,2026-06-17 03:00:00,2.0,4
53658,-1,4338.12,4339.06,2.963963963963964,0.36044919200236636,3,2026-06-17 03:05:00,-1.0,4
53659,-1,4337.7,4340.08,2.6006006006006004,0.881015335801147,3,2026-06-17 03:10:00,-1.0,4
53661,-1,4338.18,4340.14,2.431137724550898,0.7055798405759413,3,2026-06-17 03:20:00,2.0,4
53662,-1,4337.38,4339.05,1.9709724238026125,0.5842078960519532,3,2026-06-17 03:25:00,2.0,4
53664,-1,4335.04,4338.92,1.3235294117647058,1.2154844484224367,3,2026-06-17 03:35:00,-1.0,3
53673,-1,4340.95,4342.75,1.4107722258273847,0.42835288118311365,4,2026-06-17 04:20:00,-1.0,3
53675,-1,4339.21,4344.15,1.2269417475728155,1.118369987063329,4,2026-06-17 04:30:00,2.0,3
53705,1,4330.08,4328.62,0.7805851063829787,0.5175993922511948,7,2026-06-17 07:00:00,-1.0,0
53709,1,4329.52,4327.66,0.7923664122137405,0.6735644076566899,7,2026-06-17 07:20:00,-1.0,0
53728,-1,4326.52,4330.47,1.461658841940532,1.0688055662929774,8,2026-06-17 08:55:00,-1.0,4
53730,-1,4327.7,4330.07,1.3323550990462216,0.6399228543876564,9,2026-06-17 09:05:00,2.0,3
53733,1,4324.16,4320.58,1.153993610223642,0.8742368742368715,9,2026-06-17 09:20:00,-1.0,2
53756,1,4323.02,4319.67,1.326047358834244,0.8691623424760312,11,2026-06-17 11:15:00,-1.0,3
53759,1,4323.86,4319.97,1.1113801452784504,1.0831344470961435,11,2026-06-17 11:30:00,-1.0,2
53763,1,4324.64,4318.5,0.9805309734513274,1.6720482396422165,11,2026-06-17 11:50:00,1.1263757115748438,1
53770,-1,4332.0,4333.24,1.2548076923076923,0.34692246203032745,12,2026-06-17 12:25:00,-1.0,3
53771,-1,4329.57,4335.65,1.1572629051620649,1.5754210623727976,12,2026-06-17 12:30:00,-1.0,2
53789,-1,4328.44,4331.97,1.5424739195230999,1.20536585365868,14,2026-06-17 14:00:00,2.0,4
53805,1,4326.89,4323.08,1.1014492753623188,1.1535467128028494,15,2026-06-17 15:20:00,2.0,2
53807,1,4329.13,4323.4,1.1115023474178405,1.5444743935310827,15,2026-06-17 15:30:00,2.0,2
53811,-1,4332.59,4335.26,0.8734549735138316,0.6784029038112662,15,2026-06-17 15:50:00,2.0,0
53812,-1,4333.72,4335.33,0.9716399506781751,0.41244281793220844,15,2026-06-17 15:55:00,2.0,1
53819,-1,4335.06,4337.48,1.6546227417640809,0.5305355465077979,16,2026-06-17 16:30:00,-1.0,4
53849,-1,4363.03,4365.73,0.7308724832214765,0.5808236017209123,19,2026-06-17 19:00:00,2.0,0
53850,-1,4362.72,4364.29,0.6318339100346021,0.3513988808952125,19,2026-06-17 19:05:00,-1.0,0
53855,-1,4361.76,4365.29,0.7569011576135352,0.9573808601316649,19,2026-06-17 19:30:00,-1.0,0
53873,-1,4316.75,4379.52,2.4909983633387887,6.206950134199912,21,2026-06-17 21:00:00,0.7931304181365681,4
53913,-1,4269.17,4271.46,0.6520547945205479,0.35905476537125663,1,2026-06-18 01:20:00,2.0,0
53914,-1,4267.1,4270.14,0.7504892367906066,0.5262767404476264,1,2026-06-18 01:25:00,-1.0,0
53959,-1,4327.09,4329.85,0.913929313929314,0.4760379450536231,5,2026-06-18 05:10:00,2.0,1
53960,-1,4326.59,4329.66,0.7239932885906041,0.5447401774397418,5,2026-06-18 05:15:00,2.0,0
53999,-1,4322.71,4324.66,1.8179329226557153,0.46547314578001064,8,2026-06-18 08:30:00,2.0,4
54000,-1,4316.68,4324.04,1.4528428093645485,1.629348513598921,8,2026-06-18 08:35:00,2.0,4
54023,1,4298.51,4295.88,0.9767857142857143,0.5636001836828571,10,2026-06-18 10:30:00,-1.0,1
54025,1,4297.74,4293.32,0.8692870201096892,0.9070653767223803,10,2026-06-18 10:40:00,-1.0,0
54075,1,4242.36,4240.05,1.2,0.43838958926384536,14,2026-06-18 14:50:00,2.0,3
54076,1,4242.1,4240.35,1.0178653229500687,0.33957033957035415,14,2026-06-18 14:55:00,2.0,2
54078,1,4244.2,4240.52,1.0861524582769508,0.7432198499710557,15,2026-06-18 15:05:00,2.0,2
54084,-1,4242.61,4252.33,1.1292834890965733,1.4289614617243314,15,2026-06-18 15:35:00,-1.0,2
54085,-1,4243.18,4251.65,1.1972318339100345,1.145700483091729,15,2026-06-18 15:40:00,-1.0,3
54097,-1,4264.45,4272.33,1.2832740213523133,1.099571414332718,16,2026-06-18 16:40:00,2.0,3
54101,1,4247.52,4238.7,1.3534246575342466,1.0352112676057006,17,2026-06-18 17:00:00,-1.0,3
54102,1,4243.71,4240.27,1.1979452054794522,0.4015006252604791,17,2026-06-18 17:05:00,-1.0,3
54104,1,4249.61,4237.02,1.2051536174430129,1.4043502509759302,17,2026-06-18 17:15:00,-1.0,3
54116,1,4242.56,4239.4,0.9869281045751634,0.3959899749374414,18,2026-06-18 18:15:00,-1.0,1
54148,-1,4230.35,4232.72,0.6785025086839058,0.5586799124431434,20,2026-06-18 20:55:00,2.0,0
54151,-1,4228.44,4233.22,0.8184845961698585,1.2005740940080238,21,2026-06-18 21:10:00,2.0,0
54169,1,4214.16,4209.75,1.1271676300578035,0.9263315828956858,22,2026-06-18 22:40:00,-1.0,2
54170,1,4215.99,4213.38,0.9961464354527938,0.5463516746410715,22,2026-06-18 22:45:00,-1.0,1
54179,-1,4216.36,4219.09,0.4067796610169492,0.8046315789475078,23,2026-06-18 23:30:00,2.0,0
54180,-1,4215.06,4218.72,0.6276029055690072,1.0446483180427486,23,2026-06-18 23:35:00,2.0,0
54225,1,4187.16,4184.09,0.9747207524985303,0.7396317329202344,4,2026-06-19 04:20:00,-1.0,1
54232,1,4184.92,4183.77,0.7705416920267802,0.3081339712917632,4,2026-06-19 04:55:00,-1.0,0
54234,1,4184.19,4177.94,1.337092731829574,1.5782828282828139,5,2026-06-19 05:05:00,-1.0,3
54243,1,4176.7,4171.77,1.1300813008130082,1.2104524728164718,5,2026-06-19 05:50:00,-1.0,2
54292,-1,4147.65,4150.57,0.9252206223873665,0.46155583154568786,9,2026-06-19 09:55:00,-1.0,1
54304,-1,4158.05,4163.07,1.0393145161290323,0.9728682170541749,10,2026-06-19 10:55:00,-1.0,2
54328,1,4162.91,4161.0,0.8004722550177096,0.49281238481381967,12,2026-06-19 12:55:00,-1.0,0
54380,1,4147.46,4144.04,0.9838565022421525,0.5572625698324195,17,2026-06-19 17:15:00,2.0,1
54382,1,4149.28,4145.43,0.8789237668161435,0.7299566630551407,17,2026-06-19 17:25:00,-1.0,1
54384,1,4148.17,4146.04,0.8913142337426103,0.4019409623938616,17,2026-06-19 17:35:00,-1.0,1
54387,1,4149.86,4144.38,0.7218045112781954,1.0392847466810249,17,2026-06-19 17:50:00,2.0,0
54409,-1,4151.8,4153.57,1.0069651741293533,0.5648506952357631,19,2026-06-19 19:40:00,-1.0,1
54411,-1,4151.54,4157.92,1.072927072927073,1.8165548098433615,19,2026-06-19 19:50:00,-1.0,2
54416,-1,4151.62,4156.22,2.13953488372093,1.034704370180019,1,2026-06-22 01:10:00,-1.0,4
54418,-1,4150.1,4154.83,1.7582417582417582,0.9513001005601686,1,2026-06-22 01:20:00,-1.0,4
54428,-1,4158.61,4164.62,1.3404580152671757,1.3290159532459154,2,2026-06-22 02:10:00,2.0,3
54439,1,4148.78,4143.54,1.6989737742303306,0.8697095435683967,3,2026-06-22 03:05:00,2.0,4
54441,-1,4163.83,4170.44,1.6386600768808348,0.9283707865167968,3,2026-06-22 03:15:00,-1.0,4
54486,1,4173.93,4170.76,0.8457522543901281,0.7032166059261703,7,2026-06-22 07:00:00,2.0,0
54487,1,4177.69,4173.66,0.6967252017085904,0.8684008003693309,7,2026-06-22 07:05:00,2.0,0
54513,-1,4197.68,4200.03,1.2133403917416623,0.4667328699105187,9,2026-06-22 09:15:00,-1.0,3
54515,-1,4196.73,4200.86,1.0318054256314313,0.794885894968404,9,2026-06-22 09:25:00,-1.0,2
54517,-1,4198.54,4200.09,0.8287243532560215,0.30727839139057744,9,2026-06-22 09:35:00,-1.0,0
54521,-1,4197.71,4205.72,1.065120428189117,1.644281524926779,9,2026-06-22 09:55:00,-1.0,2
54571,-1,4210.95,4215.11,2.086021505376344,1.1184943345496314,14,2026-06-22 14:05:00,2.0,4
54576,1,4205.97,4203.57,1.10752688172043,0.6149341142021961,14,2026-06-22 14:30:00,-1.0,2
54577,1,4206.35,4202.19,1.1404199475065617,1.0809205642169744,14,2026-06-22 14:35:00,-1.0,2
54580,1,4205.52,4201.52,0.9935897435897436,0.974591019839888,14,2026-06-22 14:50:00,-1.0,1
54590,1,4203.92,4200.91,1.1169398907103825,0.7577773781694038,15,2026-06-22 15:40:00,-1.0,2
54591,1,4202.33,4199.78,1.1213114754098361,0.6307420494699751,15,2026-06-22 15:45:00,-1.0,2
54604,1,4204.09,4199.5,1.421494206951658,0.7309748606529725,16,2026-06-22 16:50:00,-1.0,3
54663,-1,4191.95,4192.85,0.8735632183908046,0.3452054794522727,21,2026-06-22 21:45:00,2.0,0
54666,-1,4191.95,4193.39,0.9684908789386402,0.5690093141407699,22,2026-06-22 22:00:00,2.0,1
54668,-1,4191.4,4193.06,0.8678611422172452,0.6695476807839433,22,2026-06-22 22:10:00,2.0,0
54678,-1,4192.46,4193.82,0.7883628066172276,0.5107296137337737,23,2026-06-22 23:00:00,-1.0,0
54690,-1,4193.01,4194.54,1.058096415327565,0.6611111111109528,1,2026-06-23 01:00:00,2.0,2
54691,-1,4192.93,4193.91,0.6344647519582245,0.47034624614304327,1,2026-06-23 01:05:00,-1.0,0
54696,-1,4192.69,4194.62,1.4744525547445255,1.0705229793978748,1,2026-06-23 01:30:00,-1.0,4
54711,-1,4190.88,4195.0,1.8193979933110367,2.0006937218176293,2,2026-06-23 02:45:00,2.0,4
54714,1,4189.33,4186.62,3.125179856115108,1.0790671217292847,3,2026-06-23 03:00:00,-1.0,4
54726,-1,4190.04,4198.21,1.7109053497942386,1.6361035617222321,4,2026-06-23 04:00:00,2.0,4
54774,1,4134.62,4115.49,1.686800894854586,3.297463678896832,8,2026-06-23 08:00:00,-1.0,4
54788,1,4122.74,4111.37,1.2741617357001973,1.4708926261319235,9,2026-06-23 09:10:00,-1.0,3
54794,1,4113.47,4110.92,0.9794353433252004,0.3308619091751841,9,2026-06-23 09:40:00,2.0,1
54795,1,4115.56,4110.4,1.0141143260409315,0.6765945490307183,9,2026-06-23 09:45:00,-1.0,1
54798,1,4119.71,4110.28,1.0725750174459177,1.280380176510555,10,2026-06-23 10:00:00,-1.0,2
54861,1,4117.77,4111.83,1.0311566367904397,1.0395000000000774,15,2026-06-23 15:15:00,-1.0,2
54862,1,4117.68,4112.69,1.2517985611510791,0.8454556456493867,15,2026-06-23 15:20:00,-1.0,3
54865,1,4122.09,4115.72,0.9726141078838174,1.0634390651084886,15,2026-06-23 15:35:00,-1.0,1
54870,1,4112.12,4108.09,1.4410041841004184,0.6508998615597099,16,2026-06-23 16:00:00,-1.0,4
54871,1,4116.57,4111.47,1.3447698744769874,0.8093402856494154,16,2026-06-23 16:05:00,-1.0,3
54874,1,4116.66,4105.5,1.345724907063197,1.675855411348248,16,2026-06-23 16:20:00,2.0,3
54876,1,4122.59,4110.16,1.723127035830619,1.7855530474041041,16,2026-06-23 16:30:00,0.5292738866345784,4
54877,-1,4118.76,4124.63,1.641910879164994,0.8249347520578053,16,2026-06-23 16:35:00,-1.0,4
54912,-1,4140.69,4142.4,0.8043402170108506,0.38606676342525514,19,2026-06-23 19:30:00,-1.0,0
54915,-1,4140.37,4143.9,0.8327287384119306,0.8907714491707859,19,2026-06-23 19:45:00,2.0,0
54917,1,4134.33,4131.67,1.1797511797511797,0.6746376811593634,19,2026-06-23 19:55:00,-1.0,3
54920,1,4138.58,4132.45,1.0446584938704029,1.438002680965144,20,2026-06-23 20:10:00,-1.0,2
54980,1,4099.81,4096.39,1.3374045801526717,0.7016412661196092,2,2026-06-24 02:10:00,-1.0,3
54989,1,4099.32,4096.07,1.095811818703385,0.5915236609464338,2,2026-06-24 02:55:00,2.0,2
54990,1,4102.38,4094.71,1.785998861696073,1.2742375697163864,3,2026-06-24 03:00:00,-1.0,4
55004,1,4089.85,4077.31,1.3132574366507528,1.4223446487887743,4,2026-06-24 04:10:00,-1.0,3
55020,1,4069.11,4063.47,1.0289901242433896,0.7570469798658046,5,2026-06-24 05:30:00,-1.0,2
55029,1,4052.85,4050.5,0.9880281690140845,0.3066169617893645,6,2026-06-24 06:15:00,2.0,1
55031,1,4056.69,4051.53,1.0024973242953978,0.6884589726484169,6,2026-06-24 06:25:00,2.0,1
55053,-1,4065.66,4068.79,0.9366852886405959,0.71286806572316,8,2026-06-24 08:15:00,-1.0,1
55100,1,4076.32,4069.97,1.0274434280211844,1.3626609442060817,12,2026-06-24 12:10:00,-1.0,2
55135,1,4040.74,4035.27,1.2275919041718297,0.7026977427050577,15,2026-06-24 15:05:00,-1.0,3
55137,1,4041.11,4035.44,1.0913312693498451,0.725660480848354,15,2026-06-24 15:15:00,-1.0,2
55183,1,4000.49,3995.7,0.9365361803084223,0.5763644177051982,19,2026-06-24 19:05:00,2.0,1
55188,-1,4014.89,4019.24,0.9247176913425345,0.5590746350867398,19,2026-06-24 19:30:00,-1.0,1
55190,-1,4011.63,4019.87,0.9946083095464637,1.080453310855076,19,2026-06-24 19:40:00,2.0,1
55233,-1,3993.02,3995.89,0.642962962962963,0.5094459236718494,23,2026-06-24 23:15:00,-1.0,0
55244,-1,4001.77,4005.16,0.5564766839378238,0.69446883230902,1,2026-06-25 01:10:00,-1.0,0
55276,1,3999.68,3982.63,1.297157622739018,2.3498720220515597,3,2026-06-25 03:50:00,-1.0,3
55277,1,3991.56,3988.59,1.2154651631091422,0.3896176911543989,3,2026-06-25 03:55:00,2.0,3
55278,1,3997.04,3988.95,1.593050193050193,0.9436760539910223,4,2026-06-25 04:00:00,-1.0,4
55279,1,3991.43,3987.46,1.444568868980963,0.4396456256921165,4,2026-06-25 04:05:00,-1.0,4
55285,1,3987.29,3977.17,1.1631348805919945,0.9670989761092106,4,2026-06-25 04:35:00,-1.0,2
55287,1,3985.46,3978.35,1.0231362467866323,0.6720226843100355,4,2026-06-25 04:45:00,-1.0,2
55293,1,3981.33,3967.49,0.8881789137380192,1.3850882836514518,5,2026-06-25 05:15:00,-0.4009049872667622,1
55296,1,3983.37,3978.41,0.9735695614289863,0.510213078618665,5,2026-06-25 05:30:00,-1.0,1
55336,1,3988.53,3982.73,1.2211313697989714,0.9674728940784152,8,2026-06-25 08:50:00,-1.0,3
55338,1,3986.67,3982.1,1.193080878915381,0.7423134934447296,9,2026-06-25 09:00:00,-1.0,3
55339,1,3986.12,3983.21,1.0908273381294964,0.4497185119770117,9,2026-06-25 09:05:00,-1.0,2
55343,1,3984.38,3978.4,1.0186286167261196,0.8794117647058741,9,2026-06-25 09:25:00,-1.0,2
55350,1,3979.84,3973.56,0.9708588957055214,1.0433131600807264,10,2026-06-25 10:00:00,-1.0,1
55359,1,3977.51,3971.51,0.9154351395730707,0.916330315261258,10,2026-06-25 10:45:00,2.0,1
55363,-1,3988.22,3992.85,1.0258397932816536,0.656538033019355,11,2026-06-25 11:05:00,-1.0,2
55373,-1,3989.25,3991.09,0.762589928057554,0.304491725768341,11,2026-06-25 11:55:00,-1.0,0
55381,1,3992.09,3986.17,1.000914913083257,1.1860331997710487,12,2026-06-25 12:35:00,-1.0,1
55391,1,3989.23,3985.48,0.7928447778418927,0.9346626312978523,13,2026-06-25 13:25:00,-1.0,0
55395,1,3984.38,3982.46,0.838946723821188,0.5365269461078106,13,2026-06-25 13:45:00,-1.0,0
55397,1,3984.37,3981.42,0.8906832298136645,0.8264958975384905,13,2026-06-25 13:55:00,-1.0,1
55398,1,3984.75,3982.1,1.256020278833967,0.7310344827586653,14,2026-06-25 14:00:00,-1.0,3
55399,1,3984.47,3982.92,1.0076045627376427,0.45255474452548233,14,2026-06-25 14:05:00,-1.0,1
55406,1,3984.9,3982.33,1.2733990147783252,0.6262837249782888,14,2026-06-25 14:40:00,-1.0,3
55451,-1,4027.07,4038.17,0.9751443635450665,1.1178247734138955,18,2026-06-25 18:25:00,-1.0,1
55452,-1,4022.23,4028.59,0.9335031847133758,0.6531211032054752,18,2026-06-25 18:30:00,-1.0,1
55454,-1,4027.86,4030.69,0.7779544250132485,0.30999139347468335,18,2026-06-25 18:40:00,-1.0,0
55456,-1,4038.45,4041.54,0.9655364091161757,0.3231251867344051,18,2026-06-25 18:50:00,-1.0,1
55458,-1,4037.9,4042.94,0.9783599088838268,0.5251172136637626,19,2026-06-25 19:00:00,2.0,1
55460,-1,4037.15,4041.44,0.9006928406466512,0.4431491182763934,19,2026-06-25 19:10:00,-1.0,1
55464,-1,4035.03,4040.77,0.9429837518463811,0.8049684463587836,19,2026-06-25 19:30:00,-1.0,1
55488,-1,4034.17,4044.17,1.0618917866874271,1.9212295869356177,21,2026-06-25 21:30:00,1.1184603473067043,2
55506,1,4031.44,4025.82,0.8395698924731183,1.0908082628587112,23,2026-06-25 23:00:00,-1.0,0
55523,1,4024.91,4020.47,1.4536390827517447,1.1376281112738087,1,2026-06-26 01:25:00,2.0,4
55545,1,4021.93,4018.73,1.4839476813317478,0.6796116504854022,3,2026-06-26 03:15:00,-1.0,4
55551,-1,4019.17,4023.89,1.133265513733469,0.9503811304472335,3,2026-06-26 03:45:00,-1.0,2
55553,-1,4020.31,4024.46,1.0989512083903328,0.7856659905341493,3,2026-06-26 03:55:00,-1.0,2
55554,-1,4017.47,4029.59,1.6104010577346848,2.042614662332993,4,2026-06-26 04:00:00,2.0,4
55558,-1,4022.99,4024.92,0.9360511590727418,0.3316965381782913,4,2026-06-26 04:20:00,2.0,1
55568,1,4015.2,4013.55,0.9257185516983949,0.3146710257457385,5,2026-06-26 05:10:00,-1.0,1
55601,-1,4011.38,4015.07,0.9543099387658973,0.8165007112375715,7,2026-06-26 07:55:00,-1.0,1
55602,-1,4010.26,4013.27,0.9990485252140818,0.6776009004662641,8,2026-06-26 08:00:00,-1.0,1
55610,-1,4011.38,4017.16,1.321531100478469,1.1884270818034486,8,2026-06-26 08:40:00,-1.0,3
55652,-1,4039.51,4041.6,0.9819341126461212,0.5172352837192119,12,2026-06-26 12:10:00,-1.0,1
55669,-1,4049.34,4054.33,0.992503748125937,1.0109985528219476,13,2026-06-26 13:35:00,2.0,1
55672,-1,4052.94,4054.41,0.843798650752465,0.31676158226869283,13,2026-06-26 13:50:00,2.0,0
55674,-1,4052.96,4055.4,1.1798483206933912,0.5581699346405329,14,2026-06-26 14:00:00,2.0,3
55675,-1,4053.04,4054.82,0.9393282773564464,0.4116966793326073,14,2026-06-26 14:05:00,2.0,1
55690,1,4044.25,4042.05,1.3604456824512534,0.5554553651938243,15,2026-06-26 15:20:00,-1.0,3
55695,1,4044.57,4039.36,1.2216599190283401,1.1945627251883577,15,2026-06-26 15:45:00,2.0,3
55699,-1,4045.04,4053.25,1.63297350343474,1.2228960527715738,16,2026-06-26 16:05:00,-1.0,4
55701,-1,4050.97,4053.31,1.5417617526243725,0.311821816105101,16,2026-06-26 16:15:00,-1.0,4
55708,-1,4064.22,4069.76,1.2085078955849178,0.6032511472350119,16,2026-06-26 16:50:00,-1.0,3
55729,-1,4091.82,4094.0,0.8455089820359282,0.3408532499441336,18,2026-06-26 18:35:00,-1.0,0
55732,-1,4086.37,4095.52,1.1097961867192636,1.383219954648538,18,2026-06-26 18:50:00,2.0,2
55750,1,4084.81,4080.38,1.0581180811808117,1.1245693563009538,20,2026-06-26 20:20:00,-1.0,2
55796,-1,4070.38,4078.24,1.3033112582781456,1.2886754889330856,1,2026-06-29 01:10:00,2.0,3
55812,1,4056.31,4052.03,1.2358550540368722,0.8133568616804229,2,2026-06-29 02:30:00,-1.0,3
55822,1,4052.49,4050.78,1.808168316831683,0.3326848249026464,3,2026-06-29 03:20:00,-1.0,4
55824,1,4054.11,4048.56,1.5055136390017412,1.0698058653449458,3,2026-06-29 03:30:00,2.0,4
55830,-1,4064.58,4069.98,1.488675623800384,0.816944024205763,4,2026-06-29 04:00:00,-1.0,4
55831,-1,4062.03,4074.56,1.3040488922841864,1.6796246648793216,4,2026-06-29 04:05:00,0.6453629732546525,3
55860,-1,4069.75,4073.49,0.7673501577287066,0.7292479108634793,6,2026-06-29 06:30:00,2.0,0
55886,1,4050.51,4043.27,1.3215664644236074,1.2700162886856852,8,2026-06-29 08:40:00,2.0,3
55899,-1,4063.3,4065.01,0.9245364381198793,0.32255456750202677,9,2026-06-29 09:45:00,2.0,1
55901,-1,4062.45,4064.39,0.8003449762828806,0.4083596451661534,9,2026-06-29 09:55:00,-1.0,0
55908,-1,4063.2,4066.35,0.8323098724610297,0.7249712313003616,10,2026-06-29 10:30:00,-1.0,0
55910,-1,4062.79,4065.05,0.9354346720894764,0.5873398923334482,10,2026-06-29 10:40:00,-1.0,1
55912,-1,4064.58,4068.56,0.9430809399477806,1.0301349602514434,10,2026-06-29 10:50:00,2.0,1
55913,-1,4061.72,4066.49,0.9644562334217507,1.235522664199827,10,2026-06-29 10:55:00,2.0,1
55915,-1,4063.95,4065.94,1.0793991416309012,0.4901477832512924,11,2026-06-29 11:05:00,2.0,2
55932,1,4045.69,4041.74,1.4059620596205962,0.7434794299543345,12,2026-06-29 12:30:00,-1.0,3
55980,1,4043.54,4036.87,1.696014828544949,1.2871123363197985,16,2026-06-29 16:30:00,-1.0,4
55982,1,4038.58,4035.52,1.5236346948141348,0.5428969712330447,16,2026-06-29 16:40:00,-1.0,4
56024,-1,4029.09,4032.11,1.0033112582781456,0.8385561285204222,20,2026-06-29 20:10:00,2.0,1
56026,-1,4026.94,4030.57,0.9453125,1.0274969672462897,20,2026-06-29 20:20:00,2.0,1
56074,-1,4017.58,4020.66,1.2269938650306749,1.2491309385863143,1,2026-06-30 01:20:00,2.0,3
56079,1,4014.16,4009.75,1.9478527607361964,1.522940305870713,1,2026-06-30 01:45:00,-1.0,4
56085,-1,4021.23,4022.44,1.1832229580573952,0.38127391402205835,2,2026-06-30 02:15:00,2.0,3
56096,1,4010.34,4004.52,2.284991568296796,1.4234800838574764,3,2026-06-30 03:10:00,-1.0,4
56143,-1,3969.23,3971.82,0.6448230668414154,0.549144328335638,7,2026-06-30 07:05:00,-1.0,0
56183,-1,4028.62,4034.78,0.847651775486827,0.7003979533826383,10,2026-06-30 10:25:00,-1.0,0
56191,-1,4027.56,4037.66,1.0891544117647058,1.9481950950674838,11,2026-06-30 11:05:00,-0.07370961170830904,2
56192,1,4024.33,4022.01,1.025735294117647,0.44178454842214276,11,2026-06-30 11:10:00,-1.0,2
56195,1,4025.99,4020.91,0.8300809138505474,0.9657794676806022,11,2026-06-30 11:25:00,-1.0,0
56209,1,4016.01,4012.49,0.9856410256410256,0.8890492513080397,12,2026-06-30 12:35:00,2.0,1
56253,1,4029.89,4022.08,1.2557710064635272,1.372928176795557,16,2026-06-30 16:15:00,-1.0,3
56298,1,4026.79,4024.61,1.0297029702970297,0.6406381192275057,20,2026-06-30 20:00:00,-1.0,2
56301,1,4026.59,4023.17,0.89944416371905,1.0002088991017954,20,2026-06-30 20:15:00,-1.0,1
56354,-1,4014.29,4017.88,1.2937062937062938,1.213423466924225,1,2026-07-01 01:40:00,2.0,3
56360,-1,4014.09,4017.92,1.262443438914027,1.2337781868384476,2,2026-07-01 02:10:00,2.0,3
56368,1,4007.36,4006.13,1.3288718929254302,0.4012115563839797,2,2026-07-01 02:50:00,-1.0,3
56370,1,4006.94,4005.45,1.7142857142857142,0.5026506024097238,3,2026-07-01 03:00:00,-1.0,4
56371,1,4007.51,4005.75,1.532967032967033,0.5825059101655606,3,2026-07-01 03:05:00,-1.0,4
56409,-1,3983.74,3986.87,0.8659603869184708,0.8152558139535168,6,2026-07-01 06:15:00,2.0,0
56413,1,3981.33,3977.05,0.7607726597325408,1.1024839006439011,6,2026-07-01 06:35:00,-1.0,0
56417,1,3980.52,3977.52,0.6144,0.8433734939759006,6,2026-07-01 06:55:00,-1.0,0
56427,1,3979.75,3974.39,1.023132848645076,1.64201312910289,7,2026-07-01 07:45:00,-1.0,2
56455,1,3964.22,3960.43,1.0589270008795075,0.7419941266955671,10,2026-07-01 10:05:00,2.0,2
56457,1,3970.24,3960.24,1.1451187335092348,2.0040080160320737,10,2026-07-01 10:15:00,2.0,2
56461,1,3968.96,3963.16,0.7901565995525727,1.0615766766897996,10,2026-07-01 10:35:00,2.0,0
56464,-1,3971.29,3974.68,0.975268315445637,0.66321967579651,10,2026-07-01 10:50:00,-1.0,1
56466,-1,3971.67,3976.29,1.0782778864970646,0.8458218909375999,11,2026-07-01 11:00:00,-1.0,2
56473,-1,3972.97,3977.84,0.8925373134328358,0.9859725234996941,11,2026-07-01 11:35:00,-1.0,1
56492,-1,3984.31,3987.79,0.9276274386406544,1.0361548277328854,13,2026-07-01 13:10:00,-1.0,1
56493,-1,3982.28,3984.62,0.955205047318612,0.7063389391978351,13,2026-07-01 13:15:00,-1.0,1
56526,1,4022.45,4017.26,1.4618797902379992,0.9399741267787203,16,2026-07-01 16:00:00,-1.0,4
56528,1,4021.44,4014.13,1.3231141589350544,1.2503359804520524,16,2026-07-01 16:10:00,2.0,3
56545,-1,4106.17,4115.74,1.0418705818379554,0.6669985562801628,17,2026-07-01 17:35:00,2.0,2
56588,1,4069.13,4067.33,0.8457478005865102,0.5991440798859515,21,2026-07-01 21:10:00,-1.0,0
56603,1,4058.94,4056.8,1.0307898259705488,0.5614692653672816,22,2026-07-01 22:25:00,-1.0,2
56636,-1,4037.8,4042.91,1.5868544600938967,1.7965846308386522,2,2026-07-02 02:10:00,-1.0,4
56649,-1,4040.89,4045.71,2.056842105263158,1.1503579952267813,3,2026-07-02 03:15:00,-1.0,4
56652,-1,4044.87,4046.72,1.7677677677677677,0.42535720151091083,3,2026-07-02 03:30:00,2.0,4
56653,-1,4043.16,4046.15,1.3072014585232452,0.685330713818014,3,2026-07-02 03:35:00,-1.0,3
56683,-1,4055.87,4059.78,0.8483950617283951,0.7957551969763523,6,2026-07-02 06:05:00,-1.0,0
56718,-1,4070.27,4075.76,1.7780678851174934,1.0408992416035225,9,2026-07-02 09:00:00,-1.0,4
56725,-1,4072.69,4076.16,0.9910195456946645,0.5922223576739927,9,2026-07-02 09:35:00,2.0,1
56737,1,4071.02,4063.21,0.913767019667171,1.502129413380949,10,2026-07-02 10:35:00,-1.0,1
56746,-1,4075.16,4077.95,1.0019900497512437,0.5477492637778646,11,2026-07-02 11:20:00,-1.0,1
56750,-1,4075.36,4077.88,1.006615776081425,0.5215077605321498,11,2026-07-02 11:40:00,-1.0,1
56754,-1,4075.33,4076.96,0.8765822784810127,0.37995337995341155,12,2026-07-02 12:00:00,2.0,1
56755,-1,4071.26,4075.86,0.9567510548523207,1.0164141414141266,12,2026-07-02 12:05:00,2.0,1
56767,1,4064.3,4062.93,0.852112676056338,0.36927223719685504,13,2026-07-02 13:05:00,-1.0,0
56769,1,4065.67,4062.03,0.8693528693528694,1.000785545954402,13,2026-07-02 13:15:00,-1.0,0
56772,1,4065.72,4063.79,0.8314465408805032,0.561046511627861,13,2026-07-02 13:30:00,-1.0,0
56776,1,4063.98,4061.55,0.8118421052631579,0.7075707154741563,13,2026-07-02 13:50:00,-1.0,0
56780,1,4063.32,4059.51,1.231578947368421,1.0035747883348851,14,2026-07-02 14:10:00,2.0,3
56789,-1,4065.3,4071.09,1.0526315789473684,1.379040489962559,14,2026-07-02 14:55:00,-1.0,2
56792,-1,4064.23,4071.13,1.2834890965732086,1.5171980524579938,15,2026-07-02 15:10:00,-1.0,3
56794,-1,4067.38,4068.88,1.4217844727694091,0.3155996393146938,15,2026-07-02 15:20:00,-1.0,3
56795,-1,4064.92,4069.7,1.1739618406285073,0.9746577337604965,15,2026-07-02 15:25:00,-1.0,3
56812,-1,4133.52,4143.99,0.9358552631578947,0.9475113122171308,16,2026-07-02 16:50:00,2.0,1
56813,-1,4136.83,4140.89,0.7538377192982456,0.380812005895787,16,2026-07-02 16:55:00,2.0,0
56846,1,4114.73,4109.85,1.005227781926811,0.8353099400903204,19,2026-07-02 19:40:00,-1.0,1
56847,1,4117.71,4114.11,0.8888056907525271,0.6109090909091391,19,2026-07-02 19:45:00,-1.0,1
56864,-1,4119.21,4123.75,0.9523058730784391,0.8953373714607532,21,2026-07-02 21:10:00,-1.0,1
56865,-1,4117.03,4120.46,0.9274673008323424,0.6913331413763809,21,2026-07-02 21:15:00,-1.0,1
56900,-1,4124.6,4128.14,0.5176470588235295,1.38050139275759,1,2026-07-03 01:10:00,-1.0,0
56902,-1,4123.63,4125.42,0.7220447284345048,0.7141635793672867,1,2026-07-03 01:20:00,-1.0,0
56916,-1,4126.85,4132.57,1.8589511754068717,2.2306406685235007,2,2026-07-03 02:30:00,-1.0,4
56917,1,4123.46,4122.04,2.669077757685353,0.49849548645941366,2,2026-07-03 02:35:00,2.0,4
56918,1,4124.99,4121.33,3.091891891891892,1.1971962616822158,2,2026-07-03 02:40:00,2.0,4
56923,-1,4128.8,4132.63,3.673414304993252,0.7728452003459051,3,2026-07-03 03:05:00,-1.0,4
56971,1,4178.19,4174.15,0.7514990006662225,1.2984389348025476,7,2026-07-03 07:05:00,-1.0,0
56987,1,4176.07,4174.12,1.041171088746569,0.6586248492158353,8,2026-07-03 08:25:00,2.0,2
56988,1,4178.79,4174.51,2.312900274473925,1.3437990580846606,8,2026-07-03 08:30:00,-1.0,4
56990,1,4175.12,4173.2,1.648720211827008,0.548795426704793,8,2026-07-03 08:40:00,-1.0,4
57016,-1,4177.99,4181.71,0.7884089666484417,0.9143258426966621,10,2026-07-03 10:50:00,-1.0,0
57027,-1,4177.32,4185.54,1.0627153687112336,1.9442473390775903,11,2026-07-03 11:45:00,0.16708051818050715,2
57037,1,4171.58,4168.53,0.9985315712187959,0.7214056428451563,12,2026-07-03 12:35:00,2.0,1
57065,-1,4180.99,4181.84,1.2049947970863684,0.3217955651704881,14,2026-07-03 14:55:00,-1.0,3
57066,-1,4178.41,4181.37,1.2118126272912424,1.105951427808893,15,2026-07-03 15:00:00,-1.0,3
57072,1,4177.26,4172.94,1.301418439716312,1.4683175528042707,15,2026-07-03 15:30:00,-1.0,3
57073,1,4175.16,4173.18,1.3426573426573427,0.6418152350079547,15,2026-07-03 15:35:00,-1.0,3
57074,1,4174.99,4173.55,0.8824531516183987,0.4711381163821918,15,2026-07-03 15:40:00,-1.0,1
57075,1,4175.77,4174.36,0.8688811188811189,0.4562052230184905,15,2026-07-03 15:45:00,-1.0,0
57087,1,4165.05,4163.5,1.1301504251144538,0.3714481342006536,16,2026-07-03 16:45:00,-1.0,2
57088,1,4166.56,4164.4,1.0765239948119325,0.506702412868794,16,2026-07-03 16:50:00,-1.0,2
57090,1,4166.53,4163.11,1.1474820143884892,0.7655900223856564,17,2026-07-03 17:00:00,-1.0,2
57095,1,4166.22,4162.17,0.9117137911136757,0.91142903070246,17,2026-07-03 17:25:00,2.0,1
57148,-1,4181.85,4197.2,2.0654490106544903,2.6339012133838655,2,2026-07-06 02:45:00,-1.0,4
57172,-1,4194.6,4202.95,1.0306451612903227,0.9456398640996062,4,2026-07-06 04:45:00,2.0,2
57182,1,4173.36,4168.8,0.9848071679002727,0.671293375394257,5,2026-07-06 05:35:00,-1.0,1
57186,1,4174.16,4170.08,0.8766798418972332,0.7269950362733766,5,2026-07-06 05:55:00,-1.0,1
57203,1,4163.18,4160.33,0.743979721166033,0.840000000000075,7,2026-07-06 07:20:00,-1.0,0
57256,1,4148.75,4147.11,1.0418410041841004,0.4261321455086217,11,2026-07-06 11:45:00,-1.0,2
57328,1,4133.6,4129.16,0.9304412864622289,0.5907622125071994,17,2026-07-06 17:45:00,2.0,1
57337,-1,4150.08,4151.95,0.8706447737284742,0.3184140111894791,18,2026-07-06 18:30:00,2.0,0
57340,-1,4147.33,4150.65,0.7212276214833759,0.640396803527103,18,2026-07-06 18:45:00,-1.0,0
57358,-1,4151.74,4154.63,0.8980645161290323,0.9100314889789783,20,2026-07-06 20:15:00,-1.0,1
57403,-1,4164.76,4167.72,2.3909249563699824,1.5520599250937155,1,2026-07-07 01:00:00,-1.0,4
57410,-1,4167.48,4168.51,2.1441048034934496,0.49982668977505545,1,2026-07-07 01:35:00,2.0,4
57412,-1,4165.94,4167.83,1.1493212669683257,0.9376328844793071,1,2026-07-07 01:45:00,2.0,2
57432,1,4159.89,4157.21,2.858034321372855,0.9080348499517222,3,2026-07-07 03:25:00,-1.0,4
57468,1,4132.25,4129.23,1.0885630498533725,0.6539829853055801,6,2026-07-07 06:25:00,-1.0,2
57469,1,4133.89,4130.84,0.9255131964809384,0.6825447570332844,6,2026-07-07 06:30:00,-1.0,1
57475,1,4133.06,4130.42,0.8681388012618296,0.6610624217493128,7,2026-07-07 07:00:00,2.0,0
57487,1,4128.29,4122.76,1.2394578313253013,1.4457516339869303,8,2026-07-07 08:00:00,-1.0,3
57491,1,4126.37,4120.97,1.493411420204978,1.3994816734542648,8,2026-07-07 08:20:00,-1.0,4
57497,1,4125.26,4121.42,1.2259306803594352,0.8097605061003762,8,2026-07-07 08:50:00,2.0,3
57499,1,4126.69,4123.26,1.258691809074838,0.6755768148563959,9,2026-07-07 09:00:00,-1.0,3
57520,-1,4127.31,4133.5,0.9916826615483045,1.5430911680910224,10,2026-07-07 10:45:00,-1.0,1
57534,1,4126.09,4122.32,1.044166117336849,0.8458333333334115,11,2026-07-07 11:55:00,-1.0,2
57541,1,4127.41,4121.58,1.1897233201581028,1.3021697511167236,12,2026-07-07 12:30:00,2.0,3
57583,-1,4165.97,4178.19,1.6894117647058824,1.7824546780578412,16,2026-07-07 16:00:00,-1.0,4
57585,1,4171.51,4160.3,1.1041936878512755,1.5686156921539538,16,2026-07-07 16:10:00,-1.0,2
57590,-1,4170.71,4179.8,1.4336134453781513,1.3642795883362175,16,2026-07-07 16:35:00,2.0,4
57591,-1,4177.63,4180.51,1.4136212624584719,0.39960356788901197,16,2026-07-07 16:40:00,2.0,3
57592,-1,4173.31,4180.03,1.3196889070814573,0.8949771689496854,16,2026-07-07 16:45:00,2.0,3
57610,1,4144.79,4141.98,0.8379814077025233,0.4568044588946217,18,2026-07-07 18:15:00,-1.0,0
57614,1,4145.61,4142.35,0.6490539093181007,0.6252054794519144,18,2026-07-07 18:35:00,-1.0,0
57622,1,4144.18,4140.95,0.7232219365895458,0.7223642172524978,19,2026-07-07 19:15:00,-1.0,0
57634,1,4142.99,4140.66,0.9838032393521295,0.8243618903209494,20,2026-07-07 20:15:00,-1.0,1
57637,-1,4146.11,4148.21,1.0385093167701864,0.7581227436824646,20,2026-07-07 20:30:00,2.0,2
57640,-1,4145.36,4147.38,0.8204472843450479,0.7993216506502551,20,2026-07-07 20:45:00,2.0,0
57646,1,4141.9,4140.23,0.92,0.6828271028037362,21,2026-07-07 21:15:00,-1.0,1
57650,1,4141.43,4139.0,0.8865671641791045,0.9387417218543992,21,2026-07-07 21:35:00,-1.0,1
57651,1,4142.03,4139.83,0.9313432835820895,0.8588957055213874,21,2026-07-07 21:40:00,-1.0,1
57764,-1,4128.47,4133.94,1.3337612323491657,1.457001522069855,8,2026-07-08 08:05:00,2.0,3
57778,-1,4130.46,4132.97,1.0455212922173274,0.5504385964912669,9,2026-07-08 09:15:00,2.0,2
57780,-1,4129.76,4132.55,0.9299855142443264,0.6055813953488122,9,2026-07-08 09:25:00,2.0,1
57793,1,4124.1,4120.16,1.0164948453608247,1.1014376996806552,10,2026-07-08 10:30:00,-1.0,2
57795,1,4127.32,4120.3,0.8384736016727653,1.7817258883247578,10,2026-07-08 10:40:00,-1.0,0
57826,1,4050.87,4043.43,0.8834769576620457,1.2041618497109787,13,2026-07-08 13:15:00,-1.0,1
57977,1,4075.84,4072.39,1.3928571428571428,1.373329542223574,2,2026-07-09 02:50:00,2.0,3
57980,-1,4077.55,4082.69,2.9260204081632653,1.7534113060428431,3,2026-07-09 03:05:00,-1.0,4
57983,-1,4077.55,4085.49,2.357320099255583,1.8328112118712983,3,2026-07-09 03:20:00,2.0,4
57990,1,4074.1,4070.85,1.1898089171974522,0.5810241348486753,3,2026-07-09 03:55:00,-1.0,3
57992,1,4073.4,4067.2,1.5965714285714285,0.9541607123227879,4,2026-07-09 04:05:00,-1.0,4
57995,1,4072.82,4070.22,1.2704791344667696,0.4271799084615055,4,2026-07-09 04:20:00,-1.0,3
57997,1,4071.72,4062.42,1.3053053053053052,1.5053763440859653,4,2026-07-09 04:30:00,-1.0,3
58021,1,4062.72,4056.56,0.8893463715903243,1.2401495542133576,6,2026-07-09 06:30:00,2.0,1
58071,-1,4109.22,4111.0,0.7152988855116514,0.41700133868803085,10,2026-07-09 10:40:00,-1.0,0
58073,-1,4108.52,4111.25,0.7540639748295752,0.7249620637328218,10,2026-07-09 10:50:00,-1.0,0
58078,-1,4109.02,4113.03,1.1120092378752886,0.9913473423978494,11,2026-07-09 11:15:00,-1.0,2
58105,1,4104.6,4102.52,1.0152207001522071,0.7483937291184727,13,2026-07-09 13:30:00,-1.0,2
58111,1,4103.41,4097.91,1.642628205128205,1.5756087579291886,14,2026-07-09 14:00:00,2.0,4
58113,1,4105.02,4101.84,1.1728492501973165,0.9418235667443219,14,2026-07-09 14:10:00,-1.0,3
58122,-1,4108.73,4110.59,0.9507523939808481,0.44210526315803245,14,2026-07-09 14:55:00,-1.0,1
58126,-1,4108.04,4113.53,1.1971830985915493,1.1566591422121626,15,2026-07-09 15:15:00,-1.0,3
58131,-1,4113.15,4122.64,1.3927077106993424,1.569521559362234,15,2026-07-09 15:40:00,-1.0,3
58138,-1,4120.57,4126.88,1.5145334013258542,1.0565721803612833,16,2026-07-09 16:15:00,-1.0,4
58145,-1,4119.0,4126.66,1.1045380875202593,1.283235610865109,16,2026-07-09 16:50:00,-1.0,2
58149,-1,4122.38,4126.86,1.1157894736842104,0.6302884132247445,17,2026-07-09 17:10:00,-1.0,2
58167,-1,4130.24,4131.49,0.7619461337966985,0.3035032951786341,18,2026-07-09 18:40:00,-1.0,0
58168,-1,4129.47,4132.79,0.8957325120985482,0.82484472049683,18,2026-07-09 18:45:00,-1.0,1
58169,-1,4127.54,4131.51,0.86281429201588,0.9649305555556112,18,2026-07-09 18:50:00,-1.0,0
58174,-1,4129.73,4133.16,1.0693467336683418,0.9886761375335467,19,2026-07-09 19:15:00,-1.0,2
58178,-1,4132.75,4135.93,1.0,0.8845618915160767,19,2026-07-09 19:35:00,-1.0,1
58180,-1,4131.33,4134.4,0.6489252814738997,0.8672316384180058,19,2026-07-09 19:45:00,-1.0,0
58186,1,4126.94,4125.14,0.7988439306358381,0.5420520542049783,20,2026-07-09 20:15:00,2.0,0
58187,1,4128.34,4125.69,0.943127962085308,0.8007770343191661,20,2026-07-09 20:20:00,2.0,1
58192,-1,4136.18,4138.02,1.0399492707672797,0.5283018867924824,20,2026-07-09 20:45:00,2.0,2
58203,1,4125.48,4122.37,0.8656499636891793,0.9824007220215839,21,2026-07-09 21:40:00,-1.0,0
58216,1,4122.27,4120.07,0.872207327971403,0.9737590894723949,22,2026-07-09 22:45:00,2.0,0
58218,1,4122.54,4120.71,1.2710103871576959,0.8237942122186552,22,2026-07-09 22:55:00,2.0,3
58226,-1,4123.95,4125.58,0.6495901639344263,0.8334550766983724,23,2026-07-09 23:35:00,-1.0,0
58228,-1,4123.74,4124.45,0.5824634655532359,0.3887368009386104,23,2026-07-09 23:45:00,-1.0,0
58230,-1,4123.67,4124.5,0.5261780104712042,0.513477684489568,23,2026-07-09 23:55:00,-1.0,0
58232,-1,4122.85,4127.86,1.6391437308868502,2.7122969837584563,1,2026-07-10 01:05:00,-1.0,4
58234,-1,4123.41,4124.89,1.1223241590214068,0.819944598338257,1,2026-07-10 01:15:00,-1.0,2
58236,-1,4123.26,4124.34,1.1981566820276497,0.571860816944014,1,2026-07-10 01:25:00,-1.0,3
58241,1,4123.2,4121.59,1.2273567467652495,0.833271719038726,1,2026-07-10 01:50:00,-1.0,3
58243,1,4123.55,4121.61,0.9252173913043479,0.9509803921571596,2,2026-07-10 02:00:00,-1.0,1
58247,-1,4122.56,4125.23,1.1706422018348623,1.5109135004037435,2,2026-07-10 02:20:00,-1.0,2
58248,1,4122.35,4121.52,1.2139130434782608,0.460745440126855,2,2026-07-10 02:25:00,-1.0,3
58255,-1,4123.89,4125.7,3.2595155709342563,0.9241429613418236,3,2026-07-10 03:00:00,2.0,4
58256,1,4122.86,4121.11,2.411764705882353,0.8277027027026926,3,2026-07-10 03:05:00,-1.0,4
58263,1,4123.24,4118.26,2.0226628895184136,1.6090468497575352,3,2026-07-10 03:40:00,-1.0,4
58264,-1,4124.51,4125.85,2.4198895027624308,0.4134890897069006,3,2026-07-10 03:45:00,-1.0,4
58265,-1,4122.96,4127.28,1.6030871003307607,1.1940769990127613,3,2026-07-10 03:50:00,-1.0,4
58267,-1,4122.15,4131.02,2.1579358874120405,1.973617291799286,4,2026-07-10 04:00:00,-1.0,4
58269,-1,4125.12,4126.61,1.569141193595342,0.3060895084372275,4,2026-07-10 04:10:00,2.0,4
58271,-1,4122.65,4126.29,1.2572233967582804,0.7122292103424892,4,2026-07-10 04:20:00,2.0,3
58277,1,4116.31,4113.03,1.0754820936639118,0.5695857107418466,4,2026-07-10 04:50:00,2.0,2
58289,-1,4127.77,4129.08,0.898828541001065,0.3024406332452588,5,2026-07-10 05:50:00,-1.0,1
58293,-1,4126.66,4131.81,0.8722566122678672,1.1775273558714208,6,2026-07-10 06:10:00,2.0,0
58305,1,4121.06,4116.9,0.6310611384399156,1.1357254290173346,7,2026-07-10 07:10:00,-1.0,0
58321,1,4113.07,4110.34,2.546922300706357,1.0026232948581846,8,2026-07-10 08:30:00,-1.0,4
58323,1,4114.09,4109.26,1.815525114155251,1.631756756756748,8,2026-07-10 08:40:00,-1.0,4
58325,1,4114.26,4111.74,1.5901234567901235,0.742893240682381,8,2026-07-10 08:50:00,-1.0,4
58350,1,4108.97,4105.82,1.1014063656550703,0.9033183121673402,10,2026-07-10 10:55:00,-1.0,2
58395,1,4106.74,4097.95,1.433300876338851,2.397428404441798,14,2026-07-10 14:40:00,-1.0,4
58403,-1,4107.21,4110.91,1.62170790103751,0.7212475633527848,15,2026-07-10 15:20:00,2.0,4
58419,1,4098.44,4095.54,1.4757074212493326,0.44797528412219184,16,2026-07-10 16:40:00,2.0,4
58420,1,4101.42,4097.41,1.1987951807228916,0.6218431546300661,16,2026-07-10 16:45:00,-1.0,3
58427,-1,4102.95,4107.65,1.1326097215667768,0.711505190311398,17,2026-07-10 17:20:00,2.0,2
58428,-1,4105.53,4108.98,1.0576395242451968,0.5104629042485493,17,2026-07-10 17:25:00,2.0,2
58429,-1,4090.02,4107.91,1.455511288180611,2.037917005695694,17,2026-07-10 17:30:00,-1.0,4
58453,-1,4112.73,4115.54,0.6330481764970733,0.7277099519054254,19,2026-07-10 19:30:00,2.0,0
58471,1,4102.77,4100.08,0.900990099009901,1.1292353823090162,21,2026-07-10 21:00:00,-1.0,1
58472,1,4103.28,4101.86,0.7354838709677419,0.6111281893636662,21,2026-07-10 21:05:00,-1.0,0
58474,1,4103.27,4102.24,0.6472727272727272,0.4547461368655917,21,2026-07-10 21:15:00,-1.0,0
58480,1,4100.15,4098.14,0.7329498767460969,0.8432724003592942,21,2026-07-10 21:45:00,2.0,0
58481,1,4101.25,4099.75,0.7094594594594594,0.6412213740457837,21,2026-07-10 21:50:00,-1.0,0
58484,1,4101.39,4097.89,0.9813664596273292,1.398801027690525,22,2026-07-10 22:05:00,2.0,1
58485,1,4101.68,4098.84,0.800718132854578,1.1308304891922971,22,2026-07-10 22:10:00,2.0,0
58538,1,4069.26,4062.21,1.2122241086587435,1.1982517907005104,3,2026-07-13 03:35:00,2.0,3
58539,1,4073.29,4068.26,1.1525086934923001,0.8256536522452261,3,2026-07-13 03:40:00,-1.0,2
58561,1,4073.73,4064.73,1.0165413533834586,1.4043691484618916,5,2026-07-13 05:30:00,-1.0,2
58581,1,4054.63,4052.44,0.7014028056112225,0.5619501466275852,7,2026-07-13 07:10:00,-1.0,0
58582,1,4057.15,4050.4,0.9368258859784283,1.6805975457940732,7,2026-07-13 07:15:00,2.0,1
58597,1,4062.16,4052.26,2.316860465116279,1.898630136986208,8,2026-07-13 08:30:00,-1.0,4
58604,1,4052.82,4043.91,1.3917675544794188,1.3246256769672256,9,2026-07-13 09:05:00,2.0,3
58606,1,4053.6,4050.74,0.9581749049429658,0.47407056594839114,9,2026-07-13 09:15:00,2.0,1
58661,1,4058.3,4051.69,1.5347334410339257,1.4610041048311162,13,2026-07-13 13:50:00,-1.0,4
58670,-1,4064.03,4068.36,1.1017728168089298,0.7676332784601683,14,2026-07-13 14:35:00,2.0,2
58695,1,4054.84,4051.6,1.7120662868979803,0.692307692307743,16,2026-07-13 16:40:00,-1.0,4
58758,-1,4001.53,4005.1,0.9243776420854861,0.8082147477360313,21,2026-07-13 21:55:00,-1.0,1
58760,-1,4000.45,4004.51,0.7656176608736496,0.849245480352693,22,2026-07-13 22:05:00,-1.0,0
58772,-1,4002.52,4006.21,0.6612021857923497,0.9934615384615532,23,2026-07-13 23:05:00,2.0,0
58783,-1,4001.66,4006.56,0.8942235558889723,1.706892261756743,1,2026-07-14 01:00:00,2.0,1
58804,1,3997.33,3992.81,2.0816326530612246,1.772052646317459,2,2026-07-14 02:45:00,-1.0,4
58805,1,3998.97,3995.48,2.1393152302243212,1.2279467202813459,2,2026-07-14 02:50:00,-1.0,4
58814,-1,4003.51,4007.17,1.6631989596879064,0.5567749646853999,3,2026-07-14 03:35:00,2.0,4
58815,-1,4002.88,4005.74,1.507196315486471,0.4218289085545196,3,2026-07-14 03:40:00,2.0,4
58816,-1,4002.66,4007.18,1.6385135135135136,0.6365556785031613,3,2026-07-14 03:45:00,-1.0,4
58818,-1,4004.25,4007.24,0.9826589595375722,0.4244575136888764,3,2026-07-14 03:55:00,2.0,1
58849,-1,4015.0,4019.06,0.9139009139009139,1.0471628592483153,6,2026-07-14 06:30:00,-1.0,1
58864,-1,4017.99,4021.09,0.8023331173039533,1.1316818774447248,7,2026-07-14 07:45:00,-1.0,0
58870,-1,4021.39,4024.03,0.9734386216798278,0.8688293370945985,8,2026-07-14 08:15:00,-1.0,1
58908,1,4021.82,4019.48,1.0274202574146614,0.6189306631400419,11,2026-07-14 11:25:00,-1.0,2
58915,1,4019.8,4013.81,1.0522727272727272,1.5492333271754029,12,2026-07-14 12:00:00,2.0,2
58917,-1,4020.7,4024.19,1.0818181818181818,0.9554165037153755,12,2026-07-14 12:10:00,-1.0,2
58941,-1,4022.92,4024.01,1.1818181818181819,0.30865695792883774,14,2026-07-14 14:10:00,-1.0,3
58981,-1,4080.25,4089.7,0.978328173374613,1.100757134536974,17,2026-07-14 17:30:00,-1.0,1
58987,-1,4088.82,4092.94,0.9062140391254315,0.5056100981767091,18,2026-07-14 18:00:00,-1.0,1
58990,-1,4087.0,4091.06,0.7951668584579977,0.4670885035746522,18,2026-07-14 18:15:00,2.0,0
58991,-1,4087.19,4090.27,0.6909620991253644,0.3636977058029619,18,2026-07-14 18:20:00,2.0,0
58995,1,4074.21,4066.84,1.0473520249221184,1.0257480862908672,18,2026-07-14 18:40:00,-1.0,2
59006,1,4060.08,4057.72,0.769009009009009,0.44325194526430634,19,2026-07-14 19:35:00,-1.0,0
59008,1,4059.79,4057.71,0.7514792899408284,0.41707247207102155,19,2026-07-14 19:45:00,-1.0,0
59012,1,4059.53,4057.16,0.8431629532546964,0.5676646706587495,20,2026-07-14 20:05:00,-1.0,0
59015,1,4060.96,4056.36,0.8483434437704153,1.1732556021132678,20,2026-07-14 20:20:00,-1.0,0
59017,-1,4062.09,4065.15,0.8565983801810386,0.819433817903557,20,2026-07-14 20:30:00,2.0,0
59059,-1,4053.19,4057.22,1.3543505674653216,1.8528735632182571,1,2026-07-15 01:00:00,-1.0,3
59067,1,4050.56,4048.95,1.6314285714285715,0.6542815674891612,1,2026-07-15 01:40:00,-1.0,4
59068,1,4049.18,4048.42,1.4,0.30539609644077625,1,2026-07-15 01:45:00,-1.0,3
59069,1,4049.42,4048.56,0.8082191780821918,0.3487833140209093,1,2026-07-15 01:50:00,-1.0,0
59071,1,4049.32,4048.39,1.189041095890411,0.4120253164558323,2,2026-07-15 02:00:00,-1.0,3
59072,1,4049.61,4048.28,1.0180878552971577,0.5840652446674859,2,2026-07-15 02:05:00,-1.0,2
59075,1,4049.83,4048.05,0.9637305699481865,0.8762306610406886,2,2026-07-15 02:20:00,2.0,1
59089,-1,4055.8,4058.57,1.4523809523809523,0.8062370062370025,3,2026-07-15 03:30:00,-1.0,4
59096,-1,4056.42,4061.64,1.6631439894319684,1.2925362575167536,4,2026-07-15 04:05:00,2.0,4
59097,-1,4055.77,4059.24,1.41751269035533,0.8754730582086392,4,2026-07-15 04:10:00,2.0,3
59098,-1,4055.56,4057.26,1.4376498800959232,0.42606516290733903,4,2026-07-15 04:15:00,2.0,4
59125,1,4033.4,4028.11,0.9038876889848813,1.3691994823442164,6,2026-07-15 06:30:00,-1.0,1
59128,1,4032.13,4029.18,0.7140319715808171,0.738027162258818,6,2026-07-15 06:45:00,-1.0,0
59143,-1,4031.99,4035.99,1.7952898550724639,1.501340482573719,8,2026-07-15 08:00:00,2.0,4
59150,1,4031.46,4027.15,1.8904847396768403,1.1590472531694167,8,2026-07-15 08:35:00,-1.0,4
59151,-1,4029.72,4036.57,2.057193923145666,1.7186379928316549,8,2026-07-15 08:40:00,0.3020482476103479,4
59152,1,4029.15,4027.44,1.5172968624296057,0.42704245451303824,8,2026-07-15 08:45:00,2.0,4
59153,1,4030.58,4028.05,1.1714077315827862,0.6450555454379423,8,2026-07-15 08:50:00,-1.0,3
59159,1,4026.46,4021.37,1.2205188679245282,1.1884589726484835,9,2026-07-15 09:20:00,-1.0,3
59172,1,4024.1,4020.14,1.2173435784851812,0.9989189189189117,10,2026-07-15 10:25:00,-1.0,3
59175,1,4022.76,4019.73,0.9945235487404163,0.7994722955145587,10,2026-07-15 10:40:00,-1.0,1
59179,1,4024.89,4020.49,1.3151447661469933,1.1143270622286823,11,2026-07-15 11:00:00,-1.0,3
59182,1,4024.17,4018.09,1.064587973273942,1.3865450399087662,11,2026-07-15 11:15:00,2.0,2
59205,-1,4033.81,4035.97,1.0960376091336468,0.6849377123442263,13,2026-07-15 13:10:00,2.0,2
59207,-1,4029.33,4035.51,1.371000680735194,1.9128896749945234,13,2026-07-15 13:20:00,-1.0,3
59260,1,4059.94,4053.33,1.0586531498913831,1.2041639557579804,17,2026-07-15 17:45:00,-1.0,2
59342,1,4059.99,4059.22,1.0161490683229815,0.3462897526501673,1,2026-07-16 01:35:00,-1.0,2
59343,1,4060.17,4059.4,0.9614906832298137,0.3458453641321744,1,2026-07-16 01:40:00,-1.0,1
59345,1,4059.74,4058.33,1.1014492753623188,0.6588785046728284,1,2026-07-16 01:50:00,-1.0,2
59347,1,4059.93,4059.01,1.155893536121673,0.4072083465063224,2,2026-07-16 02:00:00,-1.0,2
59348,1,4061.46,4059.53,1.0481012658227848,0.8283261802574663,2,2026-07-16 02:05:00,-1.0,2
59349,1,4060.4,4059.18,1.2118226600985222,0.6073968705549141,2,2026-07-16 02:10:00,-1.0,3
59365,1,4060.84,4058.35,1.7494908350305498,0.8847715736041429,3,2026-07-16 03:30:00,-1.0,4
59366,-1,4058.58,4061.27,1.365477338476374,0.943859649122824,3,2026-07-16 03:35:00,2.0,3
59367,1,4055.24,4054.13,1.4300979519145147,0.36929657794665977,3,2026-07-16 03:40:00,2.0,4
59369,-1,4053.51,4061.03,1.5478927203065134,2.1260096930533074,3,2026-07-16 03:50:00,2.0,4
59388,1,4034.59,4032.15,0.6657368665736867,0.568386023294527,5,2026-07-16 05:25:00,-1.0,0
59419,1,4031.94,4030.94,1.2778297474275024,0.3794037940379348,8,2026-07-16 08:00:00,-1.0,3
59427,1,4032.4,4026.9,2.188780053428317,1.837708830548922,8,2026-07-16 08:40:00,-1.0,4
59438,1,4026.75,4022.98,1.3203694701020905,0.8419205614930685,9,2026-07-16 09:35:00,2.0,3
59439,1,4027.04,4025.02,0.9024731684554363,0.48582717746092025,9,2026-07-16 09:40:00,-1.0,1
59452,-1,4030.46,4031.83,1.0651709401709402,0.4957353321271303,10,2026-07-16 10:45:00,-1.0,2
59455,-1,4030.02,4034.12,1.2289156626506024,1.3090079817559737,11,2026-07-16 11:00:00,-1.0,3
59461,-1,4032.36,4035.02,0.978369384359401,0.7941991895926147,11,2026-07-16 11:30:00,-1.0,1
59462,-1,4033.54,4035.62,0.9572933998890738,0.6125368111064157,11,2026-07-16 11:35:00,-1.0,1
59465,-1,4033.48,4035.88,0.7617964752700398,0.7039597737272419,11,2026-07-16 11:50:00,-1.0,0
59471,-1,4032.72,4036.24,0.8235974551764026,1.3351395285830383,12,2026-07-16 12:20:00,2.0,0
59474,-1,4033.35,4034.63,0.8559473998804543,0.4834097653089485,12,2026-07-16 12:35:00,-1.0,0
59479,1,4031.05,4029.88,1.0567624386825507,0.4215131240350272,13,2026-07-16 13:00:00,-1.0,2
59480,1,4032.43,4030.39,0.877365101611773,0.7387480600103449,13,2026-07-16 13:05:00,-1.0,1
59481,1,4031.77,4029.76,0.8519040902679831,0.7089947089946408,13,2026-07-16 13:10:00,-1.0,0
59497,1,4029.89,4023.6,1.289922480620155,1.9770992366411713,14,2026-07-16 14:30:00,-1.0,3
59498,1,4030.9,4029.13,1.37904468412943,0.5505443234836563,14,2026-07-16 14:35:00,-1.0,3
59500,-1,4032.51,4042.46,1.736517719568567,2.304765056254075,14,2026-07-16 14:45:00,2.0,4
59504,-1,4033.43,4043.4,1.670063694267516,1.678047607598017,15,2026-07-16 15:05:00,2.0,4
59506,1,4028.85,4012.77,1.866432337434095,2.1608754079477666,15,2026-07-16 15:15:00,-1.0,4
59508,1,4024.97,4016.81,1.34304932735426,0.9905488597936147,15,2026-07-16 15:25:00,-1.0,3
59509,1,4022.61,4018.31,1.6028761061946903,0.48571889624013653,15,2026-07-16 15:30:00,-1.0,4
59558,1,3991.17,3989.09,0.8743494423791821,0.40337996952485555,19,2026-07-16 19:35:00,-1.0,0
59559,1,3992.06,3988.33,0.7025796661608498,0.755497685185195,19,2026-07-16 19:40:00,-1.0,0
59572,1,3984.96,3981.15,0.8996933858957512,0.930565247732,20,2026-07-16 20:45:00,-1.0,1
59583,1,3983.18,3977.83,1.0037664783427496,1.333689458689407,21,2026-07-16 21:40:00,-1.0,1
59597,1,3981.57,3973.99,1.2547803617571058,1.8007805871373772,22,2026-07-16 22:50:00,-1.0,3
59598,1,3979.99,3976.46,1.3974160206718347,0.8021425093328468,22,2026-07-16 22:55:00,-1.0,3
59621,1,3975.16,3973.64,0.7325,0.6956521739130319,1,2026-07-17 01:50:00,2.0,0
59628,-1,3978.62,3980.64,0.9875,1.0074812967580897,2,2026-07-17 02:25:00,-1.0,1
59630,-1,3979.63,3981.1,1.145,0.6419213973798173,2,2026-07-17 02:35:00,-1.0,2
59632,-1,3978.52,3981.63,1.927860696517413,1.2302910426674434,2,2026-07-17 02:45:00,-1.0,4
59647,-1,3988.56,3992.19,1.9026171637248934,0.849690687176071,4,2026-07-17 04:00:00,-1.0,4
59648,-1,3990.72,3994.9,1.7063805759457933,0.9733865602129549,4,2026-07-17 04:05:00,-1.0,4
59651,-1,3990.62,3995.48,1.1599791558103179,1.0422794117647083,4,2026-07-17 04:20:00,2.0,2
59658,1,3983.2,3979.25,1.0372030479605558,0.7767944936086065,4,2026-07-17 04:55:00,-1.0,2
59662,1,3983.28,3980.43,0.7154334038054968,0.606014580802016,5,2026-07-17 05:15:00,-1.0,0
59670,1,3979.26,3976.98,0.8076109936575053,0.5058637083994076,5,2026-07-17 05:55:00,2.0,0
59731,1,3999.18,3992.3,1.0994594594594596,1.6847997201328502,11,2026-07-17 11:00:00,-1.0,2
59739,1,3993.39,3989.08,1.0588235294117647,1.0044947561178699,11,2026-07-17 11:40:00,-1.0,2
59740,1,3998.55,3991.74,1.0944414463032919,1.4676724137932096,11,2026-07-17 11:45:00,-1.0,2
59748,-1,3999.1,4002.47,0.9733550842849374,0.7629366106079998,12,2026-07-17 12:25:00,2.0,1
59749,-1,3995.75,3999.81,0.9526916802610114,0.8955412005671942,12,2026-07-17 12:30:00,2.0,1
59762,1,3995.99,3993.94,0.7055961070559611,0.6743421052630763,13,2026-07-17 13:35:00,-1.0,0
59763,1,3996.45,3994.03,0.7633396107972379,0.8297820230221673,13,2026-07-17 13:40:00,-1.0,0
59772,1,3995.68,3993.17,1.0675409836065575,0.8231435933473095,14,2026-07-17 14:25:00,-1.0,2
59780,1,3990.91,3988.34,1.1646746347941568,0.6895362207741791,15,2026-07-17 15:05:00,-1.0,2
59782,1,3991.82,3988.78,1.1786179921773141,0.7893175074184138,15,2026-07-17 15:15:00,-1.0,3
59798,-1,3993.87,4003.44,1.7613882863340564,0.9460528173986894,16,2026-07-17 16:35:00,-1.0,4
59808,-1,3998.61,4004.14,0.9919103920348475,0.5458262831359003,17,2026-07-17 17:25:00,-1.0,1
59843,1,4014.83,4012.59,0.8503665373005606,0.5605004468274718,20,2026-07-17 20:20:00,-1.0,0
59848,1,4012.96,4010.44,0.7366499315381104,0.7703056768558942,20,2026-07-17 20:45:00,-1.0,0
59861,1,4010.45,4007.19,0.8203991130820399,0.9710638297871542,21,2026-07-17 21:50:00,-1.0,0
59871,1,4009.97,4006.06,0.9771634615384616,1.2977714556661213,22,2026-07-17 22:40:00,-1.0,1
59874,-1,4015.47,4016.63,1.347985347985348,0.3806844819504075,22,2026-07-17 22:55:00,2.0,3
59884,-1,4015.76,4017.1,0.7666433076384023,0.49368421052619593,23,2026-07-17 23:45:00,-1.0,0
59885,-1,4016.5,4018.4,0.3608174770965469,0.7189189189189445,23,2026-07-17 23:50:00,2.0,0
59899,1,3994.93,3991.65,1.616118769883351,0.6857825567502543,2,2026-07-20 02:00:00,-1.0,4
59905,1,3994.16,3992.19,0.8003472222222222,0.6720272904482828,2,2026-07-20 02:30:00,-1.0,0
59910,1,3995.44,3992.74,1.304857621440536,0.8840037418148837,2,2026-07-20 02:55:00,-1.0,3
59913,1,3996.12,3987.57,1.9614740368509214,1.8981921979067102,3,2026-07-20 03:10:00,2.0,4
59925,-1,4010.21,4020.77,1.3831258644536653,1.5329738697635675,4,2026-07-20 04:10:00,-1.0,3
