i,time,heure,sens,phase,score,grade,entry,sl,tp,risque,atr,f_fib,f_kijun,f_rsi,f_fvg,f_ob,f_rr,rempli,bar_fill,resultat_R
105,2025-09-29 11:00:00,11,-1,MARKDOWN,5,A,106.891142,107.03080798108533,106.54197704728668,0.13966598108532935,0.03561596217065712,0,1,0,1,1,1,False,-1,
129,2025-09-29 13:00:00,13,-1,MARKDOWN,3,C,106.881974,107.0291870278345,106.51394143041375,0.1472130278344963,0.032374055668977386,0,0,1,0,0,1,False,-1,
142,2025-09-29 14:05:00,14,-1,MARKDOWN,4,B,106.812758,106.91475390228308,106.5577682442923,0.10199590228307898,0.02750780456615722,0,0,1,0,1,1,False,-1,
156,2025-09-29 15:15:00,15,-1,MARKDOWN,5,A,106.763936,106.83845493702606,106.57763865743486,0.07451893702605616,0.03290987405211142,0,1,1,0,1,1,True,157,0.8927281033284216
168,2025-09-29 16:15:00,16,-1,MARKDOWN,5,A,106.74197000000001,106.82460898151706,106.53537254620738,0.08263898151705007,0.03921796303411469,1,0,0,1,1,1,True,169,0.9128499092666557
180,2025-09-29 17:15:00,17,-1,MARKDOWN,5,A,106.724016,106.8265463985353,106.46769000366177,0.10253039853529344,0.04309279707058178,0,1,0,1,1,1,True,188,-1.0
357,2025-09-30 08:00:00,8,-1,MARKDOWN,6,A+,106.798748,106.92695340023627,106.47823449940933,0.12820540023626847,0.03790680047254287,0,1,1,1,1,1,False,-1,
369,2025-09-30 09:00:00,9,-1,MARKDOWN,5,A,106.758604,106.92112715724744,106.35229610688143,0.16252315724743482,0.03625431449486316,0,1,0,1,1,1,False,-1,
381,2025-09-30 10:00:00,10,-1,MARKDOWN,4,B,106.720022,106.92178305922829,106.21561935192928,0.20176105922828924,0.0375661184565629,0,1,0,1,0,1,False,-1,
393,2025-09-30 11:00:00,11,-1,MARKDOWN,5,A,106.649406,106.88931466032632,106.0496343491842,0.2399086603263214,0.04662932065264997,0,1,0,1,1,1,False,-1,
417,2025-09-30 13:00:00,13,-1,MARKDOWN,5,A,106.525762,106.70149565123374,106.08642787191565,0.17573365123374174,0.038991302467477534,0,1,1,0,1,1,False,-1,
429,2025-09-30 14:00:00,14,-1,MARKDOWN,4,B,106.48621,106.63507095762213,106.11405760594467,0.14886095762213358,0.03414191524427489,0,0,1,1,0,1,False,-1,
441,2025-09-30 15:00:00,15,-1,MARKDOWN,6,A+,106.389184,106.47758920831113,106.16817097922217,0.08840520831112997,0.03317841662225033,0,1,1,1,1,1,False,-1,
453,2025-09-30 16:00:00,16,-1,MARKDOWN,4,B,106.343452,106.40376329898822,106.19267375252943,0.06031129898822485,0.03352659797644839,0,0,0,1,1,1,True,454,0.6076016060280008
465,2025-09-30 17:00:00,17,-1,MARKDOWN,4,B,106.33189,106.39333234424109,106.17828413939728,0.061442344241086744,0.042664688482183445,0,1,0,0,1,1,True,468,0.5
477,2025-09-30 18:00:00,18,-1,MARKDOWN,6,A+,106.30601800000001,106.44817582723219,105.95062343191955,0.1421578272321824,0.0543516544643724,0,1,1,1,1,1,False,-1,
489,2025-09-30 19:00:00,19,-1,MARKDOWN,6,A+,106.30601800000001,106.44502536366502,105.95849959083748,0.13900736366501576,0.04805072733004889,0,1,1,1,1,1,False,-1,
501,2025-09-30 20:00:00,20,-1,MARKDOWN,6,A+,106.295704,106.4392493701246,105.9368405746885,0.143545370124599,0.03649874024918942,0,1,1,1,1,1,False,-1,
645,2025-10-01 08:00:00,8,-1,MARKDOWN,6,A+,106.261246,106.45071664622802,105.78756938442996,0.1894706462280169,0.037433292456027584,0,1,1,1,1,1,False,-1,
657,2025-10-01 09:00:00,9,-1,MARKDOWN,6,A+,106.22229,106.39767965865018,105.78381585337456,0.1753896586501753,0.04135931730035044,0,1,1,1,1,1,False,-1,
669,2025-10-01 10:00:00,10,-1,MARKDOWN,5,A,106.07658400000001,106.28640307354854,105.55203631612869,0.20981907354853035,0.04680614709708272,0,1,0,1,1,1,False,-1,
681,2025-10-01 11:00:00,11,-1,MARKDOWN,5,A,106.019508,106.27839951660006,105.37227920849986,0.25889151660005894,0.054799033200100614,0,1,0,1,1,1,False,-1,
705,2025-10-01 13:00:00,13,-1,MARKDOWN,2,C,105.892034,106.10941827587106,105.34857331032232,0.21738427587106912,0.04283655174213642,0,0,0,0,0,1,False,-1,
717,2025-10-01 14:00:00,14,-1,MARKDOWN,6,A+,105.82201,106.01248021590595,105.34583446023514,0.19047021590594682,0.040960431811901954,0,1,1,1,1,1,False,-1,
729,2025-10-01 15:00:00,15,-1,MARKDOWN,5,A,105.69618600000001,105.82000134453824,105.38664763865444,0.12381534453822951,0.03600268907645735,0,1,1,0,1,1,False,-1,
741,2025-10-01 16:00:00,16,-1,MARKDOWN,6,A+,105.57747,105.7703549615341,105.09525759616477,0.19288496153409085,0.06870992306817324,0,1,1,1,1,1,False,-1,
753,2025-10-01 17:00:00,17,-1,MARKDOWN,4,B,105.547898,105.75755638246005,105.02375204384988,0.20965838246004864,0.06711276492010688,0,0,0,1,1,1,True,756,0.8376317408957057
765,2025-10-01 18:00:00,18,-1,MARKDOWN,5,A,105.54419,105.75367632599767,105.02047418500581,0.20948632599767336,0.07135265199534002,0,1,0,1,1,1,True,785,-0.35233803279749326
933,2025-10-02 08:00:00,8,1,MARKUP,5,A,105.535984,105.44089116179768,105.77371609550579,0.09509283820231929,0.02821767640464291,0,1,1,0,1,1,True,936,-1.0
948,2025-10-02 09:15:00,9,1,MARKUP,5,A,105.515738,105.44154847111034,105.70121182222415,0.07418952888966146,0.02690305777931466,0,1,1,0,1,1,True,952,-1.0
960,2025-10-02 10:15:00,10,1,MARKUP,6,A+,105.546566,105.40264604826382,105.90636587934046,0.14391995173618,0.048707903472385954,1,0,1,1,1,1,True,966,-1.0
975,2025-10-02 11:30:00,11,-1,MARKDOWN,5,A,105.620434,105.76098723733003,105.26905090667495,0.14055323733002467,0.04197447466005215,0,1,1,1,0,1,False,-1,
993,2025-10-02 13:00:00,13,-1,MARKDOWN,5,A,105.532956,105.75957493515429,104.96640866211428,0.226618935154292,0.039149870308590205,0,1,0,1,1,1,False,-1,
1005,2025-10-02 14:00:00,14,-1,MARKDOWN,5,A,105.532956,105.75774526314011,104.97098284214972,0.22478926314011005,0.03549052628023436,0,1,1,1,0,1,True,1028,0.42687092194520043
1017,2025-10-02 15:00:00,15,-1,MARKDOWN,5,A,105.471156,105.65696081973772,105.00664395065567,0.18580481973772578,0.033921639475432495,0,0,1,1,1,1,True,1026,0.2807031597652727
1046,2025-10-02 17:25:00,17,1,MARKUP,5,A,105.334374,105.17512256395673,105.73250259010815,0.15925143604326308,0.045754872086528016,0,1,0,1,1,1,False,-1,
1058,2025-10-02 18:25:00,18,1,MARKUP,3,C,105.336228,105.17872868685079,105.72997628287305,0.1574993131492164,0.044542626298416925,0,0,0,0,1,1,False,-1,
1221,2025-10-03 08:00:00,8,1,MARKUP,6,A+,105.562688,105.40409206989592,105.95917782526017,0.15859593010407025,0.02381586020814366,0,1,1,1,1,1,False,-1,
1233,2025-10-03 09:00:00,9,1,MARKUP,6,A+,105.577204,105.39489616717736,106.03297358205657,0.1823078328226302,0.042207665645267886,0,1,1,1,1,1,True,1257,0.4267287850198692
1281,2025-10-03 13:00:00,13,-1,MARKDOWN,5,A,105.708502,105.85326661157302,105.34659047106743,0.14476461157302367,0.03053322314605284,0,1,1,0,1,1,False,-1,
1293,2025-10-03 14:00:00,14,-1,MARKDOWN,5,A,105.678356,105.82202520156075,105.3191829960981,0.1436692015607548,0.026050403121489776,0,1,0,1,1,1,False,-1,
1305,2025-10-03 15:00:00,15,-1,MARKDOWN,4,B,105.633412,105.77522445384781,105.2788808653805,0.1418124538478054,0.02844890769564599,0,0,0,1,1,1,False,-1,
1321,2025-10-03 16:20:00,16,-1,MARKDOWN,5,A,105.53020599999999,105.61249373988447,105.3244866502888,0.08228773988447813,0.03698747976895329,0,1,1,0,1,1,True,1326,0.5
1338,2025-10-03 17:45:00,17,1,MARKUP,6,A+,105.52033,105.37424657384358,105.88553856539106,0.146083426156423,0.05150685231286866,0,1,1,1,1,1,False,-1,
1350,2025-10-03 18:45:00,18,1,MARKUP,6,A+,105.52033,105.37907865579402,105.87345836051496,0.1412513442059833,0.04184268841198837,0,1,1,1,1,1,False,-1,
1362,2025-10-03 19:45:00,19,1,MARKUP,4,B,105.54516000000001,105.3818202703908,105.95350932402303,0.16333972960920562,0.03635945921841324,0,1,0,1,0,1,False,-1,
1374,2025-10-03 20:45:00,20,1,MARKUP,3,C,105.54516000000001,105.3843597239143,105.94716069021428,0.16080027608570902,0.031280552171406656,0,0,0,1,0,1,False,-1,
1509,2025-10-06 08:00:00,8,1,MARKUP,5,A,107.314916,107.00925261329692,108.07907446675767,0.305663386703074,0.047494773406145246,0,1,0,1,1,1,False,-1,
1521,2025-10-06 09:00:00,9,1,MARKUP,5,A,107.414626,107.1432790540649,108.09299336483772,0.27134694593509323,0.05144189187019345,0,1,0,1,1,1,False,-1,
1540,2025-10-06 10:35:00,10,1,MARKUP,5,A,107.569126,107.38847869555732,108.02074426110667,0.1806473044426724,0.06104260888534805,0,1,1,1,0,1,True,1541,0.8705493482488103
1552,2025-10-06 11:35:00,11,1,MARKUP,6,A+,107.582104,107.4071238957399,108.01955426065025,0.1749801042601007,0.0657522085201809,0,1,1,1,1,1,False,-1,
1569,2025-10-06 13:00:00,13,1,MARKUP,5,A,107.61932999999999,107.47516846069965,107.97973384825085,0.1441615393003417,0.04766307860070382,0,1,0,1,1,1,True,1593,-1.0
1582,2025-10-06 14:05:00,14,1,MARKUP,2,C,107.61932999999999,107.4782523744129,107.97202406396771,0.14107762558708714,0.04149525117419007,0,0,0,0,0,1,True,1593,-1.0
1610,2025-10-06 16:25:00,16,-1,MARKDOWN,5,A,107.596642,107.84303029542663,106.98067126143343,0.24638829542662677,0.058060590853270845,0,1,0,1,1,1,True,1634,-1.0
1622,2025-10-06 17:25:00,17,-1,MARKDOWN,3,C,107.59478800000001,107.84122055538131,106.97870661154676,0.24643255538130404,0.060441110762602925,0,0,0,0,1,1,True,1634,-1.0
1640,2025-10-06 18:55:00,18,1,MARKUP,4,B,107.436,107.22220733388947,107.97048166527634,0.21379266611053538,0.045585332221060273,0,1,0,1,0,1,False,-1,
1652,2025-10-06 19:55:00,19,1,MARKUP,6,A+,107.423012,107.22697377628867,107.91310755927832,0.1960382237113265,0.036052447422668756,0,1,1,1,1,1,False,-1,
1664,2025-10-06 20:55:00,20,1,MARKUP,5,A,107.414226,107.2289763680788,107.877350079803,0.18524963192119515,0.03204726384239079,0,1,0,1,1,1,False,-1,
1801,2025-10-07 08:20:00,8,1,MARKUP,6,A+,107.83189399999999,107.73490355454321,108.07437011364195,0.09699044545678248,0.028192890913567352,0,1,1,1,1,1,True,1804,0.8969664248574586
1813,2025-10-07 09:20:00,9,1,MARKUP,4,B,107.8254,107.73035116347545,108.06302209131138,0.09504883652455476,0.037297673049099186,0,1,1,0,0,1,False,-1,
1825,2025-10-07 10:20:00,10,1,MARKUP,2,C,107.832658,107.72983753595852,108.08970916010367,0.10282046404147138,0.03832492808294168,0,0,0,0,0,1,False,-1,
1837,2025-10-07 11:20:00,11,1,MARKUP,6,A+,107.83991599999999,107.72984833170243,108.1150851707439,0.11006766829756032,0.0383033365951268,0,1,1,1,1,1,False,-1,
1857,2025-10-07 13:00:00,13,1,MARKUP,6,A+,107.91770199999999,107.80267058590877,108.20528053522804,0.11503141409122009,0.03065882818245459,0,1,1,1,1,1,False,-1,
1869,2025-10-07 14:00:00,14,1,MARKUP,5,A,107.936612,107.8204413856763,108.22703853580923,0.11617061432369269,0.029117228647386455,0,1,0,1,1,1,False,-1,
1881,2025-10-07 15:00:00,15,1,MARKUP,5,A,107.95342,107.82060461118154,108.28545847204614,0.13281538881845734,0.028790777636927722,0,1,1,0,1,1,False,-1,
1893,2025-10-07 16:00:00,16,1,MARKUP,4,B,107.993656,107.85717726115767,108.33485284710582,0.13647873884232808,0.037645477684662684,0,0,0,1,1,1,False,-1,
1905,2025-10-07 17:00:00,17,1,MARKUP,6,A+,108.112724,107.98146506680172,108.4408713329957,0.13125893319828208,0.04706986639655908,0,1,1,1,1,1,False,-1,
1917,2025-10-07 18:00:00,18,1,MARKUP,5,A,108.1748,107.99516797761612,108.62388005595972,0.17963202238388476,0.053664044767774574,0,1,0,1,1,1,False,-1,
1929,2025-10-07 19:00:00,19,1,MARKUP,6,A+,108.180272,108.00182978996973,108.62637752507567,0.17844221003026917,0.05434042006052588,0,1,1,1,1,1,False,-1,
1941,2025-10-07 20:00:00,20,1,MARKUP,5,A,108.207394,108.00436026263415,108.7149783434146,0.20303373736584263,0.049279474731685396,0,1,0,1,1,1,False,-1,
2110,2025-10-08 10:05:00,10,1,MARKUP,5,A,109.110118,108.988720218486,109.41361245378502,0.12139778151400549,0.05255956302800683,0,1,1,0,1,1,False,-1,
2122,2025-10-08 11:05:00,11,1,MARKUP,5,A,109.134566,108.98877827535419,109.49903531161453,0.1457877246458139,0.05244344929160319,0,1,0,1,1,1,False,-1,
2145,2025-10-08 13:00:00,13,1,MARKUP,5,A,109.251458,108.98931662939361,109.90681142651596,0.2621413706063862,0.0513667412127877,0,1,0,1,1,1,False,-1,
2157,2025-10-08 14:00:00,14,1,MARKUP,4,B,109.26139,108.98467494561693,109.9531776359577,0.2767150543830752,0.060650108766132825,0,1,0,1,0,1,False,-1,
2169,2025-10-08 15:00:00,15,1,MARKUP,6,A+,109.33246,109.10253414215802,109.90727464460494,0.22992585784197672,0.05493171568393893,0,1,1,1,1,1,False,-1,
2232,2025-10-08 20:15:00,20,1,MARKUP,5,A,109.381804,109.28132595493013,109.6329991126747,0.10047804506987745,0.03134809013974274,0,1,1,0,1,1,False,-1,
2373,2025-10-09 08:00:00,8,1,MARKUP,6,A+,109.402714,109.30048927936615,109.65827580158464,0.10222472063385624,0.03102144126771335,0,1,1,1,1,1,False,-1,
2385,2025-10-09 09:00:00,9,1,MARKUP,6,A+,109.412928,109.31795015729685,109.65037260675786,0.09497784270314469,0.0340996854062959,0,1,1,1,1,1,False,-1,
2397,2025-10-09 10:00:00,10,1,MARKUP,5,A,109.498486,109.32898325458181,109.92224286354546,0.16950274541818544,0.05403349083636258,0,1,0,1,1,1,True,2420,-1.0
2409,2025-10-09 11:00:00,11,1,MARKUP,6,A+,109.5377,109.37771930276013,109.93765174309968,0.15998069723987385,0.05256139447973815,0,1,1,1,1,1,True,2418,-1.0
2441,2025-10-09 13:40:00,13,-1,MARKDOWN,4,B,109.59165,109.7780353769042,109.1256865577395,0.1863853769041981,0.048070753808393464,0,1,0,0,1,1,True,2465,1.75
2453,2025-10-09 14:40:00,14,-1,MARKDOWN,3,C,109.59165,109.77428054708197,109.13507363229508,0.18263054708197046,0.04056109416394073,0,0,0,0,1,1,True,2465,1.75
2465,2025-10-09 15:40:00,15,1,MARKUP,5,A,109.48562,109.30789866860245,109.92992332849387,0.17772133139754942,0.042202662795086415,0,1,1,0,1,1,True,2470,-1.0
2479,2025-10-09 16:50:00,16,-1,MARKDOWN,5,A,109.436652,109.67790782287034,108.83351244282414,0.2412558228703432,0.08981564574069782,1,0,1,0,1,1,True,2480,1.0543011177953612
2491,2025-10-09 17:50:00,17,-1,MARKDOWN,6,A+,109.436652,109.6692895765849,108.85505805853774,0.23263757658490647,0.0725791531698114,0,1,1,1,1,1,False,-1,
2503,2025-10-09 18:50:00,18,-1,MARKDOWN,6,A+,109.436652,109.66516533160288,108.86536867099278,0.22851333160288334,0.06433066320576489,0,1,1,1,1,1,False,-1,
2515,2025-10-09 19:50:00,19,-1,MARKDOWN,5,A,109.436652,109.65851828414529,108.88198628963676,0.22186628414529252,0.051036568290588884,0,1,1,0,1,1,False,-1,
2527,2025-10-09 20:50:00,20,-1,MARKDOWN,5,A,109.420608,109.6580658951775,108.82696326205625,0.23745789517749927,0.0501317903549989,0,0,1,1,1,1,False,-1,
2661,2025-10-10 08:00:00,8,-1,MARKDOWN,6,A+,109.103648,109.250070437619,108.73759190595251,0.14642243761899465,0.03614087523801263,0,1,1,1,1,1,False,-1,
2679,2025-10-10 09:30:00,9,-1,MARKDOWN,5,A,109.080164,109.21351079320044,108.74679701699888,0.1333467932004453,0.0390215864008724,0,1,1,0,1,1,False,-1,
2698,2025-10-10 11:05:00,11,-1,MARKDOWN,6,A+,108.92656000000001,109.12203943260064,108.43786141849841,0.19547943260063505,0.07007886520127384,1,0,1,1,1,1,True,2699,-1.0
2741,2025-10-10 14:40:00,14,-1,MARKDOWN,7,A+,108.910492,109.08016256422688,108.48631558943282,0.16967056422687676,0.03832512845373859,1,1,1,1,1,1,True,2751,-1.0
2763,2025-10-10 16:30:00,16,1,MARKUP,6,A+,108.93516000000001,108.76202036666928,109.36800908332685,0.17313963333073445,0.05595926666146852,0,1,1,1,1,1,True,2780,-1.0
2775,2025-10-10 17:30:00,17,1,MARKUP,4,B,108.93516000000001,108.76432379615001,109.36225050962501,0.1708362038500013,0.051352407700007256,0,1,0,1,0,1,True,2780,-1.0
2787,2025-10-10 18:30:00,18,-1,MARKDOWN,6,A+,108.79182,109.22101066682885,107.71884333292789,0.42919066682884477,0.10202133365770173,0,1,1,1,1,1,False,-1,
2799,2025-10-10 19:30:00,19,-1,MARKDOWN,5,A,108.79182,109.2216629182714,107.7172127043215,0.42984291827140453,0.10332583654279417,0,1,1,1,0,1,False,-1,
2811,2025-10-10 20:30:00,20,-1,MARKDOWN,4,B,108.787494,109.20872080147372,107.73442699631569,0.42122680147372193,0.09144160294744241,0,1,0,0,1,1,False,-1,
2955,2025-10-13 08:30:00,8,-1,MARKDOWN,6,A+,108.59300400000001,108.67631163592067,108.38473491019835,0.08330763592066148,0.030623271841337278,0,1,1,1,1,1,True,2973,0.5
2967,2025-10-13 09:30:00,9,-1,MARKDOWN,4,B,108.571994,108.6799232094944,108.302170976264,0.10792920949440088,0.03784641898880199,0,0,0,1,1,1,True,2973,-1.0
2979,2025-10-13 10:30:00,10,1,MARKUP,6,A+,108.577744,108.40146382904484,109.01844442738788,0.17628017095515247,0.05307234191031608,0,1,1,1,1,1,False,-1,
2991,2025-10-13 11:30:00,11,1,MARKUP,6,A+,108.585384,108.4057066801646,109.03457729958852,0.17967731983540602,0.04458663967080683,0,1,1,1,1,1,False,-1,
3045,2025-10-13 16:00:00,16,-1,MARKDOWN,4,B,108.717692,108.84722114563581,108.39386913591046,0.1295291456358143,0.03444229127164473,0,0,1,0,1,1,True,3065,1.1073342941842568
3057,2025-10-13 17:00:00,17,-1,MARKDOWN,2,C,108.682826,108.80056951167516,108.38846722081212,0.11774351167515817,0.03913902335031345,0,0,0,0,0,1,True,3064,1.020066807672253
3069,2025-10-13 18:00:00,18,-1,MARKDOWN,6,A+,108.64451,108.74095037693517,108.40340905766206,0.0964403769351776,0.04390075387034892,0,1,1,1,1,1,False,-1,
3081,2025-10-13 19:00:00,19,-1,MARKDOWN,6,A+,108.63763399999999,108.73794206502522,108.38686383743692,0.10030806502523149,0.037884130050468055,0,1,1,1,1,1,False,-1,
3093,2025-10-13 20:00:00,20,-1,MARKDOWN,4,B,108.63305,108.73282128806296,108.38362177984257,0.09977128806296776,0.02764257612594027,0,1,0,1,0,1,False,-1,
3237,2025-10-14 08:00:00,8,-1,MARKDOWN,5,A,108.472464,108.74529295939575,107.79039160151062,0.2728289593957527,0.05058591879151068,0,1,0,1,1,1,False,-1,
3249,2025-10-14 09:00:00,9,-1,MARKDOWN,6,A+,108.390106,108.69217626445091,107.63493033887275,0.30207026445090435,0.05635252890181099,0,1,1,1,1,1,False,-1,
3261,2025-10-14 10:00:00,10,-1,MARKDOWN,6,A+,108.359622,108.65098002777724,107.63122693055692,0.2913580277772354,0.06396005555448753,0,1,1,1,1,1,False,-1,
3273,2025-10-14 11:00:00,11,-1,MARKDOWN,4,B,108.28062,108.54168308776904,107.62796228057738,0.2610630877690454,0.07136617553809746,0,0,0,1,1,1,False,-1,
3297,2025-10-14 13:00:00,13,-1,MARKDOWN,6,A+,108.10881599999999,108.25329628485143,107.74761528787138,0.14448028485143993,0.05059256970288032,0,1,1,1,1,1,True,3313,-1.0
3309,2025-10-14 14:00:00,14,-1,MARKDOWN,5,A,108.10881599999999,108.25183520654323,107.75126798364188,0.14301920654324363,0.04767041308646878,0,1,0,1,1,1,True,3313,-1.0
3325,2025-10-14 15:20:00,15,-1,MARKDOWN,5,A,108.110726,108.25237609839137,107.75660075402158,0.14165009839136644,0.04875219678274299,0,1,1,1,0,1,True,3330,-1.0
3353,2025-10-14 17:40:00,17,1,MARKUP,5,A,108.09251800000001,107.8875565667846,108.60492158303856,0.20496143321541638,0.0668868664308221,0,1,0,1,1,1,True,3360,0.12920479518775813
3371,2025-10-14 19:10:00,19,-1,MARKDOWN,5,A,108.216818,108.40323073244271,107.75078616889324,0.1864127324427045,0.066461464885397,0,1,1,1,0,1,False,-1,
3383,2025-10-14 20:10:00,20,-1,MARKDOWN,2,C,108.216818,108.3990211076994,107.76131023075152,0.18220310769939374,0.058042215398781634,0,0,0,0,0,1,False,-1,
3537,2025-10-15 09:00:00,9,-1,MARKDOWN,5,A,107.783176,107.92694253329556,107.4237596667611,0.14376653329556177,0.03388506659111828,0,1,1,1,0,1,False,-1,
3549,2025-10-15 10:00:00,10,-1,MARKDOWN,5,A,107.699668,107.80625549784875,107.43319925537813,0.10658749784874999,0.04051099569750792,0,1,0,1,1,1,True,3551,-1.0
3561,2025-10-15 11:00:00,11,-1,MARKDOWN,4,B,107.699668,107.80896053753659,107.42643665615853,0.10929253753658941,0.045921075073190064,1,0,0,0,1,1,True,3562,-1.0
3596,2025-10-15 13:55:00,13,1,MARKUP,5,A,107.685678,107.54287936156173,108.04267459609565,0.1427986384382649,0.03424127687654424,0,1,0,1,1,1,False,-1,
3608,2025-10-15 14:55:00,14,1,MARKUP,4,B,107.727746,107.59552545480855,108.0582973629786,0.13222054519144422,0.03294909038288945,0,1,0,0,1,1,False,-1,
3620,2025-10-15 15:55:00,15,1,MARKUP,6,A+,107.77507,107.60619386947334,108.19726032631664,0.1688761305266553,0.04361226105331311,0,1,1,1,1,1,True,3637,-1.0
3634,2025-10-15 17:05:00,17,1,MARKUP,4,B,107.850466,107.72326922844105,108.16845792889735,0.1271967715589426,0.053461543117880504,0,0,1,0,1,1,True,3635,-1.0
3654,2025-10-15 18:45:00,18,-1,MARKDOWN,5,A,107.87777200000001,108.03911795592046,107.47440711019888,0.16134595592045287,0.052235911840910344,0,1,1,1,0,1,False,-1,
3666,2025-10-15 19:45:00,19,-1,MARKDOWN,6,A+,107.87777200000001,108.03682403881821,107.4801419029545,0.15905203881820285,0.0476480776363963,0,1,1,1,1,1,False,-1,
3678,2025-10-15 20:45:00,20,-1,MARKDOWN,6,A+,107.811034,108.03295580783627,107.25622948040933,0.22192180783626725,0.05191161567253787,0,1,1,1,1,1,False,-1,
3815,2025-10-16 08:10:00,8,1,MARKUP,6,A+,107.404786,107.18699082347487,107.94927394131282,0.21779517652512936,0.03601835305024991,0,1,1,1,1,1,False,-1,
3827,2025-10-16 09:10:00,9,1,MARKUP,6,A+,107.482766,107.30438430252322,107.92872024369194,0.17838169747678023,0.041231394953578165,0,1,1,1,1,1,False,-1,
3839,2025-10-16 10:10:00,10,1,MARKUP,3,C,107.566732,107.37985006173986,108.03393684565036,0.186881938260143,0.04829987652027534,0,0,0,1,0,1,True,3846,0.8416045527886564
3851,2025-10-16 11:10:00,11,1,MARKUP,5,A,107.61927200000001,107.43623899876414,108.07685450308969,0.18303300123587007,0.06352200247174124,0,1,0,1,1,1,False,-1,
3873,2025-10-16 13:00:00,13,1,MARKUP,3,C,107.6786,107.54311431394028,108.01731421514931,0.13548568605972378,0.04177137211941863,0,0,0,1,0,1,True,3884,-1.0
3885,2025-10-16 14:00:00,14,1,MARKUP,4,B,107.6786,107.5463372769563,108.00925680760928,0.13226272304370923,0.035325446087388884,0,0,1,0,1,1,True,3893,-1.0
3909,2025-10-16 16:00:00,16,-1,MARKDOWN,4,B,107.702334,107.86635093673203,107.29229165816989,0.16401693673203965,0.050701873464078936,0,0,0,1,1,1,False,-1,
3921,2025-10-16 17:00:00,17,-1,MARKDOWN,6,A+,107.702334,107.86863554346877,107.28658014132805,0.16630154346877646,0.055271086937559506,0,1,1,1,1,1,False,-1,
3933,2025-10-16 18:00:00,18,-1,MARKDOWN,5,A,107.633514,107.80484429938303,107.20518825154244,0.17133029938302968,0.05768859876606712,0,1,0,1,1,1,False,-1,
3945,2025-10-16 19:00:00,19,-1,MARKDOWN,5,A,107.58736999999999,107.7918210901778,107.07624227455545,0.2044510901778125,0.053642180355617804,0,1,0,1,1,1,False,-1,
3957,2025-10-16 20:00:00,20,-1,MARKDOWN,5,A,107.411298,107.74218400151575,106.58408299621063,0.33088600151575065,0.08036800303150772,0,1,0,1,1,1,False,-1,
4101,2025-10-17 08:00:00,8,-1,MARKDOWN,6,A+,106.935974,107.08752837220246,106.55708806949386,0.1515543722024546,0.04105674440493504,0,1,1,1,1,1,False,-1,
4113,2025-10-17 09:00:00,9,-1,MARKDOWN,5,A,106.91229,107.0891033104684,106.47025672382898,0.17681331046840398,0.044206620936826785,0,1,0,1,1,1,False,-1,
4125,2025-10-17 10:00:00,10,-1,MARKDOWN,6,A+,106.773352,107.05926278157501,106.05857504606247,0.28591078157501215,0.06452556315003954,0,1,1,1,1,1,False,-1,
4137,2025-10-17 11:00:00,11,-1,MARKDOWN,6,A+,106.657004,106.95502742271142,105.91194544322144,0.2980234227114238,0.07805484542286571,0,1,1,1,1,1,True,4143,-1.0
4180,2025-10-17 14:35:00,14,1,MARKUP,5,A,106.584856,106.19588899032813,107.55727352417969,0.38896700967187314,0.0842220193437309,0,1,0,1,1,1,False,-1,
4192,2025-10-17 15:35:00,15,1,MARKUP,6,A+,106.72905,106.39282103079836,107.5696224230041,0.3362289692016418,0.08035793840330709,0,1,1,1,1,1,False,-1,
4204,2025-10-17 16:35:00,16,1,MARKUP,5,A,106.779108,106.4806939603843,107.52514309903923,0.2984140396156931,0.0666120792313825,0,1,1,1,0,1,False,-1,
4216,2025-10-17 17:35:00,17,1,MARKUP,5,A,106.820254,106.5157901988091,107.58141350297727,0.30446380119090577,0.07641960238181626,0,1,0,1,1,1,False,-1,
4233,2025-10-17 19:00:00,19,1,MARKUP,5,A,106.95497800000001,106.73826897607128,107.49675055982183,0.21670902392872904,0.06746204785745726,0,1,1,0,1,1,False,-1,
4245,2025-10-17 20:00:00,20,1,MARKUP,6,A+,107.043352,106.88577058832645,107.43730552918387,0.15758141167354722,0.05845882334710226,0,1,1,1,1,1,False,-1,
4406,2025-10-20 09:25:00,9,-1,MARKDOWN,5,A,107.69493200000001,107.89735521998546,107.1888739500364,0.2024232199854481,0.04271043997090715,0,1,1,1,0,1,False,-1,
4420,2025-10-20 10:35:00,10,-1,MARKDOWN,3,C,107.588716,107.75024870533089,107.18488423667279,0.1615327053308846,0.04649741066178225,0,0,1,0,0,1,False,-1,
4433,2025-10-20 11:40:00,11,-1,MARKDOWN,5,A,107.55967,107.70122513483985,107.20578216290038,0.14155513483984805,0.04245026967966319,0,1,1,0,1,1,False,-1,
4449,2025-10-20 13:00:00,13,-1,MARKDOWN,5,A,107.38202199999999,107.59301564916171,106.85453787709568,0.21099364916172192,0.05603129832343626,1,0,0,1,1,1,True,4450,0.8352454138205165
4461,2025-10-20 14:00:00,14,-1,MARKDOWN,3,C,107.38202199999999,107.58635848236473,106.87118079408815,0.204336482364738,0.04271696472947561,1,0,0,0,0,1,True,4462,0.8461675194176138
4476,2025-10-20 15:15:00,15,-1,MARKDOWN,6,A+,107.38202199999999,107.5865271217851,106.87075919553723,0.20450512178510394,0.043054243570202086,0,1,1,1,1,1,True,4492,0.845882062069091
4488,2025-10-20 16:15:00,16,-1,MARKDOWN,6,A+,107.33010999999999,107.5022126656524,106.89985333586898,0.17210266565240318,0.042425331304798516,1,1,0,1,1,1,True,4491,0.7601857040213503
4502,2025-10-20 17:25:00,17,-1,MARKDOWN,5,A,107.374422,107.50341188941839,107.05194727645402,0.12898988941839207,0.04482377883677397,0,1,1,0,1,1,False,-1,
4518,2025-10-20 18:45:00,18,-1,MARKDOWN,6,A+,107.345086,107.49304790735002,106.97518123162493,0.14796190735002313,0.046095814700041905,1,0,1,1,1,1,True,4520,-0.8847817816399873
4677,2025-10-21 08:00:00,8,1,MARKUP,4,B,107.393924,107.21707568994181,107.83604477514547,0.17684831005819035,0.061848620116380454,0,1,0,1,0,1,True,4678,1.75
4689,2025-10-21 09:00:00,9,1,MARKUP,5,A,107.473662,107.23268584589779,108.07610238525554,0.2409761541022135,0.06862830820441643,0,1,1,1,0,1,True,4707,1.75
4704,2025-10-21 10:15:00,10,1,MARKUP,3,C,107.563866,107.3554961472897,108.08479063177577,0.20836985271030528,0.06300770542059245,1,0,0,0,0,1,True,4705,1.75
4720,2025-10-21 11:35:00,11,1,MARKUP,5,A,107.563866,107.35424566269852,108.08791684325372,0.20962033730148733,0.06550867460295955,0,1,1,1,0,1,False,-1,
4737,2025-10-21 13:00:00,13,1,MARKUP,5,A,107.62957,107.36101102526203,108.30096743684493,0.26855897473797086,0.051977949475944855,0,1,0,1,1,1,False,-1,
4749,2025-10-21 14:00:00,14,1,MARKUP,5,A,107.733916,107.42460077983404,108.50720405041488,0.30931522016595636,0.05479844033190932,0,1,0,1,1,1,False,-1,
4761,2025-10-21 15:00:00,15,1,MARKUP,4,B,107.747668,107.42606273064123,108.55168117339693,0.3216052693587699,0.05187453871753495,0,1,0,0,1,1,False,-1,
4773,2025-10-21 16:00:00,16,1,MARKUP,5,A,107.875638,107.41911875561851,109.01693611095371,0.4565192443814823,0.06576248876296487,0,1,0,1,1,1,False,-1,
4792,2025-10-21 17:35:00,17,1,MARKUP,6,A+,108.14076,107.840128208762,108.89233947809501,0.3006317912380041,0.08174358247600848,1,0,1,1,1,1,False,-1,
4806,2025-10-21 18:45:00,18,1,MARKUP,6,A+,108.14076,107.85077616795024,108.86571958012439,0.28998383204975653,0.06044766409950453,0,1,1,1,1,1,False,-1,
4818,2025-10-21 19:45:00,19,1,MARKUP,6,A+,108.14076,107.85673412508751,108.85082468728122,0.2840258749124871,0.0485317498249765,0,1,1,1,1,1,False,-1,
4830,2025-10-21 20:45:00,20,1,MARKUP,5,A,108.113638,107.85858373314701,108.75127366713244,0.25505426685298005,0.04483253370596639,0,1,1,1,0,1,False,-1,
4965,2025-10-22 08:00:00,8,1,MARKUP,5,A,108.261442,108.1205357521042,108.6137076197395,0.1409062478957992,0.028928495791597873,0,1,1,1,0,1,False,-1,
4977,2025-10-22 09:00:00,9,1,MARKUP,5,A,108.288946,108.11838215697095,108.7153556075726,0.17056384302904348,0.03323568605810617,0,1,1,1,0,1,False,-1,
4990,2025-10-22 10:05:00,10,1,MARKUP,5,A,108.363678,108.21434527819648,108.73700980450879,0.14933272180351764,0.047309443607036705,0,0,1,1,1,1,True,4991,-1.0
5025,2025-10-22 13:00:00,13,-1,MARKDOWN,5,A,108.44781599999999,108.58591560907081,108.10256697732294,0.13809960907082086,0.03783121814162167,0,1,1,0,1,1,False,-1,
5037,2025-10-22 14:00:00,14,-1,MARKDOWN,6,A+,108.44208599999999,108.58434542761934,108.0864374309516,0.14225942761935073,0.03469085523869153,0,1,1,1,1,1,False,-1,
5049,2025-10-22 15:00:00,15,-1,MARKDOWN,5,A,108.323928,108.4578059283387,107.98923317915323,0.1338779283387055,0.041611856677395594,0,1,0,1,1,1,True,5058,-1.0
5070,2025-10-22 16:45:00,16,1,MARKUP,5,A,108.283868,108.11442250275734,108.70748174310665,0.16944549724266267,0.0531549944853322,0,1,1,0,1,1,False,-1,
5082,2025-10-22 17:45:00,17,1,MARKUP,4,B,108.334674,108.10971032264528,108.8970831933868,0.22496367735472234,0.06257935470944093,0,1,0,0,1,1,True,5103,0.8181660452471771
5094,2025-10-22 18:45:00,18,1,MARKUP,5,A,108.334674,108.1146165737966,108.88481756550854,0.22005742620341096,0.05276685240681951,0,1,1,0,1,1,True,5103,0.8252596596401729
5106,2025-10-22 19:45:00,19,1,MARKUP,4,B,108.334674,108.10925731541082,108.89821571147299,0.22541668458919162,0.0634853691783908,0,1,0,0,1,1,False,-1,
5253,2025-10-23 08:00:00,8,1,MARKUP,3,C,108.81423,108.69980470213625,109.10029324465935,0.11442529786374678,0.02639059572748602,0,0,0,1,0,1,False,-1,
5267,2025-10-23 09:10:00,9,1,MARKUP,4,B,108.88591799999999,108.8144506532666,109.06458636683345,0.07146734673338528,0.029098693466780536,0,1,1,0,0,1,False,-1,
5279,2025-10-23 10:10:00,10,1,MARKUP,4,B,108.937488,108.81009008421215,109.25598278946964,0.12739791578785287,0.03781983157569187,0,1,0,1,0,1,True,5287,0.8904003193294088
5291,2025-10-23 11:10:00,11,1,MARKUP,4,B,108.937488,108.80872152623208,109.25940418441982,0.12876647376792505,0.04055694753584306,0,0,1,1,0,1,False,-1,
5313,2025-10-23 13:00:00,13,1,MARKUP,5,A,108.937488,108.8123501180655,109.25033270483627,0.12513788193450637,0.033299763868984256,0,1,0,1,1,1,False,-1,
5325,2025-10-23 14:00:00,14,1,MARKUP,5,A,108.9846,108.85487736332963,109.3089065916759,0.12972263667036543,0.030245273340728067,0,1,0,1,1,1,True,5346,1.1114748045720186
5337,2025-10-23 15:00:00,15,1,MARKUP,3,C,109.02282600000001,108.91577013314766,109.29046566713089,0.10705586685234891,0.028459733704692423,0,0,0,1,0,1,True,5344,1.0624084478211224
5357,2025-10-23 16:40:00,16,1,MARKUP,4,B,109.05248999999999,108.95601750014077,109.29367124964804,0.09647249985921746,0.043964999718431944,0,1,1,0,0,1,True,5375,0.8866855900818884
5369,2025-10-23 17:40:00,17,1,MARKUP,5,A,109.071208,108.95499564743952,109.36173888140121,0.11621235256048124,0.04600870512094144,0,1,1,1,0,1,True,5373,0.740469493294089
5381,2025-10-23 18:40:00,18,1,MARKUP,3,C,109.071208,108.95585733100918,109.35958467247704,0.11535066899081414,0.044285337981621806,0,0,0,0,1,1,True,5398,0.8824569540043963
5394,2025-10-23 19:45:00,19,1,MARKUP,6,A+,109.071208,108.95897068901537,109.35180127746156,0.11223731098462508,0.03805862196924081,0,1,1,1,1,1,True,5398,0.9069354843501843
5541,2025-10-24 08:00:00,8,1,MARKUP,5,A,109.075172,108.92877464593538,109.44116538516154,0.14639735406461796,0.028450708129246317,0,1,1,1,0,1,False,-1,
5553,2025-10-24 09:00:00,9,1,MARKUP,6,A+,109.075172,108.92538699048397,109.44963452379005,0.14978500951602314,0.03522601903204873,0,1,1,1,1,1,True,5567,-1.0
5571,2025-10-24 10:30:00,10,-1,MARKDOWN,5,A,109.152502,109.3021487896446,108.77838502588848,0.14964678964460632,0.04029757928920546,0,1,0,1,1,1,True,5574,1.75
5584,2025-10-24 11:35:00,11,-1,MARKDOWN,4,B,109.126656,109.21884801187083,108.8961759703229,0.0921920118708357,0.03769602374166706,0,0,1,1,0,1,True,5589,0.6548416259479624
5601,2025-10-24 13:00:00,13,-1,MARKDOWN,5,A,109.126656,109.21697079574794,108.90086901063015,0.09031479574794332,0.033941591495881634,0,1,0,1,1,1,False,-1,
5613,2025-10-24 14:00:00,14,-1,MARKDOWN,5,A,109.126656,109.2128038496182,108.91128637595449,0.08614784961820021,0.025607699236381173,0,1,1,0,1,1,False,-1,
5625,2025-10-24 15:00:00,15,-1,MARKDOWN,5,A,109.102858,109.18706337622923,108.8923445594269,0.08420537622923518,0.03012675245848234,0,1,1,0,1,1,False,-1,
5637,2025-10-24 16:00:00,16,-1,MARKDOWN,5,A,108.975382,109.19701950771812,108.42128823070468,0.2216375077181283,0.06203901543624904,1,0,0,1,1,1,True,5640,-1.0
5649,2025-10-24 17:00:00,17,-1,MARKDOWN,6,A+,108.946336,109.15240280358704,108.43116899103242,0.206066803587035,0.06680560717408882,1,0,1,1,1,1,True,5650,-1.0
5688,2025-10-24 20:15:00,20,1,MARKUP,5,A,108.845394,108.65111981521763,109.33107946195594,0.19427418478237257,0.031760369564757085,0,1,0,1,1,1,False,-1,
5829,2025-10-27 08:00:00,8,1,MARKUP,6,A+,109.317184,109.18387425857787,109.65045835355531,0.13330974142212426,0.028251482844245945,0,1,1,1,1,1,False,-1,
5841,2025-10-27 09:00:00,9,1,MARKUP,6,A+,109.334374,109.1821436254629,109.71494993634275,0.15223037453709765,0.031712749074202025,0,1,1,1,1,1,False,-1,
5853,2025-10-27 10:00:00,10,1,MARKUP,3,C,109.403118,109.28784437169449,109.6913020707638,0.11527362830551624,0.040311256611023,0,0,0,0,1,1,True,5854,0.5
5889,2025-10-27 13:00:00,13,-1,MARKDOWN,6,A+,109.455006,109.57546386431513,109.15386133921217,0.12045786431512795,0.03692772863023797,0,1,1,1,1,1,False,-1,
5901,2025-10-27 14:00:00,14,-1,MARKDOWN,5,A,109.446602,109.57363283555699,109.1290249111075,0.1270308355569938,0.033265671113977636,0,1,1,0,1,1,False,-1,
5913,2025-10-27 15:00:00,15,-1,MARKDOWN,6,A+,109.385716,109.54549194675721,108.98627613310698,0.15977594675720752,0.04298389351440483,0,1,1,1,1,1,True,5932,0.9116167770911501
5927,2025-10-27 16:10:00,16,-1,MARKDOWN,5,A,109.327624,109.45109856346598,109.01893759133506,0.12347456346597596,0.04219712693194204,1,0,1,1,0,1,True,5928,-1.0
5970,2025-10-27 19:45:00,19,-1,MARKDOWN,5,A,109.352962,109.48786238321888,109.01571104195281,0.1349003832188771,0.033724766437765875,0,1,1,0,1,1,True,5976,0.8661180130285884
5982,2025-10-27 20:45:00,20,1,MARKUP,6,A+,109.33813,109.2422111458874,109.57792713528153,0.09591885411261103,0.027577708225223124,1,1,1,0,1,1,True,5983,-1.0
6117,2025-10-28 08:00:00,8,-1,MARKDOWN,5,A,108.940102,109.1718151362177,108.36081915945573,0.2317131362177065,0.0516302724354121,0,1,0,1,1,1,False,-1,
6129,2025-10-28 09:00:00,9,-1,MARKDOWN,5,A,108.828686,109.05504774475313,108.2627816381172,0.22636174475312032,0.05009548950625928,0,1,0,1,1,1,False,-1,
6141,2025-10-28 10:00:00,10,-1,MARKDOWN,3,C,108.812944,109.03333738882297,108.26196052794258,0.22039338882296988,0.052674777645941515,0,0,0,0,1,1,False,-1,
6156,2025-10-28 11:15:00,11,-1,MARKDOWN,5,A,108.80429199999999,109.02294651412727,108.25765571468179,0.2186545141272802,0.05989302825455093,0,1,1,0,1,1,False,-1,
6177,2025-10-28 13:00:00,13,-1,MARKDOWN,6,A+,108.67544600000001,108.83213851754743,108.28371470613143,0.15669251754742675,0.04827703509485168,0,1,1,1,1,1,False,-1,
6189,2025-10-28 14:00:00,14,-1,MARKDOWN,5,A,108.67544600000001,108.82668206871655,108.29735582820865,0.1512360687165426,0.03736413743307677,0,1,0,1,1,1,True,6202,-1.0
6224,2025-10-28 16:55:00,16,1,MARKUP,5,A,108.640148,108.45872963271273,109.09369391821815,0.18141836728726446,0.04654073457453576,0,1,0,1,1,1,False,-1,
6236,2025-10-28 17:55:00,17,1,MARKUP,5,A,108.658102,108.45835992054789,109.15745719863027,0.19974207945210765,0.04728015890421993,0,1,1,0,1,1,False,-1,
6248,2025-10-28 18:55:00,18,1,MARKUP,6,A+,108.769974,108.48974165825221,109.47055485436948,0.28023234174779077,0.05851668349558099,0,1,1,1,1,1,False,-1,
6260,2025-10-28 19:55:00,19,1,MARKUP,5,A,108.86532199999999,108.5839437670632,109.56876758234196,0.2813782329367882,0.050112465873571516,0,1,0,1,1,1,False,-1,
6272,2025-10-28 20:55:00,20,1,MARKUP,5,A,108.900548,108.64670881341142,109.53514596647145,0.2538391865885785,0.038582373177146606,0,1,1,0,1,1,False,-1,
6405,2025-10-29 08:00:00,8,1,MARKUP,3,C,108.882474,108.71040476062102,109.31264709844746,0.17206923937898466,0.0331904787579725,0,1,0,0,0,1,False,-1,
6417,2025-10-29 09:00:00,9,1,MARKUP,4,B,109.03684,108.77714601144004,109.6860749713999,0.2596939885599596,0.04570797711990404,0,1,0,1,0,1,False,-1,
6429,2025-10-29 10:00:00,10,1,MARKUP,4,B,109.149316,108.95946590119169,109.62394124702077,0.18985009880830717,0.04506819761661912,1,0,0,1,0,1,True,6430,0.8953090438156293
6466,2025-10-29 13:05:00,13,1,MARKUP,6,A+,109.225948,109.08476111861938,109.57891520345154,0.1411868813806194,0.042477762761227084,1,0,1,1,1,1,True,6467,-1.0
6481,2025-10-29 14:20:00,14,1,MARKUP,6,A+,109.205726,109.11358490403936,109.4360787399016,0.0921410959606419,0.0368301919213099,0,1,1,1,1,1,True,6484,-1.0
6495,2025-10-29 15:30:00,15,1,MARKUP,6,A+,109.202636,109.10818273013048,109.4387691746738,0.09445326986951841,0.037634539739042364,0,1,1,1,1,1,True,6503,-1.0
6514,2025-10-29 17:05:00,17,1,MARKUP,6,A+,109.142072,108.99918984112284,109.49927739719288,0.14288215887715694,0.059620317754308705,0,1,1,1,1,1,False,-1,
6526,2025-10-29 18:05:00,18,1,MARKUP,5,A,109.176452,109.00225996495259,109.61193208761853,0.17419203504741176,0.05348007009480918,0,1,0,1,1,1,False,-1,
6538,2025-10-29 19:05:00,19,1,MARKUP,5,A,109.220382,108.99915774638092,109.77344263404771,0.22122425361908427,0.059684507238170786,0,1,1,1,0,1,False,-1,
6550,2025-10-29 20:05:00,20,1,MARKUP,5,A,109.22114599999999,109.00607059020372,109.75883452449067,0.21507540979627038,0.04585881959255205,0,1,0,1,1,1,False,-1,
6693,2025-10-30 08:00:00,8,1,MARKUP,5,A,109.463244,109.1682826339235,110.20064741519127,0.2949613660765067,0.09943473215301954,0,1,0,1,1,1,False,-1,
6705,2025-10-30 09:00:00,9,1,MARKUP,6,A+,109.471266,109.1824798747334,110.19323131316649,0.2887861252665971,0.07104025053319654,0,1,1,1,1,1,False,-1,
6717,2025-10-30 10:00:00,10,1,MARKUP,5,A,109.575934,109.17618434002416,110.5753081499396,0.3997496599758392,0.08363131995168299,0,1,0,1,1,1,False,-1,
6729,2025-10-30 11:00:00,11,1,MARKUP,6,A+,109.587394,109.1819543500001,110.60099312499977,0.4054396499999058,0.07209129999982386,0,1,1,1,1,1,False,-1,
6753,2025-10-30 13:00:00,13,1,MARKUP,6,A+,109.91236599999999,109.61011279939984,110.66799900150036,0.3022532006001484,0.05977440120031244,0,1,1,1,1,1,False,-1,
6765,2025-10-30 14:00:00,14,1,MARKUP,6,A+,109.993942,109.74974840738257,110.60442598154359,0.24419359261743523,0.04450318523488026,0,1,1,1,1,1,False,-1,
6777,2025-10-30 15:00:00,15,1,MARKUP,4,B,110.132374,109.97231043135658,110.53253292160855,0.16006356864342308,0.047379137286834454,0,1,0,0,1,1,True,6797,0.9628568436981666
6806,2025-10-30 17:25:00,17,1,MARKUP,6,A+,110.20329799999999,110.08149288970246,110.50781077574382,0.1218051102975295,0.061014220595076746,0,1,1,1,1,1,True,6822,-0.9383678543601233
6818,2025-10-30 18:25:00,18,1,MARKUP,4,B,110.21896,110.0839248749072,110.55654781273199,0.13503512509279858,0.05615025018558714,1,0,0,0,1,1,True,6822,-0.9624162595523654
6830,2025-10-30 19:25:00,19,1,MARKUP,4,B,110.21896,110.08604320630837,110.55125198422905,0.13291679369162068,0.051913587383236155,1,0,0,0,1,1,True,6834,-1.0
6990,2025-10-31 08:45:00,8,-1,MARKDOWN,6,A+,110.07213,110.199040239116,109.75485440221,0.1269102391160004,0.036080478232005726,0,1,1,1,1,1,True,6993,-1.0
7011,2025-10-31 10:30:00,10,1,MARKUP,5,A,110.06969,109.93064656504595,110.41729858738512,0.13904343495404703,0.052706869908101354,0,1,1,0,1,1,False,-1,
7023,2025-10-31 11:30:00,11,1,MARKUP,4,B,110.103026,109.94629708668045,110.4948482832989,0.1567289133195544,0.05140582663909307,0,1,0,1,0,1,True,7031,-1.0
7049,2025-10-31 13:40:00,13,-1,MARKDOWN,6,A+,110.18397399999999,110.33239438301632,109.81292304245918,0.14842038301632954,0.034788766032643255,0,1,1,1,1,1,False,-1,
7061,2025-10-31 14:40:00,14,-1,MARKDOWN,4,B,110.176716,110.33421573344711,109.78296666638222,0.15749973344711066,0.03843146689422803,0,1,0,0,1,1,False,-1,
7073,2025-10-31 15:40:00,15,-1,MARKDOWN,6,A+,110.084272,110.3417431273291,109.44059418167726,0.25747112732909727,0.05348625465820567,0,1,1,1,1,1,False,-1,
7085,2025-10-31 16:40:00,16,-1,MARKDOWN,4,B,110.04163,110.27050782337835,109.46943544155411,0.2288778233783546,0.049015646756728745,0,0,0,1,1,1,False,-1,
7097,2025-10-31 17:40:00,17,-1,MARKDOWN,4,B,109.943986,110.11520363492691,109.5159419126827,0.17121763492691855,0.05440726985385023,1,0,0,0,1,1,True,7098,-0.6366984338180631
7110,2025-10-31 18:45:00,18,-1,MARKDOWN,5,A,109.916794,110.07279375137652,109.52679462155868,0.15599975137652677,0.057587502753055145,0,1,1,0,1,1,True,7112,-1.0
7269,2025-11-03 08:00:00,8,1,MARKUP,5,A,109.940896,109.88182531171981,110.08857272070045,0.0590706882801868,0.020349376560387426,0,1,1,1,0,1,True,7292,-1.0
7281,2025-11-03 09:00:00,9,1,MARKUP,5,A,109.963816,109.88028884892933,110.17263387767667,0.08352715107066899,0.023422302141340126,0,1,0,1,1,1,True,7292,-1.0
7295,2025-11-03 10:10:00,10,1,MARKUP,5,A,109.97822,109.88198617613335,110.2188045596666,0.09623382386664048,0.032027647733281164,1,0,1,0,1,1,True,7296,-1.0
7307,2025-11-03 11:10:00,11,-1,MARKDOWN,5,A,109.998366,110.12461680690154,109.68273898274616,0.12625080690153823,0.03323361380307653,0,1,0,1,1,1,False,-1,
7329,2025-11-03 13:00:00,13,-1,MARKDOWN,6,A+,109.9743,110.12040236859812,109.6090440785047,0.14610236859812176,0.024804737196242925,0,1,1,1,1,1,False,-1,
7341,2025-11-03 14:00:00,14,-1,MARKDOWN,5,A,109.96284,110.11877159719414,109.57301100701466,0.15593159719414018,0.021543194388271836,0,1,0,1,1,1,False,-1,
7361,2025-11-03 15:40:00,15,-1,MARKDOWN,5,A,109.832442,109.90956804505126,109.63962688737186,0.07712604505125853,0.025136090102516988,0,1,1,0,1,1,False,-1,
7373,2025-11-03 16:40:00,16,-1,MARKDOWN,6,A+,109.762084,109.86820403853919,109.49678390365203,0.1061200385391885,0.030408077078379364,0,1,1,1,1,1,False,-1,
7385,2025-11-03 17:40:00,17,-1,MARKDOWN,5,A,109.689122,109.88191442024228,109.20714094939429,0.19279242024228438,0.05782884048457158,0,1,0,1,1,1,True,7400,-0.315769675610153
7397,2025-11-03 18:40:00,18,-1,MARKDOWN,5,A,109.689122,109.87767642410621,109.21773593973447,0.18855442410621492,0.04935284821243243,1,0,0,1,1,1,True,7400,-0.3228669933817577
7557,2025-11-04 08:00:00,8,-1,MARKDOWN,5,A,109.5979,109.83132890742552,109.0143277314362,0.23342890742551958,0.046657814851004495,0,1,0,1,1,1,False,-1,
7569,2025-11-04 09:00:00,9,-1,MARKDOWN,6,A+,109.489812,109.75894074483176,108.8169901379206,0.26912874483176097,0.05388148966351467,0,1,1,1,1,1,False,-1,
7581,2025-11-04 10:00:00,10,-1,MARKDOWN,5,A,109.41062,109.66544836258267,108.77354909354332,0.2548283625826713,0.05889672516533505,0,0,1,1,1,1,False,-1,
7594,2025-11-04 11:05:00,11,-1,MARKDOWN,4,B,109.371686,109.60237532198849,108.79496269502877,0.23068932198849268,0.05875064397699838,0,0,1,0,1,1,False,-1,
7617,2025-11-04 13:00:00,13,-1,MARKDOWN,5,A,109.182042,109.34752665724686,108.76833035688284,0.16548465724686423,0.04905331449373958,1,0,0,1,1,1,False,-1,
7629,2025-11-04 14:00:00,14,-1,MARKDOWN,6,A+,109.182042,109.34519306923542,108.77416432691143,0.16315106923542544,0.04438613847085061,0,1,1,1,1,1,False,-1,
7641,2025-11-04 15:00:00,15,-1,MARKDOWN,5,A,109.182042,109.34377957269643,108.7776980682589,0.1617375726964383,0.041559145392870624,0,1,1,0,1,1,False,-1,
7653,2025-11-04 16:00:00,16,-1,MARKDOWN,4,B,109.13429000000001,109.30992607295393,108.6951998176152,0.17563607295392103,0.04185214590786395,0,1,0,0,1,1,False,-1,
7665,2025-11-04 17:00:00,17,-1,MARKDOWN,3,C,109.05331,109.19192216008163,108.70677959979591,0.13861216008163524,0.0518443201632713,0,0,0,0,1,1,True,7689,0.8402085938231161
7677,2025-11-04 18:00:00,18,-1,MARKDOWN,3,C,109.04033199999999,109.17102229649373,108.71360625876565,0.1306902964937393,0.052044592987465214,0,1,0,0,0,1,True,7685,0.8111787880143344
7692,2025-11-04 19:15:00,19,-1,MARKDOWN,6,A+,109.010668,109.11778716323751,108.74287009190621,0.10711916323751325,0.04157432647501886,0,1,1,1,1,1,True,7699,0.7411897860971118
7710,2025-11-04 20:45:00,20,-1,MARKDOWN,6,A+,108.98842,109.08135284772048,108.75608788069881,0.09293284772047627,0.04070569544094854,0,1,1,1,1,1,True,7717,0.9166077831327372
7855,2025-11-05 08:50:00,8,1,MARKUP,5,A,108.649068,108.44606151594165,109.15658421014587,0.2030064840583492,0.04387696811669905,0,1,0,1,1,1,False,-1,
7870,2025-11-05 10:05:00,10,1,MARKUP,5,A,108.746094,108.59728718608423,109.11811103478942,0.148806813915769,0.05542562783153866,0,1,1,0,1,1,True,7878,1.75
7883,2025-11-05 11:10:00,11,-1,MARKDOWN,6,A+,108.84535399999999,108.96643728907847,108.54264577730378,0.12108328907848431,0.04887457815694827,0,1,1,1,1,1,True,7893,1.065265377469888
7905,2025-11-05 13:00:00,13,-1,MARKDOWN,4,B,108.84535399999999,108.96230665147088,108.55297237132274,0.11695265147089628,0.04061330294177716,0,1,0,1,0,1,False,-1,
7917,2025-11-05 14:00:00,14,-1,MARKDOWN,6,A+,108.819478,108.9394885392625,108.51945165184377,0.12001053926249483,0.03297707852498871,0,1,1,1,1,1,True,7931,-1.0
7936,2025-11-05 15:35:00,15,1,MARKUP,6,A+,108.743274,108.60565569869014,109.08731975327464,0.13761830130985686,0.04068860261971443,0,1,1,1,1,1,False,-1,
7948,2025-11-05 16:35:00,16,1,MARKUP,6,A+,108.766576,108.60494836705298,109.17064508236754,0.16162763294701676,0.04210326589404905,0,1,1,1,1,1,False,-1,
7960,2025-11-05 17:35:00,17,1,MARKUP,5,A,108.850234,108.60067712571492,109.47412618571269,0.24955687428507645,0.05064574857015424,0,1,0,1,1,1,False,-1,
7972,2025-11-05 18:35:00,18,1,MARKUP,6,A+,108.86933400000001,108.6026614800894,109.53601529977655,0.2666725199106139,0.046677039821226,0,1,1,1,1,1,False,-1,
7984,2025-11-05 19:35:00,19,1,MARKUP,4,B,108.95392,108.72000319179494,109.53871202051263,0.233916808205052,0.03999361641009426,0,0,1,1,0,1,False,-1,
7996,2025-11-05 20:35:00,20,1,MARKUP,4,B,109.04970999999999,108.87936229208987,109.4755792697753,0.17034770791012477,0.03127541582024971,0,0,1,1,0,1,False,-1,
8133,2025-11-06 08:00:00,8,-1,MARKDOWN,5,A,109.163678,109.24413851722024,108.96252670694943,0.08046051722023151,0.030277034440483103,0,1,0,1,1,1,True,8137,1.75
8145,2025-11-06 09:00:00,9,1,MARKUP,5,A,109.13629999999999,109.06332965475131,109.31872586312168,0.0729703452486774,0.03134069049734674,0,1,0,1,1,1,True,8152,-1.0
8157,2025-11-06 10:00:00,10,-1,MARKDOWN,5,A,109.13923,109.2510261985744,108.85973950356401,0.11179619857439604,0.04405239714877866,0,1,1,0,1,1,False,-1,
8169,2025-11-06 11:00:00,11,-1,MARKDOWN,5,A,109.117074,109.24905928490753,108.78711078773118,0.13198528490752892,0.04011856981505586,0,1,0,1,1,1,False,-1,
8199,2025-11-06 13:30:00,13,-1,MARKDOWN,4,B,109.113984,109.23769736320607,108.80470059198484,0.12371336320606474,0.02739472641212518,0,1,1,0,0,1,False,-1,
8212,2025-11-06 14:35:00,14,-1,MARKDOWN,6,A+,109.074432,109.17645783674912,108.81936740812719,0.10202583674912091,0.03291567349824576,0,1,1,1,1,1,False,-1,
8224,2025-11-06 15:35:00,15,-1,MARKDOWN,5,A,109.011252,109.11079830335015,108.76238624162463,0.09954630335015224,0.03559660670030598,0,1,1,1,0,1,False,-1,
8236,2025-11-06 16:35:00,16,-1,MARKDOWN,5,A,108.978018,109.1153886841065,108.63459128973375,0.1373706841065001,0.0447773682129927,0,1,0,1,1,1,False,-1,
8248,2025-11-06 17:35:00,17,-1,MARKDOWN,6,A+,108.843172,109.12869249840233,108.12937075399415,0.2855204984023345,0.07138499680464823,0,1,1,1,1,1,False,-1,
8260,2025-11-06 18:35:00,18,-1,MARKDOWN,6,A+,108.766816,109.10946053801803,107.91020465495495,0.3426445380180212,0.06492107603604359,0,1,1,1,1,1,False,-1,
8272,2025-11-06 19:35:00,19,-1,MARKDOWN,5,A,108.71494,109.0631372350647,107.84444691233824,0.3481972350647027,0.06227447012940716,0,1,0,1,1,1,False,-1,
8421,2025-11-07 08:00:00,8,1,MARKUP,6,A+,108.44673399999999,108.29876221416465,108.81666346458834,0.1479717858353382,0.03847557167068893,0,1,1,1,1,1,False,-1,
8433,2025-11-07 09:00:00,9,1,MARKUP,5,A,108.48226,108.30034217842713,108.93705455393217,0.18191782157286696,0.03531564314572398,0,1,0,1,1,1,False,-1,
8445,2025-11-07 10:00:00,10,1,MARKUP,5,A,108.492148,108.31540251788697,108.93401170528259,0.1767454821130343,0.03719496422608233,0,1,0,1,1,1,False,-1,
8457,2025-11-07 11:00:00,11,1,MARKUP,5,A,108.507024,108.32094939620265,108.97221050949338,0.1860746037973513,0.042101207594697675,0,1,0,1,1,1,False,-1,
8502,2025-11-07 14:45:00,14,-1,MARKDOWN,6,A+,108.642682,108.79622914956,108.25881412609996,0.15354714956001203,0.04045829912001482,0,1,1,1,1,1,True,8509,-1.0
8514,2025-11-07 15:45:00,15,1,MARKUP,6,A+,108.676446,108.38824930636878,109.39693773407805,0.288196693631221,0.07750138726246178,0,1,1,1,1,1,False,-1,
8526,2025-11-07 16:45:00,16,1,MARKUP,6,A+,108.717702,108.37868757267161,109.56523806832098,0.3390144273283937,0.09662485465680633,0,1,1,1,1,1,True,8544,1.3838899433494452
8538,2025-11-07 17:45:00,17,1,MARKUP,4,B,108.717702,108.3812294512428,109.558883371893,0.33647254875720023,0.09154109751441475,1,0,0,0,1,1,True,8544,1.3905672812618304
8557,2025-11-07 19:20:00,19,1,MARKUP,6,A+,108.71832,108.39428384471277,109.52841038821808,0.3240361552872315,0.067432310574456,0,1,1,1,1,1,False,-1,
8569,2025-11-07 20:20:00,20,1,MARKUP,6,A+,108.832032,108.58217204807332,109.4566818798167,0.24985995192668042,0.05965590385335691,0,1,1,1,1,1,False,-1,
8708,2025-11-10 08:00:00,8,1,MARKUP,4,B,109.692388,109.58715366517973,109.95547383705066,0.1052343348202669,0.03169266964053519,0,1,0,1,0,1,False,-1,
8720,2025-11-10 09:00:00,9,1,MARKUP,6,A+,109.69547800000001,109.58905161138836,109.96154397152914,0.1064263886116521,0.037896777223302286,0,1,1,1,1,1,False,-1,
8732,2025-11-10 10:00:00,10,1,MARKUP,6,A+,109.76306,109.61710342818569,110.12795142953577,0.14595657181430965,0.03979314362863261,0,1,1,1,1,1,False,-1,
8744,2025-11-10 11:00:00,11,1,MARKUP,6,A+,109.798586,109.61667746677314,110.25335733306716,0.18190853322685996,0.04064506645373427,0,1,1,1,1,1,False,-1,
8768,2025-11-10 13:00:00,13,1,MARKUP,5,A,109.863936,109.71372899533391,110.2394535116652,0.15020700466608616,0.03454200933216165,0,1,1,0,1,1,False,-1,
8794,2025-11-10 15:10:00,15,1,MARKUP,5,A,109.95107399999999,109.85662819074791,110.18718852313019,0.09444580925207902,0.030743618504166653,0,1,1,0,1,1,True,8799,-1.0
8832,2025-11-10 18:20:00,18,-1,MARKDOWN,6,A+,109.915356,110.07244504785167,109.52263338037082,0.15708904785167022,0.052890095703335756,0,1,1,1,1,1,False,-1,
8844,2025-11-10 19:20:00,19,-1,MARKDOWN,5,A,109.907334,110.06911273267424,109.50288716831442,0.16177873267423593,0.04622546534846335,0,1,0,1,1,1,False,-1,
8856,2025-11-10 20:20:00,20,-1,MARKDOWN,2,C,109.898064,110.04839130639762,109.52224573400596,0.15032730639761382,0.03478261279522686,0,0,0,0,0,1,True,8874,-1.0
8996,2025-11-11 08:00:00,8,-1,MARKDOWN,5,A,109.982928,110.11006838323647,109.66507704190883,0.12714038323646548,0.028136766472921893,0,1,1,0,1,1,False,-1,
9008,2025-11-11 09:00:00,9,-1,MARKDOWN,5,A,109.95079199999999,110.0577145098019,109.68348572549523,0.10692250980190465,0.027429019603814733,0,1,0,1,1,1,True,9020,-1.0
9029,2025-11-11 10:45:00,10,1,MARKUP,6,A+,109.884422,109.78431859891609,110.13468050270978,0.10010340108391347,0.03136280216782313,0,1,1,1,1,1,False,-1,
9041,2025-11-11 11:45:00,11,1,MARKUP,6,A+,109.90123,109.78611200982766,110.18902497543084,0.1151179901723367,0.027775980344661968,0,1,1,1,1,1,False,-1,
9084,2025-11-11 15:20:00,15,-1,MARKDOWN,6,A+,109.969118,110.08096691621114,109.68949570947214,0.11184891621114446,0.03193383242229417,0,1,1,1,1,1,True,9103,0.6985142940962805
9096,2025-11-11 16:20:00,16,-1,MARKDOWN,4,B,109.897648,110.04800063280224,109.5217664179944,0.15035263280223887,0.044001265604497124,0,0,0,1,1,1,True,9101,-1.0
9109,2025-11-11 17:25:00,17,-1,MARKDOWN,5,A,109.91618799999999,110.07951819413917,109.50786251465205,0.16333019413917782,0.04703638827835031,1,0,1,1,0,1,True,9110,-0.4641640230673575
9129,2025-11-11 19:05:00,19,1,MARKUP,6,A+,109.829812,109.6703271247957,110.22852418801075,0.15948487520429921,0.03934575040857919,0,1,1,1,1,1,False,-1,
9141,2025-11-11 20:05:00,20,1,MARKUP,5,A,109.829812,109.6738070136232,110.219824465942,0.15600498637680005,0.03238597275358301,0,1,0,1,1,1,False,-1,
9284,2025-11-12 08:00:00,8,1,MARKUP,6,A+,110.198834,110.03011521684445,110.62063095788889,0.16871878315555477,0.041769566311103394,0,1,1,1,1,1,False,-1,
9296,2025-11-12 09:00:00,9,1,MARKUP,6,A+,110.21153,110.03388503305027,110.65564241737431,0.1776449669497282,0.03822993389945786,0,1,1,1,1,1,False,-1,
9308,2025-11-12 10:00:00,10,1,MARKUP,4,B,110.21153,110.03465059477452,110.6537285130637,0.17687940522547763,0.036698810450964285,0,1,0,0,1,1,False,-1,
9320,2025-11-12 11:00:00,11,1,MARKUP,4,B,110.26025,110.09677482273855,110.66893794315362,0.16347517726144645,0.040450354522908065,0,1,0,0,1,1,False,-1,
9344,2025-11-12 13:00:00,13,1,MARKUP,6,A+,110.41377,110.30672932392685,110.68137169018289,0.10704067607315437,0.03454135214629862,0,1,1,1,1,1,False,-1,
9364,2025-11-12 14:40:00,14,1,MARKUP,5,A,110.454558,110.37520814011374,110.65293264971567,0.07934985988626408,0.029583719772526933,0,1,1,0,1,1,False,-1,
9376,2025-11-12 15:40:00,15,1,MARKUP,5,A,110.487468,110.4049840289084,110.69367792772903,0.08248397109160521,0.03203194218321971,0,1,0,1,1,1,True,9381,0.6687543886965386
9388,2025-11-12 16:40:00,16,1,MARKUP,4,B,110.487468,110.40109504369262,110.70340039076848,0.08637295630738606,0.03980991261477973,0,1,0,0,1,1,True,9389,0.5
9403,2025-11-12 17:55:00,17,1,MARKUP,5,A,110.48994,110.40223430675995,110.70920423310014,0.0877056932400535,0.04553138648008797,0,1,1,0,1,1,True,9406,-1.0
9437,2025-11-12 20:45:00,20,1,MARKUP,6,A+,110.455568,110.35244792811312,110.7133681797172,0.10312007188687744,0.03510414377377816,0,1,1,1,1,1,True,9445,0.9070404526406733
9572,2025-11-13 08:00:00,8,1,MARKUP,5,A,110.499242,110.39747518665378,110.75365903336554,0.10176681334621662,0.02704962669244733,0,1,0,1,1,1,False,-1,
9584,2025-11-13 09:00:00,9,1,MARKUP,3,C,110.510366,110.41472084140968,110.74947889647584,0.09564515859032952,0.028558317180654474,0,0,0,0,1,1,True,9602,-1.0
9596,2025-11-13 10:00:00,10,1,MARKUP,5,A,110.510366,110.40986348991926,110.76162227520186,0.1005025100807444,0.03827302016149547,0,1,1,0,1,1,True,9602,-1.0
9613,2025-11-13 11:25:00,11,-1,MARKDOWN,6,A+,110.53886,110.66745510305087,110.21737224237282,0.12859510305086985,0.05091020610174197,0,1,1,1,1,1,True,9631,0.9284991449150878
9632,2025-11-13 13:00:00,13,-1,MARKDOWN,4,B,110.531894,110.65860632987528,110.21511317531177,0.12671232987528924,0.037212659750565175,1,0,0,0,1,1,True,9633,0.9073786011855913
9644,2025-11-13 14:00:00,14,1,MARKUP,5,A,110.465106,110.34090014502456,110.7756206374386,0.12420585497544323,0.03219970995088035,0,1,0,1,1,1,True,9654,-1.0
9656,2025-11-13 15:00:00,15,-1,MARKDOWN,6,A+,110.531894,110.65652971878123,110.2203047030469,0.12463571878123503,0.03305943756246862,0,1,1,1,1,1,False,-1,
9668,2025-11-13 16:00:00,16,-1,MARKDOWN,6,A+,110.50841,110.61992985561227,110.22961036096932,0.11151985561227207,0.03585971122452082,0,1,1,1,1,1,False,-1,
9680,2025-11-13 17:00:00,17,-1,MARKDOWN,6,A+,110.44690800000001,110.6261979751507,109.99868306212326,0.1792899751506951,0.04839595030139811,0,1,1,1,1,1,False,-1,
9692,2025-11-13 18:00:00,18,-1,MARKDOWN,5,A,110.377384,110.6313605224345,109.74244269391376,0.253976522434499,0.05872104486899336,0,1,0,1,1,1,False,-1,
9704,2025-11-13 19:00:00,19,-1,MARKDOWN,4,B,110.36502399999999,110.61427021820516,109.74190845448706,0.24924621820517245,0.06454043641034285,0,0,0,1,1,1,False,-1,
9716,2025-11-13 20:00:00,20,-1,MARKDOWN,6,A+,110.324854,110.54740905785233,109.76846635536917,0.22255505785233254,0.06081811570467646,0,1,1,1,1,1,False,-1,
9860,2025-11-14 08:00:00,8,-1,MARKDOWN,4,B,110.172016,110.27196337052156,109.9221475736961,0.0999473705215621,0.037926741043112354,0,1,0,1,0,1,True,9866,0.6368645280058722
9872,2025-11-14 09:00:00,9,-1,MARKDOWN,5,A,110.172016,110.27267860397413,109.92035949006467,0.10066260397412918,0.03935720794825634,1,0,1,0,1,1,True,9880,0.6358920706579105
9887,2025-11-14 10:15:00,10,-1,MARKDOWN,6,A+,110.165836,110.26313346175968,109.9225923456008,0.09729746175968046,0.040266923519373506,0,1,1,1,1,1,True,9891,1.75
9900,2025-11-14 11:20:00,11,1,MARKUP,6,A+,110.116254,110.01856908704124,110.36046628239689,0.09768491295875492,0.04486182591751845,0,1,1,1,1,1,False,-1,
9920,2025-11-14 13:00:00,13,1,MARKUP,5,A,110.131254,110.04089764691557,110.35714488271108,0.09035635308443091,0.030204706168871547,0,1,1,0,1,1,True,9931,-1.0
9935,2025-11-14 14:15:00,14,-1,MARKDOWN,4,B,110.156736,110.2722496097912,109.86795197552198,0.11551360979120773,0.03849921958240832,0,1,1,0,0,1,False,-1,
9947,2025-11-14 15:15:00,15,-1,MARKDOWN,6,A+,110.020362,110.2886548844747,109.34962978881327,0.2682928844746897,0.07130976894938701,0,1,1,1,1,1,True,9965,-1.0
9959,2025-11-14 16:15:00,16,-1,MARKDOWN,4,B,109.98942,110.29191757486068,109.23317606284829,0.30249757486068063,0.07783514972134473,1,0,0,1,0,1,True,9960,-1.0
9989,2025-11-14 18:45:00,18,1,MARKUP,5,A,109.830782,109.53000807844751,110.58271680388123,0.3007739215524907,0.06598384310499103,0,1,0,1,1,1,False,-1,
10001,2025-11-14 19:45:00,19,1,MARKUP,5,A,109.86287,109.53772851964548,110.6757237008863,0.3251414803545174,0.05054296070903128,0,1,0,1,1,1,False,-1,
10013,2025-11-14 20:45:00,20,1,MARKUP,4,B,109.985852,109.73928257130075,110.60227557174811,0.24656942869924592,0.04543485739849758,0,0,0,1,1,1,False,-1,
10148,2025-11-17 08:00:00,8,1,MARKUP,6,A+,110.200412,110.12313606907038,110.39360182732403,0.07727593092961627,0.027727861859220503,0,1,1,1,1,1,False,-1,
10160,2025-11-17 09:00:00,9,1,MARKUP,6,A+,110.234726,110.14644792383119,110.45542119042202,0.08827807616880534,0.029104152337620065,0,1,1,1,1,1,False,-1,
10172,2025-11-17 10:00:00,10,1,MARKUP,4,B,110.250276,110.15010909490277,110.50069326274306,0.10016690509722537,0.03378181019446032,0,1,0,0,1,1,False,-1,
10184,2025-11-17 11:00:00,11,1,MARKUP,3,C,110.262882,110.14917336703996,110.54715358240011,0.11370863296004075,0.035653265920071245,0,0,0,0,1,1,False,-1,
10208,2025-11-17 13:00:00,13,1,MARKUP,5,A,110.32159200000001,110.24623457530477,110.50998556173812,0.0753574246952411,0.03153084939047157,0,1,1,0,1,1,False,-1,
10220,2025-11-17 14:00:00,14,1,MARKUP,3,C,110.32777200000001,110.25858051046269,110.50075072384331,0.06919148953731735,0.026838979074617634,0,0,0,1,0,1,True,10238,0.5
10232,2025-11-17 15:00:00,15,1,MARKUP,5,A,110.332098,110.26622687213239,110.49677581966903,0.0658711278676094,0.025546255735217537,0,1,1,0,1,1,True,10238,0.5
10247,2025-11-17 16:15:00,16,1,MARKUP,5,A,110.335154,110.26214240580731,110.51768298548174,0.07301159419269254,0.033715188385376044,0,1,1,0,1,1,False,-1,
10259,2025-11-17 17:15:00,17,1,MARKUP,5,A,110.442834,110.26965654085986,110.87577764785038,0.17317745914014893,0.05068691828029329,0,1,0,1,1,1,False,-1,
10271,2025-11-17 18:15:00,18,1,MARKUP,5,A,110.462316,110.26755883781077,110.94920890547309,0.19475716218923367,0.05488232437846157,1,0,0,1,1,1,False,-1,
10283,2025-11-17 19:15:00,19,1,MARKUP,5,A,110.462316,110.27489672916086,110.93086417709786,0.18741927083914334,0.04020654167829241,0,1,0,1,1,1,False,-1,
10295,2025-11-17 20:15:00,20,1,MARKUP,5,A,110.462316,110.2777038841852,110.92384628953701,0.18461211581480086,0.034592231629602545,0,1,1,0,1,1,True,10309,-0.20213191228163369
10436,2025-11-18 08:00:00,8,-1,MARKDOWN,4,B,110.40203199999999,110.58553472296165,109.94327519259583,0.1835027229616628,0.043069445923310266,1,0,0,0,1,1,True,10437,0.567225122308038
10451,2025-11-18 09:15:00,9,-1,MARKDOWN,6,A+,110.364334,110.53460564644176,109.9386548838956,0.17027164644176196,0.06321129288353358,0,1,1,1,1,1,True,10455,-1.0
10475,2025-11-18 11:15:00,11,1,MARKUP,6,A+,110.309226,110.11106046633114,110.80463983417214,0.19816553366885614,0.05787906733772201,0,1,1,1,1,1,False,-1,
10496,2025-11-18 13:00:00,13,1,MARKUP,6,A+,110.416224,110.19331528906197,110.97349577734508,0.22290871093802878,0.03936942187605268,0,1,1,1,1,1,False,-1,
10508,2025-11-18 14:00:00,14,1,MARKUP,3,C,110.436088,110.19394285102993,111.04145087242517,0.24214514897006723,0.03811429794013885,0,0,0,0,1,1,False,-1,
10520,2025-11-18 15:00:00,15,1,MARKUP,4,B,110.51581,110.31978480128384,111.0058729967904,0.19602519871615698,0.044430397432299394,0,0,1,0,1,1,False,-1,
10532,2025-11-18 16:00:00,16,1,MARKUP,4,B,110.59891400000001,110.44873410427635,110.97436373930914,0.1501798957236531,0.050531791447286076,0,1,0,0,1,1,False,-1,
10548,2025-11-18 17:20:00,17,1,MARKUP,6,A+,110.710454,110.56302254557299,111.07903263606752,0.14743145442700722,0.06795490885400811,0,1,1,1,1,1,True,10550,1.75
10560,2025-11-18 18:20:00,18,1,MARKUP,6,A+,110.757306,110.57724452252762,111.20745969368095,0.18006147747237833,0.06751095494476933,0,1,1,1,1,1,False,-1,
10572,2025-11-18 19:20:00,19,1,MARKUP,6,A+,110.827212,110.58190618827778,111.44047652930556,0.24530581172221844,0.05818762344443854,0,1,1,1,1,1,False,-1,
10584,2025-11-18 20:20:00,20,1,MARKUP,5,A,110.934172,110.5835712016082,111.81067399597953,0.3506007983918096,0.05485759678363048,0,1,0,1,1,1,False,-1,
10747,2025-11-19 09:55:00,9,1,MARKUP,6,A+,111.00286,110.89807777640294,111.26481555899264,0.10478222359705569,0.03384444719411575,0,1,1,1,1,1,False,-1,
10759,2025-11-19 10:55:00,10,1,MARKUP,6,A+,111.034758,110.91146047734294,111.34300180664263,0.12329752265705451,0.041079045314110996,0,1,1,1,1,1,False,-1,
10771,2025-11-19 11:55:00,11,1,MARKUP,6,A+,111.118686,110.91276755397966,111.63348211505084,0.20591844602033404,0.05046489204068864,0,1,1,1,1,1,False,-1,
10784,2025-11-19 13:00:00,13,1,MARKUP,6,A+,111.2402,110.98926370597042,111.86754073507396,0.25093629402958584,0.043472588059151746,0,1,1,1,1,1,False,-1,
10796,2025-11-19 14:00:00,14,1,MARKUP,3,C,111.274808,111.04760167640629,111.84282380898426,0.2272063235937054,0.0387966471874225,0,0,0,1,0,1,False,-1,
10808,2025-11-19 15:00:00,15,1,MARKUP,3,C,111.274808,111.04858179890638,111.84037350273402,0.2262262010936098,0.03683640218720714,0,0,0,0,1,1,False,-1,
10820,2025-11-19 16:00:00,16,1,MARKUP,5,A,111.298292,111.0827539489011,111.83713712774727,0.21553805109890334,0.044492102197813764,0,1,1,1,0,1,False,-1,
10832,2025-11-19 17:00:00,17,1,MARKUP,6,A+,111.550698,111.35385997643728,112.0427930589068,0.1968380235627194,0.05828004712544741,0,1,1,1,1,1,True,10842,1.2276031033743369
10846,2025-11-19 18:10:00,18,1,MARKUP,5,A,111.55626,111.36248532764387,112.0406966808903,0.19377467235612755,0.05902934471225008,1,0,0,1,1,1,True,10847,1.2247539376467211
10872,2025-11-19 20:20:00,20,1,MARKUP,5,A,111.55626,111.36819241916271,112.0264289520932,0.18806758083728425,0.047615161674563915,0,1,1,0,1,1,False,-1,
11012,2025-11-20 08:00:00,8,1,MARKUP,6,A+,111.909442,111.76080892436674,112.28102468908314,0.14863307563325634,0.044382151266506575,0,1,1,1,1,1,False,-1,
11024,2025-11-20 09:00:00,9,1,MARKUP,5,A,112.039734,111.89000009749682,112.41406875625793,0.1497339025031721,0.04199980500636782,0,1,0,1,1,1,True,11033,-1.0
11058,2025-11-20 11:50:00,11,-1,MARKDOWN,4,B,112.06846,112.27027597509625,111.56392006225937,0.2018159750962525,0.04455195019250001,0,1,0,1,0,1,False,-1,
11072,2025-11-20 13:00:00,13,1,MARKUP,6,A+,111.95754000000001,111.75981157871185,112.45186105322041,0.19772842128816137,0.03637684257631502,0,1,1,1,1,1,True,11076,0.840937323572545
11084,2025-11-20 14:00:00,14,1,MARKUP,6,A+,111.947608,111.7614042863665,112.41311728408377,0.1862037136335033,0.03319142726702516,0,1,1,1,1,1,True,11102,1.0063404537052594
11096,2025-11-20 15:00:00,15,1,MARKUP,5,A,111.923924,111.76161328493937,112.32970078765157,0.16231071506062733,0.0327734301212615,0,1,0,1,1,1,True,11102,1.153835286248067
11108,2025-11-20 16:00:00,16,1,MARKUP,4,B,111.983338,111.7714610527346,112.51303036816353,0.2118769472654094,0.07307789453083051,0,1,0,1,0,1,True,11132,-1.0
11120,2025-11-20 17:00:00,17,1,MARKUP,5,A,112.045418,111.85817889040737,112.51351577398157,0.1872391095926247,0.06964221918524365,0,1,1,1,0,1,True,11132,-1.0
11143,2025-11-20 18:55:00,18,-1,MARKDOWN,6,A+,112.068912,112.33587874094361,111.40149514764096,0.26696674094361583,0.08775748188722803,0,1,1,1,1,1,False,-1,
11155,2025-11-20 19:55:00,19,-1,MARKDOWN,5,A,112.008174,112.33884949565311,111.18148526086722,0.33067549565311083,0.09369899130621684,0,1,0,1,1,1,False,-1,
11167,2025-11-20 20:55:00,20,-1,MARKDOWN,5,A,112.008174,112.33111051945733,111.20083270135667,0.32293651945732904,0.07822103891465243,0,1,1,1,0,1,False,-1,
11300,2025-11-21 08:00:00,8,-1,MARKDOWN,5,A,111.689344,111.82990710339335,111.33793624151664,0.14056310339334743,0.04581420678670661,0,1,1,1,0,1,False,-1,
11312,2025-11-21 09:00:00,9,-1,MARKDOWN,5,A,111.650366,111.78250639897173,111.32001500257068,0.13214039897172825,0.04501279794344448,0,1,1,1,0,1,False,-1,
11324,2025-11-21 10:00:00,10,-1,MARKDOWN,5,A,111.464476,111.75875634449578,110.72877513876057,0.29428034449577467,0.06751268899155959,0,1,0,1,1,1,False,-1,
11336,2025-11-21 11:00:00,11,-1,MARKDOWN,6,A+,111.434194,111.71301463017929,110.73714242455179,0.2788206301792826,0.07402926035857692,1,0,1,1,1,1,False,-1,
11360,2025-11-21 13:00:00,13,-1,MARKDOWN,4,B,111.379676,111.63394068600213,110.74401428499468,0.2542646860021307,0.06388137200425995,0,0,1,1,0,1,False,-1,
11372,2025-11-21 14:00:00,14,-1,MARKDOWN,5,A,111.346304,111.57701433606206,110.76952815984485,0.23071033606206015,0.05802867212412005,0,1,1,0,1,1,True,11387,1.75
11405,2025-11-21 16:45:00,16,-1,MARKDOWN,5,A,111.24618799999999,111.42022709974394,110.81109025064012,0.1740390997439505,0.06845419948787873,0,1,1,0,1,1,False,-1,
11417,2025-11-21 17:45:00,17,-1,MARKDOWN,4,B,111.085366,111.44497464897614,110.18634437755962,0.35960864897614897,0.11794929795228257,0,1,0,0,1,1,True,11431,-0.24369269273559865
11429,2025-11-21 18:45:00,18,-1,MARKDOWN,5,A,111.085366,111.43757043980855,110.2048549004786,0.35220443980855975,0.10314087961712323,0,0,1,1,1,1,True,11431,-0.24881571637098546
11591,2025-11-24 08:15:00,8,1,MARKUP,5,A,111.104738,111.03089403444275,111.28934791389311,0.07384396555724493,0.026211931114500854,0,1,1,0,1,1,True,11613,0.809080290029611
11603,2025-11-24 09:15:00,9,1,MARKUP,5,A,111.104738,111.03142351458601,111.28802421353497,0.073314485413988,0.025152970827971168,0,1,1,0,1,1,True,11613,0.8113124802348436
11615,2025-11-24 10:15:00,10,1,MARKUP,6,A+,111.12422,111.02512847619424,111.37194880951438,0.09909152380575392,0.03774304761150263,0,1,1,1,1,1,True,11628,-1.0
11627,2025-11-24 11:15:00,11,1,MARKUP,4,B,111.13529799999999,111.0230996934778,111.41579376630546,0.11219830652218832,0.04180061304439284,0,1,0,1,0,1,True,11628,-1.0
11648,2025-11-24 13:00:00,13,-1,MARKDOWN,4,B,111.180624,111.30309421007449,110.87444847481376,0.12247021007449632,0.04018842014899225,0,1,0,1,0,1,True,11658,-1.0
11661,2025-11-24 14:05:00,14,-1,MARKDOWN,4,B,111.180624,111.30020564183128,110.88166989542177,0.11958164183128872,0.03441128366255915,0,0,1,0,1,1,True,11665,-1.0
11673,2025-11-24 15:05:00,15,1,MARKUP,6,A+,111.136858,110.99525331942357,111.49086970144108,0.14160468057643527,0.03949336115287158,0,1,1,1,1,1,False,-1,
11685,2025-11-24 16:05:00,16,1,MARKUP,6,A+,111.136858,110.99522602872975,111.49093792817564,0.1416319712702574,0.03954794254051273,0,1,1,1,1,1,True,11706,0.7494211868127901
11697,2025-11-24 17:05:00,17,1,MARKUP,5,A,111.196564,111.01677555495057,111.64603511262357,0.17978844504942515,0.05244889009887954,0,1,0,1,1,1,True,11706,0.25828133719736174
11740,2025-11-24 20:40:00,20,-1,MARKDOWN,4,B,111.302514,111.4601111224553,110.90852119386176,0.1575971224553001,0.03022224491061479,0,1,1,0,0,1,False,-1,
11877,2025-11-25 08:05:00,8,-1,MARKDOWN,6,A+,111.057632,111.11939902792868,110.9032144301783,0.06176702792868127,0.028798055857336927,0,1,1,1,1,1,False,-1,
11889,2025-11-25 09:05:00,9,-1,MARKDOWN,6,A+,111.039678,111.12073270356032,110.83704124109917,0.0810547035603264,0.03146540712063702,0,1,1,1,1,1,False,-1,
11901,2025-11-25 10:05:00,10,-1,MARKDOWN,5,A,111.016758,111.1255653840123,110.74473953996923,0.10880738401230872,0.04113076802460503,0,1,1,1,0,1,False,-1,
11913,2025-11-25 11:05:00,11,-1,MARKDOWN,5,A,110.958694,111.13085987205865,110.52827931985335,0.17216587205865608,0.05171974411727857,0,1,1,0,1,1,False,-1,
11936,2025-11-25 13:00:00,13,-1,MARKDOWN,3,C,110.890324,111.07033965209743,110.44028486975645,0.1800156520974241,0.04067930419486477,0,0,0,0,1,1,False,-1,
11959,2025-11-25 14:55:00,14,-1,MARKDOWN,5,A,110.853244,111.01233911863136,110.4555062034216,0.15909511863135606,0.04467823726273505,0,1,1,0,1,1,False,-1,
11971,2025-11-25 15:55:00,15,-1,MARKDOWN,5,A,110.77005199999999,110.91929828025707,110.39693629935731,0.1492462802570742,0.05859656051413585,0,1,0,1,1,1,True,11979,1.1526662779371901
11983,2025-11-25 16:55:00,16,-1,MARKDOWN,5,A,110.71619,110.92801425032279,110.18662937419302,0.21182425032279184,0.07602850064557912,0,1,0,1,1,1,True,11995,0.7082107637927985
11997,2025-11-25 18:05:00,18,-1,MARKDOWN,6,A+,110.71619,110.9292104707005,110.18363882324874,0.21302047070049923,0.07842094140097913,1,0,1,1,1,1,True,12000,0.7070415524128408
12009,2025-11-25 19:05:00,19,-1,MARKDOWN,6,A+,110.71619,110.92226606278939,110.20099984302652,0.20607606278939272,0.06453212557878024,0,1,1,1,1,1,False,-1,
12031,2025-11-25 20:55:00,20,-1,MARKDOWN,6,A+,110.644502,110.7947004352731,110.26900591181726,0.15019843527309718,0.041400870546200126,1,1,1,1,0,1,True,12032,-1.0
12164,2025-11-26 08:00:00,8,1,MARKUP,6,A+,110.736676,110.55649169406259,111.18713676484354,0.1801843059374164,0.04101661187483,0,1,1,1,1,1,False,-1,
12176,2025-11-26 09:00:00,9,1,MARKUP,5,A,110.76074200000001,110.55684552300698,111.27048319248257,0.20389647699302316,0.04030895398603088,0,1,0,1,1,1,False,-1,
12188,2025-11-26 10:00:00,10,1,MARKUP,6,A+,110.850808,110.61980061022221,111.42832647444448,0.2310073897777869,0.046398779555581145,0,1,1,1,1,1,False,-1,
12200,2025-11-26 11:00:00,11,1,MARKUP,5,A,110.95216,110.78346271868494,111.37390320328765,0.1686972813150618,0.04707456263010687,0,1,0,1,1,1,False,-1,
12224,2025-11-26 13:00:00,13,1,MARKUP,4,B,111.02261200000001,110.90124681447482,111.32602496381298,0.12136518552519249,0.03950637105038302,0,0,1,0,1,1,True,12232,0.7456628456961891
12238,2025-11-26 14:10:00,14,1,MARKUP,6,A+,111.08317600000001,110.99696341232917,111.29870746917712,0.08621258767084328,0.04407317534168905,1,1,1,1,0,1,True,12239,0.8617339602734805
12254,2025-11-26 15:30:00,15,1,MARKUP,5,A,111.069356,110.98425876525101,111.28209908687246,0.08509723474898578,0.049482469497987076,0,1,1,0,1,1,False,-1,
12266,2025-11-26 16:30:00,16,1,MARKUP,6,A+,111.088456,110.9865160138424,111.34330596539397,0.10193998615758915,0.04496797231518764,0,1,1,1,1,1,False,-1,
12278,2025-11-26 17:30:00,17,1,MARKUP,6,A+,111.112904,110.98226350119631,111.43950524700921,0.130640498803686,0.05347299760736143,0,1,1,1,1,1,False,-1,
12290,2025-11-26 18:30:00,18,1,MARKUP,4,B,111.140408,110.98195238265383,111.5365470433654,0.15845561734616354,0.05409523469234477,0,1,0,0,1,1,False,-1,
12302,2025-11-26 19:30:00,19,1,MARKUP,5,A,111.147284,110.98816730257842,111.54507574355395,0.15911669742158097,0.04166539484317518,0,1,1,1,0,1,False,-1,
12314,2025-11-26 20:30:00,20,1,MARKUP,6,A+,111.213284,111.0568881120493,111.60427371987677,0.15639588795070836,0.03622377590141413,0,1,1,1,1,1,False,-1,
12452,2025-11-27 08:00:00,8,-1,MARKDOWN,5,A,111.197222,111.3636269661858,110.78120958453547,0.1664049661858087,0.04325393237162651,1,1,0,0,1,1,True,12454,-1.0
12471,2025-11-27 09:35:00,9,1,MARKUP,5,A,111.181286,111.05945131053176,111.48587272367061,0.12183468946824405,0.03509737893647111,0,1,0,1,1,1,False,-1,
12483,2025-11-27 10:35:00,10,1,MARKUP,4,B,111.188926,111.05662928429443,111.5196677892639,0.13229671570556434,0.040741431411140804,0,1,0,0,1,1,False,-1,
12495,2025-11-27 11:35:00,11,1,MARKUP,4,B,111.209172,111.05788175743014,111.58739760642464,0.15129024256985701,0.03823648513972332,0,1,0,1,0,1,False,-1,
12529,2025-11-27 14:25:00,14,1,MARKUP,6,A+,111.311142,111.23070679768338,111.51223000579157,0.08043520231662171,0.022586404633247868,0,1,1,1,1,1,True,12539,0.9970416245160565
12553,2025-11-27 16:25:00,16,1,MARKUP,5,A,111.317042,111.2541810030986,111.47419449225352,0.06286099690140645,0.025637993802790943,0,1,1,0,1,1,False,-1,
12565,2025-11-27 17:25:00,17,1,MARKUP,5,A,111.328884,111.25505516034097,111.51345609914758,0.0738288396590292,0.023889679318047388,0,1,0,1,1,1,False,-1,
12577,2025-11-27 18:25:00,18,1,MARKUP,3,C,111.33012000000001,111.25625370577535,111.51478573556165,0.07386629422465774,0.025492588449320668,0,1,0,0,0,1,False,-1,
12589,2025-11-27 19:25:00,19,1,MARKUP,5,A,111.33776,111.25833625125132,111.53631937187171,0.07942374874868108,0.021327497497368987,0,1,0,1,1,1,False,-1,
12601,2025-11-27 20:25:00,20,1,MARKUP,5,A,111.348456,111.26007609313326,111.56940576716684,0.08837990686673436,0.0178478137334939,0,1,0,1,1,1,False,-1,
12763,2025-11-28 09:55:00,9,-1,MARKDOWN,5,A,111.375926,111.48221694293791,111.11019864265525,0.10629094293790331,0.05443388587583482,0,1,1,0,1,1,True,12764,0.8188308893501873
12777,2025-11-28 11:05:00,11,-1,MARKDOWN,5,A,111.375926,111.487200737005,111.09773915748752,0.11127473700499024,0.06440147401000328,0,1,1,0,1,1,True,12778,0.8045510308889064
12800,2025-11-28 13:00:00,13,-1,MARKDOWN,5,A,111.365994,111.4840479606038,111.0708590984905,0.11805396060380247,0.05809592120761799,0,1,1,0,1,1,True,12822,-1.0
12812,2025-11-28 14:00:00,14,-1,MARKDOWN,3,C,111.358196,111.46970457952573,111.07942455118571,0.11150857952571869,0.05340915905146871,0,0,1,0,0,1,True,12821,-1.0
12832,2025-11-28 15:40:00,15,1,MARKUP,3,C,111.36234,111.18825851458959,111.79754371352604,0.17408148541041157,0.06548297082083687,0,1,0,0,0,1,False,-1,
12844,2025-11-28 16:40:00,16,1,MARKUP,6,A+,111.454402,111.18493023310535,112.12808141723664,0.2694717668946538,0.07213953378930026,0,1,1,1,1,1,False,-1,
12856,2025-11-28 17:40:00,17,1,MARKUP,5,A,111.50520800000001,111.19175200867808,112.28884797830483,0.3134559913219306,0.05849598264385332,0,1,0,1,1,1,False,-1,
12868,2025-11-28 18:40:00,18,1,MARKUP,4,B,111.535084,111.21054982542513,112.34641943643716,0.32453417457486466,0.06690034914972559,0,0,0,1,1,1,False,-1,
13039,2025-12-01 08:55:00,8,-1,MARKDOWN,4,B,111.295108,111.43230836615385,110.95210708461538,0.13720036615384856,0.04061673230767165,0,0,1,0,1,1,False,-1,
13051,2025-12-01 09:55:00,9,-1,MARKDOWN,6,A+,111.23487,111.33990835736364,110.9722741065909,0.10503835736363953,0.04581671472728153,0,1,1,1,1,1,False,-1,
13063,2025-12-01 10:55:00,10,-1,MARKDOWN,4,B,111.21844399999999,111.34251215927874,110.90827360180312,0.12406815927874959,0.051024318557499664,1,0,0,0,1,1,False,-1,
13075,2025-12-01 11:55:00,11,-1,MARKDOWN,4,B,111.206602,111.34071515763982,110.87131910590045,0.1341131576398169,0.04743031527965292,0,1,1,0,0,1,False,-1,
13088,2025-12-01 13:00:00,13,-1,MARKDOWN,3,C,111.182536,111.33712028289035,110.7960752927741,0.15458428289035453,0.040240565780713146,0,1,0,0,0,1,False,-1,
13100,2025-12-01 14:00:00,14,-1,MARKDOWN,5,A,111.151434,111.28975153250214,110.80564016874465,0.13831753250214263,0.03750306500426883,0,1,0,1,1,1,False,-1,
13112,2025-12-01 15:00:00,15,-1,MARKDOWN,6,A+,111.087368,111.25220739613226,110.67526950966933,0.1648393961322654,0.04241479226452735,0,1,1,1,1,1,False,-1,
13124,2025-12-01 16:00:00,16,-1,MARKDOWN,3,C,111.04448000000001,111.20702014472822,110.63812963817948,0.16254014472821154,0.05004028945644679,0,0,0,0,1,1,True,13134,0.17521825175942926
13178,2025-12-01 20:30:00,20,1,MARKUP,4,B,110.948824,110.80751728424148,111.30209078939629,0.1413067157585175,0.028965431517049986,0,1,0,0,1,1,False,-1,
13316,2025-12-02 08:00:00,8,1,MARKUP,5,A,111.16613199999999,111.1064851702805,111.31524907429873,0.05964682971949742,0.02302965943901315,0,1,0,1,1,1,False,-1,
13328,2025-12-02 09:00:00,9,1,MARKUP,6,A+,111.189816,111.10504914816735,111.4017331295816,0.0847668518326401,0.02590170366528608,0,1,1,1,1,1,False,-1,
13340,2025-12-02 10:00:00,10,1,MARKUP,5,A,111.21277,111.10691635003828,111.47740412490433,0.10585364996173041,0.032167299923449084,0,1,1,0,1,1,False,-1,
13352,2025-12-02 11:00:00,11,1,MARKUP,5,A,111.26015,111.11822963332408,111.61495091668979,0.14192036667591879,0.03554073335184088,0,1,0,1,1,1,False,-1,
13376,2025-12-02 13:00:00,13,1,MARKUP,3,C,111.305882,111.19569338624004,111.5813535343999,0.11018861375995925,0.0286132275199005,0,0,0,0,1,1,True,13381,1.0124037784748567
13398,2025-12-02 14:50:00,14,1,MARKUP,6,A+,111.327512,111.23062169786789,111.56973775533027,0.0968903021321097,0.028756604264237276,0,1,1,1,1,1,False,-1,
13410,2025-12-02 15:50:00,15,1,MARKUP,6,A+,111.351074,111.25688261182994,111.58655247042515,0.09419138817006001,0.030234776340128274,0,1,1,1,1,1,False,-1,
13422,2025-12-02 16:50:00,16,1,MARKUP,6,A+,111.375522,111.25358843836945,111.6803559040764,0.12193356163055569,0.036823123261115295,0,1,1,1,1,1,True,13440,1.0897810848549399
13434,2025-12-02 17:50:00,17,1,MARKUP,4,B,111.44275400000001,111.24589060644291,111.93491248389275,0.19686339355709492,0.052218787114183735,0,0,0,1,1,1,True,13438,0.1688785273852811
13448,2025-12-02 19:00:00,19,1,MARKUP,5,A,111.446462,111.25243066213379,111.9315403446655,0.19403133786620685,0.051138675732438736,0,0,1,1,1,1,False,-1,
13465,2025-12-02 20:25:00,20,1,MARKUP,5,A,111.46870999999999,111.29602289926379,111.90042775184048,0.17268710073619786,0.03595420147241439,0,1,1,1,0,1,False,-1,
13604,2025-12-03 08:00:00,8,-1,MARKDOWN,5,A,111.487936,111.55732168586034,111.31447178534916,0.06938568586033966,0.02264337172066687,0,1,0,1,1,1,False,-1,
13616,2025-12-03 09:00:00,9,-1,MARKDOWN,6,A+,111.461196,111.55959771317573,111.21519171706066,0.09840171317573265,0.027195426351447068,0,1,1,1,1,1,True,13627,-1.0
13642,2025-12-03 11:10:00,11,1,MARKUP,5,A,111.410714,111.307553981789,111.6686140455275,0.10316001821099974,0.03289203642200389,0,1,0,1,1,1,False,-1,
13664,2025-12-03 13:00:00,13,1,MARKUP,4,B,111.42714,111.3065974540373,111.72849636490673,0.12054254596269232,0.03480509192538128,0,0,0,1,1,1,False,-1,
13690,2025-12-03 15:10:00,15,-1,MARKDOWN,6,A+,111.519128,111.61057276490688,111.29051608773278,0.09144476490688191,0.033145529813773285,0,1,1,1,1,1,False,-1,
13702,2025-12-03 16:10:00,16,-1,MARKDOWN,5,A,111.47367,111.62084671111008,111.1057282222248,0.14717671111007746,0.05369342222016829,0,1,0,1,1,1,True,13706,0.90445989178356
13714,2025-12-03 17:10:00,17,-1,MARKDOWN,6,A+,111.44845799999999,111.63132361700751,110.99129395748119,0.18286561700752202,0.07464723401502839,0,1,1,1,1,1,False,-1,
13726,2025-12-03 18:10:00,18,-1,MARKDOWN,5,A,111.408468,111.56651000171559,111.01336299571103,0.1580420017155859,0.0670200034311585,0,1,1,1,0,1,False,-1,
13738,2025-12-03 19:10:00,19,-1,MARKDOWN,5,A,111.37509800000001,111.53984782360446,110.96322344098888,0.16474982360445267,0.05369564720890765,0,1,1,1,0,1,False,-1,
13750,2025-12-03 20:10:00,20,-1,MARKDOWN,4,B,111.37509800000001,111.53319617859471,110.97985255351327,0.15809817859469888,0.04039235718939337,0,0,1,0,1,1,False,-1,
13904,2025-12-04 09:00:00,9,-1,MARKDOWN,4,B,111.310758,111.41931754082232,111.03935914794423,0.10855954082231278,0.04063508164462396,0,1,0,1,0,1,False,-1,
13916,2025-12-04 10:00:00,10,-1,MARKDOWN,5,A,111.277524,111.42239267496574,110.91535231258567,0.14486867496573552,0.04678534993146497,0,1,1,0,1,1,False,-1,
13928,2025-12-04 11:00:00,11,-1,MARKDOWN,5,A,111.197304,111.42724865022616,110.6224423744346,0.22994465022615884,0.05649730045233432,0,1,0,1,1,1,False,-1,
13952,2025-12-04 13:00:00,13,-1,MARKDOWN,6,A+,111.104472,111.31836507741906,110.56973930645236,0.21389307741905839,0.042730154838113155,0,1,1,1,1,1,False,-1,
13964,2025-12-04 14:00:00,14,-1,MARKDOWN,5,A,111.01806,111.29663368287633,110.32162579280919,0.27857368287632767,0.04526736575267452,0,1,0,1,1,1,False,-1,
13976,2025-12-04 15:00:00,15,-1,MARKDOWN,3,C,110.91547200000001,111.13104294854598,110.37654462863507,0.2155709485459738,0.04608589709196147,0,0,0,0,1,1,True,13982,-1.0
14022,2025-12-04 18:50:00,18,1,MARKUP,6,A+,110.80722399999999,110.58080493774142,111.37327165564642,0.22641906225857156,0.0463901245171638,0,1,1,1,1,1,False,-1,
14034,2025-12-04 19:50:00,19,1,MARKUP,5,A,110.869574,110.67719067638947,111.35053230902632,0.19238332361052812,0.03561864722105295,0,1,1,1,0,1,False,-1,
14046,2025-12-04 20:50:00,20,1,MARKUP,2,C,110.912216,110.74948356168429,111.31904709578929,0.1627324383157145,0.029032876631426893,0,0,0,0,0,1,False,-1,
14180,2025-12-05 08:00:00,8,-1,MARKDOWN,5,A,111.028694,111.19635353912635,110.60954515218413,0.16765953912634757,0.04270707825271389,0,1,0,1,1,1,False,-1,
14192,2025-12-05 09:00:00,9,-1,MARKDOWN,5,A,111.013796,111.19838348631129,110.55232728422178,0.18458748631128685,0.046766972622586424,0,1,0,1,1,1,True,14206,-1.0
14204,2025-12-05 10:00:00,10,-1,MARKDOWN,4,B,111.00080799999999,111.20087999308807,110.50062801727981,0.20007199308807344,0.05175998617614295,0,0,0,1,1,1,True,14206,-1.0
14240,2025-12-05 13:00:00,13,1,MARKUP,6,A+,110.934448,110.70094836297045,111.51819709257389,0.2334996370295528,0.036103274059087975,0,1,1,1,1,1,False,-1,
14252,2025-12-05 14:00:00,14,1,MARKUP,4,B,110.94056,110.70305106912423,111.53433232718945,0.2375089308757765,0.031897861751518736,0,1,0,1,0,1,False,-1,
14264,2025-12-05 15:00:00,15,1,MARKUP,6,A+,111.102382,110.89312179469165,111.62553251327088,0.20926020530835387,0.035756410616696835,0,1,1,1,1,1,False,-1,
14276,2025-12-05 16:00:00,16,1,MARKUP,6,A+,111.34441,111.02668921827414,112.13871195431463,0.3177207817258534,0.05862156345170524,0,1,1,1,1,1,False,-1,
14288,2025-12-05 17:00:00,17,1,MARKUP,6,A+,111.41215,111.06756689718136,112.27360775704658,0.3445831028186319,0.058866205637248585,0,1,1,1,1,1,False,-1,
14300,2025-12-05 18:00:00,18,1,MARKUP,4,B,111.55956400000001,111.18394033831044,112.49862315422394,0.3756236616895734,0.062119323379124534,0,1,0,1,0,1,False,-1,
14312,2025-12-05 19:00:00,19,1,MARKUP,5,A,111.58555199999999,111.20131695998252,112.54613960004367,0.38423504001747233,0.05336608003493759,0,1,1,1,0,1,False,-1,
14324,2025-12-05 20:00:00,20,1,MARKUP,5,A,111.67510200000001,111.28542714412715,112.64928913968214,0.38967485587285466,0.04514571174569237,0,1,0,1,1,1,False,-1,
14468,2025-12-08 08:00:00,8,1,MARKUP,4,B,112.170634,112.04699398077113,112.47973404807219,0.12364001922887269,0.028012038457743263,0,1,0,1,0,1,False,-1,
14480,2025-12-08 09:00:00,9,1,MARKUP,6,A+,112.189656,112.05639681375953,112.52280396560116,0.1332591862404655,0.03120637248094834,0,1,1,1,1,1,False,-1,
14492,2025-12-08 10:00:00,10,1,MARKUP,6,A+,112.246904,112.12542451303453,112.55060271741368,0.12147948696546962,0.03515097393095105,0,1,1,1,1,1,False,-1,
14504,2025-12-08 11:00:00,11,1,MARKUP,6,A+,112.28911599999999,112.14120404414145,112.65889588964636,0.14791195585854666,0.03759191171709519,0,1,1,1,1,1,False,-1,
14528,2025-12-08 13:00:00,13,1,MARKUP,5,A,112.374174,112.25972736385252,112.66029059036869,0.11444663614747697,0.032545272294950425,0,1,1,1,0,1,False,-1,
14540,2025-12-08 14:00:00,14,1,MARKUP,6,A+,112.42625,112.26595292776854,112.82699268057864,0.16029707223145806,0.03409414446293628,0,1,1,1,1,1,False,-1,
14552,2025-12-08 15:00:00,15,1,MARKUP,6,A+,112.519508,112.34941598818534,112.94473802953665,0.17009201181465983,0.03916802362930614,0,1,1,1,1,1,False,-1,
14564,2025-12-08 16:00:00,16,1,MARKUP,3,C,112.564622,112.42388798670098,112.91645703324755,0.14073401329902424,0.03622402659804353,0,0,0,0,1,1,True,14588,-1.0
14576,2025-12-08 17:00:00,17,1,MARKUP,4,B,112.584722,112.4182442004506,113.0009164988735,0.1664777995493978,0.049511599098795586,0,1,0,0,1,1,True,14587,-1.0
14622,2025-12-08 20:50:00,20,-1,MARKDOWN,6,A+,112.664256,112.8317328007127,112.24556399821823,0.16747680071270565,0.03546560142542711,0,1,1,1,1,1,False,-1,
14756,2025-12-09 08:00:00,8,1,MARKUP,6,A+,112.56393800000001,112.44643992449983,112.85768318875046,0.11749807550017977,0.03712015100035018,0,1,1,1,1,1,False,-1,
14768,2025-12-09 09:00:00,9,1,MARKUP,5,A,112.565792,112.44851099806414,112.85899450483967,0.11728100193586499,0.03897800387173093,0,1,1,0,1,1,False,-1,
14780,2025-12-09 10:00:00,10,1,MARKUP,6,A+,112.617926,112.4846239880803,112.95118102979924,0.13330201191969593,0.042752023839406676,0,1,1,1,1,1,False,-1,
14792,2025-12-09 11:00:00,11,1,MARKUP,4,B,112.668486,112.50640313983354,113.07369315041616,0.16208286016646412,0.03919372033291309,0,1,0,0,1,1,False,-1,
14817,2025-12-09 13:05:00,13,1,MARKUP,6,A+,112.698768,112.5544124775851,113.05965680603725,0.14435552241489802,0.04117504482979026,0,1,1,1,1,1,False,-1,
14829,2025-12-09 14:05:00,14,1,MARKUP,5,A,112.732758,112.61288709132447,113.03243527168885,0.11987090867553718,0.03422581735104879,0,1,1,1,0,1,False,-1,
14841,2025-12-09 15:05:00,15,1,MARKUP,6,A+,112.783354,112.67261277595944,113.06020706010142,0.11074122404056652,0.03277444808111149,0,1,1,1,1,1,False,-1,
14853,2025-12-09 16:05:00,16,1,MARKUP,6,A+,112.831104,112.66912338916443,113.23605552708892,0.16198061083557036,0.039753221671145665,0,1,1,1,1,1,False,-1,
14865,2025-12-09 17:05:00,17,1,MARKUP,6,A+,112.92957200000001,112.69222788682205,113.5229322829449,0.23734411317795434,0.057544226355900056,0,1,1,1,1,1,False,-1,
14877,2025-12-09 18:05:00,18,1,MARKUP,6,A+,113.014648,112.73236369574205,113.72035876064484,0.28228430425794215,0.05727260851587443,0,1,1,1,1,1,False,-1,
14889,2025-12-09 19:05:00,19,1,MARKUP,6,A+,113.084874,112.83197198005105,113.71712904987237,0.252902019948948,0.042056039897884624,0,1,1,1,1,1,False,-1,
15068,2025-12-10 10:00:00,10,-1,MARKDOWN,6,A+,113.11641999999999,113.20398605471682,112.89750486320791,0.08756605471683088,0.0299721094336624,0,1,1,1,1,1,True,15071,-1.0
15089,2025-12-10 11:45:00,11,1,MARKUP,5,A,113.092636,113.00217010071974,113.31880074820066,0.09046589928026094,0.029659798560513578,0,1,1,0,1,1,False,-1,
15104,2025-12-10 13:00:00,13,1,MARKUP,4,B,113.101422,113.00083026052742,113.35290134868144,0.10059173947257705,0.03233947894513717,1,0,0,1,0,1,False,-1,
15116,2025-12-10 14:00:00,14,1,MARKUP,5,A,113.101422,113.00307729348773,113.34728376628067,0.09834470651226468,0.02784541302452158,0,1,0,1,1,1,True,15134,-1.0
15128,2025-12-10 15:00:00,15,1,MARKUP,5,A,113.11274800000001,113.0165962477702,113.35312738057455,0.0961517522298152,0.028807504459621127,0,1,0,1,1,1,True,15134,-1.0
15141,2025-12-10 16:05:00,16,-1,MARKDOWN,6,A+,113.16554400000001,113.2631747058947,112.9214672352633,0.09763070589468725,0.036349411789383466,0,1,1,1,1,1,False,-1,
15153,2025-12-10 17:05:00,17,-1,MARKDOWN,6,A+,113.09258200000001,113.27038485215189,112.6480748696203,0.17780285215188485,0.05076970430377476,0,1,1,1,1,1,False,-1,
15165,2025-12-10 18:05:00,18,-1,MARKDOWN,5,A,113.08456000000001,113.2719049250769,112.61619768730779,0.18734492507688572,0.053809850153793984,0,1,1,1,0,1,False,-1,
15179,2025-12-10 19:15:00,19,-1,MARKDOWN,3,C,113.08456000000001,113.26683135635184,112.62888160912043,0.18227135635183345,0.04366271270366823,0,0,1,0,0,1,True,15191,0.9376680957360968
15362,2025-12-11 10:30:00,10,-1,MARKDOWN,6,A+,112.887862,113.04791635567838,112.48772611080403,0.16005435567838333,0.045832711356739074,0,1,1,1,1,1,True,15367,0.890224735730111
15392,2025-12-11 13:00:00,13,1,MARKUP,6,A+,112.885332,112.77985444657861,113.14902588355349,0.10547755342139453,0.038291106842783175,0,1,1,1,1,1,True,15395,-1.0
15404,2025-12-11 14:00:00,14,1,MARKUP,5,A,112.86852400000001,112.78076622769544,113.08791843076143,0.08775777230457038,0.0364675446091444,0,1,0,1,1,1,True,15406,-1.0
15416,2025-12-11 15:00:00,15,-1,MARKDOWN,5,A,112.872512,113.00512894982566,112.54096962543585,0.1326169498256604,0.0482578996513328,0,1,0,1,1,1,False,-1,
15428,2025-12-11 16:00:00,16,-1,MARKDOWN,5,A,112.834312,113.0087751406119,112.39815414847024,0.1744631406119055,0.05555028122381681,0,1,1,1,0,1,False,-1,
15440,2025-12-11 17:00:00,17,-1,MARKDOWN,5,A,112.792606,113.00171572318413,112.26983169203969,0.20910972318412746,0.06143144636827274,0,1,0,1,1,1,True,15451,-1.0
15452,2025-12-11 18:00:00,18,-1,MARKDOWN,5,A,112.792606,113.00194839486457,112.2692500128386,0.20934239486456363,0.06189678972914047,1,0,0,1,1,1,False,-1,
15620,2025-12-12 08:00:00,8,1,MARKUP,6,A+,113.021424,112.95987692683134,113.17529168292162,0.061547073168654265,0.022246146337335085,0,1,1,1,1,1,True,15632,1.75
15636,2025-12-12 09:20:00,9,1,MARKUP,6,A+,113.041434,112.95334790142458,113.26164924643854,0.08808609857541683,0.03330419715082883,1,0,1,1,1,1,True,15637,1.75
15648,2025-12-12 10:20:00,10,1,MARKUP,5,A,113.065118,112.94784964469304,113.3582888882674,0.11726835530696178,0.04430071061392563,0,1,0,1,1,1,False,-1,
15660,2025-12-12 11:20:00,11,1,MARKUP,5,A,113.091094,112.94790665141568,113.4490623714608,0.1431873485843198,0.04418669716862852,0,1,1,1,0,1,False,-1,
15680,2025-12-12 13:00:00,13,1,MARKUP,5,A,113.114014,112.95382719326116,113.51448101684709,0.16018680673883523,0.03234561347768186,0,1,1,0,1,1,False,-1,
15692,2025-12-12 14:00:00,14,1,MARKUP,4,B,113.11898,112.9545654379931,113.53001640501724,0.16441456200689686,0.030869124013802235,0,1,0,0,1,1,False,-1,
15704,2025-12-12 15:00:00,15,1,MARKUP,5,A,113.223566,113.08487729174331,113.57028777064174,0.13868870825669433,0.03824541651336962,0,1,0,1,1,1,False,-1,
15716,2025-12-12 16:00:00,16,1,MARKUP,5,A,113.294444,113.18130840276537,113.57728299308658,0.11313559723463129,0.041383194469274305,0,1,1,1,0,1,True,15725,-1.0
15744,2025-12-12 18:20:00,18,-1,MARKDOWN,5,A,113.230024,113.48340317376872,112.5965760655782,0.253379173768721,0.072806347537423,0,1,0,1,1,1,False,-1,
15756,2025-12-12 19:20:00,19,-1,MARKDOWN,5,A,113.230024,113.47929256715935,112.60685258210162,0.24926856715934775,0.06458513431867782,0,0,1,1,1,1,False,-1,
15908,2025-12-15 08:00:00,8,-1,MARKDOWN,6,A+,112.994564,113.24070724776914,112.37920588057715,0.24614324776914032,0.03541449553826657,0,1,1,1,1,1,False,-1,
15920,2025-12-15 09:00:00,9,-1,MARKDOWN,4,B,112.895214,113.11852913767869,112.33692615580325,0.22331513767869637,0.047058275357394236,0,0,0,1,1,1,False,-1,
15934,2025-12-15 10:10:00,10,-1,MARKDOWN,5,A,112.78582800000001,112.94289106856563,112.39317032858597,0.1570630685656198,0.04978213713124022,0,0,1,1,1,1,True,15937,0.9406148318227888
15946,2025-12-15 11:10:00,11,-1,MARKDOWN,6,A+,112.744422,112.87613620299756,112.41513649250611,0.1317142029975571,0.05027240599510859,0,1,1,1,1,1,False,-1,
15968,2025-12-15 13:00:00,13,-1,MARKDOWN,4,B,112.744422,112.86786588820763,112.43581227948093,0.12344388820763186,0.03373177641526321,0,1,1,0,0,1,True,15991,0.731522988107188
15980,2025-12-15 14:00:00,14,-1,MARKDOWN,5,A,112.71691799999999,112.8694501197445,112.33558770063873,0.15253211974450664,0.036900239489001826,0,1,0,1,1,1,True,15991,0.8303951421029439
16010,2025-12-15 16:30:00,16,-1,MARKDOWN,6,A+,112.684782,112.82237541908117,112.34079845229707,0.1375934190811705,0.04675083816232242,0,1,1,1,1,1,True,16027,-1.0
16022,2025-12-15 17:30:00,17,-1,MARKDOWN,5,A,112.682872,112.8320331792181,112.30996905195477,0.14916117921809757,0.06606635843619695,0,1,0,1,1,1,True,16025,-1.0
16041,2025-12-15 19:05:00,19,1,MARKUP,5,A,112.623284,112.45989760957569,113.03174997606077,0.16338639042430714,0.050204780848604705,0,1,1,1,0,1,False,-1,
16053,2025-12-15 20:05:00,20,1,MARKUP,2,C,112.623284,112.46409830305161,113.02124824237096,0.15918569694838425,0.041803393896775794,0,0,0,0,0,1,False,-1,
16230,2025-12-16 10:50:00,10,-1,MARKDOWN,4,B,112.494544,112.59763927190032,112.23680582024922,0.10309527190031531,0.047278543800635,0,1,1,0,0,1,False,-1,
16242,2025-12-16 11:50:00,11,-1,MARKDOWN,4,B,112.494544,112.59428422163991,112.24519344590024,0.09974022163990526,0.040568443279832174,0,1,1,0,0,1,False,-1,
16256,2025-12-16 13:00:00,13,-1,MARKDOWN,6,A+,112.49759999999999,112.59076815164458,112.26467962088851,0.09316815164459058,0.033536303289163336,0,1,1,1,1,1,False,-1,
16268,2025-12-16 14:00:00,14,-1,MARKDOWN,4,B,112.497218,112.58811166142787,112.26998384643034,0.09089366142787014,0.02822332285575346,0,1,0,0,1,1,True,16286,0.5
16280,2025-12-16 15:00:00,15,-1,MARKDOWN,5,A,112.472724,112.57114692851275,112.22666667871813,0.09842292851274692,0.030293857025487387,0,1,0,1,1,1,True,16285,-1.0
16295,2025-12-16 16:15:00,16,1,MARKUP,6,A+,112.483114,112.28460166780265,112.97939483049339,0.1985123321973532,0.07079666439469814,0,1,1,1,1,1,True,16304,0.15558731116659116
16307,2025-12-16 17:15:00,17,1,MARKUP,5,A,112.485024,112.28117215756711,112.99465360608221,0.2038518424328828,0.07765568486575306,1,0,0,1,1,1,True,16308,0.2157253006652592
16319,2025-12-16 18:15:00,18,1,MARKUP,4,B,112.468338,112.25357296997379,113.00525057506553,0.21476503002621428,0.07885406005243742,0,1,0,1,0,1,False,-1,
16331,2025-12-16 19:15:00,19,1,MARKUP,5,A,112.468338,112.26101133394805,112.98665466512989,0.20732666605195504,0.06397733210391662,0,1,1,1,0,1,False,-1,
16346,2025-12-16 20:30:00,20,1,MARKUP,3,C,112.468338,112.26864464405459,112.96757138986354,0.1996933559454135,0.04871071189083976,0,0,1,0,0,1,True,16365,0.3638678896250123
16484,2025-12-17 08:00:00,8,1,MARKUP,6,A+,112.427104,112.26849656876301,112.82362257809247,0.1586074312369874,0.03300686247395616,0,1,1,1,1,1,False,-1,
16496,2025-12-17 09:00:00,9,1,MARKUP,4,B,112.588666,112.4297255385243,112.98601715368928,0.15894046147570862,0.040548922951406996,0,1,0,0,1,1,False,-1,
16508,2025-12-17 10:00:00,10,1,MARKUP,5,A,112.639508,112.46797307577711,113.06834531055725,0.17153492422289673,0.04205384844577701,0,1,0,1,1,1,False,-1,
16520,2025-12-17 11:00:00,11,1,MARKUP,6,A+,112.67881200000001,112.51761701991668,113.08179945020831,0.161194980083323,0.04276596016662717,0,1,1,1,1,1,False,-1,
16573,2025-12-17 15:25:00,15,1,MARKUP,5,A,112.830434,112.73884269599972,113.05941226000068,0.09159130400027493,0.04031460800055774,0,1,1,0,1,1,True,16576,0.811084845884452
16585,2025-12-17 16:25:00,16,1,MARKUP,5,A,112.835782,112.7354178653908,113.08669233652299,0.10036413460919391,0.0471642692184013,0,1,0,1,1,1,True,16602,1.2413107548009217
16597,2025-12-17 17:25:00,17,1,MARKUP,6,A+,112.841512,112.73423344303542,113.10970839241142,0.10727855696457311,0.04953311392916429,0,1,1,1,1,1,True,16599,1.1668248940532122
16638,2025-12-17 20:50:00,20,1,MARKUP,5,A,112.836568,112.73317404879364,113.09505287801589,0.10339395120635686,0.035651902412730384,0,1,1,0,1,1,False,-1,
16772,2025-12-18 08:00:00,8,1,MARKUP,5,A,112.950734,112.80848820183009,113.30634849542477,0.14224579816990968,0.027023596339828947,0,1,0,1,1,1,False,-1,
16784,2025-12-18 09:00:00,9,1,MARKUP,5,A,113.06372400000001,112.94137093999245,113.3696066500189,0.12235306000755486,0.02925812001510984,0,1,0,1,1,1,False,-1,
16796,2025-12-18 10:00:00,10,1,MARKUP,3,C,113.084308,112.95374279716258,113.41072100709354,0.1305652028374169,0.03651440567484628,0,0,0,1,0,1,True,16801,-1.0
16810,2025-12-18 11:10:00,11,1,MARKUP,3,C,113.084308,112.9524857755547,113.4138635611132,0.1318222244452869,0.0390284488905797,0,0,1,0,0,1,True,16834,-1.0
16851,2025-12-18 14:35:00,14,-1,MARKDOWN,4,B,113.14534400000001,113.28036259644551,112.80779750888624,0.13501859644550507,0.03472519289102703,0,1,0,0,1,1,False,-1,
16863,2025-12-18 15:35:00,15,-1,MARKDOWN,4,B,113.066458,113.23748998392433,112.63887804018916,0.17103198392433683,0.05097996784864786,0,0,1,0,1,1,False,-1,
16875,2025-12-18 16:35:00,16,-1,MARKDOWN,5,A,113.04621200000001,113.23987594591256,112.56205213521864,0.19366394591254732,0.055751891825107515,0,1,0,1,1,1,False,-1,
17060,2025-12-19 08:00:00,8,1,MARKUP,6,A+,113.048216,112.87910764568414,113.47098688578963,0.1691083543158527,0.04178470863171943,0,1,1,1,1,1,True,17066,1.1184396725147767
17072,2025-12-19 09:00:00,9,1,MARKUP,5,A,113.099022,112.86076646284909,113.69466084287731,0.23825553715091985,0.07846707430183938,0,0,1,1,1,1,False,-1,
17084,2025-12-19 10:00:00,10,1,MARKUP,6,A+,113.22852,112.85693531883044,114.15748170292392,0.37158468116956556,0.08612936233912802,0,1,1,1,1,1,False,-1,
17096,2025-12-19 11:00:00,11,1,MARKUP,5,A,113.32591400000001,112.97793233231052,114.19586816922376,0.34798166768949557,0.06413533537897761,0,1,0,1,1,1,False,-1,
17120,2025-12-19 13:00:00,13,1,MARKUP,5,A,113.425616,112.98270037817055,114.53290505457365,0.44291562182945654,0.05459924365890171,0,1,0,1,1,1,False,-1,
17132,2025-12-19 14:00:00,14,1,MARKUP,6,A+,113.53562,113.16492064357278,114.46236839106803,0.37069935642720964,0.04615871285443979,0,1,1,1,1,1,False,-1,
17144,2025-12-19 15:00:00,15,1,MARKUP,3,C,113.82608,113.63683926559659,114.29918183600853,0.1892407344034126,0.04232146880682291,0,0,0,0,1,1,False,-1,
17156,2025-12-19 16:00:00,16,1,MARKUP,6,A+,113.93154200000001,113.76352175220407,114.35159261948985,0.16802024779593694,0.04495649559186663,0,1,1,1,1,1,False,-1,
17168,2025-12-19 17:00:00,17,1,MARKUP,6,A+,114.109156,113.86104122025931,114.72944294935172,0.24811477974068907,0.069917559481391,0,1,1,1,1,1,False,-1,
17180,2025-12-19 18:00:00,18,1,MARKUP,5,A,114.136966,113.91063710022098,114.70278824944755,0.22632889977901982,0.06072579955803382,0,1,0,1,1,1,False,-1,
17192,2025-12-19 19:00:00,19,1,MARKUP,4,B,114.136966,113.91712332032739,114.68657269918153,0.21984267967260962,0.047753359345221555,0,0,1,1,0,1,False,-1,
17204,2025-12-19 20:00:00,20,1,MARKUP,3,C,114.136966,113.9164190180688,114.68833345482801,0.22054698193120714,0.04916196386240742,0,0,0,0,1,1,False,-1,
17351,2025-12-22 08:15:00,8,-1,MARKDOWN,6,A+,114.080892,114.17158881389828,113.85414996525432,0.09069681389827622,0.033177627796575515,0,1,1,1,1,1,True,17353,-1.0
17372,2025-12-22 10:00:00,10,1,MARKUP,6,A+,114.11644199999999,113.96752781015718,114.48872747460703,0.14891418984281302,0.044944379685637,0,1,1,1,1,1,False,-1,
17384,2025-12-22 11:00:00,11,1,MARKUP,5,A,114.137576,113.97365515949502,114.54737810126242,0.16392084050497147,0.046689681009961105,0,1,0,1,1,1,False,-1,
17408,2025-12-22 13:00:00,13,1,MARKUP,4,B,114.157116,114.01252961402268,114.51858196494331,0.14458638597731976,0.030940771954641066,0,0,0,1,1,1,False,-1,
17420,2025-12-22 14:00:00,14,1,MARKUP,3,C,114.20099400000001,114.08448932596136,114.49225568509664,0.1165046740386515,0.029021348077287075,0,1,0,0,0,1,True,17434,-1.0
17460,2025-12-22 17:20:00,17,1,MARKUP,6,A+,114.11559799999999,113.93453602563832,114.56825293590416,0.18106197436166838,0.06492794872335486,0,1,1,1,1,1,True,17483,0.8385487395438543
17472,2025-12-22 18:20:00,18,1,MARKUP,6,A+,114.11559799999999,113.93817589321092,114.55915326697266,0.17742210678906645,0.05764821357815796,0,1,1,1,1,1,True,17483,0.8454941681666581
17484,2025-12-22 19:20:00,19,-1,MARKDOWN,5,A,114.203694,114.37216475535202,113.78251711161995,0.1684707553520184,0.044329510704035985,0,1,1,0,1,1,True,17492,0.5321693443195692
17636,2025-12-23 08:00:00,8,-1,MARKDOWN,5,A,113.78302199999999,113.98649278060222,113.27434504849441,0.20347078060223112,0.040985561204462895,0,1,0,1,1,1,False,-1,
17648,2025-12-23 09:00:00,9,-1,MARKDOWN,4,B,113.744088,113.92224716959811,113.29869007600475,0.17815916959810352,0.038494339196206206,0,0,0,1,1,1,False,-1,
17672,2025-12-23 11:00:00,11,-1,MARKDOWN,6,A+,113.621724,113.73188388144312,113.3463242963922,0.11015988144312416,0.053767762886239176,0,1,1,1,1,1,True,17674,-1.0
17711,2025-12-23 14:15:00,14,1,MARKUP,4,B,113.64197,113.49533610218569,114.00855474453579,0.14663389781431135,0.037327795628600335,0,0,1,0,1,1,False,-1,
17723,2025-12-23 15:15:00,15,1,MARKUP,6,A+,113.67749599999999,113.49433898660443,114.13538853348888,0.183157013395558,0.03932202679111719,0,1,1,1,1,1,False,-1,
17735,2025-12-23 16:15:00,16,1,MARKUP,5,A,113.85385199999999,113.60100883729831,114.48595990675419,0.25284316270168006,0.057982325403364725,0,1,0,1,1,1,False,-1,
17747,2025-12-23 17:15:00,17,1,MARKUP,6,A+,113.91627,113.70275342060629,114.45006144848428,0.21351657939371194,0.05649315878742404,1,0,1,1,1,1,True,17749,1.0101927999107156
17759,2025-12-23 18:15:00,18,1,MARKUP,3,C,113.918742,113.70635695642461,114.44970460893845,0.2123850435753809,0.057286087150783566,0,0,0,1,0,1,False,-1,
17771,2025-12-23 19:15:00,19,1,MARKUP,6,A+,113.936046,113.74078877620913,114.42418905947719,0.1952572237908754,0.04442244758176436,0,1,1,1,1,1,False,-1,
17783,2025-12-23 20:15:00,20,1,MARKUP,6,A+,114.006498,113.85910857421565,114.37497156446085,0.14738942578433978,0.035782851568678435,1,1,1,0,1,1,False,-1,
17924,2025-12-24 08:00:00,8,-1,MARKDOWN,6,A+,113.92494,114.06794128334,113.56743679165001,0.1430012833399985,0.033882566679996784,0,1,1,1,1,1,False,-1,
17936,2025-12-24 09:00:00,9,-1,MARKDOWN,3,C,113.91258,114.0500414604219,113.56892634894528,0.13746146042188911,0.03808292084378294,0,0,0,1,0,1,True,17949,-1.0
17954,2025-12-24 10:30:00,10,-1,MARKDOWN,4,B,113.932826,114.05208679675799,113.63467400810504,0.11926079675798462,0.04217359351596329,0,0,1,0,1,1,True,17965,-1.0
17984,2025-12-24 13:00:00,13,1,MARKUP,3,C,113.872938,113.75652713055746,114.16396517360637,0.11641086944254653,0.034945738885082754,0,1,0,0,0,1,False,-1,
17996,2025-12-24 14:00:00,14,1,MARKUP,4,B,113.88841000000001,113.77541714275524,114.17089214311191,0.11299285724476249,0.031165714489494352,0,1,0,0,1,1,False,-1,
18008,2025-12-24 15:00:00,15,1,MARKUP,5,A,113.90464600000001,113.79106467105171,114.18859932237076,0.11358132894829964,0.033870657896583556,0,0,1,1,1,1,True,18030,1.019455925033144
18020,2025-12-24 16:00:00,16,1,MARKUP,6,A+,113.90961200000001,113.79021113331586,114.20811416671037,0.11940086668414551,0.03557773336827623,0,1,1,1,1,1,True,18030,0.9733424125374411
18057,2025-12-24 19:05:00,19,1,MARKUP,5,A,113.93214,113.80821816155269,114.24194459611829,0.12392183844731619,0.04156367689462156,0,1,1,0,1,1,False,-1,
18069,2025-12-24 20:05:00,20,1,MARKUP,5,A,113.93214,113.81002708915285,114.23742227711787,0.12211291084715015,0.03794582169427957,0,1,0,1,1,1,True,18087,1.75
18214,2025-12-26 08:15:00,8,1,MARKUP,6,A+,114.150578,114.02360420532958,114.46801248667605,0.1269737946704197,0.04079158934083963,0,1,1,1,1,1,False,-1,
18226,2025-12-26 09:15:00,9,1,MARKUP,6,A+,114.162802,114.02627313252432,114.50412416868919,0.1365288674756755,0.03545373495134519,0,1,1,1,1,1,False,-1,
18238,2025-12-26 10:15:00,10,1,MARKUP,5,A,114.181902,114.02293115860112,114.57932910349717,0.15897084139886886,0.042137682797744075,0,1,0,1,1,1,False,-1,
18250,2025-12-26 11:15:00,11,1,MARKUP,4,B,114.20106,114.0555978305598,114.56471542360049,0.14546216944019363,0.03880433888040346,0,1,0,0,1,1,False,-1,
18283,2025-12-26 14:00:00,14,1,MARKUP,6,A+,114.32775,114.26633366708516,114.48129083228707,0.06141633291483117,0.027332665829679557,0,1,1,1,1,1,True,18289,1.75
18295,2025-12-26 15:00:00,15,1,MARKUP,6,A+,114.32401999999999,114.2697587815278,114.45967304618047,0.054261218472191786,0.024482436944394517,0,1,1,1,1,1,True,18296,1.75
18307,2025-12-26 16:00:00,16,1,MARKUP,5,A,114.36782600000001,114.25659550496752,114.64590223758123,0.11123049503248694,0.03680899006497571,0,1,0,1,1,1,False,-1,
18319,2025-12-26 17:00:00,17,1,MARKUP,5,A,114.41252,114.25521402861875,114.80578492845312,0.15730597138124836,0.03957194276251566,0,1,0,1,1,1,False,-1,
18331,2025-12-26 18:00:00,18,1,MARKUP,4,B,114.413284,114.25229741245498,114.81575046886257,0.16098658754502537,0.04540517509006592,0,1,0,0,1,1,False,-1,
18343,2025-12-26 19:00:00,19,1,MARKUP,4,B,114.413284,114.25569503383207,114.80725641541984,0.1575889661679355,0.03860993233588551,0,1,0,0,1,1,False,-1,
18498,2025-12-29 08:00:00,8,-1,MARKDOWN,6,A+,114.464972,114.57860748620793,114.18088328448019,0.11363548620792585,0.03321497241585365,0,1,1,1,1,1,False,-1,
18510,2025-12-29 09:00:00,9,-1,MARKDOWN,6,A+,114.416076,114.57956242412664,114.00735993968343,0.1634864241266314,0.03512484825326617,0,1,1,1,1,1,False,-1,
18522,2025-12-29 10:00:00,10,-1,MARKDOWN,6,A+,114.36214600000001,114.57143321602089,113.8389279599478,0.20928721602088274,0.03886643204176934,0,1,1,1,1,1,False,-1,
18534,2025-12-29 11:00:00,11,-1,MARKDOWN,4,B,114.357562,114.57462211282339,113.81491171794153,0.21706011282338977,0.04524422564676535,0,0,0,1,1,1,False,-1,
18562,2025-12-29 13:20:00,13,-1,MARKDOWN,6,A+,114.205534,114.32362536055639,113.91030559860903,0.11809136055639158,0.035250721112776724,1,1,1,0,1,1,True,18566,0.9267298110336901
18574,2025-12-29 14:20:00,14,-1,MARKDOWN,7,A+,114.198118,114.30988280272884,113.9187059931779,0.11176480272884248,0.03176560545768254,1,1,1,1,1,1,True,18578,0.9177084630856638
18594,2025-12-29 16:00:00,16,-1,MARKDOWN,6,A+,114.21225199999999,114.31534536124876,113.95451859687807,0.10309336124876722,0.04269072249752308,0,1,1,1,1,1,True,18600,0.9400949484204708
18606,2025-12-29 17:00:00,17,-1,MARKDOWN,6,A+,114.19159,114.3169007232822,113.87831319179452,0.1253107232821975,0.05580144656440503,1,0,1,1,1,1,True,18612,0.747024516160512
18618,2025-12-29 18:00:00,18,-1,MARKDOWN,6,A+,114.18586,114.321144021368,113.84764994658002,0.135284021367994,0.06428804273598517,0,1,1,1,1,1,True,18622,1.0949485559003127
18630,2025-12-29 19:00:00,19,-1,MARKDOWN,6,A+,114.18586,114.31368463526383,113.86629841184046,0.1278246352638206,0.049369270527656446,0,1,1,1,1,1,False,-1,
18642,2025-12-29 20:00:00,20,-1,MARKDOWN,6,A+,114.18586,114.30715638632141,113.8826190341965,0.12129638632140427,0.03631277264282184,0,1,1,1,1,1,True,18656,1.1635567273703036
18786,2025-12-30 08:00:00,8,-1,MARKDOWN,6,A+,114.162904,114.26563231132664,113.90608322168339,0.1027283113266435,0.03126462265328308,0,1,1,1,1,1,False,-1,
18798,2025-12-30 09:00:00,9,-1,MARKDOWN,5,A,114.152208,114.26945667745748,113.85908630635629,0.11724867745748213,0.03891335491496586,0,1,1,0,1,1,False,-1,
18810,2025-12-30 10:00:00,10,-1,MARKDOWN,6,A+,114.121288,114.26346656004775,113.76584159988066,0.1421785600477392,0.04293312009547811,0,1,1,1,1,1,False,-1,
18822,2025-12-30 11:00:00,11,-1,MARKDOWN,4,B,114.08412,114.23732279238087,113.70111301904782,0.15320279238086698,0.04664558476173769,0,0,0,1,1,1,False,-1,
18846,2025-12-30 13:00:00,13,-1,MARKDOWN,5,A,114.01300599999999,114.13305432336197,113.71288519159503,0.1200483233619849,0.036108646723971016,0,1,0,1,1,1,False,-1,
18858,2025-12-30 14:00:00,14,-1,MARKDOWN,6,A+,113.986568,114.10751790142649,113.6841932464338,0.12094990142648498,0.03103580285297714,0,1,1,1,1,1,True,18872,-1.0
18870,2025-12-30 15:00:00,15,-1,MARKDOWN,4,B,113.96123,114.06673397026228,113.69747007434431,0.10550397026227643,0.031467940524553734,0,0,0,1,1,1,True,18872,-1.0
18893,2025-12-30 16:55:00,16,1,MARKUP,5,A,113.942442,113.7945247079982,114.31223523000449,0.14791729200179304,0.042950584003582835,0,1,0,1,1,1,False,-1,
18905,2025-12-30 17:55:00,17,1,MARKUP,5,A,114.006236,113.79193094760517,114.54199863098708,0.21430505239483466,0.04813810478966537,0,1,0,1,1,1,False,-1,
18917,2025-12-30 18:55:00,18,1,MARKUP,6,A+,114.011,113.79976026152526,114.53909934618682,0.2112397384747311,0.04047947694944322,0,1,1,1,1,1,False,-1,
18929,2025-12-30 19:55:00,19,1,MARKUP,4,B,114.031876,113.816513047042,114.570283382395,0.215362952958003,0.03497390591603065,0,0,0,1,1,1,False,-1,
18941,2025-12-30 20:55:00,20,1,MARKUP,4,B,114.12643,113.97305979602902,114.50985550992745,0.15337020397097945,0.027880407941961883,0,0,0,1,1,1,False,-1,
19074,2025-12-31 08:00:00,8,1,MARKUP,5,A,114.260614,114.18256401109251,114.45573897226873,0.0780499889074946,0.020871977814964054,0,1,1,1,0,1,True,19089,0.9878386115450231
19086,2025-12-31 09:00:00,9,1,MARKUP,2,C,114.26494000000001,114.19047678066806,114.45109804832987,0.0744632193319461,0.019046438663874985,0,0,0,0,0,1,True,19089,0.9822890890553577
19119,2025-12-31 11:45:00,11,1,MARKUP,5,A,114.260614,114.17937209185561,114.46371877036098,0.08124190814439203,0.02725581628878378,0,1,1,1,0,1,True,19132,1.75
19134,2025-12-31 13:00:00,13,1,MARKUP,5,A,114.266344,114.17856893237042,114.48578166907396,0.08777506762957898,0.028862135259153696,0,0,1,1,1,1,False,-1,
19146,2025-12-31 14:00:00,14,1,MARKUP,5,A,114.266344,114.1802074516538,114.4816853708655,0.08613654834620377,0.02558509669239936,0,0,1,1,1,1,False,-1,
19158,2025-12-31 15:00:00,15,1,MARKUP,4,B,114.286208,114.17837503183524,114.5557904204119,0.1078329681647574,0.029249936329507772,0,1,1,0,0,1,False,-1,
19170,2025-12-31 16:00:00,16,1,MARKUP,5,A,114.36112800000001,114.22520637985878,114.70093205035309,0.13592162014123232,0.039587240282456714,0,1,0,1,1,1,True,19188,-1.0
19182,2025-12-31 17:00:00,17,1,MARKUP,5,A,114.386194,114.22371856585264,114.79238258536841,0.16247543414736754,0.04456286829471557,0,1,0,1,1,1,True,19188,-1.0
19217,2025-12-31 19:55:00,19,-1,MARKDOWN,5,A,114.47548,114.63104565190862,114.08656587022847,0.15556565190861704,0.03609130381725293,0,1,0,1,1,1,False,-1,
19229,2025-12-31 20:55:00,20,-1,MARKDOWN,4,B,114.47548,114.62747141934689,114.0955014516328,0.15199141934688498,0.028942838693772347,0,0,0,1,1,1,False,-1,
19360,2026-01-02 08:00:00,8,1,MARKUP,6,A+,114.267062,114.1646460604127,114.52310184896825,0.10241593958730277,0.020707879174621375,0,1,1,1,1,1,False,-1,
19372,2026-01-02 09:00:00,9,1,MARKUP,5,A,114.339286,114.22223786630703,114.63190633423244,0.1170481336929754,0.02552426738594866,0,1,0,1,1,1,False,-1,
19384,2026-01-02 10:00:00,10,1,MARKUP,5,A,114.381748,114.28301046826049,114.62859182934879,0.09873753173951627,0.03397906347903546,0,1,1,0,1,1,True,19396,-1.0
19421,2026-01-02 13:05:00,13,-1,MARKDOWN,5,A,114.44831,114.57550489499835,114.13032276250416,0.1271948949983397,0.029009789996691706,0,1,0,1,1,1,False,-1,
19433,2026-01-02 14:05:00,14,-1,MARKDOWN,5,A,114.44831,114.57395798627383,114.13419003431545,0.1256479862738189,0.02591597254762768,0,1,1,0,1,1,False,-1,
19445,2026-01-02 15:05:00,15,-1,MARKDOWN,6,A+,114.435704,114.57575604313762,114.08557389215596,0.1400520431376151,0.029512086275211867,0,1,1,1,1,1,False,-1,
19457,2026-01-02 16:05:00,16,-1,MARKDOWN,6,A+,114.301938,114.41151097464412,114.02800556338974,0.10957297464410942,0.03502194928822149,0,1,1,1,1,1,False,-1,
19469,2026-01-02 17:05:00,17,-1,MARKDOWN,6,A+,114.224626,114.38429871813108,113.82544420467231,0.15967271813107686,0.046597436262134515,0,1,1,1,1,1,False,-1,
19481,2026-01-02 18:05:00,18,-1,MARKDOWN,6,A+,114.224626,114.38516014443334,113.82329063891665,0.1605341444333419,0.048320288866683436,0,1,1,1,1,1,False,-1,
19493,2026-01-02 19:05:00,19,-1,MARKDOWN,3,C,114.224626,114.38211862013284,113.8308944496679,0.15749262013284238,0.04223724026568423,0,1,0,0,0,1,False,-1,
19648,2026-01-05 08:00:00,8,-1,MARKDOWN,4,B,114.262758,114.36515093166322,114.00677567084196,0.10239293166321772,0.028301863326444354,0,0,0,1,1,1,False,-1,
19660,2026-01-05 09:00:00,9,-1,MARKDOWN,6,A+,114.21804,114.34130551992504,113.9098762001874,0.12326551992504164,0.032611039850074006,0,1,1,1,1,1,False,-1,
19672,2026-01-05 10:00:00,10,-1,MARKDOWN,6,A+,114.164548,114.3299526961609,113.75103625959773,0.16540469616090547,0.03590539232180702,0,1,1,1,1,1,False,-1,
19684,2026-01-05 11:00:00,11,-1,MARKDOWN,5,A,114.057258,114.26506324878802,113.53774487802995,0.20780524878801998,0.048126497576053105,0,1,0,1,1,1,False,-1,
19708,2026-01-05 13:00:00,13,-1,MARKDOWN,6,A+,114.00431400000001,114.20548897957735,113.50137655105664,0.20117497957734543,0.04097795915469921,0,1,1,1,1,1,False,-1,
19720,2026-01-05 14:00:00,14,-1,MARKDOWN,6,A+,113.931952,114.09191178693719,113.53205253265702,0.15995978693719337,0.04182357387438623,0,1,1,1,1,1,False,-1,
19732,2026-01-05 15:00:00,15,-1,MARKDOWN,4,B,113.857446,114.01317024487699,113.46813538780751,0.15572424487699266,0.04634048975398008,0,1,0,0,1,1,False,-1,
19744,2026-01-05 16:00:00,16,-1,MARKDOWN,5,A,113.803592,113.95985541658862,113.41293345852841,0.1562634165886294,0.04971083317725179,0,1,1,1,0,1,True,19759,-1.0
19756,2026-01-05 17:00:00,17,-1,MARKDOWN,2,C,113.796794,113.9518319473385,113.40919913165376,0.1550379473384993,0.05566389467699172,0,0,0,0,0,1,True,19758,-1.0
19776,2026-01-05 18:40:00,18,-1,MARKDOWN,6,A+,113.834492,114.0136134151847,113.38668846203825,0.17912141518469582,0.057226830369392155,0,1,1,1,1,1,False,-1,
19788,2026-01-05 19:40:00,19,-1,MARKDOWN,5,A,113.827998,114.00673481841518,113.38115595396202,0.17873681841518874,0.04346963683037678,0,1,0,1,1,1,False,-1,
19800,2026-01-05 20:40:00,20,-1,MARKDOWN,5,A,113.81309999999999,114.00324693978868,113.33773265052827,0.1901469397886899,0.036493879577372754,0,1,1,0,1,1,False,-1,
19954,2026-01-06 09:30:00,9,-1,MARKDOWN,5,A,113.629364,113.72366631157385,113.39360822106536,0.09430231157385549,0.03733262314771496,0,1,1,0,1,1,True,19960,0.6435409085923932
19966,2026-01-06 10:30:00,10,-1,MARKDOWN,5,A,113.629364,113.72572697688548,113.38845655778627,0.09636297688548723,0.04145395377098004,0,1,0,1,1,1,True,19967,0.7372924561494765
19981,2026-01-06 11:45:00,11,-1,MARKDOWN,5,A,113.623252,113.72628859771862,113.36566050570343,0.10303659771862783,0.04257719543725207,0,0,1,1,1,1,True,19987,0.7831396349512874
20009,2026-01-06 14:05:00,14,-1,MARKDOWN,6,A+,113.612746,113.70499601359208,113.38212096601981,0.09225001359207852,0.033992027184147254,0,1,1,1,1,1,True,20020,0.6684004466627284
20021,2026-01-06 15:05:00,15,-1,MARKDOWN,6,A+,113.612746,113.70942551913495,113.37104720216263,0.09667951913495187,0.04285103826988994,0,1,1,1,1,1,True,20035,1.337585128625147
20033,2026-01-06 16:05:00,16,-1,MARKDOWN,4,B,113.612746,113.71063802521057,113.36801593697358,0.0978920252105695,0.04527605042113786,0,0,0,1,1,1,True,20035,1.3272106670168555
20047,2026-01-06 17:15:00,17,1,MARKUP,6,A+,113.577164,113.47750780310997,113.82630449222506,0.09965619689002381,0.0449843937800538,0,1,1,1,1,1,True,20052,-1.0
20059,2026-01-06 18:15:00,18,1,MARKUP,5,A,113.577164,113.47815915070382,113.82467612324044,0.09900484929617903,0.04368169859236302,0,0,1,1,1,1,False,-1,
20071,2026-01-06 19:15:00,19,1,MARKUP,4,B,113.577164,113.48240232732765,113.81406818168087,0.09476167267234814,0.03519534534470217,0,1,0,0,1,1,True,20093,-1.0
20224,2026-01-07 08:00:00,8,-1,MARKDOWN,6,A+,113.366186,113.48807506468286,113.06146333829284,0.1218890646828612,0.032150129365726136,0,1,1,1,1,1,False,-1,
20236,2026-01-07 09:00:00,9,-1,MARKDOWN,6,A+,113.346704,113.488312359335,112.99268310166252,0.14160835933499527,0.03262471867000162,0,1,1,1,1,1,False,-1,
20248,2026-01-07 10:00:00,10,-1,MARKDOWN,4,B,113.294242,113.41551720837866,112.99105397905333,0.12127520837866257,0.037034416757299564,0,0,1,1,0,1,True,20254,-1.0
20289,2026-01-07 13:25:00,13,1,MARKUP,6,A+,113.241836,113.11277533820598,113.56448765448508,0.12906066179402842,0.030449323588044763,0,1,1,1,1,1,False,-1,
20301,2026-01-07 14:25:00,14,1,MARKUP,6,A+,113.254196,113.13442909721266,113.55361325696833,0.11976690278733315,0.02714180557468434,0,1,1,1,1,1,False,-1,
20313,2026-01-07 15:25:00,15,1,MARKUP,3,C,113.300546,113.20562807145107,113.5378408213723,0.09491792854892367,0.03474385709786166,0,0,0,0,1,1,True,20315,1.1021437564835062
20325,2026-01-07 16:25:00,16,1,MARKUP,5,A,113.32041,113.20171589941808,113.61714525145479,0.11869410058191932,0.042568201163834425,0,1,0,1,1,1,True,20331,0.6614583013043912
20337,2026-01-07 17:25:00,17,1,MARKUP,6,A+,113.35316399999999,113.24616185119903,113.6206693720024,0.10700214880095871,0.059676297601930856,0,1,1,1,1,1,True,20350,-1.0
20349,2026-01-07 18:25:00,18,1,MARKUP,4,B,113.353546,113.24975410006573,113.61302574983566,0.10379189993426507,0.0524917998685362,0,1,0,0,1,1,True,20350,-1.0
20365,2026-01-07 19:45:00,19,-1,MARKDOWN,6,A+,113.390376,113.49798586016873,113.12135134957819,0.1076098601687221,0.03797172033744539,0,1,1,1,1,1,False,-1,
20377,2026-01-07 20:45:00,20,-1,MARKDOWN,5,A,113.379298,113.49422258018782,113.09198654953046,0.11492458018781804,0.030445160375641874,0,1,1,0,1,1,False,-1,
20512,2026-01-08 08:00:00,8,-1,MARKDOWN,5,A,113.12589399999999,113.24872231051418,112.8188232237145,0.12282831051419407,0.029444621028379435,0,1,0,1,1,1,False,-1,
20524,2026-01-08 09:00:00,9,-1,MARKDOWN,4,B,113.060572,113.25426715849696,112.57633410375757,0.19369515849696484,0.040534316993932736,0,0,0,1,1,1,False,-1,
20536,2026-01-08 10:00:00,10,-1,MARKDOWN,5,A,112.98684,113.15653805668111,112.56259485829722,0.16969805668111348,0.04907611336222229,0,1,0,1,1,1,True,20560,-1.0
20548,2026-01-08 11:00:00,11,-1,MARKDOWN,5,A,112.953468,113.10173706772359,112.58279533069103,0.1482690677235894,0.04747413544716607,0,1,1,1,0,1,True,20559,-1.0
20592,2026-01-08 14:40:00,14,1,MARKUP,6,A+,112.87805999999999,112.73776820299933,113.22878949250163,0.14029179700065697,0.02846359400131653,0,1,1,1,1,1,False,-1,
20604,2026-01-08 15:40:00,15,1,MARKUP,6,A+,112.98436199999999,112.81741611547615,113.40172671130959,0.16694588452384096,0.035167769047690284,0,1,1,1,1,1,False,-1,
20616,2026-01-08 16:40:00,16,1,MARKUP,5,A,113.086562,112.87557077036462,113.61404007408845,0.21099122963538264,0.046858459270771674,0,1,0,1,1,1,False,-1,
20628,2026-01-08 17:40:00,17,1,MARKUP,5,A,113.10324800000001,112.90251104097524,113.60509039756192,0.2007369590247663,0.04697791804952261,0,1,0,1,1,1,True,20647,0.9552401358054655
20800,2026-01-09 08:00:00,8,1,MARKUP,5,A,113.32232,113.2104823904321,113.60191402391976,0.11183760956789968,0.025035219135797107,0,1,1,1,0,1,False,-1,
20812,2026-01-09 09:00:00,9,1,MARKUP,4,B,113.36414,113.24825635821689,113.65384910445779,0.11588364178311394,0.025487283566205693,0,1,0,0,1,1,False,-1,
20824,2026-01-09 10:00:00,10,1,MARKUP,5,A,113.404106,113.28242301823809,113.70831345440476,0.12168298176190717,0.027153963523816188,0,1,0,1,1,1,False,-1,
20836,2026-01-09 11:00:00,11,1,MARKUP,6,A+,113.47224,113.33270156020043,113.82108609949891,0.1395384397995656,0.034596879599132935,0,1,1,1,1,1,False,-1,
20860,2026-01-09 13:00:00,13,1,MARKUP,3,C,113.555882,113.44490925438241,113.83331386404396,0.11097274561758752,0.03018149123517774,0,1,0,0,0,1,True,20884,-1.0
20876,2026-01-09 14:20:00,14,1,MARKUP,3,C,113.56886,113.46846037288765,113.81985906778088,0.10039962711235262,0.02507925422468299,0,0,1,0,0,1,True,20884,-1.0
20898,2026-01-09 16:10:00,16,1,MARKUP,4,B,113.564812,113.38934668282766,114.00347529293086,0.17546531717233904,0.07130663434465885,0,1,1,0,0,1,False,-1,
20910,2026-01-09 17:10:00,17,1,MARKUP,4,B,113.587732,113.38586448686485,114.0924007828379,0.20186751313515572,0.0782710262702983,0,1,0,1,0,1,False,-1,
20922,2026-01-09 18:10:00,18,1,MARKUP,6,A+,113.587732,113.39255791123139,114.07566722192152,0.19517408876860998,0.06488417753720409,0,1,1,1,1,1,False,-1,
20934,2026-01-09 19:10:00,19,1,MARKUP,3,C,113.587732,113.40098229941019,114.05460625147454,0.18674970058981444,0.04803540117961616,0,0,0,0,1,1,True,20950,0.456589754793159
21088,2026-01-12 08:00:00,8,1,MARKUP,4,B,113.592744,113.42914714554553,114.00173613613617,0.16359685445446814,0.02770570890894835,0,0,0,1,1,1,False,-1,
21117,2026-01-12 10:25:00,10,1,MARKUP,5,A,113.744154,113.6704576132117,113.92839496697074,0.07369638678829915,0.03508477357660699,0,1,1,0,1,1,True,21118,0.7256911210176645
21134,2026-01-12 11:50:00,11,1,MARKUP,5,A,113.731154,113.65735886775977,113.91564183060059,0.07379513224023526,0.03528226448044816,0,1,1,0,1,1,True,21149,0.6695044607127072
21152,2026-01-12 13:20:00,13,1,MARKUP,5,A,113.738412,113.65963796013742,113.93534709965644,0.07877403986258003,0.030724079725167813,0,1,1,0,1,1,True,21162,0.6211723648849531
21168,2026-01-12 14:40:00,14,1,MARKUP,5,A,113.738412,113.65927882390602,113.93624494023493,0.07913317609397552,0.03144235218794486,0,0,1,1,1,1,True,21172,0.6206224389421048
21183,2026-01-12 15:55:00,15,1,MARKUP,6,A+,113.738412,113.6562847570704,113.943730107324,0.08212724292960161,0.03743048585921137,0,1,1,1,1,1,True,21185,0.6162249743349163
21195,2026-01-12 16:55:00,16,1,MARKUP,5,A,113.743356,113.65972407848254,113.95243580379366,0.08363192151746546,0.04655184303494425,0,1,1,0,1,1,False,-1,
21207,2026-01-12 17:55:00,17,1,MARKUP,5,A,113.756726,113.66097587616585,113.99610130958538,0.09575012383415071,0.04404824766830041,0,1,1,0,1,1,False,-1,
21219,2026-01-12 18:55:00,18,1,MARKUP,5,A,113.81020600000001,113.66280876108713,114.17869909728219,0.14739723891287326,0.04038247782574001,0,1,0,1,1,1,False,-1,
21231,2026-01-12 19:55:00,19,1,MARKUP,5,A,113.817622,113.67857488049535,114.16523979876163,0.13904711950465298,0.03285023900930364,0,1,1,0,1,1,False,-1,
21243,2026-01-12 20:55:00,20,1,MARKUP,3,C,113.817622,113.68096944859947,114.15925337850132,0.13665255140053034,0.028061102801037463,0,0,1,0,0,1,False,-1,
21376,2026-01-13 08:00:00,8,1,MARKUP,5,A,114.20683,113.97037225443151,114.79797436392121,0.23645774556848664,0.041255491136983895,0,1,1,0,1,1,False,-1,
21390,2026-01-13 09:10:00,9,1,MARKUP,5,A,114.29939399999999,114.09973438043704,114.79854304890736,0.19965961956295075,0.042531239125901094,0,0,1,1,1,1,False,-1,
21402,2026-01-13 10:10:00,10,1,MARKUP,5,A,114.455748,114.35095114612993,114.71774013467518,0.1047968538700701,0.046097707740130583,1,0,0,1,1,1,False,-1,
21414,2026-01-13 11:10:00,11,1,MARKUP,5,A,114.455748,114.35224927646506,114.71449480883734,0.1034987235349405,0.04350144706986926,0,1,0,1,1,1,True,21430,-1.0
21467,2026-01-13 15:35:00,15,1,MARKUP,5,A,114.434972,114.317456505546,114.728760736135,0.1175154944539969,0.047086988907978376,0,1,1,0,1,1,True,21488,0.8552554332088739
21481,2026-01-13 16:45:00,16,1,MARKUP,5,A,114.44414,114.31646896590412,114.76331758523972,0.12767103409588287,0.04906206819173281,0,1,1,0,1,1,True,21487,0.7910920096652283
21493,2026-01-13 17:45:00,17,1,MARKUP,5,A,114.44414,114.31333316376315,114.77115709059214,0.1308068362368573,0.055333672473697255,0,1,1,0,1,1,True,21516,1.1342190076572751
21505,2026-01-13 18:45:00,18,1,MARKUP,3,C,114.445286,114.31868809191694,114.76178077020764,0.12659790808305615,0.04462381616611927,0,1,0,0,0,1,True,21516,1.1507783826797553
21527,2026-01-13 20:35:00,20,1,MARKUP,5,A,114.48113000000001,114.38209973297408,114.72870566756481,0.09903026702592399,0.03380053405182572,0,1,1,0,1,1,False,-1,
21664,2026-01-14 08:00:00,8,1,MARKUP,5,A,114.63363600000001,114.54394624756287,114.85786038109285,0.08968975243713828,0.028107504874265034,0,1,0,1,1,1,True,21676,-1.0
21677,2026-01-14 09:05:00,9,1,MARKUP,3,C,114.632872,114.54265436442196,114.85841608894512,0.09021763557804263,0.030691271156077882,1,0,0,0,0,1,True,21679,-1.0
21694,2026-01-14 10:30:00,10,-1,MARKDOWN,6,A+,114.598144,114.7771780360883,114.15055890977926,0.1790340360882965,0.04635607217658598,0,1,1,1,1,1,False,-1,
21706,2026-01-14 11:30:00,11,-1,MARKDOWN,5,A,114.55918,114.78124568283121,114.00401579292196,0.22206568283121442,0.05449136566241888,0,1,0,1,1,1,False,-1,
21724,2026-01-14 13:00:00,13,-1,MARKDOWN,5,A,114.542372,114.77788573576105,113.95358766059738,0.23551373576104595,0.047771471522092,0,1,0,1,1,1,False,-1,
21736,2026-01-14 14:00:00,14,-1,MARKDOWN,5,A,114.404668,114.7181474261157,113.62096943471073,0.31347942611570545,0.07229485223140535,0,0,1,1,1,1,False,-1,
21748,2026-01-14 15:00:00,15,-1,MARKDOWN,5,A,114.349666,114.62391864576762,113.66403438558095,0.27425264576761776,0.061837291535220766,1,0,0,1,1,1,True,21752,0.9640598167424086
21760,2026-01-14 16:00:00,16,-1,MARKDOWN,5,A,114.241516,114.44930717080416,113.72203807298962,0.20779117080415688,0.06261434160830649,1,0,1,0,1,1,True,21761,0.8522509269897223
21772,2026-01-14 17:00:00,17,-1,MARKDOWN,4,B,114.235954,114.44802805841556,113.70576885396113,0.2120740584155527,0.07805611683111413,0,1,0,0,1,1,False,-1,
21784,2026-01-14 18:00:00,18,-1,MARKDOWN,5,A,114.22182000000001,114.44490025013725,113.6641193746569,0.22308025013724375,0.07180050027450496,0,1,0,1,1,1,False,-1,
21796,2026-01-14 19:00:00,19,-1,MARKDOWN,5,A,114.20328,114.40736969236048,113.69305576909883,0.20408969236046914,0.056739384720942115,0,1,0,1,1,1,False,-1,
21952,2026-01-15 08:00:00,8,-1,MARKDOWN,5,A,114.088466,114.19668956100645,113.81790709748387,0.10822356100645436,0.03537912201290593,0,1,0,1,1,1,True,21955,0.9972363490094267
21972,2026-01-15 09:40:00,9,-1,MARKDOWN,5,A,114.107398,114.21146591801629,113.8472282049593,0.10406791801628401,0.04693183603258403,0,1,1,0,1,1,True,21976,1.1080518334358347
21991,2026-01-15 11:15:00,11,-1,MARKDOWN,6,A+,114.072636,114.21711336756842,113.71144258107897,0.14447736756841323,0.05822673513683598,0,1,1,1,1,1,False,-1,
22012,2026-01-15 13:00:00,13,-1,MARKDOWN,4,B,114.062704,114.20789766373723,113.69971984065691,0.1451936637372313,0.03979532747444257,0,1,1,0,0,1,True,22020,-1.0
22043,2026-01-15 15:35:00,15,1,MARKUP,6,A+,113.98262199999999,113.84038378318188,114.33821754204527,0.14223821681811444,0.03923243363624445,0,1,1,1,1,1,False,-1,
22055,2026-01-15 16:35:00,16,1,MARKUP,6,A+,113.993318,113.83903687231214,114.37902081921968,0.15428112768786661,0.041926255375714414,0,1,1,1,1,1,False,-1,
22071,2026-01-15 17:55:00,17,1,MARKUP,6,A+,114.066242,113.95447320630868,114.34566398422831,0.11176879369132564,0.04705358738262614,0,1,1,1,1,1,True,22077,1.0751973302448534
22095,2026-01-15 19:55:00,19,-1,MARKDOWN,4,B,114.130308,114.22658361294265,113.88961896764337,0.09627561294264808,0.035167225885276106,0,1,0,0,1,1,True,22101,-1.0
22107,2026-01-15 20:55:00,20,1,MARKUP,4,B,114.081692,113.98818591097638,114.31545722255905,0.09350608902362012,0.029628178047229576,0,1,0,0,1,1,True,22111,1.1049243672425364
22254,2026-01-16 09:10:00,9,-1,MARKDOWN,5,A,113.984964,114.15428115362334,113.56167111594166,0.16931715362333932,0.0345623072467016,0,1,1,1,0,1,False,-1,
22266,2026-01-16 10:10:00,10,-1,MARKDOWN,5,A,113.951938,114.0667534863682,113.6648992840795,0.11481548636820094,0.04550697273641055,0,1,0,1,1,1,False,-1,
22278,2026-01-16 11:10:00,11,-1,MARKDOWN,6,A+,113.919468,114.0660617340177,113.55298366495575,0.14659373401769926,0.04412346803540671,0,1,1,1,1,1,False,-1,
22300,2026-01-16 13:00:00,13,-1,MARKDOWN,5,A,113.919468,114.06142937524332,113.56456456189167,0.14196137524332642,0.03485875048664552,0,1,0,1,1,1,False,-1,
22327,2026-01-16 15:15:00,15,-1,MARKDOWN,5,A,113.839746,113.93185961969391,113.60946195076525,0.09211361969390452,0.03371923938780697,0,1,1,0,1,1,False,-1,
22339,2026-01-16 16:15:00,16,-1,MARKDOWN,5,A,113.813388,113.93457340680746,113.51042448298136,0.12118540680745582,0.039146813614910986,0,1,1,1,0,1,False,-1,
22351,2026-01-16 17:15:00,17,-1,MARKDOWN,5,A,113.76525600000001,113.94177152407777,113.32396718980561,0.1765155240777574,0.05354304815551578,0,1,0,1,1,1,False,-1,
22363,2026-01-16 18:15:00,18,-1,MARKDOWN,6,A+,113.76525600000001,113.94687092101242,113.31121869746897,0.18161492101241095,0.0637418420248203,0,1,1,1,1,1,False,-1,
22375,2026-01-16 19:15:00,19,-1,MARKDOWN,5,A,113.74806600000001,113.938896039645,113.27099090088753,0.19083003964499312,0.047792079289990595,0,1,0,1,1,1,False,-1,
22387,2026-01-16 20:15:00,20,-1,MARKDOWN,3,C,113.69553599999999,113.84892961819997,113.31205195450002,0.15339361819998487,0.03785923639996007,0,0,0,1,0,1,False,-1,
22528,2026-01-19 08:00:00,8,1,MARKUP,5,A,113.458104,113.30150782762162,113.84959443094597,0.15659617237838575,0.028984344756770506,0,1,0,1,1,1,False,-1,
22540,2026-01-19 09:00:00,9,1,MARKUP,6,A+,113.577872,113.48690164084971,113.80529789787573,0.09097035915029039,0.03219671830058324,0,1,1,1,1,1,False,-1,
22552,2026-01-19 10:00:00,10,1,MARKUP,5,A,113.631084,113.51160057398943,113.92979256502645,0.11948342601057504,0.03879885202115661,0,1,0,1,1,1,False,-1,
22564,2026-01-19 11:00:00,11,1,MARKUP,5,A,113.67478,113.54035542550635,114.01084143623413,0.13442457449365008,0.04728914898727587,0,1,1,1,0,1,True,22581,0.8198802495899189
22594,2026-01-19 13:30:00,13,1,MARKUP,5,A,113.69172400000001,113.56340115888682,114.01253110278299,0.1283228411131887,0.041197682226369145,0,1,1,1,0,1,False,-1,
22608,2026-01-19 14:40:00,14,1,MARKUP,6,A+,113.735602,113.63777121183725,113.98017897040688,0.09783078816275292,0.03445757632550388,0,1,1,1,1,1,True,22618,1.0808382912745418
22624,2026-01-19 16:00:00,16,1,MARKUP,5,A,113.735602,113.63910787076433,113.97683732308917,0.09649412923566558,0.031784258471321006,0,1,1,0,1,1,False,-1,
22636,2026-01-19 17:00:00,17,1,MARKUP,6,A+,113.749736,113.63823067433984,114.0284993141504,0.11150532566016125,0.033538651320315,0,1,1,1,1,1,False,-1,
22648,2026-01-19 18:00:00,18,1,MARKUP,5,A,113.8306,113.69711390442495,114.16431523893763,0.13348609557505142,0.03777219115009464,0,1,0,1,1,1,False,-1,
22660,2026-01-19 19:00:00,19,1,MARKUP,5,A,113.85695799999999,113.69925069508254,114.25122626229361,0.15770730491745155,0.03349860983489633,0,1,1,0,1,1,False,-1,
22672,2026-01-19 20:00:00,20,1,MARKUP,4,B,113.85695799999999,113.70365803392858,114.24020791517853,0.15329996607141538,0.024683932142827738,0,0,1,0,1,1,False,-1,
22816,2026-01-20 08:00:00,8,1,MARKUP,6,A+,113.94072200000001,113.78117948452682,114.33957828868299,0.15954251547319132,0.03564103094639279,0,1,1,1,1,1,False,-1,
22828,2026-01-20 09:00:00,9,1,MARKUP,6,A+,114.0741,113.84055520380514,114.65796199048717,0.23354479619486312,0.04688959238972139,0,1,1,1,1,1,True,22847,0.8193398902271747
22840,2026-01-20 10:00:00,10,1,MARKUP,5,A,114.13692,113.89476216504201,114.74231458739499,0.24215783495799315,0.05647566991598396,0,1,0,1,1,1,True,22847,0.6651859933746959
22912,2026-01-20 16:00:00,16,1,MARKUP,5,A,114.053398,113.91153919623483,114.40804500941294,0.14185880376517446,0.06292160753035309,0,1,1,0,1,1,False,-1,
22924,2026-01-20 17:00:00,17,1,MARKUP,5,A,114.07135199999999,113.91019032367466,114.47425619081332,0.16116167632533518,0.0656193526506787,0,1,1,0,1,1,False,-1,
22936,2026-01-20 18:00:00,18,1,MARKUP,3,C,114.092744,113.91263557377685,114.54301506555785,0.18010842622314271,0.06072885244629002,0,0,0,0,1,1,False,-1,
22948,2026-01-20 19:00:00,19,1,MARKUP,3,C,114.092744,113.91763034158406,114.53052814603984,0.1751136584159383,0.05073931683187006,0,0,0,1,0,1,False,-1,
22961,2026-01-20 20:05:00,20,1,MARKUP,6,A+,114.092744,113.92083343371365,114.52252041571586,0.17191056628634271,0.044333132572701606,0,1,1,1,1,1,False,-1,
23104,2026-01-21 08:00:00,8,1,MARKUP,6,A+,114.239546,114.14646158280664,114.47225704298341,0.09308441719336713,0.03107683438673123,0,1,1,1,1,1,True,23123,-1.0
23116,2026-01-21 09:00:00,9,1,MARKUP,4,B,114.24604000000001,114.14611139144708,114.49586152138232,0.09992860855292918,0.03177721710584431,0,1,0,1,0,1,True,23123,-1.0
23128,2026-01-21 10:00:00,10,-1,MARKDOWN,5,A,114.283826,114.40093820599829,113.99104548500429,0.11711220599828209,0.03787641199657133,0,1,0,1,1,1,False,-1,
23140,2026-01-21 11:00:00,11,-1,MARKDOWN,6,A+,114.26701800000001,114.40360204127674,113.92555789680817,0.13658404127673407,0.043204082553483326,0,1,1,1,1,1,False,-1,
23185,2026-01-21 14:45:00,14,1,MARKUP,5,A,114.18605,114.06217762157208,114.49573094606978,0.12387237842791876,0.03764475685584822,0,1,1,1,0,1,False,-1,
23197,2026-01-21 15:45:00,15,1,MARKUP,5,A,114.227284,114.06985144974618,114.62086537563454,0.15743255025381586,0.038297100507644066,0,1,0,1,1,1,False,-1,
23209,2026-01-21 16:45:00,16,1,MARKUP,6,A+,114.353134,114.12021850037759,114.93542274905602,0.23291549962240765,0.05556299924481395,0,1,1,1,1,1,False,-1,
23221,2026-01-21 17:45:00,17,1,MARKUP,6,A+,114.364078,114.13255900039303,114.94287549901745,0.2315189996069762,0.05888199921395049,0,1,1,1,1,1,False,-1,
23392,2026-01-22 08:00:00,8,1,MARKUP,6,A+,114.597552,114.41492548885716,115.05411827785707,0.18262651114282846,0.03214902228565233,0,1,1,1,1,1,False,-1,
23404,2026-01-22 09:00:00,9,1,MARKUP,6,A+,114.68709199999999,114.51502745715402,115.11725335711492,0.17206454284597328,0.033945085691962175,0,1,1,1,1,1,False,-1,
23416,2026-01-22 10:00:00,10,1,MARKUP,4,B,114.73107,114.56313745690026,115.15090135774935,0.16793254309973804,0.041725086199480434,0,0,0,1,1,1,False,-1,
23428,2026-01-22 11:00:00,11,1,MARKUP,3,C,114.837366,114.7367184111321,115.08898497216975,0.1006475888679006,0.03856317773580102,0,0,1,0,0,1,True,23432,-1.0
23471,2026-01-22 14:35:00,14,1,MARKUP,5,A,114.793814,114.66840103254596,115.1073464186351,0.1254129674540394,0.03919793490809673,0,1,1,0,1,1,False,-1,
23483,2026-01-22 15:35:00,15,1,MARKUP,5,A,114.80833,114.6677994415765,115.15965639605872,0.14053055842349238,0.04040111684698786,0,1,0,1,1,1,True,23497,-1.0
23495,2026-01-22 16:35:00,16,1,MARKUP,4,B,114.80833,114.66749876912097,115.16040807719757,0.14083123087903004,0.041002461758079825,0,0,0,1,1,1,True,23497,-1.0
23517,2026-01-22 18:25:00,18,-1,MARKDOWN,6,A+,114.872738,115.02790397277867,114.48482306805332,0.1551659727786756,0.04980794555733379,0,1,1,1,1,1,False,-1,
23529,2026-01-22 19:25:00,19,-1,MARKDOWN,4,B,114.872738,115.0266293694655,114.48800957633625,0.15389136946549797,0.04725873893098044,0,1,0,0,1,1,True,23549,-1.0
23546,2026-01-22 20:50:00,20,1,MARKUP,6,A+,114.79226200000001,114.64399219839146,115.16293650402139,0.1482698016085493,0.03601560321710016,0,1,1,1,1,1,False,-1,
23680,2026-01-23 08:00:00,8,1,MARKUP,4,B,114.992322,114.91081980608622,115.19607748478444,0.08150219391377789,0.03236038782755535,0,1,0,0,1,1,True,23681,1.75
23692,2026-01-23 09:00:00,9,1,MARKUP,6,A+,115.055352,114.90211989135392,115.4384322716152,0.15323210864607972,0.0497602172921806,0,1,1,1,1,1,True,23700,-1.0
23709,2026-01-23 10:25:00,10,-1,MARKDOWN,5,A,114.922176,115.50530309845765,113.46435825385586,0.583127098457652,0.14860619691530547,0,1,1,1,0,1,False,-1,
23721,2026-01-23 11:25:00,11,-1,MARKDOWN,5,A,114.922176,115.48835548759887,113.50672728100281,0.5661794875988733,0.11471097519773561,0,1,1,1,0,1,False,-1,
23777,2026-01-23 16:05:00,16,1,MARKUP,5,A,114.71018,114.50297866941303,115.22818332646742,0.20720133058696888,0.04004266117394667,0,1,1,0,1,1,False,-1,
23789,2026-01-23 17:05:00,17,1,MARKUP,4,B,114.809674,114.59312423212906,115.35104841967737,0.21654976787094427,0.045751535741876945,0,1,0,0,1,1,True,23807,-1.0
23801,2026-01-23 18:05:00,18,1,MARKUP,5,A,114.896148,114.7171132582469,115.34373485438275,0.17903474175309952,0.04177348350620274,0,1,0,1,1,1,True,23806,-1.0
23815,2026-01-23 19:15:00,19,-1,MARKDOWN,6,A+,114.825772,115.20148740035408,113.8864834991148,0.3757154003540819,0.09897480070815988,0,1,1,1,1,1,False,-1,
23827,2026-01-23 20:15:00,20,-1,MARKDOWN,5,A,114.684814,115.2160147976014,113.3568120059965,0.5312007976014002,0.12802959520281437,0,1,0,1,1,1,False,-1,
23968,2026-01-26 08:00:00,8,-1,MARKDOWN,3,C,112.89741,113.2083572576609,112.12004185584775,0.31094725766089937,0.052714515321773875,0,0,0,0,1,1,False,-1,
23984,2026-01-26 09:20:00,9,-1,MARKDOWN,5,A,112.68481799999999,112.86902735688737,112.22429460778154,0.18420935688737927,0.06205471377474811,0,1,1,0,1,1,True,23992,1.75
23996,2026-01-26 10:20:00,10,-1,MARKDOWN,4,B,112.678706,112.88017885349443,112.17502386626396,0.20147285349442257,0.08435770698887315,0,1,0,0,1,1,False,-1,
24008,2026-01-26 11:20:00,11,-1,MARKDOWN,6,A+,112.55722999999999,112.89629680827274,111.70956297931812,0.33906680827274727,0.11659361654548424,0,1,1,1,1,1,False,-1,
24028,2026-01-26 13:00:00,13,-1,MARKDOWN,6,A+,112.55722999999999,112.88114322583559,111.747446935411,0.32391322583559656,0.08628645167117753,0,1,1,1,1,1,True,24049,0.8821306925106599
24040,2026-01-26 14:00:00,14,-1,MARKDOWN,5,A,112.455138,112.73792457446527,111.74817156383685,0.2827865744652627,0.0758491489305207,1,0,0,1,1,1,True,24042,0.7784598700142582
24070,2026-01-26 16:30:00,16,-1,MARKDOWN,6,A+,112.388394,112.62296061434233,111.80197746414419,0.23456661434232728,0.061921228684662856,1,1,1,0,1,1,True,24074,-0.049478481976393346
24083,2026-01-26 17:35:00,17,-1,MARKDOWN,6,A+,112.388394,112.62639637978323,111.79338805054195,0.23800237978322514,0.06879275956647382,0,1,1,1,1,1,True,24087,-0.7882526223933624
24102,2026-01-26 19:10:00,19,-1,MARKDOWN,5,A,112.434234,112.6226681166688,111.96314870832799,0.18843411666880172,0.06133623333762317,0,1,1,1,0,1,True,24120,0.8039044859202791
24114,2026-01-26 20:10:00,20,-1,MARKDOWN,5,A,112.405188,112.57054552827756,111.99179417930608,0.16535752827756767,0.05109105655512524,0,1,1,1,0,1,True,24117,0.7584882212578918
24256,2026-01-27 08:00:00,8,1,MARKUP,4,B,112.473568,112.36713004476431,112.73966288808923,0.1064379552356911,0.041739910471397336,0,0,1,0,1,1,True,24263,1.2853957015311734
24270,2026-01-27 09:10:00,9,1,MARKUP,6,A+,112.473568,112.36673206980316,112.7406578254921,0.10683593019683713,0.04253586039367094,0,1,1,1,1,1,False,-1,
24282,2026-01-27 10:10:00,10,1,MARKUP,5,A,112.52480200000001,112.37925382534253,112.8886724366437,0.1455481746574776,0.0534923493149534,0,1,0,1,1,1,True,24302,-1.0
24294,2026-01-27 11:10:00,11,1,MARKUP,5,A,112.538936,112.38151021133008,112.93250047167481,0.15742578866992574,0.04897957733984779,0,1,0,1,1,1,True,24302,-1.0
24316,2026-01-27 13:00:00,13,-1,MARKDOWN,5,A,112.365888,112.8103760315149,111.25466792121273,0.4444880315149078,0.11275206302979665,0,1,1,1,0,1,False,-1,
24328,2026-01-27 14:00:00,14,-1,MARKDOWN,4,B,112.365888,112.79632773694048,111.28978865764878,0.4304397369404853,0.08465547388096394,0,1,0,1,0,1,False,-1,
24340,2026-01-27 15:00:00,15,-1,MARKDOWN,6,A+,112.365888,112.79342125772854,111.29705485567865,0.4275332577285411,0.0788425154570558,0,1,1,1,1,1,True,24361,0.43479190598552103
24356,2026-01-27 16:20:00,16,-1,MARKDOWN,4,B,112.335606,112.74276555738015,111.31770710654962,0.4071595573801545,0.07553111476031797,0,0,1,0,1,1,True,24360,0.4509436084010899
24377,2026-01-27 18:05:00,18,1,MARKUP,5,A,112.223602,111.91105659770984,113.00496550572538,0.31254540229015504,0.08188680458031858,0,1,0,1,1,1,True,24396,0.4236120545362614
24389,2026-01-27 19:05:00,19,1,MARKUP,5,A,112.223602,111.92146560169812,112.97894299575471,0.302136398301883,0.061068796603749656,0,1,1,1,0,1,True,24396,0.43820605774120586
24410,2026-01-27 20:50:00,20,-1,MARKDOWN,5,A,112.439148,112.69437576902985,111.80107857742539,0.2552277690298439,0.0627515380596941,0,1,0,1,1,1,False,-1,
24544,2026-01-28 08:00:00,8,1,MARKUP,6,A+,112.281432,112.14943965007821,112.61141287480447,0.13199234992178788,0.05312069984359641,0,1,1,1,1,1,True,24558,0.7406675706615065
24556,2026-01-28 09:00:00,9,1,MARKUP,5,A,112.281432,112.15125791065785,112.60686722335537,0.13017408934214814,0.04948417868429546,0,1,0,1,1,1,True,24558,0.7440291947661415
24568,2026-01-28 10:00:00,10,1,MARKUP,6,A+,112.285252,112.14329459796134,112.64014550509664,0.14195740203865626,0.06541080407732361,0,1,1,1,1,1,False,-1,
24580,2026-01-28 11:00:00,11,1,MARKUP,5,A,112.322688,112.13867277265192,112.78272606837021,0.18401522734808395,0.07465445469618229,0,1,0,1,1,1,False,-1,
24604,2026-01-28 13:00:00,13,1,MARKUP,5,A,112.363036,112.18285218972038,112.81349552569904,0.1801838102796154,0.05629562055923307,0,1,1,0,1,1,False,-1,
24624,2026-01-28 14:40:00,14,1,MARKUP,5,A,112.42669,112.2879072689984,112.773646827504,0.13878273100159788,0.052185462003205355,0,1,1,0,1,1,False,-1,
24636,2026-01-28 15:40:00,15,1,MARKUP,5,A,112.47186,112.36081863914166,112.74946340214589,0.11104136085835137,0.046362721716685845,0,1,0,1,1,1,False,-1,
24648,2026-01-28 16:40:00,16,1,MARKUP,6,A+,112.56545,112.35314960550937,113.09620098622656,0.21230039449062588,0.06170078898124429,0,1,1,1,1,1,False,-1,
24660,2026-01-28 17:40:00,17,1,MARKUP,4,B,112.726272,112.33344997350912,113.70832706622718,0.39282202649087594,0.10110005298177716,0,1,0,0,1,1,False,-1,
24672,2026-01-28 18:40:00,18,1,MARKUP,5,A,112.737744,112.35276779272898,113.70018451817756,0.38497620727102344,0.08846441454205875,0,1,0,1,1,1,False,-1,
24684,2026-01-28 19:40:00,19,1,MARKUP,4,B,112.792128,112.45126064308758,113.64429639228106,0.3408673569124261,0.06747871382484834,0,0,0,1,1,1,False,-1,
24696,2026-01-28 20:40:00,20,1,MARKUP,5,A,112.85578199999999,112.56028786550272,113.59451733624317,0.29549413449727524,0.05542426899456297,0,0,1,1,1,1,False,-1,
24832,2026-01-29 08:00:00,8,1,MARKUP,2,C,113.11878,112.98625466707335,113.45009333231661,0.13252533292664737,0.04349066585327353,0,0,0,0,0,1,False,-1,
24844,2026-01-29 09:00:00,9,1,MARKUP,4,B,113.11878,112.98812330253908,113.4454217436523,0.13065669746092112,0.039753394921844244,0,1,0,1,0,1,False,-1,
24856,2026-01-29 10:00:00,10,1,MARKUP,4,B,113.206442,113.05691466033203,113.58026034916992,0.14952733966796927,0.04617067933593948,0,1,0,1,0,1,False,-1,
24868,2026-01-29 11:00:00,11,1,MARKUP,5,A,113.234936,113.07409959457308,113.6370270135673,0.16083640542692024,0.05580081085384525,0,0,1,1,1,1,True,24875,0.9399071296623456
24910,2026-01-29 14:30:00,14,1,MARKUP,6,A+,113.25718400000001,113.11744712171784,113.60652619570541,0.1397368782821644,0.04110575656431591,0,1,1,1,1,1,False,-1,
24922,2026-01-29 15:30:00,15,1,MARKUP,4,B,113.26291400000001,113.11202971709217,113.6401247072696,0.15088428290783895,0.05194056581567667,0,0,0,1,1,1,True,24943,-1.0
24934,2026-01-29 16:30:00,16,1,MARKUP,5,A,113.29271,113.10977136990904,113.7500565752274,0.182938630090959,0.056457260181937946,0,1,0,1,1,1,True,24942,-1.0
24949,2026-01-29 17:45:00,17,-1,MARKDOWN,5,A,113.187358,113.60302008282368,112.14820279294082,0.41566208282367256,0.12004016564735165,0,1,0,1,1,1,True,24967,-1.0
24961,2026-01-29 18:45:00,18,-1,MARKDOWN,5,A,113.187358,113.59978110897596,112.15630022756011,0.4124231089759576,0.11356221795191154,1,0,0,1,1,1,True,24967,-1.0
24973,2026-01-29 19:45:00,19,-1,MARKDOWN,5,A,113.187358,113.58519657453144,112.19276156367141,0.3978385745314341,0.08439314906286541,1,0,1,0,1,1,True,24974,-1.0
25120,2026-01-30 08:00:00,8,1,MARKUP,4,B,113.708226,113.51263438068256,114.1972050482936,0.1955916193174403,0.05273123863489733,0,0,0,1,1,1,False,-1,
25133,2026-01-30 09:05:00,9,1,MARKUP,5,A,113.708226,113.50942490728465,114.20522873178835,0.19880109271534252,0.05915018543070039,0,1,1,0,1,1,True,25151,0.8143923953512401
25155,2026-01-30 10:55:00,10,1,MARKUP,6,A+,113.776824,113.61616942192897,114.17846044517759,0.160654578071032,0.06766115614205917,0,1,1,1,1,1,True,25165,0.7517982189710104
25167,2026-01-30 11:55:00,11,1,MARKUP,6,A+,113.776824,113.61641897226441,114.17783656933898,0.1604050277355924,0.06716205547118222,0,1,1,1,1,1,False,-1,
25180,2026-01-30 13:00:00,13,1,MARKUP,3,C,113.782172,113.62050435201701,114.18634111995749,0.16166764798299482,0.058991295966004206,0,0,0,0,1,1,False,-1,
25192,2026-01-30 14:00:00,14,1,MARKUP,5,A,113.792486,113.6218426631922,114.2190943420195,0.17064333680779953,0.056314673615629425,0,1,1,0,1,1,False,-1,
25205,2026-01-30 15:05:00,15,1,MARKUP,5,A,113.80127200000001,113.62212761046963,114.24913297382597,0.1791443895303786,0.055744779060752314,0,0,1,1,1,1,False,-1,
25217,2026-01-30 16:05:00,16,1,MARKUP,6,A+,113.875432,113.7378076002279,114.21949299943027,0.1376243997721076,0.06438479954419,0,1,1,1,1,1,True,25240,-1.0
25229,2026-01-30 17:05:00,17,1,MARKUP,6,A+,114.002528,113.77363562127243,114.57475894681892,0.22889237872756496,0.07272875745514422,0,1,1,1,1,1,True,25239,-1.0
25261,2026-01-30 19:45:00,19,-1,MARKDOWN,5,A,114.167354,114.49108213548341,113.35803366129149,0.32372813548340673,0.0721642709668216,0,1,0,1,1,1,False,-1,
25273,2026-01-30 20:45:00,20,-1,MARKDOWN,5,A,114.102796,114.49120716962621,113.13176807593447,0.3884111696262096,0.07241433925240859,0,1,0,1,1,1,False,-1,
25408,2026-02-02 08:00:00,8,-1,MARKDOWN,4,B,113.71252,113.98815481250878,113.02343296872803,0.27563481250878397,0.06230962501756311,0,1,0,0,1,1,False,-1,
25420,2026-02-02 09:00:00,9,-1,MARKDOWN,5,A,113.554488,113.86615740607911,112.77531448480224,0.31166940607910476,0.07631481215820785,0,1,0,1,1,1,True,25435,-1.0
25485,2026-02-02 14:25:00,14,1,MARKUP,5,A,113.44260799999999,113.24996315889643,113.92422010275888,0.19264484110355795,0.0460736822071165,0,1,0,1,1,1,False,-1,
25497,2026-02-02 15:25:00,15,1,MARKUP,6,A+,113.54334200000001,113.41321786587164,113.86865233532092,0.13012413412836565,0.04556426825671927,0,1,1,1,1,1,False,-1,
25509,2026-02-02 16:25:00,16,1,MARKUP,4,B,113.545634,113.41132923403188,113.88139591492032,0.13430476596812468,0.04934153193625144,0,1,0,0,1,1,False,-1,
25521,2026-02-02 17:25:00,17,1,MARKUP,5,A,113.653968,113.45407737938535,114.15369455153663,0.1998906206146529,0.0758452412292942,0,1,0,1,1,1,True,25534,0.9206635080430451
25533,2026-02-02 18:25:00,18,1,MARKUP,5,A,113.687922,113.47119232660714,114.22974618348215,0.2167296733928623,0.0736153467857046,1,0,0,1,1,1,True,25534,0.6924663229107053
25696,2026-02-03 08:00:00,8,1,MARKUP,4,B,113.727006,113.61888104741499,113.99731838146255,0.10812495258501542,0.03823790517003077,0,0,1,0,1,1,True,25706,0.6231344940579947
25708,2026-02-03 09:00:00,9,1,MARKUP,5,A,113.723568,113.61959705801667,113.98349535495834,0.10397094198333434,0.03680588396668031,0,0,1,1,1,1,False,-1,
25720,2026-02-03 10:00:00,10,1,MARKUP,5,A,113.73716399999999,113.63778236743178,113.98561808142051,0.09938163256821042,0.04443526513643751,0,1,1,0,1,1,True,25732,1.75
25733,2026-02-03 11:05:00,11,1,MARKUP,6,A+,113.765186,113.65636034380776,114.0372501404806,0.10882565619223783,0.04727931238447557,1,0,1,1,1,1,True,25737,1.75
25756,2026-02-03 13:00:00,13,1,MARKUP,5,A,113.82875800000001,113.70725028859364,114.13252727851592,0.12150771140636607,0.037499422812726634,0,1,0,1,1,1,False,-1,
25768,2026-02-03 14:00:00,14,1,MARKUP,5,A,113.85212800000001,113.71908473196804,114.18473617007993,0.13304326803196886,0.03383053606391712,0,1,1,1,0,1,False,-1,
25780,2026-02-03 15:00:00,15,1,MARKUP,4,B,113.894148,113.71928738365193,114.33129954087018,0.17486061634807015,0.033425232696146695,0,1,0,0,1,1,False,-1,
25792,2026-02-03 16:00:00,16,1,MARKUP,3,C,113.91135,113.72647486709658,114.37353783225853,0.1848751329034144,0.045050265806809,0,0,0,0,1,1,False,-1,
25807,2026-02-03 17:15:00,17,1,MARKUP,5,A,113.994162,113.85281415956298,114.34753160109256,0.14134784043702098,0.06037168087403637,0,1,1,0,1,1,False,-1,
25819,2026-02-03 18:15:00,18,1,MARKUP,5,A,114.05491599999999,113.93111342402068,114.36442243994827,0.12380257597931177,0.06577315195862372,0,1,1,1,0,1,True,25831,0.9431875640270068
25831,2026-02-03 19:15:00,19,1,MARKUP,5,A,114.058624,113.94196269134397,114.35027727164004,0.11666130865602042,0.05607461731204705,1,0,0,1,1,1,True,25832,0.9544245446864545
25843,2026-02-03 20:15:00,20,1,MARKUP,5,A,114.058624,113.94640920262991,114.33916099342521,0.11221479737008622,0.04718159474018622,0,1,1,0,1,1,True,25850,0.6174198163268446
25984,2026-02-04 08:00:00,8,1,MARKUP,6,A+,114.489926,114.3642528230062,114.8041089424845,0.12567317699379998,0.027494353987598613,0,1,1,1,1,1,False,-1,
25996,2026-02-04 09:00:00,9,1,MARKUP,5,A,114.560062,114.45274340315187,114.82835849212033,0.10731859684813116,0.030513193696256876,0,1,0,1,1,1,False,-1,
26008,2026-02-04 10:00:00,10,1,MARKUP,5,A,114.59214,114.47327867758565,114.88929330603587,0.11886132241434666,0.03144264482869587,0,1,0,1,1,1,False,-1,
26020,2026-02-04 11:00:00,11,1,MARKUP,4,B,114.634084,114.51748850207747,114.92557274480633,0.11659549792253188,0.033022995845060965,0,1,0,0,1,1,False,-1,
26053,2026-02-04 13:45:00,13,1,MARKUP,5,A,114.7183,114.64315775756972,114.90615560607569,0.07514224243027456,0.03568448486056613,0,1,1,0,1,1,True,26059,0.5276822014914317
26065,2026-02-04 14:45:00,14,1,MARKUP,6,A+,114.72633400000001,114.65715340179699,114.89928549550756,0.06918059820301892,0.033693196406036685,0,1,1,1,1,1,True,26066,0.8590464838101506
26097,2026-02-04 17:25:00,17,-1,MARKDOWN,6,A+,114.671684,114.8729335321862,114.16856016953452,0.20124953218619623,0.06786706437238735,0,1,1,1,1,1,False,-1,
26109,2026-02-04 18:25:00,18,-1,MARKDOWN,4,B,114.671684,114.87204902733816,114.17077143165459,0.2003650273381652,0.06609805467634199,0,0,0,1,1,1,False,-1,
26121,2026-02-04 19:25:00,19,-1,MARKDOWN,6,A+,114.671684,114.87040009900174,114.17489375249565,0.19871609900174292,0.06280019800349304,0,1,1,1,1,1,True,26141,-1.0
26290,2026-02-05 09:30:00,9,1,MARKUP,5,A,114.62243000000001,114.46178933076466,115.02403167308839,0.1606406692353488,0.042421338470695846,0,1,0,1,1,1,False,-1,
26302,2026-02-05 10:30:00,10,1,MARKUP,5,A,114.633508,114.46055776844935,115.06588357887665,0.17295023155065792,0.04488446310130402,0,1,0,1,1,1,False,-1,
26314,2026-02-05 11:30:00,11,1,MARKUP,6,A+,114.70396,114.57469686281132,115.02711784297168,0.12926313718867277,0.044606274377348355,0,1,1,1,1,1,False,-1,
26332,2026-02-05 13:00:00,13,1,MARKUP,5,A,114.72223,114.60297568353289,115.02036579116776,0.11925431646710649,0.03604863293419937,0,1,1,0,1,1,True,26352,-1.0
26344,2026-02-05 14:00:00,14,1,MARKUP,4,B,114.771242,114.66526914889033,115.03617412777417,0.10597285110966936,0.0354617022193529,0,1,1,0,0,1,True,26350,-1.0
26363,2026-02-05 15:35:00,15,-1,MARKDOWN,6,A+,114.772986,114.94775476659193,114.3360640835202,0.17476876659192442,0.06150953318385388,0,1,1,1,1,1,True,26373,0.9171416307695497
26375,2026-02-05 16:35:00,16,-1,MARKDOWN,4,B,114.772986,114.9514495705537,114.32682707361575,0.17846357055370277,0.0688991411074023,1,0,0,1,0,1,True,26376,0.9085053777504708
26387,2026-02-05 17:35:00,17,-1,MARKDOWN,6,A+,114.74892,114.96524598724055,114.20810503189861,0.21632598724055185,0.09649197448108995,0,1,1,1,1,1,True,26396,1.075736896260318
26404,2026-02-05 19:00:00,19,-1,MARKDOWN,6,A+,114.74892,114.95390003673268,114.2364699081683,0.20498003673267817,0.0738000734653631,1,0,1,1,1,1,True,26409,1.107604791469281
26423,2026-02-05 20:35:00,20,-1,MARKDOWN,5,A,114.73965,114.92754898888182,114.26990252779544,0.18789898888182677,0.05109797776363269,0,1,0,1,1,1,True,26441,1.1381718879271827
26569,2026-02-06 08:45:00,8,1,MARKUP,5,A,114.399946,114.22452647221702,114.83849481945745,0.17541952778297798,0.04294705556594776,0,1,0,1,1,1,False,-1,
26581,2026-02-06 09:45:00,9,1,MARKUP,6,A+,114.45865599999999,114.31615625784923,114.8149053553769,0.14249974215076122,0.04968748430153377,0,1,1,1,1,1,False,-1,
26593,2026-02-06 10:45:00,10,1,MARKUP,5,A,114.466768,114.31655580310823,114.84229849222943,0.150212196891772,0.05288839378355495,0,1,0,1,1,1,False,-1,
26605,2026-02-06 11:45:00,11,1,MARKUP,6,A+,114.52063000000001,114.3198380224658,115.02260994383553,0.20079197753420885,0.046323955068392104,0,1,1,1,1,1,False,-1,
26620,2026-02-06 13:00:00,13,1,MARKUP,5,A,114.573452,114.406724778675,114.99027005331251,0.1667272213250044,0.03855044265001362,0,1,1,0,1,1,False,-1,
26632,2026-02-06 14:00:00,14,1,MARKUP,6,A+,114.592934,114.40607229855597,115.06008825361008,0.18686170144403036,0.039855402888075445,0,1,1,1,1,1,False,-1,
26644,2026-02-06 15:00:00,15,1,MARKUP,6,A+,114.707048,114.54858598522846,115.10320303692886,0.1584620147715441,0.03882802954307336,0,1,1,1,1,1,False,-1,
26656,2026-02-06 16:00:00,16,1,MARKUP,5,A,114.80381,114.60628814148086,115.29761464629784,0.1975218585191385,0.0474237170382771,0,1,1,1,0,1,False,-1,
26668,2026-02-06 17:00:00,17,1,MARKUP,5,A,114.83819,114.6025680287242,115.42724492818948,0.23562197127579054,0.05486394255159016,0,1,1,1,0,1,False,-1,
26680,2026-02-06 18:00:00,18,1,MARKUP,5,A,114.886708,114.66576205549268,115.4390728612683,0.22094594450732075,0.06447588901463831,0,1,1,0,1,1,False,-1,
26692,2026-02-06 19:00:00,19,1,MARKUP,4,B,114.92317,114.7303104922158,115.40531876946048,0.19285950778419192,0.05337901556839556,0,1,0,0,1,1,False,-1,
26704,2026-02-06 20:00:00,20,1,MARKUP,5,A,114.998566,114.85864408793218,115.34837078016955,0.13992191206781968,0.04071182413565329,0,1,1,0,1,1,False,-1,
26848,2026-02-09 08:00:00,8,-1,MARKDOWN,6,A+,114.721786,114.93000123331117,114.20124791672205,0.2082152333111793,0.05200246662236357,0,1,1,1,1,1,True,26859,-1.0
26864,2026-02-09 09:20:00,9,-1,MARKDOWN,6,A+,114.77029999999999,114.93265644009276,114.36440889976808,0.16235644009276484,0.05731288018553217,0,1,1,1,1,1,True,26870,-1.0
26914,2026-02-09 13:30:00,13,-1,MARKDOWN,6,A+,114.77686200000001,114.93666957493359,114.37734306266606,0.15980757493358055,0.04533914986718461,0,1,1,1,1,1,True,26917,-1.0
26926,2026-02-09 14:30:00,14,1,MARKUP,5,A,114.72570999999999,114.54642113754674,115.1739321561331,0.17928886245324804,0.049157724906505385,0,1,0,1,1,1,True,26936,-1.0
26942,2026-02-09 15:50:00,15,-1,MARKDOWN,6,A+,114.869806,115.04196100443201,114.43941848891996,0.17215500443201392,0.06392200886401016,0,1,1,1,1,1,False,-1,
26954,2026-02-09 16:50:00,16,-1,MARKDOWN,5,A,114.812506,115.04289385348916,114.2365363662771,0.23038785348916235,0.06578770697831593,0,1,0,1,1,1,True,26967,-1.0
26966,2026-02-09 17:50:00,17,-1,MARKDOWN,4,B,114.812506,115.0418502190052,114.23914545248701,0.22934421900519908,0.06370043801039044,1,0,0,0,1,1,True,26967,-1.0
26978,2026-02-09 18:50:00,18,1,MARKUP,5,A,114.69355,114.46552622453298,115.26360943866756,0.22802377546702246,0.05494755093401716,0,1,0,1,1,1,False,-1,
26990,2026-02-09 19:50:00,19,1,MARKUP,5,A,114.708066,114.46829293365225,115.30749866586939,0.23977306634775175,0.04941413269549757,0,1,1,0,1,1,False,-1,
27002,2026-02-09 20:50:00,20,1,MARKUP,4,B,114.708066,114.47294196078309,115.29587609804229,0.23512403921691316,0.04011607843380976,0,0,1,0,1,1,False,-1,
27136,2026-02-10 08:00:00,8,-1,MARKDOWN,4,B,114.80016,115.06207025370706,114.14538436573235,0.26191025370705745,0.050140507414123264,0,0,0,1,1,1,False,-1,
27148,2026-02-10 09:00:00,9,-1,MARKDOWN,4,B,114.76617,115.00733871457132,114.1632482135717,0.24116871457131595,0.05067742914262897,0,0,1,0,1,1,False,-1,
27180,2026-02-10 11:40:00,11,-1,MARKDOWN,6,A+,114.62464800000001,114.77556833927146,114.24734715182137,0.1509203392714511,0.04513667854292275,0,1,1,1,1,1,False,-1,
27196,2026-02-10 13:00:00,13,-1,MARKDOWN,5,A,114.594852,114.77555818293743,114.14308654265643,0.18070618293742768,0.04511636587485127,0,1,0,1,1,1,False,-1,
27208,2026-02-10 14:00:00,14,-1,MARKDOWN,5,A,114.594852,114.7728882980308,114.14976125492302,0.1780362980307899,0.03977659606158107,0,0,1,1,1,1,False,-1,
27220,2026-02-10 15:00:00,15,-1,MARKDOWN,5,A,114.561414,114.74820987749467,114.0944243062633,0.1867958774946743,0.05041975498933848,0,1,1,0,1,1,False,-1,
27232,2026-02-10 16:00:00,16,-1,MARKDOWN,5,A,114.443786,114.65628679130057,113.91253402174857,0.2125007913005703,0.06057358260113202,0,1,0,1,1,1,False,-1,
27244,2026-02-10 17:00:00,17,-1,MARKDOWN,6,A+,114.289732,114.5497687570202,113.6396401074495,0.26003675702020246,0.08153751404039929,0,1,1,1,1,1,False,-1,
27256,2026-02-10 18:00:00,18,-1,MARKDOWN,4,B,114.277508,114.55215089647831,113.59090075880422,0.2746428964783121,0.08630179295663212,0,1,0,0,1,1,False,-1,
27268,2026-02-10 19:00:00,19,-1,MARKDOWN,6,A+,114.257272,114.52301214658037,113.59292163354908,0.26574014658037015,0.07002429316074864,0,1,1,1,1,1,False,-1,
27280,2026-02-10 20:00:00,20,-1,MARKDOWN,5,A,114.18620200000001,114.39873216708622,113.65487658228447,0.2125301670862143,0.051464334172445024,0,0,1,1,1,1,False,-1,
27424,2026-02-11 08:00:00,8,-1,MARKDOWN,6,A+,113.512184,113.80272507239738,112.78583131900658,0.2905410723973745,0.05545014479475588,0,1,1,1,1,1,False,-1,
27436,2026-02-11 09:00:00,9,-1,MARKDOWN,4,B,113.465476,113.76044064001736,112.72806439995657,0.2949646400173691,0.06888128003472455,0,0,0,1,1,1,False,-1,
27448,2026-02-11 10:00:00,10,-1,MARKDOWN,5,A,113.440138,113.71966259806088,112.74132650484782,0.27952459806087404,0.06932519612174869,0,1,1,0,1,1,True,27462,0.8734957602813312
27506,2026-02-11 14:50:00,14,-1,MARKDOWN,6,A+,113.412784,113.58814056029935,112.97439259925163,0.17535656029934898,0.05428112059868274,0,1,1,1,1,1,True,27514,-1.0
27518,2026-02-11 15:50:00,15,-1,MARKDOWN,4,B,113.251128,113.81483691977039,111.84185570057402,0.5637089197703915,0.21367383954078148,1,0,0,0,1,1,True,27519,0.8104289427507241
27530,2026-02-11 16:50:00,16,-1,MARKDOWN,6,A+,113.251128,113.78402384090562,111.91888839773594,0.5328958409056241,0.15204768181123512,0,1,1,1,1,1,False,-1,
27542,2026-02-11 17:50:00,17,-1,MARKDOWN,5,A,113.251128,113.76661556981584,111.96240907546039,0.5154875698158463,0.11723113963167801,0,1,0,1,1,1,False,-1,
27554,2026-02-11 18:50:00,18,-1,MARKDOWN,5,A,113.251128,113.75780280942239,111.984440976444,0.5066748094223925,0.09960561884477082,0,1,1,0,1,1,False,-1,
27566,2026-02-11 19:50:00,19,-1,MARKDOWN,4,B,113.251128,113.75126413280155,112.0007876679961,0.5001361328015577,0.0865282656031114,0,0,0,1,1,1,False,-1,
27578,2026-02-11 20:50:00,20,-1,MARKDOWN,6,A+,113.04812,113.40185028476658,112.16379428808354,0.3537302847665842,0.06570056953316433,0,1,1,1,1,1,False,-1,
27726,2026-02-12 09:10:00,9,1,MARKUP,5,A,112.51971400000001,112.19832565546312,113.32318486134221,0.32138834453688503,0.08734868907377724,0,1,0,1,1,1,False,-1,
27772,2026-02-12 13:00:00,13,1,MARKUP,6,A+,112.718092,112.53248006389315,113.18212184026713,0.18561193610685223,0.06103987221370201,0,1,1,1,1,1,False,-1,
27784,2026-02-12 14:00:00,14,1,MARKUP,6,A+,112.776538,112.53726442038263,113.37472194904345,0.23927357961737528,0.05147115923475963,0,1,1,1,1,1,False,-1,
27796,2026-02-12 15:00:00,15,1,MARKUP,5,A,112.83231,112.53412925775368,113.57776185561583,0.2981807422463305,0.05774148449264856,0,1,0,1,1,1,True,27812,-1.0
27808,2026-02-12 16:00:00,16,1,MARKUP,2,C,112.87495200000001,112.60092288887459,113.56002477781354,0.27402911112541517,0.06215422225082717,0,0,0,0,0,1,True,27810,-1.0
27826,2026-02-12 17:30:00,17,-1,MARKDOWN,4,B,112.967748,113.3036417842314,112.12801353942149,0.33589378423140204,0.07128356846279604,0,1,0,0,1,1,False,-1,
27838,2026-02-12 18:30:00,18,-1,MARKDOWN,5,A,112.699202,113.32312276518826,111.13940008702934,0.6239207651882595,0.11024553037650484,0,1,0,1,1,1,False,-1,
27850,2026-02-12 19:30:00,19,-1,MARKDOWN,5,A,112.699202,113.32199328783493,111.14222378041268,0.6227912878349287,0.10798657566986637,0,1,1,1,0,1,False,-1,
27862,2026-02-12 20:30:00,20,-1,MARKDOWN,4,B,112.557062,113.07800661029206,111.25470047426984,0.5209446102920623,0.08001322058412445,0,0,1,0,1,1,False,-1,
28000,2026-02-13 08:00:00,8,1,MARKUP,6,A+,112.388598,112.2125688059523,112.82867098511926,0.17602919404770034,0.05486238809539089,0,1,1,1,1,1,False,-1,
28012,2026-02-13 09:00:00,9,1,MARKUP,6,A+,112.38134,112.2113864651319,112.80622383717025,0.1699535348680996,0.05722706973618792,0,1,1,1,1,1,False,-1,
28024,2026-02-13 10:00:00,10,1,MARKUP,6,A+,112.44246,112.20818787507113,113.02814031232217,0.2342721249288644,0.06362424985772032,0,1,1,1,1,1,False,-1,
28036,2026-02-13 11:00:00,11,1,MARKUP,5,A,112.499378,112.20958304437812,113.22386538905468,0.28979495562187196,0.06083391124374792,0,1,0,1,1,1,False,-1,
28089,2026-02-13 15:25:00,15,-1,MARKDOWN,6,A+,112.75234999999999,112.99615991505736,112.14282521235657,0.24380991505736915,0.048319830114723336,0,1,1,1,1,1,False,-1,
28101,2026-02-13 16:25:00,16,-1,MARKDOWN,5,A,112.687206,112.97912507932072,111.9574083016982,0.2919190793207207,0.07425015864146065,0,1,1,1,0,1,False,-1,
28113,2026-02-13 17:25:00,17,-1,MARKDOWN,2,C,112.53961,112.83679887478485,111.79663781303788,0.297188874784851,0.10159774956969288,0,0,0,0,0,1,False,-1,
28125,2026-02-13 18:25:00,18,-1,MARKDOWN,6,A+,112.47163,112.7235299821216,111.84188004469601,0.2518999821215999,0.09505996424321062,0,1,1,1,1,1,False,-1,
28137,2026-02-13 19:25:00,19,-1,MARKDOWN,5,A,112.42219,112.63228441975106,111.89695395062236,0.21009441975105858,0.07256883950211972,0,1,0,1,1,1,False,-1,
28288,2026-02-16 08:00:00,8,1,MARKUP,6,A+,112.423164,112.33278585686217,112.64910935784457,0.09037814313782633,0.02642828627565027,0,1,1,1,1,1,False,-1,
28300,2026-02-16 09:00:00,9,1,MARKUP,5,A,112.442322,112.36290545289276,112.6408633677681,0.07941654710724322,0.028189094214466616,0,1,1,0,1,1,False,-1,
28312,2026-02-16 10:00:00,10,1,MARKUP,5,A,112.523004,112.38328512104695,112.87230119738263,0.13971887895304747,0.033429757906118976,0,1,0,1,1,1,False,-1,
28324,2026-02-16 11:00:00,11,1,MARKUP,5,A,112.53088,112.38368120072666,112.89887699818334,0.14719879927334034,0.03463759854666928,0,1,0,1,1,1,False,-1,
28348,2026-02-16 13:00:00,13,1,MARKUP,4,B,112.63597999999999,112.46865326592273,113.05429683519316,0.16732673407726395,0.036693468154552725,0,0,0,1,1,1,True,28353,-1.0
28389,2026-02-16 16:25:00,16,-1,MARKDOWN,5,A,112.73145799999999,112.89189366981616,112.33036882545957,0.16043566981616664,0.029787339632326167,0,1,0,1,1,1,False,-1,
28401,2026-02-16 17:25:00,17,-1,MARKDOWN,5,A,112.713122,112.8928709191052,112.26374970223698,0.17974891910520796,0.03174183821041708,0,1,1,0,1,1,False,-1,
28576,2026-02-17 08:00:00,8,-1,MARKDOWN,6,A+,112.302874,112.47964254989392,111.8609526252652,0.17676854989392154,0.05328509978784486,0,1,1,1,1,1,False,-1,
28588,2026-02-17 09:00:00,9,-1,MARKDOWN,5,A,112.237366,112.3711177225995,111.90298669350125,0.13375172259949863,0.04823544519899081,0,1,1,0,1,1,True,28600,1.3722076118413025
28603,2026-02-17 10:15:00,10,-1,MARKDOWN,5,A,112.188356,112.3471871245428,111.79127818864299,0.15883112454280024,0.056374249085580544,0,0,1,1,1,1,False,-1,
28615,2026-02-17 11:15:00,11,-1,MARKDOWN,4,B,112.161616,112.34686221863934,111.69850045340162,0.18524621863934954,0.055724437278690864,0,1,0,1,0,1,True,28629,-1.0
28662,2026-02-17 15:10:00,15,-1,MARKDOWN,6,A+,112.13380599999999,112.29464821122643,111.73170047193389,0.16084221122643783,0.041296422452862566,0,1,1,1,1,1,True,28663,-1.0
28684,2026-02-17 17:00:00,17,1,MARKUP,6,A+,112.13154399999999,111.98542750688664,112.49683523278338,0.14611649311335384,0.0691449862267238,0,1,1,1,1,1,False,-1,
28696,2026-02-17 18:00:00,18,1,MARKUP,6,A+,112.198776,111.98273427145966,112.73888032135082,0.21604172854033266,0.07453145708065674,0,1,1,1,1,1,False,-1,
28708,2026-02-17 19:00:00,19,1,MARKUP,5,A,112.227808,111.98942269255242,112.82377126861893,0.23838530744757236,0.06115461489514051,0,1,0,1,1,1,False,-1,
28720,2026-02-17 20:00:00,20,1,MARKUP,5,A,112.227808,111.992748343922,112.81545714019498,0.2350596560779934,0.054503312155985945,0,0,1,1,1,1,False,-1,
28888,2026-02-18 10:00:00,10,1,MARKUP,5,A,112.43455800000001,112.35157662260268,112.64201144349335,0.08298137739733136,0.03684675479466475,0,1,1,0,1,1,True,28890,1.75
28900,2026-02-18 11:00:00,11,1,MARKUP,4,B,112.43417600000001,112.34965618552235,112.64547553619416,0.08451981447765888,0.040687628955325,0,1,0,0,1,1,False,-1,
28924,2026-02-18 13:00:00,13,1,MARKUP,5,A,112.487656,112.35446360654268,112.82063698364331,0.13319239345732115,0.03107278691465047,0,1,0,1,1,1,False,-1,
28936,2026-02-18 14:00:00,14,1,MARKUP,6,A+,112.507432,112.38526786693801,112.81284233265495,0.12216413306198604,0.03346426612399124,0,1,1,1,1,1,False,-1,
28950,2026-02-18 15:10:00,15,1,MARKUP,5,A,112.54500399999999,112.4025120231336,112.90123394216599,0.14249197686639548,0.038975953732788296,0,0,1,1,1,1,True,28956,1.75
28962,2026-02-18 16:10:00,16,1,MARKUP,4,B,112.604332,112.49629725997828,112.8744188500543,0.10803474002172209,0.0434054800434517,0,1,1,0,0,1,False,-1,
28974,2026-02-18 17:10:00,17,1,MARKUP,5,A,112.706462,112.50773923078336,113.2032689230416,0.19872276921664422,0.06052153843327532,0,1,0,1,1,1,False,-1,
28986,2026-02-18 18:10:00,18,1,MARKUP,5,A,112.71372,112.5123551961391,113.21713200965223,0.20136480386089772,0.05128960772180822,0,1,1,1,0,1,False,-1,
28998,2026-02-18 19:10:00,19,1,MARKUP,4,B,112.71372,112.5168664316672,113.205853920832,0.19685356833279855,0.04226713666559819,0,1,0,0,1,1,False,-1,
29010,2026-02-18 20:10:00,20,1,MARKUP,4,B,112.72136,112.5201894926289,113.22428626842776,0.20117050737110276,0.035621014742200356,0,1,0,0,1,1,False,-1,
29152,2026-02-19 08:00:00,8,1,MARKUP,6,A+,113.12414799999999,112.94519416843704,113.57153257890737,0.17895383156294997,0.04161166312590795,0,1,1,1,1,1,False,-1,
29164,2026-02-19 09:00:00,9,1,MARKUP,6,A+,113.185768,113.04026929007357,113.54951477481606,0.14549870992642866,0.04346141985287239,0,1,1,1,1,1,True,29183,0.7201943394115593
29190,2026-02-19 11:10:00,11,1,MARKUP,5,A,113.225892,113.08123554435592,113.5875331391102,0.14465645564408192,0.055528911288156645,0,1,1,1,0,1,True,29197,-1.0
29212,2026-02-19 13:00:00,13,-1,MARKDOWN,5,A,113.269458,113.441712498407,112.8388217539825,0.1722544984069998,0.05342499681397794,0,1,0,1,1,1,False,-1,
29224,2026-02-19 14:00:00,14,-1,MARKDOWN,6,A+,113.214068,113.43940374116966,112.65072864707585,0.22533574116965838,0.0488074823393093,0,1,1,1,1,1,True,29247,-0.3991022442032111
29236,2026-02-19 15:00:00,15,-1,MARKDOWN,5,A,113.170808,113.36734309688673,112.67947025778315,0.1965350968867341,0.0446861937734669,0,0,1,1,1,1,True,29242,-0.6217311917088959
29261,2026-02-19 17:05:00,17,1,MARKUP,4,B,113.050586,112.85406183666467,113.54189640833832,0.19652416333532585,0.06987632667064234,0,1,0,0,1,1,False,-1,
29273,2026-02-19 18:05:00,18,1,MARKUP,4,B,113.066248,112.85466161241557,113.59521396896108,0.2115863875844326,0.06867677516886608,0,1,0,0,1,1,False,-1,
29306,2026-02-19 20:50:00,20,-1,MARKDOWN,4,B,113.258646,113.37276461751762,112.97334945620595,0.11411861751761876,0.03952923503524248,0,1,0,0,1,1,True,29326,-1.0
29440,2026-02-20 08:00:00,8,1,MARKUP,6,A+,113.314262,113.16607678632909,113.68472503417729,0.14818521367091364,0.03584642734181,0,1,1,1,1,1,True,29455,0.9520238727742383
29452,2026-02-20 09:00:00,9,1,MARKUP,4,B,113.314262,113.16338824834965,113.69144637912588,0.15087375165035155,0.04122350330069699,1,0,0,0,1,1,True,29455,0.9439689040585232
29464,2026-02-20 10:00:00,10,1,MARKUP,6,A+,113.34133,113.19378501448706,113.71019246378233,0.14754498551293693,0.054429971025876475,0,1,1,1,1,1,False,-1,
29476,2026-02-20 11:00:00,11,1,MARKUP,6,A+,113.400922,113.19231880031698,113.92242999920752,0.20860319968301155,0.05736239936603095,0,1,1,1,1,1,True,29499,0.5247844874867182
29531,2026-02-20 15:35:00,15,1,MARKUP,7,A+,113.434676,113.24920617301623,113.8983505674594,0.1854698269837627,0.05158765396755251,1,1,1,1,1,1,True,29543,-1.0
29553,2026-02-20 17:25:00,17,-1,MARKDOWN,5,A,113.43855,113.66889147509512,112.86269631226222,0.23034147509511627,0.0977829501902254,0,1,0,1,1,1,False,-1,
29565,2026-02-20 18:25:00,18,-1,MARKDOWN,5,A,113.41563000000001,113.66263054501734,112.79812863745668,0.24700054501732893,0.08526109003466513,0,1,0,1,1,1,False,-1,
29577,2026-02-20 19:25:00,19,-1,MARKDOWN,3,C,113.41563000000001,113.65518151316648,112.81675121708382,0.23955151316647516,0.07036302633295959,0,0,0,0,1,1,False,-1,
29589,2026-02-20 20:25:00,20,-1,MARKDOWN,5,A,113.41563000000001,113.64944189295547,112.83110026761136,0.23381189295545823,0.05888378591091067,0,0,1,1,1,1,False,-1,
29757,2026-02-23 10:25:00,10,1,MARKUP,5,A,112.971216,112.79831806804411,113.40346082988972,0.17289793195588743,0.04936386391177628,0,1,0,1,1,1,False,-1,
29769,2026-02-23 11:25:00,11,1,MARKUP,5,A,113.017216,112.84781343899436,113.4407224025141,0.16940256100564,0.04237312201126127,0,1,0,1,1,1,False,-1,
29788,2026-02-23 13:00:00,13,1,MARKUP,3,C,113.0378,112.86751200560465,113.46351998598838,0.17028799439535192,0.03497598879071342,0,0,0,0,1,1,False,-1,
29800,2026-02-23 14:00:00,14,1,MARKUP,2,C,113.11381399999999,112.99089213847921,113.42111865380194,0.12292186152077988,0.03421572304157299,0,0,0,0,0,1,True,29803,-1.0
29821,2026-02-23 15:45:00,15,-1,MARKDOWN,4,B,113.140604,113.3065326567166,112.72578235820849,0.16592865671660206,0.04306531343319149,0,1,0,1,0,1,True,29830,1.3814374655508377
29833,2026-02-23 16:45:00,16,-1,MARKDOWN,5,A,113.140604,113.30990932637718,112.71734068405704,0.16930532637718443,0.04981865275436041,1,0,0,1,1,1,False,-1,
29845,2026-02-23 17:45:00,17,-1,MARKDOWN,6,A+,113.093604,113.26540531092455,112.66410072268863,0.17180131092455042,0.05481062184909727,0,1,1,1,1,1,False,-1,
29857,2026-02-23 18:45:00,18,-1,MARKDOWN,5,A,113.051584,113.2640711884668,112.52036602883302,0.21248718846679537,0.05214237693360352,0,1,1,1,0,1,False,-1,
29869,2026-02-23 19:45:00,19,-1,MARKDOWN,5,A,113.017068,113.24113617282485,112.45689756793786,0.22406817282485747,0.04627234564968852,0,1,0,1,1,1,False,-1,
29881,2026-02-23 20:45:00,20,-1,MARKDOWN,5,A,113.017068,113.23858707951975,112.46327030120062,0.22151907951975147,0.04117415903947994,0,0,1,1,1,1,False,-1,
30016,2026-02-24 08:00:00,8,1,MARKUP,5,A,113.131734,112.9878634439202,113.49141039019946,0.14387055607978994,0.030273112159586314,0,1,0,1,1,1,True,30028,2.5
30029,2026-02-24 09:05:00,9,1,MARKUP,5,A,113.213832,113.00343696411149,113.73981958972126,0.21039503588851005,0.057126071777011615,0,1,1,0,1,1,False,-1,
30041,2026-02-24 10:05:00,10,1,MARKUP,4,B,113.416014,113.04194042677791,114.35119793305523,0.3740735732220912,0.0781191464441664,0,1,0,1,0,1,False,-1,
30053,2026-02-24 11:05:00,11,1,MARKUP,4,B,113.468552,113.07524455043743,114.45182062390643,0.39330744956257035,0.07151089912513142,0,1,0,1,0,1,False,-1,
30076,2026-02-24 13:00:00,13,1,MARKUP,4,B,113.468552,113.0863144423033,114.42414589424175,0.38223755769669765,0.049371115393389724,0,0,1,0,1,1,False,-1,
30104,2026-02-24 15:20:00,15,1,MARKUP,7,A+,113.75972,113.56029796792623,114.25827508018443,0.19942203207376963,0.04740406414754325,1,1,1,1,1,1,True,30105,-1.0
30128,2026-02-24 17:20:00,17,1,MARKUP,6,A+,113.685612,113.55524099561876,114.01153951095313,0.13037100438124583,0.05751800876247984,0,1,1,1,1,1,True,30130,-1.0
30304,2026-02-25 08:00:00,8,1,MARKUP,3,C,113.701248,113.50007569393753,114.2041787651562,0.2011723060624746,0.04784861212494894,0,0,0,0,1,1,False,-1,
30316,2026-02-25 09:00:00,9,1,MARKUP,6,A+,113.701248,113.49973781250515,114.20502346873715,0.20151018749486127,0.04852437498971121,0,1,1,1,1,1,False,-1,
30328,2026-02-25 10:00:00,10,1,MARKUP,6,A+,113.710034,113.4978432138742,114.24051096531446,0.21219078612578812,0.05231357225160016,0,1,1,1,1,1,False,-1,
30340,2026-02-25 11:00:00,11,1,MARKUP,6,A+,113.911932,113.6855191378682,114.47796415532949,0.22641286213179512,0.05096172426360956,0,1,1,1,1,1,False,-1,
30364,2026-02-25 13:00:00,13,1,MARKUP,5,A,113.999792,113.68508443450592,114.78656091373519,0.31470756549407497,0.05183113098816072,0,1,0,1,1,1,False,-1,
30376,2026-02-25 14:00:00,14,1,MARKUP,4,B,114.090638,113.83943979915556,114.7186335021111,0.251198200844442,0.037120401688899934,0,1,0,0,1,1,False,-1,
30388,2026-02-25 15:00:00,15,1,MARKUP,5,A,114.178,113.96883896964657,114.70090257588356,0.20916103035342815,0.03632206070686127,0,1,0,1,1,1,False,-1,
30401,2026-02-25 16:05:00,16,1,MARKUP,5,A,114.295498,114.14526384226433,114.67108339433916,0.1502341577356674,0.041472315471346666,0,0,1,1,1,1,True,30407,-0.16972172230540206
30614,2026-02-26 09:50:00,9,1,MARKUP,4,B,114.0776,113.94316645306594,114.41368386733515,0.13443354693406206,0.03966709386810335,0,1,0,0,1,1,True,30624,-1.0
30626,2026-02-26 10:50:00,10,-1,MARKDOWN,6,A+,114.15149,114.29120273201715,113.8022081699571,0.13971273201715917,0.046405464034318354,0,1,1,1,1,1,False,-1,
30652,2026-02-26 13:00:00,13,-1,MARKDOWN,5,A,114.16868,114.28351855338649,113.88158361653376,0.11483855338649107,0.031037106772964115,0,1,0,1,1,1,False,-1,
30664,2026-02-26 14:00:00,14,-1,MARKDOWN,6,A+,114.16868,114.28172339117845,113.88607152205387,0.11304339117845075,0.027446782356882707,0,1,1,1,1,1,True,30678,0.9104703925474233
30681,2026-02-26 15:25:00,15,-1,MARKDOWN,6,A+,114.108734,114.19011749707879,113.90527525730303,0.08138349707878945,0.038234994157574344,0,1,1,1,1,1,True,30687,1.75
30693,2026-02-26 16:25:00,16,-1,MARKDOWN,6,A+,114.10797000000001,114.19005011833328,113.90276970416684,0.08208011833326623,0.038100236666546085,0,1,1,1,1,1,True,30712,-1.0
30705,2026-02-26 17:25:00,17,-1,MARKDOWN,5,A,114.012088,114.20579848502835,113.52781178742913,0.19371048502834753,0.06959697005668429,0,1,0,1,1,1,True,30710,-1.0
30729,2026-02-26 19:25:00,19,1,MARKUP,6,A+,113.92881,113.72978130005944,114.42638174985139,0.1990286999405555,0.050437399881116195,0,1,1,1,1,1,False,-1,
30741,2026-02-26 20:25:00,20,1,MARKUP,6,A+,113.94027,113.73334322674421,114.45758693313947,0.20692677325578757,0.04331354651156301,0,1,1,1,1,1,False,-1,
30893,2026-02-27 09:05:00,9,1,MARKUP,6,A+,113.93178,113.8022864015779,114.25551399605526,0.12949359842210129,0.037427196844189325,0,1,1,1,1,1,False,-1,
30905,2026-02-27 10:05:00,10,1,MARKUP,5,A,113.96997999999999,113.80010057344042,114.39467856639894,0.1698794265595751,0.041798853119169484,0,1,0,1,1,1,False,-1,
30917,2026-02-27 11:05:00,11,1,MARKUP,6,A+,113.976474,113.79870424005138,114.42089839987153,0.17776975994861743,0.04459151989723245,0,1,1,1,1,1,False,-1,
30966,2026-02-27 15:10:00,15,1,MARKUP,6,A+,114.089646,113.97541656527073,114.37521958682316,0.11422943472926761,0.03516686945852056,0,1,1,1,1,1,True,30970,0.5
30978,2026-02-27 16:10:00,16,1,MARKUP,5,A,114.098432,113.96568565257529,114.43029786856178,0.13274634742471392,0.0546286948494216,0,1,0,1,1,1,False,-1,
30990,2026-02-27 17:10:00,17,1,MARKUP,6,A+,114.150384,113.96406409742565,114.61618375643589,0.18631990257435405,0.05787180514870211,0,1,1,1,1,1,False,-1,
31002,2026-02-27 18:10:00,18,1,MARKUP,6,A+,114.188202,113.96145316817122,114.75507407957197,0.22674883182878602,0.06309366365754307,0,1,1,1,1,1,False,-1,
31014,2026-02-27 19:10:00,19,1,MARKUP,6,A+,114.20351600000001,113.97292180760216,114.78000148099463,0.23059419239784518,0.05015638479568018,0,1,1,1,1,1,False,-1,
31026,2026-02-27 20:10:00,20,1,MARKUP,6,A+,114.243652,114.03748519640588,114.75906900898528,0.20616680359411532,0.04102960718824107,0,1,1,1,1,1,False,-1,
31168,2026-03-02 08:00:00,8,1,MARKUP,5,A,114.605698,114.41479945093256,115.0829443726686,0.19089854906744108,0.04640109813486719,0,1,1,1,0,1,False,-1,
31180,2026-03-02 09:00:00,9,1,MARKUP,6,A+,114.64052799999999,114.42200718594131,115.18683003514668,0.21852081405867807,0.051985628117371126,0,1,1,1,1,1,False,-1,
31192,2026-03-02 10:00:00,10,1,MARKUP,6,A+,114.67358399999999,114.44920054309036,115.23454264227408,0.22438345690963502,0.05759891381927894,0,1,1,1,1,1,False,-1,
31204,2026-03-02 11:00:00,11,1,MARKUP,4,B,114.722764,114.49959467427192,115.2806873143202,0.22316932572807957,0.06281065145616548,0,0,0,1,1,1,False,-1,
31228,2026-03-02 13:00:00,13,1,MARKUP,4,B,114.88529799999999,114.77009882616768,115.17329593458076,0.11519917383230904,0.0478023476646175,0,1,0,1,0,1,True,31238,1.75
31240,2026-03-02 14:00:00,14,1,MARKUP,5,A,114.88529799999999,114.7719727726542,115.16861106836448,0.11332522734579697,0.044054454691600006,0,1,1,0,1,1,False,-1,
31252,2026-03-02 15:00:00,15,1,MARKUP,6,A+,114.956732,114.7718328562482,115.41897985937952,0.1848991437518066,0.04433428750360085,0,1,1,1,1,1,False,-1,
31264,2026-03-02 16:00:00,16,1,MARKUP,5,A,114.996384,114.81216763676407,115.45692490808983,0.18421636323593304,0.05366472647185983,0,1,0,1,1,1,False,-1,
31276,2026-03-02 17:00:00,17,1,MARKUP,5,A,115.027126,114.84580511441494,115.48042821396263,0.18132088558505188,0.06238977117010009,0,1,1,0,1,1,True,31289,-1.0
31310,2026-03-02 19:50:00,19,-1,MARKDOWN,5,A,115.090146,115.30615091548857,114.55013371127859,0.21600491548856837,0.0523018309771468,0,1,0,1,1,1,False,-1,
31322,2026-03-02 20:50:00,20,-1,MARKDOWN,4,B,115.090146,115.30066315695998,114.56385310760005,0.2105171569599804,0.04132631391996963,0,0,1,0,1,1,True,31339,-1.0
31467,2026-03-03 08:55:00,8,-1,MARKDOWN,4,B,115.097072,115.19598334682009,114.84979363294977,0.0989113468200884,0.04196669364016994,0,1,0,0,1,1,True,31476,0.5
31479,2026-03-03 09:55:00,9,-1,MARKDOWN,4,B,115.082174,115.20510424148375,114.7748483962906,0.12293024148375764,0.06020848296751464,1,0,1,0,0,1,True,31480,-1.0
31491,2026-03-03 10:55:00,10,-1,MARKDOWN,4,B,115.082174,115.20528133146718,114.77440567133203,0.12310733146718178,0.060562662934351,0,1,1,0,0,1,True,31498,-1.0
31516,2026-03-03 13:00:00,13,1,MARKUP,6,A+,115.02864600000001,114.90816391814006,115.32985120464988,0.12048208185994724,0.047672163719881824,0,1,1,1,1,1,False,-1,
31528,2026-03-03 14:00:00,14,1,MARKUP,5,A,115.036286,114.90444542810954,115.36588742972617,0.13184057189046428,0.0551091437809247,0,1,1,0,1,1,False,-1,
31540,2026-03-03 15:00:00,15,1,MARKUP,5,A,115.07508399999999,114.9476996841712,115.39354478957196,0.12738431582879173,0.05460063165760311,0,1,1,0,1,1,True,31560,-1.0
31552,2026-03-03 16:00:00,16,1,MARKUP,5,A,115.110196,114.9787785068542,115.43873973286452,0.1314174931458041,0.050442986291620265,1,0,1,0,1,1,True,31558,-1.0
31564,2026-03-03 17:00:00,17,-1,MARKDOWN,6,A+,115.074574,115.32079228824304,114.45902827939238,0.2462182882430426,0.07758457648608162,0,1,1,1,1,1,True,31570,-1.0
31578,2026-03-03 18:10:00,18,1,MARKUP,6,A+,114.992108,114.68091237885662,115.77009705285846,0.3111956211433835,0.09217524228675783,0,1,1,1,1,1,False,-1,
31590,2026-03-03 19:10:00,19,1,MARKUP,6,A+,115.002422,114.68887665295722,115.78628536760694,0.31354534704277626,0.07624669408555759,0,1,1,1,1,1,False,-1,
31602,2026-03-03 20:10:00,20,1,MARKUP,4,B,115.01541,114.69670037488446,115.81218406278887,0.31870962511554524,0.06059925023108777,0,1,1,0,0,1,False,-1,
31772,2026-03-04 10:20:00,10,1,MARKUP,4,B,115.040192,114.8354597883944,115.55202252901401,0.2047322116056023,0.06108042321119589,0,0,1,1,0,1,True,31785,-1.0
31786,2026-03-04 11:30:00,11,-1,MARKDOWN,6,A+,115.15277400000001,115.35189281769011,114.65497695577474,0.1991188176901062,0.05978563538023636,0,1,1,1,1,1,False,-1,
31804,2026-03-04 13:00:00,13,-1,MARKDOWN,3,C,115.15774,115.3498656163742,114.67742595906451,0.19212561637419867,0.05573123274841207,0,0,0,1,0,1,False,-1,
31819,2026-03-04 14:15:00,14,-1,MARKDOWN,5,A,115.15774,115.34825836497733,114.6814440875567,0.1905183649773221,0.05251672995464569,0,0,1,1,1,1,False,-1,
31834,2026-03-04 15:30:00,15,-1,MARKDOWN,5,A,115.12066,115.29119471168912,114.69432322077722,0.17053471168911472,0.058389423378226134,0,1,1,0,1,1,True,31858,1.1606740028544873
31846,2026-03-04 16:30:00,16,-1,MARKDOWN,5,A,115.03352199999999,115.14955054688838,114.74345063277903,0.11602854688838704,0.057101093776778425,0,1,0,1,1,1,True,31847,0.5519007622154058
31865,2026-03-04 18:05:00,18,-1,MARKDOWN,6,A+,115.05559,115.1833663264578,114.73614918385547,0.12777632645780557,0.06073265291558769,0,1,1,1,1,1,False,-1,
31877,2026-03-04 19:05:00,19,-1,MARKDOWN,6,A+,115.017008,115.18088626319484,114.60731234201293,0.16387826319483167,0.05577252638965177,0,1,1,1,1,1,False,-1,
31889,2026-03-04 20:05:00,20,-1,MARKDOWN,4,B,115.012424,115.17497702996428,114.60604142508927,0.1625530299642861,0.043954059928555375,0,1,0,0,1,1,True,31903,-1.0
32032,2026-03-05 08:00:00,8,1,MARKUP,3,C,114.926598,114.75591455717884,115.3533066070529,0.17068344282115788,0.04417088564232911,0,0,0,1,0,1,False,-1,
32044,2026-03-05 09:00:00,9,1,MARKUP,5,A,114.989016,114.85323828219161,115.328460294521,0.13577771780839498,0.05152343561679525,0,1,1,1,0,1,False,-1,
32056,2026-03-05 10:00:00,10,1,MARKUP,5,A,115.065532,114.91726920894716,115.43618897763211,0.14826279105284357,0.04746158210567925,0,1,0,1,1,1,True,32062,1.75
32068,2026-03-05 11:00:00,11,1,MARKUP,6,A+,115.07171199999999,114.92746758112224,115.43232304719436,0.1442444188777472,0.04706483775550853,0,1,1,1,1,1,True,32072,1.75
32092,2026-03-05 13:00:00,13,1,MARKUP,6,A+,115.096542,114.92955356023236,115.51401309941909,0.16698843976763555,0.04289287953524531,0,1,1,1,1,1,False,-1,
32104,2026-03-05 14:00:00,14,1,MARKUP,6,A+,115.187698,115.00178159842793,115.65248900393019,0.18591640157207223,0.03643680314413399,0,1,1,1,1,1,False,-1,
32116,2026-03-05 15:00:00,15,1,MARKUP,6,A+,115.258368,115.00070925897808,115.90251485255482,0.25765874102192754,0.038581482043846434,0,1,1,1,1,1,False,-1,
32128,2026-03-05 16:00:00,16,1,MARKUP,3,C,115.30394,115.0246539595138,116.0021551012155,0.2792860404861983,0.04669208097239261,0,0,0,1,0,1,True,32145,-1.0
32162,2026-03-05 18:50:00,18,-1,MARKDOWN,5,A,115.452892,115.74886670309002,114.71295524227497,0.2959747030900104,0.06173340618002257,0,1,1,0,1,1,False,-1,
32174,2026-03-05 19:50:00,19,-1,MARKDOWN,5,A,115.452892,115.7472597693223,114.71697257669427,0.29436776932229236,0.058519538644600445,0,1,1,0,1,1,False,-1,
32320,2026-03-06 08:00:00,8,1,MARKUP,6,A+,115.372184,115.23316987679549,115.71971930801129,0.13901412320451811,0.039660246409030625,0,1,1,1,1,1,False,-1,
32332,2026-03-06 09:00:00,9,1,MARKUP,5,A,115.387218,115.2521171685981,115.72497007850475,0.13510083140189977,0.04176566280378806,0,1,1,0,1,1,True,32344,0.7879022161200986
32360,2026-03-06 11:20:00,11,1,MARKUP,5,A,115.43604,115.33277472781427,115.69420318046434,0.10326527218573744,0.03845054437147256,0,1,1,0,1,1,False,-1,
32380,2026-03-06 13:00:00,13,1,MARKUP,5,A,115.463456,115.3664976332693,115.70585191682672,0.09695836673068925,0.03500473346138267,0,1,1,0,1,1,False,-1,
32392,2026-03-06 14:00:00,14,1,MARKUP,5,A,115.48102800000001,115.36615425045817,115.76821237385462,0.11487374954184304,0.0356914990836642,0,1,1,0,1,1,True,32410,0.8973636664481826
32404,2026-03-06 15:00:00,15,1,MARKUP,6,A+,115.506622,115.36407082118313,115.86299994704214,0.1425511788168592,0.03985835763372482,0,1,1,1,1,1,True,32410,0.7304411269640092
32416,2026-03-06 16:00:00,16,1,MARKUP,3,C,115.509094,115.35395659551695,115.89693751120765,0.15513740448305668,0.06808680896611681,0,1,0,0,0,1,True,32424,1.0420511650028053
32430,2026-03-06 17:10:00,17,1,MARKUP,6,A+,115.51406,115.34714047959709,115.93135880100729,0.1669195204029137,0.08171904080582729,0,1,1,1,1,1,False,-1,
32442,2026-03-06 18:10:00,18,1,MARKUP,6,A+,115.555698,115.35055660885992,116.06855147785024,0.20514139114008856,0.0748867822801722,0,1,1,1,1,1,False,-1,
32454,2026-03-06 19:10:00,19,1,MARKUP,5,A,115.598864,115.35593703517202,116.20618141206998,0.24292696482798704,0.0641259296559862,0,1,0,1,1,1,False,-1,
32466,2026-03-06 20:10:00,20,1,MARKUP,4,B,115.646996,115.36295988989534,116.35708627526166,0.28403611010466534,0.05008022020934699,0,1,0,1,0,1,False,-1,
32608,2026-03-09 08:00:00,8,1,MARKUP,5,A,116.72490400000001,116.40797903276496,117.51721641808764,0.31692496723505315,0.04404193447011173,0,1,0,1,1,1,False,-1,
32672,2026-03-09 13:20:00,13,1,MARKUP,6,A+,116.849374,116.68450339894002,117.26155050264992,0.16487060105997386,0.056993202119950556,0,1,1,1,1,1,True,32696,-1.0
32684,2026-03-09 14:20:00,14,1,MARKUP,6,A+,116.87382199999999,116.68758784051657,117.33940739870854,0.18623415948341915,0.05082431896685682,0,1,1,1,1,1,True,32696,-1.0
32713,2026-03-09 16:45:00,16,-1,MARKDOWN,4,B,116.944046,117.18387406701106,116.34447583247234,0.23982806701106085,0.06174813402210132,0,1,0,1,0,1,False,-1,
32725,2026-03-09 17:45:00,17,-1,MARKDOWN,6,A+,116.944046,117.18535318768637,116.34077803078407,0.24130718768637394,0.06470637537272944,0,1,1,1,1,1,False,-1,
32737,2026-03-09 18:45:00,18,-1,MARKDOWN,5,A,116.856568,117.18676109432008,116.03108526419979,0.33019309432008015,0.06752218864013076,0,1,0,1,1,1,False,-1,
32749,2026-03-09 19:45:00,19,-1,MARKDOWN,6,A+,116.826904,117.13394168819352,116.05930977951621,0.3070376881935175,0.05788337638702201,0,1,1,1,1,1,False,-1,
32761,2026-03-09 20:45:00,20,-1,MARKDOWN,3,C,116.72493399999999,116.96413060029698,116.12694249925751,0.2391966002969923,0.04826120059397757,0,0,0,0,1,1,False,-1,
32900,2026-03-10 08:20:00,8,-1,MARKDOWN,6,A+,116.04011799999999,116.15299554807608,115.75792412980978,0.11287754807608508,0.03399109615217513,0,1,1,1,1,1,True,32903,0.9759996287927454
32912,2026-03-10 09:20:00,9,-1,MARKDOWN,6,A+,116.04011799999999,116.15242153105319,115.759359172367,0.11230353105320035,0.03284306210639132,1,1,0,1,1,1,True,32913,0.9784326056301738
32924,2026-03-10 10:20:00,10,-1,MARKDOWN,6,A+,116.062656,116.15687613142661,115.82710567143349,0.09422013142661001,0.041752262853227765,0,1,1,1,1,1,True,32941,-1.0
32936,2026-03-10 11:20:00,11,-1,MARKDOWN,6,A+,116.022928,116.16237503411854,115.67431041470363,0.13944703411854675,0.05275006823709244,0,1,1,1,1,1,True,32940,-1.0
32963,2026-03-10 13:35:00,13,1,MARKUP,6,A+,115.994328,115.81786809537297,116.43547776156755,0.17645990462702343,0.04426380925405816,0,1,1,1,1,1,False,-1,
32975,2026-03-10 14:35:00,14,1,MARKUP,5,A,116.029472,115.81867120810327,116.55647397974182,0.2108007918967303,0.042657583793458125,0,1,0,1,1,1,False,-1,
32987,2026-03-10 15:35:00,15,1,MARKUP,5,A,116.112748,115.81455325030066,116.85823487424832,0.29819474969933424,0.05089349939866893,0,1,0,1,1,1,False,-1,
33001,2026-03-10 16:45:00,16,1,MARKUP,4,B,116.221424,115.95148776388166,116.89626459029586,0.2699362361183404,0.05702447223669288,1,0,0,1,0,1,True,33024,0.6207984611837416
33013,2026-03-10 17:45:00,17,1,MARKUP,4,B,116.278898,116.04472749482042,116.86432426294894,0.23417050517957705,0.056545010359137476,0,0,1,1,0,1,True,33019,-1.0
33041,2026-03-10 20:05:00,20,-1,MARKDOWN,6,A+,116.396552,116.63836917303765,115.79200906740589,0.24181717303764572,0.0527383460752932,0,1,1,1,1,1,False,-1,
33220,2026-03-11 11:00:00,11,1,MARKUP,5,A,116.533408,116.38100710897226,116.91441022756933,0.1524008910277388,0.04198578205548034,0,1,1,1,0,1,False,-1,
33244,2026-03-11 13:00:00,13,1,MARKUP,5,A,116.567024,116.38490950888009,117.0223102277998,0.1821144911199184,0.034180982239820266,0,1,0,1,1,1,False,-1,
33256,2026-03-11 14:00:00,14,1,MARKUP,2,C,116.567024,116.38387931338227,117.02488571654435,0.1831446866177373,0.03624137323547877,0,0,0,0,0,1,False,-1,
33268,2026-03-11 15:00:00,15,1,MARKUP,5,A,116.620946,116.44308521180912,117.06559797047721,0.17786078819088402,0.04782957638176813,0,1,0,1,1,1,True,33281,0.9398301743534235
33287,2026-03-11 16:35:00,16,1,MARKUP,5,A,116.701814,116.5678698817861,117.03667429553477,0.13394411821390406,0.05626023642780424,1,0,1,0,1,1,True,33288,0.7821664884178017
33299,2026-03-11 17:35:00,17,1,MARKUP,5,A,116.69130799999999,116.54863791595905,117.04798321010236,0.14267008404094383,0.06072416808188291,0,1,0,1,1,1,False,-1,
33311,2026-03-11 18:35:00,18,1,MARKUP,5,A,116.70124,116.55264782238446,117.07272044403885,0.14859217761554078,0.05270435523107574,0,1,0,1,1,1,False,-1,
33323,2026-03-11 19:35:00,19,1,MARKUP,5,A,116.70124,116.5570355549243,117.06175111268925,0.14420444507570096,0.043928890151391724,0,1,1,0,1,1,False,-1,
33335,2026-03-11 20:35:00,20,1,MARKUP,5,A,116.76541599999999,116.55611509622229,117.28866825944425,0.20930090377770227,0.045769807555414516,0,1,0,1,1,1,False,-1,
33473,2026-03-12 08:05:00,8,1,MARKUP,4,B,117.000906,116.91638439537498,117.21221001156256,0.08452160462502434,0.029231209250035587,0,0,0,1,1,1,True,33491,-1.0
33485,2026-03-12 09:05:00,9,1,MARKUP,4,B,117.006468,116.92538677206427,117.20917106983931,0.08108122793572647,0.029226455871440304,0,0,0,1,1,1,True,33491,-1.0
33509,2026-03-12 11:05:00,11,-1,MARKDOWN,5,A,117.016208,117.13235694267874,116.72583564330317,0.1161489426787341,0.036713885357480124,0,1,0,1,1,1,False,-1,
33532,2026-03-12 13:00:00,13,-1,MARKDOWN,6,A+,117.002602,117.13148171835306,116.68040270411734,0.1288797183530619,0.036963436706115384,0,1,1,1,1,1,False,-1,
33544,2026-03-12 14:00:00,14,-1,MARKDOWN,6,A+,116.986558,117.12930325612847,116.62969485967884,0.1427452561284639,0.032606512256922036,0,1,1,1,1,1,False,-1,
33556,2026-03-12 15:00:00,15,-1,MARKDOWN,4,B,116.887884,117.03490428398882,116.52033329002793,0.14702028398882305,0.03580856797766043,0,0,0,1,1,1,True,33571,-1.0
33568,2026-03-12 16:00:00,16,-1,MARKDOWN,5,A,116.880468,117.0254742429609,116.51795239259773,0.14500624296090336,0.04094848592179662,0,0,1,1,1,1,True,33571,-1.0
33615,2026-03-12 19:55:00,19,-1,MARKDOWN,6,A+,116.912736,117.02978398944455,116.6201160263886,0.11704798944455774,0.04156797888909886,0,1,1,1,1,1,True,33624,-1.0
33760,2026-03-13 08:00:00,8,1,MARKUP,5,A,116.831746,116.69460307927028,117.17460330182428,0.13714292072971546,0.042793841459423214,1,0,0,1,1,1,True,33761,-1.0
33773,2026-03-13 09:05:00,9,-1,MARKDOWN,6,A+,116.91853400000001,117.0384100713674,116.61884382158155,0.11987607136738632,0.03882014273476921,0,1,1,1,1,1,False,-1,
33785,2026-03-13 10:05:00,10,-1,MARKDOWN,5,A,116.902108,117.03959131371415,116.55839971571461,0.13748331371415645,0.04118262742831278,0,1,1,0,1,1,False,-1,
33797,2026-03-13 11:05:00,11,-1,MARKDOWN,6,A+,116.86352600000001,117.0453852643044,116.40887783923903,0.1818592643043928,0.05277052860880135,0,1,1,1,1,1,False,-1,
33820,2026-03-13 13:00:00,13,-1,MARKDOWN,5,A,116.747838,116.88082040117797,116.41538199705508,0.13298240117796922,0.04364080235596359,0,0,1,1,1,1,False,-1,
33832,2026-03-13 14:00:00,14,-1,MARKDOWN,6,A+,116.719232,116.86145584455375,116.36367238861565,0.14222384455374026,0.03691168910747286,0,1,1,1,1,1,True,33849,2.5
33844,2026-03-13 15:00:00,15,-1,MARKDOWN,5,A,116.680074,116.81163010380517,116.35118374048709,0.1315561038051669,0.03926020761035215,0,1,0,1,1,1,True,33848,2.5
33856,2026-03-13 16:00:00,16,-1,MARKDOWN,6,A+,116.514384,116.77275728187765,115.8684507953059,0.2583732818776383,0.06751456375527158,0,1,1,1,1,1,False,-1,
33868,2026-03-13 17:00:00,17,-1,MARKDOWN,5,A,116.50820399999999,116.75950882375338,115.87994194061653,0.2513048237533866,0.06101764750675218,0,1,0,1,1,1,False,-1,
33880,2026-03-13 18:00:00,18,-1,MARKDOWN,5,A,116.50820399999999,116.75492784902883,115.8913943774279,0.24672384902883948,0.05185569805765458,0,1,1,0,1,1,False,-1,
33892,2026-03-13 19:00:00,19,-1,MARKDOWN,5,A,116.487958,116.75521203808931,115.81982290477674,0.26725403808930537,0.05242407617862562,0,1,1,0,1,1,False,-1,
33904,2026-03-13 20:00:00,20,-1,MARKDOWN,4,B,116.487958,116.74998357910549,115.8328940522363,0.2620255791054831,0.04196715821099358,0,0,1,0,1,1,False,-1,
34055,2026-03-16 08:35:00,8,-1,MARKDOWN,6,A+,116.33135399999999,116.44287085434635,116.05256186413408,0.11151685434636249,0.029741708692725004,0,1,1,1,1,1,False,-1,
34067,2026-03-16 09:35:00,9,-1,MARKDOWN,5,A,116.306524,116.44413394105355,115.96249914736612,0.1376099410535545,0.032267882107093936,0,1,0,1,1,1,False,-1,
34079,2026-03-16 10:35:00,10,-1,MARKDOWN,4,B,116.278076,116.44215614499814,115.86787563750465,0.16408014499813817,0.036312289996266026,0,0,1,0,1,1,True,34087,0.6685924015870133
34119,2026-03-16 13:55:00,13,1,MARKUP,4,B,116.161184,116.02666254217851,116.49748764455373,0.13452145782149216,0.030674915642971125,0,0,1,0,1,1,True,34138,0.5
34131,2026-03-16 14:55:00,14,1,MARKUP,5,A,116.174554,116.02459985124628,116.5494393718843,0.14995414875372148,0.03480029750743682,0,0,1,1,1,1,True,34138,1.240181353540116
34148,2026-03-16 16:20:00,16,1,MARKUP,6,A+,116.21878,116.08179839374704,116.5612340156324,0.1369816062529594,0.052403212505941,0,1,1,1,1,1,False,-1,
34160,2026-03-16 17:20:00,17,1,MARKUP,6,A+,116.257362,116.08107025112025,116.69809137219937,0.1762917488797484,0.053859497759504875,0,1,1,1,1,1,False,-1,
34172,2026-03-16 18:20:00,18,1,MARKUP,5,A,116.260036,116.0822287630893,116.70455409227674,0.1778072369106951,0.05154247382140932,0,1,1,0,1,1,False,-1,
34184,2026-03-16 19:20:00,19,1,MARKUP,3,C,116.260036,116.0852109734986,116.69709856625349,0.1748250265013951,0.04557805300278614,0,0,1,0,0,1,False,-1,
34196,2026-03-16 20:20:00,20,1,MARKUP,4,B,116.260036,116.08919553292559,116.68713716768603,0.17084046707441303,0.03760893414883488,0,0,1,0,1,1,True,34209,1.0823093421810328
34361,2026-03-17 10:05:00,10,1,MARKUP,6,A+,116.402524,116.31768604308134,116.61461889229665,0.08483795691866192,0.030627913837333706,1,1,1,0,1,1,True,34362,-1.0
34373,2026-03-17 11:05:00,11,-1,MARKDOWN,6,A+,116.369208,116.48555029885271,116.07835225286821,0.11634229885271452,0.037100597705424884,0,1,1,1,1,1,False,-1,
34396,2026-03-17 13:00:00,13,-1,MARKDOWN,4,B,116.34059,116.4536483247197,116.05794418820079,0.11305832471968813,0.03129664943937877,0,1,0,0,1,1,False,-1,
34408,2026-03-17 14:00:00,14,-1,MARKDOWN,6,A+,116.311176,116.4532121341846,115.95608566453852,0.14203613418459327,0.030424268369187345,0,1,1,1,1,1,False,-1,
34420,2026-03-17 15:00:00,15,-1,MARKDOWN,5,A,116.27425600000001,116.44063807888817,115.85830080277961,0.16638207888816225,0.033276157776341075,0,1,0,1,1,1,False,-1,
34432,2026-03-17 16:00:00,16,-1,MARKDOWN,5,A,116.173052,116.31214862464147,115.82531043839633,0.13909662464146777,0.03829724928290773,0,1,1,1,0,1,False,-1,
34445,2026-03-17 17:05:00,17,-1,MARKDOWN,5,A,116.121636,116.25972140102603,115.77642249743491,0.13808540102603217,0.04544280205206189,1,0,0,1,1,1,True,34446,0.9333281432602977
34457,2026-03-17 18:05:00,18,-1,MARKDOWN,6,A+,116.11545600000001,116.24855097096761,115.78271857258099,0.1330949709676048,0.043101941935224986,0,1,1,1,1,1,False,-1,
34470,2026-03-17 19:10:00,19,-1,MARKDOWN,6,A+,116.038468,116.1873984420364,115.66614189490899,0.14893044203640216,0.048796884072791986,1,0,1,1,1,1,True,34481,-1.0
34624,2026-03-18 08:00:00,8,-1,MARKDOWN,5,A,116.10988400000001,116.25292370309522,115.75228474226198,0.1430397030952122,0.0278474061904266,0,1,0,1,1,1,False,-1,
34636,2026-03-18 09:00:00,9,-1,MARKDOWN,6,A+,116.07422199999999,116.23340290639432,115.67626973401417,0.15918090639432592,0.028805812788641326,0,1,1,1,1,1,False,-1,
34648,2026-03-18 10:00:00,10,-1,MARKDOWN,5,A,115.98612200000001,116.16670173249659,115.53467266875856,0.18057973249658232,0.03340346499317143,0,1,1,1,0,1,True,34663,-1.0
34660,2026-03-18 11:00:00,11,-1,MARKDOWN,4,B,115.944716,116.10186634349697,115.55184014125759,0.15715034349696566,0.03773268699392373,0,0,0,1,1,1,True,34662,-1.0
34684,2026-03-18 13:00:00,13,1,MARKUP,6,A+,115.881822,115.70432387874743,116.32556730313142,0.1774981212525688,0.03335224250513656,0,1,1,1,1,1,False,-1,
34696,2026-03-18 14:00:00,14,1,MARKUP,6,A+,115.889844,115.70589537891993,116.34971555270016,0.18394862108006294,0.030209242160150813,0,1,1,1,1,1,False,-1,
34708,2026-03-18 15:00:00,15,1,MARKUP,6,A+,115.948036,115.77794957393097,116.37325206517258,0.1700864260690338,0.036100852138084685,0,1,1,1,1,1,False,-1,
34720,2026-03-18 16:00:00,16,1,MARKUP,6,A+,116.04563999999999,115.82740810800802,116.59121972997994,0.21823189199197657,0.03918378398394434,0,1,1,1,1,1,False,-1,
34732,2026-03-18 17:00:00,17,1,MARKUP,6,A+,116.177892,116.03853439233829,116.52628601915427,0.13935760766170802,0.04493121532341614,0,1,1,1,1,1,False,-1,
34744,2026-03-18 18:00:00,18,1,MARKUP,5,A,116.21674399999999,116.04430086821057,116.64785182947355,0.1724431317894215,0.04539826357884565,0,1,0,1,1,1,False,-1,
34756,2026-03-18 19:00:00,19,1,MARKUP,6,A+,116.218272,116.04525688813806,116.65080977965485,0.17301511186194318,0.04348622372387332,0,1,1,1,1,1,False,-1,
34768,2026-03-18 20:00:00,20,1,MARKUP,5,A,116.28964400000001,116.14112836077378,116.66093309806558,0.14851563922623257,0.035743278452447715,0,1,0,1,1,1,True,34781,0.9615580378414579
34912,2026-03-19 08:00:00,8,-1,MARKDOWN,5,A,116.415994,116.51742979416846,116.16240451457884,0.10143579416846649,0.024859588336951642,0,1,0,1,1,1,True,34934,1.75
34927,2026-03-19 09:15:00,9,-1,MARKDOWN,4,B,116.388802,116.47401788757679,116.17576228105801,0.0852158875767941,0.02603577515357902,0,0,1,0,1,1,True,34932,2.5
34939,2026-03-19 10:15:00,10,-1,MARKDOWN,6,A+,116.301042,116.4728867223892,115.87143019402697,0.1718447223892099,0.06177344477841969,0,1,1,1,1,1,False,-1,
34951,2026-03-19 11:15:00,11,-1,MARKDOWN,5,A,116.185296,116.48001308859197,115.44850327852004,0.2947170885919803,0.07602617718396854,0,1,0,1,1,1,False,-1,
34972,2026-03-19 13:00:00,13,-1,MARKDOWN,6,A+,116.185296,116.47433099020641,115.46270852448396,0.2890349902064173,0.06466198041283318,0,1,1,1,1,1,False,-1,
34984,2026-03-19 14:00:00,14,-1,MARKDOWN,5,A,116.185296,116.46864503371712,115.47692341570718,0.28334903371712983,0.05329006743424905,0,1,1,0,1,1,False,-1,
34996,2026-03-19 15:00:00,15,-1,MARKDOWN,5,A,116.121642,116.36188159394942,115.52104301512642,0.2402395939494255,0.045763187898854966,0,1,1,0,1,1,False,-1,
35008,2026-03-19 16:00:00,16,-1,MARKDOWN,5,A,115.916816,116.06452715537192,115.54753811157019,0.1477111553719226,0.05705431074382489,0,1,0,1,1,1,False,-1,
35020,2026-03-19 17:00:00,17,-1,MARKDOWN,5,A,115.688938,116.01316971578026,114.87835871054932,0.32423171578027166,0.08233943156053088,0,1,0,1,1,1,False,-1,
35032,2026-03-19 18:00:00,18,-1,MARKDOWN,6,A+,115.67657799999999,115.9868515919983,114.90089402000422,0.3102735919983104,0.06970318399661424,0,1,1,1,1,1,False,-1,
35044,2026-03-19 19:00:00,19,-1,MARKDOWN,6,A+,115.63888,115.92639838581566,114.92008403546086,0.2875183858156589,0.07079677163130392,0,1,1,1,1,1,False,-1,
35056,2026-03-19 20:00:00,20,-1,MARKDOWN,6,A+,115.595714,115.92063878844155,114.78340202889612,0.3249247884415496,0.05927757688308063,0,1,1,1,1,1,False,-1,
35200,2026-03-20 08:00:00,8,1,MARKUP,3,C,115.04955,114.83554309697641,115.58456725755897,0.21400690302358782,0.02691380604717821,0,0,0,0,1,1,False,-1,
35212,2026-03-20 09:00:00,9,1,MARKUP,4,B,115.065618,114.8633401483025,115.57131262924375,0.20227785169750234,0.023319703394998212,0,0,1,0,1,1,False,-1,
35226,2026-03-20 10:10:00,10,1,MARKUP,5,A,115.26708599999999,115.18767357913622,115.46561705215943,0.07941242086377542,0.026652841727549784,0,1,1,0,1,1,False,-1,
35238,2026-03-20 11:10:00,11,1,MARKUP,6,A+,115.32748,115.25817120731108,115.50075198172229,0.06930879268891488,0.03165758537785366,0,1,1,1,1,1,False,-1,
35260,2026-03-20 13:00:00,13,1,MARKUP,5,A,115.47722399999999,115.25375479136423,116.03589702158939,0.22346920863576258,0.040490417271544975,0,1,1,1,0,1,False,-1,
35272,2026-03-20 14:00:00,14,1,MARKUP,3,C,115.47722399999999,115.25254239815247,116.0389280046188,0.2246816018475215,0.04291520369506567,0,0,0,1,0,1,False,-1,
35284,2026-03-20 15:00:00,15,1,MARKUP,6,A+,115.496382,115.28295519112787,116.02994902218032,0.2134268088721285,0.04408961774428294,0,1,1,1,1,1,False,-1,
35296,2026-03-20 16:00:00,16,1,MARKUP,4,B,115.532226,115.33902449664873,116.01522975837815,0.1932015033512613,0.04795100670253553,0,1,0,1,0,1,False,-1,
35308,2026-03-20 17:00:00,17,1,MARKUP,6,A+,115.703058,115.51607377817905,116.17051855455237,0.18698422182094987,0.053852443641918615,0,1,1,1,1,1,False,-1,
35320,2026-03-20 18:00:00,18,1,MARKUP,5,A,115.723304,115.51119776072778,116.25356959818055,0.2121062392722166,0.0636044785444458,0,1,1,0,1,1,False,-1,
35332,2026-03-20 19:00:00,19,1,MARKUP,6,A+,115.723304,115.50785895869579,116.26191660326052,0.21544504130420705,0.07028208260842601,0,1,1,1,1,1,False,-1,
35344,2026-03-20 20:00:00,20,1,MARKUP,6,A+,115.81635800000001,115.5718822837238,116.42754729069054,0.244475716276213,0.05423543255241003,0,1,1,1,1,1,False,-1,
35535,2026-03-23 11:55:00,11,-1,MARKDOWN,4,B,116.19243200000001,116.30522161443398,115.91045796391509,0.1127896144339644,0.05444322886794367,0,1,0,1,0,1,False,-1,
35548,2026-03-23 13:00:00,13,-1,MARKDOWN,5,A,116.17218600000001,116.30013233084406,115.85232017288988,0.12794633084405405,0.04426466168811932,0,1,1,1,0,1,False,-1,
35560,2026-03-23 14:00:00,14,-1,MARKDOWN,2,C,116.169512,116.29756230441401,115.84938623896495,0.12805030441401755,0.03912460882802722,0,0,0,0,0,1,False,-1,
35572,2026-03-23 15:00:00,15,-1,MARKDOWN,5,A,115.99570200000001,116.32387033160633,115.1752811709842,0.32816833160632086,0.09174066321264004,0,1,0,1,1,1,False,-1,
35584,2026-03-23 16:00:00,16,-1,MARKDOWN,6,A+,115.994466,116.32194940419943,115.17575748950144,0.3274834041994268,0.09189880839886198,0,1,1,1,1,1,False,-1,
35596,2026-03-23 17:00:00,17,-1,MARKDOWN,3,C,115.88569799999999,116.1380874590915,115.25472435227124,0.25238945909150345,0.07617491818298568,0,1,0,0,0,1,False,-1,
35608,2026-03-23 18:00:00,18,-1,MARKDOWN,4,B,115.88569799999999,116.14012323926278,115.24963490184302,0.2544252392627868,0.08024647852555847,0,1,1,0,0,1,False,-1,
35623,2026-03-23 19:15:00,19,-1,MARKDOWN,5,A,115.68085,115.8427911353209,115.27599716169779,0.1619411353208875,0.07558227064176119,0,1,1,0,1,1,True,35625,1.75
35635,2026-03-23 20:15:00,20,-1,MARKDOWN,4,B,115.68085,115.8320890740726,115.30275231481852,0.15123907407259196,0.054178148145194144,0,1,0,0,1,1,False,-1,
35778,2026-03-24 08:10:00,8,-1,MARKDOWN,6,A+,115.422836,115.51394474029769,115.19506414925578,0.09110874029768468,0.02788948059536531,0,1,1,1,1,1,False,-1,
35790,2026-03-24 09:10:00,9,-1,MARKDOWN,5,A,115.37761,115.44996583708237,115.19672040729408,0.07235583708236959,0.03393167416472838,0,1,0,1,1,1,True,35800,0.6703056329534421
35810,2026-03-24 10:50:00,10,-1,MARKDOWN,5,A,115.378846,115.45510670256446,115.18819424358882,0.07626070256446837,0.040213405128928556,0,1,1,0,1,1,True,35822,0.5
35836,2026-03-24 13:00:00,13,1,MARKUP,6,A+,115.36359,115.25015391231389,115.64718021921527,0.11343608768611091,0.039692175372196124,0,1,1,1,1,1,False,-1,
35848,2026-03-24 14:00:00,14,1,MARKUP,5,A,115.393768,115.25117121254037,115.75025996864906,0.1425967874596239,0.037657574919249044,0,1,0,1,1,1,True,35865,1.1376847788202278
35860,2026-03-24 15:00:00,15,1,MARKUP,4,B,115.393768,115.24883500432524,115.75610048918688,0.1449329956747505,0.042329991349512444,0,0,0,1,1,1,True,35865,1.1274057915405868
35872,2026-03-24 16:00:00,16,1,MARKUP,5,A,115.395678,115.2458382189299,115.77027745267526,0.14983978107009932,0.048323562140183275,0,1,0,1,1,1,True,35895,0.8695467525566518
35884,2026-03-24 17:00:00,17,1,MARKUP,6,A+,115.478432,115.34615602873893,115.80912192815266,0.13227597126106616,0.05368794252215732,0,1,1,1,1,1,True,35888,-1.0
35910,2026-03-24 19:10:00,19,-1,MARKDOWN,6,A+,115.530962,115.67145964037933,115.1797178990517,0.14049764037932277,0.044919280758648025,0,1,1,1,1,1,False,-1,
35922,2026-03-24 20:10:00,20,-1,MARKDOWN,3,C,115.530962,115.66959513560786,115.18437916098034,0.1386331356078614,0.04119027121572634,0,0,0,0,1,1,False,-1,
36071,2026-03-25 08:35:00,8,1,MARKUP,5,A,115.31850200000001,115.24552969262697,115.50093276843259,0.0729723073730355,0.022940614746055608,0,1,1,1,0,1,False,-1,
36083,2026-03-25 09:35:00,9,1,MARKUP,2,C,115.32576,115.2441559239138,115.52977019021552,0.08160407608620801,0.02568815217242794,0,0,0,0,0,1,True,36102,-1.0
36095,2026-03-25 10:35:00,10,1,MARKUP,5,A,115.346704,115.26618235636636,115.54800810908412,0.08052164363364511,0.029635287267301854,0,1,1,1,0,1,True,36102,-1.0
36107,2026-03-25 11:35:00,11,-1,MARKDOWN,5,A,115.374018,115.51042143254332,115.03300941864171,0.1364034325433181,0.04284286508664741,0,1,0,1,1,1,False,-1,
36124,2026-03-25 13:00:00,13,-1,MARKDOWN,6,A+,115.3553,115.50723233903123,114.97546915242191,0.1519323390312337,0.0364646780624452,0,1,1,1,1,1,False,-1,
36136,2026-03-25 14:00:00,14,-1,MARKDOWN,5,A,115.3553,115.50466210409907,114.98189473975233,0.14936210409906892,0.0313242081981264,0,1,1,0,1,1,True,36159,-0.6875907421060419
36148,2026-03-25 15:00:00,15,-1,MARKDOWN,5,A,115.346132,115.50472757225539,114.94964306936151,0.15859557225539334,0.03145514451076315,0,1,1,0,1,1,True,36159,-0.7053664765612453
36170,2026-03-25 16:50:00,16,1,MARKUP,6,A+,115.233802,115.09501110923169,115.58077922692075,0.13879089076830553,0.03997778153660953,0,1,1,1,1,1,False,-1,
36182,2026-03-25 17:50:00,17,1,MARKUP,5,A,115.26016,115.09257415285518,115.67912461786204,0.16758584714482083,0.04485169428962561,1,0,0,1,1,1,True,36191,0.9190416689506253
36195,2026-03-25 18:55:00,18,1,MARKUP,6,A+,115.26016,115.09375702595598,115.67616743511005,0.1664029740440185,0.04248594808804239,0,1,1,1,1,1,False,-1,
36212,2026-03-25 20:20:00,20,1,MARKUP,6,A+,115.32505,115.20082526385909,115.6356118403523,0.124224736140917,0.03834947228182904,0,1,1,1,1,1,True,36215,0.8041298718252886
36353,2026-03-26 08:05:00,8,-1,MARKDOWN,6,A+,115.396126,115.44808179859264,115.26623650351839,0.05195579859264399,0.022163597185296705,0,1,1,1,1,1,True,36367,1.75
36365,2026-03-26 09:05:00,9,-1,MARKDOWN,2,C,115.39307,115.4502422278132,115.25013943046696,0.05717222781321141,0.026484455626409897,0,0,0,0,0,1,True,36367,1.2260330156777524
36377,2026-03-26 10:05:00,10,-1,MARKDOWN,6,A+,115.363576,115.42765132428181,115.20338768929545,0.06407532428181639,0.027302648563624816,0,1,1,1,1,1,False,-1,
36389,2026-03-26 11:05:00,11,-1,MARKDOWN,5,A,115.353644,115.42919623519548,115.16476341201133,0.07555223519547383,0.03039247039093861,1,0,0,1,1,1,True,36390,0.7946584391185397
36417,2026-03-26 13:25:00,13,-1,MARKDOWN,6,A+,115.348082,115.41896276833275,115.17088007916814,0.07088076833274215,0.027925536665481653,0,1,1,1,1,1,True,36419,0.8343644252847278
36429,2026-03-26 14:25:00,14,-1,MARKDOWN,6,A+,115.3417,115.41456066175512,115.15954834561222,0.07286066175511507,0.031121323510241224,0,1,1,1,1,1,True,36436,0.5
36441,2026-03-26 15:25:00,15,-1,MARKDOWN,5,A,115.33940799999999,115.4172903223604,115.14470219409897,0.07788232236040926,0.03658064472080919,0,1,0,1,1,1,True,36442,-1.0
36453,2026-03-26 16:25:00,16,1,MARKUP,6,A+,115.322074,115.22159406565845,115.57327383585388,0.10047993434154989,0.04281186868309082,0,1,1,1,1,1,True,36466,-1.0
36465,2026-03-26 17:25:00,17,1,MARKUP,6,A+,115.322074,115.22295626368651,115.56986834078373,0.09911773631348808,0.04008747262695158,0,1,1,1,1,1,True,36466,-1.0
36477,2026-03-26 18:25:00,18,-1,MARKDOWN,6,A+,115.370926,115.47008892684995,115.12301868287511,0.09916292684995653,0.04017785369988953,0,1,1,1,1,1,False,-1,
36489,2026-03-26 19:25:00,19,-1,MARKDOWN,3,C,115.34686,115.46991957071174,115.03921107322068,0.12305957071173168,0.039839141423464154,0,0,0,0,1,1,True,36490,0.6161913050195091
36501,2026-03-26 20:25:00,20,-1,MARKDOWN,4,B,115.34686,115.46746403635024,115.04534990912444,0.12060403635022965,0.03492807270047809,0,0,1,1,0,1,True,36511,0.618556994847291
36664,2026-03-27 10:00:00,10,1,MARKUP,6,A+,115.218254,115.13131037388483,115.43561306528792,0.08694362611517192,0.02337925223035529,0,1,1,1,1,1,False,-1,
36676,2026-03-27 11:00:00,11,1,MARKUP,5,A,115.28352,115.1299606546116,115.667418363471,0.15355934538840188,0.03207869077681142,0,1,0,1,1,1,False,-1,
36700,2026-03-27 13:00:00,13,1,MARKUP,5,A,115.311948,115.1748730771125,115.65463530721877,0.137074922887507,0.034253845774988155,0,0,1,1,1,1,True,36722,-1.0
36712,2026-03-27 14:00:00,14,1,MARKUP,4,B,115.321218,115.19103701178608,115.64667047053481,0.13018098821392243,0.031925976427823376,0,1,0,0,1,1,True,36722,-1.0
36748,2026-03-27 17:00:00,17,1,MARKUP,5,A,115.326444,115.21296619674321,115.61013850814196,0.11347780325678514,0.04206760651357205,0,1,1,0,1,1,True,36751,-1.0
36764,2026-03-27 18:20:00,18,-1,MARKDOWN,5,A,115.378208,115.49736313617582,115.08032015956044,0.11915513617582008,0.04272627235164741,0,1,1,1,0,1,True,36771,0.5
36779,2026-03-27 19:35:00,19,1,MARKUP,5,A,115.284926,115.14760268330636,115.62823429173409,0.13732331669363873,0.05079463338729091,0,1,0,1,1,1,False,-1,
36791,2026-03-27 20:35:00,20,1,MARKUP,4,B,115.29829600000001,115.15044173191437,115.6679316702141,0.14785426808563784,0.045116536171275944,0,1,0,1,0,1,False,-1,
36928,2026-03-30 08:00:00,8,-1,MARKDOWN,3,C,115.11995,115.24071298402653,114.81804253993369,0.12076298402652696,0.0314259680530632,0,0,0,1,0,1,False,-1,
36940,2026-03-30 09:00:00,9,-1,MARKDOWN,5,A,115.095894,115.22217828936817,114.78018327657958,0.12628428936817215,0.03635657873634679,0,1,1,0,1,1,False,-1,
36954,2026-03-30 10:10:00,10,-1,MARKDOWN,6,A+,115.017826,115.13753341398684,114.71855746503289,0.11970741398684481,0.04306682797369717,0,1,1,1,1,1,False,-1,
36966,2026-03-30 11:10:00,11,-1,MARKDOWN,6,A+,114.96286,115.08736303900731,114.65160240248173,0.1245030390073083,0.042726078014622665,0,1,1,1,1,1,False,-1,
36988,2026-03-30 13:00:00,13,-1,MARKDOWN,5,A,114.923132,115.08498829744047,114.51849125639879,0.16185629744047958,0.03797659488094145,0,1,1,1,0,1,False,-1,
37000,2026-03-30 14:00:00,14,-1,MARKDOWN,6,A+,114.903268,115.08592307855695,114.44663030360763,0.18265507855694807,0.03984615711387665,0,1,1,1,1,1,False,-1,
37012,2026-03-30 15:00:00,15,-1,MARKDOWN,6,A+,114.841618,115.05425745553072,114.3100193611732,0.21263945553072006,0.04251491106144025,0,1,1,1,1,1,False,-1,
37024,2026-03-30 16:00:00,16,-1,MARKDOWN,6,A+,114.707864,114.89963944006188,114.22842539984532,0.19177544006187475,0.04127888012374096,0,1,1,1,1,1,False,-1,
37036,2026-03-30 17:00:00,17,-1,MARKDOWN,4,B,114.635458,114.80245066439241,114.21797633901897,0.16699266439241,0.04290132878479572,0,0,0,1,1,1,True,37048,0.7629136961065935
37056,2026-03-30 18:40:00,18,-1,MARKDOWN,6,A+,114.61568199999999,114.77354956092127,114.22101309769681,0.15786756092127519,0.0490991218425343,0,1,1,1,1,1,False,-1,
37069,2026-03-30 19:45:00,19,-1,MARKDOWN,6,A+,114.56377,114.68700356310825,114.2556860922294,0.12323356310824352,0.04400712621648092,0,1,1,1,1,1,True,37074,-1.0
37216,2026-03-31 08:00:00,8,-1,MARKDOWN,6,A+,114.761872,114.8899235577469,114.44174310563275,0.12805155774690036,0.023847115493801318,0,1,1,1,1,1,False,-1,
37228,2026-03-31 09:00:00,9,-1,MARKDOWN,4,B,114.71947,114.89400957485172,114.28312106287069,0.1745395748517211,0.03201914970344356,0,0,0,1,1,1,False,-1,
37240,2026-03-31 10:00:00,10,-1,MARKDOWN,4,B,114.64207400000001,114.77519779781261,114.3092645054685,0.1331237978126012,0.04239559562520506,0,0,1,0,1,1,True,37243,1.074999600983292
37252,2026-03-31 11:00:00,11,-1,MARKDOWN,5,A,114.59696,114.7011850640576,114.33639733985599,0.10422506405760146,0.04037012811519605,0,1,1,0,1,1,False,-1,
37276,2026-03-31 13:00:00,13,-1,MARKDOWN,5,A,114.574758,114.677136036978,114.31881290755501,0.10237803697799563,0.02827207395600912,0,1,1,0,1,1,True,37285,1.0741932743499703
37291,2026-03-31 14:15:00,14,-1,MARKDOWN,5,A,114.574758,114.68031580195945,114.31086349510139,0.1055578019594492,0.03463160391890323,0,1,1,0,1,1,False,-1,
37303,2026-03-31 15:15:00,15,-1,MARKDOWN,5,A,114.55795,114.68548766589609,114.23910583525979,0.12753766589608517,0.04497533179219357,0,1,1,0,1,1,False,-1,
37315,2026-03-31 16:15:00,16,-1,MARKDOWN,6,A+,114.466704,114.6139511927777,114.09858601805571,0.14724719277771214,0.043902385555402844,0,1,1,1,1,1,False,-1,
37327,2026-03-31 17:15:00,17,-1,MARKDOWN,6,A+,114.409786,114.62267143105792,113.87757242235517,0.21288543105792712,0.06134286211585317,0,1,1,1,1,1,False,-1,
37339,2026-03-31 18:15:00,18,-1,MARKDOWN,5,A,114.305118,114.63153199442192,113.48908301394518,0.32641399442192665,0.07906398884385255,0,1,0,1,1,1,False,-1,
37351,2026-03-31 19:15:00,19,-1,MARKDOWN,4,B,114.25938599999999,114.54865700615716,113.53620848460707,0.28927100615716483,0.061314012314313084,0,0,0,1,1,1,False,-1,
37363,2026-03-31 20:15:00,20,-1,MARKDOWN,4,B,114.213036,114.47437882586337,113.5596789353416,0.2613428258633661,0.06275765172673842,0,1,0,0,1,1,False,-1,
37504,2026-04-01 08:00:00,8,1,MARKUP,5,A,114.126588,113.98220667105639,114.48754132235902,0.14438132894360933,0.03358665788719926,0,1,0,1,1,1,True,37514,-1.0
37521,2026-04-01 09:25:00,9,-1,MARKDOWN,6,A+,114.15087199999999,114.28681021809236,113.81102645476909,0.13593821809236317,0.039620436184715696,0,1,1,1,1,1,True,37539,-1.0
37533,2026-04-01 10:25:00,10,-1,MARKDOWN,5,A,114.103582,114.28060629025966,113.66102127435087,0.17702429025965216,0.04921258051931776,0,1,0,1,1,1,True,37539,-1.0
37564,2026-04-01 13:00:00,13,1,MARKUP,5,A,114.02928200000001,113.83092887258275,114.52516481854317,0.1983531274172634,0.05214225483450604,0,1,0,1,1,1,True,37578,1.0311700514857471
37585,2026-04-01 14:45:00,14,-1,MARKDOWN,6,A+,114.135718,114.32960979829569,113.65098850426077,0.19389179829569514,0.04321959659138238,0,1,1,1,1,1,True,37603,-1.0
37597,2026-04-01 15:45:00,15,-1,MARKDOWN,6,A+,114.168952,114.33418421021241,113.75587147446899,0.16523221021240886,0.05236842042480844,0,1,1,1,1,1,True,37604,-1.0
37612,2026-04-01 17:00:00,17,1,MARKUP,6,A+,114.083048,113.91350052259268,114.5069166935183,0.16954747740732046,0.060998954814627415,0,1,1,1,1,1,True,37616,0.9628570244903003
37628,2026-04-01 18:20:00,18,1,MARKUP,5,A,114.06051,113.91739652190782,114.41829369523043,0.14311347809217523,0.053206956184370345,0,1,1,0,1,1,False,-1,
37640,2026-04-01 19:20:00,19,1,MARKUP,5,A,114.086486,113.91857353277813,114.50626716805466,0.1679124672218677,0.05085293444375684,0,1,0,1,1,1,False,-1,
37652,2026-04-01 20:20:00,20,1,MARKUP,5,A,114.13197,113.98405555205193,114.50175611987017,0.14791444794806807,0.03988889589616026,0,0,1,1,1,1,False,-1,
37814,2026-04-02 09:50:00,9,1,MARKUP,7,A+,114.57677,114.46936575180851,114.84528062047872,0.10740424819148586,0.0352684963829818,1,1,1,1,1,1,True,37815,1.3512263640600195
37826,2026-04-02 10:50:00,10,1,MARKUP,5,A,114.619554,114.46358475045436,115.00947712386409,0.15596924954563463,0.04683049909125924,0,1,0,1,1,1,False,-1,
37838,2026-04-02 11:50:00,11,1,MARKUP,4,B,114.619554,114.46841959951645,114.99739000120886,0.1511344004835422,0.03716080096709713,0,1,0,1,0,1,True,37859,0.8174487469351235
37873,2026-04-02 14:45:00,14,1,MARKUP,6,A+,114.651072,114.52487522685304,114.96656393286739,0.1261967731469582,0.026249546293914856,0,1,1,1,1,1,True,37881,-1.0
37887,2026-04-02 15:55:00,15,1,MARKUP,6,A+,114.680872,114.58870493760836,114.91128965597909,0.09216706239163841,0.03459012478328569,1,0,1,1,1,1,True,37888,-1.0
37908,2026-04-02 17:40:00,17,-1,MARKDOWN,6,A+,114.662952,114.82830560443665,114.24956798890838,0.16535360443664615,0.0526112088732993,0,1,1,1,1,1,False,-1,
37920,2026-04-02 18:40:00,18,-1,MARKDOWN,5,A,114.64117800000001,114.82482867820649,114.18205130448382,0.18365067820647596,0.04565735641294767,0,1,0,1,1,1,True,37935,-0.05348196966059022
37932,2026-04-02 19:40:00,19,-1,MARKDOWN,3,C,114.64117800000001,114.82154396057224,114.19026309856943,0.18036596057223164,0.039087921144479426,0,0,0,1,0,1,True,37935,-0.05445595149342008
38091,2026-04-03 08:55:00,8,1,MARKUP,6,A+,114.625368,114.56894729512797,114.76641976218005,0.056420704872024885,0.018105409744074256,0,1,1,1,1,1,True,38111,-1.0
38103,2026-04-03 09:55:00,9,1,MARKUP,6,A+,114.625368,114.56813024165669,114.76846239585825,0.057237758343305245,0.019739516686616117,0,1,1,1,1,1,True,38111,-1.0
38115,2026-04-03 10:55:00,10,1,MARKUP,4,B,114.624604,114.56878935964471,114.76414060088824,0.05581464035529393,0.018421280710589766,0,0,0,1,1,1,True,38120,-1.0
38127,2026-04-03 11:55:00,11,1,MARKUP,6,A+,114.624604,114.56875404427203,114.76422888931995,0.055849955727978795,0.018491911455959225,0,1,1,1,1,1,True,38151,-1.0
38154,2026-04-03 14:10:00,14,-1,MARKDOWN,5,A,114.66371000000001,114.70642651730569,114.55691870673581,0.042716517305677826,0.012853034611355308,0,1,0,1,1,1,False,-1,
38166,2026-04-03 15:10:00,15,-1,MARKDOWN,5,A,114.62625000000001,114.68119973232153,114.48887566919622,0.054949732321517786,0.014399464643051255,0,1,1,1,0,1,True,38170,1.75
38178,2026-04-03 16:10:00,16,-1,MARKDOWN,4,B,114.5976,114.68867500256367,114.36991249359082,0.09107500256367018,0.029350005127328906,0,1,1,0,0,1,False,-1,
38190,2026-04-03 17:10:00,17,-1,MARKDOWN,6,A+,114.571242,114.68772649657005,114.28003075857487,0.11648449657005244,0.027452993140084418,0,1,1,1,1,1,False,-1,
38202,2026-04-03 18:10:00,18,-1,MARKDOWN,5,A,114.548298,114.65910922920378,114.27126992699056,0.11081122920377595,0.022218458407556322,0,1,0,1,1,1,False,-1,
38365,2026-04-06 08:00:00,8,-1,MARKDOWN,2,C,114.550094,114.6297102351086,114.3510534122285,0.0796162351086025,0.019420470217203764,0,0,0,0,0,1,True,38388,-1.0
38377,2026-04-06 09:00:00,9,-1,MARKDOWN,5,A,114.493856,114.53746881868605,114.38482395328485,0.04361281868605715,0.016937637372104252,0,1,1,0,1,1,True,38384,-1.0
38392,2026-04-06 10:15:00,10,1,MARKUP,5,A,114.495446,114.42458372240876,114.67260169397812,0.07086227759124597,0.0248325551824912,0,1,1,1,0,1,True,38400,1.256841396249607
38404,2026-04-06 11:15:00,11,1,MARKUP,4,B,114.516018,114.42230700633155,114.75029548417113,0.09371099366845215,0.03538598733689376,1,0,0,1,0,1,True,38405,0.9625445042973377
38425,2026-04-06 13:00:00,13,1,MARKUP,6,A+,114.516018,114.4243418283698,114.74520842907549,0.0916761716301977,0.03131634326037326,0,1,1,1,1,1,True,38433,0.9728110297671652
38439,2026-04-06 14:10:00,14,1,MARKUP,6,A+,114.516018,114.42632453710566,114.74025165723586,0.08969346289434554,0.027350925788692616,0,1,1,1,1,1,False,-1,
38451,2026-04-06 15:10:00,15,1,MARKUP,6,A+,114.53196200000001,114.44480744049069,114.7498483987733,0.08715455950931528,0.028385119018614458,0,1,1,1,1,1,False,-1,
38463,2026-04-06 16:10:00,16,1,MARKUP,6,A+,114.53196200000001,114.44383815769996,114.75227160575014,0.08812384230004966,0.030323684600102502,0,1,1,1,1,1,False,-1,
38475,2026-04-06 17:10:00,17,1,MARKUP,6,A+,114.556624,114.4509281321535,114.82086366961623,0.10569586784649232,0.03414373569299827,0,1,1,1,1,1,False,-1,
38487,2026-04-06 18:10:00,18,1,MARKUP,5,A,114.618072,114.48433012600094,114.95242668499765,0.1337418739990568,0.04133974799810229,0,1,0,1,1,1,False,-1,
38499,2026-04-06 19:10:00,19,1,MARKUP,6,A+,114.65886,114.5535606650436,114.922108337391,0.1052993349563991,0.03487866991279269,0,1,1,1,1,1,False,-1,
38511,2026-04-06 20:10:00,20,1,MARKUP,5,A,114.65886,114.55585855807392,114.91636360481522,0.1030014419260823,0.0302828838521604,0,1,1,0,1,1,False,-1,
38659,2026-04-07 08:30:00,8,1,MARKUP,5,A,114.792616,114.75089808789721,114.89691078025695,0.04171791210278286,0.01620382420557,0,1,1,1,0,1,True,38660,-1.0
38681,2026-04-07 10:20:00,10,1,MARKUP,5,A,114.780818,114.7313965241712,114.90437168957197,0.04942147582879386,0.023206951657576254,0,1,1,0,1,1,True,38689,-1.0
38695,2026-04-07 11:30:00,11,-1,MARKDOWN,6,A+,114.783004,114.86851272454587,114.56923218863535,0.08550872454586056,0.0350254490917299,0,1,1,1,1,1,False,-1,
38713,2026-04-07 13:00:00,13,-1,MARKDOWN,4,B,114.750152,114.86719763796829,114.45753790507928,0.11704563796828893,0.032395275936578906,0,1,0,1,0,1,True,38723,-1.0
38736,2026-04-07 14:55:00,14,1,MARKUP,6,A+,114.70733,114.5716328147926,115.04657296301852,0.13569718520740537,0.030734370414832273,0,1,1,1,1,1,False,-1,
38748,2026-04-07 15:55:00,15,1,MARKUP,5,A,114.71879,114.57090239051308,115.08850902371728,0.14788760948691504,0.03219521897385335,0,1,1,1,0,1,False,-1,
38760,2026-04-07 16:55:00,16,1,MARKUP,6,A+,114.71879,114.56952076301366,115.09196309246585,0.14926923698634198,0.03495847397269381,0,1,1,1,1,1,False,-1,
38772,2026-04-07 17:55:00,17,1,MARKUP,5,A,114.821744,114.6506709784158,115.24942655396048,0.17107302158419202,0.042658043168400495,0,1,0,1,1,1,False,-1,
38784,2026-04-07 18:55:00,18,1,MARKUP,6,A+,114.876128,114.74022239586425,115.21589201033936,0.13590560413574337,0.03955520827151198,0,1,1,1,1,1,False,-1,
38796,2026-04-07 19:55:00,19,1,MARKUP,6,A+,114.876128,114.74272872936655,115.20962617658361,0.13339927063344703,0.03454254126692664,0,1,1,1,1,1,False,-1,
38808,2026-04-07 20:55:00,20,1,MARKUP,4,B,114.88453200000001,114.74264156776728,115.23925808058183,0.1418904322327279,0.03471686446545905,0,0,0,1,1,1,True,38813,-1.0
38941,2026-04-08 08:00:00,8,-1,MARKDOWN,3,C,114.604794,114.74964880537841,114.24265698655395,0.1448548053784151,0.035297610756837364,0,0,1,0,0,1,False,-1,
38953,2026-04-08 09:00:00,9,-1,MARKDOWN,6,A+,114.54118600000001,114.66729229135412,114.22592027161474,0.12610629135410534,0.04058458270822923,0,1,1,1,1,1,False,-1,
38965,2026-04-08 10:00:00,10,-1,MARKDOWN,6,A+,114.418144,114.5968160380567,113.97146390485824,0.1786720380567033,0.045632076113415014,0,1,1,1,1,1,False,-1,
38977,2026-04-08 11:00:00,11,-1,MARKDOWN,5,A,114.389716,114.55215405651673,113.9836208587082,0.16243805651672005,0.04830811303343016,0,1,0,1,1,1,False,-1,
39001,2026-04-08 13:00:00,13,-1,MARKDOWN,4,B,114.384862,114.54288409747389,113.98980675631528,0.1580220974738893,0.04176819494775449,0,0,0,1,1,1,False,-1,
39013,2026-04-08 14:00:00,14,-1,MARKDOWN,4,B,114.31441,114.42676400576406,114.03352498558985,0.11235400576406107,0.03752801152810549,0,0,0,1,1,1,False,-1,
39025,2026-04-08 15:00:00,15,-1,MARKDOWN,6,A+,114.245308,114.34399264354985,113.99859639112535,0.09868464354985917,0.03998528709971901,0,1,1,1,1,1,True,39048,-1.0
39037,2026-04-08 16:00:00,16,-1,MARKDOWN,4,B,114.210928,114.35157181012647,113.8593184746838,0.14064381012647686,0.055143620252951234,0,1,1,0,0,1,True,39047,-1.0
39049,2026-04-08 17:00:00,17,-1,MARKDOWN,4,B,114.188062,114.31803181602031,113.86313745994923,0.12996981602030644,0.062063632040616636,1,0,0,1,0,1,True,39050,-1.0
39079,2026-04-08 19:30:00,19,1,MARKUP,6,A+,114.18423800000001,114.00605354240756,114.62969914398113,0.17818445759245094,0.04389291518489686,0,1,1,1,1,1,False,-1,
39091,2026-04-08 20:30:00,20,1,MARKUP,5,A,114.223754,114.03403441029842,114.69805297425395,0.18971958970158198,0.037931179403151424,0,1,0,1,1,1,False,-1,
39230,2026-04-09 08:05:00,8,1,MARKUP,5,A,114.60258,114.51914853835132,114.81115865412173,0.08343146164868642,0.021702923297381067,0,1,1,1,0,1,False,-1,
39242,2026-04-09 09:05:00,9,1,MARKUP,4,B,114.639042,114.57842312479895,114.79058918800266,0.06061887520105813,0.021153750402098517,0,1,0,1,0,1,True,39249,1.75
39255,2026-04-09 10:10:00,10,1,MARKUP,5,A,114.640952,114.57442086874492,114.8072798281377,0.06653113125507559,0.029158262510165185,1,0,1,1,0,1,False,-1,
39267,2026-04-09 11:10:00,11,1,MARKUP,5,A,114.667692,114.57211150746616,114.90664323133461,0.09558049253384127,0.033776985067677304,0,1,1,1,0,1,False,-1,
39289,2026-04-09 13:00:00,13,1,MARKUP,3,C,114.69762399999999,114.59434184912163,114.95582937719588,0.10328215087835702,0.029316301756722726,0,0,1,0,0,1,False,-1,
39301,2026-04-09 14:00:00,14,1,MARKUP,5,A,114.701444,114.59660471818704,114.96354220453239,0.1048392818129571,0.02479056362591423,0,1,0,1,1,1,False,-1,
39313,2026-04-09 15:00:00,15,1,MARKUP,4,B,114.724264,114.61261594775299,115.00338413061755,0.11164805224701979,0.03076810449402973,0,1,0,0,1,1,False,-1,
39325,2026-04-09 16:00:00,16,1,MARKUP,5,A,114.83362199999999,114.69047876781636,115.19148008045907,0.14314323218363256,0.04104246436727428,0,1,0,1,1,1,False,-1,
39337,2026-04-09 17:00:00,17,1,MARKUP,6,A+,114.87079,114.71867943785487,115.25106640536282,0.15211056214512553,0.040641124290266,0,1,1,1,1,1,False,-1,
39349,2026-04-09 18:00:00,18,1,MARKUP,5,A,114.94136,114.73548475540696,115.45604811148262,0.20587524459304518,0.04503048918607611,0,1,0,1,1,1,True,39364,0.9832519468946519
39361,2026-04-09 19:00:00,19,1,MARKUP,4,B,114.96299,114.76874066966236,115.44861332584411,0.1942493303376409,0.048518660675285506,0,0,0,1,1,1,True,39364,0.9564989367678546
39517,2026-04-10 08:00:00,8,1,MARKUP,5,A,115.11574999999999,115.0593432446899,115.25676688827522,0.05640675531009265,0.01731351062020869,0,1,1,0,1,1,False,-1,
39529,2026-04-10 09:00:00,9,1,MARKUP,6,A+,115.121862,115.05867659672577,115.27982550818554,0.06318540327421829,0.018646806548457365,0,1,1,1,1,1,True,39545,-1.0
39541,2026-04-10 10:00:00,10,1,MARKUP,4,B,115.145446,115.07292467714366,115.32674930714087,0.07252132285634616,0.02815064571268601,1,0,0,0,1,1,True,39542,-1.0
39577,2026-04-10 13:00:00,13,-1,MARKDOWN,6,A+,115.17505999999999,115.25474937929184,114.97583655177036,0.0796893792918496,0.02949875858367112,0,1,1,1,1,1,True,39601,0.585494895306908
39589,2026-04-10 14:00:00,14,-1,MARKDOWN,4,B,115.161308,115.25211851141415,114.93428172146463,0.09081051141414775,0.024237022828305737,0,1,1,0,0,1,True,39601,0.5
39607,2026-04-10 15:30:00,15,-1,MARKDOWN,4,B,115.116308,115.2148113099069,114.87004972523275,0.09850330990690281,0.039622619813820155,1,0,1,0,0,1,True,39608,-1.0
39619,2026-04-10 16:30:00,16,1,MARKUP,6,A+,115.09061200000001,114.96609367435477,115.40190781411312,0.12451832564524068,0.04581265129046325,0,1,1,1,1,1,True,39636,0.8609642962086703
39631,2026-04-10 17:30:00,17,1,MARKUP,5,A,115.114678,114.96526565773726,115.48820885565684,0.14941234226273536,0.047468684525487234,0,1,0,1,1,1,True,39636,0.7584513988859407
39663,2026-04-10 20:10:00,20,1,MARKUP,5,A,115.107262,114.95979580840337,115.4759274789916,0.1474661915966351,0.03440838319326819,0,1,1,0,1,1,False,-1,
39805,2026-04-13 08:00:00,8,1,MARKUP,5,A,115.178468,115.10191070578475,115.36986123553811,0.07655729421524882,0.020178588430501396,0,1,1,1,0,1,True,39817,0.8046571829335492
39820,2026-04-13 09:15:00,9,1,MARKUP,5,A,115.205166,115.15069447824835,115.34134480437913,0.05447152175165115,0.022611043503290063,0,1,1,1,0,1,True,39821,0.6831182472577991
39832,2026-04-13 10:15:00,10,1,MARKUP,6,A+,115.216626,115.14845923002775,115.38704292493063,0.06816676997225102,0.027081539944502832,0,1,1,1,1,1,False,-1,
39844,2026-04-13 11:15:00,11,1,MARKUP,4,B,115.228086,115.14773315460005,115.4289681134999,0.08035284539995757,0.028533690799923524,0,1,1,0,0,1,False,-1,
39865,2026-04-13 13:00:00,13,1,MARKUP,5,A,115.252534,115.1499920208474,115.50888894788147,0.10254197915259056,0.024015958305194346,0,1,1,1,0,1,False,-1,
39877,2026-04-13 14:00:00,14,1,MARKUP,5,A,115.252534,115.15150696873285,115.50510157816788,0.10102703126715085,0.020986062534326746,0,1,1,0,1,1,False,-1,
39889,2026-04-13 15:00:00,15,1,MARKUP,5,A,115.322782,115.23376247293866,115.54533081765335,0.08901952706133898,0.024475054122663095,0,1,1,0,1,1,False,-1,
39901,2026-04-13 16:00:00,16,1,MARKUP,6,A+,115.345198,115.25658443761803,115.56673190595491,0.0886135623819655,0.03283112476393586,0,1,1,1,1,1,True,39913,1.75
39914,2026-04-13 17:05:00,17,1,MARKUP,6,A+,115.403962,115.31118899420862,115.63589451447848,0.09277300579138625,0.039622011582762656,0,1,1,1,1,1,False,-1,
39926,2026-04-13 18:05:00,18,1,MARKUP,6,A+,115.452162,115.31881629160415,115.78552627098964,0.1333457083958507,0.04436741679167852,0,1,1,1,1,1,False,-1,
39938,2026-04-13 19:05:00,19,1,MARKUP,5,A,115.47011599999999,115.32199740918813,115.84041247702964,0.14811859081186185,0.038005181623721684,0,1,0,1,1,1,False,-1,
39950,2026-04-13 20:05:00,20,1,MARKUP,4,B,115.47279,115.32137813210493,115.8513196697377,0.151411867895078,0.03924373579013185,0,0,0,1,1,1,False,-1,
40093,2026-04-14 08:00:00,8,-1,MARKDOWN,6,A+,115.47816200000001,115.56920668890017,115.25055027774962,0.09104468890015482,0.02241337780032904,0,1,1,1,1,1,True,40105,-1.0
40105,2026-04-14 09:00:00,9,-1,MARKDOWN,5,A,115.44342,115.52889838240534,115.22972404398665,0.08547838240534134,0.0257967648106759,1,0,0,1,1,1,True,40106,-1.0
40127,2026-04-14 10:50:00,10,1,MARKUP,5,A,115.418826,115.30843371612994,115.69480670967513,0.11039228387005551,0.03513256774009872,0,1,1,1,0,1,True,40144,0.6808932875069629
40139,2026-04-14 11:50:00,11,1,MARKUP,4,B,115.43181399999999,115.30807897437091,115.74115156407268,0.1237350256290739,0.035842051258157155,0,1,0,0,1,1,True,40144,0.8997402117011635
40153,2026-04-14 13:00:00,13,1,MARKUP,6,A+,115.43181399999999,115.30592148209642,115.7465452947589,0.1258925179035657,0.040157035807131446,0,1,1,1,1,1,True,40157,0.8928896344555037
40169,2026-04-14 14:20:00,14,-1,MARKDOWN,5,A,115.529274,115.6197939876239,115.30297403094028,0.09051998762389246,0.03358797524779367,0,1,1,0,1,1,True,40180,0.8718634580942836
40182,2026-04-14 15:25:00,15,-1,MARKDOWN,4,B,115.529274,115.62292705558202,115.29514136104494,0.09365305558202408,0.03985411116404798,0,0,1,0,1,1,True,40187,0.8594231433804213
40194,2026-04-14 16:25:00,16,1,MARKUP,5,A,115.482962,115.38991257689321,115.71558555776699,0.0930494231067911,0.040174846213587745,0,1,1,1,0,1,True,40202,0.5
40216,2026-04-14 18:15:00,18,-1,MARKDOWN,6,A+,115.5396,115.63830175587512,115.29284561031218,0.0987017558751262,0.044603511750235886,0,1,1,1,1,1,False,-1,
40228,2026-04-14 19:15:00,19,-1,MARKDOWN,5,A,115.53005,115.63364157194634,115.27107107013416,0.10359157194633895,0.035283143892691556,0,0,1,1,1,1,False,-1,
40240,2026-04-14 20:15:00,20,-1,MARKDOWN,5,A,115.53005,115.63106294818982,115.27751762952545,0.10101294818981899,0.030125896379643656,0,1,1,0,1,1,False,-1,
40381,2026-04-15 08:00:00,8,1,MARKUP,6,A+,115.375188,115.31461780011664,115.52661349970839,0.0605701998833581,0.018764399766726992,0,1,1,1,1,1,True,40394,0.8723507805845787
40393,2026-04-15 09:00:00,9,1,MARKUP,4,B,115.404852,115.36097492176539,115.51454469558655,0.043877078234615396,0.022050156469230416,1,0,0,0,1,1,True,40394,0.6759771050715798
40405,2026-04-15 10:00:00,10,1,MARKUP,4,B,115.409436,115.35909824080449,115.53528039798879,0.05033775919551431,0.02580351839103033,0,1,1,0,0,1,True,40417,-1.0
40425,2026-04-15 11:40:00,11,-1,MARKDOWN,6,A+,115.41069,115.50735776313563,115.16902059216093,0.09666776313562764,0.036715526271238516,0,1,1,1,1,1,True,40446,0.6697890187726458
40441,2026-04-15 13:00:00,13,-1,MARKDOWN,5,A,115.41069,115.505915081016,115.17262729746001,0.0952250810159967,0.033830162031990664,0,1,1,0,1,1,True,40446,0.6723613618872905
40455,2026-04-15 14:10:00,14,-1,MARKDOWN,5,A,115.41069,115.50483578090156,115.17532554774611,0.09414578090155601,0.03167156180311883,0,1,1,0,1,1,True,40465,-1.0
40469,2026-04-15 15:20:00,15,1,MARKUP,6,A+,115.38714,115.2644243090386,115.6939292274035,0.12271569096139956,0.03915138192280862,0,1,1,1,1,1,False,-1,
40481,2026-04-15 16:20:00,16,1,MARKUP,6,A+,115.393938,115.27787744279104,115.68408939302242,0.11606055720896791,0.034245114417936595,0,1,1,1,1,1,False,-1,
40493,2026-04-15 17:20:00,17,1,MARKUP,5,A,115.451486,115.2896418903083,115.85609627422926,0.1618441096916996,0.03871621938337553,0,1,1,0,1,1,False,-1,
40505,2026-04-15 18:20:00,18,1,MARKUP,3,C,115.464856,115.28806964053864,115.90682189865339,0.17678635946136012,0.04186071892272048,0,1,0,0,0,1,False,-1,
40517,2026-04-15 19:20:00,19,1,MARKUP,3,C,115.482046,115.28442808422996,115.97609078942509,0.19761791577003862,0.04914383154008133,0,0,0,0,1,1,False,-1,
40529,2026-04-15 20:20:00,20,1,MARKUP,6,A+,115.58569,115.4512753781544,115.92172655461398,0.13441462184559327,0.04344924369118683,0,1,1,1,1,1,False,-1,
40669,2026-04-16 08:00:00,8,1,MARKUP,4,B,115.533824,115.39052126607896,115.89208083480258,0.14330273392103265,0.032957467842062015,0,1,0,1,0,1,False,-1,
40681,2026-04-16 09:00:00,9,1,MARKUP,5,A,115.547194,115.39100046215471,115.93767784461325,0.15619353784529721,0.031999075690590004,0,1,1,1,0,1,False,-1,
40693,2026-04-16 10:00:00,10,1,MARKUP,6,A+,115.56170999999999,115.3911669357124,115.98806766071895,0.17054306428758537,0.031666128575177685,0,1,1,1,1,1,False,-1,
40705,2026-04-16 11:00:00,11,1,MARKUP,6,A+,115.56170999999999,115.38935934403455,115.99258663991361,0.1723506559654453,0.03528131193089384,0,1,1,1,1,1,False,-1,
40729,2026-04-16 13:00:00,13,1,MARKUP,4,B,115.75745599999999,115.66182877115351,115.99652407211619,0.09562722884648167,0.03234245769298231,0,1,0,0,1,1,True,40742,1.3060492022553225
40749,2026-04-16 14:40:00,14,1,MARKUP,6,A+,115.777232,115.69524075482747,115.98221011293133,0.08199124517253153,0.029518490345060693,0,1,1,1,1,1,False,-1,
40761,2026-04-16 15:40:00,15,1,MARKUP,6,A+,115.806894,115.70695989749241,116.05672925626897,0.09993410250758927,0.034080205015198026,0,1,1,1,1,1,False,-1,
40773,2026-04-16 16:40:00,16,1,MARKUP,5,A,115.832724,115.70754972010162,116.14565969974593,0.12517427989837415,0.034900559796724955,0,1,1,1,0,1,False,-1,
40785,2026-04-16 17:40:00,17,1,MARKUP,5,A,115.888114,115.70520518445527,116.34538603886185,0.18290881554473515,0.03958963108944658,0,1,0,1,1,1,False,-1,
40797,2026-04-16 18:40:00,18,1,MARKUP,5,A,115.889642,115.70503946534382,116.35114833664045,0.18460253465617882,0.039921069312352016,0,1,0,1,1,1,False,-1,
40809,2026-04-16 19:40:00,19,1,MARKUP,5,A,115.94681200000001,115.7891249040463,116.34102973988428,0.15768709595370467,0.03575019190739581,0,1,0,1,1,1,False,-1,
40821,2026-04-16 20:40:00,20,1,MARKUP,5,A,116.011756,115.8599580570861,116.39125085728476,0.1517979429139018,0.03008388582780681,0,1,0,1,1,1,False,-1,
40957,2026-04-17 08:00:00,8,1,MARKUP,6,A+,116.322138,116.17383598345556,116.69289304136109,0.14830201654443442,0.022328033088870713,0,1,1,1,1,1,False,-1,
40969,2026-04-17 09:00:00,9,1,MARKUP,6,A+,116.383442,116.24547280270511,116.72836499323724,0.13796919729489332,0.0230543945897791,0,1,1,1,1,1,False,-1,
41022,2026-04-17 13:25:00,13,-1,MARKDOWN,4,B,116.459772,116.61004025482359,116.08410136294103,0.15026825482358674,0.03008050964717539,0,1,0,1,0,1,False,-1,
41034,2026-04-17 14:25:00,14,-1,MARKDOWN,2,C,116.439378,116.57524297313526,116.09971556716187,0.1358649731352557,0.026485946270519384,0,0,0,0,0,1,True,41037,1.75
41046,2026-04-17 15:25:00,15,-1,MARKDOWN,6,A+,116.396096,116.51971060500917,116.08705948747709,0.12361460500916621,0.03942121001832664,0,1,1,1,1,1,False,-1,
41058,2026-04-17 16:25:00,16,-1,MARKDOWN,5,A,116.202734,116.49457630884461,115.47312822788848,0.2918423088446076,0.07715261768922031,0,1,0,1,1,1,False,-1,
41070,2026-04-17 17:25:00,17,-1,MARKDOWN,5,A,116.108256,116.49070130700564,115.1521427324859,0.3824453070056393,0.08340261401127168,0,1,0,1,1,1,False,-1,
41082,2026-04-17 18:25:00,18,-1,MARKDOWN,5,A,116.015812,116.4902155403617,114.82980314909574,0.4744035403617062,0.0824310807234101,0,1,0,1,1,1,False,-1,
41094,2026-04-17 19:25:00,19,-1,MARKDOWN,2,C,116.015812,116.48312252122032,114.84753569694918,0.4673105212203268,0.06824504244063932,0,0,0,0,0,1,False,-1,
41246,2026-04-20 08:05:00,8,1,MARKUP,6,A+,116.02786,115.9282021962947,116.27700450926325,0.09965780370529842,0.02359560741059514,0,1,1,1,1,1,True,41249,0.8775721985573013
41275,2026-04-20 10:30:00,10,1,MARKUP,5,A,115.99247999999999,115.91728204621819,116.18047488445447,0.07519795378179595,0.04343590756361657,0,1,1,0,1,1,False,-1,
41287,2026-04-20 11:30:00,11,1,MARKUP,4,B,116.02113,115.91877242177833,116.27702394555418,0.10235757822167102,0.04045515644332099,0,1,0,1,0,1,False,-1,
41305,2026-04-20 13:00:00,13,1,MARKUP,4,B,116.029152,115.92109924139677,116.29928389650806,0.10805275860322183,0.03580151720644142,0,0,1,0,1,1,True,41310,0.6974422832094771
41317,2026-04-20 14:00:00,14,1,MARKUP,5,A,116.029152,115.92174320857023,116.29767397857441,0.10740879142976212,0.03451358285950565,0,1,1,0,1,1,True,41326,-1.0
41344,2026-04-20 16:15:00,16,-1,MARKDOWN,6,A+,116.081792,116.19471666955229,115.79948032611924,0.1129246695522994,0.039433339104592444,0,1,1,1,1,1,True,41355,-1.0
41362,2026-04-20 17:45:00,17,1,MARKUP,5,A,115.998118,115.88011283493485,116.29313091266289,0.11800516506515635,0.04577433013032766,0,1,0,1,1,1,False,-1,
41374,2026-04-20 18:45:00,18,1,MARKUP,5,A,116.05389000000001,115.87723817095123,116.49551957262196,0.17665182904877952,0.05152365809755692,0,1,1,0,1,1,False,-1,
41386,2026-04-20 19:45:00,19,1,MARKUP,4,B,116.058856,115.88310302937903,116.49823842655245,0.1757529706209766,0.039793941241952714,0,1,0,1,0,1,False,-1,
41398,2026-04-20 20:45:00,20,1,MARKUP,3,C,116.082922,115.8858064979002,116.57571075524947,0.19711550209979123,0.034387004199603645,0,1,0,0,0,1,False,-1,
41571,2026-04-21 11:10:00,11,1,MARKUP,6,A+,116.41821,116.34111571010752,116.61094572473121,0.07709428989248579,0.035768579784943993,0,1,1,1,1,1,False,-1,
41593,2026-04-21 13:00:00,13,1,MARKUP,5,A,116.451062,116.34297968969092,116.72126777577267,0.10808231030907223,0.032040620618157045,0,1,1,0,1,1,False,-1,
41605,2026-04-21 14:00:00,14,1,MARKUP,4,B,116.45641,116.34598929775643,116.73246175560894,0.11042070224357303,0.02602140448712623,0,0,1,0,1,1,True,41618,1.75
41623,2026-04-21 15:30:00,15,1,MARKUP,6,A+,116.488546,116.39450407121534,116.72365082196166,0.09404192878466233,0.032991857569338985,0,1,1,1,1,1,False,-1,
41635,2026-04-21 16:30:00,16,1,MARKUP,5,A,116.512086,116.4300418453805,116.71719638654874,0.08204415461949566,0.03191630923898837,0,1,0,1,1,1,False,-1,
41647,2026-04-21 17:30:00,17,1,MARKUP,6,A+,116.559072,116.42902152460263,116.88419818849343,0.13005047539736836,0.03395695079473059,0,1,1,1,1,1,False,-1,
41659,2026-04-21 18:30:00,18,1,MARKUP,6,A+,116.588486,116.42683497385603,116.99261356535993,0.16165102614397142,0.03833005228793129,0,1,1,1,1,1,False,-1,
41671,2026-04-21 19:30:00,19,1,MARKUP,5,A,116.601856,116.43021618895737,117.03095552760655,0.17163981104262405,0.03156762208524739,0,1,0,1,1,1,False,-1,
41821,2026-04-22 08:00:00,8,1,MARKUP,4,B,116.617626,116.55494705313649,116.77432336715879,0.06267894686351383,0.016105893727035428,0,1,0,1,0,1,True,41824,-1.0
41833,2026-04-22 09:00:00,9,-1,MARKDOWN,6,A+,116.654048,116.71846656032629,116.49300159918428,0.06441856032628834,0.024933120652578775,0,1,1,1,1,1,True,41853,-1.0
41845,2026-04-22 10:00:00,10,-1,MARKDOWN,5,A,116.63762200000001,116.72017822946779,116.43123142633056,0.08255622946778374,0.028356458935585648,0,1,0,1,1,1,True,41852,-1.0
41863,2026-04-22 11:30:00,11,1,MARKUP,5,A,116.61295,116.51199896388343,116.86532759029143,0.10095103611656953,0.030002072233148373,0,1,0,1,1,1,False,-1,
41881,2026-04-22 13:00:00,13,1,MARKUP,3,C,116.627466,116.51452547523616,116.9098173119096,0.11294052476384309,0.02494904952769008,0,0,0,0,1,1,True,41890,-1.0
41900,2026-04-22 14:35:00,14,-1,MARKDOWN,4,B,116.68953400000001,116.80227178219354,116.40768954451617,0.11273778219353403,0.02454356438708524,0,1,0,0,1,1,False,-1,
41912,2026-04-22 15:35:00,15,-1,MARKDOWN,5,A,116.676546,116.80448690268048,116.3566937432988,0.12794090268047853,0.028973805360956447,0,1,0,1,1,1,False,-1,
41924,2026-04-22 16:35:00,16,-1,MARKDOWN,5,A,116.671198,116.8112369173052,116.32110070673703,0.14003891730519058,0.04247383461038239,0,1,0,1,1,1,True,41944,0.044259125386482655
41950,2026-04-22 18:45:00,18,1,MARKUP,5,A,116.579466,116.46276946741611,116.87120733145971,0.11669653258388735,0.0324610651677678,0,1,1,0,1,1,False,-1,
41962,2026-04-22 19:45:00,19,1,MARKUP,5,A,116.596656,116.46495040199417,116.92591999501455,0.13170559800582282,0.02809919601163864,0,1,1,0,1,1,False,-1,
41974,2026-04-22 20:45:00,20,1,MARKUP,3,C,116.60315,116.46680740851161,116.94400647872096,0.13634259148838623,0.024385182976767394,0,0,0,0,1,1,False,-1,
42109,2026-04-23 08:00:00,8,1,MARKUP,5,A,116.648614,116.57179991212818,116.84064921967952,0.07681408787180999,0.018400175743642368,0,1,0,1,1,1,False,-1,
42121,2026-04-23 09:00:00,9,1,MARKUP,6,A+,116.659536,116.59321952057223,116.82532719856943,0.06631647942776908,0.01956095885553139,0,1,1,1,1,1,False,-1,
42133,2026-04-23 10:00:00,10,1,MARKUP,6,A+,116.717906,116.63657272045417,116.92123919886458,0.0813332795458308,0.022854559091653168,0,1,1,1,1,1,False,-1,
42145,2026-04-23 11:00:00,11,1,MARKUP,5,A,116.72210799999999,116.63472598396305,116.94056304009234,0.08738201603694051,0.02654803207388737,0,1,1,0,1,1,False,-1,
42169,2026-04-23 13:00:00,13,1,MARKUP,3,C,116.784636,116.69768608656587,117.00201078358535,0.0869499134341396,0.022627826868261324,0,1,0,0,0,1,True,42176,-1.0
42200,2026-04-23 15:35:00,15,-1,MARKDOWN,6,A+,116.789344,116.9250779085103,116.45000922872424,0.13573390851030354,0.036155817020613795,0,1,1,1,1,1,False,-1,
42212,2026-04-23 16:35:00,16,-1,MARKDOWN,5,A,116.777502,116.92585236574725,116.40662608563187,0.14835036574724825,0.03770473149448928,0,1,0,1,1,1,False,-1,
42224,2026-04-23 17:35:00,17,-1,MARKDOWN,5,A,116.76376,116.90782582282053,116.4035954429487,0.14406582282052227,0.04365164564106456,0,1,1,0,1,1,False,-1,
42236,2026-04-23 18:35:00,18,-1,MARKDOWN,5,A,116.71075,116.87534847266092,116.29925381834772,0.16459847266091288,0.042696945321832304,0,1,0,1,1,1,False,-1,
42248,2026-04-23 19:35:00,19,-1,MARKDOWN,5,A,116.68145799999999,116.8451776516355,116.27215887091123,0.16371965163550328,0.0363553032709898,0,1,0,1,1,1,False,-1,
42263,2026-04-23 20:50:00,20,-1,MARKDOWN,5,A,116.630164,116.7636373177466,116.29648070563348,0.1334733177466063,0.03927463549318831,0,0,1,1,1,1,True,42284,1.029581426877368
42397,2026-04-24 08:00:00,8,-1,MARKDOWN,6,A+,116.599206,116.67264864089046,116.41559939777383,0.07344264089046249,0.01929728178091423,0,1,1,1,1,1,False,-1,
42409,2026-04-24 09:00:00,9,-1,MARKDOWN,5,A,116.599206,116.67217955082684,116.41677212293288,0.07297355082684476,0.018359101653683447,0,0,1,1,1,1,False,-1,
42421,2026-04-24 10:00:00,10,-1,MARKDOWN,6,A+,116.56087,116.65586973530029,116.32337066174927,0.09499973530029138,0.025739470600572384,0,1,1,1,1,1,True,42432,-1.0
42442,2026-04-24 11:45:00,11,1,MARKUP,5,A,116.52923,116.4128240331588,116.820244917103,0.11640596684119942,0.030351933682396783,0,1,0,1,1,1,False,-1,
42457,2026-04-24 13:00:00,13,1,MARKUP,5,A,116.536106,116.41508967806496,116.83864680483762,0.12101632193504486,0.025820643870086375,0,1,0,1,1,1,True,42473,-1.0
42469,2026-04-24 14:00:00,14,1,MARKUP,3,C,116.542218,116.4163921313808,116.85678267154802,0.1258258686192022,0.02321573723838099,0,0,0,0,1,1,True,42473,-1.0
42483,2026-04-24 15:10:00,15,-1,MARKDOWN,4,B,116.607052,116.74507065655918,116.26200535860204,0.13801865655918277,0.03614131311836332,0,1,0,1,0,1,True,42488,0.7544126863979018
42495,2026-04-24 16:10:00,16,-1,MARKDOWN,6,A+,116.607052,116.7477326495546,116.25535037611347,0.14068064955461068,0.04146529910919544,0,1,1,1,1,1,True,42497,0.7495986285208353
42507,2026-04-24 17:10:00,17,-1,MARKDOWN,6,A+,116.607052,116.74948831996741,116.25096120008146,0.14243631996741613,0.044976639934816896,0,1,1,1,1,1,True,42518,-0.2453587681006833
42520,2026-04-24 18:15:00,18,-1,MARKDOWN,5,A,116.607052,116.74910772514994,116.25191268712513,0.14205572514994458,0.044215450299884995,0,0,1,1,1,1,True,42524,-0.4783193350938854
42532,2026-04-24 19:15:00,19,-1,MARKDOWN,5,A,116.56132000000001,116.67363595585529,116.28053011036181,0.11231595585527998,0.04127191171056166,1,0,0,1,1,1,True,42540,-1.0
42685,2026-04-27 08:00:00,8,-1,MARKDOWN,6,A+,116.619106,116.71263958209185,116.38527204477037,0.09353358209185103,0.021279164183699517,0,1,1,1,1,1,True,42695,-1.0
42702,2026-04-27 09:25:00,9,1,MARKUP,5,A,116.579736,116.4711603498274,116.8511751254315,0.10857565017259674,0.02767930034519115,0,1,0,1,1,1,False,-1,
42714,2026-04-27 10:25:00,10,1,MARKUP,5,A,116.579736,116.47015515778274,116.85368810554314,0.10958084221725528,0.029689684434505318,0,1,0,1,1,1,False,-1,
42726,2026-04-27 11:25:00,11,1,MARKUP,6,A+,116.6378,116.4673671700542,117.0638820748645,0.17043282994579556,0.03526565989159995,0,1,1,1,1,1,False,-1,
42745,2026-04-27 13:00:00,13,1,MARKUP,6,A+,116.732472,116.52727424273111,117.24546639317222,0.20519775726889122,0.031451514537799895,0,1,1,1,1,1,False,-1,
42757,2026-04-27 14:00:00,14,1,MARKUP,4,B,116.778586,116.60264250680835,117.21844473297914,0.17594349319165303,0.028714986383296528,0,0,0,1,1,1,False,-1,
42769,2026-04-27 15:00:00,15,1,MARKUP,4,B,116.798362,116.63313273697804,117.21143515755489,0.16522926302195629,0.03173452604391866,0,1,1,0,0,1,False,-1,
42781,2026-04-27 16:00:00,16,1,MARKUP,6,A+,116.885982,116.75182421267927,117.22137646830183,0.13415778732073136,0.03835157464147351,0,1,1,1,1,1,True,42804,1.0107724133812037
42793,2026-04-27 17:00:00,17,1,MARKUP,6,A+,116.951658,116.84854122805078,117.20944992987305,0.10311677194921742,0.038917543898439294,0,1,1,1,1,1,True,42803,0.8460746116186475
42826,2026-04-27 19:45:00,19,1,MARKUP,6,A+,116.952658,116.8546845693745,117.19759157656375,0.09797343062550112,0.028630861251009464,0,1,1,1,1,1,False,-1,
42838,2026-04-27 20:45:00,20,1,MARKUP,4,B,116.952658,116.85556438343947,117.19539204140132,0.09709361656052806,0.026871233121057738,0,1,0,0,1,1,True,42859,0.7908922228334767
42973,2026-04-28 08:00:00,8,-1,MARKDOWN,5,A,116.902898,117.09820785466984,116.41462336332538,0.19530985466984419,0.03841570933969792,0,1,0,1,1,1,False,-1,
42985,2026-04-28 09:00:00,9,-1,MARKDOWN,4,B,116.886212,117.06972117535473,116.42743906161317,0.18350917535472888,0.03544235070945407,0,0,1,1,0,1,True,42999,-1.0
43017,2026-04-28 11:40:00,11,1,MARKUP,5,A,116.794102,116.59266756755322,117.29768808111693,0.20143443244677428,0.0506648648935547,0,1,0,1,1,1,False,-1,
43033,2026-04-28 13:00:00,13,1,MARKUP,3,C,116.802136,116.61170970741246,117.27820173146887,0.19042629258754573,0.03858058517508186,0,0,1,0,0,1,False,-1,
43045,2026-04-28 14:00:00,14,-1,MARKDOWN,5,A,116.90786399999999,117.09546400989956,116.43886397525107,0.18760000989956893,0.03292801979911988,0,1,0,1,1,1,False,-1,
43057,2026-04-28 15:00:00,15,-1,MARKDOWN,6,A+,116.973186,117.09557747895619,116.66720730260953,0.12239147895618885,0.0331549579123987,0,1,1,1,1,1,False,-1,
43069,2026-04-28 16:00:00,16,-1,MARKDOWN,4,B,116.89602199999999,117.10433331060057,116.37524372349854,0.20831131060057828,0.05066662120115886,0,1,0,1,0,1,False,-1,
43081,2026-04-28 17:00:00,17,-1,MARKDOWN,3,C,116.790344,116.93333607386654,116.43286381533366,0.14299207386653734,0.050672147733075455,0,0,0,1,0,1,True,43085,0.7476711565080075
43093,2026-04-28 18:00:00,18,-1,MARKDOWN,6,A+,116.790344,116.932837991796,116.43410902051,0.14249399179600175,0.049675983592001635,0,1,1,1,1,1,False,-1,
43105,2026-04-28 19:00:00,19,-1,MARKDOWN,6,A+,116.782928,116.91545746524707,116.45160433688231,0.13252946524707454,0.03891493049414735,0,1,1,1,1,1,False,-1,
43117,2026-04-28 20:00:00,20,-1,MARKDOWN,5,A,116.75635399999999,116.8694701052705,116.47356373682372,0.11311610527050675,0.03294021054100821,0,1,0,1,1,1,False,-1,
43261,2026-04-29 08:00:00,8,-1,MARKDOWN,5,A,116.648642,116.68266353346255,116.56358816634362,0.03402153346254977,0.015327066925103616,0,1,1,0,1,1,True,43262,-1.0
43282,2026-04-29 09:45:00,9,-1,MARKDOWN,5,A,116.659316,116.69231280511168,116.5768239872208,0.03299680511167935,0.018625610223359287,0,1,1,0,1,1,True,43285,0.5
43294,2026-04-29 10:45:00,10,1,MARKUP,5,A,116.660806,116.59753049546254,116.81899476134365,0.063275504537458,0.02493900907493516,0,1,1,1,0,1,False,-1,
43306,2026-04-29 11:45:00,11,1,MARKUP,6,A+,116.677614,116.59646721608362,116.88048095979096,0.08114678391638108,0.027065567832737395,0,1,1,1,1,1,False,-1,
43321,2026-04-29 13:00:00,13,1,MARKUP,2,C,116.677614,116.59761211797417,116.8776187050646,0.08000188202584013,0.02477576405165845,0,0,0,0,0,1,False,-1,
43333,2026-04-29 14:00:00,14,1,MARKUP,6,A+,116.677614,116.59795770151219,116.87675474621955,0.0796562984878193,0.024084596975639784,0,1,1,1,1,1,False,-1,
43345,2026-04-29 15:00:00,15,1,MARKUP,5,A,116.73686000000001,116.6349445273663,116.99164868158428,0.10191547263370637,0.02811094526739818,0,1,0,1,1,1,False,-1,
43357,2026-04-29 16:00:00,16,1,MARKUP,6,A+,116.829218,116.69838983370786,117.15628841573033,0.13082816629213312,0.033220332584283356,0,1,1,1,1,1,True,43366,0.7861138230362839
43369,2026-04-29 17:00:00,17,1,MARKUP,4,B,116.829218,116.69140245625822,117.17375685935446,0.1378155437417803,0.04719508748358188,0,0,1,0,1,1,False,-1,
43381,2026-04-29 18:00:00,18,1,MARKUP,6,A+,116.86398,116.68975150483567,117.29955123791082,0.17422849516432848,0.05049699032865715,0,1,1,1,1,1,False,-1,
43393,2026-04-29 19:00:00,19,1,MARKUP,6,A+,116.937878,116.7511556314664,117.40468392133398,0.18672236853359436,0.045688737067206484,0,1,1,1,1,1,False,-1,
43405,2026-04-29 20:00:00,20,1,MARKUP,4,B,116.98122599999999,116.79334203947414,117.45093590131462,0.187883960525852,0.0373159210517216,0,1,0,0,1,1,False,-1,
43549,2026-04-30 08:00:00,8,1,MARKUP,4,B,117.221422,117.12298738487044,117.4675085378239,0.09843461512956253,0.02802523025911918,0,1,0,0,1,1,False,-1,
43561,2026-04-30 09:00:00,9,1,MARKUP,6,A+,117.265298,117.15848913371555,117.53232016571113,0.10680886628445307,0.031021732568907563,0,1,1,1,1,1,True,43584,-1.0
43573,2026-04-30 10:00:00,10,1,MARKUP,6,A+,117.294432,117.17273136962406,117.59868357593984,0.12170063037594048,0.0325372607518518,0,1,1,1,1,1,True,43584,-1.0
43593,2026-04-30 11:40:00,11,-1,MARKDOWN,6,A+,117.24525200000001,117.56072894031824,116.45655964920442,0.31547694031823426,0.08545788063646892,0,1,1,1,1,1,False,-1,
43609,2026-04-30 13:00:00,13,-1,MARKDOWN,6,A+,117.153954,117.55704255632472,116.1462326091882,0.4030885563247182,0.07808511264944251,0,1,1,1,1,1,False,-1,
43621,2026-04-30 14:00:00,14,-1,MARKDOWN,5,A,116.537024,117.62664412451264,113.81297368871842,1.089620124512635,0.21728824902526045,0,1,0,1,1,1,False,-1,
43633,2026-04-30 15:00:00,15,-1,MARKDOWN,5,A,116.13707000000001,117.65275911531593,112.3478472117102,1.5156891153159222,0.26951823063185315,0,1,0,1,1,1,False,-1,
43645,2026-04-30 16:00:00,16,-1,MARKDOWN,2,C,115.92077,117.2583578481497,112.57680037962577,1.3375878481496954,0.18071569629939696,0,0,0,0,0,1,False,-1,
43657,2026-04-30 17:00:00,17,-1,MARKDOWN,3,C,115.64576,116.79697388897247,112.7677252775688,1.1512138889724781,0.14794777794495992,0,0,0,0,1,1,False,-1,
43848,2026-05-01 08:55:00,8,1,MARKUP,5,A,115.745972,115.6348382722129,116.02380631946772,0.11113372778709163,0.03432345557420263,0,1,1,0,1,1,True,43849,-1.0
43861,2026-05-01 10:00:00,10,-1,MARKDOWN,5,A,115.398726,115.96731319497694,113.97725801255764,0.5685871949769421,0.1386263899538834,0,1,0,1,1,1,True,43872,-0.17459767099404017
43873,2026-05-01 11:00:00,11,-1,MARKDOWN,4,B,115.398726,115.96644695318616,113.97942361703457,0.5677209531861678,0.1368939063723309,1,0,0,1,0,1,True,43889,-0.17134121869921637
43942,2026-05-01 16:45:00,16,1,MARKUP,4,B,115.38515,115.23697560421049,115.75558598947377,0.14817439578951053,0.04804879157902661,0,1,0,0,1,1,True,43943,0.9406903398162574
43969,2026-05-01 19:00:00,19,1,MARKUP,5,A,115.383914,115.22942420333594,115.77013849166016,0.15448979666406615,0.059151593328130046,0,1,0,1,1,1,False,-1,
43981,2026-05-01 20:00:00,20,1,MARKUP,5,A,115.383914,115.23504363920158,115.75608990199606,0.1488703607984263,0.047912721596855244,0,1,1,0,1,1,False,-1,
44125,2026-05-04 08:00:00,8,-1,MARKDOWN,6,A+,115.28926,115.74197660367744,114.1574684908064,0.4527166036774446,0.08795320735488725,1,0,1,1,1,1,True,44126,-0.2004344423485027
44197,2026-05-04 14:00:00,14,1,MARKUP,5,A,115.3715,115.25530481695183,115.6619879576204,0.11619518304816268,0.041390366096315155,0,1,1,0,1,1,True,44217,0.6204161483438491
44209,2026-05-04 15:00:00,15,1,MARKUP,4,B,115.37532,115.25981799461242,115.66407501346896,0.11550200538758304,0.032364010775161295,0,0,1,0,1,1,True,44217,0.6046023084900031
44221,2026-05-04 16:00:00,16,-1,MARKDOWN,6,A+,115.458836,115.55453023286718,115.21960041783207,0.09569423286717438,0.03706046573434716,0,1,1,1,1,1,True,44234,0.5
44233,2026-05-04 17:00:00,17,-1,MARKDOWN,3,C,115.446994,115.55601872463679,115.17443218840805,0.10902472463678237,0.04003744927356381,0,0,0,0,1,1,True,44234,-1.0
44245,2026-05-04 18:00:00,18,-1,MARKDOWN,3,C,115.446994,115.56213590888457,115.15913922778859,0.1151419088845671,0.052271817769127274,0,0,0,0,1,1,True,44247,-1.0
44257,2026-05-04 19:00:00,19,1,MARKUP,5,A,115.398882,115.2772703733656,115.70291106658601,0.1216116266344045,0.051459253268802865,0,1,1,0,1,1,False,-1,
44269,2026-05-04 20:00:00,20,1,MARKUP,4,B,115.398882,115.2835057003219,115.68732274919526,0.11537629967810403,0.03898859935619455,0,1,0,0,1,1,True,44292,-1.0
44415,2026-05-05 08:10:00,8,1,MARKUP,3,C,115.40629,115.36162142626503,115.51796143433742,0.0446685737349668,0.016757147469941502,0,0,0,0,1,1,True,44417,0.5416970089069116
44427,2026-05-05 09:10:00,9,1,MARKUP,6,A+,115.415436,115.36661688007274,115.53748379981815,0.04881911992725918,0.02276623985452023,0,1,1,1,1,1,True,44437,0.5
44442,2026-05-05 10:25:00,10,1,MARKUP,6,A+,115.421166,115.36376527144469,115.56466782138827,0.05740072855530798,0.028469457110604193,0,1,1,1,1,1,True,44444,1.75
44454,2026-05-05 11:25:00,11,1,MARKUP,5,A,115.43759200000001,115.36365594941003,115.62243212647496,0.07393605058997821,0.028688101179950316,0,1,0,1,1,1,True,44467,2.5
44473,2026-05-05 13:00:00,13,1,MARKUP,6,A+,115.583898,115.34239682524543,116.18765093688644,0.24150117475457478,0.07120634950914177,0,1,1,1,1,1,False,-1,
44485,2026-05-05 14:00:00,14,1,MARKUP,4,B,115.58637,115.35351495999227,116.16850760001934,0.23285504000773471,0.056970080015478264,0,1,0,0,1,1,False,-1,
44497,2026-05-05 15:00:00,15,1,MARKUP,6,A+,115.59057200000001,115.35875455984583,116.17011560038544,0.23181744015417394,0.04649088030833397,0,1,1,1,1,1,False,-1,
44509,2026-05-05 16:00:00,16,1,MARKUP,5,A,115.612606,115.38668071364017,116.17741921589956,0.2259252863598249,0.04463857271965923,0,0,1,1,1,1,False,-1,
44521,2026-05-05 17:00:00,17,1,MARKUP,6,A+,115.612606,115.3873089361993,116.17584865950174,0.2252970638006957,0.04338212760139293,0,1,1,1,1,1,False,-1,
44544,2026-05-05 18:55:00,18,1,MARKUP,5,A,115.831962,115.73886657697327,116.06470055756685,0.0930954230267389,0.04026684605347649,0,1,1,0,1,1,True,44548,1.0494433971144503
44557,2026-05-05 20:00:00,20,1,MARKUP,4,B,115.831962,115.74353435684415,116.05303110788964,0.08842764315585327,0.030931286311711118,0,1,1,0,0,1,False,-1,
44701,2026-05-06 08:00:00,8,-1,MARKDOWN,4,B,115.33987599999999,116.19766293892037,113.19540865269903,0.857786938920384,0.20132587784075007,0,1,0,1,0,1,False,-1,
44713,2026-05-06 09:00:00,9,-1,MARKDOWN,4,B,115.33987599999999,116.15851532073815,113.2932776981546,0.818639320738157,0.12303064147630194,0,1,0,1,0,1,False,-1,
44735,2026-05-06 10:50:00,10,-1,MARKDOWN,5,A,115.33987599999999,116.1346057150378,113.35305171240549,0.7947297150378034,0.0752114300755892,0,1,1,1,0,1,False,-1,
44761,2026-05-06 13:00:00,13,-1,MARKDOWN,6,A+,114.945598,115.21410296853155,114.27433557867114,0.2685049685315448,0.07020593706308595,0,1,1,1,1,1,False,-1,
44773,2026-05-06 14:00:00,14,-1,MARKDOWN,5,A,114.93834000000001,115.21215585219946,114.25380036950139,0.2738158521994478,0.06631170439891826,0,1,0,1,1,1,False,-1,
44789,2026-05-06 15:20:00,15,-1,MARKDOWN,4,B,114.93834000000001,115.2141704442482,114.24876388937955,0.2758304442481858,0.07034088849640294,0,0,1,0,1,1,False,-1,
44806,2026-05-06 16:45:00,16,-1,MARKDOWN,6,A+,114.79496400000001,114.97808195209068,114.33716911977334,0.18311795209066872,0.06216390418133407,0,1,1,1,1,1,True,44820,0.8929375755275528
44818,2026-05-06 17:45:00,17,-1,MARKDOWN,6,A+,114.765918,114.92881819508345,114.35866751229136,0.1629001950834521,0.05763639016690031,0,1,1,1,1,1,True,44820,0.8525528259843558
44845,2026-05-06 20:00:00,20,-1,MARKDOWN,5,A,114.78501800000001,114.9235732596447,114.43862985088828,0.13855525964468995,0.04714651928938403,0,1,1,1,0,1,False,-1,
45005,2026-05-07 09:20:00,9,-1,MARKDOWN,6,A+,114.628196,114.72761590754232,114.37964623114422,0.09941990754231256,0.029231815084648144,1,1,1,0,1,1,True,45006,0.5782403001243914
45017,2026-05-07 10:20:00,10,-1,MARKDOWN,4,B,114.630106,114.73715595720124,114.3624811069969,0.10704995720124089,0.04831191440248016,0,1,0,0,1,1,True,45021,-1.0
45049,2026-05-07 13:00:00,13,1,MARKUP,3,C,114.619532,114.47808802245248,114.97314194386882,0.14144397754752447,0.033823955095055175,0,1,0,0,0,1,False,-1,
45061,2026-05-07 14:00:00,14,1,MARKUP,4,B,114.619532,114.48048962915803,114.96713792710494,0.13904237084197746,0.029020741683962452,0,1,1,0,0,1,True,45082,1.75
45073,2026-05-07 15:00:00,15,1,MARKUP,4,B,114.619532,114.47728757775671,114.97514305560824,0.14224442224329437,0.035424844486573244,0,1,0,0,1,1,True,45082,1.75
45096,2026-05-07 16:55:00,16,-1,MARKDOWN,4,B,114.737724,114.84161086501253,114.47800683746868,0.10388686501252664,0.04122173002506171,0,1,1,0,0,1,True,45105,0.7780779742885267
45108,2026-05-07 17:55:00,17,-1,MARKDOWN,5,A,114.717006,114.84164890068142,114.40539874829645,0.12464290068142247,0.04529780136284146,0,1,1,1,0,1,True,45114,-1.0
45120,2026-05-07 18:55:00,18,1,MARKUP,6,A+,114.65399400000001,114.53103028680549,114.96140328298631,0.12296371319452248,0.04193942638904125,0,1,1,1,1,1,False,-1,
45132,2026-05-07 19:55:00,19,1,MARKUP,5,A,114.69639600000001,114.53159258305435,115.10840454236416,0.16480341694565936,0.04081483389130457,0,1,0,1,1,1,False,-1,
45144,2026-05-07 20:55:00,20,1,MARKUP,5,A,114.73421400000001,114.52999547975631,115.24476030060926,0.20421852024369969,0.044009040487393014,0,1,0,1,1,1,False,-1,
45281,2026-05-08 08:20:00,8,1,MARKUP,4,B,114.852716,114.78936783454134,115.01108641364667,0.06334816545866317,0.021264330917304914,0,1,0,0,1,1,True,45288,-1.0
45300,2026-05-08 09:55:00,9,1,MARKUP,5,A,114.844694,114.78768972514547,114.98720468713634,0.05700427485453474,0.024620549709042573,0,1,1,0,1,1,True,45301,-1.0
45312,2026-05-08 10:55:00,10,-1,MARKDOWN,4,B,114.860564,114.9110124637538,114.73444284061547,0.05044846375380985,0.026024927507620275,0,0,1,0,1,1,False,-1,
45324,2026-05-08 11:55:00,11,-1,MARKDOWN,5,A,114.832678,114.9129431140934,114.63201521476651,0.08026511409339321,0.029886228186811078,0,1,0,1,1,1,True,45337,0.7049882953120679
45337,2026-05-08 13:00:00,13,-1,MARKDOWN,5,A,114.831442,114.90952582987215,114.6362324253196,0.07808382987215623,0.027051659744305255,1,0,0,1,1,1,True,45338,0.7028001051812794
45358,2026-05-08 14:45:00,14,1,MARKUP,5,A,114.79576,114.71592018415816,114.99535953960459,0.07983981584183653,0.02215963168369011,0,1,0,1,1,1,True,45362,0.5
45370,2026-05-08 15:45:00,15,-1,MARKDOWN,6,A+,114.71685400000001,114.93886898420554,114.16181653948618,0.22201498420552923,0.059737968411073664,0,1,1,1,1,1,False,-1,
45382,2026-05-08 16:45:00,16,-1,MARKDOWN,6,A+,114.631286,114.94043679841185,113.85840900397038,0.30915079841184934,0.06287359682370305,0,1,1,1,1,1,False,-1,
45394,2026-05-08 17:45:00,17,-1,MARKDOWN,5,A,114.62708400000001,114.93465476177941,113.8581570955515,0.30757076177940235,0.05130952355880038,0,0,1,1,1,1,False,-1,
45577,2026-05-11 09:00:00,9,1,MARKUP,5,A,114.741884,114.66873999363406,114.92474401591484,0.07314400636593632,0.022520012731880392,0,1,1,0,1,1,False,-1,
45589,2026-05-11 10:00:00,10,1,MARKUP,5,A,114.766716,114.69958442506214,114.93454493734465,0.0671315749378607,0.028831149875715136,0,1,1,1,0,1,False,-1,
45601,2026-05-11 11:00:00,11,1,MARKUP,5,A,114.806444,114.69915491666356,115.0746667083411,0.10728908333643972,0.02969016667287473,0,1,1,1,0,1,False,-1,
45625,2026-05-11 13:00:00,13,1,MARKUP,5,A,114.817882,114.7092702217716,115.08941144557099,0.10861177822839352,0.025459556456792744,0,1,1,1,0,1,False,-1,
45637,2026-05-11 14:00:00,14,1,MARKUP,4,B,114.863668,114.74649082009513,115.15661094976218,0.11717717990487131,0.025018359809736723,0,1,0,1,0,1,True,45655,1.1475548832877607
45649,2026-05-11 15:00:00,15,1,MARKUP,2,C,114.889624,114.78837164528443,115.14275488678892,0.10125235471556948,0.025256709431138828,0,0,0,0,0,1,True,45655,1.1212265900777008
45677,2026-05-11 17:20:00,17,1,MARKUP,5,A,114.890242,114.78543858142497,115.15225054643759,0.10480341857503106,0.03312283715006838,0,1,1,0,1,1,True,45684,0.9643936655474442
45695,2026-05-11 18:50:00,18,1,MARKUP,6,A+,114.906668,114.78377454355144,115.21390164112137,0.12289345644855132,0.036450912897130185,1,0,1,1,1,1,True,45698,0.8292042138215967
45707,2026-05-11 19:50:00,19,1,MARKUP,5,A,114.906668,114.7872515984896,115.20520900377598,0.11941640151039223,0.029496803020801737,0,1,1,1,0,1,False,-1,
45719,2026-05-11 20:50:00,20,1,MARKUP,5,A,114.948692,114.85833009663043,115.17459675842392,0.09036190336956906,0.023339806739168557,0,1,0,1,1,1,True,45724,-1.0
45853,2026-05-12 08:00:00,8,1,MARKUP,6,A+,115.016366,114.9239068001328,115.24751399966803,0.09245919986720708,0.022186399734397746,0,1,1,1,1,1,True,45864,-1.0
45884,2026-05-12 10:35:00,10,-1,MARKDOWN,6,A+,114.94760000000001,115.24574105159743,114.20224737100645,0.2981410515974261,0.061482103194856745,1,0,1,1,1,1,True,45885,-0.10531927700580315
45944,2026-05-12 15:35:00,15,-1,MARKDOWN,4,B,114.98935200000001,115.07089117930954,114.78550405172618,0.08153917930953014,0.03778235861906772,0,1,0,0,1,1,True,45948,0.7828955709458119
45956,2026-05-12 16:35:00,16,-1,MARKDOWN,4,B,114.979802,115.07326951246613,114.7461332188347,0.09346751246611973,0.04253902493225217,0,1,0,0,1,1,True,45967,-1.0
45968,2026-05-12 17:35:00,17,-1,MARKDOWN,5,A,114.963734,115.04544098927663,114.75946652680844,0.08170698927662556,0.038881978553273036,1,0,1,0,1,1,True,45969,-1.0
45991,2026-05-12 19:30:00,19,1,MARKUP,6,A+,114.930996,114.84572071140072,115.1441842214982,0.08527528859927713,0.03455857719857856,0,1,1,1,1,1,False,-1,
46003,2026-05-12 20:30:00,20,1,MARKUP,4,B,114.932142,114.84892856720491,115.14017558198773,0.08321343279509108,0.02814286559017099,0,1,0,0,1,1,False,-1,
46174,2026-05-13 10:45:00,10,-1,MARKDOWN,3,C,115.139206,115.21677285979186,114.94528885052036,0.07756685979185818,0.027545719583726036,0,0,0,0,1,1,True,46175,-1.0
46188,2026-05-13 11:55:00,11,1,MARKUP,6,A+,115.101322,115.01971666956507,115.30533532608732,0.08160533043492535,0.03256666086985496,0,1,1,1,1,1,False,-1,
46201,2026-05-13 13:00:00,13,1,MARKUP,4,B,115.111254,115.02197354673673,115.33445513315817,0.08928045326327094,0.02805290652655045,0,1,0,0,1,1,False,-1,
46213,2026-05-13 14:00:00,14,1,MARKUP,4,B,115.13264600000001,115.02240368255327,115.40825179361684,0.1102423174467333,0.027192634893459723,0,1,0,0,1,1,False,-1,
46225,2026-05-13 15:00:00,15,1,MARKUP,4,B,115.13264600000001,115.02284910559315,115.40713823601715,0.10979689440685547,0.026301788813700242,0,0,1,0,1,1,True,46244,0.8330127862617347
46237,2026-05-13 16:00:00,16,1,MARKUP,4,B,115.160456,115.06581712081673,115.39705319795816,0.09463887918326463,0.03036575836654336,0,1,0,0,1,1,True,46243,0.7394234792810732
46253,2026-05-13 17:20:00,17,1,MARKUP,6,A+,115.157366,115.05592451315287,115.41096971711781,0.10144148684712206,0.040150973694247104,0,1,1,1,1,1,False,-1,
46266,2026-05-13 18:25:00,18,1,MARKUP,6,A+,115.157366,115.05664737271026,115.40916256822433,0.10071862728973713,0.03870525457946373,0,1,1,1,1,1,False,-1,
46279,2026-05-13 19:30:00,19,1,MARKUP,3,C,115.155074,115.05932914278527,115.39443614303681,0.0957448572147257,0.03334171442942992,0,0,0,0,1,1,True,46302,-1.0
46293,2026-05-13 20:40:00,20,1,MARKUP,4,B,115.155074,115.06295431492254,115.38537321269365,0.09211968507746349,0.0260913701549144,0,0,1,0,1,1,True,46302,-1.0
46429,2026-05-14 08:00:00,8,1,MARKUP,5,A,115.063476,114.92741731212018,115.40362271969951,0.13605868787981024,0.029165375759605976,0,1,1,1,0,1,False,-1,
46444,2026-05-14 09:15:00,9,1,MARKUP,4,B,115.063476,114.92901985456682,115.39961636358294,0.13445614543317674,0.02596029086634481,0,1,0,1,0,1,False,-1,
46456,2026-05-14 10:15:00,10,1,MARKUP,3,C,115.063476,114.92881442433787,115.4001299391553,0.1346615756621219,0.026371151324252967,0,1,0,0,0,1,False,-1,
46468,2026-05-14 11:15:00,11,1,MARKUP,5,A,115.05965599999999,114.92837557679373,115.38785705801564,0.1312804232062632,0.02724884641252977,0,1,0,1,1,1,False,-1,
46489,2026-05-14 13:00:00,13,1,MARKUP,5,A,115.174166,115.12046119126055,115.30842802184864,0.053704808739453824,0.021077617478894726,0,1,1,0,1,1,True,46491,-1.0
46501,2026-05-14 14:00:00,14,-1,MARKDOWN,5,A,115.198924,115.25434270207282,115.06037724481797,0.05541870207281363,0.020685404145624656,0,1,0,1,1,1,False,-1,
46513,2026-05-14 15:00:00,15,-1,MARKDOWN,5,A,115.188992,115.25502596658848,115.0239070835288,0.06603396658847771,0.022051933176965285,0,1,1,0,1,1,True,46532,0.5
46525,2026-05-14 16:00:00,16,-1,MARKDOWN,5,A,115.152342,115.25029485385329,114.90745986536679,0.09795285385328611,0.028589707706567435,0,0,1,1,1,1,True,46532,-1.0
46537,2026-05-14 17:00:00,17,-1,MARKDOWN,5,A,115.02665400000001,115.29970763186006,114.34401992034988,0.2730536318600514,0.08541526372010004,1,0,0,1,1,1,True,46538,-1.0
46564,2026-05-14 19:15:00,19,1,MARKUP,5,A,114.884346,114.63126824745706,115.51704038135733,0.25307775254293574,0.04546350508588356,0,1,0,1,1,1,False,-1,
46576,2026-05-14 20:15:00,20,1,MARKUP,5,A,114.89466,114.63763983338968,115.5372104165258,0.25702016661031735,0.032720333220615405,0,1,0,1,1,1,False,-1,
46718,2026-05-15 08:05:00,8,-1,MARKDOWN,6,A+,115.344846,115.41163982076144,115.17786144809642,0.0667938207614327,0.02127964152287157,0,1,1,1,1,1,True,46725,-1.0
46733,2026-05-15 09:20:00,9,1,MARKUP,6,A+,115.325434,115.23785957822157,115.54437005444606,0.08757442177842734,0.03228084355686608,0,1,1,1,1,1,True,46735,-1.0
46745,2026-05-15 10:20:00,10,-1,MARKDOWN,6,A+,115.343208,115.46121359742386,115.04819400644035,0.11800559742385985,0.04042719484772389,0,1,1,1,1,1,True,46764,0.8622917287260925
46757,2026-05-15 11:20:00,11,-1,MARKDOWN,5,A,115.343208,115.45817437646042,115.05579205884897,0.11496637646041563,0.034348752920838006,0,1,0,1,1,1,True,46764,0.8718691778092678
46777,2026-05-15 13:00:00,13,-1,MARKDOWN,4,B,115.343208,115.45892628794888,115.0539122801278,0.11571828794888006,0.035852575897751704,0,0,0,1,1,1,False,-1,
46790,2026-05-15 14:05:00,14,-1,MARKDOWN,4,B,115.34073599999999,115.4548948857295,115.05533878567621,0.11415888572950905,0.035789771458994514,0,1,0,1,0,1,False,-1,
46804,2026-05-15 15:15:00,15,-1,MARKDOWN,6,A+,115.28388,115.36212517245757,115.08826706885607,0.07824517245757079,0.0342503449151335,0,1,1,1,1,1,True,46812,-1.0
46818,2026-05-15 16:25:00,16,-1,MARKDOWN,6,A+,115.28388,115.3603139473611,115.09279513159723,0.0764339473611102,0.03062789472221955,0,1,1,1,1,1,True,46821,-1.0
46833,2026-05-15 17:40:00,17,1,MARKUP,5,A,115.26713000000001,115.16686645202992,115.51778886992523,0.10026354797008707,0.03626709594015374,0,1,1,1,0,1,True,46836,1.75
46845,2026-05-15 18:40:00,18,1,MARKUP,5,A,115.29185,115.20551984722812,115.50767538192969,0.08633015277187894,0.038960305543763105,0,1,1,1,0,1,False,-1,
46857,2026-05-15 19:40:00,19,1,MARKUP,6,A+,115.349532,115.20698548441064,115.7058982889734,0.14254651558935905,0.03602903117872251,0,1,1,1,1,1,False,-1,
46869,2026-05-15 20:40:00,20,1,MARKUP,5,A,115.353352,115.21052719792593,115.71041400518519,0.1428248020740739,0.02894560414814734,0,1,0,1,1,1,False,-1,
47005,2026-05-18 08:00:00,8,1,MARKUP,4,B,115.514792,115.40288348476307,115.79456328809233,0.11190851523693368,0.028233030473861647,0,0,1,1,0,1,False,-1,
47017,2026-05-18 09:00:00,9,1,MARKUP,4,B,115.554344,115.46839732544471,115.76921068638822,0.08594667455528793,0.02520534911057498,1,0,0,0,1,1,True,47018,0.8405484849642788
47029,2026-05-18 10:00:00,10,1,MARKUP,4,B,115.564232,115.484666402947,115.76314599263252,0.07956559705300492,0.0246671941060035,0,1,0,0,1,1,False,-1,
47041,2026-05-18 11:00:00,11,1,MARKUP,5,A,115.56794000000001,115.48903847891589,115.76519380271031,0.07890152108411996,0.02792304216823834,0,1,1,1,0,1,False,-1,
47065,2026-05-18 13:00:00,13,1,MARKUP,4,B,115.582514,115.5212318306595,115.73571942335126,0.061282169340501014,0.025536338680997403,0,1,0,1,0,1,True,47081,-1.0
47077,2026-05-18 14:00:00,14,1,MARKUP,5,A,115.583278,115.52275660659144,115.73458148352142,0.060521393408563995,0.022486786817117917,0,1,0,1,1,1,True,47081,-1.0
47103,2026-05-18 16:10:00,16,-1,MARKDOWN,4,B,115.591948,115.68049391443712,115.3705832139072,0.08854591443711968,0.03498782887425153,0,1,0,0,1,1,True,47117,-1.0
47115,2026-05-18 17:10:00,17,-1,MARKDOWN,4,B,115.575904,115.68161340330398,115.31163049174002,0.10570940330399026,0.03722680660798945,0,0,0,1,1,1,True,47116,-1.0
47141,2026-05-18 19:20:00,19,1,MARKUP,5,A,115.517894,115.42025707210423,115.7619863197394,0.09763692789576339,0.02948585579154002,0,1,1,0,1,1,False,-1,
47153,2026-05-18 20:20:00,20,1,MARKUP,5,A,115.529736,115.42105495709386,115.80143860726535,0.10868104290614156,0.02789008581227501,0,1,0,1,1,1,False,-1,
47302,2026-05-19 08:45:00,8,1,MARKUP,4,B,115.62456,115.58517780048362,115.72301549879096,0.03938219951638189,0.017644399032739053,0,1,1,0,0,1,False,-1,
47314,2026-05-19 09:45:00,9,1,MARKUP,4,B,115.65321,115.58180094293222,115.83173264266946,0.07140905706778256,0.024398114135546604,0,1,0,1,0,1,True,47329,-1.0
47326,2026-05-19 10:45:00,10,1,MARKUP,5,A,115.663524,115.58032142813016,115.87153042967458,0.08320257186983326,0.027357143739667127,0,1,0,1,1,1,True,47329,-1.0
47353,2026-05-19 13:00:00,13,-1,MARKDOWN,5,A,115.69769,115.78834670472592,115.47104823818518,0.09065670472593013,0.024693409451860722,0,1,0,1,1,1,True,47369,1.75
47365,2026-05-19 14:00:00,14,-1,MARKDOWN,4,B,115.691196,115.78844361758777,115.44807695603058,0.09724761758776879,0.024887235175543893,0,0,0,1,1,1,True,47368,1.75
47377,2026-05-19 15:00:00,15,1,MARKUP,5,A,115.638804,115.54108567022904,115.88309982442738,0.09771832977095585,0.025828659541918066,0,1,0,1,1,1,True,47383,-1.0
47389,2026-05-19 16:00:00,16,-1,MARKDOWN,5,A,115.568574,115.80679937923789,114.97301055190528,0.238225379237889,0.061598758475795115,1,0,0,1,1,1,True,47390,-0.47612895134375327
47401,2026-05-19 17:00:00,17,-1,MARKDOWN,5,A,115.568574,115.80785758789109,114.97036503027226,0.23928358789109438,0.06371517578219137,1,0,0,1,1,1,True,47402,-0.645368123075307
47427,2026-05-19 19:10:00,19,-1,MARKDOWN,6,A+,115.568574,115.80668360236788,114.97329999408029,0.23810960236788503,0.06136720473576194,0,1,1,1,1,1,True,47428,-0.3713667954616045
47439,2026-05-19 20:10:00,20,-1,MARKDOWN,7,A+,115.53458400000001,115.7458132999868,115.00651075003302,0.21122929998679751,0.049626599973618395,1,1,1,1,1,1,True,47443,-1.0
47581,2026-05-20 08:00:00,8,-1,MARKDOWN,2,C,115.59871199999999,115.68004423645411,115.3953814088647,0.08133223645411647,0.022088472908227155,0,0,0,0,0,1,False,-1,
47594,2026-05-20 09:05:00,9,-1,MARKDOWN,4,B,115.578318,115.64608162728867,115.40890893177831,0.06776362728867014,0.020163254577327185,0,0,1,1,0,1,False,-1,
47606,2026-05-20 10:05:00,10,-1,MARKDOWN,5,A,115.565318,115.63405046057623,115.39348684855943,0.0687324605762285,0.02210092115246551,0,1,1,1,0,1,True,47620,1.0777195753481306
47620,2026-05-20 11:15:00,11,-1,MARKDOWN,4,B,115.531598,115.58723808326994,115.39249779182516,0.0556400832699353,0.02647616653987896,1,0,0,1,0,1,True,47621,0.9106407933626413
47641,2026-05-20 13:00:00,13,-1,MARKDOWN,5,A,115.523958,115.58565035421324,115.36972711446687,0.0616923542132497,0.023300708426479185,0,1,0,1,1,1,True,47654,-1.0
47653,2026-05-20 14:00:00,14,-1,MARKDOWN,4,B,115.523958,115.58542870550868,115.3702812362283,0.0614707055086825,0.022857411017352332,0,0,0,1,1,1,True,47654,-1.0
47673,2026-05-20 15:40:00,15,1,MARKUP,5,A,115.5194,115.42818559672003,115.74743600819994,0.09121440327997732,0.029628806559940678,0,1,1,1,0,1,True,47687,0.6721292822015804
47685,2026-05-20 16:40:00,16,1,MARKUP,4,B,115.5194,115.4266273837645,115.75133154058878,0.09277261623550714,0.03274523247099721,0,1,0,0,1,1,True,47687,0.6692381911831738
47697,2026-05-20 17:40:00,17,1,MARKUP,5,A,115.512602,115.40775608794713,115.77471678013217,0.1048459120528662,0.04848782410573967,0,1,1,0,1,1,True,47704,0.6716763685777372
47716,2026-05-20 19:15:00,19,1,MARKUP,5,A,115.512602,115.40713377051884,115.7762725737029,0.1054682294811613,0.04973245896232138,0,1,1,0,1,1,True,47727,0.9266260793074153
47731,2026-05-20 20:30:00,20,1,MARKUP,5,A,115.50840000000001,115.4130706317418,115.74672342064552,0.0953293682582057,0.03785873651641095,0,1,1,1,0,1,False,-1,
47888,2026-05-21 09:35:00,9,1,MARKUP,4,B,115.522132,115.46309615060314,115.66972162349217,0.05903584939686368,0.02180769879374115,0,1,0,0,1,1,True,47898,-1.0
47900,2026-05-21 10:35:00,10,-1,MARKDOWN,5,A,115.54766599999999,115.61259415772318,115.38534560569202,0.0649281577231875,0.025188315446357547,0,1,1,1,0,1,False,-1,
47912,2026-05-21 11:35:00,11,-1,MARKDOWN,4,B,115.52971199999999,115.61450857596456,115.31772056008856,0.08479657596457457,0.02901715192914572,1,0,0,1,0,1,True,47934,-1.0
47929,2026-05-21 13:00:00,13,-1,MARKDOWN,4,B,115.52971199999999,115.61330627704551,115.3207263073862,0.08359427704552047,0.02661255409103396,0,0,1,1,0,1,True,47934,-1.0
47943,2026-05-21 14:10:00,14,1,MARKUP,5,A,115.497748,115.40237945736568,115.7361693565858,0.09536854263431849,0.027241085268637524,0,1,0,1,1,1,False,-1,
47955,2026-05-21 15:10:00,15,1,MARKUP,5,A,115.499658,115.40277780060059,115.74185849849852,0.09688019939940773,0.026444398798823033,0,1,0,1,1,1,True,47968,-1.0
47979,2026-05-21 17:10:00,17,-1,MARKDOWN,6,A+,115.56433,115.65458276403201,115.33869808991996,0.09025276403201588,0.039165528064021723,0,1,1,1,1,1,False,-1,
47991,2026-05-21 18:10:00,18,-1,MARKDOWN,6,A+,115.533006,115.65616106028338,115.22511834929155,0.12315506028338064,0.042322120566742595,0,1,1,1,1,1,False,-1,
48003,2026-05-21 19:10:00,19,-1,MARKDOWN,6,A+,115.533006,115.65317260612186,115.23258948469535,0.12016660612185603,0.036345212243708964,0,1,1,1,1,1,False,-1,
48015,2026-05-21 20:10:00,20,-1,MARKDOWN,6,A+,115.520646,115.63116777920183,115.24434155199542,0.11052177920183226,0.03233555840367017,0,1,1,1,1,1,False,-1,
48157,2026-05-22 08:00:00,8,-1,MARKDOWN,3,C,115.380812,115.43952844292602,115.23402089268498,0.058716442926012746,0.015056885852037445,0,0,1,0,0,1,True,48167,0.7656120812311411
48172,2026-05-22 09:15:00,9,-1,MARKDOWN,4,B,115.371542,115.42654013559462,115.23404666101347,0.05499813559461586,0.01908027118924379,0,1,1,0,0,1,True,48180,0.7743733354761697
48202,2026-05-22 11:45:00,11,1,MARKUP,5,A,115.344222,115.2874740072225,115.48609198194376,0.05674799277750253,0.021051985555006307,0,1,1,0,1,1,True,48216,-1.0
48218,2026-05-22 13:05:00,13,-1,MARKDOWN,5,A,115.382362,115.43487972811606,115.25106767970985,0.05251772811605804,0.02175945623209942,0,1,1,0,1,1,False,-1,
48230,2026-05-22 14:05:00,14,-1,MARKDOWN,5,A,115.38083400000001,115.4325525102474,115.2515377243815,0.051718510247397376,0.01710502049478188,0,1,1,0,1,1,False,-1,
48242,2026-05-22 15:05:00,15,-1,MARKDOWN,4,B,115.37510400000001,115.43405136649955,115.22773558375115,0.058947366499538134,0.020102732999071657,0,1,0,0,1,1,False,-1,
48254,2026-05-22 16:05:00,16,-1,MARKDOWN,5,A,115.350274,115.43816716638098,115.13054108404755,0.08789316638097944,0.028334332761945843,0,1,0,1,1,1,False,-1,
48266,2026-05-22 17:05:00,17,-1,MARKDOWN,3,C,115.328824,115.41018395483711,115.12542411290721,0.08135995483711156,0.03436790967422097,0,0,0,1,0,1,False,-1,
48278,2026-05-22 18:05:00,18,-1,MARKDOWN,5,A,115.275084,115.3826389954083,115.00619651147927,0.10755499540829305,0.03327799081659723,0,1,0,1,1,1,True,48299,1.75
48290,2026-05-22 19:05:00,19,-1,MARKDOWN,4,B,115.267668,115.36886733470075,115.01466966324813,0.10119933470075182,0.02973466940151726,0,1,0,0,1,1,True,48298,1.75
48309,2026-05-22 20:40:00,20,-1,MARKDOWN,6,A+,115.24789200000001,115.33564726178088,115.02850384554783,0.08775526178087034,0.027294523561759338,0,1,1,1,1,1,True,48314,1.75
48445,2026-05-25 08:00:00,8,-1,MARKDOWN,5,A,115.113418,115.16005003265087,114.9968379183728,0.046632032650876454,0.016100065301746354,0,1,0,1,1,1,False,-1,
48457,2026-05-25 09:00:00,9,-1,MARKDOWN,4,B,115.11189,115.16140550123696,114.98810124690762,0.049515501236953696,0.018811002473918596,0,1,0,0,1,1,False,-1,
48469,2026-05-25 10:00:00,10,-1,MARKDOWN,5,A,115.108452,115.16138944908414,114.97610837728965,0.05293744908414055,0.018778898168275143,0,1,1,0,1,1,False,-1,
48481,2026-05-25 11:00:00,11,-1,MARKDOWN,6,A+,115.08558599999999,115.12569241117336,114.98531997206658,0.04010641117336888,0.021384822346733248,0,1,1,1,1,1,False,-1,
48505,2026-05-25 13:00:00,13,-1,MARKDOWN,3,C,115.07744000000001,115.11716166263354,114.9781358434162,0.03972166263352506,0.01832332526706556,0,0,1,0,0,1,True,48522,0.5250639170866808
48517,2026-05-25 14:00:00,14,-1,MARKDOWN,5,A,115.07744000000001,115.11683638513097,114.97894903717261,0.039396385130956446,0.017672770261930298,0,1,1,0,1,1,True,48522,0.52527085811255
48531,2026-05-25 15:10:00,15,-1,MARKDOWN,5,A,115.07744000000001,115.11691118828433,114.9787620292892,0.039471188284323944,0.01782237656865723,0,1,1,0,1,1,True,48535,-1.0
48546,2026-05-25 16:25:00,16,1,MARKUP,6,A+,115.07302,115.02173990128522,115.20122024678696,0.05128009871478412,0.018520197429585567,0,1,1,1,1,1,True,48552,1.2954566854327378
48558,2026-05-25 17:25:00,17,1,MARKUP,5,A,115.07302,115.02174189845353,115.20121525386618,0.0512781015464725,0.018516203092963066,0,1,0,1,1,1,False,-1,
48570,2026-05-25 18:25:00,18,1,MARKUP,5,A,115.093266,115.02053705298972,115.27508836752568,0.0727289470102761,0.020925894020559183,0,1,0,1,1,1,False,-1,
48582,2026-05-25 19:25:00,19,1,MARKUP,6,A+,115.096974,115.02817630520795,115.26896823698013,0.06879769479205322,0.017647389584113216,0,1,1,1,1,1,False,-1,
48733,2026-05-26 08:00:00,8,-1,MARKDOWN,5,A,115.1488,115.19537642429754,115.03235893925614,0.04657642429754105,0.016752848595087293,0,1,1,0,1,1,True,48747,-1.0
48749,2026-05-26 09:20:00,9,1,MARKUP,6,A+,115.117178,115.07891624780243,115.21283238049392,0.03826175219757033,0.016167504395147997,0,1,1,1,1,1,False,-1,
48761,2026-05-26 10:20:00,10,1,MARKUP,5,A,115.156524,115.07612046042978,115.35753284892557,0.08040353957022717,0.021759079140456085,0,1,0,1,1,1,False,-1,
48773,2026-05-26 11:20:00,11,1,MARKUP,6,A+,115.205364,115.07868489038097,115.52206177404759,0.12667910961903317,0.022630219238063222,0,1,1,1,1,1,False,-1,
48793,2026-05-26 13:00:00,13,1,MARKUP,4,B,115.212926,115.09167018383611,115.5160655404097,0.12125581616388104,0.01865963232778051,0,0,0,1,1,1,False,-1,
48836,2026-05-26 16:35:00,16,1,MARKUP,6,A+,115.26067,115.17670997135811,115.47057007160475,0.08396002864189711,0.026580057283773908,0,1,1,1,1,1,False,-1,
48848,2026-05-26 17:35:00,17,1,MARKUP,5,A,115.27786,115.17505112667835,115.53488218330412,0.10280887332164923,0.02989774664327515,0,1,0,1,1,1,False,-1,
48860,2026-05-26 18:35:00,18,1,MARKUP,6,A+,115.278242,115.1741395564208,115.53849810894803,0.10410244357920817,0.03172088715838823,0,1,1,1,1,1,False,-1,
48872,2026-05-26 19:35:00,19,1,MARKUP,4,B,115.290466,115.17667003472933,115.57495591317667,0.11379596527066838,0.026659930541342282,0,0,0,1,1,1,False,-1,
49021,2026-05-27 08:00:00,8,-1,MARKDOWN,2,C,115.345576,115.4032521397832,115.20138565054197,0.05767613978321151,0.01450427956641016,0,0,0,0,0,1,True,49028,1.0025962035053095
49034,2026-05-27 09:05:00,9,1,MARKUP,5,A,115.304492,115.25538995304615,115.42724711738461,0.049102046953848344,0.017220093907684572,0,1,0,1,1,1,True,49046,-1.0
49049,2026-05-27 10:20:00,10,-1,MARKDOWN,5,A,115.329508,115.38059797813797,115.2017830546551,0.05108997813796634,0.02119595627593554,0,1,0,1,1,1,True,49061,0.946618040758488
49061,2026-05-27 11:20:00,11,-1,MARKDOWN,4,B,115.3127,115.38326340696788,115.1362914825803,0.070563406967878,0.02652681393575447,1,0,0,1,0,1,True,49062,0.6728214427836725
49081,2026-05-27 13:00:00,13,-1,MARKDOWN,4,B,115.3127,115.38095672194322,115.14205819514197,0.06825672194321442,0.021913443886443413,0,1,0,1,0,1,False,-1,
49093,2026-05-27 14:00:00,14,-1,MARKDOWN,5,A,115.30124,115.37939577115442,115.10585057211398,0.07815577115441386,0.018791542308823978,0,1,0,1,1,1,True,49114,0.6527869335938918
49105,2026-05-27 15:00:00,15,-1,MARKDOWN,5,A,115.281464,115.34892937397187,115.11280056507033,0.06746537397187069,0.021858747943766813,0,0,1,1,1,1,True,49112,0.5304331021451274
49139,2026-05-27 17:50:00,17,-1,MARKDOWN,5,A,115.276476,115.36463902535054,115.05606843662366,0.08816302535053921,0.037278050701088916,0,1,1,0,1,1,True,49143,-1.0
49155,2026-05-27 19:10:00,19,1,MARKUP,6,A+,115.22301800000001,115.12960441536735,115.45655196158165,0.09341358463265692,0.03479116926530032,0,1,1,1,1,1,False,-1,
49167,2026-05-27 20:10:00,20,1,MARKUP,5,A,115.236388,115.13300528748896,115.49484478127764,0.10338271251104914,0.027989425022085897,0,1,0,1,1,1,False,-1,
49309,2026-05-28 08:00:00,8,-1,MARKDOWN,6,A+,115.196432,115.2924591610223,114.95636409744426,0.09602716102229181,0.020918322044599428,0,1,1,1,1,1,False,-1,
49345,2026-05-28 11:00:00,11,-1,MARKDOWN,6,A+,115.15193599999999,115.22135107993823,114.9783983001544,0.06941507993823848,0.022702159876478105,0,1,1,1,1,1,False,-1,
49369,2026-05-28 13:00:00,13,-1,MARKDOWN,6,A+,115.103354,115.21224342250414,114.83113044373962,0.10888942250414857,0.024486845008269326,0,1,1,1,1,1,True,49386,-1.0
49381,2026-05-28 14:00:00,14,-1,MARKDOWN,3,C,115.10258999999999,115.21266693065814,114.82739767335461,0.1100769306581526,0.02533386131627241,0,0,0,1,0,1,True,49386,-1.0
49416,2026-05-28 16:55:00,16,1,MARKUP,5,A,115.05081399999999,114.92655229111067,115.36146827222329,0.1242617088893212,0.036895417778650706,0,1,0,1,1,1,False,-1,
49428,2026-05-28 17:55:00,17,1,MARKUP,5,A,115.0787,114.9215143179729,115.47166420506773,0.15718568202709093,0.046971364054172536,0,1,0,1,1,1,False,-1,
49440,2026-05-28 18:55:00,18,1,MARKUP,6,A+,115.18349599999999,114.99983991524111,115.64263621189718,0.18365608475887996,0.04032016951776051,0,1,1,1,1,1,False,-1,
49452,2026-05-28 19:55:00,19,1,MARKUP,6,A+,115.23162,115.0564695625018,115.66949609374552,0.17515043749820336,0.037060874996409504,0,1,1,1,1,1,False,-1,
49464,2026-05-28 20:55:00,20,1,MARKUP,6,A+,115.249934,115.06623103711075,115.7091914072231,0.18370296288924237,0.03353792577847733,0,1,1,1,1,1,False,-1,
49607,2026-05-29 08:50:00,8,1,MARKUP,5,A,115.55355999999999,115.51522133666776,115.64940665833055,0.03833866333222602,0.01555732666447374,0,1,1,0,1,1,True,49608,-1.0
49620,2026-05-29 09:55:00,9,-1,MARKDOWN,6,A+,115.527386,115.60708140957892,115.32814747605272,0.07969540957891752,0.02416281915784834,0,1,1,1,1,1,False,-1,
49632,2026-05-29 10:55:00,10,-1,MARKDOWN,6,A+,115.511162,115.60534232620074,115.27571118449814,0.09418032620074257,0.028684652401486346,0,1,1,1,1,1,False,-1,
49644,2026-05-29 11:55:00,11,-1,MARKDOWN,6,A+,115.48862399999999,115.60496677328526,115.19776706678681,0.11634277328526821,0.027933546570514268,0,1,1,1,1,1,False,-1,
49657,2026-05-29 13:00:00,13,-1,MARKDOWN,6,A+,115.47758999999999,115.58832578223293,115.20075054441764,0.11073578223293623,0.02665156446584936,0,1,1,1,1,1,False,-1,
49669,2026-05-29 14:00:00,14,-1,MARKDOWN,5,A,115.47758999999999,115.58562809304544,115.20749476738636,0.10803809304545098,0.02125618609087261,0,1,0,1,1,1,False,-1,
49681,2026-05-29 15:00:00,15,-1,MARKDOWN,5,A,115.39379,115.46721169646487,115.2102357588378,0.07342169646487662,0.028423392929739125,0,0,1,1,1,1,True,49683,1.75
49693,2026-05-29 16:00:00,16,-1,MARKDOWN,5,A,115.338916,115.45870491145861,115.03944372135346,0.11978891145861326,0.03940982291722591,0,1,0,1,1,1,True,49696,-1.0
49705,2026-05-29 17:00:00,17,-1,MARKDOWN,5,A,115.327174,115.4420235194768,115.04005020130799,0.114849519476806,0.044047038953612144,1,0,0,1,1,1,True,49706,-1.0
49723,2026-05-29 18:30:00,18,1,MARKUP,6,A+,115.33935000000001,115.14881893001561,115.81567767496102,0.19053106998440228,0.056362139968797464,0,1,1,1,1,1,False,-1,
49735,2026-05-29 19:30:00,19,1,MARKUP,3,C,115.33935000000001,115.15669298546106,115.79599253634737,0.18265701453894678,0.040614029077885326,0,0,0,1,0,1,False,-1,
49752,2026-05-29 20:55:00,20,1,MARKUP,6,A+,115.37581200000001,115.22091882986652,115.76304492533373,0.1548931701334908,0.030162340266973318,0,1,1,1,1,1,False,-1,
49898,2026-06-01 09:05:00,9,1,MARKUP,6,A+,115.482414,115.44510032002489,115.57569819993779,0.0373136799751137,0.015799359950234643,0,1,1,1,1,1,True,49909,-1.0
49910,2026-06-01 10:05:00,10,1,MARKUP,6,A+,115.49158200000001,115.4435424786694,115.61168080332652,0.04803952133060818,0.018915042661206725,1,0,1,1,1,1,True,49911,-1.0
49922,2026-06-01 11:05:00,11,-1,MARKDOWN,6,A+,115.49479,115.56501724191233,115.31922189521916,0.07022724191233465,0.02203448382464067,0,1,1,1,1,1,False,-1,
49945,2026-06-01 13:00:00,13,-1,MARKDOWN,5,A,115.48333,115.56403984106339,115.2815553973415,0.08070984106339552,0.02007968212677817,0,1,0,1,1,1,False,-1,
49957,2026-06-01 14:00:00,14,-1,MARKDOWN,5,A,115.461174,115.56417118533115,115.20368103667212,0.10299718533114799,0.020342370662282772,0,1,1,1,0,1,False,-1,
49969,2026-06-01 15:00:00,15,-1,MARKDOWN,5,A,115.41870200000001,115.52216172741777,115.16005268145562,0.10345972741775711,0.02432345483551479,0,1,0,1,1,1,True,49986,1.136489208347749
49981,2026-06-01 16:00:00,16,-1,MARKDOWN,5,A,115.367072,115.46078577631789,115.13278755920524,0.09371377631789812,0.03157155263579714,1,0,0,1,1,1,True,49984,-1.0
50033,2026-06-01 20:20:00,20,1,MARKUP,5,A,115.330388,115.22631554198054,115.59056914504865,0.10407245801945919,0.029368916038914335,0,1,1,0,1,1,False,-1,
50173,2026-06-02 08:00:00,8,1,MARKUP,5,A,115.34282999999999,115.31266933020237,115.41823167449405,0.030160669797623996,0.010661339595247904,0,1,1,0,1,1,False,-1,
50185,2026-06-02 09:00:00,9,1,MARKUP,3,C,115.346886,115.31372382749453,115.42979143126368,0.033162172505470267,0.010552345010943372,0,0,0,0,1,1,False,-1,
50197,2026-06-02 10:00:00,10,1,MARKUP,5,A,115.37445799999999,115.31991985906346,115.51080335234131,0.05453814093652909,0.018160281873056985,0,1,1,0,1,1,True,50209,-1.0
50210,2026-06-02 11:05:00,11,1,MARKUP,5,A,115.38001999999999,115.32688490849058,115.5128577287735,0.053135091509403765,0.022230183018811613,1,0,1,0,1,1,True,50211,-1.0
50233,2026-06-02 13:00:00,13,-1,MARKDOWN,5,A,115.388026,115.45864865507242,115.21146936231892,0.07062265507242671,0.02129731014487156,0,1,0,1,1,1,True,50255,-1.0
50245,2026-06-02 14:00:00,14,-1,MARKDOWN,5,A,115.388026,115.45783147801157,115.21351230497106,0.069805478011574,0.01966295602315296,0,1,1,0,1,1,True,50255,-1.0
50260,2026-06-02 15:15:00,15,1,MARKUP,4,B,115.35326599999999,115.2805486143497,115.53505946412572,0.07271738565029295,0.020902771300595414,0,1,0,1,0,1,False,-1,
50272,2026-06-02 16:15:00,16,1,MARKUP,4,B,115.384972,115.27773175451352,115.6530726137162,0.10724024548648003,0.026536490972931932,0,1,0,1,0,1,False,-1,
50284,2026-06-02 17:15:00,17,1,MARKUP,4,B,115.434632,115.27224203901554,115.84060690246113,0.16238996098445568,0.03751592196891026,0,1,0,1,0,1,False,-1,
50296,2026-06-02 18:15:00,18,1,MARKUP,5,A,115.437104,115.27641005107424,115.83883887231443,0.16069394892576838,0.03717989785151969,0,1,1,1,0,1,False,-1,
50308,2026-06-02 19:15:00,19,1,MARKUP,4,B,115.449048,115.29536669963704,115.83325125090741,0.1536813003629618,0.029266600725908844,0,1,0,1,0,1,False,-1,
50320,2026-06-02 20:15:00,20,1,MARKUP,3,C,115.499724,115.379980307873,115.7990832303175,0.11974369212700253,0.024039384253987557,0,0,0,1,0,1,False,-1,
50461,2026-06-03 08:00:00,8,-1,MARKDOWN,5,A,115.522902,115.5822671714152,115.37448907146202,0.059365171415194595,0.012534342830397975,0,1,0,1,1,1,False,-1,
50473,2026-06-03 09:00:00,9,-1,MARKDOWN,5,A,115.50413800000001,115.565663670209,115.35032382447753,0.06152567020899369,0.015327340418005084,0,0,1,1,1,1,False,-1,
50486,2026-06-03 10:05:00,10,-1,MARKDOWN,5,A,115.478216,115.53169141496683,115.34452746258293,0.05347541496682595,0.021382829933645976,0,0,1,1,1,1,True,50489,2.5
50498,2026-06-03 11:05:00,11,-1,MARKDOWN,6,A+,115.400096,115.52564488179334,115.08622379551667,0.12554888179333545,0.04328976358666022,0,1,1,1,1,1,True,50515,0.8547097660676639
50521,2026-06-03 13:00:00,13,-1,MARKDOWN,5,A,115.32866200000001,115.52379332393838,114.84083369015408,0.1951313239383694,0.03958664787673438,1,0,1,0,1,1,True,50522,0.886792587222176
50581,2026-06-03 18:00:00,18,-1,MARKDOWN,5,A,115.34742,115.43957859784955,115.11702350537612,0.09215859784954716,0.039157195699095135,0,1,1,0,1,1,False,-1,
50593,2026-06-03 19:00:00,19,-1,MARKDOWN,4,B,115.302444,115.41882403410457,115.01149391473854,0.11638003410457998,0.03564806820916962,0,1,0,0,1,1,False,-1,
50605,2026-06-03 20:00:00,20,-1,MARKDOWN,4,B,115.288062,115.4005020575232,115.00696185619199,0.11244005752320163,0.027004115046384964,0,1,0,1,0,1,False,-1,
50749,2026-06-04 08:00:00,8,-1,MARKDOWN,4,B,115.021536,115.17168982758547,114.64615143103632,0.1501538275854699,0.03137965517091854,1,0,0,1,0,1,False,-1,
50761,2026-06-04 09:00:00,9,-1,MARKDOWN,4,B,114.993108,115.12226909587933,114.67020526030169,0.12916109587932567,0.024538191758672962,1,0,0,1,0,1,True,50764,0.9553493007112366
50773,2026-06-04 10:00:00,10,-1,MARKDOWN,4,B,114.987546,115.11423135351427,114.67083261621431,0.1266853535142758,0.026462707028548253,0,1,1,0,0,1,False,-1,
50785,2026-06-04 11:00:00,11,-1,MARKDOWN,4,B,114.987546,115.11380923613484,114.67188790966287,0.12626323613484658,0.02561847226969362,0,1,0,1,0,1,True,50802,-1.0
50837,2026-06-04 15:20:00,15,1,MARKUP,5,A,114.92459,114.81720284395826,115.19305789010434,0.10738715604173876,0.027594312083482384,0,1,1,0,1,1,False,-1,
50849,2026-06-04 16:20:00,16,1,MARKUP,4,B,114.970736,114.8614129307542,115.2440436731145,0.1093230692458036,0.029174138491598813,0,1,0,0,1,1,False,-1,
50861,2026-06-04 17:20:00,17,1,MARKUP,4,B,115.05418599999999,114.9543024907559,115.30389477311022,0.09988350924409417,0.029395018488214436,0,1,0,1,0,1,False,-1,
50873,2026-06-04 18:20:00,18,1,MARKUP,3,C,115.064692,114.97075019118014,115.29954652204961,0.09394180881984937,0.030499617639713004,0,0,0,1,0,1,False,-1,
50885,2026-06-04 19:20:00,19,1,MARKUP,5,A,115.064692,114.97374717875223,115.29205405311939,0.09094482124775993,0.02450564249554313,0,1,0,1,1,1,False,-1,
51041,2026-06-05 08:20:00,8,-1,MARKDOWN,6,A+,115.04534,115.10159089723828,114.90471275690427,0.0562508972382858,0.013181794476555882,0,1,1,1,1,1,True,51055,-1.0
51053,2026-06-05 09:20:00,9,-1,MARKDOWN,4,B,115.048778,115.10197560874528,114.9157839781368,0.05319760874527901,0.013951217490567136,0,1,0,0,1,1,True,51055,-1.0
51065,2026-06-05 10:20:00,10,1,MARKUP,6,A+,115.06004200000001,114.99973937577734,115.2107985605567,0.06030262422267185,0.020521248445338872,0,1,1,1,1,1,False,-1,
51077,2026-06-05 11:20:00,11,1,MARKUP,5,A,115.08449,114.99937968326797,115.29726579183007,0.08511031673202751,0.021240633464067633,0,1,0,1,1,1,False,-1,
51097,2026-06-05 13:00:00,13,1,MARKUP,6,A+,115.11810600000001,114.99632477221407,115.42255906946488,0.12178122778594513,0.027350455571881017,0,1,1,1,1,1,False,-1,
51109,2026-06-05 14:00:00,14,1,MARKUP,4,B,115.12918400000001,114.99712268249611,115.45933729375975,0.13206131750389716,0.025754635007781166,0,0,0,1,1,1,True,51126,0.9472958093171706
51127,2026-06-05 15:30:00,15,1,MARKUP,5,A,115.188342,115.05544164926161,115.520592876846,0.1329003507383959,0.05111670147680037,0,1,1,0,1,1,True,51133,-1.0
51139,2026-06-05 16:30:00,16,1,MARKUP,5,A,115.145082,114.9752268426031,115.56971989349225,0.1698551573968956,0.07154631479378977,0,1,0,1,1,1,True,51142,-1.0
51164,2026-06-05 18:35:00,18,-1,MARKDOWN,6,A+,115.22791799999999,115.38714068820119,114.829861279497,0.15922268820119712,0.05028137640239426,0,1,1,1,1,1,False,-1,
51176,2026-06-05 19:35:00,19,-1,MARKDOWN,6,A+,115.212638,115.38205188151639,114.78910329620902,0.16941388151639103,0.04010376303279222,0,1,1,1,1,1,False,-1,
51188,2026-06-05 20:35:00,20,-1,MARKDOWN,3,C,115.20584,115.36651410417761,114.80415473955595,0.16067410417761607,0.031028208355218523,0,0,0,0,1,1,False,-1,
51325,2026-06-08 08:00:00,8,1,MARKUP,6,A+,114.963402,114.91246292468935,115.09074968827663,0.05093907531065156,0.017074150621300452,0,1,1,1,1,1,True,51335,-1.0
51339,2026-06-08 09:10:00,9,-1,MARKDOWN,6,A+,114.980284,115.04598094282194,114.81604164294514,0.06569694282194405,0.02596188564388107,0,1,1,1,1,1,False,-1,
51351,2026-06-08 10:10:00,10,-1,MARKDOWN,6,A+,114.974554,115.04778811241273,114.79146871896816,0.07323411241273448,0.029576224825459185,0,1,1,1,1,1,False,-1,
51363,2026-06-08 11:10:00,11,-1,MARKDOWN,6,A+,114.956982,115.04706628223417,114.73177129441456,0.09008428223417297,0.028132564468342527,0,1,1,1,1,1,False,-1,
51385,2026-06-08 13:00:00,13,-1,MARKDOWN,4,B,114.856898,115.05184617935699,114.36952755160755,0.1949481793569845,0.0376923587139793,0,0,1,1,0,1,False,-1,
51397,2026-06-08 14:00:00,14,-1,MARKDOWN,3,C,114.81611,114.98389520810933,114.39664697972665,0.16778520810933628,0.03379041621865578,0,0,0,0,1,1,True,51403,-0.12450441987946674
51455,2026-06-08 18:50:00,18,-1,MARKDOWN,6,A+,114.824138,114.89251245034086,114.65320187414787,0.06837445034085476,0.029024900681716252,0,1,1,1,1,1,False,-1,
51468,2026-06-08 19:55:00,19,-1,MARKDOWN,6,A+,114.827958,114.89043794134427,114.67175814663929,0.0624799413442787,0.02487588268854176,0,1,1,1,1,1,True,51481,0.8275610790251333
51480,2026-06-08 20:55:00,20,-1,MARKDOWN,4,B,114.82452,114.88993433715382,114.66098415711548,0.06541433715381118,0.02386867430762919,0,0,0,1,1,1,True,51481,0.7596521690228057
51613,2026-06-09 08:00:00,8,1,MARKUP,5,A,114.787524,114.7109734194136,114.978900451466,0.07655058058639952,0.01405316117280364,0,1,0,1,1,1,False,-1,
51625,2026-06-09 09:00:00,9,1,MARKUP,5,A,114.847076,114.7925070876743,114.98349828081427,0.054568912325706265,0.018985824651411385,0,1,1,0,1,1,False,-1,
51637,2026-06-09 10:00:00,10,1,MARKUP,5,A,114.879908,114.83170269626561,115.00042125933598,0.04820530373439169,0.02459460746878203,0,1,1,0,1,1,False,-1,
51649,2026-06-09 11:00:00,11,1,MARKUP,5,A,114.88601999999999,114.83199942449365,115.02107143876584,0.05402057550634254,0.024001151012685285,0,1,1,0,1,1,False,-1,
51673,2026-06-09 13:00:00,13,1,MARKUP,6,A+,114.89213199999999,114.83271813034011,115.04066667414969,0.059413869659877605,0.022563739319767486,0,1,1,1,1,1,False,-1,
51685,2026-06-09 14:00:00,14,1,MARKUP,4,B,114.91390799999999,114.8685976634692,115.02718384132697,0.04531033653078964,0.01880467306159038,0,1,0,0,1,1,False,-1,
51697,2026-06-09 15:00:00,15,1,MARKUP,5,A,114.961322,114.88485142527847,115.15249843680381,0.07647057472152596,0.02229714944305883,0,1,0,1,1,1,True,51716,-1.0
51709,2026-06-09 16:00:00,16,1,MARKUP,5,A,114.96667000000001,114.88513814815717,115.17049962960711,0.08153185184283984,0.021723703685668706,0,1,0,1,1,1,True,51716,-1.0
51735,2026-06-09 18:10:00,18,-1,MARKDOWN,4,B,114.966018,115.09965825568612,114.63191736078471,0.13364025568611737,0.03731651137222723,1,0,0,0,1,1,False,-1,
51747,2026-06-09 19:10:00,19,-1,MARKDOWN,6,A+,114.953412,115.09945145999478,114.58831335001304,0.14603945999478185,0.036902919989555215,0,1,1,1,1,1,True,51770,-0.017721237808571693
51760,2026-06-09 20:15:00,20,-1,MARKDOWN,3,C,114.953412,115.09857436055121,114.59050609862197,0.14516236055121112,0.03514872110240719,0,0,0,0,1,1,True,51770,-0.01782831300190874
51901,2026-06-10 08:00:00,8,1,MARKUP,6,A+,114.91466,114.8575796449301,115.05736088767475,0.057080355069899724,0.01484071013978042,0,1,1,1,1,1,False,-1,
51913,2026-06-10 09:00:00,9,1,MARKUP,5,A,114.946986,114.89161509234295,115.08541326914262,0.055370907657049884,0.01676981531411473,0,1,1,0,1,1,False,-1,
51925,2026-06-10 10:00:00,10,1,MARKUP,6,A+,114.994222,114.93811773117623,115.13448267205939,0.056104268823759185,0.019764537647505787,0,1,1,1,1,1,False,-1,
51937,2026-06-10 11:00:00,11,1,MARKUP,4,B,115.01364799999999,114.94072929384795,115.19594476538009,0.07291870615203777,0.020541412304078525,0,1,0,1,0,1,False,-1,
51961,2026-06-10 13:00:00,13,1,MARKUP,5,A,115.064522,114.94944874847283,115.3522051288179,0.11507325152716419,0.02310250305433008,0,1,0,1,1,1,False,-1,
51973,2026-06-10 14:00:00,14,1,MARKUP,4,B,115.092534,114.9913409127817,115.34551671804576,0.10119308721830578,0.02131817443660934,0,1,0,1,0,1,True,51991,0.6933743603375112
51985,2026-06-10 15:00:00,15,1,MARKUP,5,A,115.116096,115.01659878203388,115.3648390449153,0.09949721796611755,0.024802435932223147,0,0,1,1,1,1,True,51991,1.2180765770196773
51999,2026-06-10 16:10:00,16,1,MARKUP,5,A,115.153794,115.06939931791734,115.36478070520666,0.08439468208266021,0.04120136416530458,0,1,1,0,1,1,False,-1,
52011,2026-06-10 17:10:00,17,1,MARKUP,5,A,115.19505,115.06407530302067,115.52248674244831,0.1309746969793224,0.05184939395865012,0,1,0,1,1,1,True,52012,-1.0
52023,2026-06-10 18:10:00,18,1,MARKUP,4,B,115.19505,115.06551654294258,115.51888364264354,0.1295334570574198,0.04896691411484802,1,0,0,0,1,1,True,52024,-1.0
52190,2026-06-11 08:05:00,8,1,MARKUP,6,A+,115.14111,115.09413271723919,115.25855320690201,0.046977282760806816,0.013734565521602956,0,1,1,1,1,1,True,52201,-1.0
52207,2026-06-11 09:30:00,9,-1,MARKDOWN,6,A+,115.168946,115.21395942917783,115.05641242705543,0.04501342917782836,0.015918858355649487,0,1,1,1,1,1,False,-1,
52219,2026-06-11 10:30:00,10,-1,MARKDOWN,6,A+,115.12278,115.2147988997123,114.89273275071926,0.0920188997123006,0.023597799424606485,0,1,1,1,1,1,False,-1,
52231,2026-06-11 11:30:00,11,-1,MARKDOWN,6,A+,115.092602,115.21395699724623,114.78921450688443,0.12135499724622889,0.02191399449244269,0,1,1,1,1,1,False,-1,
52249,2026-06-11 13:00:00,13,-1,MARKDOWN,4,B,115.059446,115.2028862247805,114.70084543804873,0.14344022478050533,0.021772449561012586,0,1,1,0,0,1,False,-1,
52261,2026-06-11 14:00:00,14,-1,MARKDOWN,5,A,115.019288,115.14907401076024,114.6948229730994,0.12978601076024177,0.01814802152047706,0,1,0,1,1,1,False,-1,
52273,2026-06-11 15:00:00,15,-1,MARKDOWN,4,B,114.959342,115.053407041347,114.72417939663252,0.0940650413469939,0.02081408269397833,0,0,1,0,1,1,False,-1,
52285,2026-06-11 16:00:00,16,-1,MARKDOWN,5,A,114.88998199999999,114.98008706726723,114.66471933183188,0.09010506726724543,0.028174134534476376,0,1,1,0,1,1,False,-1,
52297,2026-06-11 17:00:00,17,-1,MARKDOWN,6,A+,114.77608599999999,114.91827434662802,114.42061513342992,0.14218834662803204,0.03454869325606763,0,1,1,1,1,1,False,-1,
52309,2026-06-11 18:00:00,18,-1,MARKDOWN,5,A,114.72926799999999,114.91357099662257,114.26851050844354,0.1843029966225771,0.04314199324515176,0,1,0,1,1,1,False,-1,
52321,2026-06-11 19:00:00,19,-1,MARKDOWN,4,B,114.72926799999999,114.90957106912907,114.27851032717729,0.18030306912908145,0.03514213825814431,0,0,0,1,1,1,False,-1,
52335,2026-06-11 20:10:00,20,-1,MARKDOWN,6,A+,114.708874,114.87292836300358,114.29873809249102,0.16405436300358645,0.027856726007178166,0,1,1,1,1,1,False,-1,
52477,2026-06-12 08:00:00,8,1,MARKUP,4,B,114.618952,114.55910788673287,114.7685622831678,0.05984411326711836,0.015784226534246455,0,1,1,0,0,1,False,-1,
52489,2026-06-12 09:00:00,9,1,MARKUP,5,A,114.618952,114.5577975295635,114.77183817609122,0.06115447043649169,0.018404940872977907,0,1,1,0,1,1,True,52506,-1.0
52501,2026-06-12 10:00:00,10,1,MARKUP,5,A,114.676526,114.62897420733938,114.79540548165153,0.047551792660613046,0.024051585321247525,0,1,0,1,1,1,True,52503,-1.0
52517,2026-06-12 11:20:00,11,-1,MARKDOWN,6,A+,114.624366,114.75203845752635,114.3051848561841,0.12767245752635858,0.036076915052704196,0,1,1,1,1,1,False,-1,
52537,2026-06-12 13:00:00,13,-1,MARKDOWN,5,A,114.61367,114.75079068149107,114.27086829627233,0.13712068149106926,0.033581362982158434,0,1,1,0,1,1,False,-1,
52549,2026-06-12 14:00:00,14,-1,MARKDOWN,5,A,114.61367,114.7489032318912,114.27558692027199,0.13523323189120617,0.029806463782430303,0,0,1,1,1,1,True,52569,-1.0
52584,2026-06-12 16:55:00,16,1,MARKUP,6,A+,114.520994,114.40102167784842,114.82092480537895,0.11997232215158249,0.03595664430316762,0,1,1,1,1,1,False,-1,
52596,2026-06-12 17:55:00,17,1,MARKUP,5,A,114.56223,114.43921555397638,114.86976611505904,0.12301444602361755,0.04356889204724282,0,1,1,0,1,1,False,-1,
52608,2026-06-12 18:55:00,18,1,MARKUP,5,A,114.574454,114.44285533415965,114.9034506646009,0.1315986658403574,0.03628933168070303,0,1,0,1,1,1,False,-1,
52620,2026-06-12 19:55:00,19,1,MARKUP,4,B,114.59608399999999,114.48067136884585,114.88461557788534,0.11541263115414324,0.030657262308308612,0,0,1,0,1,1,True,52633,-1.0
52765,2026-06-15 08:00:00,8,1,MARKUP,6,A+,114.58857,114.52703089364718,114.74241776588207,0.061539106352825,0.01993821270566008,0,1,1,1,1,1,True,52778,-1.0
52796,2026-06-15 10:35:00,10,-1,MARKDOWN,5,A,114.638948,114.72254838530871,114.42994703672821,0.0836003853087135,0.02509677061745056,0,1,0,1,1,1,False,-1,
52808,2026-06-15 11:35:00,11,-1,MARKDOWN,4,B,114.637038,114.72283221934111,114.42255245164722,0.08579421934111053,0.025664438682248568,0,0,0,1,1,1,False,-1,
52828,2026-06-15 13:15:00,13,1,MARKUP,5,A,114.591962,114.508800870591,114.79986482352248,0.08316112940899245,0.020398258818010995,0,1,1,0,1,1,True,52840,-1.0
52849,2026-06-15 15:00:00,15,-1,MARKDOWN,6,A+,114.593778,114.6506597600204,114.451573599949,0.056881760020402794,0.02131952004079147,0,1,1,1,1,1,True,52854,1.75
52862,2026-06-15 16:05:00,16,-1,MARKDOWN,4,B,114.60371,114.65063758013095,114.48639104967265,0.04692758013094078,0.02127516026188505,0,1,1,0,0,1,True,52884,0.5
52874,2026-06-15 17:05:00,17,-1,MARKDOWN,6,A+,114.581936,114.65428308378061,114.40106829054847,0.07234708378061327,0.02856616756120944,0,1,1,1,1,1,True,52884,0.0682266615606614
52888,2026-06-15 18:15:00,18,-1,MARKDOWN,5,A,114.55405,114.65677027312003,114.29724931719994,0.10272027312002763,0.03354054624007107,1,0,0,1,1,1,True,52889,-0.028718770992279274
52901,2026-06-15 19:20:00,19,-1,MARKDOWN,5,A,114.54354400000001,114.63765245345584,114.30827286636043,0.09410845345583141,0.029304906911686555,1,0,1,0,1,1,True,52902,-1.0
52918,2026-06-15 20:45:00,20,1,MARKUP,4,B,114.499804,114.403265569336,114.74115007665999,0.09653843066399759,0.02346886132799933,0,1,0,0,1,1,False,-1,
53053,2026-06-16 08:00:00,8,-1,MARKDOWN,4,B,114.46845400000001,114.56044386115495,114.23847934711264,0.09198986115494279,0.02888772230987855,0,1,0,1,0,1,False,-1,
53065,2026-06-16 09:00:00,9,-1,MARKDOWN,6,A+,114.427048,114.4907105560071,114.26789160998224,0.06366255600710247,0.02342111201419085,0,1,1,1,1,1,True,53079,-1.0
53077,2026-06-16 10:00:00,10,-1,MARKDOWN,3,C,114.407948,114.49321744620987,114.19477438447535,0.08526944620986399,0.028434892419749586,1,0,0,0,0,1,True,53078,-1.0
53090,2026-06-16 11:05:00,11,-1,MARKDOWN,6,A+,114.418454,114.51219360380522,114.18410499048696,0.09373960380521851,0.03238720761045167,0,1,1,1,1,1,True,53092,-1.0
53113,2026-06-16 13:00:00,13,1,MARKUP,6,A+,114.381624,114.28138247392586,114.63222781518536,0.10024152607414294,0.023235052148299015,0,1,1,1,1,1,False,-1,
53125,2026-06-16 14:00:00,14,1,MARKUP,5,A,114.396522,114.28197623381057,114.6828864154736,0.1145457661894369,0.022047532378888533,0,1,0,1,1,1,False,-1,
53150,2026-06-16 16:05:00,16,-1,MARKDOWN,5,A,114.48874599999999,114.57584789883636,114.27099125290908,0.08710189883636588,0.02369579767271777,0,1,0,1,1,1,True,53155,-1.0
53162,2026-06-16 17:05:00,17,1,MARKUP,6,A+,114.467322,114.38727453826566,114.66744065433585,0.0800474617343383,0.0294509234686953,0,1,1,1,1,1,False,-1,
53174,2026-06-16 18:05:00,18,1,MARKUP,5,A,114.5166,114.38291915300003,114.85080211749991,0.1336808469999653,0.03816169399994409,0,1,0,1,1,1,False,-1,
53186,2026-06-16 19:05:00,19,1,MARKUP,5,A,114.521948,114.38621778998356,114.86127352504107,0.13573021001643326,0.03156442003288659,0,1,0,1,1,1,False,-1,
53198,2026-06-16 20:05:00,20,1,MARKUP,5,A,114.52233,114.38916658608916,114.85523853477709,0.13316341391083597,0.02566682782168019,0,1,1,0,1,1,False,-1,
53341,2026-06-17 08:00:00,8,-1,MARKDOWN,5,A,114.594936,114.65957070096711,114.43334924758224,0.06463470096710466,0.013141401934202915,0,1,0,1,1,1,False,-1,
53353,2026-06-17 09:00:00,9,-1,MARKDOWN,3,C,114.57454200000001,114.6274625524621,114.44224061884476,0.0529205524620977,0.014925104924202912,0,0,1,0,0,1,False,-1,
53365,2026-06-17 10:00:00,10,-1,MARKDOWN,5,A,114.524498,114.59581223668448,114.34621240828878,0.07131423668448633,0.01962447336896063,0,1,0,1,1,1,False,-1,
53377,2026-06-17 11:00:00,11,-1,MARKDOWN,6,A+,114.509666,114.5728143961835,114.35179500954123,0.06314839618350732,0.02162879236701901,0,1,1,1,1,1,False,-1,
53401,2026-06-17 13:00:00,13,-1,MARKDOWN,6,A+,114.491352,114.56435862923291,114.30883542691774,0.07300662923290702,0.020717258465817227,0,1,1,1,1,1,False,-1,
53413,2026-06-17 14:00:00,14,-1,MARKDOWN,5,A,114.476004,114.55380390119315,114.28150424701714,0.07779990119314562,0.019607802386303864,0,1,0,1,1,1,False,-1,
53425,2026-06-17 15:00:00,15,-1,MARKDOWN,4,B,114.445722,114.50539191486097,114.2965472128476,0.059669914860961626,0.02078382972193058,1,0,0,1,0,1,True,53426,0.8425857295899346
53437,2026-06-17 16:00:00,16,-1,MARKDOWN,4,B,114.430216,114.48614302937888,114.2903984265528,0.0559270293788785,0.026286058757766618,0,1,0,0,1,1,True,53439,1.75
53449,2026-06-17 17:00:00,17,-1,MARKDOWN,5,A,114.398566,114.48723449288335,114.17689476779165,0.08866849288334322,0.03446898576669119,0,1,0,1,1,1,True,53456,1.75
53461,2026-06-17 18:00:00,18,-1,MARKDOWN,6,A+,114.398566,114.48560147191037,114.18097732022409,0.08703547191036876,0.03120294382074165,0,1,1,1,1,1,False,-1,
53473,2026-06-17 19:00:00,19,-1,MARKDOWN,5,A,114.36113,114.48604519599824,114.04884201000439,0.1249151959982413,0.032090391996478285,0,1,0,1,1,1,False,-1,
53485,2026-06-17 20:00:00,20,-1,MARKDOWN,5,A,114.35158,114.48312739820263,114.02271150449343,0.13154739820262762,0.02625479640525512,0,1,0,1,1,1,False,-1,
53629,2026-06-18 08:00:00,8,-1,MARKDOWN,5,A,113.963712,114.04144390690658,113.76938223273356,0.07773190690657827,0.014887813813140634,0,1,1,0,1,1,False,-1,
53641,2026-06-18 09:00:00,9,-1,MARKDOWN,6,A+,113.927566,114.00797073948526,113.72655415128685,0.08040473948526028,0.017941478970532714,0,1,1,1,1,1,True,53652,0.8238983058419316
53653,2026-06-18 10:00:00,10,-1,MARKDOWN,6,A+,113.882396,113.94132073855238,113.73508415361906,0.058924738552377676,0.024641477104745912,0,1,1,1,1,1,True,53662,0.7561065458166971
53667,2026-06-18 11:10:00,11,-1,MARKDOWN,6,A+,113.882396,113.94328299363235,113.73017851591912,0.060886993632351505,0.028565987264697033,0,1,1,1,1,1,False,-1,
53689,2026-06-18 13:00:00,13,-1,MARKDOWN,5,A,113.82586,113.94723652995822,113.52241867510448,0.12137652995821213,0.036473059916433244,1,0,1,0,1,1,True,53690,-1.0
53717,2026-06-18 15:20:00,15,1,MARKUP,6,A+,113.784678,113.64342951483135,114.1377992129216,0.14124848516864574,0.031140970337317074,0,1,1,1,1,1,False,-1,
53729,2026-06-18 16:20:00,16,1,MARKUP,4,B,113.791936,113.64280413079217,114.16476567301959,0.14913186920783517,0.032391738415667316,0,0,0,1,1,1,False,-1,
53741,2026-06-18 17:20:00,17,1,MARKUP,4,B,113.869804,113.76715656295087,114.12642259262282,0.1026474370491286,0.0356868740982405,0,0,1,0,1,1,True,53750,1.2405989478027877
53758,2026-06-18 18:45:00,18,1,MARKUP,6,A+,113.888962,113.79730503526294,114.11810441184268,0.0916569647370693,0.037389929474119864,0,1,1,1,1,1,False,-1,
53770,2026-06-18 19:45:00,19,1,MARKUP,5,A,113.93824,113.79337993494943,114.3003901626264,0.14486006505056537,0.0452401301011393,0,1,0,1,1,1,False,-1,
53782,2026-06-18 20:45:00,20,1,MARKUP,5,A,113.970328,113.7983462087271,114.40028247818225,0.17198179127289848,0.035307582545811664,0,1,0,1,1,1,True,53803,1.0451087797241847
53936,2026-06-19 09:35:00,9,1,MARKUP,5,A,113.99564600000001,113.88408440810632,114.27454997973423,0.11156159189368964,0.029831183787364178,0,1,0,1,1,1,False,-1,
53948,2026-06-19 10:35:00,10,1,MARKUP,4,B,114.012332,113.91041450968405,114.2671257257899,0.1019174903159552,0.031170980631901532,1,0,0,1,0,1,True,53950,0.7384236088375593
53961,2026-06-19 11:40:00,11,1,MARKUP,5,A,114.035198,113.94765648015722,114.25405179960693,0.08754151984277314,0.03068703968555638,0,1,1,1,0,1,True,53973,-1.0
53992,2026-06-19 14:15:00,14,-1,MARKDOWN,5,A,114.093936,114.162467502172,113.92260724456997,0.06853150217200721,0.020935004344021815,0,1,1,1,0,1,False,-1,
54004,2026-06-19 15:15:00,15,-1,MARKDOWN,4,B,114.049454,114.13823521777667,113.82750095555832,0.08878121777667047,0.0224704355533433,0,1,0,1,0,1,False,-1,
54016,2026-06-19 16:15:00,16,-1,MARKDOWN,5,A,113.998266,114.14141081518179,113.64040396204554,0.14314481518178468,0.02882163036359114,0,1,0,1,1,1,False,-1,
54028,2026-06-19 17:15:00,17,-1,MARKDOWN,6,A+,113.971692,114.09877992926103,113.65397217684745,0.1270879292610232,0.029559858522054724,0,1,1,1,1,1,False,-1,
54040,2026-06-19 18:15:00,18,-1,MARKDOWN,5,A,113.908908,114.08235156585364,113.47529908536589,0.1734435658536455,0.03670313170728947,0,1,0,1,1,1,False,-1,
54052,2026-06-19 19:15:00,19,-1,MARKDOWN,4,B,113.886042,114.04031349299436,113.50036326751412,0.15427149299435428,0.026626985988708475,0,0,0,1,1,1,False,-1,
54205,2026-06-22 08:00:00,8,1,MARKUP,6,A+,113.92511,113.87573831884629,114.04853920288429,0.049371681153715485,0.018523362307422752,0,1,1,1,1,1,True,54223,1.75
54217,2026-06-22 09:00:00,9,1,MARKUP,4,B,113.933132,113.87454294061146,114.07960464847135,0.05858905938853809,0.020914118777092764,0,1,0,0,1,1,True,54221,1.75
54229,2026-06-22 10:00:00,10,1,MARKUP,6,A+,113.937334,113.87298008381939,114.09821879045157,0.0643539161806217,0.024039832361226646,0,1,1,1,1,1,False,-1,
54241,2026-06-22 11:00:00,11,1,MARKUP,5,A,113.971332,113.87290250625114,114.21740573437216,0.098429493748867,0.02419498749772858,0,1,0,1,1,1,False,-1,
54265,2026-06-22 13:00:00,13,1,MARKUP,5,A,114.012444,113.90876468449247,114.27164228876885,0.1036793155075344,0.02247063101507586,0,1,0,1,1,1,False,-1,
54277,2026-06-22 14:00:00,14,1,MARKUP,4,B,114.012826,113.9087237630934,114.2730815922665,0.10410223690659848,0.02255247381320048,0,0,0,1,1,1,False,-1,
54289,2026-06-22 15:00:00,15,1,MARKUP,6,A+,114.084614,114.0049740749475,114.28371381263126,0.07963992505250417,0.024051850104986155,0,1,1,1,1,1,False,-1,
54301,2026-06-22 16:00:00,16,1,MARKUP,5,A,114.170308,114.04193327273279,114.49124481816804,0.12837472726721444,0.032133454534430186,0,1,1,1,0,1,True,54306,0.7278672114093429
54313,2026-06-22 17:00:00,17,1,MARKUP,5,A,114.174634,114.04493759407855,114.49887501480362,0.12969640592145026,0.04012481184291516,0,1,1,1,0,1,True,54314,-1.0
54332,2026-06-22 18:35:00,18,-1,MARKDOWN,6,A+,114.142282,114.39676767127717,113.50606782180705,0.25448567127718036,0.08953534255435566,0,1,1,1,1,1,True,54340,0.23294828232363374
54344,2026-06-22 19:35:00,19,-1,MARKDOWN,5,A,114.142282,114.38648729001076,113.53176877497307,0.2442052900107683,0.06897458002152937,0,0,1,1,1,1,False,-1,
54493,2026-06-23 08:00:00,8,-1,MARKDOWN,4,B,114.107318,114.17411454771623,113.94032663070945,0.06679654771622268,0.01822909543244432,0,1,0,1,0,1,False,-1,
54506,2026-06-23 09:05:00,9,-1,MARKDOWN,6,A+,114.083014,114.1402662148503,113.93988346287426,0.05725221485029408,0.020532429700602296,0,1,1,1,1,1,False,-1,
54518,2026-06-23 10:05:00,10,-1,MARKDOWN,5,A,113.979232,114.12434855951732,113.6164406012067,0.1451165595173194,0.04269711903462925,0,0,1,1,1,1,True,54519,0.9038035053896738
54530,2026-06-23 11:05:00,11,-1,MARKDOWN,6,A+,113.966872,114.10775378339248,113.61466754151877,0.14088178339248714,0.0495075667849655,0,1,1,1,1,1,False,-1,
54553,2026-06-23 13:00:00,13,-1,MARKDOWN,5,A,113.963816,114.10016527252877,113.62294281867806,0.1363492725287756,0.03433054505755149,0,1,0,1,1,1,False,-1,
54565,2026-06-23 14:00:00,14,-1,MARKDOWN,3,C,113.95425399999999,114.0840687164242,113.62971720893947,0.12981471642420672,0.028137432848414502,0,1,0,0,0,1,False,-1,
54579,2026-06-23 15:10:00,15,-1,MARKDOWN,6,A+,113.904814,114.00445183494841,113.65571941262897,0.09963783494841039,0.028903669896843915,0,1,1,1,1,1,True,54587,0.7955474686536668
54602,2026-06-23 17:05:00,17,-1,MARKDOWN,4,B,113.902342,114.00755668276688,113.63930529308283,0.10521468276687074,0.04311336553373081,0,1,1,0,0,1,False,-1,
54614,2026-06-23 18:05:00,18,-1,MARKDOWN,5,A,113.902342,114.00537775073018,113.64475262317458,0.10303575073017157,0.038755501460351276,0,1,1,1,0,1,False,-1,
54626,2026-06-23 19:05:00,19,-1,MARKDOWN,5,A,113.88859,114.00270776859342,113.60329557851642,0.11411776859343092,0.03341553718685032,0,1,1,0,1,1,False,-1,
54638,2026-06-23 20:05:00,20,-1,MARKDOWN,5,A,113.883624,114.00016982530921,113.59225943672695,0.11654582530921687,0.028339650618432053,0,1,0,1,1,1,False,-1,
54781,2026-06-24 08:00:00,8,-1,MARKDOWN,3,C,113.696206,113.7685948120999,113.51523396975026,0.07238881209990211,0.01718962419981032,0,0,0,1,0,1,True,54784,0.8963934555818477
54812,2026-06-24 10:35:00,10,-1,MARKDOWN,7,A+,113.67334,113.73511329684491,113.51890675788769,0.061773296844918946,0.02422659368982115,1,1,1,1,1,1,True,54813,0.7794322507519085
54824,2026-06-24 11:35:00,11,-1,MARKDOWN,4,B,113.672958,113.73521706945654,113.51731032635863,0.06225906945654458,0.024434138913075585,0,1,0,1,0,1,True,54827,0.6984304189525261
54841,2026-06-24 13:00:00,13,-1,MARKDOWN,4,B,113.672958,113.73551176223184,113.51657359442038,0.06255376223184328,0.025023524463677827,0,0,1,0,1,1,True,54847,1.146668034170284
54855,2026-06-24 14:10:00,14,-1,MARKDOWN,4,B,113.672958,113.7360260196897,113.51528795077573,0.06306801968970888,0.026052039379410936,0,0,1,0,1,1,True,54860,1.1413950945572837
54867,2026-06-24 15:10:00,15,-1,MARKDOWN,5,A,113.659396,113.72080859510699,113.50586451223253,0.0614125951069866,0.02961719021397467,0,1,1,0,1,1,True,54885,0.9545201989633314
54879,2026-06-24 16:10:00,16,-1,MARKDOWN,5,A,113.629914,113.71264935332778,113.42307561668056,0.08273535332777726,0.033298706655569055,0,1,1,0,1,1,True,54883,0.6592096294639124
54893,2026-06-24 17:20:00,17,-1,MARKDOWN,6,A+,113.631768,113.71674340228195,113.41932949429511,0.08497540228195533,0.03548680456389719,1,0,1,1,1,1,True,54894,0.6659217205009046
54920,2026-06-24 19:35:00,19,1,MARKUP,6,A+,113.61086,113.50681027299616,113.8709843175096,0.10404972700384008,0.0323794540076594,0,1,1,1,1,1,False,-1,
54932,2026-06-24 20:35:00,20,1,MARKUP,5,A,113.623848,113.50959165427872,113.90948886430317,0.11425634572127308,0.02681669144254067,0,1,0,1,1,1,True,54946,0.05384383651659825
55069,2026-06-25 08:00:00,8,1,MARKUP,5,A,113.613952,113.55463722673188,113.76223893317028,0.059314773268113186,0.01472554653622121,0,1,0,1,1,1,False,-1,
55081,2026-06-25 09:00:00,9,1,MARKUP,2,C,113.613952,113.55304999349347,113.7662070162663,0.060902006506523776,0.017900013013055327,0,0,0,0,0,1,False,-1,
55093,2026-06-25 10:00:00,10,1,MARKUP,3,C,113.63945799999999,113.5826230791335,113.78154530216622,0.056834920866492666,0.02275384173300634,0,1,0,0,0,1,True,55094,1.2332913650435287
55105,2026-06-25 11:00:00,11,1,MARKUP,5,A,113.66893,113.6111177764891,113.81346055877728,0.057812223510907756,0.027764447021813903,0,1,1,0,1,1,False,-1,
55129,2026-06-25 13:00:00,13,1,MARKUP,4,B,113.68039,113.61355566830501,113.84747582923748,0.06683433169499153,0.02288866338996699,1,0,0,0,1,1,True,55130,-1.0
55158,2026-06-25 15:25:00,15,-1,MARKDOWN,6,A+,113.70009399999999,113.78404885276285,113.49020686809286,0.08395485276285797,0.02809770552571339,0,1,1,1,1,1,True,55160,-1.0
55170,2026-06-25 16:25:00,16,1,MARKUP,6,A+,113.671422,113.56832205542275,113.92917186144314,0.10309994457725224,0.03735588915449047,0,1,1,1,1,1,False,-1,
55182,2026-06-25 17:25:00,17,1,MARKUP,6,A+,113.698544,113.56417710056532,114.0344612485867,0.13436689943468139,0.04564579886938691,0,1,1,1,1,1,False,-1,
55194,2026-06-25 18:25:00,18,1,MARKUP,5,A,113.721846,113.56604232079013,114.11135519802467,0.1558036792098676,0.041915358419731145,0,1,0,1,1,1,False,-1,
55206,2026-06-25 19:25:00,19,1,MARKUP,6,A+,113.76424800000001,113.56856572758753,114.25345368103122,0.19568227241248337,0.03686854482495262,0,1,1,1,1,1,False,-1,
55218,2026-06-25 20:25:00,20,1,MARKUP,5,A,113.776046,113.58707666134111,114.2484693466472,0.18896933865887888,0.03184667731776683,0,1,0,1,1,1,False,-1,
55357,2026-06-26 08:00:00,8,-1,MARKDOWN,4,B,113.955038,114.04015315462154,113.74225011344618,0.0851151546215334,0.024306309243064487,0,0,1,0,1,1,True,55378,0.9058691185767604
55369,2026-06-26 09:00:00,9,-1,MARKDOWN,5,A,113.955038,114.03970218518913,113.74337753702719,0.08466418518912633,0.02340437037824572,0,1,1,0,1,1,True,55378,0.9080310075222131
55390,2026-06-26 10:45:00,10,-1,MARKDOWN,6,A+,113.92013800000001,113.98848238222637,113.74927704443411,0.06834438222635697,0.02896476445272527,0,1,1,1,1,1,True,55396,-1.0
55417,2026-06-26 13:00:00,13,1,MARKUP,5,A,113.878828,113.80602537184866,114.06083457037835,0.07280262815133653,0.02794925630266677,0,1,0,1,1,1,False,-1,
55429,2026-06-26 14:00:00,14,1,MARKUP,6,A+,113.884558,113.80829509345628,114.0752152663593,0.07626290654371815,0.023409813087430703,0,1,1,1,1,1,False,-1,
55441,2026-06-26 15:00:00,15,1,MARKUP,5,A,113.885322,113.8069784237783,114.08118094055425,0.07834357622169819,0.02604315244338337,0,1,1,0,1,1,False,-1,
55453,2026-06-26 16:00:00,16,1,MARKUP,4,B,113.919692,113.82696894962264,114.15149962594339,0.09272305037735862,0.02806210075470046,0,1,0,0,1,1,True,55473,0.7231088894770412
55465,2026-06-26 17:00:00,17,1,MARKUP,3,C,113.96218599999999,113.85794902836942,114.22277842907641,0.10423697163057,0.03810194326114425,0,0,0,0,1,1,True,55472,0.8508803859465807
55501,2026-06-26 20:00:00,20,1,MARKUP,6,A+,113.958478,113.8551918422087,114.21669339447826,0.10328615779130246,0.031616315582609245,0,1,1,1,1,1,True,55525,0.8720605902804497
55645,2026-06-29 08:00:00,8,1,MARKUP,5,A,113.97039000000001,113.90768733540331,114.12714666149176,0.06270266459669926,0.014625329193390671,0,1,1,1,0,1,False,-1,
55657,2026-06-29 09:00:00,9,1,MARKUP,4,B,114.002076,113.9490475266578,114.13464718335553,0.05302847334220928,0.015904946684413737,0,1,0,1,0,1,False,-1,
55669,2026-06-29 10:00:00,10,1,MARKUP,4,B,114.039592,113.970152156298,114.213191609255,0.06943984370199985,0.01969568740400455,0,1,0,1,0,1,True,55680,-1.0
55681,2026-06-29 11:00:00,11,1,MARKUP,5,A,114.048244,113.98282895364058,114.21178161589854,0.0654150463594192,0.022342092718833948,1,0,0,1,1,1,True,55682,-1.0
55705,2026-06-29 13:00:00,13,1,MARKUP,6,A+,114.038974,113.96820123637069,114.21590590907326,0.07077276362930718,0.02159752725863255,0,1,1,1,1,1,True,55714,-1.0
55724,2026-06-29 14:35:00,14,-1,MARKDOWN,6,A+,114.058454,114.14795113683593,113.83471115791016,0.08949713683593075,0.02390227367185651,0,1,1,1,1,1,False,-1,
55736,2026-06-29 15:35:00,15,-1,MARKDOWN,5,A,114.027274,114.1138678243408,113.81078943914801,0.08659382434079532,0.025735648681590916,0,1,1,1,0,1,False,-1,
55748,2026-06-29 16:35:00,16,-1,MARKDOWN,6,A+,114.027274,114.11532797466887,113.80713906332784,0.08805397466886689,0.028655949337733497,0,1,1,1,1,1,False,-1,
55760,2026-06-29 17:35:00,17,-1,MARKDOWN,5,A,114.013904,114.11897473850446,113.75122715373882,0.10507073850446602,0.03594947700893862,0,1,0,1,1,1,True,55783,0.9156443566168135
55772,2026-06-29 18:35:00,18,-1,MARKDOWN,4,B,113.98733,114.07414257897643,113.77029855255891,0.0868125789764349,0.032285157952866475,0,0,1,0,1,1,True,55783,0.8500075664517688
55933,2026-06-30 08:00:00,8,-1,MARKDOWN,5,A,114.061468,114.19775889489162,113.72074076277096,0.13629089489161572,0.023517789783237417,0,1,1,1,0,1,False,-1,
55951,2026-06-30 09:30:00,9,1,MARKUP,5,A,113.935636,113.84424495422734,114.16411361443167,0.09139104577266721,0.03151009154532863,0,1,1,0,1,1,False,-1,
55963,2026-06-30 10:30:00,10,1,MARKUP,4,B,113.935636,113.84487957396841,114.16252706507898,0.0907564260315894,0.030240852063167387,0,0,1,0,1,1,False,-1,
55975,2026-06-30 11:30:00,11,1,MARKUP,5,A,113.975412,113.89588469623355,114.17423025941613,0.07952730376645434,0.032230607532922464,0,1,0,1,1,1,True,55990,0.8624272854664368
55993,2026-06-30 13:00:00,13,1,MARKUP,5,A,113.987726,113.89931316001639,114.208758099959,0.08841283998360439,0.029373679967214784,1,0,1,0,1,1,False,-1,
56005,2026-06-30 14:00:00,14,1,MARKUP,5,A,114.013064,113.94316235702411,114.18781810743974,0.06990164297589274,0.023675285951787094,0,1,1,0,1,1,True,56011,1.0357033609706194
56017,2026-06-30 15:00:00,15,1,MARKUP,6,A+,114.013682,113.94312011805788,114.19008670485532,0.07056188194212609,0.025759763884260472,0,1,1,1,1,1,True,56023,-1.0
56029,2026-06-30 16:00:00,16,1,MARKUP,5,A,113.97115,113.8254403587856,114.33542410303599,0.14570964121439545,0.04311928242877948,0,1,0,1,1,1,False,-1,
56041,2026-06-30 17:00:00,17,1,MARKUP,5,A,113.999036,113.82585394157346,114.43199114606637,0.17318205842654777,0.042292116853075754,0,1,1,1,0,1,False,-1,
56053,2026-06-30 18:00:00,18,1,MARKUP,4,B,114.12777,113.82106818869067,114.89452452827331,0.30670181130932406,0.05186362261862884,0,1,0,1,0,1,False,-1,
56065,2026-06-30 19:00:00,19,1,MARKUP,4,B,114.12777,113.82600103415342,114.88219241461644,0.301768965846577,0.04199793169315403,0,1,0,1,0,1,False,-1,
56077,2026-06-30 20:00:00,20,1,MARKUP,5,A,114.12777,113.83077774962076,114.87025062594807,0.29699225037923327,0.032444500758450866,0,0,1,1,1,1,False,-1,
56221,2026-07-01 08:00:00,8,1,MARKUP,5,A,114.420232,114.33853533304158,114.62447366739605,0.08169666695842182,0.028929333916841417,0,1,1,0,1,1,True,56241,-1.0
56233,2026-07-01 09:00:00,9,1,MARKUP,6,A+,114.420232,114.34096795617305,114.61839210956738,0.07926404382695296,0.02406408765391118,0,1,1,1,1,1,True,56241,-1.0
56246,2026-07-01 10:05:00,10,-1,MARKDOWN,5,A,114.466352,114.54296116162709,114.27482909593228,0.07660916162708986,0.027922323254181522,0,1,1,1,0,1,False,-1,
56258,2026-07-01 11:05:00,11,-1,MARKDOWN,5,A,114.46597,114.54321473829835,114.27285815425412,0.07724473829834722,0.028429476596703872,0,1,1,1,0,1,False,-1,
56281,2026-07-01 13:00:00,13,-1,MARKDOWN,2,C,114.455622,114.53509641298456,114.25693596753862,0.0794744129845526,0.022192825969120505,0,0,0,0,0,1,True,56288,1.0336636949457012
56310,2026-07-01 15:25:00,15,-1,MARKDOWN,5,A,114.423486,114.48401315447003,114.2721681138249,0.0605271544700372,0.02402630894007187,0,1,1,0,1,1,False,-1,
56322,2026-07-01 16:25:00,16,-1,MARKDOWN,4,B,114.404004,114.48978386698512,114.1895543325372,0.08577986698512063,0.035567733970244056,0,1,0,1,0,1,True,56324,0.8028784492601821
56334,2026-07-01 17:25:00,17,-1,MARKDOWN,4,B,114.39063399999999,114.4946595375694,114.13057015607646,0.10402553756941302,0.045319075138822384,0,0,0,1,1,1,False,-1,
56347,2026-07-01 18:30:00,18,-1,MARKDOWN,5,A,114.39063399999999,114.49396359406941,114.13231001482643,0.10332959406942166,0.04392718813882791,0,1,1,0,1,1,False,-1,
56359,2026-07-01 19:30:00,19,-1,MARKDOWN,3,C,114.374566,114.46175821938438,114.15658545153906,0.08719221938437727,0.031516438768775405,0,0,1,0,0,1,True,56372,0.9726358399888719
56509,2026-07-02 08:00:00,8,-1,MARKDOWN,5,A,114.34035200000001,114.41244764008997,114.16011289977513,0.07209564008995528,0.01889528017991118,0,1,0,1,1,1,False,-1,
56521,2026-07-02 09:00:00,9,-1,MARKDOWN,4,B,114.32545400000001,114.41348350230585,114.10538024423539,0.08802950230584372,0.020967004611690723,0,1,0,0,1,1,False,-1,
56533,2026-07-02 10:00:00,10,-1,MARKDOWN,5,A,114.061874,114.44490686914813,113.10429182712969,0.3830328691481242,0.08381373829625373,1,0,0,1,1,1,False,-1,
56545,2026-07-02 11:00:00,11,-1,MARKDOWN,6,A+,114.025412,114.38695754283827,113.12154814290432,0.36154554283827167,0.08591508567656261,0,1,1,1,1,1,False,-1,
56569,2026-07-02 13:00:00,13,-1,MARKDOWN,3,C,113.9543,114.31454173431544,113.0536956642114,0.36024173431543716,0.07108346863089476,0,0,0,0,1,1,False,-1,
56581,2026-07-02 14:00:00,14,-1,MARKDOWN,5,A,113.919074,114.24763384379216,113.09767439051959,0.3285598437921635,0.05126768758432602,0,1,1,1,0,1,False,-1,
56599,2026-07-02 15:30:00,15,-1,MARKDOWN,6,A+,113.65545,113.8870630523308,113.076417369173,0.23161305233080043,0.06212610466160487,0,1,1,1,1,1,True,56602,0.8615212732700837
56615,2026-07-02 16:50:00,16,-1,MARKDOWN,5,A,113.581908,113.76928074714816,113.11347613212959,0.1873727471481601,0.06456149429631935,1,0,1,1,0,1,True,56620,-0.1659366181754053
56630,2026-07-02 18:05:00,18,-1,MARKDOWN,6,A+,113.581908,113.76592764719314,113.12185888201715,0.18401964719313924,0.057855294386299085,0,1,1,1,1,1,True,56647,-1.0
56642,2026-07-02 19:05:00,19,-1,MARKDOWN,4,B,113.57449199999999,113.74743991635073,113.14212220912316,0.17294791635073636,0.044879832701479716,0,1,0,1,0,1,True,56646,-1.0
56797,2026-07-03 08:00:00,8,1,MARKUP,4,B,113.626578,113.50794158497682,113.92316903755793,0.11863641502317535,0.024116830046361077,0,0,0,1,1,1,True,56815,-1.0
56809,2026-07-03 09:00:00,9,1,MARKUP,4,B,113.630016,113.50604576625935,113.93994158435163,0.12397023374064986,0.027908467481305765,0,0,0,1,1,1,True,56815,-1.0
56821,2026-07-03 10:00:00,10,-1,MARKDOWN,4,B,113.621966,113.83970520343425,113.07761799141437,0.2177392034342489,0.06341040686849758,0,1,0,1,0,1,False,-1,
56833,2026-07-03 11:00:00,11,-1,MARKDOWN,5,A,113.621966,113.83954607384763,113.07801581538092,0.21758007384762834,0.063092147695257,0,1,0,1,1,1,True,56857,0.08257189954160452
56879,2026-07-03 14:50:00,14,-1,MARKDOWN,6,A+,113.545466,113.64819478568528,113.28864403578683,0.10272878568527233,0.02438957137056863,0,1,1,1,1,1,True,56895,-1.0
56891,2026-07-03 15:50:00,15,-1,MARKDOWN,4,B,113.549668,113.64799561998498,113.30384895003753,0.0983276199849854,0.023991239969979157,0,1,0,0,1,1,True,56895,-1.0
56935,2026-07-03 19:30:00,19,1,MARKUP,6,A+,113.50676,113.42600465243054,113.70864836892366,0.08075534756946467,0.02399069513894086,0,1,1,1,1,1,False,-1,
56947,2026-07-03 20:30:00,20,1,MARKUP,5,A,113.509434,113.42721471127035,113.71498222182412,0.08221928872964668,0.021570577459304196,0,1,0,1,1,1,False,-1,
57085,2026-07-06 08:00:00,8,1,MARKUP,5,A,113.778352,113.63968219793688,114.12502650515779,0.13866980206312007,0.020635604126242435,0,1,0,1,1,1,False,-1,
57097,2026-07-06 09:00:00,9,1,MARKUP,6,A+,113.851374,113.70225889343158,114.22416176642108,0.14911510656843063,0.025482213136866216,0,1,1,1,1,1,False,-1,
57109,2026-07-06 10:00:00,10,1,MARKUP,5,A,113.971442,113.82636544100814,114.33413339747965,0.14507655899186034,0.03726911798372788,0,1,1,0,1,1,False,-1,
57121,2026-07-06 11:00:00,11,1,MARKUP,4,B,113.97391400000001,113.83019213795419,114.33321865511456,0.1437218620458225,0.037615724091640344,0,0,1,0,1,1,False,-1,
57145,2026-07-06 13:00:00,13,1,MARKUP,5,A,114.032006,113.9296736451616,114.28783688709598,0.10233235483839564,0.026652709676788348,0,1,1,0,1,1,False,-1,
57157,2026-07-06 14:00:00,14,1,MARKUP,5,A,114.101782,114.0094540647907,114.33260183802324,0.0923279352092976,0.03109187041861822,0,1,0,1,1,1,True,57173,0.782830768816331
57169,2026-07-06 15:00:00,15,1,MARKUP,6,A+,114.101782,114.01155452733357,114.32735068166608,0.09022747266642739,0.026890945332873843,0,1,1,1,1,1,True,57173,0.7894149656059961
57185,2026-07-06 16:20:00,16,1,MARKUP,5,A,114.101782,114.01052684642252,114.32991988394369,0.09125515357747815,0.02894630715496577,0,1,1,1,0,1,True,57192,0.7541105419814391
57204,2026-07-06 17:55:00,17,1,MARKUP,5,A,114.112288,114.02350311510601,114.33425021223499,0.08878488489399672,0.03699376978799266,0,1,1,1,0,1,True,57205,0.674279211885932
57216,2026-07-06 18:55:00,18,1,MARKUP,5,A,114.107322,114.02624348231488,114.31001829421278,0.0810785176851141,0.031513035370240215,0,1,0,1,1,1,True,57234,-1.0
57228,2026-07-06 19:55:00,19,1,MARKUP,5,A,114.107322,114.02969409978274,114.30139175054313,0.07762790021725152,0.0246118004345243,0,1,0,1,1,1,True,57234,-1.0
57373,2026-07-07 08:00:00,8,-1,MARKDOWN,5,A,113.984492,114.14855315548826,113.57433911127936,0.1640611554882554,0.02710631097649363,0,1,0,1,1,1,True,57392,0.6522700219281444
57385,2026-07-07 09:00:00,9,-1,MARKDOWN,3,C,113.946794,114.08911416472654,113.59099358818364,0.14232016472654152,0.030228329453073435,0,0,0,1,0,1,True,57388,0.5430901394439341
57458,2026-07-07 15:05:00,15,-1,MARKDOWN,5,A,113.9045,114.01374827117488,113.6313793220628,0.10924827117487723,0.027496542349745363,0,1,1,0,1,1,True,57474,-1.0
57470,2026-07-07 16:05:00,16,-1,MARKDOWN,6,A+,113.90859999999999,113.99878559737006,113.68313600657483,0.09018559737006626,0.027571194740106424,0,1,1,1,1,1,True,57475,-1.0
57485,2026-07-07 17:20:00,17,1,MARKUP,5,A,113.88432,113.76782292382332,114.17556269044172,0.11649707617668525,0.03435415235336552,0,1,1,1,0,1,False,-1,
57497,2026-07-07 18:20:00,18,1,MARKUP,5,A,113.914498,113.76856890466286,114.27932073834285,0.14592909533713794,0.03286219067426956,0,1,1,1,0,1,False,-1,
57509,2026-07-07 19:20:00,19,1,MARKUP,5,A,113.914498,113.77131806364282,114.27244784089292,0.1431799363571713,0.027363872714344036,0,1,0,1,1,1,False,-1,
57521,2026-07-07 20:20:00,20,1,MARKUP,5,A,113.914498,113.77241619715826,114.26970250710431,0.1420818028417301,0.025167605683475508,0,1,1,0,1,1,False,-1,
57661,2026-07-08 08:00:00,8,1,MARKUP,6,A+,114.339884,114.26821640180069,114.51905299549827,0.07166759819931201,0.0195671963986531,0,1,1,1,1,1,True,57680,1.75
57673,2026-07-08 09:00:00,9,1,MARKUP,6,A+,114.35548,114.29083411140878,114.51709472147803,0.06464588859121534,0.02233177718245662,0,1,1,1,1,1,True,57679,1.75
57685,2026-07-08 10:00:00,10,1,MARKUP,5,A,114.375256,114.31795312715926,114.51851318210183,0.05730287284073654,0.032093745681484924,0,1,1,0,1,1,False,-1,
57697,2026-07-08 11:00:00,11,1,MARKUP,6,A+,114.431972,114.32104230926619,114.70929622683454,0.11092969073381198,0.0339153814676039,0,1,1,1,1,1,False,-1,
57721,2026-07-08 13:00:00,13,1,MARKUP,5,A,114.49920399999999,114.31988169130659,114.9475097717335,0.1793223086934006,0.0362366173868158,0,1,1,1,0,1,False,-1,
57733,2026-07-08 14:00:00,14,1,MARKUP,4,B,114.49920399999999,114.32281752527008,114.94017018682476,0.17638647472990954,0.030364949459833476,0,1,0,0,1,1,False,-1,
57763,2026-07-08 16:30:00,16,1,MARKUP,6,A+,114.616006,114.51118695580793,114.87805361048018,0.10481904419206955,0.031626088384145115,0,1,1,1,1,1,False,-1,
57775,2026-07-08 17:30:00,17,1,MARKUP,6,A+,114.6225,114.50994205859315,114.90389485351713,0.11255794140684827,0.03411588281368354,0,1,1,1,1,1,True,57789,0.9562025130652043
57787,2026-07-08 18:30:00,18,1,MARKUP,4,B,114.62402800000001,114.51024270217447,114.90849124456386,0.11378529782554381,0.03351459565107166,0,0,0,1,1,1,True,57789,0.9445672393704496
57799,2026-07-08 19:30:00,19,1,MARKUP,6,A+,114.62402800000001,114.51219946280746,114.90359934298138,0.11182853719255093,0.029601074385092317,0,1,1,1,1,1,True,57817,0.9523462168529198
57949,2026-07-09 08:00:00,8,-1,MARKDOWN,4,B,114.727958,114.78572859018726,114.58353152453185,0.057770590187260495,0.015457180374497753,0,1,0,1,0,1,False,-1,
57961,2026-07-09 09:00:00,9,-1,MARKDOWN,5,A,114.718026,114.78693779319725,114.54574651700685,0.06891179319725893,0.017875586394504744,0,1,1,1,0,1,False,-1,
57973,2026-07-09 10:00:00,10,-1,MARKDOWN,5,A,114.679374,114.74727386157925,114.50962434605188,0.06789986157924943,0.026547723158487756,0,1,0,1,1,1,False,-1,
57985,2026-07-09 11:00:00,11,-1,MARKDOWN,5,A,114.634938,114.74115479506871,114.36939601232825,0.10621679506870407,0.028309590137408133,0,1,0,1,1,1,False,-1,
58009,2026-07-09 13:00:00,13,-1,MARKDOWN,3,C,114.592826,114.70264954259797,114.3182671435051,0.10982354259796523,0.023299085195931747,1,0,0,0,0,1,True,58018,0.6934252922326567
58053,2026-07-09 16:40:00,16,-1,MARKDOWN,4,B,114.594286,114.69804018757307,114.33490053106732,0.10375418757307386,0.03408037514615128,0,1,1,0,0,1,True,58062,0.08950000204534302
58078,2026-07-09 18:45:00,18,-1,MARKDOWN,5,A,114.60269,114.69854607569235,114.36304981076911,0.09585607569235322,0.03509215138470602,1,0,1,0,1,1,True,58083,0.06979213317122636
58103,2026-07-09 20:50:00,20,-1,MARKDOWN,6,A+,114.58415,114.66131096402148,114.39124758994627,0.07716096402148764,0.020621928042973192,1,1,1,0,1,1,True,58104,1.75
58237,2026-07-10 08:00:00,8,-1,MARKDOWN,5,A,114.40617,114.64113896322203,113.81874759194493,0.23496896322203042,0.038277926444057336,0,1,1,0,1,1,False,-1,
58249,2026-07-10 09:00:00,9,-1,MARKDOWN,6,A+,114.27071600000001,114.4291282484171,113.87468537895728,0.15841224841709334,0.04025649683418998,0,1,1,1,1,1,False,-1,
58261,2026-07-10 10:00:00,10,-1,MARKDOWN,5,A,114.17013,114.30025296235762,113.84482259410595,0.13012296235761767,0.04250592471523594,1,0,0,1,1,1,True,58262,-1.0
58273,2026-07-10 11:00:00,11,-1,MARKDOWN,6,A+,114.146646,114.26235933421964,113.85736266445092,0.11571333421963459,0.042718668439273896,0,1,1,1,1,1,True,58277,-1.0
58324,2026-07-10 15:15:00,15,1,MARKUP,4,B,114.175824,114.0304085374913,114.53936265627178,0.14541546250870852,0.037182925017419495,0,1,0,1,0,1,False,-1,
58336,2026-07-10 16:15:00,16,1,MARKUP,5,A,114.193014,114.02935801535989,114.6021539616003,0.16365598464011555,0.039283969280224824,0,1,0,1,1,1,True,58346,0.8296448454963248
58349,2026-07-10 17:20:00,17,1,MARKUP,5,A,114.23751,114.0985090774603,114.58501230634923,0.13900092253969376,0.04498184507937136,0,0,1,1,1,1,True,58351,-1.0
58375,2026-07-10 19:30:00,19,1,MARKUP,5,A,114.21897,114.06532238262768,114.60308904343078,0.15364761737231447,0.051355234744628185,0,1,1,0,1,1,False,-1,
58391,2026-07-10 20:50:00,20,1,MARKUP,6,A+,114.212858,114.0725910926436,114.56352526839098,0.14026690735639136,0.03681781471278349,0,1,1,1,1,1,False,-1,
58525,2026-07-13 08:00:00,8,1,MARKUP,6,A+,114.344726,114.26179780133322,114.55204649666695,0.08292819866677803,0.018404397333583164,0,1,1,1,1,1,False,-1,
58537,2026-07-13 09:00:00,9,1,MARKUP,5,A,114.447926,114.31850099933202,114.77148850166995,0.1294250006679789,0.03499800133597354,0,1,0,1,1,1,True,58551,-1.0
58549,2026-07-13 10:00:00,10,1,MARKUP,6,A+,114.48723,114.36745240919878,114.78667397700305,0.11977759080122041,0.037095181602442115,0,1,1,1,1,1,True,58551,-1.0
58561,2026-07-13 11:00:00,11,1,MARKUP,6,A+,114.45528399999999,114.29196861952146,114.86357245119633,0.16331538047853655,0.050062760957080246,0,1,1,1,1,1,False,-1,
58585,2026-07-13 13:00:00,13,1,MARKUP,4,B,114.46368799999999,114.30092540222613,114.87059449443464,0.16276259777386315,0.03214919554772257,0,0,1,0,1,1,False,-1,
58597,2026-07-13 14:00:00,14,1,MARKUP,6,A+,114.47247399999999,114.30326994057931,114.89548414855169,0.16920405942067873,0.02746011884135746,0,1,1,1,1,1,False,-1,
58609,2026-07-13 15:00:00,15,1,MARKUP,5,A,114.48393399999999,114.30395102442594,114.93389143893512,0.17998297557404896,0.02609795114809741,0,1,0,1,1,1,False,-1,
58621,2026-07-13 16:00:00,16,1,MARKUP,4,B,114.624838,114.53075392040148,114.86004819899628,0.09408407959851672,0.028492159197043777,0,0,1,0,1,1,False,-1,
58633,2026-07-13 17:00:00,17,1,MARKUP,5,A,114.624838,114.52916221409745,114.86402746475636,0.095675785902543,0.031675571805101076,0,1,0,1,1,1,False,-1,
58645,2026-07-13 18:00:00,18,1,MARKUP,6,A+,114.678062,114.56752593598445,114.95440216003887,0.11053606401554816,0.036948128031099786,0,1,1,1,1,1,False,-1,
58657,2026-07-13 19:00:00,19,1,MARKUP,6,A+,114.71795,114.61800585462761,114.96781036343097,0.09994414537239038,0.027988290744797032,0,1,1,1,1,1,False,-1,
58669,2026-07-13 20:00:00,20,1,MARKUP,3,C,114.71795,114.61763982050738,114.96872544873156,0.10031017949262377,0.028720358985266637,0,0,0,0,1,1,False,-1,
58813,2026-07-14 08:00:00,8,1,MARKUP,5,A,114.764254,114.67989205945277,114.97515885136806,0.08436194054722534,0.018215881094435647,0,1,1,0,1,1,False,-1,
58825,2026-07-14 09:00:00,9,1,MARKUP,6,A+,114.80257,114.7413310585728,114.95566735356802,0.06123894142720587,0.0193378828544261,0,1,1,1,1,1,False,-1,
58837,2026-07-14 10:00:00,10,1,MARKUP,6,A+,114.84585200000001,114.8014156806439,114.95694279839029,0.04443631935610881,0.023168638712212884,0,1,1,1,1,1,False,-1,
58849,2026-07-14 11:00:00,11,1,MARKUP,6,A+,114.93906,114.79742098810458,115.29315752973855,0.14163901189542116,0.031158023790851582,0,1,1,1,1,1,False,-1,
58873,2026-07-14 13:00:00,13,1,MARKUP,5,A,114.959306,114.79776392642536,115.3631611839366,0.1615420735746369,0.030472147149268908,0,1,0,1,1,1,True,58888,0.9875985744235913
58910,2026-07-14 16:05:00,16,1,MARKUP,5,A,114.98217199999999,114.82520464767447,115.3745903808138,0.15696735232552328,0.04959070465105449,0,1,1,1,0,1,False,-1,
58922,2026-07-14 17:05:00,17,1,MARKUP,5,A,114.986756,114.82642501588694,115.38758346028266,0.16033098411305957,0.04714996822611945,0,1,1,0,1,1,False,-1,
58934,2026-07-14 18:05:00,18,1,MARKUP,5,A,115.015788,114.82667023622926,115.48858240942684,0.18911776377073863,0.04665952754145122,0,1,0,1,1,1,False,-1,
58946,2026-07-14 19:05:00,19,1,MARKUP,5,A,115.019226,114.82956903316958,115.49336841707607,0.18965696683042665,0.04086193366083865,0,1,0,1,1,1,False,-1,
58958,2026-07-14 20:05:00,20,1,MARKUP,4,B,115.03412399999999,114.83428561353097,115.53371996617255,0.1998383864690254,0.03142877293806607,0,1,0,0,1,1,False,-1,
59101,2026-07-15 08:00:00,8,1,MARKUP,5,A,115.38176,115.30406447873968,115.57599880315081,0.07769552126032409,0.017871042520641717,0,1,0,1,1,1,True,59121,1.0984744668847495
59126,2026-07-15 10:05:00,10,1,MARKUP,5,A,115.397828,115.32478476919582,115.58043607701048,0.0730432308041884,0.02843046160836038,0,1,1,1,0,1,False,-1,
59138,2026-07-15 11:05:00,11,1,MARKUP,6,A+,115.411198,115.32441022381698,115.62816744045753,0.08678777618301581,0.029179552366019736,0,1,1,1,1,1,False,-1,
59161,2026-07-15 13:00:00,13,1,MARKUP,3,C,115.417692,115.326824919779,115.6448597005525,0.09086708022100254,0.02435016044199028,0,0,0,0,1,1,True,59172,-1.0
59188,2026-07-15 15:15:00,15,-1,MARKDOWN,5,A,115.474712,115.55715081135895,115.2686149716026,0.08243881135895492,0.02430162271788576,0,1,0,1,1,1,False,-1,
59200,2026-07-15 16:15:00,16,-1,MARKDOWN,3,C,115.47100400000001,115.55673867992418,115.25666730018958,0.0857346799241725,0.03547735984835658,0,0,0,0,1,1,False,-1,
59212,2026-07-15 17:15:00,17,-1,MARKDOWN,4,B,115.425948,115.51668463891816,115.19910640270461,0.09073663891815897,0.03936927783632521,0,0,0,1,1,1,True,59216,-1.0
59224,2026-07-15 18:15:00,18,-1,MARKDOWN,5,A,115.414824,115.49719336778735,115.20890058053162,0.08236936778735071,0.036386735574683214,0,0,1,1,1,1,True,59227,-1.0
59252,2026-07-15 20:35:00,20,1,MARKUP,5,A,115.37594,115.29718034808471,115.57283912978824,0.07875965191529133,0.027639303830592734,0,1,1,0,1,1,False,-1,
59390,2026-07-16 08:05:00,8,-1,MARKDOWN,6,A+,115.445542,115.49827061010637,115.31372047473408,0.052728610106370866,0.014541220212756363,0,1,1,1,1,1,True,59400,0.6864121709286378
59414,2026-07-16 10:05:00,10,-1,MARKDOWN,6,A+,115.43689,115.48870934393625,115.3073416401594,0.05181934393624488,0.023418687872505988,0,1,1,1,1,1,True,59426,-1.0
59449,2026-07-16 13:00:00,13,1,MARKUP,6,A+,115.432828,115.36392093752636,115.6050956561841,0.06890706247364164,0.02015812494726604,0,1,1,1,1,1,False,-1,
59461,2026-07-16 14:00:00,14,1,MARKUP,5,A,115.449254,115.36441881522532,115.66134196193669,0.08483518477467555,0.019162369549353308,0,1,0,1,1,1,False,-1,
59473,2026-07-16 15:00:00,15,1,MARKUP,6,A+,115.47714,115.36172959009447,115.76566602476385,0.11541040990553597,0.024540819811037753,0,1,1,1,1,1,False,-1,
59485,2026-07-16 16:00:00,16,1,MARKUP,6,A+,115.545498,115.39895813517722,115.91184766205691,0.14653986482277048,0.03408372964554623,0,1,1,1,1,1,False,-1,
59497,2026-07-16 17:00:00,17,1,MARKUP,5,A,115.596834,115.43101444638354,116.01138288404115,0.1658195536164584,0.035971107232924564,0,1,0,1,1,1,False,-1,
59509,2026-07-16 18:00:00,18,1,MARKUP,3,C,115.64596999999999,115.49855565349472,116.01450586626316,0.14741434650527196,0.03888869301057316,0,0,0,1,0,1,True,59532,0.6310783326417013
59677,2026-07-17 08:00:00,8,1,MARKUP,6,A+,115.69412,115.62458762550834,115.86795093622914,0.06953237449165783,0.016824748983298218,0,1,1,1,1,1,True,59690,-1.0
59695,2026-07-17 09:30:00,9,1,MARKUP,5,A,115.690682,115.62205986804663,115.8622373298834,0.06862213195336153,0.021880263906713868,0,1,1,0,1,1,True,59700,-1.0
59707,2026-07-17 10:30:00,10,-1,MARKDOWN,5,A,115.68471199999999,115.77154190331773,115.46763724170566,0.0868299033177351,0.03308380663546625,0,1,0,1,1,1,True,59711,-1.0
59719,2026-07-17 11:30:00,11,1,MARKUP,6,A+,115.643198,115.55460635446822,115.86467711382944,0.08859164553177834,0.03278729106355089,0,1,1,1,1,1,False,-1,
59737,2026-07-17 13:00:00,13,1,MARKUP,4,B,115.65504,115.5577663717167,115.89822407070827,0.09727362828330399,0.02646725656661581,0,1,0,1,0,1,True,59749,0.9716332372968892
59756,2026-07-17 14:35:00,14,1,MARKUP,6,A+,115.65504,115.5578864890677,115.89792377733076,0.0971535109323014,0.026227021864587426,0,1,1,1,1,1,False,-1,
59768,2026-07-17 15:35:00,15,1,MARKUP,6,A+,115.697198,115.61110486713412,115.91243083216472,0.0860931328658836,0.02779026573176225,0,1,1,1,1,1,False,-1,
59780,2026-07-17 16:35:00,16,1,MARKUP,5,A,115.73387,115.60821270167052,116.04801324582368,0.1256572983294717,0.03357459665894588,0,1,0,1,1,1,False,-1,
59792,2026-07-17 17:35:00,17,1,MARKUP,5,A,115.744184,115.60523821989528,116.0915484502618,0.13894578010472003,0.039523560209436884,0,1,0,1,1,1,False,-1,
59804,2026-07-17 18:35:00,18,1,MARKUP,5,A,115.746858,115.6081003316784,116.09375217080401,0.13875766832160252,0.033799336643190486,0,1,1,1,0,1,False,-1,
59816,2026-07-17 19:35:00,19,1,MARKUP,5,A,115.841072,115.7121068105287,116.16348497367825,0.12896518947130176,0.031786378942599336,0,1,0,1,1,1,False,-1,
59828,2026-07-17 20:35:00,20,1,MARKUP,3,C,115.860848,115.74735908722717,116.14457028193209,0.11348891277283712,0.025281825545684717,0,0,0,1,0,1,False,-1,
59965,2026-07-20 08:00:00,8,1,MARKUP,3,C,115.881784,115.83200189608651,116.00623925978371,0.04978210391348625,0.013996207826971929,0,0,0,0,1,1,True,59973,0.8813943222897654
59977,2026-07-20 09:00:00,9,1,MARKUP,5,A,115.892706,115.85390022844068,115.98972042889832,0.03880577155932485,0.014199543118647046,0,1,1,0,1,1,True,59997,0.36834726963591824
59989,2026-07-20 10:00:00,10,1,MARKUP,5,A,115.90356,115.8635085436294,116.00368864092651,0.040051456370605365,0.01898291274121986,0,1,1,0,1,1,True,59997,0.0858895109372941
