i,time,heure,sens,phase,score,grade,entry,sl,tp,risque,atr,f_fib,f_kijun,f_rsi,f_fvg,f_ob,f_rr,rempli,bar_fill,resultat_R
120,2025-09-12 08:50:00,8,1,MARKUP,1,C,46111.125,46089.152835898276,46166.05541025431,21.972164101724047,7.654328203456286,0,1,0,0,0,1,True,122,-1.0
132,2025-09-12 09:50:00,9,-1,MARKDOWN,1,C,46110.1492,46145.81785251136,46020.977568721595,35.66865251136187,10.675705022721742,0,1,0,0,0,1,False,-1,
144,2025-09-12 10:50:00,10,-1,MARKDOWN,1,C,46102.9867,46147.48146231115,45991.74979422212,44.494762311151135,14.002924622301386,0,1,0,0,0,1,False,-1,
156,2025-09-12 11:50:00,11,-1,MARKDOWN,2,C,46084.650700000006,46147.7582452068,45926.88183698301,63.1075452067962,14.556490413596643,0,1,1,0,0,1,False,-1,
170,2025-09-12 13:00:00,13,-1,MARKDOWN,2,C,46080.633700000006,46139.660944845185,45933.06558788706,59.027244845179666,11.36188969036901,0,1,1,0,0,1,False,-1,
182,2025-09-12 14:00:00,14,-1,MARKDOWN,2,C,46073.279500000004,46127.394886425805,45937.9910339355,54.11538642580126,10.629772851610998,0,1,1,0,0,1,False,-1,
194,2025-09-12 15:00:00,15,-1,MARKDOWN,2,C,46062.310000000005,46110.38053120265,45942.13367199339,48.070531202647544,12.101062405304672,0,1,1,0,0,1,True,207,0.5
214,2025-09-12 16:40:00,16,-1,MARKDOWN,3,B,46042.981,46092.177485141234,45919.989787146915,49.19648514123401,26.19497028246961,0,1,1,0,1,1,True,216,1.75
226,2025-09-12 17:40:00,17,-1,MARKDOWN,3,B,46021.5025,46094.96179295614,45837.854267609655,73.45929295614042,31.36358591229441,0,1,1,1,0,1,False,-1,
238,2025-09-12 18:40:00,18,-1,MARKDOWN,2,C,46008.227999999996,46093.481401264864,45795.094496837824,85.25340126486844,28.402802529723424,0,1,0,1,0,1,False,-1,
250,2025-09-12 19:40:00,19,-1,MARKDOWN,2,C,46007.273,46091.84225108107,45795.84987229733,84.56925108106952,25.124502162144275,0,1,1,0,0,1,False,-1,
262,2025-09-12 20:40:00,20,-1,MARKDOWN,2,C,46007.273,46089.77190862999,45801.025728425026,82.49890862999018,20.983817259987557,0,1,1,0,0,1,False,-1,
406,2025-09-15 09:40:00,9,1,MARKUP,3,B,45875.3317,45848.38098982706,45942.70847543235,26.95071017293958,8.558020345886703,0,1,1,1,0,1,True,422,-1.0
418,2025-09-15 10:40:00,10,1,MARKUP,0,C,45880.2192,45849.46184456012,45957.11258859969,30.757355439876847,11.396310879766443,0,0,0,0,0,1,True,422,-1.0
430,2025-09-15 11:40:00,11,1,MARKUP,2,C,45874.5497,45823.703710523456,46001.66467369137,50.8459894765474,18.91257895309512,0,1,1,0,0,1,False,-1,
446,2025-09-15 13:00:00,13,1,MARKUP,2,C,45878.0832,45826.669596133885,46006.61720966529,51.41360386611632,12.980807732232874,0,1,1,0,0,1,False,-1,
469,2025-09-15 14:55:00,14,1,MARKUP,2,C,45878.0832,45827.775732068796,46003.85186982801,50.30746793120488,10.768535862411586,0,1,1,0,0,1,True,488,0.5
481,2025-09-15 15:55:00,15,1,MARKUP,2,C,45878.0832,45826.809505996236,46006.26743500942,51.27369400376483,12.700988007533878,0,1,1,0,0,1,True,488,0.5
493,2025-09-15 16:55:00,16,1,MARKUP,3,B,45865.909,45794.86257167758,46043.52507080605,71.04642832242098,31.69485664483706,0,1,1,1,1,1,True,494,0.5
505,2025-09-15 17:55:00,17,1,MARKUP,1,C,45878.133,45791.9961394179,46093.47515145526,86.13686058210442,37.4277211642087,0,1,0,0,0,1,True,510,-1.0
517,2025-09-15 18:55:00,18,-1,MARKDOWN,1,C,45907.0855,46005.41183543936,45661.26966140161,98.32633543935663,36.40367087871383,0,1,0,0,0,1,False,-1,
529,2025-09-15 19:55:00,19,-1,MARKDOWN,2,C,45907.0855,46001.983163492114,45669.84134126972,94.89766349211277,29.54632698422292,0,1,1,0,0,1,False,-1,
662,2025-09-16 08:00:00,8,1,MARKUP,1,C,45893.765499999994,45861.872876309964,45973.49705922507,31.892623690029723,6.294247380066169,0,1,0,0,0,1,False,-1,
674,2025-09-16 09:00:00,9,1,MARKUP,1,C,45903.4395,45867.88708502244,45992.3205374439,35.55241497755924,8.265829955107186,0,1,0,0,0,1,True,685,0.7811351188185442
686,2025-09-16 10:00:00,10,1,MARKUP,2,C,45908.3542,45872.88993913685,45997.01485215789,35.46426086315478,11.26012172629463,0,0,1,0,1,1,True,687,0.7125430567434415
707,2025-09-16 11:45:00,11,1,MARKUP,4,A,45933.8467,45912.863987543366,45986.30348114159,20.982712456636364,13.812024913268024,1,1,1,1,0,1,True,709,-1.0
734,2025-09-16 14:00:00,14,-1,MARKDOWN,2,C,45928.161,45963.31942827924,45840.264929301906,35.15842827923916,13.39885655847985,0,1,1,0,0,1,False,-1,
746,2025-09-16 15:00:00,15,-1,MARKDOWN,2,C,45921.2085,45951.00547001615,45846.71607495963,29.796970016148407,11.270940032299368,0,1,1,0,0,1,True,764,-1.0
758,2025-09-16 16:00:00,16,-1,MARKDOWN,2,C,45902.145000000004,45952.738385860124,45775.6615353497,50.59338586012018,15.236771720237947,0,1,1,0,0,1,True,763,-1.0
770,2025-09-16 17:00:00,17,-1,MARKDOWN,3,B,45865.435900000004,45994.59648296561,45542.534442585995,129.16058296560368,42.45296593120982,0,1,1,1,0,1,False,-1,
782,2025-09-16 18:00:00,18,-1,MARKDOWN,2,C,45855.7904,45994.654995808545,45508.62891047863,138.86459580854716,42.56999161708014,0,1,1,0,0,1,False,-1,
794,2025-09-16 19:00:00,19,-1,MARKDOWN,0,C,45855.7904,45991.33879457385,45516.91941356537,135.54839457385242,35.93758914769787,0,0,0,0,0,1,False,-1,
808,2025-09-16 20:10:00,20,-1,MARKDOWN,1,C,45855.7904,45988.59509699021,45523.77865752447,132.80469699021342,30.450193980417374,0,0,1,0,0,1,False,-1,
938,2025-09-17 08:00:00,8,-1,MARKDOWN,2,C,45784.366,45824.80055567306,45683.279610817364,40.434555673055,6.761111346119961,0,1,1,0,0,1,False,-1,
951,2025-09-17 09:05:00,9,-1,MARKDOWN,2,C,45768.4525,45799.76846857718,45690.16257855704,31.315968577182502,8.196937154367072,0,1,1,0,0,1,True,960,0.5
998,2025-09-17 13:00:00,13,1,MARKUP,1,C,45752.970499999996,45717.23365680605,45842.31260798486,35.7368431939467,12.072686387888513,0,1,0,0,0,1,False,-1,
1011,2025-09-17 14:05:00,14,1,MARKUP,2,C,45752.970499999996,45717.01075518276,45842.86986204308,35.95974481723533,12.518489634476818,0,0,1,0,1,1,False,-1,
1023,2025-09-17 15:05:00,15,1,MARKUP,2,C,45754.316,45718.273108515474,45844.42322871131,36.04289148452517,12.493782969039428,0,1,1,0,0,1,False,-1,
1035,2025-09-17 16:05:00,16,1,MARKUP,2,C,45771.314999999995,45717.68576733717,45905.38808165706,53.629232662824506,13.668465325647073,0,1,0,0,1,1,False,-1,
1047,2025-09-17 17:05:00,17,1,MARKUP,1,C,45880.3024,45735.04456190812,46243.44699522969,145.2578380918785,35.9508761837471,0,1,0,0,0,1,False,-1,
1059,2025-09-17 18:05:00,18,1,MARKUP,1,C,45886.4144,45735.20022920719,46264.449826982025,151.21417079280945,35.639541585607596,0,1,0,0,0,1,False,-1,
1071,2025-09-17 19:05:00,19,1,MARKUP,1,C,45904.3134,45756.138387415165,46274.750931462084,148.1750125848339,33.76322516966214,0,1,0,0,0,1,False,-1,
1083,2025-09-17 20:05:00,20,1,MARKUP,1,C,45916.6734,45776.52309685594,46267.04915786015,140.15030314405885,32.99380628811754,0,0,1,0,0,1,True,1102,-1.0
1214,2025-09-18 08:00:00,8,1,MARKUP,2,C,46132.974,46097.18895715175,46222.436607120624,35.78504284824885,8.922085696502043,0,1,1,0,0,1,True,1219,1.75
1234,2025-09-18 09:40:00,9,1,MARKUP,3,B,46150.1235,46121.94346632894,46220.57358417765,28.18003367105848,14.91306734211626,0,1,1,1,0,1,False,-1,
1246,2025-09-18 10:40:00,10,1,MARKUP,1,C,46158.222,46102.397942047624,46297.78214488094,55.82405795237719,19.204115904745038,0,1,0,0,0,1,False,-1,
1258,2025-09-18 11:40:00,11,1,MARKUP,1,C,46186.49,46101.32060397571,46399.41349006071,85.16939602428465,21.358792048567405,0,1,0,0,0,1,False,-1,
1274,2025-09-18 13:00:00,13,1,MARKUP,1,C,46213.994,46101.34603878746,46495.61390303135,112.6479612125404,21.307922425084406,0,1,0,0,0,1,False,-1,
1286,2025-09-18 14:00:00,14,1,MARKUP,2,C,46213.994,46103.16631420249,46491.06321449377,110.827685797507,17.667371595009794,0,1,1,0,0,1,True,1304,-1.0
1314,2025-09-18 16:20:00,16,-1,MARKDOWN,1,C,46241.098,46393.3510796316,45860.465300921,152.25307963159867,28.70215926318827,0,1,0,0,0,1,True,1325,0.6659904502692318
1332,2025-09-18 17:50:00,17,-1,MARKDOWN,1,C,46206.7484,46387.41775436302,45755.075014092436,180.66935436302447,52.83550872603579,0,0,1,0,0,1,True,1338,0.01670676253111858
1365,2025-09-18 20:35:00,20,1,MARKUP,2,C,46102.36,45938.57344494182,46511.826387645444,163.78655505817733,37.25311011634115,0,1,1,0,0,1,False,-1,
1490,2025-09-19 08:00:00,8,-1,MARKDOWN,2,C,46230.6255,46276.570690339424,46115.76252415145,45.94519033942197,15.68138067884092,0,1,1,0,0,1,False,-1,
1502,2025-09-19 09:00:00,9,-1,MARKDOWN,1,C,46216.224,46265.09386013283,46094.04934966793,48.86986013282876,15.227720265648967,0,1,0,0,0,1,False,-1,
1514,2025-09-19 10:00:00,10,-1,MARKDOWN,2,C,46187.230200000005,46270.12710927537,45979.987926811606,82.8969092753614,25.29421855072078,0,1,1,0,0,1,True,1530,-1.0
1526,2025-09-19 11:00:00,11,-1,MARKDOWN,1,C,46182.5507,46269.499675343686,45965.17826164079,86.94897534368647,24.039350687364415,0,0,1,0,0,1,True,1529,-1.0
1579,2025-09-19 15:25:00,15,1,MARKUP,2,C,46162.687000000005,46111.58842243415,46290.43344391465,51.09857756585552,15.483155131709587,0,1,1,0,0,1,True,1592,2.5
1591,2025-09-19 16:25:00,16,1,MARKUP,2,C,46220.432,46127.8052726815,46451.998818296255,92.62672731850034,24.049454636998384,0,1,0,0,1,1,True,1592,-1.0
1604,2025-09-19 17:30:00,17,1,MARKUP,3,B,46220.432,46117.998201783776,46476.51649554056,102.43379821622511,43.66359643245758,1,1,0,1,0,1,True,1605,-1.0
1618,2025-09-19 18:40:00,18,-1,MARKDOWN,1,C,46255.7884,46370.885189505265,45968.04642623683,115.09678950526722,40.110379010525065,0,1,0,0,0,1,True,1625,-1.0
1630,2025-09-19 19:40:00,19,1,MARKUP,1,C,46238.972,46153.42807216121,46452.831819596984,85.54392783879302,32.803855677584465,0,1,0,0,0,1,True,1636,1.0157203149670744
1642,2025-09-19 20:40:00,20,1,MARKUP,2,C,46270.490000000005,46207.005779981046,46429.200550047404,63.484220018959604,27.648440037911236,0,1,0,1,0,1,True,1651,0.9466896088519656
1766,2025-09-22 08:00:00,8,1,MARKUP,2,C,46250.726,46222.81149299854,46320.51226750366,27.91450700146379,7.697014002925604,0,1,1,0,0,1,True,1779,-1.0
1787,2025-09-22 09:45:00,9,-1,MARKDOWN,2,C,46268.7837,46295.13775759237,46202.89855601908,26.354057592368918,10.95551518472776,0,1,1,0,0,1,False,-1,
1799,2025-09-22 10:45:00,10,-1,MARKDOWN,2,C,46233.353200000005,46298.679902545875,46070.03644363533,65.32670254586992,18.039805091745855,0,1,0,0,1,1,True,1806,1.1745668502995943
1811,2025-09-22 11:45:00,11,-1,MARKDOWN,1,C,46233.353200000005,46297.899790460004,46071.98672385001,64.5465904599987,16.479580920002356,0,0,1,0,0,1,False,-1,
1826,2025-09-22 13:00:00,13,-1,MARKDOWN,2,C,46229.027200000004,46289.28731162537,46078.37692093659,60.260111625364516,13.254623250734342,0,1,1,0,0,1,False,-1,
1838,2025-09-22 14:00:00,14,-1,MARKDOWN,2,C,46218.7375,46272.789321358156,46083.60794660462,54.051821358152665,13.558642716305872,0,1,1,0,0,1,False,-1,
1850,2025-09-22 15:00:00,15,-1,MARKDOWN,1,C,46214.566,46266.11366045532,46085.6968488617,51.54766045531869,13.707320910627027,0,1,0,0,0,1,True,1873,-1.0
1862,2025-09-22 16:00:00,16,-1,MARKDOWN,1,C,46187.0775,46244.115701945295,46044.48199513676,57.03820194529544,15.711403890588834,0,1,0,0,0,1,True,1872,0.5
1885,2025-09-22 17:55:00,17,1,MARKUP,2,C,46163.953,46027.71982037787,46504.53594905534,136.23317962213332,34.48035924426183,0,1,1,0,0,1,False,-1,
1897,2025-09-22 18:55:00,18,1,MARKUP,2,C,46181.525,46028.853227886684,46563.204430283295,152.67177211331727,32.21354422662338,0,1,1,0,0,1,False,-1,
1909,2025-09-22 19:55:00,19,1,MARKUP,1,C,46181.525,46030.65922186932,46558.68944532671,150.86577813068288,28.60155626136102,0,1,0,0,0,1,False,-1,
1921,2025-09-22 20:55:00,20,1,MARKUP,1,C,46199.67,46031.74399340005,46619.485016499864,167.92600659994787,26.43201319989022,0,1,0,0,0,1,False,-1,
2048,2025-09-23 08:30:00,8,1,MARKUP,2,C,46419.704000000005,46403.06403770064,46461.30390574841,16.639962299363106,8.831924598725609,0,1,1,0,0,1,True,2053,0.5
2060,2025-09-23 09:30:00,9,1,MARKUP,2,C,46407.546,46377.87320192639,46481.72799518403,29.672798073610466,11.213596147230154,0,1,0,0,1,1,True,2067,0.5
2072,2025-09-23 10:30:00,10,1,MARKUP,1,C,46407.546,46376.435555401586,46485.32211149605,31.110444598416507,14.088889196834113,0,0,1,0,0,1,True,2079,1.3465683405889068
2084,2025-09-23 11:30:00,11,1,MARKUP,2,C,46412.359200000006,46375.99310353047,46503.27444117385,36.3660964695373,14.973792939070085,0,1,1,0,0,1,False,-1,
2102,2025-09-23 13:00:00,13,1,MARKUP,1,C,46425.462700000004,46383.457912379745,46530.47466905065,42.00478762025887,11.544175240523895,0,1,0,0,0,1,True,2109,0.7691631966330572
2114,2025-09-23 14:00:00,14,1,MARKUP,2,C,46433.249500000005,46395.5428937539,46527.516015615256,37.70660624610173,12.574212492202394,0,0,1,1,0,1,True,2115,1.75
2126,2025-09-23 15:00:00,15,1,MARKUP,2,C,46433.249500000005,46396.33126936958,46525.545076576076,36.9182306304283,10.997461260842698,0,1,1,0,0,1,False,-1,
2138,2025-09-23 16:00:00,16,1,MARKUP,1,C,46433.249500000005,46396.47226633249,46525.192584168806,36.777233667518885,10.715467335033875,0,1,0,0,0,1,False,-1,
2150,2025-09-23 17:00:00,17,1,MARKUP,1,C,46533.0484,46399.976611565566,46865.727871086085,133.07178843443398,32.20677686887869,0,1,0,0,0,1,True,2168,-1.0
2162,2025-09-23 18:00:00,18,1,MARKUP,1,C,46540.9749,46398.61107416737,46896.884464581584,142.36382583263185,34.93785166527152,0,1,0,0,0,1,True,2168,-1.0
2190,2025-09-23 20:20:00,20,-1,MARKDOWN,2,C,46602.645,46760.80510167225,46207.24474581936,158.16010167225613,35.55020334450956,0,1,1,0,0,1,False,-1,
2318,2025-09-24 08:00:00,8,1,MARKUP,1,C,46343.770000000004,46307.90931970823,46433.421700729436,35.86068029177113,6.78136058353764,0,1,0,0,0,1,False,-1,
2330,2025-09-24 09:00:00,9,1,MARKUP,1,C,46361.377,46329.37139594426,46441.39101013935,32.00560405573924,7.857208111479398,0,1,0,0,0,1,True,2343,-1.0
2357,2025-09-24 11:15:00,11,-1,MARKDOWN,2,C,46381.585,46430.80043688908,46258.54640777729,49.21543688908423,16.300873778170423,0,1,1,0,0,1,False,-1,
2378,2025-09-24 13:00:00,13,-1,MARKDOWN,2,C,46381.585,46428.93323118976,46263.2144220256,47.348231189760554,12.566462379512581,0,1,1,0,0,1,False,-1,
2390,2025-09-24 14:00:00,14,-1,MARKDOWN,0,C,46379.1975,46428.99126644612,46254.7130838847,49.79376644612057,12.68253289223695,0,0,0,0,0,1,True,2403,-1.0
2411,2025-09-24 15:45:00,15,1,MARKUP,1,C,46344.999,46301.712118810945,46453.216202972646,43.28688118905848,14.375762378107424,0,1,0,0,0,1,True,2424,0.5
2423,2025-09-24 16:45:00,16,1,MARKUP,2,C,46375.0624,46294.048385227754,46577.59743693062,81.01401477224863,29.70322954449876,1,0,0,0,1,1,True,2424,-1.0
2441,2025-09-24 18:15:00,18,-1,MARKDOWN,3,B,46400.161,46500.29055418139,46149.83711454653,100.12955418138881,36.381108362782946,0,1,1,0,1,1,False,-1,
2453,2025-09-24 19:15:00,19,-1,MARKDOWN,1,C,46346.49,46501.67754823732,45958.5211294067,155.1875482373216,39.15509647463895,0,1,0,0,0,1,False,-1,
2465,2025-09-24 20:15:00,20,-1,MARKDOWN,1,C,46346.49,46498.879218211776,45965.51695447056,152.38921821177792,33.558436423559556,0,1,0,0,0,1,False,-1,
2596,2025-09-25 08:10:00,8,-1,MARKDOWN,2,C,46213.32,46242.37658736537,46140.67853158658,29.056587365368614,8.453174730740107,0,1,1,0,0,1,False,-1,
2608,2025-09-25 09:10:00,9,-1,MARKDOWN,2,C,46213.32,46243.52908311482,46137.79729221294,30.209083114823443,10.758166229647887,0,1,1,0,0,1,False,-1,
2620,2025-09-25 10:10:00,10,-1,MARKDOWN,2,C,46179.2647,46246.286005174676,46011.711437063306,67.02130517467594,16.27201034934952,0,1,1,0,0,1,True,2632,1.1229976404658366
2632,2025-09-25 11:10:00,11,-1,MARKDOWN,1,C,46179.2647,46247.41278572335,46008.894485691635,68.14808572334732,18.52557144669306,1,0,0,0,0,1,True,2633,1.112696813733963
2662,2025-09-25 13:40:00,13,-1,MARKDOWN,3,B,46156.7695,46209.70908224968,46024.4205443758,52.939582249680825,15.918164499366915,1,1,1,0,0,1,False,-1,
2674,2025-09-25 14:40:00,14,-1,MARKDOWN,2,C,46147.0645,46202.31103076371,46008.94817309073,55.246530763710325,18.622061527421828,0,1,1,0,0,1,False,-1,
2686,2025-09-25 15:40:00,15,-1,MARKDOWN,2,C,46130.161,46205.142974495786,45942.70606376053,74.98197449578583,24.285948991575538,0,1,1,0,0,1,True,2709,0.9090964899224898
2698,2025-09-25 16:40:00,16,-1,MARKDOWN,3,B,46080.4819,46213.667844565985,45747.517038585036,133.18594456598657,41.33568913197574,0,1,1,0,1,1,True,2703,1.265110629511328
2715,2025-09-25 18:05:00,18,-1,MARKDOWN,2,C,46080.3274,46218.76829545813,45734.225161354676,138.4408954581304,52.03659091625994,0,0,1,1,0,1,True,2716,1.2355104974724749
2735,2025-09-25 19:45:00,19,-1,MARKDOWN,4,A,46032.7414,46138.309941781125,45768.82004554718,105.56854178112553,45.119883562242805,1,1,1,1,0,1,True,2736,1.2391570497461781
2747,2025-09-25 20:45:00,20,-1,MARKDOWN,2,C,46011.6985,46103.691193596336,45781.71676600915,91.99269359633763,43.98238719268277,0,1,1,0,0,1,False,-1,
2870,2025-09-26 08:00:00,8,-1,MARKDOWN,1,C,45991.0365,46030.05771580413,45893.48346048969,39.02121580412495,13.675431608253293,0,1,0,0,0,1,True,2881,-1.0
2886,2025-09-26 09:20:00,9,1,MARKUP,2,C,45986.5672,45930.65623941975,46126.344601450604,55.91096058024414,16.62752116049394,0,1,1,0,0,1,False,-1,
2898,2025-09-26 10:20:00,10,1,MARKUP,1,C,45989.6232,45928.915029940676,46141.39362514832,60.70817005932622,20.10994011865079,0,1,0,0,0,1,False,-1,
2910,2025-09-26 11:20:00,11,1,MARKUP,1,C,45999.5552,45929.16235219564,46175.5373195109,70.39284780435992,19.61529560871951,0,1,0,0,0,1,False,-1,
2930,2025-09-26 13:00:00,13,1,MARKUP,0,C,46006.9712,45942.359028855,46168.50162786251,64.61217114500323,17.221942290012997,0,0,0,0,0,1,True,2947,1.75
2955,2025-09-26 15:05:00,15,1,MARKUP,2,C,46050.1385,46011.98632376119,46145.518940597016,38.15217623880744,17.667352477617104,0,1,1,0,0,1,False,-1,
2967,2025-09-26 16:05:00,16,1,MARKUP,1,C,46084.026,45992.15659225411,46313.699519364716,91.86940774588584,24.826815491773356,0,1,0,0,0,1,True,2983,0.6565838949448874
2979,2025-09-26 17:05:00,17,1,MARKUP,2,C,46144.3629,45977.945986159175,46560.40518460206,166.41691384082515,53.24802768165455,1,0,0,0,1,1,True,2981,0.8710011459585252
2995,2025-09-26 18:25:00,18,1,MARKUP,2,C,46144.3629,45977.480167983376,46561.56973004156,166.88273201662378,54.179664033245515,0,0,1,0,1,1,True,2997,0.8699655740036487
3007,2025-09-26 19:25:00,19,1,MARKUP,2,C,46152.3969,45993.63056665012,46549.312733374696,158.76633334987855,47.878866699752535,0,1,1,0,0,1,False,-1,
3019,2025-09-26 20:25:00,20,1,MARKUP,3,B,46210.179899999996,46091.7716716497,46506.20047087573,118.40822835029394,38.59665670059104,0,1,1,1,0,1,False,-1,
3146,2025-09-29 08:00:00,8,1,MARKUP,2,C,46353.262500000004,46312.209099586944,46455.896001032655,41.053400413060444,6.6618008261088155,0,1,1,0,0,1,False,-1,
3160,2025-09-29 09:10:00,9,1,MARKUP,1,C,46372.575000000004,46341.954192535595,46449.12701866103,30.620807464409154,9.671614928810232,0,0,1,0,0,1,False,-1,
3172,2025-09-29 10:10:00,10,1,MARKUP,3,B,46398.3152,46361.044635901555,46491.4916102461,37.270564098442264,14.490728196894743,0,1,1,0,1,1,False,-1,
3184,2025-09-29 11:10:00,11,1,MARKUP,2,C,46413.419,46373.22116249564,46513.91359376091,40.197837504361814,15.837675008717328,0,1,1,0,0,1,False,-1,
3206,2025-09-29 13:00:00,13,1,MARKUP,2,C,46418.4805,46374.519351744486,46528.38337063878,43.961148255511944,13.24129651102285,0,1,1,0,0,1,False,-1,
3218,2025-09-29 14:00:00,14,1,MARKUP,0,C,46430.036,46374.15231315493,46569.745217112664,55.88368684506713,13.975373690130136,0,0,0,0,0,1,True,3224,0.7734956869697296
3240,2025-09-29 15:50:00,15,1,MARKUP,3,B,46449.9665,46406.627964882726,46558.31283779319,43.33853511727648,13.52407023454297,0,1,1,0,1,1,True,3244,-1.0
3252,2025-09-29 16:50:00,16,-1,MARKDOWN,1,C,46389.1729,46525.179185010136,46049.15718747465,136.00628501013853,32.078370020277,0,1,0,0,0,1,False,-1,
3264,2025-09-29 17:50:00,17,-1,MARKDOWN,2,C,46389.1729,46530.039118206245,46037.007354484376,140.86621820624714,41.79823641249045,0,1,1,0,0,1,False,-1,
3276,2025-09-29 18:50:00,18,-1,MARKDOWN,2,C,46367.670399999995,46511.08085402922,46009.14426492693,143.41045402922464,36.3817080584465,0,1,1,0,0,1,False,-1,
3288,2025-09-29 19:50:00,19,-1,MARKDOWN,2,C,46367.0524,46507.799677684015,46015.18420578996,140.747277684015,31.819355368038483,0,1,1,0,0,1,False,-1,
3444,2025-09-30 09:50:00,9,-1,MARKDOWN,2,C,46328.3287,46362.2668459712,46243.48333507199,33.938145971202175,12.753691942405002,0,1,1,0,0,1,False,-1,
3456,2025-09-30 10:50:00,10,-1,MARKDOWN,2,C,46300.0607,46365.97073287788,46135.285617805304,65.91003287788044,20.161465755760744,0,1,0,1,0,1,False,-1,
3468,2025-09-30 11:50:00,11,-1,MARKDOWN,1,C,46289.7092,46348.75222279295,46142.10164301761,59.04302279295371,19.22444558590891,0,1,0,0,0,1,False,-1,
3482,2025-09-30 13:00:00,13,-1,MARKDOWN,1,C,46289.153,46345.676393165806,46147.84451708548,56.52339316580765,14.872786331609555,0,1,0,0,0,1,False,-1,
3494,2025-09-30 14:00:00,14,-1,MARKDOWN,0,C,46279.3165,46345.578232699125,46113.662168252195,66.26173269912397,14.67646539824932,0,0,0,0,0,1,True,3512,-1.0
3506,2025-09-30 15:00:00,15,-1,MARKDOWN,1,C,46241.9275,46285.087147033126,46134.02838241718,43.15964703312784,14.694294066261058,0,0,1,0,0,1,True,3507,-1.0
3528,2025-09-30 16:50:00,16,1,MARKUP,1,C,46256.5509,46168.88342846519,46475.71957883703,87.66747153481265,30.213143069613857,0,1,0,0,0,1,True,3536,-1.0
3540,2025-09-30 17:50:00,17,-1,MARKDOWN,2,C,46300.929000000004,46427.19971726713,45985.252206832185,126.27071726712893,53.51943453426757,0,1,0,1,0,1,True,3557,0.7719955640915939
3552,2025-09-30 18:50:00,18,-1,MARKDOWN,1,C,46292.716,46424.172053735085,45964.07586566229,131.45605373508442,47.46410747016241,0,1,0,0,0,1,True,3557,0.7300280140179715
3564,2025-09-30 19:50:00,19,-1,MARKDOWN,3,B,46292.716,46421.86860919956,45969.834477001095,129.152609199562,42.857218399125664,0,1,1,1,0,1,True,3584,-1.0
3577,2025-09-30 20:55:00,20,-1,MARKDOWN,3,B,46292.716,46418.48251193039,45978.29972017402,125.76651193039288,36.085023860775856,0,1,1,1,0,1,True,3584,-1.0
3698,2025-10-01 08:00:00,8,-1,MARKDOWN,2,C,46312.6595,46376.46187312338,46153.15356719156,63.80237312337704,10.903746246757352,0,1,1,0,0,1,False,-1,
3710,2025-10-01 09:00:00,9,-1,MARKDOWN,1,C,46261.664000000004,46306.71919816865,46149.026004578394,45.05519816864398,11.418396337288678,0,1,0,0,0,1,False,-1,
3722,2025-10-01 10:00:00,10,-1,MARKDOWN,1,C,46200.9852,46286.44338740963,45987.339731475935,85.45818740962568,20.866774819252186,0,1,0,0,0,1,False,-1,
3734,2025-10-01 11:00:00,11,-1,MARKDOWN,2,C,46183.0242,46264.86451952171,45978.42340119572,81.84031952171063,24.70903904341,0,1,1,0,0,1,True,3747,-1.0
3782,2025-10-01 15:00:00,15,1,MARKUP,2,C,46160.762,46061.42019528731,46409.11651178173,99.34180471269065,18.37960942537974,0,1,1,0,0,1,False,-1,
3794,2025-10-01 16:00:00,16,1,MARKUP,2,C,46184.425,46082.312252675336,46439.70686831167,102.112747324667,26.595494649336484,0,1,1,0,0,1,False,-1,
3806,2025-10-01 17:00:00,17,1,MARKUP,3,B,46275.6599,46135.32257778334,46626.50320554164,140.3373222166556,48.07484443331074,0,1,1,0,1,1,False,-1,
3818,2025-10-01 18:00:00,18,1,MARKUP,3,B,46286.6294,46156.26545676804,46612.5392580799,130.36394323196146,41.68908646393479,0,1,1,0,1,1,False,-1,
3830,2025-10-01 19:00:00,19,1,MARKUP,1,C,46325.4844,46168.6049532354,46717.6830169115,156.8794467646003,35.51009352919354,0,1,0,0,0,1,False,-1,
3844,2025-10-01 20:10:00,20,1,MARKUP,1,C,46348.1959,46208.61783618983,46697.14105952543,139.57806381017144,28.984327620350733,1,0,0,0,0,1,False,-1,
3975,2025-10-02 08:05:00,8,1,MARKUP,3,B,46454.719000000005,46416.071122768255,46551.33869307938,38.64787723174959,12.737754463496685,0,1,1,1,0,1,True,3978,-1.0
4016,2025-10-02 11:30:00,11,-1,MARKDOWN,2,C,46460.625700000004,46494.1204141073,46376.88891473175,33.49471410729893,18.3608282145961,0,1,1,0,0,1,True,4021,0.9148559767564188
4034,2025-10-02 13:00:00,13,-1,MARKDOWN,2,C,46451.1177,46490.316016310346,46353.121909224144,39.198316310343216,15.252032620680666,0,1,1,0,0,1,False,-1,
4046,2025-10-02 14:00:00,14,-1,MARKDOWN,0,C,46443.4545,46475.906045461954,46362.325636345115,32.45154546195408,11.232090923904492,0,0,0,0,0,1,True,4051,-1.0
4058,2025-10-02 15:00:00,15,-1,MARKDOWN,3,B,46443.4545,46476.694194823474,46360.35526294132,33.239694823474565,12.808389646945388,0,1,1,0,1,1,True,4060,-1.0
4076,2025-10-02 16:30:00,16,1,MARKUP,2,C,46453.2144,46386.79466604917,46619.26373487706,66.4197339508246,26.490667901659766,0,1,1,0,0,1,True,4083,-1.0
4090,2025-10-02 17:40:00,17,-1,MARKDOWN,1,C,46501.844,46620.64742145983,46204.83544635042,118.80342145983013,44.31484291966466,0,1,0,0,0,1,False,-1,
4102,2025-10-02 18:40:00,18,-1,MARKDOWN,1,C,46478.542,46618.67706476581,46128.204338085474,140.13506476581097,40.374129531634615,0,1,0,0,0,1,True,4125,-0.89205367842025
4114,2025-10-02 19:40:00,19,-1,MARKDOWN,1,C,46478.542,46615.76726650595,46135.47883373513,137.22526650594955,34.554533011902635,0,0,1,0,0,1,True,4125,-0.910969263773168
4129,2025-10-02 20:55:00,20,1,MARKUP,3,B,46481.5644,46394.250817625725,46699.8483559357,87.31358237427776,30.07836474855828,0,1,1,1,0,1,False,-1,
4250,2025-10-03 08:00:00,8,1,MARKUP,1,C,46575.053,46526.95050028942,46695.30924927644,48.10249971057783,7.198999421155749,0,1,0,0,0,1,False,-1,
4262,2025-10-03 09:00:00,9,1,MARKUP,0,C,46595.666000000005,46557.634443296905,46690.74489175776,38.03155670309934,8.831113406194204,0,0,0,0,0,1,False,-1,
4274,2025-10-03 10:00:00,10,1,MARKUP,2,C,46606.7747,46572.510274861525,46692.435762846195,34.264425138477236,10.579450276963458,0,1,1,0,0,1,False,-1,
4286,2025-10-03 11:00:00,11,1,MARKUP,3,B,46631.637200000005,46598.9841055506,46713.26993612353,32.653094449407945,12.13178889881338,0,1,1,1,0,1,False,-1,
4310,2025-10-03 13:00:00,13,1,MARKUP,1,C,46639.277200000004,46599.630269025045,46738.3945274374,39.646930974959105,10.839461949916982,0,1,0,0,0,1,True,4324,-1.0
4322,2025-10-03 14:00:00,14,1,MARKUP,1,C,46643.665,46606.917804192984,46735.53298951754,36.747195807016396,10.464391614036751,1,0,0,0,0,1,True,4324,-1.0
4349,2025-10-03 16:15:00,16,-1,MARKDOWN,2,C,46648.810000000005,46702.38513086644,46514.87217283392,53.57513086643303,15.470261732878932,0,1,1,0,0,1,True,4352,0.5
4361,2025-10-03 17:15:00,17,1,MARKUP,2,C,46688.0904,46551.65068247874,47029.18969380314,136.439717521258,41.99863504252257,0,1,1,0,0,1,False,-1,
4373,2025-10-03 18:15:00,18,1,MARKUP,2,C,46741.9524,46553.3617583117,47213.42900422076,188.59064168830082,38.57648337660577,0,1,0,0,1,1,False,-1,
4385,2025-10-03 19:15:00,19,1,MARKUP,2,C,46758.8559,46555.20352008434,47267.98684978916,203.65237991566391,34.89295983132221,0,1,1,0,0,1,False,-1,
4397,2025-10-03 20:15:00,20,1,MARKUP,1,C,46761.7209,46555.02650178393,47278.456895540185,206.69439821607375,35.24699643215009,0,1,0,0,0,1,False,-1,
4526,2025-10-06 08:00:00,8,1,MARKUP,1,C,46850.8605,46806.294944148976,46962.274389627564,44.56555585102615,10.63011170204304,0,1,0,0,0,1,False,-1,
4538,2025-10-06 09:00:00,9,1,MARKUP,0,C,46851.7875,46807.89255939745,46961.52485150637,43.89494060254947,10.434881205098549,0,0,0,0,0,1,True,4551,-1.0
4568,2025-10-06 11:30:00,11,-1,MARKDOWN,1,C,46870.6592,46922.939934314214,46739.95736421447,52.28073431421217,17.159868628431582,0,0,0,1,0,1,True,4581,1.75
4592,2025-10-06 13:30:00,13,1,MARKUP,4,A,46863.375,46845.09917811112,46909.064554722194,18.275821888877545,11.721643777758636,1,1,1,0,1,1,True,4593,0.7032817254021413
4604,2025-10-06 14:30:00,14,1,MARKUP,0,C,46837.396,46792.7011443393,46949.13313915176,44.69485566070216,14.517711321405109,0,0,0,0,0,1,True,4628,-1.0
4616,2025-10-06 15:30:00,15,1,MARKUP,2,C,46838.2555,46791.95522476351,46954.006188091225,46.30027523649187,16.009550472978706,0,1,1,0,0,1,True,4628,-1.0
4630,2025-10-06 16:40:00,16,-1,MARKDOWN,2,C,46834.1249,46921.112993159586,46616.654667101044,86.98809315958351,30.305986319171577,0,1,1,0,0,1,False,-1,
4642,2025-10-06 17:40:00,17,-1,MARKDOWN,1,C,46730.6984,46930.69163784761,46230.71530538098,199.99323784760782,49.46327569522,0,1,0,0,0,1,True,4651,0.4449570443367189
4654,2025-10-06 18:40:00,18,-1,MARKDOWN,2,C,46730.6984,46925.78449058314,46242.98317354216,195.08609058313596,39.64898116627902,1,0,1,0,0,1,True,4676,0.46383829687458095
4802,2025-10-07 08:00:00,8,-1,MARKDOWN,2,C,46640.773,46665.44660634338,46579.088984141556,24.673606343378196,8.473212686764755,1,0,1,0,0,1,True,4807,1.0821084908175147
4815,2025-10-07 09:05:00,9,-1,MARKDOWN,3,B,46636.447,46659.06079515628,46579.91251210931,22.613795156277774,9.701590312561866,0,1,1,1,0,1,False,-1,
4827,2025-10-07 10:05:00,10,-1,MARKDOWN,3,B,46627.3172,46661.37564779228,46542.17108051929,34.058447792282095,14.331295584557086,0,1,1,0,1,1,True,4829,0.7908209150388358
4839,2025-10-07 11:05:00,11,-1,MARKDOWN,3,B,46619.7052,46661.25323731558,46515.83510671105,41.548037315580586,17.0864746311618,0,1,1,0,1,1,True,4848,-1.0
4866,2025-10-07 13:20:00,13,1,MARKUP,2,C,46641.564,46556.20313275002,46854.96616812494,85.36086724997585,20.213734499945087,0,1,0,0,1,1,False,-1,
4878,2025-10-07 14:20:00,14,1,MARKUP,1,C,46641.564,46555.05061906503,46857.84745233743,86.51338093497179,22.518761869945756,0,1,0,0,0,1,False,-1,
4890,2025-10-07 15:20:00,15,1,MARKUP,1,C,46641.564,46557.920290506096,46850.673273734756,83.64370949390286,16.779418987802774,0,1,0,0,0,1,False,-1,
4902,2025-10-07 16:20:00,16,1,MARKUP,2,C,46668.1165,46569.448862781246,46914.78559304687,98.66763721875031,17.222274437499877,0,1,1,0,0,1,True,4915,-1.0
4929,2025-10-07 18:35:00,18,-1,MARKDOWN,2,C,46761.456000000006,46916.67210595359,46373.41573511604,155.21610595358652,45.324211907181116,0,1,1,0,0,1,False,-1,
4941,2025-10-07 19:35:00,19,-1,MARKDOWN,0,C,46727.649000000005,46916.62321842234,46255.21345394416,188.97421842233598,45.22643684467834,0,0,0,0,0,1,False,-1,
4953,2025-10-07 20:35:00,20,-1,MARKDOWN,1,C,46727.649000000005,46913.87177555805,46262.09206110489,186.22277555804612,39.72355111609352,0,0,1,0,0,1,False,-1,
5106,2025-10-08 10:20:00,10,1,MARKUP,2,C,46655.832,46634.55934585578,46709.01363536056,21.27265414422436,15.041308288444212,0,1,1,0,0,1,True,5108,0.9635458174765441
5118,2025-10-08 11:20:00,11,1,MARKUP,1,C,46648.734,46604.827638839684,46758.499902900774,43.90636116031237,13.70472232062618,0,1,0,0,0,1,True,5125,0.7982826521130669
5138,2025-10-08 13:00:00,13,1,MARKUP,1,C,46648.734,46605.31104960614,46757.291375984634,43.42295039385499,12.737900787713068,0,1,0,0,0,1,True,5140,1.3312866955220954
5150,2025-10-08 14:00:00,14,1,MARKUP,2,C,46659.048,46605.13435349734,46793.83211625666,53.91364650266041,13.091293005316654,0,1,1,0,0,1,False,-1,
5162,2025-10-08 15:00:00,15,1,MARKUP,1,C,46679.082,46629.7462993371,46802.42125165726,49.33570066290122,13.867401325803128,0,1,0,0,0,1,True,5180,-1.0
5174,2025-10-08 16:00:00,16,1,MARKUP,2,C,46688.464,46638.04850380199,46814.50274049502,50.41549619800935,15.262992396015175,0,1,1,0,0,1,True,5180,-1.0
5191,2025-10-08 17:25:00,17,1,MARKUP,2,C,46693.43,46621.420845261855,46873.45288684536,72.0091547381453,48.51830947628871,0,1,1,0,0,1,True,5196,1.0856417603436332
5203,2025-10-08 18:25:00,18,1,MARKUP,2,C,46614.672,46498.149211215285,46905.978971961784,116.52278878471407,37.461577569427426,0,1,1,0,0,1,False,-1,
5215,2025-10-08 19:25:00,19,1,MARKUP,1,C,46642.176,46502.62394563248,46991.05613591881,139.55205436752294,28.512108735046034,0,1,0,0,0,1,False,-1,
5227,2025-10-08 20:25:00,20,1,MARKUP,0,C,46642.176,46504.13364972139,46987.28187569651,138.04235027860705,25.49270055720402,0,0,0,0,0,1,True,5242,-0.5450935879324879
5354,2025-10-09 08:00:00,8,-1,MARKDOWN,1,C,46633.5675,46684.3178131208,46506.691717198,50.75031312079955,10.775626241587304,1,0,0,0,0,1,True,5359,-0.22586067543499855
5414,2025-10-09 13:00:00,13,1,MARKUP,2,C,46634.6887,46604.831134729015,46709.33261317746,29.857565270984196,11.697730541972346,0,1,0,0,1,1,True,5419,0.6895746353020424
5426,2025-10-09 14:00:00,14,1,MARKUP,2,C,46637.686,46610.14275763811,46706.54410590473,27.543242361891316,10.77448472377418,0,1,1,0,0,1,True,5437,-1.0
5445,2025-10-09 15:35:00,15,-1,MARKDOWN,2,C,46648.6045,46681.0079988192,46567.595752952,32.40349881919974,14.955997638410691,0,1,1,0,0,1,True,5455,-1.0
5459,2025-10-09 16:45:00,16,-1,MARKDOWN,2,C,46658.7515,46713.96522825176,46520.717179370586,55.21372825176513,28.870456503525983,0,1,1,0,0,1,False,-1,
5471,2025-10-09 17:45:00,17,-1,MARKDOWN,2,C,46579.89750000001,46728.25811574541,46208.995960636494,148.36061574540508,45.55623149081437,0,1,0,1,0,1,False,-1,
5483,2025-10-09 18:45:00,18,-1,MARKDOWN,1,C,46579.89750000001,46728.36531460706,46208.72796348238,148.46781460705097,45.77062921411244,0,1,0,0,0,1,False,-1,
5495,2025-10-09 19:45:00,19,-1,MARKDOWN,0,C,46579.89750000001,46724.27751420511,46218.947464487246,144.3800142051041,37.59502841022004,0,0,0,0,0,1,False,-1,
5507,2025-10-09 20:45:00,20,-1,MARKDOWN,2,C,46553.539500000006,46725.51806897823,46123.593077554455,171.97856897822203,40.076137956446836,0,1,1,0,0,1,False,-1,
5630,2025-10-10 08:00:00,8,-1,MARKDOWN,3,B,46412.81,46442.707730947746,46338.065672630626,29.89773094774864,10.135461895495357,0,1,1,0,1,1,True,5634,-1.0
5645,2025-10-10 09:15:00,9,1,MARKUP,1,C,46401.5192,46367.165931068266,46487.40237232934,34.35326893173624,10.94813786346592,0,1,0,0,0,1,True,5649,-1.0
5671,2025-10-10 11:25:00,11,-1,MARKDOWN,3,B,46415.006,46456.67781083731,46310.82647290673,41.67181083730975,16.87562167462288,1,0,1,0,1,1,True,5672,0.8942841273025602
5690,2025-10-10 13:00:00,13,-1,MARKDOWN,1,C,46413.287,46455.57322049939,46307.57144875151,42.2862204993944,14.666440998786047,0,1,0,0,0,1,True,5701,-1.0
5705,2025-10-10 14:15:00,14,-1,MARKDOWN,2,C,46404.634999999995,46441.500157840026,46312.47210539992,36.865157840031316,14.520315680058909,1,0,1,0,0,1,True,5707,-1.0
5717,2025-10-10 15:15:00,15,1,MARKUP,3,B,46390.165,46350.150023861774,46490.20244034557,40.01497613822721,13.17995227644975,0,1,1,0,1,1,False,-1,
5729,2025-10-10 16:15:00,16,1,MARKUP,2,C,46395.7995,46349.08836512432,46512.5773371892,46.71113487568073,15.303269751358858,0,1,1,0,0,1,True,5749,-1.0
5741,2025-10-10 17:15:00,17,1,MARKUP,2,C,46468.1694,46334.8795190322,46801.3941024195,133.28988096780085,43.72096193559467,1,0,0,0,1,1,True,5746,-1.0
5753,2025-10-10 18:15:00,18,-1,MARKDOWN,2,C,46400.904,46697.374714844045,45659.72721288989,296.47071484404296,97.86942968808515,0,1,0,1,0,1,False,-1,
5765,2025-10-10 19:15:00,19,-1,MARKDOWN,1,C,46304.067,46703.55042811598,45305.35842971006,399.4834281159783,110.22085623196214,0,1,0,0,0,1,False,-1,
5777,2025-10-10 20:15:00,20,-1,MARKDOWN,1,C,46282.675,46694.11478958032,45254.0755260492,411.4397895803195,91.34957916063323,0,1,0,0,0,1,False,-1,
5907,2025-10-13 08:05:00,8,1,MARKUP,1,C,45845.736000000004,45792.08435057434,45979.86512356417,53.6516494256648,17.151298851334644,0,1,0,0,0,1,False,-1,
5919,2025-10-13 09:05:00,9,1,MARKUP,1,C,45860.5552,45807.78389532393,45992.48346169018,52.77130467606912,18.7522093521446,0,1,0,0,0,1,False,-1,
5931,2025-10-13 10:05:00,10,1,MARKUP,2,C,45894.6647,45838.138990416635,46035.978973958416,56.525709583365824,24.542019166741287,0,1,0,1,0,1,False,-1,
5943,2025-10-13 11:05:00,11,1,MARKUP,1,C,45925.224700000006,45835.54627549637,46149.420761259105,89.67842450363969,29.727449007277734,0,1,0,0,0,1,True,5950,-1.0
5985,2025-10-13 14:35:00,14,-1,MARKDOWN,3,B,45944.839,46064.62940152687,45645.36299618282,119.7904015268723,36.73880305373912,0,1,1,0,1,1,True,6008,0.5
5997,2025-10-13 15:35:00,15,-1,MARKDOWN,1,C,45940.6675,46055.885651960874,45652.622120097825,115.21815196087118,32.75130392174276,0,0,0,0,1,1,True,6008,0.5
6011,2025-10-13 16:45:00,16,-1,MARKDOWN,3,B,45899.8795,46000.99003111429,45647.10317221428,101.11053111428919,54.960062228579034,0,1,1,0,1,1,True,6012,-1.0
6023,2025-10-13 17:45:00,17,1,MARKUP,2,C,45878.3419,45745.585746494566,46210.23228376359,132.75615350543376,70.34850701087372,0,1,0,0,1,1,True,6027,1.3033855825021918
6035,2025-10-13 18:45:00,18,1,MARKUP,2,C,45914.9184,45752.10462593238,46321.95283516907,162.81377406762476,57.31074813524979,0,1,0,0,1,1,False,-1,
6047,2025-10-13 19:45:00,19,1,MARKUP,2,C,45918.9354,45764.578167876556,46304.82848030861,154.357232123446,45.36366424689544,0,1,1,0,0,1,False,-1,
6059,2025-10-13 20:45:00,20,1,MARKUP,0,C,45941.839400000004,45782.26116300009,46340.784992499786,159.57823699991422,38.99767399982276,0,0,0,0,0,1,False,-1,
6182,2025-10-14 08:00:00,8,-1,MARKDOWN,1,C,46145.515,46272.42454376532,45828.24114058669,126.90954376532318,30.349087530644802,0,1,0,0,0,1,False,-1,
6194,2025-10-14 09:00:00,9,-1,MARKDOWN,1,C,46061.4445,46235.00744108636,45627.53714728409,173.56294108636212,37.5148821727246,0,1,0,0,0,1,False,-1,
6206,2025-10-14 10:00:00,10,-1,MARKDOWN,2,C,46059.745,46231.71784555073,45629.81288612318,171.97284555072838,36.43569110146871,0,1,1,0,0,1,False,-1,
6218,2025-10-14 11:00:00,11,-1,MARKDOWN,2,C,45988.5027,46175.01657121734,45522.218021956636,186.51387121734297,52.03314243468087,0,1,1,0,0,1,False,-1,
6244,2025-10-14 13:10:00,13,-1,MARKDOWN,2,C,45903.5277,46026.20352090679,45596.83814773302,122.67582090679207,29.407041813583568,0,1,1,0,0,1,True,6259,1.75
6256,2025-10-14 14:10:00,14,-1,MARKDOWN,2,C,45835.004499999995,45950.55780257754,45546.12124355613,115.55330257754395,39.915605155081735,1,0,0,0,1,1,True,6258,1.1315952471474038
6268,2025-10-14 15:10:00,15,-1,MARKDOWN,2,C,45827.8975,45943.132646737846,45539.80963315538,115.23514673784666,48.065293475697835,0,1,0,0,1,1,True,6292,-1.0
6280,2025-10-14 16:10:00,16,-1,MARKDOWN,2,C,45793.1355,45940.045529745184,45425.86042563703,146.91002974518779,41.89105949036652,0,1,0,0,1,1,True,6292,-1.0
6307,2025-10-14 18:25:00,18,1,MARKUP,1,C,45694.005000000005,45421.83155008568,46374.43862478582,272.17344991432765,64.93689982865904,0,1,0,0,0,1,False,-1,
6319,2025-10-14 19:25:00,19,1,MARKUP,2,C,45792.656500000005,45423.33656113366,46715.95634716586,369.31993886634154,61.92687773267262,0,1,1,0,0,1,False,-1,
6331,2025-10-14 20:25:00,20,1,MARKUP,2,C,45846.041000000005,45427.97226846105,46891.21282884738,418.0687315389514,52.65546307789777,0,1,1,0,0,1,False,-1,
6458,2025-10-15 08:00:00,8,1,MARKUP,2,C,46332.6045,46269.58081392554,46490.16371518616,63.0236860744626,15.458372148923187,0,1,1,0,0,1,False,-1,
6470,2025-10-15 09:00:00,9,1,MARKUP,1,C,46350.8355,46299.462631400565,46479.26767149859,51.372868599435606,14.694737198865353,0,1,0,0,0,1,False,-1,
6482,2025-10-15 10:00:00,10,1,MARKUP,2,C,46359.7672,46311.09889620872,46481.43795947821,48.66830379128078,17.422207582551007,0,1,1,0,0,1,False,-1,
6494,2025-10-15 11:00:00,11,1,MARKUP,2,C,46375.3337,46309.5490583937,46539.79530401576,65.78464160630392,20.52188321259469,0,1,1,0,0,1,False,-1,
6518,2025-10-15 13:00:00,13,1,MARKUP,1,C,46418.323000000004,46362.079529800154,46558.931675499625,56.24347019984998,19.66094039969582,0,1,0,0,0,1,False,-1,
6530,2025-10-15 14:00:00,14,1,MARKUP,1,C,46422.143000000004,46363.118177253105,46569.70505686725,59.02482274689828,17.583645493800525,0,1,0,0,0,1,False,-1,
6542,2025-10-15 15:00:00,15,1,MARKUP,2,C,46446.036,46382.8362691412,46604.03532714701,63.19973085880338,17.147461717616032,0,1,1,0,0,1,True,6560,1.1598267779656632
6554,2025-10-15 16:00:00,16,1,MARKUP,0,C,46468.2635,46401.72459716517,46634.61075708707,66.53890283482906,22.870805669664033,0,0,0,0,0,1,True,6555,0.959687843918737
6566,2025-10-15 17:00:00,17,1,MARKUP,3,B,46522.6944,46403.884425631964,46819.71933592009,118.80997436803591,51.05114873607512,0,1,1,0,1,1,True,6580,-1.0
6578,2025-10-15 18:00:00,18,1,MARKUP,1,C,46536.828400000006,46404.45381054763,46867.76487363094,132.3745894523745,49.91237890473754,1,0,0,0,0,1,True,6580,-1.0
6598,2025-10-15 19:40:00,19,-1,MARKDOWN,1,C,46558.765,46737.17599629525,46112.737509261875,178.4109962952498,53.1319925904931,0,1,0,0,0,1,False,-1,
6610,2025-10-15 20:40:00,20,-1,MARKDOWN,0,C,46451.232,46743.24622860554,45721.19642848617,292.0142286055343,65.27245721107572,0,0,0,0,0,1,False,-1,
6734,2025-10-16 08:00:00,8,-1,MARKDOWN,1,C,46309.704,46344.544113670585,46222.60371582353,34.840113670587016,13.908227341183599,0,0,1,0,0,1,True,6738,-1.0
6759,2025-10-16 10:05:00,10,1,MARKUP,1,C,46308.7492,46256.056992343685,46440.479719140785,52.69220765631326,17.066015312616585,0,1,0,0,0,1,True,6765,1.1495279026507188
6771,2025-10-16 11:05:00,11,1,MARKUP,2,C,46321.4507,46252.76642193592,46493.161395160205,68.68427806407999,23.647156128146385,0,1,1,0,0,1,False,-1,
6794,2025-10-16 13:00:00,13,1,MARKUP,2,C,46344.2927,46266.339823694536,46539.17489076365,77.95287630546227,18.500352610927877,0,1,1,0,0,1,False,-1,
6806,2025-10-16 14:00:00,14,1,MARKUP,0,C,46382.2165,46295.547081672354,46598.89004581912,86.6694183276486,23.785836655297544,0,0,0,0,0,1,True,6809,-1.0
6846,2025-10-16 17:20:00,17,-1,MARKDOWN,1,C,46406.1429,46530.44101241709,46095.39761895727,124.29811241709103,54.50202483417301,0,1,0,0,0,1,True,6850,1.75
6859,2025-10-16 18:25:00,18,-1,MARKDOWN,2,C,46406.1429,46535.2259829669,46083.43519258275,129.08308296689938,64.07196593379365,0,1,1,0,0,1,False,-1,
6871,2025-10-16 19:25:00,19,-1,MARKDOWN,2,C,46310.1785,46474.39290393755,45899.642490156126,164.21440393754892,70.00580787509905,0,1,0,1,1,1,False,-1,
6883,2025-10-16 20:25:00,20,-1,MARKDOWN,1,C,46232.728,46483.29872198655,45606.30119503362,250.57072198655078,87.81744397311229,1,0,0,0,0,1,False,-1,
7010,2025-10-17 08:00:00,8,-1,MARKDOWN,2,C,45879.1935,45940.080418055455,45726.97620486136,60.88691805545386,18.06083611090819,0,1,1,0,0,1,False,-1,
7022,2025-10-17 09:00:00,9,-1,MARKDOWN,1,C,45851.8805,45943.30428681638,45623.32103295904,91.42378681638365,24.50857363275844,0,1,0,0,0,1,False,-1,
7034,2025-10-17 10:00:00,10,-1,MARKDOWN,2,C,45792.2202,45902.823278707656,45515.71250323087,110.60307870765246,31.04655741530208,0,1,1,0,0,1,False,-1,
7046,2025-10-17 11:00:00,11,-1,MARKDOWN,2,C,45702.4302,45905.161634290336,45195.60161427417,202.7314342903337,47.22326858067253,0,1,1,0,0,1,False,-1,
7093,2025-10-17 14:55:00,14,1,MARKUP,1,C,45634.4965,45385.55513214638,46256.849919634056,248.94136785362207,54.18973570724371,0,1,0,0,0,1,False,-1,
7105,2025-10-17 15:55:00,15,1,MARKUP,1,C,45685.3605,45418.476869744874,46352.569575637826,266.8836302551281,50.34626051025481,0,1,0,0,0,1,False,-1,
7117,2025-10-17 16:55:00,16,1,MARKUP,1,C,45800.6754,45514.09712568595,46517.121085785126,286.57827431405167,80.60574862810459,0,1,0,0,0,1,False,-1,
7129,2025-10-17 17:55:00,17,1,MARKUP,0,C,45820.6359,45528.91640790883,46549.93463022793,291.71949209117156,84.96718418234776,0,0,0,0,0,1,False,-1,
7141,2025-10-17 18:55:00,18,1,MARKUP,2,C,45903.7569,45666.485901197055,46496.93439700737,237.27099880294554,78.82819760589919,0,1,1,0,0,1,False,-1,
7156,2025-10-17 20:10:00,20,1,MARKUP,2,C,46027.030999999995,45871.906315064145,46414.842712339625,155.12468493585038,65.3873698717097,0,1,1,0,0,1,True,7157,1.2094019832262617
7286,2025-10-20 08:00:00,8,1,MARKUP,2,C,46205.155999999995,46122.74839153543,46411.175021161405,82.40760846456396,13.54321692912878,0,1,1,0,0,1,False,-1,
7298,2025-10-20 09:00:00,9,1,MARKUP,0,C,46275.871,46217.42539659015,46421.985008524614,58.445603409847536,17.189206819695492,0,0,0,0,0,1,False,-1,
7310,2025-10-20 10:00:00,10,1,MARKUP,1,C,46279.6337,46216.58711821261,46437.25015446848,63.046581787391915,18.865763574785255,0,1,0,0,0,1,True,7332,1.0898943563769456
7322,2025-10-20 11:00:00,11,1,MARKUP,0,C,46312.3922,46250.39187757682,46467.39300605796,62.000322423184116,19.256244846357845,0,0,0,0,0,1,True,7325,-1.0
7367,2025-10-20 14:45:00,14,-1,MARKDOWN,1,C,46333.708000000006,46405.737578042,46153.634054895025,72.02957804199104,17.235156083993108,0,1,0,0,0,1,True,7379,-1.0
7381,2025-10-20 15:55:00,15,1,MARKUP,3,B,46281.544,46222.08723790525,46430.185905236875,59.45676209474914,18.06552418950395,0,1,1,0,1,1,False,-1,
7393,2025-10-20 16:55:00,16,1,MARKUP,1,C,46334.3364,46212.53377966387,46638.84295084032,121.80262033612962,37.17244067226276,0,1,0,0,0,1,False,-1,
7405,2025-10-20 17:55:00,17,1,MARKUP,1,C,46390.8724,46210.98140995717,46840.59987510709,179.89099004283344,40.27718008567133,0,1,0,0,0,1,False,-1,
7417,2025-10-20 18:55:00,18,1,MARKUP,1,C,46390.8724,46212.42798839781,46836.98342900548,178.4444116021914,37.38402320439211,0,1,0,0,0,1,False,-1,
7429,2025-10-20 19:55:00,19,1,MARKUP,2,C,46418.502400000005,46256.77420082331,46822.82289794174,161.72819917669403,30.69159835338899,0,1,1,0,0,1,False,-1,
7441,2025-10-20 20:55:00,20,1,MARKUP,1,C,46495.2659,46326.04748669667,46918.31193325832,169.21841330332973,27.145026606668498,0,1,0,0,0,1,False,-1,
7579,2025-10-21 09:25:00,9,-1,MARKDOWN,1,C,46731.2617,46785.902675630794,46594.65926092303,54.64097563079122,13.2853512615821,0,1,0,0,0,1,False,-1,
7591,2025-10-21 10:25:00,10,-1,MARKDOWN,1,C,46726.8687,46786.60349871443,46577.53170321392,59.734798714431236,14.68699742885552,0,1,0,0,0,1,False,-1,
7603,2025-10-21 11:25:00,11,-1,MARKDOWN,1,C,46710.135200000004,46763.83264723862,46575.891581903474,53.69744723861368,14.645294477231712,0,1,0,0,0,1,True,7624,-1.0
7639,2025-10-21 14:25:00,14,1,MARKUP,2,C,46685.5985,46624.9309361779,46837.26740955525,60.6675638220986,16.858127644203197,0,1,1,0,0,1,False,-1,
7651,2025-10-21 15:25:00,15,1,MARKUP,1,C,46685.5985,46625.822180945695,46835.03929763576,59.77631905430462,15.075638108616916,0,1,0,0,0,1,False,-1,
7663,2025-10-21 16:25:00,16,1,MARKUP,2,C,46685.5985,46624.040666602574,46839.493083493566,61.55783339742629,18.63866679485383,0,1,1,0,0,1,False,-1,
7675,2025-10-21 17:25:00,17,1,MARKUP,2,C,46772.1124,46638.75357200267,47105.50946999331,133.35882799732644,42.71285599465406,0,1,0,0,1,1,False,-1,
7687,2025-10-21 18:25:00,18,1,MARKUP,1,C,46856.6699,46649.315891150196,47375.05492212452,207.3540088498048,44.588217699612514,0,1,0,0,0,1,False,-1,
7699,2025-10-21 19:25:00,19,1,MARKUP,2,C,46871.1929,46676.35972409303,47358.275839767426,194.8331759069697,37.500551813931885,0,1,1,0,0,1,False,-1,
7711,2025-10-21 20:25:00,20,1,MARKUP,0,C,46871.1929,46675.203664917775,47361.165987705564,195.98923508222651,39.81267016444417,0,0,0,0,0,1,False,-1,
7838,2025-10-22 08:00:00,8,1,MARKUP,2,C,46954.9655,46906.55910393859,47075.981490153514,48.40639606140758,12.581792122815132,0,1,1,0,0,1,False,-1,
7850,2025-10-22 09:00:00,9,1,MARKUP,2,C,46958.9825,46912.74361464338,47074.57971339153,46.238885356615356,13.212770713234478,0,1,1,0,0,1,True,7865,-1.0
7867,2025-10-22 10:25:00,10,1,MARKUP,2,C,46960.644199999995,46910.309874835315,47086.48001291169,50.334325164680195,18.08025032936044,0,1,1,0,0,1,True,7876,-1.0
7898,2025-10-22 13:00:00,13,-1,MARKDOWN,1,C,46981.801,47035.22850682222,46848.23223294445,53.427506822219584,15.557013644445874,1,0,0,0,0,1,True,7906,0.8098118049823702
7910,2025-10-22 14:00:00,14,-1,MARKDOWN,1,C,46981.801,47034.704994228705,46849.541014428236,52.903994228705415,14.509988457418197,0,0,1,0,0,1,True,7932,1.75
7926,2025-10-22 15:20:00,15,-1,MARKDOWN,2,C,46967.278,47014.38297411706,46849.51556470734,47.10497411706456,20.865948234137807,0,1,1,0,0,1,True,7928,1.75
7940,2025-10-22 16:30:00,16,-1,MARKDOWN,2,C,46939.1304,47000.17827798874,46786.51070502815,61.047877988741675,24.456555977489693,0,1,1,0,0,1,False,-1,
7952,2025-10-22 17:30:00,17,-1,MARKDOWN,3,B,46913.9184,47007.42245221944,46680.15826945141,93.50405221943947,38.944904438890745,0,1,1,1,0,1,False,-1,
7964,2025-10-22 18:30:00,18,-1,MARKDOWN,1,C,46894.6274,47011.458415537716,46602.5498611557,116.83101553771849,47.01683107543714,0,1,0,0,0,1,False,-1,
7976,2025-10-22 19:30:00,19,-1,MARKDOWN,2,C,46807.3404,47017.59402136774,46281.70634658066,210.25362136773765,59.288042735485774,0,1,1,0,0,1,False,-1,
7988,2025-10-22 20:30:00,20,-1,MARKDOWN,1,C,46807.3404,47019.3648345294,46277.27931367651,212.0244345293977,62.82966905880937,0,1,0,0,0,1,False,-1,
8142,2025-10-23 10:20:00,10,-1,MARKDOWN,3,B,46585.487,46623.35426399387,46490.81884001533,37.8672639938668,17.288527987734188,0,1,1,0,1,1,True,8147,1.75
8154,2025-10-23 11:20:00,11,-1,MARKDOWN,3,B,46572.4157,46611.96879607813,46473.53295980467,39.55309607813251,19.01759215626372,0,1,1,1,0,1,True,8156,1.171935997916036
8174,2025-10-23 13:00:00,13,-1,MARKDOWN,1,C,46551.4925,46609.14758717145,46407.35478207137,57.65508717144985,22.675174342912143,1,0,0,0,0,1,True,8175,0.7710625440471774
8188,2025-10-23 14:10:00,14,-1,MARKDOWN,2,C,46551.4925,46608.72008408113,46408.42353979718,57.227584081127134,21.820168162259257,1,0,1,0,0,1,True,8189,0.7730874430030137
8200,2025-10-23 15:10:00,15,-1,MARKDOWN,1,C,46548.4025,46603.12607777629,46411.59355555927,54.72357777629077,20.632155552576762,0,1,0,0,0,1,True,8209,0.5
8212,2025-10-23 16:10:00,16,-1,MARKDOWN,2,C,46540.9865,46593.471828016685,46409.77317995828,52.48532801668625,25.323656033370334,0,1,1,0,0,1,True,8213,-1.0
8226,2025-10-23 17:20:00,17,1,MARKUP,3,B,46577.5799,46452.16225067136,46891.12402332159,125.41764932863589,48.79549865727249,1,0,1,1,1,1,True,8228,0.9198432502322267
8238,2025-10-23 18:20:00,18,1,MARKUP,3,B,46580.8244,46458.70341973484,46886.12685066289,122.12098026515741,46.213160530308905,0,1,1,0,1,1,True,8242,0.9178930059340529
8250,2025-10-23 19:20:00,19,1,MARKUP,1,C,46580.8244,46459.9925180085,46882.90410497875,120.83188199150027,43.63496398300579,0,1,0,0,0,1,False,-1,
8262,2025-10-23 20:20:00,20,1,MARKUP,1,C,46586.2679,46462.235903420464,46896.34789144884,124.03199657953519,39.14819315906182,0,1,0,0,0,1,False,-1,
8390,2025-10-24 08:00:00,8,1,MARKUP,2,C,46755.814,46718.32945070831,46849.52537322922,37.48454929168656,8.501098583383483,0,1,1,0,0,1,False,-1,
8402,2025-10-24 09:00:00,9,1,MARKUP,2,C,46788.061,46746.573229116286,46891.78042720929,41.48777088371571,10.013541767434598,0,1,1,0,0,1,True,8425,-1.0
8414,2025-10-24 10:00:00,10,1,MARKUP,1,C,46802.3912,46758.390616471275,46912.3926588218,44.00058352872293,10.378767057447488,0,1,0,0,0,1,True,8423,-1.0
8474,2025-10-24 15:00:00,15,1,MARKUP,2,C,46774.211,46721.6648326541,46905.576418364755,52.54616734589945,13.030334691800183,0,1,1,0,0,1,False,-1,
8486,2025-10-24 16:00:00,16,1,MARKUP,2,C,46868.756,46712.668066604434,47258.97583348892,156.08793339556723,31.023866791130487,0,1,0,1,0,1,False,-1,
8498,2025-10-24 17:00:00,17,1,MARKUP,2,C,46919.5394,46740.81738004692,47366.3444498827,178.72201995307842,46.725239906158535,0,1,0,1,0,1,False,-1,
8510,2025-10-24 18:00:00,18,1,MARKUP,2,C,46943.8374,46770.65654527432,47376.789536814176,173.18085472567327,44.04690945134895,0,1,1,0,0,1,False,-1,
8522,2025-10-24 19:00:00,19,1,MARKUP,1,C,47007.6179,46782.60816052812,47570.14224867969,225.00973947187595,38.64367894376219,0,1,0,0,0,1,False,-1,
8534,2025-10-24 20:00:00,20,1,MARKUP,1,C,47012.61134,46792.40376627134,47563.130274321666,220.207573728665,35.21246745732734,0,1,0,0,0,1,False,-1,
8666,2025-10-27 08:00:00,8,1,MARKUP,2,C,47506.7095,47482.179131160396,47568.035422099,24.53036883960158,9.141737679210156,0,1,1,0,0,1,False,-1,
8678,2025-10-27 09:00:00,9,1,MARKUP,2,C,47489.9572,47445.221128979785,47601.79737755052,44.736071020211966,9.557742040425994,0,1,1,0,0,1,False,-1,
8690,2025-10-27 10:00:00,10,1,MARKUP,1,C,47500.3667,47444.74918143068,47639.4104964233,55.617518569320964,10.501637138650128,0,1,0,0,0,1,True,8708,-1.0
8702,2025-10-27 11:00:00,11,1,MARKUP,1,C,47524.5107,47480.44302965855,47634.679875853624,44.06767034145014,12.613940682899914,1,0,0,0,0,1,True,8704,-1.0
8750,2025-10-27 15:00:00,15,-1,MARKDOWN,1,C,47531.2605,47591.86645909351,47379.74560226622,60.605959093511046,12.532918187024263,0,1,0,0,0,1,True,8768,0.9603445748117265
8762,2025-10-27 16:00:00,16,-1,MARKDOWN,1,C,47503.4505,47546.91815589559,47394.781360261026,43.467655895590724,12.636311791177429,1,0,0,0,0,1,True,8767,0.8219548922439129
8777,2025-10-27 17:15:00,17,-1,MARKDOWN,2,C,47489.3764,47564.32214242099,47302.01204394753,74.94574242099043,35.44428484199071,0,1,1,0,0,1,True,8778,0.6335062827644591
8789,2025-10-27 18:15:00,18,-1,MARKDOWN,1,C,47489.3764,47563.01449951,47305.281151225005,73.63809950999712,32.82899901999519,0,1,0,0,0,1,True,8792,0.817725239336206
8801,2025-10-27 19:15:00,19,-1,MARKDOWN,3,B,47489.3764,47560.07947069137,47312.618723271575,70.70307069137198,26.958941382746833,0,1,1,0,1,1,True,8807,0.8309146627196253
8813,2025-10-27 20:15:00,20,-1,MARKDOWN,3,B,47489.3764,47557.6951918423,47318.57942039425,68.3187918422991,22.190383684607518,0,1,1,0,1,1,False,-1,
8970,2025-10-28 10:20:00,10,1,MARKUP,3,B,47558.0487,47538.00757263793,47608.151518405175,20.041127362070256,11.164854724131661,0,1,1,1,1,1,True,8976,0.5015909700749408
8983,2025-10-28 11:25:00,11,1,MARKUP,3,B,47558.0487,47537.74257053281,47608.81402366796,20.30612946718611,11.694858934366588,0,1,1,0,1,1,True,8985,0.5015702073579633
9002,2025-10-28 13:00:00,13,1,MARKUP,3,B,47596.521,47531.17268267446,47759.891793313844,65.34831732553721,19.534634651082882,0,1,1,1,0,1,False,-1,
9014,2025-10-28 14:00:00,14,1,MARKUP,2,C,47596.521,47530.13661546632,47762.481961334204,66.38438453368144,21.606769067363896,0,1,1,0,0,1,False,-1,
9026,2025-10-28 15:00:00,15,1,MARKUP,2,C,47622.0195,47531.43273159229,47848.486421019275,90.58676840770931,19.014536815414274,0,1,1,0,0,1,False,-1,
9038,2025-10-28 16:00:00,16,1,MARKUP,2,C,47671.393000000004,47528.582744256826,48028.418639357944,142.81025574317755,24.7145114863458,0,1,1,0,0,1,False,-1,
9050,2025-10-28 17:00:00,17,1,MARKUP,1,C,47698.6305,47523.371381954494,48136.77829511376,175.2591180455056,46.637236091023915,0,0,1,0,0,1,False,-1,
9062,2025-10-28 18:00:00,18,1,MARKUP,0,C,47733.702000000005,47581.88805419463,48113.23686451345,151.81394580537744,43.103891610749436,0,0,0,0,0,1,True,9069,1.0465457450473448
9080,2025-10-28 19:30:00,19,1,MARKUP,2,C,47800.9095,47692.992481259,48070.7020468525,107.91701874099817,38.395037481992055,0,1,1,0,0,1,True,9082,0.9574766491397073
9092,2025-10-28 20:30:00,20,1,MARKUP,1,C,47810.195999999996,47692.8868621232,48103.468844691975,117.3091378767931,37.50627575359678,0,1,0,0,0,1,False,-1,
9261,2025-10-29 11:35:00,11,-1,MARKDOWN,2,C,47713.17600000001,47758.43617388731,47600.02556528174,45.26017388730543,16.412347774613398,0,1,1,0,0,1,True,9284,-1.0
9278,2025-10-29 13:00:00,13,-1,MARKDOWN,1,C,47691.975000000006,47757.58351826495,47527.95370433763,65.60851826494763,14.707036529904055,0,1,0,0,0,1,True,9284,-1.0
9292,2025-10-29 14:10:00,14,1,MARKUP,3,B,47685.208000000006,47586.276818464794,47932.535953838036,98.93118153521209,22.90636307042296,0,1,1,1,0,1,False,-1,
9304,2025-10-29 15:10:00,15,1,MARKUP,2,C,47699.724,47587.29202287019,47980.803942824525,112.43197712981055,20.87595425962185,0,1,0,1,0,1,False,-1,
9316,2025-10-29 16:10:00,16,1,MARKUP,2,C,47707.459500000004,47587.29628824538,48007.86752938657,120.16321175462508,20.867423509249466,0,1,1,0,0,1,False,-1,
9328,2025-10-29 17:10:00,17,1,MARKUP,1,C,47779.8294,47575.252054807446,48291.27276298139,204.5773451925561,44.955890385107864,0,1,0,0,0,1,False,-1,
9340,2025-10-29 18:10:00,18,1,MARKUP,2,C,47812.2744,47629.18623900292,48269.99480249271,183.088160997082,42.087521994167055,0,1,1,0,0,1,False,-1,
9352,2025-10-29 19:10:00,19,1,MARKUP,2,C,47903.7384,47780.136864963555,48212.74223759112,123.60153503644688,36.18627007290129,0,1,1,0,0,1,True,9367,-1.0
9364,2025-10-29 20:10:00,20,1,MARKUP,1,C,47908.682400000005,47790.36591360289,48204.4736159928,118.31648639711784,31.72817279423045,0,0,1,0,0,1,True,9367,-1.0
9494,2025-10-30 08:00:00,8,-1,MARKDOWN,2,C,47688.3195,47819.373973720474,47360.68331569881,131.05447372047638,49.90794744095291,0,1,1,0,0,1,True,9500,0.8363724906340013
9506,2025-10-30 09:00:00,9,-1,MARKDOWN,2,C,47688.3195,47812.38047374692,47378.1670656327,124.06097374692035,35.92094749384697,0,0,1,0,1,1,True,9521,0.8553343037917209
9518,2025-10-30 10:00:00,10,-1,MARKDOWN,2,C,47688.3195,47810.271235562475,47383.44016109381,121.95173556247755,31.702471124959178,0,1,1,0,0,1,True,9521,0.8614800521760555
9530,2025-10-30 11:00:00,11,-1,MARKDOWN,2,C,47684.3025,47804.0094853338,47385.03503666549,119.70698533380346,32.17897066760774,0,1,1,0,0,1,False,-1,
9554,2025-10-30 13:00:00,13,-1,MARKDOWN,1,C,47612.9102,47716.81520927702,47353.14767680745,103.90500927701942,25.29041855403569,0,1,0,0,0,1,False,-1,
9566,2025-10-30 14:00:00,14,-1,MARKDOWN,2,C,47608.954999999994,47710.21874323745,47355.795641906356,101.26374323745404,24.89748647490758,0,1,1,0,0,1,False,-1,
9578,2025-10-30 15:00:00,15,-1,MARKDOWN,1,C,47608.954999999994,47709.40960416699,47357.8184895825,100.45460416699643,23.279208333995435,0,1,0,0,0,1,True,9596,0.5
9590,2025-10-30 16:00:00,16,-1,MARKDOWN,2,C,47534.3958,47616.40096557064,47329.38288607339,82.00516557064111,31.761931141290184,0,1,1,0,0,1,True,9596,-1.0
9604,2025-10-30 17:10:00,17,1,MARKUP,3,B,47605.8044,47383.39502568598,48161.82783578505,222.40937431401835,67.24994862802974,0,1,1,0,1,1,False,-1,
9616,2025-10-30 18:10:00,18,1,MARKUP,2,C,47654.3184,47386.42391395689,48324.054615107765,267.89448604310746,61.19217208621665,0,1,1,0,0,1,False,-1,
9628,2025-10-30 19:10:00,19,1,MARKUP,1,C,47657.7564,47391.04529940291,48324.53415149271,266.71110059708735,51.949401194165134,0,0,1,0,0,1,False,-1,
9770,2025-10-31 08:00:00,8,-1,MARKDOWN,1,C,47602.811499999996,47655.87545641579,47470.1516089605,53.06395641579729,13.110912831580606,0,0,1,0,0,1,False,-1,
9782,2025-10-31 09:00:00,9,-1,MARKDOWN,1,C,47588.597499999996,47632.18118719747,47479.63828200631,43.58368719747523,11.722374394936992,0,1,0,0,0,1,True,9789,1.1680066343502067
9794,2025-10-31 10:00:00,10,-1,MARKDOWN,2,C,47581.7995,47621.94864741395,47481.42663146513,40.1491474139475,13.257294827898695,0,1,0,0,1,1,True,9801,1.1404916132397558
9813,2025-10-31 11:35:00,11,-1,MARKDOWN,2,C,47578.0825,47606.77603272107,47506.348668197315,28.693532721074007,14.41206544213628,0,1,1,0,0,1,True,9814,-1.0
9830,2025-10-31 13:00:00,13,-1,MARKDOWN,2,C,47587.879499999995,47622.2411713537,47501.97532161573,34.36167135370488,13.142342707411073,0,1,1,0,0,1,True,9846,-1.0
9842,2025-10-31 14:00:00,14,-1,MARKDOWN,2,C,47569.3525,47622.78096125334,47435.78134686666,53.428461253337446,14.221922506676718,0,1,1,0,0,1,True,9846,-1.0
9858,2025-10-31 15:20:00,15,1,MARKUP,2,C,47565.663,47484.95265234619,47767.43886913452,80.71034765381046,18.934695307615527,0,1,1,0,0,1,True,9871,0.503303201609181
9870,2025-10-31 16:20:00,16,1,MARKUP,0,C,47565.663,47482.674859036444,47773.13335240889,82.98814096355636,23.490281927109613,0,0,0,0,0,1,True,9871,0.5032125379259274
9886,2025-10-31 17:40:00,17,1,MARKUP,2,C,47565.663,47470.7443538411,47802.959615397245,94.9186461588979,47.35129231779849,0,1,1,0,0,1,True,9897,-1.0
9902,2025-10-31 19:00:00,19,-1,MARKDOWN,3,B,47610.956000000006,47711.70424035567,47359.085399110845,100.74824035566417,47.168480711333686,0,1,1,0,1,1,False,-1,
9914,2025-10-31 20:00:00,20,-1,MARKDOWN,2,C,47585.362,47711.80110671594,47269.26423321015,126.43910671593767,47.36221343187626,0,1,1,0,0,1,True,9930,-1.0
10059,2025-11-03 09:05:00,9,-1,MARKDOWN,2,C,47671.7372,47730.01240519971,47526.04918700073,58.27520519970858,16.92481039941147,0,1,1,0,0,1,True,10083,0.982305462870555
10071,2025-11-03 10:05:00,10,-1,MARKDOWN,2,C,47640.652200000004,47686.84646911566,47525.16652721086,46.194269115658244,17.592938231324258,0,1,1,0,0,1,True,10079,-1.0
10090,2025-11-03 11:40:00,11,1,MARKUP,1,C,47631.4335,47570.91071115215,47782.74047211962,60.52278884784755,18.478577695698064,0,1,0,0,0,1,True,10105,-1.0
10106,2025-11-03 13:00:00,13,1,MARKUP,0,C,47631.4335,47571.341687995766,47781.66303001058,60.09181200423336,17.616624008469937,0,0,0,0,0,1,True,10113,-1.0
10125,2025-11-03 14:35:00,14,-1,MARKDOWN,2,C,47596.9905,47615.35810012152,47551.0714996962,18.36760012152081,15.916200243038865,0,1,0,0,1,1,True,10126,-1.0
10137,2025-11-03 15:35:00,15,-1,MARKDOWN,1,C,47649.078,47724.2000546028,47461.27286349301,75.12205460279802,19.600109205591856,0,1,0,0,0,1,True,10147,1.75
10149,2025-11-03 16:35:00,16,-1,MARKDOWN,3,B,47632.2529,47716.0820031321,47422.68014216975,83.82910313209868,30.864006264193996,0,1,1,0,1,1,False,-1,
10161,2025-11-03 17:35:00,17,-1,MARKDOWN,1,C,47474.9009,47697.64143084544,46918.049572886404,222.74053084543993,51.98286169087127,0,1,0,0,0,1,False,-1,
10173,2025-11-03 18:35:00,18,-1,MARKDOWN,1,C,47467.1759,47684.51556364513,46923.826740887176,217.3396636451289,50.73112729026089,1,0,0,0,0,1,False,-1,
10199,2025-11-03 20:45:00,20,-1,MARKDOWN,2,C,47467.1759,47676.205253038854,46944.60251740288,209.0293530388517,34.110506077708834,0,1,1,0,0,1,False,-1,
10322,2025-11-04 08:00:00,8,-1,MARKDOWN,1,C,47238.938500000004,47331.93593517541,47006.44491206149,92.99743517540628,23.071870350813917,0,1,0,0,0,1,False,-1,
10334,2025-11-04 09:00:00,9,-1,MARKDOWN,2,C,47197.3835,47314.11373805661,46905.55790485849,116.73023805660341,30.427476113211725,0,1,1,0,0,1,False,-1,
10346,2025-11-04 10:00:00,10,-1,MARKDOWN,2,C,47172.7592,47296.37243875745,46863.72610310638,123.6132387574471,29.944877514886038,0,1,1,0,0,1,False,-1,
10358,2025-11-04 11:00:00,11,-1,MARKDOWN,1,C,47133.7087,47258.69725208497,46821.23731978759,124.98855208496389,30.594504169926758,0,1,0,0,0,1,False,-1,
10424,2025-11-04 16:30:00,16,-1,MARKDOWN,2,C,46945.4605,47009.1205138919,46786.310465270246,63.660013891902054,37.74102778380823,0,1,1,0,0,1,True,10425,-1.0
10436,2025-11-04 17:30:00,17,1,MARKUP,2,C,47053.042499999996,46881.552938721936,47481.76640319514,171.48956127806014,49.794122556129665,0,1,1,0,0,1,False,-1,
10448,2025-11-04 18:30:00,18,1,MARKUP,2,C,47056.862499999996,46884.73180719422,47487.18923201443,172.13069280577474,43.43638561154733,0,1,1,0,0,1,True,10467,0.8129888621163397
10460,2025-11-04 19:30:00,19,1,MARKUP,0,C,47056.862499999996,46884.422625760584,47487.962185598524,172.43987423941144,44.05474847882126,0,0,0,0,0,1,True,10467,0.8124276790052509
10598,2025-11-05 08:00:00,8,1,MARKUP,1,C,47056.348,46962.820024256216,47290.16793935945,93.52797574378201,23.55995148757176,0,0,1,0,0,1,False,-1,
10610,2025-11-05 09:00:00,9,1,MARKUP,1,C,47069.733,46980.8134105276,47292.031973681005,88.91958947240346,20.073178944801715,0,1,0,0,0,1,False,-1,
10623,2025-11-05 10:05:00,10,1,MARKUP,3,B,47115.155999999995,47051.99755302953,47273.05211742617,63.1584469704685,24.704893940947297,0,1,1,0,1,1,False,-1,
10635,2025-11-05 11:05:00,11,1,MARKUP,2,C,47151.5545,47101.23547154982,47277.35207112544,50.31902845017612,24.4290569003552,0,1,0,1,0,1,True,10636,-1.0
10659,2025-11-05 13:05:00,13,-1,MARKDOWN,1,C,47149.024,47225.514697230275,46957.7972569243,76.49069723027787,24.629394460562924,0,1,0,0,0,1,False,-1,
10671,2025-11-05 14:05:00,14,-1,MARKDOWN,2,C,47149.024,47225.58393452091,46957.62416369772,76.55993452091207,24.76786904181893,0,1,1,0,0,1,True,10687,0.6566061391481784
10695,2025-11-05 16:05:00,16,1,MARKUP,2,C,47100.4945,47032.98339493584,47269.27226266039,67.51110506415716,24.433210128310964,0,1,1,0,0,1,True,10700,0.6023318279079868
10707,2025-11-05 17:05:00,17,1,MARKUP,3,B,47140.6809,47018.96172250765,47444.978843730874,121.71917749234854,52.47655498468805,0,1,1,1,0,1,True,10710,1.75
10724,2025-11-05 18:30:00,18,1,MARKUP,2,C,47151.0324,47037.022085528166,47436.05818617957,114.0103144718305,49.85582894366898,1,0,1,0,0,1,False,-1,
10736,2025-11-05 19:30:00,19,1,MARKUP,2,C,47212.8295,47042.93217829012,47637.57280427471,169.89732170988282,43.935643419774024,0,1,1,0,0,1,False,-1,
10748,2025-11-05 20:30:00,20,1,MARKUP,2,C,47225.6265,47046.930880885506,47672.365547786234,178.69561911449273,35.93823822899127,0,1,1,0,0,1,False,-1,
10879,2025-11-06 08:25:00,8,-1,MARKDOWN,3,B,47301.339,47333.062852272145,47222.029369319636,31.72385227214545,13.405704544284148,1,1,1,0,0,1,True,10880,1.75
10891,2025-11-06 09:25:00,9,-1,MARKDOWN,1,C,47318.8857,47353.16647426002,47233.183764349946,34.280774260019825,16.11294852004225,0,1,0,0,0,1,True,10915,-1.0
10903,2025-11-06 10:25:00,10,-1,MARKDOWN,2,C,47296.0612,47355.80601597026,47146.69916007434,59.7448159702617,21.392031940517874,0,1,0,1,0,1,True,10913,-1.0
10934,2025-11-06 13:00:00,13,1,MARKUP,1,C,47269.5215,47208.800787450135,47421.32328137467,60.72071254986804,15.818425099729366,0,1,0,0,0,1,False,-1,
10946,2025-11-06 14:00:00,14,1,MARKUP,1,C,47269.5215,47208.57934352609,47421.87689118477,60.94215647390956,16.261312947806605,0,1,0,0,0,1,False,-1,
10958,2025-11-06 15:00:00,15,1,MARKUP,2,C,47279.453499999996,47208.812791525255,47456.05527118685,70.64070847474068,15.794416949493044,0,1,1,0,0,1,True,10972,0.5
10970,2025-11-06 16:00:00,16,1,MARKUP,1,C,47322.148,47262.403629980865,47471.50892504784,59.74437001913611,17.112740038274588,1,0,0,0,0,1,True,10971,-1.0
10982,2025-11-06 17:00:00,17,-1,MARKDOWN,2,C,47235.0464,47430.68721039782,46745.944374005456,195.6408103978174,51.45442079562816,0,1,1,0,0,1,False,-1,
10994,2025-11-06 18:00:00,18,-1,MARKDOWN,2,C,47219.2889,47436.50857441173,46676.23971397067,217.21967441173183,63.097148823465965,0,1,1,0,0,1,False,-1,
11006,2025-11-06 19:00:00,19,-1,MARKDOWN,1,C,47175.1679,47436.541841719496,46521.73304570126,261.37394171949563,63.16368343899545,0,1,0,0,0,1,False,-1,
11018,2025-11-06 20:00:00,20,-1,MARKDOWN,2,C,47175.1679,47432.82294205629,46531.03029485927,257.6550420562926,55.72588411259101,0,1,1,0,0,1,False,-1,
11165,2025-11-07 09:15:00,9,1,MARKUP,2,C,46952.5372,46883.6399802114,47124.780249471485,68.89721978859598,15.860039577200205,0,1,1,0,0,1,False,-1,
11177,2025-11-07 10:15:00,10,1,MARKUP,0,C,46955.4022,46882.922349462424,47136.60182634393,72.47985053757293,17.295301075148267,0,0,0,0,0,1,True,11194,-1.0
11189,2025-11-07 11:15:00,11,1,MARKUP,3,B,46990.4737,46937.33393836402,47123.323104089955,53.13976163598272,21.97212327195758,0,1,1,1,1,1,True,11191,-1.0
11210,2025-11-07 13:00:00,13,-1,MARKDOWN,2,C,46993.252499999995,47070.53532615053,46800.04543462366,77.28282615053467,23.73065230105961,0,1,1,0,0,1,False,-1,
11222,2025-11-07 14:00:00,14,-1,MARKDOWN,1,C,46952.1875,47073.07222934732,46649.97567663169,120.88472934732272,28.804458694642744,0,1,0,0,0,1,False,-1,
11234,2025-11-07 15:00:00,15,-1,MARKDOWN,1,C,46938.646,47069.847821831885,46610.64144542029,131.20182183188444,27.855643663776057,0,1,0,0,0,1,False,-1,
11246,2025-11-07 16:00:00,16,-1,MARKDOWN,2,C,46926.903999999995,47050.830012796076,46617.08896800979,123.92601279608061,27.820025592161265,0,1,1,0,0,1,False,-1,
11258,2025-11-07 17:00:00,17,-1,MARKDOWN,3,B,46854.2929,47004.33920425321,46479.177139366984,150.04630425320647,56.3384085064166,0,1,1,0,1,1,True,11260,1.2972121343625334
11270,2025-11-07 18:00:00,18,-1,MARKDOWN,2,C,46809.7969,46934.281812599045,46498.58461850239,124.48491259904404,60.22362519809302,0,1,1,0,0,1,False,-1,
11282,2025-11-07 19:00:00,19,-1,MARKDOWN,2,C,46751.381,46918.558359869916,46333.43760032521,167.17735986991465,55.876719739822484,0,1,1,0,0,1,True,11299,-1.0
11294,2025-11-07 20:00:00,20,-1,MARKDOWN,0,C,46741.067,46917.58212533241,46299.77918666898,176.51512533240748,53.92425066482164,0,0,0,0,0,1,True,11299,-1.0
11426,2025-11-10 08:00:00,8,1,MARKUP,2,C,47091.248,47057.50815898062,47175.59760254844,33.73984101937822,14.763682038760868,0,1,1,0,0,1,True,11437,1.75
11455,2025-11-10 10:25:00,10,1,MARKUP,3,B,47091.248,47055.88905690911,47179.645357727226,35.358943090890534,18.001886181780918,0,1,1,1,0,1,False,-1,
11467,2025-11-10 11:25:00,11,1,MARKUP,1,C,47121.292499999996,47049.05821048062,47301.87822379843,72.2342895193724,19.363579038751833,0,1,0,0,0,1,False,-1,
11486,2025-11-10 13:00:00,13,1,MARKUP,1,C,47122.534,47051.74030887338,47299.51822781656,70.79369112662243,13.99938225324059,0,1,0,0,0,1,False,-1,
11498,2025-11-10 14:00:00,14,1,MARKUP,2,C,47123.5845,47051.3173788216,47304.252302945984,72.26712117839634,14.845242356795818,0,1,1,0,0,1,False,-1,
11521,2025-11-10 15:55:00,15,1,MARKUP,2,C,47182.757999999994,47146.440201277575,47273.55249680604,36.31779872241896,16.099597444838523,0,1,1,0,0,1,True,11523,2.5
11546,2025-11-10 18:00:00,18,-1,MARKDOWN,2,C,47203.333,47365.26459390077,46798.504015248065,161.931593900772,46.14918780154369,0,1,1,0,0,1,True,11567,-1.0
11558,2025-11-10 19:00:00,19,-1,MARKDOWN,0,C,47193.783,47365.35715494247,46764.84761264385,171.5741549424638,46.3343098849306,0,0,0,0,0,1,True,11567,-1.0
11573,2025-11-10 20:15:00,20,1,MARKUP,3,B,47230.2084,47143.10898016962,47447.95694957596,87.09941983038152,35.76203966075455,0,1,1,1,0,1,False,-1,
11708,2025-11-11 08:30:00,8,1,MARKUP,3,B,47400.590500000006,47374.28329891891,47466.358502702744,26.307201081093808,12.313402162178427,0,1,1,0,1,1,True,11711,-1.0
11741,2025-11-11 11:15:00,11,-1,MARKDOWN,2,C,47388.741200000004,47425.37465204997,47297.15756987509,36.633452049965854,13.369304099936283,0,1,0,1,0,1,True,11759,-1.0
11772,2025-11-11 13:50:00,13,1,MARKUP,4,A,47402.038,47390.769994172864,47430.20801456784,11.268005827136221,11.84001165427883,1,1,1,0,1,1,True,11773,-1.0
11784,2025-11-11 14:50:00,14,1,MARKUP,1,C,47371.614,47333.58903494508,47466.67641263731,38.024965054923086,13.401930109850346,0,1,0,0,0,1,False,-1,
11796,2025-11-11 15:50:00,15,1,MARKUP,1,C,47376.816,47332.94121906505,47486.50295233738,43.87478093495156,16.697561869900145,0,0,1,0,0,1,False,-1,
11808,2025-11-11 16:50:00,16,1,MARKUP,2,C,47415.556000000004,47337.790425003106,47609.96993749225,77.76557499689807,30.999149993786837,0,1,1,0,0,1,False,-1,
11820,2025-11-11 17:50:00,17,1,MARKUP,2,C,47460.3419,47357.06106116399,47718.54399709002,103.2808388360063,41.95787767201025,0,1,1,0,0,1,False,-1,
11832,2025-11-11 18:50:00,18,1,MARKUP,2,C,47508.0699,47364.86400149347,47866.08464626633,143.2058985065305,42.351997013053555,0,1,1,0,0,1,False,-1,
11844,2025-11-11 19:50:00,19,1,MARKUP,2,C,47560.6904,47367.43419648721,48043.83090878198,193.25620351279213,37.2116070255869,0,1,1,0,0,1,False,-1,
11856,2025-11-11 20:50:00,20,1,MARKUP,1,C,47612.2304,47383.44301677494,48184.19885806266,228.7873832250625,35.69396645012315,0,1,0,0,0,1,False,-1,
11978,2025-11-12 08:00:00,8,1,MARKUP,1,C,47983.646,47956.75499848109,48050.87350379728,26.891001518910343,9.470003037813003,0,1,0,0,0,1,False,-1,
11990,2025-11-12 09:00:00,9,1,MARKUP,3,B,47991.174,47962.99922471578,48061.61093821055,28.17477528422023,8.981550568442922,0,1,1,0,1,1,False,-1,
12002,2025-11-12 10:00:00,10,1,MARKUP,0,C,47997.515199999994,47962.26162497095,48085.6491375726,35.2535750290408,10.456750058095682,0,0,0,0,0,1,True,12016,0.9533161361319958
12014,2025-11-12 11:00:00,11,1,MARKUP,0,C,47998.2792,47960.840171097196,48091.876772257005,37.43902890280151,13.299657805602767,0,0,0,0,0,1,True,12016,0.9166511491924811
12038,2025-11-12 13:00:00,13,1,MARKUP,3,B,48016.335999999996,47989.49035990216,48083.450100244576,26.845640097832074,13.199280195671163,0,1,1,0,1,1,True,12043,1.75
12050,2025-11-12 14:00:00,14,1,MARKUP,3,B,48020.824499999995,47987.808594874565,48103.36426281357,33.015905125430436,16.562810250861236,0,1,1,0,1,1,False,-1,
12062,2025-11-12 15:00:00,15,1,MARKUP,2,C,48031.0205,47987.81035074433,48139.04587313917,43.21014925566851,15.559298511338232,0,1,1,0,0,1,False,-1,
12074,2025-11-12 16:00:00,16,1,MARKUP,1,C,48031.0205,47988.73208324137,48136.741541896576,42.288416758630774,13.715833517259357,0,1,0,0,0,1,False,-1,
12086,2025-11-12 17:00:00,17,1,MARKUP,1,C,48171.7684,47974.62566085633,48664.625247859185,197.14273914367368,41.92867828734005,0,1,0,0,0,1,False,-1,
12098,2025-11-12 18:00:00,18,1,MARKUP,2,C,48171.7684,47973.128412191574,48668.368369521064,198.63998780842667,44.92317561684683,0,1,1,0,0,1,False,-1,
12110,2025-11-12 19:00:00,19,1,MARKUP,1,C,48195.5614,48011.92448822988,48654.65367942529,183.63691177011788,44.331023540224784,0,0,1,0,0,1,False,-1,
12122,2025-11-12 20:00:00,20,1,MARKUP,1,C,48210.0844,48037.92974936733,48640.471026581676,172.15465063267038,39.32050126533651,0,1,0,0,0,1,False,-1,
12254,2025-11-13 08:00:00,8,1,MARKUP,2,C,48368.486999999994,48327.23658153501,48471.61304616244,41.25041846498061,11.066836929969158,0,1,1,0,0,1,False,-1,
12266,2025-11-13 09:00:00,9,1,MARKUP,0,C,48381.812999999995,48343.0301561722,48478.77010956948,38.78284382779384,11.47968765559517,0,0,0,0,0,1,True,12278,-1.0
12301,2025-11-13 11:55:00,11,-1,MARKDOWN,1,C,48379.345199999996,48444.51059886377,48216.43170284055,65.16539886377723,18.481197727557777,0,1,0,0,0,1,False,-1,
12314,2025-11-13 13:00:00,13,-1,MARKDOWN,2,C,48379.345199999996,48443.2448242652,48219.59613933698,63.89962426520651,15.949648530412482,0,1,1,0,0,1,False,-1,
12326,2025-11-13 14:00:00,14,-1,MARKDOWN,2,C,48356.520500000006,48442.588005209414,48141.35173697649,86.06750520940841,21.436010418826502,0,1,1,0,0,1,False,-1,
12338,2025-11-13 15:00:00,15,-1,MARKDOWN,2,C,48341.843,48417.79185364444,48151.9708658889,75.94885364444053,19.343707288876338,0,1,1,0,0,1,False,-1,
12350,2025-11-13 16:00:00,16,-1,MARKDOWN,2,C,48296.788,48395.112187343984,48050.97753164004,98.3241873439838,23.984374687960095,0,1,1,0,0,1,False,-1,
12362,2025-11-13 17:00:00,17,-1,MARKDOWN,2,C,48265.827900000004,48375.2145263381,47992.36133415476,109.38662633809872,45.689052676205186,0,1,1,0,0,1,False,-1,
12374,2025-11-13 18:00:00,18,-1,MARKDOWN,1,C,48180.4724,48362.02519057149,47726.590423571266,181.55279057149164,52.31038114297507,0,1,0,0,0,1,False,-1,
12386,2025-11-13 19:00:00,19,-1,MARKDOWN,1,C,48096.9634,48319.826282272064,47539.80619431984,222.86288227206387,58.91256454412116,0,1,0,0,0,1,False,-1,
12398,2025-11-13 20:00:00,20,-1,MARKDOWN,2,C,48073.435,48289.16909078138,47534.09977304653,215.73409078138502,55.19818156276119,0,1,1,0,0,1,False,-1,
12530,2025-11-14 08:00:00,8,-1,MARKDOWN,2,C,47517.917,47573.65954020186,47378.56064949536,55.74254020185617,18.659080403708952,0,1,1,0,0,1,False,-1,
12542,2025-11-14 09:00:00,9,-1,MARKDOWN,2,C,47499.496,47562.87730868978,47341.042728275555,63.38130868977896,22.0946173795477,0,1,1,0,0,1,False,-1,
12554,2025-11-14 10:00:00,10,-1,MARKDOWN,1,C,47467.5967,47543.99539674826,47276.59995812936,76.39869674825604,24.330793496511838,0,1,0,0,0,1,True,12566,0.8357167135309158
12568,2025-11-14 11:10:00,11,-1,MARKDOWN,1,C,47449.3412,47530.95993761785,47245.29435595538,81.61873761784955,30.759875235698974,1,0,0,0,0,1,False,-1,
12590,2025-11-14 13:00:00,13,-1,MARKDOWN,2,C,47433.4277,47501.93126863664,47262.168778408406,68.5035686366391,24.20253727326895,0,1,1,0,0,1,False,-1,
12602,2025-11-14 14:00:00,14,-1,MARKDOWN,1,C,47364.0065,47485.27066647928,47060.846083801815,121.26416647927545,29.18133295855356,0,1,0,0,0,1,False,-1,
12614,2025-11-14 15:00:00,15,-1,MARKDOWN,2,C,47342.901,47488.17734085913,46979.710147852165,145.2763408591345,34.99468171826753,0,1,1,0,0,1,False,-1,
12626,2025-11-14 16:00:00,16,-1,MARKDOWN,0,C,47316.5455,47483.45625331824,46899.2686167044,166.91075331823959,36.05250663648211,0,0,0,0,0,1,False,-1,
12638,2025-11-14 17:00:00,17,-1,MARKDOWN,1,C,47209.3614,47452.854697505,46600.62815623751,243.493297504996,68.8493950099886,0,1,0,0,0,1,True,12654,0.10982396753426157
12650,2025-11-14 18:00:00,18,-1,MARKDOWN,2,C,47166.4724,47388.859832263646,46610.50381934088,222.3874322636475,72.85966452729447,1,0,1,0,0,1,True,12652,-0.02314699148062122
12806,2025-11-17 08:00:00,8,1,MARKUP,0,C,47170.724500000004,47127.15688163124,47279.64354592191,43.56761836876103,10.92623673751362,0,0,0,0,0,1,False,-1,
12818,2025-11-17 09:00:00,9,1,MARKUP,2,C,47172.733,47129.81954869982,47280.01662825044,42.91345130017726,12.100902600365142,0,1,1,0,0,1,False,-1,
12830,2025-11-17 10:00:00,10,1,MARKUP,2,C,47224.4087,47177.72004595741,47341.13033510648,46.688654042591224,14.799908085186656,0,1,1,0,0,1,True,12842,0.5
12845,2025-11-17 11:15:00,11,1,MARKUP,1,C,47233.158200000005,47174.160228245666,47380.65312938586,58.99797175433923,22.419543508666784,1,0,0,0,0,1,True,12848,-1.0
12866,2025-11-17 13:00:00,13,-1,MARKDOWN,2,C,47239.8955,47322.40765410489,47033.61511473777,82.51215410489385,23.875308209779757,0,1,1,0,0,1,False,-1,
12878,2025-11-17 14:00:00,14,-1,MARKDOWN,2,C,47239.8955,47323.5708220915,47030.707194771254,83.67532209149795,26.201644182996784,0,1,1,0,0,1,False,-1,
12890,2025-11-17 15:00:00,15,-1,MARKDOWN,1,C,47239.8955,47322.33786945115,47033.789576372124,82.44236945114972,23.735738902291995,0,1,0,0,0,1,False,-1,
12902,2025-11-17 16:00:00,16,-1,MARKDOWN,1,C,47177.0365,47269.55446284354,46945.741592891165,92.51796284353622,25.168925687072456,0,1,0,0,0,1,True,12909,0.5152159524713383
12914,2025-11-17 17:00:00,17,-1,MARKDOWN,2,C,47150.132,47252.61971872025,46893.91270319937,102.487718720251,45.29943744049412,0,1,1,0,0,1,True,12915,1.75
12926,2025-11-17 18:00:00,18,-1,MARKDOWN,3,B,47139.626000000004,47242.867445629374,46881.52238592658,103.24144562936999,59.79489125874247,0,1,1,1,1,1,True,12934,1.75
12948,2025-11-17 19:50:00,19,-1,MARKDOWN,1,C,47096.169499999996,47257.74119409859,46692.240264753505,161.5716940985949,53.64238819718774,0,0,1,0,0,1,False,-1,
12960,2025-11-17 20:50:00,20,-1,MARKDOWN,1,C,47093.877499999995,47257.12972608282,46685.74693479293,163.25222608282638,52.41945216564647,0,1,0,0,0,1,False,-1,
13082,2025-11-18 08:00:00,8,-1,MARKDOWN,1,C,46556.3745,46708.27000617275,46176.63573456812,151.8955061727538,28.560012345506088,0,1,0,0,0,1,False,-1,
13094,2025-11-18 09:00:00,9,-1,MARKDOWN,2,C,46553.471699999995,46706.81883555393,46170.10386111515,153.34713555393682,31.157671107873696,0,1,1,0,0,1,True,13113,1.2669612473091028
13109,2025-11-18 10:15:00,10,-1,MARKDOWN,2,C,46494.666699999994,46621.790007996016,46176.85843000994,127.12330799602205,34.10001599203656,0,0,1,0,1,1,True,13113,1.1938838498325226
13143,2025-11-18 13:05:00,13,-1,MARKDOWN,2,C,46413.2452,46487.30632180739,46228.09239548152,74.06112180739001,28.632643614774203,0,1,1,0,0,1,False,-1,
13155,2025-11-18 14:05:00,14,-1,MARKDOWN,2,C,46449.38,46571.941977180504,46142.97505704873,122.5619771805068,31.203954361010787,0,1,1,0,0,1,False,-1,
13167,2025-11-18 15:05:00,15,-1,MARKDOWN,1,C,46413.66299999999,46573.850048670276,46013.195378324286,160.18704867028282,35.02009734055383,0,1,0,0,0,1,False,-1,
13179,2025-11-18 16:05:00,16,-1,MARKDOWN,2,C,46385.852999999996,46529.38940046268,46027.011998843285,143.53640046268265,36.09880092536712,0,1,1,0,0,1,False,-1,
13191,2025-11-18 17:05:00,17,-1,MARKDOWN,2,C,46293.1524,46521.490764517046,45722.306488707385,228.338364517047,73.30152903410158,0,1,0,0,1,1,False,-1,
13203,2025-11-18 18:05:00,18,-1,MARKDOWN,1,C,46219.4214,46441.83495368899,45663.38751577753,222.41355368898803,83.98990737797546,0,1,0,0,0,1,True,13207,0.8025746889478637
13215,2025-11-18 19:05:00,19,-1,MARKDOWN,1,C,46182.156,46376.71553539726,45695.75716150685,194.55953539726033,74.35107079451987,0,0,1,0,0,1,True,13222,-1.0
13358,2025-11-19 08:00:00,8,-1,MARKDOWN,0,C,46123.325,46211.248148351195,45903.517129122,87.9231483511976,24.956296702390347,0,0,0,0,0,1,True,13370,-1.0
13418,2025-11-19 13:00:00,13,1,MARKUP,2,C,46121.392,46054.29726369612,46289.1288407597,67.09473630387947,22.645472607762187,0,1,1,0,0,1,False,-1,
13430,2025-11-19 14:00:00,14,1,MARKUP,0,C,46125.212,46055.55535228223,46299.35361929442,69.65664771776937,20.129295435551317,0,0,0,0,0,1,False,-1,
13442,2025-11-19 15:00:00,15,1,MARKUP,1,C,46132.1835,46055.38917247917,46324.16931880207,76.79432752083085,20.46165504166702,0,1,0,0,0,1,True,13455,-1.0
13465,2025-11-19 16:55:00,16,1,MARKUP,2,C,46189.6575,46136.39810078946,46322.80599802635,53.259399210539414,44.443798421077545,0,1,1,0,0,1,True,13471,-1.0
13479,2025-11-19 18:05:00,18,-1,MARKDOWN,2,C,46187.839,46345.6833023682,45793.22824407951,157.84430236819753,51.7266047363944,0,1,0,0,1,1,False,-1,
13491,2025-11-19 19:05:00,19,-1,MARKDOWN,2,C,46172.177,46348.53033074713,45731.29367313218,176.3533307471298,57.4206614942712,0,1,1,0,0,1,True,13509,0.8918375595764174
13503,2025-11-19 20:05:00,20,-1,MARKDOWN,0,C,46168.166,46352.2461353166,45707.96566170849,184.08013531660254,64.85227063320009,0,0,0,0,0,1,True,13509,0.8644953792962233
13634,2025-11-20 08:00:00,8,1,MARKUP,1,C,46404.855500000005,46354.1521982984,46531.613754254024,50.703301701607415,13.355603403210674,0,0,1,0,0,1,True,13639,1.136932082047922
13646,2025-11-20 09:00:00,9,1,MARKUP,0,C,46409.7995,46362.09123996244,46529.070150093896,47.70826003755792,13.477520075118319,0,0,0,0,0,1,True,13656,0.7994670852703036
13659,2025-11-20 10:05:00,10,1,MARKUP,2,C,46419.8092,46362.20912634362,46563.80938414096,57.60007365638012,19.24174731276274,0,0,1,1,0,1,True,13660,0.6077832779674668
13716,2025-11-20 14:50:00,14,1,MARKUP,2,C,46431.47,46383.4521988397,46551.51450290075,48.017801160298404,23.45560232059869,0,1,1,0,0,1,True,13721,1.75
13728,2025-11-20 15:50:00,15,1,MARKUP,2,C,46434.9065,46303.08544227822,46764.459144304434,131.82105772177601,37.68911544356035,0,1,1,0,0,1,False,-1,
13740,2025-11-20 16:50:00,16,1,MARKUP,1,C,46518.1634,46292.83138066236,47081.49344834409,225.33201933763485,58.19723867527478,0,1,0,0,0,1,True,13757,-1.0
13752,2025-11-20 17:50:00,17,1,MARKUP,1,C,46534.9714,46288.0337632509,47152.31549187275,246.9376367490986,67.79247349819384,0,1,0,0,0,1,True,13757,-1.0
13768,2025-11-20 19:10:00,19,-1,MARKDOWN,2,C,46519.3085,46929.46034541209,45493.928886469774,410.15184541208873,99.66069082417704,0,1,1,0,0,1,False,-1,
13780,2025-11-20 20:10:00,20,-1,MARKDOWN,1,C,46446.632999999994,46936.47020692522,45222.039982686925,489.8372069252291,113.68041385045059,0,1,0,0,0,1,False,-1,
13915,2025-11-21 08:25:00,8,-1,MARKDOWN,2,C,45970.778000000006,46039.70999812779,45798.44800468054,68.93199812778766,26.319996255576584,0,1,1,0,0,1,False,-1,
13927,2025-11-21 09:25:00,9,-1,MARKDOWN,1,C,45970.778000000006,46038.563688317736,45801.31377920568,67.78568831773009,24.02737663547073,0,1,0,0,0,1,True,13943,1.75
13939,2025-11-21 10:25:00,10,-1,MARKDOWN,1,C,45929.3692,46046.19247578935,45637.311010526624,116.82327578934928,39.284951578695875,1,0,0,0,0,1,True,13943,0.8961346141465312
13954,2025-11-21 11:40:00,11,-1,MARKDOWN,2,C,45905.2672,46006.235170166256,45652.84727458437,100.96797016625351,37.37034033250966,1,0,1,0,0,1,True,13955,0.8389861480010994
13979,2025-11-21 13:45:00,13,-1,MARKDOWN,3,B,45909.942,46022.062393441745,45629.641016395646,112.12039344174264,37.82478688348413,1,0,1,0,1,1,True,13988,0.5
13995,2025-11-21 15:05:00,15,1,MARKUP,1,C,45888.457,45731.281368278665,46281.39607930335,157.17563172133669,55.73726344267583,0,1,0,0,0,1,True,14012,0.5
14007,2025-11-21 16:05:00,16,1,MARKUP,1,C,45888.457,45738.87886631121,46262.40233422199,149.5781336887958,40.54226737759344,0,1,0,0,0,1,True,14012,0.6098494801774583
14019,2025-11-21 17:05:00,17,1,MARKUP,2,C,45888.457,45723.308341118376,46301.32864720406,165.14865888162603,71.68331776325601,0,1,1,0,0,1,True,14020,0.5
14034,2025-11-21 18:20:00,18,1,MARKUP,3,B,45899.1175,45726.59608153031,46330.42104617422,172.5214184696888,99.60783693937736,0,1,1,0,1,1,False,-1,
14046,2025-11-21 19:20:00,19,1,MARKUP,1,C,46055.6204,45739.46931753156,46845.99810617109,316.1510824684374,84.36136493688363,0,1,0,0,0,1,False,-1,
14058,2025-11-21 20:20:00,20,1,MARKUP,2,C,46060.07,45752.25198268068,46829.6150432983,307.81801731931773,73.19603463862684,0,1,1,0,0,1,False,-1,
14207,2025-11-24 09:45:00,9,1,MARKUP,3,B,46377.3927,46330.66628673285,46494.20873316786,46.72641326714802,17.167426534297512,0,1,1,0,1,1,True,14210,0.857938928814749
14219,2025-11-24 10:45:00,10,1,MARKUP,2,C,46382.4542,46326.67602990804,46521.8996252299,55.7781700919586,25.147940183923367,0,1,1,0,0,1,True,14224,-1.0
14231,2025-11-24 11:45:00,11,-1,MARKDOWN,1,C,46349.7805,46477.531050515056,46030.40412371236,127.75055051505478,39.86210103011571,0,1,0,0,0,1,False,-1,
14246,2025-11-24 13:00:00,13,-1,MARKDOWN,2,C,46349.7805,46475.76024983302,46034.83112541745,125.97974983302265,36.320499666051276,0,1,1,0,0,1,True,14263,0.9713334465842888
14258,2025-11-24 14:00:00,14,-1,MARKDOWN,1,C,46349.7805,46474.05953084748,46039.0829228813,124.27903084747959,32.91906169495697,0,0,1,0,0,1,True,14263,0.977783494799672
14282,2025-11-24 16:00:00,16,1,MARKUP,1,C,46280.782,46161.25370991807,46579.60272520482,119.5282900819293,28.192580163857077,0,1,0,0,0,1,True,14290,-1.0
14296,2025-11-24 17:10:00,17,1,MARKUP,3,B,46299.939999999995,46172.260909985234,46619.1377250369,127.67909001476073,68.17818002952953,0,1,1,1,0,1,False,-1,
14308,2025-11-24 18:10:00,18,1,MARKUP,1,C,46304.966,46089.94867469628,46842.5093132593,215.017325303721,57.202650607451204,0,1,0,0,0,1,False,-1,
14320,2025-11-24 19:10:00,19,1,MARKUP,1,C,46304.966,46094.13355258378,46832.047118540555,210.83244741622184,48.83289483245233,0,0,1,0,0,1,False,-1,
14332,2025-11-24 20:10:00,20,1,MARKUP,2,C,46304.966,46097.948835449686,46822.508911375786,207.0171645503142,41.20232910063396,0,1,1,0,0,1,False,-1,
14471,2025-11-25 08:45:00,8,-1,MARKDOWN,3,B,46405.397999999994,46430.76866227583,46341.97134431041,25.37066227583273,11.777324551655692,0,1,1,1,0,1,True,14477,-1.0
14488,2025-11-25 10:10:00,10,-1,MARKDOWN,2,C,46402.617,46428.744152675456,46337.299118311355,26.127152675457182,16.728305350921442,0,1,1,0,0,1,True,14489,-1.0
14503,2025-11-25 11:25:00,11,-1,MARKDOWN,2,C,46425.364,46469.87857715837,46314.07755710407,44.51457715837023,21.797154316741867,0,1,1,0,0,1,True,14520,-1.0
14522,2025-11-25 13:00:00,13,-1,MARKDOWN,1,C,46423.836,46468.94292731655,46311.06868170863,45.106927316548536,19.925854633091376,0,0,1,0,0,1,True,14534,-1.0
14544,2025-11-25 14:50:00,14,1,MARKUP,2,C,46435.358,46352.59052866333,46642.27667834168,82.76747133667232,28.778942673346723,1,0,0,1,0,1,True,14546,0.7014914852016463
14556,2025-11-25 15:50:00,15,1,MARKUP,2,C,46435.358,46352.449783683864,46642.62854079034,82.90821631613653,29.060432632277468,0,1,1,0,0,1,True,14567,0.5
14569,2025-11-25 16:55:00,16,1,MARKUP,2,C,46534.3724,46328.37850107897,47049.357147302566,205.99389892102772,77.20299784206605,0,1,1,0,0,1,True,14570,0.877777223967557
14581,2025-11-25 17:55:00,17,1,MARKUP,1,C,46552.7665,46308.380518519225,47163.73145370193,244.3859814807729,87.09896296154463,0,1,0,0,0,1,False,-1,
14593,2025-11-25 18:55:00,18,1,MARKUP,2,C,46561.9345,46320.78597466249,47164.80581334379,241.148525337514,62.28805067502146,0,1,1,0,0,1,False,-1,
14605,2025-11-25 19:55:00,19,1,MARKUP,1,C,46618.6615,46329.467910953404,47341.645472616496,289.1935890465975,44.924178093197966,0,1,0,0,0,1,False,-1,
14617,2025-11-25 20:55:00,20,1,MARKUP,1,C,46618.6615,46334.32253276297,47329.508918092586,284.3389672370322,35.214934474055035,0,1,0,0,0,1,False,-1,
14738,2025-11-26 08:00:00,8,1,MARKUP,1,C,47206.643000000004,47179.245878790054,47275.13580302488,27.397121209949546,7.808242419891511,0,1,0,0,0,1,False,-1,
14750,2025-11-26 09:00:00,9,1,MARKUP,2,C,47221.941,47197.88890803574,47282.071229910645,24.05209196425858,9.522183928526221,0,1,1,0,0,1,True,14774,-1.0
14762,2025-11-26 10:00:00,10,1,MARKUP,1,C,47233.2482,47196.79092164704,47324.3913958824,36.45727835295838,11.718156705916677,0,1,0,0,0,1,True,14774,-1.0
14817,2025-11-26 14:35:00,14,-1,MARKDOWN,2,C,47224.877,47293.22321086575,47054.01147283563,68.34621086574771,20.946421731494695,0,1,1,0,0,1,True,14829,-1.0
14834,2025-11-26 16:00:00,16,1,MARKUP,2,C,47212.125,47178.06532845503,47297.274178862426,34.059671544971934,20.369343089942998,0,1,0,0,1,1,True,14839,0.5
14846,2025-11-26 17:00:00,17,1,MARKUP,2,C,47241.4379,47109.94342253611,47570.17409365971,131.49447746388614,42.61315492777985,0,1,0,0,1,1,False,-1,
14858,2025-11-26 18:00:00,18,1,MARKUP,2,C,47255.4764,47108.80090390964,47622.16514022589,146.67549609035632,44.89819218070785,0,1,1,0,0,1,False,-1,
14870,2025-11-26 19:00:00,19,1,MARKUP,2,C,47301.316399999996,47113.23464942443,47771.52077643892,188.08175057556946,36.030701151141116,0,1,1,0,0,1,False,-1,
14882,2025-11-26 20:00:00,20,1,MARKUP,2,C,47318.9599,47135.43531944621,47777.77135138448,183.52458055379248,35.12936110758756,0,1,1,0,0,1,False,-1,
15014,2025-11-27 08:00:00,8,1,MARKUP,1,C,47469.711,47452.57238346643,47512.55754133393,17.13861653357162,7.155233067145337,1,0,0,0,0,1,True,15015,-1.0
15033,2025-11-27 09:35:00,9,-1,MARKDOWN,2,C,47471.3467,47496.53458475057,47408.37698812359,25.18788475056499,9.76916950113044,0,1,1,0,0,1,True,15041,0.6877355524717175
15045,2025-11-27 10:35:00,10,1,MARKUP,3,B,47472.6465,47454.30761456673,47518.493713583186,18.33888543327339,13.184770866542367,0,1,1,0,1,1,True,15046,-1.0
15057,2025-11-27 11:35:00,11,-1,MARKDOWN,2,C,47467.144700000004,47498.45670038571,47388.864699035745,31.31200038570387,13.613400771416522,0,1,1,0,0,1,False,-1,
15074,2025-11-27 13:00:00,13,-1,MARKDOWN,0,C,47454.676,47491.85333737204,47361.73265656989,37.17733737204253,11.706674744077333,0,0,0,0,0,1,True,15087,0.807860293069529
15086,2025-11-27 14:00:00,14,-1,MARKDOWN,0,C,47454.676,47491.549664324884,47362.49183918779,36.873664324884885,11.099328649764432,0,0,0,0,0,1,True,15087,0.8103956763846116
15099,2025-11-27 15:05:00,15,-1,MARKDOWN,2,C,47454.676,47491.11270022933,47363.584249426676,36.43670022932929,10.225400458659804,0,1,1,0,0,1,True,15104,0.7211573348215111
15120,2025-11-27 16:50:00,16,1,MARKUP,1,C,47432.7455,47398.05433328819,47519.47341677951,34.69116671180382,11.891333423611837,0,1,0,0,0,1,True,15134,1.75
15132,2025-11-27 17:50:00,17,1,MARKUP,1,C,47439.2884,47408.89095742316,47515.282006442096,30.39744257683924,10.218085153677528,1,0,0,0,0,1,True,15133,1.75
15144,2025-11-27 18:50:00,18,-1,MARKDOWN,3,B,47443.5095,47467.786901140884,47382.81599714779,24.27740114088374,12.073802281772561,0,1,1,1,0,1,True,15146,0.6019463944285691
15210,2025-11-28 15:35:00,15,1,MARKUP,2,C,47475.775519999996,47416.98865495567,47622.74268261081,58.78686504432699,14.92269008865044,0,1,1,0,0,1,True,15216,1.75
15223,2025-11-28 16:40:00,16,1,MARKUP,3,B,47495.6081,47428.572798912086,47663.19635271978,67.03530108791165,31.274402175833128,0,1,1,1,1,1,False,-1,
15235,2025-11-28 17:40:00,17,1,MARKUP,1,C,47554.2451,47426.321520606274,47874.054048484315,127.92357939372596,35.77695878744331,0,1,0,0,0,1,False,-1,
15247,2025-11-28 18:40:00,18,1,MARKUP,2,C,47566.3736,47426.86126485125,47915.15443787187,139.51233514874912,34.69747029750266,0,1,1,0,0,1,False,-1,
15259,2025-11-28 19:40:00,19,1,MARKUP,0,C,47566.3736,47428.888479575406,47910.08640106148,137.48512042459333,30.64304084918647,0,0,0,0,0,1,False,-1,
15351,2025-12-01 08:00:00,8,-1,MARKDOWN,1,C,47525.4335,47589.19396022163,47366.03234944592,63.76046022163064,12.347920443261188,0,1,0,0,0,1,False,-1,
15363,2025-12-01 09:00:00,9,-1,MARKDOWN,2,C,47506.8935,47559.40791755621,47375.60745610947,52.51441755620908,12.77583511242588,0,1,1,0,0,1,True,15378,0.9472862992282209
15375,2025-12-01 10:00:00,10,-1,MARKDOWN,2,C,47486.9142,47530.430456233094,47378.12355941726,43.51625623309519,16.820912466201804,0,1,1,0,0,1,True,15376,-1.0
15445,2025-12-01 15:50:00,15,-1,MARKDOWN,2,C,47519.2905,47562.72454389481,47410.705390262985,43.434043894805654,20.209087789608542,0,1,1,0,0,1,True,15454,0.5
15458,2025-12-01 16:55:00,16,1,MARKUP,2,C,47511.771400000005,47381.48876336714,47837.47799158217,130.28263663286634,40.76247326572638,0,1,1,0,0,1,True,15462,-1.0
15472,2025-12-01 18:05:00,18,-1,MARKDOWN,2,C,47557.6845,47716.7953524366,47159.907368908505,159.1108524365991,54.45070487320076,0,1,1,0,0,1,True,15479,0.9366032087889145
15484,2025-12-01 19:05:00,19,-1,MARKDOWN,1,C,47557.6845,47710.973014933545,47174.463212666145,153.2885149335416,42.80602986708757,1,0,0,0,0,1,True,15498,0.9531866510486888
15497,2025-12-01 20:10:00,20,1,MARKUP,3,B,47511.771400000005,47383.82480458934,47831.63788852666,127.94659541066358,36.0903908213172,0,1,1,0,1,1,True,15507,-1.0
15627,2025-12-02 08:00:00,8,-1,MARKDOWN,2,C,47283.1485,47321.57459163466,47187.08327091337,38.42609163465386,9.429183269319244,0,1,1,0,0,1,True,15643,0.9854539766206275
15651,2025-12-02 10:00:00,10,-1,MARKDOWN,3,B,47262.0975,47294.53498021229,47181.0037994693,32.437480212283845,12.349960424575702,0,1,1,0,1,1,True,15657,-1.0
15687,2025-12-02 13:00:00,13,1,MARKUP,1,C,47283.678,47209.950512680196,47467.99671829951,73.72748731980391,14.518974639611725,0,1,0,0,0,1,False,-1,
15699,2025-12-02 14:00:00,14,1,MARKUP,0,C,47283.678,47211.21564549653,47464.833886258675,72.46235450347012,11.988709006945289,0,0,0,0,0,1,False,-1,
15711,2025-12-02 15:00:00,15,1,MARKUP,1,C,47283.678,47209.95447318935,47467.98681702663,73.7235268106524,14.511053621297481,0,0,1,0,0,1,True,15731,1.75
15723,2025-12-02 16:00:00,16,1,MARKUP,2,C,47360.167499999996,47298.06223375886,47515.43066560284,62.10526624113845,16.295532482289477,0,1,1,0,0,1,True,15729,0.5
15735,2025-12-02 17:00:00,17,1,MARKUP,3,B,47371.403,47288.02015943216,47579.86010141959,83.38284056783596,43.37968113567156,0,1,1,1,0,1,True,15740,0.5
15747,2025-12-02 18:00:00,18,1,MARKUP,2,C,47407.29,47249.49566808397,47801.77582979009,157.79433191603312,55.82866383206974,0,1,1,0,0,1,True,15751,0.7591795899418532
15759,2025-12-02 19:00:00,19,1,MARKUP,2,C,47407.29,47248.11197768723,47805.23505578193,159.17802231277165,58.59604462555249,0,0,1,0,1,1,True,15770,0.914246908611688
15903,2025-12-03 08:00:00,8,1,MARKUP,0,C,47582.6235,47552.44655453874,47658.065863653144,30.176945461258583,7.44689092251588,0,0,0,0,0,1,True,15906,0.5
15919,2025-12-03 09:20:00,9,1,MARKUP,3,B,47591.43,47564.036874964964,47659.91281258759,27.393125035036064,12.766250070063657,0,1,1,1,0,1,True,15923,-1.0
15979,2025-12-03 14:20:00,14,1,MARKUP,3,B,47577.676,47548.61585729349,47650.32635676628,29.060142706512124,13.808285413018293,0,1,1,1,1,1,True,15991,0.5057889289385549
15991,2025-12-03 15:20:00,15,1,MARKUP,1,C,47576.2455,47534.27539337592,47681.170766560186,41.970106624074106,14.989213248143995,1,0,0,0,0,1,True,15998,-1.0
16003,2025-12-03 16:20:00,16,-1,MARKDOWN,1,C,47537.284,47646.7010146338,47263.7414634155,109.41701463380014,29.362029267604676,0,1,0,0,0,1,True,16006,-1.0
16019,2025-12-03 17:40:00,17,1,MARKUP,1,C,47515.1224,47357.74976139211,47908.55399651973,157.37263860789244,52.5404772157786,0,1,0,0,0,1,False,-1,
16031,2025-12-03 18:40:00,18,1,MARKUP,1,C,47542.6264,47359.517157679504,48000.399505801244,183.1092423204973,49.005684640981976,0,1,0,0,0,1,False,-1,
16043,2025-12-03 19:40:00,19,1,MARKUP,2,C,47565.9284,47362.23660099871,48075.15789750322,203.69179900128802,43.5667980025779,0,1,1,0,0,1,False,-1,
16055,2025-12-03 20:40:00,20,1,MARKUP,2,C,47589.4214,47366.43988698079,48146.875182548014,222.98151301920734,35.160226038414095,0,1,1,0,0,1,False,-1,
16179,2025-12-04 08:00:00,8,1,MARKUP,2,C,47942.812,47923.378375540866,47991.396061147825,19.43362445913226,7.543248918264374,0,1,1,0,0,1,True,16182,0.9295230854780194
16191,2025-12-04 09:00:00,9,1,MARKUP,3,B,47945.284,47927.24844434646,47990.372889133854,18.03555565354327,7.8031113070858344,0,1,1,0,1,1,True,16203,0.5
16225,2025-12-04 11:50:00,11,1,MARKUP,2,C,47955.0777,47931.54689378347,48013.90471554134,23.530806216534984,14.706212433072805,0,1,1,0,0,1,True,16233,-1.0
16253,2025-12-04 14:10:00,14,1,MARKUP,2,C,47967.1935,47956.24631739281,47994.56145651797,10.947182607189461,11.00736521437368,0,1,1,0,0,1,True,16254,-1.0
16267,2025-12-04 15:20:00,15,1,MARKUP,2,C,47930.108,47897.210010384224,48012.352974039444,32.89798961577617,13.079979231553859,0,1,1,0,0,1,True,16269,2.5
16280,2025-12-04 16:25:00,16,-1,MARKDOWN,3,B,47945.9145,47982.12093375003,47855.39841562491,36.20643375003419,18.74186750006364,0,1,1,0,1,1,True,16281,-1.0
16292,2025-12-04 17:25:00,17,-1,MARKDOWN,1,C,47971.899999999994,48100.672648656444,47649.96837835887,128.77264865644975,47.445297312897154,0,1,0,0,0,1,False,-1,
16304,2025-12-04 18:25:00,18,-1,MARKDOWN,2,C,47971.899999999994,48100.91304702305,47649.367382442346,129.01304702305788,47.92609404611118,0,1,1,0,0,1,False,-1,
16316,2025-12-04 19:25:00,19,-1,MARKDOWN,1,C,47966.17,48097.42220788052,47638.0394802987,131.25220788051956,40.94441576104393,0,1,0,0,0,1,False,-1,
16331,2025-12-04 20:40:00,20,-1,MARKDOWN,1,C,47966.17,48094.090642984105,47646.368392539734,127.92064298410696,34.28128596821039,0,0,1,0,0,1,False,-1,
16455,2025-12-05 08:00:00,8,1,MARKUP,2,C,47891.8955,47866.71303358485,47954.851666037874,25.182466415149975,8.153932830304468,0,1,1,0,0,1,True,16460,0.5718083287767941
16481,2025-12-05 10:10:00,10,1,MARKUP,3,B,47885.8582,47865.177447425005,47937.56008143749,20.680752574997314,10.725105149991784,0,1,1,0,1,1,True,16484,0.5
16498,2025-12-05 11:35:00,11,-1,MARKDOWN,2,C,47898.354999999996,47930.53026497003,47817.91683757491,32.17526497003564,12.780529940068563,0,1,1,0,0,1,True,16521,-1.0
16515,2025-12-05 13:00:00,13,-1,MARKDOWN,0,C,47894.6305,47929.16378507555,47808.29728731112,34.53328507555125,10.047570151095744,0,0,0,0,0,1,True,16520,-1.0
16527,2025-12-05 14:00:00,14,1,MARKUP,2,C,47883.275499999996,47840.1698404499,47991.039648875245,43.10565955009952,13.44031910020689,0,1,1,0,0,1,True,16545,-1.0
16539,2025-12-05 15:00:00,15,1,MARKUP,2,C,47883.275499999996,47840.53348800138,47990.13052999653,42.742011998612725,12.713023997237054,0,1,1,0,0,1,True,16545,-1.0
16551,2025-12-05 16:00:00,16,-1,MARKDOWN,1,C,47876.245,47951.94035504148,47687.00661239631,75.69535504147643,19.60071008295851,0,1,0,0,0,1,True,16554,-1.0
16563,2025-12-05 17:00:00,17,1,MARKUP,2,C,47900.3604,47751.02422267192,48273.70084332019,149.3361773280776,37.231554656155645,0,1,1,0,0,1,True,16583,0.8258307785605088
16575,2025-12-05 18:00:00,18,1,MARKUP,1,C,47909.528399999996,47747.91667565934,48313.55771085163,161.6117243406552,43.44664868131265,0,1,0,0,0,1,True,16582,0.2521574481446933
16587,2025-12-05 19:00:00,19,1,MARKUP,2,C,47909.528399999996,47748.64176023026,48311.744999424336,160.88663976973476,41.99647953946997,1,0,0,0,1,1,True,16588,0.2284316463604629
16599,2025-12-05 20:00:00,20,1,MARKUP,3,B,47909.528399999996,47750.39758224375,48307.35544439061,159.13081775624596,38.484835512496254,0,1,1,0,1,1,False,-1,
16731,2025-12-08 08:00:00,8,1,MARKUP,1,C,47949.936,47924.20546475727,48014.262338106826,25.730535242728365,7.149070485458179,0,1,0,0,0,1,False,-1,
16743,2025-12-08 09:00:00,9,1,MARKUP,1,C,47959.3745,47938.59512631138,48011.322934221535,20.779373688616033,7.369747377240188,0,0,1,0,0,1,True,16757,-1.0
16755,2025-12-08 10:00:00,10,1,MARKUP,0,C,47968.9997,47945.62581610385,48027.43440974038,23.3738838961508,9.808367792305017,0,0,0,0,0,1,True,16756,-1.0
16778,2025-12-08 11:55:00,11,-1,MARKDOWN,2,C,47973.9545,48004.836767135195,47896.74883216201,30.882267135195434,11.913534270390178,0,1,1,0,0,1,True,16789,-1.0
16791,2025-12-08 13:00:00,13,-1,MARKDOWN,3,B,47973.9545,48005.02866424263,47896.26908939343,31.074164242629195,12.297328485260618,0,1,1,0,1,1,True,16804,-1.0
16812,2025-12-08 14:45:00,14,1,MARKUP,2,C,47952.8255,47927.60780998221,48015.86972504447,25.21769001778739,12.04438003556643,0,1,1,0,0,1,True,16822,1.75
16824,2025-12-08 15:45:00,15,1,MARKUP,2,C,47957.409499999994,47925.870951630146,48036.255870924615,31.538548369848286,15.518096739704871,0,1,1,0,0,1,True,16833,-1.0
16836,2025-12-08 16:45:00,16,-1,MARKDOWN,2,C,47927.6134,48035.657591736745,47657.502920658146,108.0441917367425,35.55518347348929,0,1,0,1,0,1,True,16837,0.7416942730906865
16848,2025-12-08 17:45:00,17,-1,MARKDOWN,2,C,47927.6134,48040.22151673763,47646.09310815594,112.6081167376251,44.683033475252905,0,1,1,0,0,1,False,-1,
16860,2025-12-08 18:45:00,18,-1,MARKDOWN,1,C,47901.3509,48040.00986893599,47554.70347766002,138.65896893598983,44.25973787197539,0,1,0,0,0,1,False,-1,
16872,2025-12-08 19:45:00,19,-1,MARKDOWN,1,C,47897.5309,48036.73559575266,47549.51916061834,139.2046957526618,37.71119150532752,0,1,0,0,0,1,False,-1,
16884,2025-12-08 20:45:00,20,-1,MARKDOWN,2,C,47871.4594,48036.625943158746,47458.543042103134,165.1665431587462,37.49188631749546,0,1,1,0,0,1,False,-1,
17007,2025-12-09 08:00:00,8,-1,MARKDOWN,2,C,47757.906,47775.755223532426,47713.282941168945,17.84922353242291,7.430447064847251,0,1,1,0,0,1,True,17012,-1.0
17026,2025-12-09 09:35:00,9,1,MARKUP,1,C,47755.14,47731.81842097074,47813.44394757315,23.321579029259738,8.44315805852447,0,1,0,0,0,1,False,-1,
17038,2025-12-09 10:35:00,10,1,MARKUP,1,C,47765.3012,47729.55722269637,47854.66114325908,35.743977303631254,12.965554607260755,1,0,0,0,0,1,True,17039,-1.0
17050,2025-12-09 11:35:00,11,1,MARKUP,1,C,47765.3012,47729.17552587063,47855.61538532343,36.125674129369145,13.72894825873042,1,0,0,0,0,1,True,17051,-1.0
17067,2025-12-09 13:00:00,13,1,MARKUP,2,C,47738.62,47673.562642228455,47901.26339442887,65.05735777154769,23.154715543081892,0,1,1,0,0,1,False,-1,
17079,2025-12-09 14:00:00,14,1,MARKUP,1,C,47739.002,47675.84600006595,47896.891999835134,63.1559999340534,18.587999868110206,0,1,0,0,0,1,True,17097,2.5
17091,2025-12-09 15:00:00,15,1,MARKUP,0,C,47739.002,47676.905195472325,47894.244011319184,62.096804527674976,16.46960905535393,0,0,0,0,0,1,True,17097,2.5
17103,2025-12-09 16:00:00,16,-1,MARKDOWN,2,C,47753.429,47805.05401840614,47624.366453984636,51.62501840614277,18.82803681227447,0,1,1,0,0,1,True,17109,-1.0
17115,2025-12-09 17:00:00,17,1,MARKUP,2,C,47792.7494,47661.41884050263,48121.07579874343,131.33055949737172,47.44231899474304,0,1,0,1,0,1,False,-1,
17127,2025-12-09 18:00:00,18,1,MARKUP,3,B,47801.0924,47675.40470013576,48115.3116496606,125.68769986424013,46.47059972847078,0,1,1,1,0,1,True,17142,-1.0
17139,2025-12-09 19:00:00,19,1,MARKUP,0,C,47801.0924,47679.345081876265,48105.460695309346,121.74731812373648,38.58983624747584,0,0,0,0,0,1,True,17142,-1.0
17151,2025-12-09 20:00:00,20,-1,MARKDOWN,1,C,47833.14,47988.05363695172,47445.855907620695,154.91363695172186,42.4272739034487,0,1,0,0,0,1,False,-1,
17321,2025-12-10 11:10:00,11,-1,MARKDOWN,3,B,47597.938500000004,47624.61679618787,47531.242759530345,26.678296187863452,16.493592375732984,0,1,1,0,1,1,True,17331,1.75
17343,2025-12-10 13:00:00,13,-1,MARKDOWN,1,C,47566.232500000006,47626.88203587059,47414.60866032354,60.64953587058699,21.02407174118254,0,1,0,0,0,1,False,-1,
17355,2025-12-10 14:00:00,14,-1,MARKDOWN,2,C,47566.232500000006,47624.7087224663,47420.04194383428,58.4762224662918,16.67744493259632,0,1,1,0,0,1,True,17370,-1.0
17367,2025-12-10 15:00:00,15,-1,MARKDOWN,1,C,47566.232500000006,47623.620081278226,47422.763546804454,57.38758127822075,14.500162556451448,0,1,0,0,0,1,True,17370,-1.0
17381,2025-12-10 16:10:00,16,-1,MARKDOWN,2,C,47556.6535,47609.97843054945,47423.34117362638,53.324930549446435,18.216861098891766,0,1,1,0,0,1,True,17385,0.5
17393,2025-12-10 17:10:00,17,1,MARKUP,2,C,47563.8255,47446.06039830104,47858.23825424741,117.7651016989621,40.51920339792752,0,1,1,0,0,1,False,-1,
17405,2025-12-10 18:10:00,18,1,MARKUP,2,C,47588.8465,47440.18517858911,47960.499803527215,148.66132141088747,52.269642821781744,0,1,1,0,0,1,False,-1,
17417,2025-12-10 19:10:00,19,1,MARKUP,1,C,47605.8455,47445.91346779896,48005.67558050262,159.93203220104624,40.81306440208626,0,1,0,0,0,1,False,-1,
17429,2025-12-10 20:10:00,20,1,MARKUP,1,C,47605.8455,47450.139998090206,47995.10925477449,155.70550190979702,32.36000381958639,0,1,0,0,0,1,False,-1,
17559,2025-12-11 08:00:00,8,-1,MARKDOWN,2,C,47988.4365,48095.88518469362,47719.814788265954,107.44868469361973,16.830369387243568,0,1,1,0,0,1,False,-1,
17571,2025-12-11 09:00:00,9,-1,MARKDOWN,2,C,47961.2445,48051.70851608167,47735.08445979582,90.4640160816707,16.477032163338556,0,1,1,0,0,1,False,-1,
17583,2025-12-11 10:00:00,10,-1,MARKDOWN,3,B,47902.8435,47958.4747920976,47763.76526975601,55.63129209759791,19.009584195201782,0,1,1,0,1,1,True,17593,-1.0
17619,2025-12-11 13:00:00,13,1,MARKUP,2,C,47897.0662,47821.76117788766,48085.328755280854,75.30502211234125,21.41764422468054,0,1,1,0,0,1,False,-1,
17631,2025-12-11 14:00:00,14,1,MARKUP,2,C,47923.936,47833.35649558929,48150.384761026784,90.57950441071443,18.427008821426817,0,1,1,0,0,1,False,-1,
17643,2025-12-11 15:00:00,15,1,MARKUP,2,C,47948.429,47834.31356154659,48233.717596133516,114.1154384534093,18.51287690682085,0,1,1,0,0,1,False,-1,
17655,2025-12-11 16:00:00,16,1,MARKUP,1,C,47989.217,47899.29639171309,48214.01852071726,89.92060828690592,20.547216573822123,0,1,0,0,0,1,False,-1,
17667,2025-12-11 17:00:00,17,1,MARKUP,3,B,48138.213899999995,47920.90767425232,48681.479464369186,217.30622574767767,55.32465149536382,0,1,1,0,1,1,False,-1,
17679,2025-12-11 18:00:00,18,1,MARKUP,2,C,48211.5374,47950.85201430741,48863.25086423147,260.68538569258817,62.43597138516852,0,1,1,0,0,1,False,-1,
17691,2025-12-11 19:00:00,19,1,MARKUP,2,C,48281.5534,48007.10938215912,48967.66344460219,274.44401784087677,60.921235681762376,0,1,1,0,0,1,False,-1,
17703,2025-12-11 20:00:00,20,1,MARKUP,2,C,48319.7154,48035.13768429274,49031.15968926815,284.5777157072589,49.86463141451933,0,1,1,0,0,1,False,-1,
17835,2025-12-12 08:00:00,8,1,MARKUP,1,C,48805.1025,48772.04455776459,48887.74735558854,33.057942235413066,9.770884470825877,0,1,0,0,0,1,False,-1,
17847,2025-12-12 09:00:00,9,1,MARKUP,1,C,48819.103,48794.47867068658,48880.66382328357,24.624329313424823,9.902658626848188,0,0,1,0,0,1,True,17848,1.75
17859,2025-12-12 10:00:00,10,1,MARKUP,2,C,48819.103,48793.94683110247,48881.99342224384,25.15616889753437,10.966337795058292,0,1,1,0,0,1,True,17877,-1.0
17871,2025-12-12 11:00:00,11,1,MARKUP,1,C,48836.5732,48800.19370240837,48927.52194397908,36.37949759163166,13.47259518326812,0,1,0,0,0,1,True,17873,-1.0
17940,2025-12-12 16:45:00,16,1,MARKUP,3,B,48800.5584,48732.89225437317,48969.72376406709,67.6661456268339,31.27549125366264,0,1,1,0,1,1,True,17943,-1.0
17952,2025-12-12 17:45:00,17,-1,MARKDOWN,3,B,48788.466,48911.5957462176,48480.641634456,123.12974621760077,53.73149243520228,0,1,1,0,1,1,False,-1,
17964,2025-12-12 18:45:00,18,-1,MARKDOWN,1,C,48671.956000000006,48922.15044547197,48046.4698863201,250.19444547196326,74.84089094392506,0,1,0,0,0,1,False,-1,
17976,2025-12-12 19:45:00,19,-1,MARKDOWN,1,C,48671.956000000006,48917.65425798896,48057.71035502762,245.6982579889518,65.84851597791112,0,1,0,0,0,1,False,-1,
17988,2025-12-12 20:45:00,20,-1,MARKDOWN,0,C,48671.956000000006,48912.63677433197,48070.25406417009,240.68077433196595,55.81354866392969,0,0,0,0,0,1,False,-1,
18111,2025-12-15 08:00:00,8,1,MARKUP,0,C,48570.671500000004,48530.05446785649,48672.21408035878,40.617032143512915,9.991064287027672,0,0,0,0,0,1,True,18118,0.7400244744336021
18123,2025-12-15 09:00:00,9,1,MARKUP,3,B,48590.1385,48560.723221195534,48663.676697011164,29.415278804466652,11.653557608930523,0,1,1,1,0,1,True,18128,1.0717190301134651
18138,2025-12-15 10:15:00,10,1,MARKUP,3,B,48593.228500000005,48562.86426349958,48669.13909125107,30.36423650042707,17.37147300085225,0,1,1,1,0,1,False,-1,
18150,2025-12-15 11:15:00,11,1,MARKUP,2,C,48605.9512,48559.97588862817,48720.889478429584,45.975311371832504,18.148222743666356,0,1,1,0,0,1,False,-1,
18171,2025-12-15 13:00:00,13,1,MARKUP,1,C,48618.2707,48562.75508985956,48757.05972535111,55.51561014044273,12.589820280888688,0,1,0,0,0,1,False,-1,
18183,2025-12-15 14:00:00,14,1,MARKUP,1,C,48619.6695,48563.20540364274,48760.829740893154,56.46409635726013,11.88919271451752,0,1,0,0,0,1,False,-1,
18195,2025-12-15 15:00:00,15,1,MARKUP,1,C,48619.6695,48562.64094044851,48762.240898878736,57.028559551494254,13.018119102989695,0,1,0,0,0,1,True,18213,0.5
18207,2025-12-15 16:00:00,16,1,MARKUP,2,C,48661.3925,48622.313730996466,48759.08942250884,39.078769003535854,14.172538007076291,0,1,1,0,0,1,True,18213,-1.0
18220,2025-12-15 17:05:00,17,-1,MARKDOWN,2,C,48609.9214,48746.20291161415,48269.21762096463,136.28151161415008,41.605823228299876,0,1,0,0,1,1,False,-1,
18232,2025-12-15 18:05:00,18,-1,MARKDOWN,2,C,48572.5809,48752.94089331569,48121.680916710786,180.35999331568746,55.08178663137937,0,1,0,1,0,1,False,-1,
18244,2025-12-15 19:05:00,19,-1,MARKDOWN,1,C,48568.7609,48754.67231136011,48103.982371599726,185.91141136010992,58.544622720224915,0,1,0,0,0,1,False,-1,
18256,2025-12-15 20:05:00,20,-1,MARKDOWN,1,C,48557.8739,48753.35687089864,48069.16647275339,195.48297089864354,55.913741797275456,0,1,0,0,0,1,False,-1,
18387,2025-12-16 08:00:00,8,-1,MARKDOWN,1,C,48367.452000000005,48439.59676542934,48187.09008642666,72.14476542933699,15.173530858673582,0,1,0,0,0,1,False,-1,
18400,2025-12-16 09:05:00,9,-1,MARKDOWN,2,C,48313.8405,48351.88135503768,48218.7383624058,38.04085503768147,13.242710075357683,1,0,1,0,0,1,True,18403,0.822219358924176
18449,2025-12-16 13:10:00,13,1,MARKUP,2,C,48311.256,48253.446657546134,48455.77935613467,57.80934245386743,17.826684907739175,0,1,1,0,0,1,False,-1,
18461,2025-12-16 14:10:00,14,1,MARKUP,2,C,48331.502,48254.29857564311,48524.51056089223,77.20342435689236,16.122848713785405,0,1,1,0,0,1,False,-1,
18473,2025-12-16 15:10:00,15,1,MARKUP,2,C,48347.3505,48273.96699323621,48530.80926690948,73.38350676379196,14.786013527588409,0,1,1,0,0,1,True,18491,0.5
18485,2025-12-16 16:10:00,16,1,MARKUP,1,C,48375.714,48266.910360920025,48647.72309769994,108.80363907997526,28.899278159951823,0,0,1,0,0,1,True,18488,-1.0
18500,2025-12-16 17:25:00,17,-1,MARKDOWN,3,B,48372.484899999996,48564.1834222372,47893.23859440699,191.69852223720227,71.64684447439924,0,1,1,0,1,1,False,-1,
18512,2025-12-16 18:25:00,18,-1,MARKDOWN,3,B,48372.484899999996,48560.371645114734,47902.76803721315,187.886745114738,64.02329022946778,0,1,1,0,1,1,False,-1,
18524,2025-12-16 19:25:00,19,-1,MARKDOWN,2,C,48368.8559,48558.27409672045,47895.31040819888,189.4181967204495,59.82819344090776,0,1,1,0,0,1,False,-1,
18536,2025-12-16 20:25:00,20,-1,MARKDOWN,1,C,48307.4494,48556.41595819109,47685.03300452226,248.96655819109583,56.11191638218868,0,1,0,0,0,1,False,-1,
18680,2025-12-17 09:25:00,9,1,MARKUP,1,C,48096.3102,48044.37903988595,48226.13810028513,51.931160114050726,15.161920228099387,0,1,0,0,0,1,False,-1,
18692,2025-12-17 10:25:00,10,1,MARKUP,2,C,48096.3102,48041.674504034054,48232.899439914865,54.63569596594607,20.57099193189446,0,1,1,0,0,1,False,-1,
18704,2025-12-17 11:25:00,11,1,MARKUP,1,C,48106.6242,48040.92074263951,48270.882843401225,65.70345736049057,22.078514720987354,0,1,0,0,0,1,False,-1,
18723,2025-12-17 13:00:00,13,1,MARKUP,1,C,48158.0625,48096.73813992655,48311.37340018363,61.3243600734495,16.64372014689865,0,1,0,0,0,1,False,-1,
18735,2025-12-17 14:00:00,14,1,MARKUP,0,C,48158.0625,48096.933657591166,48310.88460602208,61.128842408834316,16.25268481765968,0,0,0,0,0,1,False,-1,
18747,2025-12-17 15:00:00,15,1,MARKUP,1,C,48168.045999999995,48114.28901756496,48302.438456087584,53.75698243503575,13.541964870070709,0,1,0,0,0,1,False,-1,
18759,2025-12-17 16:00:00,16,1,MARKUP,2,C,48191.394,48127.73576281626,48350.53959295936,63.65823718374304,22.648474367487157,0,1,1,0,0,1,True,18764,0.7947925401865089
18771,2025-12-17 17:00:00,17,1,MARKUP,2,C,48250.8704,48145.3580530241,48514.651267439745,105.51234697589825,48.90389395179042,0,1,1,0,0,1,True,18776,-1.0
18787,2025-12-17 18:20:00,18,-1,MARKDOWN,1,C,48234.292,48430.42807838924,47743.9518040269,196.1360783892378,68.3361567784697,0,1,0,0,0,1,False,-1,
18799,2025-12-17 19:20:00,19,-1,MARKDOWN,1,C,48227.034,48430.760593335464,47717.71751666134,203.7265933354647,69.00118667092569,0,1,0,0,0,1,False,-1,
18811,2025-12-17 20:20:00,20,-1,MARKDOWN,1,C,48218.248,48425.30855168643,47700.59662078392,207.0605516864307,58.09710337285448,0,1,0,0,0,1,False,-1,
18941,2025-12-18 08:10:00,8,-1,MARKDOWN,2,C,47877.818,47935.76185152898,47732.95837117755,57.943851528980304,15.803703057957083,0,1,1,0,0,1,False,-1,
18986,2025-12-18 11:55:00,11,1,MARKUP,1,C,47871.2772,47811.86939756463,48019.79670608841,59.40780243536574,15.981204870735981,0,1,0,0,0,1,False,-1,
18999,2025-12-18 13:00:00,13,1,MARKUP,2,C,47877.6757,47812.54026342708,48040.5142914323,65.1354365729203,14.63947314584705,0,1,1,0,0,1,False,-1,
19011,2025-12-18 14:00:00,14,1,MARKUP,1,C,47913.657999999996,47833.20043677038,48114.80190807404,80.45756322961824,16.5191264592413,0,1,0,0,0,1,False,-1,
19023,2025-12-18 15:00:00,15,1,MARKUP,1,C,47913.967,47833.523744003316,48115.0751399917,80.44325599668082,16.872511993367507,0,0,1,0,0,1,False,-1,
19035,2025-12-18 16:00:00,16,1,MARKUP,2,C,47994.7825,47873.72375955167,48297.42935112082,121.05874044833035,32.972480896656606,0,1,0,0,1,1,False,-1,
19047,2025-12-18 17:00:00,17,1,MARKUP,3,B,48081.89,47912.01431710685,48506.57920723288,169.87568289315095,60.89136578629888,0,1,1,0,1,1,False,-1,
19059,2025-12-18 18:00:00,18,1,MARKUP,3,B,48110.515400000004,47911.30780512915,48608.53438717713,199.2075948708516,66.3043897416919,0,1,1,0,1,1,True,19072,-1.0
19071,2025-12-18 19:00:00,19,1,MARKUP,1,C,48110.515400000004,47916.18333199311,48596.345570017234,194.33206800689368,56.553336013780175,1,0,0,0,0,1,True,19072,-1.0
19215,2025-12-19 08:00:00,8,-1,MARKDOWN,2,C,47887.797999999995,47925.06150486014,47794.63923784964,37.26350486014417,12.643009720284171,0,1,1,0,0,1,True,19229,-1.0
19251,2025-12-19 11:00:00,11,1,MARKUP,1,C,47869.0092,47774.68946008851,48104.80854977872,94.31973991148698,20.10107982296323,0,1,0,0,0,1,False,-1,
19275,2025-12-19 13:00:00,13,1,MARKUP,0,C,47882.7612,47775.40512662658,48151.15138343355,107.35607337341935,18.66974674683359,0,0,0,0,0,1,False,-1,
19316,2025-12-19 16:25:00,16,1,MARKUP,2,C,47977.522,47905.569723834546,48157.402690413626,71.95227616545162,28.54055233090557,0,1,1,0,0,1,False,-1,
19328,2025-12-19 17:25:00,17,1,MARKUP,1,C,48061.4474,47892.04606418732,48484.95073953169,169.40133581267582,55.58787162535612,0,1,0,0,0,1,False,-1,
19340,2025-12-19 18:25:00,18,1,MARKUP,2,C,48061.4474,47893.175794103954,48482.12641474011,168.27160589604318,53.32841179207853,0,1,1,0,0,1,False,-1,
19352,2025-12-19 19:25:00,19,1,MARKUP,2,C,48061.4474,47899.341746281425,48466.711534296424,162.10565371857228,40.99650743714187,0,1,1,0,0,1,False,-1,
19364,2025-12-19 20:25:00,20,1,MARKUP,1,C,48071.6444,47920.56094267479,48449.353043313014,151.08345732520684,31.558114650413966,0,1,0,0,0,1,False,-1,
19491,2025-12-22 08:00:00,8,-1,MARKDOWN,1,C,48189.7145,48214.03777960576,48128.90630098561,24.323279605756397,6.43555921151928,0,1,0,0,0,1,True,19505,-1.0
19509,2025-12-22 09:30:00,9,1,MARKUP,3,B,48177.1912,48150.82714872079,48243.10132819803,26.364051279211708,9.485702558419307,0,1,1,1,0,1,True,19525,-1.0
19521,2025-12-22 10:30:00,10,1,MARKUP,1,C,48179.8652,48149.635283779935,48255.43999055016,30.229916220065206,11.869432440128158,0,1,0,0,0,1,True,19525,-1.0
19533,2025-12-22 11:30:00,11,1,MARKUP,2,C,48179.8652,48149.36317790396,48256.12025524011,30.50202209604322,12.413644192091441,1,0,1,0,0,1,True,19534,-1.0
19557,2025-12-22 13:30:00,13,-1,MARKDOWN,2,C,48186.509,48224.990681219664,48090.30479695083,38.481681219665916,11.641362439327882,0,1,1,0,0,1,False,-1,
19569,2025-12-22 14:30:00,14,-1,MARKDOWN,1,C,48186.509,48225.177511701964,48089.83772074508,38.668511701966054,12.015023403925605,0,1,0,0,0,1,True,19586,-1.0
19581,2025-12-22 15:30:00,15,-1,MARKDOWN,2,C,48175.8485,48207.88673939143,48095.75290152142,32.03823939143331,11.933478782867653,0,1,1,0,0,1,True,19584,-1.0
19593,2025-12-22 16:30:00,16,1,MARKUP,2,C,48230.888999999996,48119.11332159367,48510.328196015806,111.775678406324,29.113356812647936,0,1,1,0,0,1,True,19594,0.5
19605,2025-12-22 17:30:00,17,1,MARKUP,2,C,48230.888999999996,48112.457760755686,48526.96709811077,118.43123924430984,42.424478488621396,0,1,1,0,0,1,False,-1,
19617,2025-12-22 18:30:00,18,1,MARKUP,1,C,48252.5544,48119.564213837206,48585.02986540699,132.990186162795,41.211572325588584,0,1,0,0,0,1,False,-1,
19629,2025-12-22 19:30:00,19,1,MARKUP,1,C,48255.0264,48128.58374405738,48571.133039856555,126.44265594262106,31.17251188524008,0,1,0,0,0,1,False,-1,
19641,2025-12-22 20:30:00,20,1,MARKUP,1,C,48267.8124,48134.93759365979,48599.99941585053,132.87480634020903,26.464812680406773,0,0,1,0,0,1,False,-1,
19767,2025-12-23 08:00:00,8,-1,MARKDOWN,1,C,48363.799999999996,48395.51833419937,48284.50416450156,31.718334199373203,6.136668398742769,0,1,0,0,0,1,False,-1,
19779,2025-12-23 09:00:00,9,-1,MARKDOWN,0,C,48363.799999999996,48395.35228936518,48284.919276587025,31.55228936518688,5.804578730375443,0,0,0,0,0,1,True,19792,-1.0
19797,2025-12-23 10:30:00,10,1,MARKUP,1,C,48341.4587,48312.87126564643,48412.92728588394,28.5874343535761,9.157468707141868,0,1,0,0,0,1,False,-1,
19809,2025-12-23 11:30:00,11,1,MARKUP,2,C,48346.0427,48312.632052626876,48429.569318432805,33.41064737312263,9.635894746247946,0,1,1,0,0,1,False,-1,
19827,2025-12-23 13:00:00,13,1,MARKUP,1,C,48359.4302,48323.94146541249,48448.152036468775,35.48873458751041,9.017069175014417,1,0,0,0,0,1,True,19830,-1.0
19849,2025-12-23 14:50:00,14,-1,MARKDOWN,2,C,48378.035,48414.485307452764,48286.9092313681,36.45030745276017,9.870614905521046,0,1,1,0,0,1,True,19873,0.5
19861,2025-12-23 15:50:00,15,-1,MARKDOWN,2,C,48356.1655,48417.88985154179,48201.85462114554,61.724351541786746,16.679703083566267,0,1,1,0,0,1,True,19872,-1.0
19884,2025-12-23 17:45:00,17,1,MARKUP,2,C,48312.541900000004,48193.95389132141,48609.01192169648,118.588008678591,38.19221735718208,0,1,1,0,0,1,False,-1,
19896,2025-12-23 18:45:00,18,1,MARKUP,1,C,48312.541900000004,48197.845623202695,48599.28259199328,114.69627679730911,30.40875359461298,0,1,0,0,0,1,False,-1,
19908,2025-12-23 19:45:00,19,1,MARKUP,1,C,48314.6429,48200.88302551098,48599.04258622255,113.75987448902015,24.333948978052895,0,1,0,0,0,1,False,-1,
19920,2025-12-23 20:45:00,20,1,MARKUP,1,C,48335.748400000004,48202.08107500346,48669.916712491366,133.66732499654609,21.937849993085745,0,1,0,0,0,1,False,-1,
20043,2025-12-24 08:00:00,8,-1,MARKDOWN,3,B,48421.71950000001,48440.669669687915,48374.34407578023,18.950169687908783,5.239339375818583,0,1,1,0,1,1,False,-1,
20055,2025-12-24 09:00:00,9,-1,MARKDOWN,0,C,48412.6855,48426.409731729946,48378.37492067514,13.724231729946041,4.719463459878662,0,0,0,0,0,1,False,-1,
20067,2025-12-24 10:00:00,10,-1,MARKDOWN,0,C,48410.6227,48427.03090117477,48369.60219706308,16.408201174766873,5.96180234953346,0,0,0,0,0,1,True,20081,-1.0
20079,2025-12-24 11:00:00,11,-1,MARKDOWN,1,C,48410.1592,48426.349175248295,48369.68426187927,16.189975248293194,6.098350496586068,0,1,0,0,0,1,True,20081,-1.0
20103,2025-12-24 13:00:00,13,1,MARKUP,1,C,48403.798,48386.102752881656,48448.03611779587,17.695247118346742,5.594494236690437,0,1,0,0,0,1,True,20113,0.7727734943507677
20115,2025-12-24 14:00:00,14,1,MARKUP,1,C,48403.798,48386.13282652278,48447.96093369306,17.665173477224016,5.534346954449782,0,0,1,0,0,1,True,20128,1.75
20127,2025-12-24 15:00:00,15,1,MARKUP,0,C,48406.270000000004,48389.60475215568,48447.93311961081,16.66524784432113,6.5904956886388755,0,0,0,0,0,1,True,20128,1.75
20139,2025-12-24 16:00:00,16,1,MARKUP,2,C,48417.455,48392.914486345304,48478.80628413675,24.54051365469786,8.97102730939038,0,1,0,0,1,1,True,20145,-1.0
20151,2025-12-24 17:00:00,17,1,MARKUP,1,C,48447.6909,48355.006347807146,48679.40228048214,92.68455219285534,28.78730438570645,0,1,0,0,0,1,False,-1,
20163,2025-12-24 18:00:00,18,1,MARKUP,2,C,48479.6834,48356.15508683007,48788.50418292484,123.52831316993252,26.489826339865548,0,1,1,0,0,1,False,-1,
20175,2025-12-24 19:00:00,19,1,MARKUP,2,C,48508.4289,48358.07718313108,48884.308192172306,150.35171686892136,22.645633737852297,0,1,1,0,0,1,False,-1,
20187,2025-12-24 20:00:00,20,1,MARKUP,2,C,48523.2314,48356.32910952714,48940.48712618214,166.90229047285538,26.141780945721642,0,1,1,0,0,1,False,-1,
20317,2025-12-26 11:35:00,11,-1,MARKDOWN,2,C,48703.2312,48739.75913413748,48611.911364656306,36.52793413747713,9.338268274962628,0,1,1,0,0,1,False,-1,
20334,2025-12-26 13:00:00,13,-1,MARKDOWN,2,C,48697.0512,48728.748687498875,48617.80748125282,31.69748749887367,7.317374997753076,0,1,1,0,0,1,False,-1,
20346,2025-12-26 14:00:00,14,-1,MARKDOWN,1,C,48664.512,48698.98933168231,48578.31867079424,34.47733168230479,8.598663364607972,0,1,0,0,0,1,True,20350,-1.0
20377,2025-12-26 16:35:00,16,1,MARKUP,2,C,48661.9884,48605.53943997663,48803.110800058435,56.44896002337191,20.301120046738056,0,1,1,0,0,1,True,20385,0.6634135041601675
20389,2025-12-26 17:35:00,17,1,MARKUP,3,B,48673.4484,48600.84159003462,48854.96542491345,72.60680996537849,29.696819930761233,0,1,1,0,1,1,True,20392,-1.0
20403,2025-12-26 18:45:00,18,-1,MARKDOWN,2,C,48710.736,48781.0200729457,48535.025817635746,70.28407294570206,28.26014589139254,0,1,1,0,0,1,False,-1,
20415,2025-12-26 19:45:00,19,-1,MARKDOWN,1,C,48702.332,48779.780366552695,48508.71108361827,77.44836655269319,25.780733105387856,0,1,0,0,0,1,False,-1,
20427,2025-12-26 20:45:00,20,-1,MARKDOWN,0,C,48692.018,48778.64933779421,48475.43965551446,86.63133779421332,23.51867558842016,0,0,0,0,0,1,True,20450,-0.08417277379835593
20568,2025-12-29 09:30:00,9,1,MARKUP,3,B,48725.36,48711.07135317467,48761.08161706332,14.288646825327305,9.477293650646123,0,1,1,1,0,1,True,20570,-1.0
20580,2025-12-29 10:30:00,10,-1,MARKDOWN,3,B,48718.5012,48746.42906001103,48648.68154997242,27.927860011033772,11.23812002207532,0,1,1,1,0,1,True,20596,1.75
20592,2025-12-29 11:30:00,11,-1,MARKDOWN,2,C,48709.3892,48744.363073889646,48621.95451527588,34.97387388964853,13.106147779296453,1,0,0,1,0,1,True,20593,1.144074815572889
20610,2025-12-29 13:00:00,13,1,MARKUP,1,C,48692.824,48658.07551634596,48779.6952091351,34.748483654038864,10.668967308078773,0,1,0,0,0,1,True,20627,-1.0
20622,2025-12-29 14:00:00,14,1,MARKUP,0,C,48692.824,48658.523244319724,48778.57588920069,34.30075568027678,9.77351136055861,0,0,0,0,0,1,True,20627,-1.0
20634,2025-12-29 15:00:00,15,-1,MARKDOWN,1,C,48699.918000000005,48746.59901543935,48583.21546140164,46.68101543934608,12.378030878699608,0,1,0,0,0,1,True,20652,1.75
20646,2025-12-29 16:00:00,16,-1,MARKDOWN,2,C,48682.728,48749.19610824756,48516.55772938111,66.46810824755812,17.572216495117623,0,1,1,0,0,1,True,20652,0.5
20658,2025-12-29 17:00:00,17,-1,MARKDOWN,3,B,48655.682400000005,48760.71741207481,48393.094869812994,105.0350120748044,40.6148241496114,0,1,1,0,1,1,False,-1,
20670,2025-12-29 18:00:00,18,-1,MARKDOWN,2,C,48617.1639,48740.00378692502,48310.06418268744,122.83988692502317,36.6875738500375,0,1,0,1,0,1,False,-1,
20682,2025-12-29 19:00:00,19,-1,MARKDOWN,2,C,48598.4144,48726.81420823115,48277.414879422126,128.39980823115184,30.80841646230306,0,1,1,0,0,1,False,-1,
20694,2025-12-29 20:00:00,20,-1,MARKDOWN,2,C,48580.4824,48715.29713653516,48243.4455586621,134.8147365351615,23.774273070314297,0,1,1,0,0,1,False,-1,
20826,2025-12-30 08:00:00,8,-1,MARKDOWN,4,A,48472.8625,48488.208677226154,48434.497056934626,15.346177226150758,6.817354452299331,1,1,1,0,1,1,False,-1,
20838,2025-12-30 09:00:00,9,-1,MARKDOWN,2,C,48472.888000000006,48492.29339805183,48424.37450487045,19.405398051821976,7.486796103654595,0,1,1,0,0,1,True,20856,0.5
20850,2025-12-30 10:00:00,10,-1,MARKDOWN,1,C,48457.741700000006,48493.70886854955,48367.82377862615,35.967168549541384,10.317737099089875,0,1,0,0,0,1,True,20851,2.5
20889,2025-12-30 13:15:00,13,-1,MARKDOWN,4,A,48444.7637,48472.0457877054,48376.55848073651,27.282087705396407,8.99157541078978,1,1,1,0,1,1,True,20890,-1.0
20917,2025-12-30 15:35:00,15,-1,MARKDOWN,3,B,48466.1345,48494.96745194517,48394.05212013707,28.83295194517268,11.634903890340766,0,1,1,1,1,1,True,20919,2.5
20929,2025-12-30 16:35:00,16,-1,MARKDOWN,3,B,48412.8824,48501.72798719914,48190.76843200215,88.84558719913912,31.155974398275614,1,0,1,1,0,1,True,20931,0.5828918694991625
20941,2025-12-30 17:35:00,17,-1,MARKDOWN,2,C,48412.8824,48503.72605776467,48185.77325558834,90.84365776466439,35.15211552932364,0,1,1,0,0,1,True,20950,0.754404560369418
20953,2025-12-30 18:35:00,18,-1,MARKDOWN,3,B,48412.8824,48502.0767397482,48189.89655062951,89.19433974819549,31.853479496398943,0,1,1,1,0,1,True,20968,0.9260747171612922
20966,2025-12-30 19:40:00,19,-1,MARKDOWN,2,C,48412.2644,48498.27367404365,48197.24121489087,86.00927404365211,26.247348087305504,0,0,1,1,0,1,True,20968,0.9382603329667507
21103,2025-12-31 08:05:00,8,-1,MARKDOWN,1,C,48356.483,48380.559775245296,48296.29106188676,24.07677524529572,7.2795504905977735,0,1,0,0,0,1,False,-1,
21115,2025-12-31 09:05:00,9,-1,MARKDOWN,3,B,48352.663,48380.71794455437,48282.52563861407,28.054944554372923,7.595889108746903,0,1,1,0,1,1,False,-1,
21127,2025-12-31 10:05:00,10,-1,MARKDOWN,2,C,48351.9372,48381.37396886122,48278.34527784695,29.436768861218297,8.907937722434074,0,1,1,0,0,1,False,-1,
21139,2025-12-31 11:05:00,11,-1,MARKDOWN,1,C,48343.1087,48375.739540047325,48261.53159988168,32.63084004732809,10.139080094660521,0,1,0,0,0,1,False,-1,
21162,2025-12-31 13:00:00,13,-1,MARKDOWN,1,C,48322.774,48347.06452483918,48262.04768790204,24.29052483918349,8.089049678366472,0,1,0,0,0,1,True,21177,-1.0
21174,2025-12-31 14:00:00,14,-1,MARKDOWN,0,C,48322.774,48347.23029147641,48261.63327130897,24.456291476410115,8.42058295282113,0,0,0,0,0,1,True,21177,-1.0
21196,2025-12-31 15:50:00,15,1,MARKUP,2,C,48330.13,48284.27102553969,48444.77743615077,45.85897446030867,11.49794892061896,0,1,1,0,0,1,True,21204,0.5
21208,2025-12-31 16:50:00,16,-1,MARKDOWN,1,C,48338.8699,48417.03324869374,48143.461528265645,78.16334869374259,26.02649738748291,0,1,0,0,0,1,False,-1,
21220,2025-12-31 17:50:00,17,-1,MARKDOWN,2,C,48319.5789,48418.514746720575,48072.23928319856,98.93584672057477,28.989493441152785,0,1,1,0,0,1,False,-1,
21232,2025-12-31 18:50:00,18,-1,MARKDOWN,0,C,48314.1354,48417.05190053726,48056.84414865684,102.91650053726335,26.063801074537672,0,0,0,0,0,1,False,-1,
21244,2025-12-31 19:50:00,19,-1,MARKDOWN,2,C,48314.1354,48416.34562399072,48058.6098400232,102.21022399071808,24.651247981445373,0,1,1,0,0,1,False,-1,
21378,2026-01-02 08:00:00,8,1,MARKUP,2,C,48168.897999999994,48140.7491428061,48239.27014298474,28.14885719389713,7.401714387793771,0,1,1,0,0,1,True,21392,1.75
21402,2026-01-02 10:00:00,10,-1,MARKDOWN,1,C,48191.8632,48220.1957284125,48121.031878968744,28.332528412502143,8.991456825010022,0,1,0,0,0,1,True,21413,-1.0
21416,2026-01-02 11:10:00,11,1,MARKUP,3,B,48176.8125,48143.37289714513,48260.41150713718,33.439602854872646,14.354205709748674,0,1,1,1,0,1,False,-1,
21438,2026-01-02 13:00:00,13,1,MARKUP,2,C,48197.6315,48143.32688099777,48333.3930475056,54.304619002235995,14.446238004469361,0,1,1,0,0,1,False,-1,
21450,2026-01-02 14:00:00,14,1,MARKUP,1,C,48208.1365,48143.94938576271,48368.60428559323,64.1871142372911,13.20122847459185,0,1,0,0,0,1,True,21468,-1.0
21462,2026-01-02 15:00:00,15,1,MARKUP,1,C,48208.1365,48144.50902188631,48367.20519528422,63.627478113688994,12.08195622738977,0,0,1,0,0,1,True,21468,-1.0
21481,2026-01-02 16:35:00,16,-1,MARKDOWN,3,B,48156.5984,48319.85648320968,47748.4531919758,163.25808320967917,37.11296641935949,0,1,1,1,0,1,True,21497,-1.0
21493,2026-01-02 17:35:00,17,-1,MARKDOWN,0,C,48119.1624,48335.664821909166,47577.90634522709,216.5024219091647,68.7296438183329,0,0,0,0,0,1,True,21495,-1.0
21654,2026-01-05 08:00:00,8,1,MARKUP,2,C,48350.975,48318.812311867994,48431.38172033001,32.162688132004405,8.935376264016249,0,1,1,0,0,1,False,-1,
21666,2026-01-05 09:00:00,9,1,MARKUP,2,C,48372.216,48328.95455479464,48480.369613013405,43.26144520536036,11.650890410722116,0,1,1,0,0,1,False,-1,
21678,2026-01-05 10:00:00,10,1,MARKUP,1,C,48373.591199999995,48327.65257559161,48488.43776102096,45.93862440838711,14.254848816774823,0,0,0,0,1,1,True,21695,-1.0
21690,2026-01-05 11:00:00,11,1,MARKUP,2,C,48375.445199999995,48330.00802120992,48489.03814697518,45.43717879007454,15.543957580152206,0,1,1,0,0,1,True,21695,-1.0
21741,2026-01-05 15:15:00,15,-1,MARKDOWN,1,C,48388.057,48446.01287627219,48243.167309319535,57.95587627218629,19.265752544380703,0,1,0,0,0,1,True,21748,-1.0
21753,2026-01-05 16:15:00,16,1,MARKUP,2,C,48371.174,48294.76666801718,48562.19232995704,76.40733198281669,25.226663965631083,0,1,1,0,0,1,False,-1,
21765,2026-01-05 17:15:00,17,1,MARKUP,1,C,48571.4184,48275.82842554581,49310.39333613547,295.58997445418936,63.103148908372006,0,1,0,0,0,1,False,-1,
21777,2026-01-05 18:15:00,18,1,MARKUP,1,C,48602.742399999996,48280.46410510006,49408.43813724984,322.27829489993746,53.831789799883914,0,1,0,0,0,1,False,-1,
21789,2026-01-05 19:15:00,19,1,MARKUP,1,C,48632.9204,48285.928716516566,49500.3996087086,346.99168348343665,42.90256696685548,0,1,0,0,0,1,False,-1,
21801,2026-01-05 20:15:00,20,1,MARKUP,1,C,48640.9424,48289.54402010705,49519.43834973237,351.39837989294756,35.67195978589483,0,1,0,0,0,1,False,-1,
21937,2026-01-06 08:35:00,8,1,MARKUP,3,B,48992.854,48973.91823537287,49040.19341156783,18.935764627130993,9.60352925427084,0,1,1,1,0,1,True,21942,-1.0
21957,2026-01-06 10:15:00,10,-1,MARKDOWN,3,B,48973.0192,49023.49184852401,48846.83757868998,50.472648524009855,13.54369704801924,0,1,1,0,1,1,False,-1,
21969,2026-01-06 11:15:00,11,-1,MARKDOWN,1,C,48951.6272,49025.37951814275,48767.24640464314,73.75231814274593,17.319036285498246,0,1,0,0,0,1,False,-1,
21990,2026-01-06 13:00:00,13,-1,MARKDOWN,1,C,48950.4812,49023.94842977753,48766.81312555619,73.46722977752506,14.456859555050865,0,0,1,0,0,1,True,22013,-1.0
22002,2026-01-06 14:00:00,14,-1,MARKDOWN,1,C,48936.02,48999.89844964019,48776.323875899514,63.87844964019314,13.15689928037492,0,0,1,0,0,1,True,22011,-1.0
22035,2026-01-06 16:45:00,16,1,MARKUP,1,C,48939.278399999996,48823.484828777866,49228.76232805532,115.79357122212969,39.67034244427151,0,1,0,0,0,1,False,-1,
22047,2026-01-06 17:45:00,17,1,MARKUP,2,C,48994.1084,48849.3860851184,49355.91418720399,144.7223148815974,47.867829763206636,0,1,1,0,0,1,False,-1,
22059,2026-01-06 18:45:00,18,1,MARKUP,2,C,49013.8209,48853.8602988135,49413.72240296624,159.9606011864962,44.919402372996885,0,1,1,0,0,1,False,-1,
22071,2026-01-06 19:45:00,19,1,MARKUP,2,C,49077.696899999995,48868.49201692911,49600.70910767722,209.20488307088817,34.15596614178095,0,1,1,0,0,1,False,-1,
22083,2026-01-06 20:45:00,20,1,MARKUP,2,C,49100.9989,48872.145815022915,49673.13161244271,228.8530849770832,26.848369954169982,0,1,1,0,0,1,False,-1,
22206,2026-01-07 08:00:00,8,1,MARKUP,1,C,49517.038,49487.166592057634,49591.716519855916,29.871407942366204,7.026815884734469,0,0,1,0,0,1,True,22214,-1.0
22289,2026-01-07 14:55:00,14,1,MARKUP,3,B,49512.324,49490.9170281602,49565.8414295995,21.40697183980228,10.725943679594943,1,1,1,0,0,1,True,22290,1.0308528126153464
22301,2026-01-07 15:55:00,15,1,MARKUP,1,C,49501.84,49464.563503433346,49595.031241416626,37.27649656665017,13.432993133301448,0,1,0,0,0,1,True,22308,-1.0
22313,2026-01-07 16:55:00,16,-1,MARKDOWN,3,B,49524.4439,49646.88640501403,49218.33763746491,122.4425050140344,39.7128100280716,0,1,1,0,1,1,False,-1,
22325,2026-01-07 17:55:00,17,-1,MARKDOWN,1,C,49463.7059,49649.2132624349,48999.937493912745,185.50736243490246,44.36652486981387,0,1,0,0,0,1,False,-1,
22337,2026-01-07 18:55:00,18,-1,MARKDOWN,0,C,49463.7059,49645.128301757,49010.149895607494,181.42240175700135,36.19660351400875,0,0,0,0,0,1,False,-1,
22349,2026-01-07 19:55:00,19,-1,MARKDOWN,2,C,49463.7059,49643.4380728935,49014.37546776625,179.7321728934985,32.81614578700574,0,1,1,0,0,1,False,-1,
22361,2026-01-07 20:55:00,20,-1,MARKDOWN,1,C,49449.5719,49642.777826801146,48966.55708299714,193.2059268011435,31.495653602288577,0,1,0,0,0,1,False,-1,
22482,2026-01-08 08:00:00,8,-1,MARKDOWN,2,C,48953.624,49027.2965206725,48769.442698318766,73.67252067249501,11.353041344988988,0,1,1,0,0,1,False,-1,
22494,2026-01-08 09:00:00,9,-1,MARKDOWN,2,C,48945.22,49028.26305342146,48737.61236644635,83.04305342146108,13.28610684292429,0,1,1,0,0,1,False,-1,
22506,2026-01-08 10:00:00,10,-1,MARKDOWN,1,C,48895.6255,48949.20688387795,48761.67204030513,53.58138387795043,15.673767755903189,1,0,0,0,0,1,True,22508,0.9487688135524089
22527,2026-01-08 11:45:00,11,-1,MARKDOWN,2,C,48883.420000000006,48928.369150303006,48771.047124242505,44.94915030300035,13.498300606000798,0,1,1,0,0,1,False,-1,
22548,2026-01-08 13:30:00,13,-1,MARKDOWN,2,C,48869.4525,48913.647581139034,48758.96479715241,44.1950811390343,14.855162278060067,0,0,1,0,1,1,False,-1,
22560,2026-01-08 14:30:00,14,-1,MARKDOWN,3,B,48863.818,48913.891243484744,48738.63489128814,50.073243484745035,15.342486969481115,0,1,1,0,1,1,True,22584,-1.0
22572,2026-01-08 15:30:00,15,-1,MARKDOWN,2,C,48862.099,48914.74828250508,48730.4757937373,52.64928250508092,17.05656501015649,0,1,1,0,0,1,True,22584,-1.0
22592,2026-01-08 17:10:00,17,1,MARKUP,1,C,48908.1894,48732.02680848323,49348.59587879194,176.16259151677514,56.88638303354208,0,1,0,0,0,1,False,-1,
22604,2026-01-08 18:10:00,18,1,MARKUP,1,C,48943.4289,48732.56683755765,49470.58405610587,210.86206244234927,55.806324884697496,0,1,0,0,0,1,False,-1,
22616,2026-01-08 19:10:00,19,1,MARKUP,1,C,48968.2589,48736.775510815736,49546.96737296066,231.48338918426452,47.388978368534985,0,1,0,0,0,1,False,-1,
22628,2026-01-08 20:10:00,20,1,MARKUP,0,C,48983.5389,48739.732081232214,49593.05594691946,243.80681876778544,41.47583753557953,0,0,0,0,0,1,False,-1,
22783,2026-01-09 10:05:00,10,1,MARKUP,3,B,49252.507999999994,49233.79850959927,49299.281726001806,18.709490400724462,11.442980801457534,0,1,1,0,1,1,True,22786,-1.0
22795,2026-01-09 11:05:00,11,-1,MARKDOWN,1,C,49252.009000000005,49282.01115964072,49177.00360089821,30.002159640716854,13.78231928144639,0,1,0,0,0,1,True,22800,-1.0
22818,2026-01-09 13:00:00,13,1,MARKUP,0,C,49241.6465,49208.977542113586,49323.318894716045,32.66895788641705,11.28491577282991,0,0,0,0,0,1,False,-1,
22830,2026-01-09 14:00:00,14,1,MARKUP,2,C,49241.6465,49209.01636160321,49323.22184599199,32.63013839679479,11.207276793596195,0,1,1,0,0,1,False,-1,
22842,2026-01-09 15:00:00,15,1,MARKUP,2,C,49247.854,49208.83016761353,49345.41358096617,39.02383238646871,11.579664772946579,0,1,1,0,0,1,True,22859,1.75
22854,2026-01-09 16:00:00,16,1,MARKUP,1,C,49307.067500000005,49214.939217578256,49537.38820605438,92.12828242174874,22.861564843493035,0,1,0,0,0,1,True,22857,0.6964856369112782
22870,2026-01-09 17:20:00,17,1,MARKUP,3,B,49314.520000000004,49201.700878720585,49596.56780319855,112.81912127941905,72.83824255882824,0,1,1,1,0,1,True,22875,1.221985640730002
22882,2026-01-09 18:20:00,18,1,MARKUP,2,C,49295.2285,49142.19611887937,49677.809452801564,153.03238112062536,60.24776224124865,0,1,1,0,0,1,False,-1,
22894,2026-01-09 19:20:00,19,1,MARKUP,2,C,49315.6655,49149.16656595838,49731.912835104056,166.4989340416214,46.30686808323826,0,1,1,0,0,1,False,-1,
22906,2026-01-09 20:20:00,20,1,MARKUP,0,C,49319.39,49155.68755924037,49728.64610189908,163.70244075963274,33.264881519262744,0,0,0,0,0,1,False,-1,
23034,2026-01-12 08:00:00,8,-1,MARKDOWN,0,C,49310.376,49360.19980302151,49185.81649244621,49.82380302151432,10.259606043025617,0,0,0,0,0,1,False,-1,
23052,2026-01-12 09:30:00,9,-1,MARKDOWN,3,B,49274.686499999996,49303.11910649016,49203.604983774596,28.43260649016156,11.598212980312065,0,1,1,1,0,1,True,23058,1.75
23064,2026-01-12 10:30:00,10,-1,MARKDOWN,2,C,49260.8915,49309.75941299853,49138.721717503664,48.86791299853212,16.178825997064642,0,1,1,0,0,1,False,-1,
23076,2026-01-12 11:30:00,11,-1,MARKDOWN,1,C,49231.382,49311.87338352369,49030.15354119076,80.49138352369482,20.40676704739363,0,1,0,0,0,1,False,-1,
23094,2026-01-12 13:00:00,13,-1,MARKDOWN,2,C,49212.854999999996,49311.10850637185,48967.22123407036,98.25350637185329,18.877012743695,0,1,1,0,0,1,False,-1,
23106,2026-01-12 14:00:00,14,-1,MARKDOWN,0,C,49212.854999999996,49310.30887304009,48969.220317399755,97.45387304009637,17.27774608018536,0,0,0,0,0,1,False,-1,
23118,2026-01-12 15:00:00,15,-1,MARKDOWN,1,C,49204.820999999996,49296.754163831116,48974.98809042219,91.9331638311196,16.168327662235463,0,0,1,0,0,1,True,23132,1.2114304518774817
23136,2026-01-12 16:30:00,16,-1,MARKDOWN,2,C,49153.3694,49255.884298475394,48897.08215381153,102.51489847539051,34.42859695079623,0,1,1,0,0,1,True,23137,0.5
23150,2026-01-12 17:40:00,17,1,MARKUP,2,C,49127.0025,48965.34853183451,49531.137420413725,161.65396816549037,53.042936330984716,0,1,1,0,0,1,False,-1,
23162,2026-01-12 18:40:00,18,1,MARKUP,2,C,49169.691000000006,48971.70990584322,49664.64373539197,197.98109415678482,40.32018831356203,0,1,1,0,0,1,False,-1,
23174,2026-01-12 19:40:00,19,1,MARKUP,2,C,49182.488000000005,48974.211721204105,49703.17869698975,208.2762787959,35.31655759179642,0,1,1,0,0,1,False,-1,
23186,2026-01-12 20:40:00,20,1,MARKUP,1,C,49197.8635,48978.248521546826,49746.90094613293,219.61497845317353,27.242956906348514,0,1,0,0,0,1,False,-1,
23370,2026-01-13 13:00:00,13,-1,MARKDOWN,2,C,49540.786199999995,49570.600024626016,49466.251638434944,29.813824626020505,9.280049252038326,0,0,1,0,1,1,True,23376,0.5
23382,2026-01-13 14:00:00,14,1,MARKUP,2,C,49529.189,49467.49936571695,49683.41308570762,61.68963428305142,20.621268566096784,0,1,0,0,1,1,True,23386,-1.0
23394,2026-01-13 15:00:00,15,-1,MARKDOWN,2,C,49558.5435,49621.48983647193,49401.17765882018,62.94633647192677,18.359672943852054,0,1,0,0,1,1,True,23400,-1.0
23407,2026-01-13 16:05:00,16,1,MARKUP,2,C,49542.95206,49437.14475889938,49807.47031275155,105.80730110061995,37.170482201242194,0,1,1,0,0,1,True,23411,-1.0
23419,2026-01-13 17:05:00,17,-1,MARKDOWN,2,C,49517.9664,49712.966385170635,49030.4664370734,194.99998517063796,57.81277034127358,0,1,1,0,0,1,False,-1,
23431,2026-01-13 18:05:00,18,-1,MARKDOWN,1,C,49500.2989,49713.5464595623,48967.18000109426,213.24755956229637,58.972919124606896,0,1,0,0,0,1,False,-1,
23443,2026-01-13 19:05:00,19,-1,MARKDOWN,2,C,49497.1474,49709.62780761359,48965.94638096602,212.48040761359152,51.13561522719328,0,1,1,0,0,1,False,-1,
23455,2026-01-13 20:05:00,20,-1,MARKDOWN,2,C,49494.4734,49707.54078318968,48961.8049420258,213.06738318967837,46.96156637936382,0,1,1,0,0,1,False,-1,
23586,2026-01-14 08:00:00,8,-1,MARKDOWN,1,C,49107.65,49150.4089983665,49000.75250408375,42.758998366502055,9.117996733016417,0,1,0,0,0,1,False,-1,
23598,2026-01-14 09:00:00,9,-1,MARKDOWN,0,C,49096.680499999995,49133.67502575204,49004.19418561988,36.994525752044865,11.150051504084619,0,0,0,0,0,1,True,23611,1.75
23646,2026-01-14 13:00:00,13,-1,MARKDOWN,3,B,49086.3825,49141.5898979484,48948.364005129006,55.207397948397556,17.779795896800746,0,1,1,1,0,1,True,23662,0.8948441405606216
23658,2026-01-14 14:00:00,14,-1,MARKDOWN,2,C,49081.7985,49142.53594298194,48929.95489254515,60.73744298193924,19.671885963873528,0,1,0,1,0,1,True,23662,0.8211580309912345
23670,2026-01-14 15:00:00,15,-1,MARKDOWN,2,C,49081.7985,49141.61800045161,48932.249748870956,59.81950045161648,17.836000903235693,0,1,1,0,0,1,True,23688,-1.0
23682,2026-01-14 16:00:00,16,-1,MARKDOWN,1,C,49081.7985,49143.92329263669,48926.48651840827,62.12479263669229,22.44658527339002,0,1,0,0,0,1,True,23688,-1.0
23694,2026-01-14 17:00:00,17,-1,MARKDOWN,3,B,49094.3185,49217.54141542846,48786.26121142886,123.22291542845778,56.78283085692024,0,1,1,0,1,1,True,23696,0.8703061902592191
23706,2026-01-14 18:00:00,18,-1,MARKDOWN,1,C,49070.8255,49222.01444014825,48692.85314962938,151.18894014824764,65.72888029648898,0,1,0,0,0,1,True,23710,0.7992776789504481
23718,2026-01-14 19:00:00,19,-1,MARKDOWN,1,C,49058.697,49220.50844033911,48654.16839915223,161.81144033910823,62.71688067821468,0,1,0,0,0,1,False,-1,
23730,2026-01-14 20:00:00,20,-1,MARKDOWN,1,C,49058.697,49215.32325778924,48667.1313555269,156.6262577892412,52.346515578472506,0,1,0,0,0,1,True,23754,-0.3130573423134624
23862,2026-01-15 08:00:00,8,1,MARKUP,2,C,49102.725000000006,49058.280311915456,49213.83672021138,44.44468808454985,14.399376169091635,0,1,1,0,0,1,True,23886,1.75
23874,2026-01-15 09:00:00,9,1,MARKUP,1,C,49121.7335,49077.995609427526,49231.07822643119,43.73789057247632,15.468781144959719,0,1,0,0,0,1,True,23876,1.2531941041003547
23899,2026-01-15 11:05:00,11,1,MARKUP,2,C,49124.978,49083.29389451861,49229.18826370349,41.68410548139218,15.372210962790758,0,1,1,0,0,1,False,-1,
23922,2026-01-15 13:00:00,13,1,MARKUP,1,C,49143.406,49091.80525318634,49272.407867034155,51.6007468136595,13.049493627310142,0,1,0,0,0,1,True,23946,-1.0
23934,2026-01-15 14:00:00,14,1,MARKUP,0,C,49145.316,49091.70496535336,49279.3435866166,53.61103464663756,13.2500692932879,0,0,0,0,0,1,True,23946,-1.0
23963,2026-01-15 16:25:00,16,1,MARKUP,3,B,49218.7595,49150.19358855788,49390.17427860531,68.56591144212143,32.27282288424947,1,1,1,0,0,1,False,-1,
23975,2026-01-15 17:25:00,17,1,MARKUP,2,C,49237.4254,49052.243765909705,49700.37948522574,185.18163409029512,61.17246818059758,0,1,0,1,0,1,False,-1,
23987,2026-01-15 18:25:00,18,1,MARKUP,2,C,49264.9294,49056.101761410304,49786.99849647425,208.82763858969702,53.45647717939258,0,1,1,0,0,1,False,-1,
23999,2026-01-15 19:25:00,19,1,MARKUP,1,C,49268.3674,49061.96787911425,49784.36620221438,206.39952088575228,41.724241771507415,0,1,0,0,0,1,False,-1,
24011,2026-01-15 20:25:00,20,1,MARKUP,2,C,49268.3674,49065.00325764044,49776.777755898904,203.3641423595618,35.653484719117664,0,1,1,0,0,1,False,-1,
24138,2026-01-16 08:00:00,8,1,MARKUP,0,C,49485.121999999996,49440.228229990724,49597.35642502317,44.893770009271975,8.8035400185412,0,0,0,0,0,1,False,-1,
24151,2026-01-16 09:05:00,9,1,MARKUP,2,C,49503.662,49470.813076986946,49585.784307532624,32.84892301305081,7.633846026104789,0,1,1,0,0,1,True,24166,-1.0
24204,2026-01-16 13:30:00,13,-1,MARKDOWN,2,C,49511.563,49543.51526339259,49431.682341518535,31.952263392588065,11.570526785179508,0,1,1,0,0,1,False,-1,
24216,2026-01-16 14:30:00,14,-1,MARKDOWN,1,C,49490.39000000001,49543.498935399395,49357.617661501536,53.10893539938843,14.537870798790182,0,1,0,0,0,1,True,24240,-1.0
24228,2026-01-16 15:30:00,15,-1,MARKDOWN,1,C,49472.064000000006,49524.88972125514,49339.99969686217,52.82572125513252,19.319442510266803,0,1,0,0,0,1,True,24239,-1.0
24241,2026-01-16 16:35:00,16,-1,MARKDOWN,2,C,49470.21000000001,49529.508466179876,49321.96383455033,59.29846617986914,34.55693235975098,0,1,1,0,0,1,False,-1,
24253,2026-01-16 17:35:00,17,-1,MARKDOWN,3,B,49464.4604,49625.478811236455,49061.914371908875,161.01841123645136,52.497622472898136,0,1,1,0,1,1,True,24267,2.5
24265,2026-01-16 18:35:00,18,-1,MARKDOWN,1,C,49456.151900000004,49623.372387292795,49038.10068176803,167.2204872927905,48.28477458558813,1,0,0,0,0,1,True,24267,2.5
24414,2026-01-19 08:00:00,8,-1,MARKDOWN,0,C,49031.472,49070.51001055282,48933.87697361796,39.03801055281656,10.08002110564112,0,0,0,0,0,1,False,-1,
24426,2026-01-19 09:00:00,9,-1,MARKDOWN,3,B,49010.095,49040.49700030268,48934.0899992433,30.4020003026817,13.054000605356581,0,1,1,1,0,1,True,24441,0.5
24438,2026-01-19 10:00:00,10,-1,MARKDOWN,1,C,48986.5782,49040.17787352187,48852.57901619534,53.59967352186504,19.415747043737927,0,1,0,0,0,1,True,24441,-1.0
24453,2026-01-19 11:15:00,11,-1,MARKDOWN,2,C,48986.5782,49043.83898900484,48843.42622748791,57.26078900483844,26.73797800967831,0,1,1,0,0,1,False,-1,
24474,2026-01-19 13:00:00,13,-1,MARKDOWN,1,C,48994.288,49084.30780101774,48769.23849745565,90.01980101774097,26.475602035485522,0,1,0,0,0,1,True,24494,0.8247441506311382
24486,2026-01-19 14:00:00,14,-1,MARKDOWN,2,C,48994.288,49082.32415191233,48774.19762021917,88.03615191233257,22.508303824660146,0,1,1,0,0,1,True,24494,0.8320613541877809
24518,2026-01-19 16:40:00,16,-1,MARKDOWN,3,B,48929.69,48977.38346430098,48810.456339247554,47.69346430098085,26.626928601966906,0,1,1,1,0,1,True,24519,-1.0
24538,2026-01-19 18:20:00,18,-1,MARKDOWN,2,C,48982.6605,49055.53313022199,48800.47892444501,72.87263022199477,29.42626044399097,0,1,1,0,0,1,True,24552,1.0422410961232682
24643,2026-01-20 08:00:00,8,-1,MARKDOWN,2,C,48934.13,48969.12539357897,48846.641516052565,34.99539357897447,12.69078715794232,0,1,1,0,0,1,False,-1,
24655,2026-01-20 09:00:00,9,-1,MARKDOWN,1,C,48851.835999999996,48956.86737943689,48589.25755140776,105.03137943689217,25.174758873783894,0,1,0,0,0,1,False,-1,
24667,2026-01-20 10:00:00,10,-1,MARKDOWN,2,C,48851.835999999996,48957.104763670744,48588.66409082312,105.26876367074874,25.649527341492842,0,1,1,0,0,1,False,-1,
24679,2026-01-20 11:00:00,11,-1,MARKDOWN,2,C,48801.2982,48955.258497233954,48416.3974569151,153.96029723395623,32.95699446791242,0,1,1,0,0,1,False,-1,
24703,2026-01-20 13:00:00,13,-1,MARKDOWN,0,C,48754.2037,48922.34628311972,48333.8472422007,168.14258311971935,27.13256623943271,0,0,0,0,0,1,True,24724,0.5
24761,2026-01-20 17:50:00,17,1,MARKUP,2,C,48701.2915,48537.699953861316,49110.2703653467,163.59154613868304,68.7600922773702,0,1,0,1,1,1,True,24781,-1.0
24773,2026-01-20 18:50:00,18,1,MARKUP,2,C,48701.2915,48536.977653414855,49112.076116462864,164.31384658514435,70.20469317030009,0,1,0,1,0,1,True,24781,-1.0
24793,2026-01-20 20:30:00,20,-1,MARKDOWN,2,C,48703.714,48809.86496255344,48438.336593616405,106.15096255343815,49.56992510686755,0,1,1,0,0,1,False,-1,
24926,2026-01-21 08:35:00,8,-1,MARKDOWN,2,C,48580.894,48604.7979010929,48521.13424726776,23.903901092897286,11.135802185795708,0,1,0,0,1,1,True,24933,-1.0
24945,2026-01-21 10:10:00,10,-1,MARKDOWN,2,C,48581.012500000004,48614.79956847431,48496.54482881425,33.78706847430294,13.139136948609844,1,0,1,0,0,1,True,24946,-1.0
24957,2026-01-21 11:10:00,11,1,MARKUP,1,C,48566.718700000005,48529.44351604656,48659.90665988362,37.275183953446685,15.07296790688942,0,1,0,0,0,1,True,24961,-1.0
24979,2026-01-21 13:00:00,13,-1,MARKDOWN,3,B,48567.462,48624.247598702306,48425.49800324423,56.78559870230674,18.835197404604923,0,1,1,0,1,1,False,-1,
24991,2026-01-21 14:00:00,14,-1,MARKDOWN,1,C,48523.341,48628.27312957446,48261.01067606385,104.9321295744594,26.886259148920896,0,1,0,0,0,1,False,-1,
25003,2026-01-21 15:00:00,15,-1,MARKDOWN,1,C,48513.218,48627.60076856284,48227.2610785929,114.3827685628421,25.541537125677202,0,1,0,0,0,1,True,25017,-1.0
25015,2026-01-21 16:00:00,16,-1,MARKDOWN,0,C,48493.14,48623.812677870446,48166.45830532388,130.67267787044693,35.96535574088471,0,0,0,0,0,1,True,25017,-1.0
25027,2026-01-21 17:00:00,17,1,MARKUP,3,B,48512.9844,48278.53489693289,49099.108157667775,234.44950306710962,64.59020613421576,0,1,1,1,0,1,False,-1,
25039,2026-01-21 18:00:00,18,1,MARKUP,1,C,48584.8004,48281.276411392224,49343.61037151944,303.5239886077761,59.107177215555026,0,1,0,0,0,1,False,-1,
25051,2026-01-21 19:00:00,19,1,MARKUP,0,C,48584.8004,48279.53204980534,49347.97127548665,305.26835019465943,62.59590038932797,0,0,0,0,0,1,False,-1,
25224,2026-01-22 10:25:00,10,1,MARKUP,3,B,49139.5002,49073.32081226906,49304.94866932735,66.1793877309392,20.73837546187849,0,1,1,0,1,1,False,-1,
25236,2026-01-22 11:25:00,11,1,MARKUP,1,C,49164.7122,49073.24000871024,49393.392678224394,91.47219128975848,20.899982579516575,0,1,0,0,0,1,False,-1,
25255,2026-01-22 13:00:00,13,1,MARKUP,1,C,49167.3862,49075.8613518799,49396.198320300246,91.52484812009789,15.657296240201912,0,1,0,0,0,1,False,-1,
25284,2026-01-22 15:25:00,15,1,MARKUP,2,C,49241.608,49193.73131988875,49361.29970027813,47.87668011125061,20.117360222505035,0,1,1,0,0,1,False,-1,
25296,2026-01-22 16:25:00,16,1,MARKUP,2,C,49263.421,49186.00496812476,49456.9610796881,77.41603187524015,24.57006375047266,0,1,1,0,0,1,True,25304,1.75
25308,2026-01-22 17:25:00,17,1,MARKUP,2,C,49348.3014,49166.54624926284,49802.68927684288,181.7551507371536,63.48750147431582,0,0,1,0,1,1,False,-1,
25320,2026-01-22 18:25:00,18,1,MARKUP,1,C,49348.3014,49174.183424345516,49783.5963391362,174.1179756544807,48.213151308969316,0,1,0,0,0,1,False,-1,
25332,2026-01-22 19:25:00,19,1,MARKUP,1,C,49357.2624,49192.47170151222,49769.23914621944,164.79069848777726,40.63659697555138,0,1,0,0,0,1,False,-1,
25344,2026-01-22 20:25:00,20,1,MARKUP,0,C,49394.5379,49236.2431216534,49790.2748458665,158.29477834660065,35.093756693195246,0,0,0,0,0,1,True,25368,0.21543414354026771
25471,2026-01-23 08:00:00,8,1,MARKUP,3,B,49414.757,49394.36053290287,49465.748167742815,20.396467097125424,7.558934194256775,0,1,1,1,0,1,True,25481,-1.0
25486,2026-01-23 09:15:00,9,1,MARKUP,2,C,49421.066,49399.99551585298,49473.74221036755,21.07048414702149,9.288968294037968,1,0,1,0,0,1,True,25488,-1.0
25500,2026-01-23 10:25:00,10,-1,MARKDOWN,2,C,49416.5452,49454.71767538706,49321.11401153235,38.17247538705851,14.155350774119874,0,1,1,0,0,1,False,-1,
25512,2026-01-23 11:25:00,11,-1,MARKDOWN,1,C,49398.4002,49456.45396335562,49253.26579161094,58.05376335562323,17.627926711239148,0,1,0,0,0,1,False,-1,
25531,2026-01-23 13:00:00,13,-1,MARKDOWN,1,C,49371.8512,49456.83808066027,49159.38399834931,84.98688066027535,18.396161320541502,0,1,0,0,0,1,False,-1,
25543,2026-01-23 14:00:00,14,-1,MARKDOWN,1,C,49362.333999999995,49440.49167770906,49166.93980572733,78.15767770906677,16.50335541812262,0,1,0,0,0,1,False,-1,
25555,2026-01-23 15:00:00,15,-1,MARKDOWN,2,C,49348.536,49424.16804833017,49159.45587917458,75.63204833016789,19.85609666034533,0,1,1,0,0,1,False,-1,
25567,2026-01-23 16:00:00,16,-1,MARKDOWN,1,C,49271.481,49368.434980093414,49029.096049766464,96.95398009341443,22.389960186829427,0,1,0,0,0,1,False,-1,
25579,2026-01-23 17:00:00,17,-1,MARKDOWN,2,C,49192.3684,49335.3100516768,48835.014270807995,142.9416516768033,46.14010335360665,0,1,0,1,0,1,True,25591,1.0071686942322797
25591,2026-01-23 18:00:00,18,-1,MARKDOWN,1,C,49191.7504,49335.75128435435,48831.74818911411,144.00088435435464,49.02256870871142,1,0,0,0,0,1,False,-1,
25611,2026-01-23 19:40:00,19,-1,MARKDOWN,2,C,49187.5789,49326.790973406925,48839.54871648269,139.2120734069249,44.60194681386041,0,1,1,0,0,1,False,-1,
25623,2026-01-23 20:40:00,20,-1,MARKDOWN,2,C,49109.7774,49233.37250030386,48800.78964924034,123.59510030386446,45.265000607730165,0,1,0,1,0,1,True,25631,2.5
25763,2026-01-26 09:20:00,9,1,MARKUP,2,C,48995.2612,48947.45468745988,49114.7774813503,47.806512540119,14.17062508024109,0,1,1,0,0,1,False,-1,
25775,2026-01-26 10:20:00,10,1,MARKUP,2,C,49025.9792,48958.05300082375,49195.79469794064,67.92619917625416,16.973998352502985,0,1,1,0,0,1,True,25792,0.9402938916578784
25787,2026-01-26 11:20:00,11,1,MARKUP,2,C,49035.1472,48958.47284497886,49226.83308755285,76.67435502113949,16.13431004227791,0,1,1,0,0,1,True,25792,0.8302732781235705
25813,2026-01-26 13:30:00,13,1,MARKUP,2,C,49067.9012,49010.9247270539,49210.342382365256,56.97647294610215,17.230545892210287,0,1,1,0,0,1,True,25816,0.895247381263332
25825,2026-01-26 14:30:00,14,1,MARKUP,3,B,49089.284,49045.49961693917,49198.74495765208,43.784383060832624,17.28076612166748,1,1,0,1,0,1,True,25839,1.262510798573301
25837,2026-01-26 15:30:00,15,1,MARKUP,1,C,49060.3755,48995.67591049346,49222.12447376635,64.69958950654109,18.428179013083685,0,1,0,0,0,1,False,-1,
25849,2026-01-26 16:30:00,16,1,MARKUP,3,B,49117.962,48989.54558779075,49439.00303052312,128.41641220924794,30.688824418494463,0,1,1,1,0,1,False,-1,
25861,2026-01-26 17:30:00,17,1,MARKUP,1,C,49182.9539,49042.94016312667,49532.98824218333,140.01373687333398,45.89967374666571,0,1,0,0,0,1,False,-1,
25873,2026-01-26 18:30:00,18,1,MARKUP,0,C,49182.9539,49044.220596242114,49529.78715939472,138.73330375788646,43.33880751576941,0,0,0,0,0,1,False,-1,
25885,2026-01-26 19:30:00,19,1,MARKUP,2,C,49192.996399999996,49064.828276915236,49513.4167077119,128.16812308476074,34.6234461695335,0,1,1,0,0,1,False,-1,
25897,2026-01-26 20:30:00,20,1,MARKUP,2,C,49228.1404,49065.83799805439,49633.89640486401,162.3024019456061,32.60400389121871,0,1,1,0,0,1,False,-1,
26023,2026-01-27 08:00:00,8,1,MARKUP,2,C,49307.995,49251.7969890219,49448.49002744525,56.198010978099774,7.3460219561964735,0,1,1,0,0,1,False,-1,
26035,2026-01-27 09:00:00,9,1,MARKUP,1,C,49338.653,49293.498189486265,49451.54002628433,45.15481051373354,8.943621027475087,0,0,1,0,0,1,True,26054,0.7474964734404662
26047,2026-01-27 10:00:00,10,1,MARKUP,2,C,49362.137,49330.48599658311,49441.26450854223,31.65100341688958,10.968006833780244,0,0,1,0,1,1,True,26051,-1.0
26066,2026-01-27 11:35:00,11,1,MARKUP,2,C,49370.48,49342.451527940735,49440.55118014818,28.028472059268097,14.036944118535198,0,1,1,0,0,1,True,26067,-1.0
26091,2026-01-27 13:40:00,13,-1,MARKDOWN,2,C,49365.719,49425.03389637731,49217.431759056715,59.314896377312834,18.927792754621375,0,1,1,0,0,1,False,-1,
26103,2026-01-27 14:40:00,14,-1,MARKDOWN,1,C,49315.295,49428.22544567173,49032.96888582068,112.9304456717291,25.31089134345091,0,1,0,0,0,1,False,-1,
26115,2026-01-27 15:40:00,15,-1,MARKDOWN,2,C,49301.734,49428.00798748919,48986.04903127701,126.27398748919222,24.875974978381333,0,1,1,0,0,1,False,-1,
26127,2026-01-27 16:40:00,16,-1,MARKDOWN,1,C,49234.693,49440.03343759041,48721.34190602397,205.34043759041379,48.92687518082963,0,1,0,0,0,1,False,-1,
26139,2026-01-27 17:40:00,17,-1,MARKDOWN,1,C,49214.905399999996,49439.878943043484,48652.47154239127,224.97354304348846,48.61788608696705,0,1,0,0,0,1,False,-1,
26155,2026-01-27 19:00:00,19,-1,MARKDOWN,2,C,49116.9524,49277.79148006778,48714.854699830554,160.83908006778074,41.44296013557033,0,0,1,0,1,1,False,-1,
26167,2026-01-27 20:00:00,20,-1,MARKDOWN,2,C,49067.7909,49203.4101016486,48728.742895878495,135.61920164860203,38.18020329719941,0,1,1,0,0,1,False,-1,
26308,2026-01-28 08:45:00,8,1,MARKUP,0,C,49022.353,48981.170225866925,49125.3099353327,41.182774133078055,12.459548266158917,0,0,0,0,0,1,True,26313,0.6730955573007651
26320,2026-01-28 09:45:00,9,1,MARKUP,3,B,49022.353,48981.062478099804,49125.5793047505,41.290521900198655,12.675043800399353,0,1,1,0,1,1,True,26326,-1.0
26341,2026-01-28 11:30:00,11,-1,MARKDOWN,2,C,49041.311200000004,49086.44314252378,48928.48134369057,45.13194252377434,15.086285047556274,0,1,1,0,0,1,True,26345,0.9577254551567984
26359,2026-01-28 13:00:00,13,1,MARKUP,2,C,49031.5042,49000.59917456815,49108.766763579624,30.905025431849936,13.60165086370043,0,1,0,0,1,1,True,26360,-1.0
26371,2026-01-28 14:00:00,14,1,MARKUP,4,A,49038.055,49011.67960088152,49103.9934977962,26.375399118478526,12.640798236954668,1,1,1,0,1,1,True,26372,-1.0
26383,2026-01-28 15:00:00,15,-1,MARKDOWN,2,C,49022.092,49068.165156850504,48906.909107873726,46.073156850507075,20.330313701007622,0,1,0,1,0,1,True,26400,-1.0
26395,2026-01-28 16:00:00,16,-1,MARKDOWN,1,C,49016.817,49067.62028650436,48889.80878373911,50.80328650435695,20.240573008720602,0,1,0,0,0,1,True,26400,-1.0
26407,2026-01-28 17:00:00,17,-1,MARKDOWN,2,C,49014.525,49077.38818873384,48857.3670281654,62.863188733841525,39.776377467680405,0,1,1,0,0,1,True,26411,0.5
26427,2026-01-28 18:40:00,18,-1,MARKDOWN,2,C,49056.4609,49166.956642808225,48780.22154297943,110.49574280822708,41.41328561644534,0,1,1,0,0,1,True,26433,0.6825142992723863
26441,2026-01-28 19:50:00,19,1,MARKUP,2,C,49021.8775,48927.025456076735,49259.00760980817,94.85204392326705,35.94908784653053,0,1,1,0,0,1,True,26442,-1.0
26454,2026-01-28 20:55:00,20,-1,MARKDOWN,2,C,49056.4609,49161.55893128585,48793.71582178537,105.0980312858519,30.617862571701767,0,1,1,0,0,1,True,26461,0.6112690649038982
26575,2026-01-29 08:00:00,8,1,MARKUP,2,C,48923.234,48855.13992397766,49093.46919005584,68.09407602233841,12.420152044677478,0,1,1,0,0,1,False,-1,
26587,2026-01-29 09:00:00,9,1,MARKUP,2,C,48947.65,48883.95718505583,49106.88203736044,63.69281494417373,12.78562988834514,0,1,1,0,0,1,False,-1,
26599,2026-01-29 10:00:00,10,1,MARKUP,0,C,48989.733199999995,48924.78318234194,49152.10824414513,64.950017658055,17.1336353161234,0,0,0,0,0,1,False,-1,
26611,2026-01-29 11:00:00,11,1,MARKUP,2,C,49007.4522,48939.68809063301,49176.86247341747,67.76410936698812,19.323818733979184,0,1,1,0,0,1,True,26635,2.5
26641,2026-01-29 13:30:00,13,1,MARKUP,2,C,49091.7475,48972.99869663212,49388.61950841968,118.74880336787464,37.902606735752826,0,1,1,0,0,1,True,26645,-1.0
26677,2026-01-29 16:30:00,16,1,MARKUP,2,C,49106.168,48969.64831906112,49447.467202347194,136.5196809388799,44.6033618777612,0,1,1,0,0,1,True,26680,-1.0
26689,2026-01-29 17:30:00,17,-1,MARKDOWN,2,C,49092.5305,49348.6013357675,48452.35341058126,256.07083576749574,86.4026715349894,0,1,1,0,0,1,False,-1,
26701,2026-01-29 18:30:00,18,-1,MARKDOWN,1,C,49031.7925,49351.81653408566,48231.73241478587,320.0240340856544,92.83306817131368,0,1,0,0,0,1,True,26711,0.7475141693138447
26713,2026-01-29 19:30:00,19,-1,MARKDOWN,1,C,49031.7925,49341.014010757506,48258.738723106246,309.221510757503,71.22802151501405,1,0,0,0,0,1,True,26714,0.7809045994519137
26851,2026-01-30 08:00:00,8,-1,MARKDOWN,2,C,48862.214,48931.66469412946,48688.587264676346,69.45069412946032,18.189388258920456,0,1,1,0,0,1,False,-1,
26863,2026-01-30 09:00:00,9,-1,MARKDOWN,2,C,48786.37,48886.418050176515,48536.24987455872,100.04805017651233,28.19610035302654,0,1,1,0,0,1,False,-1,
26875,2026-01-30 10:00:00,10,-1,MARKDOWN,1,C,48780.9647,48887.64105599323,48514.27381001692,106.67635599322966,30.642111986454065,0,1,0,0,0,1,False,-1,
26887,2026-01-30 11:00:00,11,-1,MARKDOWN,0,C,48774.3752,48889.873231984806,48485.630120038,115.49803198480367,35.1064639696053,0,0,0,0,0,1,False,-1,
26928,2026-01-30 14:25:00,14,1,MARKUP,1,C,48711.371999999996,48546.437720388385,49123.70769902902,164.9342796116107,34.96455922322882,0,1,0,0,0,1,False,-1,
26940,2026-01-30 15:25:00,15,1,MARKUP,0,C,48711.371999999996,48547.79529725399,49120.313756865,163.5767027460024,32.24940549200648,0,0,0,0,0,1,False,-1,
26952,2026-01-30 16:25:00,16,1,MARKUP,2,C,48711.371999999996,48545.688426318135,49125.58093420465,165.68357368186116,36.46314736373402,0,1,1,0,0,1,True,26972,-1.0
26966,2026-01-30 17:35:00,17,1,MARKUP,2,C,48811.5584,48640.07154235412,49240.27554411471,171.486857645883,63.196915291755914,0,0,1,0,1,1,True,26969,-1.0
26978,2026-01-30 18:35:00,18,-1,MARKDOWN,1,C,48860.3355,49070.19561566217,48335.68521084459,209.8601156621662,64.65123132432866,0,1,0,0,0,1,False,-1,
26990,2026-01-30 19:35:00,19,-1,MARKDOWN,2,C,48832.067500000005,49072.114611156925,48231.9497221077,240.04711115692044,68.48922231384132,0,1,1,0,0,1,True,27007,1.2505141350450635
27002,2026-01-30 20:35:00,20,-1,MARKDOWN,2,C,48809.529500000004,49074.23875462571,48147.75636343574,264.7092546257045,72.737509251406,0,1,1,0,0,1,True,27006,1.0331878184598113
27127,2026-02-02 08:00:00,8,-1,MARKDOWN,0,C,48733.019,48926.42370361437,48249.507240964085,193.40470361436746,27.34740722873849,0,0,0,0,0,1,False,-1,
27139,2026-02-02 09:00:00,9,-1,MARKDOWN,1,C,48604.9965,48751.99080058031,48237.51074854923,146.99430058030703,30.98160116061641,0,1,0,0,0,1,True,27154,-1.0
27173,2026-02-02 11:50:00,11,1,MARKUP,1,C,48536.4932,48375.56725402342,48938.80806494143,160.92594597657444,33.3654919531607,0,1,0,0,0,1,False,-1,
27187,2026-02-02 13:00:00,13,1,MARKUP,2,C,48546.4252,48379.551326743785,48963.609883140525,166.8738732562124,25.39734651242325,0,1,1,0,0,1,False,-1,
27199,2026-02-02 14:00:00,14,1,MARKUP,1,C,48593.816999999995,48401.43708336782,49074.766791580434,192.3799166321769,26.82583326436322,0,1,0,0,0,1,False,-1,
27211,2026-02-02 15:00:00,15,1,MARKUP,0,C,48669.0585,48524.5329670625,49030.372332343744,144.52553293749952,24.134065874990732,0,0,0,0,0,1,False,-1,
27223,2026-02-02 16:00:00,16,1,MARKUP,1,C,48763.715,48652.520378676454,49041.701553308856,111.19462132354238,25.659242647087385,0,1,0,0,0,1,True,27229,1.75
27235,2026-02-02 17:00:00,17,1,MARKUP,2,C,48892.4544,48668.42561693496,49452.5263576626,224.02878306504135,62.84876613008191,0,1,0,0,1,1,False,-1,
27247,2026-02-02 18:00:00,18,1,MARKUP,1,C,48945.1704,48670.21735865781,49632.5530033555,274.95304134219623,59.26528268438026,0,1,0,0,0,1,False,-1,
27259,2026-02-02 19:00:00,19,1,MARKUP,2,C,48962.3604,48676.12477723384,49677.94945691539,286.2356227661585,47.450445532317175,0,1,1,0,0,1,False,-1,
27271,2026-02-02 20:00:00,20,1,MARKUP,1,C,48975.5394,48682.281799925615,49708.68340018597,293.2576000743866,35.136400148769226,0,1,0,0,0,1,False,-1,
27403,2026-02-03 08:00:00,8,1,MARKUP,2,C,49425.542,49398.66758558066,49492.72803604836,26.87441441934061,10.964828838684829,0,1,1,0,0,1,False,-1,
27415,2026-02-03 09:00:00,9,1,MARKUP,2,C,49430.126000000004,49398.13303494312,49510.10841264221,31.992965056881076,12.03393011376245,0,1,1,0,0,1,True,27438,-1.0
27427,2026-02-03 10:00:00,10,1,MARKUP,0,C,49439.396,49412.63204714315,49506.305882142115,26.763952856847027,13.03590571370088,0,0,0,0,0,1,True,27434,-1.0
27463,2026-02-03 13:00:00,13,-1,MARKDOWN,2,C,49439.413,49495.48946888842,49299.22182777894,56.07646888842282,13.97893777685057,0,1,1,0,0,1,True,27483,1.75
27475,2026-02-03 14:00:00,14,-1,MARKDOWN,1,C,49435.1155,49496.67079540644,49281.2272614839,61.555295406440564,16.341590812877577,0,1,0,0,0,1,True,27481,1.1950388051941032
27499,2026-02-03 16:00:00,16,-1,MARKDOWN,2,C,49409.4685,49455.70356906872,49293.88082732821,46.23506906871626,17.407138137433922,0,1,1,0,0,1,True,27505,-1.0
27511,2026-02-03 17:00:00,17,1,MARKUP,2,C,49434.2564,49265.297231063116,49856.654322342205,168.95916893688263,58.90553787377117,1,0,0,1,0,1,True,27512,-1.0
27523,2026-02-03 18:00:00,18,1,MARKUP,2,C,49434.2564,49261.031401429645,49867.31889642588,173.2249985703529,67.43719714070758,1,0,0,1,0,1,True,27526,-1.0
27535,2026-02-03 19:00:00,19,-1,MARKDOWN,1,C,49510.206,49688.73927061461,49063.87282346346,178.5332706146146,57.57854122922865,0,1,0,0,0,1,False,-1,
27547,2026-02-03 20:00:00,20,-1,MARKDOWN,1,C,49412.795999999995,49688.94565396146,48722.42186509633,276.14965396146727,57.99130792293187,0,1,0,0,0,1,False,-1,
27679,2026-02-04 08:00:00,8,1,MARKUP,2,C,49280.202000000005,49247.61979686707,49361.65750783235,32.58220313293714,10.920406265861997,0,1,1,0,0,1,False,-1,
27691,2026-02-04 09:00:00,9,1,MARKUP,2,C,49310.555,49260.7888722078,49434.970319480504,49.76612779220159,13.582255584400412,0,1,1,0,0,1,False,-1,
27703,2026-02-04 10:00:00,10,1,MARKUP,1,C,49321.082200000004,49274.4936269406,49437.55363264851,46.588573059401824,15.172746118799688,0,1,0,0,0,1,True,27709,1.1198139743538138
27715,2026-02-04 11:00:00,11,1,MARKUP,3,B,49332.7672,49275.803077032586,49475.17750741854,56.96412296741619,22.55384593482621,1,0,1,0,1,1,True,27717,0.9043553631221087
27739,2026-02-04 13:00:00,13,1,MARKUP,1,C,49338.0535,49277.81405850316,49488.65210374211,60.23944149684394,21.731882993678468,0,1,0,0,0,1,True,27758,0.6965377240154573
27751,2026-02-04 14:00:00,14,1,MARKUP,2,C,49352.474,49278.13141641034,49538.33045897416,74.34258358966326,21.097167179328835,0,1,1,0,0,1,True,27756,0.5622667723427835
27766,2026-02-04 15:15:00,15,1,MARKUP,2,C,49352.474,49275.54801504019,49544.78896239953,76.92598495980928,26.26396991961716,0,0,1,1,0,1,True,27772,2.5
27781,2026-02-04 16:30:00,16,1,MARKUP,3,B,49393.5984,49265.28211065636,49714.38912335911,128.31628934364562,41.79577868729193,0,1,1,1,0,1,True,27786,-1.0
27793,2026-02-04 17:30:00,17,1,MARKUP,2,C,49406.809499999996,49216.55859775958,49882.43675560104,190.25090224041924,84.64280448084588,0,1,0,1,0,1,True,27816,-1.0
27805,2026-02-04 18:30:00,18,1,MARKUP,2,C,49410.916,49213.485824530806,49904.49143867298,197.43017546919145,90.78835093838575,0,1,0,1,0,1,True,27816,-1.0
27826,2026-02-04 20:15:00,20,-1,MARKDOWN,3,B,49450.218,49697.76605818823,48831.34785452943,247.54805818822933,81.77211637646407,0,1,1,1,0,1,True,27843,0.05937432960523555
27955,2026-02-05 08:00:00,8,-1,MARKDOWN,1,C,49496.392499999994,49583.566314821066,49278.457962947316,87.17381482107157,20.592629642133186,0,0,1,0,0,1,False,-1,
27989,2026-02-05 10:50:00,10,-1,MARKDOWN,3,B,49433.800500000005,49507.86905955152,49248.629101121216,74.06855955151696,27.998119103031108,0,1,1,0,1,1,True,27997,0.7051281326964045
28001,2026-02-05 11:50:00,11,-1,MARKDOWN,2,C,49425.3965,49509.31200766381,49215.60773084049,83.91550766380533,30.88401532761211,0,1,0,0,1,1,True,28005,-1.0
28024,2026-02-05 13:45:00,13,1,MARKUP,2,C,49402.48,49300.23849371,49658.08376572501,102.2415062900036,28.763012580004748,0,1,1,0,0,1,True,28032,-1.0
28038,2026-02-05 14:55:00,14,-1,MARKDOWN,1,C,49483.694,49617.703611759825,49148.669970600444,134.0096117598223,44.16722351964636,0,1,0,0,0,1,False,-1,
28050,2026-02-05 15:55:00,15,-1,MARKDOWN,2,C,49477.200000000004,49615.50797343934,49131.43006640168,138.30797343933227,39.7759468786734,0,1,1,0,0,1,False,-1,
28062,2026-02-05 16:55:00,16,-1,MARKDOWN,2,C,49422.363900000004,49633.68632879571,48894.057828010744,211.3224287957055,76.13265759141562,0,1,1,0,0,1,False,-1,
28074,2026-02-05 17:55:00,17,-1,MARKDOWN,1,C,49302.7024,49638.731609094444,48462.6293772639,336.0292090944422,86.22321818887826,0,1,0,0,0,1,False,-1,
28086,2026-02-05 18:55:00,18,-1,MARKDOWN,0,C,49300.6014,49634.19570870461,48466.615628238476,333.59430870461074,77.1514174092174,0,0,0,0,0,1,False,-1,
28106,2026-02-05 20:35:00,20,-1,MARKDOWN,2,C,49151.9724,49387.07129840242,48564.225153993946,235.0988984024225,63.90259680483785,0,1,1,0,0,1,False,-1,
28265,2026-02-06 10:50:00,10,1,MARKUP,2,C,48818.3872,48732.771588026706,49032.426229933226,85.61561197329138,34.01682394658593,0,1,1,0,0,1,False,-1,
28277,2026-02-06 11:50:00,11,1,MARKUP,1,C,48858.401699999995,48732.35116359607,49173.52804100981,126.05053640392725,34.85767280785586,0,1,0,0,0,1,False,-1,
28291,2026-02-06 13:00:00,13,1,MARKUP,2,C,48916.068499999994,48812.18437721706,49175.77880695733,103.88412278293254,26.891245565866658,0,1,1,0,0,1,False,-1,
28303,2026-02-06 14:00:00,14,1,MARKUP,2,C,48965.824,48812.49334902501,49349.15062743747,153.3306509749891,26.27330194997879,0,1,1,0,0,1,False,-1,
28315,2026-02-06 15:00:00,15,1,MARKUP,2,C,48986.784999999996,48838.36318619461,49357.839534513456,148.42181380538386,27.533627610763222,0,1,1,0,0,1,False,-1,
28327,2026-02-06 16:00:00,16,1,MARKUP,2,C,48999.608499999995,48856.907442882606,49356.36114279347,142.7010571173887,31.945114234786214,0,1,1,0,0,1,False,-1,
28339,2026-02-06 17:00:00,17,1,MARKUP,3,B,49235.7684,48918.05365980028,50030.0552504993,317.71474019972084,69.15268039942777,0,1,1,1,0,1,False,-1,
28351,2026-02-06 18:00:00,18,1,MARKUP,3,B,49341.7734,49008.51683878256,50174.91480304359,333.2565612174367,79.22632243486731,0,1,1,1,0,1,False,-1,
28363,2026-02-06 19:00:00,19,1,MARKUP,1,C,49401.1944,49074.592289673674,50217.69967581582,326.6021103263265,54.07542065264872,0,1,0,0,0,1,False,-1,
28375,2026-02-06 20:00:00,20,1,MARKUP,1,C,49438.6474,49082.711819544726,50328.48635113819,355.93558045527607,42.83636091053811,0,1,0,0,0,1,False,-1,
28532,2026-02-09 10:05:00,10,1,MARKUP,3,B,50184.661,50142.710041699036,50289.53839575241,41.950958300963975,18.579916601927895,0,1,1,1,1,1,True,28551,-1.0
28544,2026-02-09 11:05:00,11,1,MARKUP,2,C,50189.627,50142.04039444221,50308.593513894484,47.58660555779352,19.919211115593026,0,1,1,0,0,1,True,28545,-1.0
28567,2026-02-09 13:00:00,13,-1,MARKDOWN,1,C,50163.977,50262.975450197926,49916.480874505185,98.99845019792701,24.950900395847576,0,1,0,0,0,1,False,-1,
28579,2026-02-09 14:00:00,14,-1,MARKDOWN,2,C,50163.977,50262.50970519079,49917.645237023025,98.53270519078796,24.01941038156795,0,1,1,0,0,1,False,-1,
28591,2026-02-09 15:00:00,15,-1,MARKDOWN,0,C,50163.977,50261.630674264336,49919.84281433916,97.65367426433659,22.26134852866396,0,0,0,0,0,1,False,-1,
28603,2026-02-09 16:00:00,16,-1,MARKDOWN,1,C,50147.6,50234.61655714536,49930.0586071366,87.01655714536173,21.233114290718166,0,1,0,0,0,1,True,28621,0.5296461946482566
28615,2026-02-09 17:00:00,17,-1,MARKDOWN,1,C,50035.3084,50183.4218305151,49665.02482371226,148.11343051509903,48.84366103019667,1,0,0,0,0,1,True,28618,-1.0
28660,2026-02-09 20:45:00,20,1,MARKUP,2,C,49984.753,49818.60240639895,50400.12948400261,166.1505936010435,33.19518720208009,0,1,1,0,0,1,False,-1,
28783,2026-02-10 08:00:00,8,1,MARKUP,1,C,50126.5825,50098.86744681491,50195.87013296271,27.715053185085708,10.545106370176791,0,0,0,0,1,1,True,28785,-1.0
28798,2026-02-10 09:15:00,9,1,MARKUP,2,C,50128.591,50101.02747485893,50197.49981285268,27.563525141071295,12.72505028213526,0,1,1,0,0,1,True,28807,0.5
28811,2026-02-10 10:20:00,10,1,MARKUP,1,C,50136.7795,50112.43465160767,50197.641620980816,24.34484839232755,16.410696784663475,0,1,0,0,0,1,True,28812,1.75
28823,2026-02-10 11:20:00,11,1,MARKUP,2,C,50136.8132,50083.76522212916,50269.433144677096,53.04797787083953,16.249555741680467,0,1,1,0,0,1,False,-1,
28843,2026-02-10 13:00:00,13,1,MARKUP,0,C,50138.4367,50084.388337195036,50273.55760701241,54.04836280496238,15.00332560992134,0,0,0,0,0,1,True,28857,-1.0
28866,2026-02-10 14:55:00,14,-1,MARKDOWN,3,B,50151.7605,50222.63048664347,49974.585533391306,70.8699866434763,17.78097328695539,0,1,1,0,1,1,True,28881,-1.0
28878,2026-02-10 15:55:00,15,-1,MARKDOWN,1,C,50141.350999999995,50225.30468718482,49931.46678203793,83.95368718482496,23.129374369647966,1,0,0,0,0,1,True,28879,-1.0
28890,2026-02-10 16:55:00,16,1,MARKUP,2,C,50216.6534,49998.164123974726,50762.8765900632,218.48927602527692,52.15175205054442,0,1,1,0,0,1,False,-1,
28902,2026-02-10 17:55:00,17,1,MARKUP,2,C,50216.6534,49996.1981557844,50767.79151053901,220.4552442156055,56.083688431206156,0,1,1,0,0,1,False,-1,
28914,2026-02-10 18:55:00,18,1,MARKUP,2,C,50216.6534,49996.75604223495,50766.396794412634,219.89735776505404,54.96791553009304,0,1,1,0,0,1,True,28932,0.45105862575196576
28926,2026-02-10 19:55:00,19,1,MARKUP,1,C,50216.6534,50002.96043125182,50750.885821870455,213.69296874818247,42.55913749634965,0,1,0,0,0,1,True,28932,0.4641547196476826
29059,2026-02-11 08:00:00,8,1,MARKUP,2,C,50317.456999999995,50296.43444152181,50370.01339619546,21.02255847818742,8.811116956378289,1,0,1,0,0,1,True,29060,-1.0
29088,2026-02-11 10:25:00,10,-1,MARKDOWN,1,C,50307.2287,50351.74457429449,50195.93901426377,44.51587429449137,14.809148588994208,0,1,0,0,0,1,True,29090,2.5
29106,2026-02-11 11:55:00,11,-1,MARKDOWN,3,B,50299.040199999996,50339.34559537074,50198.27671157314,40.30539537074219,16.51119074148692,0,1,1,0,1,1,False,-1,
29120,2026-02-11 13:05:00,13,-1,MARKDOWN,3,B,50271.072,50329.418788326766,50125.20502918308,58.34678832676582,21.957576653530534,1,0,1,1,0,1,True,29122,-1.0
29132,2026-02-11 14:05:00,14,-1,MARKDOWN,0,C,50271.072,50329.08467982498,50126.040300437555,58.01267982497666,21.289359649945176,0,0,0,0,0,1,True,29146,-1.0
29144,2026-02-11 15:05:00,15,-1,MARKDOWN,1,C,50271.072,50327.909929511196,50128.97717622201,56.8379295111954,18.939859022380947,0,1,0,0,0,1,True,29146,-1.0
29156,2026-02-11 16:05:00,16,1,MARKUP,2,C,50302.164000000004,50177.10259354046,50614.81751614886,125.06140645954292,34.67481291907936,0,1,0,1,0,1,True,29166,-1.0
29172,2026-02-11 17:25:00,17,-1,MARKDOWN,1,C,50297.0794,50544.05454950553,49679.64152623619,246.9751495055243,71.2290990110537,0,1,0,0,0,1,False,-1,
29184,2026-02-11 18:25:00,18,-1,MARKDOWN,2,C,50276.642400000004,50545.97672221361,49603.306594466,269.3343222136027,75.07344442721364,0,1,1,0,0,1,False,-1,
29196,2026-02-11 19:25:00,19,-1,MARKDOWN,1,C,50276.642400000004,50540.29070407124,49617.52163982192,263.6483040712337,63.70140814247648,1,0,0,0,0,1,False,-1,
29209,2026-02-11 20:30:00,20,-1,MARKDOWN,1,C,50276.642400000004,50536.86082876715,49626.09632808213,260.218428767148,56.841657534296175,0,1,0,0,0,1,False,-1,
29335,2026-02-12 08:00:00,8,1,MARKUP,0,C,50212.824,50149.23155118272,50371.80512204321,63.592448817282275,11.056897634571202,0,0,0,0,0,1,False,-1,
29353,2026-02-12 09:30:00,9,1,MARKUP,2,C,50231.8275,50178.648465894155,50364.77508526461,53.17903410584404,13.723068211699012,0,1,1,0,0,1,True,29365,1.1106302267189743
29377,2026-02-12 11:30:00,11,1,MARKUP,2,C,50260.125,50220.44380526147,50359.32798684632,39.681194738528575,16.33238947705859,0,1,1,0,0,1,True,29388,0.6663562955835234
29395,2026-02-12 13:00:00,13,1,MARKUP,1,C,50265.9505,50221.5381234239,50376.981441440235,44.412376576095994,14.143753152201114,0,0,1,0,0,1,True,29412,-1.0
29426,2026-02-12 15:35:00,15,1,MARKUP,3,B,50267.032,50219.559554673484,50385.71311331629,47.4724453265153,21.600890653037276,0,1,1,1,1,1,True,29433,2.5
29438,2026-02-12 16:35:00,16,1,MARKUP,2,C,50299.0264,50183.515988217994,50587.80242945503,115.5104117820083,43.6880235640085,0,1,1,0,0,1,True,29440,-1.0
29455,2026-02-12 18:00:00,18,-1,MARKDOWN,2,C,50280.952,50483.649705907446,49774.20773523138,202.69770590744884,66.17941181489773,0,1,1,0,0,1,False,-1,
29467,2026-02-12 19:00:00,19,-1,MARKDOWN,1,C,50096.064,50489.23302158361,49113.141446040965,393.16902158361336,77.34604316723039,0,1,0,0,0,1,False,-1,
29479,2026-02-12 20:00:00,20,-1,MARKDOWN,1,C,50064.0715,50489.381664326844,49000.796089182884,425.31016432684555,77.6433286536916,0,1,0,0,0,1,False,-1,
29611,2026-02-13 08:00:00,8,-1,MARKDOWN,1,C,49424.75,49493.66506766768,49252.4623308308,68.91506766767998,19.41013533535611,0,1,0,0,0,1,False,-1,
29623,2026-02-13 09:00:00,9,-1,MARKDOWN,0,C,49404.0265,49494.32383728715,49178.28315678213,90.29733728714928,20.72767457429778,0,0,0,0,0,1,False,-1,
29635,2026-02-13 10:00:00,10,-1,MARKDOWN,1,C,49396.6105,49483.110834447405,49180.35966388149,86.50033444740257,22.301668894806728,1,0,0,0,0,1,True,29636,0.8972146650823444
29647,2026-02-13 11:00:00,11,-1,MARKDOWN,3,B,49388.519199999995,49475.70113894415,49170.564352639616,87.18193894415163,33.4822778883015,0,1,1,0,1,1,True,29651,1.074252211624041
29671,2026-02-13 13:00:00,13,-1,MARKDOWN,2,C,49347.178499999995,49417.44782063933,49171.505198401646,70.26932063933782,27.275641278671554,0,1,1,0,0,1,True,29689,0.6467736457339921
29683,2026-02-13 14:00:00,14,-1,MARKDOWN,1,C,49332.6625,49419.41514088931,49115.78089777673,86.75264088930999,31.210281778625514,0,1,0,0,0,1,True,29688,-1.0
29696,2026-02-13 15:05:00,15,-1,MARKDOWN,3,B,49328.799999999996,49415.65297019339,49111.66757451651,86.85297019339487,36.18594038678645,0,1,1,0,1,1,True,29699,-1.0
29714,2026-02-13 16:35:00,16,-1,MARKDOWN,3,B,49394.5729,49538.329512359094,49035.18136910226,143.75661235909502,59.039024718199094,0,1,1,1,0,1,True,29716,-1.0
29726,2026-02-13 17:35:00,17,1,MARKUP,2,C,49275.065500000004,49020.41336805487,49911.695829862845,254.6521319451349,104.19326389026264,0,1,1,0,0,1,False,-1,
29738,2026-02-13 18:35:00,18,1,MARKUP,2,C,49278.3125,49026.155422765805,49908.70519308549,252.15707723419473,92.70915446839265,0,1,1,0,0,1,False,-1,
29750,2026-02-13 19:35:00,19,1,MARKUP,2,C,49315.7485,49037.86744245861,50010.45114385347,277.88105754138815,69.28511508277022,0,1,1,0,0,1,False,-1,
29762,2026-02-13 20:35:00,20,1,MARKUP,1,C,49324.9165,49041.7728141577,50032.77571460574,283.1436858422967,61.47437168460069,0,1,0,0,0,1,False,-1,
29899,2026-02-16 09:00:00,9,1,MARKUP,2,C,49595.699499999995,49577.565344059745,49641.03488985062,18.13415594024991,11.629311880502067,0,1,1,0,0,1,False,-1,
29911,2026-02-16 10:00:00,10,1,MARKUP,3,B,49581.7052,49535.63945334579,49696.869566635505,46.065746654203394,12.981093308402748,0,1,1,0,1,1,False,-1,
29923,2026-02-16 11:00:00,11,1,MARKUP,2,C,49602.3332,49532.45511971794,49777.02840070515,69.878080282062,19.349760564119045,0,1,1,0,0,1,False,-1,
29947,2026-02-16 13:00:00,13,1,MARKUP,0,C,49626.2647,49539.51161807304,49843.1474048174,86.75308192695957,16.23676385391984,0,0,0,0,0,1,False,-1,
29960,2026-02-16 14:05:00,14,1,MARKUP,2,C,49658.617000000006,49591.38899508142,49826.687012296476,67.22800491858652,17.18200983717109,0,1,1,0,0,1,False,-1,
29977,2026-02-16 15:30:00,15,1,MARKUP,3,B,49679.1655,49624.300817757605,49816.327205605994,54.864682242397976,17.8583644848019,0,1,1,0,1,1,True,29985,-1.0
30001,2026-02-16 17:30:00,17,-1,MARKDOWN,2,C,49660.8644,49754.00903148019,49428.00282129951,93.14463148019422,29.058062960373345,0,1,1,0,0,1,False,-1,
30013,2026-02-16 18:30:00,18,-1,MARKDOWN,1,C,49644.4384,49758.46699720311,49359.36690699222,114.02859720311244,37.97399440621038,0,1,0,0,0,1,False,-1,
30025,2026-02-16 19:30:00,19,-1,MARKDOWN,0,C,49630.2244,49730.75427333457,49378.899716663575,100.52987333456986,28.54854666913765,0,0,0,0,0,1,False,-1,
30116,2026-02-17 08:00:00,8,-1,MARKDOWN,1,C,49446.475,49555.66123147285,49173.509421317875,109.18623147284961,21.642462945696533,0,1,0,0,0,1,True,30140,0.9030289529283626
30128,2026-02-17 09:00:00,9,-1,MARKDOWN,1,C,49370.3065,49430.4949025655,49219.835493586244,60.18840256550175,17.809805131003618,0,0,1,0,0,1,True,30137,-1.0
30162,2026-02-17 11:50:00,11,1,MARKUP,2,C,49381.1592,49275.31768079534,49645.76299801165,105.84151920465956,24.04463840930705,0,1,1,0,0,1,False,-1,
30181,2026-02-17 13:25:00,13,1,MARKUP,1,C,49388.482500000006,49287.237089144415,49641.59602713898,101.24541085559031,23.905821711177513,0,0,1,0,0,1,True,30197,-1.0
30199,2026-02-17 14:55:00,14,-1,MARKDOWN,2,C,49466.281,49546.68128486644,49265.280287833906,80.4002848664386,27.48256973287621,0,1,0,1,0,1,True,30210,0.5
30211,2026-02-17 15:55:00,15,-1,MARKDOWN,1,C,49428.69,49546.40968270913,49134.39079322719,117.71968270912475,44.43936541825322,1,0,0,0,0,1,True,30212,-1.0
30226,2026-02-17 17:10:00,17,-1,MARKDOWN,2,C,49539.5384,49765.95942473524,48973.48583816188,226.42102473524574,87.03884947048364,0,1,1,0,0,1,True,30238,0.1757716627532093
30243,2026-02-17 18:35:00,18,1,MARKUP,2,C,49445.421500000004,49230.47265827352,49982.79360431622,214.94884172648744,87.43468345297872,0,1,1,0,0,1,True,30256,0.7585750264263316
30255,2026-02-17 19:35:00,19,1,MARKUP,2,C,49445.421500000004,49238.58145416733,49962.52161458168,206.84004583267233,71.21709166534195,0,1,0,0,1,1,True,30256,0.768712000164121
30267,2026-02-17 20:35:00,20,1,MARKUP,2,C,49506.758,49334.97502566735,49936.21543583163,171.78297433265107,76.92994866529843,0,1,1,0,0,1,True,30290,0.4845183308959408
30392,2026-02-18 08:00:00,8,1,MARKUP,2,C,49530.934,49481.29218990831,49655.03852522923,49.641810091692605,9.895620183378602,0,1,1,0,0,1,False,-1,
30404,2026-02-18 09:00:00,9,1,MARKUP,0,C,49547.67,49497.15934373812,49673.946640654685,50.51065626187483,13.161312523742815,0,0,0,0,0,1,False,-1,
30416,2026-02-18 10:00:00,10,1,MARKUP,2,C,49560.3142,49496.24286218479,49720.492544538036,64.07133781521406,14.994275630417434,0,1,1,0,0,1,False,-1,
30428,2026-02-18 11:00:00,11,1,MARKUP,2,C,49637.214199999995,49540.700630131614,49878.49812467095,96.51356986838073,22.578739736762458,0,1,1,0,0,1,False,-1,
30452,2026-02-18 13:00:00,13,1,MARKUP,1,C,49665.2477,49567.37598447597,49909.926988810075,97.87171552403015,18.22803104806195,0,1,0,0,0,1,True,30469,-1.0
30494,2026-02-18 16:30:00,16,-1,MARKDOWN,2,C,49663.106999999996,49830.22573384433,49245.310165389164,167.1187338443342,42.77146768866591,0,0,1,0,1,1,True,30495,-1.0
30506,2026-02-18 17:30:00,17,1,MARKUP,1,C,49608.4844,49396.32344657484,50138.886783562906,212.160953425162,62.03310685031892,0,1,0,0,0,1,False,-1,
30518,2026-02-18 18:30:00,18,1,MARKUP,1,C,49608.4844,49402.404547306716,50123.68403173321,206.07985269328492,49.87090538655409,0,1,0,0,0,1,False,-1,
30530,2026-02-18 19:30:00,19,1,MARKUP,0,C,49608.4844,49406.93869675889,50112.34865810278,201.5457032411141,40.802606482219716,0,0,0,0,0,1,False,-1,
30542,2026-02-18 20:30:00,20,1,MARKUP,0,C,49608.4844,49409.20878104906,50106.67344737735,199.27561895093822,36.2624379018612,0,0,0,0,0,1,True,30555,0.2245412671934463
30681,2026-02-19 09:05:00,9,1,MARKUP,1,C,49650.753000000004,49605.432195127716,49764.055012180725,45.320804872288136,13.095609744568046,0,1,0,0,0,1,True,30701,-1.0
30693,2026-02-19 10:05:00,10,1,MARKUP,1,C,49654.8977,49604.55219420507,49780.76146448733,50.34550579493225,14.855611589874634,0,0,1,0,0,1,True,30701,-1.0
30706,2026-02-19 11:10:00,11,-1,MARKDOWN,1,C,49673.142,49735.38983772677,49517.52240568308,62.24783772676892,22.11967545354007,0,1,0,0,0,1,False,-1,
30728,2026-02-19 13:00:00,13,-1,MARKDOWN,1,C,49620.426,49737.78755495024,49327.02211262439,117.36155495024286,26.915109900477724,0,1,0,0,0,1,False,-1,
30740,2026-02-19 14:00:00,14,-1,MARKDOWN,2,C,49620.426,49737.63703063226,49327.398423419356,117.21103063225746,26.614061264515996,0,1,1,0,0,1,False,-1,
30756,2026-02-19 15:20:00,15,-1,MARKDOWN,2,C,49616.2545,49729.57703136974,49332.948171575656,113.32253136974032,23.99406273948601,0,1,1,0,0,1,False,-1,
30770,2026-02-19 16:30:00,16,-1,MARKDOWN,3,B,49519.3019,49623.45054659699,49258.930283507514,104.14864659699379,36.7410931939852,0,1,1,1,1,1,True,30773,0.6377608785908724
30786,2026-02-19 17:50:00,17,-1,MARKDOWN,4,A,49484.4594,49609.13408237959,49172.77269405102,124.6746823795911,71.10816475917426,1,1,1,1,0,1,True,30787,0.7709853597728455
30798,2026-02-19 18:50:00,18,-1,MARKDOWN,1,C,49494.899,49643.33628791357,49123.80578021608,148.4372879135699,71.11257582713233,0,1,0,0,0,1,False,-1,
30810,2026-02-19 19:50:00,19,-1,MARKDOWN,2,C,49480.574,49640.36149912822,49081.10525217945,159.7874991282224,65.16299825644617,0,1,1,0,0,1,False,-1,
30822,2026-02-19 20:50:00,20,-1,MARKDOWN,1,C,49449.632,49637.07273151071,48981.030171223225,187.44073151070916,58.585463021410554,0,1,0,0,0,1,False,-1,
30944,2026-02-20 08:00:00,8,1,MARKUP,2,C,49452.112499999996,49420.87274822047,49530.211879448805,31.23975177952525,9.954503559050972,0,1,1,0,0,1,True,30966,0.5754122416204852
30956,2026-02-20 09:00:00,9,1,MARKUP,1,C,49456.028,49420.818948032414,49544.05062991896,35.209051967583946,10.062103935163906,0,1,0,0,0,1,True,30966,1.75
30968,2026-02-20 10:00:00,10,1,MARKUP,1,C,49465.1435,49434.22473980624,49542.4404004844,30.918760193759226,12.750520387518547,0,0,1,0,0,1,True,30969,1.75
30980,2026-02-20 11:00:00,11,1,MARKUP,2,C,49472.8895,49438.37122080679,49559.185197983024,34.51827919320931,17.657558386411402,0,1,1,0,0,1,True,30990,-1.0
31006,2026-02-20 13:10:00,13,-1,MARKDOWN,1,C,49464.848,49556.4792755189,49235.76981120275,91.6312755188992,22.058551037802086,0,1,0,0,0,1,False,-1,
31018,2026-02-20 14:10:00,14,-1,MARKDOWN,1,C,49458.736,49556.02655416851,49215.509614578725,97.29055416851043,21.15310833701883,0,1,0,0,0,1,False,-1,
31030,2026-02-20 15:10:00,15,-1,MARKDOWN,0,C,49449.568,49556.04258852351,49183.38152869123,106.47458852350974,21.185177047028347,0,0,0,0,0,1,True,31052,-1.0
31042,2026-02-20 16:10:00,16,-1,MARKDOWN,2,C,49434.288,49560.67885354493,49118.310866137675,126.39085354493,30.45770708986245,0,1,1,0,0,1,True,31052,-1.0
31066,2026-02-20 18:10:00,18,1,MARKUP,1,C,49362.5755,49098.43665583128,50022.92261042179,264.1388441687159,96.42668833743681,0,1,0,0,0,1,True,31070,0.9395106669055278
31081,2026-02-20 19:25:00,19,-1,MARKDOWN,2,C,49300.7174,49434.518260743745,48966.21524814064,133.80086074374412,77.13652148749581,0,1,0,1,0,1,True,31082,-1.0
31097,2026-02-20 20:45:00,20,1,MARKUP,3,B,49362.5755,49103.83297454737,50009.43181363158,258.7425254526315,85.63405090527276,0,1,1,0,1,1,False,-1,
31256,2026-02-23 11:00:00,11,1,MARKUP,2,C,49365.2547,49291.009237426275,49550.86835643431,74.24546257372276,17.96152514744543,0,1,1,0,0,1,False,-1,
31280,2026-02-23 13:00:00,13,1,MARKUP,2,C,49406.700699999994,49321.767855999955,49619.03281000009,84.93284400003904,17.944288000088026,0,1,1,0,0,1,True,31296,2.5
31322,2026-02-23 16:30:00,16,1,MARKUP,2,C,49488.699499999995,49323.93116329947,49900.6203417513,164.76833670052292,41.31767340104213,0,1,1,0,0,1,True,31324,-1.0
31334,2026-02-23 17:30:00,17,-1,MARKDOWN,1,C,49417.2714,49759.16294567759,48562.54253580602,341.89154567759397,74.64589135518716,0,1,0,0,0,1,False,-1,
31346,2026-02-23 18:30:00,18,-1,MARKDOWN,1,C,49363.8869,49755.59261104216,48384.6226223946,391.70571104215924,67.50522208431745,0,1,0,0,0,1,False,-1,
31358,2026-02-23 19:30:00,19,-1,MARKDOWN,2,C,49363.8869,49747.40158475118,48405.10018812205,383.5146847511787,51.123169502364206,0,1,1,0,0,1,False,-1,
31370,2026-02-23 20:30:00,20,-1,MARKDOWN,0,C,49359.302899999995,49744.826979879734,48395.492700300645,385.52407987973857,45.97395975947987,0,0,0,0,0,1,False,-1,
31520,2026-02-24 10:00:00,10,-1,MARKDOWN,3,B,48883.888,48922.30068529712,48787.85628675719,38.41268529712397,14.941370594239725,0,1,1,0,1,1,True,31535,0.6743702773456346
31532,2026-02-24 11:00:00,11,-1,MARKDOWN,2,C,48863.833,48927.96177378625,48703.511065534374,64.12877378625126,26.26354757249355,0,1,0,1,0,1,True,31533,-1.0
31559,2026-02-24 13:15:00,13,1,MARKUP,1,C,48853.146,48770.09625092921,49060.77037267698,83.04974907079304,22.4674981415842,0,1,0,0,0,1,True,31576,0.9495391184410735
31571,2026-02-24 14:15:00,14,1,MARKUP,1,C,48853.146,48770.79647525855,49059.019811853635,82.34952474145393,21.06704948290712,0,1,0,0,0,1,True,31576,0.9533615840680505
31588,2026-02-24 15:40:00,15,1,MARKUP,2,C,48853.146,48768.29460401766,49065.274489955846,84.85139598233945,26.070791964681753,0,1,1,0,0,1,True,31597,-1.0
31600,2026-02-24 16:40:00,16,1,MARKUP,2,C,48932.3599,48732.378003130056,49432.31464217487,199.98189686994738,60.403993739895164,0,1,1,0,0,1,False,-1,
31612,2026-02-24 17:40:00,17,1,MARKUP,1,C,48956.2349,48727.55801117244,49527.92712206891,228.67688882756192,70.04397765512697,0,1,0,0,0,1,False,-1,
31624,2026-02-24 18:40:00,18,1,MARKUP,2,C,48956.2349,48734.41195710962,49510.792257225956,221.82294289037964,56.33608578075789,0,1,1,0,0,1,False,-1,
31636,2026-02-24 19:40:00,19,1,MARKUP,1,C,48956.2349,48742.52585980783,49490.50750048044,213.70904019217414,40.10828038434141,0,1,0,0,0,1,False,-1,
31648,2026-02-24 20:40:00,20,1,MARKUP,2,C,48963.6839,48745.169486394254,49509.96993401438,218.51441360574972,34.82102721149729,0,1,1,0,0,1,False,-1,
31796,2026-02-25 10:00:00,10,1,MARKUP,2,C,49145.1452,49086.67988822122,49291.308479446954,58.46531177878205,14.860223557565117,0,1,1,0,0,1,False,-1,
31808,2026-02-25 11:00:00,11,1,MARKUP,1,C,49205.9467,49161.86062594498,49316.16188513755,44.08607405501971,17.998748110040275,0,1,0,0,0,1,False,-1,
31832,2026-02-25 13:00:00,13,1,MARKUP,1,C,49215.2075,49165.483103810315,49339.518490474205,49.72439618968201,14.453792379366941,0,1,0,0,0,1,False,-1,
31844,2026-02-25 14:00:00,14,1,MARKUP,1,C,49235.358,49165.77173313268,49409.323667168304,69.58626686732168,13.87653373463777,0,1,0,0,0,1,False,-1,
31856,2026-02-25 15:00:00,15,1,MARKUP,1,C,49264.198,49195.456765728755,49436.051085678104,68.74123427124141,16.00646854249369,0,1,0,0,0,1,True,31880,0.6774002391020548
31868,2026-02-25 16:00:00,16,1,MARKUP,2,C,49293.4615,49214.68976434776,49490.3908391306,78.77173565224075,17.54047130448798,0,1,1,0,0,1,True,31874,0.70232636051221
31893,2026-02-25 18:05:00,18,1,MARKUP,2,C,49329.8375,49228.10247426392,49584.175064340205,101.7350257360813,49.715051472152965,0,1,1,0,0,1,True,31895,1.0528282835435394
31905,2026-02-25 19:05:00,19,1,MARKUP,2,C,49367.998999999996,49293.1263726244,49555.180568438984,74.8726273755965,43.16725475119939,0,1,0,0,1,1,False,-1,
31917,2026-02-25 20:05:00,20,1,MARKUP,1,C,49319.89200000001,49188.32055989022,49648.82060027447,131.57144010978664,33.17888021955915,0,1,0,0,0,1,False,-1,
32048,2026-02-26 08:00:00,8,-1,MARKDOWN,1,C,49418.79,49446.1283637327,49350.44409066826,27.33836373269878,8.836727465394487,0,1,0,0,0,1,False,-1,
32060,2026-02-26 09:00:00,9,-1,MARKDOWN,0,C,49412.174999999996,49443.69275779723,49333.38060550691,31.51775779723539,11.465515594461376,0,0,0,0,0,1,True,32076,0.5
32072,2026-02-26 10:00:00,10,-1,MARKDOWN,2,C,49411.1627,49444.69257631846,49327.33800920384,33.5298763184619,13.465152636922703,0,1,1,0,0,1,True,32075,-1.0
32093,2026-02-26 11:45:00,11,1,MARKUP,2,C,49408.875,49359.47583856352,49532.3729035912,49.39916143647861,16.668322872948586,0,1,1,0,0,1,False,-1,
32108,2026-02-26 13:00:00,13,1,MARKUP,1,C,49408.875,49360.76789589854,49529.14276025364,48.10710410145839,14.08420820290663,0,1,0,0,0,1,False,-1,
32120,2026-02-26 14:00:00,14,1,MARKUP,2,C,49418.998,49361.34196280095,49563.13809299762,57.656037199049024,12.936074398094545,0,1,1,0,0,1,False,-1,
32132,2026-02-26 15:00:00,15,1,MARKUP,1,C,49459.128,49364.60239902369,49695.44200244076,94.5256009763034,17.91520195260228,0,1,0,0,0,1,False,-1,
32144,2026-02-26 16:00:00,16,1,MARKUP,2,C,49486.2345,49386.57604191717,49735.38064520707,99.65845808282756,19.967916165652632,0,1,1,0,0,1,True,32159,-1.0
32156,2026-02-26 17:00:00,17,1,MARKUP,1,C,49582.9024,49399.77870686269,50040.71163284326,183.12369313730596,50.56258627460666,1,0,0,0,0,1,True,32157,-1.0
32181,2026-02-26 19:05:00,19,-1,MARKDOWN,2,C,49609.633,49869.63525701217,48959.62735746959,260.0022570121655,62.75051402433648,0,1,1,0,0,1,False,-1,
32193,2026-02-26 20:05:00,20,-1,MARKDOWN,1,C,49608.105,49863.35012607546,48969.99218481137,255.2451260754533,50.18025215091004,0,1,0,0,0,1,False,-1,
32366,2026-02-27 11:30:00,11,1,MARKUP,1,C,49274.2782,49208.33140129915,49439.145196752135,65.94679870085383,21.037197401710515,0,1,0,0,0,1,True,32372,-1.0
32384,2026-02-27 13:00:00,13,-1,MARKDOWN,2,C,49301.3975,49377.29816057014,49111.64584857464,75.90066057014337,26.69632114028884,0,1,1,0,0,1,False,-1,
32396,2026-02-27 14:00:00,14,-1,MARKDOWN,2,C,49271.983499999995,49378.65460519923,49005.305737001894,106.67110519923881,29.409210398471174,0,1,1,0,0,1,False,-1,
32408,2026-02-27 15:00:00,15,-1,MARKDOWN,1,C,49266.157999999996,49379.0557565769,48983.91360855774,112.89775657690188,30.211513153800922,0,1,0,0,0,1,False,-1,
32420,2026-02-27 16:00:00,16,-1,MARKDOWN,2,C,49184.5055,49383.73186164735,48686.439595881624,199.22636164735013,39.56372329471193,0,1,1,0,0,1,False,-1,
32432,2026-02-27 17:00:00,17,-1,MARKDOWN,2,C,49039.6129,49302.28043792438,48382.944055189044,262.6675379243825,67.66087584877702,0,1,0,0,1,1,True,32451,0.8879589066759757
32444,2026-02-27 18:00:00,18,-1,MARKDOWN,0,C,49012.4209,49260.45921031224,48392.32512421939,248.038310312244,72.01842062448954,0,0,0,0,0,1,True,32448,0.8560264973634327
32458,2026-02-27 19:10:00,19,-1,MARKDOWN,2,C,49004.3869,49247.08524329414,48397.64104176464,242.69834329414152,71.27048658828771,0,1,1,0,0,1,False,-1,
32470,2026-02-27 20:10:00,20,-1,MARKDOWN,2,C,48936.4069,49131.15655293997,48449.53276765009,194.74965293996502,59.413105879937,0,1,0,0,1,1,False,-1,
32600,2026-03-02 08:00:00,8,-1,MARKDOWN,2,C,48599.686,48697.65476692622,48354.76408268445,97.96876692622027,22.50953385243579,0,1,1,0,0,1,False,-1,
32612,2026-03-02 09:00:00,9,-1,MARKDOWN,2,C,48537.802,48703.1038681673,48124.54732958176,165.30186816729838,33.407736334594496,0,1,1,0,0,1,False,-1,
32624,2026-03-02 10:00:00,10,-1,MARKDOWN,1,C,48450.650200000004,48639.300565474696,47979.02428631327,188.65036547469208,45.80113094939148,0,1,0,0,0,1,True,32648,-1.0
32636,2026-03-02 11:00:00,11,-1,MARKDOWN,1,C,48428.3987,48645.59177380076,47885.416015498085,217.19307380076498,58.383547601528335,0,0,1,0,0,1,True,32648,-1.0
32705,2026-03-02 16:45:00,16,1,MARKUP,2,C,48501.8129,48337.04044548787,48913.7440362803,164.77245451212366,61.41910902426,0,1,1,0,0,1,False,-1,
32717,2026-03-02 17:45:00,17,1,MARKUP,1,C,48581.8419,48328.575970394406,49215.00672401398,253.26592960559356,78.34805921118986,0,1,0,0,0,1,False,-1,
32729,2026-03-02 18:45:00,18,1,MARKUP,2,C,48600.5599,48327.963527025575,49282.05083243606,272.5963729744253,79.57294594885133,0,1,1,0,0,1,False,-1,
32741,2026-03-02 19:45:00,19,1,MARKUP,2,C,48610.5144,48337.68690089161,49292.58314777097,272.827499108389,61.1261982167735,0,1,1,0,0,1,False,-1,
32753,2026-03-02 20:45:00,20,1,MARKUP,0,C,48610.5144,48344.074030931006,49276.615322672485,266.4403690689942,48.35193813798976,0,0,0,0,0,1,False,-1,
32876,2026-03-03 08:00:00,8,-1,MARKDOWN,1,C,48692.0185,48825.03648322695,48359.473541932624,133.01798322694958,26.712966453890225,0,1,0,0,0,1,False,-1,
32888,2026-03-03 09:00:00,9,-1,MARKDOWN,1,C,48594.081,48691.75668834334,48349.891779141646,97.67568834334088,27.653376686682456,0,1,0,0,0,1,False,-1,
32900,2026-03-03 10:00:00,10,-1,MARKDOWN,2,C,48544.4982,48688.486996034444,48184.52620991389,143.9887960344422,32.1139920688854,0,1,1,0,0,1,False,-1,
32912,2026-03-03 11:00:00,11,-1,MARKDOWN,1,C,48420.6432,48651.22688766614,47844.18398083464,230.5836876661415,50.59377533228054,0,1,0,0,0,1,False,-1,
32936,2026-03-03 13:00:00,13,-1,MARKDOWN,1,C,48335.6807,48584.96049695579,47712.481207610515,249.27979695579415,54.5609939115777,0,1,0,0,0,1,False,-1,
32948,2026-03-03 14:00:00,14,-1,MARKDOWN,1,C,48275.594,48531.1984708286,47636.58282292848,255.60447082860628,54.33694165721671,0,0,1,0,0,1,False,-1,
32969,2026-03-03 15:45:00,15,-1,MARKDOWN,2,C,48106.4165,48258.96902709421,47725.03518226447,152.55252709420893,57.378054188414126,0,1,1,0,0,1,True,32979,1.1924802472704605
32981,2026-03-03 16:45:00,16,-1,MARKDOWN,3,B,48074.524900000004,48306.832425544046,47493.756086139896,232.3075255440417,84.1048510880896,0,1,1,0,1,1,True,33000,-1.0
32993,2026-03-03 17:45:00,17,-1,MARKDOWN,2,C,48023.623400000004,48313.12552965203,47299.868075869934,289.5021296520281,96.69105930406607,0,1,0,0,1,1,True,32999,-1.0
33023,2026-03-03 20:15:00,20,1,MARKUP,1,C,47929.339,47594.032405339676,48767.605486650806,335.30659466032375,78.89518932064976,0,1,0,0,0,1,False,-1,
33152,2026-03-04 08:00:00,8,-1,MARKDOWN,2,C,48392.415,48503.79336759301,48113.96908101748,111.3783675930099,41.306735186028774,0,1,1,0,0,1,True,33171,-1.0
33164,2026-03-04 09:00:00,9,-1,MARKDOWN,3,B,48323.2055,48404.08492530752,48121.00693673118,80.8794253075248,35.88985061504173,1,0,1,0,1,1,True,33168,-1.0
33185,2026-03-04 10:45:00,10,1,MARKUP,2,C,48301.3617,48198.67193198894,48558.086120027656,102.68976801106328,45.436136022116536,0,1,1,0,0,1,True,33189,1.75
33197,2026-03-04 11:45:00,11,1,MARKUP,3,B,48312.3442,48198.292803463715,48597.47269134071,114.0513965362843,46.19439307257409,0,1,1,0,1,1,False,-1,
33212,2026-03-04 13:00:00,13,1,MARKUP,2,C,48386.3567,48197.42059974606,48858.69695063484,188.93610025393718,47.93880050788367,0,1,1,0,0,1,False,-1,
33224,2026-03-04 14:00:00,14,1,MARKUP,2,C,48420.475,48239.62648132898,48872.59629667754,180.8485186710168,42.72703734202847,0,1,1,0,0,1,True,33229,1.002950479197803
33236,2026-03-04 15:00:00,15,1,MARKUP,3,B,48440.869,48270.04308058796,48867.933798530095,170.8259194120401,47.893838824072574,0,1,1,0,1,1,True,33255,1.234858096421168
33248,2026-03-04 16:00:00,16,1,MARKUP,1,C,48448.222499999996,48270.761494340535,48891.87501414865,177.46100565946108,46.45701131893001,0,1,0,0,0,1,True,33255,1.186663864580846
33261,2026-03-04 17:05:00,17,1,MARKUP,2,C,48545.583,48365.872101102126,48994.86024724468,179.71089889787254,83.2357977957483,0,1,1,0,0,1,False,-1,
33273,2026-03-04 18:05:00,18,1,MARKUP,1,C,48554.291000000005,48325.01017496184,49127.493062595415,229.28082503816404,72.35965007632396,0,1,0,0,0,1,False,-1,
33285,2026-03-04 19:05:00,19,1,MARKUP,2,C,48556.201,48329.098918505384,49123.95620373654,227.10208149461687,64.18216298923417,0,1,1,0,0,1,False,-1,
33297,2026-03-04 20:05:00,20,1,MARKUP,1,C,48556.201,48334.59169820167,49110.22425449583,221.6093017983294,53.19660359665965,0,1,0,0,0,1,False,-1,
33428,2026-03-05 08:00:00,8,-1,MARKDOWN,2,C,48685.184,48796.258395964716,48407.49801008821,111.07439596471522,21.216791929431444,0,1,1,0,0,1,False,-1,
33440,2026-03-05 09:00:00,9,-1,MARKDOWN,2,C,48598.337,48689.27097984874,48371.00205037814,90.93397984874173,31.741959697485402,1,0,1,0,0,1,True,33441,0.9177009638142706
33452,2026-03-05 10:00:00,10,-1,MARKDOWN,3,B,48579.9515,48661.48532204674,48376.11694488316,81.53382204673835,35.6706440934732,0,1,1,1,1,1,True,33464,-1.0
33488,2026-03-05 13:00:00,13,1,MARKUP,0,C,48594.3085,48421.28386961359,49026.87007596603,173.02463038641145,42.93226077281865,0,0,0,0,0,1,True,33500,-1.0
33510,2026-03-05 14:50:00,14,-1,MARKDOWN,3,B,48539.0035,48619.75388884413,48337.12752788968,80.75038884412788,42.50777768824856,1,1,1,0,0,1,True,33511,1.75
33522,2026-03-05 15:50:00,15,-1,MARKDOWN,2,C,48684.5035,48860.25989473166,48245.112513170854,175.75639473165938,41.51978946331475,0,1,1,0,0,1,False,-1,
33534,2026-03-05 16:50:00,16,-1,MARKDOWN,1,C,48545.8114,48754.41297580635,48024.307460484124,208.60157580635132,67.82595161270545,0,1,0,0,0,1,False,-1,
33546,2026-03-05 17:50:00,17,-1,MARKDOWN,1,C,48465.2094,48760.591934752214,47726.75306311947,295.38253475221427,80.18386950443283,0,1,0,0,0,1,False,-1,
33558,2026-03-05 18:50:00,18,-1,MARKDOWN,1,C,48382.8529,48728.68038066684,47518.2841983329,345.82748066684144,77.36076133367563,0,1,0,0,0,1,False,-1,
33570,2026-03-05 19:50:00,19,-1,MARKDOWN,2,C,48249.386399999996,48590.84980050361,47395.727898740966,341.46340050361323,75.69960100721897,0,1,1,0,0,1,False,-1,
33582,2026-03-05 20:50:00,20,-1,MARKDOWN,2,C,48192.573,48552.485864550814,47292.790838622954,359.9128645508172,71.57172910163979,0,1,1,0,0,1,False,-1,
33704,2026-03-06 08:00:00,8,1,MARKUP,0,C,48025.668000000005,47977.03255791002,48147.256605224975,48.63544208998792,17.814884179963432,0,0,0,0,0,1,True,33708,-1.0
33724,2026-03-06 09:40:00,9,1,MARKUP,3,B,48028.2945,47980.7747561137,48147.093859715766,47.51974388630333,18.830487772602705,0,1,1,1,0,1,True,33725,-1.0
33736,2026-03-06 10:40:00,10,-1,MARKDOWN,2,C,48028.0942,48106.36393680861,47832.41985797848,78.26973680860829,32.84787361721224,1,0,0,1,0,1,True,33737,1.75
33748,2026-03-06 11:40:00,11,-1,MARKDOWN,1,C,47965.0642,48110.08098676153,47602.52223309617,145.01678676153097,40.28197352305387,0,1,0,0,0,1,False,-1,
33764,2026-03-06 13:00:00,13,-1,MARKDOWN,2,C,47940.8142,48087.37073498651,47574.422862533735,146.55653498650645,43.3614699730044,0,1,1,0,0,1,False,-1,
33776,2026-03-06 14:00:00,14,-1,MARKDOWN,1,C,47918.38,48087.39777465001,47495.83556337497,169.01777465001214,47.71554930002158,0,1,0,0,0,1,False,-1,
33788,2026-03-06 15:00:00,15,-1,MARKDOWN,1,C,47886.3395,48081.90607273561,47397.42306816098,195.56657273560995,45.23214547121913,0,1,0,0,0,1,False,-1,
33800,2026-03-06 16:00:00,16,-1,MARKDOWN,2,C,47705.562,48018.04743914356,46924.3484021411,312.4854391435583,68.01487828711461,0,1,0,0,1,1,False,-1,
33812,2026-03-06 17:00:00,17,-1,MARKDOWN,1,C,47551.9429,47945.09541970285,46569.06160074289,393.1525197028459,95.61083940568902,0,1,0,0,0,1,False,-1,
33824,2026-03-06 18:00:00,18,-1,MARKDOWN,1,C,47538.6559,47923.79207394015,46575.815465149615,385.13617394015455,96.0041478803024,1,0,0,0,0,1,False,-1,
33844,2026-03-06 19:40:00,19,-1,MARKDOWN,2,C,47442.4024,47763.31819789444,46640.11290526389,320.9157978944422,86.55639578887845,0,1,1,0,0,1,True,33849,1.75
34040,2026-03-09 13:00:00,13,1,MARKUP,1,C,46738.1902,46450.946628185506,47456.29912953623,287.2435718144916,77.04674362899489,0,1,0,0,0,1,False,-1,
34052,2026-03-09 14:00:00,14,1,MARKUP,2,C,46791.709,46541.12418341701,47418.17104145749,250.5848165829957,69.89163316599006,0,1,1,0,0,1,False,-1,
34064,2026-03-09 15:00:00,15,1,MARKUP,2,C,46791.709,46543.7212455448,47411.678386138,247.98775445520005,64.69750891038969,0,1,1,0,0,1,True,34086,0.9898070451797388
34076,2026-03-09 16:00:00,16,1,MARKUP,2,C,46835.278,46618.26701722172,47377.8054569457,217.01098277827987,56.60596555656009,0,1,1,0,0,1,True,34084,-1.0
34098,2026-03-09 17:50:00,17,1,MARKUP,3,B,46942.4885,46796.49915226991,47307.46186932521,145.9893477300866,99.64169546017456,0,1,1,0,1,1,False,-1,
34110,2026-03-09 18:50:00,18,1,MARKUP,3,B,46832.9905,46577.82085324338,47470.914616891554,255.16964675662166,80.39829351323787,0,1,1,1,0,1,False,-1,
34122,2026-03-09 19:50:00,19,1,MARKUP,1,C,46872.3365,46583.18277459164,47595.22081352089,289.1537254083596,69.67445081671117,0,1,0,0,0,1,False,-1,
34134,2026-03-09 20:50:00,20,1,MARKUP,1,C,46872.3365,46588.45000479177,47582.052738020575,283.88649520822946,59.139990416458595,0,0,1,0,0,1,False,-1,
34257,2026-03-10 08:05:00,8,1,MARKUP,3,B,47582.7045,47487.96099767733,47819.56325580668,94.7435023226717,33.05800464533371,0,1,1,1,0,1,False,-1,
34269,2026-03-10 09:05:00,9,1,MARKUP,2,C,47649.4485,47598.75709802796,47776.17700493008,50.69140197203524,27.46580394406952,1,1,0,0,0,1,True,34271,1.75
34281,2026-03-10 10:05:00,10,1,MARKUP,2,C,47588.881199999996,47461.83078956722,47906.50722608194,127.05041043277743,31.31842086555846,0,1,1,0,0,1,False,-1,
34293,2026-03-10 11:05:00,11,1,MARKUP,2,C,47648.282199999994,47457.38653866915,48125.521353327116,190.89566133084736,40.20692266170466,0,1,1,0,0,1,False,-1,
34316,2026-03-10 13:00:00,13,1,MARKUP,0,C,47743.9752,47586.65263552187,48137.281611195336,157.32256447813415,40.674728956257546,0,0,0,0,0,1,True,34334,-1.0
34328,2026-03-10 14:00:00,14,1,MARKUP,2,C,47761.649999999994,47610.97609718586,48138.33475703532,150.673902814131,49.22780562827346,0,1,1,0,0,1,True,34331,-1.0
34351,2026-03-10 15:55:00,15,-1,MARKDOWN,2,C,47792.6395,47990.213303591496,47298.70499102125,197.5738035914983,49.24660718299871,0,1,1,0,0,1,True,34370,-1.0
34363,2026-03-10 16:55:00,16,-1,MARKDOWN,2,C,47775.9079,48001.72482651164,47211.365583720886,225.81692651164485,72.26965302329766,0,1,1,0,0,1,True,34370,-1.0
34375,2026-03-10 17:55:00,17,1,MARKUP,2,C,47664.856,47411.610750037325,48297.96912490668,253.24524996267428,76.35849992534399,0,1,1,0,0,1,False,-1,
34387,2026-03-10 18:55:00,18,1,MARKUP,1,C,47683.574,47418.31097756476,48346.731556088096,265.2630224352397,62.9580448704861,0,1,0,0,0,1,False,-1,
34399,2026-03-10 19:55:00,19,1,MARKUP,2,C,47687.776,47419.496338753204,48358.47515311698,268.2796612467937,60.58732249359178,0,1,1,0,0,1,False,-1,
34411,2026-03-10 20:55:00,20,1,MARKUP,1,C,47751.57,47417.42156979674,48586.941075508155,334.14843020326225,64.73686040652551,0,1,0,0,0,1,True,34416,0.4814626838202837
34532,2026-03-11 08:00:00,8,1,MARKUP,0,C,47831.184499999996,47751.88176933946,48029.44132665134,79.30273066053633,13.636461321077393,0,0,0,0,0,1,True,34542,-1.0
34561,2026-03-11 10:25:00,10,-1,MARKDOWN,2,C,47884.5032,47960.704415601474,47694.00016099631,76.20121560147527,24.508831202954163,0,1,1,0,0,1,False,-1,
34573,2026-03-11 11:25:00,11,-1,MARKDOWN,2,C,47852.5107,47965.48598491233,47570.07248771917,112.97528491233243,34.07196982466165,0,1,1,0,0,1,False,-1,
34592,2026-03-11 13:00:00,13,-1,MARKDOWN,1,C,47763.5697,47929.94153237567,47347.64011906083,166.37183237566933,44.983064751341665,0,1,0,0,0,1,True,34600,0.7187339519072811
34613,2026-03-11 14:45:00,14,-1,MARKDOWN,3,B,47734.8945,47884.06504436243,47361.96813909392,149.17054436243052,46.03008872485598,0,1,1,0,1,1,True,34622,0.9634178852212125
34625,2026-03-11 15:45:00,15,-1,MARKDOWN,2,C,47715.328,47885.245967862844,47290.533080342895,169.9179678628425,56.391935725688704,0,1,1,0,0,1,True,34634,1.0624149480165044
34637,2026-03-11 16:45:00,16,-1,MARKDOWN,3,B,47676.153900000005,47893.1163966249,47133.747658437765,216.96249662489572,72.1327932498005,0,1,1,0,1,1,True,34640,0.9078520897180637
34649,2026-03-11 17:45:00,17,-1,MARKDOWN,1,C,47643.3974,47904.592092204206,46990.41066948949,261.19469220420433,95.0841844084094,0,0,0,0,1,1,False,-1,
34661,2026-03-11 18:45:00,18,-1,MARKDOWN,2,C,47616.1799,47899.861509404036,46906.975876489916,283.6816094040332,85.62301880807308,0,1,1,0,0,1,False,-1,
34673,2026-03-11 19:45:00,19,-1,MARKDOWN,1,C,47530.394400000005,47775.98004869177,46916.4302782706,245.5856486917619,70.3600973835247,0,1,0,0,0,1,False,-1,
34685,2026-03-11 20:45:00,20,-1,MARKDOWN,1,C,47519.115900000004,47758.070803324445,46921.728641688904,238.95490332444024,71.04160664888839,0,1,0,0,0,1,False,-1,
34817,2026-03-12 08:45:00,8,-1,MARKDOWN,1,C,46953.889,47055.18580478287,46700.646988042834,101.296804782869,26.491609565740287,0,0,1,0,0,1,True,34825,-1.0
34851,2026-03-12 11:35:00,11,1,MARKUP,1,C,46979.0032,46811.90397636738,47396.751259081546,167.09922363262012,38.07204726524241,0,1,0,0,0,1,False,-1,
34868,2026-03-12 13:00:00,13,1,MARKUP,1,C,47009.3582,46860.46628801401,47381.587979964985,148.89191198599292,37.94742397198601,0,1,0,0,0,1,False,-1,
34884,2026-03-12 14:20:00,14,1,MARKUP,2,C,47035.036,46903.27820690503,47364.43048273743,131.7577930949701,32.02358618994796,0,1,1,0,0,1,True,34893,-1.0
34908,2026-03-12 16:20:00,16,-1,MARKDOWN,2,C,47096.98,47246.52484023203,46723.11789941994,149.5448402320253,46.969680464048395,0,1,1,0,0,1,False,-1,
34920,2026-03-12 17:20:00,17,-1,MARKDOWN,2,C,47060.0024,47263.96834670977,46550.08753322557,203.96594670977356,81.85669341953657,0,1,1,0,0,1,True,34944,1.0132420300647218
34932,2026-03-12 18:20:00,18,-1,MARKDOWN,1,C,47028.1054,47261.87205393685,46443.68876515787,233.76665393685107,77.66410787370567,0,1,0,0,0,1,True,34944,0.8795896252053517
34945,2026-03-12 19:25:00,19,-1,MARKDOWN,2,C,47019.1284,47272.11015363334,46386.674015916666,252.98175363333576,98.14030726666711,0,0,1,0,1,1,False,-1,
34957,2026-03-12 20:25:00,20,-1,MARKDOWN,2,C,46927.0464,47119.070124932645,46446.987087668385,192.02372493264556,90.06024986528968,0,1,0,1,1,1,True,34959,0.9551438832747723
35096,2026-03-13 09:00:00,9,-1,MARKDOWN,2,C,46909.445999999996,46979.62502410722,46733.998439731935,70.17902410722309,20.41004821443536,0,1,1,0,0,1,False,-1,
35108,2026-03-13 10:00:00,10,-1,MARKDOWN,2,C,46816.3407,46934.3467404494,46521.3255988765,118.00604044939973,28.853480898808446,0,1,1,0,0,1,False,-1,
35120,2026-03-13 11:00:00,11,-1,MARKDOWN,1,C,46756.5907,46926.001899059615,46333.062702350966,169.41119905961386,36.163798119233036,0,1,0,0,0,1,False,-1,
35165,2026-03-13 14:45:00,14,1,MARKUP,2,C,46605.683999999994,46412.273005242605,47089.211486893466,193.41099475738883,41.493989514785866,0,1,1,0,0,1,False,-1,
35177,2026-03-13 15:45:00,15,1,MARKUP,2,C,46659.354999999996,46410.03662594938,47282.65093512653,249.31837405061378,45.966748101222066,0,1,1,0,0,1,False,-1,
35189,2026-03-13 16:45:00,16,1,MARKUP,1,C,46794.564399999996,46553.819812748356,47396.425868129096,240.74458725164004,61.90037450328528,0,1,0,0,0,1,True,35195,-1.0
35217,2026-03-13 19:05:00,19,-1,MARKDOWN,1,C,46945.9305,47173.68415607996,46376.54635980011,227.75365607995627,79.42831215991613,0,1,0,0,0,1,False,-1,
35229,2026-03-13 20:05:00,20,-1,MARKDOWN,1,C,46932.942500000005,47171.137994566365,46337.453763584104,238.19549456636014,74.33598913272363,0,1,0,0,0,1,False,-1,
35360,2026-03-16 08:00:00,8,1,MARKUP,0,C,46738.273,46686.79354170715,46866.971645732134,51.47945829285163,17.772916585700383,0,0,0,0,0,1,True,35366,0.971029488715422
35372,2026-03-16 09:00:00,9,1,MARKUP,1,C,46745.6015,46691.21540004443,46881.56674988892,54.38609995556908,18.429199911138046,0,1,0,0,0,1,True,35389,-1.0
35384,2026-03-16 10:00:00,10,1,MARKUP,2,C,46755.2042,46699.008245259734,46895.694086850664,56.195954740265734,18.343509480526503,0,1,1,0,0,1,True,35389,-1.0
35397,2026-03-16 11:05:00,11,1,MARKUP,2,C,46762.6202,46705.058198721046,46906.52520319738,57.56200127895136,30.243602557905852,0,1,1,0,0,1,True,35398,-1.0
35420,2026-03-16 13:00:00,13,-1,MARKDOWN,1,C,46739.8865,46852.84006667178,46457.50258332056,112.95356667177839,43.120133343565506,0,1,0,0,0,1,True,35424,-1.0
35435,2026-03-16 14:15:00,14,1,MARKUP,3,B,46792.964,46750.50226590417,46899.118335239575,42.46173409582843,37.55546819165685,0,1,1,1,0,1,True,35436,1.75
35447,2026-03-16 15:15:00,15,1,MARKUP,2,C,46724.2975,46574.110506295234,47099.764984261914,150.1869937047668,35.838987409531725,0,1,1,0,0,1,False,-1,
35459,2026-03-16 16:15:00,16,1,MARKUP,1,C,46738.6225,46575.16812045038,47147.258448874054,163.45437954962108,33.72375909924734,0,1,0,0,0,1,False,-1,
35471,2026-03-16 17:15:00,17,1,MARKUP,1,C,46826.6544,46561.369918253324,47489.865604366685,265.28448174667574,61.320163493349945,0,1,0,0,0,1,False,-1,
35483,2026-03-16 18:15:00,18,1,MARKUP,1,C,46886.7549,46654.042946108944,47468.53478472764,232.7119538910556,70.47410778211555,0,0,0,0,1,1,True,35496,-0.10929778025888424
35645,2026-03-17 08:45:00,8,-1,MARKDOWN,3,B,46869.0915,46908.64827622804,46770.1995594299,39.55677622804069,16.65655245609199,0,1,1,1,0,1,False,-1,
35657,2026-03-17 09:45:00,9,-1,MARKDOWN,2,C,46820.7167,46911.008851237304,46594.986321906734,90.29215123730683,25.3777024746052,0,1,1,0,0,1,True,35668,-1.0
35669,2026-03-17 10:45:00,10,-1,MARKDOWN,1,C,46820.7167,46911.64343649477,46593.39985876306,90.92673649477365,26.64687298954178,0,0,1,0,0,1,True,35672,-1.0
35696,2026-03-17 13:00:00,13,1,MARKUP,1,C,46799.837999999996,46678.26504899234,47103.77037751913,121.57295100765623,33.809902015320894,0,1,0,0,0,1,False,-1,
35708,2026-03-17 14:00:00,14,1,MARKUP,2,C,46799.837999999996,46680.43515683817,47098.34510790456,119.40284316182806,29.46968632366357,0,1,1,0,0,1,False,-1,
35720,2026-03-17 15:00:00,15,1,MARKUP,2,C,46825.534999999996,46711.16362808416,47111.46342978958,114.37137191583315,32.01274383166753,0,1,1,0,0,1,False,-1,
35732,2026-03-17 16:00:00,16,1,MARKUP,2,C,46905.104999999996,46739.28840056236,47319.6464985941,165.81659943763952,31.763198875278654,0,1,1,0,0,1,False,-1,
35744,2026-03-17 17:00:00,17,1,MARKUP,1,C,47067.4124,46805.73548216662,47721.604694583446,261.67691783337796,54.8690356667452,0,1,0,0,0,1,True,35763,-0.17297054847160925
35756,2026-03-17 18:00:00,18,1,MARKUP,0,C,47084.0984,46829.153346711886,47721.461033220294,254.94505328811647,62.033306576230835,0,0,0,0,0,1,True,35763,-0.24298726019991648
35912,2026-03-18 08:00:00,8,1,MARKUP,1,C,47087.818,46976.28709455053,47366.64526362368,111.5309054494719,13.725810898943193,0,1,0,0,0,1,False,-1,
35924,2026-03-18 09:00:00,9,1,MARKUP,1,C,47143.741,47060.64118623887,47351.49053440283,83.09981376113137,13.017627522265174,0,1,0,0,0,1,False,-1,
35936,2026-03-18 10:00:00,10,1,MARKUP,1,C,47190.1187,47099.36651658171,47416.99915854573,90.75218341829168,15.066966836583482,0,1,0,0,0,1,False,-1,
35948,2026-03-18 11:00:00,11,1,MARKUP,1,C,47219.4737,47145.47419980287,47404.47245049283,73.99950019713287,17.851600394260117,0,0,1,0,0,1,False,-1,
35975,2026-03-18 13:15:00,13,1,MARKUP,2,C,47271.5402,47228.05413953202,47380.255351169966,43.486060467985226,21.191720935971432,0,0,1,0,1,1,True,35977,-1.0
35999,2026-03-18 15:15:00,15,-1,MARKDOWN,2,C,47194.1785,47336.375212784056,46838.68671803987,142.1967127840544,41.25042556810696,0,1,1,0,0,1,False,-1,
36011,2026-03-18 16:15:00,16,-1,MARKDOWN,1,C,47082.7855,47332.952336200266,46457.36840949933,250.16683620026743,57.40467240053801,0,1,0,0,0,1,False,-1,
36023,2026-03-18 17:15:00,17,-1,MARKDOWN,2,C,47036.8894,47335.92667232039,46289.29621919902,299.0372723203909,79.85334464077657,0,1,1,0,0,1,False,-1,
36035,2026-03-18 18:15:00,18,-1,MARKDOWN,2,C,47001.0794,47325.15798877143,46190.88292807143,324.0785887714301,68.81597754286494,0,1,1,0,0,1,False,-1,
36047,2026-03-18 19:15:00,19,-1,MARKDOWN,1,C,46988.062399999995,47304.07673961305,46198.02655096736,316.01433961305156,57.65347922609646,0,1,0,0,0,1,False,-1,
36059,2026-03-18 20:15:00,20,-1,MARKDOWN,1,C,46858.9004,47092.62398144517,46274.59144638707,233.72358144517057,52.747962890340204,0,1,0,0,0,1,False,-1,
36212,2026-03-19 10:00:00,10,-1,MARKDOWN,2,C,46253.147,46330.17150763245,46060.58573091887,77.02450763244997,30.663015264900153,0,1,1,0,0,1,False,-1,
36224,2026-03-19 11:00:00,11,-1,MARKDOWN,2,C,46228.627199999995,46326.73006893148,45983.370027671284,98.10286893148441,39.28013786296653,0,1,1,0,0,1,True,36246,1.102772173969738
36263,2026-03-19 14:15:00,14,-1,MARKDOWN,3,B,46164.1475,46276.01455049565,45884.479873760865,111.86705049565353,45.14910099129428,0,1,1,0,1,1,False,-1,
36275,2026-03-19 15:15:00,15,-1,MARKDOWN,2,C,46178.527500000004,46308.387489528235,45853.87752617942,129.85998952823138,54.39497905647037,0,1,1,0,0,1,False,-1,
36287,2026-03-19 16:15:00,16,-1,MARKDOWN,1,C,46111.009000000005,46311.66978429229,45609.3570392693,200.6607842922822,60.959568584564494,0,1,0,0,0,1,False,-1,
36299,2026-03-19 17:15:00,17,-1,MARKDOWN,2,C,46095.6335,46322.885737520875,45527.50290619783,227.25223752087186,83.39147504174822,0,1,1,0,0,1,False,-1,
36311,2026-03-19 18:15:00,18,-1,MARKDOWN,2,C,46044.9849,46270.233677838296,45481.86295540427,225.24877783829288,89.08735567658934,0,1,1,0,0,1,False,-1,
36323,2026-03-19 19:15:00,19,-1,MARKDOWN,2,C,45996.6264,46186.77427738732,45521.25670653171,190.14787738731684,78.66855477463277,0,1,1,0,0,1,False,-1,
36335,2026-03-19 20:15:00,20,-1,MARKDOWN,1,C,45953.2885,46125.25274758983,45523.37788102543,171.96424758982903,70.22549517966827,0,1,0,0,0,1,True,36346,0.7422743516939536
36487,2026-03-20 09:55:00,9,-1,MARKDOWN,1,C,46124.8697,46203.554743124965,45928.1570921876,78.68504312496225,18.589486249925365,0,1,0,0,0,1,True,36495,1.75
36502,2026-03-20 11:10:00,11,1,MARKUP,2,C,46043.875,45952.02949796639,46273.48875508403,91.84550203361141,25.16100406721732,0,1,1,0,0,1,True,36513,-1.0
36524,2026-03-20 13:00:00,13,-1,MARKDOWN,1,C,46025.102,46201.05605903785,45585.21685240537,175.95405903785286,50.892118075697304,0,1,0,0,0,1,False,-1,
36536,2026-03-20 14:00:00,14,-1,MARKDOWN,1,C,45997.025,46200.365193846286,45488.67451538429,203.34019384628482,49.510387692572195,0,1,0,0,0,1,False,-1,
36548,2026-03-20 15:00:00,15,-1,MARKDOWN,1,C,45997.025,46198.79005132876,45492.6123716781,201.765051328759,46.36010265752233,0,0,1,0,0,1,True,36568,0.9482334288041595
36563,2026-03-20 16:15:00,16,-1,MARKDOWN,2,C,45992.39,46191.05087214345,45495.73781964136,198.66087214345316,45.88174428691096,0,1,1,0,0,1,True,36568,0.9435716999485642
36575,2026-03-20 17:15:00,17,-1,MARKDOWN,3,B,45903.089,46061.70813889188,45506.541152770296,158.61913889188145,76.19627778376676,0,1,1,0,1,1,True,36588,0.6796478818279115
36587,2026-03-20 18:15:00,18,-1,MARKDOWN,2,C,45914.161499999995,46103.31475702335,45441.27835744161,189.15325702335394,79.00951404669524,0,1,1,0,0,1,True,36588,0.6799167661971023
36599,2026-03-20 19:15:00,19,-1,MARKDOWN,1,C,45914.161499999995,46101.62791319067,45445.495467023306,187.46641319067567,75.6358263813524,0,0,0,0,1,1,False,-1,
36611,2026-03-20 20:15:00,20,-1,MARKDOWN,1,C,45914.161499999995,46097.99230077289,45454.584498067765,183.83080077289196,68.36460154578516,0,0,1,0,0,1,False,-1,
36740,2026-03-23 08:00:00,8,-1,MARKDOWN,1,C,45565.2835,45670.05100709584,45303.364732260394,104.76750709584303,25.602014191679263,0,1,0,0,0,1,False,-1,
36752,2026-03-23 09:00:00,9,-1,MARKDOWN,1,C,45555.7335,45674.04181945485,45259.96270136289,118.30831945484533,33.58363890969902,0,1,0,0,0,1,False,-1,
36764,2026-03-23 10:00:00,10,-1,MARKDOWN,2,C,45502.6737,45676.575071078514,45067.920272303716,173.90137107851479,38.650142157023744,0,1,1,0,0,1,False,-1,
36776,2026-03-23 11:00:00,11,-1,MARKDOWN,1,C,45418.8002,45601.19487237912,44962.813519052186,182.39467237912322,52.38974475824672,0,1,0,0,0,1,True,36785,0.73482434941028
36800,2026-03-23 13:00:00,13,-1,MARKDOWN,1,C,45385.5827,45547.391885588884,44981.05973602779,161.80918558888516,52.28377117776548,0,1,0,0,0,1,True,36813,-1.0
36812,2026-03-23 14:00:00,14,-1,MARKDOWN,2,C,45338.831,45475.408532427755,44997.38716893061,136.57753242775652,59.61706485551353,1,0,0,1,0,1,True,36813,-1.0
36824,2026-03-23 15:00:00,15,1,MARKUP,2,C,45835.650499999996,45065.79468209944,47760.29004475138,769.8558179005558,200.6106358011104,0,1,0,1,0,1,False,-1,
36836,2026-03-23 16:00:00,16,1,MARKUP,1,C,45846.7745,45108.082044263356,47693.50563934161,738.6924557366438,152.0359114732845,0,1,0,0,0,1,False,-1,
36848,2026-03-23 17:00:00,17,1,MARKUP,1,C,45846.7745,45113.99361569194,47678.72671077014,732.7808843080566,140.21276861611463,0,1,0,0,0,1,False,-1,
36860,2026-03-23 18:00:00,18,1,MARKUP,2,C,45846.7745,45126.41189180917,47647.68102047707,720.3626081908296,115.37621638165979,0,1,1,0,0,1,False,-1,
37016,2026-03-24 08:00:00,8,-1,MARKDOWN,2,C,46117.445499999994,46241.64608403917,45806.94403990207,124.2005840391721,27.032168078331697,0,1,1,0,0,1,True,37035,-1.0
37046,2026-03-24 10:30:00,10,1,MARKUP,1,C,46071.2277,45865.20020071116,46586.296448222114,206.0274992888444,47.35959857768153,0,1,0,0,0,1,True,37065,-1.0
37058,2026-03-24 11:30:00,11,1,MARKUP,0,C,46071.2277,45863.40253591365,46590.79061021589,207.82516408635274,50.954928172693336,0,0,0,0,0,1,True,37065,-1.0
37108,2026-03-24 15:40:00,15,-1,MARKDOWN,2,C,46208.579000000005,46393.97115476365,45745.0986130909,185.39215476364188,60.98230952728336,0,1,1,0,0,1,False,-1,
37120,2026-03-24 16:40:00,16,-1,MARKDOWN,3,B,46048.659400000004,46260.9189260736,45518.01058481601,212.25952607359795,74.37785214719332,0,1,1,1,0,1,True,37125,-1.0
37140,2026-03-24 18:20:00,18,1,MARKUP,2,C,46005.0395,45714.34364059314,46731.77914851714,290.69585940685647,102.17271881371197,0,1,1,0,0,1,False,-1,
37152,2026-03-24 19:20:00,19,1,MARKUP,2,C,46016.8815,45725.807644183136,46744.56613954217,291.07385581686685,79.244711633722,0,1,1,0,0,1,False,-1,
37164,2026-03-24 20:20:00,20,1,MARKUP,0,C,46016.8815,45729.0525414615,46736.45389634627,287.8289585385064,72.75491707700476,0,0,0,0,0,1,False,-1,
37292,2026-03-25 08:00:00,8,1,MARKUP,2,C,46494.731999999996,46411.61884078589,46702.51489803525,83.11315921410278,20.30231842821288,0,1,0,1,0,1,True,37302,1.2730911668318403
37324,2026-03-25 10:40:00,10,1,MARKUP,3,B,46452.789,46378.84853987313,46637.640150317166,73.94046012686886,29.842920253731094,0,1,1,0,1,1,False,-1,
37336,2026-03-25 11:40:00,11,1,MARKUP,2,C,46521.097,46394.84967115942,46836.71532210146,126.24732884058176,43.5406576811686,0,1,0,0,1,1,True,37338,0.7861782198949834
37352,2026-03-25 13:00:00,13,1,MARKUP,1,C,46521.097,46391.92095437049,46844.03711407377,129.17604562950874,49.39809125902338,0,0,1,0,0,1,True,37353,0.779689904254516
37365,2026-03-25 14:05:00,14,1,MARKUP,3,B,46521.097,46396.26742567002,46833.17093582496,124.82957432998228,40.705148659968735,0,1,1,0,1,1,True,37373,0.7825023799782689
37377,2026-03-25 15:05:00,15,1,MARKUP,2,C,46533.766,46413.22162183377,46835.126945415584,120.54437816623249,47.79675633246231,0,1,1,0,0,1,True,37379,0.5
37394,2026-03-25 16:30:00,16,1,MARKUP,3,B,46529.974,46355.14741575485,46967.04046061288,174.82658424515103,65.44516849029655,0,1,1,1,0,1,True,37397,-1.0
37412,2026-03-25 18:00:00,18,1,MARKUP,3,B,46529.974,46347.30309956713,46986.651251082185,182.67090043287317,81.13380086574152,1,1,1,0,0,1,True,37413,-1.0
37424,2026-03-25 19:00:00,19,-1,MARKDOWN,1,C,46547.8409,46800.76448229533,45915.53194426169,252.92358229532692,81.78896459066145,0,0,1,0,0,1,True,37443,1.0474991645433462
37436,2026-03-25 20:00:00,20,-1,MARKDOWN,1,C,46547.8409,46794.87993124938,45930.243321876565,247.03903124937642,70.01986249875587,0,0,1,0,0,1,True,37443,1.0605407748713849
37569,2026-03-26 08:05:00,8,-1,MARKDOWN,2,C,46388.996,46483.47265584494,46152.80436038764,94.47665584494098,23.16531168987867,0,1,1,0,0,1,False,-1,
37581,2026-03-26 09:05:00,9,-1,MARKDOWN,1,C,46367.777,46464.23736643538,46126.62608391156,96.46036643537809,23.694732870755313,0,1,0,0,0,1,False,-1,
37593,2026-03-26 10:05:00,10,-1,MARKDOWN,2,C,46363.8042,46466.9684704326,46105.893523918494,103.16427043260046,29.15694086519683,0,1,1,0,0,1,False,-1,
37605,2026-03-26 11:05:00,11,-1,MARKDOWN,0,C,46343.653699999995,46469.54270156395,46028.93119609011,125.88900156395539,34.30540312790116,0,0,0,0,0,1,False,-1,
37628,2026-03-26 13:00:00,13,-1,MARKDOWN,1,C,46245.5107,46379.864982545834,45909.624993635414,134.3542825458353,42.44996509166394,0,1,0,0,0,1,False,-1,
37640,2026-03-26 14:00:00,14,-1,MARKDOWN,1,C,46228.731999999996,46351.25314953624,45922.42912615938,122.5211495362455,39.52629907248846,0,1,0,0,0,1,False,-1,
37652,2026-03-26 15:00:00,15,-1,MARKDOWN,2,C,46204.475,46350.845485206955,45838.5487869826,146.3704852069568,38.7109704139158,0,1,1,0,0,1,True,37670,-1.0
37664,2026-03-26 16:00:00,16,-1,MARKDOWN,0,C,46204.475,46350.8680000979,45838.492499755244,146.39300009790168,38.75600019580276,0,0,0,0,0,1,True,37670,-1.0
37679,2026-03-26 17:15:00,17,1,MARKUP,2,C,46206.6834,45963.50519549157,46814.62891127108,243.17820450843283,70.96960901685956,0,1,0,0,1,1,True,37697,-1.0
37691,2026-03-26 18:15:00,18,1,MARKUP,1,C,46216.3289,45960.29791183683,46856.40637040792,256.03098816316924,77.38417632632704,0,0,0,1,0,1,True,37694,-1.0
37714,2026-03-26 20:10:00,20,-1,MARKDOWN,2,C,46093.667,46170.358161437514,45901.93909640622,76.69116143751307,56.736322875027795,0,1,1,0,0,1,False,-1,
37846,2026-03-27 08:10:00,8,1,MARKUP,2,C,46113.21799999999,46031.140465029275,46318.411837426785,82.07753497071826,19.75906994144443,0,1,1,0,0,1,True,37869,-1.0
37858,2026-03-27 09:10:00,9,1,MARKUP,2,C,46130.83349999999,46053.586896519,46323.95000870247,77.24660348099133,21.366206961986876,0,1,1,0,0,1,True,37866,-1.0
37880,2026-03-27 11:00:00,11,-1,MARKDOWN,3,B,46156.5237,46254.1434824847,45912.47424378824,97.61978248470405,31.246964969411003,0,1,1,1,0,1,False,-1,
37904,2026-03-27 13:00:00,13,-1,MARKDOWN,2,C,46086.9042,46260.35359025909,45653.28072435227,173.44939025909116,43.66718051818789,0,1,1,0,0,1,False,-1,
37916,2026-03-27 14:00:00,14,-1,MARKDOWN,2,C,46044.676,46253.97370884678,45521.43172788304,209.29770884678146,42.70741769356079,0,1,1,0,0,1,False,-1,
37928,2026-03-27 15:00:00,15,-1,MARKDOWN,2,C,45978.5955,46155.627417284246,45536.015706789396,177.0319172842428,41.01483456848125,0,1,1,0,0,1,False,-1,
37940,2026-03-27 16:00:00,16,-1,MARKDOWN,2,C,45917.4005,46075.09291209529,45523.16946976178,157.6924120952899,42.445824190582584,0,1,1,0,0,1,False,-1,
37952,2026-03-27 17:00:00,17,-1,MARKDOWN,1,C,45770.3494,46018.89251683178,45148.99160792054,248.54311683178094,70.54503366356076,0,1,0,0,0,1,False,-1,
37964,2026-03-27 18:00:00,18,-1,MARKDOWN,1,C,45739.6039,45972.17900096113,45158.166147597185,232.57510096112674,76.61800192225562,0,0,0,1,0,1,False,-1,
37976,2026-03-27 19:00:00,19,-1,MARKDOWN,2,C,45691.399900000004,45893.83992566192,45185.2998358452,202.4400256619192,75.93985132384253,0,1,1,0,0,1,False,-1,
37988,2026-03-27 20:00:00,20,-1,MARKDOWN,2,C,45654.6324,45837.60347660818,45197.20470847956,182.9710766081771,58.96695321635123,0,1,1,0,0,1,False,-1,
38132,2026-03-30 09:00:00,9,1,MARKUP,2,C,44991.654500000004,44840.64474845561,45369.178878860985,151.0097515443922,27.17050308877668,0,1,1,0,0,1,False,-1,
38144,2026-03-30 10:00:00,10,1,MARKUP,1,C,45078.1927,44926.512209089284,45457.39392727679,151.6804909107159,28.43558182143891,0,1,0,0,0,1,False,-1,
38156,2026-03-30 11:00:00,11,1,MARKUP,1,C,45177.1217,45057.487504626435,45476.207188433924,119.63419537356822,33.4849907471421,0,1,0,0,0,1,False,-1,
38180,2026-03-30 13:00:00,13,1,MARKUP,1,C,45237.9927,45121.7396913645,45528.625221588765,116.25300863550365,33.98061727101097,0,0,1,0,0,1,False,-1,
38192,2026-03-30 14:00:00,14,1,MARKUP,2,C,45273.757000000005,45162.61850531074,45551.60323672317,111.13849468926492,32.42298937851878,0,1,1,0,0,1,False,-1,
38204,2026-03-30 15:00:00,15,1,MARKUP,1,C,45390.1825,45197.925472960174,45870.82506759957,192.25702703982824,49.309054079654395,1,0,0,0,0,1,True,38225,0.7071867216843223
38216,2026-03-30 16:00:00,16,1,MARKUP,2,C,45432.052,45270.486159972636,45835.96660006842,161.5658400273678,39.68768005472762,0,1,1,0,0,1,True,38224,0.6967292682415339
38239,2026-03-30 17:55:00,17,1,MARKUP,2,C,45447.0385,45276.34825354586,45873.76411613535,170.69024645414174,76.46349290828535,0,1,1,0,0,1,True,38243,0.6423132251902834
38251,2026-03-30 18:55:00,18,1,MARKUP,2,C,45495.8605,45358.93587467704,45838.172063307415,136.92462532296486,69.28825064593487,0,1,0,1,1,1,True,38252,-1.0
38430,2026-03-31 10:50:00,10,1,MARKUP,2,C,45594.263,45486.81254608206,45862.88913479485,107.45045391793974,41.85490783588279,0,1,1,0,0,1,True,38441,-1.0
38456,2026-03-31 13:00:00,13,1,MARKUP,2,C,45594.263,45486.398932783144,45863.923168042136,107.86406721685489,42.682134433707496,0,0,1,0,1,1,True,38460,-1.0
38470,2026-03-31 14:10:00,14,1,MARKUP,3,B,45613.061,45453.61703919111,46011.67090202223,159.4439608088942,58.74592161778091,0,1,1,0,1,1,True,38483,0.6685543441545436
38483,2026-03-31 15:15:00,15,1,MARKUP,2,C,45613.061,45445.74200057441,46031.358498563975,167.31899942558812,74.4959988511755,0,1,0,1,0,1,True,38498,0.8867771404046412
38495,2026-03-31 16:15:00,16,1,MARKUP,2,C,45613.061,45452.68641493103,46013.997462672436,160.37458506897383,60.60717013793387,0,1,1,0,0,1,True,38498,0.9035250604412295
38507,2026-03-31 17:15:00,17,1,MARKUP,2,C,45639.0179,45442.69872259489,46129.81584351277,196.31917740510835,80.58255481021385,0,1,0,0,1,1,True,38512,0.5845820019484264
38519,2026-03-31 18:15:00,18,1,MARKUP,2,C,45639.0179,45439.419346030525,46138.01428492369,199.59855396947387,87.14130793894648,0,1,1,0,0,1,True,38522,1.75
38531,2026-03-31 19:15:00,19,1,MARKUP,1,C,45671.432,45497.933296015864,46105.17875996034,173.49870398413623,75.01340796827522,0,1,0,0,0,1,False,-1,
38543,2026-03-31 20:15:00,20,1,MARKUP,3,B,45807.168000000005,45425.92522066318,46760.27494834207,381.24277933682606,110.02955867364763,0,1,1,1,0,1,False,-1,
38672,2026-04-01 08:00:00,8,1,MARKUP,3,B,46393.5025,46348.3589003983,46506.361499004255,45.14359960170259,14.84219920340423,0,1,1,1,1,1,False,-1,
38684,2026-04-01 09:00:00,9,1,MARKUP,2,C,46403.684,46337.939874840304,46568.04431289925,65.74412515969743,19.180250319393153,0,1,0,0,1,1,False,-1,
38696,2026-04-01 10:00:00,10,1,MARKUP,1,C,46472.4822,46332.52312093221,46822.379897669474,139.9590790677903,30.01375813557413,0,1,0,0,0,1,True,38710,1.2574032574849294
38708,2026-04-01 11:00:00,11,1,MARKUP,0,C,46485.148199999996,46345.2883392251,46834.79785193723,139.8598607748936,38.98332154978884,0,0,0,0,0,1,True,38710,1.2126595282470691
38734,2026-04-01 13:10:00,13,1,MARKUP,2,C,46525.627199999995,46408.99166126865,46817.216046828355,116.63553873134515,42.576677462691784,0,1,1,0,0,1,False,-1,
38746,2026-04-01 14:10:00,14,1,MARKUP,3,B,46552.835499999994,46445.620084298214,46820.87403925444,107.21541570177942,38.519831403571146,0,1,1,0,1,1,True,38763,2.5
38758,2026-04-01 15:10:00,15,1,MARKUP,1,C,46573.6545,46447.37408861673,46889.35552845817,126.28041138326807,35.01182276653994,0,1,0,0,0,1,True,38763,0.638621011859511
38773,2026-04-01 16:25:00,16,1,MARKUP,2,C,46608.989499999996,46432.56995752349,47050.03835619126,176.41954247650574,64.62008495301839,1,0,1,0,0,1,True,38776,0.7553003505495154
38788,2026-04-01 17:40:00,17,1,MARKUP,4,A,46656.2665,46493.72903084979,47062.61017287552,162.53746915020747,95.30193830042106,1,1,1,0,1,1,False,-1,
38800,2026-04-01 18:40:00,18,1,MARKUP,2,C,46657.657,46509.66051313932,47027.64821715169,147.99648686067667,67.93897372134998,0,1,1,0,0,1,False,-1,
38812,2026-04-01 19:40:00,19,1,MARKUP,2,C,46657.657,46519.59036506087,47002.823587347826,138.0666349391322,48.07926987826562,0,1,1,0,0,1,True,38828,-1.0
38824,2026-04-01 20:40:00,20,1,MARKUP,1,C,46602.1229,46454.321203600906,46971.62714099774,147.80169639909582,35.11759279817576,0,1,0,0,0,1,True,38831,-1.0
38948,2026-04-02 08:00:00,8,-1,MARKDOWN,1,C,46440.777,46698.29406920869,45796.98432697827,257.5170692086904,28.74813841738584,0,1,0,0,0,1,False,-1,
38960,2026-04-02 09:00:00,9,-1,MARKDOWN,1,C,46419.722,46697.40058639282,45725.52553401796,277.6785863928162,28.961172785640855,0,1,0,0,0,1,False,-1,
38972,2026-04-02 10:00:00,10,-1,MARKDOWN,1,C,46131.481199999995,46251.66660898792,45831.01767753018,120.18540898792708,31.493217975845674,0,1,0,0,0,1,True,38983,1.3861873460523646
39011,2026-04-02 13:15:00,13,-1,MARKDOWN,4,A,46051.4502,46122.150974620425,45874.69826344894,70.70077462042536,31.461949240857333,1,1,1,1,0,1,True,39015,1.75
39023,2026-04-02 14:15:00,14,-1,MARKDOWN,2,C,46097.71,46192.668749700504,45860.31312574874,94.958749700505,33.29749940102034,0,1,1,0,0,1,False,-1,
39035,2026-04-02 15:15:00,15,-1,MARKDOWN,1,C,46046.522,46195.90885755896,45673.05485610258,149.38685755896586,39.77771511793309,0,1,0,0,0,1,True,39054,-1.0
39047,2026-04-02 16:15:00,16,-1,MARKDOWN,0,C,46046.522,46195.115339248056,45675.03865187985,148.59333924805833,38.19067849611739,0,0,0,0,0,1,True,39054,-1.0
39065,2026-04-02 17:45:00,17,1,MARKUP,1,C,46183.761399999996,45783.08202933396,47185.459826665094,400.6793706660392,107.87594133208208,0,1,0,0,0,1,False,-1,
39077,2026-04-02 18:45:00,18,1,MARKUP,1,C,46183.761399999996,45790.44873846934,47167.04305382663,393.3126615306537,93.14252306130346,0,1,0,0,0,1,False,-1,
39089,2026-04-02 19:45:00,19,1,MARKUP,1,C,46183.761399999996,45794.60456568569,47156.65348578576,389.15683431430807,84.83086862862527,0,0,1,0,0,1,False,-1,
39245,2026-04-03 09:45:00,9,-1,MARKDOWN,1,C,46450.0112,46494.20561584818,46339.525160379555,44.19441584817832,13.211231696361288,0,1,0,0,0,1,False,-1,
39257,2026-04-03 10:45:00,10,-1,MARKDOWN,2,C,46422.017199999995,46474.39803063902,46291.065123402426,52.38083063902741,16.596061278050176,0,1,1,0,0,1,False,-1,
39269,2026-04-03 11:45:00,11,-1,MARKDOWN,0,C,46422.017199999995,46472.92036805971,46294.759279850696,50.903168059718155,13.640736119423023,0,0,0,0,0,1,False,-1,
39285,2026-04-03 13:05:00,13,-1,MARKDOWN,0,C,46422.017199999995,46471.24886585151,46298.93803537122,49.231665851511934,10.297731703013302,0,0,0,0,0,1,True,39301,-1.0
39297,2026-04-03 14:05:00,14,-1,MARKDOWN,2,C,46406.4745,46447.38585845957,46304.196103851056,40.91135845957615,12.871716919146804,0,1,1,0,0,1,True,39300,-1.0
39315,2026-04-03 15:35:00,15,-1,MARKDOWN,2,C,46533.585499999994,46658.74563553387,46220.6851611653,125.16013553387893,36.59127106775832,0,1,1,0,0,1,False,-1,
39413,2026-04-06 08:25:00,8,1,MARKUP,3,B,46386.3465,46289.81479464374,46627.67576339065,96.53170535626123,20.59041071252887,1,1,0,1,0,1,True,39416,0.6121019222407124
39430,2026-04-06 09:50:00,9,1,MARKUP,3,B,46421.5725,46342.870510573666,46618.32747356584,78.70198942633579,28.478978852662983,1,1,1,0,0,1,True,39432,1.0964026555639326
39442,2026-04-06 10:50:00,10,1,MARKUP,2,C,46373.8947,46250.42119446327,46682.57846384181,123.47350553672732,32.37761107346384,0,1,1,0,0,1,False,-1,
39454,2026-04-06 11:50:00,11,1,MARKUP,1,C,46451.4887,46351.81084857265,46700.68332856838,99.67785142735374,29.098302854712397,0,1,0,0,0,1,True,39477,-1.0
39468,2026-04-06 13:00:00,13,1,MARKUP,0,C,46457.1232,46353.03085189927,46717.35407025184,104.09234810073394,26.65829620146395,0,0,0,0,0,1,True,39477,-1.0
39517,2026-04-06 17:05:00,17,1,MARKUP,2,C,46467.7959,46305.948951438564,46872.41327140358,161.84694856143324,73.52209712287011,0,1,0,0,1,1,False,-1,
39529,2026-04-06 18:05:00,18,1,MARKUP,2,C,46480.9749,46304.981501268565,46920.95839682859,175.99339873143617,75.45699746286294,0,1,1,0,0,1,False,-1,
39541,2026-04-06 19:05:00,19,1,MARKUP,1,C,46480.9749,46314.97561875739,46895.97310310653,165.9992812426135,55.468762485220026,0,1,0,0,0,1,True,39554,1.3021579537385393
39553,2026-04-06 20:05:00,20,1,MARKUP,0,C,46480.9749,46319.806516124176,46883.89585968957,161.16838387582538,45.806967751647136,0,0,0,0,0,1,True,39554,1.3262020165582626
39688,2026-04-07 08:20:00,8,-1,MARKDOWN,1,C,46647.585999999996,46761.856016172685,46361.91095956827,114.2700161726898,20.73203234537292,0,0,1,0,0,1,False,-1,
39726,2026-04-07 11:30:00,11,1,MARKUP,1,C,46620.0897,46496.64922138829,46928.69089652927,123.44047861170839,45.68155722342317,0,1,0,0,0,1,False,-1,
39744,2026-04-07 13:00:00,13,1,MARKUP,1,C,46635.5917,46502.728739715036,46967.749100712404,132.86296028496145,37.022520569920715,0,1,0,0,0,1,True,39749,-1.0
39762,2026-04-07 14:30:00,14,-1,MARKDOWN,2,C,46678.7725,46847.78859951174,46256.232251220645,169.01609951174032,54.397199023487346,0,1,1,0,0,1,False,-1,
39774,2026-04-07 15:30:00,15,-1,MARKDOWN,1,C,46652.2235,46849.5970544953,46158.78961376175,197.3735544953015,58.014108990602985,0,1,0,0,0,1,False,-1,
39786,2026-04-07 16:30:00,16,-1,MARKDOWN,2,C,46652.2235,46852.44822975955,46151.66167560112,200.22472975955316,63.71645951910763,0,1,1,0,0,1,False,-1,
39798,2026-04-07 17:30:00,17,-1,MARKDOWN,1,C,46589.861899999996,46848.136378545896,45944.17570363525,258.2744785458999,77.59275709179737,0,0,0,0,1,1,False,-1,
39810,2026-04-07 18:30:00,18,-1,MARKDOWN,1,C,46491.7864,46706.89253923969,45954.02105190076,215.10613923969504,75.10507847939684,0,1,0,0,0,1,True,39816,0.841407913367505
39823,2026-04-07 19:35:00,19,-1,MARKDOWN,1,C,46476.954399999995,46683.33257657412,45961.00895856469,206.37817657412234,75.98515314824266,0,0,1,0,0,1,True,39825,0.819912401816626
39960,2026-04-08 08:00:00,8,1,MARKUP,0,C,47524.1035,47419.481808202545,47785.65772949363,104.62169179745251,18.81638359490463,0,0,0,0,0,1,False,-1,
39972,2026-04-08 09:00:00,9,1,MARKUP,1,C,47591.9515,47478.352170313075,47875.94982421732,113.59932968692738,26.075659373849284,0,1,0,0,0,1,False,-1,
39984,2026-04-08 10:00:00,10,1,MARKUP,1,C,47648.6012,47566.95412187181,47852.718895320475,81.6470781281896,28.371756256381804,1,0,0,0,0,1,True,39993,0.9718357559683459
40007,2026-04-08 11:55:00,11,1,MARKUP,3,B,47669.1497,47596.59790889079,47850.52917777303,72.55179110921017,35.584182218421056,0,1,1,0,1,1,False,-1,
40020,2026-04-08 13:00:00,13,1,MARKUP,1,C,47692.8315,47607.178894826626,47906.96301293344,85.65260517337447,35.12221034673974,0,1,0,0,0,1,False,-1,
40032,2026-04-08 14:00:00,14,1,MARKUP,1,C,47715.9425,47608.56125371611,47984.39561570973,107.3812462838905,32.35749256778393,0,1,0,0,0,1,False,-1,
40044,2026-04-08 15:00:00,15,1,MARKUP,1,C,47741.059,47607.49797906204,48074.9615523449,133.56102093795926,34.48404187590811,0,1,0,0,0,1,True,40048,1.149866949703616
40056,2026-04-08 16:00:00,16,1,MARKUP,1,C,47741.059,47602.81023192461,48086.680920188475,138.24876807539113,43.85953615077953,0,1,0,0,0,1,True,40074,-1.0
40068,2026-04-08 17:00:00,17,1,MARKUP,2,C,47839.477399999996,47678.67860503364,48241.47438741589,160.7987949663584,65.12278993272177,0,1,1,0,0,1,True,40071,-1.0
40248,2026-04-09 09:00:00,9,1,MARKUP,3,B,47850.3675,47814.21401794242,47940.751205143955,36.15348205758346,17.871964115173277,0,1,1,1,0,1,True,40251,-1.0
40260,2026-04-09 10:00:00,10,-1,MARKDOWN,1,C,47862.8277,47904.3876795668,47758.927751083014,41.55997956679494,19.975359133592196,0,1,0,0,0,1,False,-1,
40272,2026-04-09 11:00:00,11,-1,MARKDOWN,2,C,47833.3182,47906.55302630424,47650.23113423941,73.23482630423678,24.306052608479675,0,1,0,1,0,1,False,-1,
40296,2026-04-09 13:00:00,13,-1,MARKDOWN,0,C,47825.6782,47904.834819279036,47627.78665180242,79.1566192790342,20.869638558076343,0,0,0,0,0,1,False,-1,
40308,2026-04-09 14:00:00,14,-1,MARKDOWN,2,C,47819.018,47898.95333788013,47619.17965529967,79.93533788013156,25.406675760253908,0,1,1,0,0,1,False,-1,
40320,2026-04-09 15:00:00,15,-1,MARKDOWN,0,C,47779.978,47847.47827160609,47611.22732098479,67.50027160608443,23.456543212169613,0,0,0,0,0,1,True,40326,-1.0
40333,2026-04-09 16:05:00,16,-1,MARKDOWN,2,C,47744.752,47792.4730964044,47625.449258989,47.72109640439885,27.44619280879813,0,1,1,0,0,1,True,40334,-1.0
40359,2026-04-09 18:15:00,18,1,MARKUP,2,C,47766.2264,47668.31955777898,48010.99350555254,97.90684222101845,42.86088444203449,0,1,1,0,0,1,False,-1,
40371,2026-04-09 19:15:00,19,1,MARKUP,1,C,47897.4434,47660.65853183505,48489.40557041237,236.78486816494842,58.182936329908834,0,1,0,0,0,1,False,-1,
40383,2026-04-09 20:15:00,20,1,MARKUP,1,C,47942.5994,47690.30722143964,48573.3298464009,252.2921785603612,44.885557120725686,0,1,0,0,0,1,False,-1,
40535,2026-04-10 09:55:00,9,-1,MARKDOWN,1,C,48156.5042,48189.734895730064,48073.42746067485,33.23069573006069,11.529791460121098,0,1,0,0,0,1,True,40542,1.75
40552,2026-04-10 11:20:00,11,-1,MARKDOWN,2,C,48150.0152,48181.74920832981,48070.68017917547,31.73400832981133,16.55841665962671,0,1,0,0,1,1,True,40554,1.2088250336216417
40574,2026-04-10 13:10:00,13,-1,MARKDOWN,4,A,48139.564,48192.8261283375,48006.40867915624,53.26212833750469,24.012256675012495,1,1,1,0,1,1,True,40575,-1.0
40586,2026-04-10 14:10:00,14,1,MARKUP,1,C,48122.671,48062.93657123136,48272.00707192161,59.73442876864283,19.766857537279538,0,1,0,0,0,1,False,-1,
40598,2026-04-10 15:10:00,15,1,MARKUP,2,C,48126.7775,48063.72751150653,48284.40247123367,63.049988493468845,18.18497698694438,0,1,1,0,0,1,True,40614,-1.0
40610,2026-04-10 16:10:00,16,1,MARKUP,1,C,48160.2025,48060.191241123466,48410.23064719133,100.01125887653325,25.25751775306676,0,0,1,0,0,1,True,40614,-1.0
40622,2026-04-10 17:10:00,17,-1,MARKDOWN,1,C,48165.6544,48327.509429065256,47761.01682733686,161.85502906525653,51.87885813051941,0,1,0,0,0,1,False,-1,
40634,2026-04-10 18:10:00,18,-1,MARKDOWN,1,C,48165.6544,48324.92071350717,47767.488616232076,159.2663135071707,46.70142701433973,0,1,0,0,0,1,False,-1,
40646,2026-04-10 19:10:00,19,-1,MARKDOWN,1,C,48154.1944,48322.455693448755,47733.54116637811,168.26129344875517,41.77138689751354,0,1,0,0,0,1,False,-1,
40658,2026-04-10 20:10:00,20,-1,MARKDOWN,1,C,48134.234899999996,48319.688455447475,47670.601011381295,185.45355544747872,36.23691089495366,0,1,0,0,0,1,False,-1,
40819,2026-04-13 10:35:00,10,1,MARKUP,1,C,47598.921200000004,47520.227731851795,47795.65487037053,78.69346814820892,18.64453629641983,0,1,0,0,0,1,False,-1,
40831,2026-04-13 11:35:00,11,1,MARKUP,0,C,47610.4767,47518.87469637338,47839.481709066546,91.60200362661999,21.35060725324208,0,0,0,0,0,1,False,-1,
40848,2026-04-13 13:00:00,13,1,MARKUP,1,C,47650.0287,47583.60672325861,47816.08364185349,66.42197674139607,19.886553482788088,0,0,1,0,0,1,True,40865,-1.0
40860,2026-04-13 14:00:00,14,1,MARKUP,3,B,47696.169,47625.0725527681,47873.91011807976,71.09644723190286,24.15489446379937,0,1,1,0,1,1,True,40864,-1.0
40872,2026-04-13 15:00:00,15,-1,MARKDOWN,1,C,47650.4055,47813.17995189766,47243.46937025584,162.7744518976615,43.05990379531629,0,1,0,0,0,1,True,40890,-1.0
40884,2026-04-13 16:00:00,16,-1,MARKDOWN,1,C,47650.4055,47809.57580525274,47252.47973686816,159.1703052527373,35.85161050546738,0,1,0,0,0,1,True,40890,-1.0
40904,2026-04-13 17:40:00,17,1,MARKUP,2,C,47564.462400000004,47390.32756609237,47999.79948476909,174.13483390763577,63.14486781527208,0,1,1,0,0,1,False,-1,
40916,2026-04-13 18:40:00,18,1,MARKUP,2,C,47564.462400000004,47396.25093349405,47984.99106626489,168.2114665059562,51.298133011902465,0,1,1,0,0,1,False,-1,
40928,2026-04-13 19:40:00,19,1,MARKUP,2,C,47618.6109,47394.32616641537,48179.32273396158,224.28473358463089,55.14766716926506,0,1,1,0,0,1,False,-1,
40940,2026-04-13 20:40:00,20,1,MARKUP,1,C,47650.3879,47415.43669234104,48237.7659191474,234.9512076589599,39.42661531791761,0,1,0,0,0,1,False,-1,
41088,2026-04-14 10:00:00,10,1,MARKUP,3,B,48231.0755,48197.86501859482,48314.10170351295,33.21048140517814,12.749962810360433,0,1,1,0,1,1,False,-1,
41100,2026-04-14 11:00:00,11,1,MARKUP,3,B,48246.3555,48194.80903356418,48375.221666089536,51.54646643581509,18.86193287162932,0,1,1,1,0,1,True,41124,-1.0
41167,2026-04-14 16:35:00,16,1,MARKUP,3,B,48251.7519,48137.19470222159,48538.144894446035,114.55719777841296,41.590595556814066,0,1,1,1,0,1,False,-1,
41179,2026-04-14 17:35:00,17,1,MARKUP,2,C,48295.6819,48133.569839728174,48700.962050679576,162.11206027182925,48.8403205436525,0,1,0,1,0,1,False,-1,
41191,2026-04-14 18:35:00,18,1,MARKUP,1,C,48319.1749,48136.894246817144,48774.87653295713,182.2806531828537,42.1915063657007,0,1,0,0,0,1,False,-1,
41203,2026-04-14 19:35:00,19,1,MARKUP,1,C,48345.9034,48185.23384933758,48747.57727665606,160.66955066242372,32.01230132483337,0,1,0,0,0,1,False,-1,
41215,2026-04-14 20:35:00,20,1,MARKUP,2,C,48345.9034,48188.14275322837,48740.30501692908,157.7606467716323,26.19449354326058,0,1,1,0,0,1,False,-1,
41354,2026-04-15 09:10:00,9,1,MARKUP,3,B,48567.5855,48533.948832645016,48651.67716838747,33.63666735498555,13.602334709967792,1,1,1,0,0,1,True,41364,-1.0
41400,2026-04-15 13:00:00,13,-1,MARKDOWN,1,C,48564.3385,48616.31723933667,48434.39165165832,51.978739336671424,17.43447867334604,1,0,0,0,0,1,True,41401,0.8775924556980989
41412,2026-04-15 14:00:00,14,-1,MARKDOWN,1,C,48559.85,48618.24073777452,48413.8731555637,58.39073777451995,21.281475549035896,1,0,0,0,0,1,True,41418,-1.0
41427,2026-04-15 15:15:00,15,1,MARKUP,2,C,48544.7705,48469.4775995728,48733.002751068,75.29290042720095,26.244800854396814,0,1,1,0,0,1,True,41444,0.5
41439,2026-04-15 16:15:00,16,1,MARKUP,1,C,48544.7705,48471.54208640984,48727.84153397539,73.22841359015729,22.115827180309388,0,1,0,0,0,1,True,41444,0.5
41451,2026-04-15 17:15:00,17,-1,MARKDOWN,1,C,48594.2994,48753.03548878847,48197.45917802885,158.73608878846426,51.37097757693172,0,1,0,0,0,1,False,-1,
41463,2026-04-15 18:15:00,18,-1,MARKDOWN,1,C,48577.1094,48750.398484460165,48143.88668884959,173.2890844601643,46.09696892032977,0,1,0,0,0,1,False,-1,
41475,2026-04-15 19:15:00,19,-1,MARKDOWN,2,C,48564.5034,48745.06009405217,48113.11166486958,180.5566940521676,35.420188104346586,0,1,1,0,0,1,False,-1,
41487,2026-04-15 20:15:00,20,-1,MARKDOWN,1,C,48564.5034,48743.026561481325,48118.19549629669,178.52316148132377,31.35312296265637,0,0,1,0,0,1,False,-1,
41657,2026-04-16 11:25:00,11,-1,MARKDOWN,2,C,48533.689000000006,48571.426542210225,48439.34514447446,37.737542210219544,13.973084420449121,0,1,1,0,0,1,True,41681,0.5004256663689263
41676,2026-04-16 13:00:00,13,-1,MARKDOWN,0,C,48533.0205,48570.71757187331,48438.77782031671,37.69707187331369,12.555143746625404,0,0,0,0,0,1,True,41679,0.5
41689,2026-04-16 14:05:00,14,-1,MARKDOWN,3,B,48530.442,48572.67895759829,48424.84960600428,42.23695759828843,16.47791519658049,0,1,1,0,1,1,True,41691,-1.0
41701,2026-04-16 15:05:00,15,1,MARKUP,2,C,48518.988000000005,48467.42479207244,48647.89601981892,51.56320792756742,16.030415855131068,0,1,1,0,0,1,True,41721,0.5
41713,2026-04-16 16:05:00,16,1,MARKUP,2,C,48534.077000000005,48467.665555333326,48700.1056116667,66.41144466667902,15.548889333346313,0,1,1,0,0,1,True,41721,-1.0
41728,2026-04-16 17:20:00,17,-1,MARKDOWN,2,C,48571.8044,48716.269437975,48210.64180506249,144.4650379750019,47.658875950003285,0,1,1,0,0,1,True,41739,-0.6461466477179966
41740,2026-04-16 18:20:00,18,-1,MARKDOWN,1,C,48562.5409,48715.121629912195,48181.08907521951,152.58072991219524,45.36325982438959,1,0,0,0,0,1,True,41746,-0.6937907562830484
41896,2026-04-17 08:20:00,8,1,MARKUP,3,B,48661.584500000004,48641.479231143065,48711.84767214235,20.1052688569398,9.841537713870917,0,1,1,0,1,1,False,-1,
41908,2026-04-17 09:20:00,9,1,MARKUP,2,C,48675.5657,48640.88138787358,48762.27648031604,34.68431212641735,11.03722425284283,0,1,0,0,1,1,True,41911,1.75
41920,2026-04-17 10:20:00,10,1,MARKUP,1,C,48678.7172,48639.82512169922,48775.947395751944,38.89207830077794,13.149756601560252,0,1,0,0,0,1,False,-1,
41932,2026-04-17 11:20:00,11,1,MARKUP,2,C,48686.5932,48640.42035411668,48802.02531470831,46.172845883324044,13.959291766641531,0,1,1,0,0,1,False,-1,
41952,2026-04-17 13:00:00,13,1,MARKUP,1,C,48702.1742,48648.78966910119,48835.635527247025,53.38453089880932,12.720661797620615,0,1,0,0,0,1,False,-1,
41964,2026-04-17 14:00:00,14,1,MARKUP,2,C,48720.222,48667.44009809866,48852.17675475335,52.78190190134046,13.119803802672498,0,1,1,0,0,1,False,-1,
41976,2026-04-17 15:00:00,15,1,MARKUP,2,C,48762.373,48697.105377330736,48925.54205667316,65.2676226692638,14.789245338534986,0,1,1,0,0,1,False,-1,
41988,2026-04-17 16:00:00,16,1,MARKUP,1,C,48894.1025,48707.877617854065,49359.66470536484,186.22488214593614,37.24476429187605,0,1,0,0,0,1,False,-1,
42000,2026-04-17 17:00:00,17,1,MARKUP,2,C,48995.2524,48702.56619790255,49726.96790524361,292.68620209744404,74.86760419488755,0,1,1,0,0,1,False,-1,
42012,2026-04-17 18:00:00,18,1,MARKUP,1,C,49100.6284,48709.59874692907,50078.20253267733,391.0296530709311,66.80250614186457,0,1,0,0,0,1,False,-1,
42024,2026-04-17 19:00:00,19,1,MARKUP,2,C,49145.2124,48755.53505597138,50119.405760071546,389.6773440286197,54.929888057239005,0,1,1,0,0,1,False,-1,
42036,2026-04-17 20:00:00,20,1,MARKUP,1,C,49191.314399999996,48824.83050346823,50107.52414132941,366.48389653176855,38.33899306354015,0,1,0,0,0,1,False,-1,
42201,2026-04-20 10:45:00,10,-1,MARKDOWN,2,C,49122.216,49161.129899670486,49024.931250823785,38.91389967048599,26.63979934097119,0,1,1,0,0,1,True,42204,-1.0
42228,2026-04-20 13:00:00,13,1,MARKUP,2,C,49139.7717,49070.22890703453,49313.62868241367,69.54279296546883,21.16218593093644,0,1,1,0,0,1,False,-1,
42240,2026-04-20 14:00:00,14,1,MARKUP,1,C,49154.653000000006,49071.983263287315,49361.32734178173,82.66973671269079,22.853473425373174,1,0,0,0,0,1,False,-1,
42252,2026-04-20 15:00:00,15,1,MARKUP,2,C,49155.226,49070.47053446543,49367.11466383644,84.75546553457389,25.87893106915496,0,1,1,0,0,1,False,-1,
42264,2026-04-20 16:00:00,16,1,MARKUP,1,C,49168.427500000005,49071.1968806916,49411.504048271025,97.23061930840777,25.426238616815848,0,1,0,0,0,1,False,-1,
42276,2026-04-20 17:00:00,17,1,MARKUP,3,B,49295.702900000004,49131.416933531444,49706.41781617141,164.28596646856022,48.98613293712439,0,1,1,0,1,1,True,42286,0.7287017658127425
42288,2026-04-20 18:00:00,18,1,MARKUP,1,C,49295.702900000004,49129.07187190215,49712.28047024463,166.6310280978505,53.67625619570289,0,0,1,0,0,1,False,-1,
42300,2026-04-20 19:00:00,19,1,MARKUP,1,C,49304.818400000004,49147.32291562786,49698.55711093036,157.49548437214253,46.6741687442881,0,1,0,0,0,1,False,-1,
42312,2026-04-20 20:00:00,20,1,MARKUP,1,C,49343.1344,49214.61271163859,49664.43862090353,128.5216883614121,36.094576722821714,0,1,0,0,0,1,False,-1,
42444,2026-04-21 08:00:00,8,1,MARKUP,2,C,49534.0525,49493.79590142025,49634.693996449365,40.25659857974824,8.888197159489707,0,1,1,0,0,1,True,42468,0.7287602584735292
42456,2026-04-21 09:00:00,9,1,MARKUP,1,C,49553.515999999996,49512.60489387983,49655.79376530042,40.91110612016928,10.770212240342316,1,0,0,0,0,1,True,42468,-1.0
42488,2026-04-21 11:40:00,11,1,MARKUP,3,B,49562.786,49523.50221284944,49660.995467876404,39.28378715056169,18.97557430112331,0,1,1,0,1,1,True,42492,2.5
42504,2026-04-21 13:00:00,13,1,MARKUP,3,B,49611.702,49496.78846709854,49898.985832253646,114.91353290146071,26.603065802912962,0,1,1,1,0,1,False,-1,
42516,2026-04-21 14:00:00,14,1,MARKUP,1,C,49621.060999999994,49497.00954716917,49931.18963207706,124.05145283082675,26.160905661659356,0,1,0,0,0,1,False,-1,
42528,2026-04-21 15:00:00,15,1,MARKUP,1,C,49630.42,49497.09515356901,49963.732116077466,133.32484643098724,25.989692861973598,0,1,0,0,0,1,False,-1,
42543,2026-04-21 16:15:00,16,1,MARKUP,1,C,49646.488,49521.79138397479,49958.22954006301,124.696616025205,28.597232050400674,0,0,1,0,0,1,True,42560,-1.0
42569,2026-04-21 18:25:00,18,-1,MARKDOWN,2,C,49681.6335,49915.70276905807,49096.46032735483,234.06926905806904,58.825538116140216,0,1,1,0,0,1,False,-1,
42581,2026-04-21 19:25:00,19,-1,MARKDOWN,1,C,49675.808,49911.427814247625,49086.758464380924,235.6198142476278,50.27562849524307,0,1,0,0,0,1,False,-1,
42593,2026-04-21 20:25:00,20,-1,MARKDOWN,1,C,49620.227,49913.145508957256,48887.93072760686,292.91850895725656,53.71101791450712,0,1,0,0,0,1,False,-1,
42720,2026-04-22 08:00:00,8,-1,MARKDOWN,1,C,49413.692500000005,49446.145623607175,49332.559690982074,32.45312360717071,10.471247214347647,0,1,0,0,0,1,True,42723,-1.0
42732,2026-04-22 09:00:00,9,1,MARKUP,2,C,49417.219000000005,49360.64545422776,49558.65286443062,56.5735457722476,18.029091544496637,0,1,0,1,0,1,True,42734,0.9133375357141695
42744,2026-04-22 10:00:00,10,1,MARKUP,2,C,49417.219000000005,49360.01710666388,49560.22373334032,57.20189333612507,19.285786672242736,0,1,1,0,0,1,True,42758,-1.0
42756,2026-04-22 11:00:00,11,1,MARKUP,0,C,49417.219000000005,49358.1955328987,49564.77766775326,59.02346710130223,22.928934202601532,0,0,0,0,0,1,True,42758,-1.0
42786,2026-04-22 13:30:00,13,1,MARKUP,3,B,49439.685000000005,49393.22906444907,49555.824838877335,46.455935550933646,26.061871101860774,1,1,1,0,0,1,True,42787,1.75
42801,2026-04-22 14:45:00,14,1,MARKUP,3,B,49465.950000000004,49435.84404414395,49541.214889640134,30.105955856051878,25.83191171210339,0,1,1,0,1,1,True,42815,2.5
42813,2026-04-22 15:45:00,15,1,MARKUP,0,C,49436.429000000004,49332.99348446068,49695.0177888483,103.43551553932048,31.533031078633122,0,0,0,0,0,1,False,-1,
42825,2026-04-22 16:45:00,16,1,MARKUP,1,C,49461.8874,49344.605309218445,49755.09262695389,117.28209078155487,58.30938156310928,0,1,0,0,0,1,False,-1,
42837,2026-04-22 17:45:00,17,1,MARKUP,1,C,49482.1334,49343.29737002576,49829.2234749356,138.83602997424168,60.925259948492545,0,1,0,0,0,1,True,42848,-1.0
43056,2026-04-23 13:00:00,13,-1,MARKDOWN,2,C,49250.5005,49321.94644242419,49071.88564393953,71.4459424241868,26.57288484836602,0,1,1,0,0,1,True,43068,0.8507779522096839
43071,2026-04-23 14:15:00,14,-1,MARKDOWN,2,C,49231.49600000001,49324.255138728826,48999.598153177954,92.75913872881938,31.190277457645333,0,0,1,0,1,1,True,43077,-1.0
43085,2026-04-23 15:25:00,15,1,MARKUP,1,C,49216.00750000001,49087.15478973314,49538.13927566717,128.85271026686678,39.01042053372979,0,1,0,0,0,1,True,43089,0.789638749273597
43097,2026-04-23 16:25:00,16,1,MARKUP,2,C,49216.00750000001,49087.69159395555,49536.797265111156,128.31590604445955,37.93681208891379,0,1,1,0,0,1,False,-1,
43109,2026-04-23 17:25:00,17,1,MARKUP,1,C,49264.979900000006,49080.221724976,49726.87533756002,184.75817502400605,52.87655004801457,0,1,0,0,0,1,False,-1,
43121,2026-04-23 18:25:00,18,1,MARKUP,3,B,49301.2889,49120.016406788025,49754.470133029936,181.2724932119745,46.28718642395323,0,1,1,0,1,1,True,43140,-1.0
43133,2026-04-23 19:25:00,19,1,MARKUP,0,C,49303.1429,49126.92871537208,49743.67836156979,176.21418462791917,38.46256925585051,0,0,0,0,0,1,True,43140,-1.0
43149,2026-04-23 20:45:00,20,-1,MARKDOWN,2,C,49302.6025,49593.678751602914,48574.91187099271,291.07625160291354,73.13750320582446,0,1,1,0,0,1,True,43155,0.3963308561406807
43272,2026-04-24 08:00:00,8,-1,MARKDOWN,0,C,49279.772,49353.99152450425,49094.223188739365,74.21952450425306,15.50304900850032,0,0,0,0,0,1,True,43282,0.771516223198629
43314,2026-04-24 11:30:00,11,-1,MARKDOWN,3,B,49254.6265,49316.201557882785,49100.68885529303,61.575057882786496,28.22311576558017,0,1,1,0,1,1,False,-1,
43332,2026-04-24 13:00:00,13,-1,MARKDOWN,1,C,49227.695499999994,49315.053208719924,49009.30122820017,87.35770871993009,25.926417439861076,0,1,0,0,0,1,True,43344,-1.0
43350,2026-04-24 14:30:00,14,1,MARKUP,2,C,49238.6525,49085.31751147155,49621.98997132112,153.33498852844787,44.04497705689598,0,1,1,0,0,1,True,43365,0.13100402062686867
43362,2026-04-24 15:30:00,15,1,MARKUP,0,C,49238.6525,49087.02857572742,49617.71231068144,151.62392427257873,40.6228485451572,0,0,0,0,0,1,True,43365,0.13248239086524086
43380,2026-04-24 17:00:00,17,-1,MARKDOWN,2,C,49315.365399999995,49481.54419709866,48899.91840725334,166.17879709866247,60.9083941973278,0,1,0,0,1,1,True,43401,0.790059607250055
43392,2026-04-24 18:00:00,18,-1,MARKDOWN,2,C,49315.365399999995,49477.69363698285,48909.544807542865,162.3282369828521,53.20727396569906,0,1,1,0,0,1,True,43401,0.7969400611725767
43407,2026-04-24 19:15:00,19,-1,MARKDOWN,1,C,49315.365399999995,49475.346357712006,48915.413005719965,159.98095771201042,48.51271542401514,0,0,1,0,0,1,False,-1,
43419,2026-04-24 20:15:00,20,-1,MARKDOWN,2,C,49262.9899,49384.911060187784,48958.186999530546,121.92116018778324,37.14212037557707,0,1,1,0,0,1,True,43426,0.908194265210321
43558,2026-04-27 08:50:00,8,-1,MARKDOWN,3,B,49160.676,49183.51194384563,49103.586140385916,22.835943845631846,13.583887691253228,1,1,0,1,0,1,True,43561,0.5
43570,2026-04-27 09:50:00,9,-1,MARKDOWN,1,C,49207.9602,49259.16919894292,49079.93770264271,51.20899894291506,15.39839788583287,0,1,0,0,0,1,False,-1,
43584,2026-04-27 11:00:00,11,-1,MARKDOWN,2,C,49192.2012,49234.0108054425,49087.67718639376,41.80960544249683,16.081610885003478,0,0,1,0,1,1,True,43590,0.5
43619,2026-04-27 13:55:00,13,1,MARKUP,1,C,49171.568,49130.44917029147,49274.36507427133,41.11882970853185,14.24165941705777,0,1,0,0,0,1,False,-1,
43631,2026-04-27 14:55:00,14,1,MARKUP,1,C,49178.2255,49140.83868526095,49271.69253684764,37.38681473905308,13.46262947809961,0,1,0,0,0,1,True,43643,-1.0
43650,2026-04-27 16:30:00,16,1,MARKUP,2,C,49233.1434,49114.072763428354,49530.81999142912,119.0706365716469,40.49447314329727,0,1,1,0,0,1,True,43653,0.5
43663,2026-04-27 17:35:00,17,1,MARKUP,3,B,49233.1434,49106.07374975222,49550.81752561945,127.06965024778037,56.49250049556115,1,0,1,1,1,1,True,43664,-1.0
43675,2026-04-27 18:35:00,18,-1,MARKDOWN,3,B,49266.005,49415.63198034433,48891.937549139155,149.6269803443356,45.22396068866607,0,1,1,0,1,1,False,-1,
43687,2026-04-27 19:35:00,19,-1,MARKDOWN,1,C,49266.005,49409.35743167199,48907.62392082001,143.35243167199224,32.674863343986324,0,0,1,0,0,1,False,-1,
43699,2026-04-27 20:35:00,20,-1,MARKDOWN,1,C,49266.005,49408.131651369724,48910.688371575685,142.12665136972646,30.223302739454866,0,0,1,0,0,1,False,-1,
43844,2026-04-28 09:40:00,9,-1,MARKDOWN,2,C,49263.817,49304.268269904,49162.68882524001,40.451269903998764,14.81653980800684,0,1,1,0,0,1,True,43857,0.7782755789563943
43856,2026-04-28 10:40:00,10,-1,MARKDOWN,1,C,49253.0127,49298.091625624504,49140.31538593874,45.078925624504336,17.463251249011954,1,0,0,0,0,1,True,43857,0.6298711198403653
43868,2026-04-28 11:40:00,11,1,MARKUP,1,C,49244.9205,49182.40837267352,49401.2008183162,62.51212732648128,23.603254652957716,0,1,0,0,0,1,False,-1,
43884,2026-04-28 13:00:00,13,1,MARKUP,1,C,49268.4135,49183.3356565873,49481.10810853177,85.07784341270599,21.748686825402615,0,1,0,0,0,1,False,-1,
43896,2026-04-28 14:00:00,14,1,MARKUP,2,C,49282.165499999996,49181.901635779475,49532.82516055129,100.26386422052019,24.616728441049105,0,1,1,0,0,1,True,43910,0.7273132309168745
43919,2026-04-28 15:55:00,15,1,MARKUP,3,B,49283.556,49177.85596437119,49547.80608907201,105.70003562880447,37.20807125760779,0,1,1,1,0,1,True,43926,0.5176441227722286
43937,2026-04-28 17:25:00,17,-1,MARKDOWN,1,C,49306.4029,49453.053387870335,48939.77668032417,146.65048787033447,57.18677574067944,0,1,0,0,0,1,True,43956,0.9378980021379335
43949,2026-04-28 18:25:00,18,-1,MARKDOWN,1,C,49306.4029,49449.41561355526,48948.87111611185,143.01271355526114,49.91122711052812,0,1,0,0,0,1,True,43956,0.9490366908964247
43963,2026-04-28 19:35:00,19,-1,MARKDOWN,1,C,49304.2399,49440.46290597231,48963.68238506923,136.22300597230787,39.00581194461617,0,0,1,0,0,1,False,-1,
43975,2026-04-28 20:35:00,20,-1,MARKDOWN,1,C,49304.2399,49437.46733790886,48971.17130522784,133.22743790886307,33.0146758177326,0,1,0,0,0,1,False,-1,
44108,2026-04-29 08:40:00,8,1,MARKUP,2,C,49248.0955,49217.29532980724,49325.09592548192,30.8001701927642,7.929340385523961,0,1,1,0,0,1,True,44126,-1.0
44132,2026-04-29 10:40:00,10,-1,MARKDOWN,2,C,49259.1452,49291.35853046118,49178.611873847054,32.213330461177975,13.697060922356647,0,1,1,0,0,1,True,44136,1.75
44144,2026-04-29 11:40:00,11,-1,MARKDOWN,1,C,49234.6972,49296.150730158406,49081.063374604,61.45353015840374,23.28146031681279,0,1,0,0,0,1,False,-1,
44160,2026-04-29 13:00:00,13,-1,MARKDOWN,2,C,49224.6697,49296.2863009843,49045.62819753925,71.61660098430002,23.552601968585915,0,1,0,0,1,1,True,44163,1.1648919435498701
44173,2026-04-29 14:05:00,14,-1,MARKDOWN,1,C,49220.7145,49287.91739883658,49052.707252908556,67.20289883657824,19.614797673153348,0,0,1,0,0,1,False,-1,
44185,2026-04-29 15:05:00,15,-1,MARKDOWN,2,C,49211.599,49273.31485257953,49057.30936855117,61.7158525795312,19.909705159063076,0,1,1,0,0,1,False,-1,
44200,2026-04-29 16:20:00,16,-1,MARKDOWN,1,C,49173.147,49243.06030767801,48998.363730804966,69.91330767801264,27.90061535601165,0,0,1,0,0,1,True,44202,1.75
44212,2026-04-29 17:20:00,17,-1,MARKDOWN,1,C,49094.3404,49254.8055885341,48693.17742866475,160.4651885341009,51.39117706819995,0,1,0,0,0,1,False,-1,
44224,2026-04-29 18:20:00,18,-1,MARKDOWN,1,C,49090.871399999996,49248.19789891685,48697.555152707864,157.32649891685287,41.675797833696514,0,1,0,0,0,1,False,-1,
44236,2026-04-29 19:20:00,19,-1,MARKDOWN,1,C,49042.6854,49238.16609429388,48553.983664265295,195.48069429388124,43.11218858776823,0,1,0,0,0,1,False,-1,
44248,2026-04-29 20:20:00,20,-1,MARKDOWN,1,C,49033.5699,49219.70467930017,48568.23295174958,186.1347793001696,35.689358600338615,0,1,0,0,0,1,False,-1,
44376,2026-04-30 08:00:00,8,-1,MARKDOWN,1,C,48707.403000000006,48806.152217555435,48460.52995611144,98.74921755542891,22.924435110866426,0,1,0,0,0,1,False,-1,
44388,2026-04-30 09:00:00,9,-1,MARKDOWN,2,C,48704.442500000005,48805.97773158194,48450.60442104517,101.53523158193275,22.575463163866754,0,1,1,0,0,1,False,-1,
44400,2026-04-30 10:00:00,10,-1,MARKDOWN,0,C,48678.1647,48808.43517992063,48352.48850019844,130.2704799206258,31.99035984125002,0,0,0,0,0,1,True,44412,-1.0
44436,2026-04-30 13:00:00,13,1,MARKUP,2,C,48633.675,48475.045702957425,49030.24824260645,158.6292970425784,36.48859408514901,0,1,1,0,0,1,False,-1,
44448,2026-04-30 14:00:00,14,1,MARKUP,3,B,48791.823000000004,48463.49574391257,49612.641140218584,328.32725608743203,59.58851217486237,0,1,1,0,1,1,False,-1,
44460,2026-04-30 15:00:00,15,1,MARKUP,1,C,48860.1175,48577.95784907605,49565.51662730989,282.15965092395345,47.664301847901726,0,1,0,0,0,1,False,-1,
44472,2026-04-30 16:00:00,16,1,MARKUP,1,C,48898.6295,48632.1299564969,49564.878358757756,266.49954350310145,42.32008700619629,0,0,1,0,0,1,False,-1,
44484,2026-04-30 17:00:00,17,1,MARKUP,1,C,48913.1264,48621.78882916582,49641.470327085466,291.3375708341846,63.00234166837497,0,1,0,0,0,1,False,-1,
44496,2026-04-30 18:00:00,18,1,MARKUP,1,C,49091.7774,48790.57323120012,49844.78782199969,301.20416879987897,59.433537599761685,0,1,0,0,0,1,False,-1,
44508,2026-04-30 19:00:00,19,1,MARKUP,2,C,49289.0699,49047.67534243575,49892.55629391063,241.39455756425014,47.72931512850232,0,1,1,0,0,1,False,-1,
44520,2026-04-30 20:00:00,20,1,MARKUP,2,C,49293.2719,49053.31476504419,49893.164737389525,239.95713495581003,36.450469911625234,0,1,1,0,0,1,False,-1,
44712,2026-05-01 13:00:00,13,1,MARKUP,1,C,49783.237499999996,49745.99845482278,49876.33511294304,37.2390451772153,12.403090354435433,0,1,0,0,0,1,False,-1,
44724,2026-05-01 14:00:00,14,1,MARKUP,1,C,49799.663499999995,49745.53431569322,49934.98646076693,54.12918430677382,13.331368613557212,0,1,0,0,0,1,False,-1,
44736,2026-05-01 15:00:00,15,1,MARKUP,2,C,49799.663499999995,49745.13599829137,49935.982254271556,54.527501708624186,14.128003417254925,0,1,1,0,0,1,True,44754,0.5310346724835728
44748,2026-05-01 16:00:00,16,1,MARKUP,1,C,49840.7285,49739.82819934639,50092.97925163402,100.9003006536077,24.74360130722133,0,0,0,0,1,1,True,44754,0.9569263502954282
44760,2026-05-01 17:00:00,17,1,MARKUP,3,B,49863.2535,49733.16217074758,50188.48182313105,130.0913292524201,54.47565850484889,0,1,1,1,0,1,True,44768,-1.0
44784,2026-05-01 19:00:00,19,-1,MARKDOWN,2,C,49894.02854,50053.48891171661,49495.37761070847,159.4603717166101,47.677823433211586,0,1,1,0,0,1,False,-1,
44796,2026-05-01 20:00:00,20,-1,MARKDOWN,1,C,49865.008,50050.06108603743,49402.37528490643,185.05308603742742,40.822172074849775,0,1,0,0,0,1,False,-1,
44928,2026-05-04 08:00:00,8,-1,MARKDOWN,0,C,49561.477999999996,49616.734509987866,49423.33672503032,55.25650998787023,10.429019975733627,0,0,0,0,0,1,False,-1,
44947,2026-05-04 09:35:00,9,-1,MARKDOWN,2,C,49515.900499999996,49545.96269081302,49440.74502296743,30.062190813026973,16.385381626047007,0,1,1,0,0,1,True,44953,0.5
44959,2026-05-04 10:35:00,10,-1,MARKDOWN,2,C,49526.074199999995,49568.93059128153,49418.93322179615,42.85639128153707,19.321182563064735,1,0,1,0,0,1,True,44960,1.75
44971,2026-05-04 11:35:00,11,-1,MARKDOWN,1,C,49499.8117,49571.25126955541,49321.21277611147,71.43956955541216,23.962539110821208,0,1,0,0,0,1,False,-1,
44988,2026-05-04 13:00:00,13,-1,MARKDOWN,3,B,49443.8487,49575.45720750784,49114.82743123041,131.6085075078372,32.374415015686026,0,1,1,0,1,1,False,-1,
45000,2026-05-04 14:00:00,14,-1,MARKDOWN,2,C,49394.0985,49579.811960352636,48929.81484911841,185.7134603526356,51.883920705268295,0,0,1,1,0,1,True,45015,1.3714409330492794
45012,2026-05-04 15:00:00,15,-1,MARKDOWN,1,C,49391.317500000005,49569.10834687499,48946.84038281253,177.79084687498835,39.47669374998182,1,0,0,0,0,1,True,45015,1.75
45031,2026-05-04 16:35:00,16,-1,MARKDOWN,3,B,49345.8945,49497.49638526569,48966.88978683579,151.60188526568527,43.25277053136322,1,1,1,0,0,1,True,45034,1.75
45052,2026-05-04 18:20:00,18,-1,MARKDOWN,3,B,49342.4315,49498.6162703213,48951.96957419675,156.18477032129886,55.09254064260097,0,1,1,0,1,1,False,-1,
45064,2026-05-04 19:20:00,19,-1,MARKDOWN,1,C,49264.3125,49504.21365191276,48664.559620218104,239.90115191275981,66.28730382552689,0,1,0,0,0,1,False,-1,
45076,2026-05-04 20:20:00,20,-1,MARKDOWN,1,C,49264.3125,49497.767584822774,48680.67478794306,233.45508482277364,53.39516964554475,0,1,0,0,0,1,False,-1,
45228,2026-05-05 10:00:00,10,1,MARKUP,3,B,49050.2442,49000.950686207005,49173.477984482495,49.29351379299624,15.998627585982025,0,1,1,0,1,1,False,-1,
45240,2026-05-05 11:00:00,11,1,MARKUP,2,C,49080.875,49008.52691350328,49261.745216241805,72.3480864967205,20.546172993450007,0,1,1,0,0,1,False,-1,
45264,2026-05-05 13:00:00,13,1,MARKUP,2,C,49080.875,49009.86771440328,49258.3932139918,71.0072855967228,17.864571193452928,0,1,1,0,0,1,True,45276,1.2134952338518583
45282,2026-05-05 14:30:00,14,1,MARKUP,3,B,49097.715500000006,49034.82094467712,49254.951888307216,62.894555322884116,22.45811064576269,0,1,1,1,0,1,False,-1,
45294,2026-05-05 15:30:00,15,1,MARKUP,1,C,49120.3525,49046.382675140296,49305.27706214927,73.96982485970511,22.834649719408095,0,1,0,0,0,1,True,45307,0.5
45306,2026-05-05 16:30:00,16,1,MARKUP,2,C,49132.385500000004,49042.51681051936,49357.05722370162,89.86868948064512,30.5663789612928,0,1,1,0,0,1,True,45307,-1.0
45318,2026-05-05 17:30:00,17,1,MARKUP,1,C,49133.3005,49007.593347519476,49447.5683812013,125.70715248052147,58.31330496104201,0,1,0,0,0,1,False,-1,
45330,2026-05-05 18:30:00,18,1,MARKUP,1,C,49154.788,49013.88054844452,49507.056628888706,140.9074515554821,45.738903110963896,0,1,0,0,0,1,False,-1,
45342,2026-05-05 19:30:00,19,1,MARKUP,0,C,49154.788,49019.36056854658,49493.35657863355,135.42743145341956,34.77886290683161,0,0,0,0,0,1,False,-1,
45354,2026-05-05 20:30:00,20,1,MARKUP,2,C,49154.788,49023.30840006349,49483.486999841276,131.47959993650875,26.883199873022722,0,1,1,0,0,1,False,-1,
45514,2026-05-06 10:50:00,10,1,MARKUP,2,C,49441.195,49418.19753108819,49498.688672279524,22.997468911809847,17.344937823619034,0,1,1,0,0,1,True,45515,0.5
45526,2026-05-06 11:50:00,11,1,MARKUP,2,C,49490.9495,49365.33946591047,49804.97458522384,125.61003408953547,31.761068179068786,0,1,1,0,0,1,False,-1,
45540,2026-05-06 13:00:00,13,1,MARKUP,2,C,49534.593,49363.47825470174,49962.37986324566,171.11474529826228,35.48349059652951,0,1,1,0,0,1,False,-1,
45552,2026-05-06 14:00:00,14,1,MARKUP,1,C,49597.527500000004,49359.757313760194,50191.95296559953,237.77018623980985,42.9253724796165,0,1,0,0,0,1,False,-1,
45564,2026-05-06 15:00:00,15,1,MARKUP,0,C,49628.4515,49388.5526875296,50228.198531176015,239.89881247040466,41.834624940806265,0,0,0,0,0,1,False,-1,
45583,2026-05-06 16:35:00,16,1,MARKUP,2,C,49651.163,49421.70486267717,50224.80834330707,229.4581373228284,49.03027464566006,0,1,1,0,0,1,False,-1,
45595,2026-05-06 17:35:00,17,1,MARKUP,2,C,49797.011,49652.23792566967,50158.94368582581,144.77307433032547,59.96414866065517,0,1,1,0,0,1,False,-1,
45607,2026-05-06 18:35:00,18,1,MARKUP,1,C,49796.3419,49637.827535038785,50192.627812403036,158.5143649612146,49.28492992242945,0,1,0,0,0,1,False,-1,
45619,2026-05-06 19:35:00,19,1,MARKUP,1,C,49796.3419,49642.66958685616,50180.522682859606,153.67231314384117,39.60082628767873,0,0,1,0,0,1,False,-1,
45756,2026-05-07 08:00:00,8,1,MARKUP,2,C,49971.852999999996,49919.008825619225,50103.963435951926,52.84417438077071,9.042348761548636,0,1,1,0,0,1,False,-1,
45768,2026-05-07 09:00:00,9,1,MARKUP,0,C,50004.606999999996,49972.22148360405,50085.57079098986,32.38551639594516,8.617032791900936,0,0,0,0,0,1,True,45771,1.75
45780,2026-05-07 10:00:00,10,1,MARKUP,1,C,50041.7872,49982.59233774769,50189.77435563078,59.194862252312305,19.375324504620004,1,0,0,0,0,1,True,45781,0.9562787843967195
45792,2026-05-07 11:00:00,11,1,MARKUP,3,B,50055.7532,49987.91092942239,50225.35887644402,67.84227057761018,26.738141155215622,0,1,1,0,1,1,True,45794,-1.0
45821,2026-05-07 13:25:00,13,-1,MARKDOWN,1,C,50067.7665,50154.9850193364,49849.720201659,87.21851933639846,22.21003867280158,0,1,0,0,0,1,True,45835,-1.0
45846,2026-05-07 15:30:00,15,1,MARKUP,2,C,50003.890499999994,49931.0119027021,50186.08699324473,72.87859729789488,25.236194595800768,0,1,1,0,0,1,True,45859,-1.0
45860,2026-05-07 16:40:00,16,1,MARKUP,3,B,50027.765499999994,49922.13481909391,50291.84220226521,105.63068090608431,42.990361812172345,1,0,1,1,1,1,True,45861,-1.0
45872,2026-05-07 17:40:00,17,-1,MARKDOWN,2,C,50004.6624,50190.983861272995,49538.85874681752,186.32146127299347,54.20772254599265,0,1,1,0,0,1,False,-1,
45884,2026-05-07 18:40:00,18,-1,MARKDOWN,2,C,50004.6624,50187.48891927494,49547.596101812655,182.82651927493862,47.217838549881726,0,1,1,0,0,1,False,-1,
45896,2026-05-07 19:40:00,19,-1,MARKDOWN,2,C,49983.8434,50185.33650818301,49480.11062954246,201.49310818301456,42.91301636602568,0,1,1,0,0,1,False,-1,
45908,2026-05-07 20:40:00,20,-1,MARKDOWN,2,C,49928.4534,50189.45234067561,49275.95604831097,260.998940675614,51.14468135122593,0,1,1,0,0,1,False,-1,
46049,2026-05-08 09:25:00,9,1,MARKUP,2,C,49662.4582,49613.97726125649,49783.66054685877,48.48093874350889,16.665477487006996,0,1,1,0,0,1,True,46059,0.6135664902286966
46061,2026-05-08 10:25:00,10,1,MARKUP,1,C,49662.4582,49612.98826143443,49786.133046413925,49.469938565569464,18.643477131133622,0,0,1,0,0,1,False,-1,
46073,2026-05-08 11:25:00,11,1,MARKUP,3,B,49675.7452,49633.419677979306,49781.55900505173,42.325522020692006,20.7806440413789,0,1,1,0,1,1,False,-1,
46092,2026-05-08 13:00:00,13,1,MARKUP,3,B,49707.199,49643.49984293315,49866.44689266712,63.699157066846965,20.820314133704866,0,1,1,0,1,1,False,-1,
46104,2026-05-08 14:00:00,14,1,MARKUP,2,C,49707.199,49644.90644382526,49862.93039043685,62.29255617473973,18.00711234948987,0,1,1,0,0,1,False,-1,
46116,2026-05-08 15:00:00,15,1,MARKUP,2,C,49707.199,49645.746094481954,49860.83126379512,61.452905518046464,16.32781103609518,0,1,1,0,0,1,True,46135,0.5
46128,2026-05-08 16:00:00,16,1,MARKUP,1,C,49748.439000000006,49653.630603605765,49985.459990985604,94.80839639424084,29.558792788483153,1,0,0,0,0,1,True,46129,0.8271743999780812
46154,2026-05-08 18:10:00,18,-1,MARKDOWN,3,B,49776.3744,49901.89851967896,49462.56410080261,125.5241196789575,47.977039357903244,0,1,1,1,0,1,False,-1,
46166,2026-05-08 19:10:00,19,-1,MARKDOWN,2,C,49767.7794,49898.15248505859,49441.84668735352,130.37308505859255,40.484970117172885,0,1,1,0,0,1,False,-1,
46178,2026-05-08 20:10:00,20,-1,MARKDOWN,2,C,49762.8134,49895.31662611211,49431.55533471973,132.50322611210868,34.81325222420345,0,1,1,0,0,1,False,-1,
46335,2026-05-11 10:15:00,10,1,MARKUP,2,C,49519.3347,49469.487069846626,49643.95377538343,49.84763015337376,15.00586030674701,0,1,1,0,0,1,False,-1,
46347,2026-05-11 11:15:00,11,1,MARKUP,3,B,49557.9157,49498.06497864995,49707.54250337512,59.85072135004884,19.35004270009739,0,1,1,0,1,1,False,-1,
46368,2026-05-11 13:00:00,13,1,MARKUP,1,C,49567.2052,49511.62034651998,49706.16733370004,55.584853480017046,16.739306960039922,0,1,0,0,0,1,True,46382,0.6707261057557811
46408,2026-05-11 16:20:00,16,1,MARKUP,2,C,49612.8445,49581.54923380043,49691.082665498914,31.29526619956596,24.58153239912187,0,1,1,0,0,1,True,46409,-1.0
46420,2026-05-11 17:20:00,17,1,MARKUP,3,B,49591.5205,49471.449067785004,49891.69908053748,120.07143221499427,54.681864429985616,0,1,1,1,1,1,False,-1,
46432,2026-05-11 18:20:00,18,1,MARKUP,3,B,49594.29,49474.32954284625,49894.191142884374,119.9604571537493,48.92091430749612,0,1,1,0,1,1,False,-1,
46444,2026-05-11 19:20:00,19,1,MARKUP,2,C,49594.29,49478.4393867783,49883.91653305425,115.85061322170077,40.701226443398426,0,1,1,0,0,1,False,-1,
46456,2026-05-11 20:20:00,20,1,MARKUP,2,C,49594.29,49480.7604326849,49878.113918287745,113.52956731509767,36.05913463019088,0,1,1,0,0,1,False,-1,
46588,2026-05-12 08:20:00,8,1,MARKUP,3,B,49688.651000000005,49644.1527410256,49799.89664743601,44.49825897440314,12.214517948804648,0,1,1,0,1,1,True,46600,-1.0
46602,2026-05-12 09:30:00,9,-1,MARKDOWN,2,C,49673.435000000005,49695.101518760624,49619.26870309845,21.66651876061951,14.683037521250235,0,1,1,0,0,1,True,46612,0.5
46677,2026-05-12 15:45:00,15,1,MARKUP,3,B,49711.033,49678.630973177154,49792.038067057125,32.40202682284871,25.45805364569113,0,1,1,1,0,1,True,46683,-1.0
46689,2026-05-12 16:45:00,16,-1,MARKDOWN,2,C,49603.3254,49796.15390422283,49121.25413944293,192.82850422283082,53.087808445659384,0,1,1,0,0,1,False,-1,
46701,2026-05-12 17:45:00,17,-1,MARKDOWN,1,C,49603.3254,49798.473920354074,49115.454099114824,195.1485203540724,57.727840708143155,0,1,0,0,0,1,True,46723,-1.0
46713,2026-05-12 18:45:00,18,-1,MARKDOWN,1,C,49603.3254,49795.657217918866,49122.49585520284,192.33181791886454,52.09443583773745,1,0,0,0,0,1,True,46723,-1.0
46739,2026-05-12 20:55:00,20,1,MARKUP,3,B,49742.449,49706.74630439345,49831.70573901638,35.70269560655288,41.22739121310441,0,1,1,0,1,1,True,46740,1.75
46860,2026-05-13 08:00:00,8,1,MARKUP,2,C,49783.612,49753.32959109557,49859.318022261075,30.282408904429758,10.140817808859829,0,1,1,0,0,1,True,46881,0.7506059249389958
46872,2026-05-13 09:00:00,9,1,MARKUP,1,C,49790.2635,49757.173494470306,49872.98851382424,33.09000552969519,9.453011059393317,0,1,0,0,0,1,True,46875,0.6288365179948281
46884,2026-05-13 10:00:00,10,1,MARKUP,2,C,49790.2635,49756.15312480823,49875.53943797942,34.11037519176898,11.493750383533662,1,0,1,0,0,1,True,46885,0.6249825329949542
46920,2026-05-13 13:00:00,13,-1,MARKDOWN,1,C,49768.8607,49844.72122330435,49579.209391739125,75.86052330434904,17.142446608694915,0,1,0,0,0,1,False,-1,
46932,2026-05-13 14:00:00,14,-1,MARKDOWN,1,C,49755.9255,49836.151956681686,49555.35935829578,80.22645668168843,19.30391336337881,0,1,0,0,0,1,False,-1,
46944,2026-05-13 15:00:00,15,-1,MARKDOWN,0,C,49755.9255,49835.605740145525,49556.724899636174,79.68024014552793,18.21148029104402,0,0,0,0,0,1,False,-1,
46956,2026-05-13 16:00:00,16,-1,MARKDOWN,0,C,49695.4525,49810.08278474536,49408.87678813659,114.63028474536259,29.66556949072904,0,0,0,0,0,1,True,46974,0.9775650708261806
46968,2026-05-13 17:00:00,17,-1,MARKDOWN,1,C,49638.660899999995,49764.19956742587,49324.8142314353,125.53866742587707,52.39913485174483,0,0,0,0,1,1,True,46969,0.7098765312193468
46980,2026-05-13 18:00:00,18,-1,MARKDOWN,3,B,49634.0259,49756.76844201305,49327.16954496737,122.74254201305303,52.53688402611248,0,1,1,1,1,1,True,46996,-1.0
46992,2026-05-13 19:00:00,19,-1,MARKDOWN,3,B,49614.4044,49720.14708471935,49350.04768820162,105.7426847193492,42.79416943869091,0,1,1,1,0,1,True,46995,-1.0
47136,2026-05-14 08:00:00,8,1,MARKUP,1,C,49846.15,49822.38392779015,49905.56518052463,23.7660722098517,9.332144419707728,0,0,0,0,1,1,True,47139,2.5
47148,2026-05-14 09:00:00,9,1,MARKUP,1,C,49853.666000000005,49813.340723703644,49954.47919074091,40.325276296360244,13.418552592717639,0,1,0,0,0,1,True,47171,0.5
47160,2026-05-14 10:00:00,10,1,MARKUP,1,C,49868.7152,49823.935699365735,49980.66395158566,44.77950063426397,14.228601268541167,0,1,0,0,0,1,True,47171,1.75
47172,2026-05-14 11:00:00,11,1,MARKUP,1,C,49876.2042,49831.99136804326,49986.736279891855,44.212831956741866,21.117263913484944,0,1,0,0,0,1,False,-1,
47196,2026-05-14 13:00:00,13,1,MARKUP,1,C,49902.944200000005,49832.20950507175,50079.780937320655,70.73469492825825,20.680989856514046,0,1,0,0,0,1,False,-1,
47208,2026-05-14 14:00:00,14,1,MARKUP,2,C,49944.0375,49833.07216826977,50221.45082932557,110.96533173022908,26.1556634604651,0,1,1,0,0,1,False,-1,
47220,2026-05-14 15:00:00,15,1,MARKUP,1,C,49963.424,49832.60735425612,50290.465614359695,130.81664574387833,27.085291487760234,0,1,0,0,0,1,True,47239,1.1760202088385303
47232,2026-05-14 16:00:00,16,1,MARKUP,2,C,50003.050500000005,49873.33170542106,50327.347486447376,129.7187945789483,28.136589157895216,0,1,1,0,0,1,True,47239,1.0290015714227594
47256,2026-05-14 18:00:00,18,1,MARKUP,3,B,50068.538,49951.3262348742,50361.567412814504,117.21176512580132,55.647530251600784,0,1,1,1,0,1,True,47277,-1.0
47268,2026-05-14 19:00:00,19,1,MARKUP,2,C,50027.191,49877.16446411689,50402.25733970777,150.02653588310932,51.37107176622063,0,1,1,0,0,1,True,47279,-0.8986476905994805
47280,2026-05-14 20:00:00,20,1,MARKUP,1,C,50031.966,49876.833664709724,50419.796838225695,155.1323352902764,52.03267058055101,0,0,1,0,0,1,True,47284,-0.6774603102786212
47413,2026-05-15 08:05:00,8,-1,MARKDOWN,2,C,49984.986000000004,50055.58440651999,49808.489983700034,70.5984065199882,17.428813039986963,0,1,1,0,0,1,False,-1,
47425,2026-05-15 09:05:00,9,-1,MARKDOWN,1,C,49943.39,50007.95906596476,49781.967335088106,64.56906596475892,22.178131929510972,0,1,0,0,0,1,False,-1,
47437,2026-05-15 10:05:00,10,-1,MARKDOWN,2,C,49943.2372,50008.970553041334,49778.90381739668,65.7333530413307,24.201106082658157,0,1,1,0,0,1,False,-1,
47449,2026-05-15 11:05:00,11,-1,MARKDOWN,3,B,49917.7387,50009.50757154895,49688.31652112763,91.76887154894939,25.275143097893164,0,1,1,0,1,1,False,-1,
47472,2026-05-15 13:00:00,13,-1,MARKDOWN,1,C,49852.5382,49977.78439550796,49539.422711230116,125.24619550795614,32.82879101591624,0,1,0,0,0,1,True,47481,1.27874318248228
47491,2026-05-15 14:35:00,14,-1,MARKDOWN,3,B,49832.206,49947.3754842432,49544.28228939199,115.16948424320435,37.810968486403596,0,1,1,0,1,1,False,-1,
47503,2026-05-15 15:35:00,15,-1,MARKDOWN,2,C,49796.966,49938.38949782711,49443.40725543222,141.42349782711244,36.838995654225755,0,1,1,0,0,1,False,-1,
47515,2026-05-15 16:35:00,16,-1,MARKDOWN,2,C,49795.724500000004,49942.16864112794,49429.61414718017,146.4441411279331,44.397282255878196,0,1,1,0,0,1,False,-1,
47527,2026-05-15 17:35:00,17,-1,MARKDOWN,2,C,49778.7064,49947.641802335085,49356.36789416229,168.93540233508247,55.34360467017493,1,0,0,0,1,1,False,-1,
47539,2026-05-15 18:35:00,18,-1,MARKDOWN,2,C,49778.7064,49945.053711065484,49362.838122336296,166.34731106548134,50.167422130971666,0,1,1,0,0,1,False,-1,
47551,2026-05-15 19:35:00,19,-1,MARKDOWN,0,C,49685.0974,49810.80984088491,49370.81629778772,125.71244088491221,45.67968176981942,0,0,0,0,0,1,True,47557,1.75
47563,2026-05-15 20:35:00,20,-1,MARKDOWN,2,C,49680.1534,49799.492378168135,49381.80595457967,119.3389781681326,39.044756336274226,1,0,1,0,0,1,True,47569,1.75
47688,2026-05-18 08:00:00,8,-1,MARKDOWN,0,C,49269.829,49385.924084756785,48979.59128810803,116.0950847567874,21.70816951356906,0,0,0,0,0,1,False,-1,
47761,2026-05-18 14:05:00,14,-1,MARKDOWN,2,C,49199.009,49245.31161333516,49083.2524666621,46.30261333515955,27.283226670313372,0,1,1,0,0,1,True,47762,0.5
47773,2026-05-18 15:05:00,15,1,MARKUP,2,C,49268.6935,49122.50536816346,49634.16382959136,146.1881318365413,40.8292636730744,0,1,1,0,0,1,False,-1,
47785,2026-05-18 16:05:00,16,1,MARKUP,1,C,49336.1165,49119.34213851707,49878.052403707305,216.77436148292327,47.15572296584933,0,1,0,0,0,1,False,-1,
47797,2026-05-18 17:05:00,17,1,MARKUP,1,C,49391.4874,49109.15406699474,50097.32073251314,282.33333300525555,67.53186601050966,0,1,0,0,0,1,False,-1,
47809,2026-05-18 18:05:00,18,1,MARKUP,0,C,49391.4874,49104.01771412129,50110.161614696764,287.4696858787065,77.80457175740617,0,0,0,0,0,1,False,-1,
47835,2026-05-18 20:15:00,20,1,MARKUP,2,C,49531.9279,49341.786641427345,50007.28104643164,190.14125857265753,56.766717145306345,0,1,1,0,0,1,True,47845,0.9945624605160239
47970,2026-05-19 08:30:00,8,-1,MARKDOWN,2,C,49666.380999999994,49752.349051923535,49451.46087019114,85.96805192354077,27.158103847080483,0,1,0,1,0,1,True,47983,-1.0
47982,2026-05-19 09:30:00,9,-1,MARKDOWN,1,C,49657.883499999996,49738.58243084696,49456.13617288259,80.69893084696378,27.124861693920273,1,0,0,0,0,1,True,47983,-1.0
47994,2026-05-19 10:30:00,10,1,MARKUP,1,C,49619.9782,49535.24646113539,49831.80754716151,84.73173886460427,28.04707772920779,0,1,0,0,0,1,True,48018,-1.0
48006,2026-05-19 11:30:00,11,1,MARKUP,0,C,49638.1232,49533.994435204186,49898.44511198954,104.1287647958161,30.551129591625696,0,0,0,0,0,1,True,48015,-1.0
48025,2026-05-19 13:05:00,13,-1,MARKDOWN,1,C,49689.9035,49799.708586122535,49415.39078469366,109.8050861225347,35.67717224507117,0,1,0,0,0,1,False,-1,
48038,2026-05-19 14:10:00,14,-1,MARKDOWN,1,C,49689.9035,49800.84560876853,49412.54822807867,110.94210876853322,37.951217537065396,0,0,1,0,0,1,False,-1,
48050,2026-05-19 15:10:00,15,-1,MARKDOWN,1,C,49686.179000000004,49798.49080564468,49405.39948588831,112.3118056446765,33.24161128935235,0,1,0,0,0,1,False,-1,
48062,2026-05-19 16:10:00,16,-1,MARKDOWN,3,B,49643.1495,49732.2988602309,49420.27609942276,89.14936023089831,34.85772046179525,0,1,1,0,1,1,False,-1,
48081,2026-05-19 17:45:00,17,-1,MARKDOWN,3,B,49524.3625,49719.53540566478,49036.43023583807,195.1729056647746,72.33081132954906,1,0,1,0,1,1,True,48084,0.6733644690709758
48097,2026-05-19 19:05:00,19,-1,MARKDOWN,2,C,49514.474500000004,49697.69523531669,49056.42266170828,183.22073531668866,60.650470633376656,0,1,1,0,0,1,True,48100,0.9504792555621048
48240,2026-05-20 08:00:00,8,-1,MARKDOWN,1,C,49352.230500000005,49432.52704412913,49151.4891396772,80.2965441291235,25.174088258253263,1,0,0,0,0,1,True,48244,-1.0
48272,2026-05-20 10:40:00,10,1,MARKUP,1,C,49319.0327,49231.21352020005,49538.58064949988,87.81917979995342,22.95295959990607,0,1,0,0,0,1,False,-1,
48284,2026-05-20 11:40:00,11,1,MARKUP,2,C,49349.9182,49271.97880042145,49544.766698946376,77.93939957855036,25.922399157098052,0,1,1,0,0,1,False,-1,
48300,2026-05-20 13:00:00,13,1,MARKUP,2,C,49381.4827,49303.18838042677,49577.21849893307,78.29431957322959,23.003239146466637,0,1,1,0,0,1,False,-1,
48312,2026-05-20 14:00:00,14,1,MARKUP,2,C,49431.1815,49341.68114811532,49654.932379711696,89.50035188467882,23.717703769363155,0,1,1,0,0,1,False,-1,
48324,2026-05-20 15:00:00,15,1,MARKUP,2,C,49431.1815,49340.57010290798,49657.709992730044,90.61139709201962,25.939794184043485,0,1,1,0,0,1,True,48342,-1.0
48336,2026-05-20 16:00:00,16,1,MARKUP,1,C,49467.2805,49339.576000573266,49786.54174856684,127.7044994267344,27.927998853475017,0,1,0,0,0,1,True,48342,-1.0
48351,2026-05-20 17:15:00,17,1,MARKUP,2,C,49510.849500000004,49383.54413645972,49829.112908850715,127.305363540283,80.99172708055889,0,1,1,0,0,1,False,-1,
48363,2026-05-20 18:15:00,18,1,MARKUP,3,B,49522.6875,49207.995565554105,50309.41733611474,314.69193444589473,85.9888688917895,0,1,1,1,0,1,False,-1,
48375,2026-05-20 19:15:00,19,1,MARKUP,2,C,49522.6875,49219.83332591374,50279.82293521564,302.85417408625653,62.313348172512825,0,1,1,0,0,1,False,-1,
48387,2026-05-20 20:15:00,20,1,MARKUP,2,C,49522.6875,49223.149076261165,50271.53355934709,299.53842373883526,55.68184747767113,0,1,1,0,0,1,False,-1,
48516,2026-05-21 08:00:00,8,1,MARKUP,2,C,49925.8225,49863.17127039299,50082.45057401754,62.6512296070141,11.657459214027728,0,1,1,0,0,1,True,48525,0.7315938349671638
48528,2026-05-21 09:00:00,9,1,MARKUP,3,B,49960.593,49909.17653535494,50089.134161612645,51.41646464505902,17.646929290116223,0,1,1,0,1,1,True,48531,-1.0
48552,2026-05-21 11:00:00,11,1,MARKUP,2,C,49984.386,49943.11926904772,50087.5528273807,41.26673095228034,26.761461904558814,0,1,1,0,0,1,False,-1,
48576,2026-05-21 13:00:00,13,1,MARKUP,2,C,50001.807499999995,49884.43053219292,50295.24991951768,117.37696780707483,31.338935614161848,0,1,1,0,0,1,True,48582,-1.0
48604,2026-05-21 15:20:00,15,-1,MARKDOWN,2,C,50084.957,50253.18232831249,49664.39367921878,168.22532831248827,41.164656624976864,0,1,1,0,0,1,False,-1,
48616,2026-05-21 16:20:00,16,-1,MARKDOWN,2,C,50084.957,50254.94843023454,49659.97842441367,169.99143023453507,44.69686046908007,0,1,1,0,0,1,True,48630,0.8249809344864218
48632,2026-05-21 17:40:00,17,-1,MARKDOWN,1,C,50039.193400000004,50266.08264991174,49471.970275220665,226.88924991173553,66.96529982348049,0,0,1,0,0,1,False,-1,
48664,2026-05-21 20:20:00,20,1,MARKUP,2,C,49912.90700000001,49694.44009239304,50459.07426901743,218.46690760696947,63.71981521392944,0,1,1,0,0,1,False,-1,
48792,2026-05-22 08:00:00,8,1,MARKUP,2,C,50437.66299999999,50383.798576844565,50572.32405788856,53.864423155428085,11.082846310855984,0,1,1,0,0,1,True,48803,0.7982222394749474
48811,2026-05-22 09:35:00,9,1,MARKUP,3,B,50452.185999999994,50403.45671260095,50574.00921849761,48.72928739904455,18.76657479808821,0,1,1,0,1,1,True,48816,0.7167724388419754
48831,2026-05-22 11:15:00,11,1,MARKUP,3,B,50453.342000000004,50398.56411098168,50590.28672254582,54.77788901832537,24.751778036644428,0,1,1,1,1,1,True,48834,-1.0
48852,2026-05-22 13:00:00,13,1,MARKUP,3,B,50459.263,50397.9260481016,50612.60537974599,61.336951898396364,26.027903796794686,0,1,1,0,1,1,True,48855,-1.0
48871,2026-05-22 14:35:00,14,1,MARKUP,4,A,50459.263,50399.1162098616,50609.629975346004,60.14679013840214,23.647580276814253,1,1,1,1,1,1,False,-1,
48883,2026-05-22 15:35:00,15,1,MARKUP,3,B,50509.1155,50366.9807537513,50864.45236562176,142.13474624870287,43.4184924974067,0,1,1,1,0,1,False,-1,
48895,2026-05-22 16:35:00,16,1,MARKUP,2,C,50549.607500000006,50362.124399057415,51018.31525235648,187.48310094259068,53.13120188518202,1,0,0,1,0,1,False,-1,
48907,2026-05-22 17:35:00,17,1,MARKUP,1,C,50549.607500000006,50359.816054708215,51024.08611322948,189.7914452917903,57.747890583574915,0,0,1,0,0,1,False,-1,
48919,2026-05-22 18:35:00,18,1,MARKUP,1,C,50549.607500000006,50364.17225176959,51013.19562057605,185.43524823041662,49.035496460830274,0,1,0,0,0,1,False,-1,
48931,2026-05-22 19:35:00,19,1,MARKUP,1,C,50596.112,50444.61336684418,50974.858582889545,151.49863315581752,38.653266311637964,0,1,0,0,0,1,False,-1,
48943,2026-05-22 20:35:00,20,1,MARKUP,2,C,50669.6555,50526.05183811992,51028.6646547002,143.60366188007902,50.1763237601481,0,1,0,0,1,1,True,48960,1.2331293226060396
49068,2026-05-25 08:00:00,8,1,MARKUP,1,C,50933.111,50871.76989491405,51086.46376271488,61.3411050859504,11.520210171899313,0,1,0,0,0,1,False,-1,
49080,2026-05-25 09:00:00,9,1,MARKUP,0,C,50947.9785,50877.944263489495,51123.064091276254,70.03423651050252,12.671473021007507,0,0,0,0,0,1,False,-1,
49092,2026-05-25 10:00:00,10,1,MARKUP,0,C,50982.741,50933.94952979784,51104.7196755054,48.79147020215896,13.160940404316,0,0,0,0,0,1,True,49095,0.7407213585961478
49105,2026-05-25 11:05:00,11,1,MARKUP,2,C,50996.4615,50938.34459890026,51141.75375274935,58.11690109974006,22.070802199474016,0,1,0,0,1,1,False,-1,
49128,2026-05-25 13:00:00,13,1,MARKUP,1,C,50999.7085,50941.83268289871,51144.39804275322,57.8758171012887,15.094634202576112,0,1,0,0,0,1,False,-1,
49140,2026-05-25 14:00:00,14,1,MARKUP,0,C,51002.7645,50942.3364820563,51153.834544859244,60.42801794369734,14.087035887397768,0,0,0,0,0,1,False,-1,
49152,2026-05-25 15:00:00,15,1,MARKUP,1,C,51008.8765,50941.91557045573,51176.27882386067,66.9609295442715,14.928859088542543,0,1,0,0,0,1,False,-1,
49164,2026-05-25 16:00:00,16,1,MARKUP,1,C,51057.6155,50993.39903738449,51218.15665653876,64.21646261550632,17.4619252310063,1,0,0,0,0,1,True,49173,0.7608399768537157
49177,2026-05-25 17:05:00,17,1,MARKUP,1,C,51073.528999999995,51016.895025711965,51215.113935720074,56.633974288030004,21.96994857605935,1,0,0,0,0,1,True,49187,0.655268471492688
49190,2026-05-25 18:10:00,18,1,MARKUP,2,C,51079.3435,51007.091980414836,51259.97229896292,72.25151958516653,30.476039170328157,0,1,1,0,0,1,True,49193,-1.0
49211,2026-05-25 19:55:00,19,1,MARKUP,3,B,51079.3435,51009.59920902329,51253.70422744178,69.74429097671236,25.461581953428677,0,1,1,0,1,1,True,49212,-1.0
49296,2026-05-26 08:00:00,8,-1,MARKDOWN,2,C,50939.748,50970.772030868786,50862.18792282803,31.024030868786213,11.624061737567024,0,0,1,0,1,1,True,49297,-1.0
49320,2026-05-26 10:00:00,10,-1,MARKDOWN,2,C,50935.95,50966.46311623394,50859.66720941513,30.513116233945766,19.006232467889213,0,1,1,0,0,1,False,-1,
49332,2026-05-26 11:00:00,11,-1,MARKDOWN,1,C,50945.157999999996,50999.628596970346,50808.98150757412,54.470596970350016,24.137193940690334,0,1,0,0,0,1,False,-1,
49356,2026-05-26 13:00:00,13,-1,MARKDOWN,2,C,50925.867,50998.15020516344,50745.1589870914,72.28320516343956,21.180410326878494,0,1,1,0,0,1,True,49372,0.5
49368,2026-05-26 14:00:00,14,-1,MARKDOWN,0,C,50925.1985,50999.63468303171,50739.10804242072,74.43618303171388,24.149366063429927,0,0,0,0,0,1,True,49372,0.5
49391,2026-05-26 15:55:00,15,-1,MARKDOWN,3,B,50882.5565,50929.59260711749,50764.966232206265,47.036107117492065,22.06521423499287,0,1,1,0,1,1,False,-1,
49403,2026-05-26 16:55:00,16,-1,MARKDOWN,3,B,50824.047399999996,50960.658967888325,50482.51848027918,136.61156788832886,52.19793577665283,0,1,1,0,1,1,False,-1,
49415,2026-05-26 17:55:00,17,-1,MARKDOWN,1,C,50771.4269,50961.56699556815,50296.07666107961,190.1400955681529,54.013991136310786,0,1,0,0,0,1,False,-1,
49427,2026-05-26 18:55:00,18,-1,MARKDOWN,1,C,50756.8154,50955.24142453031,50260.75033867423,198.4260245303085,41.36284906062622,0,1,0,0,0,1,False,-1,
49439,2026-05-26 19:55:00,19,-1,MARKDOWN,2,C,50723.1979,50925.784426940445,50216.731582648885,202.58652694044576,33.44885388089537,0,1,1,0,0,1,False,-1,
49451,2026-05-26 20:55:00,20,-1,MARKDOWN,2,C,50681.0344,50872.354443258475,50202.734291853805,191.3200432584781,30.588886516957814,0,1,1,0,0,1,False,-1,
49572,2026-05-27 08:00:00,8,1,MARKUP,1,C,50565.6835,50553.85593926687,50595.252401832826,11.827560733130667,8.948121466264958,0,1,0,0,0,1,True,49578,1.75
49584,2026-05-27 09:00:00,9,1,MARKUP,2,C,50563.949,50528.07075839643,50653.64460400892,35.87824160356831,11.018483207132618,0,1,0,0,1,1,False,-1,
49596,2026-05-27 10:00:00,10,1,MARKUP,3,B,50569.0712,50527.698698990665,50672.50245252333,41.372501009333064,12.76260201867096,0,1,1,0,1,1,False,-1,
49608,2026-05-27 11:00:00,11,1,MARKUP,2,C,50582.4412,50526.85122659555,50721.41613351113,55.589973404450575,14.457546808906615,0,1,1,0,0,1,False,-1,
49632,2026-05-27 13:00:00,13,1,MARKUP,1,C,50640.8722,50558.37704932135,50847.11007669661,82.49515067864559,14.405901357301328,0,1,0,0,0,1,True,49650,-1.0
49644,2026-05-27 14:00:00,14,1,MARKUP,0,C,50652.367,50577.16144265153,50840.38089337117,75.20555734846857,14.037114696936587,0,0,0,0,0,1,True,49649,-1.0
49667,2026-05-27 15:55:00,15,-1,MARKDOWN,1,C,50652.282,50780.35662211061,50332.095444723476,128.0746221106092,35.353244221215206,0,1,0,0,0,1,True,49674,-1.0
49682,2026-05-27 17:10:00,17,1,MARKUP,3,B,50601.0579,50443.57988366968,50994.752940825805,157.47801633032213,60.20023266065165,0,1,1,1,0,1,False,-1,
49694,2026-05-27 18:10:00,18,1,MARKUP,2,C,50621.9724,50445.431566374435,51063.32448406391,176.54083362556412,56.49686725112652,0,1,0,0,1,1,True,49701,0.5447328984747416
49706,2026-05-27 19:10:00,19,1,MARKUP,3,B,50621.9724,50449.96804566032,51051.9832858492,172.00435433968232,47.42390867936501,1,0,1,0,1,1,False,-1,
49848,2026-05-28 08:00:00,8,-1,MARKDOWN,2,C,50688.104999999996,50771.134587662156,50480.53103084459,83.02958766216034,18.989175324319948,0,1,1,0,0,1,True,49871,0.949324691676712
49916,2026-05-28 13:40:00,13,-1,MARKDOWN,2,C,50672.9105,50714.41879010872,50569.13977472819,41.508290108722576,16.357580217452607,0,1,1,0,0,1,False,-1,
49928,2026-05-28 14:40:00,14,-1,MARKDOWN,1,C,50646.5525,50716.43712672469,50471.84093318827,69.88462672469177,20.394253449389634,0,0,0,0,1,1,True,49944,1.75
49940,2026-05-28 15:40:00,15,-1,MARKDOWN,1,C,50638.704,50707.37887569182,50467.01681077044,68.67487569182413,24.27775138364537,1,0,0,0,0,1,True,49941,1.75
49956,2026-05-28 17:00:00,17,-1,MARKDOWN,3,B,50551.828499999996,50696.24806470865,50190.77958822837,144.41956470865262,49.516129417304725,0,1,1,1,0,1,True,49958,-1.0
49976,2026-05-28 18:40:00,18,1,MARKUP,2,C,50535.9464,50331.61208842824,51046.782178929396,204.334311571758,53.25582314350458,0,1,1,0,0,1,False,-1,
49988,2026-05-28 19:40:00,19,1,MARKUP,1,C,50535.9464,50338.61738333153,51029.268941671166,197.32901666846737,39.24523333692743,0,1,0,0,0,1,False,-1,
50000,2026-05-28 20:40:00,20,1,MARKUP,0,C,50535.9464,50343.69263372582,51016.580815685455,192.25376627418154,29.09473254835619,0,0,0,0,0,1,False,-1,
50124,2026-05-29 08:00:00,8,1,MARKUP,1,C,50714.526999999995,50674.207014056155,50815.32696485959,40.31998594383913,9.205971887687323,0,1,0,0,0,1,False,-1,
50136,2026-05-29 09:00:00,9,1,MARKUP,0,C,50714.526999999995,50673.41573056587,50817.305173585315,41.11126943412819,10.788538868257627,0,0,0,0,0,1,False,-1,
50148,2026-05-29 10:00:00,10,1,MARKUP,1,C,50730.0712,50693.56355921946,50821.34030195135,36.50764078053908,14.492881561071409,0,1,0,0,0,1,True,50155,0.8691162512381388
50160,2026-05-29 11:00:00,11,1,MARKUP,2,C,50747.004,50712.67589760546,50832.82425598634,34.32810239453829,17.46820478908902,0,1,1,0,0,1,True,50170,1.75
50184,2026-05-29 13:00:00,13,1,MARKUP,1,C,50768.58700000001,50711.93627445137,50910.213813871596,56.65072554863582,18.947451097270424,0,0,0,1,0,1,False,-1,
50196,2026-05-29 14:00:00,14,1,MARKUP,2,C,50768.58700000001,50713.51477872842,50906.26755317897,55.07222127158457,15.790442543159479,0,1,1,0,0,1,False,-1,
50208,2026-05-29 15:00:00,15,1,MARKUP,2,C,50782.339,50711.60788211706,50959.16679470735,70.73111788294045,19.60423576588591,0,1,1,0,0,1,True,50225,-1.0
50220,2026-05-29 16:00:00,16,1,MARKUP,2,C,50795.317,50731.218550915546,50955.563122711144,64.09844908445666,22.382898168908156,0,1,1,0,0,1,True,50223,-1.0
50232,2026-05-29 17:00:00,17,1,MARKUP,2,C,50794.3914,50686.40568247845,51064.35569380388,107.98571752155112,42.00863504311157,0,1,0,0,1,1,False,-1,
50244,2026-05-29 18:00:00,18,1,MARKUP,2,C,50840.6134,50681.34661223298,51238.78036941757,159.26678776702465,52.12677553405297,0,1,1,0,0,1,False,-1,
50256,2026-05-29 19:00:00,19,1,MARKUP,1,C,50863.915400000005,50685.21301389863,51310.67136525344,178.70238610137312,44.39397220273843,0,1,0,0,0,1,False,-1,
50268,2026-05-29 20:00:00,20,1,MARKUP,0,C,50863.915400000005,50688.252669398,51303.07222650501,175.66273060200183,38.314661204001716,0,0,0,0,0,1,False,-1,
50437,2026-06-01 11:05:00,11,1,MARKUP,2,C,51101.8615,51076.51900081918,51165.21774795205,25.342499180820596,17.64199836162978,0,1,1,0,0,1,False,-1,
50460,2026-06-01 13:00:00,13,1,MARKUP,1,C,51123.739,51039.29774375504,51334.842140612396,84.44125624495791,20.284512489924577,0,1,0,0,0,1,False,-1,
50472,2026-06-01 14:00:00,14,1,MARKUP,2,C,51155.636000000006,51038.00049488662,51449.72476278347,117.6355051133869,22.879010226763146,0,1,1,0,0,1,True,50491,-1.0
50484,2026-06-01 15:00:00,15,1,MARKUP,0,C,51163.5625,51036.992953325585,51479.98636668603,126.5695466744146,24.894093348838965,0,0,0,0,0,1,True,50490,-1.0
50504,2026-06-01 16:40:00,16,-1,MARKDOWN,1,C,51147.5445,51378.764739623824,50569.49390094045,231.22023962382082,61.149479247648294,0,1,0,0,0,1,False,-1,
50516,2026-06-01 17:40:00,17,-1,MARKDOWN,1,C,51147.5445,51377.02985126296,50573.83112184261,229.4853512629561,57.67970252592168,0,1,0,0,0,1,False,-1,
50528,2026-06-01 18:40:00,18,-1,MARKDOWN,0,C,51134.5374,51373.35653224257,50537.489569393576,238.81913224257005,50.33306448514021,0,0,0,0,0,1,False,-1,
50540,2026-06-01 19:40:00,19,-1,MARKDOWN,1,C,51119.2419,51343.4217113687,50558.79237157826,224.1798113686964,39.963422737395724,0,1,0,0,0,1,False,-1,
50705,2026-06-02 10:25:00,10,1,MARKUP,2,C,50906.5227,50842.18005305217,51067.379317369574,64.34264694782905,14.199893895648396,0,1,0,0,1,1,True,50728,-1.0
50717,2026-06-02 11:25:00,11,1,MARKUP,0,C,50933.6092,50856.91292388204,51125.3498902949,76.69627611796022,19.23415223591486,0,0,0,0,0,1,True,50727,-1.0
50736,2026-06-02 13:00:00,13,-1,MARKDOWN,2,C,50972.797,51052.21578094272,50774.25004764319,79.41878094272397,20.171561885454203,0,1,1,0,0,1,False,-1,
50748,2026-06-02 14:00:00,14,-1,MARKDOWN,2,C,50972.797,51050.96382565958,50777.379935851044,78.16682565958035,17.667651319165316,0,1,1,0,0,1,False,-1,
50760,2026-06-02 15:00:00,15,-1,MARKDOWN,2,C,50968.3085,51050.94274567539,50761.72288581152,82.63424567539187,17.62549135078501,0,1,1,0,0,1,True,50778,-1.0
50772,2026-06-02 16:00:00,16,-1,MARKDOWN,1,C,50959.2135,51052.8569902431,50725.10477439225,93.64349024309922,22.45398048619755,0,1,0,0,0,1,True,50778,-1.0
50790,2026-06-02 17:30:00,17,1,MARKUP,3,B,50980.2914,50770.061313068145,51505.866617329644,210.23008693185693,63.13737386370602,0,1,1,1,0,1,False,-1,
50802,2026-06-02 18:30:00,18,1,MARKUP,1,C,50994.0434,50774.84244387715,51542.04579030714,219.20095612285513,53.57511224570377,0,1,0,0,0,1,False,-1,
50814,2026-06-02 19:30:00,19,1,MARKUP,1,C,50994.0434,50780.67706223871,51527.45924440323,213.3663377612902,41.905875522575336,0,1,0,0,0,1,False,-1,
50826,2026-06-02 20:30:00,20,1,MARKUP,2,C,50994.0434,50785.48469649219,51515.44015876953,208.55870350781333,32.29060701561246,0,1,1,0,0,1,False,-1,
50977,2026-06-03 10:05:00,10,-1,MARKDOWN,3,B,51320.791699999994,51361.93046978871,51217.9447755282,41.13876978871849,13.020939577423874,0,1,1,1,0,1,False,-1,
50989,2026-06-03 11:05:00,11,-1,MARKDOWN,1,C,51299.5877,51360.56228338705,51147.15124153236,60.974583387054736,16.784566774106118,0,1,0,0,0,1,False,-1,
51012,2026-06-03 13:00:00,13,-1,MARKDOWN,1,C,51270.392199999995,51350.987168169035,51068.904779577395,80.59496816903993,17.634336338070675,0,1,0,0,0,1,False,-1,
51024,2026-06-03 14:00:00,14,-1,MARKDOWN,0,C,51242.1305,51316.23385254698,51056.87211863254,74.10335254698293,20.42770509397123,0,0,0,0,0,1,True,51030,1.1679223033212391
51039,2026-06-03 15:15:00,15,-1,MARKDOWN,1,C,51226.526,51289.6770377759,51068.648405560234,63.151037775904115,17.814075551805196,0,0,1,0,0,1,True,51055,1.75
51051,2026-06-03 16:15:00,16,-1,MARKDOWN,3,B,51194.234,51262.75705391533,51022.926365211664,68.52305391533446,23.974107830661755,0,1,1,0,1,1,True,51054,2.5
51063,2026-06-03 17:15:00,17,-1,MARKDOWN,2,C,51124.7864,51279.07425732685,50739.06675668286,154.28785732685355,56.60851465370817,0,1,1,0,0,1,False,-1,
51075,2026-06-03 18:15:00,18,-1,MARKDOWN,1,C,51113.3264,51276.5783936741,50705.196415814746,163.25199367410096,51.61678734819754,0,1,0,0,0,1,False,-1,
51087,2026-06-03 19:15:00,19,-1,MARKDOWN,2,C,51095.3724,51272.355246071136,50652.91528482216,176.982846071136,43.170492142278825,0,1,1,0,0,1,False,-1,
51099,2026-06-03 20:15:00,20,-1,MARKDOWN,2,C,51081.282,51246.64392082163,50667.87719794591,165.36192082163325,37.34784164326497,0,1,1,0,0,1,False,-1,
51229,2026-06-04 08:05:00,8,-1,MARKDOWN,3,B,50765.19,50808.989588697485,50655.6910282563,43.79958869748225,15.01917739496049,0,1,1,0,1,1,True,51240,-1.0
51258,2026-06-04 10:30:00,10,1,MARKUP,2,C,50780.1912,50702.022275086696,50975.613512283264,78.16892491330509,21.415449826613152,0,1,1,0,0,1,False,-1,
51270,2026-06-04 11:30:00,11,1,MARKUP,2,C,50809.161700000004,50704.31340580669,51071.282435483285,104.84829419331072,26.833188386622112,0,1,1,0,0,1,False,-1,
51288,2026-06-04 13:00:00,13,1,MARKUP,1,C,50839.7897,50713.588074010935,51155.29376497267,126.20162598906609,28.28385197813209,0,1,0,0,0,1,False,-1,
51300,2026-06-04 14:00:00,14,1,MARKUP,2,C,50853.293000000005,50736.13386723637,51146.19083190909,117.15913276363426,26.89226552726483,0,1,1,0,0,1,False,-1,
51312,2026-06-04 15:00:00,15,1,MARKUP,1,C,50965.3165,50814.98623033319,51341.14217416703,150.33026966681064,32.68753933361664,0,1,0,0,0,1,False,-1,
51324,2026-06-04 16:00:00,16,1,MARKUP,1,C,51012.5535,50831.51697993589,51465.14480016028,181.03652006410994,34.12604012821761,0,1,0,0,0,1,False,-1,
51336,2026-06-04 17:00:00,17,1,MARKUP,1,C,51102.3214,50822.448039639676,51802.00480090082,279.873360360325,57.263920720656415,0,1,0,0,0,1,False,-1,
51348,2026-06-04 18:00:00,18,1,MARKUP,2,C,51158.1204,50901.96636550138,51798.50548624655,256.1540344986206,52.227268997238596,0,1,1,0,0,1,False,-1,
51360,2026-06-04 19:00:00,19,1,MARKUP,1,C,51242.0889,50980.760515126094,51895.40986218477,261.32838487390836,42.13896974781735,0,1,0,0,0,1,False,-1,
51372,2026-06-04 20:00:00,20,1,MARKUP,1,C,51344.0374,51119.60083841126,51905.128803971864,224.43656158874364,31.958323177484665,0,1,0,0,0,1,False,-1,
51508,2026-06-05 08:20:00,8,1,MARKUP,3,B,51566.681000000004,51535.53569550436,51644.54426123911,31.14530449564336,12.248608991284156,0,1,1,0,1,1,False,-1,
51520,2026-06-05 09:20:00,9,1,MARKUP,2,C,51581.2352,51533.95800770117,51699.42818074708,47.27719229883223,15.40398459765861,0,1,0,0,1,1,False,-1,
51532,2026-06-05 10:20:00,10,1,MARKUP,2,C,51582.4712,51533.64025650985,51704.54855872538,48.830943490153004,20.039486980320316,0,1,1,0,0,1,False,-1,
51544,2026-06-05 11:20:00,11,1,MARKUP,0,C,51596.4092,51543.40128666079,51728.928983348036,53.0079133392137,21.517426678431026,0,0,0,0,0,1,False,-1,
51564,2026-06-05 13:00:00,13,1,MARKUP,0,C,51649.339700000004,51559.62430435888,51873.62818910282,89.71539564112754,24.071391282248744,0,0,0,0,0,1,False,-1,
51576,2026-06-05 14:00:00,14,1,MARKUP,1,C,51661.298,51581.554775107856,51860.656062230366,79.74322489214683,18.910449784299708,0,0,1,0,0,1,True,51580,-1.0
51596,2026-06-05 15:40:00,15,1,MARKUP,3,B,51665.7785,51581.93264766995,51875.39313082513,83.84585233005055,32.654704660100656,0,1,1,0,1,1,True,51598,-1.0
51610,2026-06-05 16:50:00,16,-1,MARKDOWN,2,C,51634.223900000005,51805.22277179664,51206.72672050842,170.99887179663347,60.42554359327262,0,1,0,0,1,1,False,-1,
51622,2026-06-05 17:50:00,17,-1,MARKDOWN,2,C,51597.4734,51759.48246437203,51192.450739069944,162.00906437202502,59.44492874404528,0,1,1,0,0,1,False,-1,
51634,2026-06-05 18:50:00,18,-1,MARKDOWN,2,C,51560.0374,51753.730977288265,51075.80345677934,193.69357728826435,47.94195457651991,0,1,1,0,0,1,False,-1,
51646,2026-06-05 19:50:00,19,-1,MARKDOWN,1,C,51488.7774,51751.56709466317,50831.80316334206,262.7896946631736,48.614189326340465,0,1,0,0,0,1,False,-1,
51658,2026-06-05 20:50:00,20,-1,MARKDOWN,1,C,51482.2884,51740.087542515896,50837.79054371025,257.799142515898,46.65508503178831,0,1,0,0,0,1,False,-1,
51782,2026-06-08 08:10:00,8,-1,MARKDOWN,2,C,50797.162,50902.129025135015,50534.74443716245,104.96702513501805,27.338050270028216,0,1,1,0,0,1,False,-1,
51794,2026-06-08 09:10:00,9,-1,MARKDOWN,3,B,50741.851,50814.76645806563,50559.56235483594,72.91545806562499,31.612916131263432,0,1,1,0,1,1,True,51797,-1.0
51851,2026-06-08 13:55:00,13,1,MARKUP,2,C,50778.2535,50658.14318502325,51078.52928744188,120.1103149767514,38.3336299534949,0,1,1,0,0,1,False,-1,
51863,2026-06-08 14:55:00,14,1,MARKUP,2,C,50855.691999999995,50690.50164200377,51268.667894990554,165.1903579962236,43.11671599245044,0,1,0,0,1,1,False,-1,
51875,2026-06-08 15:55:00,15,1,MARKUP,1,C,50861.613,50692.8886438438,51283.42389039049,168.72435615619906,38.342712312402355,0,1,0,0,0,1,False,-1,
51887,2026-06-08 16:55:00,16,1,MARKUP,1,C,50944.793999999994,50683.51543768442,51597.99040578892,261.27856231557234,74.08912463115371,1,0,0,0,0,1,True,51906,-0.9528680722733535
51899,2026-06-08 17:55:00,17,1,MARKUP,2,C,50976.1575,50733.74885590088,51582.17911024781,242.4086440991232,75.12228819824641,0,1,1,0,0,1,True,51906,-1.0
51935,2026-06-08 20:55:00,20,-1,MARKDOWN,2,C,51113.9624,51334.64783075406,50562.24882311484,220.68543075406342,54.17566150812209,0,1,1,0,0,1,False,-1,
52056,2026-06-09 08:00:00,8,1,MARKUP,2,C,50761.007000000005,50656.28438846821,51022.8135288295,104.72261153179716,19.59122306358772,0,1,1,0,0,1,False,-1,
52068,2026-06-09 09:00:00,9,1,MARKUP,0,C,50776.2485,50669.54247460645,51043.01356348387,106.70602539354877,21.075050787103162,0,0,0,0,0,1,False,-1,
52080,2026-06-09 10:00:00,10,1,MARKUP,2,C,50855.816,50795.6689927107,51006.183518223246,60.14700728929893,26.322014578604772,0,1,1,0,0,1,True,52083,0.9114779372603408
52095,2026-06-09 11:15:00,11,1,MARKUP,3,B,50875.1017,50817.278848206726,51019.65882948318,57.822851793273,32.102303586554044,0,1,1,1,0,1,True,52117,1.0418134780610768
52116,2026-06-09 13:00:00,13,1,MARKUP,1,C,50877.474,50801.555849061784,51067.26937734555,75.91815093821788,24.248301876434077,0,1,0,0,0,1,True,52117,0.8970466886904616
52128,2026-06-09 14:00:00,14,1,MARKUP,1,C,50891.608,50798.97860265428,51123.1814933643,92.62939734572137,29.40279469144969,0,1,0,0,0,1,False,-1,
52141,2026-06-09 15:05:00,15,1,MARKUP,3,B,50891.608,50800.38238069283,51119.67204826794,91.22561930717347,26.59523861434379,0,1,1,0,1,1,False,-1,
52153,2026-06-09 16:05:00,16,1,MARKUP,1,C,50925.138,50814.675053993444,51201.29536501638,110.46294600655528,34.50989201311377,0,1,0,0,0,1,True,52167,0.8509027701482641
52165,2026-06-09 17:05:00,17,1,MARKUP,2,C,51009.3499,50801.53079374805,51528.89766562989,207.8191062519545,60.79841250390261,0,1,0,1,0,1,True,52167,-1.0
52183,2026-06-09 18:35:00,18,-1,MARKDOWN,1,C,50980.3705,51349.37511666026,50057.858958349345,369.0046166602624,105.99023332052397,0,1,0,0,0,1,False,-1,
52195,2026-06-09 19:35:00,19,-1,MARKDOWN,2,C,50900.9145,51355.69112403655,49763.97293990862,454.7766240365527,118.6222480731034,0,1,1,0,0,1,False,-1,
52207,2026-06-09 20:35:00,20,-1,MARKDOWN,0,C,50895.375499999995,51346.36072472705,49767.912438182364,450.9852247270537,99.96144945410508,0,0,0,0,0,1,True,52219,0.20478608818258612
52332,2026-06-10 08:00:00,8,-1,MARKDOWN,2,C,50801.797999999995,50858.02401180499,50661.2329704875,56.22601180499623,20.008023609995217,0,1,1,0,0,1,True,52337,1.75
52348,2026-06-10 09:20:00,9,-1,MARKDOWN,1,C,50825.691999999995,50897.293780858425,50646.68754785392,71.60178085842927,25.547561716854645,0,0,1,0,0,1,False,-1,
52360,2026-06-10 10:20:00,10,-1,MARKDOWN,3,B,50814.259,50878.77055017683,50652.98012455792,64.5115501768305,25.50110035365903,0,1,1,0,1,1,False,-1,
52372,2026-06-10 11:20:00,11,-1,MARKDOWN,2,C,50767.838,50859.797371657114,50537.93957085723,91.95937165711075,30.354743314219327,0,1,1,0,0,1,False,-1,
52392,2026-06-10 13:00:00,13,-1,MARKDOWN,2,C,50696.595,50865.17235369759,50275.151615756025,168.5773536975903,41.104707395179396,0,1,1,0,0,1,False,-1,
52404,2026-06-10 14:00:00,14,-1,MARKDOWN,2,C,50649.418000000005,50873.113077453214,50090.18030636698,223.6950774532088,56.98615490641643,0,1,1,0,0,1,True,52422,1.4458968825242042
52416,2026-06-10 15:00:00,15,-1,MARKDOWN,1,C,50604.5245,50825.71225887016,50051.5551028246,221.1877588701609,60.18451774031799,0,0,1,0,0,1,True,52422,1.3551365019708344
52451,2026-06-10 17:55:00,17,-1,MARKDOWN,2,C,50474.126500000006,50627.54007515705,50090.5925621074,153.41357515704294,85.84015031409761,0,1,1,0,0,1,True,52452,1.3079254151539192
52463,2026-06-10 18:55:00,18,-1,MARKDOWN,1,C,50565.278,50857.189176698506,49835.50005825373,291.9111766985079,101.73835339701249,0,1,0,0,0,1,False,-1,
52475,2026-06-10 19:55:00,19,-1,MARKDOWN,1,C,50565.278,50847.59913761342,49859.475155966444,282.32113761342043,82.55827522683624,0,1,0,0,0,1,False,-1,
52487,2026-06-10 20:55:00,20,-1,MARKDOWN,0,C,50541.212,50844.3154706879,49783.45332328025,303.10347068789997,75.99094137580411,0,0,0,0,0,1,False,-1,
52613,2026-06-11 08:25:00,8,1,MARKUP,1,C,49959.942,49821.866880717396,50305.129798206515,138.07511928260647,23.266238565213968,0,1,0,0,0,1,False,-1,
52625,2026-06-11 09:25:00,9,1,MARKUP,3,B,50030.703,49934.10868405202,50272.18878986995,96.59431594797934,27.782631895957543,0,1,1,0,1,1,False,-1,
52637,2026-06-11 10:25:00,10,1,MARKUP,2,C,50078.4912,49932.25668748813,50444.07748127966,146.23451251186634,31.486625023732696,0,1,1,0,0,1,False,-1,
52649,2026-06-11 11:25:00,11,1,MARKUP,1,C,50123.1377,49983.98508655075,50471.01923362313,139.15261344925239,32.02982689850708,0,1,0,0,0,1,False,-1,
52668,2026-06-11 13:00:00,13,1,MARKUP,1,C,50168.2465,50018.81422851151,50541.82717872123,149.4322714884911,27.071542976972474,0,1,0,0,0,1,False,-1,
52680,2026-06-11 14:00:00,14,1,MARKUP,0,C,50168.2465,50021.354213924424,50535.47721518895,146.89228607557743,21.9915721511462,0,0,0,0,0,1,True,52696,0.9723450893889329
52692,2026-06-11 15:00:00,15,1,MARKUP,1,C,50251.985499999995,50153.71147133498,50497.67057166253,98.27402866501507,28.277057330042457,0,1,0,0,0,1,True,52696,-1.0
52714,2026-06-11 16:50:00,16,1,MARKUP,3,B,50231.4809,50071.67139999794,50631.004650005154,159.80950000206212,71.35720000411497,0,1,1,1,0,1,True,52718,0.5903167891589035
52730,2026-06-11 18:10:00,18,1,MARKUP,3,B,50231.4809,50063.61835283594,50651.13726791016,167.86254716406256,87.46329432811251,1,0,1,1,0,1,True,52731,0.5859839264989187
52742,2026-06-11 19:10:00,19,1,MARKUP,3,B,50231.4809,50066.0082068124,50645.162632969004,165.47269318759936,82.68358637519486,0,1,1,0,1,1,True,52751,1.75
52757,2026-06-11 20:25:00,20,1,MARKUP,3,B,50294.560000000005,50033.01976216492,50948.410594587716,261.54023783508455,99.06047567015868,0,1,1,0,1,1,False,-1,
52884,2026-06-12 08:00:00,8,1,MARKUP,2,C,50910.5855,50882.17210065559,50981.61899836103,28.413399344412028,18.435798688816057,1,1,0,0,0,1,True,52885,-1.0
52896,2026-06-12 09:00:00,9,1,MARKUP,3,B,50874.693999999996,50824.51560670702,51000.13998323244,50.17839329297567,26.2487865859569,0,1,1,0,1,1,True,52904,-1.0
52919,2026-06-12 10:55:00,10,1,MARKUP,2,C,50900.066999999995,50807.17862606185,51132.28793484537,92.88837393814902,34.12274787629589,0,1,1,0,0,1,False,-1,
52931,2026-06-12 11:55:00,11,1,MARKUP,1,C,50968.254,50803.04269079769,51381.28227300578,165.2113092023137,42.394618404622285,0,1,0,0,0,1,False,-1,
52944,2026-06-12 13:00:00,13,1,MARKUP,1,C,51020.778999999995,50802.39279402991,51566.7445149252,218.38620597008412,43.6944119401737,0,1,0,0,0,1,False,-1,
52956,2026-06-12 14:00:00,14,1,MARKUP,1,C,51020.778999999995,50804.4223449136,51561.670637715986,216.35665508639795,39.63531017280378,0,0,1,0,0,1,True,52980,0.6161731078643531
52968,2026-06-12 15:00:00,15,1,MARKUP,0,C,51020.778999999995,50804.725647339015,51560.912381652444,216.05335266097973,39.02870532196308,0,0,0,0,0,1,True,52980,0.616336195291369
52985,2026-06-12 16:25:00,16,1,MARKUP,4,A,51176.515,51054.04374617432,51482.69313456419,122.47125382567901,44.39250765135678,1,1,1,0,1,1,True,52986,-1.0
53002,2026-06-12 17:50:00,17,1,MARKUP,3,B,51022.32,50794.62776659604,51591.5505835099,227.69223340396275,100.12446680793725,0,1,1,0,1,1,False,-1,
53014,2026-06-12 18:50:00,18,1,MARKUP,1,C,51069.783500000005,50797.4007109452,51750.740472637015,272.38278905480547,94.57857810960716,0,1,0,0,0,1,True,53016,1.2655559401945529
53026,2026-06-12 19:50:00,19,1,MARKUP,1,C,51069.783500000005,50802.58479504951,51737.78026237625,267.1987049504969,84.21040990098373,0,0,1,0,0,1,False,-1,
53038,2026-06-12 20:50:00,20,1,MARKUP,2,C,51069.783500000005,50814.19499230942,51708.75476922646,255.58850769058336,60.99001538116491,0,1,1,0,0,1,False,-1,
53160,2026-06-15 08:00:00,8,1,MARKUP,2,C,51605.2265,51528.88379738409,51796.08325653976,76.34270261590427,14.592405231810671,0,1,1,0,0,1,False,-1,
53172,2026-06-15 09:00:00,9,1,MARKUP,2,C,51666.8535,51599.07157833427,51836.308304164326,67.7819216657299,17.716843331459252,0,1,1,0,0,1,False,-1,
53184,2026-06-15 10:00:00,10,1,MARKUP,1,C,51679.4032,51614.54089706311,51841.558957342226,64.86230293689005,20.77820587377734,0,0,1,0,0,1,True,53197,0.829033355584587
53236,2026-06-15 14:20:00,14,1,MARKUP,2,C,51751.9255,51731.048974124176,51804.11681468955,20.876525875821244,22.462051751639876,0,1,1,0,0,1,True,53237,-1.0
53252,2026-06-15 15:40:00,15,1,MARKUP,2,C,51674.597,51604.89937070418,51848.84107323956,69.69762929582066,29.7612585916424,0,1,1,0,0,1,False,-1,
53264,2026-06-15 16:40:00,16,1,MARKUP,0,C,51733.3295,51598.336830119006,52070.81117470248,134.99266988099407,42.88633976197967,0,0,0,0,0,1,True,53265,0.6931642909354103
53276,2026-06-15 17:40:00,17,1,MARKUP,3,B,51733.3295,51593.39298926712,52083.170776832194,139.93651073287765,52.77402146575172,0,1,1,0,1,1,False,-1,
53288,2026-06-15 18:40:00,18,1,MARKUP,2,C,51753.4989,51622.96570556625,52079.83188608438,130.53319443375221,44.12858886750543,0,1,1,0,0,1,False,-1,
53300,2026-06-15 19:40:00,19,1,MARKUP,1,C,51785.1299,51641.13943037978,52145.10607405055,143.99046962022112,36.28113924044683,0,1,0,0,0,1,False,-1,
53312,2026-06-15 20:40:00,20,1,MARKUP,0,C,51828.6989,51713.427492318806,52116.877419202996,115.27140768119716,32.70501536237934,0,0,0,0,0,1,True,53321,-1.0
53455,2026-06-16 09:35:00,9,1,MARKUP,2,C,51756.2855,51722.17188919677,51841.569527008076,34.113610803229676,14.55622160646162,0,1,1,0,0,1,False,-1,
53467,2026-06-16 10:35:00,10,1,MARKUP,2,C,51776.4742,51721.801260720116,51913.156548199695,54.672939279880666,15.297478559758959,0,1,1,0,0,1,True,53479,1.75
53480,2026-06-16 11:40:00,11,1,MARKUP,2,C,51777.1427,51719.48777810088,51921.28000474778,57.654921899113106,19.924443798226587,1,0,1,0,0,1,True,53482,1.75
53525,2026-06-16 15:25:00,15,1,MARKUP,2,C,51833.442500000005,51811.12055671803,51889.24735820494,22.32194328197511,18.8588865639405,0,1,1,0,0,1,True,53526,1.75
53537,2026-06-16 16:25:00,16,1,MARKUP,2,C,51824.568,51736.928359381076,52043.66710154731,87.6396406189233,23.24328123785652,0,1,1,0,0,1,False,-1,
53549,2026-06-16 17:25:00,17,1,MARKUP,1,C,51902.9544,51722.13562162481,52355.001345937984,180.81877837519278,52.828756750380386,0,1,0,0,0,1,False,-1,
53561,2026-06-16 18:25:00,18,1,MARKUP,2,C,51916.2414,51745.332517766015,52343.51360558496,170.9088822339836,49.43496446798045,0,1,1,0,0,1,False,-1,
53573,2026-06-16 19:25:00,19,1,MARKUP,1,C,51954.0034,51752.211968890086,52458.48197777479,201.79143110991572,41.67606221983557,0,1,0,0,0,1,False,-1,
53585,2026-06-16 20:25:00,20,1,MARKUP,2,C,51991.8304,51813.37356758781,52437.97248103046,178.4568324121865,34.35286482438371,0,1,1,0,0,1,False,-1,
53743,2026-06-17 10:35:00,10,-1,MARKDOWN,1,C,52132.1437,52173.631206642734,52028.424933393166,41.48750664273393,18.302413285462123,0,1,0,0,0,1,False,-1,
53755,2026-06-17 11:35:00,11,-1,MARKDOWN,2,C,52107.982200000006,52175.70287973728,51938.68050065683,67.72067973727098,22.445759474545955,0,1,1,0,0,1,True,53766,0.7674534547455227
53772,2026-06-17 13:00:00,13,-1,MARKDOWN,2,C,52102.9455,52166.39698812215,51944.316779694636,63.451488122147566,20.133976244297813,0,1,1,0,0,1,True,53782,0.7680157654079058
53790,2026-06-17 14:30:00,14,-1,MARKDOWN,1,C,52102.9455,52166.480287283135,51944.10853179217,63.53478728313348,20.300574566265933,0,0,1,0,0,1,True,53814,-1.0
53802,2026-06-17 15:30:00,15,-1,MARKDOWN,2,C,52078.071,52126.87751242766,51956.05471893087,48.806512427654525,21.59502485530846,0,1,0,0,1,1,True,53806,-1.0
53818,2026-06-17 16:50:00,16,1,MARKUP,2,C,52119.7381,52008.99418075114,52396.597898122156,110.74391924886004,38.47163849771651,0,1,1,0,0,1,True,53829,1.1490417462823608
53830,2026-06-17 17:50:00,17,1,MARKUP,1,C,52152.4946,51999.40613338764,52535.2157665309,153.0884666123602,57.64773322472664,0,1,0,0,0,1,True,53834,0.8625300975805448
53842,2026-06-17 18:50:00,18,1,MARKUP,1,C,52152.4946,52002.682818933936,52527.024052665154,149.8117810660624,51.0943621321296,0,1,0,0,0,1,False,-1,
53854,2026-06-17 19:50:00,19,1,MARKUP,2,C,52152.4946,52009.09931881755,52510.98280295612,143.39528118244925,38.2613623649075,0,1,1,0,0,1,True,53868,-1.0
53867,2026-06-17 20:55:00,20,1,MARKUP,1,C,52155.337400000004,52014.87608340369,52506.49069149079,140.46131659631646,35.9078331926248,0,0,1,0,0,1,True,53868,-1.0
53997,2026-06-18 08:45:00,8,-1,MARKDOWN,2,C,51857.2135,51893.44000878094,51766.647228047645,36.22650878094282,14.58001756188097,0,1,1,0,0,1,True,54010,0.5
54014,2026-06-18 10:10:00,10,-1,MARKDOWN,2,C,51844.9347,51892.31157384108,51726.4925153973,47.37687384107994,22.82314768214642,0,1,1,0,0,1,True,54016,-1.0
54034,2026-06-18 11:50:00,11,-1,MARKDOWN,3,B,51861.764,51921.88403836091,51711.46390409773,60.12003836091026,26.26807672181968,0,1,1,1,0,1,True,54044,1.75
54054,2026-06-18 13:30:00,13,-1,MARKDOWN,3,B,51852.978,51922.25411899936,51679.78770250162,69.27611899935437,27.00823799871826,0,1,1,1,0,1,False,-1,
54066,2026-06-18 14:30:00,14,-1,MARKDOWN,1,C,51810.576,51924.59180354178,51525.536491145554,114.01580354177713,31.68360708354919,0,1,0,0,0,1,True,54077,-1.0
54078,2026-06-18 15:30:00,15,-1,MARKDOWN,1,C,51803.318,51924.86731362673,51499.44471593317,121.54931362673233,32.234627253462065,1,0,0,0,0,1,True,54079,-1.0
54098,2026-06-18 17:10:00,17,-1,MARKDOWN,2,C,51792.0395,51922.73130057587,51465.30999856032,130.69180057587073,64.46260115174007,0,1,1,0,0,1,True,54100,0.6773064040719565
54110,2026-06-18 18:10:00,18,-1,MARKDOWN,3,B,51862.1859,52035.68649852973,51428.43440367567,173.5005985297321,62.37299705946195,0,1,1,0,1,1,False,-1,
54122,2026-06-18 19:10:00,19,-1,MARKDOWN,1,C,51862.1859,52031.675550009204,51438.46177497698,169.48965000920725,54.351100018414805,0,1,0,0,0,1,False,-1,
54134,2026-06-18 20:10:00,20,-1,MARKDOWN,0,C,51862.1859,52026.371430982115,51451.7220725447,164.1855309821185,43.74286196423375,0,0,0,0,0,1,False,-1,
54264,2026-06-19 08:00:00,8,-1,MARKDOWN,1,C,51559.1745,51648.68005463334,51335.41061341665,89.50555463333876,18.380109266678012,0,1,0,0,0,1,False,-1,
54276,2026-06-19 09:00:00,9,-1,MARKDOWN,0,C,51538.3705,51617.96098902792,51339.3942774302,79.59048902791983,19.941978055840064,0,0,0,0,0,1,True,54288,-1.0
54324,2026-06-19 13:00:00,13,1,MARKUP,0,C,51506.2847,51415.21185561374,51733.966810965634,91.07284438625356,21.056288772508054,0,0,0,0,0,1,True,54330,0.6254764700543987
54340,2026-06-19 14:20:00,14,-1,MARKDOWN,2,C,51484.2115,51508.710827880626,51422.96318029842,24.499327880628698,24.74165576126176,0,1,1,0,0,1,True,54342,-1.0
54352,2026-06-19 15:20:00,15,-1,MARKDOWN,2,C,51568.594,51647.91105157724,51370.30137105689,79.31705157724355,22.642103154491696,0,1,1,0,0,1,True,54358,0.5
54384,2026-06-19 18:00:00,18,1,MARKUP,2,C,51499.824499999995,51413.42383333868,51715.82616665328,86.40066666131315,27.83233332262732,0,1,1,0,0,1,True,54408,-1.0
54396,2026-06-19 19:00:00,19,1,MARKUP,1,C,51499.824499999995,51414.7176532925,51712.59161676873,85.1068467074947,25.24469341499048,0,1,0,0,0,1,True,54408,-1.0
54492,2026-06-22 08:00:00,8,-1,MARKDOWN,3,B,51491.388999999996,51520.38429728329,51418.90075679175,28.995297283297987,15.588594566597706,1,1,0,0,1,1,True,54493,-1.0
54508,2026-06-22 09:20:00,9,1,MARKUP,3,B,51596.718499999995,51575.31729196608,51650.221520084786,21.40120803391619,18.545416067828153,0,1,1,0,1,1,True,54510,1.75
54520,2026-06-22 10:20:00,10,1,MARKUP,1,C,51535.3542,51451.396379113925,51745.24875221519,83.95782088607666,20.387241772138747,0,1,0,0,0,1,False,-1,
54532,2026-06-22 11:20:00,11,1,MARKUP,1,C,51535.3542,51449.54752165123,51749.870895871936,85.80667834877386,24.084956697536352,0,0,1,0,0,1,False,-1,
54552,2026-06-22 13:00:00,13,1,MARKUP,2,C,51562.1657,51472.31711547169,51786.78716132077,89.84858452830667,22.045769056616,0,1,1,0,0,1,False,-1,
54564,2026-06-22 14:00:00,14,1,MARKUP,2,C,51605.951,51542.947057580954,51763.46085604762,63.003942419047235,22.48588483809714,0,1,1,0,0,1,False,-1,
54576,2026-06-22 15:00:00,15,1,MARKUP,2,C,51639.450000000004,51558.42439880931,51842.01400297675,81.02560119069676,24.531202381392376,0,1,1,0,0,1,False,-1,
54588,2026-06-22 16:00:00,16,1,MARKUP,2,C,51649.4775,51556.549410401516,51881.79772399621,92.9280895984848,28.281179196973444,0,1,1,0,0,1,False,-1,
54600,2026-06-22 17:00:00,17,1,MARKUP,1,C,51743.581900000005,51587.846506941416,52132.92038264648,155.73539305858867,55.18698611716843,0,1,0,0,0,1,True,54606,0.281683560418979
54612,2026-06-22 18:00:00,18,1,MARKUP,3,B,51755.1944,51599.65664320436,52144.03879198909,155.53775679563842,59.56671359127691,1,0,1,0,1,1,True,54613,0.42597759775493116
54626,2026-06-22 19:10:00,19,1,MARKUP,2,C,51762.4559,51613.553599766274,52134.711650584315,148.90230023372715,55.27280046746406,0,0,1,0,1,1,True,54637,0.884750433102582
54768,2026-06-23 08:00:00,8,-1,MARKDOWN,1,C,51813.445,51930.25626107336,51521.41684731661,116.81126107335876,21.612522146717165,0,1,0,0,0,1,False,-1,
54780,2026-06-23 09:00:00,9,-1,MARKDOWN,1,C,51784.0755,51924.58957050368,51432.79032374079,140.5140705036829,25.27914100736411,0,1,0,0,0,1,False,-1,
54792,2026-06-23 10:00:00,10,-1,MARKDOWN,2,C,51707.1762,51860.69361310636,51323.382667234095,153.51741310636135,27.487226212731226,0,1,1,0,0,1,False,-1,
54804,2026-06-23 11:00:00,11,-1,MARKDOWN,2,C,51619.8997,51804.09526890127,51159.41077774683,184.19556890126842,34.79053780254381,0,1,1,0,0,1,False,-1,
54870,2026-06-23 16:30:00,16,-1,MARKDOWN,3,B,51540.296500000004,51645.87410524951,51276.35248687624,105.57760524950572,43.648210499018646,0,1,1,1,0,1,True,54872,0.5
54882,2026-06-23 17:30:00,17,1,MARKUP,2,C,51548.525,51316.19207306571,52129.357317335736,232.33292693429394,73.11585386858432,0,1,0,0,1,1,False,-1,
54894,2026-06-23 18:30:00,18,1,MARKUP,3,B,51548.525,51322.725875975004,52113.022810062495,225.79912402499758,60.04824804998842,0,1,1,0,1,1,False,-1,
54906,2026-06-23 19:30:00,19,1,MARKUP,2,C,51559.985,51328.221889251225,52139.392776871944,231.76311074877594,49.05622149754818,0,1,1,0,0,1,False,-1,
54918,2026-06-23 20:30:00,20,1,MARKUP,1,C,51577.2705,51332.68721639829,52188.72870900427,244.58328360170708,40.125567203420836,0,1,0,0,0,1,False,-1,
55044,2026-06-24 08:00:00,8,-1,MARKDOWN,3,B,51737.719000000005,51805.10701898298,51569.24895254258,67.38801898297243,23.614037965944117,0,1,1,0,1,1,False,-1,
55056,2026-06-24 09:00:00,9,-1,MARKDOWN,2,C,51710.9905,51760.88275379323,51586.25986551693,49.89225379323034,21.66550758645679,0,1,1,0,0,1,False,-1,
55068,2026-06-24 10:00:00,10,-1,MARKDOWN,2,C,51708.8352,51764.50022523802,51569.67263690495,55.66502523802046,22.400450476042963,0,1,1,0,0,1,False,-1,
55080,2026-06-24 11:00:00,11,-1,MARKDOWN,2,C,51704.8242,51767.92169820358,51547.080454491064,63.09749820357683,29.243396407152233,1,0,0,0,1,1,True,55094,0.6744301543574444
55104,2026-06-24 13:00:00,13,-1,MARKDOWN,2,C,51686.129700000005,51736.19955590731,51560.95506023174,50.06985590730619,26.299111814622204,0,1,1,0,0,1,True,55107,-1.0
55124,2026-06-24 14:40:00,14,1,MARKUP,3,B,51688.5705,51613.17062309782,51877.07019225544,75.39987690217822,26.45875380435265,0,1,1,1,0,1,True,55141,-1.0
55136,2026-06-24 15:40:00,15,1,MARKUP,1,C,51710.884,51613.79866673218,51953.59733316954,97.08533326781617,32.202666535639906,1,0,0,0,0,1,True,55138,-1.0
55148,2026-06-24 16:40:00,16,1,MARKUP,2,C,51710.884,51604.75679529223,51976.20201176941,106.12720470776549,50.28640941554076,0,1,0,1,0,1,False,-1,
55160,2026-06-24 17:40:00,17,1,MARKUP,2,C,51760.8574,51566.8432901293,52245.892674676754,194.01410987070267,66.6134197414105,0,1,1,0,0,1,False,-1,
55172,2026-06-24 18:40:00,18,1,MARKUP,1,C,51883.0019,51568.955933120254,52668.11681719938,314.04596687974845,62.38813375948918,0,1,0,0,0,1,True,55193,0.18987061223055504
55184,2026-06-24 19:40:00,19,1,MARKUP,1,C,51883.0019,51573.86712452866,52655.83883867836,309.13477547134244,52.56575094267496,0,1,0,0,0,1,True,55193,0.19288706652002702
55320,2026-06-25 08:00:00,8,-1,MARKDOWN,2,C,51956.727999999996,52008.24796745737,51827.92808135656,51.51996745737415,18.23593491475049,0,1,0,1,0,1,True,55332,-1.0
55338,2026-06-25 09:30:00,9,1,MARKUP,2,C,51942.4122,51878.42594680498,52102.37783298755,63.986253195020254,19.40810639003084,0,1,1,0,0,1,False,-1,
55350,2026-06-25 10:30:00,10,1,MARKUP,1,C,51944.7042,51878.640027419286,52109.86463145178,66.06417258071451,18.979945161423625,0,1,0,0,0,1,False,-1,
55362,2026-06-25 11:30:00,11,1,MARKUP,1,C,51944.7042,51878.72326652168,52109.6565336958,65.98093347832037,18.813466956641644,0,0,1,0,0,1,False,-1,
55380,2026-06-25 13:00:00,13,1,MARKUP,3,B,51981.0467,51909.74351412382,52159.304664690455,71.3031858761824,22.772971752354962,0,1,1,1,0,1,False,-1,
55392,2026-06-25 14:00:00,14,1,MARKUP,2,C,52013.956000000006,51927.688383041095,52229.62504239728,86.26761695891037,25.083233917812322,0,1,0,0,1,1,True,55403,1.75
55405,2026-06-25 15:05:00,15,1,MARKUP,2,C,52029.406,51953.22841897625,52219.84995255938,76.17758102375228,24.00316204750476,1,0,1,0,0,1,True,55406,1.75
55417,2026-06-25 16:05:00,16,1,MARKUP,3,B,52030.2655,51948.960223390364,52233.528691524094,81.30527660963708,32.53955321928466,0,1,1,1,0,1,False,-1,
55429,2026-06-25 17:05:00,17,1,MARKUP,3,B,52168.4744,51929.59588173286,52765.67069566785,238.87851826714177,77.26823653429776,0,1,1,1,1,1,False,-1,
55441,2026-06-25 18:05:00,18,1,MARKUP,1,C,52279.176400000004,51934.33248822043,53141.28617944893,344.8439117795715,89.79502355914647,0,1,0,0,0,1,True,55457,-0.6059448720485756
55453,2026-06-25 19:05:00,19,1,MARKUP,2,C,52279.176400000004,51937.3216009769,53133.81339755776,341.8547990231018,83.816798046205,1,0,1,0,0,1,True,55457,-0.61124313772141
55596,2026-06-26 08:00:00,8,-1,MARKDOWN,1,C,52040.555,52160.11136178288,51741.6640955428,119.55636178288114,23.28272356576484,0,1,0,0,0,1,True,55617,0.7526715002593429
55608,2026-06-26 09:00:00,9,-1,MARKDOWN,0,C,52025.0075,52150.60842362955,51711.005190926124,125.60092362955038,26.776847259098403,0,0,0,0,0,1,True,55616,1.2008535296160816
55633,2026-06-26 11:05:00,11,1,MARKUP,1,C,51954.5747,51827.599491088775,52272.01272227806,126.97520891122258,31.74101782244875,0,1,0,0,0,1,True,55644,-1.0
55670,2026-06-26 14:10:00,14,-1,MARKDOWN,0,C,52049.898,52149.63576182498,51800.55359543755,99.73776182498113,30.63152364996679,0,0,0,0,0,1,True,55682,1.75
55684,2026-06-26 15:20:00,15,-1,MARKDOWN,2,C,52049.898,52152.91268013125,51792.36129967187,103.01468013125123,37.18536026250164,0,1,1,0,0,1,True,55708,0.5
55696,2026-06-26 16:20:00,16,-1,MARKDOWN,2,C,51999.0635,52148.57244055983,51625.291148600416,149.50894055983372,42.50488111965606,0,1,1,0,0,1,True,55706,-1.0
55723,2026-06-26 18:35:00,18,1,MARKUP,2,C,51880.657499999994,51652.50071598521,52451.04946003696,228.15678401478363,69.5385680295765,0,1,1,0,0,1,False,-1,
55735,2026-06-26 19:35:00,19,1,MARKUP,1,C,51891.3535,51654.107690260025,52484.46802434993,237.24580973997217,66.32461947994099,0,0,1,0,0,1,False,-1,
55747,2026-06-26 20:35:00,20,1,MARKUP,0,C,51891.3535,51658.64944737792,52473.1136315552,232.70405262208078,57.24110524415907,0,0,0,0,0,1,True,55771,0.9236496696869652
55872,2026-06-29 08:00:00,8,1,MARKUP,1,C,52007.876,51943.64665477322,52168.44936306694,64.22934522677679,19.206690453555094,0,1,0,0,0,1,True,55896,1.0150295502559796
55884,2026-06-29 09:00:00,9,1,MARKUP,1,C,52023.0605,51942.07494013515,52225.52439966213,80.98555986485007,22.350119729698243,0,1,0,0,0,1,True,55896,0.8147198195322198
55900,2026-06-29 10:20:00,10,1,MARKUP,2,C,52054.424,51992.34072116373,52209.63219709067,62.08327883626771,23.318557672532663,0,1,1,0,0,1,True,55920,0.6167550256346231
55912,2026-06-29 11:20:00,11,1,MARKUP,2,C,52054.059499999996,51972.06496373714,52259.04584065714,81.99453626285685,28.57007252572365,0,1,0,1,0,1,True,55920,0.9372668362483733
55932,2026-06-29 13:00:00,13,1,MARKUP,1,C,52054.059499999996,51973.984120067435,52254.2479498314,80.07537993256119,24.73175986513234,1,0,0,0,0,1,True,55933,0.7204682089213105
55944,2026-06-29 14:00:00,14,1,MARKUP,2,C,52057.210999999996,51973.40549430754,52266.72476423114,83.80550569245679,25.889011384920767,0,1,1,0,0,1,False,-1,
55956,2026-06-29 15:00:00,15,1,MARKUP,1,C,52071.371,51985.179650890575,52286.84937277356,86.19134910942375,26.840698218846878,0,1,0,0,0,1,False,-1,
55968,2026-06-29 16:00:00,16,1,MARKUP,2,C,52091.765,52017.9906087495,52276.20097812626,73.77439125050296,27.218782501004153,0,1,1,0,0,1,True,55974,2.5
55980,2026-06-29 17:00:00,17,1,MARKUP,2,C,52164.9944,51996.497455866134,52586.23676033468,168.49694413386896,70.20508826772817,0,1,0,0,1,1,True,55981,0.6531938484860649
55992,2026-06-29 18:00:00,18,1,MARKUP,1,C,52163.05850000001,51978.505764050155,52624.440339874636,184.55273594985192,85.08847189969218,0,1,0,0,0,1,True,55994,0.8061788599582113
56017,2026-06-29 20:05:00,20,1,MARKUP,2,C,52163.05850000001,51999.17129010798,52572.77652473007,163.88720989202557,43.757419784050846,0,1,1,0,0,1,False,-1,
56148,2026-06-30 08:00:00,8,1,MARKUP,2,C,52218.1955,52157.94250615954,52368.82798460116,60.252993840462295,13.354987680928916,0,1,1,0,0,1,False,-1,
56160,2026-06-30 09:00:00,9,1,MARKUP,2,C,52232.873,52181.73121641337,52360.727458966576,51.14178358663048,13.277567173265703,0,1,1,0,0,1,False,-1,
56172,2026-06-30 10:00:00,10,1,MARKUP,2,C,52246.908200000005,52190.114037872074,52388.893605319834,56.794162127931486,18.011924255860446,0,1,1,0,0,1,True,56192,1.75
56184,2026-06-30 11:00:00,11,1,MARKUP,2,C,52258.495200000005,52199.480590273786,52406.03172431555,59.01460972621862,19.778819452427392,0,1,1,0,0,1,True,56187,1.1771101379139428
56208,2026-06-30 13:00:00,13,1,MARKUP,1,C,52301.003000000004,52229.961127209805,52478.6076819755,71.0418727901997,22.517745580399172,0,1,0,0,0,1,True,56232,-1.0
56220,2026-06-30 14:00:00,14,1,MARKUP,2,C,52301.003000000004,52228.22072784698,52482.958680382566,72.78227215302468,25.998544306046927,0,1,1,0,0,1,True,56232,-1.0
56245,2026-06-30 16:05:00,16,-1,MARKDOWN,2,C,52327.0115,52425.75033153758,52080.16442115605,98.73883153757924,28.06066307515926,0,1,1,0,0,1,True,56249,0.5
56257,2026-06-30 17:05:00,17,-1,MARKDOWN,3,B,52286.0229,52446.837560777894,51883.98624805528,160.81466077789082,70.235121555784,1,0,1,0,1,1,True,56258,-1.0
56269,2026-06-30 18:05:00,18,1,MARKUP,2,C,52215.797,52048.99735841063,52632.79610397343,166.7996415893722,67.34528317873833,0,1,1,0,0,1,False,-1,
56281,2026-06-30 19:05:00,19,1,MARKUP,2,C,52215.797,52055.45500587004,52616.65198532489,160.34199412995804,54.42998825991848,0,1,1,0,0,1,False,-1,
56293,2026-06-30 20:05:00,20,1,MARKUP,1,C,52227.161499999995,52063.54625720372,52636.199606990675,163.61524279627338,38.24748559255853,0,1,0,0,0,1,False,-1,
56424,2026-07-01 08:00:00,8,-1,MARKDOWN,1,C,52268.966,52338.32393846372,52095.571153840705,69.35793846371962,14.947876927441772,0,0,1,0,0,1,False,-1,
56436,2026-07-01 09:00:00,9,-1,MARKDOWN,2,C,52240.383499999996,52292.215985617135,52110.80228595715,51.832485617138445,15.231971234274814,0,1,1,0,0,1,False,-1,
56449,2026-07-01 10:05:00,10,-1,MARKDOWN,2,C,52205.621,52237.45835102796,52126.02762243009,31.83735102796345,18.216702055925392,0,1,1,0,0,1,True,56459,-1.0
56492,2026-07-01 13:40:00,13,1,MARKUP,1,C,52186.721999999994,52120.76687590656,52351.60981023359,65.95512409343792,20.366248186885358,0,1,0,0,0,1,True,56508,0.9933356671379304
56504,2026-07-01 14:40:00,14,1,MARKUP,0,C,52191.687999999995,52120.60751731574,52369.389206710635,71.08048268425773,20.68496536851482,0,0,0,0,0,1,True,56508,0.9228307688807708
56516,2026-07-01 15:40:00,15,-1,MARKDOWN,1,C,52242.6775,52303.95357906334,52089.487302341644,61.27607906334015,28.007158126675833,0,1,0,0,0,1,True,56518,-1.0
56528,2026-07-01 16:40:00,16,-1,MARKDOWN,2,C,52249.9284,52379.494233798774,51926.01381550306,129.56583379877702,57.58846759755694,0,1,0,0,1,1,True,56529,-1.0
56540,2026-07-01 17:40:00,17,1,MARKUP,1,C,52248.1995,52055.98908557662,52728.72553605845,192.21041442338174,61.821828846764994,0,1,0,0,0,1,False,-1,
56552,2026-07-01 18:40:00,18,1,MARKUP,2,C,52302.4435,52059.7457048447,52909.18798788825,242.69779515529808,54.30859031059833,0,1,1,0,0,1,False,-1,
56564,2026-07-01 19:40:00,19,1,MARKUP,1,C,52362.9905,52064.15767679422,53110.07255801446,298.8328232057829,45.48464641157326,0,1,0,0,0,1,False,-1,
56576,2026-07-01 20:40:00,20,1,MARKUP,0,C,52362.9905,52065.60464445953,53106.45513885118,297.38585554047313,42.590711080944395,0,0,0,0,0,1,False,-1,
56700,2026-07-02 08:00:00,8,1,MARKUP,1,C,52332.0945,52259.38839382025,52513.85976544938,72.70610617975035,11.903212359498315,0,0,1,0,0,1,True,56714,-1.0
56717,2026-07-02 09:25:00,9,-1,MARKDOWN,2,C,52397.2487,52446.76962031322,52273.44639921693,49.52092031322536,13.359240626448477,0,1,1,0,0,1,True,56741,-1.0
56729,2026-07-02 10:25:00,10,-1,MARKDOWN,2,C,52369.5537,52449.73381688218,52169.10340779454,80.18011688218394,19.287633764374046,0,1,1,0,0,1,True,56740,-1.0
56760,2026-07-02 13:00:00,13,1,MARKUP,1,C,52320.2845,52246.30928827883,52505.22252930292,73.97521172116831,18.261423442331363,0,1,0,0,0,1,False,-1,
56772,2026-07-02 14:00:00,14,1,MARKUP,2,C,52341.772000000004,52246.12241622377,52580.89595944059,95.64958377623407,18.635167552468406,0,1,1,0,0,1,False,-1,
56784,2026-07-02 15:00:00,15,1,MARKUP,1,C,52344.064000000006,52245.11065560567,52591.44736098585,98.95334439433645,20.658688788665263,0,1,0,0,0,1,False,-1,
56796,2026-07-02 16:00:00,16,1,MARKUP,2,C,52454.798,52313.298761948405,52808.546095129,141.49923805159779,39.28247610319718,0,1,0,0,1,1,False,-1,
56808,2026-07-02 17:00:00,17,1,MARKUP,2,C,52545.8234,52333.8518690607,53075.75222734825,211.97153093929956,69.67626187859587,0,1,0,0,1,1,False,-1,
56820,2026-07-02 18:00:00,18,1,MARKUP,1,C,52562.2139,52344.95069570588,53105.37191073532,217.2632042941259,81.97860858824494,0,1,0,0,0,1,True,56844,1.3035941942342921
56832,2026-07-02 19:00:00,19,1,MARKUP,1,C,52581.062900000004,52377.365015744224,53090.30761063946,203.69788425578008,78.14996851155763,0,0,1,0,0,1,True,56844,1.3108427350384264
57023,2026-07-03 11:55:00,11,-1,MARKDOWN,1,C,52971.695,53065.90888442038,52736.160288949046,94.21388442038005,18.437768840750646,0,1,0,0,0,1,False,-1,
57036,2026-07-03 13:00:00,13,-1,MARKDOWN,2,C,52964.628000000004,53065.62142679274,52712.144433018155,100.99342679273832,17.862853585475463,0,1,1,0,0,1,False,-1,
57048,2026-07-03 14:00:00,14,-1,MARKDOWN,2,C,52961.954000000005,53065.33733100311,52703.495672492245,103.3833310031041,17.294662006206917,0,1,1,0,0,1,False,-1,
57060,2026-07-03 15:00:00,15,-1,MARKDOWN,1,C,52953.168000000005,53064.51905924829,52674.79035187929,111.35105924828531,15.65811849658143,0,1,0,0,0,1,False,-1,
57072,2026-07-03 16:00:00,16,-1,MARKDOWN,1,C,52876.845,52941.38099856751,52715.50500358123,64.53599856750952,16.381997135021862,0,0,1,0,0,1,True,57087,-1.0
57205,2026-07-06 08:00:00,8,-1,MARKDOWN,1,C,52956.992000000006,53020.45449536395,52798.33576159015,63.46249536394316,13.088990727891066,0,0,1,0,0,1,False,-1,
57219,2026-07-06 09:10:00,9,-1,MARKDOWN,2,C,52942.469000000005,52998.452055356196,52802.511361609526,55.98305535619147,16.084110712391187,0,1,1,0,0,1,True,57230,-1.0
57231,2026-07-06 10:10:00,10,1,MARKUP,2,C,52898.3732,52857.44386676334,53000.696533091665,40.929333236665116,14.93226647333412,0,1,1,0,0,1,False,-1,
57243,2026-07-06 11:10:00,11,1,MARKUP,1,C,52927.787200000006,52855.15248369986,53109.37399075038,72.63471630014828,19.515032600298575,0,1,0,0,0,1,True,57255,-1.0
57280,2026-07-06 14:15:00,14,-1,MARKDOWN,1,C,52970.3955,53039.49454791641,52797.64788020897,69.0990479164102,19.969095832820322,0,1,0,0,0,1,False,-1,
57292,2026-07-06 15:15:00,15,-1,MARKDOWN,1,C,52948.335,53041.24126029675,52716.06934925812,92.90626029675332,23.46252059350691,0,1,0,0,0,1,True,57306,0.5
57304,2026-07-06 16:15:00,16,-1,MARKDOWN,2,C,52928.998,53023.790095801894,52692.01776049526,94.7920958018949,24.560191603782158,0,1,1,0,0,1,True,57306,0.5
57316,2026-07-06 17:15:00,17,-1,MARKDOWN,1,C,52940.6745,53133.84677658507,52457.74380853732,193.1722765850718,65.27355317014555,0,1,0,0,0,1,True,57327,-1.0
57333,2026-07-06 18:40:00,18,-1,MARKDOWN,1,C,52940.6745,53126.627755261914,52475.791361845215,185.953255261913,50.83551052383431,1,0,0,0,0,1,True,57346,-1.0
57348,2026-07-06 19:55:00,19,1,MARKUP,3,B,52912.2874,52778.17115659931,53247.57800850173,134.11624340069102,34.677686801379295,1,1,0,0,1,1,True,57357,0.8653599159220926
57360,2026-07-06 20:55:00,20,1,MARKUP,3,B,52912.2874,52779.55788290432,53244.1111927392,132.7295170956786,31.904234191359325,1,1,1,0,0,1,False,-1,
57508,2026-07-07 10:15:00,10,1,MARKUP,3,B,53145.00750000001,53122.33597836161,53201.686304096,22.67152163839637,17.648043276785717,0,1,1,1,0,1,True,57517,0.5
57520,2026-07-07 11:15:00,11,1,MARKUP,2,C,53123.391500000005,53056.211896902234,53291.34050774443,67.17960309777118,21.096206195531707,0,1,1,0,0,1,False,-1,
57541,2026-07-07 13:00:00,13,1,MARKUP,2,C,53134.756,53057.516409679396,53327.854975801514,77.2395903206052,18.48718064121735,0,1,1,0,0,1,False,-1,
57554,2026-07-07 14:05:00,14,1,MARKUP,2,C,53134.756,53056.333271464595,53330.81282133852,78.42272853540635,20.853457070810883,0,1,1,0,0,1,False,-1,
57566,2026-07-07 15:05:00,15,1,MARKUP,2,C,53186.959,53120.08387376717,53354.14681558208,66.87512623282964,23.35225246566008,0,1,1,0,0,1,True,57584,-1.0
57578,2026-07-07 16:05:00,16,1,MARKUP,1,C,53215.907,53121.351110004565,53452.296724988584,94.55588999543397,29.817779990875085,0,1,0,0,0,1,True,57584,-1.0
57596,2026-07-07 17:35:00,17,-1,MARKDOWN,2,C,53214.6129,53408.43789331751,52730.050416706224,193.82499331751023,59.855786635023314,0,1,1,0,0,1,False,-1,
57608,2026-07-07 18:35:00,18,-1,MARKDOWN,2,C,53159.1274,53405.123522571914,52544.13709357021,245.9961225719162,53.227045143816795,0,1,1,0,0,1,False,-1,
57620,2026-07-07 19:35:00,19,-1,MARKDOWN,1,C,53159.1274,53400.869192051105,52554.77291987223,241.74179205110704,44.718384102212305,0,1,0,0,0,1,False,-1,
57632,2026-07-07 20:35:00,20,-1,MARKDOWN,1,C,53159.1274,53396.77675013929,52565.004024651775,237.64935013929062,36.53350027857696,0,0,1,0,0,1,False,-1,
57761,2026-07-08 08:20:00,8,-1,MARKDOWN,2,C,52902.992,52945.98937740093,52795.49855649767,42.997377400934056,14.178754801867269,0,1,1,0,0,1,False,-1,
57773,2026-07-08 09:20:00,9,-1,MARKDOWN,1,C,52875.5107,52922.30558229669,52758.52349425826,46.794882296693686,16.31116459338027,0,1,0,0,0,1,False,-1,
57785,2026-07-08 10:20:00,10,-1,MARKDOWN,1,C,52829.1167,52915.11216384823,52614.12804037942,85.99546384823043,24.424327696459507,0,1,0,0,0,1,False,-1,
57797,2026-07-08 11:20:00,11,-1,MARKDOWN,2,C,52746.2227,52924.31624175957,52300.98884560108,178.09354175956832,42.8324835191294,0,1,1,0,0,1,False,-1,
57817,2026-07-08 13:00:00,13,-1,MARKDOWN,2,C,52629.998700000004,52916.741175420066,51913.14251144985,286.74247542006196,44.68235084012641,0,1,1,0,0,1,False,-1,
57829,2026-07-08 14:00:00,14,-1,MARKDOWN,1,C,52600.846,52867.221937587135,51934.90615603216,266.37593758713774,38.44387517427125,0,0,1,0,0,1,False,-1,
57872,2026-07-08 17:35:00,17,-1,MARKDOWN,2,C,52248.895,52314.481532141974,52084.92866964506,65.58653214197693,71.96306428394921,0,1,1,0,0,1,True,57873,1.75
57884,2026-07-08 18:35:00,18,-1,MARKDOWN,2,C,52367.7359,52579.88107533691,51837.37296165772,212.14517533691105,63.26215067381668,0,1,0,1,0,1,True,57905,-0.18574120263362803
57896,2026-07-08 19:35:00,19,-1,MARKDOWN,1,C,52367.7359,52574.5374291647,51850.73207708824,206.80152916470252,52.574858329408755,0,0,1,0,0,1,True,57905,-0.19054066069606873
58033,2026-07-09 08:00:00,8,1,MARKUP,1,C,52369.5215,52305.75604829337,52528.93512926658,63.76545170663303,14.26790341325379,0,1,0,0,0,1,False,-1,
58045,2026-07-09 09:00:00,9,1,MARKUP,1,C,52421.626,52364.46075905217,52564.53910236956,57.16524094782653,20.35848189566337,0,1,0,0,0,1,True,58059,-1.0
58057,2026-07-09 10:00:00,10,1,MARKUP,1,C,52422.244,52366.277217899806,52562.16095525048,55.966782100193086,18.725564200383484,0,0,1,0,0,1,True,58059,-1.0
58093,2026-07-09 13:00:00,13,-1,MARKDOWN,2,C,52425.0982,52509.7770449614,52213.40108759649,84.67884496140323,24.274089922809026,0,1,1,0,0,1,False,-1,
58105,2026-07-09 14:00:00,14,-1,MARKDOWN,1,C,52384.5655,52488.478541855344,52124.782895361626,103.91304185534682,28.477083710685243,0,1,0,0,0,1,True,58122,-1.0
58117,2026-07-09 15:00:00,15,-1,MARKDOWN,0,C,52384.5655,52488.57566254959,52124.54009362601,104.0101625495954,28.671325099194767,0,0,0,0,0,1,True,58122,-1.0
58142,2026-07-09 17:05:00,17,1,MARKUP,2,C,52333.7485,52212.91199370859,52635.839765728524,120.83650629140902,53.156012582810746,0,1,1,0,0,1,False,-1,
58154,2026-07-09 18:05:00,18,1,MARKUP,2,C,52349.9644,52212.772863546634,52692.943241133406,137.19153645336337,53.4342729067284,0,1,0,0,1,1,False,-1,
58166,2026-07-09 19:05:00,19,1,MARKUP,2,C,52389.3849,52241.982027011734,52757.89208247066,147.40287298826297,45.015945976532755,0,1,1,0,0,1,False,-1,
58178,2026-07-09 20:05:00,20,1,MARKUP,2,C,52407.843,52270.39366856817,52751.46632857958,137.44933143183152,33.09266286365914,0,1,1,0,0,1,False,-1,
58309,2026-07-10 08:00:00,8,-1,MARKDOWN,2,C,52483.892,52510.83629777819,52416.53125555453,26.94429777818732,8.812595556369265,0,1,1,0,0,1,True,58319,-1.0
58323,2026-07-10 09:10:00,9,1,MARKUP,2,C,52491.0162,52440.4133904102,52617.523223974495,50.60280958980002,14.033219179598818,0,1,0,1,1,1,False,-1,
58335,2026-07-10 10:10:00,10,1,MARKUP,3,B,52496.1732,52438.50349797724,52640.34745505689,57.66970202275843,17.853004045527324,0,1,1,1,0,1,False,-1,
58347,2026-07-10 11:10:00,11,1,MARKUP,2,C,52510.4982,52436.157840342705,52696.34909914325,74.34035965729709,22.54431931459451,0,1,1,0,0,1,False,-1,
58369,2026-07-10 13:00:00,13,1,MARKUP,2,C,52511.7342,52438.69808882331,52694.32447794173,73.03611117669061,21.463822353382092,0,1,1,0,0,1,False,-1,
58381,2026-07-10 14:00:00,14,1,MARKUP,1,C,52557.645,52496.89175310475,52709.52811723812,60.753246895248594,20.276493790496502,0,1,0,0,0,1,True,58388,0.8062290233311332
58394,2026-07-10 15:05:00,15,1,MARKUP,3,B,52561.044,52501.28085663861,52710.45185840348,59.763143361393304,22.49828672277525,1,0,1,0,1,1,True,58411,0.5
58406,2026-07-10 16:05:00,16,1,MARKUP,3,B,52582.436,52498.47616840505,52792.335578987375,83.9598315949479,28.10766318989688,0,1,1,1,1,1,True,58411,-1.0
58432,2026-07-10 18:15:00,18,1,MARKUP,2,C,52592.4785,52496.825982784176,52831.60979303955,95.65251721582172,63.908034431641845,0,1,1,0,0,1,True,58433,0.9961751006083568
58449,2026-07-10 19:40:00,19,1,MARKUP,3,B,52592.4785,52506.62816631033,52807.10433422417,85.85033368966833,44.30366737933811,0,1,1,1,1,1,False,-1,
58461,2026-07-10 20:40:00,20,1,MARKUP,3,B,52643.655,52604.666497419945,52741.12625645014,38.988502580054046,30.227005160105765,1,1,0,0,1,1,True,58465,1.0609896740223026
58585,2026-07-13 08:00:00,8,-1,MARKDOWN,2,C,52539.502499999995,52611.43987943426,52359.659051414324,71.93737943426822,13.039758868523885,0,1,1,0,0,1,True,58601,-1.0
58616,2026-07-13 10:35:00,10,1,MARKUP,2,C,52508.6607,52403.9785812964,52770.36599675901,104.68211870360392,26.882837407198142,0,1,1,0,0,1,False,-1,
58628,2026-07-13 11:35:00,11,1,MARKUP,2,C,52527.9517,52404.58215390307,52836.37556524231,123.36954609692475,25.675692193847517,0,1,1,0,0,1,False,-1,
58645,2026-07-13 13:00:00,13,1,MARKUP,0,C,52542.6587,52406.23538904552,52883.7169773862,136.42331095448026,22.36922190895299,0,0,0,0,0,1,False,-1,
58658,2026-07-13 14:05:00,14,1,MARKUP,1,C,52580.263999999996,52468.3554844437,52860.03528889073,111.90851555629342,19.82903111258555,0,0,1,0,0,1,True,58671,1.1525608641780596
58687,2026-07-13 16:30:00,16,1,MARKUP,2,C,52670.354,52552.8027450802,52964.23213729951,117.55125491980289,34.93450983960702,0,1,1,0,0,1,True,58696,-1.0
58714,2026-07-13 18:45:00,18,-1,MARKDOWN,1,C,52743.666000000005,52900.75242673816,52350.94993315462,157.08642673815484,49.0648534763157,0,1,0,0,0,1,False,-1,
58726,2026-07-13 19:45:00,19,-1,MARKDOWN,1,C,52681.4,52900.835967282466,52132.81008179384,219.43596728246484,49.231934564925254,0,1,0,0,0,1,False,-1,
58738,2026-07-13 20:45:00,20,-1,MARKDOWN,1,C,52681.4,52896.094912939596,52144.662717651016,214.69491293959436,39.749825879183376,0,0,1,0,0,1,False,-1,
58878,2026-07-14 09:25:00,9,1,MARKUP,1,C,52398.089,52317.98057756298,52598.360056092555,80.10842243702064,19.258844874039248,0,1,0,0,0,1,True,58885,0.5
58893,2026-07-14 10:40:00,10,-1,MARKDOWN,3,B,52366.544,52403.97183253085,52272.97441867288,37.42783253084781,26.723665061701137,0,1,1,0,1,1,True,58894,-1.0
58906,2026-07-14 11:45:00,11,-1,MARKDOWN,2,C,52356.209,52381.85265695782,52292.09985760547,25.643656957814528,27.98531391563265,0,1,1,0,0,1,True,58907,0.5
58923,2026-07-14 13:10:00,13,-1,MARKDOWN,1,C,52441.7647,52526.80795348203,52229.15656629493,85.04325348202838,29.395906964052624,0,0,1,0,0,1,True,58927,0.5
58935,2026-07-14 14:10:00,14,-1,MARKDOWN,2,C,52335.6595,52559.57946147337,51775.859596316586,223.91996147336613,63.738922946736096,0,1,0,0,1,1,True,58951,-1.0
58947,2026-07-14 15:10:00,15,-1,MARKDOWN,2,C,52335.6595,52557.24859914201,51781.686752144975,221.58909914200922,59.07719828402464,0,1,1,0,0,1,True,58951,-1.0
58966,2026-07-14 16:45:00,16,1,MARKUP,1,C,52268.676,51983.02621366101,52982.80046584747,285.64978633898863,83.86757267797694,0,1,0,0,0,1,False,-1,
58978,2026-07-14 17:45:00,17,1,MARKUP,1,C,52300.1719,51984.99406521964,53088.11648695091,315.1778347803629,79.93186956071702,0,1,0,0,0,1,False,-1,
58990,2026-07-14 18:45:00,18,1,MARKUP,0,C,52300.1719,51988.88366601577,53078.39248496058,311.28823398423265,72.15266796845633,0,0,0,0,0,1,False,-1,
59137,2026-07-15 08:00:00,8,1,MARKUP,0,C,52586.4925,52543.120060650166,52694.92359837459,43.37243934983417,11.299878699662843,0,0,0,0,0,1,True,59150,-1.0
59168,2026-07-15 10:35:00,10,-1,MARKDOWN,1,C,52580.994699999996,52656.2961455849,52392.741086037735,75.30144558490429,17.55229116980494,0,1,0,0,0,1,True,59175,-1.0
59181,2026-07-15 11:40:00,11,1,MARKUP,2,C,52545.759000000005,52460.84944773621,52758.03288065949,84.90955226379447,25.041104527587557,0,1,1,0,0,1,False,-1,
59197,2026-07-15 13:00:00,13,1,MARKUP,2,C,52559.893000000004,52461.818567180235,52805.07908204943,98.07443281976884,23.1028656395309,0,1,1,0,0,1,True,59203,1.0241339977274002
59209,2026-07-15 14:00:00,14,1,MARKUP,0,C,52559.893000000004,52460.70961309531,52807.851467261746,99.18338690469682,25.32077380938788,0,0,0,0,0,1,True,59211,1.0182737366900558
59229,2026-07-15 15:40:00,15,1,MARKUP,3,B,52589.371,52495.06376303245,52825.139092418874,94.30723696755012,31.61247393510453,0,1,1,0,1,1,True,59239,1.75
59241,2026-07-15 16:40:00,16,1,MARKUP,3,B,52648.3909,52489.01275036289,53046.83627409277,159.37814963710844,55.214499274223066,0,1,1,0,1,1,True,59242,0.7579146455680451
59253,2026-07-15 17:40:00,17,1,MARKUP,1,C,52648.3909,52482.56838327537,53062.94719181157,165.82251672462735,68.10323344927004,0,1,0,0,0,1,True,59269,-1.0
59265,2026-07-15 18:40:00,18,1,MARKUP,1,C,52648.3909,52488.69164566726,53047.63903583184,159.69925433273602,55.85670866547693,0,0,1,0,0,1,True,59269,-1.0
59279,2026-07-15 19:50:00,19,-1,MARKDOWN,1,C,52706.478,52888.60416924502,52251.16257688745,182.12616924502072,54.06833849005227,0,1,0,0,0,1,True,59293,-0.030045105668656667
59413,2026-07-16 08:00:00,8,1,MARKUP,2,C,52679.835,52629.65209268624,52805.29226828439,50.182907313756004,10.595814627501673,0,1,1,0,0,1,True,59432,0.5
59425,2026-07-16 09:00:00,9,1,MARKUP,1,C,52688.812,52627.550843834695,52841.964890413255,61.261156165302964,14.798312330597446,0,0,1,0,0,1,True,59432,-1.0
59448,2026-07-16 10:55:00,10,-1,MARKDOWN,2,C,52714.2952,52786.42542099368,52533.96964751581,72.13022099367663,20.95084198735622,0,1,1,0,0,1,True,59472,-1.0
59460,2026-07-16 11:55:00,11,-1,MARKDOWN,2,C,52714.2952,52788.118835678244,52529.73611080439,73.82363567824359,24.337671356487032,0,0,1,0,1,1,True,59472,-1.0
59476,2026-07-16 13:15:00,13,1,MARKUP,2,C,52700.02250000001,52597.57745661735,52956.13510845665,102.44504338265688,33.94508676531322,0,1,0,1,0,1,True,59494,0.5
59488,2026-07-16 14:15:00,14,1,MARKUP,1,C,52700.02250000001,52598.51492417515,52953.79143956215,101.50757582485676,32.070151649712756,0,1,0,0,0,1,True,59494,0.5
59500,2026-07-16 15:15:00,15,1,MARKUP,2,C,52700.02250000001,52594.611452065496,52963.55011983628,105.41104793451086,39.87709586901874,0,1,1,0,0,1,True,59501,0.5
59512,2026-07-16 16:15:00,16,1,MARKUP,2,C,52700.6405,52597.752567464515,52957.860331338714,102.88793253548647,35.594865070976695,0,1,1,0,0,1,True,59517,0.890232710348783
59526,2026-07-16 17:25:00,17,1,MARKUP,3,B,52710.859000000004,52587.189171458485,53020.0335713538,123.66982854151865,56.72165708303596,0,1,1,1,0,1,True,59547,-1.0
59538,2026-07-16 18:25:00,18,1,MARKUP,2,C,52730.542,52607.57496486446,53037.95958783885,122.96703513553803,50.35007027106959,0,1,0,1,0,1,True,59547,-1.0
59561,2026-07-16 20:20:00,20,-1,MARKDOWN,2,C,52781.026,52912.54842585856,52452.2199353536,131.52242585855856,47.59685171711699,0,1,1,0,0,1,False,-1,
59689,2026-07-17 08:00:00,8,-1,MARKDOWN,2,C,52342.757000000005,52474.48111641986,52013.44670895036,131.72411641985673,21.64223283972148,0,1,1,0,0,1,False,-1,
59701,2026-07-17 09:00:00,9,-1,MARKDOWN,0,C,52275.188500000004,52389.33318583284,51989.826785417914,114.14468583283451,23.346371665663114,0,0,0,0,0,1,True,59707,0.6963478971090906
59782,2026-07-17 15:45:00,15,-1,MARKDOWN,3,B,52276.9245,52368.09461352898,52048.99921617756,91.1701135289768,33.16922705794886,0,1,1,1,0,1,True,59793,-1.0
59799,2026-07-17 17:10:00,17,1,MARKUP,2,C,52201.5414,51925.27482628466,52892.20783428836,276.26657371534384,72.97034743068825,0,1,1,0,0,1,False,-1,
59811,2026-07-17 18:10:00,18,1,MARKUP,1,C,52213.5744,51930.257170731915,52921.867473170205,283.3172292680829,63.00565853617011,0,1,0,0,0,1,False,-1,
59823,2026-07-17 19:10:00,19,1,MARKUP,1,C,52213.5744,51930.22848211366,52921.93919471583,283.34591788633406,63.06303577267609,0,0,1,0,0,1,False,-1,
59970,2026-07-20 08:25:00,8,-1,MARKDOWN,2,C,52150.886,52204.74986777025,52016.22633057436,53.86386777025473,18.33973554050064,0,1,1,0,0,1,True,59993,-1.0
59982,2026-07-20 09:25:00,9,-1,MARKDOWN,1,C,52128.7925,52168.42271226216,52029.71696934461,39.63021226215642,17.185424524321,0,1,0,0,0,1,True,59989,-1.0
