i,time,heure,sens,phase,score,grade,entry,sl,tp,risque,atr,f_fib,f_kijun,f_rsi,f_fvg,f_ob,f_rr,rempli,bar_fill,resultat_R
113,2025-09-12 08:00:00,8,1,MARKUP,5,A,46112.9395,46089.68021059816,46171.08772350459,23.259289401838032,6.5995788036762635,0,0,1,1,1,1,True,120,-1.0
130,2025-09-12 09:25:00,9,-1,MARKDOWN,6,A+,46117.2162,46145.2759780205,46047.066754948755,28.059778020498925,9.591956040996376,0,1,1,1,1,1,False,-1,
142,2025-09-12 10:25:00,10,-1,MARKDOWN,6,A+,46110.1492,46147.2705575167,46017.34580620825,37.12135751669848,13.581115033397479,0,1,1,1,1,1,False,-1,
154,2025-09-12 11:25:00,11,-1,MARKDOWN,5,A,46084.650700000006,46148.59505825044,45924.789804373926,63.94435825043183,16.230116500866668,0,1,0,1,1,1,False,-1,
173,2025-09-12 13:00:00,13,-1,MARKDOWN,6,A+,46080.633700000006,46139.660934220134,45933.06561444969,59.027234220127866,11.361868440260738,0,1,1,1,1,1,False,-1,
185,2025-09-12 14:00:00,14,-1,MARKDOWN,6,A+,46073.279500000004,46127.394882059496,45937.991044851275,54.11538205949182,10.629764118983267,0,1,1,1,1,1,False,-1,
197,2025-09-12 15:00:00,15,-1,MARKDOWN,6,A+,46062.310000000005,46110.380529408336,45942.13367647918,48.07052940833091,12.101058816674154,0,1,1,1,1,1,True,210,2.5
217,2025-09-12 16:40:00,16,-1,MARKDOWN,5,A,46043.1046,46092.37748473366,45919.92238816584,49.27288473366207,26.194969467324213,0,1,1,0,1,1,True,219,2.5
229,2025-09-12 17:40:00,17,-1,MARKDOWN,6,A+,46021.5025,46094.96179278866,45837.854268028364,73.45929278865515,31.36358557731442,0,1,1,1,1,1,False,-1,
241,2025-09-12 18:40:00,18,-1,MARKDOWN,5,A,46008.227999999996,46093.48140119603,45795.0944970099,85.25340119603788,28.402802392065045,0,1,0,1,1,1,False,-1,
253,2025-09-12 19:40:00,19,-1,MARKDOWN,5,A,46007.273,46091.84225105279,45795.84987236803,84.56925105278788,25.124502105574244,0,1,1,0,1,1,False,-1,
265,2025-09-12 20:40:00,20,-1,MARKDOWN,6,A+,46007.273,46089.77190861837,45801.02572845407,82.49890861837048,20.983817236740382,0,1,1,1,1,1,False,-1,
409,2025-09-15 09:40:00,9,1,MARKUP,6,A+,45875.3317,45848.38098982706,45942.70847543235,26.95071017293958,8.558020345886163,0,1,1,1,1,1,True,425,-1.0
421,2025-09-15 10:40:00,10,1,MARKUP,3,C,45880.2192,45849.46184456012,45957.11258859969,30.757355439876847,11.396310879766217,0,0,0,0,1,1,True,425,-1.0
433,2025-09-15 11:40:00,11,1,MARKUP,6,A+,45874.5497,45823.703710523456,46001.66467369137,50.8459894765474,18.91257895309503,0,1,1,1,1,1,False,-1,
449,2025-09-15 13:00:00,13,1,MARKUP,5,A,45878.0832,45826.669596133885,46006.61720966529,51.41360386611632,12.980807732232845,0,1,1,0,1,1,False,-1,
472,2025-09-15 14:55:00,14,1,MARKUP,4,B,45878.0832,45827.775732068796,46003.85186982801,50.30746793120488,10.768535862411582,0,1,1,0,0,1,True,491,-1.0
484,2025-09-15 15:55:00,15,1,MARKUP,5,A,45878.0832,45826.809505996236,46006.26743500942,51.27369400376483,12.700988007533878,0,1,1,1,0,1,True,491,-1.0
496,2025-09-15 16:55:00,16,1,MARKUP,6,A+,45865.909,45794.86257167758,46043.52507080605,71.04642832242098,31.69485664483706,0,1,1,1,1,1,True,497,-1.0
508,2025-09-15 17:55:00,17,1,MARKUP,5,A,45878.133,45791.9961394179,46093.47515145526,86.13686058210442,37.4277211642087,0,1,0,1,1,1,True,513,-1.0
520,2025-09-15 18:55:00,18,-1,MARKDOWN,5,A,45907.0855,46005.41183543936,45661.26966140161,98.32633543935663,36.40367087871383,0,1,0,1,1,1,False,-1,
532,2025-09-15 19:55:00,19,-1,MARKDOWN,6,A+,45907.0855,46001.983163492114,45669.84134126972,94.89766349211277,29.54632698422292,0,1,1,1,1,1,False,-1,
665,2025-09-16 08:00:00,8,1,MARKUP,5,A,45893.765499999994,45861.872876309964,45973.49705922507,31.892623690029723,6.294247380066169,0,1,0,1,1,1,False,-1,
677,2025-09-16 09:00:00,9,1,MARKUP,5,A,45903.4395,45867.88708502244,45992.3205374439,35.55241497755924,8.265829955107186,0,1,0,1,1,1,True,688,-1.0
689,2025-09-16 10:00:00,10,1,MARKUP,5,A,45908.3542,45872.88993913685,45997.01485215789,35.46426086315478,11.26012172629463,0,0,1,1,1,1,True,690,-1.0
710,2025-09-16 11:45:00,11,1,MARKUP,6,A+,45917.995,45887.21398754337,45994.94753114158,30.781012456631288,13.812024913268024,0,1,1,1,1,1,True,717,-1.0
737,2025-09-16 14:00:00,14,-1,MARKDOWN,6,A+,45928.161,45963.31942827924,45840.264929301906,35.15842827923916,13.39885655847985,0,1,1,1,1,1,False,-1,
749,2025-09-16 15:00:00,15,-1,MARKDOWN,6,A+,45921.2085,45951.00547001615,45846.71607495963,29.796970016148407,11.270940032299368,0,1,1,1,1,1,True,767,-1.0
761,2025-09-16 16:00:00,16,-1,MARKDOWN,5,A,45902.145000000004,45952.738385860124,45775.6615353497,50.59338586012018,15.236771720237947,0,1,1,1,0,1,True,766,-1.0
773,2025-09-16 17:00:00,17,-1,MARKDOWN,6,A+,45865.435900000004,45994.59648296561,45542.534442585995,129.16058296560368,42.45296593120982,0,1,1,1,1,1,False,-1,
785,2025-09-16 18:00:00,18,-1,MARKDOWN,6,A+,45855.7904,45994.654995808545,45508.62891047863,138.86459580854716,42.56999161708014,0,1,1,1,1,1,False,-1,
797,2025-09-16 19:00:00,19,-1,MARKDOWN,2,C,45855.7904,45991.33879457385,45516.91941356537,135.54839457385242,35.93758914769787,0,0,0,0,0,1,False,-1,
811,2025-09-16 20:10:00,20,-1,MARKDOWN,4,B,45855.7904,45988.59509699021,45523.77865752447,132.80469699021342,30.450193980417374,0,0,1,0,1,1,False,-1,
941,2025-09-17 08:00:00,8,-1,MARKDOWN,5,A,45784.366,45824.80055567306,45683.279610817364,40.434555673055,6.761111346119961,0,1,1,0,1,1,False,-1,
954,2025-09-17 09:05:00,9,-1,MARKDOWN,4,B,45768.4525,45799.76846857718,45690.16257855704,31.315968577182502,8.196937154367072,0,1,1,0,0,1,True,963,-1.0
1001,2025-09-17 13:00:00,13,1,MARKUP,5,A,45752.970499999996,45717.23365680605,45842.31260798486,35.7368431939467,12.072686387888513,0,1,0,1,1,1,False,-1,
1014,2025-09-17 14:05:00,14,1,MARKUP,5,A,45752.970499999996,45717.01075518276,45842.86986204308,35.95974481723533,12.518489634476818,0,0,1,1,1,1,False,-1,
1026,2025-09-17 15:05:00,15,1,MARKUP,6,A+,45754.316,45718.273108515474,45844.42322871131,36.04289148452517,12.493782969039428,0,1,1,1,1,1,False,-1,
1038,2025-09-17 16:05:00,16,1,MARKUP,5,A,45771.314999999995,45717.68576733717,45905.38808165706,53.629232662824506,13.668465325647073,0,1,0,1,1,1,False,-1,
1050,2025-09-17 17:05:00,17,1,MARKUP,4,B,45880.3024,45735.04456190812,46243.44699522969,145.2578380918785,35.9508761837471,0,1,0,1,0,1,False,-1,
1062,2025-09-17 18:05:00,18,1,MARKUP,5,A,45886.4144,45735.20022920719,46264.449826982025,151.21417079280945,35.639541585607596,0,1,0,1,1,1,False,-1,
1074,2025-09-17 19:05:00,19,1,MARKUP,4,B,45904.3134,45756.138387415165,46274.750931462084,148.1750125848339,33.76322516966214,0,1,0,0,1,1,False,-1,
1086,2025-09-17 20:05:00,20,1,MARKUP,4,B,45916.6734,45776.52309685594,46267.04915786015,140.15030314405885,32.99380628811754,0,0,1,0,1,1,True,1105,-1.0
1217,2025-09-18 08:00:00,8,1,MARKUP,4,B,46132.974,46097.18895715175,46222.436607120624,35.78504284824885,8.922085696502043,0,1,1,0,0,1,True,1222,2.5
1237,2025-09-18 09:40:00,9,1,MARKUP,6,A+,46139.3703,46104.54346632894,46226.437384177654,34.82683367106074,14.91306734211626,0,1,1,1,1,1,False,-1,
1249,2025-09-18 10:40:00,10,1,MARKUP,4,B,46158.222,46102.397942047624,46297.78214488094,55.82405795237719,19.204115904745038,0,1,0,1,0,1,False,-1,
1261,2025-09-18 11:40:00,11,1,MARKUP,4,B,46186.49,46101.32060397571,46399.41349006071,85.16939602428465,21.358792048567405,0,1,0,1,0,1,False,-1,
1277,2025-09-18 13:00:00,13,1,MARKUP,5,A,46213.994,46101.34603878746,46495.61390303135,112.6479612125404,21.307922425084406,0,1,0,1,1,1,False,-1,
1289,2025-09-18 14:00:00,14,1,MARKUP,5,A,46213.994,46103.16631420249,46491.06321449377,110.827685797507,17.667371595009794,0,1,1,0,1,1,True,1307,-1.0
1317,2025-09-18 16:20:00,16,-1,MARKDOWN,5,A,46241.098,46393.3510796316,45860.465300921,152.25307963159867,28.70215926318827,0,1,0,1,1,1,True,1328,-0.07968311727657944
1329,2025-09-18 17:20:00,17,-1,MARKDOWN,5,A,46217.8724,46405.82037714057,45748.002457148585,187.94797714056767,53.64075428114114,1,0,0,1,1,1,True,1330,-0.18812439770798275
1368,2025-09-18 20:35:00,20,1,MARKUP,6,A+,46102.36,45938.57344494182,46511.826387645444,163.78655505817733,37.25311011634115,0,1,1,1,1,1,False,-1,
1493,2025-09-19 08:00:00,8,-1,MARKDOWN,6,A+,46230.6255,46276.570690339424,46115.76252415145,45.94519033942197,15.68138067884092,0,1,1,1,1,1,False,-1,
1505,2025-09-19 09:00:00,9,-1,MARKDOWN,5,A,46216.224,46265.09386013283,46094.04934966793,48.86986013282876,15.227720265648967,0,1,0,1,1,1,False,-1,
1517,2025-09-19 10:00:00,10,-1,MARKDOWN,6,A+,46187.230200000005,46270.12710927537,45979.987926811606,82.8969092753614,25.29421855072078,0,1,1,1,1,1,True,1533,-1.0
1529,2025-09-19 11:00:00,11,-1,MARKDOWN,5,A,46182.5507,46269.499675343686,45965.17826164079,86.94897534368647,24.039350687364415,0,0,1,1,1,1,True,1532,-1.0
1582,2025-09-19 15:25:00,15,1,MARKUP,6,A+,46162.687000000005,46111.58842243415,46290.43344391465,51.09857756585552,15.483155131709587,0,1,1,1,1,1,True,1595,2.5
1594,2025-09-19 16:25:00,16,1,MARKUP,5,A,46220.432,46127.8052726815,46451.998818296255,92.62672731850034,24.049454636998384,0,1,0,1,1,1,True,1595,-1.0
1606,2025-09-19 17:25:00,17,1,MARKUP,5,A,46206.6506,46095.98037115175,46483.32617212062,110.67022884824837,43.09925769649278,1,0,0,1,1,1,True,1607,0.5535309779109779
1621,2025-09-19 18:40:00,18,-1,MARKDOWN,5,A,46255.7884,46370.885189505265,45968.04642623683,115.09678950526722,40.110379010525065,0,1,0,1,1,1,True,1628,-1.0
1633,2025-09-19 19:40:00,19,1,MARKUP,5,A,46197.0716,46085.628072161206,46475.680419596996,111.44352783879731,32.803855677584465,0,1,0,1,1,1,False,-1,
1645,2025-09-19 20:40:00,20,1,MARKUP,5,A,46197.0716,46088.20577998104,46469.23615004741,108.86582001896022,27.648440037911236,0,1,0,1,1,1,False,-1,
1769,2025-09-22 08:00:00,8,1,MARKUP,6,A+,46250.726,46222.81149299854,46320.51226750366,27.91450700146379,7.697014002925604,0,1,1,1,1,1,True,1782,-1.0
1788,2025-09-22 09:35:00,9,-1,MARKDOWN,4,B,46268.077000000005,46294.83612714854,46201.17918212866,26.75912714853621,10.352254297080716,0,1,0,0,1,1,False,-1,
1800,2025-09-22 10:35:00,10,-1,MARKDOWN,5,A,46233.353200000005,46299.13500531948,46068.89868670133,65.78180531947146,18.950010638947848,0,1,0,1,1,1,True,1809,2.5
1812,2025-09-22 11:35:00,11,-1,MARKDOWN,5,A,46233.353200000005,46298.30792266368,46070.96639334083,64.95472266367142,17.295845327340007,1,0,0,1,1,1,False,-1,
1829,2025-09-22 13:00:00,13,-1,MARKDOWN,6,A+,46229.027200000004,46289.28731162537,46078.37692093659,60.260111625364516,13.254623250734342,0,1,1,1,1,1,False,-1,
1841,2025-09-22 14:00:00,14,-1,MARKDOWN,6,A+,46218.7375,46272.789321358156,46083.60794660462,54.051821358152665,13.558642716305872,0,1,1,1,1,1,False,-1,
1853,2025-09-22 15:00:00,15,-1,MARKDOWN,5,A,46214.566,46266.11366045532,46085.6968488617,51.54766045531869,13.707320910627027,0,1,0,1,1,1,True,1876,-1.0
1865,2025-09-22 16:00:00,16,-1,MARKDOWN,5,A,46187.0775,46244.115701945295,46044.48199513676,57.03820194529544,15.711403890588834,0,1,0,1,1,1,True,1875,-1.0
1888,2025-09-22 17:55:00,17,1,MARKUP,6,A+,46163.953,46027.71982037787,46504.53594905534,136.23317962213332,34.48035924426183,0,1,1,1,1,1,False,-1,
1900,2025-09-22 18:55:00,18,1,MARKUP,6,A+,46181.525,46028.853227886684,46563.204430283295,152.67177211331727,32.21354422662338,0,1,1,1,1,1,False,-1,
1912,2025-09-22 19:55:00,19,1,MARKUP,4,B,46181.525,46030.65922186932,46558.68944532671,150.86577813068288,28.60155626136102,0,1,0,0,1,1,False,-1,
1924,2025-09-22 20:55:00,20,1,MARKUP,4,B,46199.67,46031.74399340005,46619.485016499864,167.92600659994787,26.43201319989022,0,1,0,1,0,1,False,-1,
2051,2025-09-23 08:30:00,8,1,MARKUP,6,A+,46404.872,46379.06403770064,46469.3919057484,25.807962299360952,8.831924598725609,0,1,1,1,1,1,True,2070,2.5
2063,2025-09-23 09:30:00,9,1,MARKUP,5,A,46407.546,46377.87320192639,46481.72799518403,29.672798073610466,11.213596147230154,0,1,0,1,1,1,True,2070,2.5
2075,2025-09-23 10:30:00,10,1,MARKUP,4,B,46407.546,46376.435555401586,46485.32211149605,31.110444598416507,14.088889196834113,0,0,1,0,1,1,True,2082,2.5
2087,2025-09-23 11:30:00,11,1,MARKUP,6,A+,46412.359200000006,46375.99310353047,46503.27444117385,36.3660964695373,14.973792939070085,0,1,1,1,1,1,False,-1,
2105,2025-09-23 13:00:00,13,1,MARKUP,4,B,46425.462700000004,46383.457912379745,46530.47466905065,42.00478762025887,11.544175240523895,0,1,0,0,1,1,True,2112,2.5
2117,2025-09-23 14:00:00,14,1,MARKUP,5,A,46433.249500000005,46395.5428937539,46527.516015615256,37.70660624610173,12.574212492202394,0,0,1,1,1,1,True,2118,2.5
2129,2025-09-23 15:00:00,15,1,MARKUP,6,A+,46433.249500000005,46396.33126936958,46525.545076576076,36.9182306304283,10.997461260842698,0,1,1,1,1,1,False,-1,
2141,2025-09-23 16:00:00,16,1,MARKUP,5,A,46433.249500000005,46396.47226633249,46525.192584168806,36.777233667518885,10.715467335033875,0,1,0,1,1,1,False,-1,
2153,2025-09-23 17:00:00,17,1,MARKUP,5,A,46533.0484,46399.976611565566,46865.727871086085,133.07178843443398,32.20677686887869,0,1,0,1,1,1,True,2171,-1.0
2165,2025-09-23 18:00:00,18,1,MARKUP,5,A,46540.9749,46398.61107416737,46896.884464581584,142.36382583263185,34.93785166527152,0,1,0,1,1,1,True,2171,-1.0
2193,2025-09-23 20:20:00,20,-1,MARKDOWN,6,A+,46602.645,46760.80510167225,46207.24474581936,158.16010167225613,35.55020334450956,0,1,1,1,1,1,False,-1,
2321,2025-09-24 08:00:00,8,1,MARKUP,5,A,46343.770000000004,46307.90931970823,46433.421700729436,35.86068029177113,6.78136058353764,0,1,0,1,1,1,False,-1,
2333,2025-09-24 09:00:00,9,1,MARKUP,5,A,46361.377,46329.37139594426,46441.39101013935,32.00560405573924,7.857208111479398,0,1,0,1,1,1,True,2346,-1.0
2360,2025-09-24 11:15:00,11,-1,MARKDOWN,5,A,46381.585,46430.80043688908,46258.54640777729,49.21543688908423,16.300873778170423,0,1,1,1,0,1,False,-1,
2381,2025-09-24 13:00:00,13,-1,MARKDOWN,6,A+,46381.585,46428.93323118976,46263.2144220256,47.348231189760554,12.566462379512581,0,1,1,1,1,1,False,-1,
2393,2025-09-24 14:00:00,14,-1,MARKDOWN,4,B,46379.1975,46428.99126644612,46254.7130838847,49.79376644612057,12.68253289223695,0,0,0,1,1,1,True,2406,-1.0
2414,2025-09-24 15:45:00,15,1,MARKUP,5,A,46344.999,46301.712118810945,46453.216202972646,43.28688118905848,14.375762378107424,0,1,0,1,1,1,True,2427,-1.0
2426,2025-09-24 16:45:00,16,1,MARKUP,5,A,46375.0624,46294.048385227754,46577.59743693062,81.01401477224863,29.70322954449876,1,0,0,1,1,1,True,2427,-1.0
2438,2025-09-24 17:45:00,17,1,MARKUP,5,A,46375.0624,46291.798857543625,46583.22125614095,83.26354245637776,34.20228491276019,1,0,0,1,1,1,True,2439,-1.0
2450,2025-09-24 18:45:00,18,-1,MARKDOWN,6,A+,46378.195999999996,46500.348475389146,46072.81481152712,122.15247538914991,36.49695077830241,0,1,1,1,1,1,False,-1,
2462,2025-09-24 19:45:00,19,-1,MARKDOWN,6,A+,46346.49,46499.76692069801,45963.29769825496,153.2769206980156,35.33384139602435,0,1,1,1,1,1,False,-1,
2474,2025-09-24 20:45:00,20,-1,MARKDOWN,6,A+,46346.49,46498.955556800254,45965.32610799935,152.4655568002563,33.71111360051471,0,1,1,1,1,1,False,-1,
2599,2025-09-25 08:10:00,8,-1,MARKDOWN,6,A+,46213.32,46242.37658736537,46140.67853158658,29.056587365368614,8.453174730740107,0,1,1,1,1,1,False,-1,
2611,2025-09-25 09:10:00,9,-1,MARKDOWN,6,A+,46213.32,46243.52908311482,46137.79729221294,30.209083114823443,10.758166229647887,0,1,1,1,1,1,False,-1,
2623,2025-09-25 10:10:00,10,-1,MARKDOWN,6,A+,46179.2647,46246.286005174676,46011.711437063306,67.02130517467594,16.27201034934952,0,1,1,1,1,1,True,2635,2.5
2635,2025-09-25 11:10:00,11,-1,MARKDOWN,5,A,46179.2647,46247.41278572335,46008.894485691635,68.14808572334732,18.52557144669306,1,0,0,1,1,1,True,2636,2.5
2665,2025-09-25 13:40:00,13,-1,MARKDOWN,5,A,46156.7695,46209.70908224968,46024.4205443758,52.939582249680825,15.918164499366915,1,1,1,0,0,1,False,-1,
2677,2025-09-25 14:40:00,14,-1,MARKDOWN,6,A+,46147.0645,46202.31103076371,46008.94817309073,55.246530763710325,18.622061527421828,0,1,1,1,1,1,False,-1,
2689,2025-09-25 15:40:00,15,-1,MARKDOWN,6,A+,46130.161,46205.142974495786,45942.70606376053,74.98197449578583,24.285948991575538,0,1,1,1,1,1,True,2712,2.5
2701,2025-09-25 16:40:00,16,-1,MARKDOWN,6,A+,46080.4819,46213.667844565985,45747.517038585036,133.18594456598657,41.33568913197574,0,1,1,1,1,1,True,2706,0.8541584502081953
2718,2025-09-25 18:05:00,18,-1,MARKDOWN,5,A,46080.3274,46218.76829545813,45734.225161354676,138.4408954581304,52.03659091625994,0,0,1,1,1,1,True,2719,0.6851833750865122
2738,2025-09-25 19:45:00,19,-1,MARKDOWN,6,A+,46050.168999999994,46166.50994178112,45759.31664554718,116.34094178112719,45.119883562242805,0,1,1,1,1,1,False,-1,
2750,2025-09-25 20:45:00,20,-1,MARKDOWN,5,A,46050.168999999994,46165.941193596336,45760.738516009136,115.77219359634182,43.98238719268277,0,1,1,0,1,1,False,-1,
2873,2025-09-26 08:00:00,8,-1,MARKDOWN,5,A,45991.0365,46030.05771580413,45893.48346048969,39.02121580412495,13.675431608253293,0,1,0,1,1,1,True,2884,-1.0
2889,2025-09-26 09:20:00,9,1,MARKUP,6,A+,45986.5672,45930.65623941975,46126.344601450604,55.91096058024414,16.62752116049394,0,1,1,1,1,1,False,-1,
2901,2025-09-26 10:20:00,10,1,MARKUP,4,B,45989.6232,45928.915029940676,46141.39362514832,60.70817005932622,20.10994011865079,0,1,0,1,0,1,False,-1,
2913,2025-09-26 11:20:00,11,1,MARKUP,5,A,45999.5552,45929.16235219564,46175.5373195109,70.39284780435992,19.61529560871951,0,1,0,1,1,1,False,-1,
2933,2025-09-26 13:00:00,13,1,MARKUP,3,C,46006.9712,45942.359028855,46168.50162786251,64.61217114500323,17.221942290012997,0,0,0,0,1,1,True,2950,2.5
2958,2025-09-26 15:05:00,15,1,MARKUP,5,A,46040.096,45995.73632376119,46150.99519059701,44.35967623880424,17.667352477617104,0,1,1,0,1,1,False,-1,
2970,2025-09-26 16:05:00,16,1,MARKUP,5,A,46084.026,45992.15659225411,46313.699519364716,91.86940774588584,24.826815491773356,0,1,0,1,1,1,True,2986,2.5
2982,2025-09-26 17:05:00,17,1,MARKUP,5,A,46144.3629,45977.945986159175,46560.40518460206,166.41691384082515,53.24802768165455,1,0,0,1,1,1,True,2984,1.05714675233235
2998,2025-09-26 18:25:00,18,1,MARKUP,4,B,46144.3629,45977.480167983376,46561.56973004156,166.88273201662378,54.179664033245515,0,0,1,0,1,1,True,3000,1.2789046381308078
3010,2025-09-26 19:25:00,19,1,MARKUP,6,A+,46152.3969,45993.63056665012,46549.312733374696,158.76633334987855,47.878866699752535,0,1,1,1,1,1,False,-1,
3022,2025-09-26 20:25:00,20,1,MARKUP,5,A,46172.9145,46031.4716716497,46526.521570875746,141.44282835030026,38.59665670059104,0,1,1,1,0,1,False,-1,
3149,2025-09-29 08:00:00,8,1,MARKUP,6,A+,46353.262500000004,46312.209099586944,46455.896001032655,41.053400413060444,6.6618008261088155,0,1,1,1,1,1,False,-1,
3163,2025-09-29 09:10:00,9,1,MARKUP,4,B,46372.575000000004,46341.954192535595,46449.12701866103,30.620807464409154,9.671614928810232,0,0,1,1,0,1,False,-1,
3175,2025-09-29 10:10:00,10,1,MARKUP,6,A+,46398.3152,46361.044635901555,46491.4916102461,37.270564098442264,14.490728196894743,0,1,1,1,1,1,False,-1,
3187,2025-09-29 11:10:00,11,1,MARKUP,6,A+,46413.419,46373.22116249564,46513.91359376091,40.197837504361814,15.837675008717328,0,1,1,1,1,1,False,-1,
3209,2025-09-29 13:00:00,13,1,MARKUP,6,A+,46418.4805,46374.519351744486,46528.38337063878,43.961148255511944,13.24129651102285,0,1,1,1,1,1,False,-1,
3221,2025-09-29 14:00:00,14,1,MARKUP,4,B,46430.036,46374.15231315493,46569.745217112664,55.88368684506713,13.975373690130136,0,0,0,1,1,1,True,3227,-1.0
3243,2025-09-29 15:50:00,15,1,MARKUP,6,A+,46449.9665,46406.627964882726,46558.31283779319,43.33853511727648,13.52407023454297,0,1,1,1,1,1,True,3247,-1.0
3255,2025-09-29 16:50:00,16,-1,MARKDOWN,5,A,46389.1729,46525.179185010136,46049.15718747465,136.00628501013853,32.078370020277,0,1,0,1,1,1,False,-1,
3267,2025-09-29 17:50:00,17,-1,MARKDOWN,6,A+,46389.1729,46530.039118206245,46037.007354484376,140.86621820624714,41.79823641249045,0,1,1,1,1,1,False,-1,
3279,2025-09-29 18:50:00,18,-1,MARKDOWN,6,A+,46367.670399999995,46511.08085402922,46009.14426492693,143.41045402922464,36.3817080584465,0,1,1,1,1,1,False,-1,
3291,2025-09-29 19:50:00,19,-1,MARKDOWN,6,A+,46367.0524,46507.799677684015,46015.18420578996,140.747277684015,31.819355368038483,0,1,1,1,1,1,False,-1,
3447,2025-09-30 09:50:00,9,-1,MARKDOWN,5,A,46328.3287,46362.2668459712,46243.48333507199,33.938145971202175,12.753691942405002,0,1,1,1,0,1,False,-1,
3459,2025-09-30 10:50:00,10,-1,MARKDOWN,5,A,46300.0607,46365.97073287788,46135.285617805304,65.91003287788044,20.161465755760744,0,1,0,1,1,1,False,-1,
3471,2025-09-30 11:50:00,11,-1,MARKDOWN,5,A,46289.7092,46348.75222279295,46142.10164301761,59.04302279295371,19.22444558590891,0,1,0,1,1,1,False,-1,
3485,2025-09-30 13:00:00,13,-1,MARKDOWN,3,C,46289.153,46345.676393165806,46147.84451708548,56.52339316580765,14.872786331609555,0,1,0,0,0,1,False,-1,
3497,2025-09-30 14:00:00,14,-1,MARKDOWN,4,B,46279.3165,46345.578232699125,46113.662168252195,66.26173269912397,14.67646539824932,0,0,0,1,1,1,True,3515,-1.0
3509,2025-09-30 15:00:00,15,-1,MARKDOWN,5,A,46241.9275,46285.087147033126,46134.02838241718,43.15964703312784,14.694294066261058,0,0,1,1,1,1,True,3510,-1.0
3531,2025-09-30 16:50:00,16,1,MARKUP,5,A,46256.5509,46168.88342846519,46475.71957883703,87.66747153481265,30.213143069613857,0,1,0,1,1,1,True,3539,-1.0
3543,2025-09-30 17:50:00,17,-1,MARKDOWN,5,A,46300.929000000004,46427.19971726713,45985.252206832185,126.27071726712893,53.51943453426757,0,1,0,1,1,1,True,3560,-1.0
3555,2025-09-30 18:50:00,18,-1,MARKDOWN,5,A,46292.716,46424.172053735085,45964.07586566229,131.45605373508442,47.46410747016241,0,1,0,1,1,1,True,3560,-1.0
3567,2025-09-30 19:50:00,19,-1,MARKDOWN,6,A+,46292.716,46421.86860919956,45969.834477001095,129.152609199562,42.857218399125664,0,1,1,1,1,1,True,3587,-1.0
3580,2025-09-30 20:55:00,20,-1,MARKDOWN,6,A+,46292.716,46418.48251193039,45978.29972017402,125.76651193039288,36.085023860775856,0,1,1,1,1,1,True,3587,-1.0
3701,2025-10-01 08:00:00,8,-1,MARKDOWN,5,A,46312.6595,46376.46187312338,46153.15356719156,63.80237312337704,10.903746246757352,0,1,1,0,1,1,False,-1,
3713,2025-10-01 09:00:00,9,-1,MARKDOWN,4,B,46261.664000000004,46306.71919816865,46149.026004578394,45.05519816864398,11.418396337288678,0,1,0,0,1,1,False,-1,
3725,2025-10-01 10:00:00,10,-1,MARKDOWN,5,A,46200.9852,46286.44338740963,45987.339731475935,85.45818740962568,20.866774819252186,0,1,0,1,1,1,False,-1,
3737,2025-10-01 11:00:00,11,-1,MARKDOWN,6,A+,46183.0242,46264.86451952171,45978.42340119572,81.84031952171063,24.70903904341,0,1,1,1,1,1,True,3750,-1.0
3785,2025-10-01 15:00:00,15,1,MARKUP,6,A+,46160.762,46061.42019528731,46409.11651178173,99.34180471269065,18.37960942537974,0,1,1,1,1,1,False,-1,
3797,2025-10-01 16:00:00,16,1,MARKUP,6,A+,46184.425,46082.312252675336,46439.70686831167,102.112747324667,26.595494649336484,0,1,1,1,1,1,False,-1,
3809,2025-10-01 17:00:00,17,1,MARKUP,5,A,46275.6599,46135.32257778334,46626.50320554164,140.3373222166556,48.07484443331074,0,1,1,0,1,1,False,-1,
3821,2025-10-01 18:00:00,18,1,MARKUP,6,A+,46286.6294,46156.26545676804,46612.5392580799,130.36394323196146,41.68908646393479,0,1,1,1,1,1,False,-1,
3833,2025-10-01 19:00:00,19,1,MARKUP,4,B,46325.4844,46168.6049532354,46717.6830169115,156.8794467646003,35.51009352919354,0,1,0,1,0,1,False,-1,
3847,2025-10-01 20:10:00,20,1,MARKUP,3,C,46348.1959,46208.61783618983,46697.14105952543,139.57806381017144,28.984327620350733,1,0,0,0,0,1,False,-1,
3978,2025-10-02 08:05:00,8,1,MARKUP,5,A,46454.719000000005,46416.071122768255,46551.33869307938,38.64787723174959,12.737754463496685,0,1,1,1,0,1,True,3981,-1.0
4019,2025-10-02 11:30:00,11,-1,MARKDOWN,5,A,46460.625700000004,46494.1204141073,46376.88891473175,33.49471410729893,18.3608282145961,0,1,1,0,1,1,True,4024,-1.0
4037,2025-10-02 13:00:00,13,-1,MARKDOWN,6,A+,46451.1177,46490.316016310346,46353.121909224144,39.198316310343216,15.252032620680666,0,1,1,1,1,1,False,-1,
4049,2025-10-02 14:00:00,14,-1,MARKDOWN,3,C,46443.4545,46475.906045461954,46362.325636345115,32.45154546195408,11.232090923904492,0,0,0,1,0,1,True,4054,-1.0
4061,2025-10-02 15:00:00,15,-1,MARKDOWN,5,A,46443.4545,46476.694194823474,46360.35526294132,33.239694823474565,12.808389646945388,0,1,1,0,1,1,True,4063,-1.0
4079,2025-10-02 16:30:00,16,1,MARKUP,6,A+,46453.2144,46386.79466604917,46619.26373487706,66.4197339508246,26.490667901659766,0,1,1,1,1,1,True,4086,-1.0
4093,2025-10-02 17:40:00,17,-1,MARKDOWN,4,B,46501.844,46620.64742145983,46204.83544635042,118.80342145983013,44.31484291966466,0,1,0,1,0,1,False,-1,
4105,2025-10-02 18:40:00,18,-1,MARKDOWN,5,A,46478.542,46618.67706476581,46128.204338085474,140.13506476581097,40.374129531634615,0,1,0,1,1,1,True,4128,-0.89205367842025
4117,2025-10-02 19:40:00,19,-1,MARKDOWN,5,A,46478.542,46615.76726650595,46135.47883373513,137.22526650594955,34.554533011902635,0,0,1,1,1,1,True,4128,-0.910969263773168
4132,2025-10-02 20:55:00,20,1,MARKUP,6,A+,46404.437999999995,46269.45081762572,46741.905955935676,134.98718237427238,30.07836474855828,0,1,1,1,1,1,False,-1,
4253,2025-10-03 08:00:00,8,1,MARKUP,5,A,46575.053,46526.95050028942,46695.30924927644,48.10249971057783,7.198999421155749,0,1,0,1,1,1,False,-1,
4265,2025-10-03 09:00:00,9,1,MARKUP,3,C,46595.666000000005,46557.634443296905,46690.74489175776,38.03155670309934,8.831113406194204,0,0,0,0,1,1,False,-1,
4277,2025-10-03 10:00:00,10,1,MARKUP,6,A+,46606.7747,46572.510274861525,46692.435762846195,34.264425138477236,10.579450276963458,0,1,1,1,1,1,False,-1,
4289,2025-10-03 11:00:00,11,1,MARKUP,6,A+,46631.637200000005,46598.9841055506,46713.26993612353,32.653094449407945,12.13178889881338,0,1,1,1,1,1,False,-1,
4313,2025-10-03 13:00:00,13,1,MARKUP,5,A,46639.277200000004,46599.630269025045,46738.3945274374,39.646930974959105,10.839461949916982,0,1,0,1,1,1,True,4327,-1.0
4325,2025-10-03 14:00:00,14,1,MARKUP,5,A,46643.665,46606.917804192984,46735.53298951754,36.747195807016396,10.464391614036751,1,0,0,1,1,1,True,4327,-1.0
4352,2025-10-03 16:15:00,16,-1,MARKDOWN,5,A,46648.810000000005,46702.38513086644,46514.87217283392,53.57513086643303,15.470261732878932,0,1,1,0,1,1,True,4355,-1.0
4364,2025-10-03 17:15:00,17,1,MARKUP,6,A+,46688.0904,46551.65068247874,47029.18969380314,136.439717521258,41.99863504252257,0,1,1,1,1,1,False,-1,
4376,2025-10-03 18:15:00,18,1,MARKUP,5,A,46741.9524,46553.3617583117,47213.42900422076,188.59064168830082,38.57648337660577,0,1,0,1,1,1,False,-1,
4388,2025-10-03 19:15:00,19,1,MARKUP,6,A+,46758.8559,46555.20352008434,47267.98684978916,203.65237991566391,34.89295983132221,0,1,1,1,1,1,False,-1,
4400,2025-10-03 20:15:00,20,1,MARKUP,5,A,46761.7209,46555.02650178393,47278.456895540185,206.69439821607375,35.24699643215009,0,1,0,1,1,1,False,-1,
4529,2025-10-06 08:00:00,8,1,MARKUP,4,B,46850.8605,46806.294944148976,46962.274389627564,44.56555585102615,10.63011170204304,0,1,0,0,1,1,False,-1,
4541,2025-10-06 09:00:00,9,1,MARKUP,3,C,46851.7875,46807.89255939745,46961.52485150637,43.89494060254947,10.434881205098549,0,0,0,0,1,1,True,4554,-1.0
4571,2025-10-06 11:30:00,11,-1,MARKDOWN,3,C,46870.6592,46922.939934314214,46739.95736421447,52.28073431421217,17.159868628431582,0,0,0,1,0,1,True,4584,2.5
4595,2025-10-06 13:30:00,13,1,MARKUP,6,A+,46831.856999999996,46794.09917811112,46926.251554722185,37.75782188887388,11.721643777758636,0,1,1,1,1,1,False,-1,
4607,2025-10-06 14:30:00,14,1,MARKUP,3,C,46837.396,46792.7011443393,46949.13313915176,44.69485566070216,14.517711321405109,0,0,0,0,1,1,True,4631,-1.0
4619,2025-10-06 15:30:00,15,1,MARKUP,4,B,46838.2555,46791.95522476351,46954.006188091225,46.30027523649187,16.009550472978706,0,1,1,0,0,1,True,4631,-1.0
4633,2025-10-06 16:40:00,16,-1,MARKDOWN,6,A+,46834.1249,46921.112993159586,46616.654667101044,86.98809315958351,30.305986319171577,0,1,1,1,1,1,False,-1,
4645,2025-10-06 17:40:00,17,-1,MARKDOWN,5,A,46730.6984,46930.69163784761,46230.71530538098,199.99323784760782,49.46327569522,0,1,0,1,1,1,True,4654,0.4449570443367189
4657,2025-10-06 18:40:00,18,-1,MARKDOWN,6,A+,46730.6984,46925.78449058314,46242.98317354216,195.08609058313596,39.64898116627902,1,0,1,1,1,1,True,4679,0.46383829687458095
4805,2025-10-07 08:00:00,8,-1,MARKDOWN,6,A+,46640.773,46665.44660634338,46579.088984141556,24.673606343378196,8.473212686764755,1,0,1,1,1,1,True,4810,2.5
4818,2025-10-07 09:05:00,9,-1,MARKDOWN,6,A+,46636.447,46659.06079515628,46579.91251210931,22.613795156277774,9.701590312561866,0,1,1,1,1,1,False,-1,
4830,2025-10-07 10:05:00,10,-1,MARKDOWN,6,A+,46627.3172,46661.37564779228,46542.17108051929,34.058447792282095,14.331295584557086,0,1,1,1,1,1,True,4832,-1.0
4842,2025-10-07 11:05:00,11,-1,MARKDOWN,6,A+,46619.7052,46661.25323731558,46515.83510671105,41.548037315580586,17.0864746311618,0,1,1,1,1,1,True,4851,-1.0
4869,2025-10-07 13:20:00,13,1,MARKUP,5,A,46641.564,46556.20313275002,46854.96616812494,85.36086724997585,20.213734499945087,0,1,0,1,1,1,False,-1,
4881,2025-10-07 14:20:00,14,1,MARKUP,5,A,46641.564,46555.05061906503,46857.84745233743,86.51338093497179,22.518761869945756,0,1,0,1,1,1,False,-1,
4893,2025-10-07 15:20:00,15,1,MARKUP,4,B,46641.564,46557.920290506096,46850.673273734756,83.64370949390286,16.779418987802774,0,1,0,1,0,1,False,-1,
4905,2025-10-07 16:20:00,16,1,MARKUP,5,A,46668.1165,46569.448862781246,46914.78559304687,98.66763721875031,17.222274437499877,0,1,1,1,0,1,True,4918,-1.0
4932,2025-10-07 18:35:00,18,-1,MARKDOWN,5,A,46761.456000000006,46916.67210595359,46373.41573511604,155.21610595358652,45.324211907181116,0,1,1,0,1,1,False,-1,
4944,2025-10-07 19:35:00,19,-1,MARKDOWN,3,C,46727.649000000005,46916.62321842234,46255.21345394416,188.97421842233598,45.22643684467834,0,0,0,0,1,1,False,-1,
4956,2025-10-07 20:35:00,20,-1,MARKDOWN,4,B,46727.649000000005,46913.87177555805,46262.09206110489,186.22277555804612,39.72355111609352,0,0,1,1,0,1,False,-1,
5109,2025-10-08 10:20:00,10,1,MARKUP,4,B,46637.0448,46604.159345855776,46719.25843536057,32.88545414422697,15.041308288444212,0,1,1,0,0,1,False,-1,
5121,2025-10-08 11:20:00,11,1,MARKUP,5,A,46648.734,46604.827638839684,46758.499902900774,43.90636116031237,13.70472232062618,0,1,0,1,1,1,True,5128,2.5
5141,2025-10-08 13:00:00,13,1,MARKUP,4,B,46648.734,46605.31104960614,46757.291375984634,43.42295039385499,12.737900787713068,0,1,0,0,1,1,True,5143,2.5
5153,2025-10-08 14:00:00,14,1,MARKUP,6,A+,46659.048,46605.13435349734,46793.83211625666,53.91364650266041,13.091293005316654,0,1,1,1,1,1,False,-1,
5165,2025-10-08 15:00:00,15,1,MARKUP,5,A,46679.082,46629.7462993371,46802.42125165726,49.33570066290122,13.867401325803128,0,1,0,1,1,1,True,5183,-1.0
5177,2025-10-08 16:00:00,16,1,MARKUP,6,A+,46688.464,46638.04850380199,46814.50274049502,50.41549619800935,15.262992396015175,0,1,1,1,1,1,True,5183,-1.0
5194,2025-10-08 17:25:00,17,1,MARKUP,6,A+,46613.8316,46492.62084526185,46916.85848684536,121.21075473814562,48.51830947628871,0,1,1,1,1,1,False,-1,
5206,2025-10-08 18:25:00,18,1,MARKUP,6,A+,46614.672,46498.149211215285,46905.978971961784,116.52278878471407,37.461577569427426,0,1,1,1,1,1,False,-1,
5218,2025-10-08 19:25:00,19,1,MARKUP,5,A,46642.176,46502.62394563248,46991.05613591881,139.55205436752294,28.512108735046034,0,1,0,1,1,1,False,-1,
5230,2025-10-08 20:25:00,20,1,MARKUP,4,B,46642.176,46504.13364972139,46987.28187569651,138.04235027860705,25.49270055720402,0,0,0,1,1,1,True,5245,-0.5450935879324879
5357,2025-10-09 08:00:00,8,-1,MARKDOWN,5,A,46633.5675,46684.3178131208,46506.691717198,50.75031312079955,10.775626241587304,1,0,0,1,1,1,True,5362,-0.22586067543499855
5417,2025-10-09 13:00:00,13,1,MARKUP,5,A,46634.6887,46604.831134729015,46709.33261317746,29.857565270984196,11.697730541972346,0,1,0,1,1,1,True,5422,-1.0
5429,2025-10-09 14:00:00,14,1,MARKUP,5,A,46637.686,46610.14275763811,46706.54410590473,27.543242361891316,10.77448472377418,0,1,1,1,0,1,True,5440,-1.0
5448,2025-10-09 15:35:00,15,-1,MARKDOWN,6,A+,46648.6045,46681.0079988192,46567.595752952,32.40349881919974,14.955997638410691,0,1,1,1,1,1,True,5458,-1.0
5462,2025-10-09 16:45:00,16,-1,MARKDOWN,5,A,46662.4286,46719.91522825177,46518.71202937058,57.48662825176871,28.870456503525983,0,1,1,0,1,1,False,-1,
5474,2025-10-09 17:45:00,17,-1,MARKDOWN,4,B,46579.89750000001,46728.25811574541,46208.995960636494,148.36061574540508,45.55623149081437,0,1,0,1,0,1,False,-1,
5486,2025-10-09 18:45:00,18,-1,MARKDOWN,4,B,46579.89750000001,46728.36531460706,46208.72796348238,148.46781460705097,45.77062921411244,0,1,0,0,1,1,False,-1,
5498,2025-10-09 19:45:00,19,-1,MARKDOWN,3,C,46579.89750000001,46724.27751420511,46218.947464487246,144.3800142051041,37.59502841022004,0,0,0,0,1,1,False,-1,
5510,2025-10-09 20:45:00,20,-1,MARKDOWN,6,A+,46553.539500000006,46725.51806897823,46123.593077554455,171.97856897822203,40.076137956446836,0,1,1,1,1,1,False,-1,
5633,2025-10-10 08:00:00,8,-1,MARKDOWN,6,A+,46412.81,46442.707730947746,46338.065672630626,29.89773094774864,10.135461895495357,0,1,1,1,1,1,True,5637,-1.0
5648,2025-10-10 09:15:00,9,1,MARKUP,5,A,46401.5192,46367.165931068266,46487.40237232934,34.35326893173624,10.94813786346592,0,1,0,1,1,1,True,5652,-1.0
5674,2025-10-10 11:25:00,11,-1,MARKDOWN,5,A,46415.006,46456.67781083731,46310.82647290673,41.67181083730975,16.87562167462288,1,0,1,0,1,1,True,5675,-1.0
5693,2025-10-10 13:00:00,13,-1,MARKDOWN,5,A,46413.287,46455.57322049939,46307.57144875151,42.2862204993944,14.666440998786047,0,1,0,1,1,1,True,5704,-1.0
5708,2025-10-10 14:15:00,14,-1,MARKDOWN,6,A+,46404.634999999995,46441.500157840026,46312.47210539992,36.865157840031316,14.520315680058909,1,0,1,1,1,1,True,5710,-1.0
5720,2025-10-10 15:15:00,15,1,MARKUP,5,A,46390.165,46350.150023861774,46490.20244034557,40.01497613822721,13.17995227644975,0,1,1,0,1,1,False,-1,
5732,2025-10-10 16:15:00,16,1,MARKUP,5,A,46395.7995,46349.08836512432,46512.5773371892,46.71113487568073,15.303269751358858,0,1,1,0,1,1,True,5752,-1.0
5744,2025-10-10 17:15:00,17,1,MARKUP,5,A,46468.1694,46334.8795190322,46801.3941024195,133.28988096780085,43.72096193559467,1,0,0,1,1,1,True,5749,-1.0
5756,2025-10-10 18:15:00,18,-1,MARKDOWN,5,A,46400.904,46697.374714844045,45659.72721288989,296.47071484404296,97.86942968808515,0,1,0,1,1,1,False,-1,
5768,2025-10-10 19:15:00,19,-1,MARKDOWN,5,A,46304.067,46703.55042811598,45305.35842971006,399.4834281159783,110.22085623196214,0,1,0,1,1,1,False,-1,
5780,2025-10-10 20:15:00,20,-1,MARKDOWN,5,A,46282.675,46694.11478958032,45254.0755260492,411.4397895803195,91.34957916063323,0,1,0,1,1,1,False,-1,
5910,2025-10-13 08:05:00,8,1,MARKUP,4,B,45845.736000000004,45792.08435057434,45979.86512356417,53.6516494256648,17.151298851334644,0,1,0,0,1,1,False,-1,
5922,2025-10-13 09:05:00,9,1,MARKUP,3,C,45860.5552,45807.78389532393,45992.48346169018,52.77130467606912,18.7522093521446,0,1,0,0,0,1,False,-1,
5934,2025-10-13 10:05:00,10,1,MARKUP,5,A,45894.6647,45838.138990416635,46035.978973958416,56.525709583365824,24.542019166741287,0,1,0,1,1,1,False,-1,
5946,2025-10-13 11:05:00,11,1,MARKUP,5,A,45925.224700000006,45835.54627549637,46149.420761259105,89.67842450363969,29.727449007277734,0,1,0,1,1,1,True,5953,-1.0
5988,2025-10-13 14:35:00,14,-1,MARKDOWN,6,A+,45944.839,46064.62940152687,45645.36299618282,119.7904015268723,36.73880305373912,0,1,1,1,1,1,True,6011,-1.0
6000,2025-10-13 15:35:00,15,-1,MARKDOWN,4,B,45940.6675,46055.885651960874,45652.622120097825,115.21815196087118,32.75130392174276,0,0,0,1,1,1,True,6011,-1.0
6014,2025-10-13 16:45:00,16,-1,MARKDOWN,5,A,45915.6076,46026.44003111429,45638.52652221429,110.83243111428601,54.960062228579034,0,1,1,0,1,1,True,6015,-1.0
6026,2025-10-13 17:45:00,17,1,MARKUP,5,A,45878.3419,45745.585746494566,46210.23228376359,132.75615350543376,70.34850701087372,0,1,0,1,1,1,True,6030,1.9333047337010667
6038,2025-10-13 18:45:00,18,1,MARKUP,5,A,45914.9184,45752.10462593238,46321.95283516907,162.81377406762476,57.31074813524979,0,1,0,1,1,1,False,-1,
6050,2025-10-13 19:45:00,19,1,MARKUP,6,A+,45918.9354,45764.578167876556,46304.82848030861,154.357232123446,45.36366424689544,0,1,1,1,1,1,False,-1,
6062,2025-10-13 20:45:00,20,1,MARKUP,4,B,45941.839400000004,45782.26116300009,46340.784992499786,159.57823699991422,38.99767399982276,0,0,0,1,1,1,False,-1,
6185,2025-10-14 08:00:00,8,-1,MARKDOWN,4,B,46145.515,46272.42454376532,45828.24114058669,126.90954376532318,30.349087530644802,0,1,0,0,1,1,False,-1,
6197,2025-10-14 09:00:00,9,-1,MARKDOWN,4,B,46061.4445,46235.00744108636,45627.53714728409,173.56294108636212,37.5148821727246,0,1,0,1,0,1,False,-1,
6209,2025-10-14 10:00:00,10,-1,MARKDOWN,6,A+,46059.745,46231.71784555073,45629.81288612318,171.97284555072838,36.43569110146871,0,1,1,1,1,1,False,-1,
6221,2025-10-14 11:00:00,11,-1,MARKDOWN,5,A,45988.5027,46175.01657121734,45522.218021956636,186.51387121734297,52.03314243468087,0,1,1,0,1,1,False,-1,
6247,2025-10-14 13:10:00,13,-1,MARKDOWN,6,A+,45903.5277,46026.20352090679,45596.83814773302,122.67582090679207,29.407041813583568,0,1,1,1,1,1,True,6262,2.5
6259,2025-10-14 14:10:00,14,-1,MARKDOWN,5,A,45835.004499999995,45950.55780257754,45546.12124355613,115.55330257754395,39.915605155081735,1,0,0,1,1,1,True,6261,2.5
6271,2025-10-14 15:10:00,15,-1,MARKDOWN,5,A,45827.8975,45943.132646737846,45539.80963315538,115.23514673784666,48.065293475697835,0,1,0,1,1,1,True,6295,-1.0
6283,2025-10-14 16:10:00,16,-1,MARKDOWN,5,A,45793.1355,45940.045529745184,45425.86042563703,146.91002974518779,41.89105949036652,0,1,0,1,1,1,True,6295,-1.0
6310,2025-10-14 18:25:00,18,1,MARKUP,5,A,45694.005000000005,45421.83155008568,46374.43862478582,272.17344991432765,64.93689982865904,0,1,0,1,1,1,False,-1,
6322,2025-10-14 19:25:00,19,1,MARKUP,5,A,45792.656500000005,45423.33656113366,46715.95634716586,369.31993886634154,61.92687773267262,0,1,1,1,0,1,False,-1,
6334,2025-10-14 20:25:00,20,1,MARKUP,6,A+,45846.041000000005,45427.97226846105,46891.21282884738,418.0687315389514,52.65546307789777,0,1,1,1,1,1,False,-1,
6461,2025-10-15 08:00:00,8,1,MARKUP,5,A,46332.6045,46269.58081392554,46490.16371518616,63.0236860744626,15.458372148923187,0,1,1,1,0,1,False,-1,
6473,2025-10-15 09:00:00,9,1,MARKUP,4,B,46350.8355,46299.462631400565,46479.26767149859,51.372868599435606,14.694737198865353,0,1,0,1,0,1,False,-1,
6485,2025-10-15 10:00:00,10,1,MARKUP,5,A,46359.7672,46311.09889620872,46481.43795947821,48.66830379128078,17.422207582551007,0,1,1,0,1,1,False,-1,
6497,2025-10-15 11:00:00,11,1,MARKUP,6,A+,46375.3337,46309.5490583937,46539.79530401576,65.78464160630392,20.52188321259469,0,1,1,1,1,1,False,-1,
6521,2025-10-15 13:00:00,13,1,MARKUP,5,A,46418.323000000004,46362.079529800154,46558.931675499625,56.24347019984998,19.66094039969582,0,1,0,1,1,1,False,-1,
6533,2025-10-15 14:00:00,14,1,MARKUP,5,A,46422.143000000004,46363.118177253105,46569.70505686725,59.02482274689828,17.583645493800525,0,1,0,1,1,1,False,-1,
6545,2025-10-15 15:00:00,15,1,MARKUP,6,A+,46446.036,46382.8362691412,46604.03532714701,63.19973085880338,17.147461717616032,0,1,1,1,1,1,True,6563,2.5
6557,2025-10-15 16:00:00,16,1,MARKUP,4,B,46468.2635,46401.72459716517,46634.61075708707,66.53890283482906,22.870805669664033,0,0,0,1,1,1,True,6558,2.5
6569,2025-10-15 17:00:00,17,1,MARKUP,6,A+,46522.6944,46403.884425631964,46819.71933592009,118.80997436803591,51.05114873607512,0,1,1,1,1,1,True,6583,-1.0
6581,2025-10-15 18:00:00,18,1,MARKUP,5,A,46536.828400000006,46404.45381054763,46867.76487363094,132.3745894523745,49.91237890473754,1,0,0,1,1,1,True,6583,-1.0
6601,2025-10-15 19:40:00,19,-1,MARKDOWN,4,B,46558.765,46737.17599629525,46112.737509261875,178.4109962952498,53.1319925904931,0,1,0,1,0,1,False,-1,
6613,2025-10-15 20:40:00,20,-1,MARKDOWN,4,B,46451.232,46743.24622860554,45721.19642848617,292.0142286055343,65.27245721107572,0,0,0,1,1,1,False,-1,
6737,2025-10-16 08:00:00,8,-1,MARKDOWN,4,B,46309.704,46344.544113670585,46222.60371582353,34.840113670587016,13.908227341183599,0,0,1,0,1,1,True,6741,-1.0
6762,2025-10-16 10:05:00,10,1,MARKUP,4,B,46308.7492,46256.056992343685,46440.479719140785,52.69220765631326,17.066015312616585,0,1,0,1,0,1,True,6768,2.5
6774,2025-10-16 11:05:00,11,1,MARKUP,5,A,46321.4507,46252.76642193592,46493.161395160205,68.68427806407999,23.647156128146385,0,1,1,1,0,1,False,-1,
6797,2025-10-16 13:00:00,13,1,MARKUP,6,A+,46344.2927,46266.339823694536,46539.17489076365,77.95287630546227,18.500352610927877,0,1,1,1,1,1,False,-1,
6809,2025-10-16 14:00:00,14,1,MARKUP,4,B,46382.2165,46295.547081672354,46598.89004581912,86.6694183276486,23.785836655297544,0,0,0,1,1,1,True,6812,-1.0
6849,2025-10-16 17:20:00,17,-1,MARKDOWN,3,C,46406.1429,46530.44101241709,46095.39761895727,124.29811241709103,54.50202483417301,0,1,0,0,0,1,True,6853,2.5
6862,2025-10-16 18:25:00,18,-1,MARKDOWN,4,B,46406.1429,46535.2259829669,46083.43519258275,129.08308296689938,64.07196593379365,0,1,1,0,0,1,False,-1,
6874,2025-10-16 19:25:00,19,-1,MARKDOWN,5,A,46310.1785,46474.39290393755,45899.642490156126,164.21440393754892,70.00580787509905,0,1,0,1,1,1,False,-1,
6886,2025-10-16 20:25:00,20,-1,MARKDOWN,4,B,46232.728,46483.29872198655,45606.30119503362,250.57072198655078,87.81744397311229,1,0,0,1,0,1,False,-1,
7013,2025-10-17 08:00:00,8,-1,MARKDOWN,6,A+,45879.1935,45940.080418055455,45726.97620486136,60.88691805545386,18.06083611090819,0,1,1,1,1,1,False,-1,
7025,2025-10-17 09:00:00,9,-1,MARKDOWN,4,B,45851.8805,45943.30428681638,45623.32103295904,91.42378681638365,24.50857363275844,0,1,0,0,1,1,False,-1,
7037,2025-10-17 10:00:00,10,-1,MARKDOWN,6,A+,45792.2202,45902.823278707656,45515.71250323087,110.60307870765246,31.04655741530208,0,1,1,1,1,1,False,-1,
7049,2025-10-17 11:00:00,11,-1,MARKDOWN,6,A+,45702.4302,45905.161634290336,45195.60161427417,202.7314342903337,47.22326858067253,0,1,1,1,1,1,False,-1,
7096,2025-10-17 14:55:00,14,1,MARKUP,5,A,45634.4965,45385.55513214638,46256.849919634056,248.94136785362207,54.18973570724371,0,1,0,1,1,1,False,-1,
7108,2025-10-17 15:55:00,15,1,MARKUP,4,B,45685.3605,45418.476869744874,46352.569575637826,266.8836302551281,50.34626051025481,0,1,0,0,1,1,False,-1,
7120,2025-10-17 16:55:00,16,1,MARKUP,4,B,45800.6754,45514.09712568595,46517.121085785126,286.57827431405167,80.60574862810459,0,1,0,0,1,1,False,-1,
7132,2025-10-17 17:55:00,17,1,MARKUP,3,C,45820.6359,45528.91640790883,46549.93463022793,291.71949209117156,84.96718418234776,0,0,0,0,1,1,False,-1,
7144,2025-10-17 18:55:00,18,1,MARKUP,5,A,45903.7569,45666.485901197055,46496.93439700737,237.27099880294554,78.82819760589919,0,1,1,0,1,1,False,-1,
7159,2025-10-17 20:10:00,20,1,MARKUP,4,B,46027.030999999995,45871.906315064145,46414.842712339625,155.12468493585038,65.3873698717097,0,1,1,0,0,1,True,7160,1.3536788170550635
7289,2025-10-20 08:00:00,8,1,MARKUP,6,A+,46205.155999999995,46122.74839153543,46411.175021161405,82.40760846456396,13.54321692912878,0,1,1,1,1,1,False,-1,
7301,2025-10-20 09:00:00,9,1,MARKUP,3,C,46275.871,46217.42539659015,46421.985008524614,58.445603409847536,17.189206819695492,0,0,0,0,1,1,False,-1,
7313,2025-10-20 10:00:00,10,1,MARKUP,4,B,46279.6337,46216.58711821261,46437.25015446848,63.046581787391915,18.865763574785255,0,1,0,0,1,1,True,7335,2.5
7325,2025-10-20 11:00:00,11,1,MARKUP,3,C,46312.3922,46250.39187757682,46467.39300605796,62.000322423184116,19.256244846357845,0,0,0,0,1,1,True,7328,-1.0
7370,2025-10-20 14:45:00,14,-1,MARKDOWN,5,A,46333.708000000006,46405.737578042,46153.634054895025,72.02957804199104,17.235156083993108,0,1,0,1,1,1,True,7382,-1.0
7383,2025-10-20 15:50:00,15,1,MARKUP,6,A+,46283.836,46222.33471774412,46437.58920563971,61.5012822558856,17.570564511773483,0,1,1,1,1,1,False,-1,
7395,2025-10-20 16:50:00,16,1,MARKUP,5,A,46334.3364,46213.52714733032,46636.3595316742,120.80925266967824,35.18570533935989,0,1,0,1,1,1,False,-1,
7407,2025-10-20 17:50:00,17,1,MARKUP,5,A,46390.8724,46210.461133800025,46841.900565499935,180.41126619997522,41.31773239995374,0,1,0,1,1,1,False,-1,
7419,2025-10-20 18:50:00,18,1,MARKUP,5,A,46390.8724,46212.60552596687,46836.53958508282,178.26687403312826,37.02894806626842,0,1,0,1,1,1,False,-1,
7431,2025-10-20 19:50:00,19,1,MARKUP,4,B,46416.5924,46256.670677809714,46816.39670547572,159.92172219028726,30.898644380572758,0,1,1,0,0,1,False,-1,
7443,2025-10-20 20:50:00,20,1,MARKUP,4,B,46494.6479,46324.83998567334,46919.16768581667,169.80791432666592,27.560028653335305,0,1,0,1,0,1,False,-1,
7582,2025-10-21 09:25:00,9,-1,MARKDOWN,5,A,46731.2617,46785.902675630794,46594.65926092303,54.64097563079122,13.2853512615821,0,1,0,1,1,1,False,-1,
7594,2025-10-21 10:25:00,10,-1,MARKDOWN,5,A,46726.8687,46786.60349871443,46577.53170321392,59.734798714431236,14.68699742885552,0,1,0,1,1,1,False,-1,
7606,2025-10-21 11:25:00,11,-1,MARKDOWN,4,B,46710.135200000004,46763.83264723862,46575.891581903474,53.69744723861368,14.645294477231712,0,1,0,0,1,1,True,7627,-1.0
7642,2025-10-21 14:25:00,14,1,MARKUP,6,A+,46685.5985,46624.9309361779,46837.26740955525,60.6675638220986,16.858127644203197,0,1,1,1,1,1,False,-1,
7654,2025-10-21 15:25:00,15,1,MARKUP,5,A,46685.5985,46625.822180945695,46835.03929763576,59.77631905430462,15.075638108616916,0,1,0,1,1,1,False,-1,
7666,2025-10-21 16:25:00,16,1,MARKUP,5,A,46685.5985,46624.040666602574,46839.493083493566,61.55783339742629,18.63866679485383,0,1,1,0,1,1,False,-1,
7678,2025-10-21 17:25:00,17,1,MARKUP,5,A,46772.1124,46638.75357200267,47105.50946999331,133.35882799732644,42.71285599465406,0,1,0,1,1,1,False,-1,
7690,2025-10-21 18:25:00,18,1,MARKUP,5,A,46856.6699,46649.315891150196,47375.05492212452,207.3540088498048,44.588217699612514,0,1,0,1,1,1,False,-1,
7702,2025-10-21 19:25:00,19,1,MARKUP,5,A,46871.1929,46676.35972409303,47358.275839767426,194.8331759069697,37.500551813931885,0,1,1,1,0,1,False,-1,
7714,2025-10-21 20:25:00,20,1,MARKUP,4,B,46871.1929,46675.203664917775,47361.165987705564,195.98923508222651,39.81267016444417,0,0,0,1,1,1,False,-1,
7841,2025-10-22 08:00:00,8,1,MARKUP,5,A,46954.9655,46906.55910393859,47075.981490153514,48.40639606140758,12.581792122815132,0,1,1,1,0,1,False,-1,
7853,2025-10-22 09:00:00,9,1,MARKUP,4,B,46958.9825,46912.74361464338,47074.57971339153,46.238885356615356,13.212770713234478,0,1,1,0,0,1,True,7868,-1.0
7870,2025-10-22 10:25:00,10,1,MARKUP,5,A,46960.644199999995,46910.309874835315,47086.48001291169,50.334325164680195,18.08025032936044,0,1,1,0,1,1,True,7879,-1.0
7901,2025-10-22 13:00:00,13,-1,MARKDOWN,4,B,46981.801,47035.22850682222,46848.23223294445,53.427506822219584,15.557013644445874,1,0,0,0,1,1,True,7909,2.5
7913,2025-10-22 14:00:00,14,-1,MARKDOWN,5,A,46981.801,47034.704994228705,46849.541014428236,52.903994228705415,14.509988457418197,0,0,1,1,1,1,True,7935,2.5
7929,2025-10-22 15:20:00,15,-1,MARKDOWN,6,A+,46967.278,47014.38297411706,46849.51556470734,47.10497411706456,20.865948234137807,0,1,1,1,1,1,True,7931,2.5
7943,2025-10-22 16:30:00,16,-1,MARKDOWN,6,A+,46939.1304,47000.17827798874,46786.51070502815,61.047877988741675,24.456555977489693,0,1,1,1,1,1,False,-1,
7955,2025-10-22 17:30:00,17,-1,MARKDOWN,6,A+,46913.9184,47007.42245221944,46680.15826945141,93.50405221943947,38.944904438890745,0,1,1,1,1,1,False,-1,
7967,2025-10-22 18:30:00,18,-1,MARKDOWN,4,B,46894.6274,47011.458415537716,46602.5498611557,116.83101553771849,47.01683107543714,0,1,0,0,1,1,False,-1,
7979,2025-10-22 19:30:00,19,-1,MARKDOWN,5,A,46807.3404,47017.59402136774,46281.70634658066,210.25362136773765,59.288042735485774,0,1,1,0,1,1,False,-1,
7991,2025-10-22 20:30:00,20,-1,MARKDOWN,5,A,46807.3404,47019.3648345294,46277.27931367651,212.0244345293977,62.82966905880937,0,1,0,1,1,1,False,-1,
8145,2025-10-23 10:20:00,10,-1,MARKDOWN,6,A+,46585.487,46623.35426399387,46490.81884001533,37.8672639938668,17.288527987734188,0,1,1,1,1,1,True,8150,2.5
8157,2025-10-23 11:20:00,11,-1,MARKDOWN,6,A+,46572.4157,46611.96879607813,46473.53295980467,39.55309607813251,19.01759215626372,0,1,1,1,1,1,True,8159,-1.0
8177,2025-10-23 13:00:00,13,-1,MARKDOWN,4,B,46551.4925,46609.14758717145,46407.35478207137,57.65508717144985,22.675174342912143,1,0,0,1,0,1,True,8178,-1.0
8191,2025-10-23 14:10:00,14,-1,MARKDOWN,5,A,46551.4925,46608.72008408113,46408.42353979718,57.227584081127134,21.820168162259257,1,0,1,0,1,1,True,8192,-1.0
8203,2025-10-23 15:10:00,15,-1,MARKDOWN,5,A,46548.4025,46603.12607777629,46411.59355555927,54.72357777629077,20.632155552576762,0,1,0,1,1,1,True,8212,-1.0
8215,2025-10-23 16:10:00,16,-1,MARKDOWN,6,A+,46547.784499999994,46604.471828016685,46406.06617995827,56.687328016691026,25.323656033370334,0,1,1,1,1,1,True,8217,-1.0
8227,2025-10-23 17:10:00,17,1,MARKUP,5,A,46577.5799,46454.47740314549,46885.33614213627,123.10249685450981,44.165193709026084,1,0,0,1,1,1,True,8228,1.340347305830946
8239,2025-10-23 18:10:00,18,1,MARKUP,5,A,46580.8244,46458.32914359781,46887.06254100546,122.4952564021878,46.961712804381925,0,1,0,1,1,1,True,8245,1.3368321746463916
8251,2025-10-23 19:10:00,19,1,MARKUP,6,A+,46580.8244,46458.469162897425,46886.71249275643,122.35523710257257,46.681674205142805,0,1,1,1,1,1,False,-1,
8263,2025-10-23 20:10:00,20,1,MARKUP,5,A,46586.2679,46461.621994499474,46897.88266375131,124.64590550052526,40.37601100104211,0,1,0,1,1,1,False,-1,
8393,2025-10-24 08:00:00,8,1,MARKUP,5,A,46755.814,46718.32945070831,46849.52537322922,37.48454929168656,8.501098583383483,0,1,1,0,1,1,False,-1,
8405,2025-10-24 09:00:00,9,1,MARKUP,5,A,46788.061,46746.573229116286,46891.78042720929,41.48777088371571,10.013541767434598,0,1,1,0,1,1,True,8428,-1.0
8417,2025-10-24 10:00:00,10,1,MARKUP,4,B,46802.3912,46758.390616471275,46912.3926588218,44.00058352872293,10.378767057447488,0,1,0,1,0,1,True,8426,-1.0
8455,2025-10-24 13:10:00,13,1,MARKUP,6,A+,46780.514,46721.520571458364,46927.9975713541,58.99342854163842,13.31885708327328,0,1,1,1,1,1,False,-1,
8467,2025-10-24 14:10:00,14,1,MARKUP,6,A+,46780.514,46721.5987654284,46927.802086429,58.915234571599285,13.162469143192112,0,1,1,1,1,1,False,-1,
8479,2025-10-24 15:10:00,15,1,MARKUP,5,A,46775.93,46721.71092713542,46911.47768216145,54.219072864580085,12.938145729154241,0,1,0,1,1,1,False,-1,
8491,2025-10-24 16:10:00,16,1,MARKUP,6,A+,46868.756,46713.69522069464,47256.40794826341,155.06077930536412,28.969558610719655,0,1,1,1,1,1,False,-1,
8503,2025-10-24 17:10:00,17,1,MARKUP,5,A,46928.6964,46744.90814912209,47388.167027194766,183.78825087790756,46.543701755820365,0,1,0,1,1,1,False,-1,
8515,2025-10-24 18:10:00,18,1,MARKUP,6,A+,46946.511399999996,46770.560286486536,47386.38918378364,175.95111351345986,44.23942702692844,0,1,1,1,1,1,False,-1,
8527,2025-10-24 19:10:00,19,1,MARKUP,5,A,47007.6179,46783.413337394144,47568.12930651463,224.20456260585343,37.03332521171332,0,1,0,1,1,1,False,-1,
8539,2025-10-24 20:10:00,20,1,MARKUP,4,B,47012.61134,46792.75832397886,47562.24388005286,219.85301602114487,34.50335204228736,0,0,0,1,1,1,False,-1,
8669,2025-10-27 08:00:00,8,1,MARKUP,6,A+,47483.998,47445.429131160396,47580.42017209901,38.568868839603965,9.141737679210156,0,1,1,1,1,1,False,-1,
8681,2025-10-27 09:00:00,9,1,MARKUP,6,A+,47489.9572,47445.221128979785,47601.79737755052,44.736071020211966,9.557742040425994,0,1,1,1,1,1,False,-1,
8693,2025-10-27 10:00:00,10,1,MARKUP,5,A,47500.3667,47444.74918143068,47639.4104964233,55.617518569320964,10.501637138650128,0,1,0,1,1,1,True,8711,-1.0
8705,2025-10-27 11:00:00,11,1,MARKUP,4,B,47524.5107,47480.44302965855,47634.679875853624,44.06767034145014,12.613940682899914,1,0,0,0,1,1,True,8707,-1.0
8753,2025-10-27 15:00:00,15,-1,MARKDOWN,4,B,47531.2605,47591.86645909351,47379.74560226622,60.605959093511046,12.532918187024263,0,1,0,1,0,1,True,8771,-1.0
8765,2025-10-27 16:00:00,16,-1,MARKDOWN,5,A,47503.4505,47546.91815589559,47394.781360261026,43.467655895590724,12.636311791177429,1,0,0,1,1,1,True,8770,-1.0
8780,2025-10-27 17:15:00,17,-1,MARKDOWN,5,A,47493.826,47571.522142420996,47299.58564394752,77.69614242099487,35.44428484199071,0,1,1,0,1,1,True,8784,-1.0
8792,2025-10-27 18:15:00,18,-1,MARKDOWN,4,B,47493.826,47570.21449951,47302.85475122499,76.38849951000157,32.82899901999519,0,1,0,0,1,1,True,8797,-1.0
8804,2025-10-27 19:15:00,19,-1,MARKDOWN,6,A+,47493.826,47567.27947069138,47310.19232327156,73.45347069137642,26.958941382746833,0,1,1,1,1,1,True,8811,-1.0
8816,2025-10-27 20:15:00,20,-1,MARKDOWN,6,A+,47493.826,47564.895191842304,47316.15302039424,71.06919184230355,22.190383684607518,0,1,1,1,1,1,False,-1,
8973,2025-10-28 10:20:00,10,1,MARKUP,6,A+,47558.0487,47538.00757263793,47608.151518405175,20.041127362070256,11.164854724131661,0,1,1,1,1,1,True,8979,2.5
8986,2025-10-28 11:25:00,11,1,MARKUP,6,A+,47558.0487,47537.74257053281,47608.81402366796,20.30612946718611,11.694858934366588,0,1,1,1,1,1,True,8988,2.5
9005,2025-10-28 13:00:00,13,1,MARKUP,6,A+,47596.521,47531.17268267446,47759.891793313844,65.34831732553721,19.534634651082882,0,1,1,1,1,1,False,-1,
9017,2025-10-28 14:00:00,14,1,MARKUP,6,A+,47596.521,47530.13661546632,47762.481961334204,66.38438453368144,21.606769067363896,0,1,1,1,1,1,False,-1,
9029,2025-10-28 15:00:00,15,1,MARKUP,6,A+,47622.0195,47531.43273159229,47848.486421019275,90.58676840770931,19.014536815414274,0,1,1,1,1,1,False,-1,
9041,2025-10-28 16:00:00,16,1,MARKUP,6,A+,47671.393000000004,47528.582744256826,48028.418639357944,142.81025574317755,24.7145114863458,0,1,1,1,1,1,False,-1,
9053,2025-10-28 17:00:00,17,1,MARKUP,5,A,47698.6305,47523.371381954494,48136.77829511376,175.2591180455056,46.637236091023915,0,0,1,1,1,1,False,-1,
9065,2025-10-28 18:00:00,18,1,MARKUP,4,B,47733.702000000005,47581.88805419463,48113.23686451345,151.81394580537744,43.103891610749436,0,0,0,1,1,1,True,9072,-0.21784559926006442
9083,2025-10-28 19:30:00,19,1,MARKUP,6,A+,47800.5696,47692.442481259,48070.88739685251,108.12711874100205,38.395037481992055,0,1,1,1,1,1,True,9085,-1.0
9095,2025-10-28 20:30:00,20,1,MARKUP,5,A,47810.195999999996,47692.8868621232,48103.468844691975,117.3091378767931,37.50627575359678,0,1,0,1,1,1,False,-1,
9264,2025-10-29 11:35:00,11,-1,MARKDOWN,5,A,47713.17600000001,47758.43617388731,47600.02556528174,45.26017388730543,16.412347774613398,0,1,1,1,0,1,True,9287,-1.0
9281,2025-10-29 13:00:00,13,-1,MARKDOWN,5,A,47691.975000000006,47757.58351826495,47527.95370433763,65.60851826494763,14.707036529904055,0,1,0,1,1,1,True,9287,-1.0
9295,2025-10-29 14:10:00,14,1,MARKUP,6,A+,47685.208000000006,47586.276818464794,47932.535953838036,98.93118153521209,22.90636307042296,0,1,1,1,1,1,False,-1,
9307,2025-10-29 15:10:00,15,1,MARKUP,5,A,47699.724,47587.29202287019,47980.803942824525,112.43197712981055,20.87595425962185,0,1,0,1,1,1,False,-1,
9319,2025-10-29 16:10:00,16,1,MARKUP,6,A+,47707.459500000004,47587.29628824538,48007.86752938657,120.16321175462508,20.867423509249466,0,1,1,1,1,1,False,-1,
9331,2025-10-29 17:10:00,17,1,MARKUP,5,A,47779.8294,47575.252054807446,48291.27276298139,204.5773451925561,44.955890385107864,0,1,0,1,1,1,False,-1,
9343,2025-10-29 18:10:00,18,1,MARKUP,6,A+,47812.2744,47629.18623900292,48269.99480249271,183.088160997082,42.087521994167055,0,1,1,1,1,1,False,-1,
9355,2025-10-29 19:10:00,19,1,MARKUP,6,A+,47903.7384,47780.136864963555,48212.74223759112,123.60153503644688,36.18627007290129,0,1,1,1,1,1,True,9370,-1.0
9367,2025-10-29 20:10:00,20,1,MARKUP,5,A,47908.682400000005,47790.36591360289,48204.4736159928,118.31648639711784,31.72817279423045,0,0,1,1,1,1,True,9370,-1.0
9497,2025-10-30 08:00:00,8,-1,MARKDOWN,6,A+,47688.3195,47819.373973720474,47360.68331569881,131.05447372047638,49.90794744095291,0,1,1,1,1,1,True,9503,0.48529056807054755
9509,2025-10-30 09:00:00,9,-1,MARKDOWN,4,B,47688.3195,47812.38047374692,47378.1670656327,124.06097374692035,35.92094749384697,0,0,1,0,1,1,True,9524,-1.0
9521,2025-10-30 10:00:00,10,-1,MARKDOWN,6,A+,47688.3195,47810.271235562475,47383.44016109381,121.95173556247755,31.702471124959178,0,1,1,1,1,1,True,9524,-1.0
9533,2025-10-30 11:00:00,11,-1,MARKDOWN,6,A+,47684.3025,47804.0094853338,47385.03503666549,119.70698533380346,32.17897066760774,0,1,1,1,1,1,False,-1,
9557,2025-10-30 13:00:00,13,-1,MARKDOWN,5,A,47612.9102,47716.81520927702,47353.14767680745,103.90500927701942,25.29041855403569,0,1,0,1,1,1,False,-1,
9569,2025-10-30 14:00:00,14,-1,MARKDOWN,6,A+,47608.954999999994,47710.21874323745,47355.795641906356,101.26374323745404,24.89748647490758,0,1,1,1,1,1,False,-1,
9581,2025-10-30 15:00:00,15,-1,MARKDOWN,5,A,47608.954999999994,47709.40960416699,47357.8184895825,100.45460416699643,23.279208333995435,0,1,0,1,1,1,True,9599,-1.0
9593,2025-10-30 16:00:00,16,-1,MARKDOWN,6,A+,47534.3958,47616.40096557064,47329.38288607339,82.00516557064111,31.761931141290184,0,1,1,1,1,1,True,9599,-1.0
9607,2025-10-30 17:10:00,17,1,MARKUP,6,A+,47605.8044,47383.39502568598,48161.82783578505,222.40937431401835,67.24994862802974,0,1,1,1,1,1,False,-1,
9619,2025-10-30 18:10:00,18,1,MARKUP,6,A+,47654.3184,47386.42391395689,48324.054615107765,267.89448604310746,61.19217208621665,0,1,1,1,1,1,False,-1,
9631,2025-10-30 19:10:00,19,1,MARKUP,4,B,47657.7564,47391.04529940291,48324.53415149271,266.71110059708735,51.949401194165134,0,0,1,1,0,1,False,-1,
9773,2025-10-31 08:00:00,8,-1,MARKDOWN,4,B,47602.811499999996,47655.87545641579,47470.1516089605,53.06395641579729,13.110912831580606,0,0,1,0,1,1,False,-1,
9785,2025-10-31 09:00:00,9,-1,MARKDOWN,4,B,47588.597499999996,47632.18118719747,47479.63828200631,43.58368719747523,11.722374394936992,0,1,0,0,1,1,True,9792,-1.0
9797,2025-10-31 10:00:00,10,-1,MARKDOWN,5,A,47581.7995,47621.94864741395,47481.42663146513,40.1491474139475,13.257294827898695,0,1,0,1,1,1,True,9804,-1.0
9816,2025-10-31 11:35:00,11,-1,MARKDOWN,4,B,47585.7148,47619.12603272107,47502.186718197336,33.41123272106779,14.41206544213628,0,1,1,0,0,1,True,9819,2.5
9833,2025-10-31 13:00:00,13,-1,MARKDOWN,6,A+,47587.879499999995,47622.2411713537,47501.97532161573,34.36167135370488,13.142342707411073,0,1,1,1,1,1,True,9849,-1.0
9845,2025-10-31 14:00:00,14,-1,MARKDOWN,6,A+,47569.3525,47622.78096125334,47435.78134686666,53.428461253337446,14.221922506676718,0,1,1,1,1,1,True,9849,-1.0
9861,2025-10-31 15:20:00,15,1,MARKUP,6,A+,47565.663,47484.95265234619,47767.43886913452,80.71034765381046,18.934695307615527,0,1,1,1,1,1,True,9874,-1.0
9873,2025-10-31 16:20:00,16,1,MARKUP,3,C,47565.663,47482.674859036444,47773.13335240889,82.98814096355636,23.490281927109613,0,0,0,1,0,1,True,9874,-1.0
9889,2025-10-31 17:40:00,17,1,MARKUP,4,B,47565.663,47470.7443538411,47802.959615397245,94.9186461588979,47.35129231779849,0,1,1,0,0,1,True,9900,-1.0
9905,2025-10-31 19:00:00,19,-1,MARKDOWN,6,A+,47610.956000000006,47711.70424035567,47359.085399110845,100.74824035566417,47.168480711333686,0,1,1,1,1,1,False,-1,
9917,2025-10-31 20:00:00,20,-1,MARKDOWN,6,A+,47585.362,47711.80110671594,47269.26423321015,126.43910671593767,47.36221343187626,0,1,1,1,1,1,True,9933,-1.0
10062,2025-11-03 09:05:00,9,-1,MARKDOWN,5,A,47671.7372,47730.01240519971,47526.04918700073,58.27520519970858,16.92481039941147,0,1,1,1,0,1,True,10086,2.5
10074,2025-11-03 10:05:00,10,-1,MARKDOWN,5,A,47640.652200000004,47686.84646911566,47525.16652721086,46.194269115658244,17.592938231324258,0,1,1,1,0,1,True,10082,-1.0
10093,2025-11-03 11:40:00,11,1,MARKUP,5,A,47631.4335,47570.91071115215,47782.74047211962,60.52278884784755,18.478577695698064,0,1,0,1,1,1,True,10108,-1.0
10109,2025-11-03 13:00:00,13,1,MARKUP,4,B,47631.4335,47571.341687995766,47781.66303001058,60.09181200423336,17.616624008469937,0,0,0,1,1,1,True,10116,-1.0
10121,2025-11-03 14:00:00,14,-1,MARKDOWN,5,A,47663.116500000004,47721.990989004844,47515.9302774879,58.87448900484014,15.181978009685526,0,1,1,0,1,1,False,-1,
10133,2025-11-03 15:00:00,15,-1,MARKDOWN,6,A+,47654.044,47723.74100396862,47479.80149007845,69.69700396862027,18.682007937240865,0,1,1,1,1,1,True,10151,2.5
10145,2025-11-03 16:00:00,16,-1,MARKDOWN,4,B,47649.078,47724.67718254231,47460.08004364422,75.59918254231161,20.55436508462214,0,0,0,1,1,1,True,10150,2.5
10157,2025-11-03 17:00:00,17,-1,MARKDOWN,5,A,47553.4019,47691.257439401976,47208.76305149505,137.8555394019786,39.214878803942156,0,1,0,1,1,1,False,-1,
10169,2025-11-03 18:00:00,18,-1,MARKDOWN,5,A,47474.9009,47698.592269139896,46915.67247715026,223.69136913989496,53.88453827978794,0,1,0,1,1,1,False,-1,
10181,2025-11-03 19:00:00,19,-1,MARKDOWN,4,B,47467.1759,47682.904290618295,46927.85492345427,215.7283906182929,47.508581236580824,0,0,1,1,0,1,False,-1,
10202,2025-11-03 20:45:00,20,-1,MARKDOWN,6,A+,47467.1759,47676.205253038854,46944.60251740288,209.0293530388517,34.110506077708834,0,1,1,1,1,1,False,-1,
10325,2025-11-04 08:00:00,8,-1,MARKDOWN,5,A,47238.938500000004,47331.93593517541,47006.44491206149,92.99743517540628,23.071870350813917,0,1,0,1,1,1,False,-1,
10337,2025-11-04 09:00:00,9,-1,MARKDOWN,6,A+,47197.3835,47314.11373805661,46905.55790485849,116.73023805660341,30.427476113211725,0,1,1,1,1,1,False,-1,
10349,2025-11-04 10:00:00,10,-1,MARKDOWN,6,A+,47172.7592,47296.37243875745,46863.72610310638,123.6132387574471,29.944877514886038,0,1,1,1,1,1,False,-1,
10361,2025-11-04 11:00:00,11,-1,MARKDOWN,4,B,47133.7087,47258.69725208497,46821.23731978759,124.98855208496389,30.594504169926758,0,1,0,1,0,1,False,-1,
10427,2025-11-04 16:30:00,16,-1,MARKDOWN,5,A,47025.646,47138.8705138919,46742.58471527025,113.22451389190246,37.74102778380823,0,1,1,0,1,1,True,10429,-1.0
10439,2025-11-04 17:30:00,17,1,MARKUP,6,A+,47053.042499999996,46881.552938721936,47481.76640319514,171.48956127806014,49.794122556129665,0,1,1,1,1,1,False,-1,
10451,2025-11-04 18:30:00,18,1,MARKUP,6,A+,47056.862499999996,46884.73180719422,47487.18923201443,172.13069280577474,43.43638561154733,0,1,1,1,1,1,True,10470,0.10740385516755836
10463,2025-11-04 19:30:00,19,1,MARKUP,3,C,47056.862499999996,46884.422625760584,47487.962185598524,172.43987423941144,44.05474847882126,0,0,0,0,1,1,True,10470,0.10721128208627259
10480,2025-11-04 20:55:00,20,-1,MARKDOWN,5,A,47149.7875,47321.924109141946,46719.44597714513,172.1366091419477,43.44821828389794,0,1,0,1,1,1,True,10501,0.03739762292338112
10601,2025-11-05 08:00:00,8,1,MARKUP,4,B,47056.348,46962.820024256216,47290.16793935945,93.52797574378201,23.55995148757176,0,0,1,0,1,1,False,-1,
10613,2025-11-05 09:00:00,9,1,MARKUP,5,A,47069.733,46980.8134105276,47292.031973681005,88.91958947240346,20.073178944801715,0,1,0,1,1,1,False,-1,
10626,2025-11-05 10:05:00,10,1,MARKUP,5,A,47115.155999999995,47051.99755302953,47273.05211742617,63.1584469704685,24.704893940947297,0,1,1,0,1,1,False,-1,
10638,2025-11-05 11:05:00,11,1,MARKUP,5,A,47151.5545,47101.23547154982,47277.35207112544,50.31902845017612,24.4290569003552,0,1,0,1,1,1,True,10639,-1.0
10662,2025-11-05 13:05:00,13,-1,MARKDOWN,4,B,47149.024,47225.514697230275,46957.7972569243,76.49069723027787,24.629394460562924,0,1,0,1,0,1,False,-1,
10674,2025-11-05 14:05:00,14,-1,MARKDOWN,5,A,47149.024,47225.58393452091,46957.62416369772,76.55993452091207,24.76786904181893,0,1,1,1,0,1,True,10690,-1.0
10698,2025-11-05 16:05:00,16,1,MARKUP,5,A,47100.4945,47032.98339493584,47269.27226266039,67.51110506415716,24.433210128310964,0,1,1,0,1,1,True,10703,2.5
10710,2025-11-05 17:05:00,17,1,MARKUP,6,A+,47140.6809,47018.96172250765,47444.978843730874,121.71917749234854,52.47655498468805,0,1,1,1,1,1,True,10713,2.5
10726,2025-11-05 18:25:00,18,1,MARKUP,5,A,47151.0324,47036.14301518418,47438.25586203954,114.88938481581863,51.61396963164351,1,0,1,1,0,1,True,10727,2.5
10738,2025-11-05 19:25:00,19,1,MARKUP,6,A+,47203.279500000004,47042.61734585089,47604.934885372786,160.6621541491113,44.56530829821818,0,1,1,1,1,1,False,-1,
10750,2025-11-05 20:25:00,20,1,MARKUP,5,A,47225.6265,47046.56787172285,47673.27307069287,179.05862827714736,36.664256554298284,0,1,0,1,1,1,False,-1,
10882,2025-11-06 08:25:00,8,-1,MARKDOWN,6,A+,47312.9265,47351.812852272145,47215.71061931964,38.886352272143995,13.405704544284148,0,1,1,1,1,1,True,10884,-1.0
10894,2025-11-06 09:25:00,9,-1,MARKDOWN,4,B,47318.8857,47353.16647426002,47233.183764349946,34.280774260019825,16.11294852004225,0,1,0,0,1,1,True,10918,-1.0
10906,2025-11-06 10:25:00,10,-1,MARKDOWN,5,A,47296.0612,47355.80601597026,47146.69916007434,59.7448159702617,21.392031940517874,0,1,0,1,1,1,True,10916,-1.0
10937,2025-11-06 13:00:00,13,1,MARKUP,5,A,47269.5215,47208.800787450135,47421.32328137467,60.72071254986804,15.818425099729366,0,1,0,1,1,1,False,-1,
10949,2025-11-06 14:00:00,14,1,MARKUP,5,A,47269.5215,47208.57934352609,47421.87689118477,60.94215647390956,16.261312947806605,0,1,0,1,1,1,False,-1,
10961,2025-11-06 15:00:00,15,1,MARKUP,6,A+,47279.453499999996,47208.812791525255,47456.05527118685,70.64070847474068,15.794416949493044,0,1,1,1,1,1,True,10975,-1.0
10973,2025-11-06 16:00:00,16,1,MARKUP,5,A,47322.148,47262.403629980865,47471.50892504784,59.74437001913611,17.112740038274588,1,0,0,1,1,1,True,10974,-1.0
10985,2025-11-06 17:00:00,17,-1,MARKDOWN,6,A+,47235.0464,47430.68721039782,46745.944374005456,195.6408103978174,51.45442079562816,0,1,1,1,1,1,False,-1,
10997,2025-11-06 18:00:00,18,-1,MARKDOWN,5,A,47219.2889,47436.50857441173,46676.23971397067,217.21967441173183,63.097148823465965,0,1,1,1,0,1,False,-1,
11009,2025-11-06 19:00:00,19,-1,MARKDOWN,5,A,47175.1679,47436.541841719496,46521.73304570126,261.37394171949563,63.16368343899545,0,1,0,1,1,1,False,-1,
11021,2025-11-06 20:00:00,20,-1,MARKDOWN,5,A,47175.1679,47432.82294205629,46531.03029485927,257.6550420562926,55.72588411259101,0,1,1,0,1,1,False,-1,
11168,2025-11-07 09:15:00,9,1,MARKUP,5,A,46952.5372,46883.6399802114,47124.780249471485,68.89721978859598,15.860039577200205,0,1,1,1,0,1,False,-1,
11180,2025-11-07 10:15:00,10,1,MARKUP,2,C,46955.4022,46882.922349462424,47136.60182634393,72.47985053757293,17.295301075148267,0,0,0,0,0,1,True,11197,-1.0
11192,2025-11-07 11:15:00,11,1,MARKUP,6,A+,46990.4737,46937.33393836402,47123.323104089955,53.13976163598272,21.97212327195758,0,1,1,1,1,1,True,11194,-1.0
11213,2025-11-07 13:00:00,13,-1,MARKDOWN,5,A,46993.252499999995,47070.53532615053,46800.04543462366,77.28282615053467,23.73065230105961,0,1,1,1,0,1,False,-1,
11225,2025-11-07 14:00:00,14,-1,MARKDOWN,5,A,46952.1875,47073.07222934732,46649.97567663169,120.88472934732272,28.804458694642744,0,1,0,1,1,1,False,-1,
11237,2025-11-07 15:00:00,15,-1,MARKDOWN,5,A,46938.646,47069.847821831885,46610.64144542029,131.20182183188444,27.855643663776057,0,1,0,1,1,1,False,-1,
11249,2025-11-07 16:00:00,16,-1,MARKDOWN,6,A+,46926.903999999995,47050.830012796076,46617.08896800979,123.92601279608061,27.820025592161265,0,1,1,1,1,1,False,-1,
11261,2025-11-07 17:00:00,17,-1,MARKDOWN,6,A+,46854.2929,47004.33920425321,46479.177139366984,150.04630425320647,56.3384085064166,0,1,1,1,1,1,True,11263,-1.0
11273,2025-11-07 18:00:00,18,-1,MARKDOWN,6,A+,46809.7969,46934.281812599045,46498.58461850239,124.48491259904404,60.22362519809302,0,1,1,1,1,1,False,-1,
11285,2025-11-07 19:00:00,19,-1,MARKDOWN,6,A+,46751.381,46918.558359869916,46333.43760032521,167.17735986991465,55.876719739822484,0,1,1,1,1,1,True,11302,-1.0
11297,2025-11-07 20:00:00,20,-1,MARKDOWN,4,B,46741.067,46917.58212533241,46299.77918666898,176.51512533240748,53.92425066482164,0,0,0,1,1,1,True,11302,-1.0
11429,2025-11-10 08:00:00,8,1,MARKUP,6,A+,47091.248,47057.50815898062,47175.59760254844,33.73984101937822,14.763682038760868,0,1,1,1,1,1,True,11440,2.5
11458,2025-11-10 10:25:00,10,1,MARKUP,5,A,47087.4473,47049.73905690911,47181.71790772723,37.70824309089221,18.001886181780918,0,1,1,1,0,1,False,-1,
11470,2025-11-10 11:25:00,11,1,MARKUP,5,A,47121.292499999996,47049.05821048062,47301.87822379843,72.2342895193724,19.363579038751833,0,1,0,1,1,1,False,-1,
11489,2025-11-10 13:00:00,13,1,MARKUP,5,A,47122.534,47051.74030887338,47299.51822781656,70.79369112662243,13.99938225324059,0,1,0,1,1,1,False,-1,
11501,2025-11-10 14:00:00,14,1,MARKUP,6,A+,47123.5845,47051.3173788216,47304.252302945984,72.26712117839634,14.845242356795818,0,1,1,1,1,1,False,-1,
11524,2025-11-10 15:55:00,15,1,MARKUP,4,B,47182.757999999994,47146.440201277575,47273.55249680604,36.31779872241896,16.099597444838523,0,1,1,0,0,1,True,11526,2.5
11549,2025-11-10 18:00:00,18,-1,MARKDOWN,6,A+,47203.333,47365.26459390077,46798.504015248065,161.931593900772,46.14918780154369,0,1,1,1,1,1,True,11570,-1.0
11561,2025-11-10 19:00:00,19,-1,MARKDOWN,4,B,47193.783,47365.35715494247,46764.84761264385,171.5741549424638,46.3343098849306,0,0,0,1,1,1,True,11570,-1.0
11576,2025-11-10 20:15:00,20,1,MARKUP,6,A+,47102.097,46935.808980169626,47517.81704957594,166.28801983037556,35.76203966075455,0,1,1,1,1,1,False,-1,
11711,2025-11-11 08:30:00,8,1,MARKUP,5,A,47400.590500000006,47374.28329891891,47466.358502702744,26.307201081093808,12.313402162178427,0,1,1,0,1,1,True,11714,-1.0
11744,2025-11-11 11:15:00,11,-1,MARKDOWN,5,A,47388.741200000004,47425.37465204997,47297.15756987509,36.633452049965854,13.369304099936283,0,1,0,1,1,1,True,11762,-1.0
11767,2025-11-11 13:10:00,13,1,MARKUP,6,A+,47370.2388,47334.04559803114,47460.721804922156,36.1932019688611,12.488803937723898,0,1,1,1,1,1,False,-1,
11779,2025-11-11 14:10:00,14,1,MARKUP,5,A,47371.614,47333.80817181828,47466.128570454304,37.805828181721154,12.963656363438613,0,1,0,1,1,1,False,-1,
11791,2025-11-11 15:10:00,15,1,MARKUP,5,A,47374.67,47333.44071486012,47477.7432128497,41.22928513988154,13.69857027976457,0,1,1,0,1,1,False,-1,
11803,2025-11-11 16:10:00,16,1,MARKUP,6,A+,47380.524,47339.41691242495,47483.29171893761,41.107087575044716,15.746175150099386,0,1,1,1,1,1,False,-1,
11815,2025-11-11 17:10:00,17,1,MARKUP,4,B,47425.6579,47348.71307602337,47618.019959941565,76.94482397662796,36.65384795326285,0,1,0,1,0,1,False,-1,
11827,2025-11-11 18:10:00,18,1,MARKUP,5,A,47467.5694,47364.790169926724,47724.517475183195,102.77923007327627,39.99966014656093,0,1,1,1,0,1,False,-1,
11839,2025-11-11 19:10:00,19,1,MARKUP,5,A,47518.5749,47366.206536902726,47899.49580774318,152.3683630972737,39.66692619454975,0,1,1,1,0,1,False,-1,
11851,2025-11-11 20:10:00,20,1,MARKUP,4,B,47586.7619,47368.377857816304,48132.72200545923,218.38404218369396,35.324284367393474,0,1,0,1,0,1,False,-1,
11981,2025-11-12 08:00:00,8,1,MARKUP,5,A,47983.646,47956.75499848109,48050.87350379728,26.891001518910343,9.470003037813003,0,1,0,1,1,1,False,-1,
11993,2025-11-12 09:00:00,9,1,MARKUP,6,A+,47991.174,47962.99922471578,48061.61093821055,28.17477528422023,8.981550568442922,0,1,1,1,1,1,False,-1,
12005,2025-11-12 10:00:00,10,1,MARKUP,3,C,47997.515199999994,47962.26162497095,48085.6491375726,35.2535750290408,10.456750058095682,0,0,0,1,0,1,True,12019,2.5
12017,2025-11-12 11:00:00,11,1,MARKUP,3,C,47998.2792,47960.840171097196,48091.876772257005,37.43902890280151,13.299657805602767,0,0,0,1,0,1,True,12019,2.5
12041,2025-11-12 13:00:00,13,1,MARKUP,6,A+,48016.335999999996,47989.49035990216,48083.450100244576,26.845640097832074,13.199280195671163,0,1,1,1,1,1,True,12046,2.5
12053,2025-11-12 14:00:00,14,1,MARKUP,6,A+,48020.515499999994,47987.308594874565,48103.53276281357,33.20690512542933,16.562810250861236,0,1,1,1,1,1,False,-1,
12065,2025-11-12 15:00:00,15,1,MARKUP,6,A+,48031.0205,47987.81035074433,48139.04587313917,43.21014925566851,15.559298511338232,0,1,1,1,1,1,False,-1,
12077,2025-11-12 16:00:00,16,1,MARKUP,5,A,48031.0205,47988.73208324137,48136.741541896576,42.288416758630774,13.715833517259357,0,1,0,1,1,1,False,-1,
12089,2025-11-12 17:00:00,17,1,MARKUP,5,A,48171.7684,47974.62566085633,48664.625247859185,197.14273914367368,41.92867828734005,0,1,0,1,1,1,False,-1,
12101,2025-11-12 18:00:00,18,1,MARKUP,6,A+,48171.7684,47973.128412191574,48668.368369521064,198.63998780842667,44.92317561684683,0,1,1,1,1,1,False,-1,
12113,2025-11-12 19:00:00,19,1,MARKUP,4,B,48195.5614,48011.92448822988,48654.65367942529,183.63691177011788,44.331023540224784,0,0,1,0,1,1,False,-1,
12125,2025-11-12 20:00:00,20,1,MARKUP,4,B,48210.0844,48037.92974936733,48640.471026581676,172.15465063267038,39.32050126533651,0,1,0,1,0,1,False,-1,
12257,2025-11-13 08:00:00,8,1,MARKUP,6,A+,48368.486999999994,48327.23658153501,48471.61304616244,41.25041846498061,11.066836929969158,0,1,1,1,1,1,False,-1,
12269,2025-11-13 09:00:00,9,1,MARKUP,3,C,48381.812999999995,48343.0301561722,48478.77010956948,38.78284382779384,11.47968765559517,0,0,0,0,1,1,True,12281,-1.0
12304,2025-11-13 11:55:00,11,-1,MARKDOWN,5,A,48379.345199999996,48444.51059886377,48216.43170284055,65.16539886377723,18.481197727557777,0,1,0,1,1,1,False,-1,
12317,2025-11-13 13:00:00,13,-1,MARKDOWN,5,A,48379.345199999996,48443.2448242652,48219.59613933698,63.89962426520651,15.949648530412482,0,1,1,0,1,1,False,-1,
12329,2025-11-13 14:00:00,14,-1,MARKDOWN,5,A,48356.520500000006,48442.588005209414,48141.35173697649,86.06750520940841,21.436010418826502,0,1,1,1,0,1,False,-1,
12341,2025-11-13 15:00:00,15,-1,MARKDOWN,6,A+,48341.843,48417.79185364444,48151.9708658889,75.94885364444053,19.343707288876338,0,1,1,1,1,1,False,-1,
12353,2025-11-13 16:00:00,16,-1,MARKDOWN,6,A+,48296.788,48395.112187343984,48050.97753164004,98.3241873439838,23.984374687960095,0,1,1,1,1,1,False,-1,
12365,2025-11-13 17:00:00,17,-1,MARKDOWN,6,A+,48265.827900000004,48375.2145263381,47992.36133415476,109.38662633809872,45.689052676205186,0,1,1,1,1,1,False,-1,
12377,2025-11-13 18:00:00,18,-1,MARKDOWN,5,A,48180.4724,48362.02519057149,47726.590423571266,181.55279057149164,52.31038114297507,0,1,0,1,1,1,False,-1,
12389,2025-11-13 19:00:00,19,-1,MARKDOWN,5,A,48096.9634,48319.826282272064,47539.80619431984,222.86288227206387,58.91256454412116,0,1,0,1,1,1,False,-1,
12401,2025-11-13 20:00:00,20,-1,MARKDOWN,6,A+,48073.435,48289.16909078138,47534.09977304653,215.73409078138502,55.19818156276119,0,1,1,1,1,1,False,-1,
12533,2025-11-14 08:00:00,8,-1,MARKDOWN,5,A,47517.917,47573.65954020186,47378.56064949536,55.74254020185617,18.659080403708952,0,1,1,0,1,1,False,-1,
12545,2025-11-14 09:00:00,9,-1,MARKDOWN,5,A,47499.496,47562.87730868978,47341.042728275555,63.38130868977896,22.0946173795477,0,1,1,0,1,1,False,-1,
12557,2025-11-14 10:00:00,10,-1,MARKDOWN,5,A,47467.5967,47543.99539674826,47276.59995812936,76.39869674825604,24.330793496511838,0,1,0,1,1,1,True,12569,2.5
12570,2025-11-14 11:05:00,11,-1,MARKDOWN,4,B,47449.3412,47531.31608666538,47244.40398333657,81.97488666537538,31.472173330752742,1,0,0,0,1,1,True,12571,2.5
12593,2025-11-14 13:00:00,13,-1,MARKDOWN,6,A+,47433.4277,47501.93126863664,47262.168778408406,68.5035686366391,24.20253727326895,0,1,1,1,1,1,False,-1,
12605,2025-11-14 14:00:00,14,-1,MARKDOWN,5,A,47364.0065,47485.27066647928,47060.846083801815,121.26416647927545,29.18133295855356,0,1,0,1,1,1,False,-1,
12617,2025-11-14 15:00:00,15,-1,MARKDOWN,6,A+,47342.901,47488.17734085913,46979.710147852165,145.2763408591345,34.99468171826753,0,1,1,1,1,1,False,-1,
12629,2025-11-14 16:00:00,16,-1,MARKDOWN,4,B,47316.5455,47483.45625331824,46899.2686167044,166.91075331823959,36.05250663648211,0,0,0,1,1,1,False,-1,
12641,2025-11-14 17:00:00,17,-1,MARKDOWN,5,A,47209.3614,47452.854697505,46600.62815623751,243.493297504996,68.8493950099886,0,1,0,1,1,1,True,12657,0.10982396753426157
12653,2025-11-14 18:00:00,18,-1,MARKDOWN,6,A+,47166.4724,47388.859832263646,46610.50381934088,222.3874322636475,72.85966452729447,1,0,1,1,1,1,True,12655,-0.02314699148062122
12809,2025-11-17 08:00:00,8,1,MARKUP,3,C,47170.724500000004,47127.15688163124,47279.64354592191,43.56761836876103,10.92623673751362,0,0,0,0,1,1,False,-1,
12821,2025-11-17 09:00:00,9,1,MARKUP,5,A,47172.733,47129.81954869982,47280.01662825044,42.91345130017726,12.100902600365142,0,1,1,1,0,1,False,-1,
12833,2025-11-17 10:00:00,10,1,MARKUP,6,A+,47224.4087,47177.72004595741,47341.13033510648,46.688654042591224,14.799908085186656,0,1,1,1,1,1,True,12845,-1.0
12845,2025-11-17 11:00:00,11,1,MARKUP,5,A,47233.158200000005,47174.26725139104,47380.38557152243,58.890948608968756,22.205497217925192,1,0,0,1,1,1,True,12846,-1.0
12869,2025-11-17 13:00:00,13,-1,MARKDOWN,6,A+,47239.8955,47322.40765410489,47033.61511473777,82.51215410489385,23.875308209779757,0,1,1,1,1,1,False,-1,
12881,2025-11-17 14:00:00,14,-1,MARKDOWN,5,A,47239.8955,47323.5708220915,47030.707194771254,83.67532209149795,26.201644182996784,0,1,1,0,1,1,False,-1,
12893,2025-11-17 15:00:00,15,-1,MARKDOWN,5,A,47239.8955,47322.33786945115,47033.789576372124,82.44236945114972,23.735738902291995,0,1,0,1,1,1,False,-1,
12905,2025-11-17 16:00:00,16,-1,MARKDOWN,5,A,47177.0365,47269.55446284354,46945.741592891165,92.51796284353622,25.168925687072456,0,1,0,1,1,1,True,12912,2.5
12917,2025-11-17 17:00:00,17,-1,MARKDOWN,5,A,47150.7191,47253.569718720246,46893.59255319939,102.8506187202438,45.29943744049412,0,1,1,0,1,1,True,12918,2.5
12929,2025-11-17 18:00:00,18,-1,MARKDOWN,6,A+,47150.7191,47260.81744562937,46875.473235926576,110.09834562936885,59.79489125874247,0,1,1,1,1,1,True,12939,2.5
12948,2025-11-17 19:35:00,19,-1,MARKDOWN,5,A,47096.169499999996,47257.48929067207,46692.87002331981,161.3197906720743,53.13858134414346,1,0,1,1,0,1,True,12949,2.5
12960,2025-11-17 20:35:00,20,-1,MARKDOWN,6,A+,47096.169499999996,47255.379996982825,46698.14325754292,159.21049698282877,48.91999396565038,0,1,1,1,1,1,False,-1,
13085,2025-11-18 08:00:00,8,-1,MARKDOWN,4,B,46556.3745,46708.27000617275,46176.63573456812,151.8955061727538,28.560012345506088,0,1,0,0,1,1,False,-1,
13097,2025-11-18 09:00:00,9,-1,MARKDOWN,6,A+,46553.471699999995,46706.81883555393,46170.10386111515,153.34713555393682,31.157671107873696,0,1,1,1,1,1,True,13116,2.5
13112,2025-11-18 10:15:00,10,-1,MARKDOWN,5,A,46494.666699999994,46621.790007996016,46176.85843000994,127.12330799602205,34.10001599203656,0,0,1,1,1,1,True,13116,2.5
13145,2025-11-18 13:00:00,13,-1,MARKDOWN,6,A+,46464.7555,46570.38257733103,46200.68780667242,105.62707733103161,28.08515466206453,0,1,1,1,1,1,False,-1,
13157,2025-11-18 14:00:00,14,-1,MARKDOWN,6,A+,46459.312,46571.91136004054,46177.81359989864,112.5993600405418,31.14272008108854,0,1,1,1,1,1,False,-1,
13169,2025-11-18 15:00:00,15,-1,MARKDOWN,5,A,46413.66299999999,46574.35082164491,46011.94344588769,160.68782164491859,36.0216432898272,0,1,0,1,1,1,False,-1,
13181,2025-11-18 16:00:00,16,-1,MARKDOWN,5,A,46385.852999999996,46529.960508190576,46025.58422952355,144.10750819058012,37.24101638116459,0,1,1,0,1,1,False,-1,
13193,2025-11-18 17:00:00,17,-1,MARKDOWN,5,A,46306.416399999995,46532.30043871066,45741.70630322333,225.8840387106684,69.92087742134015,0,1,1,0,1,1,False,-1,
13205,2025-11-18 18:00:00,18,-1,MARKDOWN,5,A,46237.806899999996,46470.63264243429,45655.74254391425,232.82574243429553,82.08528486858896,0,1,1,0,1,1,True,13211,0.33409922453893154
13217,2025-11-18 19:00:00,19,-1,MARKDOWN,4,B,46182.156,46377.229038120124,45694.473404699704,195.07303812012105,75.37807624025216,0,0,1,0,1,1,True,13225,-1.0
13361,2025-11-19 08:00:00,8,-1,MARKDOWN,4,B,46123.325,46211.248148351195,45903.517129122,87.9231483511976,24.956296702390347,0,0,0,1,1,1,True,13373,-1.0
13421,2025-11-19 13:00:00,13,1,MARKUP,6,A+,46121.392,46054.29726369612,46289.1288407597,67.09473630387947,22.645472607762187,0,1,1,1,1,1,False,-1,
13433,2025-11-19 14:00:00,14,1,MARKUP,3,C,46125.212,46055.55535228223,46299.35361929442,69.65664771776937,20.129295435551317,0,0,0,0,1,1,False,-1,
13445,2025-11-19 15:00:00,15,1,MARKUP,5,A,46132.1835,46055.38917247917,46324.16931880207,76.79432752083085,20.46165504166702,0,1,0,1,1,1,True,13458,-1.0
13468,2025-11-19 16:55:00,16,1,MARKUP,5,A,46117.9695,46020.39810078946,46361.89799802634,97.57139921053749,44.443798421077545,0,1,1,0,1,1,True,13478,-1.0
13482,2025-11-19 18:05:00,18,-1,MARKDOWN,5,A,46187.839,46345.6833023682,45793.22824407951,157.84430236819753,51.7266047363944,0,1,0,1,1,1,False,-1,
13494,2025-11-19 19:05:00,19,-1,MARKDOWN,5,A,46172.177,46348.53033074713,45731.29367313218,176.3533307471298,57.4206614942712,0,1,1,0,1,1,True,13512,-1.0
13506,2025-11-19 20:05:00,20,-1,MARKDOWN,3,C,46168.166,46352.2461353166,45707.96566170849,184.08013531660254,64.85227063320009,0,0,0,0,1,1,True,13512,-1.0
13637,2025-11-20 08:00:00,8,1,MARKUP,5,A,46404.855500000005,46354.1521982984,46531.613754254024,50.703301701607415,13.355603403210674,0,0,1,1,1,1,True,13642,-1.0
13649,2025-11-20 09:00:00,9,1,MARKUP,4,B,46409.7995,46362.09123996244,46529.070150093896,47.70826003755792,13.477520075118319,0,0,0,1,1,1,True,13659,-1.0
13662,2025-11-20 10:05:00,10,1,MARKUP,5,A,46419.8092,46362.20912634362,46563.80938414096,57.60007365638012,19.24174731276274,0,0,1,1,1,1,True,13663,-1.0
13715,2025-11-20 14:30:00,14,1,MARKUP,6,A+,46387.443,46309.32747525037,46582.731811874066,78.1155247496281,25.205049499251405,0,1,1,1,1,1,True,13726,2.5
13727,2025-11-20 15:30:00,15,1,MARKUP,6,A+,46404.633,46305.367137899935,46652.797655250164,99.26586210006644,33.125724200126534,0,1,1,1,1,1,False,-1,
13739,2025-11-20 16:30:00,16,1,MARKUP,6,A+,46504.4114,46298.69557419297,47018.700964517564,205.7158258070267,46.468851614066594,0,1,1,1,1,1,True,13760,-1.0
13751,2025-11-20 17:30:00,17,1,MARKUP,5,A,46528.8594,46288.11608571292,47130.7176857177,240.74331428707956,67.62782857416107,0,1,0,1,1,1,True,13760,-1.0
13771,2025-11-20 19:10:00,19,-1,MARKDOWN,5,A,46519.3085,46929.46034541209,45493.928886469774,410.15184541208873,99.66069082417704,0,1,1,1,0,1,False,-1,
13783,2025-11-20 20:10:00,20,-1,MARKDOWN,4,B,46446.632999999994,46936.47020692522,45222.039982686925,489.8372069252291,113.68041385045059,0,1,0,1,0,1,False,-1,
13918,2025-11-21 08:25:00,8,-1,MARKDOWN,6,A+,45970.778000000006,46039.70999812779,45798.44800468054,68.93199812778766,26.319996255576584,0,1,1,1,1,1,False,-1,
13930,2025-11-21 09:25:00,9,-1,MARKDOWN,4,B,45970.778000000006,46038.563688317736,45801.31377920568,67.78568831773009,24.02737663547073,0,1,0,0,1,1,True,13946,2.5
13942,2025-11-21 10:25:00,10,-1,MARKDOWN,5,A,45929.3692,46046.19247578935,45637.311010526624,116.82327578934928,39.284951578695875,1,0,0,1,1,1,True,13946,-1.0
13955,2025-11-21 11:30:00,11,-1,MARKDOWN,5,A,45914.908,46022.73013818098,45645.35265454756,107.82213818097807,39.160276361963874,1,0,1,0,1,1,True,13956,-1.0
13982,2025-11-21 13:45:00,13,-1,MARKDOWN,6,A+,45909.942,46022.062393441745,45629.641016395646,112.12039344174264,37.82478688348413,1,0,1,1,1,1,True,13991,-1.0
13998,2025-11-21 15:05:00,15,1,MARKUP,5,A,45888.457,45731.281368278665,46281.39607930335,157.17563172133669,55.73726344267583,0,1,0,1,1,1,True,14015,2.5
14010,2025-11-21 16:05:00,16,1,MARKUP,5,A,45888.457,45738.87886631121,46262.40233422199,149.5781336887958,40.54226737759344,0,1,0,1,1,1,True,14015,2.5
14022,2025-11-21 17:05:00,17,1,MARKUP,4,B,45888.457,45723.308341118376,46301.32864720406,165.14865888162603,71.68331776325601,0,1,1,0,0,1,True,14023,2.5
14037,2025-11-21 18:20:00,18,1,MARKUP,5,A,45899.1175,45726.59608153031,46330.42104617422,172.5214184696888,99.60783693937736,0,1,1,0,1,1,False,-1,
14049,2025-11-21 19:20:00,19,1,MARKUP,5,A,46055.6204,45739.46931753156,46845.99810617109,316.1510824684374,84.36136493688363,0,1,0,1,1,1,False,-1,
14061,2025-11-21 20:20:00,20,1,MARKUP,5,A,46060.07,45752.25198268068,46829.6150432983,307.81801731931773,73.19603463862684,0,1,1,1,0,1,False,-1,
14205,2025-11-24 09:20:00,9,1,MARKUP,5,A,46376.304,46331.08136766868,46489.36058082829,45.22263233131525,16.33726466263039,0,1,1,0,1,1,True,14213,-1.0
14217,2025-11-24 10:20:00,10,1,MARKUP,5,A,46382.0722,46326.5692942885,46520.82946427876,55.502905711502535,25.361411422995847,0,1,1,1,0,1,True,14227,-1.0
14233,2025-11-24 11:40:00,11,-1,MARKDOWN,4,B,46349.7805,46477.41997747775,46030.68180630563,127.63947747775092,39.639954955509225,0,1,0,1,0,1,False,-1,
14249,2025-11-24 13:00:00,13,-1,MARKDOWN,6,A+,46349.7805,46475.76024983302,46034.83112541745,125.97974983302265,36.320499666051276,0,1,1,1,1,1,True,14266,-1.0
14261,2025-11-24 14:00:00,14,-1,MARKDOWN,4,B,46349.7805,46474.05953084748,46039.0829228813,124.27903084747959,32.91906169495697,0,0,1,0,1,1,True,14266,-1.0
14278,2025-11-24 15:25:00,15,1,MARKUP,5,A,46283.169499999996,46161.2441309372,46587.982922656985,121.92536906279565,28.211738125588976,0,1,0,1,1,1,True,14293,-1.0
14290,2025-11-24 16:25:00,16,1,MARKUP,5,A,46280.782,46159.51252722379,46583.95568194051,121.26947277620638,31.674945552409316,0,1,0,1,1,1,True,14293,-1.0
14302,2025-11-24 17:25:00,17,1,MARKUP,5,A,46245.6796,46085.55237581544,46645.99766046142,160.12722418456542,65.99524836912404,0,1,0,1,1,1,False,-1,
14314,2025-11-24 18:25:00,18,1,MARKUP,5,A,46304.966,46092.01952926666,46837.33217683335,212.94647073333908,53.06094146668014,0,1,0,1,1,1,False,-1,
14326,2025-11-24 19:25:00,19,1,MARKUP,4,B,46304.966,46095.27843113213,46829.184922169676,209.68756886787014,46.54313773574993,0,0,0,1,1,1,False,-1,
14338,2025-11-24 20:25:00,20,1,MARKUP,5,A,46304.966,46099.31707962207,46819.088300944815,205.64892037792742,38.46584075586473,0,1,0,1,1,1,False,-1,
14474,2025-11-25 08:45:00,8,-1,MARKDOWN,6,A+,46418.994,46452.76866227583,46334.55734431043,33.77466227582772,11.777324551655692,0,1,1,1,1,1,True,14481,-1.0
14491,2025-11-25 10:10:00,10,-1,MARKDOWN,6,A+,46426.4718,46467.34415267546,46324.290918311344,40.872352675462025,16.728305350921442,0,1,1,1,1,1,True,14492,-1.0
14506,2025-11-25 11:25:00,11,-1,MARKDOWN,6,A+,46425.364,46469.87857715837,46314.07755710407,44.51457715837023,21.797154316741867,0,1,1,1,1,1,True,14523,-1.0
14525,2025-11-25 13:00:00,13,-1,MARKDOWN,5,A,46423.836,46468.94292731655,46311.06868170863,45.106927316548536,19.925854633091376,0,0,1,1,1,1,True,14537,-1.0
14547,2025-11-25 14:50:00,14,1,MARKUP,5,A,46435.358,46352.59052866333,46642.27667834168,82.76747133667232,28.778942673346723,1,0,0,1,1,1,True,14549,2.5
14559,2025-11-25 15:50:00,15,1,MARKUP,6,A+,46435.358,46352.449783683864,46642.62854079034,82.90821631613653,29.060432632277468,0,1,1,1,1,1,True,14570,-1.0
14571,2025-11-25 16:50:00,16,1,MARKUP,5,A,46525.0715,46314.493770392735,47051.515824018155,210.57772960726288,74.87245921453267,1,0,0,1,1,1,True,14572,2.5
14583,2025-11-25 17:50:00,17,1,MARKUP,5,A,46552.7665,46308.73248148224,47162.85154629439,244.0340185177556,86.3950370355096,0,1,0,1,1,1,False,-1,
14595,2025-11-25 18:50:00,18,1,MARKUP,6,A+,46555.727,46319.5441265596,47146.18418360099,236.1828734403971,64.77174688079234,0,1,1,1,1,1,False,-1,
14607,2025-11-25 19:50:00,19,1,MARKUP,5,A,46618.6615,46328.47082718059,47344.13818204854,290.19067281941534,46.91834563882858,0,1,0,1,1,1,False,-1,
14619,2025-11-25 20:50:00,20,1,MARKUP,6,A+,46618.6615,46333.88157374474,47330.61131563816,284.7799262552653,36.096852510520804,0,1,1,1,1,1,False,-1,
14741,2025-11-26 08:00:00,8,1,MARKUP,4,B,47206.643000000004,47179.245878790054,47275.13580302488,27.397121209949546,7.808242419891511,0,1,0,1,0,1,False,-1,
14753,2025-11-26 09:00:00,9,1,MARKUP,5,A,47221.941,47197.88890803574,47282.071229910645,24.05209196425858,9.522183928526221,0,1,1,0,1,1,True,14777,-1.0
14765,2025-11-26 10:00:00,10,1,MARKUP,5,A,47233.2482,47196.79092164704,47324.3913958824,36.45727835295838,11.718156705916677,0,1,0,1,1,1,True,14777,-1.0
14820,2025-11-26 14:35:00,14,-1,MARKDOWN,6,A+,47224.877,47293.22321086575,47054.01147283563,68.34621086574771,20.946421731494695,0,1,1,1,1,1,True,14832,-1.0
14837,2025-11-26 16:00:00,16,1,MARKUP,5,A,47176.899,47121.06532845503,47316.48317886242,55.83367154496955,20.369343089942998,0,1,0,1,1,1,False,-1,
14849,2025-11-26 17:00:00,17,1,MARKUP,5,A,47241.4379,47109.94342253611,47570.17409365971,131.49447746388614,42.61315492777985,0,1,0,1,1,1,False,-1,
14861,2025-11-26 18:00:00,18,1,MARKUP,6,A+,47255.4764,47108.80090390964,47622.16514022589,146.67549609035632,44.89819218070785,0,1,1,1,1,1,False,-1,
14873,2025-11-26 19:00:00,19,1,MARKUP,6,A+,47301.316399999996,47113.23464942443,47771.52077643892,188.08175057556946,36.030701151141116,0,1,1,1,1,1,False,-1,
14885,2025-11-26 20:00:00,20,1,MARKUP,6,A+,47318.9599,47135.43531944621,47777.77135138448,183.52458055379248,35.12936110758756,0,1,1,1,1,1,False,-1,
15017,2025-11-27 08:00:00,8,1,MARKUP,5,A,47469.711,47452.57238346643,47512.55754133393,17.13861653357162,7.155233067145337,1,0,0,1,1,1,True,15018,-1.0
15036,2025-11-27 09:35:00,9,-1,MARKDOWN,6,A+,47471.3467,47496.53458475057,47408.37698812359,25.18788475056499,9.76916950113044,0,1,1,1,1,1,True,15044,2.5
15048,2025-11-27 10:35:00,10,1,MARKUP,6,A+,47452.0053,47420.90761456673,47529.74951358317,31.097685433269362,13.184770866542367,0,1,1,1,1,1,True,15052,-1.0
15060,2025-11-27 11:35:00,11,-1,MARKDOWN,6,A+,47467.144700000004,47498.45670038571,47388.864699035745,31.31200038570387,13.613400771416522,0,1,1,1,1,1,False,-1,
15077,2025-11-27 13:00:00,13,-1,MARKDOWN,4,B,47454.676,47491.85333737204,47361.73265656989,37.17733737204253,11.706674744077333,0,0,0,1,1,1,True,15090,-1.0
15089,2025-11-27 14:00:00,14,-1,MARKDOWN,3,C,47454.676,47491.549664324884,47362.49183918779,36.873664324884885,11.099328649764432,0,0,0,1,0,1,True,15090,-1.0
15102,2025-11-27 15:05:00,15,-1,MARKDOWN,5,A,47454.676,47491.11270022933,47363.584249426676,36.43670022932929,10.225400458659804,0,1,1,0,1,1,True,15107,-1.0
15123,2025-11-27 16:50:00,16,1,MARKUP,5,A,47432.7455,47398.05433328819,47519.47341677951,34.69116671180382,11.891333423611837,0,1,0,1,1,1,True,15137,2.5
15135,2025-11-27 17:50:00,17,1,MARKUP,4,B,47439.2884,47408.89095742316,47515.282006442096,30.39744257683924,10.218085153677528,1,0,0,1,0,1,True,15136,2.5
15147,2025-11-27 18:50:00,18,-1,MARKDOWN,6,A+,47454.9116,47486.23690114088,47376.598347147796,31.325301140881493,12.073802281772561,0,1,1,1,1,1,True,15162,-1.0
15159,2025-11-27 19:50:00,19,-1,MARKDOWN,5,A,47454.9116,47485.67858436923,47377.99413907693,30.76698436922743,10.957168738462933,0,0,1,1,1,1,True,15162,-1.0
15213,2025-11-28 15:35:00,15,1,MARKUP,5,A,47475.775519999996,47416.98865495567,47622.74268261081,58.78686504432699,14.92269008865044,0,1,1,0,1,1,True,15219,2.5
15226,2025-11-28 16:40:00,16,1,MARKUP,6,A+,47495.6081,47428.572798912086,47663.19635271978,67.03530108791165,31.274402175833128,0,1,1,1,1,1,False,-1,
15238,2025-11-28 17:40:00,17,1,MARKUP,5,A,47554.2451,47426.321520606274,47874.054048484315,127.92357939372596,35.77695878744331,0,1,0,1,1,1,False,-1,
15250,2025-11-28 18:40:00,18,1,MARKUP,6,A+,47566.3736,47426.86126485125,47915.15443787187,139.51233514874912,34.69747029750266,0,1,1,1,1,1,False,-1,
15262,2025-11-28 19:40:00,19,1,MARKUP,3,C,47566.3736,47428.888479575406,47910.08640106148,137.48512042459333,30.64304084918647,0,0,0,0,1,1,False,-1,
15354,2025-12-01 08:00:00,8,-1,MARKDOWN,5,A,47525.4335,47589.19396022163,47366.03234944592,63.76046022163064,12.347920443261188,0,1,0,1,1,1,False,-1,
15366,2025-12-01 09:00:00,9,-1,MARKDOWN,6,A+,47506.8935,47559.40791755621,47375.60745610947,52.51441755620908,12.77583511242588,0,1,1,1,1,1,True,15381,-1.0
15378,2025-12-01 10:00:00,10,-1,MARKDOWN,6,A+,47486.9142,47530.430456233094,47378.12355941726,43.51625623309519,16.820912466201804,0,1,1,1,1,1,True,15379,-1.0
15414,2025-12-01 13:00:00,13,-1,MARKDOWN,6,A+,47505.825000000004,47561.521185456724,47366.584536358205,55.69618545671983,17.802370913449028,0,1,1,1,1,1,True,15420,-1.0
15432,2025-12-01 14:30:00,14,-1,MARKDOWN,5,A,47511.555,47562.10570900131,47385.17822749672,50.5507090013125,18.971418002625065,0,1,1,1,0,1,True,15442,-1.0
15448,2025-12-01 15:50:00,15,-1,MARKDOWN,5,A,47519.2905,47562.72454389481,47410.705390262985,43.434043894805654,20.209087789608542,0,1,1,0,1,1,True,15457,-1.0
15461,2025-12-01 16:55:00,16,1,MARKUP,6,A+,47511.771400000005,47381.48876336714,47837.47799158217,130.28263663286634,40.76247326572638,0,1,1,1,1,1,True,15465,-1.0
15475,2025-12-01 18:05:00,18,-1,MARKDOWN,6,A+,47557.6845,47716.7953524366,47159.907368908505,159.1108524365991,54.45070487320076,0,1,1,1,1,1,True,15482,1.6942558968906274
15487,2025-12-01 19:05:00,19,-1,MARKDOWN,5,A,47557.6845,47710.973014933545,47174.463212666145,153.2885149335416,42.80602986708757,1,0,0,1,1,1,True,15501,1.8907124263396784
15500,2025-12-01 20:10:00,20,1,MARKUP,5,A,47476.2055,47326.27480458934,47851.03223852664,149.9306954106578,36.0903908213172,0,1,1,0,1,1,True,15512,-1.0
15630,2025-12-02 08:00:00,8,-1,MARKDOWN,5,A,47283.1485,47321.57459163466,47187.08327091337,38.42609163465386,9.429183269319244,0,1,1,0,1,1,True,15646,-1.0
15654,2025-12-02 10:00:00,10,-1,MARKDOWN,5,A,47262.1593,47294.634980212286,47180.97009946928,32.475680212286534,12.349960424575702,0,1,1,0,1,1,True,15660,-1.0
15690,2025-12-02 13:00:00,13,1,MARKUP,5,A,47283.678,47209.950512680196,47467.99671829951,73.72748731980391,14.518974639611725,0,1,0,1,1,1,False,-1,
15702,2025-12-02 14:00:00,14,1,MARKUP,3,C,47283.678,47211.21564549653,47464.833886258675,72.46235450347012,11.988709006945289,0,0,0,1,0,1,False,-1,
15714,2025-12-02 15:00:00,15,1,MARKUP,4,B,47283.678,47209.95447318935,47467.98681702663,73.7235268106524,14.511053621297481,0,0,1,1,0,1,True,15734,2.5
15726,2025-12-02 16:00:00,16,1,MARKUP,5,A,47360.167499999996,47298.06223375886,47515.43066560284,62.10526624113845,16.295532482289477,0,1,1,1,0,1,True,15732,-1.0
15738,2025-12-02 17:00:00,17,1,MARKUP,6,A+,47351.4416,47255.72015943217,47590.74520141957,95.72144056783145,43.37968113567156,0,1,1,1,1,1,True,15744,2.5
15750,2025-12-02 18:00:00,18,1,MARKUP,6,A+,47407.29,47249.49566808397,47801.77582979009,157.79433191603312,55.82866383206974,0,1,1,1,1,1,True,15754,0.986283842456474
15762,2025-12-02 19:00:00,19,1,MARKUP,5,A,47407.29,47248.11197768723,47805.23505578193,159.17802231277165,58.59604462555249,0,0,1,1,1,1,True,15773,1.087650150972546
15906,2025-12-03 08:00:00,8,1,MARKUP,3,C,47582.6235,47552.44655453874,47658.065863653144,30.176945461258583,7.44689092251588,0,0,0,0,1,1,True,15909,-1.0
15922,2025-12-03 09:20:00,9,1,MARKUP,5,A,47586.176999999996,47555.536874964964,47662.777312587576,30.640125035031815,12.766250070063657,0,1,1,1,0,1,True,15926,-1.0
15940,2025-12-03 10:50:00,10,1,MARKUP,6,A+,47582.2218,47547.484839888144,47669.06420027964,34.736960111855296,16.070320223703813,0,1,1,1,1,1,True,15943,-1.0
15952,2025-12-03 11:50:00,11,1,MARKUP,6,A+,47582.2218,47547.28969973601,47669.55205065998,34.93210026399174,16.46060052797154,0,1,1,1,1,1,True,15961,-1.0
15982,2025-12-03 14:20:00,14,1,MARKUP,6,A+,47569.178499999995,47534.86585729349,47654.96010676626,34.31264270650718,13.808285413018293,0,1,1,1,1,1,True,16002,-1.0
15994,2025-12-03 15:20:00,15,1,MARKUP,5,A,47576.2455,47534.27539337592,47681.170766560186,41.970106624074106,14.989213248143995,1,0,0,1,1,1,True,16001,-1.0
16006,2025-12-03 16:20:00,16,-1,MARKDOWN,5,A,47537.284,47646.7010146338,47263.7414634155,109.41701463380014,29.362029267604676,0,1,0,1,1,1,True,16009,-1.0
16022,2025-12-03 17:40:00,17,1,MARKUP,4,B,47515.1224,47357.74976139211,47908.55399651973,157.37263860789244,52.5404772157786,0,1,0,1,0,1,False,-1,
16034,2025-12-03 18:40:00,18,1,MARKUP,5,A,47542.6264,47359.517157679504,48000.399505801244,183.1092423204973,49.005684640981976,0,1,0,1,1,1,False,-1,
16046,2025-12-03 19:40:00,19,1,MARKUP,6,A+,47565.9284,47362.23660099871,48075.15789750322,203.69179900128802,43.5667980025779,0,1,1,1,1,1,False,-1,
16058,2025-12-03 20:40:00,20,1,MARKUP,6,A+,47589.4214,47366.43988698079,48146.875182548014,222.98151301920734,35.160226038414095,0,1,1,1,1,1,False,-1,
16182,2025-12-04 08:00:00,8,1,MARKUP,5,A,47941.885,47921.878375540866,47991.90156114784,20.00662445913622,7.543248918264374,0,1,1,0,1,1,True,16185,-1.0
16194,2025-12-04 09:00:00,9,1,MARKUP,6,A+,47941.885,47921.74844434646,47992.226389133866,20.136555653545656,7.8031113070858344,0,1,1,1,1,1,True,16206,-1.0
16228,2025-12-04 11:50:00,11,1,MARKUP,6,A+,47933.355,47896.396893783465,48025.75026554135,36.958106216538,14.706212433072805,0,1,1,1,1,1,True,16237,2.5
16243,2025-12-04 13:05:00,13,1,MARKUP,5,A,47933.355,47897.33791206457,48023.397719838584,36.017087935433665,12.824175870860811,0,1,1,0,1,1,True,16266,2.5
16255,2025-12-04 14:05:00,14,1,MARKUP,5,A,47931.3495,47898.16911103841,48014.30047240396,33.18038896158396,11.161777923171655,0,1,1,0,1,1,True,16266,2.5
16270,2025-12-04 15:20:00,15,1,MARKUP,4,B,47930.108,47897.210010384224,48012.352974039444,32.89798961577617,13.079979231553859,0,1,1,0,0,1,True,16272,2.5
16283,2025-12-04 16:25:00,16,-1,MARKDOWN,5,A,47945.9145,47982.12093375003,47855.39841562491,36.20643375003419,18.74186750006364,0,1,1,0,1,1,True,16284,-1.0
16295,2025-12-04 17:25:00,17,-1,MARKDOWN,5,A,47971.899999999994,48100.672648656444,47649.96837835887,128.77264865644975,47.445297312897154,0,1,0,1,1,1,False,-1,
16307,2025-12-04 18:25:00,18,-1,MARKDOWN,5,A,47971.899999999994,48100.91304702305,47649.367382442346,129.01304702305788,47.92609404611118,0,1,1,0,1,1,False,-1,
16319,2025-12-04 19:25:00,19,-1,MARKDOWN,5,A,47966.17,48097.42220788052,47638.0394802987,131.25220788051956,40.94441576104393,0,1,0,1,1,1,False,-1,
16334,2025-12-04 20:40:00,20,-1,MARKDOWN,5,A,47966.17,48094.090642984105,47646.368392539734,127.92064298410696,34.28128596821039,0,0,1,1,1,1,False,-1,
16458,2025-12-05 08:00:00,8,1,MARKUP,5,A,47891.741,47866.46303358485,47954.93591603788,25.27796641515306,8.153932830304468,0,1,1,1,0,1,True,16463,-1.0
16484,2025-12-05 10:10:00,10,1,MARKUP,5,A,47885.8582,47865.177447425005,47937.56008143749,20.680752574997314,10.725105149991784,0,1,1,0,1,1,True,16487,-1.0
16501,2025-12-05 11:35:00,11,-1,MARKDOWN,6,A+,47898.354999999996,47930.53026497003,47817.91683757491,32.17526497003564,12.780529940068563,0,1,1,1,1,1,True,16524,-1.0
16518,2025-12-05 13:00:00,13,-1,MARKDOWN,4,B,47894.6305,47929.16378507555,47808.29728731112,34.53328507555125,10.047570151095744,0,0,0,1,1,1,True,16523,-1.0
16530,2025-12-05 14:00:00,14,1,MARKUP,6,A+,47883.275499999996,47840.1698404499,47991.039648875245,43.10565955009952,13.44031910020689,0,1,1,1,1,1,True,16548,-1.0
16542,2025-12-05 15:00:00,15,1,MARKUP,5,A,47883.275499999996,47840.53348800138,47990.13052999653,42.742011998612725,12.713023997237054,0,1,1,1,0,1,True,16548,-1.0
16554,2025-12-05 16:00:00,16,-1,MARKDOWN,4,B,47876.245,47951.94035504148,47687.00661239631,75.69535504147643,19.60071008295851,0,1,0,1,0,1,True,16557,-1.0
16566,2025-12-05 17:00:00,17,1,MARKUP,6,A+,47900.3604,47751.02422267192,48273.70084332019,149.3361773280776,37.231554656155645,0,1,1,1,1,1,True,16586,0.3292544437640189
16578,2025-12-05 18:00:00,18,1,MARKUP,5,A,47909.528399999996,47747.91667565934,48313.55771085163,161.6117243406552,43.44664868131265,0,1,0,1,1,1,True,16585,0.2521574481446933
16590,2025-12-05 19:00:00,19,1,MARKUP,4,B,47909.528399999996,47748.64176023026,48311.744999424336,160.88663976973476,41.99647953946997,1,0,0,0,1,1,True,16591,0.2284316463604629
16602,2025-12-05 20:00:00,20,1,MARKUP,6,A+,47909.528399999996,47750.39758224375,48307.35544439061,159.13081775624596,38.484835512496254,0,1,1,1,1,1,False,-1,
16734,2025-12-08 08:00:00,8,1,MARKUP,4,B,47949.936,47924.20546475727,48014.262338106826,25.730535242728365,7.149070485458179,0,1,0,0,1,1,False,-1,
16746,2025-12-08 09:00:00,9,1,MARKUP,4,B,47959.3745,47938.59512631138,48011.322934221535,20.779373688616033,7.369747377240188,0,0,1,1,0,1,True,16760,-1.0
16758,2025-12-08 10:00:00,10,1,MARKUP,4,B,47968.9997,47945.62581610385,48027.43440974038,23.3738838961508,9.808367792305017,0,0,0,1,1,1,True,16759,-1.0
16781,2025-12-08 11:55:00,11,-1,MARKDOWN,5,A,47973.9545,48004.836767135195,47896.74883216201,30.882267135195434,11.913534270390178,0,1,1,0,1,1,True,16792,-1.0
16794,2025-12-08 13:00:00,13,-1,MARKDOWN,5,A,47973.9545,48005.02866424263,47896.26908939343,31.074164242629195,12.297328485260618,0,1,1,0,1,1,True,16807,-1.0
16812,2025-12-08 14:30:00,14,1,MARKUP,4,B,47957.0275,47927.53332753354,48030.76293116613,29.494172466453165,12.193344932905907,0,1,0,0,1,1,True,16819,-1.0
16827,2025-12-08 15:45:00,15,1,MARKUP,5,A,47957.409499999994,47925.870951630146,48036.255870924615,31.538548369848286,15.518096739704871,0,1,1,1,0,1,True,16836,-1.0
16839,2025-12-08 16:45:00,16,-1,MARKDOWN,5,A,47927.6134,48035.657591736745,47657.502920658146,108.0441917367425,35.55518347348929,0,1,0,1,1,1,True,16840,2.5
16851,2025-12-08 17:45:00,17,-1,MARKDOWN,6,A+,47927.6134,48040.22151673763,47646.09310815594,112.6081167376251,44.683033475252905,0,1,1,1,1,1,False,-1,
16863,2025-12-08 18:45:00,18,-1,MARKDOWN,5,A,47901.3509,48040.00986893599,47554.70347766002,138.65896893598983,44.25973787197539,0,1,0,1,1,1,False,-1,
16875,2025-12-08 19:45:00,19,-1,MARKDOWN,4,B,47897.5309,48036.73559575266,47549.51916061834,139.2046957526618,37.71119150532752,0,1,0,0,1,1,False,-1,
16887,2025-12-08 20:45:00,20,-1,MARKDOWN,6,A+,47871.4594,48036.625943158746,47458.543042103134,165.1665431587462,37.49188631749546,0,1,1,1,1,1,False,-1,
17010,2025-12-09 08:00:00,8,-1,MARKDOWN,4,B,47763.159,47784.255223532426,47710.418441168935,21.096223532425938,7.430447064847251,0,1,1,0,0,1,True,17016,-1.0
17029,2025-12-09 09:35:00,9,1,MARKUP,5,A,47755.14,47731.81842097074,47813.44394757315,23.321579029259738,8.44315805852447,0,1,0,1,1,1,False,-1,
17041,2025-12-09 10:35:00,10,1,MARKUP,5,A,47765.3012,47729.55722269637,47854.66114325908,35.743977303631254,12.965554607260755,1,0,0,1,1,1,True,17042,-1.0
17053,2025-12-09 11:35:00,11,1,MARKUP,5,A,47765.3012,47729.17552587063,47855.61538532343,36.125674129369145,13.72894825873042,1,0,0,1,1,1,True,17054,-1.0
17070,2025-12-09 13:00:00,13,1,MARKUP,6,A+,47738.62,47673.562642228455,47901.26339442887,65.05735777154769,23.154715543081892,0,1,1,1,1,1,False,-1,
17082,2025-12-09 14:00:00,14,1,MARKUP,5,A,47739.002,47675.84600006595,47896.891999835134,63.1559999340534,18.587999868110206,0,1,0,1,1,1,True,17100,2.5
17094,2025-12-09 15:00:00,15,1,MARKUP,2,C,47739.002,47676.905195472325,47894.244011319184,62.096804527674976,16.46960905535393,0,0,0,0,0,1,True,17100,2.5
17106,2025-12-09 16:00:00,16,-1,MARKDOWN,6,A+,47772.278,47835.55401840614,47614.08795398465,63.27601840614079,18.82803681227447,0,1,1,1,1,1,True,17112,-1.0
17118,2025-12-09 17:00:00,17,1,MARKUP,4,B,47792.7494,47661.41884050263,48121.07579874343,131.33055949737172,47.44231899474304,0,1,0,1,0,1,False,-1,
17130,2025-12-09 18:00:00,18,1,MARKUP,6,A+,47801.0924,47675.40470013576,48115.3116496606,125.68769986424013,46.47059972847078,0,1,1,1,1,1,True,17145,-1.0
17142,2025-12-09 19:00:00,19,1,MARKUP,3,C,47801.0924,47679.345081876265,48105.460695309346,121.74731812373648,38.58983624747584,0,0,0,0,1,1,True,17145,-1.0
17154,2025-12-09 20:00:00,20,-1,MARKDOWN,5,A,47833.14,47988.05363695172,47445.855907620695,154.91363695172186,42.4272739034487,0,1,0,1,1,1,False,-1,
17316,2025-12-10 10:30:00,10,-1,MARKDOWN,6,A+,47594.3668,47623.41420254879,47521.74829362804,29.047402548785612,14.08840509757113,0,1,1,1,1,1,True,17317,2.5
17328,2025-12-10 11:30:00,11,-1,MARKDOWN,5,A,47594.3095,47624.397976518165,47519.088308704595,30.08847651816177,16.055953036321057,0,1,0,1,1,1,True,17331,2.5
17346,2025-12-10 13:00:00,13,-1,MARKDOWN,5,A,47566.232500000006,47626.88203587059,47414.60866032354,60.64953587058699,21.02407174118254,0,1,0,1,1,1,False,-1,
17358,2025-12-10 14:00:00,14,-1,MARKDOWN,5,A,47566.232500000006,47624.7087224663,47420.04194383428,58.4762224662918,16.67744493259632,0,1,1,1,0,1,True,17373,-1.0
17370,2025-12-10 15:00:00,15,-1,MARKDOWN,3,C,47566.232500000006,47623.620081278226,47422.763546804454,57.38758127822075,14.500162556451448,0,1,0,0,0,1,True,17373,-1.0
17384,2025-12-10 16:10:00,16,-1,MARKDOWN,6,A+,47571.64,47634.22843054945,47415.16892362638,62.58843054944737,18.216861098891766,0,1,1,1,1,1,True,17388,-1.0
17396,2025-12-10 17:10:00,17,1,MARKUP,5,A,47563.8255,47446.06039830104,47858.23825424741,117.7651016989621,40.51920339792752,0,1,1,1,0,1,False,-1,
17408,2025-12-10 18:10:00,18,1,MARKUP,6,A+,47588.8465,47440.18517858911,47960.499803527215,148.66132141088747,52.269642821781744,0,1,1,1,1,1,False,-1,
17420,2025-12-10 19:10:00,19,1,MARKUP,5,A,47605.8455,47445.91346779896,48005.67558050262,159.93203220104624,40.81306440208626,0,1,0,1,1,1,False,-1,
17432,2025-12-10 20:10:00,20,1,MARKUP,5,A,47605.8455,47450.139998090206,47995.10925477449,155.70550190979702,32.36000381958639,0,1,0,1,1,1,False,-1,
17562,2025-12-11 08:00:00,8,-1,MARKDOWN,5,A,47988.4365,48095.88518469362,47719.814788265954,107.44868469361973,16.830369387243568,0,1,1,0,1,1,False,-1,
17574,2025-12-11 09:00:00,9,-1,MARKDOWN,6,A+,47961.2445,48051.70851608167,47735.08445979582,90.4640160816707,16.477032163338556,0,1,1,1,1,1,False,-1,
17586,2025-12-11 10:00:00,10,-1,MARKDOWN,6,A+,47902.8435,47958.4747920976,47763.76526975601,55.63129209759791,19.009584195201782,0,1,1,1,1,1,True,17596,-1.0
17622,2025-12-11 13:00:00,13,1,MARKUP,5,A,47897.0662,47821.76117788766,48085.328755280854,75.30502211234125,21.41764422468054,0,1,1,0,1,1,False,-1,
17634,2025-12-11 14:00:00,14,1,MARKUP,6,A+,47923.936,47833.35649558929,48150.384761026784,90.57950441071443,18.427008821426817,0,1,1,1,1,1,False,-1,
17646,2025-12-11 15:00:00,15,1,MARKUP,6,A+,47948.429,47834.31356154659,48233.717596133516,114.1154384534093,18.51287690682085,0,1,1,1,1,1,False,-1,
17658,2025-12-11 16:00:00,16,1,MARKUP,5,A,47989.217,47899.29639171309,48214.01852071726,89.92060828690592,20.547216573822123,0,1,0,1,1,1,False,-1,
17670,2025-12-11 17:00:00,17,1,MARKUP,6,A+,48138.213899999995,47920.90767425232,48681.479464369186,217.30622574767767,55.32465149536382,0,1,1,1,1,1,False,-1,
17682,2025-12-11 18:00:00,18,1,MARKUP,6,A+,48211.5374,47950.85201430741,48863.25086423147,260.68538569258817,62.43597138516852,0,1,1,1,1,1,False,-1,
17694,2025-12-11 19:00:00,19,1,MARKUP,6,A+,48281.5534,48007.10938215912,48967.66344460219,274.44401784087677,60.921235681762376,0,1,1,1,1,1,False,-1,
17706,2025-12-11 20:00:00,20,1,MARKUP,6,A+,48319.7154,48035.13768429274,49031.15968926815,284.5777157072589,49.86463141451933,0,1,1,1,1,1,False,-1,
17838,2025-12-12 08:00:00,8,1,MARKUP,5,A,48805.1025,48772.04455776459,48887.74735558854,33.057942235413066,9.770884470825877,0,1,0,1,1,1,False,-1,
17850,2025-12-12 09:00:00,9,1,MARKUP,3,C,48819.103,48794.47867068658,48880.66382328357,24.624329313424823,9.902658626848188,0,0,1,0,0,1,True,17851,2.5
17862,2025-12-12 10:00:00,10,1,MARKUP,4,B,48819.103,48793.94683110247,48881.99342224384,25.15616889753437,10.966337795058292,0,1,1,0,0,1,True,17880,-1.0
17874,2025-12-12 11:00:00,11,1,MARKUP,4,B,48836.5732,48800.19370240837,48927.52194397908,36.37949759163166,13.47259518326812,0,1,0,0,1,1,True,17876,-1.0
17933,2025-12-12 15:55:00,15,1,MARKUP,6,A+,48802.494,48755.69953952135,48919.480151196614,46.794460478646215,15.660920957296852,0,1,1,1,1,1,True,17936,-1.0
17946,2025-12-12 17:00:00,17,1,MARKUP,4,B,48800.5584,48729.472464598344,48978.273238504145,71.08593540165748,38.11507080331517,0,1,0,0,1,1,True,17947,-1.0
17958,2025-12-12 18:00:00,18,-1,MARKDOWN,6,A+,48732.789500000006,48917.82918711373,48270.190282215684,185.03968711372727,66.19837422745606,0,1,1,1,1,1,False,-1,
17970,2025-12-12 19:00:00,19,-1,MARKDOWN,5,A,48671.956000000006,48920.60535302548,48050.33261743632,248.64935302547383,71.75070605094874,0,1,0,1,1,1,False,-1,
17982,2025-12-12 20:00:00,20,-1,MARKDOWN,3,C,48671.956000000006,48915.127857070605,48064.026357323506,243.1718570705998,60.79571414120654,0,0,0,0,1,1,False,-1,
18114,2025-12-15 08:00:00,8,1,MARKUP,4,B,48570.671500000004,48530.05446785649,48672.21408035878,40.617032143512915,9.991064287027672,0,0,0,1,1,1,True,18121,2.5
18126,2025-12-15 09:00:00,9,1,MARKUP,6,A+,48590.1385,48560.723221195534,48663.676697011164,29.415278804466652,11.653557608930523,0,1,1,1,1,1,True,18131,2.5
18141,2025-12-15 10:15:00,10,1,MARKUP,6,A+,48591.68350000001,48560.36426349958,48669.98159125108,31.319236500428815,17.37147300085225,0,1,1,1,1,1,False,-1,
18153,2025-12-15 11:15:00,11,1,MARKUP,6,A+,48605.9512,48559.97588862817,48720.889478429584,45.975311371832504,18.148222743666356,0,1,1,1,1,1,False,-1,
18174,2025-12-15 13:00:00,13,1,MARKUP,5,A,48618.2707,48562.75508985956,48757.05972535111,55.51561014044273,12.589820280888688,0,1,0,1,1,1,False,-1,
18186,2025-12-15 14:00:00,14,1,MARKUP,5,A,48619.6695,48563.20540364274,48760.829740893154,56.46409635726013,11.88919271451752,0,1,0,1,1,1,False,-1,
18198,2025-12-15 15:00:00,15,1,MARKUP,4,B,48619.6695,48562.64094044851,48762.240898878736,57.028559551494254,13.018119102989695,0,1,0,1,0,1,True,18216,-1.0
18210,2025-12-15 16:00:00,16,1,MARKUP,6,A+,48661.3925,48622.313730996466,48759.08942250884,39.078769003535854,14.172538007076291,0,1,1,1,1,1,True,18216,-1.0
18223,2025-12-15 17:05:00,17,-1,MARKDOWN,5,A,48609.9214,48746.20291161415,48269.21762096463,136.28151161415008,41.605823228299876,0,1,0,1,1,1,False,-1,
18235,2025-12-15 18:05:00,18,-1,MARKDOWN,5,A,48572.5809,48752.94089331569,48121.680916710786,180.35999331568746,55.08178663137937,0,1,0,1,1,1,False,-1,
18247,2025-12-15 19:05:00,19,-1,MARKDOWN,5,A,48568.7609,48754.67231136011,48103.982371599726,185.91141136010992,58.544622720224915,0,1,0,1,1,1,False,-1,
18259,2025-12-15 20:05:00,20,-1,MARKDOWN,5,A,48557.8739,48753.35687089864,48069.16647275339,195.48297089864354,55.913741797275456,0,1,0,1,1,1,False,-1,
18390,2025-12-16 08:00:00,8,-1,MARKDOWN,5,A,48367.452000000005,48439.59676542934,48187.09008642666,72.14476542933699,15.173530858673582,0,1,0,1,1,1,False,-1,
18402,2025-12-16 09:00:00,9,-1,MARKDOWN,5,A,48313.8405,48351.85222850212,48218.8111787447,38.011728502118785,13.184457004231351,1,0,0,1,1,1,True,18403,-1.0
18452,2025-12-16 13:10:00,13,1,MARKUP,6,A+,48311.256,48253.446657546134,48455.77935613467,57.80934245386743,17.826684907739175,0,1,1,1,1,1,False,-1,
18464,2025-12-16 14:10:00,14,1,MARKUP,6,A+,48331.502,48254.29857564311,48524.51056089223,77.20342435689236,16.122848713785405,0,1,1,1,1,1,False,-1,
18476,2025-12-16 15:10:00,15,1,MARKUP,6,A+,48347.3505,48273.96699323621,48530.80926690948,73.38350676379196,14.786013527588409,0,1,1,1,1,1,True,18494,-1.0
18488,2025-12-16 16:10:00,16,1,MARKUP,4,B,48375.714,48266.910360920025,48647.72309769994,108.80363907997526,28.899278159951823,0,0,1,0,1,1,True,18491,-1.0
18503,2025-12-16 17:25:00,17,-1,MARKDOWN,6,A+,48372.484899999996,48564.1834222372,47893.23859440699,191.69852223720227,71.64684447439924,0,1,1,1,1,1,False,-1,
18515,2025-12-16 18:25:00,18,-1,MARKDOWN,6,A+,48372.484899999996,48560.371645114734,47902.76803721315,187.886745114738,64.02329022946778,0,1,1,1,1,1,False,-1,
18527,2025-12-16 19:25:00,19,-1,MARKDOWN,6,A+,48368.8559,48558.27409672045,47895.31040819888,189.4181967204495,59.82819344090776,0,1,1,1,1,1,False,-1,
18539,2025-12-16 20:25:00,20,-1,MARKDOWN,5,A,48307.4494,48556.41595819109,47685.03300452226,248.96655819109583,56.11191638218868,0,1,0,1,1,1,False,-1,
18683,2025-12-17 09:25:00,9,1,MARKUP,5,A,48096.3102,48044.37903988595,48226.13810028513,51.931160114050726,15.161920228099387,0,1,0,1,1,1,False,-1,
18695,2025-12-17 10:25:00,10,1,MARKUP,6,A+,48096.3102,48041.674504034054,48232.899439914865,54.63569596594607,20.57099193189446,0,1,1,1,1,1,False,-1,
18707,2025-12-17 11:25:00,11,1,MARKUP,4,B,48106.6242,48040.92074263951,48270.882843401225,65.70345736049057,22.078514720987354,0,1,0,1,0,1,False,-1,
18726,2025-12-17 13:00:00,13,1,MARKUP,5,A,48158.0625,48096.73813992655,48311.37340018363,61.3243600734495,16.64372014689865,0,1,0,1,1,1,False,-1,
18738,2025-12-17 14:00:00,14,1,MARKUP,3,C,48158.0625,48096.933657591166,48310.88460602208,61.128842408834316,16.25268481765968,0,0,0,0,1,1,False,-1,
18750,2025-12-17 15:00:00,15,1,MARKUP,4,B,48168.045999999995,48114.28901756496,48302.438456087584,53.75698243503575,13.541964870070709,0,1,0,0,1,1,False,-1,
18762,2025-12-17 16:00:00,16,1,MARKUP,6,A+,48191.394,48127.73576281626,48350.53959295936,63.65823718374304,22.648474367487157,0,1,1,1,1,1,True,18767,2.5
18774,2025-12-17 17:00:00,17,1,MARKUP,5,A,48250.8704,48145.3580530241,48514.651267439745,105.51234697589825,48.90389395179042,0,1,1,0,1,1,True,18779,-1.0
18790,2025-12-17 18:20:00,18,-1,MARKDOWN,5,A,48234.292,48430.42807838924,47743.9518040269,196.1360783892378,68.3361567784697,0,1,0,1,1,1,False,-1,
18802,2025-12-17 19:20:00,19,-1,MARKDOWN,5,A,48227.034,48430.760593335464,47717.71751666134,203.7265933354647,69.00118667092569,0,1,0,1,1,1,False,-1,
18814,2025-12-17 20:20:00,20,-1,MARKDOWN,5,A,48218.248,48425.30855168643,47700.59662078392,207.0605516864307,58.09710337285448,0,1,0,1,1,1,False,-1,
18944,2025-12-18 08:10:00,8,-1,MARKDOWN,5,A,47877.818,47935.76185152898,47732.95837117755,57.943851528980304,15.803703057957083,0,1,1,0,1,1,False,-1,
18989,2025-12-18 11:55:00,11,1,MARKUP,5,A,47871.2772,47811.86939756463,48019.79670608841,59.40780243536574,15.981204870735981,0,1,0,1,1,1,False,-1,
19002,2025-12-18 13:00:00,13,1,MARKUP,6,A+,47877.6757,47812.54026342708,48040.5142914323,65.1354365729203,14.63947314584705,0,1,1,1,1,1,False,-1,
19014,2025-12-18 14:00:00,14,1,MARKUP,5,A,47913.657999999996,47833.20043677038,48114.80190807404,80.45756322961824,16.5191264592413,0,1,0,1,1,1,False,-1,
19026,2025-12-18 15:00:00,15,1,MARKUP,5,A,47913.967,47833.523744003316,48115.0751399917,80.44325599668082,16.872511993367507,0,0,1,1,1,1,False,-1,
19038,2025-12-18 16:00:00,16,1,MARKUP,5,A,47994.7825,47873.72375955167,48297.42935112082,121.05874044833035,32.972480896656606,0,1,0,1,1,1,False,-1,
19050,2025-12-18 17:00:00,17,1,MARKUP,6,A+,48081.89,47912.01431710685,48506.57920723288,169.87568289315095,60.89136578629888,0,1,1,1,1,1,False,-1,
19062,2025-12-18 18:00:00,18,1,MARKUP,6,A+,48110.515400000004,47911.30780512915,48608.53438717713,199.2075948708516,66.3043897416919,0,1,1,1,1,1,True,19075,-1.0
19074,2025-12-18 19:00:00,19,1,MARKUP,5,A,48110.515400000004,47916.18333199311,48596.345570017234,194.33206800689368,56.553336013780175,1,0,0,1,1,1,True,19075,-1.0
19218,2025-12-19 08:00:00,8,-1,MARKDOWN,5,A,47887.797999999995,47925.06150486014,47794.63923784964,37.26350486014417,12.643009720284171,0,1,1,1,0,1,True,19232,-1.0
19230,2025-12-19 09:00:00,9,-1,MARKDOWN,5,A,47864.462,47922.10547323048,47720.35331692381,57.64347323047696,16.730946460962567,1,0,0,1,1,1,True,19231,-1.0
19254,2025-12-19 11:00:00,11,1,MARKUP,5,A,47869.0092,47774.68946008851,48104.80854977872,94.31973991148698,20.10107982296323,0,1,0,1,1,1,False,-1,
19278,2025-12-19 13:00:00,13,1,MARKUP,4,B,47882.7612,47775.40512662658,48151.15138343355,107.35607337341935,18.66974674683359,0,0,0,1,1,1,False,-1,
19317,2025-12-19 16:15:00,16,1,MARKUP,5,A,47966.253,47909.18334835249,48108.92712911876,57.06965164750727,21.31330329501474,0,1,1,0,1,1,True,19319,2.5
19329,2025-12-19 17:15:00,17,1,MARKUP,6,A+,48061.4474,47891.744666158076,48485.7042346048,169.70273384192114,56.19066768384497,0,1,1,1,1,1,False,-1,
19341,2025-12-19 18:15:00,18,1,MARKUP,4,B,48061.4474,47892.831512688615,48482.987118278455,168.6158873113818,54.01697462276563,0,1,1,0,0,1,False,-1,
19353,2025-12-19 19:15:00,19,1,MARKUP,4,B,48061.4474,47898.67930337964,48468.36764155088,162.7680966203552,42.32139324070891,0,0,1,0,1,1,False,-1,
19365,2025-12-19 20:15:00,20,1,MARKUP,5,A,48070.253899999996,47917.45866724414,48452.241981889645,152.79523275585962,33.2626655117227,0,1,1,0,1,1,False,-1,
19494,2025-12-22 08:00:00,8,-1,MARKDOWN,4,B,48189.7145,48214.03777960576,48128.90630098561,24.323279605756397,6.43555921151928,0,1,0,1,0,1,True,19508,-1.0
19512,2025-12-22 09:30:00,9,1,MARKUP,6,A+,48177.1912,48150.82714872079,48243.10132819803,26.364051279211708,9.485702558419307,0,1,1,1,1,1,True,19528,-1.0
19524,2025-12-22 10:30:00,10,1,MARKUP,4,B,48179.8652,48149.635283779935,48255.43999055016,30.229916220065206,11.869432440128158,0,1,0,1,0,1,True,19528,-1.0
19536,2025-12-22 11:30:00,11,1,MARKUP,4,B,48179.8652,48149.36317790396,48256.12025524011,30.50202209604322,12.413644192091441,1,0,1,0,0,1,True,19537,-1.0
19560,2025-12-22 13:30:00,13,-1,MARKDOWN,5,A,48186.509,48224.990681219664,48090.30479695083,38.481681219665916,11.641362439327882,0,1,1,0,1,1,False,-1,
19572,2025-12-22 14:30:00,14,-1,MARKDOWN,5,A,48186.509,48225.177511701964,48089.83772074508,38.668511701966054,12.015023403925605,0,1,0,1,1,1,True,19589,-1.0
19584,2025-12-22 15:30:00,15,-1,MARKDOWN,6,A+,48175.8485,48207.88673939143,48095.75290152142,32.03823939143331,11.933478782867653,0,1,1,1,1,1,True,19587,-1.0
19596,2025-12-22 16:30:00,16,1,MARKUP,6,A+,48230.888999999996,48119.11332159367,48510.328196015806,111.775678406324,29.113356812647936,0,1,1,1,1,1,True,19597,1.2150317666273063
19608,2025-12-22 17:30:00,17,1,MARKUP,6,A+,48230.888999999996,48112.457760755686,48526.96709811077,118.43123924430984,42.424478488621396,0,1,1,1,1,1,False,-1,
19620,2025-12-22 18:30:00,18,1,MARKUP,5,A,48252.5544,48119.564213837206,48585.02986540699,132.990186162795,41.211572325588584,0,1,0,1,1,1,False,-1,
19632,2025-12-22 19:30:00,19,1,MARKUP,4,B,48255.0264,48128.58374405738,48571.133039856555,126.44265594262106,31.17251188524008,0,1,0,1,0,1,False,-1,
19644,2025-12-22 20:30:00,20,1,MARKUP,5,A,48267.8124,48134.93759365979,48599.99941585053,132.87480634020903,26.464812680406773,0,0,1,1,1,1,False,-1,
19770,2025-12-23 08:00:00,8,-1,MARKDOWN,5,A,48363.799999999996,48395.51833419937,48284.50416450156,31.718334199373203,6.136668398742769,0,1,0,1,1,1,False,-1,
19782,2025-12-23 09:00:00,9,-1,MARKDOWN,3,C,48363.799999999996,48395.35228936518,48284.919276587025,31.55228936518688,5.804578730375443,0,0,0,0,1,1,True,19795,-1.0
19800,2025-12-23 10:30:00,10,1,MARKUP,5,A,48341.4587,48312.87126564643,48412.92728588394,28.5874343535761,9.157468707141868,0,1,0,1,1,1,False,-1,
19812,2025-12-23 11:30:00,11,1,MARKUP,6,A+,48346.0427,48312.632052626876,48429.569318432805,33.41064737312263,9.635894746247946,0,1,1,1,1,1,False,-1,
19830,2025-12-23 13:00:00,13,1,MARKUP,4,B,48359.4302,48323.94146541249,48448.152036468775,35.48873458751041,9.017069175014417,1,0,0,1,0,1,True,19833,-1.0
19852,2025-12-23 14:50:00,14,-1,MARKDOWN,6,A+,48378.035,48414.485307452764,48286.9092313681,36.45030745276017,9.870614905521046,0,1,1,1,1,1,True,19876,-1.0
19864,2025-12-23 15:50:00,15,-1,MARKDOWN,6,A+,48356.1655,48417.88985154179,48201.85462114554,61.724351541786746,16.679703083566267,0,1,1,1,1,1,True,19875,-1.0
19877,2025-12-23 16:55:00,16,-1,MARKDOWN,5,A,48334.487,48427.40079390598,48102.202515235054,92.91379390598013,35.7015878119575,1,0,0,1,1,1,True,19878,-1.0
19889,2025-12-23 17:55:00,17,1,MARKUP,5,A,48312.541900000004,48194.250294047546,48608.27091488115,118.29160595245776,37.59941190491721,0,1,0,1,1,1,False,-1,
19901,2025-12-23 18:55:00,18,1,MARKUP,6,A+,48312.541900000004,48198.984108781915,48596.436378045226,113.55779121808882,28.131782436171395,0,1,1,1,1,1,False,-1,
19913,2025-12-23 19:55:00,19,1,MARKUP,5,A,48314.6429,48201.377965874264,48597.805235314336,113.26493412573473,23.344068251484384,0,1,1,0,1,1,False,-1,
19925,2025-12-23 20:55:00,20,1,MARKUP,4,B,48335.748400000004,48202.6431207938,48668.51159801551,133.1052792062037,20.813758412405566,0,1,0,1,0,1,False,-1,
20046,2025-12-24 08:00:00,8,-1,MARKDOWN,6,A+,48421.71950000001,48440.669669687915,48374.34407578023,18.950169687908783,5.239339375818583,0,1,1,1,1,1,False,-1,
20058,2025-12-24 09:00:00,9,-1,MARKDOWN,4,B,48412.6855,48426.409731729946,48378.37492067514,13.724231729946041,4.719463459878662,0,0,0,1,1,1,False,-1,
20070,2025-12-24 10:00:00,10,-1,MARKDOWN,3,C,48410.6227,48427.03090117477,48369.60219706308,16.408201174766873,5.96180234953346,0,0,0,1,0,1,True,20084,-1.0
20082,2025-12-24 11:00:00,11,-1,MARKDOWN,4,B,48410.1592,48426.349175248295,48369.68426187927,16.189975248293194,6.098350496586068,0,1,0,1,0,1,True,20084,-1.0
20106,2025-12-24 13:00:00,13,1,MARKUP,5,A,48403.798,48386.102752881656,48448.03611779587,17.695247118346742,5.594494236690437,0,1,0,1,1,1,True,20116,2.5
20118,2025-12-24 14:00:00,14,1,MARKUP,5,A,48403.798,48386.13282652278,48447.96093369306,17.665173477224016,5.534346954449782,0,0,1,1,1,1,True,20131,2.5
20130,2025-12-24 15:00:00,15,1,MARKUP,4,B,48406.270000000004,48389.60475215568,48447.93311961081,16.66524784432113,6.5904956886388755,0,0,0,1,1,1,True,20131,2.5
20142,2025-12-24 16:00:00,16,1,MARKUP,5,A,48417.455,48392.914486345304,48478.80628413675,24.54051365469786,8.97102730939038,0,1,0,1,1,1,True,20148,-1.0
20154,2025-12-24 17:00:00,17,1,MARKUP,4,B,48447.6909,48355.006347807146,48679.40228048214,92.68455219285534,28.78730438570645,0,1,0,1,0,1,False,-1,
20166,2025-12-24 18:00:00,18,1,MARKUP,6,A+,48479.6834,48356.15508683007,48788.50418292484,123.52831316993252,26.489826339865548,0,1,1,1,1,1,False,-1,
20178,2025-12-24 19:00:00,19,1,MARKUP,6,A+,48508.4289,48358.07718313108,48884.308192172306,150.35171686892136,22.645633737852297,0,1,1,1,1,1,False,-1,
20190,2025-12-24 20:00:00,20,1,MARKUP,6,A+,48523.2314,48356.32910952714,48940.48712618214,166.90229047285538,26.141780945721642,0,1,1,1,1,1,False,-1,
20320,2025-12-26 11:35:00,11,-1,MARKDOWN,6,A+,48703.2312,48739.75913413748,48611.911364656306,36.52793413747713,9.338268274962628,0,1,1,1,1,1,False,-1,
20337,2025-12-26 13:00:00,13,-1,MARKDOWN,6,A+,48697.0512,48728.748687498875,48617.80748125282,31.69748749887367,7.317374997753076,0,1,1,1,1,1,False,-1,
20349,2025-12-26 14:00:00,14,-1,MARKDOWN,5,A,48664.512,48698.98933168231,48578.31867079424,34.47733168230479,8.598663364607972,0,1,0,1,1,1,True,20353,-1.0
20361,2025-12-26 15:00:00,15,-1,MARKDOWN,5,A,48664.357500000006,48699.24055599277,48577.14986001809,34.88305599276646,9.60111198554367,1,0,0,1,1,1,True,20362,-1.0
20380,2025-12-26 16:35:00,16,1,MARKUP,6,A+,48661.9884,48605.53943997663,48803.110800058435,56.44896002337191,20.301120046738056,0,1,1,1,1,1,True,20388,-1.0
20392,2025-12-26 17:35:00,17,1,MARKUP,5,A,48673.4484,48600.84159003462,48854.96542491345,72.60680996537849,29.696819930761233,0,1,1,0,1,1,True,20395,-1.0
20405,2025-12-26 18:40:00,18,-1,MARKDOWN,5,A,48709.1316,48780.83777086459,48529.86617283852,71.70617086459242,27.895541729191965,0,1,0,1,1,1,False,-1,
20417,2025-12-26 19:40:00,19,-1,MARKDOWN,6,A+,48702.332,48779.89693321059,48508.419666973525,77.56493321058952,26.013866421186922,0,1,1,1,1,1,False,-1,
20429,2025-12-26 20:40:00,20,-1,MARKDOWN,3,C,48692.018,48778.32313300915,48476.25516747711,86.30513300915482,22.86626601829863,0,0,0,1,0,1,True,20453,-0.08449091897266159
20571,2025-12-29 09:30:00,9,1,MARKUP,6,A+,48711.516800000005,48688.67135317468,48768.63041706332,22.84544682532578,9.477293650646123,0,1,1,1,1,1,True,20577,-1.0
20583,2025-12-29 10:30:00,10,-1,MARKDOWN,5,A,48718.5012,48746.42906001103,48648.68154997242,27.927860011033772,11.23812002207532,0,1,1,1,0,1,True,20599,2.5
20595,2025-12-29 11:30:00,11,-1,MARKDOWN,5,A,48709.3892,48744.363073889646,48621.95451527588,34.97387388964853,13.106147779296453,1,0,0,1,1,1,True,20596,2.5
20613,2025-12-29 13:00:00,13,1,MARKUP,5,A,48692.824,48658.07551634596,48779.6952091351,34.748483654038864,10.668967308078773,0,1,0,1,1,1,True,20630,-1.0
20625,2025-12-29 14:00:00,14,1,MARKUP,3,C,48692.824,48658.523244319724,48778.57588920069,34.30075568027678,9.77351136055861,0,0,0,1,0,1,True,20630,-1.0
20637,2025-12-29 15:00:00,15,-1,MARKDOWN,5,A,48699.918000000005,48746.59901543935,48583.21546140164,46.68101543934608,12.378030878699608,0,1,0,1,1,1,True,20655,2.5
20649,2025-12-29 16:00:00,16,-1,MARKDOWN,6,A+,48682.728,48749.19610824756,48516.55772938111,66.46810824755812,17.572216495117623,0,1,1,1,1,1,True,20655,2.5
20661,2025-12-29 17:00:00,17,-1,MARKDOWN,6,A+,48655.682400000005,48760.71741207481,48393.094869812994,105.0350120748044,40.6148241496114,0,1,1,1,1,1,False,-1,
20673,2025-12-29 18:00:00,18,-1,MARKDOWN,5,A,48617.1639,48740.00378692502,48310.06418268744,122.83988692502317,36.6875738500375,0,1,0,1,1,1,False,-1,
20685,2025-12-29 19:00:00,19,-1,MARKDOWN,6,A+,48598.4144,48726.81420823115,48277.414879422126,128.39980823115184,30.80841646230306,0,1,1,1,1,1,False,-1,
20697,2025-12-29 20:00:00,20,-1,MARKDOWN,5,A,48580.4824,48715.29713653516,48243.4455586621,134.8147365351615,23.774273070314297,0,1,1,1,0,1,False,-1,
20829,2025-12-30 08:00:00,8,-1,MARKDOWN,6,A+,48475.18,48491.958677226154,48433.23330693462,16.778677226153377,6.817354452299331,0,1,1,1,1,1,False,-1,
20841,2025-12-30 09:00:00,9,-1,MARKDOWN,6,A+,48472.888000000006,48492.29339805183,48424.37450487045,19.405398051821976,7.486796103654595,0,1,1,1,1,1,True,20859,2.5
20853,2025-12-30 10:00:00,10,-1,MARKDOWN,5,A,48457.741700000006,48493.70886854955,48367.82377862615,35.967168549541384,10.317737099089875,0,1,0,1,1,1,True,20854,2.5
20892,2025-12-30 13:15:00,13,-1,MARKDOWN,6,A+,48458.1125,48493.6457877054,48369.27928073652,35.533287705395196,8.99157541078978,0,1,1,1,1,1,True,20898,2.5
20920,2025-12-30 15:35:00,15,-1,MARKDOWN,6,A+,48466.1345,48494.96745194517,48394.05212013707,28.83295194517268,11.634903890340766,0,1,1,1,1,1,True,20922,2.5
20932,2025-12-30 16:35:00,16,-1,MARKDOWN,6,A+,48412.8824,48501.72798719914,48190.76843200215,88.84558719913912,31.155974398275614,1,0,1,1,1,1,True,20934,0.2584529037839088
20944,2025-12-30 17:35:00,17,-1,MARKDOWN,6,A+,48412.8824,48503.72605776467,48185.77325558834,90.84365776466439,35.15211552932364,0,1,1,1,1,1,True,20953,0.8059164701366917
20956,2025-12-30 18:35:00,18,-1,MARKDOWN,5,A,48412.8824,48502.0767397482,48189.89655062951,89.19433974819549,31.853479496398943,0,1,1,1,0,1,True,20971,0.46485460979986476
20969,2025-12-30 19:40:00,19,-1,MARKDOWN,5,A,48412.2644,48498.27367404365,48197.24121489087,86.00927404365211,26.247348087305504,0,0,1,1,1,1,True,20971,0.4748836733498308
21105,2025-12-31 08:00:00,8,-1,MARKDOWN,6,A+,48353.809,48380.608988725704,48286.809028185744,26.79998872570286,7.3779774514129866,0,1,1,1,1,1,False,-1,
21117,2025-12-31 09:00:00,9,-1,MARKDOWN,5,A,48352.663,48380.70240182779,48282.56449543053,28.039401827787515,7.564803655573588,0,1,0,1,1,1,False,-1,
21129,2025-12-31 10:00:00,10,-1,MARKDOWN,4,B,48351.9372,48381.27427415823,48278.59451460442,29.33707415823301,8.708548316467464,0,1,1,0,0,1,False,-1,
21141,2025-12-31 11:00:00,11,-1,MARKDOWN,3,C,48343.1087,48375.7833508202,48261.422072949485,32.67465082020499,10.226701640403638,0,0,0,0,1,1,False,-1,
21165,2025-12-31 13:00:00,13,-1,MARKDOWN,5,A,48322.774,48347.06452483918,48262.04768790204,24.29052483918349,8.089049678366472,0,1,0,1,1,1,True,21180,-1.0
21177,2025-12-31 14:00:00,14,-1,MARKDOWN,3,C,48322.774,48347.23029147641,48261.63327130897,24.456291476410115,8.42058295282113,0,0,0,0,1,1,True,21180,-1.0
21199,2025-12-31 15:50:00,15,1,MARKUP,6,A+,48330.13,48284.27102553969,48444.77743615077,45.85897446030867,11.49794892061896,0,1,1,1,1,1,True,21207,-1.0
21211,2025-12-31 16:50:00,16,-1,MARKDOWN,5,A,48338.8699,48417.03324869374,48143.461528265645,78.16334869374259,26.02649738748291,0,1,0,1,1,1,False,-1,
21223,2025-12-31 17:50:00,17,-1,MARKDOWN,6,A+,48319.5789,48418.514746720575,48072.23928319856,98.93584672057477,28.989493441152785,0,1,1,1,1,1,False,-1,
21235,2025-12-31 18:50:00,18,-1,MARKDOWN,3,C,48314.1354,48417.05190053726,48056.84414865684,102.91650053726335,26.063801074537672,0,0,0,0,1,1,False,-1,
21247,2025-12-31 19:50:00,19,-1,MARKDOWN,6,A+,48314.1354,48416.34562399072,48058.6098400232,102.21022399071808,24.651247981445373,0,1,1,1,1,1,False,-1,
21381,2026-01-02 08:00:00,8,1,MARKUP,6,A+,48168.897999999994,48140.7491428061,48239.27014298474,28.14885719389713,7.401714387793771,0,1,1,1,1,1,True,21395,2.5
21405,2026-01-02 10:00:00,10,-1,MARKDOWN,5,A,48191.8632,48220.1957284125,48121.031878968744,28.332528412502143,8.991456825010022,0,1,0,1,1,1,True,21416,-1.0
21419,2026-01-02 11:10:00,11,1,MARKUP,6,A+,48176.8125,48143.37289714513,48260.41150713718,33.439602854872646,14.354205709748674,0,1,1,1,1,1,False,-1,
21441,2026-01-02 13:00:00,13,1,MARKUP,6,A+,48197.6315,48143.32688099777,48333.3930475056,54.304619002235995,14.446238004469361,0,1,1,1,1,1,False,-1,
21453,2026-01-02 14:00:00,14,1,MARKUP,5,A,48208.1365,48143.94938576271,48368.60428559323,64.1871142372911,13.20122847459185,0,1,0,1,1,1,True,21471,-1.0
21465,2026-01-02 15:00:00,15,1,MARKUP,5,A,48208.1365,48144.50902188631,48367.20519528422,63.627478113688994,12.08195622738977,0,0,1,1,1,1,True,21471,-1.0
21484,2026-01-02 16:35:00,16,-1,MARKDOWN,6,A+,48156.5984,48319.85648320968,47748.4531919758,163.25808320967917,37.11296641935949,0,1,1,1,1,1,True,21500,-1.0
21496,2026-01-02 17:35:00,17,-1,MARKDOWN,4,B,48119.1624,48335.664821909166,47577.90634522709,216.5024219091647,68.7296438183329,0,0,0,1,1,1,True,21498,-1.0
21508,2026-01-02 18:35:00,18,-1,MARKDOWN,6,A+,48119.1624,48334.66799035815,47580.39842410462,215.5055903581524,66.73598071630367,1,0,1,1,1,1,True,21509,-1.0
21657,2026-01-05 08:00:00,8,1,MARKUP,6,A+,48350.975,48318.812311867994,48431.38172033001,32.162688132004405,8.935376264016249,0,1,1,1,1,1,False,-1,
21669,2026-01-05 09:00:00,9,1,MARKUP,6,A+,48372.216,48328.95455479464,48480.369613013405,43.26144520536036,11.650890410722116,0,1,1,1,1,1,False,-1,
21681,2026-01-05 10:00:00,10,1,MARKUP,4,B,48373.591199999995,48327.65257559161,48488.43776102096,45.93862440838711,14.254848816774823,0,0,0,1,1,1,True,21698,-1.0
21693,2026-01-05 11:00:00,11,1,MARKUP,6,A+,48375.445199999995,48330.00802120992,48489.03814697518,45.43717879007454,15.543957580152206,0,1,1,1,1,1,True,21698,-1.0
21727,2026-01-05 13:50:00,13,1,MARKUP,5,A,48387.248999999996,48350.88290495564,48478.164237610894,36.3660950443591,11.994190088715094,0,1,1,1,0,1,True,21730,-1.0
21744,2026-01-05 15:15:00,15,-1,MARKDOWN,5,A,48388.057,48446.01287627219,48243.167309319535,57.95587627218629,19.265752544380703,0,1,0,1,1,1,True,21751,-1.0
21756,2026-01-05 16:15:00,16,1,MARKUP,6,A+,48371.174,48294.76666801718,48562.19232995704,76.40733198281669,25.226663965631083,0,1,1,1,1,1,False,-1,
21768,2026-01-05 17:15:00,17,1,MARKUP,5,A,48571.4184,48275.82842554581,49310.39333613547,295.58997445418936,63.103148908372006,0,1,0,1,1,1,False,-1,
21780,2026-01-05 18:15:00,18,1,MARKUP,5,A,48602.742399999996,48280.46410510006,49408.43813724984,322.27829489993746,53.831789799883914,0,1,0,1,1,1,False,-1,
21792,2026-01-05 19:15:00,19,1,MARKUP,4,B,48632.9204,48285.928716516566,49500.3996087086,346.99168348343665,42.90256696685548,0,1,0,0,1,1,False,-1,
21804,2026-01-05 20:15:00,20,1,MARKUP,4,B,48640.9424,48289.54402010705,49519.43834973237,351.39837989294756,35.67195978589483,0,1,0,0,1,1,False,-1,
21940,2026-01-06 08:35:00,8,1,MARKUP,6,A+,48981.421,48955.41823537287,49046.42791156784,26.00276462713373,9.60352925427084,0,1,1,1,1,1,True,21948,-1.0
21960,2026-01-06 10:15:00,10,-1,MARKDOWN,6,A+,48973.0192,49023.49184852401,48846.83757868998,50.472648524009855,13.54369704801924,0,1,1,1,1,1,False,-1,
21972,2026-01-06 11:15:00,11,-1,MARKDOWN,5,A,48951.6272,49025.37951814275,48767.24640464314,73.75231814274593,17.319036285498246,0,1,0,1,1,1,False,-1,
21993,2026-01-06 13:00:00,13,-1,MARKDOWN,5,A,48950.4812,49023.94842977753,48766.81312555619,73.46722977752506,14.456859555050865,0,0,1,1,1,1,True,22016,-1.0
22005,2026-01-06 14:00:00,14,-1,MARKDOWN,4,B,48936.02,48999.89844964019,48776.323875899514,63.87844964019314,13.15689928037492,0,0,1,0,1,1,True,22014,-1.0
22038,2026-01-06 16:45:00,16,1,MARKUP,3,C,48939.278399999996,48823.484828777866,49228.76232805532,115.79357122212969,39.67034244427151,0,1,0,0,0,1,False,-1,
22050,2026-01-06 17:45:00,17,1,MARKUP,5,A,48994.1084,48849.3860851184,49355.91418720399,144.7223148815974,47.867829763206636,0,1,1,1,0,1,False,-1,
22062,2026-01-06 18:45:00,18,1,MARKUP,6,A+,49013.8209,48853.8602988135,49413.72240296624,159.9606011864962,44.919402372996885,0,1,1,1,1,1,False,-1,
22074,2026-01-06 19:45:00,19,1,MARKUP,6,A+,49077.696899999995,48868.49201692911,49600.70910767722,209.20488307088817,34.15596614178095,0,1,1,1,1,1,False,-1,
22086,2026-01-06 20:45:00,20,1,MARKUP,6,A+,49100.9989,48872.145815022915,49673.13161244271,228.8530849770832,26.848369954169982,0,1,1,1,1,1,False,-1,
22209,2026-01-07 08:00:00,8,1,MARKUP,5,A,49517.038,49487.166592057634,49591.716519855916,29.871407942366204,7.026815884734469,0,0,1,1,1,1,True,22217,-1.0
22291,2026-01-07 14:50:00,14,1,MARKUP,6,A+,49496.873999999996,49466.08141494176,49573.855462645595,30.792585058239638,10.397170116486862,0,1,1,1,1,1,True,22294,-1.0
22303,2026-01-07 15:50:00,15,1,MARKUP,5,A,49501.84,49464.43146523591,49595.36133691021,37.40853476408665,13.69706952817079,0,1,1,1,0,1,True,22311,-1.0
22316,2026-01-07 16:55:00,16,-1,MARKDOWN,6,A+,49524.4439,49646.88640501403,49218.33763746491,122.4425050140344,39.7128100280716,0,1,1,1,1,1,False,-1,
22328,2026-01-07 17:55:00,17,-1,MARKDOWN,5,A,49463.7059,49649.2132624349,48999.937493912745,185.50736243490246,44.36652486981387,0,1,0,1,1,1,False,-1,
22340,2026-01-07 18:55:00,18,-1,MARKDOWN,2,C,49463.7059,49645.128301757,49010.149895607494,181.42240175700135,36.19660351400875,0,0,0,0,0,1,False,-1,
22352,2026-01-07 19:55:00,19,-1,MARKDOWN,6,A+,49463.7059,49643.4380728935,49014.37546776625,179.7321728934985,32.81614578700574,0,1,1,1,1,1,False,-1,
22364,2026-01-07 20:55:00,20,-1,MARKDOWN,5,A,49449.5719,49642.777826801146,48966.55708299714,193.2059268011435,31.495653602288577,0,1,0,1,1,1,False,-1,
22485,2026-01-08 08:00:00,8,-1,MARKDOWN,6,A+,48953.624,49027.2965206725,48769.442698318766,73.67252067249501,11.353041344988988,0,1,1,1,1,1,False,-1,
22497,2026-01-08 09:00:00,9,-1,MARKDOWN,5,A,48945.22,49028.26305342146,48737.61236644635,83.04305342146108,13.28610684292429,0,1,1,1,0,1,False,-1,
22509,2026-01-08 10:00:00,10,-1,MARKDOWN,3,C,48895.6255,48949.20688387795,48761.67204030513,53.58138387795043,15.673767755903189,1,0,0,0,0,1,True,22511,2.5
22530,2026-01-08 11:45:00,11,-1,MARKDOWN,6,A+,48883.420000000006,48928.369150303006,48771.047124242505,44.94915030300035,13.498300606000798,0,1,1,1,1,1,False,-1,
22545,2026-01-08 13:00:00,13,-1,MARKDOWN,5,A,48873.9028,48912.4131770719,48777.626857320254,38.51037707189971,12.386354143802931,0,1,0,1,1,1,False,-1,
22557,2026-01-08 14:00:00,14,-1,MARKDOWN,6,A+,48865.728,48914.0912717311,48744.81982067226,48.363271731097484,15.742543462200173,0,1,1,1,1,1,False,-1,
22569,2026-01-08 15:00:00,15,-1,MARKDOWN,5,A,48862.099,48913.52969552352,48733.52226119122,51.43069552351517,14.619391047027891,0,1,0,1,1,1,True,22587,-1.0
22581,2026-01-08 16:00:00,16,-1,MARKDOWN,6,A+,48857.155,48906.59995184897,48733.54262037757,49.44495184897096,16.759903697931513,0,1,1,1,1,1,True,22587,-1.0
22595,2026-01-08 17:10:00,17,1,MARKUP,5,A,48908.1894,48732.02680848323,49348.59587879194,176.16259151677514,56.88638303354208,0,1,0,1,1,1,False,-1,
22607,2026-01-08 18:10:00,18,1,MARKUP,5,A,48943.4289,48732.56683755765,49470.58405610587,210.86206244234927,55.806324884697496,0,1,0,1,1,1,False,-1,
22619,2026-01-08 19:10:00,19,1,MARKUP,5,A,48968.2589,48736.775510815736,49546.96737296066,231.48338918426452,47.388978368534985,0,1,0,1,1,1,False,-1,
22631,2026-01-08 20:10:00,20,1,MARKUP,4,B,48983.5389,48739.732081232214,49593.05594691946,243.80681876778544,41.47583753557953,0,0,0,1,1,1,False,-1,
22786,2026-01-09 10:05:00,10,1,MARKUP,6,A+,49241.2913,49215.648509599276,49305.3982760018,25.642790400721424,11.442980801457534,0,1,1,1,1,1,True,22791,-1.0
22798,2026-01-09 11:05:00,11,-1,MARKDOWN,5,A,49252.009000000005,49282.01115964072,49177.00360089821,30.002159640716854,13.78231928144639,0,1,0,1,1,1,True,22803,-1.0
22821,2026-01-09 13:00:00,13,1,MARKUP,4,B,49241.6465,49208.977542113586,49323.318894716045,32.66895788641705,11.28491577282991,0,0,0,1,1,1,False,-1,
22833,2026-01-09 14:00:00,14,1,MARKUP,5,A,49241.6465,49209.01636160321,49323.22184599199,32.63013839679479,11.207276793596195,0,1,1,0,1,1,False,-1,
22845,2026-01-09 15:00:00,15,1,MARKUP,6,A+,49247.854,49208.83016761353,49345.41358096617,39.02383238646871,11.579664772946579,0,1,1,1,1,1,True,22862,2.5
22857,2026-01-09 16:00:00,16,1,MARKUP,5,A,49307.067500000005,49214.939217578256,49537.38820605438,92.12828242174874,22.861564843493035,0,1,0,1,1,1,True,22860,-1.0
22871,2026-01-09 17:10:00,17,1,MARKUP,6,A+,49273.8556,49137.86646289488,49613.8284427628,135.98913710511988,68.90707421023868,1,0,1,1,1,1,True,22872,1.165272487003898
22883,2026-01-09 18:10:00,18,1,MARKUP,6,A+,49280.998999999996,49139.967007694424,49633.57898076392,141.0319923055722,64.70598461115227,0,1,1,1,1,1,False,-1,
22895,2026-01-09 19:10:00,19,1,MARKUP,5,A,49313.659999999996,49147.72341377422,49728.50146556443,165.9365862257764,49.19317245156626,0,1,0,1,1,1,False,-1,
22907,2026-01-09 20:10:00,20,1,MARKUP,6,A+,49319.39,49154.898648586466,49730.618378533836,164.49135141353327,34.84270282707395,0,1,1,1,1,1,False,-1,
23037,2026-01-12 08:00:00,8,-1,MARKDOWN,2,C,49310.376,49360.19980302151,49185.81649244621,49.82380302151432,10.259606043025617,0,0,0,0,0,1,False,-1,
23055,2026-01-12 09:30:00,9,-1,MARKDOWN,6,A+,49277.3748,49307.469106490156,49202.1390337746,30.094306490158488,11.598212980312065,0,1,1,1,1,1,True,23061,2.5
23067,2026-01-12 10:30:00,10,-1,MARKDOWN,6,A+,49260.8915,49309.75941299853,49138.721717503664,48.86791299853212,16.178825997064642,0,1,1,1,1,1,False,-1,
23079,2026-01-12 11:30:00,11,-1,MARKDOWN,5,A,49231.382,49311.87338352369,49030.15354119076,80.49138352369482,20.40676704739363,0,1,0,1,1,1,False,-1,
23097,2026-01-12 13:00:00,13,-1,MARKDOWN,5,A,49212.854999999996,49311.10850637185,48967.22123407036,98.25350637185329,18.877012743695,0,1,1,0,1,1,False,-1,
23109,2026-01-12 14:00:00,14,-1,MARKDOWN,3,C,49212.854999999996,49310.30887304009,48969.220317399755,97.45387304009637,17.27774608018536,0,0,0,1,0,1,False,-1,
23121,2026-01-12 15:00:00,15,-1,MARKDOWN,5,A,49204.820999999996,49296.754163831116,48974.98809042219,91.9331638311196,16.168327662235463,0,0,1,1,1,1,True,23135,-1.0
23139,2026-01-12 16:30:00,16,-1,MARKDOWN,5,A,49153.3694,49255.884298475394,48897.08215381153,102.51489847539051,34.42859695079623,0,1,1,0,1,1,True,23140,-1.0
23153,2026-01-12 17:40:00,17,1,MARKUP,6,A+,49127.0025,48965.34853183451,49531.137420413725,161.65396816549037,53.042936330984716,0,1,1,1,1,1,False,-1,
23165,2026-01-12 18:40:00,18,1,MARKUP,6,A+,49169.691000000006,48971.70990584322,49664.64373539197,197.98109415678482,40.32018831356203,0,1,1,1,1,1,False,-1,
23177,2026-01-12 19:40:00,19,1,MARKUP,5,A,49182.488000000005,48974.211721204105,49703.17869698975,208.2762787959,35.31655759179642,0,1,1,0,1,1,False,-1,
23189,2026-01-12 20:40:00,20,1,MARKUP,5,A,49197.8635,48978.248521546826,49746.90094613293,219.61497845317353,27.242956906348514,0,1,0,1,1,1,False,-1,
23373,2026-01-13 13:00:00,13,-1,MARKDOWN,5,A,49540.786199999995,49570.600024626016,49466.251638434944,29.813824626020505,9.280049252038326,0,0,1,1,1,1,True,23379,-1.0
23385,2026-01-13 14:00:00,14,1,MARKUP,5,A,49529.189,49467.49936571695,49683.41308570762,61.68963428305142,20.621268566096784,0,1,0,1,1,1,True,23389,-1.0
23397,2026-01-13 15:00:00,15,-1,MARKDOWN,5,A,49558.5435,49621.48983647193,49401.17765882018,62.94633647192677,18.359672943852054,0,1,0,1,1,1,True,23403,-1.0
23410,2026-01-13 16:05:00,16,1,MARKUP,5,A,49542.95206,49437.14475889938,49807.47031275155,105.80730110061995,37.170482201242194,0,1,1,1,0,1,True,23414,-1.0
23422,2026-01-13 17:05:00,17,-1,MARKDOWN,6,A+,49517.9664,49712.966385170635,49030.4664370734,194.99998517063796,57.81277034127358,0,1,1,1,1,1,False,-1,
23434,2026-01-13 18:05:00,18,-1,MARKDOWN,5,A,49500.2989,49713.5464595623,48967.18000109426,213.24755956229637,58.972919124606896,0,1,0,1,1,1,False,-1,
23446,2026-01-13 19:05:00,19,-1,MARKDOWN,5,A,49497.1474,49709.62780761359,48965.94638096602,212.48040761359152,51.13561522719328,0,1,1,0,1,1,False,-1,
23458,2026-01-13 20:05:00,20,-1,MARKDOWN,6,A+,49494.4734,49707.54078318968,48961.8049420258,213.06738318967837,46.96156637936382,0,1,1,1,1,1,False,-1,
23589,2026-01-14 08:00:00,8,-1,MARKDOWN,5,A,49107.65,49150.4089983665,49000.75250408375,42.758998366502055,9.117996733016417,0,1,0,1,1,1,False,-1,
23601,2026-01-14 09:00:00,9,-1,MARKDOWN,3,C,49096.680499999995,49133.67502575204,49004.19418561988,36.994525752044865,11.150051504084619,0,0,0,0,1,1,True,23614,2.5
23649,2026-01-14 13:00:00,13,-1,MARKDOWN,6,A+,49086.3825,49141.5898979484,48948.364005129006,55.207397948397556,17.779795896800746,0,1,1,1,1,1,True,23665,-1.0
23661,2026-01-14 14:00:00,14,-1,MARKDOWN,5,A,49081.7985,49142.53594298194,48929.95489254515,60.73744298193924,19.671885963873528,0,1,0,1,1,1,True,23665,-1.0
23673,2026-01-14 15:00:00,15,-1,MARKDOWN,6,A+,49081.7985,49141.61800045161,48932.249748870956,59.81950045161648,17.836000903235693,0,1,1,1,1,1,True,23691,-1.0
23685,2026-01-14 16:00:00,16,-1,MARKDOWN,5,A,49081.7985,49143.92329263669,48926.48651840827,62.12479263669229,22.44658527339002,0,1,0,1,1,1,True,23691,-1.0
23697,2026-01-14 17:00:00,17,-1,MARKDOWN,6,A+,49094.3185,49217.54141542846,48786.26121142886,123.22291542845778,56.78283085692024,0,1,1,1,1,1,True,23699,0.10216038109654045
23709,2026-01-14 18:00:00,18,-1,MARKDOWN,5,A,49070.8255,49222.01444014825,48692.85314962938,151.18894014824764,65.72888029648898,0,1,0,1,1,1,True,23713,-0.26724507732103775
23721,2026-01-14 19:00:00,19,-1,MARKDOWN,5,A,49058.697,49220.50844033911,48654.16839915223,161.81144033910823,62.71688067821468,0,1,0,1,1,1,False,-1,
23733,2026-01-14 20:00:00,20,-1,MARKDOWN,5,A,49058.697,49215.32325778924,48667.1313555269,156.6262577892412,52.346515578472506,0,1,0,1,1,1,True,23757,-0.3130573423134624
23865,2026-01-15 08:00:00,8,1,MARKUP,6,A+,49102.725000000006,49058.280311915456,49213.83672021138,44.44468808454985,14.399376169091635,0,1,1,1,1,1,True,23889,2.5
23877,2026-01-15 09:00:00,9,1,MARKUP,5,A,49121.7335,49077.995609427526,49231.07822643119,43.73789057247632,15.468781144959719,0,1,0,1,1,1,True,23879,2.5
23902,2026-01-15 11:05:00,11,1,MARKUP,5,A,49124.978,49083.29389451861,49229.18826370349,41.68410548139218,15.372210962790758,0,1,1,0,1,1,False,-1,
23925,2026-01-15 13:00:00,13,1,MARKUP,5,A,49143.406,49091.80525318634,49272.407867034155,51.6007468136595,13.049493627310142,0,1,0,1,1,1,True,23949,-1.0
23937,2026-01-15 14:00:00,14,1,MARKUP,3,C,49145.316,49091.70496535336,49279.3435866166,53.61103464663756,13.2500692932879,0,0,0,0,1,1,True,23949,-1.0
23966,2026-01-15 16:25:00,16,1,MARKUP,5,A,49167.156500000005,49066.69358855788,49418.31377860532,100.46291144212591,32.27282288424947,0,1,1,0,1,1,False,-1,
23978,2026-01-15 17:25:00,17,1,MARKUP,5,A,49237.4254,49052.243765909705,49700.37948522574,185.18163409029512,61.17246818059758,0,1,0,1,1,1,False,-1,
23990,2026-01-15 18:25:00,18,1,MARKUP,6,A+,49264.9294,49056.101761410304,49786.99849647425,208.82763858969702,53.45647717939258,0,1,1,1,1,1,False,-1,
24002,2026-01-15 19:25:00,19,1,MARKUP,5,A,49268.3674,49061.96787911425,49784.36620221438,206.39952088575228,41.724241771507415,0,1,0,1,1,1,False,-1,
24014,2026-01-15 20:25:00,20,1,MARKUP,5,A,49268.3674,49065.00325764044,49776.777755898904,203.3641423595618,35.653484719117664,0,1,1,0,1,1,False,-1,
24141,2026-01-16 08:00:00,8,1,MARKUP,3,C,49485.121999999996,49440.228229990724,49597.35642502317,44.893770009271975,8.8035400185412,0,0,0,0,1,1,False,-1,
24154,2026-01-16 09:05:00,9,1,MARKUP,5,A,49503.662,49470.813076986946,49585.784307532624,32.84892301305081,7.633846026104789,0,1,1,0,1,1,True,24169,-1.0
24207,2026-01-16 13:30:00,13,-1,MARKDOWN,5,A,49511.563,49543.51526339259,49431.682341518535,31.952263392588065,11.570526785179508,0,1,1,1,0,1,False,-1,
24219,2026-01-16 14:30:00,14,-1,MARKDOWN,5,A,49490.39000000001,49543.498935399395,49357.617661501536,53.10893539938843,14.537870798790182,0,1,0,1,1,1,True,24243,-1.0
24231,2026-01-16 15:30:00,15,-1,MARKDOWN,5,A,49472.064000000006,49524.88972125514,49339.99969686217,52.82572125513252,19.319442510266803,0,1,0,1,1,1,True,24242,-1.0
24244,2026-01-16 16:35:00,16,-1,MARKDOWN,5,A,49523.976,49616.508466179876,49292.644834550316,92.53246617987315,34.55693235975098,0,1,1,0,1,1,False,-1,
24256,2026-01-16 17:35:00,17,-1,MARKDOWN,6,A+,49464.4604,49625.478811236455,49061.914371908875,161.01841123645136,52.497622472898136,0,1,1,1,1,1,True,24270,2.5
24268,2026-01-16 18:35:00,18,-1,MARKDOWN,4,B,49456.151900000004,49623.372387292795,49038.10068176803,167.2204872927905,48.28477458558813,1,0,0,1,0,1,True,24270,2.5
24417,2026-01-19 08:00:00,8,-1,MARKDOWN,4,B,49031.472,49070.51001055282,48933.87697361796,39.03801055281656,10.08002110564112,0,0,0,1,1,1,False,-1,
24429,2026-01-19 09:00:00,9,-1,MARKDOWN,6,A+,49010.095,49040.49700030268,48934.0899992433,30.4020003026817,13.054000605356581,0,1,1,1,1,1,True,24444,-1.0
24441,2026-01-19 10:00:00,10,-1,MARKDOWN,5,A,48986.5782,49040.17787352187,48852.57901619534,53.59967352186504,19.415747043737927,0,1,0,1,1,1,True,24444,-1.0
24456,2026-01-19 11:15:00,11,-1,MARKDOWN,6,A+,49011.669,49084.43898900484,48829.744027487905,72.76998900483886,26.73797800967831,0,1,1,1,1,1,False,-1,
24477,2026-01-19 13:00:00,13,-1,MARKDOWN,5,A,48994.288,49084.30780101774,48769.23849745565,90.01980101774097,26.475602035485522,0,1,0,1,1,1,True,24497,0.44443555248602373
24489,2026-01-19 14:00:00,14,-1,MARKDOWN,6,A+,48994.288,49082.32415191233,48774.19762021917,88.03615191233257,22.508303824660146,0,1,1,1,1,1,True,24497,0.45444966790281865
24520,2026-01-19 16:35:00,16,-1,MARKDOWN,6,A+,48975.5935,49054.00373078568,48779.56792303582,78.41023078567378,26.367461571348976,0,1,1,1,1,1,True,24538,0.957317677143205
24532,2026-01-19 17:35:00,17,-1,MARKDOWN,6,A+,48977.1215,49053.62059820502,48785.873754487446,76.49909820502216,25.601196410053845,0,1,1,1,1,1,True,24538,1.0012078808397513
24544,2026-01-19 18:35:00,18,-1,MARKDOWN,5,A,48982.6605,49055.50891111433,48800.539472214165,72.84841111433343,29.377822228661866,0,1,0,1,1,1,True,24555,2.5
24646,2026-01-20 08:00:00,8,-1,MARKDOWN,6,A+,48934.13,48969.12539357897,48846.641516052565,34.99539357897447,12.69078715794232,0,1,1,1,1,1,False,-1,
24658,2026-01-20 09:00:00,9,-1,MARKDOWN,5,A,48851.835999999996,48956.86737943689,48589.25755140776,105.03137943689217,25.174758873783894,0,1,0,1,1,1,False,-1,
24670,2026-01-20 10:00:00,10,-1,MARKDOWN,6,A+,48851.835999999996,48957.104763670744,48588.66409082312,105.26876367074874,25.649527341492842,0,1,1,1,1,1,False,-1,
24682,2026-01-20 11:00:00,11,-1,MARKDOWN,6,A+,48801.2982,48955.258497233954,48416.3974569151,153.96029723395623,32.95699446791242,0,1,1,1,1,1,False,-1,
24706,2026-01-20 13:00:00,13,-1,MARKDOWN,3,C,48754.2037,48922.34628311972,48333.8472422007,168.14258311971935,27.13256623943271,0,0,0,0,1,1,True,24727,1.5827263686707698
24744,2026-01-20 16:10:00,16,-1,MARKDOWN,6,A+,48676.3975,48798.99267996766,48369.90955008085,122.59517996766226,32.225359935335064,0,1,1,1,1,1,True,24748,-1.0
24764,2026-01-20 17:50:00,17,1,MARKUP,5,A,48701.2915,48537.699953861316,49110.2703653467,163.59154613868304,68.7600922773702,0,1,0,1,1,1,True,24784,-1.0
24776,2026-01-20 18:50:00,18,1,MARKUP,5,A,48701.2915,48536.977653414855,49112.076116462864,164.31384658514435,70.20469317030009,0,1,0,1,1,1,True,24784,-1.0
24796,2026-01-20 20:30:00,20,-1,MARKDOWN,5,A,48781.118500000004,48935.11496255344,48396.12734361642,153.99646255343396,49.56992510686755,0,1,1,0,1,1,False,-1,
24929,2026-01-21 08:35:00,8,-1,MARKDOWN,4,B,48586.456000000006,48613.7979010929,48518.101247267776,27.34190109289193,11.135802185795708,0,1,0,0,1,1,True,24936,-1.0
24948,2026-01-21 10:10:00,10,-1,MARKDOWN,6,A+,48582.0013,48616.399568474306,48496.00562881425,34.39826847430231,13.139136948609844,1,0,1,1,1,1,True,24949,2.5
24960,2026-01-21 11:10:00,11,1,MARKUP,4,B,48566.718700000005,48529.44351604656,48659.90665988362,37.275183953446685,15.07296790688942,0,1,0,0,1,1,True,24964,-1.0
24982,2026-01-21 13:00:00,13,-1,MARKDOWN,6,A+,48567.462,48624.247598702306,48425.49800324423,56.78559870230674,18.835197404604923,0,1,1,1,1,1,False,-1,
24994,2026-01-21 14:00:00,14,-1,MARKDOWN,5,A,48523.341,48628.27312957446,48261.01067606385,104.9321295744594,26.886259148920896,0,1,0,1,1,1,False,-1,
25006,2026-01-21 15:00:00,15,-1,MARKDOWN,5,A,48513.218,48627.60076856284,48227.2610785929,114.3827685628421,25.541537125677202,0,1,0,1,1,1,True,25020,-1.0
25018,2026-01-21 16:00:00,16,-1,MARKDOWN,3,C,48493.14,48623.812677870446,48166.45830532388,130.67267787044693,35.96535574088471,0,0,0,1,0,1,True,25020,-1.0
25030,2026-01-21 17:00:00,17,1,MARKUP,6,A+,48512.9844,48278.53489693289,49099.108157667775,234.44950306710962,64.59020613421576,0,1,1,1,1,1,False,-1,
25042,2026-01-21 18:00:00,18,1,MARKUP,5,A,48584.8004,48281.276411392224,49343.61037151944,303.5239886077761,59.107177215555026,0,1,0,1,1,1,False,-1,
25054,2026-01-21 19:00:00,19,1,MARKUP,3,C,48584.8004,48279.53204980534,49347.97127548665,305.26835019465943,62.59590038932797,0,0,0,1,0,1,False,-1,
25223,2026-01-22 10:05:00,10,1,MARKUP,6,A+,49134.114,49074.23934295467,49283.80064261332,59.87465704532951,18.901314090666432,0,1,1,1,1,1,False,-1,
25235,2026-01-22 11:05:00,11,1,MARKUP,6,A+,49161.2742,49072.811595343745,49382.43071164064,88.46260465625528,21.75680931251387,0,1,1,1,1,1,False,-1,
25258,2026-01-22 13:00:00,13,1,MARKUP,4,B,49167.3862,49075.8613518799,49396.198320300246,91.52484812009789,15.657296240201912,0,1,0,0,1,1,False,-1,
25287,2026-01-22 15:25:00,15,1,MARKUP,6,A+,49238.209,49188.23131988875,49363.15320027813,49.977680111252994,20.117360222505035,0,1,1,1,1,1,False,-1,
25299,2026-01-22 16:25:00,16,1,MARKUP,6,A+,49263.421,49186.00496812476,49456.9610796881,77.41603187524015,24.57006375047266,0,1,1,1,1,1,True,25307,2.5
25311,2026-01-22 17:25:00,17,1,MARKUP,5,A,49348.3014,49166.54624926284,49802.68927684288,181.7551507371536,63.48750147431582,0,0,1,1,1,1,False,-1,
25323,2026-01-22 18:25:00,18,1,MARKUP,4,B,49348.3014,49174.183424345516,49783.5963391362,174.1179756544807,48.213151308969316,0,1,0,0,1,1,False,-1,
25335,2026-01-22 19:25:00,19,1,MARKUP,5,A,49357.2624,49192.47170151222,49769.23914621944,164.79069848777726,40.63659697555138,0,1,0,1,1,1,False,-1,
25347,2026-01-22 20:25:00,20,1,MARKUP,4,B,49394.5379,49236.2431216534,49790.2748458665,158.29477834660065,35.093756693195246,0,0,0,1,1,1,True,25371,0.21543414354026771
25474,2026-01-23 08:00:00,8,1,MARKUP,6,A+,49414.757,49394.36053290287,49465.748167742815,20.396467097125424,7.558934194256775,0,1,1,1,1,1,True,25484,-1.0
25489,2026-01-23 09:15:00,9,1,MARKUP,5,A,49420.757,49399.49551585298,49473.91071036755,21.261484147020383,9.288968294037968,1,0,1,1,0,1,True,25491,-1.0
25503,2026-01-23 10:25:00,10,-1,MARKDOWN,6,A+,49416.5452,49454.71767538706,49321.11401153235,38.17247538705851,14.155350774119874,0,1,1,1,1,1,False,-1,
25515,2026-01-23 11:25:00,11,-1,MARKDOWN,4,B,49398.4002,49456.45396335562,49253.26579161094,58.05376335562323,17.627926711239148,0,1,0,0,1,1,False,-1,
25534,2026-01-23 13:00:00,13,-1,MARKDOWN,4,B,49371.8512,49456.83808066027,49159.38399834931,84.98688066027535,18.396161320541502,0,1,0,1,0,1,False,-1,
25546,2026-01-23 14:00:00,14,-1,MARKDOWN,3,C,49362.333999999995,49440.49167770906,49166.93980572733,78.15767770906677,16.50335541812262,0,1,0,0,0,1,False,-1,
25558,2026-01-23 15:00:00,15,-1,MARKDOWN,4,B,49348.536,49424.16804833017,49159.45587917458,75.63204833016789,19.85609666034533,0,1,1,0,0,1,False,-1,
25570,2026-01-23 16:00:00,16,-1,MARKDOWN,5,A,49271.481,49368.434980093414,49029.096049766464,96.95398009341443,22.389960186829427,0,1,0,1,1,1,False,-1,
25582,2026-01-23 17:00:00,17,-1,MARKDOWN,5,A,49192.3684,49335.3100516768,48835.014270807995,142.9416516768033,46.14010335360665,0,1,0,1,1,1,True,25594,2.5
25594,2026-01-23 18:00:00,18,-1,MARKDOWN,4,B,49191.7504,49335.75128435435,48831.74818911411,144.00088435435464,49.02256870871142,1,0,0,0,1,1,False,-1,
25614,2026-01-23 19:40:00,19,-1,MARKDOWN,5,A,49187.5789,49326.790973406925,48839.54871648269,139.2120734069249,44.60194681386041,0,1,1,0,1,1,False,-1,
25626,2026-01-23 20:40:00,20,-1,MARKDOWN,5,A,49109.7774,49233.37250030386,48800.78964924034,123.59510030386446,45.265000607730165,0,1,0,1,1,1,True,25634,2.5
25766,2026-01-26 09:20:00,9,1,MARKUP,6,A+,48995.2612,48947.45468745988,49114.7774813503,47.806512540119,14.17062508024109,0,1,1,1,1,1,False,-1,
25778,2026-01-26 10:20:00,10,1,MARKUP,5,A,49025.9792,48958.05300082375,49195.79469794064,67.92619917625416,16.973998352502985,0,1,1,0,1,1,True,25795,2.5
25790,2026-01-26 11:20:00,11,1,MARKUP,6,A+,49035.1472,48958.47284497886,49226.83308755285,76.67435502113949,16.13431004227791,0,1,1,1,1,1,True,25795,2.5
25816,2026-01-26 13:30:00,13,1,MARKUP,5,A,49058.847499999996,48996.2747270539,49215.27943236525,62.572772946099576,17.230545892210287,0,1,1,0,1,1,False,-1,
25828,2026-01-26 14:30:00,14,1,MARKUP,5,A,49058.847499999996,48996.24961693917,49215.342207652066,62.59788306082919,17.28076612166748,0,1,0,1,1,1,False,-1,
25840,2026-01-26 15:30:00,15,1,MARKUP,5,A,49060.3755,48995.67591049346,49222.12447376635,64.69958950654109,18.428179013083685,0,1,0,1,1,1,False,-1,
25852,2026-01-26 16:30:00,16,1,MARKUP,6,A+,49117.962,48989.54558779075,49439.00303052312,128.41641220924794,30.688824418494463,0,1,1,1,1,1,False,-1,
25864,2026-01-26 17:30:00,17,1,MARKUP,5,A,49182.9539,49042.94016312667,49532.98824218333,140.01373687333398,45.89967374666571,0,1,0,1,1,1,False,-1,
25876,2026-01-26 18:30:00,18,1,MARKUP,4,B,49182.9539,49044.220596242114,49529.78715939472,138.73330375788646,43.33880751576941,0,0,0,1,1,1,False,-1,
25888,2026-01-26 19:30:00,19,1,MARKUP,5,A,49192.996399999996,49064.828276915236,49513.4167077119,128.16812308476074,34.6234461695335,0,1,1,0,1,1,False,-1,
25900,2026-01-26 20:30:00,20,1,MARKUP,5,A,49228.1404,49065.83799805439,49633.89640486401,162.3024019456061,32.60400389121871,0,1,1,1,0,1,False,-1,
26026,2026-01-27 08:00:00,8,1,MARKUP,6,A+,49307.995,49251.7969890219,49448.49002744525,56.198010978099774,7.3460219561964735,0,1,1,1,1,1,False,-1,
26038,2026-01-27 09:00:00,9,1,MARKUP,5,A,49338.653,49293.498189486265,49451.54002628433,45.15481051373354,8.943621027475087,0,0,1,1,1,1,True,26057,-1.0
26050,2026-01-27 10:00:00,10,1,MARKUP,4,B,49362.137,49330.48599658311,49441.26450854223,31.65100341688958,10.968006833780244,0,0,1,0,1,1,True,26054,-1.0
26069,2026-01-27 11:35:00,11,1,MARKUP,5,A,49360.9628,49327.051527940734,49445.74098014817,33.9112720592675,14.036944118535198,0,1,1,0,1,1,True,26072,-1.0
26094,2026-01-27 13:40:00,13,-1,MARKDOWN,5,A,49365.719,49425.03389637731,49217.431759056715,59.314896377312834,18.927792754621375,0,1,1,1,0,1,False,-1,
26106,2026-01-27 14:40:00,14,-1,MARKDOWN,5,A,49315.295,49428.22544567173,49032.96888582068,112.9304456717291,25.31089134345091,0,1,0,1,1,1,False,-1,
26118,2026-01-27 15:40:00,15,-1,MARKDOWN,6,A+,49301.734,49428.00798748919,48986.04903127701,126.27398748919222,24.875974978381333,0,1,1,1,1,1,False,-1,
26130,2026-01-27 16:40:00,16,-1,MARKDOWN,5,A,49234.693,49440.03343759041,48721.34190602397,205.34043759041379,48.92687518082963,0,1,0,1,1,1,False,-1,
26142,2026-01-27 17:40:00,17,-1,MARKDOWN,5,A,49214.905399999996,49439.878943043484,48652.47154239127,224.97354304348846,48.61788608696705,0,1,0,1,1,1,False,-1,
26158,2026-01-27 19:00:00,19,-1,MARKDOWN,4,B,49116.9524,49277.79148006778,48714.854699830554,160.83908006778074,41.44296013557033,0,0,1,0,1,1,False,-1,
26170,2026-01-27 20:00:00,20,-1,MARKDOWN,6,A+,49067.7909,49203.4101016486,48728.742895878495,135.61920164860203,38.18020329719941,0,1,1,1,1,1,False,-1,
26311,2026-01-28 08:45:00,8,1,MARKUP,4,B,49022.353,48981.170225866925,49125.3099353327,41.182774133078055,12.459548266158917,0,0,0,1,1,1,True,26316,-1.0
26323,2026-01-28 09:45:00,9,1,MARKUP,6,A+,49022.353,48981.062478099804,49125.5793047505,41.290521900198655,12.675043800399353,0,1,1,1,1,1,True,26329,-1.0
26344,2026-01-28 11:30:00,11,-1,MARKDOWN,5,A,49041.311200000004,49086.44314252378,48928.48134369057,45.13194252377434,15.086285047556274,0,1,1,1,0,1,True,26348,-1.0
26362,2026-01-28 13:00:00,13,1,MARKUP,5,A,49014.88,48973.69917456815,49117.83206357961,41.18082543184573,13.60165086370043,0,1,0,1,1,1,True,26376,-1.0
26374,2026-01-28 14:00:00,14,1,MARKUP,5,A,49014.88,48974.17960088152,49116.63099779619,40.700399118475616,12.640798236954668,0,1,1,0,1,1,True,26376,-1.0
26386,2026-01-28 15:00:00,15,-1,MARKDOWN,5,A,49022.092,49068.165156850504,48906.909107873726,46.073156850507075,20.330313701007622,0,1,0,1,1,1,True,26403,-1.0
26398,2026-01-28 16:00:00,16,-1,MARKDOWN,4,B,49016.817,49067.62028650436,48889.80878373911,50.80328650435695,20.240573008720602,0,1,0,0,1,1,True,26403,-1.0
26410,2026-01-28 17:00:00,17,-1,MARKDOWN,4,B,49069.3725,49166.13818873384,48827.45827816539,96.76568873384531,39.776377467680405,0,1,1,0,0,1,True,26427,1.8913987219519903
26430,2026-01-28 18:40:00,18,-1,MARKDOWN,6,A+,49056.4609,49166.956642808225,48780.22154297943,110.49574280822708,41.41328561644534,0,1,1,1,1,1,True,26436,1.403772634654398
26444,2026-01-28 19:50:00,19,1,MARKUP,5,A,49000.9891,48893.22545607673,49270.39820980816,107.7636439232665,35.94908784653053,0,1,1,0,1,1,True,26445,-1.0
26457,2026-01-28 20:55:00,20,-1,MARKDOWN,6,A+,49056.4609,49161.55893128585,48793.71582178537,105.0980312858519,30.617862571701767,0,1,1,1,1,1,True,26464,0.8074451915201906
26578,2026-01-29 08:00:00,8,1,MARKUP,6,A+,48923.234,48855.13992397766,49093.46919005584,68.09407602233841,12.420152044677478,0,1,1,1,1,1,False,-1,
26590,2026-01-29 09:00:00,9,1,MARKUP,6,A+,48947.65,48883.95718505583,49106.88203736044,63.69281494417373,12.78562988834514,0,1,1,1,1,1,False,-1,
26602,2026-01-29 10:00:00,10,1,MARKUP,4,B,48989.733199999995,48924.78318234194,49152.10824414513,64.950017658055,17.1336353161234,0,0,0,1,1,1,False,-1,
26614,2026-01-29 11:00:00,11,1,MARKUP,6,A+,49007.4522,48939.68809063301,49176.86247341747,67.76410936698812,19.323818733979184,0,1,1,1,1,1,True,26638,2.5
26644,2026-01-29 13:30:00,13,1,MARKUP,5,A,49091.7475,48972.99869663212,49388.61950841968,118.74880336787464,37.902606735752826,0,1,1,0,1,1,True,26648,-1.0
26663,2026-01-29 15:05:00,15,1,MARKUP,6,A+,49106.168,48973.65551692561,49437.44920768597,132.512483074388,36.58896614877407,1,0,1,1,1,1,True,26664,-1.0
26680,2026-01-29 16:30:00,16,1,MARKUP,4,B,49082.5295,48931.39831906112,49460.35745234719,151.13118093887897,44.6033618777612,0,1,1,0,0,1,True,26683,-1.0
26692,2026-01-29 17:30:00,17,-1,MARKDOWN,6,A+,49092.5305,49348.6013357675,48452.35341058126,256.07083576749574,86.4026715349894,0,1,1,1,1,1,False,-1,
26704,2026-01-29 18:30:00,18,-1,MARKDOWN,5,A,49031.7925,49351.81653408566,48231.73241478587,320.0240340856544,92.83306817131368,0,1,0,1,1,1,True,26714,0.7475141693138447
26716,2026-01-29 19:30:00,19,-1,MARKDOWN,4,B,49031.7925,49341.014010757506,48258.738723106246,309.221510757503,71.22802151501405,1,0,0,0,1,1,True,26717,0.7809045994519137
26854,2026-01-30 08:00:00,8,-1,MARKDOWN,5,A,48862.214,48931.66469412946,48688.587264676346,69.45069412946032,18.189388258920456,0,1,1,0,1,1,False,-1,
26866,2026-01-30 09:00:00,9,-1,MARKDOWN,6,A+,48786.37,48886.418050176515,48536.24987455872,100.04805017651233,28.19610035302654,0,1,1,1,1,1,False,-1,
26878,2026-01-30 10:00:00,10,-1,MARKDOWN,5,A,48780.9647,48887.64105599323,48514.27381001692,106.67635599322966,30.642111986454065,0,1,0,1,1,1,False,-1,
26890,2026-01-30 11:00:00,11,-1,MARKDOWN,4,B,48774.3752,48889.873231984806,48485.630120038,115.49803198480367,35.1064639696053,0,0,0,1,1,1,False,-1,
26931,2026-01-30 14:25:00,14,1,MARKUP,5,A,48711.371999999996,48546.437720388385,49123.70769902902,164.9342796116107,34.96455922322882,0,1,0,1,1,1,False,-1,
26943,2026-01-30 15:25:00,15,1,MARKUP,3,C,48711.371999999996,48547.79529725399,49120.313756865,163.5767027460024,32.24940549200648,0,0,0,1,0,1,False,-1,
26955,2026-01-30 16:25:00,16,1,MARKUP,5,A,48711.371999999996,48545.688426318135,49125.58093420465,165.68357368186116,36.46314736373402,0,1,1,0,1,1,True,26975,-1.0
26969,2026-01-30 17:35:00,17,1,MARKUP,5,A,48811.5584,48640.07154235412,49240.27554411471,171.486857645883,63.196915291755914,0,0,1,1,1,1,True,26972,-1.0
26981,2026-01-30 18:35:00,18,-1,MARKDOWN,5,A,48860.3355,49070.19561566217,48335.68521084459,209.8601156621662,64.65123132432866,0,1,0,1,1,1,False,-1,
26993,2026-01-30 19:35:00,19,-1,MARKDOWN,5,A,48832.067500000005,49072.114611156925,48231.9497221077,240.04711115692044,68.48922231384132,0,1,1,1,0,1,True,27010,1.5010282700901267
27005,2026-01-30 20:35:00,20,-1,MARKDOWN,6,A+,48809.529500000004,49074.23875462571,48147.75636343574,264.7092546257045,72.737509251406,0,1,1,1,1,1,True,27009,1.0663756369196227
27130,2026-02-02 08:00:00,8,-1,MARKDOWN,3,C,48733.019,48926.42370361437,48249.507240964085,193.40470361436746,27.34740722873849,0,0,0,0,1,1,False,-1,
27142,2026-02-02 09:00:00,9,-1,MARKDOWN,4,B,48604.9965,48751.99080058031,48237.51074854923,146.99430058030703,30.98160116061641,0,1,0,0,1,1,True,27157,-1.0
27176,2026-02-02 11:50:00,11,1,MARKUP,5,A,48536.4932,48375.56725402342,48938.80806494143,160.92594597657444,33.3654919531607,0,1,0,1,1,1,False,-1,
27190,2026-02-02 13:00:00,13,1,MARKUP,5,A,48546.4252,48379.551326743785,48963.609883140525,166.8738732562124,25.39734651242325,0,1,1,1,0,1,False,-1,
27202,2026-02-02 14:00:00,14,1,MARKUP,5,A,48593.816999999995,48401.43708336782,49074.766791580434,192.3799166321769,26.82583326436322,0,1,0,1,1,1,False,-1,
27214,2026-02-02 15:00:00,15,1,MARKUP,3,C,48669.0585,48524.5329670625,49030.372332343744,144.52553293749952,24.134065874990732,0,0,0,0,1,1,False,-1,
27226,2026-02-02 16:00:00,16,1,MARKUP,4,B,48763.715,48652.520378676454,49041.701553308856,111.19462132354238,25.659242647087385,0,1,0,1,0,1,True,27232,2.5
27238,2026-02-02 17:00:00,17,1,MARKUP,5,A,48892.4544,48668.42561693496,49452.5263576626,224.02878306504135,62.84876613008191,0,1,0,1,1,1,False,-1,
27250,2026-02-02 18:00:00,18,1,MARKUP,5,A,48945.1704,48670.21735865781,49632.5530033555,274.95304134219623,59.26528268438026,0,1,0,1,1,1,False,-1,
27262,2026-02-02 19:00:00,19,1,MARKUP,5,A,48962.3604,48676.12477723384,49677.94945691539,286.2356227661585,47.450445532317175,0,1,1,0,1,1,False,-1,
27274,2026-02-02 20:00:00,20,1,MARKUP,4,B,48975.5394,48682.281799925615,49708.68340018597,293.2576000743866,35.136400148769226,0,1,0,0,1,1,False,-1,
27406,2026-02-03 08:00:00,8,1,MARKUP,6,A+,49425.542,49398.66758558066,49492.72803604836,26.87441441934061,10.964828838684829,0,1,1,1,1,1,False,-1,
27418,2026-02-03 09:00:00,9,1,MARKUP,6,A+,49430.126000000004,49398.13303494312,49510.10841264221,31.992965056881076,12.03393011376245,0,1,1,1,1,1,True,27441,-1.0
27430,2026-02-03 10:00:00,10,1,MARKUP,3,C,49439.396,49412.63204714315,49506.305882142115,26.763952856847027,13.03590571370088,0,0,0,0,1,1,True,27437,-1.0
27466,2026-02-03 13:00:00,13,-1,MARKDOWN,5,A,49439.413,49495.48946888842,49299.22182777894,56.07646888842282,13.97893777685057,0,1,1,1,0,1,True,27486,2.5
27478,2026-02-03 14:00:00,14,-1,MARKDOWN,4,B,49435.1155,49496.67079540644,49281.2272614839,61.555295406440564,16.341590812877577,0,1,0,1,0,1,True,27484,-1.0
27502,2026-02-03 16:00:00,16,-1,MARKDOWN,4,B,49409.932,49456.45356906872,49293.628077328205,46.521569068718236,17.407138137433922,0,1,1,0,0,1,True,27508,-1.0
27514,2026-02-03 17:00:00,17,1,MARKUP,5,A,49434.2564,49265.297231063116,49856.654322342205,168.95916893688263,58.90553787377117,1,0,0,1,1,1,True,27515,-1.0
27526,2026-02-03 18:00:00,18,1,MARKUP,5,A,49434.2564,49261.031401429645,49867.31889642588,173.2249985703529,67.43719714070758,1,0,0,1,1,1,True,27529,-1.0
27538,2026-02-03 19:00:00,19,-1,MARKDOWN,4,B,49510.206,49688.73927061461,49063.87282346346,178.5332706146146,57.57854122922865,0,1,0,0,1,1,False,-1,
27550,2026-02-03 20:00:00,20,-1,MARKDOWN,5,A,49412.795999999995,49688.94565396146,48722.42186509633,276.14965396146727,57.99130792293187,0,1,0,1,1,1,False,-1,
27682,2026-02-04 08:00:00,8,1,MARKUP,5,A,49280.202000000005,49247.61979686707,49361.65750783235,32.58220313293714,10.920406265861997,0,1,1,0,1,1,False,-1,
27694,2026-02-04 09:00:00,9,1,MARKUP,6,A+,49310.555,49260.7888722078,49434.970319480504,49.76612779220159,13.582255584400412,0,1,1,1,1,1,False,-1,
27706,2026-02-04 10:00:00,10,1,MARKUP,5,A,49321.082200000004,49274.4936269406,49437.55363264851,46.588573059401824,15.172746118799688,0,1,0,1,1,1,True,27712,2.5
27718,2026-02-04 11:00:00,11,1,MARKUP,6,A+,49332.7672,49275.803077032586,49475.17750741854,56.96412296741619,22.55384593482621,1,0,1,1,1,1,True,27720,2.5
27742,2026-02-04 13:00:00,13,1,MARKUP,5,A,49338.0535,49277.81405850316,49488.65210374211,60.23944149684394,21.731882993678468,0,1,0,1,1,1,True,27761,2.5
27754,2026-02-04 14:00:00,14,1,MARKUP,6,A+,49352.474,49278.13141641034,49538.33045897416,74.34258358966326,21.097167179328835,0,1,1,1,1,1,True,27759,2.5
27769,2026-02-04 15:15:00,15,1,MARKUP,5,A,49352.474,49275.54801504019,49544.78896239953,76.92598495980928,26.26396991961716,0,0,1,1,1,1,True,27775,2.5
27784,2026-02-04 16:30:00,16,1,MARKUP,6,A+,49393.5984,49265.28211065636,49714.38912335911,128.31628934364562,41.79577868729193,0,1,1,1,1,1,True,27789,-1.0
27796,2026-02-04 17:30:00,17,1,MARKUP,5,A,49406.809499999996,49216.55859775958,49882.43675560104,190.25090224041924,84.64280448084588,0,1,0,1,1,1,True,27819,-1.0
27808,2026-02-04 18:30:00,18,1,MARKUP,5,A,49410.916,49213.485824530806,49904.49143867298,197.43017546919145,90.78835093838575,0,1,0,1,1,1,True,27819,-1.0
27829,2026-02-04 20:15:00,20,-1,MARKDOWN,6,A+,49450.218,49697.76605818823,48831.34785452943,247.54805818822933,81.77211637646407,0,1,1,1,1,1,True,27846,0.05937432960523555
27958,2026-02-05 08:00:00,8,-1,MARKDOWN,3,C,49496.392499999994,49583.566314821066,49278.457962947316,87.17381482107157,20.592629642133186,0,0,1,0,0,1,False,-1,
27989,2026-02-05 10:35:00,10,-1,MARKDOWN,5,A,49447.323300000004,49506.58400519316,49299.171537017115,59.260705193155445,25.4280103863074,0,1,1,0,1,1,True,28008,-1.0
28001,2026-02-05 11:35:00,11,-1,MARKDOWN,6,A+,49425.3965,49509.648615853206,49214.76621036699,84.25211585320358,31.557231706403112,0,1,1,1,1,1,True,28008,-1.0
28027,2026-02-05 13:45:00,13,1,MARKUP,6,A+,49402.48,49300.23849371,49658.08376572501,102.2415062900036,28.763012580004748,0,1,1,1,1,1,True,28035,-1.0
28041,2026-02-05 14:55:00,14,-1,MARKDOWN,5,A,49483.694,49617.703611759825,49148.669970600444,134.0096117598223,44.16722351964636,0,1,0,1,1,1,False,-1,
28053,2026-02-05 15:55:00,15,-1,MARKDOWN,6,A+,49477.200000000004,49615.50797343934,49131.43006640168,138.30797343933227,39.7759468786734,0,1,1,1,1,1,False,-1,
28065,2026-02-05 16:55:00,16,-1,MARKDOWN,4,B,49422.363900000004,49633.68632879571,48894.057828010744,211.3224287957055,76.13265759141562,0,1,1,0,0,1,False,-1,
28077,2026-02-05 17:55:00,17,-1,MARKDOWN,4,B,49302.7024,49638.731609094444,48462.6293772639,336.0292090944422,86.22321818887826,0,1,0,0,1,1,False,-1,
28089,2026-02-05 18:55:00,18,-1,MARKDOWN,2,C,49300.6014,49634.19570870461,48466.615628238476,333.59430870461074,77.1514174092174,0,0,0,0,0,1,False,-1,
28109,2026-02-05 20:35:00,20,-1,MARKDOWN,6,A+,49151.9724,49387.07129840242,48564.225153993946,235.0988984024225,63.90259680483785,0,1,1,1,1,1,False,-1,
28268,2026-02-06 10:50:00,10,1,MARKUP,5,A,48818.3872,48732.771588026706,49032.426229933226,85.61561197329138,34.01682394658593,0,1,1,0,1,1,False,-1,
28280,2026-02-06 11:50:00,11,1,MARKUP,4,B,48858.401699999995,48732.35116359607,49173.52804100981,126.05053640392725,34.85767280785586,0,1,0,1,0,1,False,-1,
28294,2026-02-06 13:00:00,13,1,MARKUP,6,A+,48916.068499999994,48812.18437721706,49175.77880695733,103.88412278293254,26.891245565866658,0,1,1,1,1,1,False,-1,
28306,2026-02-06 14:00:00,14,1,MARKUP,6,A+,48965.824,48812.49334902501,49349.15062743747,153.3306509749891,26.27330194997879,0,1,1,1,1,1,False,-1,
28318,2026-02-06 15:00:00,15,1,MARKUP,6,A+,48986.784999999996,48838.36318619461,49357.839534513456,148.42181380538386,27.533627610763222,0,1,1,1,1,1,False,-1,
28330,2026-02-06 16:00:00,16,1,MARKUP,6,A+,48999.608499999995,48856.907442882606,49356.36114279347,142.7010571173887,31.945114234786214,0,1,1,1,1,1,False,-1,
28342,2026-02-06 17:00:00,17,1,MARKUP,6,A+,49235.7684,48918.05365980028,50030.0552504993,317.71474019972084,69.15268039942777,0,1,1,1,1,1,False,-1,
28354,2026-02-06 18:00:00,18,1,MARKUP,5,A,49341.7734,49008.51683878256,50174.91480304359,333.2565612174367,79.22632243486731,0,1,1,1,0,1,False,-1,
28366,2026-02-06 19:00:00,19,1,MARKUP,5,A,49401.1944,49074.592289673674,50217.69967581582,326.6021103263265,54.07542065264872,0,1,0,1,1,1,False,-1,
28378,2026-02-06 20:00:00,20,1,MARKUP,5,A,49438.6474,49082.711819544726,50328.48635113819,355.93558045527607,42.83636091053811,0,1,0,1,1,1,False,-1,
28535,2026-02-09 10:05:00,10,1,MARKUP,6,A+,50184.661,50142.710041699036,50289.53839575241,41.950958300963975,18.579916601927895,0,1,1,1,1,1,True,28554,-1.0
28547,2026-02-09 11:05:00,11,1,MARKUP,6,A+,50189.627,50142.04039444221,50308.593513894484,47.58660555779352,19.919211115593026,0,1,1,1,1,1,True,28548,-1.0
28570,2026-02-09 13:00:00,13,-1,MARKDOWN,5,A,50163.977,50262.975450197926,49916.480874505185,98.99845019792701,24.950900395847576,0,1,0,1,1,1,False,-1,
28582,2026-02-09 14:00:00,14,-1,MARKDOWN,6,A+,50163.977,50262.50970519079,49917.645237023025,98.53270519078796,24.01941038156795,0,1,1,1,1,1,False,-1,
28594,2026-02-09 15:00:00,15,-1,MARKDOWN,4,B,50163.977,50261.630674264336,49919.84281433916,97.65367426433659,22.26134852866396,0,0,0,1,1,1,False,-1,
28606,2026-02-09 16:00:00,16,-1,MARKDOWN,5,A,50147.6,50234.61655714536,49930.0586071366,87.01655714536173,21.233114290718166,0,1,0,1,1,1,True,28624,0.5942547222779365
28618,2026-02-09 17:00:00,17,-1,MARKDOWN,4,B,50035.3084,50183.4218305151,49665.02482371226,148.11343051509903,48.84366103019667,1,0,0,1,0,1,True,28621,-1.0
28663,2026-02-09 20:45:00,20,1,MARKUP,5,A,49984.753,49818.60240639895,50400.12948400261,166.1505936010435,33.19518720208009,0,1,1,0,1,1,False,-1,
28786,2026-02-10 08:00:00,8,1,MARKUP,4,B,50126.5825,50098.86744681491,50195.87013296271,27.715053185085708,10.545106370176791,0,0,0,1,1,1,True,28788,-1.0
28801,2026-02-10 09:15:00,9,1,MARKUP,6,A+,50119.012,50085.52747485893,50202.723312852686,33.48452514107339,12.72505028213526,0,1,1,1,1,1,True,28810,2.5
28814,2026-02-10 10:20:00,10,1,MARKUP,5,A,50119.012,50083.68465160767,50207.33037098084,35.32734839233308,16.410696784663475,0,1,0,1,1,1,False,-1,
28826,2026-02-10 11:20:00,11,1,MARKUP,6,A+,50136.8132,50083.76522212916,50269.433144677096,53.04797787083953,16.249555741680467,0,1,1,1,1,1,False,-1,
28846,2026-02-10 13:00:00,13,1,MARKUP,3,C,50138.4367,50084.388337195036,50273.55760701241,54.04836280496238,15.00332560992134,0,0,0,0,1,1,True,28860,-1.0
28869,2026-02-10 14:55:00,14,-1,MARKDOWN,6,A+,50151.7605,50222.63048664347,49974.585533391306,70.8699866434763,17.78097328695539,0,1,1,1,1,1,True,28884,-1.0
28881,2026-02-10 15:55:00,15,-1,MARKDOWN,5,A,50141.350999999995,50225.30468718482,49931.46678203793,83.95368718482496,23.129374369647966,1,0,0,1,1,1,True,28882,-1.0
28893,2026-02-10 16:55:00,16,1,MARKUP,6,A+,50216.6534,49998.164123974726,50762.8765900632,218.48927602527692,52.15175205054442,0,1,1,1,1,1,False,-1,
28905,2026-02-10 17:55:00,17,1,MARKUP,6,A+,50216.6534,49996.1981557844,50767.79151053901,220.4552442156055,56.083688431206156,0,1,1,1,1,1,False,-1,
28917,2026-02-10 18:55:00,18,1,MARKUP,6,A+,50216.6534,49996.75604223495,50766.396794412634,219.89735776505404,54.96791553009304,0,1,1,1,1,1,True,28935,0.45105862575196576
28929,2026-02-10 19:55:00,19,1,MARKUP,5,A,50216.6534,50002.96043125182,50750.885821870455,213.69296874818247,42.55913749634965,0,1,0,1,1,1,True,28935,0.4641547196476826
29062,2026-02-11 08:00:00,8,1,MARKUP,5,A,50315.602999999996,50293.43444152181,50371.02439619547,22.16855847818806,8.811116956378289,1,0,1,0,1,1,True,29063,-1.0
29091,2026-02-11 10:25:00,10,-1,MARKDOWN,5,A,50307.2287,50351.74457429449,50195.93901426377,44.51587429449137,14.809148588994208,0,1,0,1,1,1,True,29093,2.5
29103,2026-02-11 11:25:00,11,1,MARKUP,6,A+,50279.2398,50239.15741484997,50379.44576287508,40.08238515003177,16.06517030006625,0,1,1,1,1,1,True,29109,-1.0
29122,2026-02-11 13:00:00,13,-1,MARKDOWN,5,A,50271.6282,50330.66331050574,50124.04042373564,59.03511050574161,22.64662101149442,1,0,0,1,1,1,True,29125,-1.0
29134,2026-02-11 14:00:00,14,-1,MARKDOWN,5,A,50271.072,50329.1727321192,50125.820169702,58.100732119200984,21.465464238402497,0,1,1,0,1,1,True,29149,-1.0
29146,2026-02-11 15:00:00,15,-1,MARKDOWN,5,A,50271.072,50328.13838562744,50128.4060359314,57.06638562744047,19.39677125487179,0,1,0,1,1,1,True,29149,-1.0
29158,2026-02-11 16:00:00,16,1,MARKUP,4,B,50302.164000000004,50176.69202381281,50615.843940467996,125.47197618719656,35.495952374393156,0,1,0,1,0,1,True,29169,-1.0
29170,2026-02-11 17:00:00,17,1,MARKUP,5,A,50316.86,50170.24428132699,50683.39929668253,146.61571867301245,56.391437346033825,1,0,0,1,1,1,True,29171,-1.0
29182,2026-02-11 18:00:00,18,-1,MARKDOWN,4,B,50276.642400000004,50544.07155536951,49608.069511576236,267.4291553695075,71.26311073901675,0,1,0,1,0,1,False,-1,
29194,2026-02-11 19:00:00,19,-1,MARKDOWN,6,A+,50276.642400000004,50542.76400069867,49611.33839825334,266.12160069866513,68.64800139733114,0,1,1,1,1,1,False,-1,
29207,2026-02-11 20:05:00,20,-1,MARKDOWN,6,A+,50276.642400000004,50536.569913736224,49626.82361565945,259.92751373622013,56.25982747244171,0,1,1,1,1,1,False,-1,
29338,2026-02-12 08:00:00,8,1,MARKUP,4,B,50212.824,50149.23155118272,50371.80512204321,63.592448817282275,11.056897634571202,0,0,0,1,1,1,False,-1,
29356,2026-02-12 09:30:00,9,1,MARKUP,6,A+,50231.8275,50178.648465894155,50364.77508526461,53.17903410584404,13.723068211699012,0,1,1,1,1,1,True,29368,2.5
29373,2026-02-12 10:55:00,10,1,MARKUP,7,A+,50258.4633,50220.15536533733,50354.233136656694,38.307934662676416,16.909269325352717,1,1,1,1,1,1,True,29391,-1.0
29385,2026-02-12 11:55:00,11,1,MARKUP,6,A+,50262.1305,50221.19413636607,50364.471409084814,40.936363633925794,14.831727267852525,0,1,1,1,1,1,True,29391,-1.0
29398,2026-02-12 13:00:00,13,1,MARKUP,5,A,50265.9505,50221.5381234239,50376.981441440235,44.412376576095994,14.143753152201114,0,0,1,1,1,1,True,29415,-1.0
29429,2026-02-12 15:35:00,15,1,MARKUP,6,A+,50251.582,50194.559554673484,50394.138113316294,57.02244532651821,21.600890653037276,0,1,1,1,1,1,True,29438,2.5
29441,2026-02-12 16:35:00,16,1,MARKUP,6,A+,50299.0264,50183.515988217994,50587.80242945503,115.5104117820083,43.6880235640085,0,1,1,1,1,1,True,29443,-1.0
29458,2026-02-12 18:00:00,18,-1,MARKDOWN,6,A+,50280.952,50483.649705907446,49774.20773523138,202.69770590744884,66.17941181489773,0,1,1,1,1,1,False,-1,
29470,2026-02-12 19:00:00,19,-1,MARKDOWN,5,A,50096.064,50489.23302158361,49113.141446040965,393.16902158361336,77.34604316723039,0,1,0,1,1,1,False,-1,
29482,2026-02-12 20:00:00,20,-1,MARKDOWN,5,A,50064.0715,50489.381664326844,49000.796089182884,425.31016432684555,77.6433286536916,0,1,0,1,1,1,False,-1,
29614,2026-02-13 08:00:00,8,-1,MARKDOWN,5,A,49424.75,49493.66506766768,49252.4623308308,68.91506766767998,19.41013533535611,0,1,0,1,1,1,False,-1,
29626,2026-02-13 09:00:00,9,-1,MARKDOWN,4,B,49404.0265,49494.32383728715,49178.28315678213,90.29733728714928,20.72767457429778,0,0,0,1,1,1,False,-1,
29638,2026-02-13 10:00:00,10,-1,MARKDOWN,5,A,49396.6105,49483.110834447405,49180.35966388149,86.50033444740257,22.301668894806728,1,0,0,1,1,1,True,29639,-1.0
29650,2026-02-13 11:00:00,11,-1,MARKDOWN,6,A+,49388.519199999995,49475.70113894415,49170.564352639616,87.18193894415163,33.4822778883015,0,1,1,1,1,1,True,29654,-1.0
29674,2026-02-13 13:00:00,13,-1,MARKDOWN,6,A+,49347.178499999995,49417.44782063933,49171.505198401646,70.26932063933782,27.275641278671554,0,1,1,1,1,1,True,29692,-1.0
29686,2026-02-13 14:00:00,14,-1,MARKDOWN,5,A,49332.6625,49419.41514088931,49115.78089777673,86.75264088930999,31.210281778625514,0,1,0,1,1,1,True,29691,-1.0
29699,2026-02-13 15:05:00,15,-1,MARKDOWN,5,A,49328.799999999996,49415.65297019339,49111.66757451651,86.85297019339487,36.18594038678645,0,1,1,0,1,1,True,29702,-1.0
29717,2026-02-13 16:35:00,16,-1,MARKDOWN,6,A+,49394.5729,49538.329512359094,49035.18136910226,143.75661235909502,59.039024718199094,0,1,1,1,1,1,True,29719,-1.0
29729,2026-02-13 17:35:00,17,1,MARKUP,6,A+,49275.065500000004,49020.41336805487,49911.695829862845,254.6521319451349,104.19326389026264,0,1,1,1,1,1,False,-1,
29741,2026-02-13 18:35:00,18,1,MARKUP,6,A+,49278.3125,49026.155422765805,49908.70519308549,252.15707723419473,92.70915446839265,0,1,1,1,1,1,False,-1,
29753,2026-02-13 19:35:00,19,1,MARKUP,5,A,49315.7485,49037.86744245861,50010.45114385347,277.88105754138815,69.28511508277022,0,1,1,0,1,1,False,-1,
29765,2026-02-13 20:35:00,20,1,MARKUP,3,C,49324.9165,49041.7728141577,50032.77571460574,283.1436858422967,61.47437168460069,0,1,0,0,0,1,False,-1,
29898,2026-02-16 08:40:00,8,1,MARKUP,4,B,49570.206999999995,49536.324224726,49654.91393818498,33.88277527399623,11.61155054799732,0,1,1,0,0,1,False,-1,
29910,2026-02-16 09:40:00,9,1,MARKUP,6,A+,49578.2672,49536.29216290508,49683.2047927373,41.97503709491866,11.675674189825283,0,1,1,1,1,1,False,-1,
29922,2026-02-16 10:40:00,10,1,MARKUP,6,A+,49602.3332,49532.65497020708,49776.528774482314,69.67822979292396,18.950059585840737,0,1,1,1,1,1,False,-1,
29934,2026-02-16 11:40:00,11,1,MARKUP,5,A,49622.8657,49533.16797075686,49847.11002310785,89.6977292431402,17.924058486273395,0,1,0,1,1,1,False,-1,
29950,2026-02-16 13:00:00,13,1,MARKUP,4,B,49626.2647,49539.51161807304,49843.1474048174,86.75308192695957,16.23676385391984,0,0,0,1,1,1,False,-1,
29963,2026-02-16 14:05:00,14,1,MARKUP,5,A,49658.617000000006,49591.38899508142,49826.687012296476,67.22800491858652,17.18200983717109,0,1,1,0,1,1,False,-1,
29980,2026-02-16 15:30:00,15,1,MARKUP,6,A+,49679.1655,49624.300817757605,49816.327205605994,54.864682242397976,17.8583644848019,0,1,1,1,1,1,True,29988,-1.0
30004,2026-02-16 17:30:00,17,-1,MARKDOWN,6,A+,49660.8644,49754.00903148019,49428.00282129951,93.14463148019422,29.058062960373345,0,1,1,1,1,1,False,-1,
30016,2026-02-16 18:30:00,18,-1,MARKDOWN,5,A,49644.4384,49758.46699720311,49359.36690699222,114.02859720311244,37.97399440621038,0,1,0,1,1,1,False,-1,
30028,2026-02-16 19:30:00,19,-1,MARKDOWN,4,B,49630.2244,49730.75427333457,49378.899716663575,100.52987333456986,28.54854666913765,0,0,0,1,1,1,False,-1,
30119,2026-02-17 08:00:00,8,-1,MARKDOWN,5,A,49446.475,49555.66123147285,49173.509421317875,109.18623147284961,21.642462945696533,0,1,0,1,1,1,True,30143,-1.0
30131,2026-02-17 09:00:00,9,-1,MARKDOWN,5,A,49370.3065,49430.4949025655,49219.835493586244,60.18840256550175,17.809805131003618,0,0,1,1,1,1,True,30140,-1.0
30165,2026-02-17 11:50:00,11,1,MARKUP,6,A+,49381.1592,49275.31768079534,49645.76299801165,105.84151920465956,24.04463840930705,0,1,1,1,1,1,False,-1,
30184,2026-02-17 13:25:00,13,1,MARKUP,3,C,49388.482500000006,49287.237089144415,49641.59602713898,101.24541085559031,23.905821711177513,0,0,1,0,0,1,True,30200,-1.0
30202,2026-02-17 14:55:00,14,-1,MARKDOWN,5,A,49466.281,49546.68128486644,49265.280287833906,80.4002848664386,27.48256973287621,0,1,0,1,1,1,True,30213,-1.0
30214,2026-02-17 15:55:00,15,-1,MARKDOWN,5,A,49428.69,49546.40968270913,49134.39079322719,117.71968270912475,44.43936541825322,1,0,0,1,1,1,True,30215,-1.0
30229,2026-02-17 17:10:00,17,-1,MARKDOWN,6,A+,49539.5384,49765.95942473524,48973.48583816188,226.42102473524574,87.03884947048364,0,1,1,1,1,1,True,30241,0.1757716627532093
30246,2026-02-17 18:35:00,18,1,MARKUP,6,A+,49380.5006,49125.422658273514,50018.195454316214,255.07794172648573,87.43468345297872,0,1,1,1,1,1,True,30260,0.588994089348176
30258,2026-02-17 19:35:00,19,1,MARKUP,5,A,49380.5006,49133.53145416733,49997.923464581676,246.96914583267062,71.21709166534195,0,1,0,1,1,1,True,30260,0.6083326704372638
30270,2026-02-17 20:35:00,20,1,MARKUP,5,A,49380.5006,49130.67502566735,50005.064535831625,249.82557433265174,76.92994866529843,0,1,1,0,1,1,False,-1,
30395,2026-02-18 08:00:00,8,1,MARKUP,5,A,49530.934,49481.29218990831,49655.03852522923,49.641810091692605,9.895620183378602,0,1,1,1,0,1,False,-1,
30407,2026-02-18 09:00:00,9,1,MARKUP,2,C,49547.67,49497.15934373812,49673.946640654685,50.51065626187483,13.161312523742815,0,0,0,0,0,1,False,-1,
30419,2026-02-18 10:00:00,10,1,MARKUP,5,A,49560.3142,49496.24286218479,49720.492544538036,64.07133781521406,14.994275630417434,0,1,1,0,1,1,False,-1,
30431,2026-02-18 11:00:00,11,1,MARKUP,6,A+,49637.214199999995,49540.700630131614,49878.49812467095,96.51356986838073,22.578739736762458,0,1,1,1,1,1,False,-1,
30455,2026-02-18 13:00:00,13,1,MARKUP,5,A,49665.2477,49567.37598447597,49909.926988810075,97.87171552403015,18.22803104806195,0,1,0,1,1,1,True,30472,-1.0
30497,2026-02-18 16:30:00,16,-1,MARKDOWN,5,A,49663.106999999996,49830.22573384433,49245.310165389164,167.1187338443342,42.77146768866591,0,0,1,1,1,1,True,30498,-1.0
30509,2026-02-18 17:30:00,17,1,MARKUP,3,C,49608.4844,49396.32344657484,50138.886783562906,212.160953425162,62.03310685031892,0,1,0,0,0,1,False,-1,
30521,2026-02-18 18:30:00,18,1,MARKUP,3,C,49608.4844,49402.404547306716,50123.68403173321,206.07985269328492,49.87090538655409,0,1,0,0,0,1,False,-1,
30533,2026-02-18 19:30:00,19,1,MARKUP,3,C,49608.4844,49406.93869675889,50112.34865810278,201.5457032411141,40.802606482219716,0,0,0,1,0,1,False,-1,
30545,2026-02-18 20:30:00,20,1,MARKUP,3,C,49608.4844,49409.20878104906,50106.67344737735,199.27561895093822,36.2624379018612,0,0,0,1,0,1,True,30558,0.2245412671934463
30684,2026-02-19 09:05:00,9,1,MARKUP,5,A,49650.753000000004,49605.432195127716,49764.055012180725,45.320804872288136,13.095609744568046,0,1,0,1,1,1,True,30704,-1.0
30696,2026-02-19 10:05:00,10,1,MARKUP,4,B,49654.8977,49604.55219420507,49780.76146448733,50.34550579493225,14.855611589874634,0,0,1,0,1,1,True,30704,-1.0
30709,2026-02-19 11:10:00,11,-1,MARKDOWN,4,B,49673.142,49735.38983772677,49517.52240568308,62.24783772676892,22.11967545354007,0,1,0,1,0,1,False,-1,
30731,2026-02-19 13:00:00,13,-1,MARKDOWN,5,A,49620.426,49737.78755495024,49327.02211262439,117.36155495024286,26.915109900477724,0,1,0,1,1,1,False,-1,
30743,2026-02-19 14:00:00,14,-1,MARKDOWN,5,A,49620.426,49737.63703063226,49327.398423419356,117.21103063225746,26.614061264515996,0,1,1,0,1,1,False,-1,
30759,2026-02-19 15:20:00,15,-1,MARKDOWN,5,A,49616.2545,49729.57703136974,49332.948171575656,113.32253136974032,23.99406273948601,0,1,1,0,1,1,False,-1,
30773,2026-02-19 16:30:00,16,-1,MARKDOWN,6,A+,49519.3019,49623.45054659699,49258.930283507514,104.14864659699379,36.7410931939852,0,1,1,1,1,1,True,30776,2.5
30789,2026-02-19 17:50:00,17,-1,MARKDOWN,6,A+,49505.595,49643.33408237959,49161.247294051034,137.73908237958676,71.10816475917426,0,1,1,1,1,1,True,30790,0.535396335781977
30801,2026-02-19 18:50:00,18,-1,MARKDOWN,5,A,49494.899,49643.33628791357,49123.80578021608,148.4372879135699,71.11257582713233,0,1,0,1,1,1,False,-1,
30813,2026-02-19 19:50:00,19,-1,MARKDOWN,6,A+,49480.574,49640.36149912822,49081.10525217945,159.7874991282224,65.16299825644617,0,1,1,1,1,1,False,-1,
30825,2026-02-19 20:50:00,20,-1,MARKDOWN,5,A,49449.632,49637.07273151071,48981.030171223225,187.44073151070916,58.585463021410554,0,1,0,1,1,1,False,-1,
30947,2026-02-20 08:00:00,8,1,MARKUP,6,A+,49452.112499999996,49420.87274822047,49530.211879448805,31.23975177952525,9.954503559050972,0,1,1,1,1,1,True,30969,2.5
30959,2026-02-20 09:00:00,9,1,MARKUP,4,B,49456.028,49420.818948032414,49544.05062991896,35.209051967583946,10.062103935163906,0,1,0,1,0,1,True,30969,2.5
30971,2026-02-20 10:00:00,10,1,MARKUP,3,C,49465.1435,49434.22473980624,49542.4404004844,30.918760193759226,12.750520387518547,0,0,1,0,0,1,True,30972,2.5
30983,2026-02-20 11:00:00,11,1,MARKUP,6,A+,49472.8895,49438.37122080679,49559.185197983024,34.51827919320931,17.657558386411402,0,1,1,1,1,1,True,30993,-1.0
31009,2026-02-20 13:10:00,13,-1,MARKDOWN,5,A,49464.848,49556.4792755189,49235.76981120275,91.6312755188992,22.058551037802086,0,1,0,1,1,1,False,-1,
31021,2026-02-20 14:10:00,14,-1,MARKDOWN,5,A,49458.736,49556.02655416851,49215.509614578725,97.29055416851043,21.15310833701883,0,1,0,1,1,1,False,-1,
31033,2026-02-20 15:10:00,15,-1,MARKDOWN,4,B,49449.568,49556.04258852351,49183.38152869123,106.47458852350974,21.185177047028347,0,0,0,1,1,1,True,31055,-1.0
31045,2026-02-20 16:10:00,16,-1,MARKDOWN,6,A+,49434.288,49560.67885354493,49118.310866137675,126.39085354493,30.45770708986245,0,1,1,1,1,1,True,31055,-1.0
31069,2026-02-20 18:10:00,18,1,MARKUP,5,A,49362.5755,49098.43665583128,50022.92261042179,264.1388441687159,96.42668833743681,0,1,0,1,1,1,True,31073,0.06782228511818676
31084,2026-02-20 19:25:00,19,-1,MARKDOWN,4,B,49495.974500000004,49750.46826074375,48859.74009814064,254.49376074374595,77.13652148749581,0,1,0,1,0,1,True,31097,0.7150843284651257
31096,2026-02-20 20:25:00,20,-1,MARKDOWN,5,A,49495.974500000004,49747.40396431457,48867.40083921358,251.4294643145695,71.00792862914318,0,1,1,1,0,1,True,31097,0.7237994182428863
31259,2026-02-23 11:00:00,11,1,MARKUP,6,A+,49365.2547,49291.009237426275,49550.86835643431,74.24546257372276,17.96152514744543,0,1,1,1,1,1,False,-1,
31283,2026-02-23 13:00:00,13,1,MARKUP,4,B,49406.700699999994,49321.767855999955,49619.03281000009,84.93284400003904,17.944288000088026,0,1,1,0,0,1,True,31299,2.5
31324,2026-02-23 16:25:00,16,1,MARKUP,6,A+,49421.75399999999,49332.5824066302,49644.68298342447,89.17159336979239,24.015186739583825,0,1,1,1,1,1,True,31328,-1.0
31336,2026-02-23 17:25:00,17,-1,MARKDOWN,4,B,49417.2714,49759.62047996048,48561.39870009878,342.34907996048423,75.56095992097079,0,1,0,1,0,1,False,-1,
31348,2026-02-23 18:25:00,18,-1,MARKDOWN,5,A,49363.8869,49756.53511958386,48382.26635104034,392.64821958386165,69.39023916772649,0,1,0,1,1,1,False,-1,
31360,2026-02-23 19:25:00,19,-1,MARKDOWN,6,A+,49363.8869,49748.02170665511,48403.54988336221,384.1348066551145,52.36341331023837,0,1,1,1,1,1,False,-1,
31372,2026-02-23 20:25:00,20,-1,MARKDOWN,3,C,49359.302899999995,49744.94136294741,48395.20674263146,385.63846294741234,46.202725894824475,0,0,0,0,1,1,False,-1,
31503,2026-02-24 08:20:00,8,-1,MARKDOWN,6,A+,48877.288,48914.14687297813,48785.14081755467,36.85887297813315,11.833745956265448,0,1,1,1,1,1,True,31507,-1.0
31523,2026-02-24 10:00:00,10,-1,MARKDOWN,6,A+,48883.888,48922.30068529712,48787.85628675719,38.41268529712397,14.941370594239725,0,1,1,1,1,1,True,31538,-1.0
31535,2026-02-24 11:00:00,11,-1,MARKDOWN,5,A,48863.833,48927.96177378625,48703.511065534374,64.12877378625126,26.26354757249355,0,1,0,1,1,1,True,31536,-1.0
31562,2026-02-24 13:15:00,13,1,MARKUP,5,A,48853.146,48770.09625092921,49060.77037267698,83.04974907079304,22.4674981415842,0,1,0,1,1,1,True,31579,-1.0
31574,2026-02-24 14:15:00,14,1,MARKUP,5,A,48853.146,48770.79647525855,49059.019811853635,82.34952474145393,21.06704948290712,0,1,0,1,1,1,True,31579,-1.0
31591,2026-02-24 15:40:00,15,1,MARKUP,6,A+,48853.146,48768.29460401766,49065.274489955846,84.85139598233945,26.070791964681753,0,1,1,1,1,1,True,31600,-1.0
31603,2026-02-24 16:40:00,16,1,MARKUP,6,A+,48932.3599,48732.378003130056,49432.31464217487,199.98189686994738,60.403993739895164,0,1,1,1,1,1,False,-1,
31615,2026-02-24 17:40:00,17,1,MARKUP,5,A,48956.2349,48727.55801117244,49527.92712206891,228.67688882756192,70.04397765512697,0,1,0,1,1,1,False,-1,
31627,2026-02-24 18:40:00,18,1,MARKUP,6,A+,48956.2349,48734.41195710962,49510.792257225956,221.82294289037964,56.33608578075789,0,1,1,1,1,1,False,-1,
31639,2026-02-24 19:40:00,19,1,MARKUP,4,B,48956.2349,48742.52585980783,49490.50750048044,213.70904019217414,40.10828038434141,0,1,0,1,0,1,False,-1,
31651,2026-02-24 20:40:00,20,1,MARKUP,6,A+,48963.6839,48745.169486394254,49509.96993401438,218.51441360574972,34.82102721149729,0,1,1,1,1,1,False,-1,
31775,2026-02-25 08:00:00,8,1,MARKUP,4,B,49154.848,49087.709715409845,49322.69371147538,67.13828459015349,12.800569180309235,0,0,0,1,1,1,False,-1,
31787,2026-02-25 09:00:00,9,1,MARKUP,4,B,49154.848,49087.79336368943,49322.48459077642,67.05463631056773,12.633272621138145,0,0,1,0,1,1,False,-1,
31799,2026-02-25 10:00:00,10,1,MARKUP,5,A,49145.1452,49086.67988822122,49291.308479446954,58.46531177878205,14.860223557565117,0,1,1,0,1,1,False,-1,
31811,2026-02-25 11:00:00,11,1,MARKUP,5,A,49205.9467,49161.86062594498,49316.16188513755,44.08607405501971,17.998748110040275,0,1,0,1,1,1,False,-1,
31835,2026-02-25 13:00:00,13,1,MARKUP,4,B,49215.2075,49165.483103810315,49339.518490474205,49.72439618968201,14.453792379366941,0,1,0,1,0,1,False,-1,
31847,2026-02-25 14:00:00,14,1,MARKUP,4,B,49235.358,49165.77173313268,49409.323667168304,69.58626686732168,13.87653373463777,0,1,0,1,0,1,False,-1,
31859,2026-02-25 15:00:00,15,1,MARKUP,5,A,49264.198,49195.456765728755,49436.051085678104,68.74123427124141,16.00646854249369,0,1,0,1,1,1,True,31883,2.5
31871,2026-02-25 16:00:00,16,1,MARKUP,6,A+,49293.4615,49214.68976434776,49490.3908391306,78.77173565224075,17.54047130448798,0,1,1,1,1,1,True,31877,-1.0
31896,2026-02-25 18:05:00,18,1,MARKUP,4,B,49300.1426,49180.052474263925,49600.36791434018,120.0901257360747,49.715051472152965,0,1,1,0,0,1,True,31898,0.9560935946751958
31908,2026-02-25 19:05:00,19,1,MARKUP,5,A,49300.1426,49183.326372624404,49592.18316843899,116.81622737559519,43.16725475119939,0,1,0,1,1,1,False,-1,
31920,2026-02-25 20:05:00,20,1,MARKUP,5,A,49319.89200000001,49188.32055989022,49648.82060027447,131.57144010978664,33.17888021955915,0,1,0,1,1,1,False,-1,
32051,2026-02-26 08:00:00,8,-1,MARKDOWN,5,A,49418.79,49446.1283637327,49350.44409066826,27.33836373269878,8.836727465394487,0,1,0,1,1,1,False,-1,
32063,2026-02-26 09:00:00,9,-1,MARKDOWN,3,C,49412.174999999996,49443.69275779723,49333.38060550691,31.51775779723539,11.465515594461376,0,0,0,0,1,1,True,32079,-1.0
32075,2026-02-26 10:00:00,10,-1,MARKDOWN,4,B,49411.1627,49444.69257631846,49327.33800920384,33.5298763184619,13.465152636922703,0,1,1,0,0,1,True,32078,-1.0
32096,2026-02-26 11:45:00,11,1,MARKUP,5,A,49408.875,49359.47583856352,49532.3729035912,49.39916143647861,16.668322872948586,0,1,1,1,0,1,False,-1,
32111,2026-02-26 13:00:00,13,1,MARKUP,5,A,49408.875,49360.76789589854,49529.14276025364,48.10710410145839,14.08420820290663,0,1,0,1,1,1,False,-1,
32123,2026-02-26 14:00:00,14,1,MARKUP,6,A+,49418.998,49361.34196280095,49563.13809299762,57.656037199049024,12.936074398094545,0,1,1,1,1,1,False,-1,
32135,2026-02-26 15:00:00,15,1,MARKUP,5,A,49459.128,49364.60239902369,49695.44200244076,94.5256009763034,17.91520195260228,0,1,0,1,1,1,False,-1,
32147,2026-02-26 16:00:00,16,1,MARKUP,6,A+,49486.2345,49386.57604191717,49735.38064520707,99.65845808282756,19.967916165652632,0,1,1,1,1,1,True,32162,-1.0
32159,2026-02-26 17:00:00,17,1,MARKUP,4,B,49582.9024,49399.77870686269,50040.71163284326,183.12369313730596,50.56258627460666,1,0,0,0,1,1,True,32160,-1.0
32184,2026-02-26 19:05:00,19,-1,MARKDOWN,6,A+,49609.633,49869.63525701217,48959.62735746959,260.0022570121655,62.75051402433648,0,1,1,1,1,1,False,-1,
32196,2026-02-26 20:05:00,20,-1,MARKDOWN,5,A,49608.105,49863.35012607546,48969.99218481137,255.2451260754533,50.18025215091004,0,1,0,1,1,1,False,-1,
32369,2026-02-27 11:30:00,11,1,MARKUP,4,B,49274.2782,49208.33140129915,49439.145196752135,65.94679870085383,21.037197401710515,0,1,0,0,1,1,True,32375,-1.0
32387,2026-02-27 13:00:00,13,-1,MARKDOWN,6,A+,49301.3975,49377.29816057014,49111.64584857464,75.90066057014337,26.69632114028884,0,1,1,1,1,1,False,-1,
32399,2026-02-27 14:00:00,14,-1,MARKDOWN,6,A+,49271.983499999995,49378.65460519923,49005.305737001894,106.67110519923881,29.409210398471174,0,1,1,1,1,1,False,-1,
32411,2026-02-27 15:00:00,15,-1,MARKDOWN,5,A,49266.157999999996,49379.0557565769,48983.91360855774,112.89775657690188,30.211513153800922,0,1,0,1,1,1,False,-1,
32423,2026-02-27 16:00:00,16,-1,MARKDOWN,6,A+,49184.5055,49383.73186164735,48686.439595881624,199.22636164735013,39.56372329471193,0,1,1,1,1,1,False,-1,
32435,2026-02-27 17:00:00,17,-1,MARKDOWN,5,A,49039.6129,49302.28043792438,48382.944055189044,262.6675379243825,67.66087584877702,0,1,0,1,1,1,True,32454,2.5
32447,2026-02-27 18:00:00,18,-1,MARKDOWN,4,B,49012.4209,49260.45921031224,48392.32512421939,248.038310312244,72.01842062448954,0,0,0,1,1,1,True,32451,2.5
32461,2026-02-27 19:10:00,19,-1,MARKDOWN,6,A+,49004.3869,49247.08524329414,48397.64104176464,242.69834329414152,71.27048658828771,0,1,1,1,1,1,False,-1,
32473,2026-02-27 20:10:00,20,-1,MARKDOWN,5,A,48936.4069,49131.15655293997,48449.53276765009,194.74965293996502,59.413105879937,0,1,0,1,1,1,False,-1,
32603,2026-03-02 08:00:00,8,-1,MARKDOWN,6,A+,48599.686,48697.65476692622,48354.76408268445,97.96876692622027,22.50953385243579,0,1,1,1,1,1,False,-1,
32615,2026-03-02 09:00:00,9,-1,MARKDOWN,5,A,48537.802,48703.1038681673,48124.54732958176,165.30186816729838,33.407736334594496,0,1,1,1,0,1,False,-1,
32627,2026-03-02 10:00:00,10,-1,MARKDOWN,5,A,48450.650200000004,48639.300565474696,47979.02428631327,188.65036547469208,45.80113094939148,0,1,0,1,1,1,True,32651,-1.0
32639,2026-03-02 11:00:00,11,-1,MARKDOWN,4,B,48428.3987,48645.59177380076,47885.416015498085,217.19307380076498,58.383547601528335,0,0,1,0,1,1,True,32651,-1.0
32708,2026-03-02 16:45:00,16,1,MARKUP,6,A+,48501.8129,48337.04044548787,48913.7440362803,164.77245451212366,61.41910902426,0,1,1,1,1,1,False,-1,
32720,2026-03-02 17:45:00,17,1,MARKUP,5,A,48581.8419,48328.575970394406,49215.00672401398,253.26592960559356,78.34805921118986,0,1,0,1,1,1,False,-1,
32732,2026-03-02 18:45:00,18,1,MARKUP,6,A+,48600.5599,48327.963527025575,49282.05083243606,272.5963729744253,79.57294594885133,0,1,1,1,1,1,False,-1,
32744,2026-03-02 19:45:00,19,1,MARKUP,5,A,48610.5144,48337.68690089161,49292.58314777097,272.827499108389,61.1261982167735,0,1,1,1,0,1,False,-1,
32756,2026-03-02 20:45:00,20,1,MARKUP,3,C,48610.5144,48344.074030931006,49276.615322672485,266.4403690689942,48.35193813798976,0,0,0,0,1,1,False,-1,
32879,2026-03-03 08:00:00,8,-1,MARKDOWN,5,A,48692.0185,48825.03648322695,48359.473541932624,133.01798322694958,26.712966453890225,0,1,0,1,1,1,False,-1,
32891,2026-03-03 09:00:00,9,-1,MARKDOWN,5,A,48594.081,48691.75668834334,48349.891779141646,97.67568834334088,27.653376686682456,0,1,0,1,1,1,False,-1,
32903,2026-03-03 10:00:00,10,-1,MARKDOWN,6,A+,48544.4982,48688.486996034444,48184.52620991389,143.9887960344422,32.1139920688854,0,1,1,1,1,1,False,-1,
32915,2026-03-03 11:00:00,11,-1,MARKDOWN,5,A,48420.6432,48651.22688766614,47844.18398083464,230.5836876661415,50.59377533228054,0,1,0,1,1,1,False,-1,
32939,2026-03-03 13:00:00,13,-1,MARKDOWN,5,A,48335.6807,48584.96049695579,47712.481207610515,249.27979695579415,54.5609939115777,0,1,0,1,1,1,False,-1,
32951,2026-03-03 14:00:00,14,-1,MARKDOWN,5,A,48275.594,48531.1984708286,47636.58282292848,255.60447082860628,54.33694165721671,0,0,1,1,1,1,False,-1,
32972,2026-03-03 15:45:00,15,-1,MARKDOWN,6,A+,48127.737499999996,48293.46902709421,47713.40868226446,165.73152709421265,57.378054188414126,0,1,1,1,1,1,True,32982,2.5
32984,2026-03-03 16:45:00,16,-1,MARKDOWN,6,A+,48074.524900000004,48306.832425544046,47493.756086139896,232.3075255440417,84.1048510880896,0,1,1,1,1,1,True,33003,-1.0
32996,2026-03-03 17:45:00,17,-1,MARKDOWN,5,A,48023.623400000004,48313.12552965203,47299.868075869934,289.5021296520281,96.69105930406607,0,1,0,1,1,1,True,33002,-1.0
33026,2026-03-03 20:15:00,20,1,MARKUP,4,B,47929.339,47594.032405339676,48767.605486650806,335.30659466032375,78.89518932064976,0,1,0,1,0,1,False,-1,
33155,2026-03-04 08:00:00,8,-1,MARKDOWN,5,A,48392.415,48503.79336759301,48113.96908101748,111.3783675930099,41.306735186028774,0,1,1,0,1,1,True,33174,-1.0
33167,2026-03-04 09:00:00,9,-1,MARKDOWN,6,A+,48323.2055,48404.08492530752,48121.00693673118,80.8794253075248,35.88985061504173,1,0,1,1,1,1,True,33171,-1.0
33188,2026-03-04 10:45:00,10,1,MARKUP,6,A+,48301.3617,48198.67193198894,48558.086120027656,102.68976801106328,45.436136022116536,0,1,1,1,1,1,True,33192,2.5
33200,2026-03-04 11:45:00,11,1,MARKUP,6,A+,48312.3442,48198.292803463715,48597.47269134071,114.0513965362843,46.19439307257409,0,1,1,1,1,1,False,-1,
33215,2026-03-04 13:00:00,13,1,MARKUP,5,A,48386.3567,48197.42059974606,48858.69695063484,188.93610025393718,47.93880050788367,0,1,1,1,0,1,False,-1,
33227,2026-03-04 14:00:00,14,1,MARKUP,4,B,48420.475,48239.62648132898,48872.59629667754,180.8485186710168,42.72703734202847,0,1,1,0,0,1,True,33232,2.183954852947888
33239,2026-03-04 15:00:00,15,1,MARKUP,6,A+,48440.869,48270.04308058796,48867.933798530095,170.8259194120401,47.893838824072574,0,1,1,1,1,1,True,33258,2.5
33251,2026-03-04 16:00:00,16,1,MARKUP,5,A,48448.222499999996,48270.761494340535,48891.87501414865,177.46100565946108,46.45701131893001,0,1,0,1,1,1,True,33258,1.7056000492909886
33263,2026-03-04 17:00:00,17,1,MARKUP,5,A,48516.969600000004,48321.73610887922,49005.05332780197,195.23349112078722,78.90778224157509,1,0,1,0,1,1,True,33264,1.3441874060308474
33275,2026-03-04 18:00:00,18,1,MARKUP,6,A+,48554.291000000005,48323.71749611275,49130.724759718134,230.57350388725172,74.94500777450273,0,1,1,1,1,1,False,-1,
33287,2026-03-04 19:00:00,19,1,MARKUP,6,A+,48556.201,48327.928450698106,49126.88237325474,228.2725493018952,66.52309860379064,0,1,1,1,1,1,False,-1,
33299,2026-03-04 20:00:00,20,1,MARKUP,5,A,48556.201,48334.35336729411,49110.82008176472,221.84763270588883,53.67326541178732,0,1,0,1,1,1,False,-1,
33431,2026-03-05 08:00:00,8,-1,MARKDOWN,6,A+,48685.184,48796.258395964716,48407.49801008821,111.07439596471522,21.216791929431444,0,1,1,1,1,1,False,-1,
33443,2026-03-05 09:00:00,9,-1,MARKDOWN,5,A,48598.337,48689.27097984874,48371.00205037814,90.93397984874173,31.741959697485402,1,0,1,0,1,1,True,33444,-1.0
33455,2026-03-05 10:00:00,10,-1,MARKDOWN,6,A+,48579.9515,48661.48532204674,48376.11694488316,81.53382204673835,35.6706440934732,0,1,1,1,1,1,True,33467,-1.0
33491,2026-03-05 13:00:00,13,1,MARKUP,3,C,48594.3085,48421.28386961359,49026.87007596603,173.02463038641145,42.93226077281865,0,0,0,0,1,1,True,33503,-1.0
33513,2026-03-05 14:50:00,14,-1,MARKDOWN,6,A+,48687.9415,48860.75388884413,48255.91052788969,172.81238884412596,42.50777768824856,0,1,1,1,1,1,False,-1,
33525,2026-03-05 15:50:00,15,-1,MARKDOWN,5,A,48684.5035,48860.25989473166,48245.112513170854,175.75639473165938,41.51978946331475,0,1,1,0,1,1,False,-1,
33537,2026-03-05 16:50:00,16,-1,MARKDOWN,5,A,48545.8114,48754.41297580635,48024.307460484124,208.60157580635132,67.82595161270545,0,1,0,1,1,1,False,-1,
33549,2026-03-05 17:50:00,17,-1,MARKDOWN,5,A,48465.2094,48760.591934752214,47726.75306311947,295.38253475221427,80.18386950443283,0,1,0,1,1,1,False,-1,
33561,2026-03-05 18:50:00,18,-1,MARKDOWN,4,B,48382.8529,48728.68038066684,47518.2841983329,345.82748066684144,77.36076133367563,0,1,0,1,0,1,False,-1,
33573,2026-03-05 19:50:00,19,-1,MARKDOWN,5,A,48249.386399999996,48590.84980050361,47395.727898740966,341.46340050361323,75.69960100721897,0,1,1,1,0,1,False,-1,
33585,2026-03-05 20:50:00,20,-1,MARKDOWN,5,A,48192.573,48552.485864550814,47292.790838622954,359.9128645508172,71.57172910163979,0,1,1,1,0,1,False,-1,
33707,2026-03-06 08:00:00,8,1,MARKUP,4,B,48025.668000000005,47977.03255791002,48147.256605224975,48.63544208998792,17.814884179963432,0,0,0,1,1,1,True,33711,-1.0
33727,2026-03-06 09:40:00,9,1,MARKUP,6,A+,48028.2945,47980.7747561137,48147.093859715766,47.51974388630333,18.830487772602705,0,1,1,1,1,1,True,33728,-1.0
33739,2026-03-06 10:40:00,10,-1,MARKDOWN,5,A,48028.0942,48106.36393680861,47832.41985797848,78.26973680860829,32.84787361721224,1,0,0,1,1,1,True,33740,2.5
33751,2026-03-06 11:40:00,11,-1,MARKDOWN,5,A,47965.0642,48110.08098676153,47602.52223309617,145.01678676153097,40.28197352305387,0,1,0,1,1,1,False,-1,
33767,2026-03-06 13:00:00,13,-1,MARKDOWN,5,A,47940.8142,48087.37073498651,47574.422862533735,146.55653498650645,43.3614699730044,0,1,1,1,0,1,False,-1,
33779,2026-03-06 14:00:00,14,-1,MARKDOWN,4,B,47918.38,48087.39777465001,47495.83556337497,169.01777465001214,47.71554930002158,0,1,0,1,0,1,False,-1,
33791,2026-03-06 15:00:00,15,-1,MARKDOWN,5,A,47886.3395,48081.90607273561,47397.42306816098,195.56657273560995,45.23214547121913,0,1,0,1,1,1,False,-1,
33803,2026-03-06 16:00:00,16,-1,MARKDOWN,5,A,47705.562,48018.04743914356,46924.3484021411,312.4854391435583,68.01487828711461,0,1,0,1,1,1,False,-1,
33815,2026-03-06 17:00:00,17,-1,MARKDOWN,5,A,47551.9429,47945.09541970285,46569.06160074289,393.1525197028459,95.61083940568902,0,1,0,1,1,1,False,-1,
33827,2026-03-06 18:00:00,18,-1,MARKDOWN,5,A,47538.6559,47923.79207394015,46575.815465149615,385.13617394015455,96.0041478803024,1,0,0,1,1,1,False,-1,
33847,2026-03-06 19:40:00,19,-1,MARKDOWN,6,A+,47442.4024,47763.31819789444,46640.11290526389,320.9157978944422,86.55639578887845,0,1,1,1,1,1,True,33852,2.5
34043,2026-03-09 13:00:00,13,1,MARKUP,5,A,46738.1902,46450.946628185506,47456.29912953623,287.2435718144916,77.04674362899489,0,1,0,1,1,1,False,-1,
34055,2026-03-09 14:00:00,14,1,MARKUP,6,A+,46791.709,46541.12418341701,47418.17104145749,250.5848165829957,69.89163316599006,0,1,1,1,1,1,False,-1,
34067,2026-03-09 15:00:00,15,1,MARKUP,6,A+,46791.709,46543.7212455448,47411.678386138,247.98775445520005,64.69750891038969,0,1,1,1,1,1,True,34089,2.5
34079,2026-03-09 16:00:00,16,1,MARKUP,6,A+,46835.278,46618.26701722172,47377.8054569457,217.01098277827987,56.60596555656009,0,1,1,1,1,1,True,34087,-1.0
34101,2026-03-09 17:50:00,17,1,MARKUP,5,A,46801.399099999995,46568.19915226991,47384.39896932521,233.1999477300851,99.64169546017456,0,1,1,0,1,1,False,-1,
34113,2026-03-09 18:50:00,18,1,MARKUP,6,A+,46832.9905,46577.82085324338,47470.914616891554,255.16964675662166,80.39829351323787,0,1,1,1,1,1,False,-1,
34125,2026-03-09 19:50:00,19,1,MARKUP,5,A,46872.3365,46583.18277459164,47595.22081352089,289.1537254083596,69.67445081671117,0,1,0,1,1,1,False,-1,
34137,2026-03-09 20:50:00,20,1,MARKUP,5,A,46872.3365,46588.45000479177,47582.052738020575,283.88649520822946,59.139990416458595,0,0,1,1,1,1,False,-1,
34260,2026-03-10 08:05:00,8,1,MARKUP,6,A+,47566.0185,47460.96099767733,47828.662255806674,105.05750232267019,33.05800464533371,0,1,1,1,1,1,False,-1,
34272,2026-03-10 09:05:00,9,1,MARKUP,5,A,47566.0185,47463.75709802796,47821.672004930086,102.26140197203495,27.46580394406952,0,1,0,1,1,1,False,-1,
34284,2026-03-10 10:05:00,10,1,MARKUP,6,A+,47588.881199999996,47461.83078956722,47906.50722608194,127.05041043277743,31.31842086555846,0,1,1,1,1,1,False,-1,
34296,2026-03-10 11:05:00,11,1,MARKUP,6,A+,47648.282199999994,47457.38653866915,48125.521353327116,190.89566133084736,40.20692266170466,0,1,1,1,1,1,False,-1,
34319,2026-03-10 13:00:00,13,1,MARKUP,3,C,47743.9752,47586.65263552187,48137.281611195336,157.32256447813415,40.674728956257546,0,0,0,1,0,1,True,34337,-1.0
34331,2026-03-10 14:00:00,14,1,MARKUP,4,B,47761.649999999994,47610.97609718586,48138.33475703532,150.673902814131,49.22780562827346,0,1,1,0,0,1,True,34334,-1.0
34354,2026-03-10 15:55:00,15,-1,MARKDOWN,6,A+,47792.6395,47990.213303591496,47298.70499102125,197.5738035914983,49.24660718299871,0,1,1,1,1,1,True,34373,-1.0
34366,2026-03-10 16:55:00,16,-1,MARKDOWN,5,A,47775.9079,48001.72482651164,47211.365583720886,225.81692651164485,72.26965302329766,0,1,1,0,1,1,True,34373,-1.0
34378,2026-03-10 17:55:00,17,1,MARKUP,5,A,47664.856,47411.610750037325,48297.96912490668,253.24524996267428,76.35849992534399,0,1,1,1,0,1,False,-1,
34390,2026-03-10 18:55:00,18,1,MARKUP,5,A,47683.574,47418.31097756476,48346.731556088096,265.2630224352397,62.9580448704861,0,1,0,1,1,1,False,-1,
34402,2026-03-10 19:55:00,19,1,MARKUP,6,A+,47687.776,47419.496338753204,48358.47515311698,268.2796612467937,60.58732249359178,0,1,1,1,1,1,False,-1,
34414,2026-03-10 20:55:00,20,1,MARKUP,5,A,47751.57,47417.42156979674,48586.941075508155,334.14843020326225,64.73686040652551,0,1,0,1,1,1,True,34419,0.4814626838202837
34535,2026-03-11 08:00:00,8,1,MARKUP,4,B,47831.184499999996,47751.88176933946,48029.44132665134,79.30273066053633,13.636461321077393,0,0,0,1,1,1,True,34545,-1.0
34564,2026-03-11 10:25:00,10,-1,MARKDOWN,6,A+,47884.5032,47960.704415601474,47694.00016099631,76.20121560147527,24.508831202954163,0,1,1,1,1,1,False,-1,
34576,2026-03-11 11:25:00,11,-1,MARKDOWN,5,A,47852.5107,47965.48598491233,47570.07248771917,112.97528491233243,34.07196982466165,0,1,1,1,0,1,False,-1,
34595,2026-03-11 13:00:00,13,-1,MARKDOWN,5,A,47763.5697,47929.94153237567,47347.64011906083,166.37183237566933,44.983064751341665,0,1,0,1,1,1,True,34603,2.5
34616,2026-03-11 14:45:00,14,-1,MARKDOWN,6,A+,47734.8945,47884.06504436243,47361.96813909392,149.17054436243052,46.03008872485598,0,1,1,1,1,1,True,34625,2.5
34628,2026-03-11 15:45:00,15,-1,MARKDOWN,6,A+,47715.328,47885.245967862844,47290.533080342895,169.9179678628425,56.391935725688704,0,1,1,1,1,1,True,34637,2.5
34640,2026-03-11 16:45:00,16,-1,MARKDOWN,6,A+,47676.153900000005,47893.1163966249,47133.747658437765,216.96249662489572,72.1327932498005,0,1,1,1,1,1,True,34643,2.5
34652,2026-03-11 17:45:00,17,-1,MARKDOWN,4,B,47643.3974,47904.592092204206,46990.41066948949,261.19469220420433,95.0841844084094,0,0,0,1,1,1,False,-1,
34664,2026-03-11 18:45:00,18,-1,MARKDOWN,6,A+,47616.1799,47899.861509404036,46906.975876489916,283.6816094040332,85.62301880807308,0,1,1,1,1,1,False,-1,
34676,2026-03-11 19:45:00,19,-1,MARKDOWN,5,A,47530.394400000005,47775.98004869177,46916.4302782706,245.5856486917619,70.3600973835247,0,1,0,1,1,1,False,-1,
34688,2026-03-11 20:45:00,20,-1,MARKDOWN,4,B,47519.115900000004,47758.070803324445,46921.728641688904,238.95490332444024,71.04160664888839,0,1,0,1,0,1,False,-1,
34820,2026-03-12 08:45:00,8,-1,MARKDOWN,5,A,46953.889,47055.18580478287,46700.646988042834,101.296804782869,26.491609565740287,0,0,1,1,1,1,True,34828,-1.0
34854,2026-03-12 11:35:00,11,1,MARKUP,5,A,46979.0032,46811.90397636738,47396.751259081546,167.09922363262012,38.07204726524241,0,1,0,1,1,1,False,-1,
34871,2026-03-12 13:00:00,13,1,MARKUP,5,A,47009.3582,46860.46628801401,47381.587979964985,148.89191198599292,37.94742397198601,0,1,0,1,1,1,False,-1,
34887,2026-03-12 14:20:00,14,1,MARKUP,6,A+,47035.036,46903.27820690503,47364.43048273743,131.7577930949701,32.02358618994796,0,1,1,1,1,1,True,34896,-1.0
34911,2026-03-12 16:20:00,16,-1,MARKDOWN,6,A+,47096.98,47246.52484023203,46723.11789941994,149.5448402320253,46.969680464048395,0,1,1,1,1,1,False,-1,
34923,2026-03-12 17:20:00,17,-1,MARKDOWN,6,A+,47060.0024,47263.96834670977,46550.08753322557,203.96594670977356,81.85669341953657,0,1,1,1,1,1,True,34947,0.6794389075015079
34935,2026-03-12 18:20:00,18,-1,MARKDOWN,5,A,47028.1054,47261.87205393685,46443.68876515787,233.76665393685107,77.66410787370567,0,1,0,1,1,1,True,34947,0.4563756130453993
34948,2026-03-12 19:25:00,19,-1,MARKDOWN,4,B,47019.1284,47272.11015363334,46386.674015916666,252.98175363333576,98.14030726666711,0,0,1,0,1,1,False,-1,
34960,2026-03-12 20:25:00,20,-1,MARKDOWN,5,A,46933.35,47129.27012493264,46443.54968766839,195.92012493264338,90.06024986528968,0,1,0,1,1,1,True,34963,0.34799896143104403
35099,2026-03-13 09:00:00,9,-1,MARKDOWN,6,A+,46909.445999999996,46979.62502410722,46733.998439731935,70.17902410722309,20.41004821443536,0,1,1,1,1,1,False,-1,
35111,2026-03-13 10:00:00,10,-1,MARKDOWN,6,A+,46816.3407,46934.3467404494,46521.3255988765,118.00604044939973,28.853480898808446,0,1,1,1,1,1,False,-1,
35123,2026-03-13 11:00:00,11,-1,MARKDOWN,5,A,46756.5907,46926.001899059615,46333.062702350966,169.41119905961386,36.163798119233036,0,1,0,1,1,1,False,-1,
35168,2026-03-13 14:45:00,14,1,MARKUP,6,A+,46605.683999999994,46412.273005242605,47089.211486893466,193.41099475738883,41.493989514785866,0,1,1,1,1,1,False,-1,
35180,2026-03-13 15:45:00,15,1,MARKUP,5,A,46659.354999999996,46410.03662594938,47282.65093512653,249.31837405061378,45.966748101222066,0,1,1,0,1,1,False,-1,
35192,2026-03-13 16:45:00,16,1,MARKUP,5,A,46794.564399999996,46553.819812748356,47396.425868129096,240.74458725164004,61.90037450328528,0,1,0,1,1,1,True,35198,-1.0
35220,2026-03-13 19:05:00,19,-1,MARKDOWN,4,B,46945.9305,47173.68415607996,46376.54635980011,227.75365607995627,79.42831215991613,0,1,0,1,0,1,False,-1,
35232,2026-03-13 20:05:00,20,-1,MARKDOWN,4,B,46932.942500000005,47171.137994566365,46337.453763584104,238.19549456636014,74.33598913272363,0,1,0,0,1,1,False,-1,
35363,2026-03-16 08:00:00,8,1,MARKUP,3,C,46738.273,46686.79354170715,46866.971645732134,51.47945829285163,17.772916585700383,0,0,0,1,0,1,True,35369,-1.0
35375,2026-03-16 09:00:00,9,1,MARKUP,5,A,46745.6015,46691.21540004443,46881.56674988892,54.38609995556908,18.429199911138046,0,1,0,1,1,1,True,35392,-1.0
35387,2026-03-16 10:00:00,10,1,MARKUP,6,A+,46755.2042,46699.008245259734,46895.694086850664,56.195954740265734,18.343509480526503,0,1,1,1,1,1,True,35392,-1.0
35400,2026-03-16 11:05:00,11,1,MARKUP,6,A+,46737.807499999995,46664.908198721045,46920.055753197375,72.89930127895059,30.243602557905852,0,1,1,1,1,1,True,35401,-1.0
35423,2026-03-16 13:00:00,13,-1,MARKDOWN,5,A,46739.8865,46852.84006667178,46457.50258332056,112.95356667177839,43.120133343565506,0,1,0,1,1,1,True,35427,-1.0
35438,2026-03-16 14:15:00,14,1,MARKUP,6,A+,46683.4235,46573.25226590417,46958.851585239565,110.17123409582564,37.55546819165685,0,1,1,1,1,1,False,-1,
35450,2026-03-16 15:15:00,15,1,MARKUP,6,A+,46724.2975,46574.110506295234,47099.764984261914,150.1869937047668,35.838987409531725,0,1,1,1,1,1,False,-1,
35462,2026-03-16 16:15:00,16,1,MARKUP,5,A,46738.6225,46575.16812045038,47147.258448874054,163.45437954962108,33.72375909924734,0,1,0,1,1,1,False,-1,
35474,2026-03-16 17:15:00,17,1,MARKUP,5,A,46826.6544,46561.369918253324,47489.865604366685,265.28448174667574,61.320163493349945,0,1,0,1,1,1,False,-1,
35486,2026-03-16 18:15:00,18,1,MARKUP,4,B,46886.7549,46654.042946108944,47468.53478472764,232.7119538910556,70.47410778211555,0,0,0,1,1,1,True,35499,-0.10929778025888424
35648,2026-03-17 08:45:00,8,-1,MARKDOWN,6,A+,46869.0915,46908.64827622804,46770.1995594299,39.55677622804069,16.65655245609199,0,1,1,1,1,1,False,-1,
35660,2026-03-17 09:45:00,9,-1,MARKDOWN,5,A,46820.7167,46911.008851237304,46594.986321906734,90.29215123730683,25.3777024746052,0,1,1,1,0,1,True,35671,-1.0
35672,2026-03-17 10:45:00,10,-1,MARKDOWN,3,C,46820.7167,46911.64343649477,46593.39985876306,90.92673649477365,26.64687298954178,0,0,1,0,0,1,True,35675,-1.0
35699,2026-03-17 13:00:00,13,1,MARKUP,4,B,46799.837999999996,46678.26504899234,47103.77037751913,121.57295100765623,33.809902015320894,0,1,0,1,0,1,False,-1,
35711,2026-03-17 14:00:00,14,1,MARKUP,6,A+,46799.837999999996,46680.43515683817,47098.34510790456,119.40284316182806,29.46968632366357,0,1,1,1,1,1,False,-1,
35723,2026-03-17 15:00:00,15,1,MARKUP,6,A+,46825.534999999996,46711.16362808416,47111.46342978958,114.37137191583315,32.01274383166753,0,1,1,1,1,1,False,-1,
35735,2026-03-17 16:00:00,16,1,MARKUP,6,A+,46905.104999999996,46739.28840056236,47319.6464985941,165.81659943763952,31.763198875278654,0,1,1,1,1,1,False,-1,
35747,2026-03-17 17:00:00,17,1,MARKUP,5,A,47067.4124,46805.73548216662,47721.604694583446,261.67691783337796,54.8690356667452,0,1,0,1,1,1,True,35766,-0.17297054847160925
35759,2026-03-17 18:00:00,18,1,MARKUP,4,B,47084.0984,46829.153346711886,47721.461033220294,254.94505328811647,62.033306576230835,0,0,0,1,1,1,True,35766,-0.24298726019991648
35915,2026-03-18 08:00:00,8,1,MARKUP,5,A,47087.818,46976.28709455053,47366.64526362368,111.5309054494719,13.725810898943193,0,1,0,1,1,1,False,-1,
35927,2026-03-18 09:00:00,9,1,MARKUP,5,A,47143.741,47060.64118623887,47351.49053440283,83.09981376113137,13.017627522265174,0,1,0,1,1,1,False,-1,
35939,2026-03-18 10:00:00,10,1,MARKUP,5,A,47190.1187,47099.36651658171,47416.99915854573,90.75218341829168,15.066966836583482,0,1,0,1,1,1,False,-1,
35951,2026-03-18 11:00:00,11,1,MARKUP,5,A,47219.4737,47145.47419980287,47404.47245049283,73.99950019713287,17.851600394260117,0,0,1,1,1,1,False,-1,
35978,2026-03-18 13:15:00,13,1,MARKUP,4,B,47271.5402,47228.05413953202,47380.255351169966,43.486060467985226,21.191720935971432,0,0,1,0,1,1,True,35980,-1.0
36002,2026-03-18 15:15:00,15,-1,MARKDOWN,6,A+,47194.1785,47336.375212784056,46838.68671803987,142.1967127840544,41.25042556810696,0,1,1,1,1,1,False,-1,
36014,2026-03-18 16:15:00,16,-1,MARKDOWN,5,A,47082.7855,47332.952336200266,46457.36840949933,250.16683620026743,57.40467240053801,0,1,0,1,1,1,False,-1,
36026,2026-03-18 17:15:00,17,-1,MARKDOWN,6,A+,47036.8894,47335.92667232039,46289.29621919902,299.0372723203909,79.85334464077657,0,1,1,1,1,1,False,-1,
36038,2026-03-18 18:15:00,18,-1,MARKDOWN,6,A+,47001.0794,47325.15798877143,46190.88292807143,324.0785887714301,68.81597754286494,0,1,1,1,1,1,False,-1,
36050,2026-03-18 19:15:00,19,-1,MARKDOWN,4,B,46988.062399999995,47304.07673961305,46198.02655096736,316.01433961305156,57.65347922609646,0,1,0,1,0,1,False,-1,
36062,2026-03-18 20:15:00,20,-1,MARKDOWN,3,C,46858.9004,47092.62398144517,46274.59144638707,233.72358144517057,52.747962890340204,0,1,0,0,0,1,False,-1,
36197,2026-03-19 08:30:00,8,-1,MARKDOWN,5,A,46234.9065,46324.90049666895,46009.92150832761,89.99399666895624,20.120993337919327,0,1,1,1,0,1,True,36205,2.5
36209,2026-03-19 09:30:00,9,-1,MARKDOWN,5,A,46248.6585,46328.59413876492,46048.81940308769,79.93563876492408,27.508277529857764,0,1,1,1,0,1,True,36218,2.5
36221,2026-03-19 10:30:00,10,-1,MARKDOWN,6,A+,46250.3202,46333.47892453318,46042.42338866706,83.1587245331757,37.27784906636444,0,1,1,1,1,1,False,-1,
36233,2026-03-19 11:30:00,11,-1,MARKDOWN,6,A+,46212.7512,46321.44132066625,45941.02589833437,108.69012066625146,46.70264133250809,0,1,1,1,1,1,True,36248,2.5
36266,2026-03-19 14:15:00,14,-1,MARKDOWN,6,A+,46181.297000000006,46303.76455049565,45875.12812376089,122.46755049564672,45.14910099129428,0,1,1,1,1,1,False,-1,
36278,2026-03-19 15:15:00,15,-1,MARKDOWN,6,A+,46178.527500000004,46308.387489528235,45853.87752617942,129.85998952823138,54.39497905647037,0,1,1,1,1,1,False,-1,
36290,2026-03-19 16:15:00,16,-1,MARKDOWN,5,A,46111.009000000005,46311.66978429229,45609.3570392693,200.6607842922822,60.959568584564494,0,1,0,1,1,1,False,-1,
36302,2026-03-19 17:15:00,17,-1,MARKDOWN,5,A,46095.6335,46322.885737520875,45527.50290619783,227.25223752087186,83.39147504174822,0,1,1,0,1,1,False,-1,
36314,2026-03-19 18:15:00,18,-1,MARKDOWN,5,A,46044.9849,46270.233677838296,45481.86295540427,225.24877783829288,89.08735567658934,0,1,1,0,1,1,False,-1,
36326,2026-03-19 19:15:00,19,-1,MARKDOWN,5,A,45996.6264,46186.77427738732,45521.25670653171,190.14787738731684,78.66855477463277,0,1,1,0,1,1,False,-1,
36338,2026-03-19 20:15:00,20,-1,MARKDOWN,5,A,45953.2885,46125.25274758983,45523.37788102543,171.96424758982903,70.22549517966827,0,1,0,1,1,1,True,36349,-1.0
36490,2026-03-20 09:55:00,9,-1,MARKDOWN,4,B,46124.8697,46203.554743124965,45928.1570921876,78.68504312496225,18.589486249925365,0,1,0,1,0,1,True,36498,2.5
36505,2026-03-20 11:10:00,11,1,MARKUP,6,A+,46043.875,45952.02949796639,46273.48875508403,91.84550203361141,25.16100406721732,0,1,1,1,1,1,True,36516,-1.0
36527,2026-03-20 13:00:00,13,-1,MARKDOWN,5,A,46025.102,46201.05605903785,45585.21685240537,175.95405903785286,50.892118075697304,0,1,0,1,1,1,False,-1,
36539,2026-03-20 14:00:00,14,-1,MARKDOWN,5,A,45997.025,46200.365193846286,45488.67451538429,203.34019384628482,49.510387692572195,0,1,0,1,1,1,False,-1,
36551,2026-03-20 15:00:00,15,-1,MARKDOWN,4,B,45997.025,46198.79005132876,45492.6123716781,201.765051328759,46.36010265752233,0,0,1,0,1,1,True,36571,2.5
36566,2026-03-20 16:15:00,16,-1,MARKDOWN,6,A+,45992.39,46191.05087214345,45495.73781964136,198.66087214345316,45.88174428691096,0,1,1,1,1,1,True,36571,2.5
36578,2026-03-20 17:15:00,17,-1,MARKDOWN,6,A+,45927.9326,46101.90813889188,45492.9937527703,173.9755388918784,76.19627778376676,0,1,1,1,1,1,False,-1,
36590,2026-03-20 18:15:00,18,-1,MARKDOWN,6,A+,45914.161499999995,46103.31475702335,45441.27835744161,189.15325702335394,79.00951404669524,0,1,1,1,1,1,True,36591,2.5
36602,2026-03-20 19:15:00,19,-1,MARKDOWN,3,C,45914.161499999995,46101.62791319067,45445.495467023306,187.46641319067567,75.6358263813524,0,0,0,0,1,1,False,-1,
36614,2026-03-20 20:15:00,20,-1,MARKDOWN,3,C,45914.161499999995,46097.99230077289,45454.584498067765,183.83080077289196,68.36460154578516,0,0,1,0,0,1,False,-1,
36743,2026-03-23 08:00:00,8,-1,MARKDOWN,5,A,45565.2835,45670.05100709584,45303.364732260394,104.76750709584303,25.602014191679263,0,1,0,1,1,1,False,-1,
36755,2026-03-23 09:00:00,9,-1,MARKDOWN,5,A,45555.7335,45674.04181945485,45259.96270136289,118.30831945484533,33.58363890969902,0,1,0,1,1,1,False,-1,
36767,2026-03-23 10:00:00,10,-1,MARKDOWN,6,A+,45502.6737,45676.575071078514,45067.920272303716,173.90137107851479,38.650142157023744,0,1,1,1,1,1,False,-1,
36779,2026-03-23 11:00:00,11,-1,MARKDOWN,5,A,45418.8002,45601.19487237912,44962.813519052186,182.39467237912322,52.38974475824672,0,1,0,1,1,1,True,36788,-1.0
36803,2026-03-23 13:00:00,13,-1,MARKDOWN,5,A,45385.5827,45547.391885588884,44981.05973602779,161.80918558888516,52.28377117776548,0,1,0,1,1,1,True,36816,-1.0
36815,2026-03-23 14:00:00,14,-1,MARKDOWN,5,A,45338.831,45475.408532427755,44997.38716893061,136.57753242775652,59.61706485551353,1,0,0,1,1,1,True,36816,-1.0
36827,2026-03-23 15:00:00,15,1,MARKUP,5,A,45835.650499999996,45065.79468209944,47760.29004475138,769.8558179005558,200.6106358011104,0,1,0,1,1,1,False,-1,
36839,2026-03-23 16:00:00,16,1,MARKUP,5,A,45846.7745,45108.082044263356,47693.50563934161,738.6924557366438,152.0359114732845,0,1,0,1,1,1,False,-1,
36851,2026-03-23 17:00:00,17,1,MARKUP,4,B,45846.7745,45113.99361569194,47678.72671077014,732.7808843080566,140.21276861611463,0,1,0,1,0,1,False,-1,
36863,2026-03-23 18:00:00,18,1,MARKUP,4,B,45846.7745,45126.41189180917,47647.68102047707,720.3626081908296,115.37621638165979,0,1,1,0,0,1,False,-1,
37019,2026-03-24 08:00:00,8,-1,MARKDOWN,6,A+,46117.445499999994,46241.64608403917,45806.94403990207,124.2005840391721,27.032168078331697,0,1,1,1,1,1,True,37038,-1.0
37049,2026-03-24 10:30:00,10,1,MARKUP,5,A,46071.2277,45865.20020071116,46586.296448222114,206.0274992888444,47.35959857768153,0,1,0,1,1,1,True,37068,-1.0
37061,2026-03-24 11:30:00,11,1,MARKUP,4,B,46071.2277,45863.40253591365,46590.79061021589,207.82516408635274,50.954928172693336,0,0,0,1,1,1,True,37068,-1.0
37095,2026-03-24 14:20:00,14,1,MARKUP,5,A,46145.913,45984.00453568987,46550.68416077533,161.9084643101305,51.450928620269934,1,1,0,0,1,1,True,37096,-1.0
37111,2026-03-24 15:40:00,15,-1,MARKDOWN,6,A+,46208.579000000005,46393.97115476365,45745.0986130909,185.39215476364188,60.98230952728336,0,1,1,1,1,1,False,-1,
37123,2026-03-24 16:40:00,16,-1,MARKDOWN,6,A+,46048.659400000004,46260.9189260736,45518.01058481601,212.25952607359795,74.37785214719332,0,1,1,1,1,1,True,37128,-1.0
37136,2026-03-24 17:45:00,17,-1,MARKDOWN,5,A,46047.2689,46269.09003892021,45492.71605269949,221.82113892020425,95.22007784040696,1,0,1,0,1,1,True,37137,-1.0
37148,2026-03-24 18:45:00,18,1,MARKUP,5,A,46016.595,45721.03870397519,46755.48574006204,295.5562960248135,88.78259204962883,0,1,1,0,1,1,False,-1,
37160,2026-03-24 19:45:00,19,1,MARKUP,5,A,46016.8815,45726.40464461737,46743.0736384566,290.47685538263613,78.05071076526811,0,1,1,0,1,1,False,-1,
37174,2026-03-24 20:55:00,20,1,MARKUP,3,C,46016.8815,45728.137061461784,46738.742596345546,288.7444385382187,74.58587707643248,0,0,1,0,0,1,False,-1,
37295,2026-03-25 08:00:00,8,1,MARKUP,5,A,46477.428,46383.61884078589,46711.95089803527,93.80915921410633,20.30231842821288,0,1,0,1,1,1,True,37306,2.5
37327,2026-03-25 10:40:00,10,1,MARKUP,6,A+,46452.789,46378.84853987313,46637.640150317166,73.94046012686886,29.842920253731094,0,1,1,1,1,1,False,-1,
37339,2026-03-25 11:40:00,11,1,MARKUP,5,A,46521.097,46394.84967115942,46836.71532210146,126.24732884058176,43.5406576811686,0,1,0,1,1,1,True,37341,-1.0
37355,2026-03-25 13:00:00,13,1,MARKUP,4,B,46521.097,46391.92095437049,46844.03711407377,129.17604562950874,49.39809125902338,0,0,1,1,0,1,True,37356,-1.0
37368,2026-03-25 14:05:00,14,1,MARKUP,6,A+,46521.097,46396.26742567002,46833.17093582496,124.82957432998228,40.705148659968735,0,1,1,1,1,1,True,37376,-1.0
37380,2026-03-25 15:05:00,15,1,MARKUP,6,A+,46533.766,46413.22162183377,46835.126945415584,120.54437816623249,47.79675633246231,0,1,1,1,1,1,True,37382,-1.0
37392,2026-03-25 16:05:00,16,1,MARKUP,6,A+,46503.3295,46356.29950405997,46870.90448985007,147.02999594002904,63.140991880065755,0,1,1,1,1,1,True,37400,-1.0
37415,2026-03-25 18:00:00,18,1,MARKUP,6,A+,46496.2621,46292.753099567126,47005.03460108218,203.50900043287402,81.13380086574152,0,1,1,1,1,1,True,37416,-1.0
37427,2026-03-25 19:00:00,19,-1,MARKDOWN,5,A,46547.8409,46800.76448229533,45915.53194426169,252.92358229532692,81.78896459066145,0,0,1,1,1,1,True,37446,1.0949983290866923
37439,2026-03-25 20:00:00,20,-1,MARKDOWN,5,A,46547.8409,46794.87993124938,45930.243321876565,247.03903124937642,70.01986249875587,0,0,1,1,1,1,True,37446,1.1210815497427697
37572,2026-03-26 08:05:00,8,-1,MARKDOWN,6,A+,46388.996,46483.47265584494,46152.80436038764,94.47665584494098,23.16531168987867,0,1,1,1,1,1,False,-1,
37584,2026-03-26 09:05:00,9,-1,MARKDOWN,5,A,46367.777,46464.23736643538,46126.62608391156,96.46036643537809,23.694732870755313,0,1,0,1,1,1,False,-1,
37596,2026-03-26 10:05:00,10,-1,MARKDOWN,6,A+,46363.8042,46466.9684704326,46105.893523918494,103.16427043260046,29.15694086519683,0,1,1,1,1,1,False,-1,
37608,2026-03-26 11:05:00,11,-1,MARKDOWN,4,B,46343.653699999995,46469.54270156395,46028.93119609011,125.88900156395539,34.30540312790116,0,0,0,1,1,1,False,-1,
37631,2026-03-26 13:00:00,13,-1,MARKDOWN,5,A,46245.5107,46379.864982545834,45909.624993635414,134.3542825458353,42.44996509166394,0,1,0,1,1,1,False,-1,
37643,2026-03-26 14:00:00,14,-1,MARKDOWN,5,A,46228.731999999996,46351.25314953624,45922.42912615938,122.5211495362455,39.52629907248846,0,1,0,1,1,1,False,-1,
37655,2026-03-26 15:00:00,15,-1,MARKDOWN,6,A+,46204.475,46350.845485206955,45838.5487869826,146.3704852069568,38.7109704139158,0,1,1,1,1,1,True,37673,-1.0
37667,2026-03-26 16:00:00,16,-1,MARKDOWN,4,B,46204.475,46350.8680000979,45838.492499755244,146.39300009790168,38.75600019580276,0,0,0,1,1,1,True,37673,-1.0
37682,2026-03-26 17:15:00,17,1,MARKUP,5,A,46206.6834,45963.50519549157,46814.62891127108,243.17820450843283,70.96960901685956,0,1,0,1,1,1,True,37700,-1.0
37694,2026-03-26 18:15:00,18,1,MARKUP,4,B,46216.3289,45960.29791183683,46856.40637040792,256.03098816316924,77.38417632632704,0,0,0,1,1,1,True,37697,-1.0
37711,2026-03-26 19:40:00,19,-1,MARKDOWN,5,A,46350.6011,46600.629047111164,45725.531232222085,250.0279471111644,65.37809422232063,0,1,0,1,1,1,False,-1,
37723,2026-03-26 20:40:00,20,-1,MARKDOWN,6,A+,46343.4195,46593.42743255096,45718.39966862261,250.00793255095778,50.97486510192528,0,1,1,1,1,1,False,-1,
37847,2026-03-27 08:00:00,8,1,MARKUP,6,A+,46107.0105,46032.65083518188,46292.90966204529,74.3596648181192,16.738329636231413,0,1,1,1,1,1,False,-1,
37859,2026-03-27 09:00:00,9,1,MARKUP,4,B,46130.83349999999,46054.03782081494,46322.82269796262,76.795679185052,20.464358370114507,0,0,0,1,1,1,True,37869,-1.0
37871,2026-03-27 10:00:00,10,1,MARKUP,5,A,46130.83349999999,46053.10687684773,46325.15005788066,77.72662315226626,22.326246304543297,1,0,0,1,1,1,True,37872,-1.0
37883,2026-03-27 11:00:00,11,-1,MARKDOWN,6,A+,46156.5237,46254.1434824847,45912.47424378824,97.61978248470405,31.246964969411003,0,1,1,1,1,1,False,-1,
37907,2026-03-27 13:00:00,13,-1,MARKDOWN,6,A+,46086.9042,46260.35359025909,45653.28072435227,173.44939025909116,43.66718051818789,0,1,1,1,1,1,False,-1,
37919,2026-03-27 14:00:00,14,-1,MARKDOWN,6,A+,46044.676,46253.97370884678,45521.43172788304,209.29770884678146,42.70741769356079,0,1,1,1,1,1,False,-1,
37931,2026-03-27 15:00:00,15,-1,MARKDOWN,6,A+,45978.5955,46155.627417284246,45536.015706789396,177.0319172842428,41.01483456848125,0,1,1,1,1,1,False,-1,
37943,2026-03-27 16:00:00,16,-1,MARKDOWN,6,A+,45917.4005,46075.09291209529,45523.16946976178,157.6924120952899,42.445824190582584,0,1,1,1,1,1,False,-1,
37955,2026-03-27 17:00:00,17,-1,MARKDOWN,5,A,45770.3494,46018.89251683178,45148.99160792054,248.54311683178094,70.54503366356076,0,1,0,1,1,1,False,-1,
37967,2026-03-27 18:00:00,18,-1,MARKDOWN,4,B,45739.6039,45972.17900096113,45158.166147597185,232.57510096112674,76.61800192225562,0,0,0,1,1,1,False,-1,
37979,2026-03-27 19:00:00,19,-1,MARKDOWN,5,A,45691.399900000004,45893.83992566192,45185.2998358452,202.4400256619192,75.93985132384253,0,1,1,1,0,1,False,-1,
37991,2026-03-27 20:00:00,20,-1,MARKDOWN,6,A+,45654.6324,45837.60347660818,45197.20470847956,182.9710766081771,58.96695321635123,0,1,1,1,1,1,False,-1,
38135,2026-03-30 09:00:00,9,1,MARKUP,6,A+,44991.654500000004,44840.64474845561,45369.178878860985,151.0097515443922,27.17050308877668,0,1,1,1,1,1,False,-1,
38147,2026-03-30 10:00:00,10,1,MARKUP,5,A,45078.1927,44926.512209089284,45457.39392727679,151.6804909107159,28.43558182143891,0,1,0,1,1,1,False,-1,
38159,2026-03-30 11:00:00,11,1,MARKUP,5,A,45177.1217,45057.487504626435,45476.207188433924,119.63419537356822,33.4849907471421,0,1,0,1,1,1,False,-1,
38183,2026-03-30 13:00:00,13,1,MARKUP,4,B,45237.9927,45121.7396913645,45528.625221588765,116.25300863550365,33.98061727101097,0,0,1,0,1,1,False,-1,
38195,2026-03-30 14:00:00,14,1,MARKUP,6,A+,45273.757000000005,45162.61850531074,45551.60323672317,111.13849468926492,32.42298937851878,0,1,1,1,1,1,False,-1,
38207,2026-03-30 15:00:00,15,1,MARKUP,5,A,45390.1825,45197.925472960174,45870.82506759957,192.25702703982824,49.309054079654395,1,0,0,1,1,1,True,38228,-1.0
38219,2026-03-30 16:00:00,16,1,MARKUP,5,A,45432.052,45270.486159972636,45835.96660006842,161.5658400273678,39.68768005472762,0,1,1,0,1,1,True,38227,-1.0
38242,2026-03-30 17:55:00,17,1,MARKUP,5,A,45426.1501,45242.54825354586,45885.15471613535,183.6018464541412,76.46349290828535,0,1,1,0,1,1,True,38264,-1.0
38254,2026-03-30 18:55:00,18,1,MARKUP,5,A,45426.1501,45246.135874677035,45876.185663307406,180.0142253229642,69.28825064593487,0,1,0,1,1,1,True,38264,-1.0
38429,2026-03-31 10:30:00,10,1,MARKUP,6,A+,45595.8483,45487.80589598713,45865.954310032175,108.04240401287097,39.868208025743954,1,1,1,0,1,1,True,38444,-1.0
38441,2026-03-31 11:30:00,11,1,MARKUP,4,B,45594.263,45486.85861929868,45862.773951753305,107.40438070132222,41.762761402638574,0,1,0,1,0,1,True,38444,-1.0
38459,2026-03-31 13:00:00,13,1,MARKUP,5,A,45594.263,45486.398932783144,45863.923168042136,107.86406721685489,42.682134433707496,0,0,1,1,1,1,True,38463,-1.0
38473,2026-03-31 14:10:00,14,1,MARKUP,6,A+,45613.061,45453.61703919111,46011.67090202223,159.4439608088942,58.74592161778091,0,1,1,1,1,1,True,38486,2.5
38486,2026-03-31 15:15:00,15,1,MARKUP,5,A,45613.061,45445.74200057441,46031.358498563975,167.31899942558812,74.4959988511755,0,1,0,1,1,1,True,38501,2.5
38498,2026-03-31 16:15:00,16,1,MARKUP,5,A,45613.061,45452.68641493103,46013.997462672436,160.37458506897383,60.60717013793387,0,1,1,0,1,1,True,38501,2.5
38510,2026-03-31 17:15:00,17,1,MARKUP,5,A,45639.0179,45442.69872259489,46129.81584351277,196.31917740510835,80.58255481021385,0,1,0,1,1,1,True,38515,2.5
38522,2026-03-31 18:15:00,18,1,MARKUP,6,A+,45637.751000000004,45437.36934603053,46138.705134923686,200.38165396947443,87.14130793894648,0,1,1,1,1,1,True,38530,2.5
38534,2026-03-31 19:15:00,19,1,MARKUP,5,A,45637.751000000004,45443.433296015864,46123.54525996035,194.31770398413937,75.01340796827522,0,1,0,1,1,1,False,-1,
38546,2026-03-31 20:15:00,20,1,MARKUP,6,A+,45807.168000000005,45425.92522066318,46760.27494834207,381.24277933682606,110.02955867364763,0,1,1,1,1,1,False,-1,
38675,2026-04-01 08:00:00,8,1,MARKUP,6,A+,46388.404,46340.1089003983,46509.14174900426,48.29509960170253,14.84219920340423,0,1,1,1,1,1,False,-1,
38687,2026-04-01 09:00:00,9,1,MARKUP,5,A,46403.684,46337.939874840304,46568.04431289925,65.74412515969743,19.180250319393153,0,1,0,1,1,1,False,-1,
38699,2026-04-01 10:00:00,10,1,MARKUP,4,B,46472.4822,46332.52312093221,46822.379897669474,139.9590790677903,30.01375813557413,0,1,0,1,0,1,True,38713,2.5
38711,2026-04-01 11:00:00,11,1,MARKUP,4,B,46485.148199999996,46345.2883392251,46834.79785193723,139.8598607748936,38.98332154978884,0,0,0,1,1,1,True,38713,2.5
38737,2026-04-01 13:10:00,13,1,MARKUP,6,A+,46525.627199999995,46408.99166126865,46817.216046828355,116.63553873134515,42.576677462691784,0,1,1,1,1,1,False,-1,
38749,2026-04-01 14:10:00,14,1,MARKUP,6,A+,46552.835499999994,46445.620084298214,46820.87403925444,107.21541570177942,38.519831403571146,0,1,1,1,1,1,True,38766,2.5
38761,2026-04-01 15:10:00,15,1,MARKUP,5,A,46573.6545,46447.37408861673,46889.35552845817,126.28041138326807,35.01182276653994,0,1,0,1,1,1,True,38766,0.2860736641913449
38776,2026-04-01 16:25:00,16,1,MARKUP,5,A,46608.989499999996,46432.56995752349,47050.03835619126,176.41954247650574,64.62008495301839,1,0,1,0,1,1,True,38779,-0.22854327493433582
38791,2026-04-01 17:40:00,17,1,MARKUP,6,A+,46613.3155,46424.22903084979,47086.03167287551,189.08646915020654,95.30193830042106,0,1,1,1,1,1,False,-1,
38803,2026-04-01 18:40:00,18,1,MARKUP,5,A,46613.3155,46437.91051313932,47051.82796715168,175.4049868606744,67.93897372134998,0,1,1,0,1,1,False,-1,
38815,2026-04-01 19:40:00,19,1,MARKUP,5,A,46613.3155,46447.84036506087,47027.00333734782,165.47513493912993,48.07926987826562,0,1,1,0,1,1,True,38834,-1.0
38827,2026-04-01 20:40:00,20,1,MARKUP,4,B,46602.1229,46454.321203600906,46971.62714099774,147.80169639909582,35.11759279817576,0,1,0,1,0,1,True,38834,-1.0
38951,2026-04-02 08:00:00,8,-1,MARKDOWN,4,B,46440.777,46698.29406920869,45796.98432697827,257.5170692086904,28.74813841738584,0,1,0,0,1,1,False,-1,
38963,2026-04-02 09:00:00,9,-1,MARKDOWN,5,A,46419.722,46697.40058639282,45725.52553401796,277.6785863928162,28.961172785640855,0,1,0,1,1,1,False,-1,
38975,2026-04-02 10:00:00,10,-1,MARKDOWN,4,B,46131.481199999995,46251.66660898792,45831.01767753018,120.18540898792708,31.493217975845674,0,1,0,1,0,1,True,38986,-1.0
39013,2026-04-02 13:10:00,13,-1,MARKDOWN,6,A+,46094.462999999996,46191.89374189892,45850.886145252676,97.4307418989265,31.747483797846357,0,1,1,1,1,1,False,-1,
39025,2026-04-02 14:10:00,14,-1,MARKDOWN,6,A+,46094.462999999996,46192.228268908235,45850.049827729395,97.7652689082388,32.41653781648344,0,1,1,1,1,1,False,-1,
39037,2026-04-02 15:10:00,15,-1,MARKDOWN,6,A+,46046.522,46196.015692755806,45672.78776811047,149.4936927558083,39.99138551162025,0,1,1,1,1,1,True,39057,-1.0
39049,2026-04-02 16:10:00,16,-1,MARKDOWN,6,A+,46046.522,46195.3919038056,45674.34724048599,148.8699038056002,38.743807611203344,0,1,1,1,1,1,True,39057,-1.0
39068,2026-04-02 17:45:00,17,1,MARKUP,5,A,46183.761399999996,45783.08202933396,47185.459826665094,400.6793706660392,107.87594133208208,0,1,0,1,1,1,False,-1,
39080,2026-04-02 18:45:00,18,1,MARKUP,5,A,46183.761399999996,45790.44873846934,47167.04305382663,393.3126615306537,93.14252306130346,0,1,0,1,1,1,False,-1,
39092,2026-04-02 19:45:00,19,1,MARKUP,4,B,46183.761399999996,45794.60456568569,47156.65348578576,389.15683431430807,84.83086862862527,0,0,1,0,1,1,False,-1,
39248,2026-04-03 09:45:00,9,-1,MARKDOWN,5,A,46450.0112,46494.20561584818,46339.525160379555,44.19441584817832,13.211231696361288,0,1,0,1,1,1,False,-1,
39260,2026-04-03 10:45:00,10,-1,MARKDOWN,6,A+,46422.017199999995,46474.39803063902,46291.065123402426,52.38083063902741,16.596061278050176,0,1,1,1,1,1,False,-1,
39272,2026-04-03 11:45:00,11,-1,MARKDOWN,4,B,46422.017199999995,46472.92036805971,46294.759279850696,50.903168059718155,13.640736119423023,0,0,0,1,1,1,False,-1,
39288,2026-04-03 13:05:00,13,-1,MARKDOWN,3,C,46422.017199999995,46471.24886585151,46298.93803537122,49.231665851511934,10.297731703013302,0,0,0,0,1,1,True,39304,-1.0
39300,2026-04-03 14:05:00,14,-1,MARKDOWN,6,A+,46406.4745,46447.38585845957,46304.196103851056,40.91135845957615,12.871716919146804,0,1,1,1,1,1,True,39303,-1.0
39318,2026-04-03 15:35:00,15,-1,MARKDOWN,5,A,46533.585499999994,46658.74563553387,46220.6851611653,125.16013553387893,36.59127106775832,0,1,1,0,1,1,False,-1,
39416,2026-04-06 08:25:00,8,1,MARKUP,5,A,46365.6435,46256.31479464374,46638.96526339065,109.32870535625989,20.59041071252887,0,1,0,1,1,1,False,-1,
39428,2026-04-06 09:25:00,9,1,MARKUP,4,B,46365.6435,46254.24339657299,46644.14375856753,111.40010342701135,24.733206854033376,0,0,0,1,1,1,False,-1,
39440,2026-04-06 10:25:00,10,1,MARKUP,4,B,46364.688500000004,46251.754907057264,46647.02248235686,112.93359294273978,29.710185885472168,0,0,0,1,1,1,False,-1,
39452,2026-04-06 11:25:00,11,1,MARKUP,5,A,46420.5332,46312.23939324936,46691.267716876595,108.29380675064021,31.241213501285607,0,1,1,1,0,1,False,-1,
39471,2026-04-06 13:00:00,13,1,MARKUP,4,B,46457.1232,46353.03085189927,46717.35407025184,104.09234810073394,26.65829620146395,0,0,0,1,1,1,True,39480,-1.0
39518,2026-04-06 16:55:00,16,1,MARKUP,6,A+,46442.5075,46313.213458473125,46765.74260381718,129.29404152687493,58.993083053742836,0,1,1,1,1,1,True,39520,2.5
39530,2026-04-06 17:55:00,17,1,MARKUP,6,A+,46480.9749,46304.06851626414,46923.240859339654,176.90638373586262,77.2829674717227,0,1,1,1,1,1,False,-1,
39542,2026-04-06 18:55:00,18,1,MARKUP,4,B,46480.9749,46313.55651642869,46899.520858928285,167.418383571312,58.30696714262204,0,1,1,0,0,1,True,39557,0.08968608870603029
39554,2026-04-06 19:55:00,19,1,MARKUP,4,B,46480.9749,46320.79826722094,46881.41648194766,160.17663277906104,43.8234655581233,0,1,0,0,1,1,True,39557,0.09374088928881347
39691,2026-04-07 08:20:00,8,-1,MARKDOWN,4,B,46647.585999999996,46761.856016172685,46361.91095956827,114.2700161726898,20.73203234537292,0,0,1,0,1,1,False,-1,
39716,2026-04-07 10:25:00,10,-1,MARKDOWN,6,A+,46573.3178,46620.18089241152,46456.16006897119,46.86309241152048,27.18178482303805,1,1,1,0,1,1,True,39717,-1.0
39729,2026-04-07 11:30:00,11,1,MARKUP,5,A,46620.0897,46496.64922138829,46928.69089652927,123.44047861170839,45.68155722342317,0,1,0,1,1,1,False,-1,
39747,2026-04-07 13:00:00,13,1,MARKUP,4,B,46635.5917,46502.728739715036,46967.749100712404,132.86296028496145,37.022520569920715,0,1,0,0,1,1,True,39752,-1.0
39765,2026-04-07 14:30:00,14,-1,MARKDOWN,6,A+,46678.7725,46847.78859951174,46256.232251220645,169.01609951174032,54.397199023487346,0,1,1,1,1,1,False,-1,
39777,2026-04-07 15:30:00,15,-1,MARKDOWN,3,C,46652.2235,46849.5970544953,46158.78961376175,197.3735544953015,58.014108990602985,0,1,0,0,0,1,False,-1,
39789,2026-04-07 16:30:00,16,-1,MARKDOWN,5,A,46652.2235,46852.44822975955,46151.66167560112,200.22472975955316,63.71645951910763,0,1,1,0,1,1,False,-1,
39801,2026-04-07 17:30:00,17,-1,MARKDOWN,4,B,46589.861899999996,46848.136378545896,45944.17570363525,258.2744785458999,77.59275709179737,0,0,0,1,1,1,False,-1,
39813,2026-04-07 18:30:00,18,-1,MARKDOWN,4,B,46491.7864,46706.89253923969,45954.02105190076,215.10613923969504,75.10507847939684,0,1,0,1,0,1,True,39819,-1.0
39826,2026-04-07 19:35:00,19,-1,MARKDOWN,5,A,46476.954399999995,46683.33257657412,45961.00895856469,206.37817657412234,75.98515314824266,0,0,1,1,1,1,True,39828,-1.0
39963,2026-04-08 08:00:00,8,1,MARKUP,3,C,47524.1035,47419.481808202545,47785.65772949363,104.62169179745251,18.81638359490463,0,0,0,1,0,1,False,-1,
39975,2026-04-08 09:00:00,9,1,MARKUP,4,B,47591.9515,47478.352170313075,47875.94982421732,113.59932968692738,26.075659373849284,0,1,0,0,1,1,False,-1,
39987,2026-04-08 10:00:00,10,1,MARKUP,4,B,47648.6012,47566.95412187181,47852.718895320475,81.6470781281896,28.371756256381804,1,0,0,0,1,1,True,39996,2.5
40010,2026-04-08 11:55:00,11,1,MARKUP,6,A+,47669.1497,47596.59790889079,47850.52917777303,72.55179110921017,35.584182218421056,0,1,1,1,1,1,False,-1,
40023,2026-04-08 13:00:00,13,1,MARKUP,4,B,47692.8315,47607.178894826626,47906.96301293344,85.65260517337447,35.12221034673974,0,1,0,0,1,1,False,-1,
40035,2026-04-08 14:00:00,14,1,MARKUP,5,A,47715.9425,47608.56125371611,47984.39561570973,107.3812462838905,32.35749256778393,0,1,0,1,1,1,False,-1,
40047,2026-04-08 15:00:00,15,1,MARKUP,5,A,47741.059,47607.49797906204,48074.9615523449,133.56102093795926,34.48404187590811,0,1,0,1,1,1,True,40051,-1.0
40059,2026-04-08 16:00:00,16,1,MARKUP,5,A,47741.059,47602.81023192461,48086.680920188475,138.24876807539113,43.85953615077953,0,1,0,1,1,1,True,40077,-1.0
40071,2026-04-08 17:00:00,17,1,MARKUP,6,A+,47839.477399999996,47678.67860503364,48241.47438741589,160.7987949663584,65.12278993272177,0,1,1,1,1,1,True,40074,-1.0
40107,2026-04-08 20:00:00,20,1,MARKUP,6,A+,47758.334,47558.81668611368,48257.12728471581,199.5173138863247,42.246627772655174,0,1,1,1,1,1,True,40128,0.46144366224002814
40246,2026-04-09 08:35:00,8,1,MARKUP,6,A+,47862.496,47814.92966864676,47981.411828383105,47.566331353242276,16.44066270648505,0,1,1,1,1,1,True,40248,-1.0
40261,2026-04-09 09:50:00,9,-1,MARKDOWN,5,A,47862.8277,47903.81544494138,47760.35833764656,40.98774494137615,18.83088988274598,0,1,1,1,0,1,True,40263,2.5
40273,2026-04-09 10:50:00,10,-1,MARKDOWN,5,A,47833.3182,47906.54123169013,47650.26062077469,73.22303169012594,24.282463380248615,0,1,0,1,1,1,False,-1,
40285,2026-04-09 11:50:00,11,-1,MARKDOWN,5,A,47827.9702,47906.841197976784,47630.79270505805,78.87099797678093,24.882395953571223,0,1,1,0,1,1,False,-1,
40299,2026-04-09 13:00:00,13,-1,MARKDOWN,2,C,47825.6782,47904.834819279036,47627.78665180242,79.1566192790342,20.869638558076343,0,0,0,0,0,1,False,-1,
40311,2026-04-09 14:00:00,14,-1,MARKDOWN,4,B,47819.018,47898.95333788013,47619.17965529967,79.93533788013156,25.406675760253908,0,1,1,0,0,1,False,-1,
40323,2026-04-09 15:00:00,15,-1,MARKDOWN,3,C,47779.978,47847.47827160609,47611.22732098479,67.50027160608443,23.456543212169613,0,0,0,0,1,1,True,40329,-1.0
40335,2026-04-09 16:00:00,16,-1,MARKDOWN,5,A,47759.584,47816.24025766628,47617.943355834315,56.65625766627636,26.980515332551832,1,0,1,0,1,1,True,40336,-1.0
40362,2026-04-09 18:15:00,18,1,MARKUP,5,A,47766.2264,47668.31955777898,48010.99350555254,97.90684222101845,42.86088444203449,0,1,1,1,0,1,False,-1,
40374,2026-04-09 19:15:00,19,1,MARKUP,5,A,47897.4434,47660.65853183505,48489.40557041237,236.78486816494842,58.182936329908834,0,1,0,1,1,1,False,-1,
40386,2026-04-09 20:15:00,20,1,MARKUP,5,A,47942.5994,47690.30722143964,48573.3298464009,252.2921785603612,44.885557120725686,0,1,0,1,1,1,False,-1,
40538,2026-04-10 09:55:00,9,-1,MARKDOWN,5,A,48156.5042,48189.734895730064,48073.42746067485,33.23069573006069,11.529791460121098,0,1,0,1,1,1,True,40545,2.5
40555,2026-04-10 11:20:00,11,-1,MARKDOWN,5,A,48154.5575,48189.09920832981,48068.20322917548,34.5417083298089,16.55841665962671,0,1,0,1,1,1,True,40566,-1.0
40576,2026-04-10 13:05:00,13,-1,MARKDOWN,6,A+,48153.469,48215.64390744039,47998.031731399016,62.17490744039242,24.647814880782686,1,0,1,1,1,1,True,40578,-1.0
40588,2026-04-10 14:05:00,14,1,MARKUP,5,A,48122.671,48062.589769018385,48272.87407745405,60.08123098161741,20.46046196322412,0,1,0,1,1,1,False,-1,
40600,2026-04-10 15:05:00,15,1,MARKUP,5,A,48126.7775,48063.4511662378,48285.093334405494,63.326333762197464,18.73766752440164,0,1,1,0,1,1,True,40617,-1.0
40612,2026-04-10 16:05:00,16,1,MARKUP,3,C,48160.2025,48060.431336594505,48409.63040851374,99.77116340549401,24.77732681099497,0,0,0,0,1,1,True,40617,-1.0
40624,2026-04-10 17:05:00,17,-1,MARKDOWN,5,A,48165.6544,48326.83169283951,47762.71116790123,161.17729283950757,50.523385679020905,0,1,0,1,1,1,False,-1,
40636,2026-04-10 18:05:00,18,-1,MARKDOWN,5,A,48165.6544,48325.69769146926,47765.54617132686,160.04329146925738,48.2553829385197,0,1,0,1,1,1,False,-1,
40648,2026-04-10 19:05:00,19,-1,MARKDOWN,6,A+,48154.1944,48322.437285252505,47733.58718686874,168.2428852525045,41.734570505014574,0,1,1,1,1,1,False,-1,
40660,2026-04-10 20:05:00,20,-1,MARKDOWN,6,A+,48134.234899999996,48319.88025971267,47670.121500718305,185.6453597126747,36.62051942533471,0,1,1,1,1,1,False,-1,
40822,2026-04-13 10:35:00,10,1,MARKUP,5,A,47598.921200000004,47520.227731851795,47795.65487037053,78.69346814820892,18.64453629641983,0,1,0,1,1,1,False,-1,
40834,2026-04-13 11:35:00,11,1,MARKUP,3,C,47610.4767,47518.87469637338,47839.481709066546,91.60200362661999,21.35060725324208,0,0,0,0,1,1,False,-1,
40851,2026-04-13 13:00:00,13,1,MARKUP,4,B,47650.0287,47583.60672325861,47816.08364185349,66.42197674139607,19.886553482788088,0,0,1,0,1,1,True,40868,-1.0
40863,2026-04-13 14:00:00,14,1,MARKUP,6,A+,47696.169,47625.0725527681,47873.91011807976,71.09644723190286,24.15489446379937,0,1,1,1,1,1,True,40867,-1.0
40875,2026-04-13 15:00:00,15,-1,MARKDOWN,5,A,47650.4055,47813.17995189766,47243.46937025584,162.7744518976615,43.05990379531629,0,1,0,1,1,1,True,40893,-1.0
40887,2026-04-13 16:00:00,16,-1,MARKDOWN,4,B,47650.4055,47809.57580525274,47252.47973686816,159.1703052527373,35.85161050546738,0,1,0,1,0,1,True,40893,-1.0
40907,2026-04-13 17:40:00,17,1,MARKUP,6,A+,47564.462400000004,47390.32756609237,47999.79948476909,174.13483390763577,63.14486781527208,0,1,1,1,1,1,False,-1,
40919,2026-04-13 18:40:00,18,1,MARKUP,5,A,47564.462400000004,47396.25093349405,47984.99106626489,168.2114665059562,51.298133011902465,0,1,1,0,1,1,False,-1,
40931,2026-04-13 19:40:00,19,1,MARKUP,6,A+,47618.6109,47394.32616641537,48179.32273396158,224.28473358463089,55.14766716926506,0,1,1,1,1,1,False,-1,
40943,2026-04-13 20:40:00,20,1,MARKUP,5,A,47650.3879,47415.43669234104,48237.7659191474,234.9512076589599,39.42661531791761,0,1,0,1,1,1,False,-1,
41086,2026-04-14 09:35:00,9,1,MARKUP,5,A,48227.8858,48199.62499716057,48298.53780709856,28.260802839424287,9.23000567885548,0,1,1,0,1,1,True,41089,2.5
41098,2026-04-14 10:35:00,10,1,MARKUP,6,A+,48244.922999999995,48195.044722705854,48369.618693235345,49.8782772941413,18.390554588293252,0,1,1,1,1,1,False,-1,
41110,2026-04-14 11:35:00,11,1,MARKUP,5,A,48253.708999999995,48195.06439744533,48400.32050638666,58.64460255466838,18.35120510934056,0,1,1,1,0,1,True,41124,-1.0
41160,2026-04-14 15:45:00,15,1,MARKUP,6,A+,48229.806,48144.72977058664,48442.4965735334,85.07622941336012,26.520458826716286,0,1,1,1,1,1,True,41169,2.5
41172,2026-04-14 16:45:00,16,1,MARKUP,5,A,48275.0539,48134.996860589024,48625.19649852744,140.05703941097454,45.98627882194682,0,1,0,1,1,1,False,-1,
41184,2026-04-14 17:45:00,17,1,MARKUP,6,A+,48295.6819,48133.63218323501,48700.80619191249,162.04971676499554,48.71563352998609,0,1,1,1,1,1,False,-1,
41196,2026-04-14 18:45:00,18,1,MARKUP,5,A,48328.5994,48152.689962816825,48768.372992957935,175.9094371831743,41.10007436634397,0,1,0,1,1,1,False,-1,
41208,2026-04-14 19:45:00,19,1,MARKUP,5,A,48345.9034,48186.11033437781,48745.38606405549,159.79306562219426,30.259331244371634,0,1,0,1,1,1,False,-1,
41220,2026-04-14 20:45:00,20,1,MARKUP,6,A+,48345.9034,48188.9322974265,48738.33115643376,156.9711025735014,24.615405146995094,0,1,1,1,1,1,False,-1,
41357,2026-04-15 09:10:00,9,1,MARKUP,5,A,48556.4615,48515.948832645016,48657.74316838745,40.51266735498211,13.602334709967792,0,1,1,1,0,1,True,41370,-1.0
41403,2026-04-15 13:00:00,13,-1,MARKDOWN,5,A,48564.3385,48616.31723933667,48434.39165165832,51.978739336671424,17.43447867334604,1,0,0,1,1,1,True,41404,-1.0
41415,2026-04-15 14:00:00,14,-1,MARKDOWN,4,B,48559.85,48618.24073777452,48413.8731555637,58.39073777451995,21.281475549035896,1,0,0,1,0,1,True,41421,-1.0
41430,2026-04-15 15:15:00,15,1,MARKUP,6,A+,48544.7705,48469.4775995728,48733.002751068,75.29290042720095,26.244800854396814,0,1,1,1,1,1,True,41447,-1.0
41442,2026-04-15 16:15:00,16,1,MARKUP,4,B,48544.7705,48471.54208640984,48727.84153397539,73.22841359015729,22.115827180309388,0,1,0,0,1,1,True,41447,-1.0
41454,2026-04-15 17:15:00,17,-1,MARKDOWN,5,A,48594.2994,48753.03548878847,48197.45917802885,158.73608878846426,51.37097757693172,0,1,0,1,1,1,False,-1,
41466,2026-04-15 18:15:00,18,-1,MARKDOWN,5,A,48577.1094,48750.398484460165,48143.88668884959,173.2890844601643,46.09696892032977,0,1,0,1,1,1,False,-1,
41478,2026-04-15 19:15:00,19,-1,MARKDOWN,6,A+,48564.5034,48745.06009405217,48113.11166486958,180.5566940521676,35.420188104346586,0,1,1,1,1,1,False,-1,
41490,2026-04-15 20:15:00,20,-1,MARKDOWN,5,A,48564.5034,48743.026561481325,48118.19549629669,178.52316148132377,31.35312296265637,0,0,1,1,1,1,False,-1,
41660,2026-04-16 11:25:00,11,-1,MARKDOWN,6,A+,48533.689000000006,48571.426542210225,48439.34514447446,37.737542210219544,13.973084420449121,0,1,1,1,1,1,True,41684,-1.0
41679,2026-04-16 13:00:00,13,-1,MARKDOWN,4,B,48533.0205,48570.71757187331,48438.77782031671,37.69707187331369,12.555143746625404,0,0,0,1,1,1,True,41682,-1.0
41692,2026-04-16 14:05:00,14,-1,MARKDOWN,5,A,48530.442,48572.67895759829,48424.84960600428,42.23695759828843,16.47791519658049,0,1,1,0,1,1,True,41694,-1.0
41704,2026-04-16 15:05:00,15,1,MARKUP,6,A+,48518.988000000005,48467.42479207244,48647.89601981892,51.56320792756742,16.030415855131068,0,1,1,1,1,1,True,41724,-1.0
41716,2026-04-16 16:05:00,16,1,MARKUP,6,A+,48534.077000000005,48467.665555333326,48700.1056116667,66.41144466667902,15.548889333346313,0,1,1,1,1,1,True,41724,-1.0
41731,2026-04-16 17:20:00,17,-1,MARKDOWN,6,A+,48571.8044,48716.269437975,48210.64180506249,144.4650379750019,47.658875950003285,0,1,1,1,1,1,True,41742,-0.6461466477179966
41743,2026-04-16 18:20:00,18,-1,MARKDOWN,5,A,48562.5409,48715.121629912195,48181.08907521951,152.58072991219524,45.36325982438959,1,0,0,1,1,1,True,41749,-0.6937907562830484
41760,2026-04-16 19:45:00,19,1,MARKUP,5,A,48482.2891,48331.434166717496,48859.42643320627,150.85493328250595,41.91166656501411,0,1,0,1,1,1,True,41763,1.2535944028151322
41899,2026-04-17 08:20:00,8,1,MARKUP,6,A+,48661.584500000004,48641.479231143065,48711.84767214235,20.1052688569398,9.841537713870917,0,1,1,1,1,1,False,-1,
41911,2026-04-17 09:20:00,9,1,MARKUP,5,A,48675.5657,48640.88138787358,48762.27648031604,34.68431212641735,11.03722425284283,0,1,0,1,1,1,True,41914,2.5
41923,2026-04-17 10:20:00,10,1,MARKUP,5,A,48678.7172,48639.82512169922,48775.947395751944,38.89207830077794,13.149756601560252,0,1,0,1,1,1,False,-1,
41935,2026-04-17 11:20:00,11,1,MARKUP,6,A+,48686.5932,48640.42035411668,48802.02531470831,46.172845883324044,13.959291766641531,0,1,1,1,1,1,False,-1,
41955,2026-04-17 13:00:00,13,1,MARKUP,4,B,48702.1742,48648.78966910119,48835.635527247025,53.38453089880932,12.720661797620615,0,1,0,1,0,1,False,-1,
41967,2026-04-17 14:00:00,14,1,MARKUP,5,A,48720.222,48667.44009809866,48852.17675475335,52.78190190134046,13.119803802672498,0,1,1,1,0,1,False,-1,
41979,2026-04-17 15:00:00,15,1,MARKUP,6,A+,48762.373,48697.105377330736,48925.54205667316,65.2676226692638,14.789245338534986,0,1,1,1,1,1,False,-1,
41991,2026-04-17 16:00:00,16,1,MARKUP,5,A,48894.1025,48707.877617854065,49359.66470536484,186.22488214593614,37.24476429187605,0,1,0,1,1,1,False,-1,
42003,2026-04-17 17:00:00,17,1,MARKUP,6,A+,48995.2524,48702.56619790255,49726.96790524361,292.68620209744404,74.86760419488755,0,1,1,1,1,1,False,-1,
42015,2026-04-17 18:00:00,18,1,MARKUP,5,A,49100.6284,48709.59874692907,50078.20253267733,391.0296530709311,66.80250614186457,0,1,0,1,1,1,False,-1,
42027,2026-04-17 19:00:00,19,1,MARKUP,6,A+,49145.2124,48755.53505597138,50119.405760071546,389.6773440286197,54.929888057239005,0,1,1,1,1,1,False,-1,
42039,2026-04-17 20:00:00,20,1,MARKUP,5,A,49191.314399999996,48824.83050346823,50107.52414132941,366.48389653176855,38.33899306354015,0,1,0,1,1,1,False,-1,
42204,2026-04-20 10:45:00,10,-1,MARKDOWN,6,A+,49160.2848,49222.72989967049,49004.17205082378,62.44509967049089,26.63979934097119,0,1,1,1,1,1,True,42216,-1.0
42231,2026-04-20 13:00:00,13,1,MARKUP,6,A+,49139.7717,49070.22890703453,49313.62868241367,69.54279296546883,21.16218593093644,0,1,1,1,1,1,False,-1,
42243,2026-04-20 14:00:00,14,1,MARKUP,5,A,49154.653000000006,49071.983263287315,49361.32734178173,82.66973671269079,22.853473425373174,1,0,0,1,1,1,False,-1,
42255,2026-04-20 15:00:00,15,1,MARKUP,6,A+,49155.226,49070.47053446543,49367.11466383644,84.75546553457389,25.87893106915496,0,1,1,1,1,1,False,-1,
42267,2026-04-20 16:00:00,16,1,MARKUP,5,A,49168.427500000005,49071.1968806916,49411.504048271025,97.23061930840777,25.426238616815848,0,1,0,1,1,1,False,-1,
42279,2026-04-20 17:00:00,17,1,MARKUP,6,A+,49295.702900000004,49131.416933531444,49706.41781617141,164.28596646856022,48.98613293712439,0,1,1,1,1,1,True,42289,1.547832145776478
42291,2026-04-20 18:00:00,18,1,MARKUP,5,A,49295.702900000004,49129.07187190215,49712.28047024463,166.6310280978505,53.67625619570289,0,0,1,1,1,1,False,-1,
42303,2026-04-20 19:00:00,19,1,MARKUP,5,A,49304.818400000004,49147.32291562786,49698.55711093036,157.49548437214253,46.6741687442881,0,1,0,1,1,1,False,-1,
42315,2026-04-20 20:00:00,20,1,MARKUP,5,A,49343.1344,49214.61271163859,49664.43862090353,128.5216883614121,36.094576722821714,0,1,0,1,1,1,False,-1,
42447,2026-04-21 08:00:00,8,1,MARKUP,6,A+,49534.0525,49493.79590142025,49634.693996449365,40.25659857974824,8.888197159489707,0,1,1,1,1,1,True,42471,2.5
42459,2026-04-21 09:00:00,9,1,MARKUP,5,A,49553.515999999996,49512.60489387983,49655.79376530042,40.91110612016928,10.770212240342316,1,0,0,1,1,1,True,42471,-1.0
42491,2026-04-21 11:40:00,11,1,MARKUP,6,A+,49548.633799999996,49500.60221284944,49668.71276787639,48.03158715055906,18.97557430112331,0,1,1,1,1,1,False,-1,
42507,2026-04-21 13:00:00,13,1,MARKUP,6,A+,49611.702,49496.78846709854,49898.985832253646,114.91353290146071,26.603065802912962,0,1,1,1,1,1,False,-1,
42519,2026-04-21 14:00:00,14,1,MARKUP,4,B,49621.060999999994,49497.00954716917,49931.18963207706,124.05145283082675,26.160905661659356,0,1,0,1,0,1,False,-1,
42531,2026-04-21 15:00:00,15,1,MARKUP,4,B,49630.42,49497.09515356901,49963.732116077466,133.32484643098724,25.989692861973598,0,1,0,1,0,1,False,-1,
42546,2026-04-21 16:15:00,16,1,MARKUP,3,C,49646.488,49521.79138397479,49958.22954006301,124.696616025205,28.597232050400674,0,0,1,0,0,1,True,42563,-1.0
42572,2026-04-21 18:25:00,18,-1,MARKDOWN,6,A+,49681.6335,49915.70276905807,49096.46032735483,234.06926905806904,58.825538116140216,0,1,1,1,1,1,False,-1,
42584,2026-04-21 19:25:00,19,-1,MARKDOWN,5,A,49675.808,49911.427814247625,49086.758464380924,235.6198142476278,50.27562849524307,0,1,0,1,1,1,False,-1,
42596,2026-04-21 20:25:00,20,-1,MARKDOWN,4,B,49620.227,49913.145508957256,48887.93072760686,292.91850895725656,53.71101791450712,0,1,0,0,1,1,False,-1,
42723,2026-04-22 08:00:00,8,-1,MARKDOWN,5,A,49413.692500000005,49446.145623607175,49332.559690982074,32.45312360717071,10.471247214347647,0,1,0,1,1,1,True,42726,-1.0
42735,2026-04-22 09:00:00,9,1,MARKUP,4,B,49417.219000000005,49360.64545422776,49558.65286443062,56.5735457722476,18.029091544496637,0,1,0,1,0,1,True,42737,-1.0
42747,2026-04-22 10:00:00,10,1,MARKUP,5,A,49417.219000000005,49360.01710666388,49560.22373334032,57.20189333612507,19.285786672242736,0,1,1,1,0,1,True,42761,-1.0
42759,2026-04-22 11:00:00,11,1,MARKUP,4,B,49417.219000000005,49358.1955328987,49564.77766775326,59.02346710130223,22.928934202601532,0,0,0,1,1,1,True,42761,-1.0
42789,2026-04-22 13:30:00,13,1,MARKUP,6,A+,49404.15,49335.72906444907,49575.20233887732,68.42093555093015,26.061871101860774,0,1,1,1,1,1,False,-1,
42801,2026-04-22 14:30:00,14,1,MARKUP,5,A,49404.15,49336.475631375055,49573.335921562364,67.67436862494651,24.568737249891534,0,1,1,0,1,1,False,-1,
42813,2026-04-22 15:30:00,15,1,MARKUP,5,A,49436.429000000004,49334.12728782891,49692.18328042774,102.30171217109455,29.265424342179923,0,1,0,1,1,1,False,-1,
42825,2026-04-22 16:30:00,16,1,MARKUP,4,B,49447.0554,49325.86765976123,49750.02475059692,121.18774023876904,47.7846804775475,0,1,1,0,0,1,False,-1,
42837,2026-04-22 17:30:00,17,1,MARKUP,2,C,49482.1334,49345.02060234441,49824.91539413897,137.1127976555872,57.47879531118049,0,0,0,0,0,1,True,42851,-1.0
42849,2026-04-22 18:30:00,18,1,MARKUP,2,C,49503.9179,49381.58202863628,49809.757578409306,122.3358713637208,54.85594272744431,0,0,0,0,0,1,True,42850,-1.0
43059,2026-04-23 13:00:00,13,-1,MARKDOWN,6,A+,49250.5005,49321.94644242419,49071.88564393953,71.4459424241868,26.57288484836602,0,1,1,1,1,1,True,43071,-1.0
43073,2026-04-23 14:10:00,14,-1,MARKDOWN,6,A+,49231.49600000001,49324.10861093873,48999.96447265319,92.612610938726,30.897221877464204,1,0,1,1,1,1,True,43080,-1.0
43088,2026-04-23 15:25:00,15,1,MARKUP,5,A,49216.00750000001,49087.15478973314,49538.13927566717,128.85271026686678,39.01042053372979,0,1,0,1,1,1,True,43092,2.5
43100,2026-04-23 16:25:00,16,1,MARKUP,5,A,49216.00750000001,49087.69159395555,49536.797265111156,128.31590604445955,37.93681208891379,0,1,1,1,0,1,False,-1,
43112,2026-04-23 17:25:00,17,1,MARKUP,5,A,49264.979900000006,49080.221724976,49726.87533756002,184.75817502400605,52.87655004801457,0,1,0,1,1,1,False,-1,
43124,2026-04-23 18:25:00,18,1,MARKUP,6,A+,49301.2889,49120.016406788025,49754.470133029936,181.2724932119745,46.28718642395323,0,1,1,1,1,1,True,43143,-1.0
43136,2026-04-23 19:25:00,19,1,MARKUP,2,C,49303.1429,49126.92871537208,49743.67836156979,176.21418462791917,38.46256925585051,0,0,0,0,0,1,True,43143,-1.0
43152,2026-04-23 20:45:00,20,-1,MARKDOWN,6,A+,49302.6025,49593.678751602914,48574.91187099271,291.07625160291354,73.13750320582446,0,1,1,1,1,1,True,43158,0.3963308561406807
43275,2026-04-24 08:00:00,8,-1,MARKDOWN,3,C,49279.772,49353.99152450425,49094.223188739365,74.21952450425306,15.50304900850032,0,0,0,0,1,1,True,43285,-1.0
43312,2026-04-24 11:05:00,11,-1,MARKDOWN,6,A+,49252.4873,49314.267498988,49098.03680253,61.78019898800267,24.354997976011905,0,1,1,1,1,1,True,43314,-1.0
43335,2026-04-24 13:00:00,13,-1,MARKDOWN,5,A,49227.695499999994,49315.053208719924,49009.30122820017,87.35770871993009,25.926417439861076,0,1,0,1,1,1,True,43347,-1.0
43353,2026-04-24 14:30:00,14,1,MARKUP,6,A+,49238.6525,49085.31751147155,49621.98997132112,153.33498852844787,44.04497705689598,0,1,1,1,1,1,True,43368,0.13100402062686867
43365,2026-04-24 15:30:00,15,1,MARKUP,4,B,49238.6525,49087.02857572742,49617.71231068144,151.62392427257873,40.6228485451572,0,0,0,1,1,1,True,43368,0.13248239086524086
43382,2026-04-24 16:55:00,16,-1,MARKDOWN,5,A,49319.7775,49480.607981490866,48917.70129627282,160.83048149086972,59.03596298173763,0,1,0,1,1,1,False,-1,
43394,2026-04-24 17:55:00,17,-1,MARKDOWN,6,A+,49315.365399999995,49478.43237828922,48907.69795427694,163.06697828922188,54.68475657844514,0,1,1,1,1,1,True,43404,1.1047325576885416
43410,2026-04-24 19:15:00,19,-1,MARKDOWN,4,B,49315.365399999995,49475.346357712006,48915.413005719965,159.98095771201042,48.51271542401514,0,0,1,0,1,1,False,-1,
43422,2026-04-24 20:15:00,20,-1,MARKDOWN,6,A+,49262.9899,49384.911060187784,48958.186999530546,121.92116018778324,37.14212037557707,0,1,1,1,1,1,True,43429,0.3713047015815345
43559,2026-04-27 08:40:00,8,-1,MARKDOWN,6,A+,49204.633,49260.42544966712,49065.151875832205,55.79244966711849,13.410899334234513,0,1,1,1,1,1,False,-1,
43571,2026-04-27 09:40:00,9,-1,MARKDOWN,5,A,49209.3507,49261.626319484094,49078.661651289774,52.275619484091294,15.812638968184864,0,1,0,1,1,1,False,-1,
43583,2026-04-27 10:40:00,10,-1,MARKDOWN,2,C,49201.4712,49248.99368901226,49082.66497746934,47.52248901226267,16.047378024519222,0,0,0,0,0,1,True,43598,-1.0
43622,2026-04-27 13:55:00,13,1,MARKUP,5,A,49171.568,49130.44917029147,49274.36507427133,41.11882970853185,14.24165941705777,0,1,0,1,1,1,False,-1,
43634,2026-04-27 14:55:00,14,1,MARKUP,5,A,49178.2255,49140.83868526095,49271.69253684764,37.38681473905308,13.46262947809961,0,1,0,1,1,1,True,43646,-1.0
43653,2026-04-27 16:30:00,16,1,MARKUP,5,A,49233.1434,49114.072763428354,49530.81999142912,119.0706365716469,40.49447314329727,0,1,1,0,1,1,True,43656,-1.0
43665,2026-04-27 17:30:00,17,1,MARKUP,6,A+,49233.1434,49106.88173050239,49548.79757374403,126.26166949760955,54.876538995219704,1,0,1,1,1,1,True,43666,-1.0
43677,2026-04-27 18:30:00,18,-1,MARKDOWN,5,A,49266.005,49416.87136344774,48888.83909138064,150.8663634477416,47.70272689548653,0,1,0,1,1,1,False,-1,
43689,2026-04-27 19:30:00,19,-1,MARKDOWN,4,B,49266.005,49409.98915718522,48906.044607036936,143.984157185223,33.93831437044681,0,0,1,1,0,1,False,-1,
43702,2026-04-27 20:35:00,20,-1,MARKDOWN,5,A,49266.005,49408.131651369724,48910.688371575685,142.12665136972646,30.223302739454866,0,0,1,1,1,1,False,-1,
43847,2026-04-28 09:40:00,9,-1,MARKDOWN,6,A+,49263.817,49304.268269904,49162.68882524001,40.451269903998764,14.81653980800684,0,1,1,1,1,1,True,43860,-1.0
43859,2026-04-28 10:40:00,10,-1,MARKDOWN,3,C,49253.0127,49298.091625624504,49140.31538593874,45.078925624504336,17.463251249011954,1,0,0,0,0,1,True,43860,-1.0
43871,2026-04-28 11:40:00,11,1,MARKUP,4,B,49244.9205,49182.40837267352,49401.2008183162,62.51212732648128,23.603254652957716,0,1,0,1,0,1,False,-1,
43887,2026-04-28 13:00:00,13,1,MARKUP,5,A,49268.4135,49183.3356565873,49481.10810853177,85.07784341270599,21.748686825402615,0,1,0,1,1,1,False,-1,
43899,2026-04-28 14:00:00,14,1,MARKUP,6,A+,49282.165499999996,49181.901635779475,49532.82516055129,100.26386422052019,24.616728441049105,0,1,1,1,1,1,True,43913,-1.0
43922,2026-04-28 15:55:00,15,1,MARKUP,6,A+,49283.556,49177.85596437119,49547.80608907201,105.70003562880447,37.20807125760779,0,1,1,1,1,1,True,43929,-1.0
43940,2026-04-28 17:25:00,17,-1,MARKDOWN,5,A,49306.4029,49453.053387870335,48939.77668032417,146.65048787033447,57.18677574067944,0,1,0,1,1,1,True,43959,0.31635012384697025
43952,2026-04-28 18:25:00,18,-1,MARKDOWN,5,A,49306.4029,49449.41561355526,48948.87111611185,143.01271355526114,49.91122711052812,0,1,0,1,1,1,True,43959,0.32439703328943803
43966,2026-04-28 19:35:00,19,-1,MARKDOWN,4,B,49304.2399,49440.46290597231,48963.68238506923,136.22300597230787,39.00581194461617,0,0,1,1,0,1,False,-1,
43978,2026-04-28 20:35:00,20,-1,MARKDOWN,5,A,49304.2399,49437.46733790886,48971.17130522784,133.22743790886307,33.0146758177326,0,1,0,1,1,1,False,-1,
44111,2026-04-29 08:40:00,8,1,MARKUP,5,A,49248.0955,49217.29532980724,49325.09592548192,30.8001701927642,7.929340385523961,0,1,1,0,1,1,True,44129,-1.0
44123,2026-04-29 09:40:00,9,1,MARKUP,5,A,49265.554000000004,49244.66707690142,49317.77130774646,20.886923098580155,9.68584619716009,1,0,1,0,1,1,True,44124,-1.0
44135,2026-04-29 10:40:00,10,-1,MARKDOWN,6,A+,49259.1452,49291.35853046118,49178.611873847054,32.213330461177975,13.697060922356647,0,1,1,1,1,1,True,44139,2.5
44147,2026-04-29 11:40:00,11,-1,MARKDOWN,5,A,49234.6972,49296.150730158406,49081.063374604,61.45353015840374,23.28146031681279,0,1,0,1,1,1,False,-1,
44163,2026-04-29 13:00:00,13,-1,MARKDOWN,5,A,49224.6697,49296.2863009843,49045.62819753925,71.61660098430002,23.552601968585915,0,1,0,1,1,1,True,44166,2.5
44176,2026-04-29 14:05:00,14,-1,MARKDOWN,5,A,49220.7145,49287.91739883658,49052.707252908556,67.20289883657824,19.614797673153348,0,0,1,1,1,1,False,-1,
44188,2026-04-29 15:05:00,15,-1,MARKDOWN,6,A+,49211.599,49273.31485257953,49057.30936855117,61.7158525795312,19.909705159063076,0,1,1,1,1,1,False,-1,
44200,2026-04-29 16:05:00,16,-1,MARKDOWN,5,A,49173.147,49242.58628323553,48999.54879191118,69.43928323552973,26.952566471049597,1,0,0,1,1,1,True,44201,2.5
44212,2026-04-29 17:05:00,17,-1,MARKDOWN,5,A,49094.3404,49255.397810622475,48691.69687344381,161.05741062247398,52.5756212449434,0,1,0,1,1,1,False,-1,
44224,2026-04-29 18:05:00,18,-1,MARKDOWN,6,A+,49094.3404,49251.006083126005,48702.67619218499,156.6656831260043,43.79216625200875,0,1,1,1,1,1,False,-1,
44236,2026-04-29 19:05:00,19,-1,MARKDOWN,5,A,49042.6854,49239.93216556323,48549.56848609193,197.2467655632281,46.64433112646155,0,1,0,1,1,1,False,-1,
44248,2026-04-29 20:05:00,20,-1,MARKDOWN,6,A+,49033.5699,49220.70697314505,48565.72721713739,187.13707314504427,37.69394629009065,0,1,1,1,1,1,False,-1,
44379,2026-04-30 08:00:00,8,-1,MARKDOWN,5,A,48707.403000000006,48806.152217555435,48460.52995611144,98.74921755542891,22.924435110866426,0,1,0,1,1,1,False,-1,
44391,2026-04-30 09:00:00,9,-1,MARKDOWN,6,A+,48704.442500000005,48805.97773158194,48450.60442104517,101.53523158193275,22.575463163866754,0,1,1,1,1,1,False,-1,
44403,2026-04-30 10:00:00,10,-1,MARKDOWN,3,C,48678.1647,48808.43517992063,48352.48850019844,130.2704799206258,31.99035984125002,0,0,0,1,0,1,True,44415,-1.0
44439,2026-04-30 13:00:00,13,1,MARKUP,6,A+,48633.675,48475.045702957425,49030.24824260645,158.6292970425784,36.48859408514901,0,1,1,1,1,1,False,-1,
44451,2026-04-30 14:00:00,14,1,MARKUP,6,A+,48791.823000000004,48463.49574391257,49612.641140218584,328.32725608743203,59.58851217486237,0,1,1,1,1,1,False,-1,
44463,2026-04-30 15:00:00,15,1,MARKUP,5,A,48860.1175,48577.95784907605,49565.51662730989,282.15965092395345,47.664301847901726,0,1,0,1,1,1,False,-1,
44475,2026-04-30 16:00:00,16,1,MARKUP,5,A,48898.6295,48632.1299564969,49564.878358757756,266.49954350310145,42.32008700619629,0,0,1,1,1,1,False,-1,
44487,2026-04-30 17:00:00,17,1,MARKUP,4,B,48913.1264,48621.78882916582,49641.470327085466,291.3375708341846,63.00234166837497,0,1,0,0,1,1,False,-1,
44499,2026-04-30 18:00:00,18,1,MARKUP,5,A,49091.7774,48790.57323120012,49844.78782199969,301.20416879987897,59.433537599761685,0,1,0,1,1,1,False,-1,
44511,2026-04-30 19:00:00,19,1,MARKUP,5,A,49289.0699,49047.67534243575,49892.55629391063,241.39455756425014,47.72931512850232,0,1,1,1,0,1,False,-1,
44523,2026-04-30 20:00:00,20,1,MARKUP,6,A+,49293.2719,49053.31476504419,49893.164737389525,239.95713495581003,36.450469911625234,0,1,1,1,1,1,False,-1,
44715,2026-05-01 13:00:00,13,1,MARKUP,5,A,49783.237499999996,49745.99845482278,49876.33511294304,37.2390451772153,12.403090354435433,0,1,0,1,1,1,False,-1,
44727,2026-05-01 14:00:00,14,1,MARKUP,5,A,49799.663499999995,49745.53431569322,49934.98646076693,54.12918430677382,13.331368613557212,0,1,0,1,1,1,False,-1,
44739,2026-05-01 15:00:00,15,1,MARKUP,6,A+,49799.663499999995,49745.13599829137,49935.982254271556,54.527501708624186,14.128003417254925,0,1,1,1,1,1,True,44757,2.5
44751,2026-05-01 16:00:00,16,1,MARKUP,4,B,49840.7285,49739.82819934639,50092.97925163402,100.9003006536077,24.74360130722133,0,0,0,1,1,1,True,44757,-1.0
44763,2026-05-01 17:00:00,17,1,MARKUP,6,A+,49863.2535,49733.16217074758,50188.48182313105,130.0913292524201,54.47565850484889,0,1,1,1,1,1,True,44771,-1.0
44787,2026-05-01 19:00:00,19,-1,MARKDOWN,6,A+,49894.02854,50053.48891171661,49495.37761070847,159.4603717166101,47.677823433211586,0,1,1,1,1,1,False,-1,
44799,2026-05-01 20:00:00,20,-1,MARKDOWN,5,A,49865.008,50050.06108603743,49402.37528490643,185.05308603742742,40.822172074849775,0,1,0,1,1,1,False,-1,
44931,2026-05-04 08:00:00,8,-1,MARKDOWN,3,C,49561.477999999996,49616.734509987866,49423.33672503032,55.25650998787023,10.429019975733627,0,0,0,1,0,1,False,-1,
44950,2026-05-04 09:35:00,9,-1,MARKDOWN,5,A,49529.1875,49567.46269081302,49433.49952296744,38.27519081302307,16.385381626047007,0,1,1,1,0,1,True,44957,2.5
44962,2026-05-04 10:35:00,10,-1,MARKDOWN,6,A+,49526.074199999995,49568.93059128153,49418.93322179615,42.85639128153707,19.321182563064735,1,0,1,1,1,1,True,44963,2.5
44974,2026-05-04 11:35:00,11,-1,MARKDOWN,5,A,49499.8117,49571.25126955541,49321.21277611147,71.43956955541216,23.962539110821208,0,1,0,1,1,1,False,-1,
44991,2026-05-04 13:00:00,13,-1,MARKDOWN,5,A,49443.8487,49575.45720750784,49114.82743123041,131.6085075078372,32.374415015686026,0,1,1,0,1,1,False,-1,
45003,2026-05-04 14:00:00,14,-1,MARKDOWN,5,A,49394.0985,49579.811960352636,48929.81484911841,185.7134603526356,51.883920705268295,0,0,1,1,1,1,True,45018,2.346779275839486
45015,2026-05-04 15:00:00,15,-1,MARKDOWN,4,B,49391.317500000005,49569.10834687499,48946.84038281253,177.79084687498835,39.47669374998182,1,0,0,0,1,1,True,45018,2.5
45034,2026-05-04 16:35:00,16,-1,MARKDOWN,6,A+,49345.8945,49497.49638526569,48966.88978683579,151.60188526568527,43.25277053136322,1,1,1,1,0,1,True,45037,2.5
45052,2026-05-04 18:05:00,18,-1,MARKDOWN,6,A+,49342.9281,49496.41568309588,48959.20914226028,153.48758309588447,50.69136619176015,0,1,1,1,1,1,False,-1,
45064,2026-05-04 19:05:00,19,-1,MARKDOWN,6,A+,49264.3125,49502.05528941676,48669.95552645809,237.74278941676312,61.97057883352107,0,1,1,1,1,1,False,-1,
45076,2026-05-04 20:05:00,20,-1,MARKDOWN,5,A,49264.3125,49498.2417900563,48679.48927485925,233.9292900563014,54.34358011259662,0,1,0,1,1,1,False,-1,
45231,2026-05-05 10:00:00,10,1,MARKUP,6,A+,49050.2442,49000.950686207005,49173.477984482495,49.29351379299624,15.998627585982025,0,1,1,1,1,1,False,-1,
45243,2026-05-05 11:00:00,11,1,MARKUP,6,A+,49080.875,49008.52691350328,49261.745216241805,72.3480864967205,20.546172993450007,0,1,1,1,1,1,False,-1,
45267,2026-05-05 13:00:00,13,1,MARKUP,5,A,49080.875,49009.86771440328,49258.3932139918,71.0072855967228,17.864571193452928,0,1,1,0,1,1,True,45279,2.5
45285,2026-05-05 14:30:00,14,1,MARKUP,6,A+,49097.715500000006,49034.82094467712,49254.951888307216,62.894555322884116,22.45811064576269,0,1,1,1,1,1,False,-1,
45297,2026-05-05 15:30:00,15,1,MARKUP,5,A,49120.3525,49046.382675140296,49305.27706214927,73.96982485970511,22.834649719408095,0,1,0,1,1,1,True,45310,-1.0
45309,2026-05-05 16:30:00,16,1,MARKUP,6,A+,49132.385500000004,49042.51681051936,49357.05722370162,89.86868948064512,30.5663789612928,0,1,1,1,1,1,True,45310,-1.0
45321,2026-05-05 17:30:00,17,1,MARKUP,5,A,49133.3005,49007.593347519476,49447.5683812013,125.70715248052147,58.31330496104201,0,1,0,1,1,1,False,-1,
45333,2026-05-05 18:30:00,18,1,MARKUP,5,A,49154.788,49013.88054844452,49507.056628888706,140.9074515554821,45.738903110963896,0,1,0,1,1,1,False,-1,
45345,2026-05-05 19:30:00,19,1,MARKUP,4,B,49154.788,49019.36056854658,49493.35657863355,135.42743145341956,34.77886290683161,0,0,0,1,1,1,False,-1,
45357,2026-05-05 20:30:00,20,1,MARKUP,6,A+,49154.788,49023.30840006349,49483.486999841276,131.47959993650875,26.883199873022722,0,1,1,1,1,1,False,-1,
45517,2026-05-06 10:50:00,10,1,MARKUP,5,A,49412.9833,49372.54753108819,49514.072722279525,40.435768911811465,17.344937823619034,0,1,1,0,1,1,False,-1,
45529,2026-05-06 11:50:00,11,1,MARKUP,5,A,49490.9495,49365.33946591047,49804.97458522384,125.61003408953547,31.761068179068786,0,1,1,0,1,1,False,-1,
45543,2026-05-06 13:00:00,13,1,MARKUP,6,A+,49534.593,49363.47825470174,49962.37986324566,171.11474529826228,35.48349059652951,0,1,1,1,1,1,False,-1,
45555,2026-05-06 14:00:00,14,1,MARKUP,5,A,49597.527500000004,49359.757313760194,50191.95296559953,237.77018623980985,42.9253724796165,0,1,0,1,1,1,False,-1,
45567,2026-05-06 15:00:00,15,1,MARKUP,3,C,49628.4515,49388.5526875296,50228.198531176015,239.89881247040466,41.834624940806265,0,0,0,0,1,1,False,-1,
45586,2026-05-06 16:35:00,16,1,MARKUP,6,A+,49651.163,49421.70486267717,50224.80834330707,229.4581373228284,49.03027464566006,0,1,1,1,1,1,False,-1,
45598,2026-05-06 17:35:00,17,1,MARKUP,6,A+,49784.8055,49632.48792566967,50165.599435825825,152.31757433032908,59.96414866065517,0,1,1,1,1,1,False,-1,
45610,2026-05-06 18:35:00,18,1,MARKUP,5,A,49796.3419,49637.827535038785,50192.627812403036,158.5143649612146,49.28492992242945,0,1,0,1,1,1,False,-1,
45622,2026-05-06 19:35:00,19,1,MARKUP,5,A,49796.3419,49642.66958685616,50180.522682859606,153.67231314384117,39.60082628767873,0,0,1,1,1,1,False,-1,
45759,2026-05-07 08:00:00,8,1,MARKUP,6,A+,49971.852999999996,49919.008825619225,50103.963435951926,52.84417438077071,9.042348761548636,0,1,1,1,1,1,False,-1,
45771,2026-05-07 09:00:00,9,1,MARKUP,3,C,50004.606999999996,49972.22148360405,50085.57079098986,32.38551639594516,8.617032791900936,0,0,0,0,1,1,True,45774,2.5
45783,2026-05-07 10:00:00,10,1,MARKUP,5,A,50041.7872,49982.59233774769,50189.77435563078,59.194862252312305,19.375324504620004,1,0,0,1,1,1,True,45784,-1.0
45795,2026-05-07 11:00:00,11,1,MARKUP,6,A+,50055.7532,49987.91092942239,50225.35887644402,67.84227057761018,26.738141155215622,0,1,1,1,1,1,True,45797,-1.0
45824,2026-05-07 13:25:00,13,-1,MARKDOWN,5,A,50067.7665,50154.9850193364,49849.720201659,87.21851933639846,22.21003867280158,0,1,0,1,1,1,True,45838,-1.0
45837,2026-05-07 14:30:00,14,1,MARKUP,6,A+,50020.125499999995,49930.84605902047,50243.32410244881,89.27944097952422,25.56788195905493,0,1,1,1,1,1,True,45840,-1.0
45849,2026-05-07 15:30:00,15,1,MARKUP,6,A+,50003.890499999994,49931.0119027021,50186.08699324473,72.87859729789488,25.236194595800768,0,1,1,1,1,1,True,45862,-1.0
45863,2026-05-07 16:40:00,16,1,MARKUP,6,A+,50027.765499999994,49922.13481909391,50291.84220226521,105.63068090608431,42.990361812172345,1,0,1,1,1,1,True,45864,-1.0
45875,2026-05-07 17:40:00,17,-1,MARKDOWN,6,A+,50004.6624,50190.983861272995,49538.85874681752,186.32146127299347,54.20772254599265,0,1,1,1,1,1,False,-1,
45887,2026-05-07 18:40:00,18,-1,MARKDOWN,6,A+,50004.6624,50187.48891927494,49547.596101812655,182.82651927493862,47.217838549881726,0,1,1,1,1,1,False,-1,
45899,2026-05-07 19:40:00,19,-1,MARKDOWN,6,A+,49983.8434,50185.33650818301,49480.11062954246,201.49310818301456,42.91301636602568,0,1,1,1,1,1,False,-1,
45911,2026-05-07 20:40:00,20,-1,MARKDOWN,6,A+,49928.4534,50189.45234067561,49275.95604831097,260.998940675614,51.14468135122593,0,1,1,1,1,1,False,-1,
46052,2026-05-08 09:25:00,9,1,MARKUP,6,A+,49662.4582,49613.97726125649,49783.66054685877,48.48093874350889,16.665477487006996,0,1,1,1,1,1,True,46062,2.5
46064,2026-05-08 10:25:00,10,1,MARKUP,4,B,49662.4582,49612.98826143443,49786.133046413925,49.469938565569464,18.643477131133622,0,0,1,0,1,1,False,-1,
46076,2026-05-08 11:25:00,11,1,MARKUP,5,A,49675.7452,49633.419677979306,49781.55900505173,42.325522020692006,20.7806440413789,0,1,1,0,1,1,False,-1,
46095,2026-05-08 13:00:00,13,1,MARKUP,6,A+,49707.199,49643.49984293315,49866.44689266712,63.699157066846965,20.820314133704866,0,1,1,1,1,1,False,-1,
46107,2026-05-08 14:00:00,14,1,MARKUP,4,B,49707.199,49644.90644382526,49862.93039043685,62.29255617473973,18.00711234948987,0,1,1,0,0,1,False,-1,
46119,2026-05-08 15:00:00,15,1,MARKUP,6,A+,49707.199,49645.746094481954,49860.83126379512,61.452905518046464,16.32781103609518,0,1,1,1,1,1,True,46138,-1.0
46131,2026-05-08 16:00:00,16,1,MARKUP,5,A,49748.439000000006,49653.630603605765,49985.459990985604,94.80839639424084,29.558792788483153,1,0,0,1,1,1,True,46132,-1.0
46157,2026-05-08 18:10:00,18,-1,MARKDOWN,6,A+,49776.3744,49901.89851967896,49462.56410080261,125.5241196789575,47.977039357903244,0,1,1,1,1,1,False,-1,
46169,2026-05-08 19:10:00,19,-1,MARKDOWN,6,A+,49767.7794,49898.15248505859,49441.84668735352,130.37308505859255,40.484970117172885,0,1,1,1,1,1,False,-1,
46181,2026-05-08 20:10:00,20,-1,MARKDOWN,5,A,49762.8134,49895.31662611211,49431.55533471973,132.50322611210868,34.81325222420345,0,1,1,0,1,1,False,-1,
46338,2026-05-11 10:15:00,10,1,MARKUP,5,A,49519.3347,49469.487069846626,49643.95377538343,49.84763015337376,15.00586030674701,0,1,1,0,1,1,False,-1,
46350,2026-05-11 11:15:00,11,1,MARKUP,6,A+,49557.9157,49498.06497864995,49707.54250337512,59.85072135004884,19.35004270009739,0,1,1,1,1,1,False,-1,
46371,2026-05-11 13:00:00,13,1,MARKUP,5,A,49567.2052,49511.62034651998,49706.16733370004,55.584853480017046,16.739306960039922,0,1,0,1,1,1,True,46385,-1.0
46410,2026-05-11 16:15:00,16,1,MARKUP,5,A,49574.064999999995,49518.449944092776,49713.10263976804,55.61505590721936,25.280111814438936,0,1,1,1,0,1,True,46413,-1.0
46422,2026-05-11 17:15:00,17,1,MARKUP,6,A+,49591.5205,49470.90361146078,49893.06272134805,120.61688853921805,55.77277707844604,0,1,1,1,1,1,False,-1,
46434,2026-05-11 18:15:00,18,1,MARKUP,6,A+,49594.29,49473.361430757504,49896.61142310624,120.92856924249645,50.85713848499582,0,1,1,1,1,1,False,-1,
46446,2026-05-11 19:15:00,19,1,MARKUP,4,B,49594.29,49478.97972422279,49882.565689443036,115.31027577721397,39.62055155442907,0,0,1,1,0,1,False,-1,
46459,2026-05-11 20:20:00,20,1,MARKUP,5,A,49594.29,49480.7604326849,49878.113918287745,113.52956731509767,36.05913463019088,0,1,1,0,1,1,False,-1,
46591,2026-05-12 08:20:00,8,1,MARKUP,5,A,49688.651000000005,49644.1527410256,49799.89664743601,44.49825897440314,12.214517948804648,0,1,1,0,1,1,True,46603,-1.0
46605,2026-05-12 09:30:00,9,-1,MARKDOWN,6,A+,49712.369,49758.101518760624,49598.03770309844,45.73251876062568,14.683037521250235,0,1,1,1,1,1,True,46619,-1.0
46617,2026-05-12 10:30:00,10,-1,MARKDOWN,5,A,49676.0882,49745.70615735617,49502.04330660956,69.61795735617488,20.8923147123405,1,0,0,1,1,1,True,46618,-1.0
46629,2026-05-12 11:30:00,11,-1,MARKDOWN,5,A,49680.785,49753.72997930437,49498.42255173909,72.94497930436773,21.739958608747582,1,0,1,1,0,1,True,46630,-1.0
46680,2026-05-12 15:45:00,15,1,MARKUP,6,A+,49683.3775,49633.880973177154,49807.118817057126,49.496526822847954,25.45805364569113,0,1,1,1,1,1,True,46687,-1.0
46692,2026-05-12 16:45:00,16,-1,MARKDOWN,6,A+,49603.3254,49796.15390422283,49121.25413944293,192.82850422283082,53.087808445659384,0,1,1,1,1,1,False,-1,
46704,2026-05-12 17:45:00,17,-1,MARKDOWN,5,A,49603.3254,49798.473920354074,49115.454099114824,195.1485203540724,57.727840708143155,0,1,0,1,1,1,True,46726,-1.0
46716,2026-05-12 18:45:00,18,-1,MARKDOWN,5,A,49603.3254,49795.657217918866,49122.49585520284,192.33181791886454,52.09443583773745,1,0,0,1,1,1,True,46726,-1.0
46741,2026-05-12 20:50:00,20,1,MARKUP,5,A,49500.5946,49313.0914047314,49969.35258817149,187.50319526859676,42.437190537189366,0,1,0,1,1,1,False,-1,
46863,2026-05-13 08:00:00,8,1,MARKUP,6,A+,49783.612,49753.32959109557,49859.318022261075,30.282408904429758,10.140817808859829,0,1,1,1,1,1,True,46884,-1.0
46875,2026-05-13 09:00:00,9,1,MARKUP,5,A,49790.2635,49757.173494470306,49872.98851382424,33.09000552969519,9.453011059393317,0,1,0,1,1,1,True,46878,-1.0
46887,2026-05-13 10:00:00,10,1,MARKUP,5,A,49790.2635,49756.15312480823,49875.53943797942,34.11037519176898,11.493750383533662,1,0,1,0,1,1,True,46888,-1.0
46923,2026-05-13 13:00:00,13,-1,MARKDOWN,4,B,49768.8607,49844.72122330435,49579.209391739125,75.86052330434904,17.142446608694915,0,1,0,1,0,1,False,-1,
46935,2026-05-13 14:00:00,14,-1,MARKDOWN,5,A,49755.9255,49836.151956681686,49555.35935829578,80.22645668168843,19.30391336337881,0,1,0,1,1,1,False,-1,
46947,2026-05-13 15:00:00,15,-1,MARKDOWN,3,C,49755.9255,49835.605740145525,49556.724899636174,79.68024014552793,18.21148029104402,0,0,0,0,1,1,False,-1,
46959,2026-05-13 16:00:00,16,-1,MARKDOWN,4,B,49695.4525,49810.08278474536,49408.87678813659,114.63028474536259,29.66556949072904,0,0,0,1,1,1,True,46977,-1.0
46971,2026-05-13 17:00:00,17,-1,MARKDOWN,4,B,49638.660899999995,49764.19956742587,49324.8142314353,125.53866742587707,52.39913485174483,0,0,0,1,1,1,True,46972,-1.0
46983,2026-05-13 18:00:00,18,-1,MARKDOWN,6,A+,49634.0259,49756.76844201305,49327.16954496737,122.74254201305303,52.53688402611248,0,1,1,1,1,1,True,46999,-1.0
46995,2026-05-13 19:00:00,19,-1,MARKDOWN,6,A+,49622.0985,49732.597084719346,49345.852038201636,110.49858471934567,42.79416943869091,0,1,1,1,1,1,True,46999,-1.0
47139,2026-05-14 08:00:00,8,1,MARKUP,3,C,49841.824,49815.38392779015,49907.92418052463,26.44007220985077,9.332144419707728,0,0,0,0,1,1,False,-1,
47151,2026-05-14 09:00:00,9,1,MARKUP,5,A,49853.666000000005,49813.340723703644,49954.47919074091,40.325276296360244,13.418552592717639,0,1,0,1,1,1,True,47174,2.5
47163,2026-05-14 10:00:00,10,1,MARKUP,5,A,49868.7152,49823.935699365735,49980.66395158566,44.77950063426397,14.228601268541167,0,1,0,1,1,1,True,47174,2.5
47175,2026-05-14 11:00:00,11,1,MARKUP,4,B,49876.2042,49831.99136804326,49986.736279891855,44.212831956741866,21.117263913484944,0,1,0,1,0,1,False,-1,
47199,2026-05-14 13:00:00,13,1,MARKUP,5,A,49902.944200000005,49832.20950507175,50079.780937320655,70.73469492825825,20.680989856514046,0,1,0,1,1,1,False,-1,
47211,2026-05-14 14:00:00,14,1,MARKUP,6,A+,49944.0375,49833.07216826977,50221.45082932557,110.96533173022908,26.1556634604651,0,1,1,1,1,1,False,-1,
47223,2026-05-14 15:00:00,15,1,MARKUP,5,A,49963.424,49832.60735425612,50290.465614359695,130.81664574387833,27.085291487760234,0,1,0,1,1,1,True,47242,0.8595695093738907
47235,2026-05-14 16:00:00,16,1,MARKUP,6,A+,50003.050500000005,49873.33170542106,50327.347486447376,129.7187945789483,28.136589157895216,0,1,1,1,1,1,True,47242,0.5613642975666031
47259,2026-05-14 18:00:00,18,1,MARKUP,6,A+,50021.3846,49875.026234874196,50387.2805128145,146.35836512580136,55.647530251600784,0,1,1,1,1,1,True,47282,-0.8814979580367773
47271,2026-05-14 19:00:00,19,1,MARKUP,6,A+,50027.191,49877.16446411689,50402.25733970777,150.02653588310932,51.37107176622063,0,1,1,1,1,1,True,47282,-0.8986476905994805
47283,2026-05-14 20:00:00,20,1,MARKUP,4,B,50031.966,49876.833664709724,50419.796838225695,155.1323352902764,52.03267058055101,0,0,1,0,1,1,True,47287,-0.6774603102786212
47416,2026-05-15 08:05:00,8,-1,MARKDOWN,5,A,49984.986000000004,50055.58440651999,49808.489983700034,70.5984065199882,17.428813039986963,0,1,1,0,1,1,False,-1,
47428,2026-05-15 09:05:00,9,-1,MARKDOWN,5,A,49943.39,50007.95906596476,49781.967335088106,64.56906596475892,22.178131929510972,0,1,0,1,1,1,False,-1,
47440,2026-05-15 10:05:00,10,-1,MARKDOWN,6,A+,49943.2372,50008.970553041334,49778.90381739668,65.7333530413307,24.201106082658157,0,1,1,1,1,1,False,-1,
47452,2026-05-15 11:05:00,11,-1,MARKDOWN,6,A+,49917.7387,50009.50757154895,49688.31652112763,91.76887154894939,25.275143097893164,0,1,1,1,1,1,False,-1,
47475,2026-05-15 13:00:00,13,-1,MARKDOWN,5,A,49852.5382,49977.78439550796,49539.422711230116,125.24619550795614,32.82879101591624,0,1,0,1,1,1,True,47484,2.5
47494,2026-05-15 14:35:00,14,-1,MARKDOWN,6,A+,49832.206,49947.3754842432,49544.28228939199,115.16948424320435,37.810968486403596,0,1,1,1,1,1,False,-1,
47506,2026-05-15 15:35:00,15,-1,MARKDOWN,6,A+,49796.966,49938.38949782711,49443.40725543222,141.42349782711244,36.838995654225755,0,1,1,1,1,1,False,-1,
47518,2026-05-15 16:35:00,16,-1,MARKDOWN,6,A+,49795.724500000004,49942.16864112794,49429.61414718017,146.4441411279331,44.397282255878196,0,1,1,1,1,1,False,-1,
47530,2026-05-15 17:35:00,17,-1,MARKDOWN,5,A,49778.7064,49947.641802335085,49356.36789416229,168.93540233508247,55.34360467017493,1,0,0,1,1,1,False,-1,
47542,2026-05-15 18:35:00,18,-1,MARKDOWN,6,A+,49778.7064,49945.053711065484,49362.838122336296,166.34731106548134,50.167422130971666,0,1,1,1,1,1,False,-1,
47554,2026-05-15 19:35:00,19,-1,MARKDOWN,4,B,49685.0974,49810.80984088491,49370.81629778772,125.71244088491221,45.67968176981942,0,0,0,1,1,1,True,47560,2.5
47566,2026-05-15 20:35:00,20,-1,MARKDOWN,4,B,49680.1534,49799.492378168135,49381.80595457967,119.3389781681326,39.044756336274226,1,0,1,0,0,1,True,47572,2.5
47691,2026-05-18 08:00:00,8,-1,MARKDOWN,4,B,49269.829,49385.924084756785,48979.59128810803,116.0950847567874,21.70816951356906,0,0,0,1,1,1,False,-1,
47764,2026-05-18 14:05:00,14,-1,MARKDOWN,6,A+,49243.195999999996,49316.81161333516,49059.15696666209,73.61561333516147,27.283226670313372,0,1,1,1,1,1,True,47766,-1.0
47776,2026-05-18 15:05:00,15,1,MARKUP,6,A+,49268.6935,49122.50536816346,49634.16382959136,146.1881318365413,40.8292636730744,0,1,1,1,1,1,False,-1,
47788,2026-05-18 16:05:00,16,1,MARKUP,5,A,49336.1165,49119.34213851707,49878.052403707305,216.77436148292327,47.15572296584933,0,1,0,1,1,1,False,-1,
47800,2026-05-18 17:05:00,17,1,MARKUP,5,A,49391.4874,49109.15406699474,50097.32073251314,282.33333300525555,67.53186601050966,0,1,0,1,1,1,False,-1,
47812,2026-05-18 18:05:00,18,1,MARKUP,3,C,49391.4874,49104.01771412129,50110.161614696764,287.4696858787065,77.80457175740617,0,0,0,1,0,1,False,-1,
47838,2026-05-18 20:15:00,20,1,MARKUP,4,B,49531.9279,49341.786641427345,50007.28104643164,190.14125857265753,56.766717145306345,0,1,1,0,0,1,True,47848,0.7302050120118433
47973,2026-05-19 08:30:00,8,-1,MARKDOWN,5,A,49666.380999999994,49752.349051923535,49451.46087019114,85.96805192354077,27.158103847080483,0,1,0,1,1,1,True,47986,-1.0
47985,2026-05-19 09:30:00,9,-1,MARKDOWN,3,C,49657.883499999996,49738.58243084696,49456.13617288259,80.69893084696378,27.124861693920273,1,0,0,0,0,1,True,47986,-1.0
47997,2026-05-19 10:30:00,10,1,MARKUP,5,A,49619.9782,49535.24646113539,49831.80754716151,84.73173886460427,28.04707772920779,0,1,0,1,1,1,True,48021,-1.0
48009,2026-05-19 11:30:00,11,1,MARKUP,4,B,49638.1232,49533.994435204186,49898.44511198954,104.1287647958161,30.551129591625696,0,0,0,1,1,1,True,48018,-1.0
48028,2026-05-19 13:05:00,13,-1,MARKDOWN,5,A,49689.9035,49799.708586122535,49415.39078469366,109.8050861225347,35.67717224507117,0,1,0,1,1,1,False,-1,
48041,2026-05-19 14:10:00,14,-1,MARKDOWN,5,A,49689.9035,49800.84560876853,49412.54822807867,110.94210876853322,37.951217537065396,0,0,1,1,1,1,False,-1,
48053,2026-05-19 15:10:00,15,-1,MARKDOWN,5,A,49686.179000000004,49798.49080564468,49405.39948588831,112.3118056446765,33.24161128935235,0,1,0,1,1,1,False,-1,
48065,2026-05-19 16:10:00,16,-1,MARKDOWN,6,A+,49643.1495,49732.2988602309,49420.27609942276,89.14936023089831,34.85772046179525,0,1,1,1,1,1,False,-1,
48077,2026-05-19 17:10:00,17,-1,MARKDOWN,6,A+,49524.3625,49723.381882234295,49026.81404441428,199.0193822342917,80.02376446857964,1,0,1,1,1,1,True,48078,0.38399526288366065
48089,2026-05-19 18:10:00,18,-1,MARKDOWN,5,A,49519.109500000006,49707.947554581966,49047.01436354511,188.83805458196002,66.15510916393143,1,0,1,1,0,1,True,48090,1.118257124960749
48101,2026-05-19 19:10:00,19,-1,MARKDOWN,5,A,49503.9685,49680.22557565122,49063.32581087197,176.2570756512141,59.711151302421186,0,1,1,1,0,1,True,48103,0.9022531402636766
48243,2026-05-20 08:00:00,8,-1,MARKDOWN,4,B,49352.230500000005,49432.52704412913,49151.4891396772,80.2965441291235,25.174088258253263,1,0,0,0,1,1,True,48247,-1.0
48275,2026-05-20 10:40:00,10,1,MARKUP,5,A,49319.0327,49231.21352020005,49538.58064949988,87.81917979995342,22.95295959990607,0,1,0,1,1,1,False,-1,
48287,2026-05-20 11:40:00,11,1,MARKUP,6,A+,49349.9182,49271.97880042145,49544.766698946376,77.93939957855036,25.922399157098052,0,1,1,1,1,1,False,-1,
48303,2026-05-20 13:00:00,13,1,MARKUP,6,A+,49381.4827,49303.18838042677,49577.21849893307,78.29431957322959,23.003239146466637,0,1,1,1,1,1,False,-1,
48315,2026-05-20 14:00:00,14,1,MARKUP,6,A+,49431.1815,49341.68114811532,49654.932379711696,89.50035188467882,23.717703769363155,0,1,1,1,1,1,False,-1,
48327,2026-05-20 15:00:00,15,1,MARKUP,6,A+,49431.1815,49340.57010290798,49657.709992730044,90.61139709201962,25.939794184043485,0,1,1,1,1,1,True,48345,-1.0
48339,2026-05-20 16:00:00,16,1,MARKUP,5,A,49467.2805,49339.576000573266,49786.54174856684,127.7044994267344,27.927998853475017,0,1,0,1,1,1,True,48345,-1.0
48354,2026-05-20 17:15:00,17,1,MARKUP,5,A,49403.9046,49210.49413645972,49887.43075885071,193.41046354028367,80.99172708055889,0,1,1,0,1,1,False,-1,
48366,2026-05-20 18:15:00,18,1,MARKUP,6,A+,49522.6875,49207.995565554105,50309.41733611474,314.69193444589473,85.9888688917895,0,1,1,1,1,1,False,-1,
48378,2026-05-20 19:15:00,19,1,MARKUP,6,A+,49522.6875,49219.83332591374,50279.82293521564,302.85417408625653,62.313348172512825,0,1,1,1,1,1,False,-1,
48390,2026-05-20 20:15:00,20,1,MARKUP,6,A+,49522.6875,49223.149076261165,50271.53355934709,299.53842373883526,55.68184747767113,0,1,1,1,1,1,False,-1,
48519,2026-05-21 08:00:00,8,1,MARKUP,6,A+,49925.8225,49863.17127039299,50082.45057401754,62.6512296070141,11.657459214027728,0,1,1,1,1,1,True,48528,2.5
48531,2026-05-21 09:00:00,9,1,MARKUP,5,A,49955.031,49900.17653535494,50092.167161612655,54.85446464506094,17.646929290116223,0,1,1,0,1,1,True,48534,-1.0
48555,2026-05-21 11:00:00,11,1,MARKUP,6,A+,49949.5308,49886.71926904772,50106.55962738071,62.81153095228365,26.761461904558814,0,1,1,1,1,1,False,-1,
48579,2026-05-21 13:00:00,13,1,MARKUP,6,A+,50001.807499999995,49884.43053219292,50295.24991951768,117.37696780707483,31.338935614161848,0,1,1,1,1,1,True,48585,-1.0
48607,2026-05-21 15:20:00,15,-1,MARKDOWN,5,A,50084.957,50253.18232831249,49664.39367921878,168.22532831248827,41.164656624976864,0,1,1,0,1,1,False,-1,
48619,2026-05-21 16:20:00,16,-1,MARKDOWN,6,A+,50084.957,50254.94843023454,49659.97842441367,169.99143023453507,44.69686046908007,0,1,1,1,1,1,True,48633,-1.0
48635,2026-05-21 17:40:00,17,-1,MARKDOWN,4,B,50039.193400000004,50266.08264991174,49471.970275220665,226.88924991173553,66.96529982348049,0,0,1,1,0,1,False,-1,
48658,2026-05-21 19:35:00,19,-1,MARKDOWN,6,A+,49961.912500000006,50132.271349165945,49536.01537708516,170.35884916593932,49.44269833187822,0,1,1,1,1,1,True,48660,-1.0
48670,2026-05-21 20:35:00,20,1,MARKUP,6,A+,49917.9685,49695.97639686133,50472.94875784668,221.99210313866934,60.647206277333446,0,1,1,1,1,1,False,-1,
48795,2026-05-22 08:00:00,8,1,MARKUP,6,A+,50437.66299999999,50383.798576844565,50572.32405788856,53.864423155428085,11.082846310855984,0,1,1,1,1,1,True,48806,2.5
48814,2026-05-22 09:35:00,9,1,MARKUP,5,A,50452.185999999994,50403.45671260095,50574.00921849761,48.72928739904455,18.76657479808821,0,1,1,0,1,1,True,48819,-1.0
48833,2026-05-22 11:10:00,11,1,MARKUP,5,A,50451.0118,50399.544811826425,50579.67927043394,51.46698817357537,22.790376347155537,0,1,0,1,1,1,True,48837,-1.0
48855,2026-05-22 13:00:00,13,1,MARKUP,5,A,50451.229,50384.9260481016,50616.98637974599,66.30295189839671,26.027903796794686,0,1,1,0,1,1,True,48860,2.5
48874,2026-05-22 14:35:00,14,1,MARKUP,6,A+,50445.512500000004,50376.8662098616,50617.12822534602,68.6462901384075,23.647580276814253,0,1,1,1,1,1,False,-1,
48886,2026-05-22 15:35:00,15,1,MARKUP,6,A+,50509.1155,50366.9807537513,50864.45236562176,142.13474624870287,43.4184924974067,0,1,1,1,1,1,False,-1,
48898,2026-05-22 16:35:00,16,1,MARKUP,5,A,50549.607500000006,50362.124399057415,51018.31525235648,187.48310094259068,53.13120188518202,1,0,0,1,1,1,False,-1,
48910,2026-05-22 17:35:00,17,1,MARKUP,4,B,50549.607500000006,50359.816054708215,51024.08611322948,189.7914452917903,57.747890583574915,0,0,1,0,1,1,False,-1,
48922,2026-05-22 18:35:00,18,1,MARKUP,5,A,50549.607500000006,50364.17225176959,51013.19562057605,185.43524823041662,49.035496460830274,0,1,0,1,1,1,False,-1,
48934,2026-05-22 19:35:00,19,1,MARKUP,5,A,50596.112,50444.61336684418,50974.858582889545,151.49863315581752,38.653266311637964,0,1,0,1,1,1,False,-1,
48946,2026-05-22 20:35:00,20,1,MARKUP,5,A,50669.6555,50526.05183811992,51028.6646547002,143.60366188007902,50.1763237601481,0,1,0,1,1,1,True,48963,2.321490243601124
49071,2026-05-25 08:00:00,8,1,MARKUP,3,C,50933.111,50871.76989491405,51086.46376271488,61.3411050859504,11.520210171899313,0,1,0,0,0,1,False,-1,
49083,2026-05-25 09:00:00,9,1,MARKUP,4,B,50947.9785,50877.944263489495,51123.064091276254,70.03423651050252,12.671473021007507,0,0,0,1,1,1,False,-1,
49095,2026-05-25 10:00:00,10,1,MARKUP,4,B,50982.741,50933.94952979784,51104.7196755054,48.79147020215896,13.160940404316,0,0,0,1,1,1,True,49098,2.5
49108,2026-05-25 11:05:00,11,1,MARKUP,5,A,50996.4615,50938.34459890026,51141.75375274935,58.11690109974006,22.070802199474016,0,1,0,1,1,1,False,-1,
49131,2026-05-25 13:00:00,13,1,MARKUP,5,A,50999.7085,50941.83268289871,51144.39804275322,57.8758171012887,15.094634202576112,0,1,0,1,1,1,False,-1,
49143,2026-05-25 14:00:00,14,1,MARKUP,4,B,51002.7645,50942.3364820563,51153.834544859244,60.42801794369734,14.087035887397768,0,0,0,1,1,1,False,-1,
49155,2026-05-25 15:00:00,15,1,MARKUP,4,B,51008.8765,50941.91557045573,51176.27882386067,66.9609295442715,14.928859088542543,0,1,0,1,0,1,False,-1,
49167,2026-05-25 16:00:00,16,1,MARKUP,4,B,51057.6155,50993.39903738449,51218.15665653876,64.21646261550632,17.4619252310063,1,0,0,1,0,1,True,49176,-1.0
49180,2026-05-25 17:05:00,17,1,MARKUP,3,C,51073.528999999995,51016.895025711965,51215.113935720074,56.633974288030004,21.96994857605935,1,0,0,0,0,1,True,49190,-1.0
49193,2026-05-25 18:10:00,18,1,MARKUP,5,A,51079.3435,51007.091980414836,51259.97229896292,72.25151958516653,30.476039170328157,0,1,1,0,1,1,True,49196,-1.0
49214,2026-05-25 19:55:00,19,1,MARKUP,6,A+,51079.3435,51009.59920902329,51253.70422744178,69.74429097671236,25.461581953428677,0,1,1,1,1,1,True,49215,-1.0
49299,2026-05-26 08:00:00,8,-1,MARKDOWN,4,B,50939.748,50970.772030868786,50862.18792282803,31.024030868786213,11.624061737567024,0,0,1,0,1,1,True,49300,-1.0
49323,2026-05-26 10:00:00,10,-1,MARKDOWN,6,A+,50954.860799999995,50997.06311623394,50849.35500941513,42.202316233946476,19.006232467889213,0,1,1,1,1,1,False,-1,
49335,2026-05-26 11:00:00,11,-1,MARKDOWN,5,A,50945.157999999996,50999.628596970346,50808.98150757412,54.470596970350016,24.137193940690334,0,1,0,1,1,1,False,-1,
49359,2026-05-26 13:00:00,13,-1,MARKDOWN,6,A+,50925.867,50998.15020516344,50745.1589870914,72.28320516343956,21.180410326878494,0,1,1,1,1,1,True,49375,2.5
49371,2026-05-26 14:00:00,14,-1,MARKDOWN,4,B,50925.1985,50999.63468303171,50739.10804242072,74.43618303171388,24.149366063429927,0,0,0,1,1,1,True,49375,2.5
49394,2026-05-26 15:55:00,15,-1,MARKDOWN,6,A+,50892.4445,50945.59260711749,50759.574232206265,53.148107117493055,22.06521423499287,0,1,1,1,1,1,False,-1,
49406,2026-05-26 16:55:00,16,-1,MARKDOWN,6,A+,50824.047399999996,50960.658967888325,50482.51848027918,136.61156788832886,52.19793577665283,0,1,1,1,1,1,False,-1,
49418,2026-05-26 17:55:00,17,-1,MARKDOWN,5,A,50771.4269,50961.56699556815,50296.07666107961,190.1400955681529,54.013991136310786,0,1,0,1,1,1,False,-1,
49430,2026-05-26 18:55:00,18,-1,MARKDOWN,4,B,50756.8154,50955.24142453031,50260.75033867423,198.4260245303085,41.36284906062622,0,1,0,0,1,1,False,-1,
49442,2026-05-26 19:55:00,19,-1,MARKDOWN,6,A+,50723.1979,50925.784426940445,50216.731582648885,202.58652694044576,33.44885388089537,0,1,1,1,1,1,False,-1,
49454,2026-05-26 20:55:00,20,-1,MARKDOWN,6,A+,50681.0344,50872.354443258475,50202.734291853805,191.3200432584781,30.588886516957814,0,1,1,1,1,1,False,-1,
49575,2026-05-27 08:00:00,8,1,MARKUP,5,A,50550.388,50529.10593926687,50603.59315183283,21.282060733130493,8.948121466264958,0,1,0,1,1,1,False,-1,
49587,2026-05-27 09:00:00,9,1,MARKUP,5,A,50563.949,50528.07075839643,50653.64460400892,35.87824160356831,11.018483207132618,0,1,0,1,1,1,False,-1,
49599,2026-05-27 10:00:00,10,1,MARKUP,6,A+,50569.0712,50527.698698990665,50672.50245252333,41.372501009333064,12.76260201867096,0,1,1,1,1,1,False,-1,
49611,2026-05-27 11:00:00,11,1,MARKUP,5,A,50582.4412,50526.85122659555,50721.41613351113,55.589973404450575,14.457546808906615,0,1,1,0,1,1,False,-1,
49635,2026-05-27 13:00:00,13,1,MARKUP,5,A,50640.8722,50558.37704932135,50847.11007669661,82.49515067864559,14.405901357301328,0,1,0,1,1,1,True,49653,-1.0
49647,2026-05-27 14:00:00,14,1,MARKUP,3,C,50652.367,50577.16144265153,50840.38089337117,75.20555734846857,14.037114696936587,0,0,0,0,1,1,True,49652,-1.0
49670,2026-05-27 15:55:00,15,-1,MARKDOWN,5,A,50652.282,50780.35662211061,50332.095444723476,128.0746221106092,35.353244221215206,0,1,0,1,1,1,True,49677,-1.0
49685,2026-05-27 17:10:00,17,1,MARKUP,6,A+,50601.0579,50443.57988366968,50994.752940825805,157.47801633032213,60.20023266065165,0,1,1,1,1,1,False,-1,
49697,2026-05-27 18:10:00,18,1,MARKUP,5,A,50621.9724,50445.431566374435,51063.32448406391,176.54083362556412,56.49686725112652,0,1,0,1,1,1,True,49704,0.5447328984747416
49709,2026-05-27 19:10:00,19,1,MARKUP,5,A,50621.9724,50449.96804566032,51051.9832858492,172.00435433968232,47.42390867936501,1,0,1,0,1,1,False,-1,
49851,2026-05-28 08:00:00,8,-1,MARKDOWN,6,A+,50688.104999999996,50771.134587662156,50480.53103084459,83.02958766216034,18.989175324319948,0,1,1,1,1,1,True,49874,2.5
49892,2026-05-28 11:25:00,11,-1,MARKDOWN,6,A+,50653.8678,50717.29031395114,50495.31151512215,63.42251395113999,22.100627902280667,0,1,1,1,1,1,True,49899,2.5
49919,2026-05-28 13:40:00,13,-1,MARKDOWN,6,A+,50672.9105,50714.41879010872,50569.13977472819,41.508290108722576,16.357580217452607,0,1,1,1,1,1,False,-1,
49931,2026-05-28 14:40:00,14,-1,MARKDOWN,4,B,50646.5525,50716.43712672469,50471.84093318827,69.88462672469177,20.394253449389634,0,0,0,1,1,1,True,49947,2.5
49943,2026-05-28 15:40:00,15,-1,MARKDOWN,4,B,50638.704,50707.37887569182,50467.01681077044,68.67487569182413,24.27775138364537,1,0,0,0,1,1,True,49944,2.5
49955,2026-05-28 16:40:00,16,-1,MARKDOWN,5,A,50551.828499999996,50693.56427747094,50197.489056322636,141.73577747094532,44.148554941885024,1,0,0,1,1,1,True,49956,-1.0
49979,2026-05-28 18:40:00,18,1,MARKUP,6,A+,50535.9464,50331.61208842824,51046.782178929396,204.334311571758,53.25582314350458,0,1,1,1,1,1,False,-1,
49991,2026-05-28 19:40:00,19,1,MARKUP,5,A,50535.9464,50338.61738333153,51029.268941671166,197.32901666846737,39.24523333692743,0,1,0,1,1,1,False,-1,
50003,2026-05-28 20:40:00,20,1,MARKUP,3,C,50535.9464,50343.69263372582,51016.580815685455,192.25376627418154,29.09473254835619,0,0,0,1,0,1,False,-1,
50127,2026-05-29 08:00:00,8,1,MARKUP,4,B,50714.526999999995,50674.207014056155,50815.32696485959,40.31998594383913,9.205971887687323,0,1,0,0,1,1,False,-1,
50139,2026-05-29 09:00:00,9,1,MARKUP,4,B,50714.526999999995,50673.41573056587,50817.305173585315,41.11126943412819,10.788538868257627,0,0,0,1,1,1,False,-1,
50151,2026-05-29 10:00:00,10,1,MARKUP,5,A,50730.0712,50693.56355921946,50821.34030195135,36.50764078053908,14.492881561071409,0,1,0,1,1,1,True,50158,2.5
50163,2026-05-29 11:00:00,11,1,MARKUP,6,A+,50747.004,50712.67589760546,50832.82425598634,34.32810239453829,17.46820478908902,0,1,1,1,1,1,True,50173,2.5
50187,2026-05-29 13:00:00,13,1,MARKUP,3,C,50768.58700000001,50711.93627445137,50910.213813871596,56.65072554863582,18.947451097270424,0,0,0,1,0,1,False,-1,
50199,2026-05-29 14:00:00,14,1,MARKUP,5,A,50768.58700000001,50713.51477872842,50906.26755317897,55.07222127158457,15.790442543159479,0,1,1,0,1,1,False,-1,
50211,2026-05-29 15:00:00,15,1,MARKUP,6,A+,50782.339,50711.60788211706,50959.16679470735,70.73111788294045,19.60423576588591,0,1,1,1,1,1,True,50228,-1.0
50223,2026-05-29 16:00:00,16,1,MARKUP,6,A+,50795.317,50731.218550915546,50955.563122711144,64.09844908445666,22.382898168908156,0,1,1,1,1,1,True,50226,-1.0
50235,2026-05-29 17:00:00,17,1,MARKUP,5,A,50794.3914,50686.40568247845,51064.35569380388,107.98571752155112,42.00863504311157,0,1,0,1,1,1,False,-1,
50247,2026-05-29 18:00:00,18,1,MARKUP,6,A+,50840.6134,50681.34661223298,51238.78036941757,159.26678776702465,52.12677553405297,0,1,1,1,1,1,False,-1,
50259,2026-05-29 19:00:00,19,1,MARKUP,5,A,50863.915400000005,50685.21301389863,51310.67136525344,178.70238610137312,44.39397220273843,0,1,0,1,1,1,False,-1,
50271,2026-05-29 20:00:00,20,1,MARKUP,3,C,50863.915400000005,50688.252669398,51303.07222650501,175.66273060200183,38.314661204001716,0,0,0,1,0,1,False,-1,
50428,2026-06-01 10:05:00,10,1,MARKUP,5,A,51081.8383,51046.301451241634,51170.68042189593,35.53684875836916,13.277097516742577,0,1,1,0,1,1,True,50430,2.5
50440,2026-06-01 11:05:00,11,1,MARKUP,6,A+,51079.6753,51040.619000819184,51177.316047952045,39.056299180818314,17.64199836162978,0,1,1,1,1,1,False,-1,
50463,2026-06-01 13:00:00,13,1,MARKUP,5,A,51123.739,51039.29774375504,51334.842140612396,84.44125624495791,20.284512489924577,0,1,0,1,1,1,False,-1,
50475,2026-06-01 14:00:00,14,1,MARKUP,6,A+,51155.636000000006,51038.00049488662,51449.72476278347,117.6355051133869,22.879010226763146,0,1,1,1,1,1,True,50494,-1.0
50487,2026-06-01 15:00:00,15,1,MARKUP,4,B,51163.5625,51036.992953325585,51479.98636668603,126.5695466744146,24.894093348838965,0,0,0,1,1,1,True,50493,-1.0
50507,2026-06-01 16:40:00,16,-1,MARKDOWN,5,A,51147.5445,51378.764739623824,50569.49390094045,231.22023962382082,61.149479247648294,0,1,0,1,1,1,False,-1,
50519,2026-06-01 17:40:00,17,-1,MARKDOWN,5,A,51147.5445,51377.02985126296,50573.83112184261,229.4853512629561,57.67970252592168,0,1,0,1,1,1,False,-1,
50531,2026-06-01 18:40:00,18,-1,MARKDOWN,4,B,51134.5374,51373.35653224257,50537.489569393576,238.81913224257005,50.33306448514021,0,0,0,1,1,1,False,-1,
50543,2026-06-01 19:40:00,19,-1,MARKDOWN,4,B,51119.2419,51343.4217113687,50558.79237157826,224.1798113686964,39.963422737395724,0,1,0,0,1,1,False,-1,
50708,2026-06-02 10:25:00,10,1,MARKUP,5,A,50906.5227,50842.18005305217,51067.379317369574,64.34264694782905,14.199893895648396,0,1,0,1,1,1,True,50731,-1.0
50720,2026-06-02 11:25:00,11,1,MARKUP,3,C,50933.6092,50856.91292388204,51125.3498902949,76.69627611796022,19.23415223591486,0,0,0,1,0,1,True,50730,-1.0
50739,2026-06-02 13:00:00,13,-1,MARKDOWN,5,A,50972.797,51052.21578094272,50774.25004764319,79.41878094272397,20.171561885454203,0,1,1,1,0,1,False,-1,
50751,2026-06-02 14:00:00,14,-1,MARKDOWN,6,A+,50972.797,51050.96382565958,50777.379935851044,78.16682565958035,17.667651319165316,0,1,1,1,1,1,False,-1,
50763,2026-06-02 15:00:00,15,-1,MARKDOWN,6,A+,50968.3085,51050.94274567539,50761.72288581152,82.63424567539187,17.62549135078501,0,1,1,1,1,1,True,50781,-1.0
50775,2026-06-02 16:00:00,16,-1,MARKDOWN,4,B,50959.2135,51052.8569902431,50725.10477439225,93.64349024309922,22.45398048619755,0,1,0,1,0,1,True,50781,-1.0
50787,2026-06-02 17:00:00,17,1,MARKUP,5,A,50980.2914,50767.62917958715,51511.94695103213,212.66222041285073,68.00164082569528,1,0,0,1,1,1,True,50788,1.6146666734381878
50799,2026-06-02 18:00:00,18,1,MARKUP,6,A+,50980.2914,50773.40776380233,51497.50049049418,206.88363619767188,56.44447239533765,0,1,1,1,1,1,False,-1,
50811,2026-06-02 19:00:00,19,1,MARKUP,5,A,50994.0434,50778.625986441686,51532.58693389579,215.41741355831618,46.0080271166209,0,1,0,1,1,1,False,-1,
50823,2026-06-02 20:00:00,20,1,MARKUP,5,A,50994.0434,50784.02883798117,51519.07980504709,210.0145620188341,35.20232403766268,0,1,1,0,1,1,False,-1,
50980,2026-06-03 10:05:00,10,-1,MARKDOWN,6,A+,51320.791699999994,51361.93046978871,51217.9447755282,41.13876978871849,13.020939577423874,0,1,1,1,1,1,False,-1,
50992,2026-06-03 11:05:00,11,-1,MARKDOWN,4,B,51299.5877,51360.56228338705,51147.15124153236,60.974583387054736,16.784566774106118,0,1,0,0,1,1,False,-1,
51015,2026-06-03 13:00:00,13,-1,MARKDOWN,5,A,51270.392199999995,51350.987168169035,51068.904779577395,80.59496816903993,17.634336338070675,0,1,0,1,1,1,False,-1,
51027,2026-06-03 14:00:00,14,-1,MARKDOWN,3,C,51242.1305,51316.23385254698,51056.87211863254,74.10335254698293,20.42770509397123,0,0,0,1,0,1,True,51033,2.5
51042,2026-06-03 15:15:00,15,-1,MARKDOWN,4,B,51226.526,51289.6770377759,51068.648405560234,63.151037775904115,17.814075551805196,0,0,1,1,0,1,True,51058,2.5
51054,2026-06-03 16:15:00,16,-1,MARKDOWN,6,A+,51194.234,51262.75705391533,51022.926365211664,68.52305391533446,23.974107830661755,0,1,1,1,1,1,True,51057,2.5
51066,2026-06-03 17:15:00,17,-1,MARKDOWN,6,A+,51124.7864,51279.07425732685,50739.06675668286,154.28785732685355,56.60851465370817,0,1,1,1,1,1,False,-1,
51078,2026-06-03 18:15:00,18,-1,MARKDOWN,5,A,51113.3264,51276.5783936741,50705.196415814746,163.25199367410096,51.61678734819754,0,1,0,1,1,1,False,-1,
51090,2026-06-03 19:15:00,19,-1,MARKDOWN,6,A+,51095.3724,51272.355246071136,50652.91528482216,176.982846071136,43.170492142278825,0,1,1,1,1,1,False,-1,
51102,2026-06-03 20:15:00,20,-1,MARKDOWN,6,A+,51081.282,51246.64392082163,50667.87719794591,165.36192082163325,37.34784164326497,0,1,1,1,1,1,False,-1,
51232,2026-06-04 08:05:00,8,-1,MARKDOWN,6,A+,50765.19,50808.989588697485,50655.6910282563,43.79958869748225,15.01917739496049,0,1,1,1,1,1,True,51243,-1.0
51261,2026-06-04 10:30:00,10,1,MARKUP,6,A+,50780.1912,50702.022275086696,50975.613512283264,78.16892491330509,21.415449826613152,0,1,1,1,1,1,False,-1,
51273,2026-06-04 11:30:00,11,1,MARKUP,6,A+,50809.161700000004,50704.31340580669,51071.282435483285,104.84829419331072,26.833188386622112,0,1,1,1,1,1,False,-1,
51291,2026-06-04 13:00:00,13,1,MARKUP,5,A,50839.7897,50713.588074010935,51155.29376497267,126.20162598906609,28.28385197813209,0,1,0,1,1,1,False,-1,
51303,2026-06-04 14:00:00,14,1,MARKUP,6,A+,50853.293000000005,50736.13386723637,51146.19083190909,117.15913276363426,26.89226552726483,0,1,1,1,1,1,False,-1,
51315,2026-06-04 15:00:00,15,1,MARKUP,5,A,50965.3165,50814.98623033319,51341.14217416703,150.33026966681064,32.68753933361664,0,1,0,1,1,1,False,-1,
51327,2026-06-04 16:00:00,16,1,MARKUP,5,A,51012.5535,50831.51697993589,51465.14480016028,181.03652006410994,34.12604012821761,0,1,0,1,1,1,False,-1,
51339,2026-06-04 17:00:00,17,1,MARKUP,5,A,51102.3214,50822.448039639676,51802.00480090082,279.873360360325,57.263920720656415,0,1,0,1,1,1,False,-1,
51351,2026-06-04 18:00:00,18,1,MARKUP,6,A+,51158.1204,50901.96636550138,51798.50548624655,256.1540344986206,52.227268997238596,0,1,1,1,1,1,False,-1,
51363,2026-06-04 19:00:00,19,1,MARKUP,5,A,51242.0889,50980.760515126094,51895.40986218477,261.32838487390836,42.13896974781735,0,1,0,1,1,1,False,-1,
51375,2026-06-04 20:00:00,20,1,MARKUP,5,A,51344.0374,51119.60083841126,51905.128803971864,224.43656158874364,31.958323177484665,0,1,0,1,1,1,False,-1,
51511,2026-06-05 08:20:00,8,1,MARKUP,5,A,51566.681000000004,51535.53569550436,51644.54426123911,31.14530449564336,12.248608991284156,0,1,1,0,1,1,False,-1,
51523,2026-06-05 09:20:00,9,1,MARKUP,5,A,51581.2352,51533.95800770117,51699.42818074708,47.27719229883223,15.40398459765861,0,1,0,1,1,1,False,-1,
51535,2026-06-05 10:20:00,10,1,MARKUP,6,A+,51582.4712,51533.64025650985,51704.54855872538,48.830943490153004,20.039486980320316,0,1,1,1,1,1,False,-1,
51547,2026-06-05 11:20:00,11,1,MARKUP,3,C,51596.4092,51543.40128666079,51728.928983348036,53.0079133392137,21.517426678431026,0,0,0,0,1,1,False,-1,
51567,2026-06-05 13:00:00,13,1,MARKUP,4,B,51649.339700000004,51559.62430435888,51873.62818910282,89.71539564112754,24.071391282248744,0,0,0,1,1,1,False,-1,
51579,2026-06-05 14:00:00,14,1,MARKUP,5,A,51661.298,51581.554775107856,51860.656062230366,79.74322489214683,18.910449784299708,0,0,1,1,1,1,True,51583,-1.0
51599,2026-06-05 15:40:00,15,1,MARKUP,5,A,51662.843,51577.18264766995,51876.99388082513,85.66035233005096,32.654704660100656,0,1,1,0,1,1,True,51601,-1.0
51613,2026-06-05 16:50:00,16,-1,MARKDOWN,5,A,51634.223900000005,51805.22277179664,51206.72672050842,170.99887179663347,60.42554359327262,0,1,0,1,1,1,False,-1,
51625,2026-06-05 17:50:00,17,-1,MARKDOWN,6,A+,51597.4734,51759.48246437203,51192.450739069944,162.00906437202502,59.44492874404528,0,1,1,1,1,1,False,-1,
51637,2026-06-05 18:50:00,18,-1,MARKDOWN,6,A+,51560.0374,51753.730977288265,51075.80345677934,193.69357728826435,47.94195457651991,0,1,1,1,1,1,False,-1,
51649,2026-06-05 19:50:00,19,-1,MARKDOWN,5,A,51488.7774,51751.56709466317,50831.80316334206,262.7896946631736,48.614189326340465,0,1,0,1,1,1,False,-1,
51661,2026-06-05 20:50:00,20,-1,MARKDOWN,4,B,51482.2884,51740.087542515896,50837.79054371025,257.799142515898,46.65508503178831,0,1,0,0,1,1,False,-1,
51785,2026-06-08 08:10:00,8,-1,MARKDOWN,6,A+,50797.162,50902.129025135015,50534.74443716245,104.96702513501805,27.338050270028216,0,1,1,1,1,1,False,-1,
51797,2026-06-08 09:10:00,9,-1,MARKDOWN,6,A+,50771.206,50862.26645806563,50543.55485483592,91.06045806562906,31.612916131263432,0,1,1,1,1,1,True,51801,-1.0
51854,2026-06-08 13:55:00,13,1,MARKUP,6,A+,50778.2535,50658.14318502325,51078.52928744188,120.1103149767514,38.3336299534949,0,1,1,1,1,1,False,-1,
51866,2026-06-08 14:55:00,14,1,MARKUP,5,A,50855.691999999995,50690.50164200377,51268.667894990554,165.1903579962236,43.11671599245044,0,1,0,1,1,1,False,-1,
51878,2026-06-08 15:55:00,15,1,MARKUP,5,A,50861.613,50692.8886438438,51283.42389039049,168.72435615619906,38.342712312402355,0,1,0,1,1,1,False,-1,
51890,2026-06-08 16:55:00,16,1,MARKUP,3,C,50944.793999999994,50683.51543768442,51597.99040578892,261.27856231557234,74.08912463115371,1,0,0,0,0,1,True,51909,-0.9528680722733535
51902,2026-06-08 17:55:00,17,1,MARKUP,4,B,50976.1575,50733.74885590088,51582.17911024781,242.4086440991232,75.12228819824641,0,1,1,0,0,1,True,51909,-1.0
51938,2026-06-08 20:55:00,20,-1,MARKDOWN,5,A,51113.9624,51334.64783075406,50562.24882311484,220.68543075406342,54.17566150812209,0,1,1,1,0,1,False,-1,
52059,2026-06-09 08:00:00,8,1,MARKUP,6,A+,50761.007000000005,50656.28438846821,51022.8135288295,104.72261153179716,19.59122306358772,0,1,1,1,1,1,False,-1,
52071,2026-06-09 09:00:00,9,1,MARKUP,4,B,50776.2485,50669.54247460645,51043.01356348387,106.70602539354877,21.075050787103162,0,0,0,1,1,1,False,-1,
52083,2026-06-09 10:00:00,10,1,MARKUP,6,A+,50855.816,50795.6689927107,51006.183518223246,60.14700728929893,26.322014578604772,0,1,1,1,1,1,True,52086,2.5
52098,2026-06-09 11:15:00,11,1,MARKUP,6,A+,50862.958,50797.628848206725,51026.28087948318,65.32915179327392,32.102303586554044,0,1,1,1,1,1,True,52120,2.5
52119,2026-06-09 13:00:00,13,1,MARKUP,4,B,50877.474,50801.555849061784,51067.26937734555,75.91815093821788,24.248301876434077,0,1,0,1,0,1,True,52120,2.5
52131,2026-06-09 14:00:00,14,1,MARKUP,5,A,50891.608,50798.97860265428,51123.1814933643,92.62939734572137,29.40279469144969,0,1,0,1,1,1,False,-1,
52144,2026-06-09 15:05:00,15,1,MARKUP,6,A+,50891.608,50800.38238069283,51119.67204826794,91.22561930717347,26.59523861434379,0,1,1,1,1,1,False,-1,
52156,2026-06-09 16:05:00,16,1,MARKUP,5,A,50925.138,50814.675053993444,51201.29536501638,110.46294600655528,34.50989201311377,0,1,0,1,1,1,True,52170,-1.0
52168,2026-06-09 17:05:00,17,1,MARKUP,5,A,51009.3499,50801.53079374805,51528.89766562989,207.8191062519545,60.79841250390261,0,1,0,1,1,1,True,52170,-1.0
52186,2026-06-09 18:35:00,18,-1,MARKDOWN,5,A,50980.3705,51349.37511666026,50057.858958349345,369.0046166602624,105.99023332052397,0,1,0,1,1,1,False,-1,
52198,2026-06-09 19:35:00,19,-1,MARKDOWN,6,A+,50900.9145,51355.69112403655,49763.97293990862,454.7766240365527,118.6222480731034,0,1,1,1,1,1,False,-1,
52210,2026-06-09 20:35:00,20,-1,MARKDOWN,4,B,50895.375499999995,51346.36072472705,49767.912438182364,450.9852247270537,99.96144945410508,0,0,0,1,1,1,True,52222,0.20478608818258612
52335,2026-06-10 08:00:00,8,-1,MARKDOWN,6,A+,50825.591,50896.52401180499,50648.25847048752,70.93301180499111,20.008023609995217,0,1,1,1,1,1,True,52343,2.5
52351,2026-06-10 09:20:00,9,-1,MARKDOWN,4,B,50825.691999999995,50897.293780858425,50646.68754785392,71.60178085842927,25.547561716854645,0,0,1,0,1,1,False,-1,
52363,2026-06-10 10:20:00,10,-1,MARKDOWN,6,A+,50814.259,50878.77055017683,50652.98012455792,64.5115501768305,25.50110035365903,0,1,1,1,1,1,False,-1,
52375,2026-06-10 11:20:00,11,-1,MARKDOWN,6,A+,50767.838,50859.797371657114,50537.93957085723,91.95937165711075,30.354743314219327,0,1,1,1,1,1,False,-1,
52395,2026-06-10 13:00:00,13,-1,MARKDOWN,6,A+,50696.595,50865.17235369759,50275.151615756025,168.5773536975903,41.104707395179396,0,1,1,1,1,1,False,-1,
52407,2026-06-10 14:00:00,14,-1,MARKDOWN,5,A,50649.418000000005,50873.113077453214,50090.18030636698,223.6950774532088,56.98615490641643,0,1,1,0,1,1,True,52425,2.5
52419,2026-06-10 15:00:00,15,-1,MARKDOWN,5,A,50604.5245,50825.71225887016,50051.5551028246,221.1877588701609,60.18451774031799,0,0,1,1,1,1,True,52425,2.5
52454,2026-06-10 17:55:00,17,-1,MARKDOWN,5,A,50611.1371,50849.240075157046,50015.879662107385,238.10297515704588,85.84015031409761,0,1,1,0,1,1,False,-1,
52466,2026-06-10 18:55:00,18,-1,MARKDOWN,5,A,50565.278,50857.189176698506,49835.50005825373,291.9111766985079,101.73835339701249,0,1,0,1,1,1,False,-1,
52478,2026-06-10 19:55:00,19,-1,MARKDOWN,4,B,50565.278,50847.59913761342,49859.475155966444,282.32113761342043,82.55827522683624,0,1,0,0,1,1,False,-1,
52490,2026-06-10 20:55:00,20,-1,MARKDOWN,4,B,50541.212,50844.3154706879,49783.45332328025,303.10347068789997,75.99094137580411,0,0,0,1,1,1,False,-1,
52616,2026-06-11 08:25:00,8,1,MARKUP,5,A,49959.942,49821.866880717396,50305.129798206515,138.07511928260647,23.266238565213968,0,1,0,1,1,1,False,-1,
52628,2026-06-11 09:25:00,9,1,MARKUP,5,A,50030.703,49934.10868405202,50272.18878986995,96.59431594797934,27.782631895957543,0,1,1,0,1,1,False,-1,
52640,2026-06-11 10:25:00,10,1,MARKUP,6,A+,50078.4912,49932.25668748813,50444.07748127966,146.23451251186634,31.486625023732696,0,1,1,1,1,1,False,-1,
52652,2026-06-11 11:25:00,11,1,MARKUP,5,A,50123.1377,49983.98508655075,50471.01923362313,139.15261344925239,32.02982689850708,0,1,0,1,1,1,False,-1,
52671,2026-06-11 13:00:00,13,1,MARKUP,4,B,50168.2465,50018.81422851151,50541.82717872123,149.4322714884911,27.071542976972474,0,1,0,0,1,1,False,-1,
52683,2026-06-11 14:00:00,14,1,MARKUP,3,C,50168.2465,50021.354213924424,50535.47721518895,146.89228607557743,21.9915721511462,0,0,0,0,1,1,True,52699,2.5
52695,2026-06-11 15:00:00,15,1,MARKUP,5,A,50251.985499999995,50153.71147133498,50497.67057166253,98.27402866501507,28.277057330042457,0,1,0,1,1,1,True,52699,-1.0
52717,2026-06-11 16:50:00,16,1,MARKUP,6,A+,50231.4809,50071.67139999794,50631.004650005154,159.80950000206212,71.35720000411497,0,1,1,1,1,1,True,52721,2.5
52733,2026-06-11 18:10:00,18,1,MARKUP,6,A+,50216.154500000004,50038.818352835944,50659.49486791015,177.3361471640601,87.46329432811251,1,0,1,1,1,1,True,52734,2.5
52745,2026-06-11 19:10:00,19,1,MARKUP,5,A,50216.154500000004,50041.20820681241,50653.52023296899,174.9462931875969,82.68358637519486,0,1,1,0,1,1,True,52754,2.5
52760,2026-06-11 20:25:00,20,1,MARKUP,5,A,50294.560000000005,50033.01976216492,50948.410594587716,261.54023783508455,99.06047567015868,0,1,1,0,1,1,False,-1,
52887,2026-06-12 08:00:00,8,1,MARKUP,4,B,50877.368,50828.42210065559,50999.732748361035,48.94589934441319,18.435798688816057,0,1,0,0,1,1,True,52894,-1.0
52899,2026-06-12 09:00:00,9,1,MARKUP,5,A,50874.693999999996,50824.51560670702,51000.13998323244,50.17839329297567,26.2487865859569,0,1,1,0,1,1,True,52907,-1.0
52922,2026-06-12 10:55:00,10,1,MARKUP,5,A,50900.066999999995,50807.17862606185,51132.28793484537,92.88837393814902,34.12274787629589,0,1,1,0,1,1,False,-1,
52934,2026-06-12 11:55:00,11,1,MARKUP,5,A,50968.254,50803.04269079769,51381.28227300578,165.2113092023137,42.394618404622285,0,1,0,1,1,1,False,-1,
52947,2026-06-12 13:00:00,13,1,MARKUP,5,A,51020.778999999995,50802.39279402991,51566.7445149252,218.38620597008412,43.6944119401737,0,1,0,1,1,1,False,-1,
52959,2026-06-12 14:00:00,14,1,MARKUP,4,B,51020.778999999995,50804.4223449136,51561.670637715986,216.35665508639795,39.63531017280378,0,0,1,1,0,1,True,52983,2.318629855872381
52971,2026-06-12 15:00:00,15,1,MARKUP,4,B,51020.778999999995,50804.725647339015,51560.912381652444,216.05335266097973,39.02870532196308,0,0,0,1,1,1,True,52983,2.3218848206774707
52986,2026-06-12 16:15:00,16,1,MARKUP,6,A+,51135.727,50988.73354585897,51503.21063535256,146.99345414102572,43.01290828204691,0,1,1,1,1,1,True,52989,-1.0
53005,2026-06-12 17:50:00,17,1,MARKUP,6,A+,51022.32,50794.62776659604,51591.5505835099,227.69223340396275,100.12446680793725,0,1,1,1,1,1,False,-1,
53017,2026-06-12 18:50:00,18,1,MARKUP,5,A,51069.783500000005,50797.4007109452,51750.740472637015,272.38278905480547,94.57857810960716,0,1,0,1,1,1,True,53019,2.033522389289241
53029,2026-06-12 19:50:00,19,1,MARKUP,5,A,51069.783500000005,50802.58479504951,51737.78026237625,267.1987049504969,84.21040990098373,0,0,1,1,1,1,False,-1,
53041,2026-06-12 20:50:00,20,1,MARKUP,6,A+,51069.783500000005,50814.19499230942,51708.75476922646,255.58850769058336,60.99001538116491,0,1,1,1,1,1,False,-1,
53163,2026-06-15 08:00:00,8,1,MARKUP,5,A,51605.2265,51528.88379738409,51796.08325653976,76.34270261590427,14.592405231810671,0,1,1,1,0,1,False,-1,
53175,2026-06-15 09:00:00,9,1,MARKUP,6,A+,51666.8535,51599.07157833427,51836.308304164326,67.7819216657299,17.716843331459252,0,1,1,1,1,1,False,-1,
53187,2026-06-15 10:00:00,10,1,MARKUP,5,A,51679.4032,51614.54089706311,51841.558957342226,64.86230293689005,20.77820587377734,0,0,1,1,1,1,True,53200,2.5
53237,2026-06-15 14:10:00,14,1,MARKUP,5,A,51676.220499999996,51608.76650253455,51844.855493663614,67.45399746544717,22.026994930895953,0,1,1,0,1,1,True,53251,2.5
53249,2026-06-15 15:10:00,15,1,MARKUP,5,A,51676.125,51606.729129572865,51849.61467606784,69.39587042713538,26.10174085427495,0,1,0,1,1,1,True,53251,2.5
53261,2026-06-15 16:10:00,16,1,MARKUP,6,A+,51689.0175,51605.620255938644,51897.5106101534,83.39724406135792,28.319488122703294,0,1,1,1,1,1,False,-1,
53273,2026-06-15 17:10:00,17,1,MARKUP,5,A,51733.3295,51593.59043558061,52082.67716104847,139.73906441938743,52.37912883877325,1,0,0,1,1,1,False,-1,
53285,2026-06-15 18:10:00,18,1,MARKUP,5,A,51743.9199,51605.80965675593,52089.19550811017,138.11024324406753,47.44068648812939,0,1,0,1,1,1,False,-1,
53297,2026-06-15 19:10:00,19,1,MARKUP,6,A+,51780.1639,51639.69150384944,52131.34489037639,140.47239615055878,39.17699230111591,0,1,1,1,1,1,False,-1,
53309,2026-06-15 20:10:00,20,1,MARKUP,5,A,51785.1299,51641.52018592805,52144.154185179876,143.6097140719503,35.519628143891396,0,1,1,0,1,1,False,-1,
53458,2026-06-16 09:35:00,9,1,MARKUP,6,A+,51756.2855,51722.17188919677,51841.569527008076,34.113610803229676,14.55622160646162,0,1,1,1,1,1,False,-1,
53470,2026-06-16 10:35:00,10,1,MARKUP,6,A+,51776.4742,51721.801260720116,51913.156548199695,54.672939279880666,15.297478559758959,0,1,1,1,1,1,True,53482,2.5
53482,2026-06-16 11:35:00,11,1,MARKUP,4,B,51777.1427,51719.346453339414,51921.63331665145,57.796246660582256,20.207093321167093,1,0,0,0,1,1,True,53483,2.5
53524,2026-06-16 15:05:00,15,1,MARKUP,5,A,51788.946500000005,51739.187723009694,51913.34344247579,49.75877699031116,18.724553980614758,0,1,1,0,1,1,False,-1,
53536,2026-06-16 16:05:00,16,1,MARKUP,5,A,51805.181500000006,51738.284631279836,51972.42367180043,66.89686872017046,20.53073744033809,0,1,0,1,1,1,False,-1,
53548,2026-06-16 17:05:00,17,1,MARKUP,6,A+,51902.9544,51722.786677299075,52353.37370675232,180.1677227009277,51.52664540186312,0,1,1,1,1,1,False,-1,
53560,2026-06-16 18:05:00,18,1,MARKUP,5,A,51916.2414,51743.89077334474,52347.11796663814,172.35062665525766,52.318453310526124,0,1,0,1,1,1,False,-1,
53572,2026-06-16 19:05:00,19,1,MARKUP,6,A+,51941.0714,51747.57089201644,52424.8226699589,193.50050798356096,44.958215967130116,0,1,1,1,1,1,False,-1,
53584,2026-06-16 20:05:00,20,1,MARKUP,5,A,51975.4534,51785.633800373005,52450.00239906748,189.8195996269933,36.832399254001054,0,1,0,1,1,1,False,-1,
53746,2026-06-17 10:35:00,10,-1,MARKDOWN,5,A,52132.1437,52173.631206642734,52028.424933393166,41.48750664273393,18.302413285462123,0,1,0,1,1,1,False,-1,
53758,2026-06-17 11:35:00,11,-1,MARKDOWN,6,A+,52107.982200000006,52175.70287973728,51938.68050065683,67.72067973727098,22.445759474545955,0,1,1,1,1,1,True,53769,-1.0
53775,2026-06-17 13:00:00,13,-1,MARKDOWN,5,A,52102.9455,52166.39698812215,51944.316779694636,63.451488122147566,20.133976244297813,0,1,1,0,1,1,True,53785,-1.0
53793,2026-06-17 14:30:00,14,-1,MARKDOWN,4,B,52102.9455,52166.480287283135,51944.10853179217,63.53478728313348,20.300574566265933,0,0,1,1,0,1,True,53817,-1.0
53805,2026-06-17 15:30:00,15,-1,MARKDOWN,4,B,52078.071,52126.87751242766,51956.05471893087,48.806512427654525,21.59502485530846,0,1,0,0,1,1,True,53809,-1.0
53821,2026-06-17 16:50:00,16,1,MARKUP,6,A+,52119.7381,52008.99418075114,52396.597898122156,110.74391924886004,38.47163849771651,0,1,1,1,1,1,True,53832,-1.0
53833,2026-06-17 17:50:00,17,1,MARKUP,5,A,52152.4946,51999.40613338764,52535.2157665309,153.0884666123602,57.64773322472664,0,1,0,1,1,1,True,53837,-1.0
53845,2026-06-17 18:50:00,18,1,MARKUP,5,A,52152.4946,52002.682818933936,52527.024052665154,149.8117810660624,51.0943621321296,0,1,0,1,1,1,False,-1,
53857,2026-06-17 19:50:00,19,1,MARKUP,6,A+,52152.4946,52009.09931881755,52510.98280295612,143.39528118244925,38.2613623649075,0,1,1,1,1,1,True,53871,-1.0
53870,2026-06-17 20:55:00,20,1,MARKUP,5,A,52155.337400000004,52014.87608340369,52506.49069149079,140.46131659631646,35.9078331926248,0,0,1,1,1,1,True,53871,-1.0
54000,2026-06-18 08:45:00,8,-1,MARKDOWN,5,A,51857.2135,51893.44000878094,51766.647228047645,36.22650878094282,14.58001756188097,0,1,1,1,0,1,True,54013,-1.0
54017,2026-06-18 10:10:00,10,-1,MARKDOWN,5,A,51846.696,51895.16157384108,51725.53206539732,48.46557384107291,22.82314768214642,0,1,1,0,1,1,True,54019,-1.0
54037,2026-06-18 11:50:00,11,-1,MARKDOWN,6,A+,51861.764,51921.88403836091,51711.46390409773,60.12003836091026,26.26807672181968,0,1,1,1,1,1,True,54047,2.5
54057,2026-06-18 13:30:00,13,-1,MARKDOWN,6,A+,51852.978,51922.25411899936,51679.78770250162,69.27611899935437,27.00823799871826,0,1,1,1,1,1,False,-1,
54069,2026-06-18 14:30:00,14,-1,MARKDOWN,5,A,51810.576,51924.59180354178,51525.536491145554,114.01580354177713,31.68360708354919,0,1,0,1,1,1,True,54080,-1.0
54081,2026-06-18 15:30:00,15,-1,MARKDOWN,5,A,51803.318,51924.86731362673,51499.44471593317,121.54931362673233,32.234627253462065,1,0,0,1,1,1,True,54082,-1.0
54101,2026-06-18 17:10:00,17,-1,MARKDOWN,6,A+,51862.4915,52036.73130057587,51426.89199856031,174.23980057587323,64.46260115174007,0,1,1,1,1,1,False,-1,
54113,2026-06-18 18:10:00,18,-1,MARKDOWN,6,A+,51862.1859,52035.68649852973,51428.43440367567,173.5005985297321,62.37299705946195,0,1,1,1,1,1,False,-1,
54125,2026-06-18 19:10:00,19,-1,MARKDOWN,5,A,51862.1859,52031.675550009204,51438.46177497698,169.48965000920725,54.351100018414805,0,1,0,1,1,1,False,-1,
54137,2026-06-18 20:10:00,20,-1,MARKDOWN,4,B,51862.1859,52026.371430982115,51451.7220725447,164.1855309821185,43.74286196423375,0,0,0,1,1,1,False,-1,
54267,2026-06-19 08:00:00,8,-1,MARKDOWN,5,A,51559.1745,51648.68005463334,51335.41061341665,89.50555463333876,18.380109266678012,0,1,0,1,1,1,False,-1,
54279,2026-06-19 09:00:00,9,-1,MARKDOWN,4,B,51538.3705,51617.96098902792,51339.3942774302,79.59048902791983,19.941978055840064,0,0,0,1,1,1,True,54291,-1.0
54327,2026-06-19 13:00:00,13,1,MARKUP,4,B,51506.2847,51415.21185561374,51733.966810965634,91.07284438625356,21.056288772508054,0,0,0,1,1,1,True,54333,-1.0
54339,2026-06-19 14:00:00,14,-1,MARKDOWN,6,A+,51564.392,51648.898746152525,51353.12513461869,84.50674615252501,24.617492305053453,0,1,1,1,1,1,True,54361,-0.32184412769730125
54351,2026-06-19 15:00:00,15,-1,MARKDOWN,5,A,51568.594,51648.78826047377,51368.10834881557,80.19426047377056,24.396520947549206,0,1,0,1,1,1,True,54361,2.5
54387,2026-06-19 18:00:00,18,1,MARKUP,5,A,51499.824499999995,51413.42383333868,51715.82616665328,86.40066666131315,27.83233332262732,0,1,1,0,1,1,True,54411,-1.0
54399,2026-06-19 19:00:00,19,1,MARKUP,4,B,51499.824499999995,51414.7176532925,51712.59161676873,85.1068467074947,25.24469341499048,0,1,0,0,1,1,True,54411,-1.0
54495,2026-06-22 08:00:00,8,-1,MARKDOWN,5,A,51555.506499999996,51624.13429728329,51383.93700679175,68.6277972832977,15.588594566597706,0,1,0,1,1,1,True,54506,-1.0
54511,2026-06-22 09:20:00,9,1,MARKUP,6,A+,51520.7045,51452.31729196608,51691.6725200848,68.38720803392061,18.545416067828153,0,1,1,1,1,1,False,-1,
54523,2026-06-22 10:20:00,10,1,MARKUP,5,A,51535.3542,51451.396379113925,51745.24875221519,83.95782088607666,20.387241772138747,0,1,0,1,1,1,False,-1,
54535,2026-06-22 11:20:00,11,1,MARKUP,4,B,51535.3542,51449.54752165123,51749.870895871936,85.80667834877386,24.084956697536352,0,0,1,0,1,1,False,-1,
54555,2026-06-22 13:00:00,13,1,MARKUP,6,A+,51562.1657,51472.31711547169,51786.78716132077,89.84858452830667,22.045769056616,0,1,1,1,1,1,False,-1,
54567,2026-06-22 14:00:00,14,1,MARKUP,5,A,51605.951,51542.947057580954,51763.46085604762,63.003942419047235,22.48588483809714,0,1,1,0,1,1,False,-1,
54579,2026-06-22 15:00:00,15,1,MARKUP,6,A+,51639.450000000004,51558.42439880931,51842.01400297675,81.02560119069676,24.531202381392376,0,1,1,1,1,1,False,-1,
54591,2026-06-22 16:00:00,16,1,MARKUP,6,A+,51649.4775,51556.549410401516,51881.79772399621,92.9280895984848,28.281179196973444,0,1,1,1,1,1,False,-1,
54603,2026-06-22 17:00:00,17,1,MARKUP,5,A,51743.581900000005,51587.846506941416,52132.92038264648,155.73539305858867,55.18698611716843,0,1,0,1,1,1,True,54609,0.281683560418979
54615,2026-06-22 18:00:00,18,1,MARKUP,6,A+,51755.1944,51599.65664320436,52144.03879198909,155.53775679563842,59.56671359127691,1,0,1,1,1,1,True,54616,0.42597759775493116
54629,2026-06-22 19:10:00,19,1,MARKUP,4,B,51762.4559,51613.553599766274,52134.711650584315,148.90230023372715,55.27280046746406,0,0,1,0,1,1,True,54640,0.33239311899350754
54771,2026-06-23 08:00:00,8,-1,MARKDOWN,5,A,51813.445,51930.25626107336,51521.41684731661,116.81126107335876,21.612522146717165,0,1,0,1,1,1,False,-1,
54783,2026-06-23 09:00:00,9,-1,MARKDOWN,4,B,51784.0755,51924.58957050368,51432.79032374079,140.5140705036829,25.27914100736411,0,1,0,1,0,1,False,-1,
54795,2026-06-23 10:00:00,10,-1,MARKDOWN,6,A+,51707.1762,51860.69361310636,51323.382667234095,153.51741310636135,27.487226212731226,0,1,1,1,1,1,False,-1,
54807,2026-06-23 11:00:00,11,-1,MARKDOWN,6,A+,51619.8997,51804.09526890127,51159.41077774683,184.19556890126842,34.79053780254381,0,1,1,1,1,1,False,-1,
54873,2026-06-23 16:30:00,16,-1,MARKDOWN,6,A+,51540.296500000004,51645.87410524951,51276.35248687624,105.57760524950572,43.648210499018646,0,1,1,1,1,1,True,54875,-1.0
54885,2026-06-23 17:30:00,17,1,MARKUP,5,A,51548.525,51316.19207306571,52129.357317335736,232.33292693429394,73.11585386858432,0,1,0,1,1,1,False,-1,
54897,2026-06-23 18:30:00,18,1,MARKUP,6,A+,51548.525,51322.725875975004,52113.022810062495,225.79912402499758,60.04824804998842,0,1,1,1,1,1,False,-1,
54909,2026-06-23 19:30:00,19,1,MARKUP,6,A+,51559.985,51328.221889251225,52139.392776871944,231.76311074877594,49.05622149754818,0,1,1,1,1,1,False,-1,
54921,2026-06-23 20:30:00,20,1,MARKUP,5,A,51577.2705,51332.68721639829,52188.72870900427,244.58328360170708,40.125567203420836,0,1,0,1,1,1,False,-1,
55047,2026-06-24 08:00:00,8,-1,MARKDOWN,6,A+,51737.719000000005,51805.10701898298,51569.24895254258,67.38801898297243,23.614037965944117,0,1,1,1,1,1,False,-1,
55059,2026-06-24 09:00:00,9,-1,MARKDOWN,6,A+,51712.999,51764.13275379323,51585.16461551694,51.13375379322679,21.66550758645679,0,1,1,1,1,1,False,-1,
55071,2026-06-24 10:00:00,10,-1,MARKDOWN,6,A+,51708.8352,51764.50022523802,51569.67263690495,55.66502523802046,22.400450476042963,0,1,1,1,1,1,False,-1,
55083,2026-06-24 11:00:00,11,-1,MARKDOWN,5,A,51704.8242,51767.92169820358,51547.080454491064,63.09749820357683,29.243396407152233,1,0,0,1,1,1,True,55097,-1.0
55107,2026-06-24 13:00:00,13,-1,MARKDOWN,5,A,51686.129700000005,51736.19955590731,51560.95506023174,50.06985590730619,26.299111814622204,0,1,1,0,1,1,True,55110,-1.0
55127,2026-06-24 14:40:00,14,1,MARKUP,6,A+,51688.5705,51613.17062309782,51877.07019225544,75.39987690217822,26.45875380435265,0,1,1,1,1,1,True,55144,-1.0
55139,2026-06-24 15:40:00,15,1,MARKUP,5,A,51710.884,51613.79866673218,51953.59733316954,97.08533326781617,32.202666535639906,1,0,0,1,1,1,True,55141,-1.0
55151,2026-06-24 16:40:00,16,1,MARKUP,5,A,51692.4985,51575.00679529223,51986.22776176942,117.4917047077688,50.28640941554076,0,1,0,1,1,1,False,-1,
55163,2026-06-24 17:40:00,17,1,MARKUP,6,A+,51760.8574,51566.8432901293,52245.892674676754,194.01410987070267,66.6134197414105,0,1,1,1,1,1,False,-1,
55175,2026-06-24 18:40:00,18,1,MARKUP,5,A,51883.0019,51568.955933120254,52668.11681719938,314.04596687974845,62.38813375948918,0,1,0,1,1,1,True,55196,0.18987061223055504
55187,2026-06-24 19:40:00,19,1,MARKUP,5,A,51883.0019,51573.86712452866,52655.83883867836,309.13477547134244,52.56575094267496,0,1,0,1,1,1,True,55196,0.19288706652002702
55323,2026-06-25 08:00:00,8,-1,MARKDOWN,5,A,51956.727999999996,52008.24796745737,51827.92808135656,51.51996745737415,18.23593491475049,0,1,0,1,1,1,True,55335,-1.0
55341,2026-06-25 09:30:00,9,1,MARKUP,6,A+,51942.4122,51878.42594680498,52102.37783298755,63.986253195020254,19.40810639003084,0,1,1,1,1,1,False,-1,
55353,2026-06-25 10:30:00,10,1,MARKUP,5,A,51944.7042,51878.640027419286,52109.86463145178,66.06417258071451,18.979945161423625,0,1,0,1,1,1,False,-1,
55365,2026-06-25 11:30:00,11,1,MARKUP,3,C,51944.7042,51878.72326652168,52109.6565336958,65.98093347832037,18.813466956641644,0,0,1,0,0,1,False,-1,
55383,2026-06-25 13:00:00,13,1,MARKUP,6,A+,51981.0467,51909.74351412382,52159.304664690455,71.3031858761824,22.772971752354962,0,1,1,1,1,1,False,-1,
55395,2026-06-25 14:00:00,14,1,MARKUP,5,A,52013.956000000006,51927.688383041095,52229.62504239728,86.26761695891037,25.083233917812322,0,1,0,1,1,1,True,55406,2.5
55407,2026-06-25 15:00:00,15,1,MARKUP,4,B,52029.406,51953.757143512885,52218.5281412178,75.64885648711788,22.945712974235892,1,0,0,1,0,1,True,55408,2.5
55419,2026-06-25 16:00:00,16,1,MARKUP,5,A,52030.2655,51948.622163651155,52234.37384087212,81.64333634884679,33.215672697691176,0,1,0,1,1,1,False,-1,
55431,2026-06-25 17:00:00,17,1,MARKUP,6,A+,52114.536,51932.20094955846,52570.37362610386,182.335050441543,72.05810088308988,0,1,1,1,1,1,False,-1,
55443,2026-06-25 18:00:00,18,1,MARKUP,5,A,52279.176400000004,51936.282679622,53136.41070094501,342.8937203780006,85.8946407560039,0,1,0,1,1,1,True,55460,-0.6093911541151951
55455,2026-06-25 19:00:00,19,1,MARKUP,3,C,52279.176400000004,51937.00172412897,53134.613089677594,342.174675871036,84.45655174206692,1,0,0,0,0,1,True,55460,-0.6106717262698815
55599,2026-06-26 08:00:00,8,-1,MARKDOWN,4,B,52040.555,52160.11136178288,51741.6640955428,119.55636178288114,23.28272356576484,0,1,0,0,1,1,True,55620,2.5
55611,2026-06-26 09:00:00,9,-1,MARKDOWN,4,B,52025.0075,52150.60842362955,51711.005190926124,125.60092362955038,26.776847259098403,0,0,0,1,1,1,True,55619,2.5
55636,2026-06-26 11:05:00,11,1,MARKUP,5,A,51954.5747,51827.599491088775,52272.01272227806,126.97520891122258,31.74101782244875,0,1,0,1,1,1,True,55647,-1.0
55659,2026-06-26 13:00:00,13,-1,MARKDOWN,6,A+,52023.2153,52152.47674541792,51700.06168645522,129.2614454179129,36.313490835831054,0,1,1,1,1,1,False,-1,
55671,2026-06-26 14:00:00,14,-1,MARKDOWN,2,C,52042.831,52150.203960459745,51774.39859885063,107.37296045974654,31.767920919488112,0,0,0,0,0,1,True,55685,2.5
55683,2026-06-26 15:00:00,15,-1,MARKDOWN,3,C,52049.898,52150.43608136697,51798.552796582575,100.53808136696898,32.23216273394709,0,0,0,0,1,1,True,55685,2.5
55695,2026-06-26 16:00:00,16,-1,MARKDOWN,5,A,52029.25,52147.71021328197,51733.09946679507,118.46021328197094,38.28042656394061,0,1,0,1,1,1,True,55710,-1.0
55707,2026-06-26 17:00:00,17,-1,MARKDOWN,5,A,51924.458399999996,52107.72570944976,51466.29012637558,183.2673094497659,73.31141889952873,1,0,0,1,1,1,True,55708,-1.0
55726,2026-06-26 18:35:00,18,1,MARKUP,6,A+,51880.657499999994,51652.50071598521,52451.04946003696,228.15678401478363,69.5385680295765,0,1,1,1,1,1,False,-1,
55738,2026-06-26 19:35:00,19,1,MARKUP,4,B,51891.3535,51654.107690260025,52484.46802434993,237.24580973997217,66.32461947994099,0,0,1,1,0,1,False,-1,
55750,2026-06-26 20:35:00,20,1,MARKUP,3,C,51891.3535,51658.64944737792,52473.1136315552,232.70405262208078,57.24110524415907,0,0,0,1,0,1,True,55774,0.7150563048862586
55875,2026-06-29 08:00:00,8,1,MARKUP,5,A,52007.876,51943.64665477322,52168.44936306694,64.22934522677679,19.206690453555094,0,1,0,1,1,1,True,55899,2.5
55887,2026-06-29 09:00:00,9,1,MARKUP,5,A,52023.0605,51942.07494013515,52225.52439966213,80.98555986485007,22.350119729698243,0,1,0,1,1,1,True,55899,2.5
55903,2026-06-29 10:20:00,10,1,MARKUP,6,A+,52043.516299999996,51974.69072116373,52215.580247090664,68.82557883626578,23.318557672532663,0,1,1,1,1,1,False,-1,
55915,2026-06-29 11:20:00,11,1,MARKUP,5,A,52054.059499999996,51972.06496373714,52259.04584065714,81.99453626285685,28.57007252572365,0,1,0,1,1,1,True,55923,2.5
55935,2026-06-29 13:00:00,13,1,MARKUP,5,A,52054.059499999996,51973.984120067435,52254.2479498314,80.07537993256119,24.73175986513234,1,0,0,1,1,1,True,55936,2.5
55947,2026-06-29 14:00:00,14,1,MARKUP,6,A+,52057.210999999996,51973.40549430754,52266.72476423114,83.80550569245679,25.889011384920767,0,1,1,1,1,1,False,-1,
55959,2026-06-29 15:00:00,15,1,MARKUP,5,A,52071.371,51985.179650890575,52286.84937277356,86.19134910942375,26.840698218846878,0,1,0,1,1,1,False,-1,
55971,2026-06-29 16:00:00,16,1,MARKUP,6,A+,52091.765,52017.9906087495,52276.20097812626,73.77439125050296,27.218782501004153,0,1,1,1,1,1,True,55977,2.5
55983,2026-06-29 17:00:00,17,1,MARKUP,5,A,52164.9944,51996.497455866134,52586.23676033468,168.49694413386896,70.20508826772817,0,1,0,1,1,1,True,55984,0.48295000492915396
55995,2026-06-29 18:00:00,18,1,MARKUP,5,A,52163.05850000001,51978.505764050155,52624.440339874636,184.55273594985192,85.08847189969218,0,1,0,1,1,1,True,55997,0.33086206869665835
56020,2026-06-29 20:05:00,20,1,MARKUP,4,B,52163.05850000001,51999.17129010798,52572.77652473007,163.88720989202557,43.757419784050846,0,1,1,0,0,1,False,-1,
56151,2026-06-30 08:00:00,8,1,MARKUP,6,A+,52218.1955,52157.94250615954,52368.82798460116,60.252993840462295,13.354987680928916,0,1,1,1,1,1,False,-1,
56163,2026-06-30 09:00:00,9,1,MARKUP,5,A,52232.873,52181.73121641337,52360.727458966576,51.14178358663048,13.277567173265703,0,1,1,0,1,1,False,-1,
56175,2026-06-30 10:00:00,10,1,MARKUP,5,A,52246.908200000005,52190.114037872074,52388.893605319834,56.794162127931486,18.011924255860446,0,1,1,0,1,1,True,56195,2.5
56187,2026-06-30 11:00:00,11,1,MARKUP,6,A+,52258.495200000005,52199.480590273786,52406.03172431555,59.01460972621862,19.778819452427392,0,1,1,1,1,1,True,56190,2.5
56211,2026-06-30 13:00:00,13,1,MARKUP,5,A,52301.003000000004,52229.961127209805,52478.6076819755,71.0418727901997,22.517745580399172,0,1,0,1,1,1,True,56235,-1.0
56223,2026-06-30 14:00:00,14,1,MARKUP,6,A+,52301.003000000004,52228.22072784698,52482.958680382566,72.78227215302468,25.998544306046927,0,1,1,1,1,1,True,56235,-1.0
56248,2026-06-30 16:05:00,16,-1,MARKDOWN,6,A+,52327.0115,52425.75033153758,52080.16442115605,98.73883153757924,28.06066307515926,0,1,1,1,1,1,True,56252,-1.0
56260,2026-06-30 17:05:00,17,-1,MARKDOWN,6,A+,52286.0229,52446.837560777894,51883.98624805528,160.81466077789082,70.235121555784,1,0,1,1,1,1,True,56261,-1.0
56272,2026-06-30 18:05:00,18,1,MARKUP,6,A+,52215.797,52048.99735841063,52632.79610397343,166.7996415893722,67.34528317873833,0,1,1,1,1,1,False,-1,
56284,2026-06-30 19:05:00,19,1,MARKUP,6,A+,52215.797,52055.45500587004,52616.65198532489,160.34199412995804,54.42998825991848,0,1,1,1,1,1,False,-1,
56296,2026-06-30 20:05:00,20,1,MARKUP,5,A,52227.161499999995,52063.54625720372,52636.199606990675,163.61524279627338,38.24748559255853,0,1,0,1,1,1,False,-1,
56427,2026-07-01 08:00:00,8,-1,MARKDOWN,5,A,52268.966,52338.32393846372,52095.571153840705,69.35793846371962,14.947876927441772,0,0,1,1,1,1,False,-1,
56439,2026-07-01 09:00:00,9,-1,MARKDOWN,5,A,52240.383499999996,52292.215985617135,52110.80228595715,51.832485617138445,15.231971234274814,0,1,1,0,1,1,False,-1,
56452,2026-07-01 10:05:00,10,-1,MARKDOWN,5,A,52211.862799999995,52247.55835102796,52122.62392243008,35.69555102796585,18.216702055925392,0,1,1,0,1,1,True,56464,-1.0
56495,2026-07-01 13:40:00,13,1,MARKUP,5,A,52186.721999999994,52120.76687590656,52351.60981023359,65.95512409343792,20.366248186885358,0,1,0,1,1,1,True,56511,-1.0
56507,2026-07-01 14:40:00,14,1,MARKUP,4,B,52191.687999999995,52120.60751731574,52369.389206710635,71.08048268425773,20.68496536851482,0,0,0,1,1,1,True,56511,-1.0
56519,2026-07-01 15:40:00,15,-1,MARKDOWN,5,A,52242.6775,52303.95357906334,52089.487302341644,61.27607906334015,28.007158126675833,0,1,0,1,1,1,True,56521,-1.0
56531,2026-07-01 16:40:00,16,-1,MARKDOWN,5,A,52249.9284,52379.494233798774,51926.01381550306,129.56583379877702,57.58846759755694,0,1,0,1,1,1,True,56532,-1.0
56543,2026-07-01 17:40:00,17,1,MARKUP,4,B,52248.1995,52055.98908557662,52728.72553605845,192.21041442338174,61.821828846764994,0,1,0,1,0,1,False,-1,
56555,2026-07-01 18:40:00,18,1,MARKUP,6,A+,52302.4435,52059.7457048447,52909.18798788825,242.69779515529808,54.30859031059833,0,1,1,1,1,1,False,-1,
56567,2026-07-01 19:40:00,19,1,MARKUP,4,B,52362.9905,52064.15767679422,53110.07255801446,298.8328232057829,45.48464641157326,0,1,0,1,0,1,False,-1,
56579,2026-07-01 20:40:00,20,1,MARKUP,3,C,52362.9905,52065.60464445953,53106.45513885118,297.38585554047313,42.590711080944395,0,0,0,1,0,1,False,-1,
56703,2026-07-02 08:00:00,8,1,MARKUP,4,B,52332.0945,52259.38839382025,52513.85976544938,72.70610617975035,11.903212359498315,0,0,1,1,0,1,True,56717,-1.0
56719,2026-07-02 09:20:00,9,-1,MARKDOWN,5,A,52397.9745,52446.39882187577,52276.913695310555,48.42432187577651,12.617643751559898,0,1,0,1,1,1,False,-1,
56731,2026-07-02 10:20:00,10,-1,MARKDOWN,5,A,52369.5537,52449.75449510389,52169.05171224027,80.20079510389041,19.328990207787434,0,1,0,1,1,1,True,56743,-1.0
56763,2026-07-02 13:00:00,13,1,MARKUP,5,A,52320.2845,52246.30928827883,52505.22252930292,73.97521172116831,18.261423442331363,0,1,0,1,1,1,False,-1,
56775,2026-07-02 14:00:00,14,1,MARKUP,6,A+,52341.772000000004,52246.12241622377,52580.89595944059,95.64958377623407,18.635167552468406,0,1,1,1,1,1,False,-1,
56787,2026-07-02 15:00:00,15,1,MARKUP,5,A,52344.064000000006,52245.11065560567,52591.44736098585,98.95334439433645,20.658688788665263,0,1,0,1,1,1,False,-1,
56799,2026-07-02 16:00:00,16,1,MARKUP,5,A,52454.798,52313.298761948405,52808.546095129,141.49923805159779,39.28247610319718,0,1,0,1,1,1,False,-1,
56811,2026-07-02 17:00:00,17,1,MARKUP,5,A,52545.8234,52333.8518690607,53075.75222734825,211.97153093929956,69.67626187859587,0,1,0,1,1,1,False,-1,
56823,2026-07-02 18:00:00,18,1,MARKUP,5,A,52562.2139,52344.95069570588,53105.37191073532,217.2632042941259,81.97860858824494,0,1,0,1,1,1,True,56847,2.5
56835,2026-07-02 19:00:00,19,1,MARKUP,4,B,52581.062900000004,52377.365015744224,53090.30761063946,203.69788425578008,78.14996851155763,0,0,1,0,1,1,True,56847,2.5
57003,2026-07-03 10:00:00,10,1,MARKUP,6,A+,53013.373999999996,52962.00340843028,53141.800478924284,51.370591569713724,17.173183139425568,0,1,1,1,1,1,True,57007,-1.0
57026,2026-07-03 11:55:00,11,-1,MARKDOWN,5,A,52971.695,53065.90888442038,52736.160288949046,94.21388442038005,18.437768840750646,0,1,0,1,1,1,False,-1,
57039,2026-07-03 13:00:00,13,-1,MARKDOWN,6,A+,52964.628000000004,53065.62142679274,52712.144433018155,100.99342679273832,17.862853585475463,0,1,1,1,1,1,False,-1,
57051,2026-07-03 14:00:00,14,-1,MARKDOWN,6,A+,52961.954000000005,53065.33733100311,52703.495672492245,103.3833310031041,17.294662006206917,0,1,1,1,1,1,False,-1,
57063,2026-07-03 15:00:00,15,-1,MARKDOWN,5,A,52953.168000000005,53064.51905924829,52674.79035187929,111.35105924828531,15.65811849658143,0,1,0,1,1,1,False,-1,
57075,2026-07-03 16:00:00,16,-1,MARKDOWN,4,B,52876.845,52941.38099856751,52715.50500358123,64.53599856750952,16.381997135021862,0,0,1,0,1,1,True,57090,-1.0
57208,2026-07-06 08:00:00,8,-1,MARKDOWN,4,B,52956.992000000006,53020.45449536395,52798.33576159015,63.46249536394316,13.088990727891066,0,0,1,0,1,1,False,-1,
57222,2026-07-06 09:10:00,9,-1,MARKDOWN,5,A,52942.469000000005,52998.452055356196,52802.511361609526,55.98305535619147,16.084110712391187,0,1,1,0,1,1,True,57233,-1.0
57234,2026-07-06 10:10:00,10,1,MARKUP,5,A,52898.3732,52857.44386676334,53000.696533091665,40.929333236665116,14.93226647333412,0,1,1,1,0,1,False,-1,
57246,2026-07-06 11:10:00,11,1,MARKUP,5,A,52927.787200000006,52855.15248369986,53109.37399075038,72.63471630014828,19.515032600298575,0,1,0,1,1,1,True,57258,-1.0
57283,2026-07-06 14:15:00,14,-1,MARKDOWN,5,A,52970.3955,53039.49454791641,52797.64788020897,69.0990479164102,19.969095832820322,0,1,0,1,1,1,False,-1,
57295,2026-07-06 15:15:00,15,-1,MARKDOWN,5,A,52948.335,53041.24126029675,52716.06934925812,92.90626029675332,23.46252059350691,0,1,0,1,1,1,True,57309,-1.0
57307,2026-07-06 16:15:00,16,-1,MARKDOWN,6,A+,52928.998,53023.790095801894,52692.01776049526,94.7920958018949,24.560191603782158,0,1,1,1,1,1,True,57309,-1.0
57319,2026-07-06 17:15:00,17,-1,MARKDOWN,5,A,52940.6745,53133.84677658507,52457.74380853732,193.1722765850718,65.27355317014555,0,1,0,1,1,1,True,57330,-1.0
57336,2026-07-06 18:40:00,18,-1,MARKDOWN,4,B,52940.6745,53126.627755261914,52475.791361845215,185.953255261913,50.83551052383431,1,0,0,0,1,1,True,57349,-1.0
57351,2026-07-06 19:55:00,19,1,MARKUP,5,A,52841.4955,52663.62115659931,53286.18135850172,177.87434340069012,34.677686801379295,0,1,0,1,1,1,False,-1,
57363,2026-07-06 20:55:00,20,1,MARKUP,6,A+,52841.4955,52665.00788290432,53282.714542739195,176.4876170956777,31.904234191359325,0,1,1,1,1,1,False,-1,
57510,2026-07-07 10:10:00,10,1,MARKUP,5,A,53105.208300000006,53058.09374592789,53222.9946851803,47.11455407211906,17.332508144230772,0,1,1,0,1,1,False,-1,
57522,2026-07-07 11:10:00,11,1,MARKUP,6,A+,53118.33,53056.794735125484,53272.168162186295,61.53526487451745,19.930529749034143,0,1,1,1,1,1,False,-1,
57544,2026-07-07 13:00:00,13,1,MARKUP,5,A,53134.756,53057.516409679396,53327.854975801514,77.2395903206052,18.48718064121735,0,1,1,1,0,1,False,-1,
57557,2026-07-07 14:05:00,14,1,MARKUP,6,A+,53134.756,53056.333271464595,53330.81282133852,78.42272853540635,20.853457070810883,0,1,1,1,1,1,False,-1,
57569,2026-07-07 15:05:00,15,1,MARKUP,6,A+,53186.959,53120.08387376717,53354.14681558208,66.87512623282964,23.35225246566008,0,1,1,1,1,1,True,57587,-1.0
57581,2026-07-07 16:05:00,16,1,MARKUP,5,A,53215.907,53121.351110004565,53452.296724988584,94.55588999543397,29.817779990875085,0,1,0,1,1,1,True,57587,-1.0
57599,2026-07-07 17:35:00,17,-1,MARKDOWN,6,A+,53214.6129,53408.43789331751,52730.050416706224,193.82499331751023,59.855786635023314,0,1,1,1,1,1,False,-1,
57611,2026-07-07 18:35:00,18,-1,MARKDOWN,6,A+,53159.1274,53405.123522571914,52544.13709357021,245.9961225719162,53.227045143816795,0,1,1,1,1,1,False,-1,
57623,2026-07-07 19:35:00,19,-1,MARKDOWN,5,A,53159.1274,53400.869192051105,52554.77291987223,241.74179205110704,44.718384102212305,0,1,0,1,1,1,False,-1,
57635,2026-07-07 20:35:00,20,-1,MARKDOWN,4,B,53159.1274,53396.77675013929,52565.004024651775,237.64935013929062,36.53350027857696,0,0,1,0,1,1,False,-1,
57760,2026-07-08 08:00:00,8,-1,MARKDOWN,6,A+,52898.981,52945.83155079424,52781.8546230144,46.8505507942391,13.863101588478447,0,1,1,1,1,1,False,-1,
57772,2026-07-08 09:00:00,9,-1,MARKDOWN,5,A,52889.6805,52938.31292232449,52768.09944418878,48.63242232448829,15.325844648972247,0,1,0,1,1,1,False,-1,
57784,2026-07-08 10:00:00,10,-1,MARKDOWN,6,A+,52837.1387,52914.17127416385,52644.55726459039,77.0325741638444,22.542548327691197,0,1,1,1,1,1,False,-1,
57796,2026-07-08 11:00:00,11,-1,MARKDOWN,6,A+,52829.1167,52915.15991626468,52614.00865933829,86.043216264683,24.519832529353838,0,1,1,1,1,1,False,-1,
57820,2026-07-08 13:00:00,13,-1,MARKDOWN,6,A+,52629.998700000004,52916.741175420066,51913.14251144985,286.74247542006196,44.68235084012641,0,1,1,1,1,1,False,-1,
57832,2026-07-08 14:00:00,14,-1,MARKDOWN,3,C,52600.846,52867.221937587135,51934.90615603216,266.37593758713774,38.44387517427125,0,0,1,0,0,1,False,-1,
57870,2026-07-08 17:10:00,17,-1,MARKDOWN,5,A,52415.6005,52580.42526432689,52003.538589182775,164.82476432689145,64.35052865378744,0,1,1,0,1,1,False,-1,
57882,2026-07-08 18:10:00,18,-1,MARKDOWN,5,A,52388.7459,52580.09147785441,51910.38195536398,191.34557785440848,63.68295570881964,0,1,0,1,1,1,False,-1,
57894,2026-07-08 19:10:00,19,-1,MARKDOWN,4,B,52367.7359,52574.94070600059,51849.72388499852,207.2048060005909,53.38141200118486,0,1,0,0,1,1,True,57908,-0.19016981681345446
58036,2026-07-09 08:00:00,8,1,MARKUP,5,A,52369.5215,52305.75604829337,52528.93512926658,63.76545170663303,14.26790341325379,0,1,0,1,1,1,False,-1,
58048,2026-07-09 09:00:00,9,1,MARKUP,5,A,52421.626,52364.46075905217,52564.53910236956,57.16524094782653,20.35848189566337,0,1,0,1,1,1,True,58062,-1.0
58060,2026-07-09 10:00:00,10,1,MARKUP,5,A,52422.244,52366.277217899806,52562.16095525048,55.966782100193086,18.725564200383484,0,0,1,1,1,1,True,58062,-1.0
58096,2026-07-09 13:00:00,13,-1,MARKDOWN,6,A+,52425.0982,52509.7770449614,52213.40108759649,84.67884496140323,24.274089922809026,0,1,1,1,1,1,False,-1,
58108,2026-07-09 14:00:00,14,-1,MARKDOWN,5,A,52384.5655,52488.478541855344,52124.782895361626,103.91304185534682,28.477083710685243,0,1,0,1,1,1,True,58125,-1.0
58120,2026-07-09 15:00:00,15,-1,MARKDOWN,4,B,52384.5655,52488.57566254959,52124.54009362601,104.0101625495954,28.671325099194767,0,0,0,1,1,1,True,58125,-1.0
58145,2026-07-09 17:05:00,17,1,MARKUP,6,A+,52333.7485,52212.91199370859,52635.839765728524,120.83650629140902,53.156012582810746,0,1,1,1,1,1,False,-1,
58157,2026-07-09 18:05:00,18,1,MARKUP,5,A,52349.9644,52212.772863546634,52692.943241133406,137.19153645336337,53.4342729067284,0,1,0,1,1,1,False,-1,
58169,2026-07-09 19:05:00,19,1,MARKUP,6,A+,52389.3849,52241.982027011734,52757.89208247066,147.40287298826297,45.015945976532755,0,1,1,1,1,1,False,-1,
58181,2026-07-09 20:05:00,20,1,MARKUP,6,A+,52407.843,52270.39366856817,52751.46632857958,137.44933143183152,33.09266286365914,0,1,1,1,1,1,False,-1,
58312,2026-07-10 08:00:00,8,-1,MARKDOWN,6,A+,52483.892,52510.83629777819,52416.53125555453,26.94429777818732,8.812595556369265,0,1,1,1,1,1,True,58322,-1.0
58326,2026-07-10 09:10:00,9,1,MARKUP,5,A,52491.0162,52440.4133904102,52617.523223974495,50.60280958980002,14.033219179598818,0,1,0,1,1,1,False,-1,
58338,2026-07-10 10:10:00,10,1,MARKUP,6,A+,52496.1732,52438.50349797724,52640.34745505689,57.66970202275843,17.853004045527324,0,1,1,1,1,1,False,-1,
58350,2026-07-10 11:10:00,11,1,MARKUP,6,A+,52510.4982,52436.157840342705,52696.34909914325,74.34035965729709,22.54431931459451,0,1,1,1,1,1,False,-1,
58372,2026-07-10 13:00:00,13,1,MARKUP,6,A+,52511.7342,52438.69808882331,52694.32447794173,73.03611117669061,21.463822353382092,0,1,1,1,1,1,False,-1,
58384,2026-07-10 14:00:00,14,1,MARKUP,5,A,52557.645,52496.89175310475,52709.52811723812,60.753246895248594,20.276493790496502,0,1,0,1,1,1,True,58391,-1.0
58397,2026-07-10 15:05:00,15,1,MARKUP,6,A+,52561.044,52501.28085663861,52710.45185840348,59.763143361393304,22.49828672277525,1,0,1,1,1,1,True,58414,-1.0
58409,2026-07-10 16:05:00,16,1,MARKUP,6,A+,52582.436,52498.47616840505,52792.335578987375,83.9598315949479,28.10766318989688,0,1,1,1,1,1,True,58414,-1.0
58435,2026-07-10 18:15:00,18,1,MARKUP,6,A+,52421.5706,52220.27598278418,52924.80714303955,201.29461721581902,63.908034431641845,0,1,1,1,1,1,False,-1,
58449,2026-07-10 19:25:00,19,1,MARKUP,4,B,52421.5706,52228.918321964295,52903.20129508926,192.6522780357045,46.623356071417284,0,1,0,0,1,1,False,-1,
58461,2026-07-10 20:25:00,20,1,MARKUP,5,A,52416.5091,52235.74111694144,52868.42905764641,180.7679830585621,32.977766117128,0,1,0,1,1,1,False,-1,
58588,2026-07-13 08:00:00,8,-1,MARKDOWN,5,A,52539.502499999995,52611.43987943426,52359.659051414324,71.93737943426822,13.039758868523885,0,1,1,0,1,1,True,58604,-1.0
58619,2026-07-13 10:35:00,10,1,MARKUP,6,A+,52508.6607,52403.9785812964,52770.36599675901,104.68211870360392,26.882837407198142,0,1,1,1,1,1,False,-1,
58631,2026-07-13 11:35:00,11,1,MARKUP,6,A+,52527.9517,52404.58215390307,52836.37556524231,123.36954609692475,25.675692193847517,0,1,1,1,1,1,False,-1,
58648,2026-07-13 13:00:00,13,1,MARKUP,3,C,52542.6587,52406.23538904552,52883.7169773862,136.42331095448026,22.36922190895299,0,0,0,0,1,1,False,-1,
58661,2026-07-13 14:05:00,14,1,MARKUP,4,B,52580.263999999996,52468.3554844437,52860.03528889073,111.90851555629342,19.82903111258555,0,0,1,0,1,1,True,58674,2.5
58689,2026-07-13 16:25:00,16,1,MARKUP,6,A+,52637.119999999995,52558.103340855596,52834.661647860994,79.01665914439945,24.333318288807558,0,1,1,1,1,1,True,58699,-1.0
58701,2026-07-13 17:25:00,17,1,MARKUP,6,A+,52681.241,52526.212859079504,53068.81135230124,155.02814092049812,69.01428184099794,1,0,1,1,1,1,True,58702,-1.0
58717,2026-07-13 18:45:00,18,-1,MARKDOWN,5,A,52743.666000000005,52900.75242673816,52350.94993315462,157.08642673815484,49.0648534763157,0,1,0,1,1,1,False,-1,
58729,2026-07-13 19:45:00,19,-1,MARKDOWN,5,A,52681.4,52900.835967282466,52132.81008179384,219.43596728246484,49.231934564925254,0,1,0,1,1,1,False,-1,
58741,2026-07-13 20:45:00,20,-1,MARKDOWN,4,B,52681.4,52896.094912939596,52144.662717651016,214.69491293959436,39.749825879183376,0,0,1,1,0,1,False,-1,
58881,2026-07-14 09:25:00,9,1,MARKUP,4,B,52398.089,52317.98057756298,52598.360056092555,80.10842243702064,19.258844874039248,0,1,0,1,0,1,True,58888,-1.0
58893,2026-07-14 10:25:00,10,-1,MARKDOWN,5,A,52441.631,52524.64197244636,52234.10356888409,83.01097244636185,25.063944892720944,0,1,1,1,0,1,False,-1,
58905,2026-07-14 11:25:00,11,-1,MARKDOWN,4,B,52441.631,52526.66398654429,52229.048533639274,85.0329865442909,29.107973088580362,0,1,0,0,1,1,True,58925,-1.0
58926,2026-07-14 13:10:00,13,-1,MARKDOWN,4,B,52441.7647,52526.80795348203,52229.15656629493,85.04325348202838,29.395906964052624,0,0,1,0,1,1,True,58930,-1.0
58938,2026-07-14 14:10:00,14,-1,MARKDOWN,5,A,52335.6595,52559.57946147337,51775.859596316586,223.91996147336613,63.738922946736096,0,1,0,1,1,1,True,58954,-1.0
58950,2026-07-14 15:10:00,15,-1,MARKDOWN,6,A+,52335.6595,52557.24859914201,51781.686752144975,221.58909914200922,59.07719828402464,0,1,1,1,1,1,True,58954,-1.0
58969,2026-07-14 16:45:00,16,1,MARKUP,5,A,52268.676,51983.02621366101,52982.80046584747,285.64978633898863,83.86757267797694,0,1,0,1,1,1,False,-1,
58981,2026-07-14 17:45:00,17,1,MARKUP,5,A,52300.1719,51984.99406521964,53088.11648695091,315.1778347803629,79.93186956071702,0,1,0,1,1,1,False,-1,
58993,2026-07-14 18:45:00,18,1,MARKUP,3,C,52300.1719,51988.88366601577,53078.39248496058,311.28823398423265,72.15266796845633,0,0,0,0,1,1,False,-1,
59140,2026-07-15 08:00:00,8,1,MARKUP,4,B,52586.4925,52543.120060650166,52694.92359837459,43.37243934983417,11.299878699662843,0,0,0,1,1,1,True,59153,-1.0
59171,2026-07-15 10:35:00,10,-1,MARKDOWN,4,B,52580.994699999996,52656.2961455849,52392.741086037735,75.30144558490429,17.55229116980494,0,1,0,1,0,1,True,59178,-1.0
59184,2026-07-15 11:40:00,11,1,MARKUP,6,A+,52545.759000000005,52460.84944773621,52758.03288065949,84.90955226379447,25.041104527587557,0,1,1,1,1,1,False,-1,
59200,2026-07-15 13:00:00,13,1,MARKUP,6,A+,52559.893000000004,52461.818567180235,52805.07908204943,98.07443281976884,23.1028656395309,0,1,1,1,1,1,True,59206,2.5
59212,2026-07-15 14:00:00,14,1,MARKUP,3,C,52559.893000000004,52460.70961309531,52807.851467261746,99.18338690469682,25.32077380938788,0,0,0,0,1,1,True,59214,2.5
59224,2026-07-15 15:00:00,15,-1,MARKDOWN,6,A+,52613.347,52712.47449111516,52365.52827221211,99.12749111515586,25.208982230316142,0,1,1,1,1,1,True,59230,-1.0
59236,2026-07-15 16:00:00,16,1,MARKUP,5,A,52592.9245,52500.78128217331,52823.282544566726,92.1432178266914,31.677435653387143,0,1,0,1,1,1,True,59242,2.5
59248,2026-07-15 17:00:00,17,1,MARKUP,4,B,52648.3909,52484.761678418225,53057.46395395443,163.6292215817739,63.71664316355387,0,0,0,1,1,1,True,59272,-1.0
59260,2026-07-15 18:00:00,18,1,MARKUP,5,A,52648.3909,52485.478487341934,53055.67193164516,162.91241265806457,62.283025316133944,0,1,1,0,1,1,True,59272,-1.0
59282,2026-07-15 19:50:00,19,-1,MARKDOWN,4,B,52706.478,52888.60416924502,52251.16257688745,182.12616924502072,54.06833849005227,0,1,0,1,0,1,True,59296,-0.030045105668656667
59416,2026-07-16 08:00:00,8,1,MARKUP,6,A+,52679.835,52629.65209268624,52805.29226828439,50.182907313756004,10.595814627501673,0,1,1,1,1,1,True,59435,-1.0
59428,2026-07-16 09:00:00,9,1,MARKUP,5,A,52688.812,52627.550843834695,52841.964890413255,61.261156165302964,14.798312330597446,0,0,1,1,1,1,True,59435,-1.0
59451,2026-07-16 10:55:00,10,-1,MARKDOWN,6,A+,52714.2952,52786.42542099368,52533.96964751581,72.13022099367663,20.95084198735622,0,1,1,1,1,1,True,59475,-1.0
59463,2026-07-16 11:55:00,11,-1,MARKDOWN,5,A,52714.2952,52788.118835678244,52529.73611080439,73.82363567824359,24.337671356487032,0,0,1,1,1,1,True,59475,-1.0
59479,2026-07-16 13:15:00,13,1,MARKUP,4,B,52700.02250000001,52597.57745661735,52956.13510845665,102.44504338265688,33.94508676531322,0,1,0,1,0,1,True,59497,-1.0
59491,2026-07-16 14:15:00,14,1,MARKUP,5,A,52700.02250000001,52598.51492417515,52953.79143956215,101.50757582485676,32.070151649712756,0,1,0,1,1,1,True,59497,-1.0
59503,2026-07-16 15:15:00,15,1,MARKUP,5,A,52700.02250000001,52594.611452065496,52963.55011983628,105.41104793451086,39.87709586901874,0,1,1,0,1,1,True,59504,-1.0
59515,2026-07-16 16:15:00,16,1,MARKUP,6,A+,52700.6405,52597.752567464515,52957.860331338714,102.88793253548647,35.594865070976695,0,1,1,1,1,1,True,59520,-1.0
59529,2026-07-16 17:25:00,17,1,MARKUP,6,A+,52710.859000000004,52587.189171458485,53020.0335713538,123.66982854151865,56.72165708303596,0,1,1,1,1,1,True,59550,-1.0
59541,2026-07-16 18:25:00,18,1,MARKUP,5,A,52730.542,52607.57496486446,53037.95958783885,122.96703513553803,50.35007027106959,0,1,0,1,1,1,True,59550,-1.0
59564,2026-07-16 20:20:00,20,-1,MARKDOWN,6,A+,52781.026,52912.54842585856,52452.2199353536,131.52242585855856,47.59685171711699,0,1,1,1,1,1,False,-1,
59692,2026-07-17 08:00:00,8,-1,MARKDOWN,6,A+,52342.757000000005,52474.48111641986,52013.44670895036,131.72411641985673,21.64223283972148,0,1,1,1,1,1,False,-1,
59704,2026-07-17 09:00:00,9,-1,MARKDOWN,4,B,52275.188500000004,52389.33318583284,51989.826785417914,114.14468583283451,23.346371665663114,0,0,0,1,1,1,True,59710,2.5
59739,2026-07-17 11:55:00,11,-1,MARKDOWN,6,A+,52259.0278,52368.73673558275,51984.75546104313,109.70893558274838,34.45347116549849,0,1,1,1,1,1,True,59760,2.5
59752,2026-07-17 13:00:00,13,-1,MARKDOWN,5,A,52259.0278,52367.25435723198,51988.46140692007,108.22655723197386,31.488714463957464,0,1,0,1,1,1,True,59760,2.5
59785,2026-07-17 15:45:00,15,-1,MARKDOWN,5,A,52283.7225,52379.09461352898,52045.292216177564,95.3721135289743,33.16922705794886,0,1,1,1,0,1,True,59796,-1.0
59802,2026-07-17 17:10:00,17,1,MARKUP,5,A,52201.5414,51925.27482628466,52892.20783428836,276.26657371534384,72.97034743068825,0,1,1,1,0,1,False,-1,
59814,2026-07-17 18:10:00,18,1,MARKUP,4,B,52213.5744,51930.257170731915,52921.867473170205,283.3172292680829,63.00565853617011,0,1,0,1,0,1,False,-1,
59826,2026-07-17 19:10:00,19,1,MARKUP,4,B,52213.5744,51930.22848211366,52921.93919471583,283.34591788633406,63.06303577267609,0,0,1,0,1,1,False,-1,
59973,2026-07-20 08:25:00,8,-1,MARKDOWN,5,A,52153.2035,52208.49986777025,52014.96258057438,55.29636777025007,18.33973554050064,0,1,1,1,0,1,True,59996,-1.0
59985,2026-07-20 09:25:00,9,-1,MARKDOWN,5,A,52153.2035,52207.92271226216,52016.40546934461,54.71921226215636,17.185424524321,0,1,0,1,1,1,True,59996,-1.0
