i,time,heure,sens,phase,score,grade,entry,sl,tp,risque,atr,f_fib,f_kijun,f_rsi,f_fvg,f_ob,f_rr,rempli,bar_fill,resultat_R
105,2025-09-29 11:35:00,11,-1,MARKDOWN,3,B,1.39242138,1.3931062835401722,1.3907091211495697,0.0006849035401721437,0.0002925670803443416,0,1,1,0,1,1,False,-1,
122,2025-09-29 13:00:00,13,-1,MARKDOWN,2,C,1.39242138,1.3930744827239556,1.3907886231901112,0.0006531027239555787,0.00022896544791148086,0,0,1,0,1,1,True,132,-1.0
143,2025-09-29 14:45:00,14,1,MARKUP,2,C,1.39228344,1.3914118657688517,1.3944623755778704,0.0008715742311482533,0.00027626846229695395,0,1,1,0,0,1,False,-1,
155,2025-09-29 15:45:00,15,1,MARKUP,2,C,1.39247826,1.3913837953478139,1.3952144216304656,0.0010944646521862111,0.0003324093043723591,0,1,1,0,0,1,False,-1,
167,2025-09-29 16:45:00,16,1,MARKUP,1,C,1.39250916,1.3913921126872917,1.3953017782817705,0.0011170473127082303,0.00041577462541633856,1,0,0,0,0,1,True,180,-1.0
189,2025-09-29 18:35:00,18,-1,MARKDOWN,2,C,1.39287984,1.3941968762030736,1.3895872494923158,0.0013170362030736626,0.00043375240614718015,0,1,1,0,0,1,False,-1,
201,2025-09-29 19:35:00,19,-1,MARKDOWN,1,C,1.3925857,1.3941798304059514,1.3886003739851214,0.001594130405951466,0.0003996608119029187,0,1,0,0,0,1,False,-1,
213,2025-09-29 20:35:00,20,-1,MARKDOWN,0,C,1.39257334,1.3941321507616051,1.3886763130959872,0.0015588107616051339,0.00034430152321043806,0,0,0,0,0,1,False,-1,
350,2025-09-30 08:00:00,8,-1,MARKDOWN,2,C,1.3919930600000001,1.3925492285093628,1.3906026387265933,0.0005561685093626867,0.000218457018725527,0,1,0,0,1,1,True,362,1.288649639503812
363,2025-09-30 09:05:00,9,-1,MARKDOWN,3,B,1.39186946,1.3923565594811036,1.3906517112972407,0.00048709948110370327,0.00023311896220719534,0,1,1,1,1,1,True,382,-1.0
375,2025-09-30 10:05:00,10,-1,MARKDOWN,2,C,1.39154812,1.3921888092294004,1.389946396926499,0.0006406892294004152,0.00025761845880044424,1,0,0,1,0,1,True,382,-1.0
387,2025-09-30 11:05:00,11,-1,MARKDOWN,3,B,1.39154812,1.3922301714892464,1.3898429912768837,0.0006820514892464935,0.0003403429784925712,0,1,1,1,0,1,True,399,0.6974194664669549
410,2025-09-30 13:00:00,13,-1,MARKDOWN,1,C,1.39174858,1.3925755446054766,1.3896811684863084,0.0008269646054765989,0.0002710892109530428,0,0,1,0,0,1,True,418,-1.0
423,2025-09-30 14:05:00,14,1,MARKUP,2,C,1.39137704,1.3906036133693978,1.393310606576506,0.0007734266306023141,0.00023277326120454384,0,1,1,0,0,1,False,-1,
435,2025-09-30 15:05:00,15,1,MARKUP,2,C,1.3913558000000001,1.3905010306620096,1.3934927233449765,0.0008547693379905574,0.00025793867598078847,0,1,1,0,0,1,True,454,-1.0
447,2025-09-30 16:05:00,16,1,MARKUP,2,C,1.3913558000000001,1.390480228003853,1.3935447299903678,0.0008755719961470732,0.0002995439922937398,0,1,1,0,0,1,True,454,-1.0
461,2025-09-30 17:15:00,17,-1,MARKDOWN,2,C,1.39193624,1.3931812340124057,1.3888237549689855,0.0012449940124057424,0.00044246802481135046,0,1,1,0,0,1,True,470,-1.0
475,2025-09-30 18:25:00,18,1,MARKUP,3,B,1.39202064,1.391184740627675,1.3941103884308124,0.0008358993723249775,0.0005105187446500509,0,1,1,1,0,1,True,493,-1.0
487,2025-09-30 19:25:00,19,1,MARKUP,1,C,1.39115036,1.389408823772683,1.3955042005682925,0.0017415362273169865,0.00044235245463412627,0,1,0,0,0,1,False,-1,
499,2025-09-30 20:25:00,20,1,MARKUP,0,C,1.39115036,1.389453202063036,1.39539325484241,0.001697157936964011,0.00035359587392798435,0,0,0,0,0,1,False,-1,
643,2025-10-01 08:25:00,8,-1,MARKDOWN,1,C,1.39249488,1.393443796980513,1.390122587548718,0.0009489169805128039,0.00024759396102565874,0,1,0,0,0,1,False,-1,
655,2025-10-01 09:25:00,9,-1,MARKDOWN,2,C,1.39249488,1.393444020004651,1.390122029988373,0.0009491400046508502,0.00024804000930146427,0,1,1,0,0,1,True,668,0.765618423235285
674,2025-10-01 11:00:00,11,-1,MARKDOWN,2,C,1.3923153400000001,1.3935102206190235,1.3893281384524416,0.0011948806190233974,0.0003804412380468582,0,1,1,0,0,1,True,691,-1.0
698,2025-10-01 13:00:00,13,1,MARKUP,1,C,1.39154568,1.3905450525947853,1.3940472485130364,0.0010006274052145603,0.0002898948104291037,0,1,0,0,0,1,False,-1,
710,2025-10-01 14:00:00,14,1,MARKUP,1,C,1.39183982,1.3905426126999316,1.3950828382501708,0.001297207300068326,0.0002947746001367148,0,1,0,0,0,1,True,725,0.5
722,2025-10-01 15:00:00,15,1,MARKUP,1,C,1.3920314,1.390860796718545,1.3949579082036379,0.0011706032814551293,0.0002784065629102729,0,0,1,0,0,1,True,725,0.5
736,2025-10-01 16:10:00,16,1,MARKUP,2,C,1.39229096,1.3911611312843877,1.3951155317890307,0.001129828715612291,0.000517737431225054,0,1,1,0,0,1,False,-1,
748,2025-10-01 17:10:00,17,1,MARKUP,2,C,1.39235624,1.3911949989326913,1.3952593426682718,0.0011612410673087492,0.000550002134617546,0,1,1,0,0,1,False,-1,
760,2025-10-01 18:10:00,18,1,MARKUP,2,C,1.39276116,1.3911720622938721,1.3967339042653197,0.0015890977061279177,0.0005958754122556548,0,1,1,0,0,1,False,-1,
772,2025-10-01 19:10:00,19,1,MARKUP,2,C,1.39308586,1.391240784950821,1.3976985476229475,0.001845075049178968,0.0004584300983580466,0,1,1,0,0,1,False,-1,
784,2025-10-01 20:10:00,20,1,MARKUP,0,C,1.39308586,1.3912923381270434,1.3975696646823914,0.0017935218729565605,0.0003553237459131903,0,0,0,0,0,1,False,-1,
926,2025-10-02 08:00:00,8,1,MARKUP,2,C,1.3943374,1.3939796521366776,1.3952317696583059,0.0003577478633223219,0.00018069572664439098,0,1,1,0,0,1,True,937,-1.0
953,2025-10-02 10:15:00,10,-1,MARKDOWN,1,C,1.3942697,1.3950199400584014,1.3923940998539965,0.000750240058401408,0.00023988011680250716,0,1,0,0,0,1,False,-1,
965,2025-10-02 11:15:00,11,-1,MARKDOWN,2,C,1.3942697,1.3950313479569312,1.392365580107672,0.0007616479569312329,0.0002626959138620882,0,1,1,0,0,1,False,-1,
995,2025-10-02 13:45:00,13,-1,MARKDOWN,3,B,1.39400396,1.3945872065828213,1.3925458435429467,0.000583246582821273,0.0002344131656423422,0,1,1,0,1,1,True,999,-1.0
1007,2025-10-02 14:45:00,14,1,MARKUP,2,C,1.39376188,1.3931253241576165,1.395353269605959,0.0006365558423835349,0.0002493516847670929,0,1,1,0,0,1,False,-1,
1019,2025-10-02 15:45:00,15,1,MARKUP,2,C,1.394084,1.3931829446876922,1.3963366382807698,0.0009010553123078857,0.00027411062461593785,0,1,1,0,0,1,True,1023,1.75
1031,2025-10-02 16:45:00,16,1,MARKUP,3,B,1.39433792,1.3931680490951734,1.397262597262066,0.0011698709048264533,0.00038390180965315666,0,1,1,0,1,1,False,-1,
1043,2025-10-02 17:45:00,17,1,MARKUP,2,C,1.3950098,1.393302826586348,1.3992772335341297,0.001706973413651891,0.0004343468273041827,0,1,1,0,0,1,False,-1,
1055,2025-10-02 18:45:00,18,1,MARKUP,1,C,1.3954491,1.3933284308365677,1.4007507729085809,0.0021206691634323427,0.0003831383268647303,0,1,0,0,0,1,False,-1,
1067,2025-10-02 19:45:00,19,1,MARKUP,0,C,1.39579484,1.3938456216810382,1.4006678857974044,0.0019492183189617762,0.0003687566379234722,0,0,0,0,0,1,False,-1,
1214,2025-10-03 08:00:00,8,1,MARKUP,1,C,1.39643088,1.3960505329992214,1.3973817475019465,0.0003803470007786025,0.00011893400155706642,0,1,0,0,0,1,True,1227,-1.0
1242,2025-10-03 10:20:00,10,-1,MARKDOWN,2,C,1.39655654,1.3970554611802175,1.3953092370494562,0.0004989211802175486,0.00021092236043504558,0,1,1,0,0,1,True,1258,0.589279774213231
1254,2025-10-03 11:20:00,11,-1,MARKDOWN,0,C,1.3964916,1.397064993160263,1.3950581170993428,0.0005733931602629472,0.00022998632052612168,0,0,0,0,0,1,True,1257,1.3555910011033947
1278,2025-10-03 13:20:00,13,1,MARKUP,3,B,1.39618548,1.3956486027605035,1.3975276730987412,0.0005368772394964694,0.00020279447899295328,0,1,1,0,1,1,True,1302,-1.0
1290,2025-10-03 14:20:00,14,1,MARKUP,0,C,1.39619694,1.3956603330537585,1.397538457365604,0.0005366069462415801,0.00017933389248293128,0,0,0,0,0,1,True,1302,-1.0
1306,2025-10-03 15:40:00,15,-1,MARKDOWN,3,B,1.39647688,1.3970403584169704,1.3950681839575743,0.0005634784169703533,0.0002407168339410438,0,1,1,1,0,1,False,-1,
1318,2025-10-03 16:40:00,16,-1,MARKDOWN,2,C,1.3961789199999999,1.3970953128805224,1.3938879377986937,0.0009163928805224764,0.0003506257610447906,0,1,0,0,1,1,False,-1,
1330,2025-10-03 17:40:00,17,-1,MARKDOWN,1,C,1.39594972,1.3971477854116057,1.3929545564709858,0.0011980654116057199,0.00045557082321163355,0,1,0,0,0,1,False,-1,
1342,2025-10-03 18:40:00,18,-1,MARKDOWN,1,C,1.39594972,1.3971129023230937,1.3930417641922657,0.0011631823230937588,0.00038580464618770047,0,1,0,0,0,1,False,-1,
1354,2025-10-03 19:40:00,19,-1,MARKDOWN,0,C,1.3957213,1.3969612958697661,1.3926213103255844,0.0012399958697661972,0.0003025917395323036,0,0,0,0,0,1,True,1368,0.773889714539417
1366,2025-10-03 20:40:00,20,-1,MARKDOWN,0,C,1.39541848,1.3964536173585533,1.3928306366036167,0.0010351373585533175,0.0002672347171067506,0,0,0,0,0,1,True,1368,0.6818233234895488
1502,2025-10-06 08:00:00,8,-1,MARKDOWN,0,C,1.39583016,1.3967327225325248,1.3935737536686883,0.0009025625325247422,0.0001854450650493239,0,0,0,0,0,1,False,-1,
1522,2025-10-06 09:40:00,9,-1,MARKDOWN,3,B,1.3951565400000001,1.3956667126560116,1.3938811083599714,0.0005101726560114983,0.00023342531202309141,0,1,1,0,1,1,True,1523,0.9702933836826415
1546,2025-10-06 11:40:00,11,-1,MARKDOWN,2,C,1.39507846,1.3958079541424337,1.3932547246439153,0.0007294941424338397,0.0003359082848674807,0,1,1,0,0,1,True,1548,-1.0
1562,2025-10-06 13:00:00,13,1,MARKUP,1,C,1.39483086,1.3940337193243189,1.3968237116892026,0.0007971406756810406,0.00027256135136233197,0,1,0,0,0,1,False,-1,
1574,2025-10-06 14:00:00,14,1,MARKUP,2,C,1.3949492799999998,1.3940313907838802,1.397244003040299,0.0009178892161196828,0.00027721843223939486,0,1,1,0,0,1,False,-1,
1586,2025-10-06 15:00:00,15,1,MARKUP,2,C,1.39504096,1.394023525010291,1.3975845474742723,0.0010174349897089652,0.0002929499794176448,0,1,1,0,0,1,False,-1,
1598,2025-10-06 16:00:00,16,1,MARKUP,2,C,1.39542468,1.3945958648860317,1.3974967177849211,0.000828815113968373,0.00032827022793650455,0,1,1,0,0,1,True,1620,-1.0
1610,2025-10-06 17:00:00,17,1,MARKUP,1,C,1.39584682,1.3951024679229729,1.397707700192568,0.0007443520770271661,0.00033506415405441375,0,1,0,0,0,1,True,1616,-1.0
1629,2025-10-06 18:35:00,18,-1,MARKDOWN,1,C,1.39594342,1.3969544643803833,1.393415809049042,0.0010110443803832414,0.0003489287607663684,0,1,0,0,0,1,False,-1,
1641,2025-10-06 19:35:00,19,-1,MARKDOWN,1,C,1.39594342,1.3969168819655575,1.3935097650861064,0.0009734619655574761,0.00027376393111483183,0,1,0,0,0,1,False,-1,
1653,2025-10-06 20:35:00,20,-1,MARKDOWN,1,C,1.39594342,1.3968920608834765,1.393571817791309,0.0009486408834764593,0.0002241217669525873,0,0,1,0,0,1,False,-1,
1794,2025-10-07 08:20:00,8,1,MARKUP,2,C,1.3948526799999998,1.3944975563658186,1.395740489085453,0.0003551236341812203,0.00014488726836260255,0,1,1,0,0,1,False,-1,
1806,2025-10-07 09:20:00,9,1,MARKUP,1,C,1.39502884,1.3943066484076394,1.3968343189809014,0.0007221915923605327,0.00020670318472095406,0,1,0,0,0,1,False,-1,
1818,2025-10-07 10:20:00,10,1,MARKUP,1,C,1.39510906,1.394292259114896,1.3971510622127599,0.000816800885103941,0.00023548177020780138,0,1,0,0,0,1,True,1829,0.9370636161638892
1832,2025-10-07 11:30:00,11,1,MARKUP,2,C,1.39510906,1.394289925033554,1.3971568974161148,0.0008191349664459224,0.00024014993289170442,0,0,1,0,1,1,True,1856,0.9358182267304809
1868,2025-10-07 14:30:00,14,1,MARKUP,3,B,1.39568998,1.3952448859701911,1.3968027150745221,0.0004450940298088568,0.00021022805961786335,1,1,1,0,0,1,True,1874,0.5
1880,2025-10-07 15:30:00,15,1,MARKUP,1,C,1.39535446,1.3946322142914571,1.3971600742713575,0.0007222457085429568,0.0002755714170859982,0,1,0,0,0,1,True,1882,-1.0
1897,2025-10-07 16:55:00,16,-1,MARKDOWN,2,C,1.39558566,1.3964767262730151,1.3933579943174625,0.0008910662730150509,0.0003534525460299953,0,1,1,0,0,1,False,-1,
1909,2025-10-07 17:55:00,17,-1,MARKDOWN,2,C,1.39558566,1.3964935677495667,1.3933158906260834,0.0009079077495666166,0.0003871354991330534,0,1,1,0,0,1,True,1930,0.6685616972097896
1921,2025-10-07 18:55:00,18,-1,MARKDOWN,0,C,1.39537556,1.3965001045491579,1.3925641986271051,0.001124544549157891,0.0004002090983153945,0,0,0,0,0,1,True,1928,-0.4307877356772479
2078,2025-10-08 08:00:00,8,1,MARKUP,2,C,1.3958393999999998,1.395117936203592,1.3976430594910196,0.0007214637964079174,0.00014412759281619595,0,1,1,0,0,1,False,-1,
2090,2025-10-08 09:00:00,9,1,MARKUP,1,C,1.39606974,1.3953876079669725,1.3977750700825686,0.0006821320330274716,0.00016478406605520846,0,1,0,0,0,1,True,2104,-1.0
2121,2025-10-08 11:35:00,11,-1,MARKDOWN,1,C,1.39635364,1.3972388440300811,1.3941406299247974,0.0008852040300810771,0.0002576880601622419,0,1,0,0,0,1,False,-1,
2138,2025-10-08 13:00:00,13,-1,MARKDOWN,2,C,1.39635364,1.3972469755787515,1.3941203010531213,0.0008933355787514863,0.0002739511575027804,0,1,1,0,0,1,False,-1,
2150,2025-10-08 14:00:00,14,-1,MARKDOWN,2,C,1.39610152,1.39722601345569,1.393290286360775,0.00112449345568999,0.00023202691138001196,0,1,1,0,0,1,False,-1,
2162,2025-10-08 15:00:00,15,-1,MARKDOWN,2,C,1.39558904,1.396573900630066,1.3931268884248351,0.0009848606300659757,0.00022780126013170586,0,1,1,0,0,1,False,-1,
2174,2025-10-08 16:00:00,16,-1,MARKDOWN,2,C,1.39500702,1.3960502877127197,1.3923988507182008,0.0010432677127196754,0.00026057542543913995,0,1,1,0,0,1,True,2187,-1.0
2186,2025-10-08 17:00:00,17,-1,MARKDOWN,1,C,1.3948695,1.3960906126211896,1.3918167184470258,0.001221112621189624,0.0003412252423789071,1,0,0,0,0,1,True,2187,-1.0
2217,2025-10-08 19:35:00,19,1,MARKUP,2,C,1.39426252,1.3930037808573525,1.3974093678566188,0.0012587391426475136,0.0003324382852947628,0,1,1,0,0,1,False,-1,
2229,2025-10-08 20:35:00,20,1,MARKUP,2,C,1.39428926,1.3930308120544166,1.3974353798639587,0.0012584479455834963,0.0002783758911669098,0,1,1,0,0,1,False,-1,
2366,2025-10-09 08:00:00,8,-1,MARKDOWN,1,C,1.39459274,1.3953904598939932,1.392598440265017,0.0007977198939932428,0.00012091978798661266,0,1,0,0,0,1,True,2380,-1.0
2390,2025-10-09 10:00:00,10,1,MARKUP,1,C,1.39450364,1.393220423623672,1.3977116809408197,0.0012832163763278892,0.00025915275265551475,0,1,0,0,0,1,False,-1,
2402,2025-10-09 11:00:00,11,1,MARKUP,2,C,1.39450364,1.39321787386965,1.397718055325875,0.00128576613035003,0.00026425226069977836,0,1,1,0,0,1,False,-1,
2463,2025-10-09 16:05:00,16,-1,MARKDOWN,1,C,1.3953043200000002,1.3963389062948677,1.3927178542628313,0.0010345862948675233,0.0003578125897350239,0,1,0,0,0,1,True,2468,-1.0
2475,2025-10-09 17:05:00,17,1,MARKUP,2,C,1.39557406,1.3936780752985538,1.4003140217536152,0.0018959847014461406,0.00048384940289266146,0,1,1,0,0,1,False,-1,
2487,2025-10-09 18:05:00,18,1,MARKUP,2,C,1.39670096,1.3936602026503047,1.4043028533742383,0.0030407573496953333,0.0005195946993909361,0,1,1,0,0,1,False,-1,
2499,2025-10-09 19:05:00,19,1,MARKUP,2,C,1.39704476,1.393676772924119,1.4054647276897023,0.0033679870758809294,0.00048645415176206476,0,1,1,0,0,1,False,-1,
2511,2025-10-09 20:05:00,20,1,MARKUP,2,C,1.3972395800000001,1.3936994568743175,1.4060898878142067,0.003540123125682637,0.00044108625136504595,0,1,1,0,0,1,False,-1,
2668,2025-10-10 09:10:00,9,1,MARKUP,3,B,1.40167504,1.4013103058838365,1.4025868752904085,0.0003647341161634454,0.00017938823232692573,0,1,1,1,0,1,False,-1,
2680,2025-10-10 10:10:00,10,1,MARKUP,2,C,1.40213838,1.4011820659105965,1.4045291652235088,0.0009563140894035538,0.0003158681788072047,0,1,0,1,1,1,True,2691,-1.0
2731,2025-10-10 14:25:00,14,-1,MARKDOWN,2,C,1.40261634,1.4035590712602077,1.4002595118494807,0.0009427312602077187,0.0002581425204157564,0,1,1,0,0,1,False,-1,
2743,2025-10-10 15:25:00,15,-1,MARKDOWN,2,C,1.40207992,1.4027913612392133,1.4003013169019667,0.0007114412392132952,0.00032272247842675227,0,1,1,0,0,1,False,-1,
2755,2025-10-10 16:25:00,16,-1,MARKDOWN,2,C,1.40049224,1.4025338845558482,1.3953881286103793,0.00204164455584821,0.0005077691116964423,0,1,0,1,0,1,False,-1,
2767,2025-10-10 17:25:00,17,-1,MARKDOWN,1,C,1.40049224,1.402513225227687,1.395439776930782,0.002020985227687122,0.00046645045537436504,0,1,0,0,0,1,True,2780,0.43653955898014446
2968,2025-10-13 10:10:00,10,1,MARKUP,2,C,1.3991565799999999,1.3981503389422385,1.4016721826444032,0.00100624105776137,0.0003393221155227952,0,1,1,0,0,1,False,-1,
2980,2025-10-13 11:10:00,11,1,MARKUP,2,C,1.39955816,1.3986775910614282,1.4017595823464295,0.0008805689385718019,0.0003248178771434296,0,1,1,0,0,1,False,-1,
3002,2025-10-13 13:00:00,13,1,MARKUP,1,C,1.3996956799999998,1.3987246132095355,1.4021233469761607,0.0009710667904643255,0.00023077358092876747,0,0,1,0,0,1,False,-1,
3021,2025-10-13 14:35:00,14,1,MARKUP,2,C,1.39993052,1.399081592050375,1.4020528398740628,0.0008489279496251001,0.0002768158992502119,0,1,1,0,0,1,False,-1,
3033,2025-10-13 15:35:00,15,1,MARKUP,2,C,1.40033884,1.399579260427761,1.4022377889305977,0.0007595795722390442,0.0002814791444782291,0,1,0,0,1,1,False,-1,
3045,2025-10-13 16:35:00,16,1,MARKUP,1,C,1.4005489400000002,1.3995796901538844,1.4029720646152897,0.0009692498461157939,0.00028061969223152895,0,1,0,0,0,1,False,-1,
3057,2025-10-13 17:35:00,17,1,MARKUP,1,C,1.40111048,1.3995356876849068,1.4050474607877332,0.0015747923150932763,0.00036862463018658836,0,1,0,0,0,1,False,-1,
3069,2025-10-13 18:35:00,18,1,MARKUP,1,C,1.40112958,1.3995372412284384,1.4051104269289043,0.0015923387715617299,0.0003655175431235108,0,1,0,0,0,1,False,-1,
3081,2025-10-13 19:35:00,19,1,MARKUP,2,C,1.4015251,1.4002039161546953,1.4048280596132616,0.0013211838453046632,0.00031216769060950705,0,1,1,0,0,1,False,-1,
3093,2025-10-13 20:35:00,20,1,MARKUP,2,C,1.40198006,1.4009537788917847,1.4045457627705384,0.0010262811082153434,0.00027244221643030604,0,1,1,0,0,1,False,-1,
3230,2025-10-14 08:00:00,8,1,MARKUP,1,C,1.40384098,1.403208277298882,1.405422736752795,0.0006327027011179265,0.00020344540223600304,0,1,0,0,0,1,False,-1,
3242,2025-10-14 09:00:00,9,1,MARKUP,2,C,1.40406636,1.403182623763057,1.4062757005923578,0.0008837362369431556,0.0002547524738862558,0,1,1,0,0,1,False,-1,
3254,2025-10-14 10:00:00,10,1,MARKUP,3,B,1.4044724199999998,1.4034183253746793,1.4071076565633014,0.0010540946253205785,0.0003433492506413706,0,1,1,0,1,1,False,-1,
3266,2025-10-14 11:00:00,11,1,MARKUP,1,C,1.4050061200000001,1.4037820944960266,1.4080661837599338,0.0012240255039734915,0.00041581100794672393,0,1,0,0,0,1,False,-1,
3290,2025-10-14 13:00:00,13,1,MARKUP,2,C,1.40528892,1.4039682913865332,1.408590491533667,0.0013206286134668233,0.00030341722693377526,0,1,1,0,0,1,False,-1,
3302,2025-10-14 14:00:00,14,1,MARKUP,1,C,1.40602622,1.4046546556487953,1.4094551308780117,0.0013715643512046682,0.0002906887024095864,0,1,0,0,0,1,False,-1,
3314,2025-10-14 15:00:00,15,1,MARKUP,1,C,1.406156,1.4048488900877445,1.4094237747806386,0.0013071099122554664,0.000322219824510552,1,0,0,0,0,1,True,3331,-1.0
3326,2025-10-14 16:00:00,16,1,MARKUP,2,C,1.40642174,1.4052702982972012,1.4093003442569974,0.0011514417027989055,0.00033940340559747716,0,1,0,0,1,1,True,3329,-1.0
3343,2025-10-14 17:25:00,17,-1,MARKDOWN,1,C,1.40619932,1.4082599145407257,1.4010478336481857,0.002060594540725713,0.0004998290814515736,0,1,0,0,0,1,False,-1,
3355,2025-10-14 18:25:00,18,-1,MARKDOWN,1,C,1.40609618,1.4082444621598078,1.4007254746004807,0.0021482821598077795,0.0004689243196154398,0,1,0,0,0,1,False,-1,
3367,2025-10-14 19:25:00,19,-1,MARKDOWN,0,C,1.40577482,1.4077286309333725,1.4008902926665687,0.001953810933372546,0.00047726186674474665,0,0,0,0,0,1,False,-1,
3380,2025-10-14 20:30:00,20,-1,MARKDOWN,2,C,1.40577482,1.4077187614801543,1.4009149662996143,0.0019439414801543098,0.0004575229603084289,0,1,1,0,0,1,False,-1,
3518,2025-10-15 08:00:00,8,-1,MARKDOWN,2,C,1.4042106,1.4049443652929765,1.402376186767559,0.0007337652929764182,0.00016873058595322918,0,1,1,0,0,1,False,-1,
3530,2025-10-15 09:00:00,9,-1,MARKDOWN,2,C,1.4040128399999998,1.4046307293317262,1.402468116670684,0.0006178893317263512,0.00018145866345255614,0,1,1,0,0,1,True,3553,0.6610705504110941
3542,2025-10-15 10:00:00,10,-1,MARKDOWN,2,C,1.4034507,1.4040181064763262,1.4020321838091847,0.0005674064763261377,0.00025621295265224243,0,1,0,0,1,1,True,3544,-1.0
3565,2025-10-15 11:55:00,11,1,MARKUP,1,C,1.40342378,1.4025943016418168,1.4054974758954581,0.0008294783581832554,0.00029139671636664827,0,1,0,0,0,1,False,-1,
3578,2025-10-15 13:00:00,13,1,MARKUP,0,C,1.40342378,1.402616232832393,1.4054426479190174,0.0008075471676070034,0.00024753433521404656,0,0,0,0,0,1,True,3595,0.8789107680621395
3601,2025-10-15 14:55:00,14,1,MARKUP,2,C,1.4035103000000002,1.4027685855450163,1.40536458613746,0.0007417144549839438,0.00022282890996763098,0,1,1,0,0,1,False,-1,
3613,2025-10-15 15:55:00,15,1,MARKUP,2,C,1.4041616399999999,1.4032096250919597,1.4065416772701003,0.0009520149080401996,0.00036074981608027004,0,1,1,0,0,1,True,3621,-1.0
3625,2025-10-15 16:55:00,16,1,MARKUP,1,C,1.4041616399999999,1.4031740527604295,1.4066306080989257,0.0009875872395703755,0.00043189447914071386,1,0,0,0,0,1,True,3626,-1.0
3645,2025-10-15 18:35:00,18,-1,MARKDOWN,2,C,1.40438624,1.405613726450418,1.401317523873955,0.001227486450418036,0.0004074529008359387,0,1,1,0,0,1,True,3663,-1.0
3657,2025-10-15 19:35:00,19,-1,MARKDOWN,1,C,1.4043595,1.4055846962517153,1.4012965093707117,0.0012251962517153547,0.00034939250343067374,0,1,0,0,0,1,True,3663,-1.0
3669,2025-10-15 20:35:00,20,1,MARKUP,1,C,1.4039358800000001,1.402437686574659,1.407681363563353,0.0014981934253410767,0.0004446268506819295,0,1,0,0,0,1,False,-1,
3823,2025-10-16 09:25:00,9,-1,MARKDOWN,3,B,1.40290036,1.4034199773811142,1.4016013165472145,0.000519617381114168,0.0002599547622287248,1,1,1,0,0,1,True,3824,-1.0
3866,2025-10-16 13:00:00,13,1,MARKUP,2,C,1.40335558,1.4025961752918767,1.405254091770308,0.0007594047081231903,0.0002276494162463768,0,1,1,0,0,1,False,-1,
3878,2025-10-16 14:00:00,14,1,MARKUP,1,C,1.40335558,1.402612628214333,1.4052129594641674,0.0007429517856669676,0.0001947435713339588,0,1,0,0,0,1,False,-1,
3890,2025-10-16 15:00:00,15,1,MARKUP,1,C,1.40393726,1.4030508720499202,1.4061532298751995,0.0008863879500797811,0.0002982559001594283,0,1,0,0,0,1,False,-1,
3902,2025-10-16 16:00:00,16,1,MARKUP,2,C,1.40419702,1.403018679461839,1.4071428713454028,0.0011783405381611267,0.00036264107632239553,0,1,1,0,0,1,True,3906,0.6797775791266725
3914,2025-10-16 17:00:00,17,1,MARKUP,2,C,1.4044380399999998,1.4033592265091566,1.407135073727108,0.0010788134908432667,0.0004615469816868693,0,0,1,0,1,1,True,3916,0.7807232553481049
3935,2025-10-16 18:45:00,18,1,MARKUP,2,C,1.40465434,1.4037450544887218,1.4069275537781956,0.0009092855112782239,0.0003898910225561694,0,1,1,0,0,1,True,3937,0.7141220030980087
3947,2025-10-16 19:45:00,19,1,MARKUP,1,C,1.40453264,1.4033515925099511,1.407485258725122,0.001181047490048881,0.0004368149800977777,0,1,0,0,0,1,True,3949,0.8241878951944099
4094,2025-10-17 08:00:00,8,-1,MARKDOWN,2,C,1.40440542,1.404943798823792,1.40305947294052,0.0005383788237920406,0.0001675976475842994,0,1,1,0,0,1,True,4108,-1.0
4106,2025-10-17 09:00:00,9,-1,MARKDOWN,2,C,1.40459026,1.405301101327119,1.4028131566822024,0.0007108413271190717,0.0002222026542380272,0,1,1,0,0,1,True,4108,-1.0
4120,2025-10-17 10:10:00,10,1,MARKUP,3,B,1.40452152,1.4034592966667725,1.407177078333069,0.0010622233332275854,0.00032140666645516476,0,1,1,0,1,1,False,-1,
4132,2025-10-17 11:10:00,11,1,MARKUP,2,C,1.4048156600000001,1.4034297215001306,1.4082805062496742,0.0013859384998695656,0.0003805569997391435,0,1,1,0,0,1,True,4144,-1.0
4160,2025-10-17 13:30:00,13,-1,MARKDOWN,2,C,1.40393518,1.4042826509143134,1.4030665027142164,0.00034747091431341914,0.0003053018286270793,0,1,1,0,0,1,True,4181,-1.0
4172,2025-10-17 14:30:00,14,-1,MARKDOWN,2,C,1.405222,1.406925181140623,1.4009640471484426,0.0017031811406229558,0.0003503622812459933,0,1,1,0,0,1,False,-1,
4185,2025-10-17 15:35:00,15,-1,MARKDOWN,1,C,1.40476468,1.406202398872481,1.4011703828187976,0.0014377188724810086,0.000384797744962071,0,0,0,0,1,1,True,4201,1.4439314392142737
4215,2025-10-17 18:05:00,18,1,MARKUP,1,C,1.40375466,1.402518640735947,1.4068447081601325,0.0012360192640530343,0.000462718528105961,0,1,0,0,0,1,True,4229,-1.0
4227,2025-10-17 19:05:00,19,1,MARKUP,0,C,1.40375466,1.4025254585830291,1.406827663542427,0.0012292014169708043,0.0004490828339415524,0,0,0,0,0,1,True,4229,-1.0
4240,2025-10-17 20:10:00,20,-1,MARKDOWN,2,C,1.40462364,1.405558347701241,1.4022868707468978,0.0009347077012409333,0.0003566954024816968,0,1,1,0,0,1,False,-1,
4403,2025-10-20 09:45:00,9,1,MARKUP,1,C,1.4013936599999999,1.4004672818125554,1.403709605468611,0.0009263781874444543,0.00022543637488907085,0,1,0,0,0,1,False,-1,
4415,2025-10-20 10:45:00,10,1,MARKUP,2,C,1.40163624,1.4006156858252095,1.4041876254369763,0.0010205541747905222,0.00026862834958099634,0,1,1,0,0,1,False,-1,
4427,2025-10-20 11:45:00,11,1,MARKUP,2,C,1.40181388,1.4007993773491083,1.404350136627229,0.0010145026508916466,0.00024124530178348032,0,1,1,0,0,1,False,-1,
4442,2025-10-20 13:00:00,13,1,MARKUP,2,C,1.4019520799999998,1.400905834975468,1.4045676925613295,0.0010462450245318777,0.00022833004906376678,0,1,1,0,0,1,False,-1,
4454,2025-10-20 14:00:00,14,1,MARKUP,1,C,1.40242906,1.401624309128191,1.4044409371795226,0.0008047508718089791,0.00021138174361759335,0,1,0,0,0,1,False,-1,
4466,2025-10-20 15:00:00,15,1,MARKUP,2,C,1.40294568,1.40195934824127,1.405411509396825,0.0009863317587299747,0.00026130351746019286,0,1,1,0,0,1,False,-1,
4478,2025-10-20 16:00:00,16,1,MARKUP,3,B,1.4035786000000001,1.4025514414790115,1.4061464963024717,0.0010271585209886691,0.00029711704197739515,0,1,1,1,0,1,True,4492,-0.037579399100887735
4490,2025-10-20 17:00:00,17,1,MARKUP,1,C,1.40362444,1.4025392531160727,1.406337407209818,0.001085186883927225,0.00032149376785455685,1,0,0,0,0,1,True,4492,-0.07781148228992617
4670,2025-10-21 08:00:00,8,1,MARKUP,0,C,1.40385152,1.4028838487182549,1.4062706982043625,0.0009676712817450195,0.00013230256349023353,0,0,0,0,0,1,False,-1,
4682,2025-10-21 09:00:00,9,1,MARKUP,2,C,1.4044096,1.403251775272761,1.4073041618180975,0.0011578247272390207,0.00017644945447840995,0,1,1,0,0,1,False,-1,
4694,2025-10-21 10:00:00,10,1,MARKUP,2,C,1.40497816,1.4041433192979378,1.4070652617551556,0.0008348407020621895,0.00023336140412435447,0,1,1,0,0,1,False,-1,
4706,2025-10-21 11:00:00,11,1,MARKUP,3,B,1.40539558,1.4046015864842172,1.407380563789457,0.0007939935157827982,0.0002968270315656902,0,1,1,0,1,1,True,4725,-1.0
4756,2025-10-21 15:10:00,15,-1,MARKDOWN,2,C,1.4056359,1.4067567170543747,1.4028338573640635,0.001120817054374612,0.0002934341087488556,0,1,1,0,0,1,False,-1,
4768,2025-10-21 16:10:00,16,-1,MARKDOWN,2,C,1.40462742,1.4068465901161729,1.3990794947095677,0.002219170116172897,0.00047318023234556344,0,1,0,0,1,1,False,-1,
4780,2025-10-21 17:10:00,17,-1,MARKDOWN,2,C,1.4043246,1.4064056416235908,1.399121995941023,0.002081041623590796,0.0005712832471816162,0,1,1,0,0,1,False,-1,
4792,2025-10-21 18:10:00,18,-1,MARKDOWN,1,C,1.40410336,1.4060863537299633,1.3991458756750914,0.001982993729963356,0.0005127074599268087,0,1,0,0,0,1,False,-1,
4804,2025-10-21 19:10:00,19,-1,MARKDOWN,1,C,1.4031828,1.405174342041866,1.3982039448953345,0.0019915420418661345,0.0004686840837321071,0,1,0,0,0,1,False,-1,
4816,2025-10-21 20:10:00,20,-1,MARKDOWN,1,C,1.40292324,1.4047315130067604,1.3984025574830992,0.0018082730067603414,0.00042302601352073554,0,0,1,0,0,1,False,-1,
4958,2025-10-22 08:00:00,8,-1,MARKDOWN,2,C,1.40120016,1.402074478192362,1.3990143645190947,0.0008743181923620558,0.00012895638472417803,0,1,1,0,0,1,False,-1,
4970,2025-10-22 09:00:00,9,-1,MARKDOWN,1,C,1.40074746,1.4015964955402418,1.3986248711493956,0.0008490355402417382,0.00019299108048354338,0,1,0,0,0,1,True,4984,-1.0
4982,2025-10-22 10:00:00,10,-1,MARKDOWN,2,C,1.40022902,1.400885228474324,1.3985884988141901,0.000656208474324016,0.0002504569486480014,1,0,0,0,1,1,True,4983,-1.0
5018,2025-10-22 13:00:00,13,1,MARKUP,1,C,1.40018366,1.3992439407723336,1.4025329580691657,0.0009397192276663358,0.00025211845533300916,0,1,0,0,0,1,False,-1,
5030,2025-10-22 14:00:00,14,1,MARKUP,2,C,1.4004739800000001,1.3992537302430326,1.403524604392419,0.0012202497569675508,0.00023253951393470125,0,1,1,0,0,1,False,-1,
5042,2025-10-22 15:00:00,15,1,MARKUP,1,C,1.4012933,1.3999618373505314,1.404621956623672,0.0013314626494687065,0.0002563252989371578,0,1,0,0,0,1,True,5061,-1.0
5054,2025-10-22 16:00:00,16,1,MARKUP,1,C,1.40150342,1.4002808227658146,1.4045599130854638,0.0012225972341854963,0.0002983544683711151,0,0,1,0,0,1,True,5060,-1.0
5070,2025-10-22 17:20:00,17,-1,MARKDOWN,2,C,1.40135674,1.4035003849345966,1.3959976276635084,0.0021436449345966224,0.000520769869193274,0,1,1,0,0,1,False,-1,
5082,2025-10-22 18:20:00,18,-1,MARKDOWN,1,C,1.40135674,1.4034950265838522,1.3960110235403695,0.002138286583852178,0.000510053167704369,0,1,0,0,0,1,False,-1,
5094,2025-10-22 19:20:00,19,-1,MARKDOWN,1,C,1.4011772,1.403466170210667,1.3954547744733325,0.002288970210666985,0.0004523404213340447,0,1,0,0,0,1,False,-1,
5106,2025-10-22 20:20:00,20,-1,MARKDOWN,0,C,1.40091248,1.403180205240625,1.395243166898437,0.002267725240625129,0.00044041048125001577,0,0,0,0,0,1,False,-1,
5270,2025-10-23 10:00:00,10,-1,MARKDOWN,2,C,1.39982532,1.4006097691504893,1.3978641971237766,0.0007844491504893636,0.00023953830097836793,0,1,1,0,0,1,False,-1,
5282,2025-10-23 11:00:00,11,-1,MARKDOWN,1,C,1.3996664399999998,1.400396972646485,1.3978401083837868,0.0007305326464852602,0.00025394529297028654,0,0,1,0,0,1,True,5285,0.6033538801021624
5319,2025-10-23 14:05:00,14,1,MARKUP,1,C,1.39912166,1.3985955088615414,1.4004370378461468,0.0005261511384586637,0.00018898227691741085,0,1,0,0,0,1,True,5336,0.5
5332,2025-10-23 15:10:00,15,1,MARKUP,0,C,1.39921604,1.3986424329392044,1.400650057651989,0.0005736070607955668,0.0002151341215910469,0,0,0,0,0,1,True,5336,-1.0
5344,2025-10-23 16:10:00,16,-1,MARKDOWN,2,C,1.39948104,1.4001268086089522,1.3978666184776194,0.0006457686089522685,0.00031361721790454914,0,1,0,0,1,1,True,5367,-1.0
5356,2025-10-23 17:10:00,17,-1,MARKDOWN,2,C,1.39921364,1.4001291147735029,1.3969249530662426,0.0009154747735029556,0.0003182295470057077,0,1,0,0,1,1,True,5366,-1.0
5389,2025-10-23 19:55:00,19,1,MARKUP,2,C,1.39888006,1.397840849381682,1.4014780865457948,0.0010392106183179095,0.00029830123663610633,0,1,1,0,0,1,True,5410,-1.0
5534,2025-10-24 08:00:00,8,1,MARKUP,2,C,1.4001260800000002,1.3983245618328417,1.4046298754178963,0.0018015181671584557,0.00021087633431679406,0,1,1,0,0,1,False,-1,
5546,2025-10-24 09:00:00,9,1,MARKUP,1,C,1.40037328,1.3987214542000654,1.4045028444998362,0.0016518257999345032,0.00021709159986905134,0,1,0,0,0,1,False,-1,
5558,2025-10-24 10:00:00,10,1,MARKUP,1,C,1.4005030600000001,1.398905742283823,1.4044963542904432,0.0015973177161772156,0.0002685154323543973,0,0,1,0,0,1,True,5566,0.9805650011626925
5572,2025-10-24 11:10:00,11,1,MARKUP,2,C,1.40102468,1.4002040087083967,1.403076358229008,0.0008206712916032366,0.0003119825832068839,0,1,1,0,0,1,False,-1,
5594,2025-10-24 13:00:00,13,1,MARKUP,1,C,1.40118838,1.4002734047890317,1.4034758180274207,0.0009149752109682829,0.0002331904219367028,0,1,0,0,0,1,False,-1,
5606,2025-10-24 14:00:00,14,1,MARKUP,2,C,1.40132972,1.4002740777551408,1.4039688256121476,0.0010556422448591007,0.00023184448971868565,0,1,1,0,0,1,True,5624,-1.0
5618,2025-10-24 15:00:00,15,1,MARKUP,0,C,1.40147488,1.4002520694562188,1.4045319063594532,0.0012228105437812609,0.0002758610875625616,0,0,0,0,0,1,True,5624,-1.0
5639,2025-10-24 16:45:00,16,1,MARKUP,2,C,1.4023638999999999,1.4015370029503957,1.4044311426240101,0.0008268970496041472,0.0005459940992087402,0,1,1,0,0,1,True,5655,-1.0
5651,2025-10-24 17:45:00,17,1,MARKUP,1,C,1.4014936199999999,1.3997521526073198,1.4058472884817002,0.0017414673926801072,0.0004956947853604453,0,1,0,0,0,1,True,5659,-1.0
5676,2025-10-24 19:50:00,19,-1,MARKDOWN,2,C,1.40201468,1.403414009341769,1.3985163566455772,0.0013993293417691177,0.0003080186835383742,0,1,1,0,0,1,False,-1,
5688,2025-10-24 20:50:00,20,-1,MARKDOWN,1,C,1.402573,1.4040275717145598,1.3989365707136008,0.0014545717145597603,0.00023514342911957903,0,1,0,0,0,1,False,-1,
5834,2025-10-27 09:00:00,9,-1,MARKDOWN,2,C,1.3987117199999999,1.3993939845597692,1.3970060586005766,0.0006822645597692745,0.00018796911953850495,0,1,1,0,0,1,False,-1,
5846,2025-10-27 10:00:00,10,-1,MARKDOWN,2,C,1.39853982,1.3994037948541467,1.3963798828646337,0.0008639748541465764,0.0002075897082933031,0,1,1,0,0,1,False,-1,
5858,2025-10-27 11:00:00,11,-1,MARKDOWN,2,C,1.398536,1.399416387299552,1.39633503175112,0.0008803872995519768,0.00023277459910415332,0,1,1,0,0,1,False,-1,
5882,2025-10-27 13:00:00,13,-1,MARKDOWN,0,C,1.3983695999999999,1.3993384253978636,1.3959475365053406,0.0009688253978636929,0.0002568507957268497,0,0,0,0,0,1,False,-1,
5897,2025-10-27 14:15:00,14,-1,MARKDOWN,1,C,1.3977083399999999,1.3982469043617622,1.396361929095594,0.0005385643617623614,0.00021380872352443355,0,0,1,0,0,1,True,5898,-1.0
5927,2025-10-27 16:45:00,16,1,MARKUP,2,C,1.39804522,1.3968637959135493,1.4009987802161268,0.001181424086450722,0.0002924081729010798,0,1,1,0,0,1,False,-1,
5939,2025-10-27 17:45:00,17,1,MARKUP,1,C,1.39847306,1.3968359074125258,1.4025659414686853,0.0016371525874741,0.0003481851749482392,0,1,0,0,0,1,False,-1,
5951,2025-10-27 18:45:00,18,1,MARKUP,2,C,1.39871408,1.3972186253819976,1.4024527165450058,0.0014954546180023787,0.00036274923600489596,0,1,1,0,0,1,False,-1,
5963,2025-10-27 19:45:00,19,1,MARKUP,1,C,1.39875116,1.397304690014424,1.40236733496394,0.001446469985576071,0.00031061997115192395,0,0,1,0,0,1,False,-1,
6110,2025-10-28 08:00:00,8,-1,MARKDOWN,1,C,1.39897632,1.399523335375074,1.3976087815623153,0.0005470153750739559,0.00014667075014765786,0,1,0,0,0,1,True,6117,-1.0
6126,2025-10-28 09:20:00,9,1,MARKUP,1,C,1.39871042,1.3981178679016866,1.4001918002457836,0.0005925520983134369,0.00018426419662677848,0,1,0,0,0,1,False,-1,
6138,2025-10-28 10:20:00,10,1,MARKUP,2,C,1.39903894,1.3981187360547822,1.4013394498630447,0.0009202039452178568,0.00018252789043528425,0,1,1,0,0,1,False,-1,
6150,2025-10-28 11:20:00,11,1,MARKUP,1,C,1.39903894,1.398096286800628,1.4013955729984304,0.0009426531993721454,0.00022742639874399092,0,1,0,0,0,1,False,-1,
6197,2025-10-28 15:15:00,15,1,MARKUP,4,A,1.39994818,1.399460262968049,1.4011679725798774,0.00048791703195094627,0.00021947406390196095,1,1,1,1,0,1,True,6198,-1.0
6219,2025-10-28 17:05:00,17,-1,MARKDOWN,2,C,1.39942984,1.400716745714888,1.3962125757127803,0.001286905714887876,0.000373491429775609,0,1,1,0,0,1,False,-1,
6231,2025-10-28 18:05:00,18,-1,MARKDOWN,2,C,1.39837292,1.4004689545034001,1.3931328337414994,0.0020960345034002348,0.00041790900680000647,0,1,1,0,0,1,False,-1,
6243,2025-10-28 19:05:00,19,-1,MARKDOWN,1,C,1.39769296,1.4004728450074795,1.3907432474813017,0.002779885007479388,0.0004256900149588918,0,1,0,0,0,1,False,-1,
6255,2025-10-28 20:05:00,20,-1,MARKDOWN,1,C,1.39769296,1.4004514928981266,1.3907966277546837,0.0027585328981265533,0.00038298579625301596,0,1,0,0,0,1,False,-1,
6421,2025-10-29 09:55:00,9,-1,MARKDOWN,3,B,1.39385912,1.3942642328123191,1.3928463379692018,0.00040511281231925267,0.00016846562463821574,0,1,1,1,1,1,True,6437,-1.0
6433,2025-10-29 10:55:00,10,-1,MARKDOWN,1,C,1.3937077999999998,1.3946352815241898,1.391389096189525,0.000927481524189977,0.00025056304837992906,0,1,0,0,0,1,True,6436,-1.0
6458,2025-10-29 13:00:00,13,1,MARKUP,2,C,1.3933841,1.3922892396163797,1.3961212509590508,0.0010948603836202775,0.00024152076724027018,0,1,1,0,0,1,False,-1,
6475,2025-10-29 14:25:00,14,1,MARKUP,2,C,1.3933841,1.3922936174276999,1.3961103064307503,0.0010904825723001554,0.000232765144600204,0,1,1,0,0,1,True,6491,-1.0
6493,2025-10-29 15:55:00,15,-1,MARKDOWN,1,C,1.39319754,1.3935461287119861,1.392326068220035,0.0003485887119860642,0.0002922574239721127,0,1,0,0,0,1,False,-1,
6505,2025-10-29 16:55:00,16,-1,MARKDOWN,1,C,1.3936344600000001,1.3951876738833717,1.3897514252915713,0.0015532138833715958,0.00045534776674346786,0,1,0,0,0,1,False,-1,
6517,2025-10-29 17:55:00,17,-1,MARKDOWN,2,C,1.39300942,1.3948156130062501,1.388493937484375,0.0018061930062500675,0.00041122601250003003,0,1,1,0,0,1,False,-1,
6529,2025-10-29 18:55:00,18,-1,MARKDOWN,1,C,1.39239058,1.3948187253313378,1.3863202166716557,0.0024281453313377277,0.00041745066267508504,0,1,0,0,0,1,False,-1,
6541,2025-10-29 19:55:00,19,-1,MARKDOWN,2,C,1.3920877600000001,1.3942950525610251,1.3865695285974375,0.0022072925610250316,0.0003501051220501014,0,1,1,0,0,1,True,6561,-1.0
6553,2025-10-29 20:55:00,20,-1,MARKDOWN,0,C,1.3915068400000001,1.3933426003878524,1.3869174390303693,0.00183576038785227,0.00032520077570449623,0,0,0,0,0,1,True,6556,-1.0
6695,2025-10-30 08:45:00,8,-1,MARKDOWN,3,B,1.39370352,1.3944590269249726,1.3918147526875688,0.0007555069249725044,0.00025805384994504577,0,1,1,0,1,1,True,6706,-1.0
6707,2025-10-30 09:45:00,9,-1,MARKDOWN,2,C,1.39370352,1.3944631663086569,1.3918044042283582,0.0007596463086567695,0.00026633261731342654,1,0,1,0,0,1,True,6708,-1.0
6719,2025-10-30 10:45:00,10,1,MARKUP,2,C,1.39333558,1.3925376843288086,1.3953303191779785,0.0007978956711913732,0.0003046313423827202,0,1,1,0,0,1,False,-1,
6731,2025-10-30 11:45:00,11,1,MARKUP,2,C,1.39360298,1.3925279436082143,1.3962905709794644,0.0010750363917857442,0.0003241127835713557,0,1,1,0,0,1,False,-1,
6746,2025-10-30 13:00:00,13,1,MARKUP,1,C,1.39386366,1.3929155731297853,1.396233877175537,0.0009480868702147482,0.0002688537404294727,0,1,0,0,0,1,False,-1,
6758,2025-10-30 14:00:00,14,1,MARKUP,2,C,1.3941995999999999,1.393008857992445,1.3971764550188874,0.001190742007554979,0.00024228401511017727,0,1,1,0,0,1,False,-1,
6770,2025-10-30 15:00:00,15,1,MARKUP,2,C,1.39543618,1.3933655148495876,1.4006128428760307,0.002070665150412321,0.0003289703008248818,0,1,1,0,0,1,False,-1,
6782,2025-10-30 16:00:00,16,1,MARKUP,2,C,1.39652288,1.393720161179701,1.4035296770507477,0.0028027188202990327,0.0003796776405979942,0,1,1,0,0,1,False,-1,
6794,2025-10-30 17:00:00,17,1,MARKUP,0,C,1.39709546,1.3941504418596353,1.404458005350912,0.0029450181403647413,0.0005191162807293708,0,0,0,0,0,1,False,-1,
6806,2025-10-30 18:00:00,18,1,MARKUP,0,C,1.39724378,1.3943857943465605,1.4043887441335985,0.002857985653439421,0.0005284113068789413,0,0,0,0,0,1,False,-1,
6974,2025-10-31 08:00:00,8,1,MARKUP,1,C,1.39834694,1.3978410836381767,1.399611580904558,0.0005058563618232093,0.00011783272364649359,0,0,1,0,0,1,False,-1,
6986,2025-10-31 09:00:00,9,1,MARKUP,2,C,1.3984653599999999,1.3978246525748284,1.4000671285629287,0.0006407074251715272,0.000150694850343201,0,1,1,0,0,1,False,-1,
6998,2025-10-31 10:00:00,10,1,MARKUP,2,C,1.399145,1.3980904408831438,1.4017813977921407,0.0010545591168562574,0.00019911823371265112,0,1,1,0,0,1,False,-1,
7010,2025-10-31 11:00:00,11,1,MARKUP,2,C,1.39956028,1.3984708889385618,1.4022837576535956,0.0010893910614382385,0.00023822212287650371,0,1,0,0,1,1,True,7015,0.9830422746529283
7034,2025-10-31 13:00:00,13,1,MARKUP,1,C,1.3996468,1.3986204384533671,1.402212703866582,0.0010263615466328257,0.00021912309326570524,0,1,0,0,0,1,False,-1,
7046,2025-10-31 14:00:00,14,1,MARKUP,1,C,1.3999689400000002,1.3990379119360523,1.4022965101598697,0.0009310280639478474,0.00020417612789535653,0,1,0,0,0,1,False,-1,
7058,2025-10-31 15:00:00,15,1,MARKUP,1,C,1.40043152,1.399403196548092,1.40300232862977,0.0010283234519079532,0.000253606903815976,0,1,0,0,0,1,False,-1,
7070,2025-10-31 16:00:00,16,1,MARKUP,2,C,1.4010198,1.3993502565871552,1.405193658532112,0.001669543412844865,0.00035948682568970786,0,1,1,0,0,1,True,7085,0.17980963998327518
7086,2025-10-31 17:20:00,17,1,MARKUP,2,C,1.40162184,1.4001995101974927,1.4051776645062684,0.0014223298025073383,0.00046097960501494204,1,0,1,0,0,1,True,7088,-1.0
7262,2025-11-03 08:00:00,8,-1,MARKDOWN,1,C,1.4017452,1.402342986101525,1.400250734746187,0.0005977861015251662,0.0001259722030500718,0,1,0,0,0,1,True,7283,-1.0
7274,2025-11-03 09:00:00,9,-1,MARKDOWN,2,C,1.40156598,1.402061561637705,1.4003270259057374,0.0004955816377050226,0.00014312327540982672,0,1,1,0,0,1,True,7283,-1.0
7289,2025-11-03 10:15:00,10,1,MARKUP,1,C,1.40138952,1.4007626337859975,1.4029567355350059,0.0006268862140024201,0.00021473242800527735,0,1,0,0,0,1,False,-1,
7301,2025-11-03 11:15:00,11,1,MARKUP,1,C,1.4017486000000001,1.4007573199366579,1.4042268001583558,0.0009912800633422592,0.00022536012668429584,0,1,0,0,0,1,False,-1,
7322,2025-11-03 13:00:00,13,1,MARKUP,2,C,1.40234452,1.400757240955027,1.4063127176124324,0.0015872790449729113,0.00022551808994590293,0,1,1,0,0,1,False,-1,
7334,2025-11-03 14:00:00,14,1,MARKUP,1,C,1.40236362,1.4007680916232619,1.4063524409418453,0.0015955283767381534,0.00020381675347615278,0,1,0,0,0,1,False,-1,
7346,2025-11-03 15:00:00,15,1,MARKUP,1,C,1.4029569,1.4017176028293823,1.4060551429265442,0.0012392971706176592,0.00022479434123529125,0,0,1,0,0,1,False,-1,
7358,2025-11-03 16:00:00,16,1,MARKUP,1,C,1.40414554,1.4026792228284375,1.4078113329289064,0.0014663171715625367,0.0002815543431250614,0,1,0,0,0,1,False,-1,
7370,2025-11-03 17:00:00,17,1,MARKUP,1,C,1.40479734,1.4033303761209397,1.4084647496976508,0.0014669638790603123,0.0003592477581205911,0,1,0,0,0,1,False,-1,
7382,2025-11-03 18:00:00,18,1,MARKUP,0,C,1.40507238,1.4032769363159032,1.409560989210242,0.001795443684096787,0.0004661273681936781,0,0,0,0,0,1,True,7393,0.7171597813984307
7550,2025-11-04 08:00:00,8,1,MARKUP,3,B,1.4065384,1.4059760091413893,1.407944377146527,0.0005623908586107618,0.00020798171722114574,0,1,1,0,1,1,True,7559,-1.0
7562,2025-11-04 09:00:00,9,1,MARKUP,2,C,1.40658042,1.405968248577748,1.40811084855563,0.0006121714222520058,0.00022350284450372491,1,0,1,0,0,1,True,7563,-1.0
7596,2025-11-04 11:50:00,11,1,MARKUP,2,C,1.40672874,1.4061645286137547,1.4081392684656129,0.0005642113862451836,0.0003109427724905453,0,1,1,0,0,1,True,7606,1.75
7610,2025-11-04 13:00:00,13,1,MARKUP,2,C,1.40618018,1.4053010636380843,1.4083779709047892,0.0008791163619157327,0.00023787272383115477,0,1,1,0,0,1,False,-1,
7622,2025-11-04 14:00:00,14,1,MARKUP,2,C,1.4065086999999998,1.4053030368698627,1.4095228578253427,0.0012056631301371468,0.00023392626027450775,0,1,1,0,0,1,False,-1,
7634,2025-11-04 15:00:00,15,1,MARKUP,1,C,1.40652016,1.4052900905991457,1.4095953335021356,0.001230069400854239,0.00025981880170866526,0,1,0,0,0,1,False,-1,
7646,2025-11-04 16:00:00,16,1,MARKUP,2,C,1.40697422,1.4059959393904737,1.4094199215238155,0.0009782806095262053,0.00026812121905254836,0,1,1,0,0,1,False,-1,
7658,2025-11-04 17:00:00,17,1,MARKUP,2,C,1.40781398,1.4065377331837967,1.4110045970405083,0.001276246816203308,0.00034453363240659265,0,1,1,0,0,1,True,7677,0.9183423313837755
7670,2025-11-04 18:00:00,18,1,MARKUP,1,C,1.40798084,1.4067929375425734,1.4109505961435667,0.001187902457426615,0.0003741249148528765,0,0,1,0,0,1,True,7676,0.8792214299206855
7684,2025-11-04 19:10:00,19,1,MARKUP,3,B,1.40840108,1.4074967986132902,1.4106617834667743,0.0009042813867097266,0.00032640277341913933,0,1,1,1,0,1,False,-1,
7696,2025-11-04 20:10:00,20,1,MARKUP,2,C,1.40847782,1.4075603732800053,1.4107714367999873,0.00091744671999483,0.00029925343998943825,0,1,1,0,0,1,False,-1,
7844,2025-11-05 08:30:00,8,1,MARKUP,3,B,1.41124998,1.4108219423564141,1.4123200741089648,0.000428037643585899,0.00017611528717168491,1,1,1,0,0,1,True,7845,0.9901409401999142
7856,2025-11-05 09:30:00,9,1,MARKUP,1,C,1.41126514,1.4106973368402407,1.4126846478993984,0.0005678031597593503,0.00016532631951857206,0,1,0,0,0,1,True,7860,1.75
7869,2025-11-05 10:35:00,10,1,MARKUP,2,C,1.41126514,1.410659599858626,1.4127789903534351,0.0006055401413740391,0.0002408002827477182,1,0,1,0,0,1,False,-1,
7881,2025-11-05 11:35:00,11,1,MARKUP,1,C,1.41146378,1.4106634165237437,1.4134646886906408,0.0008003634762563383,0.00023316695251249621,0,1,0,0,0,1,False,-1,
7898,2025-11-05 13:00:00,13,1,MARKUP,1,C,1.41181904,1.410671391299939,1.4146881617501523,0.0011476487000610103,0.00021721740012207224,0,1,0,0,0,1,False,-1,
7910,2025-11-05 14:00:00,14,1,MARKUP,2,C,1.41195656,1.4106823514583284,1.4151420813541786,0.0012742085416714843,0.00019529708334277323,0,1,1,0,0,1,False,-1,
7922,2025-11-05 15:00:00,15,1,MARKUP,0,C,1.41196802,1.410672632140924,1.41520648964769,0.0012953878590760137,0.0002147357181517414,0,0,0,0,0,1,True,7945,0.5231499519996875
7934,2025-11-05 16:00:00,16,1,MARKUP,2,C,1.4126478199999999,1.4117198977256125,1.4149676256859685,0.0009279222743874271,0.0003202045487752048,0,1,1,0,0,1,True,7941,-1.0
7970,2025-11-05 19:00:00,19,-1,MARKDOWN,2,C,1.41272682,1.4142841160527766,1.4088335798680587,0.0015572960527765467,0.00044823210555295983,0,1,1,0,0,1,False,-1,
7982,2025-11-05 20:00:00,20,-1,MARKDOWN,2,C,1.41272682,1.4142397837626668,1.408944410593333,0.0015129637626667414,0.0003595675253335386,0,1,1,0,0,1,False,-1,
8126,2025-11-06 08:00:00,8,-1,MARKDOWN,2,C,1.41051294,1.4108940488688209,1.409560167827948,0.00038110886882081196,0.00012809773764156944,0,1,1,0,0,1,False,-1,
8138,2025-11-06 09:00:00,9,-1,MARKDOWN,3,B,1.41029462,1.4105912682304913,1.4095529994237714,0.0002966482304913587,0.00014253646098241627,0,1,1,1,1,1,True,8150,0.5
8153,2025-11-06 10:15:00,10,-1,MARKDOWN,2,C,1.41021822,1.4106318868929373,1.4091840527676567,0.0004136668929373144,0.00022377378587448541,0,0,1,0,1,1,True,8157,1.75
8165,2025-11-06 11:15:00,11,-1,MARKDOWN,2,C,1.409947,1.4106575178726657,1.4081707053183359,0.000710517872665628,0.00027503574533156624,0,1,0,1,0,1,True,8173,0.7811873528502822
8186,2025-11-06 13:00:00,13,-1,MARKDOWN,3,B,1.40992846,1.4105907348920887,1.408272772769778,0.00066227489208881,0.00020146978417763582,1,0,1,0,1,1,True,8187,0.7876730524491217
8199,2025-11-06 14:05:00,14,-1,MARKDOWN,2,C,1.40990992,1.4105652864043356,1.4082715039891611,0.0006553664043356111,0.00021057280867106635,0,1,0,0,1,1,True,8205,0.7765607735895379
8211,2025-11-06 15:05:00,15,-1,MARKDOWN,2,C,1.40990992,1.4105858075734883,1.4082202010662794,0.000675887573488243,0.00025161514697650004,0,1,1,0,0,1,True,8222,-1.0
8230,2025-11-06 16:40:00,16,1,MARKUP,3,B,1.41018218,1.4088335331852695,1.4135537970368266,0.0013486468147305697,0.0004129336294610118,0,1,1,1,0,1,False,-1,
8242,2025-11-06 17:40:00,17,1,MARKUP,2,C,1.4107169800000001,1.4087834516016657,1.415550800995836,0.0019335283983343832,0.0005130967966685202,0,1,1,0,0,1,False,-1,
8254,2025-11-06 18:40:00,18,1,MARKUP,1,C,1.41093854,1.408809414177277,1.416261354556808,0.002129125822723177,0.00046117164544650854,0,1,0,0,0,1,False,-1,
8270,2025-11-06 20:00:00,20,1,MARKUP,1,C,1.41093854,1.4088397873097407,1.4161854217256487,0.0020987526902593867,0.0004004253805189392,0,0,1,0,0,1,True,8279,0.734464811959037
8439,2025-11-07 10:05:00,10,-1,MARKDOWN,2,C,1.41219542,1.4127399781126224,1.4108340247184439,0.0005445581126224397,0.00017995622524507319,0,1,1,0,0,1,False,-1,
8451,2025-11-07 11:05:00,11,-1,MARKDOWN,1,C,1.41212396,1.4126864803025203,1.4107176592436992,0.0005625203025203529,0.00019296060504079578,0,1,0,0,0,1,False,-1,
8474,2025-11-07 13:00:00,13,-1,MARKDOWN,1,C,1.4118925,1.4124663270283475,1.4104579324291313,0.0005738270283475178,0.00019265405669462263,0,1,0,0,0,1,True,8477,1.3957705658624973
8486,2025-11-07 14:00:00,14,-1,MARKDOWN,1,C,1.41155834,1.4120973869706888,1.4102107225732783,0.0005390469706887391,0.00021477394137721346,0,1,0,0,0,1,True,8495,1.75
8498,2025-11-07 15:00:00,15,-1,MARKDOWN,2,C,1.4114093600000002,1.4121215164912855,1.409628968771787,0.0007121564912853096,0.0002630329825710139,0,1,1,0,0,1,False,-1,
8510,2025-11-07 16:00:00,16,-1,MARKDOWN,1,C,1.40953374,1.4123049564387984,1.4026056989030042,0.0027712164387982963,0.0006299128775964992,0,1,0,0,0,1,False,-1,
8522,2025-11-07 17:00:00,17,-1,MARKDOWN,2,C,1.4094843,1.4122537086386746,1.4025607784033132,0.0027694086386746974,0.0006874172773492584,0,1,1,0,0,1,False,-1,
8534,2025-11-07 18:00:00,18,-1,MARKDOWN,0,C,1.4094843,1.412219020493263,1.4026474987668422,0.0027347204932630653,0.0006180409865261209,0,0,0,0,0,1,False,-1,
8546,2025-11-07 19:00:00,19,-1,MARKDOWN,0,C,1.40931126,1.4118862821380165,1.4028737046549586,0.002575022138016525,0.0005125642760331236,0,0,0,0,0,1,False,-1,
8558,2025-11-07 20:00:00,20,-1,MARKDOWN,2,C,1.40874822,1.4112055534331798,1.402604886417051,0.002457333433179665,0.0004911068663593669,0,1,1,0,0,1,False,-1,
8702,2025-11-10 08:00:00,8,-1,MARKDOWN,1,C,1.40320656,1.4040286725843063,1.4011512785392346,0.0008221125843062005,0.00017734516861261414,0,1,0,0,0,1,True,8712,0.9482288371756755
8714,2025-11-10 09:00:00,9,-1,MARKDOWN,2,C,1.40293464,1.4036198459514013,1.4012216251214968,0.0006852059514013131,0.00023969190280262985,0,1,1,0,0,1,False,-1,
8726,2025-11-10 10:00:00,10,-1,MARKDOWN,2,C,1.4025641,1.4036509988057562,1.3998468529856094,0.0010868988057561868,0.0003019976115122759,0,1,1,0,0,1,False,-1,
8738,2025-11-10 11:00:00,11,-1,MARKDOWN,1,C,1.40208524,1.4034571052445741,1.3986555768885642,0.0013718652445742219,0.0003142104891482097,0,1,0,0,0,1,False,-1,
8788,2025-11-10 15:10:00,15,-1,MARKDOWN,2,C,1.40088632,1.4014921097647424,1.3993718455881439,0.0006057897647424593,0.00026421952948485564,0,1,1,0,0,1,True,8793,-1.0
8820,2025-11-10 17:50:00,17,1,MARKUP,2,C,1.4012034199999999,1.3999304774834715,1.4043857762913206,0.0012729425165283192,0.00039904503305664786,0,1,1,0,0,1,False,-1,
8832,2025-11-10 18:50:00,18,1,MARKUP,2,C,1.40131802,1.3999677525811876,1.404693688547031,0.0013502674188123898,0.0003244948376245441,0,1,1,0,0,1,False,-1,
8990,2025-11-11 08:00:00,8,1,MARKUP,1,C,1.4032072800000002,1.4027390890807425,1.4043777572981444,0.00046819091925764944,0.0001418218385152115,0,0,1,0,0,1,True,8995,1.0890793688935114
9002,2025-11-11 09:00:00,9,1,MARKUP,2,C,1.40334132,1.4027622914131965,1.4047888914670086,0.0005790285868034761,0.0001954171736068569,0,1,1,0,0,1,True,9008,-1.0
9060,2025-11-11 13:50:00,13,-1,MARKDOWN,2,C,1.40354318,1.4042157465233547,1.4018617636916133,0.0006725665233546785,0.00019149304670934743,0,1,1,0,0,1,False,-1,
9072,2025-11-11 14:50:00,14,-1,MARKDOWN,2,C,1.40316958,1.4037707408126092,1.4016666779684765,0.0006011608126093027,0.00020148162521851793,0,1,0,0,1,1,False,-1,
9084,2025-11-11 15:50:00,15,-1,MARKDOWN,1,C,1.40253164,1.4038173852253406,1.3993172769366486,0.0012857452253405288,0.00029477045068137603,0,1,0,0,0,1,False,-1,
9096,2025-11-11 16:50:00,16,-1,MARKDOWN,2,C,1.40242468,1.4038219312516753,1.3989315518708116,0.0013972512516753355,0.00030386250335053515,0,1,1,0,0,1,False,-1,
9108,2025-11-11 17:50:00,17,-1,MARKDOWN,1,C,1.40214692,1.4034239683781942,1.3989542990545147,0.00127704837819409,0.00030793675638817115,0,0,1,0,0,1,False,-1,
9120,2025-11-11 18:50:00,18,-1,MARKDOWN,1,C,1.40205422,1.4032604862281775,1.399038554429556,0.0012062662281775438,0.00028097245635493333,0,1,0,0,0,1,False,-1,
9132,2025-11-11 19:50:00,19,-1,MARKDOWN,2,C,1.40204658,1.4032406664901984,1.3990613637745037,0.001194086490198476,0.00024133298039698473,0,1,1,0,0,1,False,-1,
9144,2025-11-11 20:50:00,20,-1,MARKDOWN,2,C,1.40108374,1.401741369899709,1.3994396652507275,0.0006576298997089669,0.00022273979941806626,0,1,1,0,0,1,True,9157,-1.0
9278,2025-11-12 08:00:00,8,-1,MARKDOWN,2,C,1.40161924,1.4021523306702512,1.400286513324372,0.0005330906702512017,0.00016466134050271752,0,1,0,0,1,1,False,-1,
9290,2025-11-12 09:00:00,9,-1,MARKDOWN,2,C,1.40145228,1.4020920103990127,1.3998529540024682,0.0006397303990126613,0.00016402079802555722,0,1,1,0,0,1,False,-1,
9302,2025-11-12 10:00:00,10,-1,MARKDOWN,0,C,1.4013873399999999,1.4020989175796412,1.3996083960508965,0.0007115775796413537,0.00017783515928265282,0,0,0,0,0,1,True,9322,-1.0
9314,2025-11-12 11:00:00,11,-1,MARKDOWN,2,C,1.40136442,1.402134751632673,1.3994385909183173,0.0007703316326730381,0.00024950326534594117,0,1,1,0,0,1,True,9322,-1.0
9338,2025-11-12 13:00:00,13,1,MARKUP,1,C,1.40102288,1.4002114635409624,1.403051421147594,0.000811416459037595,0.00021707291807530565,0,1,0,0,0,1,True,9354,0.8185475830796106
9350,2025-11-12 14:00:00,14,1,MARKUP,0,C,1.40102288,1.400215094191001,1.4030423445224973,0.0008077858089989842,0.00020981161799823246,0,0,0,0,0,1,True,9354,0.8199793175591263
9369,2025-11-12 15:35:00,15,1,MARKUP,3,B,1.40108468,1.4002866098345983,1.4030798554135044,0.0007980701654017874,0.00026678033080335345,0,1,1,1,1,1,True,9388,-1.0
9381,2025-11-12 16:35:00,16,1,MARKUP,2,C,1.4016532400000001,1.401193751255312,1.4028019618617202,0.00045948874468804135,0.0002924974893760557,0,1,0,0,1,1,True,9385,-1.0
9395,2025-11-12 17:45:00,17,1,MARKUP,3,B,1.4012468200000001,1.4005185270821539,1.4030675522946159,0.0007282929178462627,0.00030294583569233455,0,1,1,0,1,1,True,9396,-1.0
9407,2025-11-12 18:45:00,18,-1,MARKDOWN,1,C,1.40110658,1.4023768171209579,1.3979309871976053,0.0012702371209578622,0.00039363424191556806,0,1,0,0,0,1,False,-1,
9419,2025-11-12 19:45:00,19,-1,MARKDOWN,1,C,1.40108748,1.4023573226637447,1.397912873340638,0.0012698426637447469,0.00035464532748933687,0,1,0,0,0,1,False,-1,
9431,2025-11-12 20:45:00,20,-1,MARKDOWN,2,C,1.4009728799999999,1.4023243269470518,1.39759426263237,0.0013514469470519153,0.0002886538941034853,0,1,1,0,0,1,False,-1,
9572,2025-11-13 08:30:00,8,1,MARKUP,2,C,1.40111988,1.4009169567958561,1.4016271880103597,0.00020292320414383447,0.00014608640828768125,0,1,1,0,0,1,True,9573,0.5
9588,2025-11-13 09:50:00,9,-1,MARKDOWN,2,C,1.40067678,1.4014403081990254,1.3987679595024363,0.0007635281990254761,0.00022061639805093792,0,1,1,0,0,1,False,-1,
9600,2025-11-13 10:50:00,10,-1,MARKDOWN,2,C,1.4004246599999999,1.4014522823120183,1.3978556042199537,0.0010276223120184724,0.0002445646240368129,0,1,1,0,0,1,False,-1,
9612,2025-11-13 11:50:00,11,-1,MARKDOWN,2,C,1.40026422,1.4014600771833285,1.3972745770416783,0.001195857183328597,0.00026015436665723345,0,1,1,0,0,1,False,-1,
9626,2025-11-13 13:00:00,13,-1,MARKDOWN,0,C,1.40026422,1.4014393172106783,1.397326476973304,0.001175097210678322,0.0002186344213566202,0,0,0,0,0,1,False,-1,
9662,2025-11-13 16:00:00,16,1,MARKUP,2,C,1.39944916,1.3984058219021156,1.4020575052447113,0.001043338097884483,0.0002683561957689481,0,1,0,0,1,1,False,-1,
9674,2025-11-13 17:00:00,17,1,MARKUP,2,C,1.3998795,1.3988399190899425,1.4024784522751435,0.0010395809100574027,0.0003601618201147829,0,1,1,0,0,1,False,-1,
9686,2025-11-13 18:00:00,18,1,MARKUP,1,C,1.40005152,1.3989583171776356,1.4027845270559114,0.0010932028223644696,0.0003833656447289918,0,1,0,0,0,1,False,-1,
9698,2025-11-13 19:00:00,19,1,MARKUP,2,C,1.40024152,1.399150804140906,1.402968309647735,0.001090715859094038,0.0003783917181881311,0,1,1,0,0,1,False,-1,
9710,2025-11-13 20:00:00,20,1,MARKUP,2,C,1.40083724,1.3995866277596272,1.403963770600932,0.001250612240372817,0.000346744480745906,0,1,1,0,0,1,False,-1,
9863,2025-11-14 08:45:00,8,1,MARKUP,2,C,1.40237918,1.4017053343638348,1.4040637940904133,0.0006738456361652378,0.00020933127233023586,0,1,1,0,0,1,False,-1,
9875,2025-11-14 09:45:00,9,1,MARKUP,2,C,1.40248996,1.4016926049023446,1.4044833477441387,0.0007973550976554389,0.0002347901953106327,0,1,1,0,0,1,False,-1,
9887,2025-11-14 10:45:00,10,1,MARKUP,1,C,1.40301736,1.4019059013473372,1.405796006631657,0.0011114586526628223,0.0003281973053254452,1,0,0,0,0,1,False,-1,
9899,2025-11-14 11:45:00,11,1,MARKUP,2,C,1.40310388,1.402056380999422,1.405722627501445,0.0010474990005779894,0.0003072380011560373,0,0,1,0,1,1,False,-1,
9914,2025-11-14 13:00:00,13,1,MARKUP,1,C,1.40326456,1.4023419594125666,1.4055710614685837,0.0009226005874334309,0.0002560811748670846,0,1,0,0,0,1,True,9933,-1.0
9926,2025-11-14 14:00:00,14,1,MARKUP,1,C,1.4034685,1.402665264098874,1.4054765897528152,0.0008032359011260759,0.0002694718022523986,0,1,0,0,0,1,True,9931,-1.0
9943,2025-11-14 15:25:00,15,-1,MARKDOWN,1,C,1.4033458,1.4046978184299703,1.3999657539250745,0.0013520184299702365,0.0003356368599405305,0,1,0,0,0,1,False,-1,
9955,2025-11-14 16:25:00,16,-1,MARKDOWN,2,C,1.4033458,1.4047281203201702,1.3998899991995746,0.0013823203201701606,0.0003962406403405444,0,1,1,0,0,1,True,9968,0.7665893680545768
9971,2025-11-14 17:45:00,17,-1,MARKDOWN,1,C,1.4033458,1.404763740847807,1.3998009478804825,0.0014179408478069977,0.0004674816956142641,0,0,1,0,0,1,False,-1,
9993,2025-11-14 19:35:00,19,-1,MARKDOWN,4,A,1.40257948,1.4034561227554538,1.4003878731113653,0.0008766427554538492,0.00033224551090774385,1,1,1,0,1,1,True,9994,0.8647377413636823
10158,2025-11-17 09:20:00,9,-1,MARKDOWN,2,C,1.40335082,1.4039986013705932,1.4017313665735172,0.0006477813705931812,0.00015720274118631084,0,1,1,0,0,1,False,-1,
10170,2025-11-17 10:20:00,10,-1,MARKDOWN,1,C,1.4030414,1.4040176869189918,1.4006006827025206,0.0009762869189917645,0.00019537383798343987,0,1,0,0,0,1,False,-1,
10182,2025-11-17 11:20:00,11,-1,MARKDOWN,1,C,1.4029054399999998,1.403812068337048,1.4006388691573792,0.0009066283370482431,0.00022413667409623084,0,0,1,0,0,1,True,10200,-1.0
10227,2025-11-17 15:05:00,15,1,MARKUP,2,C,1.40236142,1.4015383902051761,1.40441899448706,0.0008230297948239595,0.0002632195896474841,0,1,1,0,0,1,False,-1,
10239,2025-11-17 16:05:00,16,1,MARKUP,2,C,1.40290906,1.4020331206925105,1.405098908268724,0.0008759393074895261,0.00035375861497878396,0,1,0,0,1,1,True,10250,1.75
10251,2025-11-17 17:05:00,17,1,MARKUP,2,C,1.40296636,1.4020008481456188,1.405380139635953,0.0009655118543812069,0.0004183037087625986,0,0,1,1,0,1,True,10254,1.75
10263,2025-11-17 18:05:00,18,1,MARKUP,2,C,1.4030776,1.4021946208894482,1.4052850477763794,0.0008829791105517959,0.000390758221103449,0,1,1,0,0,1,True,10267,1.75
10297,2025-11-17 20:55:00,20,1,MARKUP,2,C,1.4036029,1.403103619398775,1.4048511015030631,0.0004992806012251716,0.00027276120245011673,0,1,1,0,0,1,True,10298,1.75
10458,2025-11-18 10:20:00,10,-1,MARKDOWN,1,C,1.4053041,1.4063949050970457,1.4025770872573857,0.0010908050970457328,0.00030981019409130573,0,1,0,0,0,1,False,-1,
10470,2025-11-18 11:20:00,11,-1,MARKDOWN,2,C,1.40503724,1.4060169350981593,1.4025880022546016,0.0009796950981593167,0.00029387019631879873,0,1,0,0,1,1,False,-1,
10490,2025-11-18 13:00:00,13,-1,MARKDOWN,2,C,1.4047878,1.4056900666371202,1.4025321334071998,0.0009022666371201193,0.00020013327423998656,0,1,1,0,0,1,False,-1,
10502,2025-11-18 14:00:00,14,-1,MARKDOWN,0,C,1.40452354,1.405588237068843,1.4018617973278924,0.0010646970688430457,0.00019647413768630477,0,0,0,0,0,1,False,-1,
10514,2025-11-18 15:00:00,15,-1,MARKDOWN,2,C,1.40361938,1.4046792080198396,1.4009698099504013,0.0010598280198395038,0.00027841603967930495,0,1,1,0,0,1,False,-1,
10526,2025-11-18 16:00:00,16,-1,MARKDOWN,1,C,1.40288918,1.404395951898191,1.3991222502545226,0.0015067718981909284,0.000331903796381945,0,1,0,0,0,1,False,-1,
10538,2025-11-18 17:00:00,17,-1,MARKDOWN,0,C,1.40269142,1.404115411790493,1.3991314405237674,0.0014239917904930177,0.00041082358098611793,0,0,0,0,0,1,False,-1,
10550,2025-11-18 18:00:00,18,-1,MARKDOWN,0,C,1.4023803,1.4038875731170066,1.3986121172074832,0.0015072731170067133,0.0004551462340135217,0,0,0,0,0,1,False,-1,
10562,2025-11-18 19:00:00,19,-1,MARKDOWN,3,B,1.4019830199999999,1.4038663240959697,1.3972747597600752,0.0018833040959698177,0.0004126481919397337,0,1,1,0,1,1,False,-1,
10574,2025-11-18 20:00:00,20,-1,MARKDOWN,2,C,1.40074978,1.402958327087867,1.3952284122803325,0.0022085470878669966,0.0004366541757335434,0,1,1,0,0,1,False,-1,
10740,2025-11-19 09:50:00,9,-1,MARKDOWN,2,C,1.39963868,1.4002258619823507,1.3981707250441233,0.0005871819823506375,0.00021172396470141094,0,1,0,0,1,1,True,10743,-1.0
10752,2025-11-19 10:50:00,10,1,MARKUP,3,B,1.3994903,1.398723864016121,1.4014063899596976,0.0007664359838790435,0.00027227196775812937,0,1,1,0,1,1,False,-1,
10764,2025-11-19 11:50:00,11,1,MARKUP,1,C,1.39951322,1.3987328046083105,1.4014642584792236,0.0007804153916894929,0.00025439078337898495,0,1,0,0,0,1,False,-1,
10778,2025-11-19 13:00:00,13,1,MARKUP,2,C,1.39953996,1.398735764699989,1.4015504482500276,0.0008041953000110791,0.00024847060002211244,0,1,1,0,0,1,False,-1,
10790,2025-11-19 14:00:00,14,1,MARKUP,2,C,1.39959816,1.3987560861173423,1.4017033447066445,0.0008420738826577789,0.0002478277653158022,0,1,1,0,0,1,False,-1,
10802,2025-11-19 15:00:00,15,1,MARKUP,2,C,1.4000203,1.3992679122873963,1.4019012692815092,0.0007523877126036638,0.0002441754252070791,0,1,1,0,0,1,False,-1,
10814,2025-11-19 16:00:00,16,1,MARKUP,1,C,1.4006489400000002,1.3996730287981576,1.4030887180046068,0.0009759112018425942,0.0002939424036850358,0,1,0,0,0,1,False,-1,
10826,2025-11-19 17:00:00,17,1,MARKUP,3,B,1.40081534,1.399705716102649,1.403589399743378,0.0011096238973511419,0.0004085677947021706,0,1,1,0,1,1,False,-1,
10838,2025-11-19 18:00:00,18,1,MARKUP,2,C,1.40157418,1.3998254037351858,1.4059461206620352,0.001748776264814067,0.0004491925296283631,0,1,1,0,0,1,False,-1,
10850,2025-11-19 19:00:00,19,1,MARKUP,2,C,1.4020555,1.3998316375020363,1.4076151562449088,0.00222386249796358,0.0004367249959272669,0,1,1,0,0,1,False,-1,
10862,2025-11-19 20:00:00,20,1,MARKUP,1,C,1.4028481800000001,1.4003503398167754,1.409092780458062,0.002497840183224742,0.00041932036644921005,0,1,0,0,0,1,False,-1,
11006,2025-11-20 08:00:00,8,1,MARKUP,2,C,1.40536986,1.4048185196796223,1.4067482108009441,0.0005513403203776246,0.0001629606407552822,0,1,1,0,0,1,False,-1,
11018,2025-11-20 09:00:00,9,1,MARKUP,2,C,1.40549346,1.4050086937178605,1.4067053757053487,0.0004847662821394483,0.00018261256427887397,0,1,1,0,0,1,True,11022,0.9221791598799689
11030,2025-11-20 10:00:00,10,1,MARKUP,1,C,1.40559234,1.4051523825763712,1.4066922335590724,0.00043995742362890056,0.0002152348472573615,0,0,1,0,0,1,True,11047,-1.0
11042,2025-11-20 11:00:00,11,1,MARKUP,3,B,1.4057252599999999,1.4052515207617,1.4069096080957495,0.00047373923829985287,0.00023695847659989483,0,1,1,0,1,1,True,11043,-1.0
11066,2025-11-20 13:00:00,13,-1,MARKDOWN,1,C,1.4057155399999999,1.4064093603039296,1.4039809892401756,0.0006938203039297264,0.00021872060785958197,0,1,0,0,0,1,True,11070,-1.0
11078,2025-11-20 14:00:00,14,1,MARKUP,1,C,1.40542704,1.4046529668710046,1.4073622228224885,0.0007740731289953562,0.0002340662579907257,0,1,0,0,0,1,True,11096,0.5
11090,2025-11-20 15:00:00,15,1,MARKUP,1,C,1.40557602,1.4046591823519257,1.4078681141201859,0.0009168376480743756,0.0002216352961487521,0,1,0,0,0,1,True,11096,0.5
11110,2025-11-20 16:40:00,16,-1,MARKDOWN,2,C,1.4058792800000002,1.4072876796899512,1.4023582807751227,0.0014083996899509899,0.0005553593799022582,0,1,1,0,0,1,True,11115,-1.0
11122,2025-11-20 17:40:00,17,1,MARKUP,2,C,1.405196,1.40377069044089,1.4087592738977746,0.0014253095591099108,0.0005586191182200403,0,1,0,1,0,1,False,-1,
11134,2025-11-20 18:40:00,18,1,MARKUP,2,C,1.40600202,1.4037594989258348,1.4116083226854133,0.002242521074165227,0.0005810021483304141,0,1,1,0,0,1,False,-1,
11146,2025-11-20 19:40:00,19,1,MARKUP,1,C,1.40654828,1.4037641026314032,1.413508723421492,0.0027841773685968185,0.0005717947371935994,0,1,0,0,0,1,False,-1,
11158,2025-11-20 20:40:00,20,1,MARKUP,2,C,1.4067771599999999,1.4041190020268977,1.4134225549327555,0.0026581579731022043,0.0004419959462045238,0,1,1,0,0,1,False,-1,
11294,2025-11-21 08:00:00,8,1,MARKUP,1,C,1.40884998,1.4084257971526888,1.4099104371182782,0.00042418284731127187,0.00016840569462222294,0,1,0,0,0,1,True,11296,1.75
11309,2025-11-21 09:15:00,9,1,MARKUP,2,C,1.40902302,1.4086868758229956,1.4098633804425111,0.0003361441770044493,0.00020624835400891327,0,1,1,0,0,1,True,11322,0.5
11321,2025-11-21 10:15:00,10,1,MARKUP,1,C,1.4093649,1.4084620599367619,1.411622000158095,0.0009028400632380418,0.00031588012647641955,1,0,0,0,0,1,True,11322,-1.0
11360,2025-11-21 13:30:00,13,1,MARKUP,3,B,1.4093649,1.4084640131985593,1.4116171170036016,0.0009008868014406257,0.0003119736028813543,1,0,1,1,1,1,True,11373,-1.0
11372,2025-11-21 14:30:00,14,1,MARKUP,0,C,1.40942184,1.4080298635701904,1.412901781074524,0.0013919764298095938,0.00040027285961926327,0,0,0,0,0,1,True,11373,1.357997048711565
11389,2025-11-21 15:55:00,15,-1,MARKDOWN,1,C,1.41013524,1.4115717659254319,1.4065439251864205,0.001436525925431864,0.0004435318508637168,0,1,0,0,0,1,True,11392,-1.0
11401,2025-11-21 16:55:00,16,1,MARKUP,3,B,1.4098977000000001,1.4087771314375792,1.4126991214060525,0.0011205685624209316,0.0004457371248416983,0,1,1,1,1,1,True,11425,0.03774869420612834
11413,2025-11-21 17:55:00,17,1,MARKUP,2,C,1.4099272,1.4078828506210674,1.4150380734473316,0.0020443493789326084,0.0005742987578651187,0,1,1,0,0,1,True,11425,0.006261160705616324
11582,2025-11-24 08:00:00,8,-1,MARKDOWN,2,C,1.4099625,1.4105166560350109,1.4085771099124729,0.0005541560350108554,0.0001533120700217415,0,1,1,0,0,1,True,11593,-1.0
11604,2025-11-24 09:50:00,9,1,MARKUP,3,B,1.4095940200000001,1.409064775094084,1.4109171322647907,0.0005292449059162152,0.00021044981183239154,0,1,1,1,0,1,True,11608,0.5
11616,2025-11-24 10:50:00,10,1,MARKUP,3,B,1.40975828,1.4090287845942049,1.4115820185144874,0.0007294954057950331,0.00028243081159033564,0,1,1,0,1,1,False,-1,
11628,2025-11-24 11:50:00,11,1,MARKUP,1,C,1.41005624,1.4090268600137894,1.4126296899655268,0.0010293799862106656,0.0002862799724214262,0,1,0,0,0,1,False,-1,
11642,2025-11-24 13:00:00,13,1,MARKUP,1,C,1.41005624,1.4090287547484377,1.4126249531289061,0.0010274852515623767,0.0002824905031248776,0,1,0,0,0,1,True,11666,0.8226890981336665
11654,2025-11-24 14:00:00,14,1,MARKUP,2,C,1.41026636,1.4093920753558042,1.4124520716104896,0.0008742846441958108,0.00023584928839140098,0,1,1,0,0,1,True,11665,0.7590669877093124
11682,2025-11-24 16:20:00,16,1,MARKUP,2,C,1.41108222,1.4104364521927815,1.412696639518046,0.000645767807218478,0.00036709561443696274,0,1,1,0,0,1,True,11683,-1.0
11694,2025-11-24 17:20:00,17,1,MARKUP,3,B,1.41108222,1.4103821614071208,1.4128323664821978,0.0007000585928791381,0.0004756771857585161,1,1,1,0,0,1,True,11695,0.6352359033480659
11706,2025-11-24 18:20:00,18,1,MARKUP,3,B,1.41108222,1.410424666148533,1.4127261046286677,0.0006575538514670409,0.00039066770293435984,0,1,1,0,1,1,True,11708,0.6439776468396695
11718,2025-11-24 19:20:00,19,1,MARKUP,1,C,1.41053838,1.409574885518801,1.4129471162029974,0.0009634944811989232,0.0003302289623977296,0,1,0,0,0,1,True,11737,0.26115354567148624
11730,2025-11-24 20:20:00,20,1,MARKUP,1,C,1.4105613000000001,1.409610633029882,1.4129379674252953,0.0009506669701180304,0.00025873394023596686,0,0,1,0,0,1,True,11737,0.2405679456513202
11870,2025-11-25 08:00:00,8,1,MARKUP,2,C,1.41113974,1.4104715657552374,1.412810175611907,0.0006681742447627315,0.00013686848952568776,0,1,1,0,0,1,False,-1,
11882,2025-11-25 09:00:00,9,1,MARKUP,0,C,1.41130614,1.410561028502667,1.4131689187433323,0.0007451114973329176,0.00013794299466610252,0,0,0,0,0,1,False,-1,
11894,2025-11-25 10:00:00,10,1,MARKUP,2,C,1.41130614,1.41052337091095,1.413263062722625,0.0007827690890500616,0.00021325817810013913,0,1,1,0,0,1,False,-1,
11906,2025-11-25 11:00:00,11,1,MARKUP,3,B,1.41188706,1.411449502669582,1.4129809533260451,0.0004375573304180591,0.0002409946608361533,0,1,1,0,1,1,True,11908,-1.0
11933,2025-11-25 13:15:00,13,1,MARKUP,2,C,1.41214044,1.4118557945503476,1.412852053624131,0.0002846454496523432,0.0002484108993048129,0,1,1,0,0,1,True,11938,0.5
11945,2025-11-25 14:15:00,14,1,MARKUP,1,C,1.41154828,1.4108417364456447,1.4133146388858886,0.0007065435543553988,0.00023652710871058114,0,1,0,0,0,1,True,11950,0.6123050522653025
11960,2025-11-25 15:30:00,15,1,MARKUP,3,B,1.41154828,1.4107497090500052,1.4135447073749874,0.0007985709499949145,0.00042058189998962303,0,1,1,0,1,1,True,11961,-1.0
11972,2025-11-25 16:30:00,16,-1,MARKDOWN,2,C,1.4116978,1.4127327188985608,1.409110502753598,0.0010349188985607771,0.0004654377971214445,0,1,1,0,0,1,True,11974,0.900485840889862
11984,2025-11-25 17:30:00,17,-1,MARKDOWN,3,B,1.41161376,1.4127277956351385,1.408828670912154,0.001114035635138455,0.0004555912702767937,0,1,1,0,1,1,True,12001,1.379453296776588
11998,2025-11-25 18:40:00,18,-1,MARKDOWN,0,C,1.41157938,1.4126954654746249,1.408789166313438,0.0011160854746248283,0.00039093094924954935,0,0,0,0,0,1,True,12000,1.362436017611174
12010,2025-11-25 19:40:00,19,-1,MARKDOWN,1,C,1.41124658,1.4125502685841376,1.407987358539656,0.0013036885841375412,0.00046053716827507233,0,1,0,0,0,1,False,-1,
12022,2025-11-25 20:40:00,20,-1,MARKDOWN,1,C,1.4108031,1.4121156090449218,1.4075218273876957,0.0013125090449217502,0.0003712180898440644,0,1,0,0,0,1,False,-1,
12158,2025-11-26 08:00:00,8,-1,MARKDOWN,0,C,1.40866826,1.409740505395239,1.4059876465119026,0.0010722453952389799,0.00018101079047796342,0,0,0,0,0,1,False,-1,
12170,2025-11-26 09:00:00,9,-1,MARKDOWN,0,C,1.40788678,1.4086393521323217,1.4060053496691953,0.0007525721323218271,0.00019870426464342617,0,0,0,0,0,1,True,12193,-1.0
12182,2025-11-26 10:00:00,10,-1,MARKDOWN,2,C,1.40753014,1.408117550527536,1.40606161368116,0.0005874105275360808,0.00023510105507220408,0,1,1,0,0,1,True,12188,-1.0
12223,2025-11-26 13:25:00,13,1,MARKUP,2,C,1.4075874800000001,1.4066605101543677,1.4099049046140812,0.0009269698456324527,0.00021897969126498477,0,1,1,0,0,1,False,-1,
12235,2025-11-26 14:25:00,14,1,MARKUP,1,C,1.4079214,1.4067474287049857,1.4108563282375357,0.0011739712950142867,0.00028514259002854745,0,1,0,0,0,1,False,-1,
12248,2025-11-26 15:30:00,15,1,MARKUP,3,B,1.40835804,1.407319756104216,1.4109537497394602,0.0010382838957840868,0.00038048779156841893,0,1,1,0,1,1,True,12263,-1.0
12260,2025-11-26 16:30:00,16,1,MARKUP,1,C,1.40860062,1.4074637576367692,1.4114427759080772,0.0011368623632308505,0.0004324847264616348,0,0,0,1,0,1,True,12262,-1.0
12274,2025-11-26 17:40:00,17,-1,MARKDOWN,2,C,1.4087721,1.4103364431626142,1.4048612420934643,0.0015643431626142235,0.0004928863252283096,0,1,1,0,0,1,False,-1,
12286,2025-11-26 18:40:00,18,-1,MARKDOWN,2,C,1.40815326,1.4102943071029503,1.402800642242624,0.0021410471029503775,0.00040861420590035055,0,1,1,0,0,1,False,-1,
12298,2025-11-26 19:40:00,19,-1,MARKDOWN,2,C,1.40786676,1.4102571078099841,1.40189089047504,0.002390347809984039,0.00033421561996804555,0,1,1,0,0,1,False,-1,
12310,2025-11-26 20:40:00,20,-1,MARKDOWN,2,C,1.4077598,1.410218520924936,1.40161299768766,0.002458720924936042,0.0002570418498718101,0,1,1,0,0,1,False,-1,
12446,2025-11-27 08:00:00,8,-1,MARKDOWN,2,C,1.40359688,1.404105753287331,1.402324696781673,0.0005088732873308466,0.0001315065746620337,0,1,1,0,0,1,True,12452,-1.0
12488,2025-11-27 11:30:00,11,1,MARKUP,2,C,1.4034835600000002,1.4027802754117586,1.405241771470604,0.0007032845882415373,0.00019944917648283175,0,1,0,0,1,1,False,-1,
12506,2025-11-27 13:00:00,13,1,MARKUP,2,C,1.40378254,1.402941054069436,1.4058862548264095,0.0008414859305638789,0.00017789186112777402,0,1,1,0,0,1,False,-1,
12518,2025-11-27 14:00:00,14,1,MARKUP,0,C,1.40396176,1.4032403503740973,1.4057652840647568,0.0007214096259027247,0.000159299251805275,0,0,0,0,0,1,False,-1,
12531,2025-11-27 15:05:00,15,1,MARKUP,3,B,1.4040420999999998,1.403361122753606,1.4057445431159845,0.0006809772463938213,0.00017775449278754435,0,1,1,0,1,1,True,12536,-1.0
12559,2025-11-27 17:25:00,17,-1,MARKDOWN,2,C,1.40408982,1.4049625530861782,1.4019079872845546,0.0008727330861781901,0.00022510617235677133,0,1,1,0,0,1,False,-1,
12571,2025-11-27 18:25:00,18,-1,MARKDOWN,2,C,1.40401566,1.4048580905064256,1.401909583733936,0.0008424305064256288,0.00025618101285128733,0,1,1,0,0,1,False,-1,
12583,2025-11-27 19:25:00,19,-1,MARKDOWN,1,C,1.40398712,1.4047984614767361,1.4019587663081596,0.000811341476736116,0.0002169229534725064,0,1,0,0,0,1,False,-1,
12595,2025-11-27 20:25:00,20,-1,MARKDOWN,1,C,1.40398712,1.4047742482821963,1.4020192992945093,0.0007871282821962922,0.00016849656439280053,0,1,0,0,0,1,False,-1,
12734,2025-11-28 08:00:00,8,1,MARKUP,0,C,1.4033195200000002,1.4026714905766882,1.40493959355828,0.000648029423311991,0.00025701884662367587,0,0,0,0,0,1,False,-1,
12746,2025-11-28 09:00:00,9,1,MARKUP,1,C,1.4033195200000002,1.4026857616945108,1.4049039157637235,0.0006337583054893958,0.00022847661097848964,0,1,0,0,0,1,False,-1,
12758,2025-11-28 10:00:00,10,1,MARKUP,3,B,1.4034021,1.4026456154505356,1.4052933113736614,0.0007564845494645311,0.00032876909892894633,0,1,1,0,1,1,True,12770,1.0658340183480521
12771,2025-11-28 11:05:00,11,1,MARKUP,1,C,1.40357772,1.4028429008999537,1.4054147677501154,0.0007348191000462467,0.000354198200092576,0,0,1,0,0,1,True,12772,0.9630183026276914
12794,2025-11-28 13:00:00,13,1,MARKUP,2,C,1.4040152399999999,1.403169863832966,1.4061286804175848,0.000845376167033951,0.00030027233406809694,0,1,1,0,0,1,True,12801,-1.0
12816,2025-11-28 14:50:00,14,-1,MARKDOWN,2,C,1.4039137800000001,1.4053159245015328,1.4004084187461685,0.0014021445015326428,0.0003518490030652607,0,1,1,0,0,1,False,-1,
12828,2025-11-28 15:50:00,15,-1,MARKDOWN,3,B,1.4028747400000001,1.4054315495634935,1.3964827160912667,0.0025568095634933563,0.0005830991269869974,0,1,1,0,1,1,False,-1,
12840,2025-11-28 16:50:00,16,-1,MARKDOWN,2,C,1.4023934200000001,1.4054304117539052,1.3948009406152375,0.0030369917539050384,0.0005808235078102089,0,1,1,0,0,1,False,-1,
12852,2025-11-28 17:50:00,17,-1,MARKDOWN,2,C,1.40110226,1.4054306295535393,1.3902813361161521,0.004328369553539213,0.0005812591070785449,0,1,1,0,0,1,False,-1,
12864,2025-11-28 18:50:00,18,-1,MARKDOWN,0,C,1.40013742,1.4043356899312653,1.3896417451718368,0.004198269931265264,0.0006113798625304797,0,0,0,0,0,1,False,-1,
13022,2025-12-01 08:00:00,8,1,MARKUP,2,C,1.39743028,1.396362351225502,1.4001001019362453,0.001067928774498128,0.0001952975489960936,0,1,1,0,0,1,True,13042,0.9856353205635993
13034,2025-12-01 09:00:00,9,1,MARKUP,0,C,1.39795558,1.3972142473827736,1.3998089115430665,0.0007413326172265311,0.00019150523445308712,0,0,0,0,0,1,True,13040,-1.0
13052,2025-12-01 10:30:00,10,1,MARKUP,2,C,1.39827694,1.397632972234826,1.3998868594129348,0.0006439677651739473,0.0003940555303478695,0,1,1,0,0,1,True,13067,-1.0
13065,2025-12-01 11:35:00,11,1,MARKUP,2,C,1.39784366,1.3968699457342673,1.4002779456643317,0.0009737142657326725,0.0003201085314656442,0,1,0,0,1,1,False,-1,
13082,2025-12-01 13:00:00,13,1,MARKUP,0,C,1.39784366,1.3969080900384065,1.4001825849039835,0.0009355699615933855,0.00024381992318669925,0,0,0,0,0,1,True,13092,-1.0
13095,2025-12-01 14:05:00,14,-1,MARKDOWN,2,C,1.39806206,1.3988307227001728,1.396140403249568,0.0007686627001728397,0.0002614454003454589,0,1,0,0,1,1,False,-1,
13107,2025-12-01 15:05:00,15,-1,MARKDOWN,1,C,1.39775806,1.3993222462306476,1.3938475944233808,0.0015641862306476906,0.0003244924612954444,0,1,0,0,0,1,False,-1,
13119,2025-12-01 16:05:00,16,-1,MARKDOWN,2,C,1.39775806,1.3993319120968613,1.3938234297578465,0.001573852096861339,0.00034382419372245106,0,1,1,0,0,1,False,-1,
13131,2025-12-01 17:05:00,17,-1,MARKDOWN,2,C,1.39749232,1.398931420311883,1.3938945692202926,0.0014391003118829904,0.0004028406237657381,0,1,1,0,0,1,True,13144,-1.0
13159,2025-12-01 19:25:00,19,1,MARKUP,1,C,1.3966512800000002,1.3953074963488716,1.4000107391278216,0.0013437836511285273,0.000365007302256794,0,1,0,0,0,1,False,-1,
13171,2025-12-01 20:25:00,20,1,MARKUP,2,C,1.39700194,1.3954443184834133,1.4008959937914667,0.0015576215165866714,0.0003113630331731155,0,1,1,0,0,1,False,-1,
13337,2025-12-02 10:15:00,10,-1,MARKDOWN,1,C,1.3999156400000001,1.4003811713096015,1.3987518117259967,0.0004655313096013636,0.00018234261920279374,0,1,0,0,0,1,True,13344,-1.0
13349,2025-12-02 11:15:00,11,1,MARKUP,2,C,1.39983302,1.39950427977932,1.4006548705517,0.00032874022067996833,0.00019144044135973126,0,1,1,0,0,1,False,-1,
13370,2025-12-02 13:00:00,13,1,MARKUP,2,C,1.40007838,1.39917588202297,1.4023346249425752,0.0009024979770300146,0.00020823595406026035,0,1,1,0,0,1,False,-1,
13382,2025-12-02 14:00:00,14,1,MARKUP,1,C,1.40011658,1.3991740225873992,1.4024729735315018,0.0009425574126007419,0.00021195482520181504,0,1,0,0,0,1,True,13394,-1.0
13411,2025-12-02 16:25:00,16,-1,MARKDOWN,1,C,1.4004959,1.401632465739099,1.397654485652252,0.001136565739099149,0.0003249314781980257,0,1,0,0,0,1,False,-1,
13423,2025-12-02 17:25:00,17,-1,MARKDOWN,1,C,1.4000565999999999,1.4016917980413535,1.3959686048966158,0.0016351980413535916,0.0004435960827068916,0,1,0,0,0,1,False,-1,
13435,2025-12-02 18:25:00,18,-1,MARKDOWN,0,C,1.3999802,1.40172370099233,1.3956214475191746,0.001743500992330116,0.0005074019846598616,0,0,0,0,0,1,False,-1,
13447,2025-12-02 19:25:00,19,-1,MARKDOWN,2,C,1.39986896,1.4014845266270328,1.3958300434324182,0.0016155666270327718,0.00038905325406557754,0,1,1,0,0,1,False,-1,
13459,2025-12-02 20:25:00,20,-1,MARKDOWN,2,C,1.39933748,1.4005745101939007,1.3962449045152483,0.0012370301939006456,0.00028902038780127424,0,1,1,0,0,1,False,-1,
13610,2025-12-03 09:00:00,9,-1,MARKDOWN,3,B,1.39708272,1.3975679536352252,1.395869635911937,0.0004852336352252351,0.00017590727045018706,0,1,1,1,0,1,True,13617,1.75
13622,2025-12-03 10:00:00,10,-1,MARKDOWN,2,C,1.39699868,1.397589725633195,1.3955210659170125,0.0005910456331950087,0.00021945126638991082,0,0,1,0,1,1,False,-1,
13634,2025-12-03 11:00:00,11,-1,MARKDOWN,2,C,1.39693756,1.3975899443833457,1.3953065990416358,0.0006523843833456944,0.00021988876669113677,0,1,0,0,1,1,False,-1,
13658,2025-12-03 13:00:00,13,-1,MARKDOWN,1,C,1.39608648,1.3975056234978207,1.392538621255448,0.0014191434978207962,0.0002712469956414745,0,1,0,0,0,1,False,-1,
13670,2025-12-03 14:00:00,14,-1,MARKDOWN,1,C,1.39608648,1.3975048435803763,1.392540571049059,0.0014183635803763917,0.00026968716075271627,0,1,0,0,0,1,False,-1,
13682,2025-12-03 15:00:00,15,-1,MARKDOWN,1,C,1.39576108,1.3970722195211451,1.3924832311971371,0.0013111395211451438,0.00028443904229042414,0,1,0,0,0,1,True,13703,0.7578879356222171
13739,2025-12-03 19:45:00,19,-1,MARKDOWN,3,B,1.39453092,1.3950610356681585,1.3932056308296037,0.0005301156681585262,0.0003420713363171967,0,1,1,1,1,1,True,13743,-1.0
13751,2025-12-03 20:45:00,20,-1,MARKDOWN,2,C,1.39587512,1.397124474431021,1.3927517339224473,0.0012493544310210325,0.00032894886204186906,0,1,1,0,0,1,False,-1,
13888,2025-12-04 08:10:00,8,1,MARKUP,3,B,1.3961222199999999,1.39558739023741,1.3974592944064743,0.0005348297625897835,0.00014521952517975763,0,1,1,0,1,1,True,13910,0.5
13900,2025-12-04 09:10:00,9,1,MARKUP,2,C,1.3962754800000001,1.395754108155747,1.397578909610633,0.0005213718442531601,0.00017178368850609117,0,1,1,0,0,1,True,13907,-1.0
13912,2025-12-04 10:10:00,10,1,MARKUP,2,C,1.39633278,1.3957185676712756,1.3978683108218113,0.0006142123287244949,0.00024286465744870347,1,0,1,0,0,1,True,13913,0.9236672581529928
13925,2025-12-04 11:15:00,11,1,MARKUP,3,B,1.39633278,1.3956982010621648,1.3979192273445882,0.0006345789378352507,0.00028359787567049376,0,1,1,1,0,1,True,13927,0.9100697922975032
13946,2025-12-04 13:00:00,13,1,MARKUP,3,B,1.3964811,1.3959651314433479,1.39777102139163,0.0005159685566520356,0.00022973711330427445,1,1,0,1,0,1,True,13947,0.8606065734738473
13958,2025-12-04 14:00:00,14,1,MARKUP,1,C,1.3964185,1.3956130992355313,1.3984320019111718,0.0008054007644686667,0.0002738015289374549,0,1,0,0,0,1,True,13982,-1.0
13970,2025-12-04 15:00:00,15,1,MARKUP,0,C,1.3964376,1.395624467334705,1.398470431663238,0.0008131326652951465,0.00025106533059034294,0,0,0,0,0,1,True,13977,-1.0
13992,2025-12-04 16:50:00,16,-1,MARKDOWN,1,C,1.39670332,1.3979446814678163,1.3935999163304595,0.001241361467816171,0.0003893629356324212,0,1,0,0,0,1,False,-1,
14004,2025-12-04 17:50:00,17,-1,MARKDOWN,1,C,1.3957636,1.3979940438569798,1.3901874903575506,0.0022304438569797913,0.0004880877139595027,0,1,0,0,0,1,False,-1,
14016,2025-12-04 18:50:00,18,-1,MARKDOWN,2,C,1.3957636,1.3979691385212978,1.3902497536967555,0.0022055385212977896,0.0004382770425954276,0,1,1,0,0,1,False,-1,
14174,2025-12-05 08:00:00,8,-1,MARKDOWN,2,C,1.3954362,1.3958325254168849,1.394445386457788,0.00039632541688483514,0.00010505083376969747,0,1,1,0,0,1,False,-1,
14186,2025-12-05 09:00:00,9,-1,MARKDOWN,2,C,1.3953216,1.3958407116628604,1.3940238208428488,0.0005191116628604497,0.00012142332572067976,0,1,1,0,0,1,False,-1,
14198,2025-12-05 10:00:00,10,-1,MARKDOWN,0,C,1.3951229600000001,1.3958673932215875,1.3932618769460317,0.0007444332215873484,0.00017478644317470816,0,0,0,0,0,1,False,-1,
14210,2025-12-05 11:00:00,11,-1,MARKDOWN,1,C,1.39490666,1.3955348725329146,1.3933361286677133,0.0006282125329146737,0.0002097450658292276,0,1,0,0,0,1,True,14228,0.8675298659960701
14243,2025-12-05 13:45:00,13,-1,MARKDOWN,2,C,1.39456058,1.3949868742084965,1.393494844478759,0.0004262942084964916,0.000233748416993,0,1,1,0,0,1,False,-1,
14255,2025-12-05 14:45:00,14,-1,MARKDOWN,2,C,1.39467554,1.3953784411868169,1.3929182870329577,0.0007029011868169288,0.00023688237363370847,0,1,1,0,0,1,False,-1,
14267,2025-12-05 15:45:00,15,-1,MARKDOWN,2,C,1.3927731799999998,1.3955540303247378,1.3858210541881548,0.00278085032473796,0.0005880606494755608,0,1,1,0,0,1,False,-1,
14279,2025-12-05 16:45:00,16,-1,MARKDOWN,2,C,1.39236444,1.3955550151825613,1.3843880020435964,0.0031905751825613837,0.0005900303651225475,0,1,1,0,0,1,False,-1,
14291,2025-12-05 17:45:00,17,-1,MARKDOWN,1,C,1.3915966199999998,1.3955519872969941,1.381708201757514,0.0039553672969943054,0.0005839745939884724,0,1,0,0,0,1,False,-1,
14303,2025-12-05 18:45:00,18,-1,MARKDOWN,2,C,1.39097234,1.3947432064179741,1.3815451739550648,0.0037708664179740836,0.0005664128359481902,0,1,1,0,0,1,False,-1,
14315,2025-12-05 19:45:00,19,-1,MARKDOWN,2,C,1.39020078,1.3941268982292176,1.3803854844269559,0.003926118229217623,0.0004337964584351837,0,1,1,0,0,1,False,-1,
14327,2025-12-05 20:45:00,20,-1,MARKDOWN,1,C,1.38705036,1.3895473619071261,1.3808078552321845,0.002497001907126206,0.000394723814252446,0,1,0,0,0,1,False,-1,
14462,2025-12-08 08:00:00,8,-1,MARKDOWN,3,B,1.38228464,1.3829376809065688,1.380652037733578,0.0006530409065688136,0.0001753618131378148,0,1,1,1,0,1,True,14471,0.6546894514042524
14474,2025-12-08 09:00:00,9,-1,MARKDOWN,3,B,1.38218576,1.3827868232773357,1.3806831018066608,0.0006010632773356672,0.0001936465546713479,1,0,1,1,0,1,True,14480,-1.0
14486,2025-12-08 10:00:00,10,-1,MARKDOWN,2,C,1.38218576,1.3828284984844028,1.3805789137889932,0.0006427384844027717,0.0002769969688057303,0,1,1,0,0,1,True,14489,1.75
14505,2025-12-08 11:35:00,11,-1,MARKDOWN,3,B,1.38213632,1.3827523969440372,1.3805961276399072,0.0006160769440370917,0.00028479388807406614,0,1,1,1,0,1,True,14508,1.75
14529,2025-12-08 13:35:00,13,-1,MARKDOWN,3,B,1.38238374,1.3830586908787137,1.380696362803216,0.0006749508787136094,0.00025738175742750634,0,1,1,1,1,1,False,-1,
14541,2025-12-08 14:35:00,14,-1,MARKDOWN,3,B,1.38195972,1.3830756931774595,1.3791697870563513,0.0011159731774594839,0.0002913863549191909,0,1,1,0,1,1,False,-1,
14553,2025-12-08 15:35:00,15,-1,MARKDOWN,1,C,1.38168714,1.3828968932764643,1.378662756808839,0.0012097532764643315,0.00033378655292834306,0,1,0,0,0,1,True,14568,-1.0
14565,2025-12-08 16:35:00,16,-1,MARKDOWN,0,C,1.38168714,1.382929423222926,1.378581431942685,0.0012422832229259662,0.0003988464458517746,0,0,0,0,0,1,True,14568,-1.0
14581,2025-12-08 17:55:00,17,1,MARKUP,2,C,1.38172282,1.3797401619496101,1.3866794651259746,0.001982658050389885,0.0005196761007793584,0,1,1,0,0,1,False,-1,
14593,2025-12-08 18:55:00,18,1,MARKUP,2,C,1.3820245999999998,1.379748340052746,1.3877152498681347,0.002276259947253889,0.0005033198945081058,0,1,0,0,1,1,False,-1,
14605,2025-12-08 19:55:00,19,1,MARKUP,0,C,1.38203696,1.3798146970470349,1.387592617382413,0.002222262952965126,0.0004106059059302991,0,0,0,0,0,1,False,-1,
14617,2025-12-08 20:55:00,20,1,MARKUP,2,C,1.3822547,1.3798394002723857,1.388292949319036,0.0024152997276143395,0.00036119945522877897,0,1,1,0,0,1,False,-1,
14751,2025-12-09 08:05:00,8,1,MARKUP,2,C,1.3852955,1.3851018152856174,1.3857797117859567,0.0001936847143826359,0.00019636942876522385,0,1,1,0,0,1,True,14756,0.5
14763,2025-12-09 09:05:00,9,1,MARKUP,1,C,1.38496278,1.3843699151411095,1.386444942147226,0.0005928648588904295,0.00020016971778064592,0,1,0,0,0,1,True,14787,-1.0
14775,2025-12-09 10:05:00,10,1,MARKUP,1,C,1.38496278,1.3843669251202835,1.3864524171992911,0.0005958548797164731,0.00020614975943271288,0,1,0,0,0,1,True,14787,-1.0
14796,2025-12-09 11:50:00,11,-1,MARKDOWN,2,C,1.3850632999999999,1.3858958261852172,1.3829819845369564,0.0008325261852173416,0.00025165237043444895,0,1,1,0,0,1,False,-1,
14810,2025-12-09 13:00:00,13,-1,MARKDOWN,1,C,1.38503274,1.3858848313685839,1.3829025115785403,0.0008520913685838849,0.00022966273716798851,0,1,0,0,0,1,False,-1,
14822,2025-12-09 14:00:00,14,-1,MARKDOWN,0,C,1.38503274,1.3858782751556784,1.382918902110804,0.000845535155678423,0.00021655031135710495,0,0,0,0,0,1,False,-1,
14837,2025-12-09 15:15:00,15,-1,MARKDOWN,2,C,1.38503274,1.385897369939974,1.3828711651500651,0.0008646299399739377,0.0002547398799477324,0,1,1,0,0,1,False,-1,
14850,2025-12-09 16:20:00,16,-1,MARKDOWN,2,C,1.38447194,1.3851549531376932,1.3827644071557672,0.0006830131376931448,0.00034990627538614003,0,1,0,1,0,1,True,14858,0.5
14862,2025-12-09 17:20:00,17,-1,MARKDOWN,3,B,1.38398298,1.385270382072233,1.3807644748194179,0.0012874020722328794,0.0005807641444655619,0,1,1,1,0,1,True,14866,-1.0
14874,2025-12-09 18:20:00,18,-1,MARKDOWN,1,C,1.38398298,1.385241176212822,1.3808374894679452,0.0012581962128219715,0.0005223524256438431,0,1,0,0,0,1,True,14884,-1.0
14895,2025-12-09 20:05:00,20,1,MARKUP,2,C,1.3837872199999999,1.382156879165137,1.387863072087157,0.001630340834862798,0.0004262416697257369,0,1,1,0,0,1,False,-1,
15055,2025-12-10 09:25:00,9,-1,MARKDOWN,1,C,1.3852916,1.3858125632517526,1.3839891918706182,0.0005209632517526597,0.0001251265035052162,0,1,0,0,0,1,True,15058,-1.0
15075,2025-12-10 11:05:00,11,-1,MARKDOWN,2,C,1.38521744,1.385742347605194,1.3839051709870147,0.0005249076051940804,0.00022469521038812453,0,1,1,0,0,1,True,15076,1.75
15098,2025-12-10 13:00:00,13,1,MARKUP,1,C,1.38506188,1.3844326921175523,1.3866348497061196,0.0006291878824478125,0.00023461576489557237,0,1,0,0,0,1,True,15102,-1.0
15110,2025-12-10 14:00:00,14,-1,MARKDOWN,2,C,1.38536284,1.385992078898807,1.3837897427529826,0.0006292388988069497,0.00020415779761376326,0,1,1,0,0,1,False,-1,
15122,2025-12-10 15:00:00,15,-1,MARKDOWN,1,C,1.38509544,1.386015882523444,1.3827943336913897,0.0009204425234441427,0.0002517650468879789,0,1,0,0,0,1,True,15125,0.5579901601450019
15134,2025-12-10 16:00:00,16,-1,MARKDOWN,1,C,1.38500274,1.3859262601942188,1.382693939514453,0.0009235201942188187,0.00037252038843773623,1,0,0,0,0,1,True,15135,0.5108000324711621
15149,2025-12-10 17:15:00,17,1,MARKUP,2,C,1.3851088,1.3835343246727947,1.3890449883180134,0.001574475327205338,0.0005513506544104365,0,1,1,0,0,1,True,15158,-1.0
15165,2025-12-10 18:35:00,18,-1,MARKDOWN,2,C,1.38589592,1.387460662199889,1.3819840645002777,0.001564742199889002,0.0005013243997781243,0,1,1,0,0,1,False,-1,
15177,2025-12-10 19:35:00,19,-1,MARKDOWN,2,C,1.38544134,1.3874228434298332,1.3804875814254172,0.0019815034298331646,0.0004256868596663095,0,1,1,0,0,1,False,-1,
15189,2025-12-10 20:35:00,20,-1,MARKDOWN,0,C,1.38544134,1.387382959504273,1.3805872912393178,0.0019416195042729623,0.00034591900854616115,0,0,0,0,0,1,False,-1,
15326,2025-12-11 08:00:00,8,1,MARKUP,1,C,1.38021646,1.3791592505891996,1.382859483527001,0.0010572094108003416,0.0001814988216004324,0,0,1,0,0,1,False,-1,
15338,2025-12-11 09:00:00,9,1,MARKUP,1,C,1.38033814,1.379171088445339,1.383255768886653,0.0011670515546611249,0.0002178231093221076,0,1,0,0,0,1,False,-1,
15350,2025-12-11 10:00:00,10,1,MARKUP,1,C,1.3813050199999999,1.3805615847361976,1.3831636081595056,0.0007434352638022723,0.0002568305276047784,0,1,0,0,0,1,True,15355,-1.0
15365,2025-12-11 11:15:00,11,1,MARKUP,3,B,1.38164492,1.3810985655635744,1.3830108060910642,0.0005463544364257,0.0002828688728511217,1,1,1,0,0,1,True,15366,-1.0
15386,2025-12-11 13:00:00,13,-1,MARKDOWN,2,C,1.3814596,1.3824282473604528,1.3790379815988678,0.0009686473604528789,0.00025649472090602857,0,1,1,0,0,1,False,-1,
15398,2025-12-11 14:00:00,14,-1,MARKDOWN,1,C,1.3811654599999998,1.3824378249219529,1.3779845476951174,0.0012723649219530397,0.0002756498439062627,0,1,0,0,0,1,False,-1,
15410,2025-12-11 15:00:00,15,-1,MARKDOWN,2,C,1.38090208,1.3820414750174428,1.3780535924563933,0.001139395017442757,0.00032295003488544833,0,1,1,0,0,1,False,-1,
15422,2025-12-11 16:00:00,16,-1,MARKDOWN,1,C,1.3803533399999999,1.381937741831824,1.3763923354204397,0.0015844018318240671,0.00039548366364792293,0,1,0,0,0,1,False,-1,
15434,2025-12-11 17:00:00,17,-1,MARKDOWN,2,C,1.37933572,1.3813110692823276,1.374397346794181,0.0019753492823275653,0.00048213856465529595,0,1,1,0,0,1,False,-1,
15446,2025-12-11 18:00:00,18,-1,MARKDOWN,1,C,1.37855752,1.380546818039876,1.3735842749003102,0.0019892980398759086,0.00043363607975155404,0,1,0,0,0,1,False,-1,
15458,2025-12-11 19:00:00,19,-1,MARKDOWN,2,C,1.37855752,1.3805731211939407,1.3735185170151483,0.0020156011939407303,0.00048624238788130396,0,1,1,0,0,1,False,-1,
15478,2025-12-11 20:40:00,20,-1,MARKDOWN,2,C,1.37759962,1.3789803224038184,1.374147863990454,0.001380702403818379,0.000400644807636867,0,1,1,0,0,1,True,15484,0.20252010804546033
15616,2025-12-12 08:10:00,8,-1,MARKDOWN,3,B,1.3770081,1.3772502452099673,1.376402736975082,0.0002421452099672372,0.00014049041993452805,1,1,1,0,0,1,True,15617,-1.0
15628,2025-12-12 09:10:00,9,-1,MARKDOWN,2,C,1.377538,1.378002600357822,1.3763764991054446,0.0004646003578221425,0.00016520071564413196,0,1,1,0,0,1,False,-1,
15640,2025-12-12 10:10:00,10,-1,MARKDOWN,1,C,1.37717128,1.3780363952419648,1.375008491895088,0.0008651152419647534,0.00023279048392958062,0,1,0,0,0,1,False,-1,
15652,2025-12-12 11:10:00,11,-1,MARKDOWN,1,C,1.37699938,1.378042252485431,1.3743921987864225,0.0010428724854310012,0.0002445049708617617,0,1,0,0,0,1,False,-1,
15674,2025-12-12 13:00:00,13,-1,MARKDOWN,2,C,1.37676454,1.377652665803709,1.3745442254907274,0.0008881258037090056,0.00022533160741768234,0,1,1,0,0,1,True,15692,0.9085358084277392
15686,2025-12-12 14:00:00,14,-1,MARKDOWN,2,C,1.37675836,1.3776317222208472,1.374574954447882,0.000873362220847218,0.000203444441694377,0,1,1,0,0,1,True,15692,0.9119037721311537
15699,2025-12-12 15:05:00,15,-1,MARKDOWN,2,C,1.37592406,1.37632261522638,1.3749276719340497,0.000398555226380104,0.0002852304527604723,0,1,1,0,0,1,True,15700,0.5
15715,2025-12-12 16:25:00,16,-1,MARKDOWN,2,C,1.3763979,1.3771426726705895,1.374535968323526,0.0007447726705895885,0.0003053453411790512,0,1,1,0,0,1,True,15723,-1.0
15732,2025-12-12 17:50:00,17,1,MARKUP,3,B,1.37651892,1.3751159562429764,1.3800263293925592,0.0014029637570236453,0.0004680875140473673,0,1,1,0,1,1,True,15755,-0.2344465410124791
15744,2025-12-12 18:50:00,18,1,MARKUP,1,C,1.37693148,1.375099919376077,1.3815103815598082,0.0018315606239232007,0.0005001612478465701,0,1,0,0,0,1,True,15752,-0.21920104350141326
15905,2025-12-15 08:15:00,8,-1,MARKDOWN,4,A,1.37658474,1.3770148713357522,1.3755094116606195,0.0004301313357522041,0.00014974267150411448,1,1,1,0,1,1,True,15906,0.7833064367725971
15917,2025-12-15 09:15:00,9,-1,MARKDOWN,1,C,1.3766641800000001,1.3771403147472758,1.375473843131811,0.0004761347472757027,0.00018062949455131274,0,1,0,0,0,1,True,15928,0.9191865359072751
15929,2025-12-15 10:15:00,10,-1,MARKDOWN,3,B,1.3766489,1.3771622263657957,1.3753655840855106,0.0005133263657957077,0.00022445273159110368,0,1,1,0,1,1,True,15948,-1.0
15941,2025-12-15 11:15:00,11,-1,MARKDOWN,1,C,1.3765625000000001,1.3771714576015277,1.3750401059961812,0.0006089576015275711,0.00026291520305536046,0,1,0,0,0,1,True,15948,-1.0
15962,2025-12-15 13:00:00,13,1,MARKUP,1,C,1.37650726,1.3756525206486316,1.3786441083784204,0.0008547393513682611,0.00023495870273669353,0,1,0,0,0,1,True,15970,-1.0
15974,2025-12-15 14:00:00,14,1,MARKUP,1,C,1.37650726,1.3756466749084408,1.3786587227288976,0.0008605850915590629,0.00024665018311803094,1,0,0,0,0,1,True,15976,-1.0
15986,2025-12-15 15:00:00,15,-1,MARKDOWN,2,C,1.37658456,1.3778450978449206,1.3734332153876982,0.0012605378449206395,0.00029019568984142767,0,1,0,0,1,1,True,15996,-1.0
16005,2025-12-15 16:35:00,16,-1,MARKDOWN,2,C,1.37658456,1.3778769987444066,1.3733534631389834,0.0012924387444066543,0.0003539974888133249,1,0,1,0,0,1,True,16006,-1.0
16020,2025-12-15 17:50:00,17,-1,MARKDOWN,2,C,1.37658456,1.3779869777391671,1.373078515652082,0.001402417739167161,0.0005739554783343603,0,1,1,0,0,1,True,16024,-1.0
16032,2025-12-15 18:50:00,18,1,MARKUP,1,C,1.37578848,1.3745419875998044,1.378904711000489,0.0012464924001955868,0.00047602480039103456,0,1,0,0,0,1,False,-1,
16044,2025-12-15 19:50:00,19,1,MARKUP,2,C,1.3758266799999999,1.3745822645196242,1.378937718700939,0.0012444154803756824,0.00039547096075158596,0,1,1,0,0,1,False,-1,
16056,2025-12-15 20:50:00,20,1,MARKUP,1,C,1.3767797,1.3753068954628112,1.380461711342972,0.0014728045371887877,0.00038620907437766715,0,1,0,0,0,1,False,-1,
16190,2025-12-16 08:00:00,8,-1,MARKDOWN,0,C,1.37751734,1.3782135865203298,1.3757767236991758,0.0006962465203297352,0.00014717304065987624,0,0,0,0,0,1,False,-1,
16202,2025-12-16 09:00:00,9,-1,MARKDOWN,1,C,1.37726812,1.3778614938208074,1.3757846854479818,0.0005933738208072636,0.00016298764161469325,0,1,0,0,0,1,True,16220,-1.0
16214,2025-12-16 10:00:00,10,-1,MARKDOWN,3,B,1.3769832800000001,1.3774547794984677,1.3758045312538312,0.0004714994984675869,0.0002095589969351811,0,1,1,1,1,1,True,16219,-1.0
16228,2025-12-16 11:10:00,11,1,MARKUP,3,B,1.37690952,1.3762603090675907,1.3785325473310237,0.0006492109324094386,0.0002593818648188471,0,1,1,1,0,1,False,-1,
16250,2025-12-16 13:00:00,13,1,MARKUP,2,C,1.37699356,1.3762615735696373,1.378823526075907,0.0007319864303627632,0.0002568528607252303,0,1,1,0,0,1,True,16265,-1.0
16262,2025-12-16 14:00:00,14,1,MARKUP,0,C,1.37701266,1.3762844754139374,1.3788331214651568,0.000728184586062719,0.00021104917212519397,0,0,0,0,0,1,True,16265,-1.0
16274,2025-12-16 15:00:00,15,-1,MARKDOWN,2,C,1.37722544,1.3781438583240053,1.3749293941899863,0.00091841832400541,0.0002477166480106451,0,1,1,0,0,1,False,-1,
16286,2025-12-16 16:00:00,16,-1,MARKDOWN,2,C,1.37640414,1.3782658398590089,1.3717498903524779,0.0018616998590088585,0.0004916797180178072,0,1,1,0,0,1,False,-1,
16298,2025-12-16 17:00:00,17,-1,MARKDOWN,1,C,1.37611764,1.3782996440606121,1.3706626298484694,0.002182004060612197,0.0005592881212240003,0,1,0,0,0,1,True,16303,0.88160725999021
16310,2025-12-16 18:00:00,18,-1,MARKDOWN,2,C,1.37611764,1.378306520568286,1.3706454385792846,0.0021888805682861445,0.0005730411365720599,0,0,1,0,1,1,False,-1,
16322,2025-12-16 19:00:00,19,-1,MARKDOWN,2,C,1.3757283,1.3776407590399906,1.3709471524000234,0.0019124590399905994,0.0005015180799811194,0,1,1,0,0,1,True,16338,0.7746133968597906
16334,2025-12-16 20:00:00,20,-1,MARKDOWN,1,C,1.37514738,1.376682465834726,1.3713096654131849,0.0015350858347260576,0.00046493166945217124,1,0,0,0,0,1,True,16335,-0.8550792211786835
16478,2025-12-17 08:00:00,8,1,MARKUP,1,C,1.3766258000000002,1.3758124049651619,1.3786592875870962,0.000813395034838349,0.0001751900696766576,0,1,0,0,0,1,False,-1,
16490,2025-12-17 09:00:00,9,1,MARKUP,2,C,1.37694636,1.37609158587029,1.379083295324275,0.0008547741297100231,0.00019682825942005078,0,1,1,0,0,1,False,-1,
16502,2025-12-17 10:00:00,10,1,MARKUP,2,C,1.37724164,1.3763337024788673,1.379511483802832,0.0009079375211327179,0.0002725950422654956,0,1,1,0,0,1,True,16519,1.75
16538,2025-12-17 13:00:00,13,1,MARKUP,2,C,1.37782604,1.3772396342511959,1.3792920543720102,0.0005864057488040864,0.000240731497607864,0,1,1,0,0,1,False,-1,
16550,2025-12-17 14:00:00,14,1,MARKUP,1,C,1.37809444,1.3770138291675813,1.3807959670810463,0.0010806108324186159,0.00031234166483736447,0,1,0,0,0,1,True,16565,-1.0
16562,2025-12-17 15:00:00,15,1,MARKUP,0,C,1.37809444,1.377025576706087,1.380766598234782,0.0010688632939128695,0.0002888465878258091,0,0,0,0,0,1,True,16565,-1.0
16591,2025-12-17 17:25:00,17,-1,MARKDOWN,2,C,1.37846692,1.3798006562094047,1.375132579476488,0.001333736209404801,0.00042131241880954306,0,1,1,0,0,1,True,16597,-1.0
16608,2025-12-17 18:50:00,18,1,MARKUP,2,C,1.3774180200000001,1.3759921856248218,1.380982605937946,0.001425834375178292,0.0004756287503564566,0,1,1,0,0,1,False,-1,
16620,2025-12-17 19:50:00,19,1,MARKUP,2,C,1.37760138,1.3760201979367976,1.3815543351580057,0.0015811820632023466,0.00041960412640483003,0,1,1,0,0,1,False,-1,
16632,2025-12-17 20:50:00,20,1,MARKUP,2,C,1.37760138,1.3760496340147077,1.3814807449632307,0.0015517459852922855,0.000360731970584603,0,1,1,0,0,1,True,16655,0.3599944870454065
16766,2025-12-18 08:00:00,8,-1,MARKDOWN,2,C,1.37842632,1.3789768197243333,1.3770500706891666,0.0005504997243332976,0.00015363944866667622,0,1,1,0,0,1,False,-1,
16778,2025-12-18 09:00:00,9,-1,MARKDOWN,2,C,1.37812038,1.3789448816646246,1.3760591258384383,0.0008245016646246661,0.00018976332924918097,0,1,1,0,0,1,True,16795,-1.0
16790,2025-12-18 10:00:00,10,-1,MARKDOWN,0,C,1.37802038,1.378852292408297,1.375940598979257,0.0008319124082971641,0.0002045848165943604,0,0,0,0,0,1,True,16794,-1.0
16833,2025-12-18 13:35:00,13,1,MARKUP,2,C,1.37755816,1.376727269368398,1.3796353865790048,0.0008308906316019105,0.00022546126320383423,0,1,1,0,0,1,True,16856,-1.0
16845,2025-12-18 14:35:00,14,1,MARKUP,2,C,1.37786332,1.3768607030225959,1.38036986244351,0.0010026169774040028,0.0002785939548080533,0,1,1,0,0,1,True,16856,-1.0
16865,2025-12-18 16:15:00,16,-1,MARKDOWN,2,C,1.3783517600000001,1.3798917098195098,1.374501885451226,0.0015399498195096673,0.0005434196390192934,0,1,0,1,0,1,False,-1,
16877,2025-12-18 17:15:00,17,-1,MARKDOWN,0,C,1.3783517600000001,1.3798942709598536,1.3744954826003664,0.0015425109598534714,0.0005485419197069804,0,0,0,0,0,1,False,-1,
16889,2025-12-18 18:15:00,18,-1,MARKDOWN,2,C,1.378092,1.3798756615997272,1.3736328460006824,0.0017836615997270933,0.000511323199454029,0,1,1,0,0,1,True,16901,0.46084974870001655
16901,2025-12-18 19:15:00,19,-1,MARKDOWN,1,C,1.378092,1.3798595741375175,1.3736730646562068,0.0017675741375173804,0.0004791482750347414,1,0,0,0,0,1,False,-1,
16917,2025-12-18 20:35:00,20,-1,MARKDOWN,3,B,1.3771711800000002,1.3783347203019602,1.3742623292451,0.0011635403019600865,0.00040944060392037373,0,1,1,0,1,1,True,16918,-1.0
17054,2025-12-19 08:00:00,8,1,MARKUP,2,C,1.37786142,1.3770939168906733,1.3797801777733163,0.000767503109326606,0.0001521662186532866,0,1,1,0,0,1,False,-1,
17066,2025-12-19 09:00:00,9,1,MARKUP,0,C,1.37829344,1.377468379678706,1.380356090803235,0.0008250603212940355,0.0001832406425880179,0,0,0,0,0,1,False,-1,
17078,2025-12-19 10:00:00,10,1,MARKUP,0,C,1.37872356,1.3780074117247147,1.3805139306882133,0.0007161482752853221,0.0002251765505704808,0,0,0,0,0,1,True,17081,0.9353646172239811
17091,2025-12-19 11:05:00,11,1,MARKUP,2,C,1.3788966,1.378275455331448,1.38044946167138,0.0006211446685520094,0.0002490893371042204,0,0,1,0,1,1,False,-1,
17114,2025-12-19 13:00:00,13,1,MARKUP,1,C,1.37905166,1.3785158873043817,1.3803910917390458,0.0005357726956183306,0.00020822539123660223,0,1,0,0,0,1,True,17134,-1.0
17126,2025-12-19 14:00:00,14,1,MARKUP,1,C,1.379193,1.3785166122676145,1.3808839693309634,0.0006763877323854306,0.00020677546477113385,0,1,0,0,0,1,True,17134,-1.0
17138,2025-12-19 15:00:00,15,1,MARKUP,2,C,1.379193,1.378477070074671,1.3809828248133225,0.0007159299253289841,0.0002858598506581726,0,1,1,0,0,1,True,17139,-1.0
17153,2025-12-19 16:15:00,16,-1,MARKDOWN,1,C,1.37905422,1.3803193598433552,1.375891370391612,0.0012651398433551897,0.00039871968671014856,0,1,0,0,0,1,False,-1,
17165,2025-12-19 17:15:00,17,-1,MARKDOWN,1,C,1.3783628,1.3803614267476572,1.3733662331308576,0.0019986267476570507,0.0004828534953142317,0,1,0,0,0,1,True,17172,-1.0
17177,2025-12-19 18:15:00,18,-1,MARKDOWN,2,C,1.3783628,1.3803530419599763,1.3733871951000596,0.0019902419599762133,0.0004660839199527507,1,0,1,0,0,1,True,17184,-1.0
17200,2025-12-19 20:10:00,20,-1,MARKDOWN,3,B,1.3780290800000001,1.3797527303800772,1.3737199540498075,0.0017236503800770464,0.0003454607601542759,0,1,1,1,1,1,True,17206,-1.0
17357,2025-12-22 09:15:00,9,-1,MARKDOWN,2,C,1.3794407,1.3799673018634924,1.378124195341269,0.0005266018634924041,0.00017460372698452765,0,1,0,0,1,1,False,-1,
17369,2025-12-22 10:15:00,10,-1,MARKDOWN,1,C,1.37909308,1.379986365517578,1.3768598662060554,0.0008932855175778354,0.0002127310351558961,0,1,0,0,0,1,False,-1,
17381,2025-12-22 11:15:00,11,-1,MARKDOWN,2,C,1.37882938,1.3798626911556178,1.3762461021109555,0.0010333111556177776,0.00022538231123526092,0,1,1,0,0,1,False,-1,
17402,2025-12-22 13:00:00,13,-1,MARKDOWN,2,C,1.37850074,1.3797265064584052,1.3754363238539868,0.0012257664584052197,0.00021301291681034186,0,1,1,0,0,1,False,-1,
17414,2025-12-22 14:00:00,14,-1,MARKDOWN,2,C,1.37811208,1.379188313533339,1.3754214961666524,0.001076233533338966,0.00019662706667821574,0,1,1,0,0,1,False,-1,
17426,2025-12-22 15:00:00,15,-1,MARKDOWN,2,C,1.3777251000000001,1.3786018874037869,1.3755331314905335,0.0008767874037867163,0.00026377480757335957,0,1,1,0,0,1,False,-1,
17438,2025-12-22 16:00:00,16,-1,MARKDOWN,2,C,1.37690904,1.3779537831504152,1.3742971821239618,0.0010447431504152505,0.0003475663008305474,0,1,1,0,0,1,False,-1,
17450,2025-12-22 17:00:00,17,-1,MARKDOWN,3,B,1.37611232,1.3775870578497782,1.3724254753755547,0.0014747378497781405,0.0004741156995561604,0,1,1,1,0,1,False,-1,
17462,2025-12-22 18:00:00,18,-1,MARKDOWN,1,C,1.37607794,1.377556279127069,1.3723820921823275,0.0014783391270689616,0.0004125582541379491,0,1,0,0,0,1,False,-1,
17474,2025-12-22 19:00:00,19,-1,MARKDOWN,2,C,1.37592132,1.3775236799959782,1.3719154200100543,0.001602359995978242,0.0003473599919562191,0,1,1,0,0,1,False,-1,
17486,2025-12-22 20:00:00,20,-1,MARKDOWN,1,C,1.37563704,1.3770380716185868,1.3721344609535329,0.0014010316185868454,0.0002961432371737154,0,1,0,0,0,1,False,-1,
17646,2025-12-23 09:20:00,9,-1,MARKDOWN,3,B,1.37375406,1.3741017809552847,1.3728847576117884,0.0003477209552846805,0.00018356191056924368,0,1,1,1,0,1,True,17647,0.7387030647606329
17658,2025-12-23 10:20:00,10,-1,MARKDOWN,1,C,1.3737140799999998,1.3744234153209536,1.3719407416976155,0.0007093353209537412,0.00022683064190713841,0,1,0,0,0,1,False,-1,
17670,2025-12-23 11:20:00,11,-1,MARKDOWN,2,C,1.37300356,1.3744525408255428,1.3693811079361426,0.0014489808255429004,0.00028508165108570544,0,1,0,0,1,1,False,-1,
17690,2025-12-23 13:00:00,13,-1,MARKDOWN,2,C,1.3725718999999998,1.3744346500809261,1.3679150247976841,0.0018627500809262898,0.0002493001618522112,0,1,1,0,0,1,False,-1,
17702,2025-12-23 14:00:00,14,-1,MARKDOWN,1,C,1.37239538,1.3742186465239896,1.3678372136900259,0.001823266523989675,0.00027729304797920114,0,0,1,0,0,1,False,-1,
17714,2025-12-23 15:00:00,15,-1,MARKDOWN,2,C,1.3718639,1.373368251274466,1.3681030218138346,0.0015043512744661314,0.0002965025489322316,0,1,1,0,0,1,True,17733,0.7256600121635028
17726,2025-12-23 16:00:00,16,-1,MARKDOWN,2,C,1.37049006,1.371738245971417,1.367369595071458,0.0012481859714168486,0.0004564919428340309,0,1,1,0,0,1,True,17728,-1.0
17784,2025-12-23 20:50:00,20,-1,MARKDOWN,2,C,1.3698428200000001,1.3702102172009705,1.3689243269975742,0.000367397200970343,0.00036043440194062187,0,1,1,0,0,1,False,-1,
17918,2025-12-24 08:00:00,8,-1,MARKDOWN,2,C,1.36832902,1.368938885352105,1.3668043566197376,0.0006098653521049435,0.00015777070420986357,0,1,1,0,0,1,True,17941,1.0480658044154625
17935,2025-12-24 09:25:00,9,-1,MARKDOWN,2,C,1.36813148,1.3685479789832211,1.3670902325419472,0.0004164989832211585,0.0001759579664423717,0,1,1,0,0,1,True,17940,-1.0
17953,2025-12-24 10:55:00,10,-1,MARKDOWN,2,C,1.36813148,1.3685785987882946,1.3670136830292634,0.00044711878829462037,0.00023719757658897226,0,1,1,0,0,1,False,-1,
17965,2025-12-24 11:55:00,11,-1,MARKDOWN,1,C,1.36823408,1.368932544167513,1.366487919581217,0.0006984641675131797,0.0002050883350262345,0,1,0,0,0,1,False,-1,
17978,2025-12-24 13:00:00,13,-1,MARKDOWN,1,C,1.36821116,1.3689168976134618,1.3664468159663454,0.000705737613461821,0.00017379522692368617,0,1,0,0,0,1,True,18002,0.9800210434875098
17990,2025-12-24 14:00:00,14,-1,MARKDOWN,1,C,1.36809274,1.368914133159593,1.3660392571010174,0.0008213931595930646,0.000168266319186189,0,1,0,0,0,1,True,17999,0.8403472531727088
18020,2025-12-24 16:30:00,16,-1,MARKDOWN,3,B,1.36779308,1.3687478740629053,1.3654060948427367,0.0009547940629053286,0.0003357481258102199,0,1,1,1,0,1,True,18021,0.6964770472173956
18032,2025-12-24 17:30:00,17,-1,MARKDOWN,3,B,1.36779308,1.3687909939516532,1.365298295120867,0.000997913951653162,0.00042198790330606956,0,1,1,1,0,1,True,18043,0.7230961854492044
18049,2025-12-24 18:55:00,18,-1,MARKDOWN,1,C,1.36779308,1.3687553219515118,1.3653874751212203,0.0009622419515118441,0.0003506439030232516,0,0,1,0,0,1,True,18053,0.7313667531025556
18061,2025-12-24 19:55:00,19,-1,MARKDOWN,3,B,1.36779308,1.3687702326509228,1.365350198372693,0.0009771526509227968,0.000380465301845332,0,1,1,1,0,1,False,-1,
18073,2025-12-24 20:55:00,20,-1,MARKDOWN,3,B,1.3671998,1.3677515064817565,1.365820533795609,0.0005517064817563977,0.0002630129635126883,1,1,0,0,1,1,True,18083,-1.0
18219,2025-12-26 09:05:00,9,-1,MARKDOWN,2,C,1.36769486,1.3682806106379035,1.3662304834052414,0.0005857506379034483,0.00020122127580730637,0,1,1,0,0,1,True,18230,-1.0
18241,2025-12-26 10:55:00,10,-1,MARKDOWN,2,C,1.36757262,1.368299492777405,1.3657554380564876,0.0007268727774050188,0.0002389855548103642,0,1,1,0,0,1,True,18243,-1.0
18253,2025-12-26 11:55:00,11,1,MARKUP,2,C,1.36722412,1.3664742790545423,1.369098722363644,0.0007498409454576027,0.00023144189091531947,0,1,1,0,0,1,False,-1,
18266,2025-12-26 13:00:00,13,1,MARKUP,1,C,1.36732726,1.3664809391287183,1.369443062178204,0.0008463208712816694,0.00021812174256319913,0,1,0,0,0,1,False,-1,
18278,2025-12-26 14:00:00,14,1,MARKUP,0,C,1.36732726,1.366482620492915,1.3694388587677122,0.00084463950708491,0.00021475901417002067,0,0,0,0,0,1,True,18293,-1.0
18298,2025-12-26 15:40:00,15,-1,MARKDOWN,2,C,1.36729378,1.3686822771277198,1.3638225371807005,0.0013884971277198233,0.0003245542554396922,0,1,1,0,0,1,False,-1,
18310,2025-12-26 16:40:00,16,-1,MARKDOWN,1,C,1.366992,1.3686940209807816,1.3627369475480458,0.0017020209807816489,0.00034804196156319717,0,1,0,0,0,1,True,18330,-0.14570913214367814
18322,2025-12-26 17:40:00,17,-1,MARKDOWN,0,C,1.36688886,1.3687144654077155,1.3623248464807114,0.0018256054077154804,0.00038893081543109635,0,0,0,0,0,1,True,18330,-0.19234167389952897
18494,2025-12-29 08:00:00,8,1,MARKUP,2,C,1.36639412,1.3656659585406683,1.3682145236483294,0.0007281614593317443,0.00018808291866313662,0,1,1,0,0,1,False,-1,
18506,2025-12-29 09:00:00,9,1,MARKUP,1,C,1.3667111799999998,1.3656506697363548,1.3693624556591122,0.0010605102636449537,0.00021866052728996307,0,1,0,0,0,1,False,-1,
18518,2025-12-29 10:00:00,10,1,MARKUP,2,C,1.36711228,1.3656180600247736,1.3708478299380658,0.001494219975226363,0.00028387995045274706,0,1,1,0,0,1,False,-1,
18530,2025-12-29 11:00:00,11,1,MARKUP,2,C,1.367527,1.365992685664108,1.3713627858397297,0.0015343143358919065,0.00039462867178416145,0,1,1,0,0,1,False,-1,
18554,2025-12-29 13:00:00,13,1,MARKUP,2,C,1.36812028,1.366973642151257,1.3709868746218576,0.0011466378487430262,0.0003527156974859019,0,1,1,0,0,1,False,-1,
18566,2025-12-29 14:00:00,14,1,MARKUP,3,B,1.368454,1.3675451280146333,1.370726179963417,0.0009088719853667104,0.000289743970733326,0,1,1,0,1,1,True,18583,0.7674031531334542
18578,2025-12-29 15:00:00,15,1,MARKUP,0,C,1.36861972,1.367523713143899,1.3713597371402526,0.0010960068561010061,0.00031257371220187605,0,0,0,0,0,1,True,18579,0.6461443729024827
18590,2025-12-29 16:00:00,16,1,MARKUP,2,C,1.36861972,1.3674974611941304,1.3714253670146743,0.0011222588058696914,0.000365077611739092,0,0,1,0,1,1,True,18594,-1.0
18605,2025-12-29 17:15:00,17,1,MARKUP,2,C,1.36892254,1.367869018026804,1.37155634493299,0.00105352197319597,0.0006019639463920622,0,1,1,0,0,1,True,18609,-1.0
18617,2025-12-29 18:15:00,18,-1,MARKDOWN,2,C,1.36868458,1.370451301384453,1.3642677765388675,0.001766721384452996,0.000622602768905723,0,1,0,1,0,1,True,18627,-0.24645651761038023
18636,2025-12-29 19:50:00,19,1,MARKUP,1,C,1.36767464,1.3661338488048465,1.3715266179878838,0.0015407911951534903,0.0003923023903072264,0,1,0,0,0,1,False,-1,
18648,2025-12-29 20:50:00,20,1,MARKUP,1,C,1.36767464,1.3661697742469594,1.3714368043826013,0.0015048657530405407,0.00032045150608107914,0,1,0,0,0,1,False,-1,
18782,2025-12-30 08:00:00,8,-1,MARKDOWN,0,C,1.36882912,1.3692217866097114,1.3678474534757217,0.00039266660971137846,0.00014357321942282908,0,0,0,0,0,1,True,18806,0.5
18794,2025-12-30 09:00:00,9,-1,MARKDOWN,1,C,1.36874968,1.3691155398167563,1.3678350304581097,0.0003658598167561866,0.00015107963351251053,0,1,0,0,0,1,True,18798,0.7054861459886718
18807,2025-12-30 10:05:00,10,-1,MARKDOWN,1,C,1.3687126,1.3690869394152783,1.3677767514618044,0.000374339415278202,0.0002138788305563451,0,1,0,0,0,1,True,18810,-1.0
18819,2025-12-30 11:05:00,11,-1,MARKDOWN,3,B,1.3686135,1.3690431772914855,1.367539306771286,0.0004296772914855751,0.0002863545829710965,0,1,1,0,1,1,True,18831,-1.0
18847,2025-12-30 13:25:00,13,1,MARKUP,2,C,1.36850738,1.3677898199490317,1.3703012801274208,0.0007175600509683466,0.00022036010193663566,0,1,1,0,0,1,False,-1,
18859,2025-12-30 14:25:00,14,1,MARKUP,2,C,1.36883972,1.367782136688478,1.3714836782788051,0.001057583311522059,0.00023572662304437224,0,1,1,0,0,1,False,-1,
18871,2025-12-30 15:25:00,15,1,MARKUP,2,C,1.36902308,1.367745950868467,1.3722159028288325,0.0012771291315329947,0.000308098263066044,0,1,1,0,0,1,False,-1,
18883,2025-12-30 16:25:00,16,1,MARKUP,0,C,1.36902308,1.367703249177136,1.3723226570571603,0.001319830822864132,0.00039350164572857064,0,0,0,0,0,1,True,18900,0.42953990025006944
18895,2025-12-30 17:25:00,17,1,MARKUP,2,C,1.36927028,1.3680927025367813,1.372214223658047,0.0011775774632187819,0.0004145949264377678,0,1,1,0,0,1,True,18900,-1.0
18913,2025-12-30 18:55:00,18,-1,MARKDOWN,1,C,1.3698013,1.3710859043944885,1.3665897890137786,0.00128460439448852,0.0003918087889771294,0,1,0,0,0,1,False,-1,
18925,2025-12-30 19:55:00,19,-1,MARKDOWN,2,C,1.3697783799999999,1.371049792441281,1.366599848896797,0.00127141244128115,0.0003195848825622412,0,1,1,0,0,1,True,18948,0.08524377808565246
19070,2025-12-31 08:00:00,8,1,MARKUP,1,C,1.36969222,1.3691429105021322,1.3710654937446691,0.0005493094978676893,0.00017417899573535678,0,1,0,0,0,1,False,-1,
19082,2025-12-31 09:00:00,9,1,MARKUP,3,B,1.36994054,1.3694938144459965,1.3710573538850088,0.0004467255540034909,0.00015237110800687904,0,1,1,0,1,1,False,-1,
19094,2025-12-31 10:00:00,10,1,MARKUP,1,C,1.37013008,1.369471131798786,1.3717774505030351,0.000658948201214038,0.00021773640242803757,0,1,0,0,0,1,True,19116,1.0130350106153947
19106,2025-12-31 11:00:00,11,1,MARKUP,0,C,1.3701486200000002,1.3694860057456477,1.3718051556358812,0.0006626142543524338,0.00024798850870436605,0,0,0,0,0,1,True,19116,0.9962064960798414
19130,2025-12-31 13:00:00,13,1,MARKUP,1,C,1.37042806,1.3697813758199369,1.3720447704501582,0.0006466841800631951,0.00027724836012642067,0,1,0,0,0,1,True,19134,-1.0
19153,2025-12-31 14:55:00,14,-1,MARKDOWN,2,C,1.37052802,1.37138842284545,1.3683770128863753,0.0008604028454499701,0.00027684569089985735,0,1,1,0,0,1,False,-1,
19165,2025-12-31 15:55:00,15,-1,MARKDOWN,1,C,1.37032938,1.3714453353529334,1.3675394916176664,0.0011159553529334065,0.0003906707058669093,0,1,0,0,0,1,True,19167,-1.0
19177,2025-12-31 16:55:00,16,-1,MARKDOWN,0,C,1.37032938,1.371501092363755,1.3674000990906128,0.0011717123637549065,0.0005021847275096226,0,0,0,0,0,1,True,19178,-1.0
19189,2025-12-31 17:55:00,17,1,MARKUP,2,C,1.3703107,1.3685354961329217,1.374748709667696,0.001775203867078412,0.0006090077341569321,1,0,0,1,0,1,False,-1,
19201,2025-12-31 18:55:00,18,1,MARKUP,1,C,1.3703107,1.3685791788129025,1.374639502967744,0.0017315211870976288,0.0005216423741951117,0,1,0,0,0,1,False,-1,
19213,2025-12-31 19:55:00,19,1,MARKUP,1,C,1.3703107,1.3686459089848535,1.3744726775378666,0.001664791015146605,0.0003881820302931507,0,1,0,0,0,1,False,-1,
19225,2025-12-31 20:55:00,20,1,MARKUP,1,C,1.3706222799999999,1.3691012879630478,1.37442476009238,0.0015209920369521068,0.000337424073904488,0,1,0,0,0,1,False,-1,
19363,2026-01-02 08:25:00,8,1,MARKUP,2,C,1.37099244,1.3703632521598104,1.372565409600474,0.0006291878401896156,0.00017349568037932966,0,1,1,0,0,1,True,19370,-1.0
19375,2026-01-02 09:25:00,9,-1,MARKDOWN,2,C,1.3712244199999999,1.3719873364340176,1.3693171289149557,0.000762916434017713,0.00023467286803549183,0,1,1,0,0,1,True,19383,0.6616433857067823
19401,2026-01-02 11:35:00,11,1,MARKUP,2,C,1.37083838,1.3698673691263425,1.3732659071841433,0.000971010873657363,0.00034526174731468857,0,1,1,0,0,1,False,-1,
19418,2026-01-02 13:00:00,13,1,MARKUP,0,C,1.3709911799999999,1.3699079975131538,1.373699136217115,0.0010831824868460238,0.0002640049736923335,0,0,0,0,0,1,False,-1,
19430,2026-01-02 14:00:00,14,1,MARKUP,1,C,1.37115926,1.3699231561963687,1.3742495195090783,0.001236103803631261,0.00023368760726219542,0,1,0,0,0,1,False,-1,
19442,2026-01-02 15:00:00,15,1,MARKUP,1,C,1.37158588,1.3701788417694893,1.3751034755762768,0.0014070382305106932,0.00026231646102107913,0,1,0,0,0,1,False,-1,
19454,2026-01-02 16:00:00,16,1,MARKUP,2,C,1.37250128,1.3711646716033465,1.375842800991634,0.0013366083966535047,0.00035065679330672155,0,1,1,0,0,1,True,19476,0.8550881046967158
19466,2026-01-02 17:00:00,17,1,MARKUP,1,C,1.37290836,1.37155028096947,1.3763035575763252,0.0013580790305300905,0.00043943806106015065,0,1,0,0,0,1,True,19475,0.9319481538347669
19488,2026-01-02 18:50:00,18,1,MARKUP,3,B,1.373205,1.372025237071413,1.3761544073214675,0.0011797629285870137,0.00044952585717373384,0,1,1,1,0,1,True,19493,0.8715150894969625
19500,2026-01-02 19:50:00,19,1,MARKUP,2,C,1.3732544400000002,1.3721126659031089,1.3761088752422284,0.0011417740968913126,0.0004346681937824256,0,1,1,0,0,1,False,-1,
19512,2026-01-02 20:50:00,20,1,MARKUP,2,C,1.37312376,1.3719371998199996,1.3760901604500007,0.0011865601800002956,0.00032560036000103565,0,1,1,0,0,1,False,-1,
19646,2026-01-05 08:00:00,8,1,MARKUP,1,C,1.37563554,1.3742067263466429,1.379207574133393,0.0014288136533571194,0.00020654730671395633,0,0,1,0,0,1,False,-1,
19658,2026-01-05 09:00:00,9,1,MARKUP,1,C,1.37593218,1.3746818452139067,1.3790580169652331,0.0012503347860932656,0.00021630957218638882,0,0,1,0,0,1,False,-1,
19670,2026-01-05 10:00:00,10,1,MARKUP,1,C,1.37622802,1.374915803101811,1.379508562245473,0.0013122168981891669,0.00024839379637835765,0,1,0,0,0,1,False,-1,
19682,2026-01-05 11:00:00,11,1,MARKUP,2,C,1.3772248999999999,1.3763166897579073,1.3794954256052312,0.0009082102420925331,0.000326620484185267,0,1,0,0,1,1,True,19695,-1.0
19728,2026-01-05 14:50:00,14,1,MARKUP,2,C,1.3777923200000002,1.3769439435233704,1.3799132611915748,0.0008483764766298307,0.00035211295325945035,0,1,1,0,0,1,False,-1,
19740,2026-01-05 15:50:00,15,1,MARKUP,1,C,1.37826224,1.3760016486104625,1.3839137184738437,0.002260591389537492,0.00045670277907534305,0,1,0,0,0,1,True,19748,-1.0
19752,2026-01-05 16:50:00,16,1,MARKUP,1,C,1.37826224,1.3759579756829554,1.3840229007926115,0.0023042643170445576,0.0005440486340891931,1,0,0,0,0,1,True,19754,-1.0
19766,2026-01-05 18:00:00,18,-1,MARKDOWN,2,C,1.37886836,1.3818417919652413,1.371434780086897,0.0029734319652412466,0.0005835839304825075,0,1,1,0,0,1,False,-1,
19778,2026-01-05 19:00:00,19,-1,MARKDOWN,1,C,1.37886836,1.3817908361227298,1.3715621696931755,0.002922476122729778,0.0004816722454594792,0,1,0,0,0,1,False,-1,
19790,2026-01-05 20:00:00,20,-1,MARKDOWN,1,C,1.37886836,1.3817474005735102,1.3716707585662244,0.002879040573510183,0.00039480114702027076,0,0,1,0,0,1,False,-1,
19934,2026-01-06 08:00:00,8,-1,MARKDOWN,2,C,1.3769399199999999,1.3775821976672789,1.3753342258318024,0.0006422776672789787,0.00018439533455801957,0,1,1,0,0,1,False,-1,
19946,2026-01-06 09:00:00,9,-1,MARKDOWN,3,B,1.37630712,1.3771171888742904,1.3742819478142745,0.0008100688742902484,0.00021437774858077077,0,1,1,0,1,1,True,19956,0.7156920425573141
19958,2026-01-06 10:00:00,10,-1,MARKDOWN,2,C,1.3761402600000001,1.3768848043209483,1.3742788991976296,0.0007445443209481706,0.0002896086418964702,1,0,1,0,0,1,True,19963,-1.0
19996,2026-01-06 13:10:00,13,1,MARKUP,2,C,1.375934,1.3750111524763713,1.3782411188090717,0.0009228475236287004,0.0003176950472576346,0,1,1,0,0,1,False,-1,
20008,2026-01-06 14:10:00,14,1,MARKUP,0,C,1.37616782,1.375273622828878,1.378403312927805,0.0008941971711220464,0.0002527543422437749,0,0,0,0,0,1,False,-1,
20020,2026-01-06 15:10:00,15,1,MARKUP,1,C,1.37666128,1.3753348492661743,1.3799773568345641,0.0013264307338256565,0.0003303014676511741,0,1,0,0,0,1,True,20031,1.272999028355629
20034,2026-01-06 16:20:00,16,1,MARKUP,2,C,1.3770135399999999,1.375843885983343,1.3799376750416419,0.001169654016656807,0.00045222803331350765,1,0,1,0,0,1,True,20036,-1.0
20046,2026-01-06 17:20:00,17,1,MARKUP,2,C,1.37701972,1.3758247997172248,1.3800070207069381,0.0011949202827752359,0.0005104005655505147,0,1,1,0,0,1,False,-1,
20058,2026-01-06 18:20:00,18,1,MARKUP,1,C,1.37721418,1.375422410194737,1.3816936045131574,0.001791769805262966,0.0005351796105263153,0,1,0,0,0,1,False,-1,
20070,2026-01-06 19:20:00,19,1,MARKUP,1,C,1.37721418,1.3754709972733277,1.3815721368166807,0.0017431827266722877,0.00043800545334471403,0,1,0,0,0,1,False,-1,
20082,2026-01-06 20:20:00,20,1,MARKUP,2,C,1.37722564,1.3755032968499663,1.3815314978750843,0.0017223431500337227,0.0003734063000676719,0,1,1,0,0,1,False,-1,
20237,2026-01-07 09:15:00,9,1,MARKUP,2,C,1.3813456,1.3809430690300821,1.3823519274247946,0.0004025309699178248,0.000193861939835948,0,1,1,0,0,1,False,-1,
20249,2026-01-07 10:15:00,10,1,MARKUP,1,C,1.3816988399999999,1.3809666893429362,1.3835292166426592,0.0007321506570636682,0.00022662131412717968,0,1,0,0,0,1,True,20258,-1.0
20264,2026-01-07 11:30:00,11,1,MARKUP,3,B,1.3816988399999999,1.380943910230326,1.3835861644241845,0.00075492976967384,0.00027217953934760786,1,0,1,0,1,1,True,20265,-1.0
20282,2026-01-07 13:00:00,13,-1,MARKDOWN,2,C,1.3818443200000001,1.3828205057070788,1.3794038557323034,0.0009761857070786917,0.00024101141415776078,0,1,1,0,0,1,False,-1,
20294,2026-01-07 14:00:00,14,-1,MARKDOWN,1,C,1.38177938,1.3828211813303193,1.3791748766742018,0.0010418013303192808,0.00024236266063827692,0,1,0,0,0,1,False,-1,
20306,2026-01-07 15:00:00,15,-1,MARKDOWN,2,C,1.38177938,1.3828162794224712,1.379187131443822,0.0010368994224712047,0.00023255884494244894,0,1,1,0,0,1,False,-1,
20318,2026-01-07 16:00:00,16,-1,MARKDOWN,2,C,1.3809456800000002,1.382184713194289,1.3778480970142781,0.0012390331942888633,0.0003694263885777449,0,1,1,0,0,1,True,20330,-1.0
20330,2026-01-07 17:00:00,17,-1,MARKDOWN,2,C,1.38052938,1.3817114556160812,1.377574190959797,0.0011820756160811907,0.0005229112321622533,1,0,0,0,1,1,True,20331,-1.0
20348,2026-01-07 18:30:00,18,1,MARKUP,3,B,1.38040756,1.3788012304828345,1.3844233837929139,0.00160632951716555,0.00047753903433100925,0,1,1,0,1,1,False,-1,
20360,2026-01-07 19:30:00,19,1,MARKUP,1,C,1.38065968,1.378847685048551,1.3851896673786226,0.0018119949514490141,0.0003846299028982154,0,1,0,0,0,1,False,-1,
20372,2026-01-07 20:30:00,20,1,MARKUP,1,C,1.38083158,1.3788885649001061,1.3856891177497346,0.0019430150998938078,0.0003028701997880158,0,1,0,0,0,1,False,-1,
20510,2026-01-08 08:00:00,8,1,MARKUP,2,C,1.3863795200000002,1.3857571429163322,1.3879354627091702,0.0006223770836679687,0.00020571416733564265,0,1,1,0,0,1,False,-1,
20522,2026-01-08 09:00:00,9,1,MARKUP,1,C,1.38665838,1.3857320173610683,1.3889742865973296,0.0009263626389317547,0.00025596527786348903,0,0,1,0,0,1,False,-1,
20534,2026-01-08 10:00:00,10,1,MARKUP,1,C,1.3866813,1.3857151041710958,1.3890967895722606,0.0009661958289042261,0.00028979165780871285,0,1,0,0,0,1,False,-1,
20546,2026-01-08 11:00:00,11,1,MARKUP,2,C,1.38714196,1.3859101098240052,1.3902215854399866,0.0012318501759946976,0.0003397803519894671,0,1,0,0,1,1,True,20569,-1.0
20596,2026-01-08 15:10:00,15,-1,MARKDOWN,1,C,1.38766052,1.389007168517021,1.3842938987074476,0.001346648517021043,0.00029433703404212473,0,1,0,0,0,1,False,-1,
20608,2026-01-08 16:10:00,16,-1,MARKDOWN,1,C,1.38741322,1.3888627457732656,1.3837894055668358,0.0014495257732656253,0.0003854915465312539,0,1,0,0,0,1,False,-1,
20620,2026-01-08 17:10:00,17,-1,MARKDOWN,2,C,1.38699816,1.388431739836144,1.38341421040964,0.0014335798361440055,0.00048347967228806727,0,1,1,0,0,1,False,-1,
20638,2026-01-08 18:40:00,18,-1,MARKDOWN,2,C,1.3865779200000001,1.3877173140987562,1.38372943475311,0.0011393940987560747,0.000414628197512246,1,0,1,0,0,1,True,20639,-0.28267655620783
20654,2026-01-08 20:00:00,20,1,MARKUP,2,C,1.38602118,1.3848994048162997,1.3888256179592506,0.0011217751837002687,0.0003411903674004364,0,1,1,0,0,1,False,-1,
20814,2026-01-09 09:20:00,9,1,MARKUP,2,C,1.3869240200000001,1.3863969408475385,1.3882417178811544,0.0005270791524616403,0.0002061183049229294,0,1,1,0,0,1,True,20821,0.9655488126663798
20826,2026-01-09 10:20:00,10,1,MARKUP,2,C,1.38704244,1.3863658727600003,1.3887338580999995,0.0006765672399997591,0.00026825447999962186,0,1,0,0,1,1,True,20834,0.6584255539106338
20838,2026-01-09 11:20:00,11,1,MARKUP,3,B,1.38704244,1.3863694913639886,1.3887248115900288,0.0006729486360115278,0.00026101727202293965,1,0,1,1,0,1,True,20849,1.2187623851030516
20873,2026-01-09 14:15:00,14,1,MARKUP,2,C,1.38725874,1.3867373581780413,1.388562194554897,0.0005213818219587107,0.00022528364391732935,0,1,1,0,0,1,True,20889,0.5
20885,2026-01-09 15:15:00,15,1,MARKUP,1,C,1.3873861399999998,1.3865701014223382,1.3894262364441539,0.0008160385776616597,0.0002797971553232273,0,1,0,0,0,1,True,20889,0.8192889452101536
20897,2026-01-09 16:15:00,16,1,MARKUP,3,B,1.38763692,1.3865916269465703,1.3902501526335742,0.0010452930534297078,0.0005167461068591023,0,1,1,0,1,1,True,20901,1.75
20909,2026-01-09 17:15:00,17,1,MARKUP,2,C,1.38822362,1.386428226450803,1.3927121038729924,0.0017953935491969997,0.0006035470983939582,0,1,0,0,1,1,True,20919,1.2207527575769959
20921,2026-01-09 18:15:00,18,1,MARKUP,2,C,1.38822362,1.3864325010734941,1.3927014173162646,0.0017911189265058525,0.000594997853011885,0,0,1,0,1,1,False,-1,
20933,2026-01-09 19:15:00,19,1,MARKUP,2,C,1.38822362,1.3865108084295032,1.392505648926242,0.0017128115704967417,0.00043838314099371213,0,1,1,0,0,1,False,-1,
20945,2026-01-09 20:15:00,20,1,MARKUP,1,C,1.38822362,1.3865585997054664,1.392386170736334,0.0016650202945336368,0.0003428005890673349,0,1,0,0,0,1,False,-1,
21091,2026-01-12 08:25:00,8,-1,MARKDOWN,2,C,1.38917788,1.389521445128808,1.3883189671779803,0.0003435651288079544,0.00018289025761630658,0,1,1,0,0,1,True,21093,0.5501728085938665
21103,2026-01-12 09:25:00,9,-1,MARKDOWN,2,C,1.38911454,1.3900156916612765,1.386861660846809,0.000901151661276467,0.000251383322552593,0,1,1,0,0,1,False,-1,
21115,2026-01-12 10:25:00,10,-1,MARKDOWN,2,C,1.38878984,1.3900678414795058,1.3855948363012356,0.0012780014795057415,0.0003556829590115075,0,1,1,0,0,1,False,-1,
21127,2026-01-12 11:25:00,11,-1,MARKDOWN,1,C,1.3886867,1.3900670802078527,1.3852357494803682,0.0013803802078526939,0.0003541604157051427,0,1,0,0,0,1,False,-1,
21147,2026-01-12 13:05:00,13,-1,MARKDOWN,2,C,1.38836534,1.3895311642655832,1.385450779336042,0.001165824265583204,0.00032232853116661187,0,1,1,0,0,1,True,21161,0.8526694572712914
21166,2026-01-12 14:40:00,14,-1,MARKDOWN,3,B,1.38761756,1.3883158614424216,1.3858718063939461,0.0006983014424215561,0.00031172288484316023,1,1,1,0,0,1,True,21167,0.553358920307727
21179,2026-01-12 15:45:00,15,-1,MARKDOWN,3,B,1.38699956,1.3873459170430438,1.3861336673923907,0.0003463570430437546,0.00037183408608770216,0,1,1,0,1,1,True,21180,-1.0
21199,2026-01-12 17:25:00,17,-1,MARKDOWN,2,C,1.38785498,1.3886805293530733,1.3857911066173165,0.0008255493530733293,0.00042105870614705335,0,1,1,0,0,1,True,21223,0.8899577937368861
21211,2026-01-12 18:25:00,18,-1,MARKDOWN,1,C,1.38785498,1.3886655273689397,1.3858286115776508,0.0008105473689397069,0.00039105473787937945,0,1,0,0,0,1,True,21223,0.8971753122417896
21227,2026-01-12 19:45:00,19,-1,MARKDOWN,4,A,1.38756452,1.3881578617461838,1.3860811656345402,0.0005933417461838619,0.000315723492367687,1,1,1,1,0,1,True,21228,0.7978037623036861
21374,2026-01-13 08:00:00,8,-1,MARKDOWN,2,C,1.3876237400000002,1.3882482197098238,1.3860625407254412,0.0006244797098235999,0.0001564394196474193,0,1,1,0,0,1,True,21380,-1.0
21394,2026-01-13 09:40:00,9,1,MARKUP,3,B,1.38732446,1.386632513107524,1.3890543272311906,0.0006919468924762029,0.00021497378495255158,0,1,1,0,1,1,True,21416,1.0573526537468778
21406,2026-01-13 10:40:00,10,1,MARKUP,1,C,1.38751928,1.3866140114950107,1.3897824512624732,0.0009052685049892872,0.00025197700997865925,0,1,0,0,0,1,True,21416,0.8184120900980243
21420,2026-01-13 11:50:00,11,1,MARKUP,3,B,1.38751928,1.386612965612795,1.3897850659680127,0.0009063143872050095,0.000254068774410295,1,0,1,0,1,1,True,21422,0.8180446441576245
21434,2026-01-13 13:00:00,13,1,MARKUP,2,C,1.3876676,1.386875258957849,1.389648452605377,0.0007923410421508681,0.00020948208430188035,0,1,1,0,0,1,True,21445,-1.0
21452,2026-01-13 14:30:00,14,1,MARKUP,2,C,1.38805694,1.3874955985318076,1.389460293670481,0.0005613414681924223,0.00022880293638464033,0,1,1,0,0,1,True,21453,-1.0
21470,2026-01-13 16:00:00,16,-1,MARKDOWN,2,C,1.38732928,1.3887612170771355,1.3837494373071615,0.0014319370771354034,0.0006024341542710384,0,1,1,0,0,1,True,21474,-1.0
21484,2026-01-13 17:10:00,17,1,MARKUP,2,C,1.38671094,1.3852133552171892,1.3904549019570267,0.0014975847828107014,0.0005732895656214896,0,1,0,0,1,1,False,-1,
21496,2026-01-13 18:10:00,18,1,MARKUP,2,C,1.38699744,1.385222174223681,1.3914356044407976,0.001775265776319035,0.0005556515526379472,0,1,1,0,0,1,False,-1,
21508,2026-01-13 19:10:00,19,1,MARKUP,2,C,1.387028,1.3852762240535599,1.3914074398661,0.0017517759464400484,0.00044755189288024004,0,1,1,0,0,1,False,-1,
21520,2026-01-13 20:10:00,20,1,MARKUP,1,C,1.38715024,1.385315143430469,1.3917379814238275,0.0018350965695310695,0.00036971313906193604,0,1,0,0,0,1,False,-1,
21662,2026-01-14 08:00:00,8,-1,MARKDOWN,1,C,1.3892361,1.389855282615114,1.3876881434622148,0.0006191826151140667,0.00013056523022779488,0,0,1,0,0,1,False,-1,
21674,2026-01-14 09:00:00,9,-1,MARKDOWN,1,C,1.38911768,1.3898810059800315,1.3872093650499213,0.0007633259800314818,0.00018201196006279312,0,1,0,0,0,1,True,21688,1.1819364899940288
21694,2026-01-14 10:40:00,10,1,MARKUP,2,C,1.38865648,1.3879023886754462,1.3905417083113847,0.0007540913245538405,0.0002552226491078578,0,1,0,0,1,1,True,21700,0.756428569764348
21706,2026-01-14 11:40:00,11,1,MARKUP,2,C,1.38865648,1.3878877827275122,1.3905782231812198,0.0007686972724878505,0.0002844345449758895,0,1,1,0,0,1,True,21717,-1.0
21734,2026-01-14 14:00:00,14,-1,MARKDOWN,2,C,1.38895948,1.389795156599654,1.386870288500865,0.0008356765996540005,0.00025031319930833806,0,1,1,0,0,1,False,-1,
21746,2026-01-14 15:00:00,15,-1,MARKDOWN,2,C,1.3886768,1.3898129116158278,1.3858365209604306,0.0011361116158277174,0.0002858232316555041,0,1,1,0,0,1,False,-1,
21758,2026-01-14 16:00:00,16,-1,MARKDOWN,2,C,1.38863972,1.3897914303914116,1.385760444021471,0.0011517103914115978,0.0003628607828232761,0,1,1,0,0,1,False,-1,
21770,2026-01-14 17:00:00,17,-1,MARKDOWN,0,C,1.38834568,1.3896229443757744,1.385152519060564,0.0012772643757743563,0.00044588875154899304,0,0,0,0,0,1,True,21777,0.7220085742284335
21785,2026-01-14 18:15:00,18,-1,MARKDOWN,1,C,1.38797488,1.3890274998270706,1.3853433304323235,0.001052619827070611,0.0004549996541411581,0,0,1,0,0,1,True,21800,-1.0
21797,2026-01-14 19:15:00,19,-1,MARKDOWN,2,C,1.38762262,1.3884244397591843,1.385618070602039,0.0008018197591843634,0.0003888795183682011,0,1,1,0,0,1,True,21798,-1.0
21950,2026-01-15 08:00:00,8,1,MARKUP,0,C,1.38936682,1.388706174713413,1.3910184332164675,0.0006606452865869361,0.00016765057317380945,0,0,0,0,0,1,False,-1,
21964,2026-01-15 09:10:00,9,1,MARKUP,2,C,1.38941626,1.3887721060190203,1.3910266449524489,0.0006441539809796115,0.0001957879619592955,0,1,1,0,0,1,False,-1,
21976,2026-01-15 10:10:00,10,1,MARKUP,3,B,1.3899529000000002,1.3894820833417563,1.3911299416456098,0.00047081665824388885,0.00021583331648747817,0,1,1,0,1,1,False,-1,
21988,2026-01-15 11:10:00,11,1,MARKUP,2,C,1.3900793,1.389523728394257,1.3914682290143576,0.0005555716057430438,0.00023254321148614867,0,1,0,0,1,1,True,22006,0.5824563166816068
22034,2026-01-15 15:00:00,15,1,MARKUP,2,C,1.3904501,1.3901136402588417,1.391291249352896,0.0003364597411583681,0.00025271948231662917,0,1,1,0,0,1,True,22035,-1.0
22046,2026-01-15 16:00:00,16,1,MARKUP,3,B,1.39040636,1.3894761094455226,1.3927319863861938,0.0009302505544774853,0.00034778110895490605,0,1,1,1,0,1,True,22052,0.9226177582781874
22060,2026-01-15 17:10:00,17,1,MARKUP,3,B,1.39054006,1.3894160674088698,1.3933500414778255,0.001123992591130163,0.00046786518226038385,1,0,1,1,1,1,True,22061,-1.0
22076,2026-01-15 18:30:00,18,-1,MARKDOWN,2,C,1.39083782,1.3921932662215073,1.3874492044462317,0.0013554462215072949,0.0004265324430147179,0,1,0,0,1,1,False,-1,
22088,2026-01-15 19:30:00,19,-1,MARKDOWN,2,C,1.39083782,1.3921570307461388,1.387539793134653,0.0013192107461388325,0.00035406149227750275,0,1,1,0,0,1,False,-1,
22100,2026-01-15 20:30:00,20,-1,MARKDOWN,2,C,1.39079962,1.3921465283614314,1.387432349096421,0.0013469083614314759,0.00033305672286276463,0,1,1,0,0,1,False,-1,
22263,2026-01-16 10:05:00,10,1,MARKUP,1,C,1.38886548,1.388301870426952,1.3902745039326199,0.0005636095730479074,0.00025625914609591504,0,1,0,0,0,1,False,-1,
22275,2026-01-16 11:05:00,11,1,MARKUP,1,C,1.3889589599999999,1.388342121150636,1.3905010571234095,0.000616838849363921,0.0002557576987280608,0,1,0,0,0,1,False,-1,
22303,2026-01-16 13:25:00,13,-1,MARKDOWN,2,C,1.3892992400000002,1.389864796416479,1.387885348958803,0.0005655564164788185,0.00022959283295779124,0,1,1,0,0,1,True,22316,0.7255284418944165
22315,2026-01-16 14:25:00,14,-1,MARKDOWN,1,C,1.38925722,1.3898792778535767,1.3877020753660583,0.0006220578535767185,0.00025855570715339763,1,0,0,0,0,1,True,22316,0.6712687281402825
22333,2026-01-16 15:55:00,15,1,MARKUP,3,B,1.3890712,1.3883144753831624,1.3909630115420941,0.0007567246168376229,0.0002910492336750686,0,1,1,1,0,1,True,22349,1.75
22345,2026-01-16 16:55:00,16,1,MARKUP,2,C,1.3894532,1.3882775830829266,1.3923922422926833,0.0011756169170733521,0.0003648338341469888,0,1,1,0,0,1,True,22347,1.0802511152493726
22357,2026-01-16 17:55:00,17,1,MARKUP,2,C,1.38981992,1.3881543987854328,1.3939837230364183,0.0016655212145673115,0.0006112024291344062,0,1,1,0,0,1,False,-1,
22369,2026-01-16 18:55:00,18,1,MARKUP,2,C,1.3900247399999999,1.3882025836145941,1.3945801309635142,0.0018221563854057266,0.000534832770811625,0,1,1,0,0,1,False,-1,
22381,2026-01-16 19:55:00,19,1,MARKUP,1,C,1.3902629400000002,1.3884743548682934,1.394734402829267,0.0017885851317067658,0.00039129026341349954,0,1,0,0,0,1,False,-1,
22393,2026-01-16 20:55:00,20,1,MARKUP,1,C,1.3905007,1.3888859570767058,1.3945375573082357,0.0016147429232942212,0.00028808584658849374,0,1,0,0,0,1,False,-1,
22526,2026-01-19 08:00:00,8,-1,MARKDOWN,2,C,1.3897634,1.390339844456682,1.3883222888582956,0.0005764444566818128,0.00015968891336374968,0,1,1,0,0,1,True,22546,0.9230589016146103
22538,2026-01-19 09:00:00,9,-1,MARKDOWN,2,C,1.38975194,1.3903425096266793,1.388275515933302,0.0005905696266792493,0.00016501925335861593,0,1,1,0,0,1,True,22546,0.9032377351078034
22550,2026-01-19 10:00:00,10,-1,MARKDOWN,2,C,1.38956858,1.390400605402872,1.38748851649282,0.000832025402871972,0.00028121080574362585,0,0,1,0,1,1,True,22567,0.8588976888959278
22562,2026-01-19 11:00:00,11,-1,MARKDOWN,3,B,1.38935846,1.3900689451788457,1.3875822470528856,0.0007104851788457545,0.0002978903576915592,0,1,1,0,1,1,True,22566,0.7724222826265088
22586,2026-01-19 13:00:00,13,-1,MARKDOWN,1,C,1.38929992,1.389984122335721,1.3875894141606975,0.0006842023357209737,0.00026824467144181805,0,1,0,0,0,1,True,22591,1.1322874033827817
22598,2026-01-19 14:00:00,14,-1,MARKDOWN,1,C,1.38929992,1.3899696781023108,1.387625524744223,0.0006697581023107357,0.00023935620462146818,0,0,1,0,0,1,False,-1,
22610,2026-01-19 15:00:00,15,-1,MARKDOWN,2,C,1.38914542,1.3897125684992178,1.3877275487519554,0.0005671484992177955,0.0002251369984354913,0,1,1,0,0,1,False,-1,
22622,2026-01-19 16:00:00,16,-1,MARKDOWN,1,C,1.38887038,1.3897407292890858,1.3866945067772853,0.0008703492890858033,0.00028145857817179197,0,1,0,0,0,1,False,-1,
22634,2026-01-19 17:00:00,17,-1,MARKDOWN,3,B,1.3881543399999998,1.3895245584540785,1.3847287938648032,0.0013702184540786977,0.00034911690815720515,0,1,1,0,1,1,False,-1,
22646,2026-01-19 18:00:00,18,-1,MARKDOWN,1,C,1.38808176,1.3895470634442035,1.384418501389491,0.0014653034442035917,0.000394126888407409,0,1,0,0,0,1,False,-1,
22658,2026-01-19 19:00:00,19,-1,MARKDOWN,1,C,1.38789344,1.3892376002402704,1.384533039399324,0.0013441602402703978,0.0003352004805410266,0,1,0,0,0,1,False,-1,
22670,2026-01-19 20:00:00,20,-1,MARKDOWN,2,C,1.38769568,1.3888735806097459,1.3847509284756354,0.0011779006097458744,0.0002471612194918604,0,1,1,0,0,1,False,-1,
22814,2026-01-20 08:00:00,8,-1,MARKDOWN,0,C,1.38646378,1.3877987739437105,1.3831262951407233,0.0013349939437106162,0.00021754788742084935,0,0,0,0,0,1,True,22819,1.75
22827,2026-01-20 09:05:00,9,-1,MARKDOWN,2,C,1.3862660199999999,1.387504648136756,1.38316944965811,0.0012386281367560148,0.000269296273511666,0,1,1,0,0,1,False,-1,
22839,2026-01-20 10:05:00,10,-1,MARKDOWN,3,B,1.385213,1.3867149567350658,1.3814581081623354,0.0015019567350658125,0.0003299134701315685,0,1,1,0,1,1,False,-1,
22851,2026-01-20 11:05:00,11,-1,MARKDOWN,1,C,1.38514424,1.3867445673811962,1.3811434215470095,0.0016003273811961982,0.00038913476239263,0,1,0,0,0,1,False,-1,
22874,2026-01-20 13:00:00,13,-1,MARKDOWN,2,C,1.38486156,1.386710643993999,1.380238850015003,0.0018490839939988568,0.0003212879879981198,0,1,1,0,0,1,False,-1,
22886,2026-01-20 14:00:00,14,-1,MARKDOWN,1,C,1.38415178,1.38591567903478,1.3797420324130503,0.0017638990347799144,0.00031135806956002367,0,1,0,0,0,1,False,-1,
22898,2026-01-20 15:00:00,15,-1,MARKDOWN,1,C,1.38301972,1.3841744512750933,1.3801328918122668,0.001154731275093246,0.0003689025501866976,0,0,1,0,0,1,True,22903,0.5
22910,2026-01-20 16:00:00,16,-1,MARKDOWN,3,B,1.3827787,1.383910330249905,1.3799496243752376,0.0011316302499049247,0.0006206604998101105,0,1,1,0,1,1,True,22911,-1.0
22930,2026-01-20 17:40:00,17,-1,MARKDOWN,4,A,1.38240172,1.3832896029069255,1.3801820127326865,0.0008878829069254301,0.0005992058138510359,1,1,1,1,0,1,True,22931,-1.0
22946,2026-01-20 19:00:00,19,-1,MARKDOWN,3,B,1.3821916,1.3828879015304207,1.3804508461739484,0.0006963015304206621,0.0004758030608418063,1,1,1,0,0,1,True,22947,-1.0
22959,2026-01-20 20:05:00,20,-1,MARKDOWN,2,C,1.38303252,1.3840505100031957,1.3804875449920107,0.00101799000319569,0.00040102000639144806,0,0,1,0,1,1,True,22965,-1.0
23102,2026-01-21 08:00:00,8,1,MARKUP,0,C,1.38302794,1.382308834866534,1.3848257028336652,0.0007191051334660692,0.00016233026693183904,0,0,0,0,0,1,True,23112,0.6599899587025708
23119,2026-01-21 09:25:00,9,-1,MARKDOWN,2,C,1.38296102,1.383212671487299,1.3823318912817526,0.00025165148729899833,0.00020534297459781124,0,1,1,0,0,1,True,23120,-1.0
23136,2026-01-21 10:50:00,10,-1,MARKDOWN,2,C,1.38359778,1.3841813401679908,1.3821388795800233,0.0005835601679906599,0.00024268033598130758,0,1,1,0,0,1,True,23137,-1.0
23148,2026-01-21 11:50:00,11,1,MARKUP,3,B,1.38335424,1.3827070935885835,1.3849721060285416,0.0006471464114166103,0.0002858128228331078,0,1,1,1,0,1,True,23165,-1.0
23162,2026-01-21 13:00:00,13,1,MARKUP,0,C,1.3834039,1.3827080378280288,1.385143555429928,0.0006958621719712621,0.00028392434394252,0,0,0,0,0,1,True,23164,-1.0
23174,2026-01-21 14:00:00,14,-1,MARKDOWN,2,C,1.38360094,1.3844441413650113,1.3814929365874717,0.0008432013650112591,0.00028828273002216354,0,1,1,0,0,1,False,-1,
23186,2026-01-21 15:00:00,15,-1,MARKDOWN,2,C,1.3824816800000002,1.3844624539461992,1.3775297451345025,0.0019807739461989993,0.0003249078923981872,0,1,1,0,0,1,False,-1,
23198,2026-01-21 16:00:00,16,-1,MARKDOWN,1,C,1.38220664,1.3845177530254915,1.376428857436271,0.0023111130254915846,0.00043550605098284934,0,1,0,0,0,1,False,-1,
23210,2026-01-21 17:00:00,17,-1,MARKDOWN,2,C,1.3820678800000001,1.3845596155917446,1.375838541020639,0.002491735591744426,0.0006592311834888117,0,1,1,0,0,1,True,23232,-0.2777662294077154
23222,2026-01-21 18:00:00,18,-1,MARKDOWN,2,C,1.3817341600000002,1.3840216191782815,1.376015512054297,0.002287459178281326,0.0006632383565628586,0,1,1,0,0,1,True,23232,-1.0
23256,2026-01-21 20:50:00,20,1,MARKUP,1,C,1.38022406,1.3783425466497161,1.3849278433757095,0.0018815133502838588,0.0004549067005679668,0,1,0,0,0,1,False,-1,
23390,2026-01-22 08:00:00,8,-1,MARKDOWN,1,C,1.3826070000000001,1.3832729863508022,1.380942034122995,0.0006659863508020614,0.00018597270160446538,0,0,1,0,0,1,False,-1,
23405,2026-01-22 09:15:00,9,-1,MARKDOWN,2,C,1.38258228,1.383253246604441,1.3809048634888978,0.0006709666044408813,0.00022649320888190366,0,1,1,0,0,1,True,23415,0.7679867575188839
23426,2026-01-22 11:00:00,11,-1,MARKDOWN,2,C,1.381989,1.3823376159673113,1.3811174600817213,0.0003486159673113942,0.000315231934622555,0,1,1,0,0,1,True,23427,0.5
23450,2026-01-22 13:00:00,13,-1,MARKDOWN,2,C,1.38247026,1.3832109764174312,1.3806184689564223,0.0007407164174311198,0.0002819528348624908,0,1,1,0,0,1,True,23452,0.8834482356813749
23464,2026-01-22 14:10:00,14,-1,MARKDOWN,3,B,1.38247026,1.3832305376920426,1.3805695657698935,0.0007602776920425658,0.00032107538408512084,0,1,1,1,0,1,False,-1,
23476,2026-01-22 15:10:00,15,-1,MARKDOWN,2,C,1.38248196,1.3835121038310532,1.379906600422367,0.001030143831053154,0.0003642076621062728,0,1,1,0,0,1,False,-1,
23488,2026-01-22 16:10:00,16,-1,MARKDOWN,2,C,1.38221074,1.3835297369255066,1.3789132476862338,0.0013189969255065215,0.0003994738510131529,0,1,1,0,0,1,False,-1,
23500,2026-01-22 17:10:00,17,-1,MARKDOWN,1,C,1.38192806,1.3835760760094193,1.3778080199764513,0.0016480160094194396,0.0004921520188389011,1,0,0,0,0,1,False,-1,
23512,2026-01-22 18:10:00,18,-1,MARKDOWN,2,C,1.38170558,1.3832323243251035,1.3778887191872413,0.0015267443251034685,0.0005246486502070483,0,1,1,0,0,1,False,-1,
23524,2026-01-22 19:10:00,19,-1,MARKDOWN,1,C,1.38096782,1.3823351382764528,1.3775495243088678,0.0013673182764528669,0.00045027655290593945,0,1,0,0,0,1,False,-1,
23536,2026-01-22 20:10:00,20,-1,MARKDOWN,1,C,1.38071952,1.3823023786253483,1.376762373436629,0.001582858625348349,0.00038475725069656984,0,1,0,0,0,1,False,-1,
23678,2026-01-23 08:00:00,8,-1,MARKDOWN,2,C,1.3791486800000001,1.3797246167179675,1.3777088382050815,0.0005759367179674069,0.00018923343593471513,0,1,1,0,0,1,True,23679,-1.0
23690,2026-01-23 09:00:00,9,-1,MARKDOWN,2,C,1.3791486800000001,1.3797360918360855,1.3776801504097866,0.0005874118360853497,0.00021218367217086003,0,0,1,0,1,1,True,23694,-1.0
23702,2026-01-23 10:00:00,10,1,MARKUP,2,C,1.3788856999999999,1.3782042511926211,1.3805893220184466,0.0006814488073787484,0.00033149761475748823,0,1,0,1,0,1,True,23710,0.5923465827532324
23714,2026-01-23 11:00:00,11,-1,MARKDOWN,3,B,1.3791486800000001,1.3797921367282637,1.3775400381793412,0.0006434567282636028,0.00032427345652716067,0,1,1,1,0,1,True,23725,1.75
23738,2026-01-23 13:00:00,13,-1,MARKDOWN,1,C,1.37928622,1.3801282883485784,1.377181049128554,0.000842068348578362,0.00031657669715711546,0,1,0,0,0,1,False,-1,
23750,2026-01-23 14:00:00,14,-1,MARKDOWN,2,C,1.3791487,1.3801027698231898,1.3767635254420254,0.0009540698231897959,0.0002655396463799465,0,1,1,0,0,1,False,-1,
23762,2026-01-23 15:00:00,15,-1,MARKDOWN,2,C,1.37859098,1.3801109482727352,1.374791059318162,0.0015199682727351504,0.0002818965454705151,0,1,1,0,0,1,False,-1,
23774,2026-01-23 16:00:00,16,-1,MARKDOWN,1,C,1.37818188,1.3797456690589303,1.3742724073526746,0.0015637890589301762,0.00033133811786040777,0,1,0,0,0,1,False,-1,
23786,2026-01-23 17:00:00,17,-1,MARKDOWN,2,C,1.37781516,1.3797707701193542,1.3729261347016142,0.0019556101193543007,0.000381540238708463,0,1,1,0,0,1,False,-1,
23798,2026-01-23 18:00:00,18,-1,MARKDOWN,1,C,1.37666832,1.3788915763432146,1.3711101791419638,0.002223256343214519,0.00044315268642911406,0,1,0,0,0,1,False,-1,
23810,2026-01-23 19:00:00,19,-1,MARKDOWN,2,C,1.37566878,1.3780733241267524,1.369657419683119,0.002404544126752395,0.00044664825350483313,0,1,1,0,0,1,False,-1,
23822,2026-01-23 20:00:00,20,-1,MARKDOWN,1,C,1.37450116,1.377278482524875,1.367557853687813,0.0027773225248748368,0.0004969650497497825,0,1,0,0,0,1,False,-1,
23966,2026-01-26 08:00:00,8,-1,MARKDOWN,1,C,1.36851026,1.369238815705369,1.3666888707365779,0.000728555705368894,0.0002576314107380827,0,1,0,0,0,1,True,23968,0.7964889737413391
24005,2026-01-26 11:15:00,11,-1,MARKDOWN,3,B,1.3681789,1.3687729853184543,1.3666936867038642,0.0005940853184542849,0.0003859706369080886,1,1,0,1,1,1,True,24012,0.7745855186208213
24026,2026-01-26 13:00:00,13,-1,MARKDOWN,0,C,1.36870646,1.3698241055967142,1.3659123460082148,0.001117645596714123,0.00034821119342839056,0,0,0,0,0,1,True,24032,-1.0
24050,2026-01-26 15:00:00,15,1,MARKUP,2,C,1.36863924,1.3669969768297279,1.3727448979256804,0.0016422631702721624,0.000366046340544206,0,1,1,0,0,1,True,24071,1.0207575176089643
24062,2026-01-26 16:00:00,16,1,MARKUP,2,C,1.36875384,1.3669819572847581,1.373183546788105,0.0017718827152419792,0.00039608543048376584,0,1,1,0,0,1,True,24071,0.9503237629374086
24074,2026-01-26 17:00:00,17,1,MARKUP,1,C,1.36875384,1.3669326409993867,1.3733068375015336,0.0018211990006133938,0.0004947180012266957,1,0,0,0,0,1,True,24075,0.9381294364552007
24098,2026-01-26 19:00:00,19,1,MARKUP,3,B,1.3694274599999998,1.368019006028119,1.372948594929702,0.0014084539718808298,0.0005019879437617313,1,1,1,0,0,1,True,24099,0.8273879736345986
24112,2026-01-26 20:10:00,20,1,MARKUP,2,C,1.36895284,1.3673494834407423,1.3729612313981443,0.001603356559257696,0.00044103311851519187,0,1,1,0,0,1,False,-1,
24254,2026-01-27 08:00:00,8,1,MARKUP,1,C,1.37203656,1.3707443913196882,1.3752669817007794,0.0012921686803117893,0.00023121736062339224,0,1,0,0,0,1,False,-1,
24266,2026-01-27 09:00:00,9,1,MARKUP,0,C,1.37203656,1.3707527354879578,1.3752461212801053,0.00128382451204212,0.00021452902408420526,0,0,0,0,0,1,False,-1,
24278,2026-01-27 10:00:00,10,1,MARKUP,2,C,1.37259894,1.3716211276056078,1.3750434709859807,0.000977812394392208,0.00029774478878404146,0,1,1,0,0,1,True,24291,-1.0
24314,2026-01-27 13:00:00,13,-1,MARKDOWN,2,C,1.37265412,1.3740864342341255,1.3690733344146864,0.0014323142341254869,0.000312868468250798,0,1,1,0,0,1,False,-1,
24326,2026-01-27 14:00:00,14,-1,MARKDOWN,2,C,1.37260974,1.3740593162494656,1.3689857993763357,0.0014495762494657338,0.0002786324989310971,0,1,1,0,0,1,False,-1,
24338,2026-01-27 15:00:00,15,-1,MARKDOWN,2,C,1.37141812,1.374034932240134,1.364876089399665,0.002616812240133992,0.0003898644802680136,0,1,1,0,0,1,False,-1,
24350,2026-01-27 16:00:00,16,-1,MARKDOWN,2,C,1.3701569000000002,1.3731202646033047,1.362748488491739,0.002963364603304486,0.000540529206609023,0,1,1,0,0,1,False,-1,
24362,2026-01-27 17:00:00,17,-1,MARKDOWN,2,C,1.3680302,1.371769126691267,1.3586828832718323,0.003738926691267075,0.000678253382534087,0,1,1,0,0,1,False,-1,
24374,2026-01-27 18:00:00,18,-1,MARKDOWN,2,C,1.36706934,1.3714962491384008,1.356002067153998,0.004426909138400825,0.0007324982768017215,0,1,1,0,0,1,False,-1,
24386,2026-01-27 19:00:00,19,-1,MARKDOWN,2,C,1.3662679,1.371004426250589,1.3544265843735275,0.004736526250588957,0.0006488525011777696,0,1,1,0,0,1,False,-1,
24398,2026-01-27 20:00:00,20,-1,MARKDOWN,2,C,1.3645375,1.3681385569567261,1.3555348576081845,0.0036010569567261896,0.0005171139134524001,0,1,1,0,0,1,False,-1,
24542,2026-01-28 08:00:00,8,-1,MARKDOWN,2,C,1.36017974,1.3616537632700358,1.3564946818249104,0.0014740232700358735,0.0003275265400717604,0,1,1,0,0,1,False,-1,
24554,2026-01-28 09:00:00,9,-1,MARKDOWN,2,C,1.3600383999999999,1.3616636871752608,1.3559751820618478,0.0016252871752608922,0.0003473743505216755,0,1,1,0,0,1,False,-1,
24566,2026-01-28 10:00:00,10,-1,MARKDOWN,1,C,1.35904132,1.3606719616153158,1.3549647159617106,0.0016306416153157866,0.00040392323063160484,0,0,1,0,0,1,False,-1,
24578,2026-01-28 11:00:00,11,-1,MARKDOWN,2,C,1.35880066,1.3607401938452823,1.3539518253867941,0.0019395338452823374,0.0005403876905644498,0,1,1,0,0,1,False,-1,
24602,2026-01-28 13:00:00,13,-1,MARKDOWN,1,C,1.35751782,1.3588745647387255,1.3541259581531864,0.0013567447387254905,0.00042912947745110935,0,1,0,0,0,1,True,24609,1.146205939461387
24614,2026-01-28 14:00:00,14,-1,MARKDOWN,2,C,1.35748074,1.3588018857125628,1.354177875718593,0.00132114571256281,0.00040377142512558586,0,0,1,0,1,1,False,-1,
24626,2026-01-28 15:00:00,15,-1,MARKDOWN,2,C,1.35694164,1.3583010512078058,1.353543111980486,0.0013594112078056941,0.0004421024156117498,0,1,0,1,0,1,True,24629,1.1702561516744607
24638,2026-01-28 16:00:00,16,-1,MARKDOWN,2,C,1.35675624,1.358035363371466,1.3535584315713352,0.0012791233714659622,0.0005107267429316526,0,1,1,0,0,1,True,24651,-1.0
24650,2026-01-28 17:00:00,17,-1,MARKDOWN,3,B,1.3561756,1.3581324443979803,1.3512834890050494,0.001956844397980273,0.0007048887959605476,0,1,1,1,0,1,True,24651,-1.0
24681,2026-01-28 19:35:00,19,1,MARKUP,2,C,1.35571538,1.3532321957801214,1.361923340549696,0.002483184219878476,0.0006956084397573467,0,1,1,0,0,1,False,-1,
24693,2026-01-28 20:35:00,20,1,MARKUP,2,C,1.3560057,1.3532848227274419,1.3628078931813956,0.0027208772725582087,0.0005903545451161001,0,1,1,0,0,1,True,24713,-1.0
24830,2026-01-29 08:00:00,8,-1,MARKDOWN,0,C,1.35422414,1.3560053637434324,1.3497710806414187,0.0017812237434324807,0.00033072748686479604,0,0,0,0,0,1,False,-1,
24842,2026-01-29 09:00:00,9,-1,MARKDOWN,2,C,1.3541630199999999,1.355998114080494,1.3495752847987648,0.001835094080494093,0.00031622816098799284,0,1,1,0,0,1,False,-1,
24855,2026-01-29 10:05:00,10,-1,MARKDOWN,2,C,1.35247646,1.3536235580814442,1.34960871479639,0.0011470980814440868,0.0004071161628881803,1,0,1,0,0,1,True,24857,-1.0
24890,2026-01-29 13:00:00,13,1,MARKUP,1,C,1.35298224,1.350719085729821,1.3586401256754475,0.0022631542701789797,0.00046182854035805714,0,1,0,0,0,1,True,24911,-1.0
24902,2026-01-29 14:00:00,14,1,MARKUP,2,C,1.35298224,1.3507603044851628,1.358537078787093,0.002221935514837181,0.00037939102967470977,0,1,1,0,0,1,True,24911,-1.0
24919,2026-01-29 15:25:00,15,-1,MARKDOWN,2,C,1.3541804599999998,1.3565091685806456,1.3483586885483851,0.002328708580645822,0.0004783371612914164,0,1,1,0,0,1,True,24941,-1.0
24931,2026-01-29 16:25:00,16,-1,MARKDOWN,1,C,1.3538481199999999,1.3565861244394406,1.347003108901398,0.002738004439440722,0.0006322488788815235,0,1,0,0,0,1,True,24941,-1.0
24948,2026-01-29 17:50:00,17,1,MARKUP,1,C,1.35248902,1.348547339400918,1.3623432214977047,0.003941680599081954,0.0013053211981641096,0,1,0,0,0,1,True,24958,-1.0
24966,2026-01-29 19:20:00,19,-1,MARKDOWN,3,B,1.35251248,1.355091017245919,1.3460661368852023,0.0025785372459190548,0.001062034491837997,0,1,1,1,0,1,False,-1,
24979,2026-01-29 20:25:00,20,-1,MARKDOWN,4,A,1.3513939,1.3531448728181892,1.3470164679545267,0.0017509728181892559,0.00078974563637847,1,1,1,0,1,1,True,24981,0.741432755544547
25148,2026-01-30 10:30:00,10,1,MARKUP,3,B,1.35175164,1.3507136113863036,1.354346711534241,0.0010380286136963957,0.0005327772273928113,0,1,1,1,0,1,True,25152,1.75
25160,2026-01-30 11:30:00,11,1,MARKUP,2,C,1.35192038,1.3504763230436054,1.3555305223909861,0.0014440569563944905,0.0005273539127891891,0,1,1,0,0,1,True,25182,-1.0
25178,2026-01-30 13:00:00,13,1,MARKUP,1,C,1.35249338,1.3504742959953722,1.3575410900115699,0.0020190840046279135,0.0005314080092556633,0,1,0,0,0,1,True,25180,-1.0
25194,2026-01-30 14:20:00,14,-1,MARKDOWN,1,C,1.35303418,1.3556407206344723,1.3465178284138197,0.0026065406344721875,0.0006214412689447436,0,1,0,0,0,1,True,25201,-1.0
25208,2026-01-30 15:30:00,15,1,MARKUP,3,B,1.3530434,1.351262491294428,1.35749567176393,0.0017809087055720152,0.0007350174111440204,1,1,0,1,1,1,True,25209,0.7191977762019017
25220,2026-01-30 16:30:00,16,1,MARKUP,0,C,1.3517075,1.3488864832904546,1.3587600417738637,0.0028210167095454874,0.0008670334190910385,0,0,0,0,0,1,True,25223,1.75
25232,2026-01-30 17:30:00,17,1,MARKUP,1,C,1.3517075,1.3488551699531,1.3588383251172504,0.002852330046900109,0.0009296600938002497,0,0,1,0,0,1,False,-1,
25244,2026-01-30 18:30:00,18,1,MARKUP,3,B,1.35205894,1.3488691637043992,1.3600333807390022,0.003189776295600799,0.0009016725912016791,0,1,1,0,1,1,False,-1,
25256,2026-01-30 19:30:00,19,1,MARKUP,2,C,1.35317512,1.3500105940470764,1.361086434882309,0.0031645259529236025,0.0008588119058469711,0,1,1,0,0,1,False,-1,
25268,2026-01-30 20:30:00,20,1,MARKUP,1,C,1.35491506,1.350726359707654,1.3653868107308649,0.00418870029234597,0.0008672805846921038,0,1,0,0,0,1,False,-1,
25406,2026-02-02 08:00:00,8,1,MARKUP,1,C,1.36397314,1.361700532003975,1.3696546599900623,0.0022726079960249113,0.0005189359920499259,0,1,0,0,0,1,False,-1,
25418,2026-02-02 09:00:00,9,1,MARKUP,0,C,1.36426168,1.361947601459877,1.3700468763503075,0.002314078540122999,0.0006247970802458757,0,0,0,0,0,1,True,25432,0.8901762953578313
25471,2026-02-02 13:25:00,13,-1,MARKDOWN,2,C,1.3655589799999999,1.3675620342627801,1.3605513443430493,0.002003054262780246,0.0004840685255604936,0,1,1,0,0,1,True,25493,-1.0
25483,2026-02-02 14:25:00,14,-1,MARKDOWN,1,C,1.36477424,1.3664236676254455,1.3606506709363861,0.0016494276254455098,0.00048733525089138317,0,0,1,0,0,1,True,25490,-1.0
25495,2026-02-02 15:25:00,15,1,MARKUP,2,C,1.3637835200000001,1.3622124804655575,1.3677111188361066,0.0015710395344425976,0.0005750390688850056,0,1,0,0,1,1,True,25508,0.5
25507,2026-02-02 16:25:00,16,1,MARKUP,2,C,1.3642572,1.3622235048426372,1.3693414378934068,0.002033695157362736,0.0005529903147258741,0,1,0,0,1,1,True,25508,0.5
25519,2026-02-02 17:25:00,17,1,MARKUP,1,C,1.36439854,1.36200486876381,1.3703827180904753,0.0023936712361900536,0.000990262472380024,0,1,0,0,0,1,False,-1,
25531,2026-02-02 18:25:00,18,1,MARKUP,2,C,1.36510906,1.3620526570540363,1.3727500673649091,0.0030564029459636544,0.0008946858919272923,0,1,1,0,0,1,False,-1,
25543,2026-02-02 19:25:00,19,1,MARKUP,2,C,1.3655849199999999,1.3629022865528693,1.3722915036178263,0.0026826334471306,0.0007354268942614764,0,1,1,0,0,1,False,-1,
25555,2026-02-02 20:25:00,20,1,MARKUP,1,C,1.3662368200000001,1.3634277903758414,1.373259394060397,0.002809029624158743,0.0006444192483172506,0,1,0,0,0,1,False,-1,
25694,2026-02-03 08:00:00,8,-1,MARKDOWN,1,C,1.3670882599999998,1.3682342067387485,1.3642233931531282,0.0011459467387486821,0.00032841347749737254,0,0,1,0,0,1,False,-1,
25706,2026-02-03 09:00:00,9,-1,MARKDOWN,0,C,1.36706534,1.368238451813094,1.364132560467265,0.0011731118130939855,0.0003369036261877782,0,0,0,0,0,1,True,25729,-1.0
25718,2026-02-03 10:00:00,10,-1,MARKDOWN,1,C,1.36695074,1.3682575368583463,1.3636837478541346,0.0013067968583462264,0.0003750737166928249,0,1,0,0,0,1,True,25724,-1.0
25736,2026-02-03 11:30:00,11,1,MARKUP,3,B,1.36642734,1.364867910134466,1.3703259146638347,0.0015594298655339234,0.0005441797310680116,0,1,1,1,0,1,False,-1,
25754,2026-02-03 13:00:00,13,1,MARKUP,2,C,1.3664655399999999,1.3649441625224286,1.3702689836939281,0.0015213774775713063,0.0003916749551430517,0,1,1,0,0,1,True,25774,-1.0
25781,2026-02-03 15:15:00,15,-1,MARKDOWN,2,C,1.36710874,1.3688450032316322,1.3627680819209194,0.001736263231632229,0.0004700064632646114,0,1,1,0,0,1,True,25790,1.1650856020542841
25796,2026-02-03 16:30:00,16,-1,MARKDOWN,1,C,1.36710874,1.3688981197493177,1.3626352906267054,0.0017893797493178099,0.000576239498635505,0,0,1,0,0,1,True,25802,1.145342989477267
25808,2026-02-03 17:30:00,17,-1,MARKDOWN,2,C,1.36709638,1.368941397242004,1.3624838368949903,0.0018450172420039213,0.0007027944840078494,0,1,1,0,0,1,False,-1,
25820,2026-02-03 18:30:00,18,-1,MARKDOWN,1,C,1.3664789800000001,1.36860744110598,1.3611578272350502,0.002128461105979973,0.0007348822119598494,0,1,0,0,0,1,False,-1,
25832,2026-02-03 19:30:00,19,-1,MARKDOWN,2,C,1.36636774,1.3683790562217975,1.3613394494455067,0.002011316221797399,0.000638112443594801,0,1,1,0,0,1,False,-1,
25844,2026-02-03 20:30:00,20,-1,MARKDOWN,0,C,1.36636774,1.3683313174154184,1.3614587964614544,0.001963577415418305,0.0005426348308366539,0,0,0,0,0,1,False,-1,
25982,2026-02-04 08:00:00,8,-1,MARKDOWN,1,C,1.3640734,1.3646701569821638,1.3625815075445908,0.0005967569821636598,0.00020031396432718883,0,1,0,0,0,1,False,-1,
25994,2026-02-04 09:00:00,9,-1,MARKDOWN,2,C,1.3643145399999999,1.3652116867456867,1.3620716731357827,0.0008971467456868609,0.0002433734913734399,0,1,1,0,0,1,False,-1,
26006,2026-02-04 10:00:00,10,-1,MARKDOWN,2,C,1.3643145399999999,1.3652438188181832,1.3619913429545414,0.0009292788181833878,0.00030763763636647984,0,1,1,0,0,1,True,26024,-1.0
26042,2026-02-04 13:00:00,13,1,MARKUP,3,B,1.36429194,1.3626942138988847,1.3682862552527881,0.0015977261011153043,0.00039157220223066914,0,1,1,0,1,1,False,-1,
26054,2026-02-04 14:00:00,14,1,MARKUP,1,C,1.36462428,1.3626873767845487,1.369466538038628,0.0019369032154512578,0.00040524643090264983,0,1,0,0,0,1,True,26069,0.7776475779788052
26079,2026-02-04 16:05:00,16,1,MARKUP,2,C,1.36488384,1.363036610991033,1.3695019125224177,0.001847229008967055,0.0005467780179340977,0,1,1,0,0,1,False,-1,
26091,2026-02-04 17:05:00,17,1,MARKUP,3,B,1.36584174,1.3645113578038741,1.3691676954903147,0.0013303821961259121,0.0006972843922518626,1,1,0,1,1,1,True,26092,0.7784451017221762
26103,2026-02-04 18:05:00,18,1,MARKUP,2,C,1.36579284,1.3640262230812268,1.3702093822969328,0.0017666169187731118,0.0007675538375460206,0,1,1,0,0,1,False,-1,
26115,2026-02-04 19:05:00,19,1,MARKUP,1,C,1.36591508,1.364080583904656,1.37050132023836,0.0018344960953440292,0.0006588321906879402,0,0,1,0,0,1,False,-1,
26127,2026-02-04 20:05:00,20,1,MARKUP,2,C,1.36591508,1.364088452416521,1.370481648958697,0.001826627583478846,0.000643095166957761,0,1,1,0,0,1,False,-1,
26270,2026-02-05 08:00:00,8,1,MARKUP,2,C,1.36732004,1.3659573050953528,1.3707268772616181,0.0013627349046472226,0.00026538980929437407,0,1,1,0,0,1,False,-1,
26284,2026-02-05 09:10:00,9,1,MARKUP,2,C,1.36812344,1.367209648945514,1.3704079176362152,0.0009137910544860794,0.00036070210897215575,0,1,1,0,0,1,True,26294,1.221110437340689
26303,2026-02-05 10:45:00,10,1,MARKUP,3,B,1.36840582,1.3678338471736402,1.3698357520658995,0.0005719728263597901,0.0003723056527196487,0,1,1,1,0,1,False,-1,
26315,2026-02-05 11:45:00,11,1,MARKUP,3,B,1.36847602,1.367490917934201,1.3709387751644972,0.0009851020657989373,0.0003581641315980676,0,1,1,1,0,1,True,26334,-1.0
26330,2026-02-05 13:00:00,13,1,MARKUP,0,C,1.36857534,1.3675124121005544,1.371232659748614,0.0010629278994456204,0.00031517579889103026,0,0,0,0,0,1,True,26333,-1.0
26362,2026-02-05 15:40:00,15,-1,MARKDOWN,1,C,1.36871828,1.3703029125537658,1.3647566986155852,0.0015846325537658412,0.000525825107531667,0,1,0,0,0,1,False,-1,
26374,2026-02-05 16:40:00,16,-1,MARKDOWN,2,C,1.36836684,1.3703711860527557,1.3633559748681108,0.002004346052755679,0.0006623721055115135,0,1,1,0,0,1,True,26387,-1.0
26400,2026-02-05 18:50:00,18,-1,MARKDOWN,3,B,1.36772818,1.3695934002387493,1.363065129403127,0.0018652202387492434,0.000666800477498873,0,1,1,1,0,1,True,26402,-1.0
26415,2026-02-05 20:05:00,20,-1,MARKDOWN,4,A,1.36730794,1.3688361176084702,1.3634874959788248,0.001528177608470127,0.0005122352169400123,1,1,1,1,1,1,True,26416,-1.0
26558,2026-02-06 08:00:00,8,-1,MARKDOWN,1,C,1.37045208,1.371556105812404,1.36769201546899,0.001104025812403986,0.0002522116248082453,0,1,0,0,0,1,False,-1,
26570,2026-02-06 09:00:00,9,-1,MARKDOWN,1,C,1.36971398,1.370654869244028,1.3673617568899301,0.0009408892440279093,0.0002697384880558302,0,1,0,0,0,1,False,-1,
26582,2026-02-06 10:00:00,10,-1,MARKDOWN,1,C,1.36971398,1.3706753859470018,1.3673104651324954,0.0009614059470017811,0.00031077189400356963,0,1,0,0,0,1,False,-1,
26594,2026-02-06 11:00:00,11,-1,MARKDOWN,1,C,1.36928466,1.3703689949345097,1.3665738226637254,0.0010843349345097675,0.00035798986901916464,0,1,0,0,0,1,False,-1,
26619,2026-02-06 13:05:00,13,-1,MARKDOWN,2,C,1.36884824,1.3696734755237139,1.3667851511907152,0.0008252355237139408,0.00036695104742815344,0,0,1,0,1,1,False,-1,
26631,2026-02-06 14:05:00,14,-1,MARKDOWN,3,B,1.36863432,1.3696675974808907,1.366051126297773,0.0010332774808907708,0.0003551949617815273,0,1,1,0,1,1,False,-1,
26643,2026-02-06 15:05:00,15,-1,MARKDOWN,2,C,1.368145,1.369285712362193,1.365293219094517,0.0011407123621931525,0.0003714247243861182,0,1,1,0,0,1,False,-1,
26655,2026-02-06 16:05:00,16,-1,MARKDOWN,1,C,1.36743448,1.3693312587042106,1.3626925332394735,0.0018967787042105666,0.0004625174084213593,0,1,0,0,0,1,False,-1,
26667,2026-02-06 17:05:00,17,-1,MARKDOWN,1,C,1.36656734,1.3693890188288895,1.3595131429277763,0.0028216788288895067,0.0005780376577790624,0,1,0,0,0,1,False,-1,
26679,2026-02-06 18:05:00,18,-1,MARKDOWN,1,C,1.36637576,1.3690891097365598,1.3595923856586003,0.0027133497365599,0.0005982194731199911,0,1,0,0,0,1,False,-1,
26691,2026-02-06 19:05:00,19,-1,MARKDOWN,1,C,1.3660853,1.3686025214784359,1.3597922463039103,0.002517221478435916,0.0005650429568718372,0,0,1,0,0,1,False,-1,
26846,2026-02-09 08:00:00,8,-1,MARKDOWN,2,C,1.3659783600000002,1.3668708330971655,1.3637471772570868,0.0008924730971653361,0.00024166619433063982,0,1,1,0,0,1,False,-1,
26858,2026-02-09 09:00:00,9,-1,MARKDOWN,2,C,1.36573006,1.3669048809355637,1.3627930076610906,0.0011748209355637584,0.00030976187112719585,0,1,1,0,0,1,False,-1,
26870,2026-02-09 10:00:00,10,-1,MARKDOWN,2,C,1.3655008400000002,1.3665956135818544,1.3627639060453645,0.0010947735818542803,0.00037122716370847366,0,1,1,0,0,1,False,-1,
26882,2026-02-09 11:00:00,11,-1,MARKDOWN,2,C,1.36521692,1.3665346897105857,1.3619224957235356,0.0013177697105857256,0.0003893794211711662,0,1,1,0,0,1,True,26900,1.75
26914,2026-02-09 13:40:00,13,-1,MARKDOWN,2,C,1.36434498,1.3651262126033763,1.3623918984915595,0.0007812326033762584,0.00033242520675249047,0,1,1,0,0,1,False,-1,
26926,2026-02-09 14:40:00,14,-1,MARKDOWN,2,C,1.36392976,1.3657712006113985,1.3593261584715037,0.0018414406113984594,0.0003824012227970872,0,1,1,0,0,1,False,-1,
26938,2026-02-09 15:40:00,15,-1,MARKDOWN,1,C,1.36361652,1.3657886608255432,1.3581861679361424,0.0021721408255430674,0.00041732165108632966,0,1,0,0,0,1,False,-1,
26950,2026-02-09 16:40:00,16,-1,MARKDOWN,2,C,1.3626959,1.3658815509082674,1.3547317727293318,0.003185650908267279,0.0006031018165348797,0,1,1,0,0,1,False,-1,
26962,2026-02-09 17:40:00,17,-1,MARKDOWN,1,C,1.3622689399999999,1.3655687311464138,1.3540194621339652,0.0032997911464138774,0.0006174622928276707,0,1,0,0,0,1,False,-1,
26974,2026-02-09 18:40:00,18,-1,MARKDOWN,2,C,1.36119106,1.3641855320461183,1.353704879884704,0.002994472046118357,0.0005110640922368057,0,1,1,0,0,1,False,-1,
26986,2026-02-09 19:40:00,19,-1,MARKDOWN,1,C,1.3596213400000001,1.3615979074693454,1.354679921326637,0.0019765674693452695,0.0004158149386907797,0,0,1,0,0,1,False,-1,
26998,2026-02-09 20:40:00,20,-1,MARKDOWN,2,C,1.35929282,1.36161029186935,1.3534991403266252,0.0023174718693499408,0.00044058373869965557,0,1,1,0,0,1,False,-1,
27167,2026-02-10 10:45:00,10,1,MARKUP,0,C,1.3556749,1.3547906289862206,1.3578855775344483,0.0008842710137793031,0.000278742027558813,0,0,0,0,0,1,False,-1,
27179,2026-02-10 11:45:00,11,1,MARKUP,1,C,1.3558912,1.355136491204317,1.357777971989208,0.0007547087956831788,0.00028701759136648636,0,0,1,0,0,1,True,27195,0.727279788482837
27197,2026-02-10 13:15:00,13,1,MARKUP,3,B,1.35600244,1.3553228303387297,1.3577014641531755,0.0006796096612702307,0.00027433932254026204,0,1,1,1,0,1,False,-1,
27209,2026-02-10 14:15:00,14,1,MARKUP,2,C,1.3561075,1.3554948226618333,1.3576391933454168,0.0006126773381667228,0.0002703546763338026,0,1,1,0,0,1,True,27224,0.5
27221,2026-02-10 15:15:00,15,1,MARKUP,1,C,1.35648816,1.3556005007950584,1.3587073080123542,0.0008876592049416043,0.0003389984098828376,0,0,0,0,1,1,True,27224,-1.0
27233,2026-02-10 16:15:00,16,-1,MARKDOWN,2,C,1.3563473799999999,1.3578804875326103,1.3525146111684738,0.0015331075326103782,0.00046097506522061626,0,1,1,0,0,1,False,-1,
27245,2026-02-10 17:15:00,17,-1,MARKDOWN,1,C,1.35586224,1.3579715770590979,1.3505888973522553,0.002109337059097882,0.0006431541181955518,0,1,0,0,0,1,False,-1,
27257,2026-02-10 18:15:00,18,-1,MARKDOWN,1,C,1.3556177600000001,1.3579702698521179,1.3497364853697058,0.002352509852117768,0.0006405397042355321,0,1,0,0,0,1,False,-1,
27269,2026-02-10 19:15:00,19,-1,MARKDOWN,0,C,1.3556177600000001,1.3579063996112222,1.3498961609719449,0.002288639611222054,0.0005127992224443816,0,0,0,0,0,1,False,-1,
27422,2026-02-11 08:00:00,8,-1,MARKDOWN,2,C,1.35346894,1.3546663765635085,1.3504753485912286,0.0011974365635085693,0.00023275312701739965,0,1,1,0,0,1,False,-1,
27445,2026-02-11 09:55:00,9,-1,MARKDOWN,3,B,1.35228856,1.3527869185426415,1.3510426636433963,0.0004983585426414638,0.00029383708528316803,1,1,1,0,0,1,True,27446,0.8308919278006829
27457,2026-02-11 10:55:00,10,-1,MARKDOWN,2,C,1.35252296,1.353329584787393,1.3505063980315173,0.0008066247873930177,0.00029916957478594395,0,1,1,0,0,1,False,-1,
27469,2026-02-11 11:55:00,11,-1,MARKDOWN,1,C,1.3523205,1.3533200852049017,1.349821536987746,0.0009995852049016207,0.000280170409803428,0,1,0,0,0,1,True,27490,-1.0
27482,2026-02-11 13:00:00,13,-1,MARKDOWN,1,C,1.35213332,1.3533235035661646,1.349157861084589,0.0011901835661645155,0.0002870071323288951,0,1,0,0,0,1,True,27490,-1.0
27500,2026-02-11 14:30:00,14,1,MARKUP,2,C,1.35230798,1.3501779471806008,1.3576330620484978,0.0021300328193991636,0.0005241056387982486,0,1,1,0,0,1,False,-1,
27512,2026-02-11 15:30:00,15,1,MARKUP,2,C,1.35435932,1.3500452293513487,1.3651445466216279,0.004314090648651181,0.0007895412973022137,0,1,1,0,0,1,False,-1,
27524,2026-02-11 16:30:00,16,1,MARKUP,1,C,1.35435932,1.3499474124524942,1.3653890888687643,0.004411907547505756,0.0009851750950112296,0,1,0,0,0,1,False,-1,
27536,2026-02-11 17:30:00,17,1,MARKUP,2,C,1.35480244,1.3499617091978011,1.3669042670054974,0.004840730802198934,0.0009565816043973741,0,1,1,0,0,1,False,-1,
27548,2026-02-11 18:30:00,18,1,MARKUP,0,C,1.35537774,1.3509292789555585,1.3664988926111037,0.004448461044441521,0.0008214420888828199,0,0,0,0,0,1,True,27562,0.39390251650949015
27710,2026-02-12 08:00:00,8,1,MARKUP,1,C,1.35731602,1.356368187466573,1.3596856013335679,0.0009478325334271176,0.0002836250668543076,0,1,0,0,0,1,False,-1,
27722,2026-02-12 09:00:00,9,1,MARKUP,0,C,1.3577133000000001,1.356317877633377,1.3612018559165577,0.0013954223666230448,0.00038424473324618697,0,0,0,0,0,1,True,27727,-1.0
27755,2026-02-12 11:45:00,11,-1,MARKDOWN,2,C,1.3584376,1.35985784595392,1.3548869851152003,0.0014202459539198742,0.0003956919078401675,0,1,1,0,0,1,False,-1,
27770,2026-02-12 13:00:00,13,-1,MARKDOWN,1,C,1.35838412,1.3598427404650981,1.3547375688372547,0.0014586204650981482,0.00036548093019643594,0,0,1,0,0,1,False,-1,
27782,2026-02-12 14:00:00,14,-1,MARKDOWN,2,C,1.3574449000000002,1.3587721119379068,1.3541268701552336,0.001327211937906636,0.000324223875813543,0,1,1,0,0,1,True,27791,0.5960956383589854
27819,2026-02-12 17:05:00,17,1,MARKUP,2,C,1.35693138,1.3552288775634818,1.3611876360912958,0.0017025024365182606,0.0006622448730367061,0,1,1,0,0,1,False,-1,
27831,2026-02-12 18:05:00,18,1,MARKUP,2,C,1.3576075200000002,1.3552080396805266,1.363606220798684,0.002399480319473568,0.0007039206389471903,0,1,1,0,0,1,False,-1,
27843,2026-02-12 19:05:00,19,1,MARKUP,2,C,1.35870162,1.355262731271905,1.3672988418202374,0.0034388887280949465,0.000834537456190021,0,1,1,0,0,1,False,-1,
27855,2026-02-12 20:05:00,20,1,MARKUP,2,C,1.35885612,1.3555658003689497,1.3670819190776258,0.003290319631050309,0.0007283992621009426,0,1,1,0,0,1,False,-1,
27998,2026-02-13 08:00:00,8,1,MARKUP,3,B,1.3615587200000001,1.360662381854822,1.3637995653629453,0.0008963381451780883,0.0002952362903559309,0,1,1,0,1,1,False,-1,
28010,2026-02-13 09:00:00,9,1,MARKUP,1,C,1.3618822000000002,1.3609374619459276,1.3642440451351816,0.0009447380540725803,0.0002850761081449333,0,1,0,0,0,1,True,28023,-1.0
28038,2026-02-13 11:20:00,11,-1,MARKDOWN,3,B,1.3623680599999999,1.3639520444208777,1.3584080989478053,0.0015839844208778153,0.00036408884175569313,0,1,1,0,1,1,False,-1,
28058,2026-02-13 13:00:00,13,-1,MARKDOWN,0,C,1.36223436,1.363933101156284,1.3579875071092897,0.0016987411562841004,0.0003262023125681563,0,0,0,0,0,1,True,28063,0.7917343075884731
28079,2026-02-13 14:45:00,14,1,MARKUP,2,C,1.36104116,1.3595536585017092,1.3647599137457274,0.0014875014982909107,0.0003926829965816048,0,1,1,0,0,1,True,28088,0.5
28091,2026-02-13 15:45:00,15,1,MARKUP,1,C,1.36121306,1.3594198978725842,1.3656959653185399,0.0017931621274158704,0.0006602042548315786,1,0,0,0,0,1,True,28092,0.7473210796582114
28107,2026-02-13 17:05:00,17,-1,MARKDOWN,2,C,1.36222008,1.3640014295228886,1.3577667061927783,0.0017813495228886644,0.0008428590457772516,0,1,1,0,0,1,True,28109,0.9441735412151777
28119,2026-02-13 18:05:00,18,1,MARKUP,2,C,1.36140666,1.359635647408425,1.3658341914789378,0.001771012591575083,0.0007687051831499569,0,1,0,1,0,1,True,28131,-1.0
28135,2026-02-13 19:25:00,19,-1,MARKDOWN,2,C,1.36222008,1.3638662041024998,1.3581047697437503,0.0016461241024998685,0.0005724082049996821,0,1,1,0,0,1,False,-1,
28147,2026-02-13 20:25:00,20,-1,MARKDOWN,2,C,1.3620074,1.3638898025289683,1.357301393677579,0.0018824025289683188,0.00047960505793658855,0,1,1,0,0,1,True,28165,0.39704579041841137
28289,2026-02-16 08:15:00,8,-1,MARKDOWN,3,B,1.3615529400000002,1.361958129730754,1.3605399656731159,0.0004051897307537633,0.00017625946150776205,0,1,1,1,0,1,False,-1,
28301,2026-02-16 09:15:00,9,-1,MARKDOWN,1,C,1.3614739599999999,1.362035948153354,1.3600689896166147,0.0005619881533540649,0.0001918963067080074,1,0,0,0,0,1,True,28315,0.9156306006702875
28313,2026-02-16 10:15:00,10,-1,MARKDOWN,1,C,1.36133262,1.362066950757318,1.359496793106705,0.0007343307573179914,0.0002539015146360244,0,0,0,0,1,1,True,28314,0.7218475423025902
28325,2026-02-16 11:15:00,11,-1,MARKDOWN,1,C,1.36133262,1.362094989906748,1.3594266952331298,0.0007623699067480505,0.00030997981349621423,0,0,0,0,1,1,True,28328,-1.0
28348,2026-02-16 13:10:00,13,1,MARKUP,2,C,1.36108726,1.360216751021236,1.3632635324469098,0.0008705089787639508,0.00026649795752802907,0,1,1,0,0,1,False,-1,
28360,2026-02-16 14:10:00,14,1,MARKUP,1,C,1.36121714,1.3602271013408944,1.3636922366477637,0.0009900386591055188,0.00024579731821101257,0,1,0,0,0,1,False,-1,
28372,2026-02-16 15:10:00,15,1,MARKUP,2,C,1.36142612,1.3602805917973888,1.3642899405065279,0.0011455282026111568,0.000258816405222323,0,1,1,0,0,1,False,-1,
28384,2026-02-16 16:10:00,16,1,MARKUP,1,C,1.3618059,1.3607345982137822,1.3644841544655446,0.0010713017862178376,0.00027080357243574373,1,0,0,0,0,1,False,-1,
28396,2026-02-16 17:10:00,17,1,MARKUP,1,C,1.36189062,1.3608126147039263,1.3645856332401842,0.001078005296073714,0.0003147705921475217,0,1,0,0,0,1,False,-1,
28408,2026-02-16 18:10:00,18,1,MARKUP,2,C,1.36242794,1.361633662355184,1.3644136341120399,0.0007942776448159883,0.0003126752896324739,0,1,0,1,0,1,False,-1,
28420,2026-02-16 19:10:00,19,1,MARKUP,1,C,1.36256232,1.3617526504929338,1.364586493767666,0.0008096695070662907,0.0002746990141323093,0,1,0,0,0,1,False,-1,
28432,2026-02-16 20:10:00,20,1,MARKUP,1,C,1.362654,1.3617939703083881,1.36480407422903,0.0008600296916119188,0.00019205938322367625,0,1,0,0,0,1,False,-1,
28586,2026-02-17 09:00:00,9,1,MARKUP,2,C,1.36411638,1.3635921540128677,1.365426944967831,0.0005242259871323096,0.00021569197426506219,0,1,1,0,0,1,True,28599,0.7069999708808363
28598,2026-02-17 10:00:00,10,1,MARKUP,1,C,1.36432266,1.3635474904024278,1.3662605839939306,0.0007751695975721784,0.0003050191951444599,1,0,0,0,0,1,True,28599,0.8694264194845283
28610,2026-02-17 11:00:00,11,1,MARKUP,2,C,1.36432266,1.3635311208432268,1.366301507891933,0.0007915391567732133,0.0003377583135464404,1,0,0,0,1,1,True,28613,0.8617864340303266
28645,2026-02-17 13:55:00,13,1,MARKUP,3,B,1.36448334,1.3638109643423266,1.3661642791441837,0.0006723756576734186,0.0002980713153468076,1,1,1,0,0,1,True,28646,0.8064181853894701
28657,2026-02-17 14:55:00,14,1,MARKUP,1,C,1.36438524,1.3635329880400961,1.36651586989976,0.0008522519599039047,0.0003140239198080259,0,1,0,0,0,1,False,-1,
28669,2026-02-17 15:55:00,15,1,MARKUP,1,C,1.3650079,1.3634463443423448,1.3689117891441378,0.0015615556576551448,0.0004873113153105737,0,1,0,0,0,1,False,-1,
28681,2026-02-17 16:55:00,16,1,MARKUP,3,B,1.36531732,1.3633727978874115,1.3701786252814712,0.0019445221125884427,0.0006344042251772874,0,1,1,1,0,1,True,28698,-1.0
28693,2026-02-17 17:55:00,17,1,MARKUP,1,C,1.36583302,1.3633357633391887,1.372076161652028,0.0024972566608112423,0.0007084733216227655,0,1,0,0,0,1,True,28697,-1.0
28726,2026-02-17 20:40:00,20,-1,MARKDOWN,2,C,1.36720664,1.3695359274777255,1.3613834213056863,0.002329287477725428,0.0004718549554509734,0,1,1,0,0,1,False,-1,
28862,2026-02-18 08:00:00,8,1,MARKUP,0,C,1.3646247999999999,1.3640268524131203,1.3661196689671988,0.000597947586879588,0.0001262951737594887,0,0,0,0,0,1,False,-1,
28874,2026-02-18 09:00:00,9,1,MARKUP,1,C,1.3648893,1.3643659028597785,1.3661977928505535,0.0005233971402214266,0.00016819428044297503,0,0,1,0,0,1,False,-1,
28886,2026-02-18 10:00:00,10,1,MARKUP,2,C,1.36525602,1.3643325877986248,1.3675646005034379,0.0009234322013751406,0.00023482440275017133,0,1,0,0,1,1,True,28909,-1.0
28898,2026-02-18 11:00:00,11,1,MARKUP,1,C,1.3656858,1.3648209781263423,1.3678478546841446,0.0008648218736577729,0.00027804374731540407,0,1,0,0,0,1,True,28907,-1.0
28934,2026-02-18 14:00:00,14,-1,MARKDOWN,3,B,1.36579804,1.3670055419543494,1.3627792851141267,0.001207501954349377,0.00029108390869912715,0,1,1,0,1,1,True,28953,-1.0
28946,2026-02-18 15:00:00,15,-1,MARKDOWN,1,C,1.36566816,1.3670285091896492,1.362267287025877,0.0013603491896492237,0.0003370183792983807,0,1,0,0,0,1,True,28952,-1.0
28958,2026-02-18 16:00:00,16,1,MARKUP,2,C,1.3649433,1.363537881222643,1.3684568469433922,0.0014054187773568927,0.0004042375547138949,0,1,1,0,0,1,False,-1,
28970,2026-02-18 17:00:00,17,1,MARKUP,2,C,1.3653176599999999,1.3634564026188174,1.369970803452956,0.0018612573811824795,0.00056719476236496,0,1,0,1,0,1,False,-1,
28982,2026-02-18 18:00:00,18,1,MARKUP,0,C,1.3653176599999999,1.3634502063777165,1.3699862940557082,0.0018674536222833549,0.0005795872445669446,0,0,0,0,0,1,False,-1,
28994,2026-02-18 19:00:00,19,1,MARKUP,2,C,1.36537114,1.3634882228390532,1.3700784329023667,0.0018829171609466844,0.0005035543218935527,0,1,1,0,0,1,False,-1,
29006,2026-02-18 20:00:00,20,1,MARKUP,1,C,1.36586922,1.3638589258456564,1.3708949553858591,0.002010294154343617,0.00042214830868695454,0,1,0,0,0,1,False,-1,
29150,2026-02-19 08:00:00,8,1,MARKUP,1,C,1.36936232,1.3686260198458495,1.3712030703853761,0.0007363001541504932,0.00012796030830078037,0,1,0,0,0,1,True,29157,-1.0
29170,2026-02-19 09:40:00,9,-1,MARKDOWN,2,C,1.36954848,1.3705593564859633,1.3670212887850917,0.001010876485963319,0.0002187129719264522,0,1,1,0,0,1,False,-1,
29182,2026-02-19 10:40:00,10,-1,MARKDOWN,2,C,1.3693613,1.370603560634468,1.36625564841383,0.0012422606344679732,0.0003071212689359867,0,1,1,0,0,1,False,-1,
29194,2026-02-19 11:40:00,11,-1,MARKDOWN,1,C,1.3691932199999999,1.3706062847350367,1.365660558162408,0.001413064735036773,0.00031256947007355534,0,1,0,0,0,1,False,-1,
29210,2026-02-19 13:00:00,13,-1,MARKDOWN,1,C,1.36892682,1.3704699268285345,1.3650690529286638,0.001543106828534535,0.00041985365706907296,0,0,0,1,0,1,True,29218,-1.0
29235,2026-02-19 15:05:00,15,1,MARKUP,2,C,1.36818722,1.3665666711566387,1.3722385921084035,0.0016205488433613802,0.0004066576867229079,0,1,1,0,0,1,False,-1,
29247,2026-02-19 16:05:00,16,1,MARKUP,2,C,1.36829036,1.3664768075041356,1.3728242412396612,0.0018135524958644567,0.0005863849917290907,0,1,1,0,0,1,True,29267,0.7474981976627284
29259,2026-02-19 17:05:00,17,1,MARKUP,1,C,1.3689956399999998,1.3671077800655687,1.3737152898360778,0.0018878599344311908,0.000704439868862328,0,0,0,0,1,1,True,29261,-0.43734176722623375
29290,2026-02-19 19:40:00,19,1,MARKUP,3,B,1.3696569,1.3682574085340524,1.3731556286648692,0.0013994914659476443,0.0005451829318950282,0,1,1,1,0,1,True,29293,-1.0
29438,2026-02-20 08:00:00,8,-1,MARKDOWN,1,C,1.36957566,1.3704035478717675,1.367505940320581,0.0008278878717675742,0.00022709574353527284,0,1,0,0,0,1,True,29460,0.892444433899801
29450,2026-02-20 09:00:00,9,-1,MARKDOWN,1,C,1.3695642,1.37040721999552,1.3674566500111998,0.0008430199955200557,0.00023443999103986974,0,1,0,0,0,1,True,29460,0.8786031041546113
29468,2026-02-20 10:30:00,10,1,MARKUP,3,B,1.36893186,1.3678910164043567,1.3715339689891082,0.0010408435956432704,0.00037796719128658336,0,1,1,0,1,1,True,29472,0.7119062110786244
29480,2026-02-20 11:30:00,11,-1,MARKDOWN,2,C,1.3689452,1.3696560975243828,1.3671679561890429,0.0007108975243828031,0.00035219504876566335,0,1,0,1,0,1,True,29485,0.6908328581820026
29499,2026-02-20 13:05:00,13,-1,MARKDOWN,3,B,1.36865474,1.3691799357996244,1.3673417505009389,0.0005251957996244005,0.00033987159924879896,1,1,1,0,0,1,True,29500,-1.0
29513,2026-02-20 14:15:00,14,-1,MARKDOWN,2,C,1.3694810599999998,1.3704728824554233,1.3670015038614411,0.0009918224554235078,0.0003257649108466803,0,1,1,0,0,1,True,29526,0.5
29527,2026-02-20 15:25:00,15,-1,MARKDOWN,3,B,1.36904228,1.369783182707434,1.3671900232314147,0.000740902707434099,0.0003663654148683764,0,1,1,0,1,1,True,29528,-1.0
29539,2026-02-20 16:25:00,16,1,MARKUP,2,C,1.3689460199999999,1.3678898112810631,1.3715865417973419,0.0010562087189367464,0.000500377437873368,0,1,0,0,1,1,True,29546,-1.0
29555,2026-02-20 17:45:00,17,-1,MARKDOWN,1,C,1.3691948,1.3710497722161992,1.3645573694595021,0.0018549722161991244,0.0009595444323980757,0,1,0,0,0,1,True,29562,0.5978159493324974
29568,2026-02-20 18:50:00,18,-1,MARKDOWN,3,B,1.3691948,1.3709933021892364,1.364698544526909,0.001798502189236384,0.0008466043784728376,1,1,1,0,0,1,True,29569,0.5
29583,2026-02-20 20:05:00,20,-1,MARKDOWN,3,B,1.3691948,1.370914808767863,1.3648947780803424,0.001720008767863046,0.0006896175357260085,0,1,1,1,0,1,True,29589,0.6054912461512355
29747,2026-02-23 09:45:00,9,-1,MARKDOWN,3,B,1.3669925,1.367609945290919,1.3654488867727028,0.0006174452909188943,0.00027989058183778496,0,1,1,0,1,1,True,29748,0.5745058073449283
29760,2026-02-23 10:50:00,10,-1,MARKDOWN,2,C,1.3669925,1.3676391643626182,1.3653758390934545,0.0006466643626181767,0.0003383287252366443,0,1,1,0,0,1,True,29772,-1.0
29786,2026-02-23 13:00:00,13,1,MARKUP,1,C,1.36680064,1.3660841628544875,1.368591832863781,0.0007164771455123731,0.00027167429102512464,0,1,0,0,0,1,False,-1,
29798,2026-02-23 14:00:00,14,1,MARKUP,2,C,1.36730488,1.3660640229988068,1.3704070225029832,0.0012408570011932518,0.00031195400238619365,0,1,1,0,0,1,False,-1,
29810,2026-02-23 15:00:00,15,1,MARKUP,1,C,1.3676716,1.3660405542411536,1.371749214397116,0.0016310457588464278,0.00035889151769269185,0,1,0,0,0,1,True,29822,0.7588270564795354
29846,2026-02-23 18:00:00,18,1,MARKUP,2,C,1.36842556,1.3671353058484972,1.3716511953787567,0.0012902541515027455,0.0006093883030057509,0,1,1,0,0,1,True,29849,0.9662213286236148
29867,2026-02-23 19:45:00,19,1,MARKUP,2,C,1.36915874,1.3685205938521878,1.3707541053695307,0.000638146147812213,0.00045881229562424997,0,1,0,0,1,1,True,29868,0.8681821250213503
29879,2026-02-23 20:45:00,20,1,MARKUP,2,C,1.36787544,1.3665689319334298,1.3711417101664254,0.0013065080665701778,0.00038213613314061587,0,1,1,0,0,1,False,-1,
30039,2026-02-24 10:05:00,10,1,MARKUP,3,B,1.37028694,1.3696765687446315,1.371812868138421,0.000610371255368447,0.0003268625107368933,0,1,1,1,0,1,True,30040,-1.0
30075,2026-02-24 13:05:00,13,1,MARKUP,3,B,1.37009368,1.3694812276416717,1.3716248108958211,0.000612452358328408,0.00027754471665684423,0,1,1,0,1,1,False,-1,
30087,2026-02-24 14:05:00,14,1,MARKUP,1,C,1.37027704,1.3694857226343642,1.3722553334140892,0.0007913173656357575,0.0002685547312715733,0,1,0,0,0,1,False,-1,
30099,2026-02-24 15:05:00,15,1,MARKUP,1,C,1.37043748,1.3694611808425474,1.3728782278936318,0.0009762991574526758,0.00031763831490549027,0,1,0,0,0,1,False,-1,
30111,2026-02-24 16:05:00,16,1,MARKUP,2,C,1.3704413,1.3694446068013442,1.3729330329966394,0.000996693198655807,0.00035078639731174845,0,1,1,0,0,1,False,-1,
30123,2026-02-24 17:05:00,17,1,MARKUP,2,C,1.37078196,1.3695058432979528,1.3739722517551178,0.001276116702047192,0.00042831340409448665,0,1,1,0,0,1,True,30136,-1.0
30159,2026-02-24 20:05:00,20,-1,MARKDOWN,2,C,1.37157938,1.3726781639931127,1.3688324200172182,0.0010987839931126953,0.0003563279862251098,0,1,1,0,0,1,False,-1,
30302,2026-02-25 08:00:00,8,-1,MARKDOWN,1,C,1.36906848,1.3700746947028037,1.3665529432429904,0.0010062147028038204,0.00020938940560779644,0,1,0,0,0,1,False,-1,
30314,2026-02-25 09:00:00,9,-1,MARKDOWN,2,C,1.36888848,1.369895334606151,1.3663713434846225,0.0010068546061510197,0.0002106692123022011,0,1,1,0,0,1,True,30331,-1.0
30326,2026-02-25 10:00:00,10,-1,MARKDOWN,1,C,1.36853004,1.3693415520710903,1.3665012598222743,0.0008115120710903145,0.000263104142180341,0,0,1,0,0,1,True,30327,-1.0
30362,2026-02-25 13:00:00,13,1,MARKUP,2,C,1.3683888199999998,1.3672983562448655,1.3711149793878357,0.00109046375513433,0.000263287510268942,0,1,1,0,0,1,False,-1,
30374,2026-02-25 14:00:00,14,1,MARKUP,1,C,1.36868004,1.367330926170036,1.3720528245749106,0.0013491138299641658,0.00023814765992831894,0,1,0,0,0,1,True,30387,0.8359812020208364
30397,2026-02-25 15:55:00,15,1,MARKUP,2,C,1.36956378,1.368694033661926,1.371738145845185,0.0008697463380740178,0.0003719326761477523,0,1,1,0,0,1,True,30401,0.5134205300604123
30409,2026-02-25 16:55:00,16,1,MARKUP,2,C,1.36956378,1.3686789247370637,1.3717759181573408,0.0008848552629363571,0.00040215052587242654,0,1,0,1,0,1,True,30410,-1.0
30421,2026-02-25 17:55:00,17,-1,MARKDOWN,1,C,1.3696080400000001,1.3709250372668744,1.3663155468328143,0.0013169972668742869,0.0005100745337488971,0,1,0,0,0,1,False,-1,
30433,2026-02-25 18:55:00,18,-1,MARKDOWN,1,C,1.3693440000000001,1.3707003174375758,1.3659532064060609,0.0013563174375756937,0.00042063487515177724,0,1,0,0,0,1,False,-1,
30445,2026-02-25 19:55:00,19,-1,MARKDOWN,1,C,1.3693440000000001,1.370679718384703,1.3660047040382428,0.001335718384702922,0.00037943676940620284,0,0,1,0,0,1,False,-1,
30457,2026-02-25 20:55:00,20,-1,MARKDOWN,1,C,1.36934018,1.3706439770516143,1.3660806873709643,0.0013037970516143194,0.000307954103228496,0,1,0,0,0,1,False,-1,
30592,2026-02-26 08:10:00,8,-1,MARKDOWN,3,B,1.36656508,1.3670811053294292,1.365275016676427,0.0005160253294291817,0.00022221065885818798,1,1,1,0,0,1,True,30593,0.5659297646461425
30605,2026-02-26 09:15:00,9,-1,MARKDOWN,2,C,1.36695498,1.3677173956845843,1.3650489407885393,0.0007624156845842389,0.0002947913691686514,0,0,1,0,1,1,True,30607,0.7496198273799151
30631,2026-02-26 11:25:00,11,1,MARKUP,1,C,1.36669726,1.3657962581523622,1.3689497646190947,0.0009010018476378612,0.00032748369527575764,0,1,0,0,0,1,False,-1,
30650,2026-02-26 13:00:00,13,1,MARKUP,0,C,1.36688444,1.3658266942999462,1.3695288042501343,0.0010577457000537915,0.00026661140010776635,0,0,0,0,0,1,False,-1,
30662,2026-02-26 14:00:00,14,1,MARKUP,2,C,1.36709196,1.3659021270775193,1.3700665423062017,0.0011898329224806492,0.0002557458449613863,0,1,1,0,0,1,False,-1,
30674,2026-02-26 15:00:00,15,1,MARKUP,1,C,1.36763636,1.366737167285926,1.3698843417851851,0.0008991927140740152,0.0002856654281482273,0,0,1,0,0,1,True,30675,1.0647212219469446
30686,2026-02-26 16:00:00,16,1,MARKUP,1,C,1.36796726,1.3670388575159234,1.3702882662101912,0.0009284024840765515,0.00038228496815332047,0,1,0,0,0,1,False,-1,
30698,2026-02-26 17:00:00,17,1,MARKUP,2,C,1.36805894,1.367003172795718,1.3706983580107055,0.001055767204282132,0.0004536544085640264,0,1,1,0,0,1,True,30715,1.187088062027517
30718,2026-02-26 18:40:00,18,1,MARKUP,2,C,1.36876564,1.3669524966393967,1.373298498401508,0.001813143360603231,0.0005550067212067544,1,0,1,0,0,1,True,30719,-0.4663944497574236
30731,2026-02-26 19:45:00,19,1,MARKUP,3,B,1.36876564,1.3669976345368495,1.3731856536578757,0.0017680054631503683,0.00046473092630094025,0,1,1,1,0,1,True,30742,-0.681920969775446
30878,2026-02-27 08:00:00,8,-1,MARKDOWN,1,C,1.36746746,1.368308359477155,1.3653652113071129,0.0008408994771549327,0.00017671895431008058,0,1,0,0,0,1,True,30899,0.6767245397465664
30953,2026-02-27 14:15:00,14,-1,MARKDOWN,3,B,1.36712474,1.3676350642380575,1.3658489294048561,0.0005103242380575246,0.00031012847611497206,0,1,1,0,1,1,True,30958,0.8077232443387841
30965,2026-02-27 15:15:00,15,-1,MARKDOWN,3,B,1.3672804799999998,1.367954102360871,1.3655964240978218,0.0006736223608712066,0.0003082047217422267,0,1,1,0,1,1,True,30968,0.5
30977,2026-02-27 16:15:00,16,-1,MARKDOWN,3,B,1.36721554,1.3680565748582878,1.3651129528542802,0.0008410348582879035,0.000513149716575623,0,1,1,0,1,1,False,-1,
30989,2026-02-27 17:15:00,17,-1,MARKDOWN,3,B,1.3669429,1.3688048649106783,1.362287987723304,0.0018619649106783598,0.0006297298213565968,0,1,1,0,1,1,False,-1,
31001,2026-02-27 18:15:00,18,-1,MARKDOWN,1,C,1.36630496,1.3688420788715654,1.3599621628210863,0.0025371188715654913,0.0007041577431308246,0,1,0,0,0,1,False,-1,
31013,2026-02-27 19:15:00,19,-1,MARKDOWN,1,C,1.3662094599999999,1.3687831292601873,1.3597752868495312,0.002573669260187428,0.0005862585203744872,0,1,0,0,0,1,False,-1,
31025,2026-02-27 20:15:00,20,-1,MARKDOWN,2,C,1.3662094599999999,1.3687192826524361,1.3599349033689092,0.0025098226524362666,0.0004585653048723586,0,1,1,0,0,1,False,-1,
31166,2026-03-02 08:00:00,8,1,MARKUP,3,B,1.3649189400000001,1.3639476576702556,1.3673471458243616,0.0009712823297445272,0.0002846846594886912,0,1,1,0,1,1,False,-1,
31178,2026-03-02 09:00:00,9,1,MARKUP,2,C,1.3649495,1.3639003169842356,1.367572457539411,0.0010491830157643989,0.00037936603152888504,0,1,1,0,0,1,False,-1,
31190,2026-03-02 10:00:00,10,1,MARKUP,0,C,1.3651023,1.3638621252264211,1.3682027369339471,0.0012401747735788504,0.0004557495471576403,0,0,0,0,0,1,True,31204,0.8657652145820072
31226,2026-03-02 13:00:00,13,-1,MARKDOWN,1,C,1.36692898,1.3689256255566546,1.3619373661083634,0.001996645556654686,0.00047125111330927164,0,1,0,0,0,1,False,-1,
31258,2026-03-02 15:40:00,15,1,MARKUP,3,B,1.3669938,1.3663947838920758,1.3684913402698102,0.0005990161079241219,0.0005104322158484403,0,1,1,1,0,1,True,31269,1.75
31270,2026-03-02 16:40:00,16,1,MARKUP,0,C,1.3659135999999998,1.3637636221928884,1.3712885445177785,0.0021499778071114584,0.0006327556142230917,0,0,0,0,0,1,False,-1,
31282,2026-03-02 17:40:00,17,1,MARKUP,2,C,1.36642954,1.3639979041158348,1.372508629710413,0.002431635884165173,0.0006841917683301949,0,1,1,0,0,1,False,-1,
31294,2026-03-02 18:40:00,18,1,MARKUP,1,C,1.36765288,1.3647148259471187,1.3749980151322037,0.002938054052881389,0.00065034810576265,0,1,0,0,0,1,False,-1,
31306,2026-03-02 19:40:00,19,1,MARKUP,2,C,1.3677702999999999,1.3649409790459115,1.3748436023852209,0.002829320954088388,0.0005780419081769734,0,1,1,0,0,1,True,31326,-0.36415098064821066
31318,2026-03-02 20:40:00,20,1,MARKUP,0,C,1.36858606,1.3663032420971193,1.3742931047572016,0.0022828179028806517,0.0004935158057612892,0,0,0,0,0,1,True,31323,-1.0
31463,2026-03-03 08:45:00,8,1,MARKUP,3,B,1.3669177000000001,1.3658366391628303,1.3696203520929249,0.001081060837169856,0.00036672167433970357,0,1,1,1,0,1,True,31468,0.7047800340607818
31475,2026-03-03 09:45:00,9,1,MARKUP,3,B,1.36705366,1.365994229736662,1.369702235658345,0.0010594302633379904,0.000491540526675805,0,1,1,0,1,1,False,-1,
31487,2026-03-03 10:45:00,10,1,MARKUP,2,C,1.36761858,1.3661420867433438,1.3713098131416406,0.0014764932566562194,0.0005158265133126012,0,1,1,0,0,1,False,-1,
31499,2026-03-03 11:45:00,11,1,MARKUP,2,C,1.36819158,1.3661358078457941,1.3733310103855145,0.002055772154205826,0.0005283843084119898,0,1,1,0,0,1,False,-1,
31514,2026-03-03 13:00:00,13,1,MARKUP,2,C,1.36843754,1.3664451491026248,1.3734185172434379,0.001992390897375129,0.0005697017947501444,0,1,1,0,0,1,True,31530,0.8762932445607601
31526,2026-03-03 14:00:00,14,1,MARKUP,0,C,1.3688310000000001,1.3664417262706856,1.3748041843232865,0.0023892737293145228,0.000576547458628715,0,0,0,0,0,1,True,31530,1.75
31554,2026-03-03 16:20:00,16,1,MARKUP,1,C,1.37041308,1.3689468804651357,1.374078578837161,0.0014661995348643764,0.0006862390697284789,0,1,0,0,0,1,True,31571,-1.0
31566,2026-03-03 17:20:00,17,1,MARKUP,1,C,1.3709369200000001,1.3677844227188671,1.3788181632028325,0.003152497281132982,0.0009111545622658247,0,1,0,0,0,1,True,31570,-1.0
31585,2026-03-03 18:55:00,18,-1,MARKDOWN,1,C,1.3717092,1.3758141518005007,1.361446820498748,0.004104951800500745,0.0010283036010016206,0,1,0,0,0,1,False,-1,
31597,2026-03-03 19:55:00,19,-1,MARKDOWN,1,C,1.3717092,1.3757080855714645,1.3617119860713385,0.00399888557146455,0.0008161711429291708,0,1,0,0,0,1,False,-1,
31609,2026-03-03 20:55:00,20,-1,MARKDOWN,0,C,1.37148764,1.3756677305664031,1.3610374135839922,0.004180090566403116,0.0007354611328063132,0,0,0,0,0,1,False,-1,
31742,2026-03-04 08:00:00,8,1,MARKUP,3,B,1.36884434,1.3679433726623869,1.3710967583440332,0.0009009673376132454,0.0003732546752264706,0,1,1,0,1,1,True,31745,-1.0
31756,2026-03-04 09:10:00,9,-1,MARKDOWN,2,C,1.36837928,1.3697137969847728,1.3650429875380683,0.0013345169847727156,0.0004075939695453837,0,1,1,0,0,1,False,-1,
31768,2026-03-04 10:10:00,10,-1,MARKDOWN,2,C,1.36772224,1.3697359308457422,1.3626880128856445,0.002013690845742211,0.0004518616914842053,0,1,1,0,0,1,True,31777,0.9224729745075224
31781,2026-03-04 11:15:00,11,-1,MARKDOWN,2,C,1.36772224,1.3697667271712743,1.362611022071814,0.0020444871712743673,0.0005134543425485281,1,0,1,0,0,1,True,31789,0.9161092196088492
31804,2026-03-04 13:10:00,13,-1,MARKDOWN,3,B,1.3674815599999999,1.3694795284294767,1.3624866389263077,0.0019979684294768596,0.0006190568589532686,0,1,1,0,1,1,True,31825,0.715739255809418
31816,2026-03-04 14:10:00,14,-1,MARKDOWN,3,B,1.3667422200000001,1.3684977240966458,1.3623534597583857,0.0017555040966457103,0.0006154481932917775,0,1,1,0,1,1,True,31824,-1.0
31828,2026-03-04 15:10:00,15,-1,MARKDOWN,3,B,1.3667422200000001,1.3685364931852626,1.3622565370368438,0.001794273185262485,0.0006929863705251467,0,1,1,1,0,1,True,31830,-1.0
31847,2026-03-04 16:45:00,16,1,MARKUP,3,B,1.36618012,1.3640088681201687,1.3716082496995785,0.0021712518798313596,0.000782263759662467,0,1,1,1,0,1,True,31856,-1.0
31860,2026-03-04 17:50:00,17,-1,MARKDOWN,4,A,1.36618602,1.3676787106722728,1.3624542933193182,0.0014926906722727562,0.0007774213445451782,1,1,1,1,0,1,True,31861,1.1899020815115118
31877,2026-03-04 19:15:00,19,-1,MARKDOWN,1,C,1.36756638,1.3693582917391258,1.3630866006521853,0.001791911739125851,0.0005965834782516587,0,1,0,0,0,1,False,-1,
32030,2026-03-05 08:00:00,8,1,MARKUP,2,C,1.36438846,1.3628764553288588,1.368168471677853,0.0015120046711412094,0.0003270893422823814,0,1,1,0,0,1,True,32048,1.1154812116411348
32054,2026-03-05 10:00:00,10,1,MARKUP,2,C,1.3652164599999999,1.3640135653591177,1.3682236966022052,0.0012028946408821906,0.00047286928176460866,0,1,1,0,0,1,True,32066,-1.0
32090,2026-03-05 13:00:00,13,-1,MARKDOWN,2,C,1.36541976,1.3673245581244016,1.360657764688996,0.0019047981244015855,0.0005091162488033139,0,1,1,0,0,1,False,-1,
32102,2026-03-05 14:00:00,14,-1,MARKDOWN,1,C,1.36541976,1.3672873217212753,1.3607508556968115,0.0018675617212753348,0.0004346434425507717,0,1,0,0,0,1,False,-1,
32114,2026-03-05 15:00:00,15,-1,MARKDOWN,2,C,1.3651409,1.367288937094637,1.3597708072634078,0.0021480370946369565,0.0004378741892742955,0,1,1,0,0,1,True,32126,-1.0
32142,2026-03-05 17:20:00,17,1,MARKUP,2,C,1.3635446,1.3611575333161117,1.3695122667097208,0.002387066683888328,0.0007249333677768478,0,1,1,0,0,1,False,-1,
32154,2026-03-05 18:20:00,18,1,MARKUP,2,C,1.36534,1.3610891520972301,1.3759671197569245,0.004250847902769861,0.0008616958055397501,0,1,1,0,0,1,False,-1,
32166,2026-03-05 19:20:00,19,1,MARKUP,1,C,1.36538584,1.3611198949269276,1.3760507026826811,0.00426594507307243,0.0008002101461449319,0,1,0,0,0,1,False,-1,
32178,2026-03-05 20:20:00,20,1,MARKUP,1,C,1.36560214,1.3614416727905527,1.3760033080236183,0.004160467209447294,0.0008566544188949519,0,0,1,0,0,1,False,-1,
32332,2026-03-06 09:10:00,9,-1,MARKDOWN,2,C,1.3659444,1.36639778709478,1.36481093226305,0.00045338709478004446,0.0002955741895602754,0,1,1,0,0,1,True,32354,0.5
32344,2026-03-06 10:10:00,10,-1,MARKDOWN,3,B,1.3658432999999999,1.366732728976218,1.3636197275594548,0.0008894289762180208,0.00036545795243592697,0,1,1,1,0,1,True,32354,-1.0
32379,2026-03-06 13:05:00,13,1,MARKUP,2,C,1.36554342,1.3642704873555622,1.3687257516110947,0.0012729326444378408,0.0003990252888757397,0,1,1,0,0,1,True,32380,0.7420057214196396
32391,2026-03-06 14:05:00,14,1,MARKUP,1,C,1.36554342,1.3642509271799128,1.3687746520502182,0.0012924928200872543,0.00043814564017465973,0,1,0,0,0,1,True,32396,-1.0
32408,2026-03-06 15:30:00,15,-1,MARKDOWN,2,C,1.3657367200000001,1.3675827203316226,1.361121719170944,0.0018460003316225215,0.0006054406632453366,0,1,1,0,0,1,True,32415,1.75
32425,2026-03-06 16:55:00,16,-1,MARKDOWN,2,C,1.3655559400000001,1.3676412272444962,1.36034272188876,0.0020852872444960813,0.0008624544889922828,0,1,1,0,0,1,False,-1,
32437,2026-03-06 17:55:00,17,-1,MARKDOWN,1,C,1.3652329399999998,1.3679340212263358,1.35848023693416,0.002701081226335944,0.0009480424526717414,0,1,0,0,0,1,False,-1,
32449,2026-03-06 18:55:00,18,-1,MARKDOWN,2,C,1.3644995,1.367914626001478,1.3559616849963048,0.003415126001478086,0.0009092520029565405,0,1,1,0,0,1,False,-1,
32461,2026-03-06 19:55:00,19,-1,MARKDOWN,2,C,1.3644269199999999,1.3678274893017779,1.355925496745555,0.0034005693017780114,0.0007349786035558633,0,1,1,0,0,1,False,-1,
32473,2026-03-06 20:55:00,20,-1,MARKDOWN,1,C,1.36389212,1.367783984919556,1.35416245770111,0.003891864919556065,0.0006479698391123703,0,1,0,0,0,1,False,-1,
32606,2026-03-09 08:00:00,8,-1,MARKDOWN,2,C,1.3585199000000001,1.3608136420773806,1.3527855448065487,0.002293742077380534,0.0003472841547609471,0,1,1,0,0,1,False,-1,
32618,2026-03-09 09:00:00,9,-1,MARKDOWN,0,C,1.35828272,1.36080816652853,1.351969103678675,0.00252544652853004,0.00043633305706042383,0,0,0,0,0,1,False,-1,
32630,2026-03-09 10:00:00,10,-1,MARKDOWN,2,C,1.35738044,1.3593591540694714,1.3524336548263216,0.0019787140694713656,0.0004583081389426686,0,1,1,0,0,1,True,32649,1.4912043276694473
32666,2026-03-09 13:00:00,13,-1,MARKDOWN,2,C,1.35511238,1.3557696784952025,1.353469133761994,0.000657298495202463,0.0006193569904050016,0,1,1,0,0,1,True,32667,1.75
32678,2026-03-09 14:00:00,14,-1,MARKDOWN,1,C,1.3563828,1.3583994780493238,1.3513411048766906,0.0020166780493238168,0.0005189560986471856,0,1,0,0,0,1,True,32696,-1.0
32690,2026-03-09 15:00:00,15,-1,MARKDOWN,0,C,1.35601608,1.3583967866775974,1.3500643133060066,0.0023807066775973773,0.0005135733551946516,0,0,0,0,0,1,True,32695,-1.0
32717,2026-03-09 17:15:00,17,1,MARKUP,1,C,1.3547765,1.3522286027246933,1.361146243188267,0.0025478972753067985,0.0007027945506135111,0,1,0,0,0,1,False,-1,
32729,2026-03-09 18:15:00,18,1,MARKUP,2,C,1.35505918,1.3522402261244333,1.3621065646889168,0.002818953875566743,0.0006795477511336253,0,1,1,0,0,1,False,-1,
32741,2026-03-09 19:15:00,19,1,MARKUP,1,C,1.35505918,1.3522574597604378,1.3620634805989056,0.0028017202395622665,0.000645080479124904,0,0,1,0,0,1,False,-1,
32753,2026-03-09 20:15:00,20,1,MARKUP,2,C,1.3563817,1.3544518704213568,1.361206273946608,0.001929829578643183,0.0005362591572862313,0,1,1,0,0,1,True,32777,1.087040103720672
32914,2026-03-10 09:40:00,9,-1,MARKDOWN,2,C,1.3590804,1.3603033582311057,1.356023004422236,0.0012229582311056308,0.0003067164622115519,0,1,1,0,0,1,False,-1,
32926,2026-03-10 10:40:00,10,-1,MARKDOWN,2,C,1.35884614,1.360245333319346,1.355348156701635,0.0013991933193460149,0.00033066663869206134,0,1,1,0,0,1,False,-1,
32938,2026-03-10 11:40:00,11,-1,MARKDOWN,1,C,1.35873918,1.3602678543906601,1.3549174940233495,0.0015286743906601785,0.0003757087813201073,0,0,1,0,0,1,False,-1,
32962,2026-03-10 13:40:00,13,-1,MARKDOWN,2,C,1.35822624,1.3594527560952496,1.355159949761876,0.0012265160952495968,0.00040551219049907156,0,1,1,0,0,1,False,-1,
32974,2026-03-10 14:40:00,14,-1,MARKDOWN,3,B,1.35767444,1.3588878695342628,1.3546408661643432,0.0012134295342627333,0.00045573906852548995,0,1,1,1,0,1,True,32998,1.2228663508493522
32986,2026-03-10 15:40:00,15,-1,MARKDOWN,2,C,1.35707852,1.358940761784231,1.3524229155394223,0.0018622417842311112,0.0005615235684620568,0,1,1,0,0,1,True,32996,0.8110162087166497
33002,2026-03-10 17:00:00,17,-1,MARKDOWN,2,C,1.35690448,1.358874052335605,1.3519805491609875,0.0019695723356050188,0.000608104671210244,1,0,1,0,0,1,True,33003,0.7279642231344162
33014,2026-03-10 18:00:00,18,-1,MARKDOWN,2,C,1.35690448,1.3588588319817378,1.3520186000456555,0.0019543519817377675,0.0005776639634757318,0,1,1,0,0,1,True,33024,-0.7549919430008922
33182,2026-03-11 08:00:00,8,-1,MARKDOWN,2,C,1.3573754599999999,1.3586159753402143,1.3542741716494637,0.0012405153402144098,0.00021195068042860723,0,1,1,0,0,1,False,-1,
33194,2026-03-11 09:00:00,9,-1,MARKDOWN,1,C,1.3570788200000001,1.3581180428029433,1.354480762992642,0.0010392228029432182,0.00017608560588645725,0,0,1,0,0,1,True,33210,0.7015994653000464
33243,2026-03-11 13:05:00,13,1,MARKUP,1,C,1.3563189400000002,1.3553063556640426,1.3588504008398943,0.0010125843359576336,0.00036728867191524947,0,1,0,0,0,1,True,33263,0.89455233143384
33255,2026-03-11 14:05:00,14,1,MARKUP,2,C,1.3563189400000002,1.3553184305833232,1.3588202135416925,0.0010005094166769535,0.00034313883335374164,0,1,1,0,0,1,True,33263,0.8993140932670183
33268,2026-03-11 15:10:00,15,1,MARKUP,3,B,1.3566403,1.3558014525716593,1.3587374185708518,0.0008388474283407277,0.00041709485668132333,0,1,1,0,1,1,True,33271,0.5
33280,2026-03-11 16:10:00,16,1,MARKUP,1,C,1.35741138,1.355745692707845,1.3615755982303877,0.0016656872921549937,0.0005886145843100264,0,1,0,0,0,1,True,33293,1.178301785880357
33292,2026-03-11 17:10:00,17,1,MARKUP,0,C,1.35741138,1.3557326709451976,1.3616081526370063,0.0016787090548024963,0.0006146581096053426,0,0,0,0,0,1,True,33293,1.1730401922564697
33304,2026-03-11 18:10:00,18,1,MARKUP,2,C,1.3574343000000002,1.3557108293859932,1.3617429765350177,0.0017234706140070166,0.0006583412280140901,0,1,1,0,0,1,False,-1,
33316,2026-03-11 19:10:00,19,1,MARKUP,1,C,1.35775518,1.3557646129830874,1.3627315975422818,0.001990567016912692,0.0005507740338255918,0,1,0,0,0,1,True,33327,1.0620670444553522
33328,2026-03-11 20:10:00,20,1,MARKUP,2,C,1.35792204,1.3560646357748574,1.3625655505628567,0.0018574042251426892,0.0004907284502853706,1,0,0,0,1,1,True,33331,1.0574457654239948
33481,2026-03-12 08:55:00,8,1,MARKUP,2,C,1.3584512,1.357700500786997,1.360327948032507,0.0007506992130028589,0.00027899842600546054,0,1,1,0,0,1,True,33487,-1.0
33497,2026-03-12 10:15:00,10,-1,MARKDOWN,2,C,1.35848046,1.358798778521936,1.35768466369516,0.00031831852193597854,0.00027755704387213905,0,1,1,0,0,1,True,33499,-1.0
33509,2026-03-12 11:15:00,11,-1,MARKDOWN,3,B,1.35876386,1.3595985250027742,1.3566771974930645,0.000834665002774182,0.00031705000554861613,0,1,1,0,1,1,True,33516,-1.0
33543,2026-03-12 14:05:00,14,1,MARKUP,1,C,1.35831558,1.3575364640389045,1.3602633699027387,0.0007791159610954779,0.00026707192219102473,0,1,0,0,0,1,False,-1,
33555,2026-03-12 15:05:00,15,1,MARKUP,2,C,1.3585524199999999,1.3575115373289202,1.361154626677699,0.0010408826710797126,0.00031692534215948967,0,1,1,0,0,1,False,-1,
33567,2026-03-12 16:05:00,16,1,MARKUP,1,C,1.35873578,1.3574777108756628,1.3618809528108429,0.0012580691243371245,0.00038457824867417934,0,1,0,0,0,1,False,-1,
33579,2026-03-12 17:05:00,17,1,MARKUP,1,C,1.35945286,1.35817964194949,1.3626359051262749,0.00127321805050995,0.0004607161010201822,0,1,0,0,0,1,False,-1,
33591,2026-03-12 18:05:00,18,1,MARKUP,2,C,1.3600613799999999,1.3583817720746834,1.3642603998132912,0.0016796079253165175,0.0006164558506332914,0,1,1,0,0,1,False,-1,
33603,2026-03-12 19:05:00,19,1,MARKUP,2,C,1.36049304,1.3583610759593752,1.365822950101562,0.0021319640406247675,0.0006578480812494252,0,1,1,0,0,1,False,-1,
33615,2026-03-12 20:05:00,20,1,MARKUP,1,C,1.3609689,1.3591555282192562,1.3655023294518596,0.001813371780743811,0.0006089435614874855,0,1,0,0,0,1,False,-1,
33758,2026-03-13 08:00:00,8,1,MARKUP,1,C,1.3631132,1.3620222030809974,1.3658406922975062,0.001090996919002496,0.00019559383800512274,0,1,0,0,0,1,False,-1,
33770,2026-03-13 09:00:00,9,1,MARKUP,1,C,1.36313612,1.3620345457063128,1.3658900557342184,0.0011015742936872908,0.0001709085873744607,0,1,0,0,0,1,False,-1,
33782,2026-03-13 10:00:00,10,1,MARKUP,2,C,1.36372252,1.3625115955974114,1.3667498310064716,0.0012109244025886312,0.00023680880517701735,0,1,1,0,0,1,False,-1,
33794,2026-03-13 11:00:00,11,1,MARKUP,2,C,1.36478622,1.3633714879817636,1.3683230500455914,0.0014147320182364975,0.00037702403647290196,0,1,1,0,0,1,False,-1,
33818,2026-03-13 13:00:00,13,1,MARKUP,0,C,1.36542016,1.3641155946465582,1.3686815733836046,0.0013045653534418111,0.0004088107068837228,0,0,0,0,0,1,False,-1,
33830,2026-03-13 14:00:00,14,1,MARKUP,1,C,1.36574902,1.364167310852977,1.3697032928675572,0.001581709147022936,0.00040537829404628436,0,1,0,0,0,1,True,33847,1.75
33843,2026-03-13 15:05:00,15,1,MARKUP,2,C,1.36669904,1.3654381770563435,1.3698511973591416,0.001260862943656571,0.0004436458873130333,1,0,0,0,1,1,True,33844,1.75
33855,2026-03-13 16:05:00,16,1,MARKUP,2,C,1.3678249199999999,1.3651165050139227,1.374595957465193,0.002708414986077212,0.0007869899721545925,0,1,0,1,0,1,False,-1,
33867,2026-03-13 17:05:00,17,1,MARKUP,3,B,1.3678249199999999,1.3651442868079429,1.3745265029801423,0.0026806331920570248,0.0007314263841144093,0,1,1,1,0,1,False,-1,
33879,2026-03-13 18:05:00,18,1,MARKUP,2,C,1.36808468,1.365190921084405,1.375319077288987,0.002893758915594846,0.0006381578311899081,0,1,1,0,0,1,False,-1,
33891,2026-03-13 19:05:00,19,1,MARKUP,1,C,1.3686500400000001,1.3651867018703467,1.3773083853241337,0.0034633381296533816,0.0006465962593064364,0,1,0,0,0,1,False,-1,
33903,2026-03-13 20:05:00,20,1,MARKUP,2,C,1.36881812,1.3652281637080577,1.377793010729856,0.0035899562919423644,0.0005636725838847009,0,1,1,0,0,1,False,-1,
34055,2026-03-16 08:45:00,8,1,MARKUP,1,C,1.37102244,1.3703821326365129,1.3726232084087178,0.0006403073634870804,0.00019573472697391797,0,1,0,0,0,1,True,34079,-1.0
34067,2026-03-16 09:45:00,9,1,MARKUP,2,C,1.37117524,1.3703534854720023,1.373229626319994,0.000821754527997598,0.000253029055995252,0,1,1,0,0,1,True,34079,-1.0
34083,2026-03-16 11:05:00,11,-1,MARKDOWN,3,B,1.37157038,1.3724546472295225,1.3693597119261942,0.0008842672295223952,0.0003092944590447934,0,1,1,0,1,1,False,-1,
34106,2026-03-16 13:00:00,13,-1,MARKDOWN,1,C,1.3713411800000002,1.372444597301602,1.3685826367459957,0.0011034173016017945,0.00028919460320387617,0,1,0,0,0,1,False,-1,
34118,2026-03-16 14:00:00,14,-1,MARKDOWN,2,C,1.3709439,1.372457842981826,1.3671590425454356,0.0015139429818258332,0.00031568596365178983,0,1,1,0,0,1,False,-1,
34130,2026-03-16 15:00:00,15,-1,MARKDOWN,2,C,1.37038818,1.372088446991019,1.3661375125224522,0.001700266991019106,0.0003368939820382657,0,1,1,0,0,1,False,-1,
34142,2026-03-16 16:00:00,16,-1,MARKDOWN,2,C,1.369563,1.3711404285055988,1.3656194287360033,0.0015774285055987214,0.00048085701119771464,0,1,1,0,0,1,False,-1,
34154,2026-03-16 17:00:00,17,-1,MARKDOWN,1,C,1.36868752,1.3707415705936772,1.363552393515807,0.002054050593677248,0.0005631411873542507,0,1,0,0,0,1,True,34177,-0.010944228963666024
34166,2026-03-16 18:00:00,18,-1,MARKDOWN,2,C,1.3683567399999998,1.3705012336549673,1.3629955058625811,0.0021444936549674942,0.0005224673099349129,0,1,1,0,0,1,True,34176,-0.1414133351701314
34341,2026-03-17 08:35:00,8,1,MARKUP,3,B,1.36873482,1.3684416522021956,1.3694677394945112,0.0002931677978044167,0.00019669559560833057,1,1,1,0,0,1,True,34364,0.5
34353,2026-03-17 09:35:00,9,1,MARKUP,1,C,1.36880748,1.3678559493881592,1.3711863065296022,0.000951530611840834,0.0002681012236814403,0,1,0,0,0,1,True,34363,0.6538596065704747
34366,2026-03-17 10:40:00,10,1,MARKUP,2,C,1.36880748,1.3678340246279008,1.3712411184302482,0.0009734553720992523,0.0003119507441985167,1,0,0,0,1,1,True,34368,0.7304152137836202
34394,2026-03-17 13:00:00,13,1,MARKUP,2,C,1.36902996,1.368156462050586,1.371213704873535,0.0008734979494140482,0.00038707589882806977,0,1,0,1,1,1,False,-1,
34406,2026-03-17 14:00:00,14,1,MARKUP,2,C,1.36917142,1.3683155789539407,1.3713110226151484,0.0008558410460592913,0.00032884209211828553,0,1,1,0,0,1,False,-1,
34418,2026-03-17 15:00:00,15,1,MARKUP,1,C,1.36937388,1.368291669034034,1.3720794074149145,0.0010822109659658352,0.0003766619319315587,0,1,0,0,0,1,True,34434,-1.0
34430,2026-03-17 16:00:00,16,1,MARKUP,3,B,1.36953388,1.3684179355344814,1.3723237411637967,0.001115944465518659,0.0004441289310374369,0,1,1,0,1,1,True,34434,-1.0
34455,2026-03-17 18:05:00,18,1,MARKUP,2,C,1.3698676,1.368913956806091,1.3722517079847725,0.000953643193909004,0.0005320863878178491,0,1,1,0,0,1,True,34478,-1.0
34467,2026-03-17 19:05:00,19,1,MARKUP,1,C,1.3696735,1.3677249628617578,1.3745448428456055,0.001948537138242168,0.0006500742764845088,0,1,0,0,0,1,True,34479,-0.4072285739013181
34481,2026-03-17 20:15:00,20,1,MARKUP,1,C,1.3696735,1.3678078320622553,1.3743376698443617,0.001865667937744675,0.0004843358754892901,1,0,0,0,0,1,True,34482,-0.2859565677292442
34622,2026-03-18 08:00:00,8,1,MARKUP,1,C,1.36929244,1.3686710710460233,1.3708458623849418,0.0006213689539766865,0.00015785790795352862,0,1,0,0,0,1,False,-1,
34634,2026-03-18 09:00:00,9,1,MARKUP,2,C,1.36929244,1.3686650884054485,1.3708608189863785,0.0006273515945514063,0.0001698231891025724,0,1,1,0,0,1,False,-1,
34646,2026-03-18 10:00:00,10,1,MARKUP,1,C,1.3697758000000002,1.368944635952086,1.3718537101197856,0.000831164047914168,0.00021072809582802879,0,1,0,0,0,1,True,34667,-1.0
34658,2026-03-18 11:00:00,11,1,MARKUP,1,C,1.37022704,1.3694559832481152,1.3721546818797121,0.0007710567518848244,0.00022803350376957788,0,1,0,0,0,1,True,34660,-1.0
34683,2026-03-18 13:05:00,13,-1,MARKDOWN,2,C,1.37036938,1.3714282464513252,1.3677222138716871,0.0010588664513251356,0.00027649290265007646,0,1,1,0,0,1,False,-1,
34695,2026-03-18 14:05:00,14,-1,MARKDOWN,1,C,1.37036938,1.3714196266669534,1.3677437633326168,0.0010502466669533028,0.00025925333390631837,0,0,1,0,0,1,True,34712,-1.0
34707,2026-03-18 15:05:00,15,-1,MARKDOWN,0,C,1.37034264,1.371505907078794,1.3674344723030152,0.0011632670787939947,0.0004318141575880127,0,0,0,0,0,1,True,34712,-1.0
34719,2026-03-18 16:05:00,16,1,MARKUP,3,B,1.36991398,1.368543248607513,1.3733408084812173,0.0013707313924868902,0.0005335027849741811,0,1,1,0,1,1,True,34739,1.75
34731,2026-03-18 17:05:00,17,1,MARKUP,2,C,1.3701966600000002,1.3685155144346937,1.3743995239132665,0.0016811455653065188,0.0005889711306127288,0,1,0,0,1,1,True,34737,1.3223410491817278
34744,2026-03-18 18:10:00,18,1,MARKUP,2,C,1.3701966600000002,1.3685000330850883,1.37443822728728,0.0016966269149119029,0.0006199338298238291,1,0,1,0,0,1,True,34745,1.3148373669252773
34761,2026-03-18 19:35:00,19,-1,MARKDOWN,1,C,1.3710457,1.3726992396037279,1.3669118509906806,0.0016535396037278272,0.0005184792074556192,0,1,0,0,0,1,True,34781,-1.0
34773,2026-03-18 20:35:00,20,-1,MARKDOWN,1,C,1.3710457,1.3726632168829198,1.3670019077927007,0.0016175168829197784,0.00044643376583924774,0,0,1,0,0,1,True,34781,-1.0
34910,2026-03-19 08:00:00,8,1,MARKUP,1,C,1.37200884,1.3712847947500428,1.3738189531248926,0.0007240452499570615,0.00021041049991399013,0,1,0,0,0,1,False,-1,
34922,2026-03-19 09:00:00,9,1,MARKUP,0,C,1.3720661399999998,1.3712752397652874,1.3740433905867808,0.0007909002347123995,0.0002295204694251458,0,0,0,0,0,1,False,-1,
34938,2026-03-19 10:20:00,10,1,MARKUP,2,C,1.37218434,1.3712936453262339,1.3744110766844153,0.0008906946737661237,0.000352709347532081,0,1,1,0,0,1,False,-1,
34950,2026-03-19 11:20:00,11,1,MARKUP,2,C,1.37294456,1.3719672771491103,1.3753877671272248,0.0009772828508898268,0.00036544570177943827,0,1,0,1,0,1,True,34962,0.6351779138211892
34970,2026-03-19 13:00:00,13,1,MARKUP,0,C,1.37314702,1.3719250922956736,1.376201839260816,0.0012219277043263865,0.0004498154086529602,0,0,0,0,0,1,True,34992,0.8203256500703207
34986,2026-03-19 14:20:00,14,1,MARKUP,2,C,1.37314702,1.371933917578583,1.3761797760535426,0.0012131024214170338,0.0004321648428341962,0,1,1,0,0,1,True,34992,0.8226560093500348
34998,2026-03-19 15:20:00,15,1,MARKUP,2,C,1.37373412,1.3728449460003682,1.3759570549990792,0.0008891739996317316,0.0005101079992634307,0,1,1,0,0,1,True,35002,-1.0
35019,2026-03-19 17:05:00,17,-1,MARKDOWN,3,B,1.37323268,1.3752509862341438,1.368186914414641,0.002018306234143674,0.0007819724682874888,0,1,1,0,1,1,True,35023,0.6774412715953073
35031,2026-03-19 18:05:00,18,-1,MARKDOWN,2,C,1.37323268,1.375270868864288,1.3681372078392802,0.002038188864287971,0.0008217377285762244,0,0,1,0,1,1,True,35052,0.8128748531082789
35043,2026-03-19 19:05:00,19,-1,MARKDOWN,2,C,1.37323268,1.3752341361091773,1.3682290397270571,0.0020014561091772354,0.000748272218354862,0,1,1,0,0,1,True,35052,0.8186170501551371
35057,2026-03-19 20:15:00,20,-1,MARKDOWN,2,C,1.37323268,1.3752140270021045,1.3682793124947392,0.0019813470021043944,0.0007080540042090787,0,1,1,0,0,1,True,35063,0.8218507615494548
35199,2026-03-20 08:05:00,8,-1,MARKDOWN,1,C,1.37361386,1.3743811520216331,1.3716956299459175,0.0007672920216330592,0.00018230404326606168,0,0,1,0,0,1,True,35207,0.7637027649396037
35212,2026-03-20 09:10:00,9,1,MARKUP,0,C,1.37308154,1.372416565887448,1.37474397528138,0.0006649741125519526,0.00020686822510393226,0,0,0,0,0,1,True,35223,0.5
35229,2026-03-20 10:35:00,10,-1,MARKDOWN,2,C,1.37343824,1.3742322209477371,1.3714532876306573,0.0007939809477370829,0.0003044418954741498,0,1,0,1,0,1,False,-1,
35241,2026-03-20 11:35:00,11,-1,MARKDOWN,1,C,1.37302568,1.3742635855872136,1.369930916031966,0.0012379055872135947,0.00036717117442719926,0,1,0,0,0,1,False,-1,
35258,2026-03-20 13:00:00,13,-1,MARKDOWN,0,C,1.37294928,1.3742924174193463,1.3695914364516346,0.0013431374193462187,0.0004248348386926761,0,0,0,0,0,1,False,-1,
35270,2026-03-20 14:00:00,14,-1,MARKDOWN,1,C,1.37294928,1.3742871710891205,1.369604552277199,0.0013378910891204132,0.00041434217824108763,0,0,1,0,0,1,False,-1,
35282,2026-03-20 15:00:00,15,-1,MARKDOWN,2,C,1.3726132199999999,1.3740836984467728,1.3689370238830674,0.0014704784467729493,0.0004273968935457607,0,1,1,0,0,1,True,35306,-1.0
35295,2026-03-20 16:05:00,16,-1,MARKDOWN,2,C,1.37178692,1.373175349687353,1.368315845781617,0.0013884296873531987,0.0005306993747059727,1,0,0,0,1,1,True,35304,-1.0
35321,2026-03-20 18:15:00,18,1,MARKUP,1,C,1.3715896799999998,1.3696004623062223,1.3765627242344434,0.0019892176937774675,0.0007390753875549881,0,1,0,0,0,1,True,35339,0.31686828544301976
35333,2026-03-20 19:15:00,19,1,MARKUP,1,C,1.37181124,1.3695854878163207,1.377375620459198,0.0022257521836792638,0.0007690243673585803,1,0,0,0,0,1,True,35334,-0.06795006250430888
35345,2026-03-20 20:15:00,20,-1,MARKDOWN,2,C,1.37152858,1.3725632058058737,1.3689420154853162,0.0010346258058735458,0.0006864116117474467,0,1,0,0,1,1,True,35349,0.5
35492,2026-03-23 08:30:00,8,1,MARKUP,2,C,1.3711434200000001,1.3699450484822606,1.374139348794349,0.0011983715177394938,0.0002499030354788459,0,1,1,0,0,1,False,-1,
35504,2026-03-23 09:30:00,9,1,MARKUP,2,C,1.37140318,1.3699231253473751,1.375103316631562,0.001480054652624796,0.0002937493052500209,0,1,1,0,0,1,False,-1,
35516,2026-03-23 10:30:00,10,1,MARKUP,1,C,1.37195004,1.3705603339758088,1.375424305060478,0.0013897060241911952,0.0003193320483824368,0,1,0,0,0,1,False,-1,
35528,2026-03-23 11:30:00,11,1,MARKUP,0,C,1.37220342,1.370923888438489,1.3754022489037776,0.0012795315615110603,0.00041222312302208365,0,0,0,0,0,1,False,-1,
35546,2026-03-23 13:00:00,13,1,MARKUP,2,C,1.37294812,1.3713630533523673,1.3769107866190817,0.0015850666476326936,0.00037389329526559234,0,1,1,0,0,1,True,35559,-1.0
35558,2026-03-23 14:00:00,14,1,MARKUP,1,C,1.37359656,1.3722434026066976,1.3769794534832558,0.0013531573933023289,0.00035319478660475137,0,1,0,0,0,1,True,35559,-1.0
35582,2026-03-23 16:05:00,16,-1,MARKDOWN,1,C,1.3727687,1.376096591830722,1.364448970423195,0.0033278918307220184,0.0011931836614439081,0,1,0,0,0,1,True,35586,1.0797244072502012
35594,2026-03-23 17:05:00,17,-1,MARKDOWN,2,C,1.3727687,1.3760179344297025,1.3646456139257435,0.0032492344297025966,0.0010358688594052745,0,1,1,0,0,1,False,-1,
35606,2026-03-23 18:05:00,18,-1,MARKDOWN,2,C,1.37225682,1.3759920758821305,1.362918680294674,0.003735255882130417,0.0009841517642610255,0,1,1,0,0,1,True,35615,-0.19628641869154007
35773,2026-03-24 08:00:00,8,1,MARKUP,2,C,1.37438646,1.3733264370392106,1.3770365174019732,0.0010600229607893308,0.00018712592157865219,0,1,1,0,0,1,True,35797,-1.0
35785,2026-03-24 09:00:00,9,1,MARKUP,0,C,1.3747731,1.3738685531692316,1.3770344670769212,0.0009045468307684601,0.00024289366153681967,0,0,0,0,0,1,True,35797,-1.0
35837,2026-03-24 13:20:00,13,-1,MARKDOWN,2,C,1.3747933399999999,1.37636653615282,1.3708603496179497,0.0015731961528200333,0.00037307230563981045,0,1,1,0,0,1,True,35857,0.6223592219329541
35849,2026-03-24 14:20:00,14,-1,MARKDOWN,1,C,1.3747933399999999,1.37639059510487,1.3708002022378243,0.0015972551048701877,0.0004211902097400963,0,1,0,0,0,1,True,35857,0.6205161633980945
35864,2026-03-24 15:35:00,15,1,MARKUP,3,B,1.3739396,1.3726683962255135,1.3771176094362159,0.001271203774486418,0.0004032075489728497,0,1,1,1,0,1,True,35867,0.908432050734493
35876,2026-03-24 16:35:00,16,1,MARKUP,3,B,1.37414206,1.37255600024301,1.3781072093924753,0.0015860597569901103,0.0006279995139802463,0,1,1,0,1,1,True,35881,1.049403905398481
35890,2026-03-24 17:45:00,17,1,MARKUP,3,B,1.37414206,1.372544300371575,1.378136459071063,0.0015977596284251216,0.0006513992568501945,0,1,1,1,1,1,True,35891,1.0453808002049976
35902,2026-03-24 18:45:00,18,1,MARKUP,3,B,1.37414206,1.3725418925057884,1.3781424787355292,0.0016001674942116573,0.000656214988423413,0,1,1,1,1,1,False,-1,
35914,2026-03-24 19:45:00,19,1,MARKUP,1,C,1.374709,1.3727111553050604,1.379703611737349,0.0019978446949395767,0.0005576893898790294,0,1,0,0,0,1,False,-1,
35926,2026-03-24 20:45:00,20,1,MARKUP,2,C,1.37509482,1.3727611189338882,1.3809290726652792,0.0023337010661117485,0.00045776213222347773,0,1,1,0,0,1,False,-1,
36061,2026-03-25 08:00:00,8,1,MARKUP,2,C,1.3760017400000002,1.3749272480806187,1.3786879697984538,0.0010744919193814706,0.00018550383876268794,0,1,1,0,0,1,False,-1,
36073,2026-03-25 09:00:00,9,1,MARKUP,2,C,1.37642118,1.3753776954291657,1.3790298914270855,0.0010434845708342522,0.0001846091416687902,0,1,1,0,0,1,False,-1,
36085,2026-03-25 10:00:00,10,1,MARKUP,0,C,1.37720862,1.3765611487621412,1.378827298094647,0.0006474712378587988,0.0002177024757177997,0,0,0,0,0,1,True,36086,1.2348681433887436
36097,2026-03-25 11:00:00,11,1,MARKUP,2,C,1.37753558,1.3767634106576419,1.3794660033558954,0.0007721693423581311,0.0002531786847162281,0,1,1,0,0,1,False,-1,
36121,2026-03-25 13:00:00,13,1,MARKUP,1,C,1.37807152,1.3770342958246409,1.3806645804383977,0.0010372241753591194,0.0002714083507183673,0,1,0,0,0,1,False,-1,
36133,2026-03-25 14:00:00,14,1,MARKUP,0,C,1.37818994,1.3770323931121662,1.3810838072195843,0.0011575468878337603,0.0002752137756677545,0,0,0,0,0,1,True,36157,1.2174379459900186
36145,2026-03-25 15:00:00,15,1,MARKUP,0,C,1.3782739800000001,1.37702220499837,1.3814034175040755,0.0012517750016300955,0.00029559000326003225,0,0,0,0,0,1,True,36157,1.129864041515261
36177,2026-03-25 17:40:00,17,1,MARKUP,2,C,1.37932458,1.3786217736541901,1.3810815958645248,0.000702806345809881,0.0004964526916196625,0,1,1,0,0,1,True,36181,0.8744247091157297
36189,2026-03-25 18:40:00,18,1,MARKUP,2,C,1.37859554,1.377018749757298,1.382537515606755,0.0015767902427019642,0.000502500485403767,0,1,1,0,0,1,False,-1,
36201,2026-03-25 19:40:00,19,1,MARKUP,2,C,1.37868722,1.3770255297693894,1.3828414455765263,0.0016616902306105796,0.0004889404612213621,0,1,1,0,0,1,False,-1,
36213,2026-03-25 20:40:00,20,1,MARKUP,1,C,1.3787025,1.3770625139070336,1.3828024652324158,0.001639986092966339,0.0004149721859327672,0,0,1,0,0,1,False,-1,
36359,2026-03-26 08:50:00,8,1,MARKUP,2,C,1.3823248,1.381701100274334,1.3838840493141646,0.0006236997256658938,0.00017779945133196445,0,1,1,0,0,1,True,36362,0.5
36376,2026-03-26 10:15:00,10,1,MARKUP,2,C,1.38273886,1.3823384779445353,1.3837398151386613,0.0004003820554645543,0.00024304411092928227,0,1,1,0,0,1,True,36377,-1.0
36388,2026-03-26 11:15:00,11,1,MARKUP,1,C,1.38234558,1.3815580882125695,1.384314309468576,0.0007874917874304277,0.00028382357486081433,0,1,0,0,0,1,False,-1,
36409,2026-03-26 13:00:00,13,1,MARKUP,0,C,1.3825583799999999,1.381605271515619,1.3849411512109517,0.0009531084843807935,0.000309456968761592,0,0,0,0,0,1,True,36410,1.75
36422,2026-03-26 14:05:00,14,1,MARKUP,2,C,1.3825583799999999,1.3816037590942607,1.384944932264348,0.0009546209057391675,0.00031248181147842014,0,1,1,0,0,1,False,-1,
36434,2026-03-26 15:05:00,15,1,MARKUP,0,C,1.38330904,1.38209427949327,1.3863459412668253,0.0012147605067300837,0.00035144101346012865,0,0,0,0,0,1,True,36447,1.1846594675675557
36472,2026-03-26 18:15:00,18,1,MARKUP,3,B,1.38345118,1.3822361340742002,1.3864887948144995,0.0012150459257997959,0.0005277318515998914,0,1,1,0,1,1,False,-1,
36484,2026-03-26 19:15:00,19,1,MARKUP,3,B,1.38352812,1.3819010712438815,1.3875957418902964,0.001627048756118521,0.00045785751223730324,0,1,1,0,1,1,False,-1,
36496,2026-03-26 20:15:00,20,1,MARKUP,2,C,1.38352812,1.3819165053293572,1.3875571566766072,0.001611614670642858,0.0004269893412856744,0,1,1,0,0,1,False,-1,
36666,2026-03-27 10:25:00,10,-1,MARKDOWN,2,C,1.38532912,1.3857560714774784,1.3842617413063039,0.0004269514774783989,0.00021214295495683815,0,1,0,1,0,1,True,36677,0.8600241812872199
36678,2026-03-27 11:25:00,11,-1,MARKDOWN,3,B,1.38526036,1.3857895636664492,1.3839373508338768,0.0005292036664492628,0.00027912733289835813,0,1,1,0,1,1,True,36684,0.5
36697,2026-03-27 13:00:00,13,-1,MARKDOWN,3,B,1.3852403599999998,1.3857780760074554,1.383896069981361,0.0005377160074555576,0.00029615201491111276,0,1,1,1,1,1,True,36701,-1.0
36710,2026-03-27 14:05:00,14,-1,MARKDOWN,3,B,1.38514766,1.3856143254385083,1.383980996403729,0.0004666654385083735,0.0002686508770164086,0,1,1,1,1,1,True,36712,-1.0
36722,2026-03-27 15:05:00,15,1,MARKUP,2,C,1.38555736,1.3844473215153745,1.3883324562115635,0.0011100384846254308,0.00032535696925064633,0,1,1,0,0,1,True,36745,0.993527882728379
36734,2026-03-27 16:05:00,16,1,MARKUP,2,C,1.38555736,1.3844294178374974,1.3883772154062564,0.0011279421625025599,0.00036116432500513747,0,1,1,0,0,1,True,36745,0.9856941794326832
36746,2026-03-27 17:05:00,17,1,MARKUP,1,C,1.3856229800000002,1.3844611371413,1.3885275871467506,0.001161842858700135,0.0004977257174000867,1,0,0,0,0,1,True,36749,0.9432827892408011
36758,2026-03-27 18:05:00,18,1,MARKUP,1,C,1.38562916,1.384467976050653,1.3885321198733669,0.0011611839493468334,0.0005040478986936509,0,1,0,0,0,1,False,-1,
36770,2026-03-27 19:05:00,19,1,MARKUP,2,C,1.3861334,1.3844474687072252,1.3903482282319373,0.0016859312927748338,0.000545062585549563,0,1,0,1,0,1,False,-1,
36782,2026-03-27 20:05:00,20,1,MARKUP,2,C,1.3863673399999998,1.3848286061850064,1.3902141745374834,0.001538733814993476,0.000502787629987079,0,1,1,0,0,1,False,-1,
36938,2026-03-30 09:05:00,9,1,MARKUP,3,B,1.3890316600000001,1.3884917186973227,1.3903815132566937,0.0005399413026774269,0.00021656260535456485,0,1,1,1,0,1,True,36946,1.75
36950,2026-03-30 10:05:00,10,1,MARKUP,2,C,1.38913862,1.3884708134776056,1.3908081363059859,0.0006678065223943985,0.0002583730447891103,0,1,1,0,0,1,False,-1,
36962,2026-03-30 11:05:00,11,1,MARKUP,2,C,1.38963904,1.3884445168226847,1.3926253479432886,0.0011945231773153875,0.0003109663546305708,0,1,1,0,0,1,False,-1,
36985,2026-03-30 13:00:00,13,1,MARKUP,0,C,1.3898797,1.3884739832507942,1.3933939918730147,0.0014057167492058653,0.00025203349841182617,0,0,0,0,0,1,False,-1,
36997,2026-03-30 14:00:00,14,1,MARKUP,2,C,1.39010218,1.3888345070398629,1.3932713624003426,0.0012676729601370784,0.0002509859202743665,0,1,1,0,0,1,False,-1,
37009,2026-03-30 15:00:00,15,1,MARKUP,2,C,1.3905850999999998,1.3892622142250723,1.3938923144373185,0.0013228857749274514,0.00031557154985511327,0,1,1,0,0,1,False,-1,
37021,2026-03-30 16:00:00,16,1,MARKUP,2,C,1.3914887200000001,1.3905601022660534,1.3938102643348669,0.0009286177339467017,0.00035979546789325105,0,1,1,0,0,1,False,-1,
37033,2026-03-30 17:00:00,17,1,MARKUP,2,C,1.3917714,1.3905314912819684,1.3948711717950792,0.0012399087180317014,0.00041701743606315157,0,1,1,0,0,1,True,37045,0.787027164349248
37046,2026-03-30 18:05:00,18,1,MARKUP,3,B,1.39219542,1.3904540542173351,1.3965488344566621,0.0017413657826648166,0.0005718915653297412,1,0,1,0,1,1,True,37056,0.4046134402169343
37217,2026-03-31 08:20:00,8,1,MARKUP,2,C,1.39300178,1.392603842507138,1.393996623732155,0.0003979374928619883,0.0001923149857240454,1,0,0,1,1,1,True,37218,-1.0
37229,2026-03-31 09:20:00,9,1,MARKUP,2,C,1.39247602,1.3915548170385132,1.3947790274037166,0.0009212029614866779,0.00023036592297341987,0,1,1,0,0,1,False,-1,
37241,2026-03-31 10:20:00,10,1,MARKUP,1,C,1.3928546800000001,1.3920640987752806,1.3948311330617988,0.0007905812247195332,0.00025180244943878965,0,1,0,0,0,1,False,-1,
37253,2026-03-31 11:20:00,11,1,MARKUP,2,C,1.3931921,1.3924830247719453,1.394964788070137,0.0007090752280547452,0.00023395045610960535,0,1,1,0,0,1,False,-1,
37273,2026-03-31 13:00:00,13,1,MARKUP,2,C,1.39331816,1.3925069151616174,1.3953462720959564,0.0008112448383825743,0.00018616967676548987,0,1,1,0,0,1,True,37294,0.7108898031083944
37285,2026-03-31 14:00:00,14,1,MARKUP,2,C,1.39369042,1.393117629351116,1.39512239662221,0.0005727906488839363,0.00014474129776768065,0,1,1,0,0,1,True,37290,-1.0
37328,2026-03-31 17:35:00,17,1,MARKUP,3,B,1.3942713400000002,1.3938834711544654,1.395241012113837,0.00038786884553476675,0.0004930576910692713,0,1,1,0,1,1,True,37329,2.5
37340,2026-03-31 18:35:00,18,1,MARKUP,1,C,1.39406732,1.3921194126710816,1.3989370883222958,0.0019479073289183635,0.0006411746578371684,0,1,0,0,0,1,True,37352,-1.0
37510,2026-04-01 08:45:00,8,-1,MARKDOWN,2,C,1.38994832,1.3901504012485661,1.3894431168785846,0.00020208124856613274,0.0002208024971322536,0,1,1,0,0,1,True,37511,-1.0
37522,2026-04-01 09:45:00,9,-1,MARKDOWN,3,B,1.39049948,1.3913756174187497,1.3883091364531253,0.0008761374187498117,0.00033123483749934317,0,1,1,1,0,1,True,37534,1.1253510852093194
37537,2026-04-01 11:00:00,11,-1,MARKDOWN,3,B,1.39045364,1.3914567351987406,1.3879459020031488,0.0010030951987405334,0.0004934703974808387,1,0,1,1,0,1,True,37538,1.0233536021973855
37561,2026-04-01 13:00:00,13,-1,MARKDOWN,1,C,1.3901720800000001,1.3913375133564192,1.3872584966089525,0.0011654333564190544,0.00037502671283820213,0,1,0,0,0,1,False,-1,
37573,2026-04-01 14:00:00,14,-1,MARKDOWN,0,C,1.3901720800000001,1.3913186977282732,1.3873055356793174,0.0011466177282730694,0.00033739545654636754,0,0,0,0,0,1,False,-1,
37585,2026-04-01 15:00:00,15,-1,MARKDOWN,2,C,1.39011646,1.3912368764992915,1.3873154187517711,0.00112041649929151,0.00035375299858329617,0,1,1,0,0,1,True,37609,1.2419886046780426
37599,2026-04-01 16:10:00,16,-1,MARKDOWN,3,B,1.3896268999999999,1.3906921346817216,1.3869638132956956,0.001065234681721705,0.0005642693634432113,0,1,1,0,1,1,True,37607,1.0506357284757915
37616,2026-04-01 17:35:00,17,-1,MARKDOWN,3,B,1.38911286,1.39028284491565,1.3861878977108752,0.001169984915649902,0.0006056898312997673,1,1,1,0,0,1,True,37617,0.7816585671829088
37628,2026-04-01 18:35:00,18,-1,MARKDOWN,3,B,1.38911286,1.3902406096154627,1.3862934859613434,0.001127749615462692,0.0005212192309254961,0,1,1,0,1,1,False,-1,
37640,2026-04-01 19:35:00,19,-1,MARKDOWN,2,C,1.38938512,1.390686912606763,1.3861306384830927,0.001301792606762886,0.000433825213525748,0,1,1,0,0,1,True,37662,0.8254579202211627
37652,2026-04-01 20:35:00,20,-1,MARKDOWN,1,C,1.38923232,1.3906689601786038,1.385640719553491,0.0014366401786036764,0.00039792035720752686,0,1,0,0,0,1,True,37660,1.0574622411707195
37789,2026-04-02 08:00:00,8,1,MARKUP,1,C,1.3886710199999999,1.386795964702511,1.393358658243722,0.0018750552974888812,0.00022807059497794186,0,1,0,0,0,1,False,-1,
37801,2026-04-02 09:00:00,9,1,MARKUP,0,C,1.38880472,1.3867748431587783,1.3938794121030542,0.0020298768412216894,0.0002703136824429779,0,0,0,0,0,1,False,-1,
37813,2026-04-02 10:00:00,10,1,MARKUP,1,C,1.39016432,1.3889659684134013,1.393160198966497,0.001198351586598756,0.0002880631731975707,0,0,1,0,0,1,False,-1,
37825,2026-04-02 11:00:00,11,1,MARKUP,2,C,1.3906958,1.389793884869049,1.3929505878273778,0.0009019151309510587,0.0003522302619020421,0,1,1,0,0,1,False,-1,
37849,2026-04-02 13:00:00,13,1,MARKUP,2,C,1.3912182800000001,1.3904989866777209,1.3930165133056982,0.0007192933222792686,0.0002620266445582595,0,1,1,0,0,1,True,37873,0.815607420327028
37861,2026-04-02 14:00:00,14,1,MARKUP,2,C,1.39155826,1.3905248476848588,1.394141790787853,0.0010334123151412022,0.0002103046302825562,0,1,1,0,0,1,True,37873,0.6974385913576737
37877,2026-04-02 15:20:00,15,1,MARKUP,2,C,1.39166522,1.3904611113714975,1.394675491571256,0.0012041086285023983,0.00033777725700509764,1,0,1,0,0,1,True,37891,0.12854321971983423
37901,2026-04-02 17:20:00,17,1,MARKUP,2,C,1.39208546,1.3911065303056074,1.3945327842359818,0.0009789296943927273,0.0004069393887852987,0,1,1,0,0,1,True,37904,-1.0
37928,2026-04-02 19:35:00,19,1,MARKUP,2,C,1.39144254,1.3904679692836983,1.3938789667907538,0.0009745707163015815,0.00044406143260331004,0,1,1,0,0,1,True,37931,0.6643540475515357
38077,2026-04-03 08:00:00,8,1,MARKUP,1,C,1.39197908,1.3915883257383648,1.3929559656540882,0.00039075426163526217,6.334852327064325e-05,0,1,0,0,0,1,False,-1,
38137,2026-04-03 13:00:00,13,-1,MARKDOWN,1,C,1.39233384,1.3927290903568175,1.3913457141079566,0.0003952503568174226,0.00011818071363466133,0,1,0,0,0,1,True,38140,-1.0
38149,2026-04-03 14:00:00,14,1,MARKUP,3,B,1.3923037,1.3920996409451496,1.3928138476371261,0.00020405905485043618,0.00014071810970120766,0,1,1,1,0,1,True,38150,0.9173089871686348
38161,2026-04-03 15:00:00,15,1,MARKUP,3,B,1.39214526,1.3917182157285863,1.3932128706785338,0.00042704427141360135,0.000143568542827306,0,1,1,0,1,1,False,-1,
38173,2026-04-03 16:00:00,16,1,MARKUP,2,C,1.3927373600000001,1.3916381443535315,1.3954853991161718,0.0010992156464686431,0.0003037112929371121,0,1,0,0,1,1,False,-1,
38185,2026-04-03 17:00:00,17,1,MARKUP,1,C,1.39274118,1.3916524969597006,1.3954628876007487,0.0010886830402994097,0.00027500608059888797,0,1,0,0,0,1,False,-1,
38197,2026-04-03 18:00:00,18,1,MARKUP,1,C,1.39311308,1.3918718524709144,1.396216148822714,0.00124122752908562,0.0002362950581715731,0,1,0,0,0,1,False,-1,
38209,2026-04-03 19:00:00,19,1,MARKUP,2,C,1.39327994,1.3921479599954205,1.3961098900114486,0.0011319800045794803,0.0002240800091589466,0,1,1,0,0,1,False,-1,
38221,2026-04-03 20:00:00,20,1,MARKUP,1,C,1.39352096,1.3925457853214778,1.3959588966963057,0.0009751746785222615,0.00020842935704428484,0,0,1,0,0,1,False,-1,
38365,2026-04-06 08:00:00,8,-1,MARKDOWN,1,C,1.3943001400000001,1.394832020397771,1.3929704390055728,0.0005318803977709674,0.0001240407955419336,0,1,0,0,0,1,False,-1,
38378,2026-04-06 09:05:00,9,-1,MARKDOWN,1,C,1.3943001400000001,1.394839354273147,1.392952104317133,0.0005392142731468486,0.000138708546293696,0,0,1,0,0,1,False,-1,
38392,2026-04-06 10:15:00,10,-1,MARKDOWN,3,B,1.3939453,1.3943764210575043,1.3928674973562392,0.0004311210575043134,0.0002128421150081084,0,1,1,0,1,1,False,-1,
38404,2026-04-06 11:15:00,11,-1,MARKDOWN,1,C,1.39324534,1.3944061905685994,1.3903432135785017,0.0011608505685993808,0.0003123811371986186,0,1,0,0,0,1,False,-1,
38425,2026-04-06 13:00:00,13,-1,MARKDOWN,2,C,1.39324152,1.3943863685403834,1.3903793986490411,0.0011448485403835473,0.0002727370807670506,0,1,1,0,0,1,False,-1,
38438,2026-04-06 14:05:00,14,-1,MARKDOWN,1,C,1.39324152,1.394374693462681,1.390408586343297,0.0011331734626811585,0.00024938692536193426,0,0,1,0,0,1,False,-1,
38450,2026-04-06 15:05:00,15,-1,MARKDOWN,1,C,1.39322916,1.3943747883224948,1.3903650891937627,0.0011456283224948738,0.00028957664498950684,0,1,0,0,0,1,False,-1,
38462,2026-04-06 16:05:00,16,-1,MARKDOWN,2,C,1.39216364,1.3930822573368913,1.3898670966577715,0.0009186173368913586,0.0003245146737828324,0,1,1,0,0,1,False,-1,
38474,2026-04-06 17:05:00,17,-1,MARKDOWN,1,C,1.39188478,1.3931268345954013,1.388779643511497,0.0012420545954012763,0.00041366919080288795,1,0,0,0,0,1,True,38485,0.8129049314011616
38713,2026-04-07 13:00:00,13,-1,MARKDOWN,2,C,1.3919862200000002,1.3928341247142246,1.3898664582144389,0.0008479047142244678,0.00032824942844929006,1,0,1,0,0,1,True,38714,-1.0
38725,2026-04-07 14:00:00,14,1,MARKUP,2,C,1.3916554600000002,1.3907129337604947,1.394011775598764,0.0009425262395055256,0.0003341324790109412,0,1,0,1,0,1,True,38732,-1.0
38737,2026-04-07 15:00:00,15,-1,MARKDOWN,2,C,1.3919862200000002,1.392822678776559,1.3898950730586033,0.0008364587765588016,0.0003053575531176648,0,1,1,0,0,1,True,38751,1.75
38749,2026-04-07 16:00:00,16,-1,MARKDOWN,1,C,1.39204668,1.393088198373902,1.3894428840652449,0.001041518373902095,0.00035639674780398815,1,0,0,0,0,1,True,38754,1.75
38763,2026-04-07 17:10:00,17,-1,MARKDOWN,2,C,1.39204668,1.3930929925244242,1.3894308986889394,0.00104631252442422,0.00036598504884818595,0,0,1,0,1,1,False,-1,
38783,2026-04-07 18:50:00,18,-1,MARKDOWN,2,C,1.3912321,1.3927775429951963,1.3873684925120096,0.0015454429951962112,0.00045508599039276935,0,0,1,1,0,1,False,-1,
38795,2026-04-07 19:50:00,19,-1,MARKDOWN,2,C,1.3912321,1.3927302881582104,1.3874866296044743,0.0014981881582103451,0.00036057631642080843,0,1,0,1,0,1,False,-1,
38807,2026-04-07 20:50:00,20,-1,MARKDOWN,1,C,1.3912321,1.3927137171826944,1.3875280570432642,0.0014816171826943503,0.0003274343653889535,0,1,0,0,0,1,False,-1,
38941,2026-04-08 08:00:00,8,-1,MARKDOWN,1,C,1.384476,1.3853626794315144,1.3822593014212141,0.0008866794315143256,0.00024535886302872985,0,1,0,0,0,1,True,38953,0.5
39001,2026-04-08 13:00:00,13,1,MARKUP,2,C,1.38433056,1.382179009901583,1.3897094352460426,0.0021515500984170544,0.00042198019683434583,0,1,1,0,0,1,False,-1,
39013,2026-04-08 14:00:00,14,1,MARKUP,1,C,1.3852143000000001,1.3836368878679786,1.389157830330054,0.0015774121320215606,0.00036622426404303555,0,1,0,0,0,1,True,39033,-1.0
39025,2026-04-08 15:00:00,15,1,MARKUP,1,C,1.3854615,1.384025170688246,1.3890523232793845,0.001436329311753859,0.00038965862350776,0,0,1,0,0,1,True,39032,-1.0
39044,2026-04-08 16:35:00,16,1,MARKUP,2,C,1.38628344,1.3852433699635454,1.3888836150911363,0.0010400700364545656,0.0006132600729092839,0,1,1,0,0,1,True,39045,-1.0
39056,2026-04-08 17:35:00,17,-1,MARKDOWN,0,C,1.38596492,1.3877890706800762,1.3814045432998094,0.001824150680076242,0.0006381413601523979,0,0,0,0,0,1,True,39074,0.8757296720939935
39068,2026-04-08 18:35:00,18,-1,MARKDOWN,2,C,1.38591548,1.3876779460539488,1.381509314865128,0.001762466053948808,0.000575892107897918,0,1,1,0,0,1,True,39074,0.8748540491857286
39080,2026-04-08 19:35:00,19,-1,MARKDOWN,2,C,1.38591548,1.387627207447733,1.3816361613806676,0.001711727447732958,0.00047441489546609997,0,1,1,0,0,1,False,-1,
39096,2026-04-08 20:55:00,20,-1,MARKDOWN,2,C,1.3858001800000002,1.3871569125667684,1.3824083485830796,0.0013567325667682706,0.00041382513353659513,0,1,1,0,0,1,True,39106,0.9247759300596126
39229,2026-04-09 08:00:00,8,-1,MARKDOWN,2,C,1.38540992,1.38603895080096,1.3838373429976,0.0006290308009599954,0.00015790160191983072,0,1,1,0,0,1,True,39239,-1.0
39247,2026-04-09 09:30:00,9,1,MARKUP,3,B,1.3854837,1.385252572087971,1.3860615197800725,0.00023112791202906102,0.0001948558240581889,1,1,1,0,0,1,True,39248,-1.0
39259,2026-04-09 10:30:00,10,1,MARKUP,2,C,1.38510828,1.3843906484932034,1.3869023587669917,0.0007176315067967121,0.00025870301359312824,0,1,1,0,0,1,True,39275,-1.0
39271,2026-04-09 11:30:00,11,1,MARKUP,0,C,1.38510828,1.3844009313367776,1.3868766516580564,0.000707348663222529,0.00023813732644466405,0,0,0,0,0,1,True,39275,-1.0
39308,2026-04-09 14:35:00,14,-1,MARKDOWN,2,C,1.38522724,1.3861780122748906,1.382850309312774,0.0009507722748904879,0.00023602454978107856,0,1,1,0,0,1,False,-1,
39320,2026-04-09 15:35:00,15,-1,MARKDOWN,2,C,1.38484466,1.3859059633004966,1.3821914017487582,0.0010613033004966965,0.0003119266009930792,0,1,1,0,0,1,False,-1,
39332,2026-04-09 16:35:00,16,-1,MARKDOWN,2,C,1.3843533399999999,1.3859271504038828,1.3804188139902926,0.001573810403882936,0.00037430080776576404,0,1,1,0,0,1,False,-1,
39344,2026-04-09 17:35:00,17,-1,MARKDOWN,1,C,1.38393696,1.3859933305347232,1.3787960336631921,0.002056370534723184,0.0005066610694463875,0,1,0,0,0,1,False,-1,
39356,2026-04-09 18:35:00,18,-1,MARKDOWN,2,C,1.38387988,1.3859661546505753,1.3786641933735622,0.002086274650575204,0.000612309301150115,0,1,1,0,0,1,False,-1,
39368,2026-04-09 19:35:00,19,-1,MARKDOWN,2,C,1.382932,1.3847198609818514,1.3784623475453717,0.0017878609818513524,0.0005197219637029185,0,1,0,0,1,1,False,-1,
39380,2026-04-09 20:35:00,20,-1,MARKDOWN,0,C,1.38251176,1.3839553858273952,1.3789026954315124,0.0014436258273951008,0.00035077165479021065,0,0,0,0,0,1,False,-1,
39519,2026-04-10 08:10:00,8,1,MARKUP,3,B,1.38248808,1.3822554895150498,1.3830695562123752,0.00023259048495005707,0.00012902096990009867,0,1,1,1,0,1,True,39529,1.75
39531,2026-04-10 09:10:00,9,1,MARKUP,2,C,1.38223346,1.3817614118181771,1.3834135804545569,0.00047204818182278174,0.00015717636364582951,0,1,1,0,0,1,False,-1,
39543,2026-04-10 10:10:00,10,1,MARKUP,3,B,1.38257896,1.3819982220162013,1.384030804959497,0.0005807379837987625,0.00018355596759751954,0,1,1,0,1,1,False,-1,
39555,2026-04-10 11:10:00,11,1,MARKUP,1,C,1.38297624,1.3819658169591575,1.3855022976021063,0.001010423040842534,0.0002483660816847931,0,1,0,0,0,1,False,-1,
39577,2026-04-10 13:00:00,13,1,MARKUP,2,C,1.3831431,1.3822118830290144,1.3854711424274642,0.0009312169709856377,0.00029623394197123953,0,0,1,0,1,1,True,39597,-1.0
39608,2026-04-10 15:35:00,15,-1,MARKDOWN,2,C,1.38318378,1.384621402620174,1.3795897234495649,0.001437622620173995,0.00042280524034800257,0,1,1,0,0,1,False,-1,
39620,2026-04-10 16:35:00,16,-1,MARKDOWN,1,C,1.3828153600000002,1.3844011218389305,1.3788509554026742,0.001585761838930333,0.00048224367786085017,0,1,0,0,0,1,True,39636,-1.0
39632,2026-04-10 17:35:00,17,-1,MARKDOWN,1,C,1.38244908,1.3842576035931515,1.3779277710171212,0.0018085235931515342,0.0005152071863032521,0,1,0,0,0,1,True,39636,-1.0
39657,2026-04-10 19:40:00,19,1,MARKUP,2,C,1.3813916,1.37972453886867,1.3855592528283247,0.0016670611313298611,0.0004309222626598547,0,1,1,0,0,1,False,-1,
39669,2026-04-10 20:40:00,20,1,MARKUP,1,C,1.3814489,1.3797706806318073,1.3856444484204822,0.0016782193681927904,0.0003386387363853712,0,0,1,0,0,1,False,-1,
39835,2026-04-13 10:30:00,10,-1,MARKDOWN,2,C,1.3856678,1.3866156187791543,1.3832982530521143,0.0009478187791542858,0.00029123755830825045,0,1,1,0,0,1,False,-1,
39847,2026-04-13 11:30:00,11,-1,MARKDOWN,1,C,1.38555488,1.3865116020620611,1.383163074844847,0.0009567220620612105,0.0002632041241223694,0,1,0,0,0,1,False,-1,
39865,2026-04-13 13:00:00,13,-1,MARKDOWN,2,C,1.38549376,1.3864983816776215,1.3829822058059458,0.0010046216776216088,0.00023676335524319483,0,1,1,0,0,1,False,-1,
39877,2026-04-13 14:00:00,14,-1,MARKDOWN,1,C,1.38517432,1.3861430713308343,1.3827524416729142,0.0009687513308342943,0.0002261426616685845,0,1,0,0,0,1,True,39896,1.75
39900,2026-04-13 15:55:00,15,-1,MARKDOWN,3,B,1.38428576,1.384963301562187,1.3825919060945329,0.0006775415621869119,0.00034660312437382994,1,1,1,0,0,1,False,-1,
39912,2026-04-13 16:55:00,16,-1,MARKDOWN,1,C,1.38418096,1.3854378986925489,1.3810386132686276,0.0012569386925489479,0.0004357973850977172,0,1,0,0,0,1,False,-1,
39924,2026-04-13 17:55:00,17,-1,MARKDOWN,1,C,1.38341314,1.3854764227715044,1.378254933071239,0.00206328277150436,0.0005128455430091164,0,1,0,0,0,1,False,-1,
39936,2026-04-13 18:55:00,18,-1,MARKDOWN,2,C,1.38341314,1.385452936047371,1.3783136498815725,0.002039796047371034,0.0004658720947423269,0,1,1,0,0,1,False,-1,
39948,2026-04-13 19:55:00,19,-1,MARKDOWN,2,C,1.3831151799999999,1.3854392212732412,1.3773050768168966,0.002324041273241262,0.00043844254648234455,0,1,1,0,0,1,False,-1,
39960,2026-04-13 20:55:00,20,-1,MARKDOWN,1,C,1.38227742,1.3844457740069638,1.3768565349825908,0.002168354006963691,0.0003715480139275877,0,1,0,0,0,1,False,-1,
40093,2026-04-14 08:00:00,8,-1,MARKDOWN,1,C,1.37868676,1.3790461536178868,1.3777882759552824,0.00035939361788694946,9.23072357738524e-05,0,1,0,0,0,1,True,40096,0.5
40105,2026-04-14 09:00:00,9,-1,MARKDOWN,3,B,1.37868676,1.379069874782692,1.3777289730432698,0.00038311478269204,0.0001397495653840423,0,1,1,0,1,1,True,40108,1.75
40117,2026-04-14 10:00:00,10,-1,MARKDOWN,2,C,1.37807432,1.379043094350314,1.3756523841242152,0.0009687743503139501,0.00022618870062828125,0,1,1,0,0,1,False,-1,
40129,2026-04-14 11:00:00,11,-1,MARKDOWN,1,C,1.37794938,1.3790089662504037,1.3753004143739909,0.001059586250403699,0.0002779325008073986,0,1,0,0,0,1,False,-1,
40153,2026-04-14 13:00:00,13,-1,MARKDOWN,2,C,1.37777748,1.3790023960409412,1.374715189897647,0.0012249160409412152,0.0002647920818821534,0,1,1,0,0,1,False,-1,
40165,2026-04-14 14:00:00,14,-1,MARKDOWN,2,C,1.3774124399999998,1.3789095129316842,1.373669757670789,0.001497072931684329,0.0002590258633685755,0,1,1,0,0,1,False,-1,
40177,2026-04-14 15:00:00,15,-1,MARKDOWN,0,C,1.37641748,1.377694406617116,1.3732251634572101,0.001276926617115981,0.00036881323423168223,0,0,0,0,0,1,False,-1,
40189,2026-04-14 16:00:00,16,-1,MARKDOWN,2,C,1.37571728,1.3774507800690603,1.371383529827349,0.0017335000690603675,0.00044156013812079363,0,1,1,0,0,1,False,-1,
40201,2026-04-14 17:00:00,17,-1,MARKDOWN,2,C,1.37531008,1.376912161585808,1.37130487603548,0.0016020815858079906,0.0004843231716157287,0,1,1,0,0,1,True,40213,-1.0
40413,2026-04-15 10:40:00,10,-1,MARKDOWN,2,C,1.37738802,1.3782403062696196,1.3752573043259508,0.0008522862696196398,0.0002606125392392349,0,1,1,0,0,1,True,40430,-1.0
40425,2026-04-15 11:40:00,11,-1,MARKDOWN,2,C,1.37713206,1.3779179638706198,1.3751673003234508,0.0007859038706197197,0.00029592774123975716,0,1,1,0,0,1,True,40429,-1.0
40441,2026-04-15 13:00:00,13,1,MARKUP,1,C,1.3767035600000002,1.3759438736805507,1.378602775798624,0.0007596863194494485,0.0003122526388987467,0,1,0,0,0,1,True,40442,0.8941175668426466
40453,2026-04-15 14:00:00,14,1,MARKUP,2,C,1.3768563600000001,1.375918959330496,1.3791998616737606,0.000937400669504207,0.0003620813390083703,0,1,0,0,1,1,True,40471,-1.0
40465,2026-04-15 15:00:00,15,1,MARKUP,1,C,1.37714668,1.3759009426216118,1.380261023445971,0.0012457373783882897,0.0003981147567767895,0,1,0,0,0,1,True,40469,-1.0
40477,2026-04-15 16:00:00,16,1,MARKUP,1,C,1.37714668,1.3759009256133163,1.3802610659667094,0.0012457543866837284,0.00039814877336740784,1,0,0,0,0,1,True,40481,-1.0
40489,2026-04-15 17:00:00,17,-1,MARKDOWN,2,C,1.37774748,1.3790222891339337,1.374560457165166,0.0012748091339336298,0.0003645782678671109,0,1,1,0,0,1,False,-1,
40501,2026-04-15 18:00:00,18,-1,MARKDOWN,2,C,1.37697202,1.3790946463699503,1.3716654540751243,0.002122626369950309,0.0005092927399003608,0,1,1,0,0,1,False,-1,
40513,2026-04-15 19:00:00,19,-1,MARKDOWN,2,C,1.37675046,1.3790738874222455,1.3709418914443865,0.00232342742224545,0.00046777484449080146,0,1,1,0,0,1,False,-1,
40525,2026-04-15 20:00:00,20,-1,MARKDOWN,1,C,1.37647236,1.3785851552577015,1.371190371855746,0.002112795257701583,0.000390310515402892,0,1,0,0,0,1,False,-1,
40669,2026-04-16 08:00:00,8,-1,MARKDOWN,0,C,1.37263016,1.3735151578936236,1.3704176652659408,0.000884997893623618,0.00015031578724728617,0,0,0,0,0,1,True,40681,0.776246803505912
40692,2026-04-16 09:55:00,9,-1,MARKDOWN,3,B,1.3723087999999999,1.3730537347738512,1.3704464630653717,0.0007449347738512913,0.0002674695477027229,0,1,1,1,0,1,True,40696,-1.0
40729,2026-04-16 13:00:00,13,1,MARKUP,2,C,1.37222074,1.3712643736518535,1.374611655870366,0.0009563663481464424,0.0003312526962926872,0,1,1,0,0,1,False,-1,
40741,2026-04-16 14:00:00,14,1,MARKUP,0,C,1.37234298,1.3712942255591127,1.3749648661022182,0.0010487544408872562,0.000271548881774382,0,0,0,0,0,1,True,40751,0.7150036087619673
40755,2026-04-16 15:10:00,15,1,MARKUP,2,C,1.37263344,1.3717546237873306,1.3748304805316733,0.0008788162126693866,0.00029075242533917054,0,0,1,1,0,1,True,40760,-1.0
40767,2026-04-16 16:10:00,16,-1,MARKDOWN,3,B,1.37311712,1.3739842985382427,1.3709491736543935,0.0008671785382425856,0.0003285970764851082,0,1,1,0,1,1,False,-1,
40779,2026-04-16 17:10:00,17,-1,MARKDOWN,2,C,1.3726472600000001,1.374027256336891,1.3691972691577732,0.0013799963368907875,0.00041451267378183286,0,1,1,0,0,1,False,-1,
40791,2026-04-16 18:10:00,18,-1,MARKDOWN,2,C,1.3726472600000001,1.3740109595560386,1.369238011109904,0.0013636995560384335,0.00038191911207697356,0,1,1,0,0,1,False,-1,
40803,2026-04-16 19:10:00,19,-1,MARKDOWN,2,C,1.37227176,1.373725862611767,1.3686365034705827,0.0014541026117669276,0.0003717252235337972,0,1,1,0,0,1,False,-1,
40815,2026-04-16 20:10:00,20,-1,MARKDOWN,1,C,1.37223356,1.373711748358106,1.3685380891047347,0.0014781883581060917,0.00034349671621222336,0,1,0,0,0,1,False,-1,
40957,2026-04-17 08:00:00,8,-1,MARKDOWN,2,C,1.36966094,1.370440139089062,1.367712942277345,0.0007791990890619882,0.000160278178123855,0,1,1,0,0,1,False,-1,
40969,2026-04-17 09:00:00,9,-1,MARKDOWN,2,C,1.3695005,1.3704415737068074,1.3671478157329815,0.0009410737068074049,0.00016314741361470955,0,1,1,0,0,1,False,-1,
40981,2026-04-17 10:00:00,10,-1,MARKDOWN,0,C,1.3693414,1.3703272126102355,1.366876868474411,0.000985812610235559,0.00021442522047093518,0,0,0,0,0,1,False,-1,
40993,2026-04-17 11:00:00,11,-1,MARKDOWN,2,C,1.36916836,1.3700701359076786,1.3669139202308034,0.0009017759076785925,0.00026027181535731646,0,1,1,0,0,1,False,-1,
41017,2026-04-17 13:00:00,13,-1,MARKDOWN,0,C,1.36816948,1.369000244459057,1.3660925688523573,0.000830764459057054,0.00024048891811430384,0,0,0,0,0,1,True,41023,0.8690024426425085
41035,2026-04-17 14:30:00,14,-1,MARKDOWN,2,C,1.36816948,1.3689987905902314,1.366096203524421,0.0008293105902315023,0.00023758118046309537,0,1,1,0,0,1,False,-1,
41047,2026-04-17 15:30:00,15,-1,MARKDOWN,2,C,1.36802442,1.368831603089827,1.3660064622754322,0.0008071830898270793,0.00032320617965397327,0,1,1,0,0,1,False,-1,
41059,2026-04-17 16:30:00,16,-1,MARKDOWN,1,C,1.3670721000000001,1.3686701889882362,1.36307687752941,0.0015980889882361016,0.0005603779764723975,0,1,0,0,0,1,True,41062,0.7596132544523706
41071,2026-04-17 17:30:00,17,-1,MARKDOWN,2,C,1.3670721000000001,1.3686861543229567,1.3630369641926086,0.0016140543229565818,0.0005923086459133368,0,1,0,0,1,1,True,41074,-1.0
41083,2026-04-17 18:30:00,18,-1,MARKDOWN,2,C,1.3670721000000001,1.3686796951501061,1.3630531121247351,0.0016075951501060004,0.0005793903002121143,0,0,1,0,1,1,True,41090,-1.0
41254,2026-04-20 08:45:00,8,1,MARKUP,2,C,1.3697456,1.3693607912208117,1.3707076219479704,0.0003848087791882282,0.0001584175583768175,0,1,0,1,0,1,True,41257,0.5
41266,2026-04-20 09:45:00,9,1,MARKUP,1,C,1.3696610999999999,1.3691502185103037,1.3709383037242402,0.0005108814896961356,0.00021956297939259594,0,1,0,0,0,1,True,41268,-1.0
41290,2026-04-20 11:45:00,11,-1,MARKDOWN,1,C,1.3697064399999999,1.3704497393502995,1.3678481916242509,0.0007432993502995977,0.00027947870059890506,0,1,0,0,0,1,False,-1,
41305,2026-04-20 13:00:00,13,-1,MARKDOWN,2,C,1.3697064399999999,1.370432008096136,1.3678925197596592,0.0007255680961362199,0.00024401619227229588,0,1,1,0,0,1,False,-1,
41317,2026-04-20 14:00:00,14,-1,MARKDOWN,2,C,1.36960138,1.3702613082546908,1.3679515593632727,0.0006599282546908558,0.00024261650938158004,0,1,1,0,0,1,True,41331,1.75
41329,2026-04-20 15:00:00,15,-1,MARKDOWN,0,C,1.3691590200000001,1.3698181000511873,1.3675113198720321,0.0006590800511871997,0.00025620010237467096,0,0,0,0,0,1,True,41330,-1.0
41345,2026-04-20 16:20:00,16,-1,MARKDOWN,2,C,1.36914048,1.3698424333738815,1.3673855965652963,0.0007019533738814587,0.00036486674776277866,0,1,1,0,0,1,False,-1,
41357,2026-04-20 17:20:00,17,-1,MARKDOWN,2,C,1.3688485000000001,1.370302882086586,1.3652125447835357,0.0014543820865857704,0.00042576417317175436,0,1,1,0,0,1,False,-1,
41369,2026-04-20 18:20:00,18,-1,MARKDOWN,2,C,1.3682182,1.3703373684243358,1.3629202789391606,0.0021191684243357933,0.0004947368486717338,0,1,1,0,0,1,False,-1,
41381,2026-04-20 19:20:00,19,-1,MARKDOWN,1,C,1.3677598,1.3703332456363924,1.3613261859090189,0.0025734456363923908,0.000486491272784817,0,1,0,0,0,1,False,-1,
41393,2026-04-20 20:20:00,20,-1,MARKDOWN,1,C,1.3677598,1.3702640568723325,1.3614991578191686,0.0025042568723325775,0.00034811374466513966,0,1,0,0,0,1,False,-1,
41564,2026-04-21 10:35:00,10,1,MARKUP,3,B,1.36467088,1.3642481311305554,1.3657277521736115,0.0004227488694446002,0.00020373773888882174,0,1,1,0,1,1,False,-1,
41576,2026-04-21 11:35:00,11,1,MARKUP,1,C,1.36512546,1.364197207689033,1.3674460907774177,0.0009282523109670482,0.0003055846219338487,0,1,0,0,0,1,False,-1,
41593,2026-04-21 13:00:00,13,1,MARKUP,2,C,1.36512546,1.364217666209958,1.3673949444751048,0.0009077937900419109,0.00026466758008388745,0,1,1,0,0,1,False,-1,
41605,2026-04-21 14:00:00,14,1,MARKUP,1,C,1.3651501799999999,1.3642752161139065,1.3673375897152336,0.0008749638860934272,0.00022956777218700853,0,1,0,0,0,1,True,41628,-1.0
41638,2026-04-21 16:45:00,16,-1,MARKDOWN,1,C,1.36539196,1.3663861305437,1.36290653364075,0.0009941705436999904,0.00029226108740019785,0,1,0,0,0,1,False,-1,
41650,2026-04-21 17:45:00,17,-1,MARKDOWN,2,C,1.364984,1.3663230448301749,1.3616363879245628,0.0013390448301748847,0.00038608966034956913,1,0,0,1,0,1,True,41652,-1.0
41662,2026-04-21 18:45:00,18,-1,MARKDOWN,2,C,1.36495928,1.3663110527310267,1.3615798481724335,0.0013517727310266014,0.00044210546205357756,0,0,1,0,1,1,True,41670,-1.0
41679,2026-04-21 20:10:00,20,1,MARKUP,3,B,1.36487574,1.362917863151612,1.3697704321209703,0.001957876848388107,0.00042427369677623217,0,1,1,0,1,1,False,-1,
41822,2026-04-22 08:05:00,8,-1,MARKDOWN,2,C,1.36561776,1.3658081768270802,1.365141717932299,0.0001904168270803197,0.00013635365416074177,0,1,1,0,0,1,True,41833,2.5
41839,2026-04-22 09:30:00,9,-1,MARKDOWN,1,C,1.36559116,1.3663384391012974,1.3637229622467562,0.00074727910129746,0.0002568782025949316,0,0,1,0,0,1,True,41842,0.9249900132841822
41856,2026-04-22 10:55:00,10,-1,MARKDOWN,3,B,1.3655479000000001,1.3662541397694328,1.3637823005764185,0.0007062397694326261,0.00022827953886538576,0,1,1,1,1,1,False,-1,
41868,2026-04-22 11:55:00,11,-1,MARKDOWN,1,C,1.3654276799999998,1.366221790131338,1.3634424046716542,0.0007941101313382326,0.0002435802626762587,0,1,0,0,0,1,True,41878,-1.0
41884,2026-04-22 13:15:00,13,-1,MARKDOWN,3,B,1.3654215,1.3662032182282735,1.3634672044293166,0.0007817182282734425,0.0002264364565468851,1,0,1,0,1,1,True,41885,-1.0
41904,2026-04-22 14:55:00,14,1,MARKUP,2,C,1.3651880399999998,1.3642336405038136,1.3675740387404653,0.0009543994961862534,0.00021271899237260158,0,1,1,0,0,1,True,41928,0.9301437124127836
41916,2026-04-22 15:55:00,15,1,MARKUP,1,C,1.3654477999999999,1.3641740073945146,1.368632281513713,0.0012737926054853244,0.0003319852109707732,0,1,0,0,0,1,True,41926,0.720325460523057
41940,2026-04-22 17:55:00,17,1,MARKUP,3,B,1.3659422,1.364917368471477,1.3685042788213078,0.0010248315285230625,0.000445263057046081,0,1,1,1,0,1,True,41952,1.0105453527627783
41956,2026-04-22 19:15:00,19,1,MARKUP,4,A,1.36613378,1.3652755592628576,1.3682793318428559,0.0008582207371423678,0.0003488814742847455,1,1,1,0,1,1,True,41957,0.9980454977999322
41976,2026-04-22 20:55:00,20,1,MARKUP,3,B,1.36618986,1.3655876177678725,1.3676954655803186,0.000602242232127459,0.00026476446425507597,1,1,1,0,0,1,True,41992,1.1631766305086364
42113,2026-04-23 08:20:00,8,1,MARKUP,2,C,1.3669175,1.3663694706064777,1.3682875734838058,0.0005480293935222758,0.0001410587870444141,0,1,1,0,0,1,True,42119,-1.0
42139,2026-04-23 10:30:00,10,1,MARKUP,3,B,1.36708436,1.366598497126999,1.3682990171825022,0.00048586287300089737,0.00022300574600138024,0,1,1,0,1,1,True,42142,-1.0
42151,2026-04-23 11:30:00,11,-1,MARKDOWN,2,C,1.36706352,1.3678111423532042,1.3651944641169897,0.000747622353204136,0.00024228470640813262,0,1,0,1,1,1,True,42165,-1.0
42174,2026-04-23 13:25:00,13,1,MARKUP,2,C,1.36664592,1.3659286075838757,1.368439201040311,0.0007173124161243827,0.0002427848322486228,0,1,1,0,0,1,True,42191,1.75
42186,2026-04-23 14:25:00,14,1,MARKUP,0,C,1.36680636,1.365928842009612,1.3690001549759698,0.0008775179903879327,0.00024231598077597476,0,0,0,0,0,1,True,42191,1.2172585035987422
42198,2026-04-23 15:25:00,15,1,MARKUP,2,C,1.3668101799999999,1.3658820204525361,1.3691305788686592,0.000928159547463725,0.0003359590949275666,0,1,1,0,0,1,True,42221,1.0942149463698925
42210,2026-04-23 16:25:00,16,1,MARKUP,1,C,1.36712286,1.3659001486073237,1.3701796384816909,0.0012227113926763788,0.00035970278535243976,0,1,0,0,0,1,True,42221,0.8232048691831965
42224,2026-04-23 17:35:00,17,1,MARKUP,1,C,1.3673144400000001,1.3661762104624002,1.370160013844,0.0011382295375998996,0.00042757907519974176,0,0,1,0,0,1,False,-1,
42236,2026-04-23 18:35:00,18,1,MARKUP,2,C,1.3673144400000001,1.366176024731952,1.3701604781701202,0.001138415268048032,0.00042795053609570377,0,1,1,0,0,1,False,-1,
42248,2026-04-23 19:35:00,19,1,MARKUP,2,C,1.36760094,1.3661814415780573,1.3711496860548567,0.0014194984219426665,0.000417116843885175,0,1,0,0,1,1,False,-1,
42260,2026-04-23 20:35:00,20,1,MARKUP,1,C,1.36843226,1.3664969566788503,1.3732705183028746,0.0019353033211497728,0.00048608664229969807,0,1,0,0,0,1,False,-1,
42397,2026-04-24 08:00:00,8,1,MARKUP,2,C,1.37034378,1.3695828836226394,1.3722460209434018,0.0007608963773606536,0.00015423275472128202,0,1,1,0,0,1,False,-1,
42411,2026-04-24 09:10:00,9,1,MARKUP,2,C,1.37035614,1.369598908360729,1.3722492190981774,0.0007572316392709943,0.0001621832785420894,0,1,1,0,0,1,True,42430,-1.0
42440,2026-04-24 11:35:00,11,-1,MARKDOWN,2,C,1.37043264,1.3715070960352034,1.3677464999119915,0.0010744560352033972,0.0002541920704066778,0,1,1,0,0,1,False,-1,
42457,2026-04-24 13:00:00,13,-1,MARKDOWN,1,C,1.37035242,1.3715056996336652,1.3674692209158366,0.001153279633665294,0.00025139926733043754,0,1,0,0,0,1,False,-1,
42469,2026-04-24 14:00:00,14,-1,MARKDOWN,2,C,1.37005828,1.3715056750507602,1.3664397923730998,0.0014473950507600808,0.0002513501015204341,0,1,1,0,0,1,False,-1,
42481,2026-04-24 15:00:00,15,-1,MARKDOWN,2,C,1.3699164799999999,1.3713687815728082,1.366285726067979,0.00145230157280829,0.00033756314561660805,0,1,1,0,0,1,True,42505,0.7999200059633919
42494,2026-04-24 16:05:00,16,-1,MARKDOWN,0,C,1.36902038,1.3699452816258975,1.3667081259352565,0.000924901625897423,0.0003905632517950445,0,0,0,0,0,1,True,42498,1.4573125845412598
42511,2026-04-24 17:30:00,17,-1,MARKDOWN,2,C,1.3686804799999999,1.3694317771357485,1.3668022371606283,0.0007512971357486187,0.0004635542714968259,0,1,1,0,0,1,True,42513,1.4523129157430779
42523,2026-04-24 18:30:00,18,-1,MARKDOWN,2,C,1.36862486,1.3693029854007444,1.366929546498139,0.0006781254007444115,0.00038597080148856667,0,1,1,0,0,1,False,-1,
42535,2026-04-24 19:30:00,19,-1,MARKDOWN,2,C,1.36901938,1.3701035603587897,1.3663089291030255,0.0010841803587897658,0.0003271207175796651,0,1,1,0,0,1,False,-1,
42547,2026-04-24 20:30:00,20,-1,MARKDOWN,1,C,1.36874434,1.3700781462013707,1.3654098244965729,0.0013338062013708019,0.00027629240274171013,0,1,0,0,0,1,False,-1,
42685,2026-04-27 08:00:00,8,-1,MARKDOWN,1,C,1.36717296,1.3678984959066838,1.3653591202332906,0.000725535906683783,0.0001369918133671281,0,0,1,0,0,1,False,-1,
42698,2026-04-27 09:05:00,9,-1,MARKDOWN,2,C,1.3665734999999999,1.3669412769269378,1.3656540576826552,0.00036777692693790165,0.0001625538538755683,0,1,1,0,0,1,False,-1,
42710,2026-04-27 10:05:00,10,-1,MARKDOWN,2,C,1.36616768,1.3669604337550658,1.3641857956123355,0.0007927537550658226,0.0002408675101316656,0,1,1,0,0,1,False,-1,
42722,2026-04-27 11:05:00,11,-1,MARKDOWN,2,C,1.36519908,1.3669249798871983,1.3608843302820044,0.00172589988719829,0.00034995977439625166,0,1,1,0,0,1,False,-1,
42745,2026-04-27 13:00:00,13,-1,MARKDOWN,2,C,1.3644236200000002,1.3669134908962774,1.3581989427593069,0.0024898708962772798,0.0003269817925546453,0,1,1,0,0,1,False,-1,
42757,2026-04-27 14:00:00,14,-1,MARKDOWN,2,C,1.36429384,1.3666771514737779,1.3583355613155552,0.002383311473777905,0.0002743029475556766,0,1,1,0,0,1,False,-1,
42769,2026-04-27 15:00:00,15,-1,MARKDOWN,2,C,1.36356112,1.365563422949712,1.3585553626257199,0.0020023029497120426,0.0003068458994241229,0,1,1,0,0,1,False,-1,
42781,2026-04-27 16:00:00,16,-1,MARKDOWN,1,C,1.36199098,1.3635643616324271,1.3580575259189325,0.00157338163242704,0.0003887232648544139,0,1,0,0,0,1,True,42804,-1.0
42793,2026-04-27 17:00:00,17,-1,MARKDOWN,1,C,1.3610207200000002,1.3620006665224875,1.3585708536937817,0.0009799465224873405,0.0004013330449746216,0,0,1,0,0,1,True,42803,-1.0
42974,2026-04-28 08:05:00,8,1,MARKUP,2,C,1.3623519599999998,1.3612087981972696,1.3652098645068254,0.0011431618027302193,0.00016240360546046912,0,1,1,0,0,1,False,-1,
42987,2026-04-28 09:10:00,9,1,MARKUP,1,C,1.3633407599999998,1.3627816523159089,1.3647385292102272,0.0005591076840909537,0.00021669536818205473,0,0,0,0,1,1,True,43000,1.0132488784215103
43002,2026-04-28 10:25:00,10,1,MARKUP,2,C,1.36374412,1.3629112924774782,1.3658261888063046,0.000832827522521784,0.0003974150450434854,0,1,1,0,0,1,True,43003,1.3608144908650925
43014,2026-04-28 11:25:00,11,1,MARKUP,3,B,1.36374412,1.3629111228225785,1.3658266129435537,0.0008329971774214684,0.0003977543548431437,0,1,1,1,0,1,False,-1,
43033,2026-04-28 13:00:00,13,1,MARKUP,1,C,1.36409432,1.3628774212172603,1.3671365669568492,0.0012168987827396727,0.0003251575654796662,0,1,0,0,0,1,False,-1,
43045,2026-04-28 14:00:00,14,1,MARKUP,1,C,1.3644343,1.36287325897714,1.3683369025571506,0.0015610410228601435,0.000333482045720162,0,1,0,0,0,1,False,-1,
43057,2026-04-28 15:00:00,15,1,MARKUP,2,C,1.36483158,1.3628461093286384,1.3697952566784037,0.0019854706713615666,0.00038778134272325095,0,1,1,0,0,1,False,-1,
43069,2026-04-28 16:00:00,16,1,MARKUP,0,C,1.3653844,1.363556570611254,1.3699539734718646,0.0018278293887459274,0.0004468587774918942,0,0,0,0,0,1,False,-1,
43081,2026-04-28 17:00:00,17,1,MARKUP,1,C,1.3658540799999999,1.364312592444729,1.369707798888177,0.0015414875552708374,0.00045481511054177876,0,0,1,0,0,1,False,-1,
43093,2026-04-28 18:00:00,18,1,MARKUP,3,B,1.36670418,1.3649255350253544,1.3711507924366138,0.0017786449746455268,0.0005089299492911424,0,1,1,0,1,1,False,-1,
43105,2026-04-28 19:00:00,19,1,MARKUP,3,B,1.36721712,1.3658018387978117,1.370755323005471,0.0014152812021883676,0.00041632240437631916,1,0,1,0,1,1,True,43106,0.9128778833913442
43117,2026-04-28 20:00:00,20,1,MARKUP,1,C,1.36745196,1.3662174580113757,1.3705382149715604,0.0012345019886241815,0.00034508397724847446,0,0,0,1,1,1,True,43124,0.8782240218855656
43261,2026-04-29 08:00:00,8,1,MARKUP,2,C,1.3681666,1.3675955007848482,1.3695943480378792,0.0005710992151517491,0.00014899843030358512,0,1,1,0,0,1,False,-1,
43273,2026-04-29 09:00:00,9,1,MARKUP,2,C,1.3683575,1.3677992871433664,1.3697530321415836,0.0005582128566334887,0.00016142571326694874,0,1,1,0,0,1,True,43286,-1.0
43321,2026-04-29 13:00:00,13,1,MARKUP,1,C,1.36829176,1.3675287364225228,1.3701993189436927,0.000763023577477151,0.00024252715495461506,0,1,0,0,0,1,True,43333,-1.0
43342,2026-04-29 14:45:00,14,-1,MARKDOWN,2,C,1.36847194,1.3691124883129637,1.3668705692175909,0.0006405483129636735,0.0002649766259273432,0,1,1,0,0,1,True,43360,-1.0
43354,2026-04-29 15:45:00,15,-1,MARKDOWN,2,C,1.3685621799999999,1.3694833049509627,1.3662593676225927,0.0009211249509628594,0.00030660990192533347,0,1,1,0,0,1,True,43360,-1.0
43367,2026-04-29 16:50:00,16,1,MARKUP,2,C,1.36866508,1.3669067573843916,1.373060886539021,0.0017583226156083764,0.0005064852312165059,0,1,1,0,0,1,True,43373,-1.0
43388,2026-04-29 18:35:00,18,-1,MARKDOWN,3,B,1.36832184,1.3693087477683084,1.3658545705792289,0.0009869077683084537,0.0005374955366166253,0,1,1,1,0,1,True,43391,0.8771739447390352
43400,2026-04-29 19:35:00,19,-1,MARKDOWN,1,C,1.3694383,1.3713422452842339,1.3646784367894158,0.0019039452842337656,0.00048449056846771796,0,1,0,0,0,1,False,-1,
43412,2026-04-29 20:35:00,20,-1,MARKDOWN,1,C,1.3694383,1.3712999692979562,1.36478412675511,0.001861669297956059,0.00039993859591221917,0,0,1,0,0,1,False,-1,
43549,2026-04-30 08:00:00,8,1,MARKUP,1,C,1.36756276,1.3666257425107362,1.3699053037231594,0.0009370174892637806,0.00020851497852765325,0,1,0,0,0,1,True,43573,-1.0
43561,2026-04-30 09:00:00,9,1,MARKUP,2,C,1.3679953599999999,1.3673168120548114,1.3696917298629712,0.0006785479451885124,0.00022637589037698616,0,1,1,0,0,1,True,43567,-1.0
43577,2026-04-30 10:20:00,10,-1,MARKDOWN,2,C,1.36807342,1.3690641853785694,1.3655965065535765,0.0009907653785694581,0.0003083707571385444,0,1,1,0,0,1,False,-1,
43589,2026-04-30 11:20:00,11,-1,MARKDOWN,1,C,1.36796264,1.3690722951538041,1.3651885021154897,0.0011096551538041233,0.00032459030760830426,0,1,0,0,0,1,False,-1,
43609,2026-04-30 13:00:00,13,-1,MARKDOWN,1,C,1.3678738799999999,1.3690412354840282,1.3649554912899289,0.001167355484028354,0.00030247096805674256,0,1,0,0,0,1,False,-1,
43621,2026-04-30 14:00:00,14,-1,MARKDOWN,2,C,1.3672134599999999,1.3689369022045508,1.3629048544886226,0.0017234422045508957,0.0004138044091015167,0,1,1,0,0,1,True,43636,1.2648499908030875
43633,2026-04-30 15:00:00,15,-1,MARKDOWN,2,C,1.36649512,1.3678036567771328,1.3632237780571679,0.0013085367771328293,0.0004473135542654629,1,0,0,0,1,1,True,43634,1.2328833022192487
43646,2026-04-30 16:05:00,16,-1,MARKDOWN,4,A,1.3664147800000002,1.3677029521187276,1.3631943497031815,0.0012881721187274486,0.0005059042374550268,1,1,1,0,1,1,True,43647,1.2132857022307226
43658,2026-04-30 17:05:00,17,-1,MARKDOWN,2,C,1.36648726,1.3679223503547866,1.3628995341130334,0.0014350903547866167,0.0005247007095733239,0,1,1,0,0,1,False,-1,
43670,2026-04-30 18:05:00,18,-1,MARKDOWN,1,C,1.3650471199999998,1.3680417681952481,1.357560499511879,0.002994648195248306,0.0007635363904965323,0,1,0,0,0,1,False,-1,
43682,2026-04-30 19:05:00,19,-1,MARKDOWN,2,C,1.36487904,1.367950120663297,1.3572013383417576,0.0030710806632969767,0.0005802413265939236,0,1,1,0,0,1,False,-1,
43694,2026-04-30 20:05:00,20,-1,MARKDOWN,0,C,1.36487904,1.367865644708161,1.3574125282295975,0.0029866047081610336,0.00041128941632231886,0,0,0,0,0,1,False,-1,
43859,2026-05-01 09:50:00,9,-1,MARKDOWN,3,B,1.35818352,1.3589382956264617,1.3562965809338459,0.0007547756264616456,0.0002565912529234539,0,1,1,1,0,1,True,43861,0.8202874980474658
43871,2026-05-01 10:50:00,10,-1,MARKDOWN,2,C,1.35813004,1.3589608009812568,1.356053137546858,0.000830760981256784,0.0003016019625133636,0,1,0,1,1,1,True,43872,0.7588051218550513
43883,2026-05-01 11:50:00,11,-1,MARKDOWN,2,C,1.35813004,1.3589716090784643,1.3560261173038395,0.0008415690784642216,0.00032321815692821023,0,1,0,0,1,1,False,-1,
43897,2026-05-01 13:00:00,13,-1,MARKDOWN,0,C,1.35813004,1.3589501858424318,1.3560796753939206,0.0008201458424317298,0.00028037168486336975,0,0,0,0,0,1,False,-1,
43909,2026-05-01 14:00:00,14,-1,MARKDOWN,2,C,1.35801892,1.3588769508858316,1.3558738427854207,0.0008580308858316954,0.00023390177166322592,0,1,1,0,0,1,False,-1,
43921,2026-05-01 15:00:00,15,-1,MARKDOWN,2,C,1.35744454,1.358349260338453,1.355182739153867,0.0009047203384531244,0.00025852067690622415,0,1,1,0,0,1,False,-1,
43933,2026-05-01 16:00:00,16,-1,MARKDOWN,1,C,1.35700142,1.3583949857834778,1.3535175055413053,0.0013935657834778237,0.0003499715669558908,0,0,1,0,0,1,True,43942,-1.0
43945,2026-05-01 17:00:00,17,-1,MARKDOWN,1,C,1.35690872,1.3582976370267774,1.3534364274330568,0.0013889170267773476,0.0004552740535545232,0,0,1,0,0,1,True,43947,-1.0
43976,2026-05-01 19:35:00,19,1,MARKUP,1,C,1.35637846,1.354839710263964,1.3602253343400899,0.0015387497360359603,0.0003805794720718721,0,1,0,0,0,1,False,-1,
43988,2026-05-01 20:35:00,20,1,MARKUP,1,C,1.3567578999999999,1.3552910869077142,1.360424932730714,0.0014668130922856903,0.0002978261845718222,0,1,0,0,0,1,False,-1,
44143,2026-05-04 09:30:00,9,1,MARKUP,2,C,1.35912594,1.3587743939387422,1.3600048051531444,0.000351546061257757,0.00019121212251580147,0,1,1,0,0,1,False,-1,
44155,2026-05-04 10:30:00,10,1,MARKUP,2,C,1.35922366,1.3582955824178726,1.3615438539553186,0.000928077582127429,0.00022883516425502114,0,1,1,0,0,1,False,-1,
44167,2026-05-04 11:30:00,11,1,MARKUP,1,C,1.35931152,1.3582968618804308,1.3618481652989236,0.001014658119569356,0.00022627623913864834,0,1,0,0,0,1,False,-1,
44185,2026-05-04 13:00:00,13,1,MARKUP,2,C,1.35961838,1.358703493157329,1.3619055971066771,0.0009148868426709367,0.00023301368534178076,0,1,1,0,0,1,False,-1,
44197,2026-05-04 14:00:00,14,1,MARKUP,2,C,1.3601269,1.3588335346892744,1.3633603132768142,0.0012933653107256582,0.00033293062145112244,1,0,1,0,0,1,False,-1,
44209,2026-05-04 15:00:00,15,1,MARKUP,1,C,1.3605162400000002,1.3594744292199825,1.3631207669500442,0.001041810780017638,0.00031114156003517266,0,1,0,0,0,1,False,-1,
44221,2026-05-04 16:00:00,16,1,MARKUP,2,C,1.3606313,1.3596510371493635,1.3630819571265915,0.0009802628506365707,0.0003179257012726839,0,1,1,0,0,1,True,44238,0.6735991170044096
44233,2026-05-04 17:00:00,17,1,MARKUP,0,C,1.3606313,1.3596368564683843,1.3631174088290396,0.0009944435316158184,0.0003462870632314866,0,0,0,0,0,1,True,44238,0.6711236082216044
44254,2026-05-04 18:45:00,18,1,MARKUP,3,B,1.3608476,1.3599372151768685,1.363123562057829,0.0009103848231315492,0.00044556964626290624,0,1,1,1,0,1,True,44255,0.605967381776269
44266,2026-05-04 19:45:00,19,1,MARKUP,4,A,1.3612431200000001,1.3605945851612886,1.362864457096779,0.0006485348387115231,0.000410829677422804,1,1,1,1,1,1,True,44270,-1.0
44413,2026-05-05 08:00:00,8,1,MARKUP,3,B,1.3623154800000001,1.3618024092471201,1.3635981568822002,0.0005130707528799849,0.0001551815057598396,0,1,1,0,1,1,True,44425,-1.0
44445,2026-05-05 10:40:00,10,-1,MARKDOWN,2,C,1.36235532,1.3631445430467015,1.3603822623832462,0.0007892230467014816,0.00024908609340298384,0,1,1,0,0,1,False,-1,
44457,2026-05-05 11:40:00,11,-1,MARKDOWN,1,C,1.3623247600000001,1.363145776967091,1.3602722175822732,0.0008210169670908041,0.00025155393418159776,0,1,0,0,0,1,False,-1,
44473,2026-05-05 13:00:00,13,-1,MARKDOWN,2,C,1.36220622,1.363028894892345,1.3601495327691375,0.0008226748923449989,0.0002777897846901427,0,1,1,0,0,1,False,-1,
44488,2026-05-05 14:15:00,14,-1,MARKDOWN,2,C,1.3616759999999999,1.3625761546056985,1.3594256134857534,0.0009001546056985887,0.0002723092113969825,1,0,1,0,0,1,True,44489,-1.0
44512,2026-05-05 16:15:00,16,-1,MARKDOWN,3,B,1.36143498,1.3622224345279434,1.3594663436801415,0.0007874545279433764,0.0003448690558871504,0,1,1,1,0,1,True,44516,-1.0
44525,2026-05-05 17:20:00,17,-1,MARKDOWN,3,B,1.36143498,1.3622427227265963,1.3594156231835095,0.0008077427265962278,0.00038544545319270086,0,1,1,1,1,1,True,44531,-1.0
44540,2026-05-05 18:35:00,18,-1,MARKDOWN,2,C,1.36196218,1.362936818277976,1.3595255843050598,0.0009746382779760587,0.0004136365559518685,0,1,1,0,0,1,True,44550,1.3124166798854646
44559,2026-05-05 20:10:00,20,1,MARKUP,3,B,1.36193896,1.3612880176008535,1.3635663159978664,0.0006509423991465368,0.00032396479829322443,0,1,1,0,1,1,True,44564,-1.0
44701,2026-05-06 08:00:00,8,-1,MARKDOWN,1,C,1.3598588200000001,1.360942907901781,1.357148600245548,0.001084087901780828,0.0002658158035617499,0,1,0,0,0,1,True,44714,0.9623351068797488
44717,2026-05-06 09:20:00,9,-1,MARKDOWN,2,C,1.3595869,1.3605115700234378,1.3572752249414055,0.000924670023437768,0.00028314004687545336,1,0,1,0,0,1,True,44718,0.8950078262285288
44740,2026-05-06 11:15:00,11,-1,MARKDOWN,2,C,1.3594718399999999,1.3603706952994548,1.3572247017513628,0.0008988552994548815,0.00036139059890965246,0,0,1,0,1,1,True,44741,1.0556877916162133
44771,2026-05-06 13:50:00,13,-1,MARKDOWN,2,C,1.3591387,1.3601746510554154,1.3565488223614612,0.0010359510554154294,0.0004293021108305668,0,1,1,0,0,1,True,44773,-1.0
44788,2026-05-06 15:15:00,15,1,MARKUP,1,C,1.3589750999999999,1.3575626058061632,1.3625063354845917,0.0014124941938367108,0.0004947883876734876,0,1,0,0,0,1,False,-1,
44800,2026-05-06 16:15:00,16,1,MARKUP,1,C,1.35930744,1.3575718930312022,1.3636463074219947,0.001735546968797852,0.0004762139375956855,0,1,0,0,0,1,False,-1,
44812,2026-05-06 17:15:00,17,1,MARKUP,2,C,1.35987328,1.3581112290182347,1.3642784074544132,0.0017620509817652952,0.00043754196353094986,0,1,1,0,0,1,False,-1,
44824,2026-05-06 18:15:00,18,1,MARKUP,1,C,1.35994586,1.3580927010730879,1.3645787573172805,0.0018531589269121795,0.000474597853824318,0,1,0,0,0,1,False,-1,
44836,2026-05-06 19:15:00,19,1,MARKUP,2,C,1.36082924,1.3591699998677498,1.3649773403306253,0.0016592401322501615,0.0004000002645005278,0,1,1,0,0,1,False,-1,
44848,2026-05-06 20:15:00,20,1,MARKUP,2,C,1.36164092,1.3599133580164176,1.365959824958956,0.0017275619835823708,0.0003532839671647461,0,1,1,0,0,1,False,-1,
44999,2026-05-07 08:50:00,8,1,MARKUP,2,C,1.36332716,1.3627244057902463,1.3648340455243844,0.000602754209753753,0.00015118841950734107,0,1,1,0,0,1,True,45009,-1.0
45011,2026-05-07 09:50:00,9,1,MARKUP,3,B,1.3635975,1.3629930500149254,1.3651086249626865,0.0006044499850745844,0.0002538999701490335,0,1,1,1,0,1,True,45013,-1.0
45026,2026-05-07 11:05:00,11,-1,MARKDOWN,2,C,1.36361364,1.364546708318747,1.3612809692031327,0.0009330683187469546,0.0003534166374941079,0,1,1,0,0,1,False,-1,
45049,2026-05-07 13:00:00,13,-1,MARKDOWN,0,C,1.36347612,1.3645041541687255,1.3609060345781865,0.0010280341687254335,0.0002683083374507107,0,0,0,0,0,1,False,-1,
45061,2026-05-07 14:00:00,14,-1,MARKDOWN,2,C,1.36347612,1.3645133610903457,1.360883017274136,0.001037241090345642,0.0002867221806914631,0,1,1,0,0,1,True,45077,-1.0
45073,2026-05-07 15:00:00,15,-1,MARKDOWN,3,B,1.36319802,1.364081695063184,1.36098883234204,0.0008836750631839863,0.0003233901263679116,0,1,1,0,1,1,True,45076,-1.0
45090,2026-05-07 16:25:00,16,1,MARKUP,0,C,1.36284366,1.3618434226971068,1.365344253257233,0.0010002373028932254,0.00037315460578644954,0,0,0,0,0,1,False,-1,
45102,2026-05-07 17:25:00,17,1,MARKUP,0,C,1.36298118,1.3618262219140764,1.365868575214809,0.0011549580859235853,0.0004075561718472746,0,0,0,0,0,1,True,45106,0.7679974414296058
45114,2026-05-07 18:25:00,18,1,MARKUP,3,B,1.36304916,1.361941738359801,1.3658177141004981,0.0011074216401991688,0.00039652328039838504,0,1,1,0,1,1,True,45127,0.8125672551298277
45141,2026-05-07 20:40:00,20,1,MARKUP,3,B,1.36352502,1.3627275297538717,1.3655187456153208,0.0007974902461282962,0.0003649404922566887,0,1,1,0,1,1,True,45144,0.6356928725759929
45301,2026-05-08 10:00:00,10,-1,MARKDOWN,2,C,1.3658913799999999,1.3665290395444105,1.3642972311389734,0.0006376595444106403,0.0001980790888210747,0,1,1,0,0,1,True,45315,1.381133535594954
45324,2026-05-08 11:55:00,11,-1,MARKDOWN,2,C,1.3656689,1.3661997963501589,1.3643416591246027,0.0005308963501589048,0.00025959270031733706,0,1,1,0,0,1,False,-1,
45337,2026-05-08 13:00:00,13,-1,MARKDOWN,3,B,1.36536846,1.366042234619271,1.3636840234518224,0.0006737746192710947,0.00022446923854198438,0,1,1,0,1,1,False,-1,
45349,2026-05-08 14:00:00,14,-1,MARKDOWN,1,C,1.36533408,1.3660366478395398,1.3635776604011505,0.0007025678395398138,0.00021329567907929308,1,0,0,0,0,1,True,45362,0.5
45361,2026-05-08 15:00:00,15,-1,MARKDOWN,1,C,1.3652997,1.3660417695720364,1.363444526069909,0.0007420695720363746,0.00022353914407272427,0,1,0,0,0,1,True,45362,0.5
45373,2026-05-08 16:00:00,16,1,MARKUP,3,B,1.36640392,1.3639713454748075,1.3724853563129813,0.0024325745251925213,0.0006173090503849923,0,1,1,1,0,1,False,-1,
45385,2026-05-08 17:00:00,17,1,MARKUP,1,C,1.3668585,1.363982808233118,1.3740477294172049,0.0028756917668819604,0.0005943835337636725,0,1,0,0,0,1,False,-1,
45397,2026-05-08 18:00:00,18,1,MARKUP,1,C,1.3668585,1.3640223645622824,1.373948838594294,0.0028361354377175463,0.0005152708754349348,0,0,1,0,0,1,False,-1,
45565,2026-05-11 08:00:00,8,1,MARKUP,2,C,1.3685012,1.3678207079145985,1.3702024302135039,0.0006804920854015517,0.00013858417080294517,0,1,0,0,1,1,True,45577,0.5
45589,2026-05-11 10:00:00,10,-1,MARKDOWN,2,C,1.3687680199999999,1.3696252060517737,1.3666250548705652,0.0008571860517738727,0.00027041210354757116,0,1,1,0,0,1,False,-1,
45601,2026-05-11 11:00:00,11,-1,MARKDOWN,2,C,1.3684318599999998,1.3696288459221686,1.3654393951945778,0.0011969859221687695,0.000277691844337666,0,1,1,0,0,1,False,-1,
45625,2026-05-11 13:00:00,13,-1,MARKDOWN,1,C,1.3683486,1.369488693079014,1.365498367302465,0.0011400930790139707,0.0002173861580280064,0,1,0,0,0,1,False,-1,
45637,2026-05-11 14:00:00,14,-1,MARKDOWN,1,C,1.367635,1.3686988852716067,1.3649752868209832,0.0010638852716067237,0.00021777054321329915,0,1,0,0,0,1,True,45655,1.0903122523071997
45649,2026-05-11 15:00:00,15,-1,MARKDOWN,0,C,1.36716532,1.3679563565668038,1.3651877285829905,0.0007910365668037933,0.00025271313360741127,0,0,0,0,0,1,True,45655,-1.0
45668,2026-05-11 16:35:00,16,-1,MARKDOWN,3,B,1.36685632,1.3675156184925348,1.3652080737686627,0.0006592984925348766,0.0003712369850698406,0,1,1,0,1,1,True,45686,0.7171971425810076
45680,2026-05-11 17:35:00,17,-1,MARKDOWN,2,C,1.3669711999999998,1.3684654658193447,1.3632355354516377,0.0014942658193448644,0.0003909316386895441,0,1,1,0,0,1,False,-1,
45692,2026-05-11 18:35:00,18,-1,MARKDOWN,1,C,1.36694828,1.3684621962132102,1.3631634894669742,0.0015139162132102868,0.00038439242642048963,1,0,0,0,0,1,False,-1,
45706,2026-05-11 19:45:00,19,-1,MARKDOWN,1,C,1.36694828,1.3684333081675422,1.3632357095811443,0.0014850281675422572,0.0003266163350846162,0,0,1,0,0,1,True,45724,-1.0
45853,2026-05-12 08:00:00,8,1,MARKUP,1,C,1.36859716,1.3680067900261081,1.3700730849347296,0.0005903699738918355,0.00012641994778361834,0,1,0,0,0,1,True,45865,0.8968696799243505
45869,2026-05-12 09:20:00,9,1,MARKUP,3,B,1.36902976,1.3686652532950503,1.3699410267623746,0.0003645067049498074,0.00020949340989946842,0,1,1,1,0,1,False,-1,
45881,2026-05-12 10:20:00,10,1,MARKUP,2,C,1.36896008,1.368265702869538,1.3706960228261549,0.0006943771304619428,0.00028859426092376554,0,1,1,0,0,1,False,-1,
45893,2026-05-12 11:20:00,11,1,MARKUP,1,C,1.3693688199999998,1.3682591080237283,1.3721430999406787,0.0011097119762715213,0.00030178395254303313,0,1,0,0,0,1,False,-1,
45913,2026-05-12 13:00:00,13,1,MARKUP,2,C,1.3694452199999998,1.3682751879806025,1.3723703000484928,0.001170032019397249,0.0002696240387946846,0,1,1,0,0,1,False,-1,
45925,2026-05-12 14:00:00,14,1,MARKUP,2,C,1.36951488,1.368307902277039,1.3725323243074028,0.0012069777229610779,0.0002441954459221408,0,1,1,0,0,1,False,-1,
45944,2026-05-12 15:35:00,15,1,MARKUP,2,C,1.37022558,1.3694290160523799,1.3722169898690506,0.0007965639476201769,0.0003019678952400996,0,1,1,0,0,1,True,45948,1.007877895941912
45956,2026-05-12 16:35:00,16,1,MARKUP,2,C,1.3706134399999998,1.3696863585745347,1.3729311435636626,0.0009270814254651594,0.0003872828509305184,0,1,1,0,0,1,False,-1,
45968,2026-05-12 17:35:00,17,1,MARKUP,2,C,1.37065928,1.369674386492933,1.3731215137676671,0.0009848935070668752,0.000411227014133815,0,1,1,0,0,1,False,-1,
45980,2026-05-12 18:35:00,18,1,MARKUP,0,C,1.37086556,1.3696356771192362,1.3739402672019092,0.0012298828807637552,0.0004886457615275328,0,0,0,0,0,1,False,-1,
45992,2026-05-12 19:35:00,19,1,MARKUP,1,C,1.37086556,1.3696903228137896,1.3738036529655258,0.001175237186210376,0.00037935437242066574,0,0,1,0,0,1,True,46012,-1.0
46161,2026-05-13 09:40:00,9,1,MARKUP,1,C,1.3691658000000002,1.36834029691633,1.3712295577091755,0.0008255030836701316,0.00019940616734013606,0,1,0,0,0,1,False,-1,
46173,2026-05-13 10:40:00,10,1,MARKUP,2,C,1.3695559,1.3684950738537172,1.3722079653657069,0.0010608261462827784,0.00024985229256541374,0,1,1,0,0,1,False,-1,
46185,2026-05-13 11:40:00,11,1,MARKUP,0,C,1.36969186,1.368702797054769,1.3721645173630779,0.0009890629452311561,0.00027440589046237265,0,0,0,0,0,1,True,46202,0.8293982665846501
46215,2026-05-13 14:10:00,14,-1,MARKDOWN,1,C,1.37030218,1.3712159019745067,1.368017875063733,0.000913721974506787,0.0002918039490135842,0,1,0,0,0,1,True,46231,0.7159472173404463
46227,2026-05-13 15:10:00,15,-1,MARKDOWN,1,C,1.37027162,1.371220956495009,1.3678982787624774,0.0009493364950090566,0.0003019129900179203,0,1,0,0,0,1,True,46231,0.6917504686427033
46239,2026-05-13 16:10:00,16,-1,MARKDOWN,2,C,1.37014802,1.3710553126508749,1.3678797883728129,0.000907292650874858,0.0003706253017497172,0,1,1,0,0,1,True,46243,-1.0
46251,2026-05-13 17:10:00,17,1,MARKUP,2,C,1.3698395,1.3687642526805748,1.3725276182985633,0.001075247319425321,0.0004314946388505082,0,1,0,0,1,1,True,46253,1.2659440006350353
46263,2026-05-13 18:10:00,18,1,MARKUP,1,C,1.3698395,1.3687457348506473,1.372573912873382,0.0010937651493527767,0.00046853029870550785,0,0,1,0,0,1,True,46266,1.2529762984312232
46282,2026-05-13 19:45:00,19,1,MARKUP,2,C,1.36985186,1.36882336105488,1.3724231073628004,0.0010284989451201376,0.00035327789024006237,0,1,1,0,0,1,False,-1,
46294,2026-05-13 20:45:00,20,1,MARKUP,2,C,1.37004344,1.369169511121858,1.3722282621953545,0.0008739288781418608,0.00028097775628400484,0,1,1,0,0,1,False,-1,
46444,2026-05-14 09:15:00,9,1,MARKUP,2,C,1.370621,1.3703509082340228,1.3712962294149431,0.00027009176597725393,0.00015818353195422427,0,1,1,0,0,1,True,46446,-1.0
46461,2026-05-14 10:40:00,10,1,MARKUP,3,B,1.3707446,1.3705373957094373,1.371262610726407,0.0002072042905627569,0.00018520858112554164,0,1,1,0,1,1,True,46468,-1.0
46473,2026-05-14 11:40:00,11,1,MARKUP,3,B,1.3707162599999998,1.37004737899831,1.3723884625042242,0.000668881001689714,0.0002452420033794356,1,0,1,0,1,1,True,46474,1.2413630542178873
46489,2026-05-14 13:00:00,13,1,MARKUP,3,B,1.3707162599999998,1.3700687583128233,1.3723350142179411,0.0006475016871765327,0.00020248337435308224,1,0,1,0,1,1,False,-1,
46501,2026-05-14 14:00:00,14,1,MARKUP,2,C,1.3708996199999999,1.3700660091082137,1.3729836472294652,0.0008336108917861296,0.00020798178357208356,0,1,1,0,0,1,False,-1,
46513,2026-05-14 15:00:00,15,1,MARKUP,2,C,1.37110838,1.370210255542903,1.3733536911427422,0.000898124457096916,0.0001994889141936566,0,1,1,0,0,1,False,-1,
46525,2026-05-14 16:00:00,16,1,MARKUP,2,C,1.37132624,1.3703137939030396,1.3738573552424005,0.0010124460969602733,0.00025241219392042847,0,1,1,0,0,1,False,-1,
46537,2026-05-14 17:00:00,17,1,MARKUP,1,C,1.3713988199999998,1.3702599207296755,1.3742460681758106,0.0011388992703242895,0.00036015854064855605,0,1,0,0,0,1,True,46540,1.194094905666831
46549,2026-05-14 18:00:00,18,1,MARKUP,2,C,1.3718575800000001,1.3706280153098664,1.3749314917253344,0.0012295646901336887,0.00040396938026724066,0,1,1,0,0,1,False,-1,
46561,2026-05-14 19:00:00,19,1,MARKUP,2,C,1.3722882600000001,1.3711786561617336,1.3750622695956665,0.0011096038382665263,0.00036268767653304903,0,1,1,0,0,1,True,46563,0.34403269602625014
46717,2026-05-15 08:00:00,8,1,MARKUP,2,C,1.3734559,1.372444000288043,1.3759856492798925,0.0010118997119570317,0.00015199942391396366,0,1,1,0,0,1,False,-1,
46729,2026-05-15 09:00:00,9,1,MARKUP,0,C,1.37439894,1.3734158248059734,1.376856727985067,0.000983115194026718,0.0003083503880532459,0,0,0,0,0,1,True,46730,0.5219709427413026
46741,2026-05-15 10:00:00,10,1,MARKUP,2,C,1.37441748,1.373418460489585,1.3769150287760374,0.0009990195104150335,0.0003630790208301127,0,1,0,0,1,1,True,46743,0.958359473781051
46755,2026-05-15 11:10:00,11,1,MARKUP,3,B,1.3745596199999999,1.3736493917060248,1.3768351907349374,0.0009102282939750239,0.000361216587950092,0,1,1,1,0,1,True,46760,0.9249923449440713
46777,2026-05-15 13:00:00,13,1,MARKUP,0,C,1.37464816,1.373776018628627,1.3768285134284326,0.0008721413713730364,0.0003079627427460461,0,0,0,0,0,1,True,46778,-1.0
46796,2026-05-15 14:35:00,14,1,MARKUP,3,B,1.37465434,1.3737524228032214,1.3769091329919463,0.0009019171967785677,0.00037515439355699677,0,1,1,0,1,1,False,-1,
46808,2026-05-15 15:35:00,15,1,MARKUP,2,C,1.3744288199999999,1.3733035492092707,1.377241996976823,0.0011252707907292159,0.00033290158145840977,0,1,1,0,0,1,False,-1,
46820,2026-05-15 16:35:00,16,1,MARKUP,2,C,1.37466566,1.3732814504862656,1.3781261837843362,0.0013842095137344135,0.00037709902746878077,0,1,1,0,0,1,False,-1,
46832,2026-05-15 17:35:00,17,1,MARKUP,0,C,1.37470768,1.373256585094255,1.3783354172643623,0.0014510949057449096,0.00042682981148983566,0,0,0,0,0,1,True,46852,-1.0
46844,2026-05-15 18:35:00,18,1,MARKUP,0,C,1.37470768,1.3732482381789883,1.3783562845525292,0.0014594418210116533,0.0004435236420232241,0,0,0,0,0,1,True,46852,-1.0
46861,2026-05-15 20:00:00,20,-1,MARKDOWN,3,B,1.37541884,1.3769012382523593,1.3717128443691018,0.001482398252359296,0.0003824765047183843,0,1,1,0,1,1,True,46878,-0.07498659676842741
47010,2026-05-18 08:25:00,8,-1,MARKDOWN,2,C,1.3758443,1.3764523275800957,1.3743242310497608,0.0006080275800957047,0.00018465516019130888,0,1,1,0,0,1,False,-1,
47022,2026-05-18 09:25:00,9,-1,MARKDOWN,2,C,1.37553408,1.376241020833165,1.3737667279170873,0.0007069408331650262,0.00022204166633005553,0,1,1,0,0,1,False,-1,
47034,2026-05-18 10:25:00,10,-1,MARKDOWN,2,C,1.37527128,1.3761675549892747,1.3730305925268134,0.0008962749892746924,0.0002951099785491183,0,1,1,0,0,1,False,-1,
47046,2026-05-18 11:25:00,11,-1,MARKDOWN,2,C,1.3749080200000001,1.3757715521594136,1.3727491896014663,0.0008635321594134826,0.00028310431882677884,0,1,1,0,0,1,False,-1,
47065,2026-05-18 13:00:00,13,-1,MARKDOWN,0,C,1.3747552200000002,1.3757519197219847,1.3722634706950387,0.000996699721984573,0.00024383944396922223,0,0,0,0,0,1,True,47079,0.9166758681848144
47090,2026-05-18 15:05:00,15,-1,MARKDOWN,3,B,1.37434734,1.3751472312245039,1.37234761193874,0.000799891224503968,0.0003544624490077598,0,1,1,1,1,1,True,47109,-1.0
47102,2026-05-18 16:05:00,16,-1,MARKDOWN,2,C,1.37457016,1.3755702842333364,1.372069849416659,0.0010001242333363969,0.00038056846667269226,0,1,0,1,0,1,True,47113,0.8077432581944732
47116,2026-05-18 17:15:00,17,-1,MARKDOWN,3,B,1.37457016,1.3756032386401462,1.3719874633996345,0.0010330786401462344,0.0004464772802922069,1,0,1,0,1,1,True,47117,0.7200107561270914
47139,2026-05-18 19:10:00,19,-1,MARKDOWN,3,B,1.37457016,1.3755597427622832,1.372096203094292,0.0009895827622832254,0.0003594855245663973,0,1,1,0,1,1,True,47142,0.8110214748042501
47293,2026-05-19 08:00:00,8,1,MARKUP,2,C,1.3744547999999999,1.3738461538792506,1.375976415301873,0.0006086461207492899,0.0001476922414988305,0,1,1,0,0,1,True,47305,1.2357170566415285
47330,2026-05-19 11:05:00,11,1,MARKUP,3,B,1.37476964,1.3742514368127334,1.3760651479681665,0.000518203187266586,0.0002571263745330557,0,1,1,1,0,1,False,-1,
47353,2026-05-19 13:00:00,13,1,MARKUP,1,C,1.37520242,1.374204384573946,1.3776975085651348,0.0009980354260539226,0.0002312308521078911,0,1,0,0,0,1,True,47369,1.1110942498255714
47365,2026-05-19 14:00:00,14,1,MARKUP,0,C,1.37542016,1.3741805882110383,1.3785190894724044,0.0012395717889617242,0.0002788235779235934,0,0,0,0,0,1,True,47368,0.9041909588821713
47383,2026-05-19 15:30:00,15,1,MARKUP,3,B,1.3755374599999999,1.3741320762412497,1.3790509193968754,0.0014053837587502116,0.0004958475175005018,0,1,1,1,0,1,False,-1,
47395,2026-05-19 16:30:00,16,1,MARKUP,3,B,1.3755374599999999,1.374117815756201,1.379086570609497,0.0014196442437988122,0.0005243684875976375,0,1,1,1,0,1,False,-1,
47407,2026-05-19 17:30:00,17,1,MARKUP,2,C,1.3755374599999999,1.3741105368330455,1.3791047679173858,0.0014269231669543636,0.0005389263339089623,0,1,1,0,0,1,True,47425,-0.18043017729493124
47419,2026-05-19 18:30:00,18,1,MARKUP,0,C,1.3755374599999999,1.3741694496158454,1.378957485960386,0.001368010384154461,0.00042110076830914546,0,0,0,0,0,1,True,47425,-0.18820032580304666
47438,2026-05-19 20:05:00,20,-1,MARKDOWN,1,C,1.3763747800000001,1.3775688695688852,1.3733895560777873,0.001194089568885115,0.0003177391377706642,0,1,0,0,0,1,False,-1,
47581,2026-05-20 08:00:00,8,1,MARKUP,1,C,1.37546728,1.3749806036963623,1.3766839707590943,0.0004866763036377453,0.0001787926072753,0,1,0,0,0,1,False,-1,
47593,2026-05-20 09:00:00,9,1,MARKUP,3,B,1.3758318999999999,1.3755624999267062,1.376505400183234,0.00026940007329367965,0.00019500014658724275,0,1,1,1,1,1,True,47596,0.5
47605,2026-05-20 10:00:00,10,1,MARKUP,1,C,1.37574008,1.3750716301681123,1.3774112045797189,0.0006684498318876297,0.0002367396637754539,0,1,0,0,0,1,False,-1,
47617,2026-05-20 11:00:00,11,1,MARKUP,1,C,1.37598456,1.3750563978988228,1.3783049652529429,0.0009281621011771879,0.000267204202354186,0,1,0,0,0,1,False,-1,
47641,2026-05-20 13:00:00,13,1,MARKUP,1,C,1.37647568,1.3755060002291604,1.378899879427099,0.0009696797708396154,0.0002279995416791921,0,1,0,0,0,1,True,47656,-1.0
47653,2026-05-20 14:00:00,14,1,MARKUP,0,C,1.37651276,1.375570206074365,1.3788691448140873,0.0009425539256349147,0.00021958785127002722,0,0,0,0,0,1,True,47655,-1.0
47689,2026-05-20 17:00:00,17,1,MARKUP,3,B,1.3772729000000001,1.376705970092019,1.378690224769953,0.0005669299079811285,0.0004080598159622054,1,1,1,0,0,1,True,47690,-1.0
47701,2026-05-20 18:00:00,18,-1,MARKDOWN,1,C,1.3762484,1.3779665093387208,1.3719531266531977,0.0017181093387208524,0.0005330186774415347,0,1,0,0,0,1,False,-1,
47713,2026-05-20 19:00:00,19,-1,MARKDOWN,2,C,1.3758971800000002,1.377945885124447,1.370775417188883,0.0020487051244468812,0.0006517702488938827,0,1,1,0,0,1,False,-1,
47725,2026-05-20 20:00:00,20,-1,MARKDOWN,0,C,1.3758971800000002,1.3778664379415557,1.3709740351461113,0.0019692579415555578,0.00049287588311136,0,0,0,0,0,1,False,-1,
47869,2026-05-21 08:00:00,8,1,MARKUP,0,C,1.3753854600000002,1.374534873449364,1.3775119263765903,0.0008505865506360788,0.00015025310127193963,0,0,0,0,0,1,False,-1,
47881,2026-05-21 09:00:00,9,1,MARKUP,1,C,1.3754274800000001,1.3745315932597453,1.3776671968506373,0.0008958867402548698,0.0001568134805098432,0,0,1,0,0,1,False,-1,
47893,2026-05-21 10:00:00,10,1,MARKUP,3,B,1.37606402,1.3755380139272095,1.3773790351819764,0.0005260060727905191,0.00020397214558087604,0,1,1,0,1,1,False,-1,
47905,2026-05-21 11:00:00,11,1,MARKUP,2,C,1.37662704,1.3758590795443721,1.3785469411390698,0.0007679604556278807,0.00022184091125610384,0,1,1,0,0,1,True,47908,0.7566038493033684
47935,2026-05-21 13:30:00,13,1,MARKUP,2,C,1.37662704,1.3758414451842227,1.3785910270394433,0.0007855948157773351,0.00025710963155470344,0,1,1,0,0,1,True,47939,0.7508438256837185
47952,2026-05-21 14:55:00,14,1,MARKUP,3,B,1.37683098,1.3761646726902892,1.3784967482742772,0.0006663073097108452,0.0002706546194219769,1,1,1,0,0,1,True,47953,1.75
47965,2026-05-21 16:00:00,16,1,MARKUP,2,C,1.37673176,1.375910775130273,1.3787842221743172,0.0008209848697269262,0.0003584497394540216,0,1,1,0,0,1,False,-1,
47977,2026-05-21 17:00:00,17,1,MARKUP,2,C,1.37718634,1.3758985937686452,1.380405705578387,0.0012877462313547472,0.00038281246270977393,0,1,1,0,0,1,False,-1,
47989,2026-05-21 18:00:00,18,1,MARKUP,2,C,1.37759508,1.3758540226818523,1.3819477232953696,0.0017410573181477762,0.00047195463629563187,0,1,1,0,0,1,False,-1,
48001,2026-05-21 19:00:00,19,1,MARKUP,0,C,1.37759508,1.3758840178958318,1.3818727352604208,0.0017110621041682705,0.0004119642083365647,0,0,0,0,0,1,True,48016,0.5756190833754646
48157,2026-05-22 08:00:00,8,1,MARKUP,1,C,1.3786002,1.3781132784178922,1.3798175039552691,0.0004869215821077244,0.00013344316421558966,0,0,1,0,0,1,True,48167,1.056230819287206
48169,2026-05-22 09:00:00,9,1,MARKUP,3,B,1.3787634599999998,1.378261533090047,1.380018277274882,0.0005019269099528767,0.00021693381990604122,0,1,1,0,1,1,False,-1,
48181,2026-05-22 10:00:00,10,1,MARKUP,2,C,1.37883784,1.3782928218171047,1.3802003854572387,0.0005450181828954292,0.0002343563657910325,0,1,1,0,0,1,True,48196,1.276502937250209
48193,2026-05-22 11:00:00,11,1,MARKUP,0,C,1.37884166,1.3783013311778884,1.380192482055279,0.0005403288221115243,0.00021733764422350065,0,0,0,0,0,1,True,48196,1.279707101736242
48217,2026-05-22 13:00:00,13,1,MARKUP,1,C,1.37884166,1.3782919220979524,1.3802160047551189,0.0005497379020475979,0.0002361558040954465,0,1,0,0,0,1,False,-1,
48229,2026-05-22 14:00:00,14,1,MARKUP,2,C,1.37899502,1.3782852459014472,1.3807694552463823,0.0007097740985528844,0.0001895081971054,0,1,1,0,0,1,False,-1,
48241,2026-05-22 15:00:00,15,1,MARKUP,2,C,1.37907906,1.3782634449177413,1.3811180977056468,0.0008156150822586916,0.00023311016451715426,0,1,1,0,0,1,False,-1,
48253,2026-05-22 16:00:00,16,1,MARKUP,0,C,1.37927006,1.3782159655272908,1.3819052961817735,0.0010540944727093216,0.00032806894541852633,0,0,0,0,0,1,True,48255,0.7966588105759009
48265,2026-05-22 17:00:00,17,1,MARKUP,2,C,1.37943692,1.3784583291941968,1.3818833970145084,0.0009785908058033144,0.00038334161160636824,0,1,1,0,0,1,False,-1,
48277,2026-05-22 18:00:00,18,1,MARKUP,2,C,1.380266,1.3789304188521834,1.3836049528695415,0.0013355811478166224,0.0003791622956331054,0,1,0,1,0,1,False,-1,
48289,2026-05-22 19:00:00,19,1,MARKUP,2,C,1.38031566,1.3789593390608426,1.3837064623478934,0.001356320939157385,0.0003213218783148629,0,1,1,0,0,1,False,-1,
48445,2026-05-25 08:00:00,8,1,MARKUP,1,C,1.38014918,1.379506828320148,1.3817550591996306,0.00064235167985216,0.00014634335970405477,0,1,0,0,0,1,False,-1,
48457,2026-05-25 09:00:00,9,1,MARKUP,2,C,1.38024086,1.3795005946540144,1.382091523364964,0.0007402653459855912,0.0001588106919711015,0,1,1,0,0,1,False,-1,
48469,2026-05-25 10:00:00,10,1,MARKUP,2,C,1.3802985,1.3795418091267537,1.382190227183116,0.0007566908732463684,0.0001763817464929586,0,1,1,0,0,1,False,-1,
48481,2026-05-25 11:00:00,11,1,MARKUP,2,C,1.38085726,1.3800103725865247,1.3829744785336882,0.0008468874134752724,0.00021925482695048189,0,1,1,0,0,1,False,-1,
48517,2026-05-25 14:00:00,14,1,MARKUP,2,C,1.38129604,1.3807458858013504,1.3826714254966244,0.0005501541986496772,0.00016822839729937775,0,1,1,0,0,1,True,48522,-1.0
48544,2026-05-25 16:15:00,16,-1,MARKDOWN,1,C,1.3812737400000001,1.3819273457149304,1.3796397257126745,0.0006536057149302277,0.00021469142986075724,0,1,0,0,0,1,False,-1,
48556,2026-05-25 17:15:00,17,-1,MARKDOWN,2,C,1.38120498,1.3819212612276681,1.3794142769308295,0.0007162812276682029,0.00020252245533623574,0,1,1,0,0,1,False,-1,
48568,2026-05-25 18:15:00,18,-1,MARKDOWN,2,C,1.38099106,1.3819447692829936,1.3786067867925158,0.0009537092829936533,0.0002495385659871584,0,1,1,0,0,1,False,-1,
48580,2026-05-25 19:15:00,19,-1,MARKDOWN,1,C,1.3807274600000001,1.3815857865407257,1.3785816436481861,0.0008583265407255958,0.00021157308145115442,0,1,0,0,0,1,False,-1,
48596,2026-05-25 20:35:00,20,-1,MARKDOWN,2,C,1.3804679,1.3811431069496678,1.3787798826258304,0.0006752069496678281,0.0001662138993357152,0,0,1,0,1,1,True,48609,-0.8028649590570565
48733,2026-05-26 08:00:00,8,1,MARKUP,2,C,1.3806634599999998,1.3802136043442823,1.3817880991392937,0.00044985565571753483,0.00011279131143531487,0,1,1,0,0,1,False,-1,
48745,2026-05-26 09:00:00,9,1,MARKUP,1,C,1.38075132,1.38021042778314,1.3821035505421497,0.0005408922168599339,0.00011914443372005454,0,1,0,0,0,1,True,48763,-1.0
48757,2026-05-26 10:00:00,10,1,MARKUP,3,B,1.38099234,1.380575046936088,1.3820355726597797,0.00041729306391191656,0.00016990612782404158,0,1,1,0,1,1,True,48759,-1.0
48774,2026-05-26 11:25:00,11,-1,MARKDOWN,2,C,1.38090734,1.3816466390011486,1.3790590924971287,0.0007392990011485523,0.00023327800229750318,0,1,0,1,0,1,False,-1,
48793,2026-05-26 13:00:00,13,-1,MARKDOWN,0,C,1.38090734,1.3816383036689608,1.379079930827598,0.000730963668960749,0.00021660733792174124,0,0,0,0,0,1,True,48813,-1.0
48805,2026-05-26 14:00:00,14,-1,MARKDOWN,1,C,1.38090734,1.3816345745270617,1.3790892536823458,0.0007272345270616931,0.00020914905412340495,0,1,0,0,0,1,True,48813,-1.0
48820,2026-05-26 15:15:00,15,1,MARKUP,2,C,1.38049974,1.3797914565623604,1.3822704485940993,0.000708283437639734,0.00021708687527959282,0,1,1,0,0,1,True,48838,0.7246444958885225
48832,2026-05-26 16:15:00,16,1,MARKUP,1,C,1.38075568,1.3797849247720761,1.3831825680698098,0.0009707552279238918,0.00023015045584800608,0,1,0,0,0,1,True,48837,0.8374166035148725
48867,2026-05-26 19:10:00,19,-1,MARKDOWN,2,C,1.3813187,1.3823012344658476,1.378862363835381,0.0009825344658476176,0.00032246893169528165,0,1,1,0,0,1,True,48875,0.7111200922578265
48888,2026-05-26 20:55:00,20,1,MARKUP,2,C,1.38074636,1.3798535926212336,1.3829782784469162,0.0008927673787664236,0.00027281475753279715,0,1,1,0,0,1,False,-1,
49029,2026-05-27 08:40:00,8,1,MARKUP,2,C,1.3807940200000002,1.3803098871268344,1.3820043521829146,0.0004841328731657324,0.00012022574633120301,0,1,1,0,0,1,False,-1,
49041,2026-05-27 09:40:00,9,1,MARKUP,2,C,1.381182,1.3807184971006146,1.3823407572484632,0.0004635028993853485,0.00016300579877077923,0,1,1,0,0,1,False,-1,
49053,2026-05-27 10:40:00,10,1,MARKUP,1,C,1.3814494,1.3806920245142793,1.3833428387143014,0.000757375485720635,0.00021595097144129808,0,1,0,0,0,1,False,-1,
49065,2026-05-27 11:40:00,11,1,MARKUP,2,C,1.38163692,1.3807331139778856,1.3838964350552863,0.0009038060221144839,0.00023377204422932434,0,1,1,0,0,1,False,-1,
49081,2026-05-27 13:00:00,13,1,MARKUP,1,C,1.38165838,1.3807602228189388,1.3839037729526527,0.0008981571810611211,0.00019955436212226344,0,0,1,0,0,1,False,-1,
49093,2026-05-27 14:00:00,14,1,MARKUP,1,C,1.38222152,1.3812207478485687,1.3847234503785786,0.0010007721514313506,0.0001985043028626427,0,1,0,0,0,1,True,49111,0.8719076551693221
49105,2026-05-27 15:00:00,15,1,MARKUP,1,C,1.38260422,1.3816401090280819,1.385014497429795,0.000964110971918064,0.00023978194383578188,0,1,0,0,0,1,True,49110,0.6875767722442611
49121,2026-05-27 16:20:00,16,1,MARKUP,2,C,1.3828205199999999,1.3819414803866032,1.3850181190334916,0.0008790396133966372,0.0003370392267932131,0,1,1,0,0,1,True,49128,1.75
49139,2026-05-27 17:50:00,17,1,MARKUP,3,B,1.3828422,1.3817887775868443,1.3854757560328894,0.001053422413155758,0.0005024448263113182,0,1,1,0,1,1,True,49156,0.8969046246268806
49151,2026-05-27 18:50:00,18,1,MARKUP,3,B,1.38325476,1.3818029113126298,1.3868843817184255,0.0014518486873702496,0.00047417737474026676,1,0,1,1,1,1,True,49152,0.837029375424114
49309,2026-05-28 08:00:00,8,1,MARKUP,1,C,1.385425,1.3843713637653465,1.3880590905866335,0.0010536362346533767,0.0001972724693066719,0,1,0,0,0,1,True,49322,1.0315532799877172
49369,2026-05-28 13:00:00,13,1,MARKUP,2,C,1.38548444,1.3844217091976292,1.3881412670059268,0.0010627308023707371,0.0002765816047415138,0,1,1,0,0,1,True,49386,-1.0
49381,2026-05-28 14:00:00,14,1,MARKUP,0,C,1.38549208,1.3844057344254397,1.3882079439364006,0.0010863455745602213,0.00030853114912052676,0,0,0,0,0,1,True,49386,-1.0
49401,2026-05-28 15:40:00,15,-1,MARKDOWN,2,C,1.38586928,1.3871747069477,1.3826057126307503,0.0013054269476999725,0.00034941389540032764,0,1,1,0,0,1,False,-1,
49413,2026-05-28 16:40:00,16,-1,MARKDOWN,2,C,1.3857394,1.38720158465809,1.382083938354775,0.0014621846580900044,0.00040316931618029206,0,1,1,0,0,1,False,-1,
49425,2026-05-28 17:40:00,17,-1,MARKDOWN,2,C,1.3850518,1.3872952963380671,1.3794430591548323,0.002243496338067086,0.0005905926761342409,0,1,1,0,0,1,False,-1,
49437,2026-05-28 18:40:00,18,-1,MARKDOWN,1,C,1.38434802,1.3872361007786067,1.3771278180534834,0.002888080778606694,0.000512201557213434,0,1,0,0,0,1,False,-1,
49449,2026-05-28 19:40:00,19,-1,MARKDOWN,1,C,1.3830434,1.3856629097127238,1.3764946257181907,0.0026195097127237332,0.0004258194254473765,0,1,0,0,0,1,False,-1,
49461,2026-05-28 20:40:00,20,-1,MARKDOWN,1,C,1.38255128,1.385396535254522,1.3754381418636945,0.002845255254522172,0.0003730705090443252,0,1,0,0,0,1,False,-1,
49618,2026-05-29 09:45:00,9,1,MARKUP,1,C,1.3787548,1.3781047958034325,1.380379810491419,0.0006500041965675774,0.00023040839313516665,0,1,0,0,0,1,False,-1,
49630,2026-05-29 10:45:00,10,1,MARKUP,1,C,1.3791358,1.3782695935157574,1.3813013162106067,0.0008662064842426265,0.0002808129684853464,0,1,0,0,0,1,False,-1,
49642,2026-05-29 11:45:00,11,1,MARKUP,2,C,1.37935478,1.3783451778570088,1.3818787853574777,0.0010096021429910618,0.0002696442859820744,0,1,1,0,0,1,False,-1,
49657,2026-05-29 13:00:00,13,1,MARKUP,2,C,1.3794731999999998,1.3783658813390058,1.382241496652485,0.0011073186609940056,0.00022823732198801026,0,1,1,0,0,1,False,-1,
49669,2026-05-29 14:00:00,14,1,MARKUP,1,C,1.3794731999999998,1.3783730679272517,1.3822235301818702,0.0011001320727481723,0.00021386414549641523,0,1,0,0,0,1,False,-1,
49681,2026-05-29 15:00:00,15,1,MARKUP,2,C,1.38024018,1.3793233318200278,1.3825323004499304,0.0009168481799721739,0.00031333635994455853,0,0,1,0,1,1,True,49683,1.75
49693,2026-05-29 16:00:00,16,1,MARKUP,2,C,1.38110836,1.3797325694210185,1.384547836447454,0.0013757905789815172,0.0004748611579629813,0,1,0,1,0,1,True,49696,-1.0
49705,2026-05-29 17:00:00,17,1,MARKUP,2,C,1.38111454,1.379722369860938,1.384594965347655,0.00139217013906201,0.0005152602781238378,1,0,0,1,0,1,True,49706,-1.0
49720,2026-05-29 18:15:00,18,-1,MARKDOWN,2,C,1.38068474,1.3833200044925027,1.3740965787687431,0.0026352644925027313,0.0007400089850052459,0,1,0,0,1,1,False,-1,
49732,2026-05-29 19:15:00,19,-1,MARKDOWN,0,C,1.38068474,1.3832206437774255,1.3743449805564363,0.002535903777425519,0.0005412875548507152,0,0,0,0,0,1,False,-1,
49913,2026-06-01 10:20:00,10,1,MARKUP,3,B,1.38098212,1.3806203117464317,1.381886640633921,0.000361808253568352,0.0002193765071363993,1,1,1,0,0,1,True,49914,1.75
49925,2026-06-01 11:20:00,11,1,MARKUP,2,C,1.38087906,1.380060545363854,1.3829253465903655,0.0008185146361461282,0.00023890927229189957,0,1,1,0,0,1,False,-1,
49945,2026-06-01 13:00:00,13,1,MARKUP,1,C,1.3809822,1.3800609866671254,1.3832852333321868,0.0009212133328746486,0.00023802666574902466,0,1,0,0,0,1,False,-1,
49957,2026-06-01 14:00:00,14,1,MARKUP,2,C,1.38121904,1.3800601185428576,1.3841163436428559,0.001158921457142359,0.0002397629142846964,0,1,1,0,0,1,False,-1,
49969,2026-06-01 15:00:00,15,1,MARKUP,1,C,1.38164892,1.3803341786682672,1.3849357733293317,0.001314741331732705,0.00029164266346533356,0,1,0,0,0,1,False,-1,
49981,2026-06-01 16:00:00,16,1,MARKUP,1,C,1.38220848,1.3810258498840013,1.3851650552899968,0.0011826301159987285,0.0003483002319971801,0,0,1,0,0,1,False,-1,
49993,2026-06-01 17:00:00,17,1,MARKUP,2,C,1.3827679,1.3811849444251378,1.3867252889371553,0.0015829555748620994,0.000530111149724479,0,1,1,0,0,1,True,50011,0.7860617653109784
50005,2026-06-01 18:00:00,18,1,MARKUP,1,C,1.38294768,1.3814729748109804,1.386634442972549,0.0014747051890195984,0.0004740503780389846,0,1,0,0,0,1,True,50011,0.767828043483555
50017,2026-06-01 19:00:00,19,1,MARKUP,2,C,1.38339264,1.3822213504152714,1.3863208639618216,0.0011712895847286742,0.00041729916945752217,0,1,0,1,0,1,True,50024,0.7405171285638172
50198,2026-06-02 10:05:00,10,-1,MARKDOWN,2,C,1.38431542,1.38486764586159,1.3829348553460252,0.0005522258615899833,0.00019529172317980247,0,1,1,0,0,1,True,50212,-1.0
50210,2026-06-02 11:05:00,11,-1,MARKDOWN,2,C,1.3842559799999998,1.3847894148182347,1.3829223929544128,0.000533434818234868,0.00021882963646946692,0,1,1,0,0,1,True,50212,-1.0
50233,2026-06-02 13:00:00,13,1,MARKUP,1,C,1.38428052,1.383468333991477,1.3863109850213071,0.0008121860085228416,0.00020333201704596452,0,1,0,0,0,1,True,50255,-1.0
50245,2026-06-02 14:00:00,14,1,MARKUP,2,C,1.38428052,1.38346312075564,1.3863240181108996,0.0008173992443598621,0.00021375848871968417,0,1,1,0,0,1,True,50255,-1.0
50268,2026-06-02 15:55:00,15,-1,MARKDOWN,2,C,1.3847309399999999,1.3855697908924136,1.3826338127689655,0.0008388508924137561,0.0002795817848273678,0,1,1,0,0,1,False,-1,
50280,2026-06-02 16:55:00,16,-1,MARKDOWN,0,C,1.38393638,1.3856686071686006,1.3796058120784984,0.001732227168600664,0.0004772143372013181,0,0,0,0,0,1,True,50285,-0.09445643329351443
50292,2026-06-02 17:55:00,17,-1,MARKDOWN,0,C,1.38391784,1.3856362469851482,1.3796218225371297,0.0017184069851481354,0.00047249397029636305,0,0,0,0,0,1,False,-1,
50304,2026-06-02 18:55:00,18,-1,MARKDOWN,1,C,1.38391784,1.385599302805674,1.3797141829858155,0.0016814628056738279,0.00039860561134801877,0,1,0,0,0,1,True,50319,-0.048862216709519506
50461,2026-06-03 08:00:00,8,1,MARKUP,1,C,1.38419098,1.3836040779460945,1.385658235134764,0.000586902053905547,0.00011184410781051314,0,1,0,0,0,1,False,-1,
50473,2026-06-03 09:00:00,9,1,MARKUP,0,C,1.38434378,1.3835778789915731,1.3862585325210672,0.0007659010084268836,0.00016424201685355224,0,0,0,0,0,1,False,-1,
50485,2026-06-03 10:00:00,10,1,MARKUP,2,C,1.38455838,1.3836390339936093,1.386856745015977,0.0009193460063907644,0.00024193201278152843,0,1,1,0,0,1,False,-1,
50497,2026-06-03 11:00:00,11,1,MARKUP,2,C,1.38492918,1.384212141552533,1.3867217761186676,0.0007170384474670666,0.0002957168949338385,1,0,1,0,0,1,False,-1,
50521,2026-06-03 13:00:00,13,1,MARKUP,0,C,1.3851404200000001,1.3845158405555844,1.3867018686110395,0.0006245794444157404,0.00024831888883144885,0,0,0,0,0,1,True,50522,1.75
50544,2026-06-03 14:55:00,14,1,MARKUP,2,C,1.3851404200000001,1.384521861699289,1.3866868157517782,0.000618558300711225,0.00023627660142229738,0,1,1,0,0,1,False,-1,
50556,2026-06-03 15:55:00,15,1,MARKUP,2,C,1.38560478,1.3845789620217817,1.3881693249455458,0.001025817978218324,0.00030207595643659557,0,1,1,0,0,1,False,-1,
50568,2026-06-03 16:55:00,16,1,MARKUP,2,C,1.38584544,1.3845318975135132,1.389129296216217,0.0013135424864867407,0.0003962049729736523,0,1,1,0,0,1,False,-1,
50580,2026-06-03 17:55:00,17,1,MARKUP,2,C,1.38597532,1.384502148475348,1.3896582488116302,0.0014731715246520949,0.00045570304930442064,0,1,1,0,0,1,False,-1,
50592,2026-06-03 18:55:00,18,1,MARKUP,2,C,1.38663732,1.3848011774911462,1.3912276762721345,0.0018361425088537775,0.0004176450177077003,0,1,1,0,0,1,False,-1,
50604,2026-06-03 19:55:00,19,1,MARKUP,1,C,1.3870999,1.3852414996063747,1.3917459009840631,0.0018584003936252813,0.00031700078725057274,0,1,0,0,0,1,False,-1,
50616,2026-06-03 20:55:00,20,1,MARKUP,2,C,1.3876808200000001,1.3862171954264706,1.391339881433824,0.0014636245735295539,0.00024560914705889706,0,1,1,0,0,1,False,-1,
50749,2026-06-04 08:00:00,8,1,MARKUP,2,C,1.38953682,1.3888759639524824,1.3911889601187941,0.0006608560475176439,0.00016807209503522108,0,1,1,0,0,1,False,-1,
50761,2026-06-04 09:00:00,9,1,MARKUP,1,C,1.38992502,1.3892246872057359,1.39167585198566,0.0007003327942640691,0.00017062558852846973,0,0,0,0,1,1,False,-1,
50773,2026-06-04 10:00:00,10,1,MARKUP,3,B,1.3903055800000002,1.389533580674454,1.3922355783138656,0.0007719993255461688,0.0002528386510922701,0,1,1,0,1,1,False,-1,
50785,2026-06-04 11:00:00,11,1,MARKUP,1,C,1.39087848,1.389743406911145,1.3937161627221377,0.0011350730888550764,0.00025318617770981575,0,1,0,0,0,1,True,50800,-1.0
50824,2026-06-04 14:15:00,14,-1,MARKDOWN,1,C,1.39128378,1.3926445704433914,1.3878818038915215,0.0013607904433914353,0.00026914088678267937,0,1,0,0,0,1,False,-1,
50836,2026-06-04 15:15:00,15,-1,MARKDOWN,2,C,1.3911730000000002,1.3926662655788635,1.387439836052842,0.001493265578863312,0.0003125311577266032,0,1,1,0,0,1,False,-1,
50848,2026-06-04 16:15:00,16,-1,MARKDOWN,1,C,1.39075142,1.3921356752916492,1.387290781770877,0.0013842552916492057,0.000331350583298358,0,1,0,0,0,1,False,-1,
50860,2026-06-04 17:15:00,17,-1,MARKDOWN,2,C,1.38983186,1.3910711829766909,1.3867335525582725,0.0012393229766909375,0.00036236595338174396,0,1,1,0,0,1,True,50870,-1.0
51058,2026-06-05 09:45:00,9,-1,MARKDOWN,1,C,1.39044778,1.3910001877429243,1.389066760642689,0.0005524077429244212,0.00018037548584914301,0,1,0,0,0,1,False,-1,
51070,2026-06-05 10:45:00,10,-1,MARKDOWN,2,C,1.3899549999999998,1.3910348197803053,1.3872554505492363,0.0010798197803054688,0.0002496395606107952,0,1,0,0,1,1,False,-1,
51082,2026-06-05 11:45:00,11,-1,MARKDOWN,1,C,1.3899053399999999,1.3910413531174508,1.3870653072063726,0.0011360131174509291,0.0002627062349018345,0,1,0,0,0,1,False,-1,
51097,2026-06-05 13:00:00,13,-1,MARKDOWN,2,C,1.3895347999999998,1.3910655900204645,1.3857078249488382,0.001530790020464634,0.00031118004092915746,0,1,1,0,0,1,False,-1,
51109,2026-06-05 14:00:00,14,-1,MARKDOWN,0,C,1.3893361599999998,1.3910556664664941,1.385037393833764,0.001719506466494325,0.0002913329329884378,0,0,0,0,0,1,True,51126,0.7790889510165746
51121,2026-06-05 15:00:00,15,-1,MARKDOWN,1,C,1.388644,1.3899489679485415,1.3853815801286462,0.0013049679485415133,0.00031793589708302845,0,0,1,0,0,1,True,51126,0.6025429445602554
51147,2026-06-05 17:10:00,17,1,MARKUP,2,C,1.3883008,1.3863032577957515,1.393294655510621,0.0019975422042484148,0.0006334844084969876,0,1,1,0,0,1,False,-1,
51159,2026-06-05 18:10:00,18,1,MARKUP,2,C,1.3887974,1.3863607731116472,1.3948889672208824,0.0024366268883528885,0.0005184537767053885,0,1,1,0,0,1,False,-1,
51171,2026-06-05 19:10:00,19,1,MARKUP,2,C,1.38938186,1.3863846817472822,1.3968748056317946,0.002997178252717836,0.0004706365054356299,0,1,1,0,0,1,False,-1,
51183,2026-06-05 20:10:00,20,1,MARKUP,2,C,1.3895996,1.386429602004343,1.3975245949891424,0.0031699979956569813,0.0003807959913141559,0,1,1,0,0,1,False,-1,
51339,2026-06-08 09:10:00,9,1,MARKUP,2,C,1.39454166,1.39397762527197,1.395951746820075,0.0005640347280300162,0.0002647494560597952,0,1,0,1,0,1,True,51341,-1.0
51358,2026-06-08 10:45:00,10,1,MARKUP,3,B,1.39464628,1.3942775811816617,1.3955680270458455,0.00036869881833823115,0.000324837636676266,1,1,1,0,0,1,True,51359,0.5
51370,2026-06-08 11:45:00,11,1,MARKUP,2,C,1.39423502,1.3934527551460765,1.396190682134809,0.00078226485392352,0.0003344897078472009,0,1,1,0,0,1,True,51391,-1.0
51385,2026-06-08 13:00:00,13,1,MARKUP,1,C,1.39429614,1.3934567293510904,1.396394666622274,0.0008394106489095776,0.0003265412978193692,0,0,1,0,0,1,True,51390,-1.0
51400,2026-06-08 14:15:00,14,-1,MARKDOWN,2,C,1.39462218,1.3955507217576228,1.392300825605943,0.0009285417576228028,0.0003214435152456856,0,1,1,0,0,1,False,-1,
51412,2026-06-08 15:15:00,15,-1,MARKDOWN,2,C,1.3944770199999998,1.3955570061901221,1.3917770545246941,0.001079986190122284,0.0003340123802444988,0,1,1,0,0,1,True,51435,-1.0
51424,2026-06-08 16:15:00,16,-1,MARKDOWN,1,C,1.3943395,1.3955423972365693,1.391332256908577,0.0012028972365691892,0.0003047944731387622,0,0,1,0,0,1,True,51431,-1.0
51452,2026-06-08 18:35:00,18,1,MARKUP,1,C,1.3936714000000001,1.392433814934668,1.3967653626633303,0.001237585065332114,0.0004123701306642623,0,1,0,0,0,1,False,-1,
51464,2026-06-08 19:35:00,19,1,MARKUP,2,C,1.3936714000000001,1.3924949499895605,1.3966125250260992,0.0011764500104396447,0.00029010002087909484,0,1,1,0,0,1,False,-1,
51476,2026-06-08 20:35:00,20,1,MARKUP,2,C,1.39397318,1.3925016410985844,1.3976520272535387,0.0014715389014154923,0.00027671780283145664,0,1,1,0,0,1,False,-1,
51613,2026-06-09 08:00:00,8,-1,MARKDOWN,2,C,1.39529824,1.396014500159588,1.3935075896010298,0.0007162601595880336,0.00014900031917606827,0,1,1,0,0,1,False,-1,
51625,2026-06-09 09:00:00,9,-1,MARKDOWN,2,C,1.39472084,1.3957378391697823,1.392178342075544,0.0010169991697823733,0.00021567833956465799,0,1,1,0,0,1,False,-1,
51637,2026-06-09 10:00:00,10,-1,MARKDOWN,2,C,1.39430454,1.3951976720215673,1.392071709946082,0.0008931320215672667,0.00023534404313433748,0,1,1,0,0,1,True,51650,0.8131056420625878
51649,2026-06-09 11:00:00,11,-1,MARKDOWN,1,C,1.39430454,1.395191321803541,1.3920875854911476,0.0008867818035409591,0.00022264360708199583,1,0,0,0,0,1,True,51650,0.8153477822197552
51673,2026-06-09 13:00:00,13,-1,MARKDOWN,2,C,1.3941006,1.3948630233198593,1.3921945417003516,0.0007624233198593178,0.00022604663971864924,0,1,1,0,0,1,False,-1,
51686,2026-06-09 14:05:00,14,-1,MARKDOWN,2,C,1.3938452000000001,1.3944913178491716,1.3922299053770715,0.000646117849171457,0.00022263569834341036,0,1,1,0,0,1,False,-1,
51698,2026-06-09 15:05:00,15,-1,MARKDOWN,1,C,1.3934441,1.3945072717465485,1.3907861706336284,0.0010631717465485746,0.0002545434930973782,0,1,0,0,0,1,True,51716,-1.0
51710,2026-06-09 16:05:00,16,-1,MARKDOWN,1,C,1.39342174,1.3944781554779553,1.3907807013051117,0.0010564154779553192,0.000256310955910679,0,1,0,0,0,1,True,51716,-1.0
51731,2026-06-09 17:50:00,17,1,MARKUP,1,C,1.39336014,1.391682942258045,1.3975531343548875,0.001677197741954961,0.00047411548390987663,0,1,0,0,0,1,False,-1,
51743,2026-06-09 18:50:00,18,1,MARKUP,1,C,1.3936160800000001,1.3916792087501084,1.3984582581247293,0.001936871249891725,0.00048158249978341765,0,1,0,0,0,1,False,-1,
51755,2026-06-09 19:50:00,19,1,MARKUP,1,C,1.39383764,1.3916720045033615,1.3992517287415966,0.002165635496638618,0.0004959909932769927,0,1,0,0,0,1,False,-1,
51767,2026-06-09 20:50:00,20,1,MARKUP,1,C,1.3939118,1.3918507165667575,1.399064508583106,0.0020610834332424055,0.00037856686648477455,0,0,1,0,0,1,False,-1,
51901,2026-06-10 08:00:00,8,-1,MARKDOWN,2,C,1.39520216,1.3957090679444584,1.393934890138854,0.0005069079444584013,0.00015813588891677228,0,1,1,0,0,1,False,-1,
51913,2026-06-10 09:00:00,9,-1,MARKDOWN,3,B,1.3949443,1.3955492947185324,1.3934318132036687,0.0006049947185324811,0.00017858943706494055,0,1,1,0,1,1,False,-1,
51925,2026-06-10 10:00:00,10,-1,MARKDOWN,1,C,1.39461464,1.3952878705256888,1.3929315636857775,0.000673230525688906,0.00021574105137780198,0,1,0,0,0,1,False,-1,
51937,2026-06-10 11:00:00,11,-1,MARKDOWN,1,C,1.39435296,1.3951330945031193,1.3924026237422016,0.0007801345031193119,0.0002461890062382542,0,1,0,0,0,1,False,-1,
51961,2026-06-10 13:00:00,13,-1,MARKDOWN,1,C,1.39397354,1.3950731968197865,1.3912243979505337,0.0010996568197865209,0.0002663936395728294,0,1,0,0,0,1,False,-1,
51973,2026-06-10 14:00:00,14,-1,MARKDOWN,0,C,1.39369544,1.3946194738992022,1.3913853552519941,0.000924033899202259,0.00025894779840436263,0,0,0,0,0,1,True,51996,1.75
51986,2026-06-10 15:05:00,15,-1,MARKDOWN,3,B,1.3934915,1.3943021046333275,1.3914649884166816,0.0008106046333273831,0.0002842092666549256,0,1,1,0,1,1,True,51988,0.7174389258289069
51999,2026-06-10 16:10:00,16,-1,MARKDOWN,2,C,1.39315958,1.393894975482487,1.3913210912937828,0.0007353954824869113,0.00046995096497361155,0,1,1,0,0,1,True,52023,-1.0
52011,2026-06-10 17:10:00,17,-1,MARKDOWN,1,C,1.39234874,1.3941515824628095,1.3878416338429767,0.001802842462809373,0.000603164925618895,0,1,0,0,0,1,True,52012,-1.0
52190,2026-06-11 08:05:00,8,-1,MARKDOWN,2,C,1.3940661,1.3946954782435224,1.3924926543911944,0.0006293782435222717,0.00015095648704462387,0,1,1,0,0,1,True,52198,-1.0
52202,2026-06-11 09:05:00,9,1,MARKUP,2,C,1.3938194,1.3930700118405035,1.395692870398741,0.0007493881594964336,0.00019997631899283013,0,1,1,0,0,1,False,-1,
52214,2026-06-11 10:05:00,10,1,MARKUP,1,C,1.39440882,1.3933318044265164,1.3971013589337091,0.0010770155734836084,0.00023639114696760494,0,1,0,0,0,1,False,-1,
52226,2026-06-11 11:05:00,11,1,MARKUP,2,C,1.3946859999999999,1.3934170487717563,1.3978583780706089,0.0012689512282435533,0.0002459024564874125,0,1,1,0,0,1,False,-1,
52249,2026-06-11 13:00:00,13,1,MARKUP,2,C,1.39526664,1.3934102146048262,1.3999077034879346,0.001856425395173833,0.00025957079034765243,0,1,1,0,0,1,False,-1,
52261,2026-06-11 14:00:00,14,1,MARKUP,1,C,1.39603396,1.3944803495449865,1.399917986137534,0.0015536104550135654,0.00021930091002719484,0,1,0,0,0,1,False,-1,
52273,2026-06-11 15:00:00,15,1,MARKUP,1,C,1.39654072,1.3952837884534017,1.3996830488664955,0.0012569315465982278,0.0002524230931964336,0,0,1,0,0,1,False,-1,
52285,2026-06-11 16:00:00,16,1,MARKUP,2,C,1.3973052199999998,1.3960931998629016,1.4003352703427452,0.001212020137098202,0.0003536002741965618,0,1,1,0,0,1,False,-1,
52297,2026-06-11 17:00:00,17,1,MARKUP,2,C,1.39874284,1.3971397718798115,1.402750510300471,0.0016030681201884,0.00044045624037692137,0,1,1,0,0,1,False,-1,
52309,2026-06-11 18:00:00,18,1,MARKUP,1,C,1.39929146,1.3971050592693015,1.404757461826746,0.0021864007306984234,0.0005298814613971774,0,1,0,0,0,1,False,-1,
52321,2026-06-11 19:00:00,19,1,MARKUP,0,C,1.39929146,1.3971542826611416,1.4046344033471456,0.0021371773388583204,0.00043143467771681704,0,0,0,0,0,1,True,52339,-1.0
52333,2026-06-11 20:00:00,20,1,MARKUP,1,C,1.3995572,1.3976230582616382,1.4043925543459046,0.0019341417383618165,0.0003538834767233158,0,0,1,0,0,1,True,52339,-1.0
52484,2026-06-12 08:35:00,8,1,MARKUP,2,C,1.39751728,1.397026661169869,1.3987438270753274,0.0004906188301310177,0.00018667766026201114,0,1,1,0,0,1,True,52491,1.75
52497,2026-06-12 09:40:00,9,1,MARKUP,3,B,1.39767772,1.3969908816170022,1.399394815957494,0.0006868383829976565,0.00025823676599529634,1,0,1,0,1,1,True,52498,1.75
52509,2026-06-12 10:40:00,10,1,MARKUP,1,C,1.3980635399999999,1.3969499236364786,1.400847580908803,0.0011136163635212526,0.00034015272704266807,0,1,0,0,0,1,True,52516,0.8344757632042876
52522,2026-06-12 11:45:00,11,1,MARKUP,2,C,1.3980635399999999,1.3968852448872398,1.4010092777819003,0.0011782951127601304,0.00046951022552040955,1,0,1,0,0,1,True,52523,0.8161157837895411
52542,2026-06-12 13:25:00,13,1,MARKUP,3,B,1.3982365799999998,1.3971966533906124,1.4008363965234685,0.0010399266093874537,0.00040669321877497553,0,1,1,0,1,1,True,52543,0.7749787153480115
52554,2026-06-12 14:25:00,14,1,MARKUP,2,C,1.39824276,1.3972270036314103,1.4007821509214744,0.0010157563685897486,0.0003659927371795572,0,1,0,1,0,1,True,52557,0.7784798519139069
52566,2026-06-12 15:25:00,15,1,MARKUP,3,B,1.39921302,1.398812831788737,1.4002134905281574,0.0004001882112629751,0.0003343364225260958,0,1,1,1,0,1,True,52567,-1.0
52581,2026-06-12 16:40:00,16,1,MARKUP,2,C,1.39823198,1.397296430738122,1.4005708531546954,0.0009355492618781103,0.0004271385237561725,0,1,1,0,0,1,True,52583,-1.0
52593,2026-06-12 17:40:00,17,-1,MARKDOWN,1,C,1.39840298,1.3996741559360701,1.3952250401598245,0.001271175936070179,0.0005483118721403806,0,1,0,0,0,1,False,-1,
52605,2026-06-12 18:40:00,18,-1,MARKDOWN,1,C,1.39807064,1.3996602447104922,1.3940966282237697,0.0015896047104921873,0.0005204894209846145,0,1,0,0,0,1,False,-1,
52617,2026-06-12 19:40:00,19,-1,MARKDOWN,1,C,1.39807064,1.3996248582464281,1.3941850943839298,0.0015542182464280963,0.00044971649285628705,1,0,0,0,0,1,True,52633,1.021662439004557
52765,2026-06-15 08:00:00,8,-1,MARKDOWN,2,C,1.39598192,1.396249838253573,1.3953121243660678,0.00026791825357297405,0.0001996765071463528,0,1,1,0,0,1,True,52777,-1.0
52777,2026-06-15 09:00:00,9,-1,MARKDOWN,1,C,1.3966868000000001,1.3978147764939015,1.3938668587652465,0.0011279764939013948,0.0002695529878029223,1,0,0,0,0,1,True,52778,-1.0
52795,2026-06-15 10:30:00,10,1,MARKUP,2,C,1.39616106,1.3949096244690475,1.3992896488273814,0.0012514355309525271,0.0003407510619050501,0,1,1,0,0,1,False,-1,
52807,2026-06-15 11:30:00,11,1,MARKUP,0,C,1.39623364,1.3949156225794086,1.3995286835514782,0.0013180174205913442,0.00032875484118319694,0,0,0,0,0,1,False,-1,
52825,2026-06-15 13:00:00,13,1,MARKUP,2,C,1.39623364,1.3949508500915921,1.3994406147710194,0.0012827899084077998,0.00025829981681601926,0,1,1,0,0,1,False,-1,
52840,2026-06-15 14:15:00,14,1,MARKUP,2,C,1.39730896,1.3966933092775975,1.398848086806006,0.0006156507224024388,0.00025338144480469216,0,1,1,0,0,1,True,52858,0.8183465548295119
52852,2026-06-15 15:15:00,15,1,MARKUP,2,C,1.39734086,1.3965364997054635,1.399351760736341,0.0008043602945364547,0.00028700058907314756,0,1,0,1,0,1,True,52858,0.7238303999812489
52864,2026-06-15 16:15:00,16,1,MARKUP,1,C,1.39734086,1.396536838095532,1.3993509147611696,0.0008040219044678221,0.00028632380893580154,0,1,0,0,0,1,True,52884,1.0516734842657784
52876,2026-06-15 17:15:00,17,1,MARKUP,2,C,1.39734468,1.3965055335407974,1.3994425461480064,0.0008391464592025777,0.00034893291840509187,0,1,1,0,0,1,True,52884,1.0263057010136332
52889,2026-06-15 18:20:00,18,1,MARKUP,2,C,1.39766938,1.396469043627754,1.4006702209306148,0.0012003363722459248,0.00042191274449173804,1,0,1,0,0,1,False,-1,
52901,2026-06-15 19:20:00,19,1,MARKUP,2,C,1.3979289400000001,1.3969259917103092,1.4004363107242275,0.0010029482896909414,0.00034801657938161916,0,1,1,0,0,1,False,-1,
52913,2026-06-15 20:20:00,20,1,MARKUP,2,C,1.3979289400000001,1.3969527333520502,1.400369456619875,0.0009762066479499509,0.000294533295899698,0,1,1,0,0,1,False,-1,
53053,2026-06-16 08:00:00,8,1,MARKUP,1,C,1.40000376,1.3988586623140706,1.4028665042148232,0.0011450976859292972,0.00024267537185848696,0,1,0,0,0,1,False,-1,
53065,2026-06-16 09:00:00,9,1,MARKUP,2,C,1.4000261200000002,1.398893366823698,1.4028580029407554,0.001132753176302126,0.00023326635260397899,0,1,1,0,0,1,False,-1,
53077,2026-06-16 10:00:00,10,1,MARKUP,0,C,1.40035444,1.399298369572497,1.4029946160687579,0.0010560704275031085,0.00026326085500596454,0,0,0,0,0,1,True,53087,-1.0
53090,2026-06-16 11:05:00,11,1,MARKUP,3,B,1.4005151200000001,1.3995432899908364,1.4029446950229092,0.0009718300091636767,0.00029342001832749785,0,1,1,1,0,1,True,53097,-1.0
53123,2026-06-16 13:50:00,13,-1,MARKDOWN,1,C,1.40084916,1.401980154292573,1.3980216742685674,0.0011309942925730176,0.0002603085851456795,0,1,0,0,0,1,True,53137,0.7714904676546175
53137,2026-06-16 15:00:00,15,1,MARKUP,3,B,1.40003984,1.399091383219037,1.4024109819524075,0.0009484567809630029,0.00027723356192602166,0,1,1,0,1,1,True,53158,-1.0
53149,2026-06-16 16:00:00,16,1,MARKUP,2,C,1.40013152,1.399090132502107,1.4027349887447325,0.0010413874978929538,0.00027973499578606067,0,1,0,0,1,1,True,53155,0.5
53162,2026-06-16 17:05:00,17,1,MARKUP,2,C,1.40013152,1.3990510070959834,1.4028328022600414,0.0010805129040165617,0.0003579858080332819,0,0,1,0,1,1,True,53163,-1.0
53174,2026-06-16 18:05:00,18,-1,MARKDOWN,2,C,1.4004058000000001,1.4018200494340953,1.3968701764147622,0.0014142494340951828,0.0004600988681905327,0,1,0,0,1,1,False,-1,
53186,2026-06-16 19:05:00,19,-1,MARKDOWN,1,C,1.4002262600000002,1.40179820363771,1.396296400905726,0.0015719436377097384,0.00041640727541947167,0,1,0,0,0,1,False,-1,
53198,2026-06-16 20:05:00,20,-1,MARKDOWN,2,C,1.4002262600000002,1.4017525556544443,1.3964105208638897,0.0015262956544441764,0.0003251113088884567,0,1,1,0,0,1,False,-1,
53341,2026-06-17 08:00:00,8,1,MARKUP,0,C,1.39949784,1.3990042581903321,1.4007317945241695,0.0004935818096678535,0.00013148361933578074,0,0,0,0,0,1,False,-1,
53353,2026-06-17 09:00:00,9,1,MARKUP,2,C,1.39962144,1.3991901198610461,1.4006997403473846,0.00043132013895386123,0.00015976027790758315,0,1,1,0,0,1,False,-1,
53365,2026-06-17 10:00:00,10,1,MARKUP,1,C,1.3999666,1.3993753146975285,1.4014448132561785,0.0005912853024714337,0.00018937060494307598,0,1,0,0,0,1,True,53373,0.7734810108741508
53380,2026-06-17 11:15:00,11,1,MARKUP,2,C,1.40004076,1.3994748756016044,1.4014554709959888,0.0005658843983955553,0.00023024879679096457,0,1,1,0,0,1,True,53384,1.75
53402,2026-06-17 13:05:00,13,1,MARKUP,3,B,1.40007166,1.3995331851582404,1.401417847104399,0.0005384748417596175,0.00021362968351917446,0,1,1,1,0,1,False,-1,
53414,2026-06-17 14:05:00,14,1,MARKUP,2,C,1.4002270399999999,1.3994659718996545,1.4021297102508634,0.0007610681003453745,0.00020805620069099526,0,1,1,0,0,1,False,-1,
53426,2026-06-17 15:05:00,15,1,MARKUP,2,C,1.40038748,1.3994594675003413,1.4027075112491467,0.0009280124996586814,0.00022106499931736964,0,1,1,0,0,1,False,-1,
53438,2026-06-17 16:05:00,16,1,MARKUP,0,C,1.40038748,1.399434446414624,1.4027700639634402,0.0009530335853760175,0.0002711071707517946,0,0,0,0,0,1,False,-1,
53450,2026-06-17 17:05:00,17,1,MARKUP,1,C,1.40049062,1.3993777666821106,1.4032727532947238,0.0011128533178894617,0.00038446663577900066,0,1,0,0,0,1,False,-1,
53462,2026-06-17 18:05:00,18,1,MARKUP,2,C,1.4010131000000001,1.4000317189671312,1.4034665525821723,0.0009813810328689332,0.00039656206573771073,0,1,1,0,0,1,False,-1,
53474,2026-06-17 19:05:00,19,1,MARKUP,2,C,1.40158926,1.4002817956380877,1.4048579209047805,0.0013074643619122028,0.0003764087238241831,0,1,1,0,0,1,False,-1,
53486,2026-06-17 20:05:00,20,1,MARKUP,1,C,1.40169622,1.4003157515620297,1.405147391094926,0.0013804684379703502,0.00030849687594016216,0,1,0,0,0,1,False,-1,
53631,2026-06-18 08:10:00,8,1,MARKUP,3,B,1.41006008,1.4094297319636409,1.411635950090898,0.0006303480363591962,0.00016053607271855153,1,1,1,0,0,1,False,-1,
53643,2026-06-18 09:10:00,9,1,MARKUP,1,C,1.41021468,1.4094286307966577,1.4121798030083554,0.0007860492033422428,0.0002427384066846091,0,1,0,0,0,1,True,53649,0.7921346952953797
53655,2026-06-18 10:10:00,10,1,MARKUP,1,C,1.41026412,1.4094840872925767,1.412214201768558,0.0007800327074232172,0.00029182541484650584,0,1,0,0,0,1,True,53662,1.75
53667,2026-06-18 11:10:00,11,1,MARKUP,2,C,1.4103321,1.4095557884136773,1.4122728789658066,0.0007763115863226311,0.00036842317264522146,0,1,1,0,0,1,False,-1,
53689,2026-06-18 13:00:00,13,1,MARKUP,2,C,1.4110271200000002,1.409656138277078,1.4144545743073056,0.00137098172292216,0.00032772344584388534,0,1,1,0,0,1,False,-1,
53701,2026-06-18 14:00:00,14,1,MARKUP,2,C,1.41113408,1.4096477397807212,1.4148499305481972,0.0014863402192788477,0.00034452043855788696,0,1,1,0,0,1,True,53717,0.7172142720349457
53713,2026-06-18 15:00:00,15,1,MARKUP,1,C,1.4111952,1.4096196960882768,1.4151339597793084,0.0015755039117233416,0.000400607823446763,0,1,0,0,0,1,True,53717,1.3364318807992481
53750,2026-06-18 18:05:00,18,1,MARKUP,3,B,1.41240648,1.4115293406938423,1.4145993282653944,0.000877139306157737,0.0005013186123155183,0,1,1,0,1,1,False,-1,
53762,2026-06-18 19:05:00,19,1,MARKUP,1,C,1.41243902,1.410809296655757,1.4165133283606077,0.0016297233442430503,0.0005014066884857368,0,1,0,0,0,1,False,-1,
53774,2026-06-18 20:05:00,20,1,MARKUP,1,C,1.41243902,1.4108673880182434,1.4163680999543917,0.0015716319817566937,0.0003852239635132861,0,1,0,0,0,1,False,-1,
53917,2026-06-19 08:00:00,8,1,MARKUP,1,C,1.41452568,1.413569565433596,1.4169159664160096,0.0009561145664038762,0.00020086913280789346,0,1,0,0,0,1,True,53929,-1.0
53964,2026-06-19 11:55:00,11,-1,MARKDOWN,2,C,1.41501028,1.4161535049812535,1.4121522175468662,0.0011432249812535211,0.00040700996250698135,0,1,1,0,0,1,False,-1,
53977,2026-06-19 13:00:00,13,-1,MARKDOWN,1,C,1.41500264,1.416090646036174,1.412282624909565,0.001088006036173983,0.00028129207234780693,0,1,0,0,0,1,True,53995,-1.0
53994,2026-06-19 14:25:00,14,1,MARKUP,3,B,1.41420076,1.413621524489097,1.4156488487772572,0.0005792355109028868,0.00025695102180592626,0,1,1,1,0,1,False,-1,
54006,2026-06-19 15:25:00,15,1,MARKUP,2,C,1.41428366,1.413335368421272,1.41665438894682,0.000948291578728,0.0002692631574559908,0,1,1,0,0,1,False,-1,
54018,2026-06-19 16:25:00,16,1,MARKUP,2,C,1.41487576,1.413289690116822,1.418840934707945,0.0015860698831779985,0.00036061976635632964,0,1,1,0,0,1,False,-1,
54030,2026-06-19 17:25:00,17,1,MARKUP,2,C,1.41524508,1.4135647164965772,1.419445988758557,0.0016803635034228215,0.0003505670068454844,0,1,1,0,0,1,False,-1,
54042,2026-06-19 18:25:00,18,1,MARKUP,1,C,1.4157277799999999,1.4141018687439613,1.4197925581400965,0.0016259112560386146,0.0003562625120776038,0,1,0,0,0,1,False,-1,
54054,2026-06-19 19:25:00,19,1,MARKUP,0,C,1.41610902,1.4145956778961495,1.419892375259626,0.0015133421038504569,0.0002686442077012385,0,0,0,0,0,1,False,-1,
54066,2026-06-19 20:25:00,20,1,MARKUP,1,C,1.4161213799999999,1.4146389770468166,1.4198273873829579,0.0014824029531832483,0.00022204590636646336,0,0,1,0,0,1,False,-1,
54205,2026-06-22 08:00:00,8,1,MARKUP,1,C,1.41767242,1.4166973301599872,1.4201101446000317,0.0009750898400127106,0.00018533968002559022,0,1,0,0,0,1,False,-1,
54217,2026-06-22 09:00:00,9,1,MARKUP,2,C,1.41767242,1.416674031262841,1.4201683918428973,0.0009983887371589617,0.00023193747431809238,0,1,1,0,0,1,True,54231,-1.0
54265,2026-06-22 13:00:00,13,-1,MARKDOWN,1,C,1.41833006,1.4194904853292611,1.415428996676847,0.0011604253292611943,0.00028097065852201287,0,1,0,0,0,1,False,-1,
54277,2026-06-22 14:00:00,14,-1,MARKDOWN,0,C,1.4182956800000002,1.419490906600321,1.4153076134991982,0.0011952266003207868,0.0002818132006417678,0,0,0,0,0,1,False,-1,
54289,2026-06-22 15:00:00,15,-1,MARKDOWN,2,C,1.41762206,1.418404342092179,1.4156663547695525,0.0007822820921790097,0.00028868418435798254,0,1,1,0,0,1,True,54306,1.75
54301,2026-06-22 16:00:00,16,-1,MARKDOWN,2,C,1.41681604,1.4184512836461218,1.4127279308846956,0.0016352436461217756,0.0003825672922434782,0,1,1,0,0,1,True,54305,0.7914520611975171
54315,2026-06-22 17:10:00,17,-1,MARKDOWN,2,C,1.4165503,1.41809099062627,1.4126985734343247,0.001540690626270047,0.0005219812525401635,0,1,1,0,0,1,True,54330,0.5778577378350076
54340,2026-06-22 19:15:00,19,-1,MARKDOWN,2,C,1.41653794,1.4180486939810129,1.4127610550474679,0.0015107539810128578,0.0004773879620258649,0,0,1,0,1,1,True,54341,0.19721278496999461
54493,2026-06-23 08:00:00,8,1,MARKUP,1,C,1.4163767,1.41556560896384,1.4184044275904002,0.000811091036160061,0.000208782072319907,0,1,0,0,0,1,False,-1,
54505,2026-06-23 09:00:00,9,1,MARKUP,1,C,1.41650052,1.4156837314689759,1.4185424913275604,0.0008167885310241818,0.00021253706204790292,0,1,0,0,0,1,False,-1,
54517,2026-06-23 10:00:00,10,1,MARKUP,0,C,1.41686724,1.4156510197742078,1.4199077905644804,0.0012162202257921528,0.00027796045158423165,0,0,0,0,0,1,True,54521,0.8921562014943027
54529,2026-06-23 11:00:00,11,1,MARKUP,2,C,1.41728748,1.4162840182792282,1.4197961343019292,0.0010034617207717034,0.00037196344154323676,1,0,0,1,0,1,True,54530,0.7659078053540613
54553,2026-06-23 13:00:00,13,1,MARKUP,1,C,1.41767682,1.4169645377829765,1.419457525542559,0.0007122822170235743,0.00027092443404726815,0,1,0,0,0,1,False,-1,
54565,2026-06-23 14:00:00,14,1,MARKUP,2,C,1.41759748,1.4166554397482023,1.4199525806294941,0.0009420402517976711,0.0002491205035952956,0,1,1,0,0,1,False,-1,
54577,2026-06-23 15:00:00,15,1,MARKUP,1,C,1.41767388,1.416658385692473,1.420212615768817,0.0010154943075268985,0.00024322861505395748,0,1,0,0,0,1,True,54598,1.2902012830146479
54589,2026-06-23 16:00:00,16,1,MARKUP,1,C,1.4179425399999999,1.4170343637220693,1.4202129806948265,0.0009081762779306057,0.0003112725558615275,0,0,1,0,0,1,True,54597,-1.0
54602,2026-06-23 17:05:00,17,1,MARKUP,2,C,1.41828244,1.417509020150139,1.4202159896246527,0.0007734198498610123,0.0004619596997218341,0,1,1,0,0,1,False,-1,
54614,2026-06-23 18:05:00,18,1,MARKUP,2,C,1.4181476800000001,1.4166869392013868,1.4217995319965335,0.001460740798613358,0.0004461215972265606,0,1,1,0,0,1,False,-1,
54626,2026-06-23 19:05:00,19,1,MARKUP,2,C,1.4182508200000001,1.416716431337792,1.4220867916555204,0.0015343886622081193,0.0003871373244159797,0,1,1,0,0,1,False,-1,
54638,2026-06-23 20:05:00,20,1,MARKUP,1,C,1.4184991200000001,1.416741303376651,1.4228936615583732,0.0017578166233491732,0.00033739324669845925,0,1,0,0,0,1,False,-1,
54781,2026-06-24 08:00:00,8,1,MARKUP,1,C,1.4213076,1.4205305114468922,1.4232503213827694,0.0007770885531077631,0.00017897710621560814,1,0,0,0,0,1,True,54782,0.9857706783105789
54793,2026-06-24 09:00:00,9,1,MARKUP,2,C,1.4213076,1.4205291283158255,1.4232537792104365,0.0007784716841745531,0.0001817433683491573,0,1,1,0,0,1,False,-1,
54805,2026-06-24 10:00:00,10,1,MARKUP,1,C,1.4213619800000001,1.4205212544280776,1.4234637939298063,0.000840725571922496,0.0002374911438450908,0,1,0,0,0,1,False,-1,
54817,2026-06-24 11:00:00,11,1,MARKUP,2,C,1.42189344,1.421035432051241,1.4240384598718976,0.0008580079487590098,0.00024913589751763036,0,1,1,0,0,1,False,-1,
54841,2026-06-24 13:00:00,13,1,MARKUP,2,C,1.42220286,1.4210172177435687,1.4251669656410786,0.001185642256431363,0.0002855645128623905,0,1,1,0,0,1,True,54863,1.1927621433288955
54867,2026-06-24 15:10:00,15,1,MARKUP,3,B,1.4228023200000002,1.4219394179037284,1.4249595752406798,0.0008629020962718226,0.0003811641925433426,0,1,1,0,1,1,True,54885,1.0406220795515724
54879,2026-06-24 16:10:00,16,1,MARKUP,2,C,1.42316994,1.4219318653805244,1.4262651265486888,0.0012380746194755599,0.0004362692389510265,0,1,1,0,0,1,True,54884,0.7283335118005534
54892,2026-06-24 17:15:00,17,1,MARKUP,2,C,1.42316994,1.421925136677217,1.4262819483069573,0.0012448033227829836,0.0004497266455662633,1,0,1,0,0,1,True,54905,-1.0
54911,2026-06-24 18:50:00,18,1,MARKUP,2,C,1.42316994,1.4219277713841496,1.4262753615396258,0.0012421686158503586,0.0004444572317009887,0,1,1,0,0,1,True,54916,-1.0
55069,2026-06-25 08:00:00,8,-1,MARKDOWN,1,C,1.42374026,1.4244164019012235,1.422049905246941,0.0006761419012235592,0.00015280380244715218,0,1,0,0,0,1,True,55077,1.1743663368580743
55081,2026-06-25 09:00:00,9,1,MARKUP,2,C,1.4232475,1.4226845256773788,1.424654935806553,0.0005629743226212014,0.00017094864524195677,0,1,1,0,0,1,True,55104,-1.0
55093,2026-06-25 10:00:00,10,1,MARKUP,2,C,1.42338446,1.4226794267441112,1.4251470431397224,0.0007050332558888872,0.00024114651177792196,0,1,1,0,0,1,True,55104,-1.0
55111,2026-06-25 11:30:00,11,-1,MARKDOWN,1,C,1.42354308,1.4244794417752502,1.4212021755618744,0.0009363617752502496,0.00029888355050083665,0,1,0,0,0,1,True,55126,-1.0
55129,2026-06-25 13:00:00,13,-1,MARKDOWN,2,C,1.42354308,1.4244592916364667,1.4212525509088332,0.0009162116364667128,0.00025858327293378695,1,0,0,0,1,1,True,55130,-1.0
55141,2026-06-25 14:00:00,14,1,MARKUP,2,C,1.42312186,1.422144580109513,1.4255650597262175,0.000977279890487015,0.00025083978097376004,0,1,1,0,0,1,True,55160,-1.0
55153,2026-06-25 15:00:00,15,1,MARKUP,1,C,1.4232441,1.4221466847322828,1.425987638169293,0.0010974152677172277,0.00024663053543433615,0,1,0,0,0,1,True,55160,-1.0
55171,2026-06-25 16:30:00,16,-1,MARKDOWN,2,C,1.42357468,1.4250608717374778,1.4198592006563056,0.0014861917374777711,0.00048174347495543135,0,1,1,0,0,1,False,-1,
55183,2026-06-25 17:30:00,17,-1,MARKDOWN,2,C,1.42279922,1.4251427671496342,1.4169403521259143,0.002343547149634251,0.0006455342992685428,0,1,1,0,0,1,False,-1,
55195,2026-06-25 18:30:00,18,-1,MARKDOWN,1,C,1.42261586,1.4251364946055494,1.416314273486127,0.002520634605549299,0.0006329892110986151,0,1,0,0,0,1,False,-1,
55207,2026-06-25 19:30:00,19,-1,MARKDOWN,1,C,1.42212308,1.425084650820102,1.4147191529497447,0.0029615708201020663,0.0005293016402039969,0,1,0,0,0,1,False,-1,
55219,2026-06-25 20:30:00,20,-1,MARKDOWN,0,C,1.42159778,1.4241857377979683,1.415127885505079,0.0025879577979683877,0.00043147559593677184,0,0,0,0,0,1,False,-1,
55357,2026-06-26 08:00:00,8,-1,MARKDOWN,1,C,1.42022274,1.4210718428096194,1.4180999829759515,0.000849102809619362,0.00022368561923899002,0,1,0,0,0,1,False,-1,
55369,2026-06-26 09:00:00,9,-1,MARKDOWN,0,C,1.42002792,1.4210833842646842,1.41738925933829,0.0010554642646840584,0.0002467685293682242,0,0,0,0,0,1,True,55392,1.0299103122342539
55381,2026-06-26 10:00:00,10,-1,MARKDOWN,0,C,1.42002792,1.4211248546456425,1.417285583385894,0.0010969346456424223,0.00032970929128488984,0,0,0,0,0,1,True,55392,1.0098766825103518
55394,2026-06-26 11:05:00,11,-1,MARKDOWN,2,C,1.41965712,1.4205699556182658,1.4173750309543358,0.0009128356182657171,0.00041991123653136,0,1,1,0,0,1,False,-1,
55417,2026-06-26 13:00:00,13,-1,MARKDOWN,1,C,1.4192987,1.4202997866831555,1.4167959832921109,0.001001086683155572,0.00035957336631093885,0,1,0,0,0,1,False,-1,
55429,2026-06-26 14:00:00,14,-1,MARKDOWN,1,C,1.41927578,1.4202668857749892,1.416798015562527,0.000991105774989176,0.00029377154997803676,0,1,0,0,0,1,False,-1,
55441,2026-06-26 15:00:00,15,-1,MARKDOWN,1,C,1.41926814,1.4202815658496635,1.4167345753758414,0.001013425849663463,0.0003231316993269673,0,0,1,0,0,1,False,-1,
55453,2026-06-26 16:00:00,16,-1,MARKDOWN,2,C,1.41891938,1.4200351407317287,1.4161299781706782,0.0011157607317286988,0.000390281463457165,0,1,1,0,0,1,True,55475,0.5
55465,2026-06-26 17:00:00,17,-1,MARKDOWN,1,C,1.4182686999999998,1.4193207893267399,1.4156384766831498,0.0010520893267400577,0.0004615786534796731,0,1,0,0,0,1,True,55473,-1.0
55498,2026-06-26 19:45:00,19,1,MARKUP,2,C,1.4181318399999998,1.4166959279732265,1.4217216200669331,0.0014359120267732894,0.00048814405354677545,0,1,0,0,1,1,False,-1,
55510,2026-06-26 20:45:00,20,1,MARKUP,2,C,1.4181318399999998,1.416765907372147,1.4215466715696317,0.001365932627852784,0.0003481852557055401,0,1,0,0,1,1,False,-1,
55656,2026-06-29 08:55:00,8,-1,MARKDOWN,3,B,1.41915026,1.4198370685828965,1.4174332385427593,0.000686808582896381,0.00017413716579299968,0,1,1,0,1,1,False,-1,
55668,2026-06-29 09:55:00,9,-1,MARKDOWN,2,C,1.41864476,1.4194505553735222,1.416630271566195,0.0008057953735221002,0.00022111074704411624,0,1,0,0,1,1,True,55679,-1.0
55691,2026-06-29 11:50:00,11,1,MARKUP,2,C,1.4184177,1.4173808226664277,1.4210098933339306,0.0010368773335722725,0.00027835466714481826,0,1,1,0,0,1,False,-1,
55705,2026-06-29 13:00:00,13,1,MARKUP,0,C,1.41844062,1.4173913026917315,1.4210639132706708,0.0010493173082684049,0.0002573946165373368,0,0,0,0,0,1,False,-1,
55717,2026-06-29 14:00:00,14,1,MARKUP,0,C,1.41844062,1.4174016112278458,1.4210381419303852,0.0010390087721541263,0.00023677754430868582,0,0,0,0,0,1,False,-1,
55729,2026-06-29 15:00:00,15,1,MARKUP,1,C,1.4188942,1.4175631382882927,1.4222218542792682,0.001331061711707271,0.00029372342341452736,0,1,0,0,0,1,False,-1,
55741,2026-06-29 16:00:00,16,1,MARKUP,1,C,1.4195700599999999,1.4185234215230804,1.4221866561922984,0.001046638476919437,0.00031315695383921126,0,1,0,0,0,1,False,-1,
55753,2026-06-29 17:00:00,17,1,MARKUP,2,C,1.41984792,1.418672718600473,1.4227859234988176,0.0011752013995269817,0.000394562799054108,0,1,1,0,0,1,False,-1,
55765,2026-06-29 18:00:00,18,1,MARKUP,1,C,1.41998544,1.4186215122968922,1.4233952592577697,0.0013639277031078922,0.0004969754062158281,0,0,1,0,0,1,True,55786,0.7719761937210448
55777,2026-06-29 19:00:00,19,1,MARKUP,0,C,1.42011522,1.4188888962814976,1.4231810292962561,0.0012263237185023979,0.0003822074370050243,0,0,0,0,0,1,True,55784,0.749579993099831
55933,2026-06-30 08:00:00,8,1,MARKUP,2,C,1.42230388,1.4213160398425335,1.4247734803936665,0.0009878401574665574,0.0001879203149329874,0,1,1,0,0,1,False,-1,
55945,2026-06-30 09:00:00,9,1,MARKUP,2,C,1.42230388,1.4213173391982923,1.4247702320042697,0.0009865408017077915,0.0001853216034155512,0,1,1,0,0,1,False,-1,
55970,2026-06-30 11:05:00,11,1,MARKUP,2,C,1.4233729000000002,1.4228407221857162,1.42470334453571,0.0005321778142839406,0.00033855562856764795,0,1,1,0,0,1,True,55971,-1.0
55993,2026-06-30 13:00:00,13,1,MARKUP,1,C,1.42300266,1.4222395606937672,1.4249104082655824,0.0007630993062328617,0.00028087861246565353,0,1,0,0,0,1,False,-1,
56006,2026-06-30 14:05:00,14,1,MARKUP,0,C,1.42300266,1.4222553739514014,1.4248708751214967,0.0007472860485986388,0.0002492520971969448,0,0,0,0,0,1,True,56026,-1.0
56021,2026-06-30 15:20:00,15,1,MARKUP,1,C,1.42329298,1.4222328943822842,1.4259431940442897,0.0010600856177158668,0.00029421123543166104,0,0,1,0,0,1,True,56023,-1.0
56037,2026-06-30 16:40:00,16,-1,MARKDOWN,3,B,1.42347884,1.4249905848006292,1.419699477998427,0.0015117448006292111,0.00044116960125837934,0,1,1,0,1,1,False,-1,
56049,2026-06-30 17:40:00,17,-1,MARKDOWN,1,C,1.42292876,1.4250315748662512,1.417671722834372,0.0021028148662511903,0.0005231497325024199,0,1,0,0,0,1,False,-1,
56061,2026-06-30 18:40:00,18,-1,MARKDOWN,0,C,1.42232138,1.4250322956267059,1.4155440909332357,0.002710915626705779,0.0005245912534114195,0,0,0,0,0,1,False,-1,
56073,2026-06-30 19:40:00,19,-1,MARKDOWN,1,C,1.42186406,1.4242260320839009,1.4159591297902483,0.002361972083900765,0.0003920641678012464,0,0,1,0,0,1,False,-1,
56247,2026-07-01 10:10:00,10,1,MARKUP,3,B,1.4213693,1.4208128343720217,1.422760464069946,0.0005564656279783975,0.0002343312559566635,0,1,1,1,0,1,False,-1,
56259,2026-07-01 11:10:00,11,1,MARKUP,2,C,1.42144188,1.420798930064552,1.4230492548386198,0.0006429499354478896,0.0002621398708959329,0,1,1,0,0,1,False,-1,
56281,2026-07-01 13:00:00,13,1,MARKUP,1,C,1.42154884,1.4208093803080875,1.4233974892297816,0.0007394596919125807,0.00024123938382515696,0,1,0,0,0,1,True,56288,0.817239698983316
56304,2026-07-01 14:55:00,14,1,MARKUP,2,C,1.42185784,1.4213288369630541,1.4231803475923646,0.0005290030369458076,0.00020232607389153426,0,1,1,0,0,1,True,56308,1.75
56316,2026-07-01 15:55:00,15,1,MARKUP,3,B,1.42214366,1.4211796889408663,1.424553587647834,0.0009639710591335948,0.00030062211826715986,0,1,1,0,1,1,True,56321,-1.0
56330,2026-07-01 17:05:00,17,-1,MARKDOWN,2,C,1.42187212,1.4238484099173714,1.4169313952065714,0.001976289917371421,0.0006368198347428574,0,1,1,0,0,1,False,-1,
56342,2026-07-01 18:05:00,18,-1,MARKDOWN,1,C,1.42187212,1.4238634741935579,1.4168937345161052,0.0019913541935578927,0.000666948387115894,0,1,0,0,0,1,False,-1,
56354,2026-07-01 19:05:00,19,-1,MARKDOWN,2,C,1.42187212,1.4237763098631862,1.4171116453420345,0.0019041898631861898,0.0004926197263725816,0,1,1,0,0,1,False,-1,
56366,2026-07-01 20:05:00,20,-1,MARKDOWN,1,C,1.42187212,1.423711801655972,1.4172729158600699,0.0018396816559720364,0.00036360331194426506,0,0,1,0,0,1,False,-1,
56518,2026-07-02 08:45:00,8,1,MARKUP,0,C,1.42129132,1.4207211475479622,1.4227167511300942,0.0005701724520377205,0.00017770490407522928,0,0,0,0,0,1,True,56521,-1.0
56530,2026-07-02 09:45:00,9,-1,MARKDOWN,2,C,1.4211341,1.4222233041589456,1.4184110896026358,0.0010892041589456447,0.0003066083178911967,0,1,1,0,0,1,False,-1,
56542,2026-07-02 10:45:00,10,-1,MARKDOWN,2,C,1.42104624,1.4222535381613515,1.418027994596621,0.0012072981613515665,0.0003670763227029085,0,1,1,0,0,1,False,-1,
56554,2026-07-02 11:45:00,11,-1,MARKDOWN,1,C,1.4206803,1.4221503558297133,1.4170051604257163,0.0014700558297133792,0.00038071165942673814,0,1,0,0,0,1,False,-1,
56569,2026-07-02 13:00:00,13,-1,MARKDOWN,1,C,1.4206185,1.4220111231687635,1.4171369420780913,0.0013926231687635404,0.00030224633752673296,0,0,1,0,0,1,True,56579,1.75
56598,2026-07-02 15:25:00,15,1,MARKUP,1,C,1.41987442,1.4184480000278592,1.4234404699303518,0.0014264199721407689,0.00032399994428149425,0,1,0,0,0,1,True,56599,-1.0
56610,2026-07-02 16:25:00,16,-1,MARKDOWN,1,C,1.41927274,1.4223351905982926,1.4116166135042687,0.0030624505982925765,0.0008303811965851067,0,1,0,0,0,1,False,-1,
56622,2026-07-02 17:25:00,17,-1,MARKDOWN,1,C,1.41927274,1.4223324520096068,1.4116234599759832,0.003059712009606752,0.0008249040192134592,0,1,0,0,0,1,False,-1,
56797,2026-07-03 08:00:00,8,-1,MARKDOWN,2,C,1.41844682,1.4198717432032806,1.4148845119917985,0.0014249232032805814,0.00018348640656125258,0,1,1,0,0,1,False,-1,
56809,2026-07-03 09:00:00,9,-1,MARKDOWN,1,C,1.4177383799999999,1.4189499924203666,1.4147093489490832,0.0012116124203667145,0.000199984840733088,0,1,0,0,0,1,True,56829,-1.0
56857,2026-07-03 13:00:00,13,1,MARKUP,2,C,1.41695612,1.4158255050314845,1.4197826574212888,0.0011306149685155198,0.00022898993703089057,0,1,1,0,0,1,False,-1,
56869,2026-07-03 14:00:00,14,1,MARKUP,2,C,1.41716308,1.4159397476637992,1.4202214108405018,0.0012233323362007553,0.00020050467240164346,0,1,1,0,0,1,False,-1,
56881,2026-07-03 15:00:00,15,1,MARKUP,2,C,1.41808116,1.416652919915232,1.4216517602119203,0.001428240084768051,0.0002741601695361241,0,1,1,0,0,1,False,-1,
56893,2026-07-03 16:00:00,16,1,MARKUP,1,C,1.4187605,1.4175717821223817,1.421732294694046,0.0011887178776184282,0.0002764357552365647,0,1,0,0,0,1,False,-1,
56905,2026-07-03 17:00:00,17,1,MARKUP,0,C,1.4189017400000001,1.4177641532542007,1.4217457068644987,0.001137586745799446,0.0003116934915989202,0,0,0,0,0,1,False,-1,
56917,2026-07-03 18:00:00,18,1,MARKUP,2,C,1.41907478,1.4180382034895378,1.4216662212761557,0.0010365765104622948,0.0003235930209245265,0,1,1,0,0,1,False,-1,
56929,2026-07-03 19:00:00,19,1,MARKUP,1,C,1.41931692,1.4183813007211334,1.4216559681971663,0.0009356192788665396,0.00029739855773325654,0,1,0,0,0,1,False,-1,
56941,2026-07-03 20:00:00,20,1,MARKUP,2,C,1.41976536,1.4190854807634634,1.4214650580913415,0.0006798792365365625,0.00022903847307304215,0,1,1,0,0,1,True,56955,0.9478698210481765
57085,2026-07-06 08:00:00,8,1,MARKUP,2,C,1.42069874,1.4202192492025196,1.4218974669937008,0.00047949079748033085,0.00014150159496090627,0,1,1,0,0,1,True,57091,1.75
57100,2026-07-06 09:15:00,9,1,MARKUP,3,B,1.4209150400000001,1.4205416096424162,1.42184861589396,0.00037343035758397036,0.00019678071516774167,0,1,1,1,0,1,False,-1,
57112,2026-07-06 10:15:00,10,1,MARKUP,1,C,1.42110008,1.420430761012248,1.42277337746938,0.0006693189877520211,0.00023847797550390537,0,1,0,0,0,1,False,-1,
57124,2026-07-06 11:15:00,11,1,MARKUP,1,C,1.4212567,1.4204274962936516,1.4233297092658712,0.0008292037063484248,0.0002450074126965754,0,1,0,0,0,1,False,-1,
57145,2026-07-06 13:00:00,13,1,MARKUP,2,C,1.4215775800000001,1.4204426019785112,1.4244150250537224,0.001134978021488875,0.0002147960429773618,0,1,1,0,0,1,True,57149,1.207579220178987
57173,2026-07-06 15:20:00,15,1,MARKUP,3,B,1.42216468,1.4213424047730132,1.4242203680674672,0.0008222752269868572,0.00031519045397366755,0,1,1,0,1,1,True,57185,0.9274639123425379
57190,2026-07-06 16:45:00,16,1,MARKUP,3,B,1.4222708400000001,1.4210870106551248,1.4252304133621885,0.0011838293448753756,0.0003659786897506929,1,0,1,0,1,1,True,57206,-1.0
57202,2026-07-06 17:45:00,17,1,MARKUP,3,B,1.4222708400000001,1.4210658886570335,1.4252832183574167,0.0012049513429666092,0.0004082226859332094,0,1,1,1,0,1,True,57206,-1.0
57224,2026-07-06 19:35:00,19,-1,MARKDOWN,1,C,1.42281276,1.4240448281853646,1.4197325895365887,0.0012320681853645876,0.0003096563707290753,0,1,0,0,0,1,False,-1,
57236,2026-07-06 20:35:00,20,-1,MARKDOWN,2,C,1.42281276,1.4240314415850885,1.4197660560372787,0.0012186815850885324,0.00028288317017698383,0,1,1,0,0,1,False,-1,
57373,2026-07-07 08:00:00,8,1,MARKUP,2,C,1.42123582,1.4207735987766532,1.4223913730583666,0.0004622212233467149,0.00015280244669361128,0,1,1,0,0,1,False,-1,
57385,2026-07-07 09:00:00,9,1,MARKUP,0,C,1.42137424,1.4207803359265916,1.422859000183521,0.0005939040734084244,0.0001793281468167972,0,0,0,0,0,1,True,57395,0.8348338118492441
57402,2026-07-07 10:25:00,10,1,MARKUP,2,C,1.42152874,1.4210135016569472,1.4228168358576323,0.0005152383430528928,0.00021299668610533356,0,1,1,0,0,1,True,57404,0.736025067644516
57442,2026-07-07 13:45:00,13,-1,MARKDOWN,1,C,1.42170868,1.4222891004105942,1.4202576289735147,0.0005804204105941402,0.00019820082118844447,0,1,0,0,0,1,True,57455,-1.0
57463,2026-07-07 15:30:00,15,-1,MARKDOWN,2,C,1.42147184,1.4223196204105089,1.4193523889737276,0.0008477804105089248,0.0002592408210174565,1,0,1,0,0,1,True,57464,-1.0
57479,2026-07-07 16:50:00,16,-1,MARKDOWN,2,C,1.42166736,1.4228112058151081,1.4188077454622299,0.0011438458151080688,0.0003624116302162804,0,1,1,0,0,1,False,-1,
57491,2026-07-07 17:50:00,17,-1,MARKDOWN,2,C,1.42130446,1.4228252806231545,1.4175024084421137,0.0015208206231545063,0.00039056124630898036,0,1,1,0,0,1,False,-1,
57503,2026-07-07 18:50:00,18,-1,MARKDOWN,1,C,1.42118222,1.4228111452089758,1.4171099069775603,0.00162892520897584,0.0003622904179512502,0,1,0,0,0,1,False,-1,
57515,2026-07-07 19:50:00,19,-1,MARKDOWN,1,C,1.42116694,1.4227764613516538,1.4171431366208656,0.0016095213516538198,0.00029292270330769906,0,0,1,0,0,1,False,-1,
57527,2026-07-07 20:50:00,20,-1,MARKDOWN,2,C,1.42113638,1.4227453373804495,1.4171139865488764,0.0016089573804494162,0.00023067476089868411,0,1,1,0,0,1,False,-1,
57661,2026-07-08 08:00:00,8,-1,MARKDOWN,2,C,1.42008072,1.4209542547205132,1.4178968831987173,0.0008735347205131028,0.00018850944102647533,0,1,1,0,0,1,False,-1,
57673,2026-07-08 09:00:00,9,-1,MARKDOWN,1,C,1.41985534,1.4209683076795547,1.4170729208011132,0.0011129676795547105,0.00021661535910960184,0,1,0,0,0,1,False,-1,
57685,2026-07-08 10:00:00,10,-1,MARKDOWN,2,C,1.41908276,1.4202917651591334,1.4160602471021666,0.0012090051591333584,0.00026353031826651323,0,1,1,0,0,1,False,-1,
57697,2026-07-08 11:00:00,11,-1,MARKDOWN,2,C,1.4184592999999999,1.4200897430198316,1.4143831924504204,0.0016304430198317288,0.000319486039663475,0,1,1,0,0,1,False,-1,
57721,2026-07-08 13:00:00,13,-1,MARKDOWN,1,C,1.41768918,1.419270318661236,1.4137363333469097,0.0015811386612361034,0.00048063732247235867,0,1,0,0,0,1,True,57738,-1.0
57790,2026-07-08 18:45:00,18,1,MARKUP,1,C,1.41764622,1.4161791828461396,1.4213138128846508,0.0014670371538603177,0.00048163430772052505,0,1,0,0,0,1,True,57799,-1.0
57806,2026-07-08 20:05:00,20,-1,MARKDOWN,3,B,1.41795264,1.4191072049590363,1.4150662276024093,0.0011545649590363194,0.0004144099180724422,0,1,1,1,0,1,False,-1,
57949,2026-07-09 08:00:00,8,-1,MARKDOWN,2,C,1.41651496,1.4168637151669592,1.4156430720826019,0.0003487551669592026,0.00014743033391841372,1,1,0,0,0,1,True,57961,1.75
57961,2026-07-09 09:00:00,9,-1,MARKDOWN,0,C,1.41652766,1.4169570741521706,1.4154541246195738,0.0004294141521705708,0.00019414830434149395,0,0,0,0,0,1,True,57962,1.75
57983,2026-07-09 10:50:00,10,1,MARKUP,2,C,1.41639544,1.4151230920858906,1.4195763097852736,0.0012723479141094618,0.0003138158282187906,0,1,1,0,0,1,False,-1,
57995,2026-07-09 11:50:00,11,1,MARKUP,2,C,1.416617,1.4151406824866235,1.4203077937834414,0.0014763175133765127,0.000278635026753313,0,1,1,0,0,1,False,-1,
58009,2026-07-09 13:00:00,13,1,MARKUP,0,C,1.4166934,1.4151399903049602,1.4205769242375994,0.001553409695039809,0.00028001939007992025,0,0,0,0,0,1,False,-1,
58021,2026-07-09 14:00:00,14,1,MARKUP,1,C,1.4166934,1.4151415748493916,1.420572962876521,0.0015518251506083658,0.00027685030121685027,0,0,1,0,0,1,True,58037,0.20401783015036953
58072,2026-07-09 18:15:00,18,-1,MARKDOWN,1,C,1.41768364,1.418689417113814,1.4151691972154645,0.0010057771138141103,0.0004988342276282055,0,1,0,0,0,1,False,-1,
58084,2026-07-09 19:15:00,19,-1,MARKDOWN,2,C,1.41746208,1.4186255289488492,1.4145534576278769,0.0011634489488492328,0.00037105789769858614,0,1,1,0,0,1,False,-1,
58096,2026-07-09 20:15:00,20,-1,MARKDOWN,2,C,1.41732612,1.4183722081360393,1.414710899659902,0.001046088136039236,0.00030441627207826173,0,1,1,0,0,1,False,-1,
58271,2026-07-10 10:50:00,10,1,MARKUP,2,C,1.414796,1.4135164662407003,1.4179948343982491,0.001279533759299678,0.0002670675185997956,0,1,1,0,0,1,False,-1,
58283,2026-07-10 11:50:00,11,1,MARKUP,2,C,1.41550478,1.4145044363025994,1.4180056392435016,0.0010003436974006519,0.00025112739480151756,0,1,1,0,0,1,False,-1,
58297,2026-07-10 13:00:00,13,1,MARKUP,1,C,1.41600558,1.4152498599228558,1.4178948801928604,0.0007557200771441952,0.00022028015428822344,0,1,0,0,0,1,True,58319,-1.0
58309,2026-07-10 14:00:00,14,1,MARKUP,2,C,1.41604884,1.4153112955275955,1.4178927011810112,0.0007375444724044833,0.00023740894480879556,0,1,1,0,0,1,True,58318,-1.0
58327,2026-07-10 15:30:00,15,-1,MARKDOWN,3,B,1.4160904,1.4173702284179892,1.4128908289550273,0.0012798284179891262,0.00042045683597860897,0,1,1,1,0,1,True,58342,1.75
58339,2026-07-10 16:30:00,16,-1,MARKDOWN,2,C,1.4160904,1.417378739112673,1.4128695522183174,0.0012883391126730093,0.0004374782253464513,0,1,1,0,0,1,True,58342,1.75
58355,2026-07-10 17:50:00,17,-1,MARKDOWN,3,B,1.4160904,1.4174206706265313,1.412764723433672,0.001330270626531238,0.0005213412530626219,0,1,1,1,0,1,False,-1,
58367,2026-07-10 18:50:00,18,-1,MARKDOWN,2,C,1.4157465999999999,1.4174113810461206,1.4115846473846978,0.001664781046120778,0.0005027620922411456,0,1,1,0,0,1,False,-1,
58379,2026-07-10 19:50:00,19,-1,MARKDOWN,1,C,1.41496596,1.4171882719208695,1.4094101801978263,0.002222311920869524,0.0004565438417391463,0,1,0,0,0,1,True,58396,-1.0
58391,2026-07-10 20:50:00,20,-1,MARKDOWN,0,C,1.41496596,1.417161694046376,1.4094766248840598,0.0021957340463760744,0.00040338809275214973,0,0,0,0,0,1,True,58396,-1.0
58527,2026-07-13 08:10:00,8,-1,MARKDOWN,1,C,1.4165846599999998,1.417576350504048,1.4141054337398795,0.000991690504048126,0.00017270100809601286,0,1,0,0,0,1,False,-1,
58539,2026-07-13 09:10:00,9,-1,MARKDOWN,0,C,1.4165846599999998,1.4176238729638317,1.41398662759042,0.0010392129638319147,0.0002677459276638362,0,0,0,0,0,1,False,-1,
58552,2026-07-13 10:15:00,10,-1,MARKDOWN,3,B,1.41634982,1.4172626885847992,1.414067648538002,0.0009128685847992202,0.00030537716959813324,0,1,1,0,1,1,False,-1,
58564,2026-07-13 11:15:00,11,-1,MARKDOWN,1,C,1.41543536,1.4169605377253385,1.411622415686654,0.0015251777253384446,0.00036107545067726133,0,1,0,0,0,1,False,-1,
58585,2026-07-13 13:00:00,13,-1,MARKDOWN,2,C,1.4152685,1.4166404580832488,1.4118386047918783,0.0013719580832487477,0.0002609161664977244,0,1,1,0,0,1,False,-1,
58597,2026-07-13 14:00:00,14,-1,MARKDOWN,2,C,1.41509278,1.4166529034702136,1.411192471324466,0.0015601234702136146,0.00028580694042725484,0,1,1,0,0,1,False,-1,
58609,2026-07-13 15:00:00,15,-1,MARKDOWN,0,C,1.4148884,1.4165002159543354,1.4108588601141614,0.0016118159543354604,0.00032043190867077825,0,0,0,0,0,1,False,-1,
58621,2026-07-13 16:00:00,16,-1,MARKDOWN,3,B,1.41366476,1.41454465367274,1.4114650258181505,0.0008798936727398843,0.0003693073454797193,0,1,1,1,0,1,True,58623,-1.0
58670,2026-07-13 20:05:00,20,1,MARKUP,2,C,1.4140591599999999,1.4129713847517296,1.4167785981206755,0.0010877752482703062,0.0003572304965407431,0,1,1,0,0,1,False,-1,
58813,2026-07-14 08:00:00,8,-1,MARKDOWN,2,C,1.41446444,1.4155346331456151,1.411788957135962,0.0010701931456151836,0.00016926629123028238,0,1,1,0,0,1,False,-1,
58825,2026-07-14 09:00:00,9,-1,MARKDOWN,2,C,1.4140751,1.4148995223947984,1.412014044013004,0.0008244223947984075,0.00015904478959680044,0,1,1,0,0,1,False,-1,
58837,2026-07-14 10:00:00,10,-1,MARKDOWN,2,C,1.41371048,1.4143382547885057,1.4121410430287358,0.0006277747885057305,0.0002165095770118272,0,1,1,0,0,1,False,-1,
58849,2026-07-14 11:00:00,11,-1,MARKDOWN,2,C,1.41228738,1.4137649506271461,1.4085934534321347,0.001477570627146152,0.00034990125429186714,0,1,1,0,0,1,False,-1,
58873,2026-07-14 13:00:00,13,-1,MARKDOWN,1,C,1.41150102,1.4137313609353253,1.4059251676616868,0.002230340935325259,0.0003427218706506425,0,1,0,0,0,1,True,58891,1.403540307392972
58903,2026-07-14 15:30:00,15,-1,MARKDOWN,2,C,1.40970754,1.4121235380438035,1.4036675448904914,0.0024159980438034356,0.0006070760876067047,0,1,1,0,0,1,False,-1,
58915,2026-07-14 16:30:00,16,-1,MARKDOWN,3,B,1.40926216,1.411965080734314,1.4025048581642148,0.002702920734314107,0.0007301614686281113,0,1,1,1,0,1,False,-1,
58927,2026-07-14 17:30:00,17,-1,MARKDOWN,1,C,1.40914756,1.411989728504166,1.4020421387395852,0.002842168504165965,0.0007794570083321609,0,1,0,0,0,1,False,-1,
58939,2026-07-14 18:30:00,18,-1,MARKDOWN,1,C,1.40899094,1.411909957316167,1.4016933967095824,0.0029190173161670607,0.000619914632334173,0,1,0,0,0,1,False,-1,
58951,2026-07-14 19:30:00,19,-1,MARKDOWN,1,C,1.40899094,1.4118341404723018,1.4018829388192455,0.002843200472301799,0.000468280944603869,0,0,1,0,0,1,False,-1,
59127,2026-07-15 10:10:00,10,-1,MARKDOWN,3,B,1.40447294,1.4049402691777402,1.4033046170556496,0.00046732917774017224,0.0003005383554801632,1,1,1,0,0,1,True,59128,-1.0
59161,2026-07-15 13:00:00,13,1,MARKUP,2,C,1.40509962,1.404226805563677,1.4072816560908077,0.0008728144363230328,0.00028638887264591776,0,1,1,0,0,1,False,-1,
59173,2026-07-15 14:00:00,14,1,MARKUP,2,C,1.4053823,1.4042354493737426,1.4082494265656438,0.0011468506262575229,0.0002691012525149312,0,1,1,0,0,1,True,59193,0.7293799158034286
59185,2026-07-15 15:00:00,15,1,MARKUP,2,C,1.40544724,1.4042326336326,1.4084837559184997,0.0012146063673998952,0.0002747327347999061,0,1,1,0,0,1,True,59193,0.6898512195220431
59207,2026-07-15 16:50:00,16,1,MARKUP,2,C,1.40626534,1.4051194763333934,1.4091299991665167,0.001145863666606628,0.0004810473332132254,0,1,1,0,0,1,True,59208,-1.0
59225,2026-07-15 18:20:00,18,-1,MARKDOWN,3,B,1.40651906,1.4079819245802234,1.4028618985494412,0.0014628645802234885,0.0005038491604469682,0,1,1,1,0,1,False,-1,
59237,2026-07-15 19:20:00,19,-1,MARKDOWN,1,C,1.40651906,1.4079496489583725,1.4029425876040684,0.0014305889583725584,0.00043929791674517864,0,1,0,0,0,1,False,-1,
59249,2026-07-15 20:20:00,20,-1,MARKDOWN,2,C,1.40598816,1.4073712407247299,1.402530458188175,0.0013830807247299237,0.00038248144945977273,0,1,1,0,0,1,False,-1,
59396,2026-07-16 08:35:00,8,1,MARKUP,2,C,1.40438738,1.403700850224356,1.40610370443911,0.0006865297756439848,0.0001582995512883186,0,1,1,0,0,1,True,59412,-1.0
59449,2026-07-16 13:00:00,13,-1,MARKDOWN,3,B,1.4047268800000001,1.4052794706647422,1.403345403338145,0.0005525906647421142,0.0002189413294843306,0,1,1,0,1,1,False,-1,
59461,2026-07-16 14:00:00,14,-1,MARKDOWN,2,C,1.4045397,1.4052802192097924,1.4026884019755188,0.0007405192097924562,0.00022043841958462208,0,1,0,0,1,1,False,-1,
59473,2026-07-16 15:00:00,15,-1,MARKDOWN,2,C,1.4039846599999999,1.4050559696977305,1.4013063857556733,0.0010713096977306158,0.00033193939546103464,0,1,1,0,0,1,False,-1,
59485,2026-07-16 16:00:00,16,-1,MARKDOWN,1,C,1.40379748,1.4050754623561852,1.4006025241095368,0.0012779823561852588,0.00037092471237028495,0,1,0,0,0,1,True,59509,-1.0
59497,2026-07-16 17:00:00,17,-1,MARKDOWN,1,C,1.40337368,1.4050264728402386,1.3992416978994036,0.0016527928402385594,0.00043294568047751343,0,1,0,0,0,1,True,59509,-1.0
59530,2026-07-16 19:45:00,19,1,MARKUP,2,C,1.40254362,1.4008756356527154,1.4067135808682116,0.0016679843472846567,0.00034872869456930916,0,1,1,0,0,1,False,-1,
59542,2026-07-16 20:45:00,20,1,MARKUP,1,C,1.40287596,1.4008950348083766,1.4078282729790585,0.001980925191623406,0.00030993038324680726,0,1,0,0,0,1,False,-1,
59678,2026-07-17 08:05:00,8,-1,MARKDOWN,4,A,1.40362744,1.404116604077295,1.4024045298067622,0.0004891640772950456,0.00015320815459027065,1,1,1,1,0,1,True,59679,0.9682991446081424
59696,2026-07-17 09:35:00,9,-1,MARKDOWN,3,B,1.4037594599999998,1.4042436779160015,1.4025489152099957,0.0004842179160016169,0.00022735583200325364,0,1,1,0,1,1,True,59716,0.9230804051730218
59708,2026-07-17 10:35:00,10,-1,MARKDOWN,2,C,1.4035952,1.4042530784878966,1.4019505037802587,0.0006578784878965571,0.00024615697579345996,0,1,0,0,1,1,True,59716,0.686558938089789
59720,2026-07-17 11:35:00,11,-1,MARKDOWN,1,C,1.40353318,1.404252382288085,1.4017351742797872,0.0007192022880850857,0.0002847645761701284,0,0,0,0,1,1,True,59725,0.7842716782707351
59737,2026-07-17 13:00:00,13,-1,MARKDOWN,3,B,1.40347756,1.4041567738346186,1.4017795254134535,0.0006792138346185528,0.0002735476692369133,0,1,1,0,1,1,True,59746,1.153862536748515
59756,2026-07-17 14:35:00,14,-1,MARKDOWN,2,C,1.40307586,1.4035140085487527,1.401980488628118,0.0004381485487527925,0.00028801709750558895,0,1,1,0,0,1,False,-1,
59768,2026-07-17 15:35:00,15,-1,MARKDOWN,1,C,1.403246,1.4041700219068096,1.400935945232976,0.0009240219068096245,0.0003200438136193177,0,1,0,0,0,1,False,-1,
59780,2026-07-17 16:35:00,16,-1,MARKDOWN,1,C,1.40298242,1.4042047874733203,1.3999265013166995,0.0012223674733202738,0.00038957494664049685,0,1,0,0,0,1,False,-1,
59792,2026-07-17 17:35:00,17,-1,MARKDOWN,1,C,1.40273794,1.404225772166683,1.3990183595832921,0.001487832166683134,0.00043154433336633585,0,1,0,0,0,1,False,-1,
59804,2026-07-17 18:35:00,18,-1,MARKDOWN,1,C,1.40273794,1.4042046530618033,1.3990711573454915,0.0014667130618033486,0.00038930612360680694,0,1,0,0,0,1,False,-1,
59816,2026-07-17 19:35:00,19,-1,MARKDOWN,2,C,1.4020332,1.4031328396509786,1.3992841008725536,0.00109963965097859,0.0003656793019575062,0,1,0,0,1,1,False,-1,
59965,2026-07-20 08:00:00,8,-1,MARKDOWN,0,C,1.4012752,1.401866907647302,1.3997959308817447,0.0005917076473020977,0.00011381529460407766,0,0,0,0,0,1,False,-1,
59980,2026-07-20 09:15:00,9,-1,MARKDOWN,3,B,1.40097238,1.4013995086029252,1.399904558492687,0.0004271286029251531,0.000159017205850071,0,1,1,0,1,1,True,59982,0.5984994624292355
59995,2026-07-20 10:30:00,10,-1,MARKDOWN,3,B,1.4008391199999999,1.4012756863548739,1.3997477041128148,0.00043656635487399065,0.00023137270974779567,0,1,1,1,1,1,True,59997,0.06670234587454343
