i,time,heure,sens,phase,score,grade,entry,sl,tp,risque,atr,f_fib,f_kijun,f_rsi,f_fvg,f_ob,f_rr,rempli,bar_fill,resultat_R
105,2025-09-29 11:25:00,11,-1,MARKDOWN,1,C,148.785798,149.00862183976577,148.2287384005856,0.22282383976576625,0.055243679531515565,0,1,0,0,0,1,False,-1,
124,2025-09-29 13:00:00,13,-1,MARKDOWN,1,C,148.780236,148.99587880592958,148.24112898517606,0.2156428059295763,0.04775761185912413,0,0,1,0,0,1,True,141,0.8797800555288424
173,2025-09-29 17:05:00,17,-1,MARKDOWN,3,B,148.687412,148.84697294594937,148.28850963512656,0.15956094594938008,0.0639458918987818,0,1,1,1,1,1,False,-1,
185,2025-09-29 18:05:00,18,-1,MARKDOWN,1,C,148.687412,148.8445943192286,148.29445620192848,0.15718231922861037,0.05918863845723172,0,0,1,0,0,1,False,-1,
197,2025-09-29 19:05:00,19,-1,MARKDOWN,0,C,148.687412,148.84082023695754,148.30389140760613,0.1534082369575458,0.051640473915075064,0,0,0,0,0,1,False,-1,
209,2025-09-29 20:05:00,20,-1,MARKDOWN,0,C,148.687412,148.83476039828884,148.3190410042779,0.14734839828884105,0.039520796577704596,0,0,0,0,0,1,False,-1,
352,2025-09-30 08:00:00,8,-1,MARKDOWN,1,C,148.65147199999998,148.8705574690047,148.1037583274882,0.21908546900471038,0.05311493800941146,0,1,0,0,0,1,False,-1,
364,2025-09-30 09:00:00,9,-1,MARKDOWN,1,C,148.58435,148.8295936293987,147.9712409265033,0.24524362939868638,0.05118725879737448,0,1,0,0,0,1,False,-1,
376,2025-09-30 10:00:00,10,-1,MARKDOWN,1,C,148.498702,148.80675988561393,147.72855728596522,0.3080578856139198,0.051519771227870714,0,1,0,0,0,1,False,-1,
388,2025-09-30 11:00:00,11,-1,MARKDOWN,1,C,148.421332,148.75200411994584,147.59465170013544,0.3306721199458309,0.0700082398916745,0,1,0,0,0,1,False,-1,
412,2025-09-30 13:00:00,13,-1,MARKDOWN,2,C,148.212452,148.47479251254506,147.55660071863738,0.26234051254505175,0.05558502509012121,0,1,1,0,0,1,False,-1,
446,2025-09-30 15:50:00,15,-1,MARKDOWN,3,B,148.002332,148.13160596652168,147.6791470836958,0.12927396652168,0.049211933043365116,0,1,1,0,1,1,True,449,0.8937589330699078
458,2025-09-30 16:50:00,16,-1,MARKDOWN,2,C,147.989366,148.12710342244253,147.64502244389365,0.13773742244254095,0.056206844885069704,0,1,1,0,0,1,True,460,1.0391538714392161
470,2025-09-30 17:50:00,17,-1,MARKDOWN,3,B,147.95345799999998,148.1371982922243,147.4941072694392,0.18374029222431432,0.07639658444864103,0,1,1,0,1,1,True,475,0.9883717358454116
484,2025-09-30 19:00:00,19,-1,MARKDOWN,3,B,147.928628,148.13538912589362,147.41172518526594,0.20676112589362106,0.07277825178727687,1,0,1,0,1,1,False,-1,
496,2025-09-30 20:00:00,20,-1,MARKDOWN,2,C,147.906998,148.0922968351564,147.44375091210898,0.18529883515640222,0.05659367031277769,0,1,0,0,1,1,True,520,-1.0
640,2025-10-01 08:00:00,8,-1,MARKDOWN,2,C,147.93415199999998,148.2557559853875,147.13014203653117,0.3216039853875259,0.05951197077499571,0,1,1,0,0,1,False,-1,
652,2025-10-01 09:00:00,9,-1,MARKDOWN,2,C,147.888612,148.20118468623252,147.1071802844187,0.312572686232528,0.06436937246503346,0,1,1,0,0,1,False,-1,
664,2025-10-01 10:00:00,10,-1,MARKDOWN,1,C,147.666526,148.0485957335826,146.71135166604353,0.3820697335825969,0.07119146716517419,0,1,0,0,0,1,False,-1,
676,2025-10-01 11:00:00,11,-1,MARKDOWN,2,C,147.626258,148.04336484846715,146.58349087883215,0.4171068484671423,0.08472969693430953,0,1,1,0,0,1,False,-1,
700,2025-10-01 13:00:00,13,-1,MARKDOWN,0,C,147.360174,147.67796051717394,146.56570770706514,0.3177865171739427,0.06792103434785951,0,0,0,0,0,1,False,-1,
713,2025-10-01 14:05:00,14,-1,MARKDOWN,3,B,147.222978,147.45291986355264,146.64812334111843,0.22994186355262514,0.06183972710528312,0,1,1,0,1,1,False,-1,
726,2025-10-01 15:10:00,15,-1,MARKDOWN,1,C,147.162414,147.3515350336552,146.68961141586203,0.18912103365519783,0.055070067310391525,0,1,0,0,0,1,False,-1,
738,2025-10-01 16:10:00,16,-1,MARKDOWN,2,C,147.00815,147.32142871356814,146.22495321607965,0.3132787135681383,0.1108574271362897,0,1,0,1,0,1,True,750,-0.16231552862571702
751,2025-10-01 17:15:00,17,-1,MARKDOWN,1,C,147.00815,147.31717428513755,146.23558928715613,0.30902428513755353,0.10234857027511106,1,0,0,0,0,1,True,752,-0.10306633339775985
938,2025-10-02 08:50:00,8,1,MARKUP,1,C,147.067296,146.92043542175168,147.4344474456208,0.14686057824832233,0.043129156496662595,0,1,0,0,0,1,True,947,-1.0
950,2025-10-02 09:50:00,9,1,MARKUP,2,C,147.078652,146.85400799704877,147.6402620073781,0.2246440029512371,0.07798400590246457,0,1,0,0,1,1,True,953,-1.0
967,2025-10-02 11:15:00,11,-1,MARKDOWN,2,C,147.125986,147.30588525081313,146.6762378729672,0.17989925081312208,0.07177050162625474,0,1,1,0,0,1,False,-1,
988,2025-10-02 13:00:00,13,-1,MARKDOWN,1,C,147.081422,147.41176927946594,146.25555380133517,0.3303472794659399,0.0655385589319094,0,1,0,0,0,1,False,-1,
1000,2025-10-02 14:00:00,14,-1,MARKDOWN,1,C,147.081422,147.40814122978085,146.26462392554788,0.3267192297808492,0.05828245956171181,0,1,0,0,0,1,True,1020,-1.0
1012,2025-10-02 15:00:00,15,-1,MARKDOWN,1,C,146.982542,147.2475936055698,146.3199129860755,0.2650516055697949,0.05718721113957487,0,0,1,0,0,1,True,1018,-1.0
1033,2025-10-02 16:45:00,16,1,MARKUP,2,C,146.839132,146.56812975632045,147.5166376091989,0.27100224367956116,0.0637404873591201,0,1,1,0,0,1,False,-1,
1045,2025-10-02 17:45:00,17,1,MARKUP,2,C,146.878478,146.56600501226754,147.65966046933116,0.31247298773246257,0.06798997546491696,0,1,1,0,0,1,False,-1,
1057,2025-10-02 18:45:00,18,1,MARKUP,1,C,146.962126,146.5863910895852,147.90146327603708,0.37573491041482043,0.06921782082961918,0,1,0,0,0,1,False,-1,
1069,2025-10-02 19:45:00,19,1,MARKUP,0,C,147.03814,146.7155647151591,147.84457821210225,0.3225752848408945,0.05687056968176312,0,0,0,0,0,1,False,-1,
1216,2025-10-03 08:00:00,8,1,MARKUP,2,C,147.405762,147.16161428868793,148.01613127828023,0.24414771131208113,0.036771422624136595,0,1,1,0,0,1,False,-1,
1228,2025-10-03 09:00:00,9,1,MARKUP,2,C,147.423334,147.1483060553748,148.11090386156303,0.27502794462520797,0.0633878892504285,0,1,1,0,0,1,True,1251,-1.0
1276,2025-10-03 13:00:00,13,-1,MARKDOWN,2,C,147.612248,147.84015251239853,147.04248671900365,0.22790451239853837,0.046305024797022996,0,1,1,0,0,1,False,-1,
1288,2025-10-03 14:00:00,14,-1,MARKDOWN,0,C,147.581348,147.78673523083685,147.06787992290782,0.2053872308368625,0.03947046167374313,0,0,0,0,0,1,False,-1,
1300,2025-10-03 15:00:00,15,-1,MARKDOWN,0,C,147.506988,147.7062867544104,147.00874111397403,0.19929875441039258,0.04257350882081779,0,0,0,0,0,1,False,-1,
1312,2025-10-03 16:00:00,16,-1,MARKDOWN,1,C,147.356196,147.46939938688564,147.07318753278594,0.1132033868856297,0.05679877377126327,0,0,0,0,1,1,True,1323,2.5
1355,2025-10-03 19:35:00,19,1,MARKUP,2,C,147.22235999999998,147.0121392799145,147.7479118002137,0.21022072008548776,0.05372144017100445,0,1,1,0,0,1,False,-1,
1367,2025-10-03 20:35:00,20,1,MARKUP,1,C,147.22847199999998,147.01841456462049,147.75361558844872,0.21005743537949684,0.0411708707590182,0,1,0,0,0,1,False,-1,
1504,2025-10-06 08:00:00,8,1,MARKUP,1,C,149.792272,149.41316147160137,150.74004832099655,0.3791105283986269,0.07367705679722301,0,1,0,0,0,1,False,-1,
1516,2025-10-06 09:00:00,9,1,MARKUP,1,C,149.912228,149.5466674878049,150.82612928048772,0.36556051219508845,0.07866502439020918,0,1,0,0,0,1,False,-1,
1543,2025-10-06 11:15:00,11,1,MARKUP,2,C,150.077852,149.8030166482649,150.76494037933776,0.2748353517351063,0.10196670347021707,0,1,1,0,0,1,False,-1,
1564,2025-10-06 13:00:00,13,1,MARKUP,1,C,150.152168,149.9173720689439,150.7391578276402,0.23479593105608387,0.06925586211219399,0,1,0,0,0,1,True,1588,0.5
1576,2025-10-06 14:00:00,14,1,MARKUP,1,C,150.152168,149.9210406556869,150.72998636078268,0.23112734431308013,0.0619186886261826,0,0,1,0,0,1,True,1588,0.5
1612,2025-10-06 17:00:00,17,-1,MARKDOWN,1,C,150.199814,150.52089112492158,149.3971211876961,0.3210771249215725,0.08978224984315383,0,1,0,0,0,1,False,-1,
1624,2025-10-06 18:00:00,18,-1,MARKDOWN,1,C,150.17200400000002,150.47302510393817,149.41945124015461,0.3010211039381545,0.08405020787634324,0,0,1,0,0,1,True,1647,-1.0
1637,2025-10-06 19:05:00,19,-1,MARKDOWN,1,C,150.157172,150.43917914011348,149.4521541497163,0.28200714011347827,0.0643582802269139,0,0,1,0,0,1,True,1644,-1.0
1649,2025-10-06 20:05:00,20,1,MARKUP,1,C,149.91382199999998,149.72889302457932,150.37614443855165,0.1849289754206609,0.04821395084131302,0,1,0,0,0,1,False,-1,
1796,2025-10-07 08:20:00,8,1,MARKUP,3,B,150.496108,150.39970704637489,150.73711038406276,0.09640095362510692,0.044585907250232544,1,1,1,0,0,1,True,1797,1.0338246663607902
1808,2025-10-07 09:20:00,9,1,MARKUP,2,C,150.412496,150.21894681521442,150.89636896196396,0.19354918478558147,0.06010636957116861,0,1,1,0,0,1,False,-1,
1820,2025-10-07 10:20:00,10,1,MARKUP,1,C,150.42586599999998,150.2199647978672,150.94061900533197,0.20590120213279306,0.058070404265625285,0,1,0,0,0,1,False,-1,
1832,2025-10-07 11:20:00,11,1,MARKUP,2,C,150.42586599999998,150.22222172178547,150.93497669553625,0.2036442782145116,0.05355655642902867,0,1,1,0,0,1,False,-1,
1852,2025-10-07 13:00:00,13,1,MARKUP,2,C,150.583182,150.4071200231669,151.02333694208272,0.17606197683309688,0.04575995366619744,0,1,1,0,0,1,False,-1,
1864,2025-10-07 14:00:00,14,1,MARKUP,2,C,150.641892,150.50419574231464,150.98613264421346,0.13769625768537708,0.04160851537074369,0,1,1,0,0,1,False,-1,
1876,2025-10-07 15:00:00,15,1,MARKUP,1,C,150.687732,150.50454757397287,151.14569306506786,0.18318442602713958,0.040904852054275215,0,1,0,0,0,1,False,-1,
1888,2025-10-07 16:00:00,16,1,MARKUP,0,C,150.717146,150.4975024602747,151.26625484931333,0.21964353972532535,0.05499507945064227,0,0,0,0,0,1,False,-1,
1900,2025-10-07 17:00:00,17,1,MARKUP,3,B,150.834734,150.67413266974708,151.2362373256323,0.16060133025291634,0.06373466050580774,0,1,1,0,1,1,False,-1,
1912,2025-10-07 18:00:00,18,1,MARKUP,1,C,150.897,150.67126798593827,151.46133003515428,0.2257320140617196,0.0694640281234175,0,1,0,0,0,1,False,-1,
1924,2025-10-07 19:00:00,19,1,MARKUP,2,C,150.91368599999998,150.69838745256354,151.4519323685911,0.21529854743644705,0.06922509487294712,0,1,1,0,0,1,False,-1,
1936,2025-10-07 20:00:00,20,1,MARKUP,1,C,150.991996,150.69907142741297,151.72430743146757,0.292924572587026,0.06785714517406441,0,1,0,0,0,1,False,-1,
2094,2025-10-08 09:10:00,9,1,MARKUP,2,C,152.416722,152.2360155609981,152.8684880975047,0.18070643900188088,0.07796887800378706,0,1,1,0,0,1,True,2095,1.75
2108,2025-10-08 10:20:00,10,1,MARKUP,3,B,152.40508400000002,152.2645467688025,152.75642707799383,0.14053723119752703,0.08090646239502501,0,1,1,0,1,1,True,2110,0.5475374525506989
2122,2025-10-08 11:30:00,11,1,MARKUP,2,C,152.37456600000002,152.21520689121627,152.77296377195938,0.1593591087837467,0.079586217567425,0,1,1,0,0,1,False,-1,
2140,2025-10-08 13:00:00,13,1,MARKUP,1,C,152.539972,152.21410836453737,153.35463108865662,0.32586363546263897,0.08178327092524214,0,1,0,0,0,1,False,-1,
2152,2025-10-08 14:00:00,14,1,MARKUP,0,C,152.539972,152.20860598668494,153.36838703328766,0.331366013315062,0.09278802663007502,0,0,0,0,0,1,True,2174,0.9539480351901348
2210,2025-10-08 18:50:00,18,1,MARKUP,3,B,152.752376,152.61767803865646,153.08912090335883,0.13469796134353373,0.06464392268708515,1,1,1,0,0,1,True,2211,0.8282971043665851
2222,2025-10-08 19:50:00,19,1,MARKUP,2,C,152.537732,152.35023814137276,153.00646664656813,0.1874938586272492,0.049523717254489175,0,1,1,0,0,1,False,-1,
2234,2025-10-08 20:50:00,20,1,MARKUP,2,C,152.55263,152.3553418316842,153.04585042078946,0.19728816831579365,0.03931633663161895,0,1,1,0,0,1,False,-1,
2368,2025-10-09 08:00:00,8,-1,MARKDOWN,0,C,152.629716,152.7890800212505,152.23130594687376,0.15936402125049653,0.042160042500989967,0,0,0,0,0,1,True,2379,-1.0
2383,2025-10-09 09:15:00,9,1,MARKUP,2,C,152.624504,152.37446505278845,153.2496013680289,0.25003894721155007,0.06306989442310357,0,1,1,0,0,1,False,-1,
2395,2025-10-09 10:15:00,10,1,MARKUP,2,C,152.688096,152.36539750601307,153.49484223496734,0.32269849398693395,0.08920498797383464,0,1,0,1,0,1,True,2416,-1.0
2407,2025-10-09 11:15:00,11,1,MARKUP,1,C,152.743286,152.4091548928914,153.57861376777157,0.33413110710861815,0.07769021421725389,0,1,0,0,0,1,True,2416,-1.0
2468,2025-10-09 16:20:00,16,-1,MARKDOWN,1,C,152.720854,153.18378433820425,151.5635281544894,0.4629303382042451,0.15956867640846062,1,0,0,0,0,1,True,2470,-1.0
2480,2025-10-09 17:20:00,17,1,MARKUP,2,C,152.487966,152.0380082011097,153.61286049722574,0.44995779889029563,0.12598359778056456,0,1,1,0,0,1,False,-1,
2492,2025-10-09 18:20:00,18,1,MARKUP,2,C,152.51547,152.04668110125044,153.68744224687387,0.4687888987495512,0.10863779749913889,0,1,1,0,0,1,False,-1,
2504,2025-10-09 19:20:00,19,1,MARKUP,1,C,152.535334,152.05747515374765,153.7299811156309,0.4778588462523601,0.08704969250470732,0,1,0,0,0,1,False,-1,
2516,2025-10-09 20:20:00,20,1,MARKUP,0,C,152.535334,152.06036944327263,153.72274539181842,0.4749645567273717,0.08126111345470959,0,0,0,0,0,1,False,-1,
2656,2025-10-10 08:00:00,8,-1,MARKDOWN,2,C,152.96354,153.19284250793055,152.39028373017362,0.22930250793055507,0.0536850158611047,0,1,1,0,0,1,False,-1,
2675,2025-10-10 09:35:00,9,-1,MARKDOWN,2,C,152.794442,153.0916827393004,152.051340151749,0.2972407393004062,0.08336547860081252,0,0,1,0,1,1,True,2676,0.5
2695,2025-10-10 11:15:00,11,-1,MARKDOWN,3,B,152.713484,152.96815782231928,152.07679944420175,0.25467382231929037,0.09831564463854797,1,0,1,1,0,1,True,2696,1.75
2720,2025-10-10 13:20:00,13,-1,MARKDOWN,3,B,152.713484,152.948692768284,152.12546207929,0.2352087682839965,0.059385536567952577,0,1,1,1,1,1,True,2722,1.75
2735,2025-10-10 14:35:00,14,-1,MARKDOWN,3,B,152.689704,152.8422372309608,152.30837092259804,0.15253323096078475,0.05447446192157328,0,1,1,1,0,1,True,2753,0.6797635933079228
2747,2025-10-10 15:35:00,15,-1,MARKDOWN,2,C,152.778796,152.97009276841092,152.3005540789727,0.1912967684109219,0.060185536821824155,0,1,1,0,0,1,False,-1,
2759,2025-10-10 16:35:00,16,-1,MARKDOWN,0,C,152.72194000000002,152.88131405904537,152.32350485238663,0.15937405904534785,0.06662811809072591,0,0,0,0,0,1,False,-1,
2771,2025-10-10 17:35:00,17,-1,MARKDOWN,2,C,152.72132200000001,152.879138369283,152.32678107679254,0.15781636928298326,0.06427673856600324,0,1,1,0,0,1,False,-1,
2783,2025-10-10 18:35:00,18,-1,MARKDOWN,1,C,152.28059,152.82387817761276,150.9223695559681,0.5432881776127658,0.12775635522550977,0,1,0,0,0,1,False,-1,
2795,2025-10-10 19:35:00,19,-1,MARKDOWN,2,C,152.253398,152.7805521939006,150.9355125152485,0.5271541939005999,0.12910438780120065,0,1,1,0,0,1,False,-1,
2807,2025-10-10 20:35:00,20,-1,MARKDOWN,0,C,152.253398,152.7707608668521,150.95999083286978,0.5173628668520962,0.10952173370415867,0,0,0,0,0,1,False,-1,
2944,2025-10-13 08:00:00,8,-1,MARKDOWN,3,B,151.947466,152.05881773094313,151.66908667264215,0.11135173094314155,0.04163546188621888,0,1,1,0,1,1,True,2965,0.5
2956,2025-10-13 09:00:00,9,-1,MARKDOWN,1,C,151.919882,152.03760748162748,151.62556829593132,0.11772548162747398,0.04521496325497453,0,1,0,0,0,1,True,2957,0.9200491743853579
2971,2025-10-13 10:15:00,10,1,MARKUP,2,C,151.93133600000002,151.68217279835122,152.554244004122,0.24916320164879835,0.07965440329758519,0,1,0,0,1,1,False,-1,
2983,2025-10-13 11:15:00,11,1,MARKUP,1,C,151.97182800000002,151.68655416414427,152.68501258963937,0.2852738358557474,0.07089167171147345,0,1,0,0,0,1,False,-1,
3004,2025-10-13 13:00:00,13,1,MARKUP,0,C,152.00047800000002,151.69574069742515,152.7623212564372,0.3047373025748641,0.0525186051497266,0,0,0,0,0,1,True,3017,1.0677445522497877
3053,2025-10-13 17:05:00,17,1,MARKUP,2,C,152.24183000000002,152.186608158886,152.37988460278507,0.055221841114018844,0.060783682228020997,0,1,1,0,0,1,True,3075,0.5578956034799084
3065,2025-10-13 18:05:00,18,1,MARKUP,2,C,152.158922,151.9505074436648,152.67995839083795,0.20841455633518535,0.05698511267039552,0,1,0,0,1,1,False,-1,
3077,2025-10-13 19:05:00,19,1,MARKUP,0,C,152.16386599999998,151.9626646874574,152.66686928135647,0.20120131254259377,0.04867062508518694,0,0,0,0,0,1,False,-1,
3232,2025-10-14 08:00:00,8,-1,MARKDOWN,1,C,152.294794,152.6467478640366,151.4149093399085,0.3519538640366022,0.06749572807321905,0,1,0,0,0,1,False,-1,
3244,2025-10-14 09:00:00,9,-1,MARKDOWN,2,C,152.164694,152.53967878064017,151.22723204839957,0.37498478064017604,0.07535756128030177,0,1,1,0,0,1,False,-1,
3256,2025-10-14 10:00:00,10,-1,MARKDOWN,1,C,152.154806,152.52791845679008,151.22202485802484,0.3731124567900679,0.08383691358018891,0,0,1,0,0,1,False,-1,
3322,2025-10-14 15:30:00,15,-1,MARKDOWN,2,C,151.985612,152.10778530798586,151.68017873003535,0.1221733079858609,0.0655706159717408,0,1,0,1,0,1,True,3324,-1.0
3335,2025-10-14 16:35:00,16,-1,MARKDOWN,3,B,152.04331,152.19624335213072,151.66097661967316,0.15293335213073078,0.08048670426140678,0,1,1,1,0,1,True,3340,1.2234550944680485
3348,2025-10-14 17:40:00,17,-1,MARKDOWN,3,B,152.034974,152.20904258128658,151.59980254678356,0.17406858128657632,0.08608516257315292,0,1,1,1,1,1,True,3350,1.1116693312836872
3360,2025-10-14 18:40:00,18,-1,MARKDOWN,1,C,152.002886,152.2117851886075,151.4806380284812,0.20889918860751777,0.09157037721504259,0,1,0,0,0,1,False,-1,
3372,2025-10-14 19:40:00,19,-1,MARKDOWN,2,C,151.98073,152.2118472091955,151.40293697701122,0.23111720919550294,0.09169441839098141,0,1,1,0,0,1,False,-1,
3384,2025-10-14 20:40:00,20,-1,MARKDOWN,2,C,151.97691,152.20076122336036,151.41728194159913,0.2238512233603558,0.06952244672073017,0,1,1,0,0,1,False,-1,
3525,2025-10-15 08:25:00,8,-1,MARKDOWN,2,C,151.468354,151.77768952792462,150.69501518018848,0.3093355279246168,0.04337905584926441,0,1,1,0,0,1,False,-1,
3537,2025-10-15 09:25:00,9,-1,MARKDOWN,2,C,151.243844,151.4875710493588,150.634526376603,0.24372704935879597,0.061142098717582215,0,1,0,0,1,1,True,3548,-1.0
3587,2025-10-15 13:35:00,13,1,MARKUP,1,C,151.125908,150.87033106008695,151.76485034978265,0.2555769399130554,0.057337879826081545,0,1,0,0,0,1,False,-1,
3599,2025-10-15 14:35:00,14,1,MARKUP,1,C,151.170404,150.94506688605176,151.73374678487056,0.2253371139482283,0.051866227896482965,0,0,1,0,0,1,False,-1,
3611,2025-10-15 15:35:00,15,1,MARKUP,2,C,151.31929000000002,151.05697650102584,151.9750737474355,0.26231349897418,0.07004699794832078,0,1,1,0,0,1,True,3632,-1.0
3623,2025-10-15 16:35:00,16,1,MARKUP,1,C,151.360166,151.08665937617246,152.04393255956882,0.27350662382752944,0.0786812476550778,0,1,0,0,0,1,True,3628,-1.0
3648,2025-10-15 18:40:00,18,-1,MARKDOWN,3,B,151.474656,151.77637449252396,150.72035976869014,0.3017184925239462,0.07474898504793147,0,1,1,0,1,1,False,-1,
3660,2025-10-15 19:40:00,19,-1,MARKDOWN,2,C,151.4716,151.77512126547543,150.71279683631138,0.3035212654754389,0.0722425309508457,0,1,1,0,0,1,False,-1,
3672,2025-10-15 20:40:00,20,-1,MARKDOWN,1,C,151.4716,151.77346680510345,150.71693298724136,0.3018668051034581,0.06893361020689785,0,0,1,0,0,1,False,-1,
3817,2025-10-16 08:45:00,8,1,MARKUP,1,C,150.772378,150.48335063859975,151.49494640350065,0.2890273614002581,0.05929872280054113,0,1,0,0,0,1,False,-1,
3829,2025-10-16 09:45:00,9,1,MARKUP,1,C,150.80332,150.47779666560942,151.6171283359765,0.32552333439059566,0.07040666878119935,0,1,0,0,0,1,False,-1,
3842,2025-10-16 10:50:00,10,1,MARKUP,2,C,150.929392,150.68033803208158,151.55202691979608,0.24905396791842804,0.0733239358368652,0,0,1,0,1,1,False,-1,
3854,2025-10-16 11:50:00,11,1,MARKUP,2,C,151.05613400000001,150.81011233578567,151.67118816053585,0.24602166421433935,0.08177532842866249,0,1,1,0,0,1,False,-1,
3868,2025-10-16 13:00:00,13,1,MARKUP,1,C,151.116866,150.90838196169582,151.6380760957604,0.20848403830416373,0.06323607660836418,0,1,0,0,0,1,False,-1,
3880,2025-10-16 14:00:00,14,1,MARKUP,1,C,151.116866,150.9131916471143,151.6260518822142,0.20367435288568458,0.05361670577136317,0,0,1,0,0,1,True,3898,-1.0
3892,2025-10-16 15:00:00,15,1,MARKUP,1,C,151.116866,150.9137440679665,151.62467083008374,0.20312193203349693,0.052511864067001486,0,0,1,0,0,1,True,3898,-1.0
3920,2025-10-16 17:20:00,17,-1,MARKDOWN,2,C,151.200158,151.44528745103995,150.5873343724001,0.24512945103995776,0.0845749020799111,0,1,1,0,0,1,False,-1,
3932,2025-10-16 18:20:00,18,-1,MARKDOWN,1,C,151.138486,151.4142084149352,150.44917996266201,0.27572241493518845,0.0724168298703944,0,1,0,0,0,1,False,-1,
3944,2025-10-16 19:20:00,19,-1,MARKDOWN,2,C,151.085388,151.41284086673758,150.26675583315603,0.32745286673758756,0.06968173347520432,0,1,1,0,0,1,False,-1,
3956,2025-10-16 20:20:00,20,-1,MARKDOWN,1,C,150.88399,151.34120809346535,149.74094476633667,0.45721809346534314,0.10841618693069824,0,1,0,0,0,1,False,-1,
4096,2025-10-17 08:00:00,8,-1,MARKDOWN,2,C,150.199292,150.4185869913396,149.65105452165108,0.21929499133958075,0.06117398267917606,0,1,1,0,0,1,False,-1,
4108,2025-10-17 09:00:00,9,-1,MARKDOWN,1,C,150.13053200000002,150.4182813707448,149.41115857313804,0.2877493707447911,0.06056274148962586,0,1,0,0,0,1,False,-1,
4120,2025-10-17 10:00:00,10,-1,MARKDOWN,2,C,150.040526,150.4347278933563,149.05502126660926,0.3942018933562963,0.09545578671256862,0,1,1,0,0,1,False,-1,
4132,2025-10-17 11:00:00,11,-1,MARKDOWN,2,C,149.85177,150.19935599044726,148.9828050238818,0.34758599044727134,0.1107119808945185,0,1,1,0,0,1,True,4137,-1.0
4179,2025-10-17 14:55:00,14,1,MARKUP,1,C,149.743428,149.326625226151,150.78543493462246,0.41680277384898545,0.10474954769795496,0,1,0,0,0,1,False,-1,
4191,2025-10-17 15:55:00,15,1,MARKUP,1,C,149.95119200000002,149.53733766112728,150.98582784718187,0.4138543388727385,0.09732467774545067,0,1,0,0,0,1,False,-1,
4203,2025-10-17 16:55:00,16,1,MARKUP,2,C,149.963552,149.5562478509162,150.98181237270944,0.4073041490837852,0.09950429816757858,0,1,1,0,0,1,False,-1,
4215,2025-10-17 17:55:00,17,1,MARKUP,1,C,150.022204,149.62347791969069,151.01901920077324,0.39872608030930223,0.09304416061859068,0,1,0,0,0,1,False,-1,
4227,2025-10-17 18:55:00,18,1,MARKUP,1,C,150.147658,149.83447248431818,150.93062178920457,0.3131855156818233,0.07705503136363014,0,0,1,0,0,1,False,-1,
4246,2025-10-17 20:30:00,20,1,MARKUP,2,C,150.32626000000002,150.13182747822808,150.81234130442988,0.1944325217719438,0.06034504354383833,0,1,1,0,0,1,False,-1,
4391,2025-10-20 08:35:00,8,-1,MARKDOWN,1,C,150.934072,151.23020736844845,150.19373357887883,0.29613536844846067,0.05441473689687824,0,1,0,0,0,1,False,-1,
4403,2025-10-20 09:35:00,9,-1,MARKDOWN,2,C,150.869182,151.12874874099094,150.22026514752264,0.2595667409909481,0.061497481981886176,0,1,1,0,0,1,False,-1,
4425,2025-10-20 11:25:00,11,1,MARKUP,3,B,150.729108,150.62574740608025,150.98750948479938,0.10336059391974572,0.05850518783949258,0,1,1,0,1,1,True,4428,-1.0
4459,2025-10-20 14:15:00,14,1,MARKUP,1,C,150.488684,150.24638234146744,151.0944381463314,0.24230165853256835,0.05523531706511924,0,1,0,0,0,1,False,-1,
4471,2025-10-20 15:15:00,15,1,MARKUP,0,C,150.496324,150.24371642094465,151.12784294763833,0.2526075790553364,0.06056715811071759,0,0,0,0,0,1,False,-1,
4487,2025-10-20 16:35:00,16,1,MARKUP,2,C,150.496324,150.24203564253344,151.13204489366638,0.25428835746654954,0.06392871493313881,0,1,1,0,0,1,True,4499,1.0046060616485777
4499,2025-10-20 17:35:00,17,-1,MARKDOWN,2,C,150.685628,150.8895505465881,150.17582163352975,0.20392254658810316,0.06710109317625937,0,1,1,0,0,1,False,-1,
4512,2025-10-20 18:40:00,18,-1,MARKDOWN,1,C,150.685628,150.88651829580522,150.183402260487,0.200890295805209,0.061036591610468933,0,1,0,0,0,1,True,4526,0.8443812545554469
4524,2025-10-20 19:40:00,19,-1,MARKDOWN,1,C,150.683156,150.87857668557223,150.19460428606942,0.19542068557223047,0.05315337114442917,1,0,0,0,0,1,True,4526,0.8553649247035429
4538,2025-10-20 20:50:00,20,1,MARKUP,3,B,150.706152,150.59718709659083,150.97856425852294,0.10896490340917353,0.037625806818371216,0,1,1,0,1,1,True,4551,-1.0
4672,2025-10-21 08:00:00,8,1,MARKUP,1,C,150.763668,150.42296531384665,151.61542471538337,0.34070268615334953,0.09006937230667916,0,1,0,0,0,1,False,-1,
4684,2025-10-21 09:00:00,9,1,MARKUP,2,C,150.929482,150.47589974866895,152.06343762832765,0.45358225133105634,0.10420050266210372,0,1,1,0,0,1,False,-1,
4696,2025-10-21 10:00:00,10,1,MARKUP,1,C,151.14659,150.81331571245852,151.97977571885372,0.33327428754148514,0.09736857508296133,1,0,0,0,0,1,True,4697,1.75
4713,2025-10-21 11:25:00,11,1,MARKUP,3,B,151.14659,150.81169259171298,151.98383352071755,0.33489740828701997,0.10061481657404475,0,1,1,0,1,1,False,-1,
4732,2025-10-21 13:00:00,13,1,MARKUP,1,C,151.226046,150.8237135471733,152.23187713206676,0.4023324528266983,0.0765729056534054,0,1,0,0,0,1,False,-1,
4744,2025-10-21 14:00:00,14,1,MARKUP,1,C,151.43879800000002,151.0192515836543,152.48766404086433,0.41954641634572454,0.08349683269144821,0,1,0,0,0,1,False,-1,
4756,2025-10-21 15:00:00,15,1,MARKUP,1,C,151.43879800000002,151.02193645198653,152.48095187003372,0.41686154801348607,0.07812709602696698,0,1,0,0,0,1,False,-1,
4768,2025-10-21 16:00:00,16,1,MARKUP,1,C,151.486548,151.02207627559363,152.6477273110159,0.46447172440636564,0.07784744881276495,0,1,0,0,0,1,True,4780,0.9564644577663637
4973,2025-10-22 09:05:00,9,1,MARKUP,1,C,151.67375399999997,151.48231299057744,152.1523565235563,0.19144100942253317,0.041374018845081774,0,1,0,0,0,1,True,4984,0.808416031446451
4985,2025-10-22 10:05:00,10,1,MARKUP,3,B,151.728756,151.5587599786988,152.15374605325303,0.16999602130121616,0.06648004260243401,0,1,1,0,1,1,True,4986,0.6855483213121504
4997,2025-10-22 11:05:00,11,1,MARKUP,3,B,151.78437599999998,151.6476769615699,152.12612359607516,0.13669903843006637,0.06864607686014812,0,1,1,0,1,1,True,4998,-1.0
5020,2025-10-22 13:00:00,13,-1,MARKDOWN,3,B,151.824322,151.97683371076226,151.44304272309432,0.1525117107622691,0.053667421524566994,0,1,1,0,1,1,True,5024,-1.0
5036,2025-10-22 14:20:00,14,1,MARKUP,2,C,151.731016,151.59653433991122,152.067220150222,0.13448166008879525,0.04893132017760352,0,1,1,0,0,1,True,5042,1.2565288453853714
5048,2025-10-22 15:20:00,15,1,MARKUP,3,B,151.79219799999998,151.69083759929785,152.0455990017553,0.10136040070213426,0.05832480140432346,0,1,1,0,1,1,True,5049,1.75
5060,2025-10-22 16:20:00,16,1,MARKUP,2,C,151.785092,151.59616483668833,152.25740990827916,0.1889271633116607,0.06767032662334382,0,1,1,0,0,1,True,5084,-1.0
5072,2025-10-22 17:20:00,17,1,MARKUP,2,C,151.84405999999998,151.68238797018776,152.24824007453054,0.16167202981222317,0.0712240596244508,0,1,1,0,0,1,True,5080,-1.0
5101,2025-10-22 19:45:00,19,-1,MARKDOWN,1,C,151.840956,152.08375380763735,151.23396148090666,0.24279780763734493,0.07150761527468699,0,1,0,0,0,1,True,5124,-1.0
5113,2025-10-22 20:45:00,20,-1,MARKDOWN,1,C,151.840956,152.08131404831482,151.24006087921296,0.24035804831481755,0.06662809662963019,0,1,0,0,0,1,True,5124,-1.0
5248,2025-10-23 08:00:00,8,1,MARKUP,0,C,152.259584,152.04563295220728,152.79446161948175,0.21395104779270468,0.03673409558542357,0,0,0,0,0,1,False,-1,
5267,2025-10-23 09:35:00,9,1,MARKUP,2,C,152.429534,152.31621850391707,152.7128227402073,0.1133154960829188,0.04556299216586249,0,1,1,0,0,1,True,5276,1.0988342285902308
5279,2025-10-23 10:35:00,10,1,MARKUP,2,C,152.445678,152.28949995331254,152.8361231167186,0.15617804668744384,0.061000093374889396,0,1,1,0,0,1,True,5280,0.8828015457497843
5291,2025-10-23 11:35:00,11,1,MARKUP,2,C,152.445678,152.29344433498872,152.82626216252817,0.15223366501126634,0.053111330022568556,0,1,1,0,0,1,False,-1,
5308,2025-10-23 13:00:00,13,1,MARKUP,1,C,152.452554,152.29769764466892,152.8396948883277,0.1548563553310771,0.04460471066212852,0,1,0,0,0,1,False,-1,
5320,2025-10-23 14:00:00,14,1,MARKUP,1,C,152.502664,152.30777108248267,152.98989629379335,0.19489291751733617,0.044457835034673286,0,1,0,0,0,1,True,5341,0.8303838122647591
5332,2025-10-23 15:00:00,15,1,MARKUP,0,C,152.536294,152.3553900760884,152.98855380977898,0.18090392391158616,0.04321984782320176,0,0,0,0,0,1,True,5338,0.7629819411547755
5353,2025-10-23 16:45:00,16,1,MARKUP,3,B,152.619106,152.48022310312916,152.96631324217705,0.13888289687082533,0.06155379374164446,0,1,1,1,0,1,True,5357,0.8427840068483525
5370,2025-10-23 18:10:00,18,1,MARKUP,4,A,152.658658,152.54709095474078,152.93757561314806,0.11156704525922123,0.05581809051842196,1,1,1,1,1,1,True,5393,-1.0
5383,2025-10-23 19:15:00,19,1,MARKUP,2,C,152.58497,152.43410655724804,152.9621286068799,0.1508634427519553,0.04578688550388801,0,1,1,0,0,1,False,-1,
5395,2025-10-23 20:15:00,20,1,MARKUP,0,C,152.588026,152.43569703839427,152.96884840401438,0.15232896160574683,0.042605923211429024,0,0,0,0,0,1,True,5410,1.5272964402200375
5536,2025-10-24 08:00:00,8,1,MARKUP,2,C,152.64963,152.45419900293496,153.13820749266262,0.19543099706504563,0.03560199413013145,0,1,1,0,0,1,False,-1,
5548,2025-10-24 09:00:00,9,1,MARKUP,2,C,152.805868,152.63773908798717,153.22619028003209,0.16812891201283264,0.05052182402567607,0,1,1,0,0,1,True,5565,0.8306756031560176
5560,2025-10-24 10:00:00,10,1,MARKUP,0,C,152.845846,152.68639245805247,153.2444798548688,0.1594535419475278,0.04921508389510104,0,0,0,0,0,1,True,5562,0.7233072338997053
5576,2025-10-24 11:20:00,11,1,MARKUP,2,C,152.845846,152.6847126444182,153.24867938895449,0.16113335558179642,0.052574711163614604,0,1,1,0,0,1,False,-1,
5605,2025-10-24 13:45:00,13,1,MARKUP,4,A,152.957704,152.87320402086962,153.16895394782597,0.08449997913038487,0.03759195826073919,1,1,1,0,1,1,True,5606,-1.0
5617,2025-10-24 14:45:00,14,1,MARKUP,2,C,152.85537599999998,152.73658787581093,153.1523463104726,0.11878812418905227,0.03282424837810436,0,1,1,0,0,1,True,5620,-1.0
5629,2025-10-24 15:45:00,15,-1,MARKDOWN,2,C,152.709288,153.07457688270364,151.79606579324087,0.365288882703652,0.10715376540728867,1,0,0,1,0,1,True,5632,-0.10871395730985274
5824,2025-10-27 08:00:00,8,1,MARKUP,2,C,152.862426,152.63476903148342,153.43156842129144,0.2276569685165839,0.0404619370331494,0,1,1,0,0,1,True,5843,-1.0
5836,2025-10-27 09:00:00,9,1,MARKUP,0,C,152.884582,152.63378995437353,153.51156211406618,0.2507920456264685,0.04242009125295308,0,0,0,0,0,1,True,5843,-1.0
5866,2025-10-27 11:30:00,11,-1,MARKDOWN,2,C,153.07455000000002,153.29229586480758,152.5301853379811,0.21774586480756852,0.0725917296151696,0,1,1,0,0,1,False,-1,
5884,2025-10-27 13:00:00,13,-1,MARKDOWN,1,C,153.04399,153.28252713856818,152.44764715357957,0.2385371385681765,0.05305427713638186,0,1,0,0,0,1,False,-1,
5896,2025-10-27 14:00:00,14,-1,MARKDOWN,2,C,152.958706,153.14203385706662,152.50038635733347,0.18332785706661525,0.04806771413328006,0,1,1,0,0,1,False,-1,
5908,2025-10-27 15:00:00,15,-1,MARKDOWN,2,C,152.879798,153.10589653009865,152.31455167475337,0.22609853009865333,0.061793060197341786,0,1,1,0,0,1,True,5919,-1.0
5932,2025-10-27 17:00:00,17,1,MARKUP,1,C,152.805806,152.53063294605838,153.49373863485403,0.2751730539416144,0.06673410788325056,0,1,0,0,0,1,False,-1,
5944,2025-10-27 18:00:00,18,1,MARKUP,2,C,152.805806,152.53438167884673,153.48436680288313,0.27142432115326187,0.059236642306544476,0,1,1,0,0,1,False,-1,
5956,2025-10-27 19:00:00,19,1,MARKUP,0,C,152.805806,152.53729098852872,153.47709352867815,0.26851501147126555,0.05341802294253268,0,0,0,0,0,1,False,-1,
5971,2025-10-27 20:15:00,20,1,MARKUP,2,C,152.85339199999999,152.61945895441966,153.4382246139508,0.23393304558032924,0.043082091160696466,0,1,1,0,0,1,True,5989,-1.0
6112,2025-10-28 08:00:00,8,-1,MARKDOWN,1,C,152.398312,152.77437685161127,151.45814987097185,0.376064851611261,0.07675370322256778,0,1,0,0,0,1,False,-1,
6124,2025-10-28 09:00:00,9,-1,MARKDOWN,1,C,152.209904,152.5260964362025,151.41942290949373,0.31619243620249904,0.07619287240501309,0,1,0,0,0,1,True,6137,0.8401260295383388
6154,2025-10-28 11:30:00,11,-1,MARKDOWN,2,C,152.20125199999998,152.51786673582822,151.40971516042939,0.31661473582823874,0.08773347165648075,0,1,1,0,0,1,False,-1,
6179,2025-10-28 13:35:00,13,-1,MARKDOWN,2,C,151.92732999999998,152.02838874752734,151.67468313118158,0.10105874752736099,0.06077749505470742,0,1,0,1,0,1,True,6185,-1.0
6217,2025-10-28 16:45:00,16,1,MARKUP,1,C,152.0331,151.79027469436033,152.64016326409913,0.24282530563965565,0.06545061127936805,0,1,0,0,0,1,True,6228,0.7302920911445399
6253,2025-10-28 19:45:00,19,1,MARKUP,1,C,152.154228,151.98242025957055,152.5837473510736,0.17180774042944336,0.07315948085894036,0,1,0,0,0,1,True,6254,-1.0
6400,2025-10-29 08:00:00,8,1,MARKUP,1,C,151.76934599999998,151.5153982848632,152.4042152878419,0.25394771513677483,0.04720343027353349,0,1,0,0,0,1,False,-1,
6412,2025-10-29 09:00:00,9,1,MARKUP,1,C,151.961698,151.5692201843634,152.9428925390916,0.3924778156366244,0.06755963127325203,0,1,0,0,0,1,False,-1,
6447,2025-10-29 11:55:00,11,1,MARKUP,2,C,152.181706,151.9262673663823,152.82030258404424,0.25543863361770036,0.06546526723542655,0,1,1,0,0,1,False,-1,
6462,2025-10-29 13:10:00,13,1,MARKUP,3,B,152.320756,152.15273364553704,152.74081188615736,0.16802235446294844,0.06253270892591771,1,1,1,0,0,1,True,6463,-1.0
6475,2025-10-29 14:15:00,14,1,MARKUP,1,C,152.180012,151.977589854762,152.68606736309505,0.2024221452380175,0.0488202904760596,0,0,1,0,0,1,True,6482,-1.0
6502,2025-10-29 16:30:00,16,-1,MARKDOWN,3,B,152.242238,152.5028128143486,151.59080096412845,0.2605748143486153,0.06962562869722473,0,1,1,0,1,1,False,-1,
6514,2025-10-29 17:30:00,17,-1,MARKDOWN,0,C,152.19904599999998,152.4416293851701,151.59258753707468,0.24258338517012135,0.06725877034020383,0,0,0,0,0,1,False,-1,
6526,2025-10-29 18:30:00,18,-1,MARKDOWN,2,C,152.19904599999998,152.43724983729652,151.60353640675862,0.23820383729653827,0.05849967459304896,0,1,1,0,0,1,True,6550,-1.0
6688,2025-10-30 08:00:00,8,1,MARKUP,1,C,152.53221399999998,152.09293201348055,153.63041896629858,0.4392819865194326,0.132135973038899,0,1,0,0,0,1,False,-1,
6700,2025-10-30 09:00:00,9,1,MARKUP,2,C,152.53221399999998,152.11024764757565,153.58712988106083,0.42196635242433445,0.0975047048487135,0,1,1,0,0,1,False,-1,
6712,2025-10-30 10:00:00,10,1,MARKUP,1,C,152.679284,152.09902602139243,154.1299289465189,0.5802579786075626,0.11994795721514437,0,1,0,0,0,1,False,-1,
6724,2025-10-30 11:00:00,11,1,MARKUP,2,C,152.69303599999998,152.10661472578263,154.15908918554334,0.5864212742173436,0.10477054843472755,0,1,1,0,0,1,False,-1,
6748,2025-10-30 13:00:00,13,1,MARKUP,2,C,153.157906,152.66432717102657,154.39185307243355,0.4935788289734262,0.08334565794686062,0,1,1,0,0,1,False,-1,
6760,2025-10-30 14:00:00,14,1,MARKUP,2,C,153.338392,152.9038654822143,154.42470829446427,0.43452651778571294,0.062269035571436496,0,1,1,0,0,1,False,-1,
6772,2025-10-30 15:00:00,15,1,MARKUP,2,C,153.62189,153.24669193140036,154.5598851714991,0.37519806859964433,0.06661613719926157,0,1,1,0,0,1,False,-1,
6784,2025-10-30 16:00:00,16,1,MARKUP,2,C,153.845138,153.48030354564844,154.75722413587886,0.36483445435155204,0.07339290870309464,0,1,1,0,0,1,False,-1,
6796,2025-10-30 17:00:00,17,1,MARKUP,0,C,153.938386,153.5808236529037,154.83229186774082,0.3575623470963194,0.08635269419258529,0,0,0,0,0,1,False,-1,
6808,2025-10-30 18:00:00,18,1,MARKUP,2,C,154.050862,153.7659354859929,154.76317828501772,0.2849265140070827,0.08012902801420106,0,1,1,0,0,1,True,6817,-0.4592833364632209
6985,2025-10-31 08:45:00,8,-1,MARKDOWN,4,A,153.890076,154.06421094030003,153.45473864924992,0.17413494030003562,0.05642188060008271,1,1,1,0,1,1,True,6987,-1.0
6997,2025-10-31 09:45:00,9,1,MARKUP,3,B,153.908316,153.705984310676,154.41414522331004,0.20233168932401213,0.0700313786480219,0,1,1,0,1,1,False,-1,
7009,2025-10-31 10:45:00,10,1,MARKUP,1,C,154.037414,153.77876648743202,154.68403278142,0.2586475125679897,0.0764670251359536,0,1,0,0,0,1,False,-1,
7021,2025-10-31 11:45:00,11,1,MARKUP,1,C,154.05494199999998,153.79761540143738,154.69825849640648,0.25732659856259943,0.07076919712521763,0,1,0,0,0,1,False,-1,
7088,2025-10-31 17:20:00,17,-1,MARKDOWN,1,C,154.128076,154.31310971855913,153.66549170360213,0.18503371855913997,0.07821943711828569,0,1,0,0,0,1,True,7110,0.7321485002920619
7100,2025-10-31 18:20:00,18,-1,MARKDOWN,2,C,154.115098,154.28673292658485,153.68601068353786,0.1716349265848578,0.06746585316969655,0,1,1,0,0,1,True,7110,0.7124643334113968
7115,2025-10-31 19:35:00,19,-1,MARKDOWN,2,C,154.115098,154.28835993486186,153.6819431628453,0.1732619348618698,0.07071986972373664,0,0,1,1,0,1,True,7119,-0.010977598752533374
7267,2025-11-03 08:15:00,8,1,MARKUP,2,C,154.076096,153.97383093015176,154.33175867462063,0.10226506984824368,0.030338139696493363,0,1,1,0,0,1,False,-1,
7279,2025-11-03 09:15:00,9,1,MARKUP,2,C,154.092522,153.97046600357152,154.39766199107123,0.12205599642848597,0.03706799285700256,0,1,1,0,0,1,True,7295,1.0726002219778175
7291,2025-11-03 10:15:00,10,1,MARKUP,0,C,154.10169,153.96542117200858,154.44236206997851,0.13626882799141526,0.047157655982833654,0,0,0,0,0,1,True,7295,0.9792386608975221
7347,2025-11-03 14:55:00,14,1,MARKUP,3,B,154.143728,154.09179629172536,154.27355727068664,0.0519317082746511,0.024407416549333757,0,1,1,0,1,1,True,7370,0.5
7359,2025-11-03 15:55:00,15,1,MARKUP,1,C,154.16722,154.0714809372278,154.40656765693046,0.09573906277219635,0.03103812554440373,0,1,0,0,0,1,True,7370,-1.0
7381,2025-11-03 17:45:00,17,-1,MARKDOWN,3,B,154.13847,154.3297136854553,153.66036078636182,0.1912436854552766,0.06542737091055612,1,0,1,1,0,1,True,7382,-0.3478807671041176
7393,2025-11-03 18:45:00,18,-1,MARKDOWN,2,C,154.13847,154.32238137077653,153.67869157305873,0.18391137077651365,0.05076274155303944,0,0,1,0,1,1,True,7395,-1.0
7552,2025-11-04 08:00:00,8,-1,MARKDOWN,1,C,154.182546,154.51934773860046,153.34054165349886,0.3368017386004567,0.06469547720094411,0,1,0,0,0,1,False,-1,
7564,2025-11-04 09:00:00,9,-1,MARKDOWN,2,C,154.026098,154.39137216733465,153.11291258166335,0.3652741673346611,0.07274433466934647,0,1,1,0,0,1,False,-1,
7576,2025-11-04 10:00:00,10,-1,MARKDOWN,2,C,153.844176,154.20149477664515,152.95087905838716,0.357318776645144,0.07898955329029908,0,1,1,0,0,1,False,-1,
7588,2025-11-04 11:00:00,11,-1,MARKDOWN,0,C,153.80586,154.14011607862557,152.97021980343607,0.3342560786255717,0.08023215725113321,0,0,0,0,0,1,False,-1,
7614,2025-11-04 13:10:00,13,-1,MARKDOWN,2,C,153.588302,153.7884078336649,153.08803741583773,0.20010583366490664,0.06481566732978243,0,1,1,0,0,1,True,7624,0.9213049970966899
7626,2025-11-04 14:10:00,14,-1,MARKDOWN,0,C,153.588302,153.78699044420233,153.09158088949417,0.19868844420233245,0.06198088840468807,0,0,0,0,0,1,True,7630,0.924310472658251
7638,2025-11-04 15:10:00,15,-1,MARKDOWN,1,C,153.588302,153.7857755173447,153.09461820663827,0.1974735173446902,0.0595510346893922,0,1,0,0,0,1,True,7660,0.8444037779578856
7650,2025-11-04 16:10:00,16,-1,MARKDOWN,1,C,153.588302,153.78700435272668,153.0915461181833,0.19870235272668424,0.06200870545335061,0,1,0,0,0,1,True,7660,0.8422738809423771
7662,2025-11-04 17:10:00,17,-1,MARKDOWN,2,C,153.506726,153.6605552857292,153.12215278567695,0.15382928572921628,0.07311057145842735,0,0,1,0,1,1,True,7663,0.6769664683229222
7674,2025-11-04 18:10:00,18,-1,MARKDOWN,3,B,153.506726,153.65478026892913,153.13659032767714,0.14805426892914397,0.06156053785825889,0,1,1,0,1,1,True,7680,-1.0
7843,2025-11-05 08:15:00,8,1,MARKUP,2,C,153.2073,152.92979731055314,153.90105672361716,0.2775026894468624,0.05840537889370964,0,1,1,0,0,1,False,-1,
7855,2025-11-05 09:15:00,9,1,MARKUP,2,C,153.34748,153.0674574061605,154.04753648459868,0.28002259383947603,0.07108518767901532,0,1,1,0,0,1,False,-1,
7867,2025-11-05 10:15:00,10,1,MARKUP,1,C,153.476642,153.27838491743265,153.97228470641838,0.19825708256735197,0.06723016513471124,0,1,0,0,0,1,True,7874,1.0848142470660505
7884,2025-11-05 11:40:00,11,1,MARKUP,2,C,153.536588,153.37992974885103,153.92823362787243,0.15665825114896847,0.05814050229792735,0,1,1,0,0,1,False,-1,
7900,2025-11-05 13:00:00,13,1,MARKUP,2,C,153.581586,153.39359864422994,154.05155438942512,0.18798735577004777,0.05280271154009713,0,1,1,0,0,1,True,7911,1.4041873381179528
7912,2025-11-05 14:00:00,14,1,MARKUP,2,C,153.581586,153.39836367003358,154.03964182491603,0.1832223299664122,0.043272659932815545,1,0,1,0,0,1,True,7913,1.4277023539909768
7924,2025-11-05 15:00:00,15,1,MARKUP,1,C,153.581586,153.39950255113243,154.03679462216888,0.18208344886755867,0.04099489773512497,0,1,0,0,0,1,False,-1,
7936,2025-11-05 16:00:00,16,1,MARKUP,3,B,153.697572,153.46151252454237,154.2877206886441,0.23605947545763684,0.05497495091526701,0,1,1,0,1,1,False,-1,
7948,2025-11-05 17:00:00,17,1,MARKUP,2,C,153.85049999999998,153.5261404629568,154.66139884260798,0.3243595370431933,0.0757190740864076,0,1,1,0,0,1,False,-1,
7960,2025-11-05 18:00:00,18,1,MARKUP,2,C,153.856612,153.5288510261886,154.67601443452855,0.3277609738114222,0.07029794762282504,0,1,1,0,0,1,False,-1,
7972,2025-11-05 19:00:00,19,1,MARKUP,0,C,153.866544,153.53376612831136,154.6984886792216,0.3327778716886485,0.06046774337728004,0,0,0,0,0,1,False,-1,
8128,2025-11-06 08:00:00,8,-1,MARKDOWN,1,C,153.88661,153.96296250518333,153.69572873704163,0.07635250518333692,0.04192501036662011,0,1,0,0,0,1,True,8131,-1.0
8145,2025-11-06 09:25:00,9,-1,MARKDOWN,2,C,153.944342,154.04934240377935,153.68184099055165,0.10500040377934283,0.04268480755871934,0,1,1,0,0,1,False,-1,
8157,2025-11-06 10:25:00,10,-1,MARKDOWN,2,C,153.890098,154.0556209879796,153.47629053005096,0.16552298797961384,0.05524197595921867,0,1,1,0,0,1,False,-1,
8169,2025-11-06 11:25:00,11,-1,MARKDOWN,2,C,153.838146,154.05668262325574,153.29180444186062,0.2185366232557442,0.05736524651150965,0,1,1,0,0,1,False,-1,
8188,2025-11-06 13:00:00,13,-1,MARKDOWN,1,C,153.82455000000002,154.02543590984612,153.32233522538473,0.20088590984610732,0.03887181969223021,0,0,1,0,0,1,False,-1,
8200,2025-11-06 14:00:00,14,-1,MARKDOWN,1,C,153.805392,153.99692342277515,153.32656344306216,0.19153142277514235,0.04384684555034409,0,1,0,0,0,1,False,-1,
8212,2025-11-06 15:00:00,15,-1,MARKDOWN,3,B,153.696006,153.82069701174697,153.3842784706326,0.12469101174696107,0.045394023493912604,0,1,1,1,0,1,False,-1,
8224,2025-11-06 16:00:00,16,-1,MARKDOWN,1,C,153.633896,153.80537617723456,153.20519555691357,0.17148017723457087,0.05875235446909636,0,1,0,0,0,1,False,-1,
8236,2025-11-06 17:00:00,17,-1,MARKDOWN,2,C,153.58309,153.81042320072373,153.01475699819065,0.2273332007237343,0.06884640144743737,0,1,1,0,0,1,False,-1,
8248,2025-11-06 18:00:00,18,-1,MARKDOWN,1,C,153.47269,153.78147652231172,152.7007236942207,0.30878652231172055,0.07895304462345341,0,1,0,0,0,1,False,-1,
8260,2025-11-06 19:00:00,19,-1,MARKDOWN,2,C,153.445332,153.77805058001445,152.6135355499639,0.33271858001444343,0.07410116002885192,0,1,1,0,0,1,False,-1,
8272,2025-11-06 20:00:00,20,-1,MARKDOWN,1,C,153.329254,153.67190437630848,152.47262805922878,0.34265037630848383,0.07180875261697646,0,0,1,0,0,1,False,-1,
8416,2025-11-07 08:00:00,8,1,MARKUP,2,C,153.146888,152.93654346595474,153.6727493351131,0.2103445340452481,0.05091306809050781,0,1,1,0,0,1,False,-1,
8428,2025-11-07 09:00:00,9,1,MARKUP,1,C,153.182796,152.93648590432213,153.79857123919467,0.24631009567787032,0.05102819135572929,0,1,0,0,0,1,False,-1,
8440,2025-11-07 10:00:00,10,1,MARKUP,2,C,153.21554999999998,152.9866947429865,153.7876881425337,0.22885525701349252,0.05661051402697874,0,1,1,0,0,1,False,-1,
8452,2025-11-07 11:00:00,11,1,MARKUP,1,C,153.219876,152.99208119293704,153.78936301765742,0.2277948070629634,0.0598376141258826,0,1,0,0,0,1,False,-1,
8487,2025-11-07 13:55:00,13,-1,MARKDOWN,2,C,153.338304,153.56637373002795,152.7681296749301,0.22806973002795417,0.052747460055939784,0,1,0,0,1,1,True,8510,0.82324815226564
8499,2025-11-07 14:55:00,14,-1,MARKDOWN,1,C,153.32718,153.54752991380175,152.7763052154956,0.22034991380175484,0.05105982760352165,0,1,0,0,0,1,True,8509,0.809331270628884
8519,2025-11-07 16:35:00,16,-1,MARKDOWN,3,B,153.31158399999998,153.5370844595143,152.7478328512142,0.22550045951430775,0.0781689190285722,0,1,1,1,0,1,True,8520,0.767685125561457
8531,2025-11-07 17:35:00,17,-1,MARKDOWN,3,B,153.234334,153.42095258745383,152.7677875313654,0.18661858745383597,0.09590517490765996,0,1,1,1,0,1,False,-1,
8543,2025-11-07 18:35:00,18,-1,MARKDOWN,3,B,153.110734,153.21181987166048,152.85801932084883,0.101085871660473,0.07763974332097195,0,1,1,0,1,1,True,8550,-1.0
8560,2025-11-07 20:00:00,20,-1,MARKDOWN,2,C,153.300134,153.50529744089138,152.78722539777158,0.2051634408913685,0.05659488178275695,0,1,1,0,0,1,True,8576,-1.0
8706,2025-11-10 08:10:00,8,1,MARKUP,2,C,153.89239800000001,153.75946706557872,154.22472533605327,0.1329309344212959,0.04506586884257433,0,1,1,0,0,1,False,-1,
8718,2025-11-10 09:10:00,9,1,MARKUP,2,C,153.91673400000002,153.76010415502546,154.3083086124364,0.15662984497456023,0.0557916899490965,0,1,1,0,0,1,False,-1,
8730,2025-11-10 10:10:00,10,1,MARKUP,0,C,153.92743000000002,153.76048171742343,154.34480070644148,0.166948282576584,0.055036565153163186,0,0,0,0,0,1,False,-1,
8742,2025-11-10 11:10:00,11,1,MARKUP,1,C,153.957608,153.76083722009145,154.44953494977136,0.1967707799085474,0.05432555981712571,0,1,0,0,0,1,False,-1,
8764,2025-11-10 13:00:00,13,1,MARKUP,2,C,154.030734,153.87926304247742,154.40941139380644,0.15147095752257655,0.045473915045144135,0,1,1,0,0,1,False,-1,
8776,2025-11-10 14:00:00,14,1,MARKUP,2,C,154.06421799999998,153.930099997664,154.39951300583994,0.13411800233598115,0.039800004671948414,0,1,1,0,0,1,True,8780,-1.0
8810,2025-11-10 16:50:00,16,1,MARKUP,3,B,154.133434,154.0367938887361,154.37503427815972,0.09664011126389482,0.05041222252781881,1,1,1,0,0,1,True,8811,-1.0
8831,2025-11-10 18:35:00,18,-1,MARKDOWN,1,C,154.082434,154.2319145083584,153.70873272910404,0.1494805083583799,0.059829016716777074,0,1,0,0,0,1,False,-1,
8843,2025-11-10 19:35:00,19,-1,MARKDOWN,2,C,154.06080400000002,154.19288857019964,153.73059257450097,0.13208457019962339,0.05177714039928673,0,1,1,0,0,1,False,-1,
8855,2025-11-10 20:35:00,20,-1,MARKDOWN,0,C,154.06080400000002,154.1854927923374,153.74908201915653,0.12468879233739472,0.036985584674820944,0,0,0,0,0,1,True,8871,-1.0
9019,2025-11-11 10:15:00,10,1,MARKUP,2,C,154.273042,154.19992156278104,154.4558430930474,0.07312043721896089,0.04615687443792834,0,1,1,0,0,1,True,9021,1.0005906601110337
9031,2025-11-11 11:15:00,11,1,MARKUP,2,C,154.22475599999999,154.0674162719567,154.6181053201082,0.1573397280432971,0.04116745608659566,0,1,1,0,0,1,True,9049,-1.0
9073,2025-11-11 14:45:00,14,-1,MARKDOWN,2,C,154.209024,154.25111855748088,154.1037876062978,0.04209455748087976,0.03223711496173186,0,1,1,0,0,1,True,9075,1.75
9085,2025-11-11 15:45:00,15,-1,MARKDOWN,1,C,154.14804,154.4815067777315,153.31437305567124,0.3334667777315019,0.0710135554630244,0,1,0,0,0,1,False,-1,
9097,2025-11-11 16:45:00,16,-1,MARKDOWN,1,C,154.09551,154.39440254554933,153.34827863612665,0.29889254554933586,0.06680509109869662,0,1,0,0,0,1,True,9101,-0.09531853645812116
9109,2025-11-11 17:45:00,17,-1,MARKDOWN,1,C,154.038036,154.30092549392984,153.38081226517542,0.2628894939298334,0.06585098785965095,0,0,1,0,0,1,True,9125,-1.0
9280,2025-11-12 08:00:00,8,1,MARKUP,2,C,154.450482,154.20967280065116,155.05250499837206,0.24080919934883127,0.060654398697666756,0,1,1,0,0,1,False,-1,
9292,2025-11-12 09:00:00,9,1,MARKUP,0,C,154.450482,154.21230571363145,155.04592271592134,0.23817628636854238,0.055388572737089796,0,0,0,0,0,1,False,-1,
9304,2025-11-12 10:00:00,10,1,MARKUP,2,C,154.450482,154.21195482840886,155.0467999289778,0.23852717159113013,0.05609034318227954,0,1,1,0,0,1,False,-1,
9316,2025-11-12 11:00:00,11,1,MARKUP,1,C,154.518462,154.31986166760308,155.01496283099232,0.19860033239692143,0.06027666479384873,0,1,0,0,0,1,False,-1,
9340,2025-11-12 13:00:00,13,1,MARKUP,2,C,154.65214799999998,154.47087645889354,155.1053268527661,0.18127154110644028,0.04624708221293523,0,1,1,0,0,1,False,-1,
9362,2025-11-12 14:50:00,14,1,MARKUP,2,C,154.721364,154.58558144991693,155.06082037520764,0.13578255008306428,0.0408371001661142,0,1,1,0,0,1,False,-1,
9374,2025-11-12 15:50:00,15,1,MARKUP,1,C,154.813544,154.67992530232507,155.14759074418734,0.13361869767493317,0.044149395349850934,0,1,0,0,0,1,True,9391,-1.0
9386,2025-11-12 16:50:00,16,1,MARKUP,1,C,154.835262,154.67784054252937,155.22881564367657,0.15742145747063319,0.05431891494128785,0,1,0,0,0,1,True,9388,-1.0
9415,2025-11-12 19:15:00,19,-1,MARKDOWN,1,C,154.8359,155.07243289063086,154.2445677734229,0.2365328906308548,0.052865781261761426,0,1,0,0,0,1,False,-1,
9427,2025-11-12 20:15:00,20,-1,MARKDOWN,0,C,154.8359,155.06809669418942,154.25540826452647,0.2321966941894118,0.04419338837886219,0,0,0,0,0,1,False,-1,
9571,2025-11-13 08:15:00,8,1,MARKUP,1,C,154.768014,154.60451879271582,155.17675201821044,0.16349520728417133,0.03896241456835538,0,1,0,0,0,1,True,9586,-1.0
9583,2025-11-13 09:15:00,9,1,MARKUP,0,C,154.770306,154.60418130582312,155.18561773544224,0.16612469417688658,0.03963738835373915,0,0,0,0,0,1,True,9586,-1.0
9600,2025-11-13 10:40:00,10,-1,MARKDOWN,1,C,154.840066,155.04012906084102,154.33990834789745,0.20006306084101766,0.066258121682019,0,1,0,0,0,1,False,-1,
9612,2025-11-13 11:40:00,11,-1,MARKDOWN,1,C,154.746094,155.04657923284947,153.99488091787634,0.3004852328494678,0.07915846569889776,0,1,0,0,0,1,False,-1,
9628,2025-11-13 13:00:00,13,-1,MARKDOWN,1,C,154.746094,155.0342273742857,154.02576056428575,0.2881333742857066,0.0544547485713812,1,0,0,0,0,1,True,9638,0.9591375244953815
9671,2025-11-13 16:35:00,16,-1,MARKDOWN,2,C,154.639794,154.7949541446462,154.2518936383845,0.15516014464620298,0.055908289292398196,0,1,1,0,0,1,False,-1,
9683,2025-11-13 17:35:00,17,-1,MARKDOWN,2,C,154.579056,154.80297983914318,154.01924640214207,0.22392383914316838,0.07195967828638514,0,1,1,0,0,1,False,-1,
9695,2025-11-13 18:35:00,18,-1,MARKDOWN,2,C,154.522902,154.80326429980028,153.82199625049927,0.28036229980028793,0.07252859960055354,0,1,1,0,0,1,False,-1,
9707,2025-11-13 19:35:00,19,-1,MARKDOWN,0,C,154.507452,154.77525546433057,153.8379433391736,0.26780346433056934,0.06651092866118127,0,0,0,0,0,1,False,-1,
9868,2025-11-14 09:00:00,9,1,MARKUP,2,C,154.443846,154.2812045473562,154.85044963160954,0.16264145264381114,0.05559090528758108,0,1,0,0,1,1,False,-1,
9880,2025-11-14 10:00:00,10,1,MARKUP,2,C,154.463328,154.28119539601,154.918659509975,0.18213260398999864,0.05560920798001865,0,1,1,0,0,1,True,9888,1.1024707468969295
9892,2025-11-14 11:00:00,11,1,MARKUP,3,B,154.508666,154.33683210507257,154.93825073731858,0.17183389492743117,0.06633578985488876,0,1,1,0,1,1,False,-1,
9916,2025-11-14 13:00:00,13,1,MARKUP,1,C,154.564004,154.41976744559437,154.92459538601412,0.1442365544056372,0.042465108811278976,0,1,0,0,0,1,True,9929,-1.0
9935,2025-11-14 14:35:00,14,-1,MARKDOWN,2,C,154.51279,154.79911133358317,153.79698666604207,0.28632133358317446,0.07222266716630664,0,1,1,0,0,1,False,-1,
9947,2025-11-14 15:35:00,15,-1,MARKDOWN,2,C,154.325228,154.81761636689137,153.0942570827716,0.4923883668913618,0.10923273378273657,0,1,1,0,0,1,True,9962,-0.32448370177530034
9959,2025-11-14 16:35:00,16,-1,MARKDOWN,0,C,154.325228,154.82241817269238,153.0822525682691,0.4971901726923704,0.11883634538476798,0,0,0,0,0,1,True,9962,-0.3213498753099059
9989,2025-11-14 19:05:00,19,1,MARKUP,2,C,154.035672,153.58080322637073,155.17284393407317,0.454868773629272,0.07239354725849816,0,1,1,0,0,1,False,-1,
10001,2025-11-14 20:05:00,20,1,MARKUP,1,C,154.047514,153.58782737642264,155.19673055894344,0.4596866235773689,0.05834524715470451,0,1,0,0,0,1,False,-1,
10144,2025-11-17 08:00:00,8,1,MARKUP,2,C,154.616432,154.49248583086143,154.92629742284646,0.12394616913857703,0.037028338277139916,0,1,1,0,0,1,False,-1,
10157,2025-11-17 09:05:00,9,1,MARKUP,3,B,154.675186,154.56953102078222,154.93932344804443,0.10565497921777478,0.0409379584355894,0,1,1,0,1,1,True,10163,0.6697011065073417
10170,2025-11-17 10:10:00,10,1,MARKUP,1,C,154.675186,154.5634533656037,154.95451758599074,0.11173263439630432,0.053093268792602184,0,0,1,0,0,1,True,10179,0.6115607514491173
10182,2025-11-17 11:10:00,11,1,MARKUP,0,C,154.683208,154.56445719563212,154.98008501091974,0.11875080436789176,0.05108560873578517,0,0,0,0,0,1,True,10187,0.961647498168873
10204,2025-11-17 13:00:00,13,1,MARKUP,2,C,154.71500600000002,154.60413038383206,154.99219504041992,0.11087561616795938,0.04373923233586711,0,1,1,0,0,1,False,-1,
10216,2025-11-17 14:00:00,14,1,MARKUP,1,C,154.720354,154.60838890308838,155.000266742279,0.11196509691160372,0.03522219382323758,0,1,0,0,0,1,False,-1,
10228,2025-11-17 15:00:00,15,1,MARKUP,2,C,154.72532,154.60821747392484,155.01807631518795,0.11710252607517191,0.03556505215035521,0,1,1,0,0,1,False,-1,
10240,2025-11-17 16:00:00,16,1,MARKUP,1,C,154.75532,154.6370190146394,155.0510724634015,0.11830098536060518,0.03796197072121646,0,1,0,0,0,1,False,-1,
10252,2025-11-17 17:00:00,17,1,MARKUP,2,C,154.859878,154.67033114438578,155.33374513903556,0.1895468556142248,0.05133771122840204,0,1,1,0,0,1,False,-1,
10264,2025-11-17 18:00:00,18,1,MARKUP,1,C,154.95459400000001,154.70583818989633,155.57648352525922,0.2487558101036882,0.06432362020733912,0,1,0,0,0,1,False,-1,
10276,2025-11-17 19:00:00,19,1,MARKUP,1,C,154.95459400000001,154.7140321333949,155.55599866651278,0.24056186660510548,0.04793573321017808,0,1,0,0,0,1,False,-1,
10288,2025-11-17 20:00:00,20,1,MARKUP,0,C,155.018248,154.81947244889378,155.51518687776556,0.19877555110622325,0.04305510221244204,0,0,0,0,0,1,False,-1,
10433,2025-11-18 08:05:00,8,-1,MARKDOWN,1,C,155.156046,155.39429255474067,154.56042961314833,0.23824655474066958,0.05858510948134278,1,0,0,0,0,1,True,10435,0.7303646192166892
10447,2025-11-18 09:15:00,9,-1,MARKDOWN,3,B,155.094246,155.3098140905081,154.55532577372975,0.21556809050809989,0.08962818101623714,0,1,1,0,1,1,True,10462,-1.0
10459,2025-11-18 10:15:00,10,-1,MARKDOWN,3,B,155.05531200000001,155.24486224282708,154.58143639293235,0.18955024282706745,0.08572448565416892,0,1,1,0,1,1,True,10462,-1.0
10478,2025-11-18 11:50:00,11,1,MARKUP,2,C,155.01606999999998,154.8385887189953,155.45977320251166,0.17748128100467397,0.06082256200936135,0,1,1,0,0,1,False,-1,
10492,2025-11-18 13:00:00,13,1,MARKUP,1,C,155.082156,154.8438543863294,155.67791003417648,0.23830161367058622,0.050291227341184234,0,1,0,0,0,1,False,-1,
10504,2025-11-18 14:00:00,14,1,MARKUP,1,C,155.08965,154.8472486400351,155.69565339991226,0.24240135996490153,0.04550271992982036,0,1,0,0,0,1,True,10521,0.8055738922071696
10550,2025-11-18 17:50:00,17,-1,MARKDOWN,1,C,155.294874,155.48132064277203,154.8287573930699,0.18644664277204015,0.07264128554410565,0,1,0,0,0,1,True,10552,-1.0
10562,2025-11-18 18:50:00,18,1,MARKUP,1,C,155.22581,155.01775892517642,155.74593768705893,0.20805107482357243,0.06848214964712462,0,1,0,0,0,1,False,-1,
10574,2025-11-18 19:50:00,19,1,MARKUP,2,C,155.282728,155.0240446047432,155.92943648814196,0.2586833952567815,0.05591079051357647,0,1,1,0,0,1,False,-1,
10586,2025-11-18 20:50:00,20,1,MARKUP,2,C,155.312524,155.02647426261785,156.02764834345535,0.2860497373821431,0.051051474764296445,0,1,1,0,0,1,False,-1,
10725,2025-11-19 08:25:00,8,-1,MARKDOWN,2,C,155.42311999999998,155.57526099940807,155.04276750147977,0.15214099940808978,0.04452199881615884,0,1,1,0,0,1,True,10730,-1.0
10743,2025-11-19 09:55:00,9,1,MARKUP,2,C,155.33524,155.18894387306275,155.70098031734312,0.14629612693724425,0.04811225387446546,0,1,1,0,0,1,False,-1,
10755,2025-11-19 10:55:00,10,1,MARKUP,2,C,155.41952999999998,155.23569899316624,155.87910751708432,0.1838310068337421,0.050602013667529366,0,1,1,0,0,1,False,-1,
10767,2025-11-19 11:55:00,11,1,MARKUP,1,C,155.529546,155.22604728976808,156.28829277557986,0.30349871023193487,0.06990542046385864,0,1,0,0,0,1,False,-1,
10780,2025-11-19 13:00:00,13,1,MARKUP,2,C,155.695922,155.2952484743462,156.69760581413448,0.40067352565378656,0.059503051307567015,0,1,1,0,0,1,False,-1,
10792,2025-11-19 14:00:00,14,1,MARKUP,1,C,155.745362,155.3781945456687,156.66328063582827,0.3671674543313088,0.05361090866263808,0,1,0,0,0,1,False,-1,
10804,2025-11-19 15:00:00,15,1,MARKUP,0,C,155.793566,155.4573312370244,156.63415290743902,0.3362347629756073,0.05133752595123318,0,0,0,0,0,1,False,-1,
10816,2025-11-19 16:00:00,16,1,MARKUP,2,C,155.861454,155.52627418965244,156.69940352586895,0.3351798103475687,0.06145162069510209,0,1,1,0,0,1,False,-1,
10828,2025-11-19 17:00:00,17,1,MARKUP,2,C,156.23468,155.91463521265996,157.03479196835008,0.32004478734003783,0.07472957468007033,0,1,1,0,0,1,False,-1,
10840,2025-11-19 18:00:00,18,1,MARKUP,1,C,156.302232,156.00661908208093,157.04126429479768,0.2956129179190725,0.07476183583818093,0,1,0,0,0,1,False,-1,
10852,2025-11-19 19:00:00,19,1,MARKUP,2,C,156.302232,156.01189301728755,157.02807945678114,0.2903389827124556,0.06421396542490358,0,1,1,0,0,1,False,-1,
10864,2025-11-19 20:00:00,20,1,MARKUP,1,C,156.358768,156.01448846645758,157.21946683385605,0.34427953354241936,0.05902306708483882,0,1,0,0,0,1,False,-1,
11008,2025-11-20 08:00:00,8,1,MARKUP,2,C,157.252774,157.00675313060262,157.86782617349343,0.24602086939736978,0.06649373879475469,0,1,1,0,0,1,False,-1,
11020,2025-11-20 09:00:00,9,1,MARKUP,2,C,157.461348,157.23387279441704,158.03003601395736,0.2274752055829481,0.06225441116592376,0,1,1,0,0,1,True,11029,-1.0
11082,2025-11-20 14:10:00,14,1,MARKUP,2,C,157.327504,157.08354782601845,157.9373944349539,0.24395617398155878,0.05090434796311935,0,1,1,0,0,1,True,11098,0.5357173193278627
11094,2025-11-20 15:10:00,15,1,MARKUP,1,C,157.351188,157.08273863854404,158.02231140363992,0.2684493614559642,0.05252272291191817,0,1,0,0,0,1,True,11098,0.5
11106,2025-11-20 16:10:00,16,1,MARKUP,3,B,157.404388,157.0608053333053,158.2633446667368,0.34358266669471504,0.12638933338941846,0,1,1,0,1,1,True,11130,0.08327544656204659
11118,2025-11-20 17:10:00,17,1,MARKUP,2,C,157.461862,157.1611922955401,158.21353626114973,0.3006697044598923,0.11161540891982975,0,1,1,0,0,1,True,11129,0.15012486901895275
11157,2025-11-20 20:25:00,20,1,MARKUP,2,C,157.475996,157.16772591921196,158.24667120197012,0.3082700807880485,0.0985481615761103,0,1,1,0,0,1,True,11162,-0.3081583517841408
11296,2025-11-21 08:00:00,8,-1,MARKDOWN,2,C,157.33947,157.5301683182487,156.86272420437825,0.19069831824870676,0.06433663649747107,0,1,1,0,0,1,False,-1,
11308,2025-11-21 09:00:00,9,-1,MARKDOWN,2,C,157.306234,157.49412297941578,156.83651155146052,0.18788897941578853,0.06024595883156113,0,1,1,0,0,1,False,-1,
11320,2025-11-21 10:00:00,10,-1,MARKDOWN,1,C,157.118524,157.4751493853852,156.226960536537,0.3566253853852004,0.0882987707703992,0,1,0,0,0,1,False,-1,
11332,2025-11-21 11:00:00,11,-1,MARKDOWN,2,C,157.022702,157.35278717150518,156.19748907123707,0.3300851715051749,0.09557434301037204,0,1,1,0,0,1,False,-1,
11356,2025-11-21 13:00:00,13,-1,MARKDOWN,1,C,156.958318,157.24592660665618,156.2392964833595,0.2876086066561925,0.07785321331238353,0,0,1,0,0,1,False,-1,
11368,2025-11-21 14:00:00,14,-1,MARKDOWN,1,C,156.928654,157.195590464064,156.26131283984,0.2669364640640026,0.0731809281279892,0,0,1,0,0,1,False,-1,
11380,2025-11-21 15:00:00,15,-1,MARKDOWN,3,B,156.801964,156.9998981306419,156.30712867339525,0.19793413064189735,0.0917962612837664,0,1,1,1,1,1,True,11383,2.5
11401,2025-11-21 16:45:00,16,-1,MARKDOWN,2,C,156.705556,156.84304999371886,156.36182101570284,0.13749399371886284,0.09009998743773122,0,1,1,0,0,1,True,11402,2.5
11413,2025-11-21 17:45:00,17,-1,MARKDOWN,1,C,156.673152,157.03744943195554,155.76240842011111,0.3642974319555492,0.14489886391107712,0,1,0,0,0,1,True,11419,0.9132470417636963
11425,2025-11-21 18:45:00,18,-1,MARKDOWN,3,B,156.673152,157.02827748995074,155.7853382751231,0.3551254899507512,0.12655497990145964,0,1,1,0,1,1,True,11432,0.923920108068333
11443,2025-11-21 20:15:00,20,-1,MARKDOWN,2,C,156.673152,157.0023072815517,155.8502637961207,0.3291552815517207,0.07461456310340438,0,1,1,0,0,1,False,-1,
11584,2025-11-24 08:00:00,8,-1,MARKDOWN,1,C,156.65459,156.7697186094558,156.36676847636056,0.1151286094557804,0.03543721891156327,0,1,0,0,0,1,True,11587,-1.0
11596,2025-11-24 09:00:00,9,1,MARKUP,1,C,156.59059,156.47764268088878,156.87295829777804,0.11294731911121403,0.038714638222491514,0,1,0,0,0,1,False,-1,
11608,2025-11-24 10:00:00,10,1,MARKUP,1,C,156.64598,156.47302903273982,157.0783574181505,0.1729509672601921,0.04794193452040727,0,1,0,0,0,1,False,-1,
11620,2025-11-24 11:00:00,11,1,MARKUP,2,C,156.66508000000002,156.4675296979894,157.15895575502657,0.19755030201062596,0.058940604021224044,0,1,0,0,1,1,False,-1,
11653,2025-11-24 13:45:00,13,1,MARKUP,3,B,156.758398,156.62742858735965,157.08582153160089,0.13096941264035422,0.04114282528068591,0,1,1,1,0,1,True,11665,1.0754539773678449
11665,2025-11-24 14:45:00,14,1,MARKUP,1,C,156.758398,156.62737017120173,157.08596757199567,0.1310278287982669,0.041259657596508355,0,1,0,0,0,1,False,-1,
11677,2025-11-24 15:45:00,15,1,MARKUP,1,C,156.79865600000002,156.65770659813847,157.15102950465388,0.14094940186154759,0.04658680372306176,0,1,0,0,0,1,False,-1,
11689,2025-11-24 16:45:00,16,1,MARKUP,1,C,156.874484,156.67072620516473,157.38387848708817,0.20375779483526912,0.0545475896705766,0,1,0,0,0,1,True,11702,0.25282959133730903
11701,2025-11-24 17:45:00,17,1,MARKUP,2,C,156.887034,156.6698304038907,157.43004299027325,0.21720359610930018,0.062339192218592784,0,0,1,0,1,1,True,11702,0.1793985030541555
11885,2025-11-25 09:05:00,9,-1,MARKDOWN,2,C,156.636282,156.67778565609527,156.5325228597618,0.041503656095272845,0.04557131219053836,0,1,1,0,0,1,True,11886,0.5
11897,2025-11-25 10:05:00,10,-1,MARKDOWN,1,C,156.726468,156.87994418570617,156.34277753573463,0.15347618570615396,0.05788837141233841,0,1,0,0,0,1,False,-1,
11909,2025-11-25 11:05:00,11,-1,MARKDOWN,2,C,156.655798,156.88611544703437,156.08000438241407,0.2303174470343663,0.07023089406876398,0,1,1,0,0,1,False,-1,
11932,2025-11-25 13:00:00,13,-1,MARKDOWN,0,C,156.542846,156.8206871821659,155.84824304458525,0.2778411821659006,0.06137436433179605,0,0,0,0,0,1,False,-1,
11955,2025-11-25 14:55:00,14,-1,MARKDOWN,3,B,156.487844,156.73029328841864,155.8817207789534,0.24244928841864066,0.058586576837267645,0,1,1,0,1,1,False,-1,
11967,2025-11-25 15:55:00,15,-1,MARKDOWN,2,C,156.332146,156.566206874689,155.74699381327753,0.23406087468899273,0.08841374937800497,0,1,1,0,0,1,False,-1,
11979,2025-11-25 16:55:00,16,-1,MARKDOWN,1,C,156.28324999999998,156.57165385130943,155.56224037172635,0.2884038513094538,0.09930770261886171,0,1,0,0,0,1,True,12002,0.9959727234659332
11991,2025-11-25 17:55:00,17,-1,MARKDOWN,0,C,156.281722,156.57343274488719,155.55244513778206,0.2917107448871832,0.10286548977439858,0,0,0,0,0,1,True,12002,0.987731240914861
12004,2025-11-25 19:00:00,19,-1,MARKDOWN,3,B,156.27739599999998,156.5616394341694,155.56678741457645,0.28424343416941156,0.09327886833882815,0,1,1,0,1,1,False,-1,
12016,2025-11-25 20:00:00,20,-1,MARKDOWN,2,C,156.138956,156.38855236098172,155.5149650975457,0.24959636098171245,0.08510472196341357,0,1,1,0,0,1,False,-1,
12166,2025-11-26 08:30:00,8,1,MARKUP,0,C,155.86019,155.62168703002914,156.45644742492712,0.23850296997085252,0.06062593994172685,0,0,0,0,0,1,False,-1,
12178,2025-11-26 09:30:00,9,1,MARKUP,2,C,155.971612,155.64644774300055,156.7845226424986,0.32516425699944307,0.06510451399892765,0,1,1,0,0,1,False,-1,
12190,2025-11-26 10:30:00,10,1,MARKUP,1,C,156.051412,155.7628381164021,156.77284670899476,0.2885738835979055,0.06832376719580867,0,1,0,0,0,1,False,-1,
12202,2025-11-26 11:30:00,11,1,MARKUP,1,C,156.20654,155.99312902112172,156.74006744719566,0.21341097887827232,0.06774195775654743,0,0,1,0,0,1,False,-1,
12220,2025-11-26 13:00:00,13,1,MARKUP,2,C,156.225248,156.01899124068393,156.74088989829016,0.20625675931606224,0.0580175186321167,0,1,1,0,0,1,False,-1,
12232,2025-11-26 14:00:00,14,1,MARKUP,2,C,156.31373200000002,156.11810573828845,156.80279765427895,0.19562626171156694,0.06578852342310455,0,1,1,0,0,1,False,-1,
12244,2025-11-26 15:00:00,15,1,MARKUP,0,C,156.421522,156.28483509734042,156.763239256649,0.13668690265959071,0.06632980531917622,0,0,0,0,0,1,True,12245,1.197579351776482
12256,2025-11-26 16:00:00,16,1,MARKUP,2,C,156.46652,156.29010867287008,156.90754831782482,0.17641132712992658,0.07778265425987599,0,1,0,1,0,1,True,12270,-1.0
12268,2025-11-26 17:00:00,17,1,MARKUP,2,C,156.484092,156.29073524421366,156.96748388946585,0.19335675578633982,0.07652951157271215,0,1,1,0,0,1,True,12270,-1.0
12480,2025-11-27 10:40:00,10,1,MARKUP,2,C,156.004562,155.78571967242627,156.5516678189343,0.21884232757372502,0.06256065514749722,0,1,1,0,0,1,False,-1,
12492,2025-11-27 11:40:00,11,1,MARKUP,1,C,156.041616,155.79018546867948,156.6701923283013,0.25143053132052273,0.053629062641024496,0,1,0,0,0,1,False,-1,
12508,2025-11-27 13:00:00,13,1,MARKUP,0,C,156.101562,155.89300974969194,156.62294262577015,0.20855225030805968,0.041980500616080295,0,0,0,0,0,1,False,-1,
12520,2025-11-27 14:00:00,14,1,MARKUP,1,C,156.20415,156.06275339152003,156.5576415211999,0.14139660847996538,0.03449321695997958,0,1,0,0,0,1,False,-1,
12532,2025-11-27 15:00:00,15,1,MARKUP,1,C,156.227634,156.10050759431365,156.54545001421585,0.12712640568634015,0.03498481137268585,0,1,0,0,0,1,False,-1,
12551,2025-11-27 16:35:00,16,1,MARKUP,3,B,156.34256,156.2960211962947,156.4589070092632,0.046538803705288956,0.031957607410623264,0,1,1,1,0,1,True,12552,-1.0
12568,2025-11-27 18:00:00,18,1,MARKUP,3,B,156.313368,156.25009270614032,156.4715562346492,0.06327529385967523,0.031814587719349474,0,1,1,1,0,1,True,12570,-1.0
12584,2025-11-27 19:20:00,19,1,MARKUP,2,C,156.330054,156.28100538410365,156.45267553974082,0.04904861589633924,0.023989231792688616,0,1,1,0,0,1,True,12586,-1.0
12596,2025-11-27 20:20:00,20,1,MARKUP,2,C,156.28642399999998,156.22662740391092,156.4359154902226,0.05979659608905763,0.01874519217815027,0,1,1,0,0,1,False,-1,
12739,2025-11-28 08:15:00,8,1,MARKUP,2,C,156.39040200000002,156.31749776140333,156.57266259649174,0.07290423859669204,0.06100447719336314,0,1,1,0,0,1,True,12740,-1.0
12751,2025-11-28 09:15:00,9,1,MARKUP,1,C,156.227644,156.07080191708724,156.6197492072819,0.15684208291276036,0.052396165825566186,0,1,0,0,0,1,True,12753,0.7243611714244227
12763,2025-11-28 10:15:00,10,1,MARKUP,2,C,156.239386,156.08368059691918,156.62864950770205,0.15570540308081604,0.0646388061616703,0,1,1,0,0,1,True,12770,-1.0
12782,2025-11-28 11:50:00,11,1,MARKUP,3,B,156.296242,156.16363662471804,156.62775543820493,0.13260537528196892,0.08872675056392702,1,1,1,0,0,1,True,12783,-1.0
12797,2025-11-28 13:05:00,13,-1,MARKDOWN,1,C,156.340062,156.47401592345406,156.0051771913648,0.1339539234540723,0.07003184690814032,0,1,0,0,0,1,False,-1,
12809,2025-11-28 14:05:00,14,-1,MARKDOWN,1,C,156.30373600000001,156.430058072774,155.98793081806508,0.12632207277397356,0.060116145547939745,0,1,0,0,0,1,False,-1,
12821,2025-11-28 15:05:00,15,-1,MARKDOWN,1,C,156.271782,156.41043541554905,155.92514846112738,0.13865341554904376,0.04887083109812719,0,1,0,0,0,1,True,12837,0.9084817866307846
12833,2025-11-28 16:05:00,16,-1,MARKDOWN,1,C,156.23402000000002,156.40601414655626,155.8040346336094,0.17199414655624423,0.046028293112488454,0,1,0,0,0,1,True,12837,0.7195213945469587
12854,2025-11-28 17:50:00,17,-1,MARKDOWN,2,C,156.18632200000002,156.35178463955472,155.77266540111327,0.16546263955470408,0.07956927910943892,0,1,1,0,0,1,True,12859,0.8254567128776594
13040,2025-12-01 09:20:00,9,-1,MARKDOWN,3,B,155.53543200000001,155.65310493329497,155.24124966676263,0.11767293329495487,0.06420986658992146,0,1,1,0,1,1,True,13056,0.5413537765733707
13052,2025-12-01 10:20:00,10,-1,MARKDOWN,2,C,155.527358,155.7259291273753,155.0309301815617,0.1985711273753168,0.06785825475059915,0,1,1,0,0,1,True,13056,1.1649273537171843
13064,2025-12-01 11:20:00,11,-1,MARKDOWN,0,C,155.527358,155.72962793465143,155.0216831633714,0.20226993465144005,0.07525586930285263,0,0,0,0,0,1,False,-1,
13084,2025-12-01 13:00:00,13,-1,MARKDOWN,1,C,155.489922,155.72048797868626,154.91350705328438,0.23056597868625772,0.05697595737253884,0,1,0,0,0,1,False,-1,
13096,2025-12-01 14:00:00,14,-1,MARKDOWN,1,C,155.40814600000002,155.62423135645105,154.86793260887242,0.21608535645103188,0.05246271290204497,0,1,0,0,0,1,False,-1,
13108,2025-12-01 15:00:00,15,-1,MARKDOWN,2,C,155.23348000000001,155.59318530115215,154.33421674711968,0.3597053011521325,0.06237060230424901,0,1,1,0,0,1,False,-1,
13120,2025-12-01 16:00:00,16,-1,MARKDOWN,0,C,155.201188,155.57162242100736,154.2751019474816,0.37043442100736,0.0792448420146941,0,0,0,0,0,1,False,-1,
13168,2025-12-01 20:00:00,20,1,MARKUP,1,C,154.94065799999998,154.64200363887264,155.68729390281834,0.29865436112734756,0.0479927222547259,0,1,0,0,0,1,False,-1,
13314,2025-12-02 08:10:00,8,1,MARKUP,2,C,155.7311,155.6943404555003,155.82299886124923,0.03675954449968799,0.035319088999370654,0,1,1,0,0,1,True,13315,1.75
13326,2025-12-02 09:10:00,9,1,MARKUP,2,C,155.65423,155.53426874374688,155.95413314063285,0.11996125625313425,0.037462512506238645,0,1,1,0,0,1,False,-1,
13338,2025-12-02 10:10:00,10,1,MARKUP,2,C,155.663016,155.53244504344568,155.9894433913858,0.1305709565543225,0.041109913108659225,0,1,1,0,0,1,False,-1,
13350,2025-12-02 11:10:00,11,1,MARKUP,2,C,155.747316,155.5561493117261,156.2252327206848,0.1911666882739098,0.04770137654781924,0,1,1,0,0,1,False,-1,
13372,2025-12-02 13:00:00,13,1,MARKUP,2,C,155.831002,155.65348769747717,156.2747877563071,0.1775143025228374,0.04102460504568368,0,1,1,0,0,1,False,-1,
13386,2025-12-02 14:10:00,14,1,MARKUP,1,C,155.85695800000002,155.69643722604923,156.258259934877,0.16052077395079323,0.03912554790153933,0,0,1,0,0,1,False,-1,
13400,2025-12-02 15:20:00,15,1,MARKUP,2,C,155.957074,155.8579976825003,156.2047647937493,0.09907631749970847,0.04000463499940466,0,1,1,0,0,1,True,13408,0.7626066844289379
13412,2025-12-02 16:20:00,16,1,MARKUP,2,C,155.96996199999998,155.8744745877225,156.2086805306937,0.09548741227749247,0.045050824555002845,0,1,0,0,1,1,True,13418,1.0965362178668454
13424,2025-12-02 17:20:00,17,1,MARKUP,1,C,156.00434199999998,155.86963287844145,156.3411148038963,0.13470912155852943,0.05473424311707883,0,1,0,0,0,1,True,13426,-1.0
13445,2025-12-02 19:05:00,19,1,MARKUP,3,B,156.015466,155.8827988544016,156.34713386399596,0.13266714559838988,0.06440229119673672,1,1,1,0,0,1,True,13448,-1.0
13599,2025-12-03 08:00:00,8,-1,MARKDOWN,3,B,155.716386,155.7975838858984,155.513391285254,0.08119788589840482,0.027167771796799123,0,1,1,1,0,1,True,13623,1.1232507515074084
13611,2025-12-03 09:00:00,9,-1,MARKDOWN,2,C,155.692456,155.82250093011234,155.3673436747191,0.13004493011234786,0.037001860224686364,0,1,1,0,0,1,True,13622,0.7971407141639966
13642,2025-12-03 11:35:00,11,-1,MARKDOWN,3,B,155.636836,155.7359722560155,155.38899535996126,0.09913625601549825,0.04394451203098827,0,1,1,1,0,1,True,13647,1.75
13659,2025-12-03 13:00:00,13,-1,MARKDOWN,2,C,155.637962,155.77752199114596,155.28906202213506,0.13955999114597262,0.043043982291947,0,1,1,0,0,1,False,-1,
13671,2025-12-03 14:00:00,14,-1,MARKDOWN,2,C,155.60511,155.77562582884772,155.17882042788068,0.17051582884772643,0.039251657695442206,0,1,1,0,0,1,False,-1,
13683,2025-12-03 15:00:00,15,-1,MARKDOWN,1,C,155.60511,155.7745423302754,155.18152917431146,0.16943233027541282,0.037084660550831004,0,1,0,0,0,1,False,-1,
13695,2025-12-03 16:00:00,16,-1,MARKDOWN,2,C,155.497876,155.71750109080577,154.94881327298555,0.21962509080577775,0.0710021816115748,0,0,1,0,1,1,True,13700,0.6666664395822091
13708,2025-12-03 17:05:00,17,-1,MARKDOWN,2,C,155.454616,155.66269186713518,154.934426332162,0.208075867135193,0.10138373427037724,0,1,0,0,1,1,True,13709,0.5719647700316317
13720,2025-12-03 18:05:00,18,-1,MARKDOWN,3,B,155.422898,155.64761576316093,154.8611035920977,0.22471776316092473,0.09723152632185304,0,1,1,0,1,1,False,-1,
13732,2025-12-03 19:05:00,19,-1,MARKDOWN,1,C,155.375148,155.63668602344492,154.72130294138768,0.2615380234449276,0.07537204688986932,0,1,0,0,0,1,False,-1,
13744,2025-12-03 20:05:00,20,-1,MARKDOWN,2,C,155.375148,155.6280835038696,154.742809240326,0.25293550386959396,0.058167007739219595,0,1,1,0,0,1,False,-1,
13912,2025-12-04 10:05:00,10,-1,MARKDOWN,2,C,155.32135,155.57404984346766,154.68960039133083,0.25269984346766705,0.06609968693535634,0,1,1,0,0,1,False,-1,
13924,2025-12-04 11:05:00,11,-1,MARKDOWN,2,C,155.22575799999998,155.54395762810793,154.43025892973012,0.3181996281079478,0.077915256215868,0,1,1,0,0,1,False,-1,
13947,2025-12-04 13:00:00,13,-1,MARKDOWN,2,C,155.167028,155.4826608270229,154.3779459324427,0.3156328270229096,0.061321654045815195,0,1,1,0,0,1,False,-1,
13959,2025-12-04 14:00:00,14,-1,MARKDOWN,1,C,155.03121000000002,155.3837359350939,154.1498951622653,0.35252593509389385,0.05947187018781622,0,1,0,0,0,1,True,13977,0.9426438468998457
13971,2025-12-04 15:00:00,15,-1,MARKDOWN,0,C,154.863114,155.11391196705426,154.23611908236433,0.25079796705426816,0.06382393410852212,0,0,0,0,0,1,True,13977,0.7870654690208796
13986,2025-12-04 16:15:00,16,-1,MARKDOWN,2,C,154.780302,154.98686120921414,154.26390397696468,0.2065592092141344,0.07772241842827521,0,1,1,0,0,1,True,13992,0.7459839683944752
14000,2025-12-04 17:25:00,17,-1,MARKDOWN,3,B,154.747548,154.93391245851888,154.2816368537028,0.18636445851888084,0.07782491703772873,0,1,1,1,0,1,True,14008,-1.0
14037,2025-12-04 20:30:00,20,1,MARKUP,2,C,154.721642,154.53666043601893,155.18409590995267,0.18498156398106858,0.040679127962109235,0,1,1,0,0,1,False,-1,
14175,2025-12-05 08:00:00,8,-1,MARKDOWN,2,C,154.924452,155.19079787928135,154.25858730179664,0.2663458792813458,0.06359575856273797,0,1,0,0,1,1,False,-1,
14187,2025-12-05 09:00:00,9,-1,MARKDOWN,1,C,154.89159999999998,155.19377072379547,154.13617319051127,0.30217072379548426,0.0695414475909267,0,1,0,0,0,1,True,14210,-1.0
14199,2025-12-05 10:00:00,10,-1,MARKDOWN,0,C,154.848052,155.1992522882211,153.97005127944726,0.3512002882210936,0.08050457644217789,0,0,0,0,0,1,True,14208,-1.0
14235,2025-12-05 13:00:00,13,1,MARKUP,2,C,154.664352,154.31981875506145,155.52568511234642,0.3445332449385603,0.05036248987707546,0,1,1,0,0,1,False,-1,
14247,2025-12-05 14:00:00,14,1,MARKUP,1,C,154.680778,154.32300133097908,155.5752196725523,0.35777666902092164,0.0439973380418598,0,1,0,0,0,1,False,-1,
14259,2025-12-05 15:00:00,15,1,MARKUP,1,C,154.910504,154.6675204127547,155.51796296811327,0.24298358724530544,0.048959174490608756,0,1,0,0,0,1,False,-1,
14271,2025-12-05 16:00:00,16,1,MARKUP,0,C,155.020508,154.8441126962206,155.4614962594485,0.17639530377940105,0.05177460755881205,0,0,0,0,0,1,False,-1,
14283,2025-12-05 17:00:00,17,1,MARKUP,2,C,155.048328,154.86286831524308,155.51197721189232,0.1854596847569212,0.06226336951387211,0,1,1,0,0,1,False,-1,
14295,2025-12-05 18:00:00,18,1,MARKUP,1,C,155.186904,155.04783594518454,155.53457413703865,0.13906805481545348,0.0703281096308798,0,0,0,1,1,1,False,-1,
14307,2025-12-05 19:00:00,19,1,MARKUP,1,C,155.23962,155.05066934413603,155.71199663965996,0.18895065586397664,0.06466131172794103,0,0,0,0,1,1,False,-1,
14321,2025-12-05 20:10:00,20,1,MARKUP,3,B,155.25507,155.08496744562115,155.6803263859471,0.17010255437884325,0.04606510875770306,1,0,1,0,1,1,False,-1,
14470,2025-12-08 08:35:00,8,1,MARKUP,1,C,155.05159799999998,154.87875030955684,155.48371722610784,0.17284769044314885,0.04849938088629217,0,1,0,0,0,1,False,-1,
14482,2025-12-08 09:35:00,9,1,MARKUP,1,C,155.105352,154.95252406336,155.48742184160005,0.1528279366400227,0.04895187328001597,0,1,0,0,0,1,False,-1,
14494,2025-12-08 10:35:00,10,1,MARKUP,2,C,155.208384,155.0246513937797,155.66771551555075,0.1837326062203033,0.05269721244058824,0,1,0,0,1,1,False,-1,
14506,2025-12-08 11:35:00,11,1,MARKUP,1,C,155.246506,155.03544764842476,155.77415187893814,0.21105835157524666,0.05310470315046977,0,1,0,0,0,1,False,-1,
14523,2025-12-08 13:00:00,13,1,MARKUP,2,C,155.278428,155.08260558305597,155.76798404236007,0.1958224169440257,0.044788833888032856,0,1,1,0,0,1,False,-1,
14535,2025-12-08 14:00:00,14,1,MARKUP,2,C,155.329586,155.1483896826246,155.7825767934385,0.1811963173753952,0.03922063475078498,0,1,1,0,0,1,False,-1,
14547,2025-12-08 15:00:00,15,1,MARKUP,2,C,155.41289,155.24053389103517,155.8437802724121,0.17235610896483422,0.042932217929675734,0,1,1,0,0,1,True,14564,1.75
14559,2025-12-08 16:00:00,16,1,MARKUP,1,C,155.50464599999998,155.38426551320217,155.8055972169945,0.12038048679781355,0.04746897359564326,0,1,0,0,0,1,True,14563,1.75
14571,2025-12-08 17:00:00,17,1,MARKUP,3,B,155.583472,155.3567722730323,156.15022131741924,0.22669972696769491,0.07445545393541735,0,1,1,1,0,1,False,-1,
14583,2025-12-08 18:00:00,18,1,MARKUP,1,C,155.620526,155.35940211861427,156.27333570346437,0.2611238813857426,0.0691957627714761,0,1,0,0,0,1,False,-1,
14595,2025-12-08 19:00:00,19,1,MARKUP,1,C,155.620526,155.36504945738193,156.2592173565452,0.2554765426180836,0.05790108523613478,0,1,0,0,0,1,False,-1,
14751,2025-12-09 08:00:00,8,1,MARKUP,3,B,155.884104,155.71436281832408,156.30845695418984,0.16974118167593133,0.05527436335185346,0,1,1,0,1,1,False,-1,
14763,2025-12-09 09:00:00,9,1,MARKUP,2,C,155.898722,155.72916658137567,156.3226105465608,0.1695554186243271,0.05566683724867061,0,1,1,0,0,1,False,-1,
14775,2025-12-09 10:00:00,10,1,MARKUP,2,C,155.985596,155.77451749867214,156.5132922533196,0.21107850132784733,0.05696500265570096,0,1,1,0,0,1,True,14791,0.7500140825854686
14787,2025-12-09 11:00:00,11,1,MARKUP,1,C,156.050694,155.78677726274412,156.71048584313968,0.26391673725586884,0.056445474511759894,0,1,0,0,0,1,True,14791,1.1857232978530015
14822,2025-12-09 13:55:00,13,1,MARKUP,3,B,156.155754,155.95943098110507,156.64656154723733,0.19632301889492965,0.0511380377899077,1,1,1,0,0,1,False,-1,
14834,2025-12-09 14:55:00,14,1,MARKUP,2,C,156.27873599999998,156.1610675151985,156.57290721200366,0.11766848480147019,0.04586496960298597,0,1,1,0,0,1,False,-1,
14846,2025-12-09 15:55:00,15,1,MARKUP,1,C,156.18337000000002,155.9500585096922,156.76664872576956,0.23331149030781262,0.057882980615574245,0,1,0,0,0,1,False,-1,
14858,2025-12-09 16:55:00,16,1,MARKUP,1,C,156.230562,156.01094960855198,156.77959297862003,0.2196123914480097,0.0641007828960675,0,1,0,0,0,1,False,-1,
14870,2025-12-09 17:55:00,17,1,MARKUP,1,C,156.39279,156.02548405490086,157.31105486274782,0.36730594509913317,0.08903189019828928,0,1,0,0,0,1,False,-1,
14882,2025-12-09 18:55:00,18,1,MARKUP,1,C,156.466388,156.1552130623801,157.24432534404968,0.3111749376198816,0.06157387523980246,0,1,0,0,0,1,False,-1,
14894,2025-12-09 19:55:00,19,1,MARKUP,2,C,156.53000799999998,156.26213125454652,157.19969986363364,0.2678767454534636,0.043737490906941186,0,1,1,0,0,1,False,-1,
14906,2025-12-09 20:55:00,20,1,MARKUP,1,C,156.54792999999998,156.29805066028388,157.17262834929022,0.24987933971610232,0.029898679432221013,0,1,0,0,0,1,False,-1,
15063,2025-12-10 10:00:00,10,-1,MARKDOWN,2,C,156.636396,156.70338266962992,156.46892932592516,0.06698666962992661,0.04076533925984013,0,1,1,0,0,1,True,15064,-1.0
15082,2025-12-10 11:35:00,11,1,MARKUP,2,C,156.685196,156.55764713281215,157.0040681679696,0.12754886718784064,0.04270573437572237,0,1,1,0,0,1,False,-1,
15099,2025-12-10 13:00:00,13,1,MARKUP,1,C,156.69742000000002,156.55763346328936,157.04688634177666,0.139786536710659,0.04273307342130616,1,0,0,0,0,1,True,15100,-1.0
15129,2025-12-10 15:30:00,15,-1,MARKDOWN,2,C,156.772872,156.91055012645188,156.42867668387032,0.13767812645187405,0.04310025290371855,0,1,1,0,0,1,False,-1,
15141,2025-12-10 16:30:00,16,-1,MARKDOWN,2,C,156.74078400000002,156.91249673538405,156.31150216153992,0.17171273538403398,0.046993470768093834,0,1,1,0,0,1,False,-1,
15153,2025-12-10 17:30:00,17,-1,MARKDOWN,3,B,156.620594,156.81627622257696,156.13138844355763,0.19568222257694856,0.06055244515392257,0,1,1,0,1,1,False,-1,
15165,2025-12-10 18:30:00,18,-1,MARKDOWN,2,C,156.60992,156.8051048911981,156.1219577720047,0.19518489119812443,0.05420978239622579,0,1,1,0,0,1,False,-1,
15177,2025-12-10 19:30:00,19,-1,MARKDOWN,1,C,156.547988,156.74807185010843,156.04777837472892,0.20008385010842744,0.04414370021683954,0,1,0,0,0,1,False,-1,
15189,2025-12-10 20:30:00,20,-1,MARKDOWN,0,C,156.49605400000002,156.67089220764893,156.05895848087772,0.1748382076489179,0.041784415297830446,0,0,0,0,0,1,True,15201,0.6440498186946233
15334,2025-12-11 08:35:00,8,1,MARKUP,1,C,155.745996,155.46116560635255,156.4580719841186,0.28483039364743945,0.05166878729487362,0,1,0,0,0,1,False,-1,
15346,2025-12-11 09:35:00,9,1,MARKUP,0,C,155.82201,155.58131000029343,156.42375999926645,0.24069999970657818,0.05737999941316476,0,0,0,0,0,1,True,15358,-1.0
15387,2025-12-11 13:00:00,13,-1,MARKDOWN,2,C,156.020222,156.19322655608025,155.58771060979933,0.173004556080258,0.056453112160538985,0,1,1,0,0,1,False,-1,
15399,2025-12-11 14:00:00,14,-1,MARKDOWN,1,C,155.949816,156.09452182135666,155.58805144660835,0.14470582135666632,0.05104364271335071,0,1,0,0,0,1,False,-1,
15411,2025-12-11 15:00:00,15,-1,MARKDOWN,2,C,155.858518,156.1006718070526,155.2531334823685,0.2421538070526026,0.06334361410524195,0,1,1,0,0,1,False,-1,
15423,2025-12-11 16:00:00,16,-1,MARKDOWN,1,C,155.705154,156.07244585099738,154.78692437250652,0.3672918509973897,0.0828917019947282,0,1,0,0,0,1,False,-1,
15435,2025-12-11 17:00:00,17,-1,MARKDOWN,1,C,155.56509,155.99118827218743,154.4998443195314,0.42609827218743135,0.08437654437481763,0,1,0,0,0,1,False,-1,
15447,2025-12-11 18:00:00,18,-1,MARKDOWN,0,C,155.50638,155.89529911093217,154.5340822226696,0.38891911093216436,0.08259822186433693,0,0,0,0,0,1,False,-1,
15459,2025-12-11 19:00:00,19,-1,MARKDOWN,1,C,155.479806,155.84782168518987,154.5597667870253,0.3680156851898744,0.07364337037973247,0,0,1,0,0,1,False,-1,
15615,2025-12-12 08:00:00,8,1,MARKUP,2,C,155.634332,155.5324166732563,155.88912031685925,0.10191532674369341,0.031166653487414205,0,1,1,0,0,1,True,15628,0.7644969009398219
15641,2025-12-12 10:10:00,10,1,MARKUP,3,B,155.70810799999998,155.6034148587213,155.9698408531967,0.10469314127868756,0.06117028255737281,0,1,1,0,1,1,True,15642,1.75
15653,2025-12-12 11:10:00,11,1,MARKUP,1,C,155.663094,155.51083908924187,156.04373127689533,0.15225491075813125,0.06232182151624647,0,1,0,0,0,1,False,-1,
15675,2025-12-12 13:00:00,13,1,MARKUP,2,C,155.703968,155.52170206970806,156.1596328257299,0.1822659302919476,0.04059586058389818,0,1,1,0,0,1,False,-1,
15687,2025-12-12 14:00:00,14,1,MARKUP,0,C,155.715428,155.5204718521593,156.2028183696018,0.19495614784071336,0.04305629568144196,0,0,0,0,0,1,False,-1,
15699,2025-12-12 15:00:00,15,1,MARKUP,1,C,155.816292,155.5971819102438,156.36406722439054,0.2191100897562137,0.051636179512415725,0,1,0,0,0,1,False,-1,
15711,2025-12-12 16:00:00,16,1,MARKUP,2,C,155.904048,155.7371754046263,156.3212294884342,0.1668725953736896,0.05564919074739865,0,1,1,0,0,1,True,15721,-1.0
15731,2025-12-12 17:40:00,17,1,MARKUP,3,B,155.90961,155.73268075150685,156.35193312123283,0.1769292484931384,0.08263849698630923,0,1,1,0,1,1,True,15734,-1.0
15755,2025-12-12 19:40:00,19,-1,MARKDOWN,2,C,155.955954,156.16243898506536,155.43974153733654,0.20648498506537294,0.06687797013074959,0,1,1,0,0,1,False,-1,
15767,2025-12-12 20:40:00,20,-1,MARKDOWN,1,C,155.93865,156.12481946726265,155.47322633184336,0.18616946726265837,0.0476389345253269,0,1,0,0,0,1,True,15781,0.8391868652193157
15903,2025-12-15 08:00:00,8,-1,MARKDOWN,1,C,155.553008,155.9055021895396,154.67177252615105,0.3524941895395841,0.05100437907917949,0,1,0,0,0,1,False,-1,
15915,2025-12-15 09:00:00,9,-1,MARKDOWN,0,C,155.37233,155.66561538690618,154.63911653273456,0.29328538690617734,0.06323077381239109,0,0,0,0,0,1,False,-1,
15929,2025-12-15 10:10:00,10,-1,MARKDOWN,1,C,155.275304,155.51068257422946,154.68685756442636,0.23537857422945763,0.06736514845894145,0,0,1,0,0,1,False,-1,
15941,2025-12-15 11:10:00,11,-1,MARKDOWN,2,C,155.200526,155.39003584848072,154.72675137879818,0.18950984848072494,0.06807169696147819,0,1,1,0,0,1,False,-1,
15963,2025-12-15 13:00:00,13,-1,MARKDOWN,2,C,155.159244,155.3207606676661,154.75545233083477,0.16151666766609196,0.0495213353321734,0,1,1,0,0,1,False,-1,
15975,2025-12-15 14:00:00,14,-1,MARKDOWN,1,C,155.126774,155.32233170477284,154.63787973806797,0.19555770477282408,0.05266340954570305,0,1,0,0,0,1,True,15988,0.8807002398985684
15989,2025-12-15 15:10:00,15,-1,MARKDOWN,3,B,155.079806,155.2477972986142,154.6598277534645,0.16799129861419715,0.05559459722839128,1,0,1,0,1,1,True,15990,0.8033780055362341
16005,2025-12-15 16:30:00,16,-1,MARKDOWN,2,C,155.037782,155.18540065698255,154.6687353575436,0.1476186569825586,0.06680131396515755,0,1,1,0,0,1,True,16014,0.6125477037330179
16017,2025-12-15 17:30:00,17,-1,MARKDOWN,2,C,155.07702,155.27525098364868,154.58144254087833,0.19823098364867064,0.09850196729733722,0,1,0,0,1,1,True,16022,-1.0
16036,2025-12-15 19:05:00,19,1,MARKUP,3,B,155.025854,154.80367323030077,155.5813059242481,0.22218076969923573,0.06465353939850431,0,1,1,1,0,1,False,-1,
16048,2025-12-15 20:05:00,20,1,MARKUP,1,C,155.03922400000002,154.8134227420195,155.60372714495134,0.2258012579805211,0.04515451596102964,0,1,0,0,0,1,False,-1,
16192,2025-12-16 08:05:00,8,-1,MARKDOWN,0,C,154.955302,155.14685909161585,154.47640927096035,0.19155709161586287,0.047718183231726045,0,0,0,0,0,1,True,16204,1.2633278365537906
16260,2025-12-16 13:45:00,13,-1,MARKDOWN,2,C,154.900162,154.9972489178706,154.65744470532348,0.0970869178705982,0.0344978357412215,0,1,1,0,0,1,False,-1,
16272,2025-12-16 14:45:00,14,-1,MARKDOWN,2,C,154.844444,154.96005545316507,154.55541536708736,0.11561145316505872,0.034110906330113204,0,1,1,0,0,1,True,16283,0.5
16296,2025-12-16 16:45:00,16,-1,MARKDOWN,3,B,154.71218,154.95936189371207,154.09422526571979,0.24718189371208155,0.10472378742412368,1,1,1,0,0,1,True,16297,-0.09232067793203774
16308,2025-12-16 17:45:00,17,-1,MARKDOWN,2,C,154.70970799999998,154.95604002047506,154.0938779488123,0.24633202047508007,0.10608004095010748,0,1,0,0,1,1,True,16310,-0.2650568930263497
16329,2025-12-16 19:30:00,19,-1,MARKDOWN,3,B,154.621952,154.79772787387367,154.18251231531582,0.17577587387367544,0.07345574774737179,1,1,1,0,0,1,True,16331,-1.0
16479,2025-12-17 08:00:00,8,1,MARKUP,2,C,154.76712,154.49111467130018,155.45713332174955,0.2760053286998243,0.047770657399634577,0,1,1,0,0,1,False,-1,
16491,2025-12-17 09:00:00,9,1,MARKUP,1,C,155.039738,154.75943860656375,155.74048648359064,0.2802993934362519,0.057122786872527066,0,1,0,0,0,1,False,-1,
16503,2025-12-17 10:00:00,10,1,MARKUP,2,C,155.13331,154.83124904891068,155.88846237772327,0.30206095108931663,0.0655019021786385,0,1,1,0,0,1,False,-1,
16515,2025-12-17 11:00:00,11,1,MARKUP,2,C,155.194828,154.91276005682835,155.89999785792912,0.2820679431716542,0.06447988634329122,0,1,1,0,0,1,False,-1,
16540,2025-12-17 13:05:00,13,1,MARKUP,2,C,155.346856,155.1708593672419,155.7868475818953,0.17599663275811395,0.04028126551621014,0,1,1,0,0,1,False,-1,
16552,2025-12-17 14:05:00,14,1,MARKUP,2,C,155.459332,155.35642956920293,155.71658807699265,0.10290243079705874,0.033140861594112246,0,1,1,0,0,1,True,16558,0.9047717470870791
16564,2025-12-17 15:05:00,15,1,MARKUP,2,C,155.55450399999998,155.50771548480537,155.67147528798648,0.04678851519460636,0.038569030389227495,0,1,1,0,0,1,True,16566,-1.0
16578,2025-12-17 16:15:00,16,1,MARKUP,2,C,155.515636,155.40715268802802,155.78684427992994,0.10848331197198036,0.06569462394396379,0,1,1,0,0,1,True,16583,-1.0
16604,2025-12-17 18:25:00,18,1,MARKUP,3,B,155.52367,155.41414794229158,155.7974751442711,0.10952205770843193,0.07770411541684198,1,1,1,0,0,1,True,16605,0.8533441144086
16616,2025-12-17 19:25:00,19,1,MARKUP,2,C,155.52367,155.4251766429401,155.76990339264978,0.09849335705990825,0.05564671411979286,0,1,1,0,0,1,True,16623,0.8929094879531312
16628,2025-12-17 20:25:00,20,1,MARKUP,2,C,155.459106,155.32820825923764,155.78635035190587,0.13089774076235017,0.045583481524738595,0,1,1,0,0,1,False,-1,
16767,2025-12-18 08:00:00,8,1,MARKUP,1,C,155.62296800000001,155.4429742800526,156.07295229986858,0.17999371994741864,0.03605143989484762,0,1,0,0,0,1,False,-1,
16779,2025-12-18 09:00:00,9,1,MARKUP,1,C,155.76505,155.64029512949642,156.07693717625895,0.1247548705035797,0.039409741007120275,0,1,0,0,0,1,False,-1,
16791,2025-12-18 10:00:00,10,1,MARKUP,1,C,155.798028,155.6756940942066,156.1038627644835,0.12233390579339698,0.05061181158678728,0,0,1,0,0,1,False,-1,
16803,2025-12-18 11:00:00,11,1,MARKUP,1,C,155.798028,155.67771822747537,156.09880243131153,0.12030977252462094,0.04656354504927454,0,0,1,0,0,1,False,-1,
16857,2025-12-18 15:30:00,15,-1,MARKDOWN,2,C,155.722116,156.01224988066406,154.99678129833984,0.2901338806640581,0.07449976132815274,1,0,1,0,0,1,False,-1,
16869,2025-12-18 16:30:00,16,-1,MARKDOWN,1,C,155.722116,156.01591265697323,154.98762435756692,0.2937966569732282,0.08182531394647696,0,1,0,0,0,1,False,-1,
16881,2025-12-18 17:30:00,17,-1,MARKDOWN,1,C,155.694442,155.99043135182427,154.95446862043934,0.2959893518242609,0.0808627036485572,1,0,0,0,0,1,False,-1,
16893,2025-12-18 18:30:00,18,-1,MARKDOWN,2,C,155.64129400000002,155.9008728837229,154.99234679069278,0.25957888372289517,0.07374576744580028,0,1,0,0,1,1,True,16901,-0.3764019576580462
17055,2025-12-19 08:00:00,8,1,MARKUP,2,C,155.814234,155.56064479707072,156.4482070073232,0.2535892029292768,0.058710405858587514,0,1,1,0,0,1,False,-1,
17067,2025-12-19 09:00:00,9,1,MARKUP,1,C,155.91661,155.5354181105214,156.8695897236965,0.3811918894786004,0.1091637789572128,0,0,0,0,1,1,False,-1,
17079,2025-12-19 10:00:00,10,1,MARKUP,2,C,156.0866,155.53046180106017,157.4769454973496,0.5561381989398342,0.11907639787968809,0,1,1,0,0,1,False,-1,
17091,2025-12-19 11:00:00,11,1,MARKUP,1,C,156.24266,155.76586373470928,157.4346506632268,0.47679626529071584,0.09027253058142841,0,1,0,0,0,1,False,-1,
17115,2025-12-19 13:00:00,13,1,MARKUP,1,C,156.442864,155.81060726814073,158.02350582964812,0.6322567318592576,0.07878546371853044,0,1,0,0,0,1,False,-1,
17127,2025-12-19 14:00:00,14,1,MARKUP,2,C,156.568318,156.01992829442588,157.93929226393533,0.5483897055741238,0.0661434111482438,0,1,1,0,0,1,False,-1,
17139,2025-12-19 15:00:00,15,1,MARKUP,1,C,156.98855799999998,156.70466650306136,157.69828674234654,0.28389149693862237,0.056666993877314505,0,0,1,0,0,1,True,17153,1.4603727286282635
17151,2025-12-19 16:00:00,16,1,MARKUP,0,C,157.091764,156.86918700381221,157.6482064904695,0.22257699618779725,0.061625992375597724,0,0,0,0,0,1,True,17153,1.75
17163,2025-12-19 17:00:00,17,1,MARKUP,2,C,157.142044,156.89217382478336,157.7667194380416,0.24987017521664256,0.08565235043328437,0,1,1,0,0,1,False,-1,
17175,2025-12-19 18:00:00,18,1,MARKUP,1,C,157.147392,156.90138363949941,157.76241290125145,0.24600836050058206,0.06723272100118521,0,1,0,0,0,1,False,-1,
17187,2025-12-19 19:00:00,19,1,MARKUP,2,C,157.147774,156.9113262236831,157.73889344079225,0.23644777631690772,0.0473475526338341,0,1,1,0,0,1,False,-1,
17199,2025-12-19 20:00:00,20,1,MARKUP,1,C,157.21577,156.905888407011,157.9904739824725,0.30988159298900086,0.05822318597800261,0,0,1,0,0,1,False,-1,
17344,2025-12-22 08:05:00,8,-1,MARKDOWN,2,C,157.403276,157.53306185913206,157.07881135216985,0.1297858591320562,0.04412371826414624,0,1,1,0,0,1,True,17353,-1.0
17377,2025-12-22 10:50:00,10,1,MARKUP,2,C,157.377128,157.23058501278473,157.74348546803816,0.1465429872152697,0.06082997443054581,0,1,1,0,0,1,True,17392,-1.0
17389,2025-12-22 11:50:00,11,1,MARKUP,0,C,157.382128,157.24102333968102,157.7348896507974,0.14110466031897317,0.049953320637944616,0,0,0,0,0,1,True,17391,-1.0
17408,2025-12-22 13:25:00,13,-1,MARKDOWN,3,B,157.388396,157.45318478663145,157.22642403342138,0.06478878663145338,0.03636957326293091,1,1,0,1,0,1,True,17409,1.75
17421,2025-12-22 14:30:00,14,-1,MARKDOWN,1,C,157.480612,157.58852921095692,157.21081897260774,0.10791721095691287,0.037058421913857456,0,0,1,0,0,1,False,-1,
17433,2025-12-22 15:30:00,15,-1,MARKDOWN,3,B,157.303364,157.60902228532885,156.53921828667785,0.3056582853288603,0.07804457065773396,0,1,1,0,1,1,False,-1,
17445,2025-12-22 16:30:00,16,-1,MARKDOWN,2,C,157.241564,157.51131093668883,156.56719665827796,0.26974693668881855,0.08262187337763903,0,1,1,0,0,1,False,-1,
17457,2025-12-22 17:30:00,17,-1,MARKDOWN,2,C,157.21808,157.47206525460388,156.58311686349026,0.2539852546038901,0.08013050920775337,0,1,1,0,0,1,False,-1,
17469,2025-12-22 18:30:00,18,-1,MARKDOWN,2,C,157.213878,157.46789828993627,156.5788272751593,0.25402028993627823,0.07179657987254552,0,1,1,0,0,1,False,-1,
17481,2025-12-22 19:30:00,19,-1,MARKDOWN,2,C,157.182138,157.45494001160338,156.50013297099156,0.2728020116033747,0.055880023206783994,0,1,1,0,0,1,False,-1,
17497,2025-12-22 20:50:00,20,-1,MARKDOWN,1,C,157.024978,157.24835847012636,156.4665268246841,0.22338047012635798,0.04871694025273005,0,0,1,0,0,1,True,17502,1.75
17631,2025-12-23 08:00:00,8,-1,MARKDOWN,1,C,156.372264,156.6863146708174,155.5871373229565,0.3140506708174087,0.056629341634867915,0,1,0,0,0,1,False,-1,
17643,2025-12-23 09:00:00,9,-1,MARKDOWN,0,C,156.264114,156.5111012587482,155.64664585312954,0.2469872587481916,0.05620251749638864,0,0,0,0,0,1,False,-1,
17655,2025-12-23 10:00:00,10,-1,MARKDOWN,1,C,156.177594,156.3780617231029,155.6764246922428,0.2004677231028893,0.07012344620578717,0,1,0,0,0,1,False,-1,
17667,2025-12-23 11:00:00,11,-1,MARKDOWN,3,B,156.00860600000001,156.22742414229256,155.46156064426864,0.21881814229254815,0.08084828458508073,0,1,1,1,0,1,True,17678,-1.0
17691,2025-12-23 13:00:00,13,-1,MARKDOWN,1,C,155.982248,156.22050358654974,155.38660903362563,0.23825558654974088,0.06700717309946382,0,0,0,0,1,1,True,17700,-1.0
17710,2025-12-23 14:35:00,14,-1,MARKDOWN,4,A,155.939606,156.14260395576056,155.43211111059858,0.20299795576056567,0.04920791152113711,1,1,1,1,1,1,True,17712,-1.0
17731,2025-12-23 16:20:00,16,1,MARKUP,2,C,156.093558,155.8006419468638,156.8258481328405,0.29291605313619584,0.07471610627235872,0,1,1,0,0,1,False,-1,
17743,2025-12-23 17:20:00,17,1,MARKUP,1,C,156.123378,155.82440488893488,156.87081077766283,0.2989731110651235,0.07919022213025882,0,1,0,0,0,1,False,-1,
17755,2025-12-23 18:20:00,18,1,MARKUP,0,C,156.129558,155.83905600744833,156.8558129813792,0.2905019925516683,0.06988798510332707,0,0,0,0,0,1,False,-1,
17775,2025-12-23 20:00:00,20,1,MARKUP,1,C,156.178998,155.93061163471924,156.7999639132019,0.24838636528076563,0.0467767305615283,0,0,1,0,0,1,True,17799,-1.0
17919,2025-12-24 08:00:00,8,-1,MARKDOWN,3,B,155.92594599999998,156.17873399504458,155.2939760123885,0.25278799504459926,0.04946799008919528,0,1,1,1,0,1,False,-1,
17938,2025-12-24 09:35:00,9,-1,MARKDOWN,0,C,155.9102,156.09235107414582,155.45482231463546,0.1821510741458212,0.05870214829168842,0,0,0,0,0,1,True,17944,0.7782442882012882
17955,2025-12-24 11:00:00,11,-1,MARKDOWN,2,C,155.9102,156.09494500268613,155.44833749328467,0.18474500268612815,0.06389000537227049,0,1,1,0,0,1,True,17971,0.7846636077404797
17992,2025-12-24 14:05:00,14,1,MARKUP,1,C,155.796634,155.66630642502855,156.12245293742865,0.13032757497146008,0.041387149942909415,0,1,0,0,0,1,False,-1,
18004,2025-12-24 15:05:00,15,1,MARKUP,1,C,155.833306,155.66520945522137,156.25354736194654,0.16809654477862068,0.04358108955729881,0,1,0,0,0,1,True,18023,0.8054416380044169
18016,2025-12-24 16:05:00,16,1,MARKUP,2,C,155.846284,155.6878539124569,156.24235921885776,0.15843008754310972,0.040292175086233055,0,1,1,0,0,1,True,18023,-1.0
18030,2025-12-24 17:15:00,17,-1,MARKDOWN,1,C,155.920638,156.09700061448504,155.4797314637874,0.17636261448504342,0.054001228970122314,0,1,0,0,0,1,True,18045,-1.0
18042,2025-12-24 18:15:00,18,-1,MARKDOWN,0,C,155.920638,156.0999571595834,155.47234010104148,0.17931915958340028,0.05991431916681407,0,0,0,0,0,1,True,18045,-1.0
18217,2025-12-26 08:50:00,8,1,MARKUP,2,C,156.114476,155.96712985371371,156.4828413657157,0.1473461462862815,0.05174029257253288,0,1,1,0,0,1,False,-1,
18229,2025-12-26 09:50:00,9,1,MARKUP,2,C,156.161462,155.9663498282848,156.64924242928802,0.19511217171520912,0.05330034343041635,0,1,1,0,0,1,False,-1,
18241,2025-12-26 10:50:00,10,1,MARKUP,1,C,156.165282,155.96511776009913,156.66569259975213,0.2001642399008574,0.05576447980172093,0,1,0,0,0,1,False,-1,
18253,2025-12-26 11:50:00,11,1,MARKUP,1,C,156.234396,156.06793776566693,156.65054158583268,0.16645823433307783,0.044124468666134356,0,1,0,0,0,1,False,-1,
18267,2025-12-26 13:00:00,13,1,MARKUP,1,C,156.235542,156.07221243626736,156.64386590933162,0.1633295637326455,0.0355751274653007,0,0,1,0,0,1,False,-1,
18279,2025-12-26 14:00:00,14,1,MARKUP,2,C,156.31341,156.19707444637527,156.60424888406186,0.11633555362473658,0.037851107249481264,0,1,1,0,0,1,True,18292,0.8823582070500904
18291,2025-12-26 15:00:00,15,1,MARKUP,1,C,156.372052,156.28319826660143,156.5941863334964,0.08885373339856528,0.035603466797129515,0,1,0,0,0,1,True,18292,-1.0
18311,2025-12-26 16:40:00,16,1,MARKUP,2,C,156.386266,156.3012845101587,156.59871972460328,0.08498148984131149,0.045430979682637075,0,1,1,0,0,1,True,18315,0.6621956075199664
18323,2025-12-26 17:40:00,17,1,MARKUP,3,B,156.386266,156.30136354389376,156.59852214026563,0.08490245610624925,0.04527291221252314,0,1,1,0,1,1,True,18327,1.75
18335,2025-12-26 18:40:00,18,1,MARKUP,2,C,156.390732,156.2020715524251,156.86238311893726,0.18866044757490386,0.05185689514977188,0,1,0,0,1,1,False,-1,
18347,2025-12-26 19:40:00,19,1,MARKUP,1,C,156.42052800000002,156.20344654275166,156.9632316431209,0.21708145724835504,0.04910691449669994,0,1,0,0,0,1,False,-1,
18361,2025-12-26 20:50:00,20,1,MARKUP,1,C,156.452046,156.257852638382,156.937529404045,0.19419336161800516,0.042294723236022916,1,0,0,0,0,1,True,18375,-1.0
18495,2025-12-29 08:00:00,8,-1,MARKDOWN,2,C,156.303094,156.39752609751855,156.06701375620358,0.0944320975185633,0.049052195037134816,0,1,0,1,0,1,True,18497,0.603792657170572
18507,2025-12-29 09:00:00,9,-1,MARKDOWN,2,C,156.374334,156.5391592788444,155.962270802889,0.164825278844404,0.05231855768883277,0,1,1,0,0,1,True,18531,0.9277429867889004
18519,2025-12-29 10:00:00,10,-1,MARKDOWN,1,C,156.312414,156.50208417957947,155.8382385510513,0.18967017957947974,0.056168359158976514,0,1,0,0,0,1,True,18531,0.5803139061105131
18536,2025-12-29 11:25:00,11,-1,MARKDOWN,3,B,156.265446,156.42560620123882,155.86504549690295,0.16016020123882413,0.05521240247763634,1,0,1,0,1,1,True,18540,-1.0
18570,2025-12-29 14:15:00,14,1,MARKUP,1,C,156.195014,156.02951384834682,156.60876437913288,0.16550015165316267,0.04297230330630556,0,1,0,0,0,1,True,18589,-1.0
18582,2025-12-29 15:15:00,15,1,MARKUP,1,C,156.229622,156.0817808367522,156.59922490811954,0.14784116324781849,0.050438326495651484,0,0,1,0,0,1,True,18589,-1.0
18594,2025-12-29 16:15:00,16,-1,MARKDOWN,2,C,156.223802,156.32332083453193,155.9750049136702,0.09951883453192067,0.05464166906387994,0,1,0,0,1,1,True,18603,0.5
18606,2025-12-29 17:15:00,17,-1,MARKDOWN,1,C,156.268706,156.46309404862745,155.7827358784314,0.1943880486274452,0.07018809725494121,0,1,0,0,0,1,True,18609,1.013506116434008
18618,2025-12-29 18:15:00,18,-1,MARKDOWN,1,C,156.232416,156.47006750514322,155.63828723714195,0.2376515051432193,0.084135010286469,0,1,0,0,0,1,False,-1,
18630,2025-12-29 19:15:00,19,-1,MARKDOWN,1,C,156.219438,156.43769402875694,155.67379792810766,0.21825602875694017,0.06138805751383914,0,0,1,0,0,1,True,18646,0.8812961431681134
18783,2025-12-30 08:00:00,8,-1,MARKDOWN,2,C,156.21394,156.36284151475743,155.84168621310644,0.1489015147574264,0.0456830295148352,0,1,1,0,0,1,False,-1,
18795,2025-12-30 09:00:00,9,-1,MARKDOWN,1,C,156.186818,156.3660511837501,155.7387350406247,0.17923318375011377,0.052102367500184626,0,0,1,0,0,1,False,-1,
18807,2025-12-30 10:00:00,10,-1,MARKDOWN,2,C,156.161718,156.36232468872805,155.6602012781799,0.200606688728044,0.05664937745612007,0,1,1,0,0,1,False,-1,
18819,2025-12-30 11:00:00,11,-1,MARKDOWN,0,C,156.12012199999998,156.3114408688198,155.64182482795042,0.1913188688198204,0.05488173763963721,0,0,0,0,0,1,False,-1,
18843,2025-12-30 13:00:00,13,-1,MARKDOWN,1,C,155.968334,156.13147254634163,155.56048763414594,0.16313854634162794,0.04894509268324762,0,1,0,0,0,1,True,18859,-1.0
18855,2025-12-30 14:00:00,14,-1,MARKDOWN,0,C,155.968334,156.12818193787618,155.56871415530955,0.15984793787617946,0.04236387575238146,0,0,0,0,0,1,True,18859,-1.0
18879,2025-12-30 16:00:00,16,1,MARKUP,2,C,155.928124,155.7206474681792,156.44681532955195,0.20747653182078807,0.046705063641553704,0,1,1,0,0,1,False,-1,
18891,2025-12-30 17:00:00,17,1,MARKUP,2,C,155.965178,155.7176086558383,156.5841013604043,0.24756934416171816,0.052782688323442725,0,1,1,0,0,1,False,-1,
18903,2025-12-30 18:00:00,18,1,MARKUP,1,C,156.108826,155.7914153665963,156.90235258350918,0.31741063340368214,0.06716926680733773,0,1,0,0,0,1,False,-1,
18915,2025-12-30 19:00:00,19,1,MARKUP,1,C,156.15703,155.87708075849133,156.85690310377163,0.2799492415086604,0.051838483017304045,0,0,1,0,0,1,False,-1,
18934,2025-12-30 20:35:00,20,1,MARKUP,2,C,156.278776,156.08284112532144,156.76861318669637,0.19593487467855653,0.03431774935709216,0,1,1,0,0,1,False,-1,
19071,2025-12-31 08:00:00,8,1,MARKUP,2,C,156.464342,156.34456761400352,156.76377796499116,0.11977438599646462,0.024864771992933923,0,1,1,0,0,1,False,-1,
19083,2025-12-31 09:00:00,9,1,MARKUP,1,C,156.51286000000002,156.41273330275138,156.76317674312162,0.10012669724864054,0.02453339449729209,0,1,0,0,0,1,True,19102,0.7704499341383005
19108,2025-12-31 11:05:00,11,1,MARKUP,3,B,156.561682,156.4876580461561,156.74674188460972,0.07402395384389138,0.03268390768779063,0,1,1,1,0,1,True,19112,0.9350380404521992
19131,2025-12-31 13:00:00,13,1,MARKUP,2,C,156.571558,156.4912561495994,156.77231262600156,0.0803018504006161,0.03148770080121348,0,1,1,0,0,1,True,19143,1.75
19144,2025-12-31 14:05:00,14,1,MARKUP,0,C,156.57194,156.49128124845822,156.77358687885447,0.08065875154179025,0.031437503083576214,0,0,0,0,0,1,True,19146,1.75
19156,2025-12-31 15:05:00,15,1,MARKUP,2,C,156.57194,156.49096961640987,156.77436595897535,0.08097038359014164,0.032060767180259464,0,1,1,0,0,1,False,-1,
19168,2025-12-31 16:05:00,16,1,MARKUP,2,C,156.70298,156.5308763015631,157.13323924609224,0.17210369843689932,0.0462473968738354,0,1,1,0,0,1,True,19191,0.909306270264221
19180,2025-12-31 17:05:00,17,1,MARKUP,2,C,156.720552,156.5284657130951,157.20076771726224,0.19208628690489604,0.051068573809786875,0,1,1,0,0,1,True,19190,0.7950744579288342
19193,2025-12-31 18:10:00,18,1,MARKUP,1,C,156.722462,156.52273373807745,157.22178265480642,0.19972826192255866,0.06253252384510828,1,0,0,0,0,1,True,19194,0.7790028634286437
19216,2025-12-31 20:05:00,20,1,MARKUP,3,B,156.762632,156.59557121457132,157.1802839635717,0.1670607854286743,0.046857570857346154,0,1,1,0,1,1,True,19235,-1.0
19357,2026-01-02 08:00:00,8,1,MARKUP,2,C,156.684878,156.50688812688762,157.12985268278095,0.1779898731123808,0.028223746224744214,0,1,1,0,0,1,False,-1,
19369,2026-01-02 09:00:00,9,1,MARKUP,1,C,156.747418,156.5814300424804,157.162387893799,0.16598795751960438,0.02713991503915761,0,1,0,0,0,1,False,-1,
19381,2026-01-02 10:00:00,10,1,MARKUP,2,C,156.788824,156.63977046965263,157.16145782586844,0.14905353034737345,0.044459060694723176,0,1,1,0,0,1,True,19397,0.8244789438879656
19404,2026-01-02 11:55:00,11,1,MARKUP,3,B,156.886378,156.7951422329447,157.11446741763828,0.09123576705530922,0.045715534110629986,0,1,1,1,0,1,True,19408,0.7188229936492212
19421,2026-01-02 13:20:00,13,1,MARKUP,2,C,156.886378,156.79965973726243,157.10317365684395,0.08671826273757688,0.03668052547516785,0,1,1,0,0,1,True,19422,0.7302223666004637
19433,2026-01-02 14:20:00,14,1,MARKUP,2,C,156.886378,156.7997675110205,157.10290422244879,0.08661048897951673,0.03646497795904777,0,1,0,0,1,1,True,19442,-1.0
19446,2026-01-02 15:25:00,15,1,MARKUP,1,C,156.85762400000002,156.74832631200945,157.13086821997643,0.10929768799056205,0.04134737598111225,0,0,1,0,0,1,True,19450,-1.0
19468,2026-01-02 17:15:00,17,-1,MARKDOWN,2,C,156.870738,157.0286348996299,156.4759957509252,0.15789689962991815,0.05526979925979904,0,1,0,0,1,1,False,-1,
19480,2026-01-02 18:15:00,18,-1,MARKDOWN,1,C,156.833302,157.0293009581057,156.34330460473578,0.19599895810569024,0.05660191621136811,0,1,0,0,0,1,True,19503,-1.0
19492,2026-01-02 19:15:00,19,-1,MARKDOWN,1,C,156.833302,157.02416364275743,156.35614789310642,0.1908616427574259,0.0463272855148744,0,0,1,0,0,1,True,19503,-1.0
19645,2026-01-05 08:00:00,8,1,MARKUP,2,C,157.077756,156.9207064694733,157.47037982631676,0.1570495305267059,0.04058706105343215,0,1,1,0,0,1,True,19651,-1.0
19673,2026-01-05 10:20:00,10,-1,MARKDOWN,2,C,157.102652,157.33103330551467,156.53169873621334,0.22838130551465952,0.06406661102933557,0,1,1,0,0,1,False,-1,
19685,2026-01-05 11:20:00,11,-1,MARKDOWN,3,B,157.065598,157.33064123621614,156.40298990945962,0.2650432362161439,0.06328247243226856,0,1,1,0,1,1,False,-1,
19705,2026-01-05 13:00:00,13,-1,MARKDOWN,2,C,156.96569,157.26336908036382,156.22149229909044,0.29767908036382096,0.05673816072761073,0,1,1,0,0,1,False,-1,
19717,2026-01-05 14:00:00,14,-1,MARKDOWN,2,C,156.870518,157.10835009408916,156.2759377647771,0.23783209408915695,0.0547001881783357,0,1,1,0,0,1,True,19731,1.1172555163613973
19757,2026-01-05 17:20:00,17,-1,MARKDOWN,3,B,156.660288,156.81608813522413,156.2707876619397,0.15580013522412628,0.07017627044824186,0,1,1,0,1,1,True,19763,1.75
19769,2026-01-05 18:20:00,18,-1,MARKDOWN,2,C,156.775776,157.01638948083112,156.1742422979222,0.2406134808311151,0.07477896166221361,0,1,1,0,0,1,False,-1,
19781,2026-01-05 19:20:00,19,-1,MARKDOWN,2,C,156.708926,157.01046291580295,155.9550837104926,0.3015369158029557,0.0629258316058596,0,1,1,0,0,1,False,-1,
19793,2026-01-05 20:20:00,20,-1,MARKDOWN,1,C,156.706634,157.00223145799325,155.9676403550169,0.2955974579932388,0.046462915986467075,0,1,0,0,0,1,False,-1,
19945,2026-01-06 09:00:00,9,-1,MARKDOWN,2,C,156.402534,156.53004382391214,156.08375944021967,0.12750982391213483,0.054087647824302414,0,1,1,0,0,1,False,-1,
19957,2026-01-06 10:00:00,10,-1,MARKDOWN,2,C,156.378534,156.511373178539,156.04643605365249,0.13283917853900107,0.06474635707799103,0,1,1,0,0,1,True,19964,0.5358485252731208
19969,2026-01-06 11:00:00,11,-1,MARKDOWN,3,B,156.35828800000002,156.50887133264962,155.981829668376,0.1505833326496031,0.0597426652992379,0,1,1,0,1,1,True,19974,-1.0
19997,2026-01-06 13:20:00,13,1,MARKUP,1,C,156.305868,156.13913940017477,156.7226894995631,0.16672859982523391,0.04772119965047783,0,1,0,0,0,1,True,20007,1.0091866633193258
20009,2026-01-06 14:20:00,14,1,MARKUP,0,C,156.305868,156.13939467021967,156.72205132445083,0.16647332978033091,0.047210659560701626,0,0,0,0,0,1,True,20029,1.75
20021,2026-01-06 15:20:00,15,1,MARKUP,2,C,156.367082,156.2033692479237,156.77636388019081,0.16371275207632152,0.059261504152609064,0,1,1,0,0,1,True,20024,1.4154681381394671
20033,2026-01-06 16:20:00,16,1,MARKUP,2,C,156.396746,156.25022922574203,156.76303793564495,0.14651677425797516,0.06154154851592354,1,0,1,0,0,1,True,20035,1.4216815550090454
20045,2026-01-06 17:20:00,17,1,MARKUP,1,C,156.426498,156.26059858528453,156.84124653678873,0.16589941471548286,0.07280282943092513,0,1,0,0,0,1,False,-1,
20057,2026-01-06 18:20:00,18,1,MARKUP,1,C,156.462406,156.2641675877655,156.95800203058616,0.19823841223447403,0.06566482446898739,0,1,0,0,0,1,False,-1,
20069,2026-01-06 19:20:00,19,1,MARKUP,1,C,156.469552,156.27770829362237,156.94916126594404,0.19184370637762527,0.05058341275528311,0,1,0,0,0,1,False,-1,
20081,2026-01-06 20:20:00,20,1,MARKUP,2,C,156.471462,156.2834770425639,156.94142439359024,0.18798495743610033,0.03904591487217289,0,1,1,0,0,1,False,-1,
20221,2026-01-07 08:00:00,8,-1,MARKDOWN,2,C,156.59411,156.76671043057578,156.16260892356053,0.172600430575784,0.04342086115155929,0,1,1,0,0,1,False,-1,
20233,2026-01-07 09:00:00,9,-1,MARKDOWN,2,C,156.569032,156.75242132050542,156.11055869873644,0.18338932050542667,0.04284264101085317,0,1,1,0,0,1,True,20252,0.7790303036034412
20306,2026-01-07 15:05:00,15,1,MARKUP,2,C,156.512458,156.45025040467667,156.66797698830837,0.06220759532334341,0.03349919064669508,0,1,1,0,0,1,True,20308,-1.0
20318,2026-01-07 16:05:00,16,-1,MARKDOWN,1,C,156.498342,156.60746685352413,156.2255298661897,0.10912485352412205,0.05093370704828398,0,1,0,0,0,1,True,20320,-1.0
20334,2026-01-07 17:25:00,17,1,MARKUP,2,C,156.487914,156.3267725754771,156.89076756130723,0.1611414245228957,0.07245484904582451,0,1,0,0,1,1,False,-1,
20346,2026-01-07 18:25:00,18,1,MARKUP,2,C,156.530316,156.32951681710034,157.03231395724913,0.20079918289965804,0.06696636579931309,0,1,0,0,1,1,False,-1,
20358,2026-01-07 19:25:00,19,1,MARKUP,0,C,156.530316,156.33577880772754,157.01665898068114,0.19453719227246324,0.05444238454490881,0,0,0,0,0,1,False,-1,
20370,2026-01-07 20:25:00,20,1,MARKUP,1,C,156.530316,156.34216473628788,157.00069415928027,0.18815126371211477,0.041670527424231774,0,0,1,0,0,1,False,-1,
20509,2026-01-08 08:00:00,8,-1,MARKDOWN,1,C,156.83185,156.973680677677,156.4772733058075,0.14183067767700663,0.035361355354044464,0,1,0,0,0,1,False,-1,
20521,2026-01-08 09:00:00,9,-1,MARKDOWN,1,C,156.78180799999998,156.97957021247257,156.28740246881853,0.19776221247258263,0.04714042494512995,0,1,0,0,0,1,False,-1,
20533,2026-01-08 10:00:00,10,-1,MARKDOWN,2,C,156.67021,156.83129953625425,156.26748615936435,0.16108953625425215,0.058599072508489246,0,1,1,0,0,1,True,20540,-1.0
20570,2026-01-08 13:05:00,13,1,MARKUP,1,C,156.58153199999998,156.4408999488907,156.9331121277732,0.1406320511092929,0.03220010221861488,0,0,1,0,0,1,False,-1,
20582,2026-01-08 14:05:00,14,1,MARKUP,2,C,156.58153199999998,156.44185288083423,156.93072979791435,0.1396791191657485,0.030294238331543776,0,1,1,0,0,1,False,-1,
20595,2026-01-08 15:10:00,15,1,MARKUP,1,C,156.63097199999999,156.52256938861305,156.90197852846734,0.10840261138693563,0.028861222773886818,0,0,1,0,0,1,False,-1,
20607,2026-01-08 16:10:00,16,1,MARKUP,2,C,156.793992,156.6374363428216,157.18538114294603,0.15655565717841569,0.04112731435679421,0,1,1,0,0,1,False,-1,
20619,2026-01-08 17:10:00,17,1,MARKUP,2,C,156.819238,156.63882555275427,157.27026911811436,0.18041244724574312,0.04834889449149501,0,1,1,0,0,1,True,20641,0.8776857965204695
20631,2026-01-08 18:10:00,18,1,MARKUP,1,C,156.819238,156.6389519185862,157.26995320353456,0.18028608141381142,0.048096162827641224,0,0,1,0,0,1,True,20641,0.8779505234450986
20797,2026-01-09 08:00:00,8,1,MARKUP,2,C,157.160868,157.0015526661568,157.55915633460796,0.15931533384318186,0.03289466768639006,0,1,1,0,0,1,False,-1,
20809,2026-01-09 09:00:00,9,1,MARKUP,2,C,157.24224,157.1029341965437,157.59050450864075,0.1393058034562955,0.0341316069125668,0,1,1,0,0,1,False,-1,
20821,2026-01-09 10:00:00,10,1,MARKUP,1,C,157.315912,157.13847514288307,157.7595041427923,0.17743685711693047,0.03704971423391549,0,1,0,0,0,1,False,-1,
20833,2026-01-09 11:00:00,11,1,MARKUP,1,C,157.37644999999998,157.17237053093356,157.886648672666,0.20407946906641428,0.04525893813288558,0,1,0,0,0,1,False,-1,
20857,2026-01-09 13:00:00,13,1,MARKUP,1,C,157.49289000000002,157.32403792954406,157.9150201761399,0.16885207045595507,0.035924140911887795,0,1,0,0,0,1,False,-1,
20873,2026-01-09 14:20:00,14,1,MARKUP,2,C,157.56334199999998,157.43975186913644,157.8723173271588,0.12359013086353343,0.03249626172706283,0,1,1,0,0,1,True,20883,-1.0
20895,2026-01-09 16:10:00,16,1,MARKUP,2,C,157.59852600000002,157.31145578976518,158.31620152558713,0.2870702102348446,0.12108842046967119,0,1,1,0,0,1,False,-1,
20907,2026-01-09 17:10:00,17,1,MARKUP,2,C,157.660028,157.31492520423535,158.52278498941166,0.3451027957646602,0.11414959152933515,0,1,1,0,0,1,False,-1,
20919,2026-01-09 18:10:00,18,1,MARKUP,2,C,157.683712,157.3240568534773,158.58284986630684,0.35965514652272645,0.09588629304546159,0,1,1,0,0,1,False,-1,
20931,2026-01-09 19:10:00,19,1,MARKUP,1,C,157.683712,157.3362337301565,158.55240767460882,0.3474782698435206,0.0715325396870696,0,1,0,0,0,1,False,-1,
20943,2026-01-09 20:10:00,20,1,MARKUP,2,C,157.683712,157.34339764614447,158.53449788463888,0.34031435385554687,0.057204707711107035,0,1,1,0,0,1,False,-1,
21085,2026-01-12 08:00:00,8,1,MARKUP,0,C,157.77094,157.4955691606759,158.45936709831022,0.275370839324097,0.03886167864818701,0,0,0,0,0,1,True,21109,0.752887081798987
21110,2026-01-12 10:05:00,10,-1,MARKDOWN,3,B,158.006606,158.2119759334972,157.49318116625702,0.20536993349719523,0.053951866994411436,0,1,1,0,1,1,False,-1,
21122,2026-01-12 11:05:00,11,-1,MARKDOWN,1,C,157.98091,158.2021177703049,157.42789057423772,0.22120777030491467,0.06423554060985712,0,1,0,0,0,1,False,-1,
21146,2026-01-12 13:05:00,13,-1,MARKDOWN,3,B,157.91911,158.09416487471103,157.4814728132224,0.1750548747110372,0.048329749422086954,0,1,1,1,1,1,True,21152,0.813675116374003
21170,2026-01-12 15:05:00,15,-1,MARKDOWN,2,C,157.79180200000002,157.8894297612021,157.5477325969948,0.09762776120209082,0.050859522404231625,0,1,1,0,0,1,True,21173,-1.0
21194,2026-01-12 17:05:00,17,1,MARKUP,2,C,157.837262,157.68067045773446,158.2287408556639,0.15659154226554506,0.05265908453107654,0,1,1,0,0,1,False,-1,
21206,2026-01-12 18:05:00,18,1,MARKUP,2,C,157.8407,157.67902699903567,158.2448825024108,0.16167300096432768,0.05594600192864489,0,1,1,0,0,1,False,-1,
21218,2026-01-12 19:05:00,19,1,MARKUP,1,C,157.88424799999999,157.68073581105034,158.3930284723741,0.20351218894964518,0.052528377899297166,0,1,0,0,0,1,False,-1,
21230,2026-01-12 20:05:00,20,1,MARKUP,2,C,157.88424799999999,157.68437506354547,158.38393034113625,0.19987293645451132,0.04524987290905846,0,1,1,0,0,1,False,-1,
21373,2026-01-13 08:00:00,8,1,MARKUP,2,C,158.473276,158.1701966102734,159.2309744743165,0.3030793897266051,0.05760677945324746,0,1,1,0,0,1,False,-1,
21385,2026-01-13 09:00:00,9,1,MARKUP,0,C,158.579716,158.30499939736552,159.26650750658615,0.27471660263447006,0.06200120526897814,0,0,0,0,0,1,False,-1,
21397,2026-01-13 10:00:00,10,1,MARKUP,2,C,158.763902,158.59313464102866,159.19082039742835,0.17076735897134654,0.06573071794269884,0,1,0,0,1,1,False,-1,
21409,2026-01-13 11:00:00,11,1,MARKUP,1,C,158.787586,158.59633861883407,159.26570445291486,0.19124738116593676,0.059322762331870726,0,1,0,0,0,1,False,-1,
21436,2026-01-13 13:15:00,13,1,MARKUP,3,B,158.85433,158.7099000373149,159.21540490671276,0.1444299626851091,0.04819992537022372,0,1,1,1,0,1,True,21439,-1.0
21452,2026-01-13 14:35:00,14,1,MARKUP,3,B,158.87348799999998,158.74654736839014,159.19083957902458,0.12694063160984115,0.036905263219710036,0,1,1,1,0,1,True,21455,-1.0
21476,2026-01-13 16:35:00,16,1,MARKUP,2,C,158.72116,158.535276115789,159.18586971052747,0.18588388421099467,0.08144776842200824,0,1,1,0,0,1,False,-1,
21488,2026-01-13 17:35:00,17,1,MARKUP,2,C,158.77273,158.53669469465353,159.36281826336614,0.2360353053464621,0.07861061069292449,0,1,1,0,0,1,False,-1,
21500,2026-01-13 18:35:00,18,1,MARKUP,1,C,158.811694,158.53869322148452,159.49419594628864,0.2730007785154669,0.07461355703094187,0,1,0,0,0,1,False,-1,
21512,2026-01-13 19:35:00,19,1,MARKUP,0,C,158.811694,158.54735445474196,159.47254286314507,0.26433954525802505,0.05729109051604031,0,0,0,0,0,1,False,-1,
21524,2026-01-13 20:35:00,20,1,MARKUP,0,C,158.918608,158.72755903864348,159.39623040339131,0.19104896135652893,0.04288192271300905,0,0,0,0,0,1,False,-1,
21689,2026-01-14 10:20:00,10,-1,MARKDOWN,2,C,159.22088399999998,159.37910868715056,158.82532228212352,0.1582246871505788,0.05821737430110933,0,1,1,0,0,1,False,-1,
21701,2026-01-14 11:20:00,11,-1,MARKDOWN,3,B,159.091386,159.38998057397842,158.34489956505394,0.29859457397841993,0.07996114795686543,0,1,1,0,1,1,False,-1,
21721,2026-01-14 13:00:00,13,-1,MARKDOWN,1,C,159.051444,159.37500395385976,158.2425441153506,0.3235599538597569,0.06800790771947712,0,1,0,0,0,1,False,-1,
21733,2026-01-14 14:00:00,14,-1,MARKDOWN,2,C,158.80163000000002,159.24733922389782,157.68735694025548,0.44570922389780776,0.10067844779561921,0,1,1,0,0,1,False,-1,
21745,2026-01-14 15:00:00,15,-1,MARKDOWN,1,C,158.799776,159.2383745141303,157.7032797146743,0.43859851413029105,0.08874902826060216,0,0,1,0,0,1,False,-1,
21757,2026-01-14 16:00:00,16,-1,MARKDOWN,3,B,158.635388,158.97417653163618,157.78841667090958,0.33878853163616895,0.09235306327237025,1,0,1,0,1,1,False,-1,
21769,2026-01-14 17:00:00,17,-1,MARKDOWN,1,C,158.568734,158.87753948937183,157.79672027657045,0.30880548937182084,0.11107897874365968,0,1,0,0,0,1,False,-1,
21781,2026-01-14 18:00:00,18,-1,MARKDOWN,1,C,158.54734200000001,158.87172841560863,157.73637596097848,0.3243864156086147,0.09945683121727784,0,1,0,0,0,1,False,-1,
21793,2026-01-14 19:00:00,19,-1,MARKDOWN,1,C,158.497284,158.77761781110777,157.7964494722306,0.28033381110776645,0.07323562221553519,0,1,0,0,0,1,False,-1,
21805,2026-01-14 20:00:00,20,-1,MARKDOWN,0,C,158.497284,158.7699542402614,157.81560839934653,0.272670240261391,0.05790848052275491,0,0,0,0,0,1,True,21826,0.9139368984341061
21952,2026-01-15 08:15:00,8,1,MARKUP,2,C,158.387822,158.20014852600454,158.85700568498865,0.18767347399545997,0.053702947990951905,0,1,1,0,0,1,False,-1,
21964,2026-01-15 09:15:00,9,1,MARKUP,3,B,158.48179,158.32364753698812,158.87714615752967,0.1581424630118704,0.05270492602376352,0,1,1,1,0,1,True,21969,0.8199088045228315
21976,2026-01-15 10:15:00,10,1,MARKUP,2,C,158.515464,158.34865744419093,158.9324803895227,0.16680655580907455,0.06468511161811791,0,1,1,0,0,1,True,21988,-1.0
22009,2026-01-15 13:00:00,13,-1,MARKDOWN,2,C,158.568358,158.7603401442032,158.08840263949193,0.19198214420322302,0.05468028840642764,0,1,1,0,0,1,True,22021,-1.0
22039,2026-01-15 15:30:00,15,1,MARKUP,2,C,158.470462,158.27525040407545,158.95849098981137,0.1952115959245475,0.05349919184910808,0,1,1,0,0,1,False,-1,
22051,2026-01-15 16:30:00,16,1,MARKUP,2,C,158.522796,158.2708370481938,159.15269337951548,0.25195895180618777,0.06232590361238381,0,1,1,0,0,1,True,22063,0.5683624216303012
22082,2026-01-15 19:05:00,19,-1,MARKDOWN,1,C,158.701606,158.90622146145378,158.19006734636554,0.20461546145378406,0.05244292290757331,0,1,0,0,0,1,False,-1,
22094,2026-01-15 20:05:00,20,-1,MARKDOWN,2,C,158.701606,158.8999543695646,158.2057350760885,0.19834836956459867,0.03990873912921227,0,1,1,0,0,1,False,-1,
22254,2026-01-16 09:25:00,9,-1,MARKDOWN,4,A,158.246516,158.4488060213146,157.74079094671356,0.20229002131458174,0.05161204262919959,1,1,1,1,0,1,True,22255,0.6635361702288192
22266,2026-01-16 10:25:00,10,-1,MARKDOWN,2,C,158.31439,158.48571222039126,157.88608444902184,0.17132222039126077,0.07142444078254215,0,1,1,0,0,1,False,-1,
22278,2026-01-16 11:25:00,11,-1,MARKDOWN,2,C,158.283448,158.48279375639729,157.78508360900676,0.19934575639729246,0.06558751279461968,0,1,1,0,0,1,False,-1,
22297,2026-01-16 13:00:00,13,-1,MARKDOWN,2,C,158.283448,158.47585952862775,157.8024191784306,0.19241152862775834,0.05171905725555114,0,1,1,0,0,1,False,-1,
22311,2026-01-16 14:10:00,14,-1,MARKDOWN,2,C,158.192602,158.32470772120894,157.86233769697765,0.13210572120894426,0.043415442417855186,0,1,1,0,0,1,True,22313,0.9056218980944598
22323,2026-01-16 15:10:00,15,-1,MARKDOWN,3,B,158.136982,158.23538229973198,157.89098125067,0.09840029973199194,0.044764599463998134,0,1,1,1,1,1,False,-1,
22335,2026-01-16 16:10:00,16,-1,MARKDOWN,2,C,158.11804,158.25057499004583,157.78670252488544,0.13253499004582636,0.051149980091694094,0,1,0,1,1,1,True,22337,1.1266812096177476
22347,2026-01-16 17:10:00,17,-1,MARKDOWN,2,C,158.071054,158.2556418747476,157.60958431313102,0.1845878747475922,0.0612837494952051,0,1,0,0,1,1,True,22349,-1.0
22359,2026-01-16 18:10:00,18,-1,MARKDOWN,3,B,158.071054,158.26996827082934,157.57376832292667,0.19891427082933433,0.08993654165866873,0,1,1,0,1,1,True,22363,1.2512032676714981
22544,2026-01-19 09:35:00,9,1,MARKUP,3,B,157.834444,157.71783623636622,158.12596340908442,0.11660776363376613,0.04832752726753088,0,1,1,1,0,1,False,-1,
22556,2026-01-19 10:35:00,10,1,MARKUP,1,C,157.899002,157.7109009066371,158.36925473340722,0.1881010933628886,0.06219818672576767,0,1,0,0,0,1,True,22569,0.5
22568,2026-01-19 11:35:00,11,1,MARKUP,2,C,157.904732,157.70231105835182,158.41078435412044,0.20242094164817104,0.07937788329633746,0,1,1,0,0,1,True,22569,0.7198723205153802
22588,2026-01-19 13:15:00,13,1,MARKUP,3,B,157.904732,157.71126324010768,158.38840389973078,0.19346875989231194,0.06147351978460853,0,1,1,1,0,1,False,-1,
22630,2026-01-19 16:45:00,16,-1,MARKDOWN,3,B,157.953454,158.05054641478748,157.7107229630313,0.09709241478748254,0.039092829574949806,0,1,1,1,0,1,True,22638,-1.0
22642,2026-01-19 17:45:00,17,1,MARKUP,2,C,157.93496,157.80853983112297,158.25101042219254,0.12642016887701857,0.03892033775404258,0,1,1,0,0,1,False,-1,
22654,2026-01-19 18:45:00,18,1,MARKUP,1,C,157.968432,157.84298461009325,158.2820504747669,0.12544738990675341,0.04003077981346862,0,1,0,0,0,1,False,-1,
22666,2026-01-19 19:45:00,19,1,MARKUP,0,C,157.968432,157.84716157873328,158.27160805316683,0.12127042126672904,0.031676842533436424,0,0,0,0,0,1,False,-1,
22678,2026-01-19 20:45:00,20,1,MARKUP,1,C,157.968432,157.85150957158436,158.26073807103913,0.11692242841564848,0.022980856831299905,0,0,1,0,0,1,False,-1,
22817,2026-01-20 08:20:00,8,1,MARKUP,3,B,158.09364,157.86686325513833,158.66058186215417,0.22677674486166666,0.05627348972339087,0,1,1,0,1,1,False,-1,
22829,2026-01-20 09:20:00,9,1,MARKUP,1,C,158.16622,157.8606892851942,158.9300467870145,0.30553071480579774,0.06862142961157981,0,1,0,0,0,1,True,22838,-1.0
22841,2026-01-20 10:20:00,10,1,MARKUP,2,C,158.16622,157.8530945219031,158.9490336952423,0.3131254780969073,0.08381095619383275,1,0,0,0,1,1,True,22842,-1.0
22853,2026-01-20 11:20:00,11,-1,MARKDOWN,2,C,158.214214,158.6554467055127,157.11113223621822,0.44123270551270366,0.10089341102542261,0,1,1,0,0,1,False,-1,
22873,2026-01-20 13:00:00,13,-1,MARKDOWN,1,C,158.20504599999998,158.64172903959195,157.11333840102006,0.4366830395919692,0.07345807918394162,0,0,1,0,0,1,False,-1,
22885,2026-01-20 14:00:00,14,-1,MARKDOWN,1,C,158.20504599999998,158.63667197314254,157.12598106714358,0.4316259731425589,0.06334394628509979,0,1,0,0,0,1,False,-1,
22900,2026-01-20 15:15:00,15,-1,MARKDOWN,1,C,157.964026,158.24467572066504,157.26240169833736,0.28064972066505334,0.059351441330104115,0,0,1,0,0,1,True,22903,0.7041647267193483
22943,2026-01-20 18:50:00,18,1,MARKUP,1,C,157.71239,157.42997345959918,158.41843135100203,0.282416540400817,0.07205308080167801,0,1,0,0,0,1,False,-1,
22958,2026-01-20 20:05:00,20,1,MARKUP,2,C,157.71239,157.4389797045965,158.39591573850873,0.2734102954034938,0.054040590806984666,0,1,1,0,0,1,False,-1,
23101,2026-01-21 08:00:00,8,1,MARKUP,2,C,158.005306,157.83767743519272,158.42437741201817,0.1676285648072735,0.04264512961458599,0,1,1,0,0,1,True,23118,-1.0
23113,2026-01-21 09:00:00,9,1,MARKUP,2,C,158.031194,157.86972268624837,158.43487228437908,0.16147131375163326,0.04255462750322732,0,1,1,0,0,1,True,23117,-1.0
23125,2026-01-21 10:00:00,10,-1,MARKDOWN,1,C,158.111694,158.28572178156344,157.6766245460914,0.17402778156343857,0.0554435631268681,0,1,0,0,0,1,False,-1,
23137,2026-01-21 11:00:00,11,-1,MARKDOWN,2,C,158.090684,158.28496661531634,157.6049774617092,0.1942826153163253,0.053933230632663656,0,1,1,0,0,1,False,-1,
23172,2026-01-21 13:55:00,13,-1,MARKDOWN,2,C,158.035064,158.1893485233619,157.64935269159525,0.1542845233618948,0.04269704672378276,0,1,1,0,0,1,False,-1,
23184,2026-01-21 14:55:00,14,-1,MARKDOWN,2,C,157.95935599999999,158.11249451511364,157.57650971221585,0.15313851511365328,0.044989030227267614,0,1,0,0,1,1,True,23197,-1.0
23196,2026-01-21 15:55:00,15,-1,MARKDOWN,0,C,157.95935599999999,158.11624882851942,157.5671239287014,0.15689282851943176,0.05249765703880259,0,0,0,0,0,1,True,23197,-1.0
23212,2026-01-21 17:15:00,17,1,MARKUP,2,C,157.926394,157.71015891531638,158.466981711709,0.21623508468360342,0.07568216936719749,0,1,1,0,0,1,False,-1,
23224,2026-01-21 18:15:00,18,1,MARKUP,1,C,157.963066,157.71125859585453,158.59258451036368,0.25180740414546676,0.0734828082909117,0,1,0,0,0,1,False,-1,
23236,2026-01-21 19:15:00,19,1,MARKUP,0,C,157.963066,157.7175790717943,158.57678332051427,0.2454869282057075,0.06084185641139706,0,0,0,0,0,1,False,-1,
23248,2026-01-21 20:15:00,20,1,MARKUP,2,C,158.01127,157.8002325987883,158.5388635030292,0.21103740121168357,0.051534802423338265,0,1,1,0,0,1,False,-1,
23389,2026-01-22 08:00:00,8,1,MARKUP,2,C,158.41916799999998,158.1995939838253,158.9681030404367,0.21957401617467553,0.038812032349370855,0,1,1,0,0,1,False,-1,
23401,2026-01-22 09:00:00,9,1,MARKUP,2,C,158.549416,158.34051613132547,159.07166567168633,0.20889986867453558,0.04496773734906753,0,1,1,0,0,1,False,-1,
23413,2026-01-22 10:00:00,10,1,MARKUP,0,C,158.59118,158.37709276213252,159.12639809466873,0.2140872378674885,0.05381447573495146,0,0,0,0,0,1,False,-1,
23471,2026-01-22 14:50:00,14,1,MARKUP,3,B,158.77975,158.7100056150998,158.95411096225055,0.06974438490021839,0.04398876980042162,1,1,1,0,0,1,True,23472,0.5
23484,2026-01-22 15:55:00,15,1,MARKUP,1,C,158.659004,158.50645851694708,159.04036770763236,0.1525454830529327,0.0590829661058469,0,1,0,0,0,1,True,23489,-1.0
23499,2026-01-22 17:10:00,17,-1,MARKDOWN,2,C,158.700616,158.8903337950219,158.22632151244528,0.1897177950218918,0.06466759004377769,0,1,1,0,0,1,False,-1,
23511,2026-01-22 18:10:00,18,-1,MARKDOWN,2,C,158.650192,158.89007816819966,158.05047657950087,0.2398861681996607,0.06415633639930599,0,1,1,0,0,1,False,-1,
23523,2026-01-22 19:10:00,19,-1,MARKDOWN,2,C,158.629564,158.8933260963277,157.97015875918066,0.2637620963277243,0.0706521926554102,0,1,1,0,0,1,False,-1,
23535,2026-01-22 20:10:00,20,-1,MARKDOWN,2,C,158.593968,158.84195756762142,157.9739940809464,0.2479895676214312,0.05591513524284056,0,1,1,0,0,1,False,-1,
23682,2026-01-23 08:25:00,8,1,MARKUP,3,B,158.594152,158.4833803952141,158.87108101196475,0.11077160478589576,0.04123920957174111,0,1,1,0,1,1,True,23684,1.75
23694,2026-01-23 09:25:00,9,1,MARKUP,2,C,158.757444,158.4357419362958,159.56169915926046,0.32170206370417986,0.07651612740835784,0,1,1,0,0,1,True,23697,-1.0
23707,2026-01-23 10:30:00,10,-1,MARKDOWN,2,C,158.50875,159.33047017384018,156.4544495653995,0.8217201738401911,0.21094034768036518,1,0,0,1,0,1,False,-1,
23719,2026-01-23 11:30:00,11,-1,MARKDOWN,1,C,158.50875,159.3077946121981,156.51113846950471,0.7990446121981165,0.16558922439622947,0,1,0,0,0,1,False,-1,
23737,2026-01-23 13:00:00,13,-1,MARKDOWN,0,C,158.50875,159.27376370330092,156.5962157417477,0.765013703300923,0.09752740660182066,0,0,0,0,0,1,False,-1,
23766,2026-01-23 15:25:00,15,-1,MARKDOWN,2,C,158.25234,158.52032771848485,157.5823707037879,0.2679877184848465,0.05465543696972021,0,1,1,0,0,1,True,23771,1.75
23800,2026-01-23 18:15:00,18,-1,MARKDOWN,3,B,158.211266,158.3732486051994,157.8063094870015,0.16198260519939822,0.06649721039879292,0,1,1,0,1,1,False,-1,
23812,2026-01-23 19:15:00,19,-1,MARKDOWN,2,C,157.731856,158.41744409150078,156.01788577124802,0.6855880915007901,0.15488818300157128,0,1,1,0,0,1,False,-1,
23824,2026-01-23 20:15:00,20,-1,MARKDOWN,1,C,157.496544,158.44117430441162,155.13496823897094,0.9446303044116178,0.20234860882322653,0,1,0,0,0,1,False,-1,
23965,2026-01-26 08:00:00,8,-1,MARKDOWN,0,C,154.50516,154.9762486197081,153.32743845072974,0.4710886197080981,0.0864972394161617,0,0,0,0,0,1,False,-1,
23982,2026-01-26 09:25:00,9,-1,MARKDOWN,2,C,154.139922,154.39292560307348,153.50741299231635,0.25300360307346637,0.1018512061469245,0,1,1,0,0,1,True,23985,1.75
23994,2026-01-26 10:25:00,10,-1,MARKDOWN,3,B,154.10037,154.34855274960503,153.47991312598742,0.24818274960503572,0.14110549921008206,0,1,1,0,1,1,True,24001,1.1155507876078534
24006,2026-01-26 11:25:00,11,-1,MARKDOWN,3,B,154.029978,154.5076075755725,152.83590406106873,0.4776295755725073,0.17521515114505354,0,1,1,0,1,1,False,-1,
24025,2026-01-26 13:00:00,13,-1,MARKDOWN,2,C,154.029978,154.47963646669217,152.9058318332696,0.4496584666921706,0.11927293338435094,0,1,1,0,0,1,True,24044,-0.07788577908391398
24037,2026-01-26 14:00:00,14,-1,MARKDOWN,0,C,153.947484,154.39738459543318,152.82273251141706,0.44990059543317784,0.10676919086635094,0,0,0,0,0,1,True,24039,0.06997990293765297
24253,2026-01-27 08:00:00,8,1,MARKUP,1,C,154.30001,154.06027979956707,154.89933550108228,0.23973020043291626,0.05544040086585594,0,0,1,0,0,1,False,-1,
24265,2026-01-27 09:00:00,9,1,MARKUP,0,C,154.30001,154.05771981107824,154.90573547230434,0.2422901889217428,0.06056037784348786,0,0,0,0,0,1,False,-1,
24277,2026-01-27 10:00:00,10,1,MARKUP,1,C,154.44055,154.20509337073435,155.02919157316416,0.2354566292656557,0.06981325853130992,0,1,0,0,0,1,True,24299,-1.0
24289,2026-01-27 11:00:00,11,1,MARKUP,1,C,154.564674,154.33579978594534,155.13685953513664,0.22887421405465602,0.07040042810936566,0,1,0,0,0,1,True,24295,-1.0
24313,2026-01-27 13:00:00,13,-1,MARKDOWN,2,C,154.227454,154.96241791151874,152.39004422120314,0.7349639115187472,0.168835823037487,0,1,1,0,0,1,False,-1,
24325,2026-01-27 14:00:00,14,-1,MARKDOWN,1,C,154.227454,154.94048220771484,152.4448834807129,0.7130282077148422,0.12496441542972807,0,1,0,0,0,1,False,-1,
24337,2026-01-27 15:00:00,15,-1,MARKDOWN,2,C,154.227454,154.9407948742427,152.44410181439324,0.7133408742427036,0.12558974848539634,0,1,1,0,0,1,False,-1,
24349,2026-01-27 16:00:00,16,-1,MARKDOWN,2,C,154.056724,154.78194604588072,152.24366888529823,0.725222045880713,0.13789209176144496,0,1,1,0,0,1,False,-1,
24361,2026-01-27 17:00:00,17,-1,MARKDOWN,2,C,153.71077,154.26193761047577,152.33285097381057,0.5511676104757726,0.13587522095158003,0,1,1,0,0,1,False,-1,
24373,2026-01-27 18:00:00,18,-1,MARKDOWN,1,C,153.44447,153.85886136783682,152.40849158040794,0.41439136783682784,0.12972273567359985,0,0,1,0,0,1,False,-1,
24385,2026-01-27 19:00:00,19,-1,MARKDOWN,2,C,153.41851400000002,153.80494739020986,152.4524305244754,0.38643339020984513,0.10589478041973097,0,1,1,0,0,1,False,-1,
24397,2026-01-27 20:00:00,20,-1,MARKDOWN,2,C,153.11267,153.47889806703157,152.19709983242112,0.36622806703155675,0.10979613406314218,0,1,1,0,0,1,False,-1,
24541,2026-01-28 08:00:00,8,-1,MARKDOWN,0,C,152.84323799999999,153.1087819280746,152.17937817981345,0.2655439280746066,0.07956385614919521,0,0,0,0,0,1,False,-1,
24553,2026-01-28 09:00:00,9,-1,MARKDOWN,2,C,152.84323799999999,153.10879615193318,152.179342620167,0.26555815193319177,0.07959230386639447,0,1,1,0,0,1,False,-1,
24566,2026-01-28 10:05:00,10,-1,MARKDOWN,2,C,152.624608,152.89012545656584,151.96081435858537,0.2655174565658456,0.10625091313168673,0,0,1,0,1,1,True,24567,0.5303420677678705
24616,2026-01-28 14:15:00,14,-1,MARKDOWN,2,C,152.631718,152.8399076697283,152.1112438256793,0.20818966972828434,0.07181533945659907,0,1,1,0,0,1,True,24622,-1.0
24637,2026-01-28 16:00:00,16,1,MARKUP,1,C,152.598244,152.3101016184037,153.3185999539907,0.2881423815962876,0.08579676319262235,0,1,0,0,0,1,False,-1,
24649,2026-01-28 17:00:00,17,1,MARKUP,1,C,152.598244,152.31190469888912,153.3140922527772,0.28633930111087125,0.0821906022218,0,1,0,0,0,1,False,-1,
24661,2026-01-28 18:00:00,18,1,MARKUP,1,C,152.907026,152.31723751518277,154.3814972120431,0.5897884848172339,0.153524969634467,0,1,0,0,0,1,False,-1,
24673,2026-01-28 19:00:00,19,1,MARKUP,1,C,152.926508,152.3339261632041,154.40796259198981,0.5925818367959153,0.12014767359183144,0,1,0,0,0,1,False,-1,
24685,2026-01-28 20:00:00,20,1,MARKUP,2,C,153.031568,152.5183845236281,154.3145266909297,0.5131834763718928,0.09123095274376931,0,1,1,0,0,1,False,-1,
24829,2026-01-29 08:00:00,8,-1,MARKDOWN,1,C,153.206438,153.42478173239638,152.660578669009,0.2183437323963915,0.06156346479276918,0,1,0,0,0,1,True,24845,-1.0
24841,2026-01-29 09:00:00,9,-1,MARKDOWN,2,C,153.206438,153.4251129582427,152.65975060439325,0.21867495824270122,0.06222591648539788,0,1,1,0,0,1,True,24845,-1.0
24858,2026-01-29 10:25:00,10,1,MARKUP,2,C,153.101258,152.8654707057696,153.690726235576,0.23578729423039135,0.0750585884607457,0,1,1,0,0,1,False,-1,
24870,2026-01-29 11:25:00,11,1,MARKUP,2,C,153.118246,152.8705105376295,153.7375846559262,0.2477354623704855,0.07297892474098243,0,1,1,0,0,1,False,-1,
24889,2026-01-29 13:00:00,13,1,MARKUP,2,C,153.13883,152.8885579759649,153.76451006008784,0.2502720240351266,0.06888404807024666,0,1,1,0,0,1,False,-1,
24901,2026-01-29 14:00:00,14,1,MARKUP,2,C,153.212786,152.980704911506,153.792988721235,0.23208108849399878,0.06459017698800186,0,1,1,0,0,1,True,24919,0.6861444531009522
24936,2026-01-29 16:55:00,16,-1,MARKDOWN,2,C,153.335068,153.5797844857433,152.72327678564181,0.24471648574328242,0.08756897148658703,0,1,0,1,1,1,True,24939,1.75
24948,2026-01-29 17:55:00,17,-1,MARKDOWN,1,C,153.20939,153.6114380555656,152.20426986108606,0.40204805556558654,0.15087611113119404,0,1,0,0,0,1,False,-1,
24960,2026-01-29 18:55:00,18,-1,MARKDOWN,1,C,153.195794,153.57438977690794,152.24930455773017,0.3785957769079289,0.1207795538158368,0,1,0,0,0,1,False,-1,
24972,2026-01-29 19:55:00,19,-1,MARKDOWN,0,C,153.195794,153.56414673113989,152.27491217215032,0.3683527311398791,0.10029346227974156,0,0,0,0,0,1,False,-1,
25117,2026-01-30 08:00:00,8,1,MARKUP,0,C,153.719614,153.42136871522544,154.46522721193642,0.29824528477456624,0.07926256954912846,0,0,0,0,0,1,True,25140,1.0806028690382676
25129,2026-01-30 09:00:00,9,1,MARKUP,1,C,153.839506,153.61753129578096,154.39444276054758,0.2219747042190363,0.07493740843807155,0,0,0,0,1,1,True,25130,1.0100404048991747
25152,2026-01-30 10:55:00,10,1,MARKUP,3,B,153.913048,153.72863949278187,154.37406926804533,0.18440850721813717,0.09072101443628507,1,1,1,0,0,1,False,-1,
25164,2026-01-30 11:55:00,11,1,MARKUP,2,C,153.929796,153.6627654286158,154.59737242846052,0.26703057138419695,0.09246914276837628,0,1,1,0,0,1,True,25188,1.75
25177,2026-01-30 13:00:00,13,1,MARKUP,0,C,153.967232,153.66835150382843,154.7144332404289,0.298880496171563,0.0812969923431682,0,0,0,0,0,1,True,25186,1.4577477549694413
25207,2026-01-30 15:30:00,15,1,MARKUP,2,C,153.99566,153.7166266539866,154.69324336503348,0.27903334601339225,0.0767466920268173,0,1,1,0,0,1,False,-1,
25219,2026-01-30 16:30:00,16,1,MARKUP,1,C,154.04247999999998,153.75688145242682,154.75647636893288,0.2855985475731586,0.08223709514636786,0,1,0,0,0,1,False,-1,
25231,2026-01-30 17:30:00,17,1,MARKUP,2,C,154.166248,153.74902930787164,155.2092947303209,0.41721869212835827,0.09794138425672821,0,1,1,0,0,1,True,25239,0.8770642821075553
25243,2026-01-30 18:30:00,18,1,MARKUP,2,C,154.166248,153.74350841354251,155.22309696614371,0.42273958645748166,0.10898317291496391,0,0,1,0,1,1,False,-1,
25258,2026-01-30 19:45:00,19,1,MARKUP,3,B,154.28305,153.9431714242627,155.1327464393433,0.33987857573731617,0.08765715147459183,0,1,1,0,1,1,False,-1,
25270,2026-01-30 20:45:00,20,1,MARKUP,1,C,154.443112,154.20307395598755,155.04320711003118,0.24003804401246498,0.08585208802490504,1,0,0,0,0,1,True,25271,1.75
25412,2026-02-02 08:35:00,8,-1,MARKDOWN,3,B,154.96281,155.21876129734468,154.32293175663824,0.25595129734469424,0.09552259468939207,0,1,1,0,1,1,True,25429,-1.0
25424,2026-02-02 09:35:00,9,-1,MARKDOWN,1,C,154.91970999999998,155.19264071600867,154.23738320997825,0.27293071600868757,0.0912814320173779,0,0,0,0,1,1,True,25428,-1.0
25465,2026-02-02 13:00:00,13,-1,MARKDOWN,4,A,154.82392,155.02881227418234,154.31168931454408,0.204892274182356,0.07362454836469043,1,1,1,0,1,1,True,25473,-1.0
25487,2026-02-02 14:50:00,14,1,MARKUP,2,C,154.874476,154.7229533973799,155.2532825065502,0.15152260262007644,0.06009320524014222,0,1,0,1,0,1,False,-1,
25499,2026-02-02 15:50:00,15,1,MARKUP,2,C,154.934998,154.6784871321408,155.57627516964806,0.2565108678592196,0.06302573571841218,0,1,0,0,1,1,False,-1,
25511,2026-02-02 16:50:00,16,1,MARKUP,1,C,154.975108,154.6748755180627,155.7256892048433,0.30023248193731433,0.07024896387463841,0,1,0,0,0,1,False,-1,
25523,2026-02-02 17:50:00,17,1,MARKUP,1,C,155.089326,154.6646733549022,156.15095761274452,0.4246526450978081,0.09065329019565933,0,1,0,0,0,1,False,-1,
25535,2026-02-02 18:50:00,18,1,MARKUP,2,C,155.089326,154.67175662545995,156.13324943635013,0.41756937454005083,0.07648674908013146,0,1,1,0,0,1,False,-1,
25547,2026-02-02 19:50:00,19,1,MARKUP,1,C,155.228994,154.90289635990746,156.04423810023135,0.3260976400925415,0.06620728018508354,0,0,1,0,0,1,False,-1,
25559,2026-02-02 20:50:00,20,1,MARKUP,2,C,155.370526,155.11303637822706,156.01425005443238,0.25748962177294743,0.06192724354589444,0,1,1,0,0,1,False,-1,
25693,2026-02-03 08:00:00,8,-1,MARKDOWN,0,C,155.494052,155.63773791110225,155.1348372222444,0.1436859111022386,0.047475822204516994,0,0,0,0,0,1,True,25707,0.6103977474807356
25711,2026-02-03 09:30:00,9,-1,MARKDOWN,3,B,155.458208,155.58284132630234,155.1466246842442,0.12463332630233026,0.05368265260466531,0,1,1,0,1,1,True,25717,-1.0
25730,2026-02-03 11:05:00,11,1,MARKUP,2,C,155.413072,155.26917705030525,155.77280937423689,0.14389494969475436,0.061645899389511406,0,1,1,0,0,1,False,-1,
25753,2026-02-03 13:00:00,13,1,MARKUP,1,C,155.56623199999999,155.28161259718297,156.2777805070425,0.2846194028170146,0.052774805634060035,0,1,0,0,0,1,False,-1,
25765,2026-02-03 14:00:00,14,1,MARKUP,1,C,155.56623199999999,155.2853301028337,156.26848674291568,0.2809018971662738,0.04533979433256036,0,1,0,0,0,1,False,-1,
25777,2026-02-03 15:00:00,15,1,MARKUP,0,C,155.604548,155.34788176767157,156.24621358082106,0.25666623232842767,0.04423646465689006,0,0,0,0,0,1,False,-1,
25789,2026-02-03 16:00:00,16,1,MARKUP,2,C,155.717024,155.52747884329165,156.1908868917709,0.18954515670836258,0.049042313416665304,0,1,1,0,0,1,True,25811,-1.0
25833,2026-02-03 19:40:00,19,-1,MARKDOWN,1,C,155.871844,156.1174484682882,155.25783282927955,0.24560446828817817,0.06489693657636056,0,1,0,0,0,1,False,-1,
25845,2026-02-03 20:40:00,20,-1,MARKDOWN,0,C,155.871844,156.11143619991955,155.27286350020114,0.23959219991954228,0.05287239983909427,0,0,0,0,0,1,False,-1,
25981,2026-02-04 08:00:00,8,1,MARKUP,2,C,156.18088,156.03311535942643,156.5502916014339,0.14776464057356975,0.03576928114712071,0,1,1,0,0,1,False,-1,
25993,2026-02-04 09:00:00,9,1,MARKUP,1,C,156.226612,156.10562409177626,156.5290817705593,0.12098790822372507,0.03875181644746078,0,1,0,0,0,1,False,-1,
26005,2026-02-04 10:00:00,10,1,MARKUP,1,C,156.324242,156.21464410440709,156.59823673898228,0.10959789559291266,0.04271179118582585,0,1,0,0,0,1,False,-1,
26017,2026-02-04 11:00:00,11,1,MARKUP,1,C,156.334938,156.21813808737565,156.62693778156086,0.11679991262434442,0.03572382524865759,0,1,0,0,0,1,False,-1,
26041,2026-02-04 13:00:00,13,1,MARKUP,2,C,156.45412199999998,156.21299851873255,157.05693070316858,0.24112348126743655,0.046002962534872155,0,1,1,0,0,1,False,-1,
26053,2026-02-04 14:00:00,14,1,MARKUP,2,C,156.533168,156.31045726711483,157.0899448322129,0.22271073288516163,0.04508546577032632,0,1,1,0,0,1,True,26068,0.7077252489931471
26069,2026-02-04 15:20:00,15,1,MARKUP,2,C,156.57272,156.3691671785346,157.0816020536635,0.20355282146539366,0.055665642930741645,0,1,1,0,0,1,True,26075,-1.0
26121,2026-02-04 19:40:00,19,1,MARKUP,3,B,156.602702,156.46906915259052,156.9367841185237,0.1336328474094728,0.06786169481891362,0,1,1,0,1,1,False,-1,
26133,2026-02-04 20:40:00,20,1,MARKUP,1,C,156.513496,156.32379019051982,156.98776052370047,0.18970580948018778,0.05241961896038458,0,1,0,0,0,1,False,-1,
26269,2026-02-05 08:00:00,8,1,MARKUP,2,C,156.831014,156.66686222710533,157.24139343223672,0.16415177289468375,0.040275545789342206,0,1,1,0,0,1,False,-1,
26281,2026-02-05 09:00:00,9,1,MARKUP,1,C,156.831014,156.658862729416,157.26139217646005,0.1721512705840098,0.05627454116800007,0,1,0,0,0,1,False,-1,
26293,2026-02-05 10:00:00,10,1,MARKUP,1,C,156.882584,156.6534393599715,157.4554456000713,0.22914464002852242,0.06712128005704468,0,1,0,0,0,1,False,-1,
26305,2026-02-05 11:00:00,11,1,MARKUP,1,C,156.954272,156.76963095659264,157.41587460851844,0.18464104340736753,0.06673808681473278,0,1,0,0,0,1,False,-1,
26329,2026-02-05 13:00:00,13,1,MARKUP,2,C,157.039124,156.83068151719968,157.56023020700076,0.20844248280030797,0.048636965600613445,0,1,1,0,0,1,True,26347,-1.0
26342,2026-02-05 14:05:00,14,1,MARKUP,1,C,157.07991199999998,156.89796069359986,157.5347902660003,0.1819513064001228,0.04607861280028698,0,0,1,0,0,1,True,26347,-1.0
26360,2026-02-05 15:35:00,15,-1,MARKDOWN,2,C,157.026052,157.3810841877202,156.13847153069946,0.3550321877202123,0.088168375440445,0,1,1,0,0,1,False,-1,
26372,2026-02-05 16:35:00,16,-1,MARKDOWN,2,C,157.026052,157.38268130689437,156.13447873276405,0.35662930689437644,0.09136261378877276,0,1,1,0,0,1,False,-1,
26384,2026-02-05 17:35:00,17,-1,MARKDOWN,2,C,156.99577,157.34207653417945,156.13000366455134,0.3463065341794618,0.10815306835889807,0,1,1,0,0,1,True,26396,0.8715779744658989
26583,2026-02-06 10:10:00,10,1,MARKUP,1,C,156.728936,156.56656107412562,157.134873314686,0.1623749258743885,0.058877851748788346,0,1,0,0,0,1,False,-1,
26595,2026-02-06 11:10:00,11,1,MARKUP,2,C,156.77936,156.56800185923103,157.30775535192242,0.21135814076896509,0.055996281537933484,0,1,1,0,0,1,False,-1,
26617,2026-02-06 13:00:00,13,1,MARKUP,2,C,156.828474,156.65085812112852,157.27251369717868,0.17761587887147812,0.044283757742952144,0,1,1,0,0,1,False,-1,
26629,2026-02-06 14:00:00,14,1,MARKUP,1,C,156.857506,156.64756577741161,157.38235655647097,0.2099402225883864,0.050868445176762866,0,1,0,0,0,1,False,-1,
26641,2026-02-06 15:00:00,15,1,MARKUP,1,C,156.935374,156.77709360919323,157.3310749770169,0.15828039080676604,0.043812781613550525,0,1,0,0,0,1,True,26651,0.674022172867504
26670,2026-02-06 17:25:00,17,1,MARKUP,2,C,157.000882,156.872487531687,157.32186817078247,0.12839446831299028,0.06502493662597991,0,1,1,0,0,1,True,26673,-1.0
26685,2026-02-06 18:40:00,18,1,MARKUP,2,C,157.046244,156.9595049456928,157.263091635768,0.08673905430720197,0.06499010861439697,0,1,1,0,0,1,True,26686,0.5
26697,2026-02-06 19:40:00,19,1,MARKUP,1,C,156.91546400000001,156.75443172174798,157.3180446956301,0.16103227825203703,0.05313655650404173,0,1,0,0,0,1,False,-1,
26709,2026-02-06 20:40:00,20,1,MARKUP,0,C,156.91546400000001,156.76060942196247,157.30260044509387,0.15485457803754343,0.04078115607505087,0,0,0,0,0,1,False,-1,
26845,2026-02-09 08:00:00,8,-1,MARKDOWN,3,B,156.64227400000001,156.94684314571498,155.8808511357126,0.3045691457149644,0.07968629142996062,0,1,1,1,0,1,True,26867,0.7440737890460525
26857,2026-02-09 09:00:00,9,-1,MARKDOWN,0,C,156.692374,156.98189963980244,155.96855990049391,0.2895256398024344,0.08779927960491983,0,0,0,0,0,1,True,26872,0.6817925865865355
26870,2026-02-09 10:05:00,10,-1,MARKDOWN,1,C,156.672598,156.9534031487586,155.97058512810344,0.28080514875861695,0.09480629751718372,1,0,0,0,0,1,True,26872,0.8187240184762234
26885,2026-02-09 11:20:00,11,-1,MARKDOWN,3,B,156.581134,156.80736892337148,156.01554669157127,0.22623492337149287,0.09873784674293595,0,1,1,0,1,1,True,26888,0.6934597221724703
26915,2026-02-09 13:50:00,13,-1,MARKDOWN,3,B,156.47162400000002,156.60608277040416,156.13547707398968,0.13445877040413734,0.06416554080831087,1,1,1,0,0,1,True,26916,0.5
26927,2026-02-09 14:50:00,14,-1,MARKDOWN,2,C,156.610774,156.81166890081354,156.10853674796613,0.20089490081355166,0.06333780162709092,0,1,1,0,0,1,False,-1,
26939,2026-02-09 15:50:00,15,-1,MARKDOWN,2,C,156.439108,156.7966798292602,155.54517842684953,0.3575718292601948,0.09935965852035974,0,1,1,0,0,1,False,-1,
26951,2026-02-09 16:50:00,16,-1,MARKDOWN,1,C,156.27905,156.7988112412379,154.9796468969053,0.5197612412378874,0.10362248247574703,0,1,0,0,0,1,False,-1,
26963,2026-02-09 17:50:00,17,-1,MARKDOWN,1,C,156.27905,156.79476736296903,154.98975659257746,0.5157173629690135,0.09553472593800237,0,1,0,0,0,1,False,-1,
27133,2026-02-10 08:00:00,8,-1,MARKDOWN,0,C,155.689932,156.098401459561,154.66875835109752,0.40846945956099034,0.07280291912195987,0,0,0,0,0,1,False,-1,
27145,2026-02-10 09:00:00,9,-1,MARKDOWN,1,C,155.549028,155.87021734839354,154.74605462901613,0.3211893483935455,0.07243469678705437,0,0,1,0,0,1,True,27154,0.9512605463266768
27193,2026-02-10 13:00:00,13,-1,MARKDOWN,1,C,155.40991200000002,155.665156344929,154.77180113767758,0.2552443449289683,0.06431268985794264,0,1,0,0,0,1,False,-1,
27205,2026-02-10 14:00:00,14,-1,MARKDOWN,1,C,155.40991200000002,155.66038325708598,154.7837338572851,0.2504712570859624,0.05476651417194948,0,0,1,0,0,1,False,-1,
27217,2026-02-10 15:00:00,15,-1,MARKDOWN,2,C,155.393844,155.6433000354631,154.7702039113422,0.2494560354631119,0.07260007092621794,0,1,1,0,0,1,False,-1,
27229,2026-02-10 16:00:00,16,-1,MARKDOWN,1,C,155.19044399999999,155.52541698015497,154.35301154961252,0.334972980154987,0.09083396030999168,0,1,0,0,0,1,False,-1,
27241,2026-02-10 17:00:00,17,-1,MARKDOWN,2,C,154.88947399999998,155.36120370869168,153.71014972827072,0.47172970869169717,0.10840741738338565,0,1,1,0,0,1,False,-1,
27253,2026-02-10 18:00:00,18,-1,MARKDOWN,1,C,154.834466,155.36784163781272,153.50102690546817,0.5333756378127248,0.12168327562543654,0,1,0,0,0,1,False,-1,
27265,2026-02-10 19:00:00,19,-1,MARKDOWN,1,C,154.829118,155.35624808038023,153.51129279904941,0.5271300803802319,0.09849616076046164,0,0,1,0,0,1,False,-1,
27421,2026-02-11 08:00:00,8,-1,MARKDOWN,2,C,153.613656,154.11134087030104,152.36944382424738,0.49768487030104325,0.0846817406020963,0,1,1,0,0,1,False,-1,
27433,2026-02-11 09:00:00,9,-1,MARKDOWN,0,C,153.513172,154.00608774769822,152.28088263075443,0.4929157476982198,0.10417549539643176,0,0,0,0,0,1,False,-1,
27445,2026-02-11 10:00:00,10,-1,MARKDOWN,1,C,153.37783000000002,153.78448130244277,152.36120174389313,0.4066513024427536,0.09896260488552708,0,0,1,0,0,1,True,27461,-1.0
27507,2026-02-11 15:10:00,15,1,MARKUP,1,C,153.319392,153.07641035762504,153.9268461059374,0.24298164237495712,0.061179284749906956,0,1,0,0,0,1,True,27512,-1.0
27521,2026-02-11 16:20:00,16,1,MARKUP,2,C,153.667394,152.9687846266504,155.413917433374,0.6986093733495977,0.2764307466992061,0,1,1,0,0,1,True,27524,-1.0
27548,2026-02-11 18:35:00,18,-1,MARKDOWN,2,C,153.907028,154.64907503515445,152.05191041211384,0.7420470351544566,0.15015007030891003,0,1,1,0,0,1,False,-1,
27560,2026-02-11 19:35:00,19,-1,MARKDOWN,2,C,153.80159600000002,154.6460422056445,151.6904804858888,0.8444462056444877,0.14408441128901384,0,1,1,0,0,1,False,-1,
27572,2026-02-11 20:35:00,20,-1,MARKDOWN,2,C,153.425234,154.02071164704742,151.9365398823814,0.5954776470474314,0.11142329409485721,0,1,1,0,0,1,False,-1,
27715,2026-02-12 08:30:00,8,1,MARKUP,2,C,152.739478,152.20561608373802,154.07413279065491,0.5338619162619693,0.1287678325239601,0,1,1,0,0,1,False,-1,
27727,2026-02-12 09:30:00,9,1,MARKUP,0,C,152.759342,152.20317370188206,154.14976274529485,0.5561682981179388,0.13365259623587364,0,0,0,0,0,1,False,-1,
27755,2026-02-12 11:50:00,11,-1,MARKDOWN,1,C,153.2645,153.6013692482641,152.42232687933978,0.3368692482640938,0.10073849652819948,0,1,0,0,0,1,True,27778,-1.0
27779,2026-02-12 13:50:00,13,1,MARKUP,3,B,153.247704,153.14503718854894,153.50437102862765,0.10266681145105849,0.07392562290210494,1,1,1,0,0,1,True,27802,0.5
27791,2026-02-12 14:50:00,14,1,MARKUP,2,C,153.16008,152.7593966040169,154.16178848995773,0.4006833959830942,0.08320679196618434,0,1,1,0,0,1,True,27806,-1.0
27803,2026-02-12 15:50:00,15,1,MARKUP,0,C,153.166956,152.75159343857192,154.2053624035702,0.4153625614280827,0.09881312285614875,0,0,0,0,0,1,True,27806,-1.0
27826,2026-02-12 17:45:00,17,-1,MARKDOWN,2,C,153.356372,153.81809614177752,152.20206164555617,0.4617241417775233,0.1181922835550628,0,1,1,0,0,1,False,-1,
27838,2026-02-12 18:45:00,18,-1,MARKDOWN,1,C,153.226874,153.8316942421346,151.71482339466354,0.6048202421345934,0.14538848426922937,0,1,0,0,0,1,False,-1,
27850,2026-02-12 19:45:00,19,-1,MARKDOWN,0,C,153.226874,153.81950718267743,151.74529104330645,0.5926331826774174,0.12101436535485992,0,0,0,0,0,1,False,-1,
27997,2026-02-13 08:00:00,8,1,MARKUP,2,C,153.056482,152.80755047203837,153.67881081990402,0.24893152796161644,0.07689905592326779,0,1,1,0,0,1,False,-1,
28009,2026-02-13 09:00:00,9,1,MARKUP,2,C,153.090098,152.80461875459636,153.80379611350912,0.2854792454036499,0.08276249080729076,0,1,1,0,0,1,False,-1,
28021,2026-02-13 10:00:00,10,1,MARKUP,2,C,153.136702,152.79769446233718,153.9842208441571,0.3390075376628374,0.09661107532563566,0,1,1,0,0,1,False,-1,
28033,2026-02-13 11:00:00,11,1,MARKUP,1,C,153.154274,152.8049292348994,154.02763591275146,0.34934476510059653,0.0821415302012479,0,1,0,0,0,1,False,-1,
28091,2026-02-13 15:50:00,15,-1,MARKDOWN,3,B,153.380118,153.7208653910355,152.52824952241133,0.34074739103547813,0.1077307820709551,0,1,1,0,1,1,False,-1,
28103,2026-02-13 16:50:00,16,-1,MARKDOWN,1,C,153.28449,153.64885549867554,152.37357625331117,0.36436549867553936,0.1137109973510667,0,1,0,0,0,1,False,-1,
28115,2026-02-13 17:50:00,17,-1,MARKDOWN,1,C,153.217128,153.5390400439434,152.41234789014152,0.32191204394339934,0.11208008788682236,0,1,0,0,0,1,True,28117,1.136721282780262
28127,2026-02-13 18:50:00,18,-1,MARKDOWN,2,C,153.147936,153.44857339492836,152.39634251267904,0.3006373949283727,0.10314678985672969,0,1,1,0,0,1,False,-1,
28139,2026-02-13 19:50:00,19,-1,MARKDOWN,2,C,153.054174,153.38179498350553,152.23512154123614,0.3276209835055397,0.08758996701108342,0,1,1,0,0,1,False,-1,
28151,2026-02-13 20:50:00,20,-1,MARKDOWN,0,C,152.986194,153.25952646169443,152.30286284576397,0.27333246169442305,0.0630529233888525,0,0,0,0,0,1,False,-1,
28285,2026-02-16 08:00:00,8,1,MARKUP,2,C,153.073106,152.94515419448453,153.39298551378866,0.12795180551546537,0.03969161103095919,0,1,1,0,0,1,False,-1,
28297,2026-02-16 09:00:00,9,1,MARKUP,2,C,153.077432,152.94941607103445,153.39747182241382,0.1280159289655387,0.045167857931111464,0,1,1,0,0,1,False,-1,
28309,2026-02-16 10:00:00,10,1,MARKUP,1,C,153.14567599999998,152.95759851561934,153.61586971095159,0.1880774843806421,0.056802968761319114,0,1,0,0,0,1,False,-1,
28321,2026-02-16 11:00:00,11,1,MARKUP,1,C,153.16745,152.95539085055964,153.6975978736009,0.21205914944036408,0.06121829888072928,0,1,0,0,0,1,False,-1,
28345,2026-02-16 13:00:00,13,1,MARKUP,1,C,153.291302,153.05185470871538,153.88992022821157,0.23944729128461972,0.05029058256922534,0,1,0,0,0,1,False,-1,
28409,2026-02-16 18:20:00,18,1,MARKUP,2,C,153.35723,153.2318099487102,153.67078012822444,0.12542005128977962,0.04838010257956892,0,1,1,0,0,1,False,-1,
28421,2026-02-16 19:20:00,19,1,MARKUP,1,C,153.377476,153.23491082181536,153.73388894546162,0.14256517818463976,0.04217835636926236,0,1,0,0,0,1,False,-1,
28433,2026-02-16 20:20:00,20,1,MARKUP,2,C,153.377476,153.24077799932,153.71922100170002,0.13669800068001337,0.030444001360026698,0,1,1,0,0,1,False,-1,
28573,2026-02-17 08:00:00,8,-1,MARKDOWN,2,C,153.19463,153.43607954491745,152.59100613770636,0.24144954491745807,0.07415908983487973,0,1,1,0,0,1,False,-1,
28585,2026-02-17 09:00:00,9,-1,MARKDOWN,1,C,153.102852,153.29430592462427,152.6242171884394,0.19145392462425548,0.06661184924853386,0,1,0,0,0,1,True,28596,1.182774520669927
28601,2026-02-17 10:20:00,10,-1,MARKDOWN,3,B,153.07310999999999,153.26357515059038,152.596947123524,0.19046515059039848,0.0791503011807925,0,1,1,1,0,1,False,-1,
28613,2026-02-17 11:20:00,11,-1,MARKDOWN,1,C,152.99840400000002,153.21867264847376,152.4477323788157,0.22026864847373417,0.07534529694750931,0,1,0,0,0,1,True,28625,-1.0
28661,2026-02-17 15:20:00,15,1,MARKUP,2,C,152.88827,152.67248538384192,153.42773154039523,0.2157846161580892,0.061029232316146736,0,1,1,0,0,1,False,-1,
28673,2026-02-17 16:20:00,16,1,MARKUP,2,C,153.06101999999998,152.78989509255229,153.73883226861923,0.27112490744769957,0.07620981489542229,0,1,0,0,1,1,False,-1,
28685,2026-02-17 17:20:00,17,1,MARKUP,2,C,153.23882600000002,152.91370398304107,154.0516310423974,0.32512201695894305,0.08259203391785434,0,1,1,0,0,1,False,-1,
28697,2026-02-17 18:20:00,18,1,MARKUP,1,C,153.324394,152.91223007450313,154.35480381374222,0.4121639254968841,0.08553985099375591,0,1,0,0,0,1,False,-1,
28709,2026-02-17 19:20:00,19,1,MARKUP,0,C,153.367036,152.9901406870537,154.3092742823658,0.37689531294631706,0.06771862589258512,0,0,0,0,0,1,True,28722,0.7189370381970944
28881,2026-02-18 09:40:00,9,1,MARKUP,1,C,153.494612,153.36599976429906,153.8161425892523,0.1286122357009276,0.05400047140185305,0,1,0,0,0,1,False,-1,
28893,2026-02-18 10:40:00,10,1,MARKUP,3,B,153.542362,153.36021235837407,153.9977361040648,0.1821496416259265,0.06557528325188224,0,1,1,1,0,1,False,-1,
28905,2026-02-18 11:40:00,11,1,MARKUP,2,C,153.548092,153.36467046017506,154.00664584956235,0.18342153982493414,0.056659079649877174,0,1,1,0,0,1,False,-1,
28921,2026-02-18 13:00:00,13,1,MARKUP,2,C,153.57063,153.37225752401227,154.06656118996932,0.19837247598772478,0.041484951975455014,0,1,1,0,0,1,True,28940,0.9668779914828993
28933,2026-02-18 14:00:00,14,1,MARKUP,1,C,153.613272,153.4416315217849,154.04237319553772,0.17164047821509598,0.04073695643015287,0,0,1,0,0,1,True,28939,0.9153725502051635
28952,2026-02-18 15:35:00,15,1,MARKUP,2,C,153.67714999999998,153.52395382876975,154.06014042807556,0.15319617123023477,0.05809234246047322,0,1,1,0,0,1,False,-1,
28964,2026-02-18 16:35:00,16,1,MARKUP,1,C,153.87349799999998,153.51134008889997,154.77889277775,0.36215791110001305,0.08331982220006612,0,1,0,0,0,1,False,-1,
28976,2026-02-18 17:35:00,17,1,MARKUP,1,C,153.89298,153.51338598687386,154.84196503281532,0.3795940131261375,0.07922802625227696,0,1,0,0,0,1,False,-1,
28988,2026-02-18 18:35:00,18,1,MARKUP,2,C,153.89298,153.51915683922783,154.82753790193038,0.3738231607721616,0.06768632154430321,0,1,1,0,0,1,False,-1,
29000,2026-02-18 19:35:00,19,1,MARKUP,2,C,153.971348,153.55430114504196,155.01396513739513,0.41704685495804483,0.05939770991608046,0,1,1,0,0,1,False,-1,
29012,2026-02-18 20:35:00,20,1,MARKUP,2,C,154.117852,153.6750400932066,155.2248817669835,0.4428119067933949,0.05591981358679376,0,1,1,0,0,1,False,-1,
29149,2026-02-19 08:00:00,8,1,MARKUP,2,C,154.914086,154.62666015679935,155.63265060800163,0.28742584320065134,0.06067968640130126,0,1,1,0,0,1,True,29173,-1.0
29163,2026-02-19 09:10:00,9,1,MARKUP,3,B,154.982234,154.72378637189644,155.62835307025892,0.2584476281035677,0.06842725620712396,0,1,1,0,1,1,True,29172,-1.0
29195,2026-02-19 11:50:00,11,-1,MARKDOWN,2,C,155.101666,155.37970366025442,154.40657184936393,0.27803766025442656,0.06940732050884921,0,1,1,0,0,1,False,-1,
29209,2026-02-19 13:00:00,13,-1,MARKDOWN,1,C,155.07951,155.37457996189485,154.34183509526287,0.29506996189485335,0.059159923789684016,0,1,0,0,0,1,False,-1,
29221,2026-02-19 14:00:00,14,-1,MARKDOWN,2,C,154.9457,155.22367621785256,154.25075945536855,0.27797621785256865,0.05935243570512236,0,1,1,0,0,1,True,29239,-1.0
29250,2026-02-19 16:25:00,16,1,MARKUP,2,C,154.825152,154.50134310116306,155.63467424709236,0.3238088988369441,0.08531379767391407,0,1,1,0,0,1,False,-1,
29262,2026-02-19 17:25:00,17,1,MARKUP,1,C,154.82668,154.49546608051384,155.65471479871545,0.3312139194861743,0.09706783897236361,0,1,0,0,0,1,False,-1,
29437,2026-02-20 08:00:00,8,1,MARKUP,2,C,155.124092,154.94003219497162,155.5842415125709,0.18405980502836883,0.05793561005672791,0,1,1,0,0,1,True,29449,1.1658319480395525
29459,2026-02-20 09:50:00,9,1,MARKUP,2,C,155.188128,155.03316074766818,155.5755461308296,0.15496725233182929,0.07767850466365597,0,1,1,0,0,1,False,-1,
29471,2026-02-20 10:50:00,10,1,MARKUP,1,C,155.197064,154.90176111233578,155.93532121916058,0.29530288766423496,0.09247777532843947,0,1,0,0,0,1,False,-1,
29483,2026-02-20 11:50:00,11,1,MARKUP,1,C,155.21349,154.90937042964018,155.97378892589958,0.3041195703598305,0.07725914071966031,0,1,0,0,0,1,True,29496,0.7531722558495048
29537,2026-02-20 16:20:00,16,1,MARKUP,2,C,155.212314,154.97518707063688,155.80513132340778,0.2371269293631144,0.07162585872625739,0,1,0,1,0,1,True,29545,0.5896401812696334
29551,2026-02-20 17:30:00,17,-1,MARKDOWN,2,C,155.258758,155.61176585905193,154.3762383523702,0.3530078590519281,0.1475317181038257,0,1,1,0,0,1,False,-1,
29563,2026-02-20 18:30:00,18,-1,MARKDOWN,2,C,155.223996,155.6038056338246,154.27447191543848,0.37980963382460686,0.13161126764917896,0,1,0,1,0,1,False,-1,
29575,2026-02-20 19:30:00,19,-1,MARKDOWN,0,C,155.223996,155.58646833306173,154.31781516734566,0.36247233306173143,0.09693666612341668,0,0,0,0,0,1,False,-1,
29587,2026-02-20 20:30:00,20,-1,MARKDOWN,1,C,155.223996,155.57995539602425,154.3340975099394,0.35595939602424664,0.08391079204847554,0,1,0,0,0,1,False,-1,
29757,2026-02-23 10:40:00,10,1,MARKUP,2,C,154.408888,154.188924494781,154.95879676304747,0.219963505218999,0.07015101043797725,0,1,1,0,0,1,False,-1,
29769,2026-02-23 11:40:00,11,1,MARKUP,2,C,154.44765,154.19761165927721,155.07274585180699,0.25003834072279574,0.060776681445580044,0,1,1,0,0,1,False,-1,
29785,2026-02-23 13:00:00,13,1,MARKUP,1,C,154.48203,154.20142118859175,155.18355202852064,0.280608811408257,0.05315762281648875,0,1,0,0,0,1,False,-1,
29797,2026-02-23 14:00:00,14,1,MARKUP,2,C,154.656696,154.43058828977183,155.22196527557045,0.22610771022817744,0.048823420456343206,0,1,1,0,0,1,True,29815,-1.0
29809,2026-02-23 15:00:00,15,1,MARKUP,0,C,154.74094399999998,154.52252237746967,155.28699805632579,0.2184216225303146,0.06095524506064155,0,0,0,0,0,1,True,29812,-1.0
29837,2026-02-23 17:20:00,17,-1,MARKDOWN,1,C,154.78142,155.0800208013674,154.0349179965815,0.2986008013673995,0.07004160273480167,0,1,0,0,0,1,False,-1,
29849,2026-02-23 18:20:00,18,-1,MARKDOWN,2,C,154.78142,155.08214034612504,154.02961913468738,0.30072034612504694,0.07428069225010184,0,1,1,0,0,1,False,-1,
29861,2026-02-23 19:20:00,19,-1,MARKDOWN,1,C,154.730232,155.07413443806595,153.87047590483513,0.3439024380659532,0.058268876131927695,0,1,0,0,0,1,False,-1,
30013,2026-02-24 08:00:00,8,1,MARKUP,0,C,155.036608,154.84402631316843,155.51806221707892,0.1925816868315735,0.04594737366310423,0,0,0,0,0,1,True,30020,2.5
30026,2026-02-24 09:05:00,9,1,MARKUP,2,C,155.135164,154.82305248330638,155.91544279173405,0.31211151669361925,0.08789503338723234,0,1,1,0,0,1,False,-1,
30038,2026-02-24 10:05:00,10,1,MARKUP,1,C,155.402028,154.8634856651507,156.74838383712324,0.5385423348492964,0.11902866969858147,0,1,0,0,0,1,False,-1,
30050,2026-02-24 11:05:00,11,1,MARKUP,1,C,155.456588,154.8957685360867,156.85863665978326,0.5608194639133046,0.10246292782658434,0,1,0,0,0,1,False,-1,
30073,2026-02-24 13:00:00,13,1,MARKUP,2,C,155.456588,154.90802848253668,156.82798679365834,0.5485595174633318,0.07794303492666962,0,1,1,0,0,1,False,-1,
30086,2026-02-24 14:05:00,14,1,MARKUP,2,C,155.739632,155.3719015675688,156.65895808107797,0.36773043243118764,0.0661968648623949,0,1,1,0,0,1,False,-1,
30103,2026-02-24 15:30:00,15,1,MARKUP,2,C,156.039222,155.95752304343364,156.24346939141589,0.08169895656635617,0.07095391313273833,0,1,1,0,0,1,True,30104,0.5
30116,2026-02-24 16:35:00,16,1,MARKUP,1,C,155.86909,155.64467807419476,156.4301198145131,0.22441192580524216,0.07064385161050278,0,1,0,0,0,1,True,30127,-1.0
30128,2026-02-24 17:35:00,17,1,MARKUP,0,C,155.86909,155.63785995452818,156.44716511367955,0.23123004547181836,0.08428009094365367,0,0,0,0,0,1,True,30130,-1.0
30301,2026-02-25 08:00:00,8,-1,MARKDOWN,4,A,155.65205600000002,155.87514806909704,155.09432582725748,0.22309206909702084,0.07029613819408786,1,1,1,1,0,1,True,30302,-1.0
30326,2026-02-25 10:05:00,10,1,MARKUP,2,C,155.7051,155.45784168822107,156.3232457794473,0.24725831177892132,0.07431662355787569,0,1,1,0,0,1,False,-1,
30338,2026-02-25 11:05:00,11,1,MARKUP,2,C,155.87867599999998,155.4911180663581,156.84757083410472,0.3875579336418866,0.07376386728381308,0,1,1,0,0,1,False,-1,
30361,2026-02-25 13:00:00,13,1,MARKUP,1,C,156.01084799999998,155.49040260525172,157.31196148687064,0.5204453947482648,0.07519478949656885,0,1,0,0,0,1,False,-1,
30373,2026-02-25 14:00:00,14,1,MARKUP,1,C,156.134312,155.67863479526463,157.2735050118384,0.4556772047353661,0.05873040947073689,0,1,0,0,0,1,False,-1,
30385,2026-02-25 15:00:00,15,1,MARKUP,0,C,156.28634,155.92593582946387,157.18735042634032,0.3604041705361283,0.05612834107225265,0,0,0,0,0,1,False,-1,
30398,2026-02-25 16:05:00,16,1,MARKUP,2,C,156.512528,156.2890527781229,157.07121605469274,0.223475221877095,0.061894443754173946,0,1,1,0,0,1,True,30405,-1.0
30445,2026-02-25 20:00:00,20,-1,MARKDOWN,1,C,156.56236,156.78840740614092,155.99724148464776,0.22604740614090701,0.05481481228185324,0,0,1,0,0,1,False,-1,
30666,2026-02-26 14:25:00,14,-1,MARKDOWN,2,C,156.078444,156.1980413255562,155.77945068610944,0.11959732555621372,0.042082651112396494,0,1,1,0,0,1,True,30670,0.5
30681,2026-02-26 15:40:00,15,1,MARKUP,2,C,156.00762400000002,155.8928950799148,156.29444630021305,0.11472892008521285,0.05220984017040876,0,1,1,0,0,1,True,30693,-1.0
30699,2026-02-26 17:10:00,17,-1,MARKDOWN,2,C,156.09132400000001,156.29310945033941,155.5868603741515,0.20178545033940054,0.08421890067884683,0,1,1,0,0,1,True,30702,-1.0
30711,2026-02-26 18:10:00,18,1,MARKUP,2,C,156.057566,155.8963541686047,156.46059557848832,0.16121183139532036,0.08329166279061113,0,1,1,0,0,1,False,-1,
30723,2026-02-26 19:10:00,19,1,MARKUP,2,C,156.002226,155.79895659519315,156.51039951201716,0.20326940480686062,0.06808680961368863,0,1,1,0,0,1,False,-1,
30735,2026-02-26 20:10:00,20,1,MARKUP,1,C,156.051886,155.80441817811214,156.6705555547196,0.24746782188785232,0.057163643775731715,0,1,0,0,0,1,False,-1,
30879,2026-02-27 08:10:00,8,-1,MARKDOWN,1,C,155.816718,156.01638184406673,155.3175583898332,0.19966384406671978,0.05476368813344188,1,0,0,0,0,1,True,30880,-1.0
30899,2026-02-27 09:50:00,9,1,MARKUP,1,C,155.76147,155.5061957013298,156.3996557466755,0.25527429867020146,0.06360859734043328,0,1,0,0,0,1,False,-1,
30911,2026-02-27 10:50:00,10,1,MARKUP,2,C,155.772548,155.50552478651613,156.44010603370967,0.26702321348386704,0.0649504269677361,0,1,1,0,0,1,False,-1,
30923,2026-02-27 11:50:00,11,1,MARKUP,0,C,155.821176,155.53686428584663,156.53195528538345,0.2843117141533753,0.058271428306744116,0,0,0,0,0,1,False,-1,
30955,2026-02-27 14:30:00,14,-1,MARKDOWN,1,C,156.082346,156.2548619469868,155.65105613253297,0.17251594698680606,0.041723893973583524,0,1,0,0,0,1,True,30967,0.8331609441489861
30970,2026-02-27 15:45:00,15,1,MARKUP,2,C,156.141918,156.05295773191867,156.36431867020335,0.08896026808133684,0.06408453616267967,0,1,1,0,0,1,True,30972,-1.0
30982,2026-02-27 16:45:00,16,1,MARKUP,3,B,155.98597999999998,155.80103028930034,156.4483542767491,0.18494971069964095,0.07193942139927972,0,1,1,0,1,1,True,30992,0.5
30994,2026-02-27 17:45:00,17,1,MARKUP,3,B,155.98597999999998,155.79580687214454,156.4614128196386,0.19017312785544505,0.08238625571089787,0,1,1,0,1,1,True,30999,0.8337199928573791
31006,2026-02-27 18:45:00,18,1,MARKUP,2,C,155.98597999999998,155.80124183168326,156.4478254207918,0.18473816831672707,0.07151633663347974,0,0,1,0,1,1,True,31015,0.8435379675345529
31023,2026-02-27 20:10:00,20,1,MARKUP,3,B,156.060758,155.93143383305542,156.38406841736142,0.1293241669445706,0.05313233388917702,1,1,1,0,0,1,True,31024,-1.0
31165,2026-03-02 08:00:00,8,1,MARKUP,2,C,156.455286,156.12381847421884,157.2839548144529,0.33146752578116434,0.07236305156234409,0,1,1,0,0,1,False,-1,
31177,2026-03-02 09:00:00,9,1,MARKUP,2,C,156.49195799999998,156.12021639618354,157.4213120095411,0.37174160381644583,0.07956720763290474,0,1,1,0,0,1,False,-1,
31189,2026-03-02 10:00:00,10,1,MARKUP,2,C,156.498452,156.1172460119579,157.45146697010523,0.3812059880420975,0.0855079760842376,0,1,1,0,0,1,False,-1,
31201,2026-03-02 11:00:00,11,1,MARKUP,0,C,156.665754,156.2573872518545,157.68667087036368,0.40836674814548246,0.09322549629100843,0,0,0,0,0,1,False,-1,
31237,2026-03-02 14:00:00,14,1,MARKUP,3,B,157.02852,156.86046836735403,157.44864908161486,0.16805163264595535,0.06106326529191041,1,1,1,0,0,1,True,31238,1.75
31249,2026-03-02 15:00:00,15,1,MARKUP,2,C,157.045446,156.76209450872727,157.75382472818183,0.2833514912727253,0.06781098254544844,0,1,1,0,0,1,False,-1,
31261,2026-03-02 16:00:00,16,1,MARKUP,1,C,157.10541999999998,156.75866937851256,157.97229655371854,0.3467506214874163,0.07466124297487654,0,1,0,0,0,1,False,-1,
31273,2026-03-02 17:00:00,17,1,MARKUP,2,C,157.113824,156.75599234543424,158.0084031364144,0.35783165456575716,0.08001530913151729,0,1,1,0,0,1,False,-1,
31285,2026-03-02 18:00:00,18,1,MARKUP,1,C,157.20074400000001,156.82484797895629,158.14048405260934,0.37589602104372943,0.0703040420874795,0,1,0,0,0,1,False,-1,
31298,2026-03-02 19:05:00,19,1,MARKUP,0,C,157.338558,157.04484596317687,158.07283809205785,0.2937120368231376,0.0763080736462423,0,0,0,0,0,1,True,31301,0.13769268851700894
31464,2026-03-03 08:55:00,8,-1,MARKDOWN,3,B,157.30987,157.42139754896817,157.03105112757953,0.11152754896818351,0.0587950979363791,0,1,1,1,1,1,True,31469,-1.0
31477,2026-03-03 10:00:00,10,1,MARKUP,2,C,157.297688,157.1090037274832,157.76939868129193,0.188684272516781,0.0839925450336015,0,1,1,0,0,1,False,-1,
31489,2026-03-03 11:00:00,11,1,MARKUP,1,C,157.316406,157.10701129780833,157.83989275547918,0.20939470219167333,0.08797740438337293,0,1,0,0,0,1,False,-1,
31513,2026-03-03 13:00:00,13,1,MARKUP,2,C,157.425276,157.11346407179673,158.20480582050817,0.3118119282032694,0.07507185640658329,0,1,1,0,0,1,False,-1,
31525,2026-03-03 14:00:00,14,1,MARKUP,1,C,157.46424000000002,157.11407115606443,158.339662109839,0.35016884393559167,0.07385768787115513,0,0,1,0,0,1,False,-1,
31539,2026-03-03 15:10:00,15,1,MARKUP,2,C,157.605762,157.33962405851076,158.2711068537231,0.26613794148923375,0.0807518829784711,0,1,1,0,0,1,True,31561,0.7583339652800943
31551,2026-03-03 16:10:00,16,1,MARKUP,2,C,157.682394,157.46520341169068,158.22537047077327,0.2171905883093075,0.07759317661860414,0,1,1,0,0,1,True,31561,0.6370573818455211
31564,2026-03-03 17:15:00,17,1,MARKUP,3,B,157.799196,157.6438674953386,158.18751726165345,0.1553285046613837,0.0982650093228166,0,1,1,1,1,1,True,31565,-1.0
31579,2026-03-03 18:30:00,18,1,MARKUP,2,C,157.67381,157.45093360326533,158.2310009918367,0.22287639673467652,0.0981327934693351,0,1,1,0,0,1,True,31582,-1.0
31591,2026-03-03 19:30:00,19,1,MARKUP,2,C,157.740554,157.5651190212127,158.1791414469683,0.17543497878730818,0.08576195757464396,0,1,1,0,0,1,True,31595,-1.0
31754,2026-03-04 09:05:00,9,-1,MARKDOWN,2,C,157.46637,157.6792770687308,156.93410232817303,0.21290706873080012,0.07055413746158803,0,1,1,0,0,1,True,31764,1.75
31766,2026-03-04 10:05:00,10,-1,MARKDOWN,3,B,157.46637,157.68411870403034,156.9219982399242,0.21774870403032764,0.08023740806066561,0,1,1,0,1,1,True,31771,1.75
31783,2026-03-04 11:30:00,11,-1,MARKDOWN,3,B,157.27644,157.3465295609669,157.10121609758278,0.0700895609668919,0.07905912193385126,0,1,1,0,1,1,True,31798,0.5
31801,2026-03-04 13:00:00,13,-1,MARKDOWN,1,C,157.3504,157.70114178401838,156.4735455399541,0.35074178401836775,0.0902835680367468,1,0,0,0,0,1,False,-1,
31813,2026-03-04 14:00:00,14,-1,MARKDOWN,1,C,157.277476,157.58131752680748,156.5178721829813,0.30384152680747434,0.08663505361496582,0,0,1,0,0,1,True,31824,0.8506334058309779
31826,2026-03-04 15:05:00,15,-1,MARKDOWN,3,B,157.277476,157.5795571211747,156.52227319706327,0.30208112117469454,0.08311424234937312,0,1,1,0,1,1,True,31836,0.8526767543867079
31861,2026-03-04 18:00:00,18,-1,MARKDOWN,3,B,157.23096199999998,157.38883588986994,156.83627727532507,0.1578738898699612,0.07967177973989388,0,1,1,0,1,1,False,-1,
31873,2026-03-04 19:00:00,19,-1,MARKDOWN,2,C,157.21254,157.4509086950223,156.61661826244423,0.2383686950223023,0.07181739004461006,0,1,1,0,0,1,False,-1,
31885,2026-03-04 20:00:00,20,-1,MARKDOWN,1,C,157.21254,157.44569324994262,156.6296568751434,0.23315324994263165,0.061386499885269556,0,1,0,0,0,1,False,-1,
32029,2026-03-05 08:00:00,8,1,MARKUP,2,C,156.75096,156.41797611741566,157.5834197064608,0.33298388258432965,0.07004776516865668,0,1,1,0,0,1,False,-1,
32041,2026-03-05 09:00:00,9,1,MARKUP,1,C,156.92437,156.6823054871045,157.52953128223882,0.24206451289552433,0.07538902579104059,0,0,1,0,0,1,False,-1,
32053,2026-03-05 10:00:00,10,1,MARKUP,3,B,157.062698,156.85917358244455,157.57150904388865,0.2035244175554567,0.07165283511090276,0,1,1,0,1,1,True,32066,1.167491131885744
32065,2026-03-05 11:00:00,11,1,MARKUP,1,C,157.120766,156.9261266477849,157.60736438053772,0.19463935221509132,0.07374670443017835,0,1,0,0,0,1,True,32066,-1.0
32089,2026-03-05 13:00:00,13,1,MARKUP,1,C,157.120766,156.93050074460493,157.59642913848768,0.19026525539507588,0.06499851079012045,0,1,0,0,0,1,False,-1,
32101,2026-03-05 14:00:00,14,1,MARKUP,2,C,157.09238200000001,156.87475108399502,157.6364592900125,0.21763091600499251,0.0524978320099765,0,1,1,0,0,1,False,-1,
32113,2026-03-05 15:00:00,15,1,MARKUP,1,C,157.130582,156.8731130518025,157.77425437049374,0.25746894819749855,0.05577389639501556,0,1,0,0,0,1,False,-1,
32125,2026-03-05 16:00:00,16,1,MARKUP,1,C,157.236396,156.8669229196956,158.160078700761,0.3694730803044024,0.06815416060881026,0,1,0,0,0,1,False,-1,
32137,2026-03-05 17:00:00,17,1,MARKUP,1,C,157.370502,157.07688615533502,158.1045416116624,0.2936158446649699,0.08222768932997879,1,0,0,0,0,1,False,-1,
32149,2026-03-05 18:00:00,18,1,MARKUP,2,C,157.447752,157.19902940760957,158.0695584809761,0.24872259239043615,0.08794118478085787,0,1,1,0,0,1,False,-1,
32163,2026-03-05 19:10:00,19,1,MARKUP,2,C,157.479472,157.25172973662768,158.04882765843075,0.2277422633723063,0.07654052674462099,0,1,1,0,0,1,False,-1,
32175,2026-03-05 20:10:00,20,1,MARKUP,0,C,157.56919200000002,157.35105939873503,158.11452350316247,0.21813260126498335,0.08788120252996102,0,0,0,0,0,1,True,32199,-0.24385167412645245
32317,2026-03-06 08:00:00,8,1,MARKUP,2,C,157.602652,157.386565823411,158.14286744147256,0.21608617658901608,0.06086835317804773,0,1,1,0,0,1,True,32335,0.9208367702947944
32329,2026-03-06 09:00:00,9,1,MARKUP,1,C,157.622428,157.41562090601334,158.13944573496667,0.20680709398666863,0.06675818797331814,0,0,1,0,0,1,True,32335,0.8919063272863024
32356,2026-03-06 11:15:00,11,1,MARKUP,3,B,157.675576,157.507196715673,158.09652421081756,0.16837928432701688,0.05560656865401255,0,1,1,1,0,1,False,-1,
32377,2026-03-06 13:00:00,13,1,MARKUP,2,C,157.819188,157.74040223198926,158.01615242002683,0.07878576801073223,0.05519553602149701,0,1,1,0,0,1,False,-1,
32389,2026-03-06 14:00:00,14,1,MARKUP,2,C,157.689652,157.48037245662752,158.21285085843118,0.20927954337247456,0.04725508674492002,0,1,1,0,0,1,True,32407,-1.0
32401,2026-03-06 15:00:00,15,1,MARKUP,1,C,157.726324,157.47372308472816,158.3578262881796,0.2526009152718416,0.06055383054363318,0,0,1,0,0,1,True,32407,-1.0
32414,2026-03-06 16:05:00,16,1,MARKUP,3,B,157.865374,157.6723976651295,158.34781483717626,0.19297633487050803,0.11320466974106494,0,1,1,0,1,1,True,32415,0.5
32436,2026-03-06 17:55:00,17,-1,MARKDOWN,2,C,157.819364,158.13973394058544,157.0184391485364,0.32036994058543655,0.10746788117088453,0,1,1,0,0,1,True,32456,-1.0
32448,2026-03-06 18:55:00,18,-1,MARKDOWN,1,C,157.819364,158.13194315900034,157.03791610249917,0.31257915900033595,0.09188631800065862,0,1,0,0,0,1,True,32456,-1.0
32463,2026-03-06 20:10:00,20,-1,MARKDOWN,2,C,157.73099000000002,157.98353635245235,157.0996241188692,0.2525463524523275,0.08107270490467504,0,1,1,0,0,1,True,32466,-1.0
32605,2026-03-09 08:00:00,8,1,MARKUP,0,C,158.576168,158.3452881557679,159.15336761058026,0.23087984423210628,0.06142368846422297,0,0,0,0,0,1,True,32609,-1.0
32670,2026-03-09 13:25:00,13,-1,MARKDOWN,3,B,158.49767400000002,158.7281944337871,157.9213729155323,0.23052043378709186,0.08438886757421427,0,1,1,0,1,1,True,32674,0.8132197493491438
32682,2026-03-09 14:25:00,14,-1,MARKDOWN,2,C,158.49767400000002,158.72169463350903,157.9376224162275,0.22402063350901358,0.07138926701806876,1,0,0,0,1,1,True,32685,0.8223075989013471
32694,2026-03-09 15:25:00,15,-1,MARKDOWN,2,C,158.49767400000002,158.71960143034426,157.94285542413942,0.22192743034423756,0.06720286068851322,0,1,1,0,0,1,True,32698,0.8253475804169496
32706,2026-03-09 16:25:00,16,-1,MARKDOWN,1,C,158.49767400000002,158.72313427000674,157.93402332498323,0.22546027000672098,0.0742685400134474,0,1,0,0,0,1,True,32714,1.3216661805640886
32718,2026-03-09 17:25:00,17,-1,MARKDOWN,3,B,158.444234,158.6506461351204,157.92820366219894,0.20641213512041645,0.09729227024082161,0,1,1,1,0,1,True,32720,1.2680414663259703
32730,2026-03-09 18:25:00,18,-1,MARKDOWN,2,C,158.42055000000002,158.64785912252236,157.85227719369416,0.22730912252234248,0.09171824504472983,0,1,1,0,0,1,False,-1,
32742,2026-03-09 19:25:00,19,-1,MARKDOWN,2,C,158.371654,158.64140481245633,157.6972769688592,0.2697508124563228,0.07880962491267746,0,1,1,0,0,1,False,-1,
32754,2026-03-09 20:25:00,20,-1,MARKDOWN,0,C,158.362104,158.6366483557563,157.67574311060918,0.2745443557563192,0.06929671151260167,0,0,0,0,0,1,True,32769,1.1880115795269546
32895,2026-03-10 08:10:00,8,-1,MARKDOWN,3,B,157.757952,157.92300031177982,157.3453312205504,0.16504831177982737,0.052000623559676065,0,1,1,1,0,1,False,-1,
32907,2026-03-10 09:10:00,9,-1,MARKDOWN,2,C,157.615306,157.6846707261399,157.44189418465027,0.06936472613989508,0.0493414522798202,0,1,1,0,0,1,True,32917,1.75
32919,2026-03-10 10:10:00,10,-1,MARKDOWN,1,C,157.753842,157.96392548329717,157.22863329175703,0.21008348329718274,0.061850966594342326,0,1,0,0,0,1,False,-1,
32931,2026-03-10 11:10:00,11,-1,MARKDOWN,1,C,157.681262,157.9697164910584,156.96012577235405,0.2884544910583884,0.07343298211680516,0,1,0,0,0,1,True,32940,-1.0
32970,2026-03-10 14:25:00,14,1,MARKUP,1,C,157.511604,157.2366459157756,158.19899921056103,0.2749580842244086,0.07470816844879215,0,1,0,0,0,1,False,-1,
32982,2026-03-10 15:25:00,15,1,MARKUP,1,C,157.53949,157.241684713294,158.28400321676497,0.2978052867059944,0.06463057341198075,0,1,0,0,0,1,False,-1,
32995,2026-03-10 16:30:00,16,1,MARKUP,1,C,157.66443800000002,157.4357131279781,158.23625018005484,0.22872487202192815,0.06857374404380995,0,0,1,0,0,1,True,33008,-1.0
33022,2026-03-10 18:45:00,18,-1,MARKDOWN,1,C,157.815886,158.01536717318757,157.3171830670311,0.1994811731875643,0.07273434637513547,0,1,0,0,0,1,False,-1,
33034,2026-03-10 19:45:00,19,-1,MARKDOWN,0,C,157.815886,158.01191583514907,157.32581141212734,0.19602983514906214,0.06583167029809209,0,0,0,0,0,1,True,33052,-1.0
33046,2026-03-10 20:45:00,20,-1,MARKDOWN,0,C,157.719124,157.9527790316177,157.13498642095573,0.23365503161770107,0.07155806323536515,0,0,0,0,0,1,True,33050,-1.0
33203,2026-03-11 09:50:00,9,-1,MARKDOWN,1,C,158.191776,158.4225310580337,157.61488835491573,0.23075505803370788,0.05506211606741766,0,1,0,0,0,1,True,33211,-1.0
33220,2026-03-11 11:15:00,11,1,MARKUP,3,B,158.028788,157.83324405321517,158.51764786696205,0.19554394678482367,0.05951189356967992,0,1,1,1,0,1,False,-1,
33241,2026-03-11 13:00:00,13,1,MARKUP,1,C,158.10366,157.83745902393488,158.76916244016275,0.2662009760651074,0.051081952130253655,0,1,0,0,0,1,False,-1,
33253,2026-03-11 14:00:00,14,1,MARKUP,0,C,158.10366,157.8382127652738,158.76727808681548,0.2654472347261958,0.04957446945242686,0,0,0,0,0,1,False,-1,
33265,2026-03-11 15:00:00,15,1,MARKUP,2,C,158.17424599999998,157.9350436643912,158.77225183902192,0.23920233560878046,0.05591267121756982,0,1,1,0,0,1,False,-1,
33277,2026-03-11 16:00:00,16,1,MARKUP,2,C,158.363024,158.15824507566154,158.87497131084615,0.20477892433845568,0.07950984867696101,0,1,0,0,1,1,True,33289,1.4922406883644592
33289,2026-03-11 17:00:00,17,1,MARKUP,1,C,158.40365400000002,158.20630253226096,158.89703266934765,0.197351467739054,0.09139493547808837,0,1,0,0,0,1,False,-1,
33301,2026-03-11 18:00:00,18,1,MARKUP,2,C,158.436124,158.21306147195284,158.99378032011793,0.22306252804716564,0.07787705609435186,0,1,1,0,0,1,False,-1,
33313,2026-03-11 19:00:00,19,1,MARKUP,2,C,158.485784,158.22287578112173,159.14305454719567,0.2629082188782661,0.058248437756539,0,1,1,0,0,1,False,-1,
33325,2026-03-11 20:00:00,20,1,MARKUP,1,C,158.49938,158.25024016941782,159.12222957645545,0.24913983058218037,0.047519661164350954,0,1,0,0,0,1,False,-1,
33476,2026-03-12 08:35:00,8,1,MARKUP,1,C,158.926722,158.76046544836794,159.3423633790802,0.16625655163207398,0.04906910326411116,0,0,1,0,0,1,True,33488,-1.0
33502,2026-03-12 10:45:00,10,-1,MARKDOWN,2,C,159.029558,159.1836396186522,158.64435395336955,0.15408161865218517,0.05527923730437383,0,1,1,0,0,1,False,-1,
33514,2026-03-12 11:45:00,11,-1,MARKDOWN,1,C,158.971494,159.18321675727202,158.44218710681997,0.21172275727201395,0.0544335145440579,0,0,1,0,0,1,False,-1,
33529,2026-03-12 13:00:00,13,-1,MARKDOWN,2,C,158.95048200000002,159.15033054515652,158.45086063710878,0.19984854515649886,0.05666109031301782,0,1,1,0,0,1,False,-1,
33541,2026-03-12 14:00:00,14,-1,MARKDOWN,2,C,158.94492,159.14011302397716,158.45693744005706,0.19519302397716842,0.054226047954340474,0,1,1,0,0,1,False,-1,
33553,2026-03-12 15:00:00,15,-1,MARKDOWN,0,C,158.83412199999998,159.02561947290633,158.3553783177341,0.19149747290634878,0.055238945812655156,0,0,0,0,0,1,True,33556,-1.0
33578,2026-03-12 17:05:00,17,1,MARKUP,2,C,158.75808999999998,158.53539764300956,159.31482089247604,0.22269235699042156,0.0672047139808513,0,1,1,0,0,1,False,-1,
33590,2026-03-12 18:05:00,18,1,MARKUP,2,C,158.829906,158.53708342850976,159.56196242872556,0.29282257149023394,0.06383314298047653,0,1,1,0,0,1,False,-1,
33602,2026-03-12 19:05:00,19,1,MARKUP,2,C,158.84480399999998,158.53332114486557,159.62351113783603,0.31148285513441465,0.07135771026883445,0,1,1,0,0,1,False,-1,
33614,2026-03-12 20:05:00,20,1,MARKUP,1,C,158.975202,158.74326328852501,159.55504877868745,0.23193871147498157,0.07347342295000132,0,1,0,0,0,1,False,-1,
33757,2026-03-13 08:00:00,8,1,MARKUP,0,C,159.26846799999998,158.97877785557344,159.99269336106636,0.28969014442654384,0.06444428885312395,0,0,0,0,0,1,False,-1,
33769,2026-03-13 09:00:00,9,1,MARKUP,1,C,159.283918,159.00796895348083,159.97379061629795,0.2759490465191732,0.05606209303834121,0,0,1,0,0,1,False,-1,
33784,2026-03-13 10:15:00,10,1,MARKUP,3,B,159.417406,159.21832736214142,159.91510259464644,0.1990786378585767,0.06734527571714645,0,1,1,0,1,1,True,33787,-1.0
33798,2026-03-13 11:25:00,11,1,MARKUP,3,B,159.46931800000002,159.29961858421763,159.893566539456,0.16969941578238945,0.0727628315647671,0,1,1,1,1,1,True,33799,-1.0
33831,2026-03-13 14:10:00,14,1,MARKUP,4,A,159.41731000000001,159.31055283295163,159.68420291762098,0.10675716704838578,0.056894334096731045,1,1,1,1,1,1,True,33832,-1.0
33854,2026-03-13 16:05:00,16,-1,MARKDOWN,1,C,159.40985,159.56532188446894,159.02117028882765,0.15547188446893756,0.0626437689378924,0,0,1,0,0,1,True,33877,-1.0
33866,2026-03-13 17:05:00,17,-1,MARKDOWN,1,C,159.313382,159.53813129573768,158.75150876065575,0.22474929573769487,0.06826259147540771,0,1,0,0,0,1,True,33873,-1.0
33886,2026-03-13 18:45:00,18,1,MARKUP,1,C,159.232672,158.96913193183659,159.89152217040856,0.26354006816342235,0.07173613632680391,0,1,0,0,0,1,False,-1,
33898,2026-03-13 19:45:00,19,1,MARKUP,1,C,159.246042,158.97466760605306,159.9244779848673,0.2713743939469282,0.06066478789389328,0,1,0,0,0,1,False,-1,
33910,2026-03-13 20:45:00,20,1,MARKUP,2,C,159.265906,158.9794635093324,159.98201222666904,0.2864424906676106,0.051072981335198914,0,1,1,0,0,1,False,-1,
34045,2026-03-16 08:00:00,8,1,MARKUP,2,C,159.40183399999998,159.23508810122684,159.81869874693285,0.1667458987731436,0.03782379754630872,0,1,1,0,0,1,True,34051,-1.0
34057,2026-03-16 09:00:00,9,-1,MARKDOWN,1,C,159.51876,159.66303128023006,159.1580817994248,0.14427128023007185,0.04406256046011908,0,1,0,0,0,1,False,-1,
34069,2026-03-16 10:00:00,10,-1,MARKDOWN,2,C,159.483234,159.66488752481064,159.02910018797343,0.1816535248106277,0.047775049621293336,0,1,1,0,0,1,False,-1,
34081,2026-03-16 11:00:00,11,-1,MARKDOWN,0,C,159.45024600000002,159.64712366439022,158.9580518390245,0.19687766439020038,0.05224732878042021,0,0,0,0,0,1,False,-1,
34107,2026-03-16 13:10:00,13,-1,MARKDOWN,2,C,159.367434,159.51116508545215,159.00810628636964,0.14373108545214563,0.048330170904294076,0,1,1,0,0,1,False,-1,
34119,2026-03-16 14:10:00,14,-1,MARKDOWN,3,B,159.31923,159.42938028389682,159.04385429025797,0.11015028389681447,0.040760567793629174,0,1,1,1,0,1,False,-1,
34131,2026-03-16 15:10:00,15,-1,MARKDOWN,1,C,159.25115399999999,159.41119984724875,158.85103938187808,0.16004584724876736,0.05039969449751014,0,1,0,0,0,1,False,-1,
34143,2026-03-16 16:10:00,16,-1,MARKDOWN,0,C,159.224032,159.4153159385311,158.7458221536722,0.19128393853111447,0.05863187706220646,0,0,0,0,0,1,False,-1,
34155,2026-03-16 17:10:00,17,-1,MARKDOWN,2,C,159.17445,159.40762421967804,158.59151445080494,0.23317421967803398,0.0652484393560946,0,1,1,0,0,1,True,34163,0.8376374221772802
34342,2026-03-17 08:45:00,8,1,MARKUP,2,C,159.313478,159.2099824558392,159.57221686040202,0.10349554416080764,0.0320350883215838,0,1,1,0,0,1,True,34361,-1.0
34354,2026-03-17 09:45:00,9,1,MARKUP,1,C,159.318634,159.1894801444587,159.64151863885323,0.12915385554128989,0.03903971108259849,0,1,0,0,0,1,True,34360,-1.0
34376,2026-03-17 11:35:00,11,-1,MARKDOWN,1,C,159.354278,159.52349595734776,158.93123310663057,0.1692179573477688,0.05499191469552351,0,1,0,0,0,1,False,-1,
34393,2026-03-17 13:00:00,13,-1,MARKDOWN,2,C,159.328684,159.519872645265,158.85071238683753,0.1911886452649867,0.047745290529986766,0,1,1,0,0,1,False,-1,
34405,2026-03-17 14:00:00,14,-1,MARKDOWN,2,C,159.320684,159.51119173054735,158.8444146736316,0.1905077305473526,0.046383461094705494,0,1,1,0,0,1,False,-1,
34417,2026-03-17 15:00:00,15,-1,MARKDOWN,0,C,159.215526,159.3946815024291,158.76763724392725,0.17915550242909717,0.04736300485820831,0,0,0,0,0,1,False,-1,
34429,2026-03-17 16:00:00,16,-1,MARKDOWN,2,C,159.118388,159.24613059788146,158.7990315052964,0.1277425978814506,0.05226119576291748,0,1,1,0,0,1,False,-1,
34441,2026-03-17 17:00:00,17,-1,MARKDOWN,2,C,159.02891,159.25091091981955,158.47390770045112,0.22200091981954984,0.06582183963912784,0,1,1,0,0,1,True,34457,0.35094449186665894
34453,2026-03-17 18:00:00,18,-1,MARKDOWN,1,C,159.02891,159.25198993831282,158.47121015421794,0.22307993831282147,0.06797987662563121,0,1,0,0,0,1,True,34457,0.349247003514726
34621,2026-03-18 08:00:00,8,-1,MARKDOWN,1,C,158.992784,159.16123266826557,158.57166232933608,0.1684486682655688,0.04046533653116101,0,1,0,0,0,1,False,-1,
34633,2026-03-18 09:00:00,9,-1,MARKDOWN,2,C,158.916268,159.1000577268413,158.45679368289677,0.18378972684129735,0.04211545368257987,0,1,1,0,0,1,False,-1,
34645,2026-03-18 10:00:00,10,-1,MARKDOWN,1,C,158.859078,159.0630671196486,158.34910520087857,0.20398911964858257,0.04813423929719201,0,0,1,0,0,1,True,34649,-1.0
34681,2026-03-18 13:00:00,13,1,MARKUP,2,C,158.752888,158.54509405218454,159.27237286953869,0.20779394781547467,0.04581189563094655,0,1,1,0,0,1,False,-1,
34693,2026-03-18 14:00:00,14,1,MARKUP,1,C,158.752888,158.54771522985854,159.2658199253537,0.2051727701414734,0.04056954028295721,0,1,0,0,0,1,False,-1,
34705,2026-03-18 15:00:00,15,1,MARKUP,2,C,158.84626,158.6530304788472,159.329333802882,0.19322952115280145,0.05793904230555934,0,1,1,0,0,1,False,-1,
34717,2026-03-18 16:00:00,16,1,MARKUP,2,C,159.07386,158.75933195039863,159.86018012400342,0.31452804960136405,0.07133609920272341,0,1,1,0,0,1,False,-1,
34729,2026-03-18 17:00:00,17,1,MARKUP,1,C,159.159816,158.86596719439027,159.89443801402436,0.29384880560974125,0.062065611219426435,0,1,0,0,0,1,False,-1,
34741,2026-03-18 18:00:00,18,1,MARKUP,0,C,159.16228800000002,158.87374853857952,159.88363665355126,0.28853946142049836,0.05450292284099623,0,0,0,0,0,1,False,-1,
34753,2026-03-18 19:00:00,19,1,MARKUP,2,C,159.16228800000002,158.87475055963142,159.8811316009215,0.2875374403685953,0.05249888073719746,0,1,1,0,0,1,False,-1,
34766,2026-03-18 20:05:00,20,1,MARKUP,2,C,159.284652,159.07668271900027,159.80457520249928,0.20796928099971979,0.04463456199943252,0,1,1,0,0,1,True,34777,1.75
34917,2026-03-19 08:40:00,8,1,MARKUP,3,B,159.735424,159.66715178455613,159.90610453860967,0.0682722154438693,0.03569643088774355,1,1,1,0,0,1,True,34918,-1.0
34929,2026-03-19 09:40:00,9,1,MARKUP,2,C,159.622984,159.51470559462385,159.8936800134404,0.1082784053761543,0.054588810752325745,0,1,1,0,0,1,True,34934,-1.0
34941,2026-03-19 10:40:00,10,-1,MARKDOWN,2,C,159.59766399999998,159.85394617863273,158.95695855341813,0.2562821786327447,0.09389235726546429,0,1,0,1,0,1,False,-1,
34953,2026-03-19 11:40:00,11,-1,MARKDOWN,1,C,159.514006,159.85757805891387,158.6550758527153,0.3435720589138782,0.10115611782774805,0,1,0,0,0,1,False,-1,
34969,2026-03-19 13:00:00,13,-1,MARKDOWN,2,C,159.514006,159.8570272265335,158.65645293366626,0.3430212265334944,0.10005445306697706,0,1,1,0,0,1,False,-1,
34981,2026-03-19 14:00:00,14,-1,MARKDOWN,2,C,159.514006,159.84559761736006,158.68502695659984,0.33159161736006126,0.07719523472015838,0,1,1,0,0,1,False,-1,
34993,2026-03-19 15:00:00,15,-1,MARKDOWN,2,C,159.42563199999998,159.69428775553655,158.75399261115854,0.26865575553657095,0.060575511073107,0,1,1,0,0,1,False,-1,
35005,2026-03-19 16:00:00,16,-1,MARKDOWN,1,C,159.170732,159.43256117418431,158.51615906453918,0.26182917418432794,0.08512234836867422,0,1,0,0,0,1,False,-1,
35017,2026-03-19 17:00:00,17,-1,MARKDOWN,2,C,158.830724,159.35949404749323,157.50879888126696,0.5287700474932251,0.12698809498645272,0,1,0,0,1,1,False,-1,
35029,2026-03-19 18:00:00,18,-1,MARKDOWN,1,C,158.826522,159.3519063391103,157.51306115222434,0.5253843391102748,0.11181267822059154,0,1,0,0,0,1,False,-1,
35041,2026-03-19 19:00:00,19,-1,MARKDOWN,2,C,158.826522,159.35148489287573,157.51411476781072,0.5249628928757204,0.11096978575146509,0,1,1,0,0,1,False,-1,
35053,2026-03-19 20:00:00,20,-1,MARKDOWN,2,C,158.80245599999998,159.33851340867966,157.46231247830076,0.5360574086796817,0.08502681735932198,0,1,1,0,0,1,False,-1,
35197,2026-03-20 08:00:00,8,1,MARKUP,1,C,158.003412,157.73108466478794,158.68423033803015,0.2723273352120543,0.03583067042412147,0,1,0,0,0,1,False,-1,
35209,2026-03-20 09:00:00,9,1,MARKUP,1,C,158.011052,157.73330517671366,158.70541905821588,0.2777468232863498,0.031389646572700824,0,1,0,0,0,1,False,-1,
35221,2026-03-20 10:00:00,10,1,MARKUP,2,C,158.25424,158.11442314832385,158.6037821291904,0.13981685167615865,0.035153703352333775,0,1,1,0,0,1,False,-1,
35239,2026-03-20 11:30:00,11,1,MARKUP,2,C,158.358682,158.27767696590755,158.56119458523108,0.08100503409244197,0.046646068184868376,0,1,1,0,0,1,False,-1,
35257,2026-03-20 13:00:00,13,1,MARKUP,2,C,158.50448,158.23234038447478,159.18482903881306,0.27213961552521937,0.05531923105042217,0,1,1,0,0,1,False,-1,
35269,2026-03-20 14:00:00,14,1,MARKUP,0,C,158.504862,158.23188041997986,159.18731595005036,0.2729815800201436,0.05623916004024978,0,0,0,0,0,1,False,-1,
35281,2026-03-20 15:00:00,15,1,MARKUP,1,C,158.504862,158.23015227606749,159.1916363098313,0.27470972393251714,0.05969544786500849,0,0,1,0,0,1,False,-1,
35293,2026-03-20 16:00:00,16,1,MARKUP,2,C,158.504862,158.22806688623766,159.19684978440586,0.276795113762347,0.06386622752467844,0,1,1,0,0,1,False,-1,
35305,2026-03-20 17:00:00,17,1,MARKUP,2,C,158.737942,158.4822296269114,159.37722293272154,0.2557123730886133,0.06754074617721645,0,1,1,0,0,1,False,-1,
35317,2026-03-20 18:00:00,18,1,MARKUP,1,C,158.771884,158.48456061625384,159.4901924593654,0.2873233837461555,0.06887876749232592,0,1,0,0,0,1,False,-1,
35329,2026-03-20 19:00:00,19,1,MARKUP,1,C,158.807028,158.47896188934686,159.62719327663285,0.32806611065313973,0.08007622130631016,0,1,0,0,0,1,False,-1,
35341,2026-03-20 20:00:00,20,1,MARKUP,2,C,158.812758,158.4856222390029,159.63059740249275,0.32713576099709485,0.06675552199420705,0,1,1,0,0,1,False,-1,
35491,2026-03-23 08:30:00,8,1,MARKUP,2,C,159.434364,159.29557300954082,159.78134147614793,0.13879099045917087,0.046853980918358636,0,1,1,0,0,1,True,35509,0.8471403742939798
35503,2026-03-23 09:30:00,9,1,MARKUP,2,C,159.453296,159.29748276830995,159.8428290792251,0.1558132316900469,0.06103446338010507,0,1,0,1,0,1,True,35509,0.7484638560968788
35515,2026-03-23 10:30:00,10,1,MARKUP,0,C,159.453296,159.2950156527937,159.84899686801575,0.15828034720630058,0.06596869441258955,0,0,0,0,0,1,True,35516,0.74459105037321
35545,2026-03-23 13:00:00,13,1,MARKUP,2,C,159.473072,159.32737708118643,159.83730929703393,0.1456949188135752,0.06524583762716402,0,1,0,1,0,1,True,35558,-1.0
35557,2026-03-23 14:00:00,14,1,MARKUP,3,B,159.562682,159.4750016127089,159.78188296822776,0.08768038729110117,0.05999677458222616,0,1,1,0,1,1,True,35558,-1.0
35569,2026-03-23 15:00:00,15,-1,MARKDOWN,1,C,159.12096400000001,159.74619826900084,157.55787832749795,0.6252342690008277,0.18239653800171052,0,1,0,0,0,1,False,-1,
35581,2026-03-23 16:00:00,16,-1,MARKDOWN,1,C,159.117256,159.72888678904485,157.58817902738787,0.6116307890448525,0.15977357808971204,0,1,0,0,0,1,False,-1,
35593,2026-03-23 17:00:00,17,-1,MARKDOWN,2,C,159.10860399999999,159.70416255697967,157.61970760755077,0.5955585569796824,0.13832511395935992,0,1,1,0,0,1,False,-1,
35605,2026-03-23 18:00:00,18,-1,MARKDOWN,2,C,159.087594,159.69774294985865,157.56222162535335,0.6101489498586545,0.1254858997173349,0,1,1,0,0,1,False,-1,
35773,2026-03-24 08:00:00,8,1,MARKUP,2,C,158.572992,158.41857474199045,158.95903514502385,0.15441725800954487,0.03685051601912219,0,1,1,0,0,1,True,35786,-1.0
35785,2026-03-24 09:00:00,9,1,MARKUP,0,C,158.579172,158.4225738327942,158.9706674180145,0.1565981672058001,0.04885233441159563,0,0,0,0,0,1,True,35786,-1.0
35813,2026-03-24 11:20:00,11,-1,MARKDOWN,1,C,158.644402,158.8263714280272,158.18947842993208,0.1819694280271733,0.06674285605436048,0,1,0,0,0,1,True,35820,-1.0
35834,2026-03-24 13:05:00,13,1,MARKUP,2,C,158.546104,158.3745493162978,158.97499070925556,0.17155468370222593,0.05890136740440517,0,1,1,0,0,1,False,-1,
35846,2026-03-24 14:05:00,14,1,MARKUP,0,C,158.55489,158.3748322302103,159.00503442447425,0.18005776978969834,0.05833553957936894,0,0,0,0,0,1,False,-1,
35858,2026-03-24 15:05:00,15,1,MARKUP,1,C,158.55489,158.37504873600764,159.00449315998088,0.17984126399235834,0.05790252798469129,0,1,0,0,0,1,False,-1,
35870,2026-03-24 16:05:00,16,1,MARKUP,2,C,158.64506799999998,158.4274137297836,159.1892036755409,0.21765427021637151,0.07317254043280709,0,1,1,0,0,1,True,35886,1.4754374847609961
35890,2026-03-24 17:45:00,17,1,MARKUP,2,C,158.745262,158.57929199641526,159.16018700896183,0.16597000358473224,0.0714160071695171,0,1,1,0,0,1,True,35891,-1.0
35903,2026-03-24 18:50:00,18,1,MARKUP,3,B,158.747116,158.5802357029363,159.16431674265925,0.1668802970636989,0.07552859412736104,0,1,1,1,1,1,False,-1,
35915,2026-03-24 19:50:00,19,1,MARKUP,2,C,158.793466,158.6605474205249,159.12576244868774,0.13291857947510266,0.06490515895021443,0,1,1,0,0,1,False,-1,
35927,2026-03-24 20:50:00,20,1,MARKUP,2,C,158.800278,158.5268947559249,159.48373611018772,0.2733832440750916,0.06621048815022254,0,1,1,0,0,1,False,-1,
36061,2026-03-25 08:00:00,8,1,MARKUP,1,C,158.715958,158.55607533421045,159.11566466447388,0.1598826657895529,0.03784933157910663,0,1,0,0,0,1,False,-1,
36073,2026-03-25 09:00:00,9,1,MARKUP,1,C,158.766856,158.59449475562636,159.19775911093407,0.17236124437363287,0.033010488747239684,0,1,0,0,0,1,False,-1,
36085,2026-03-25 10:00:00,10,1,MARKUP,1,C,158.82252,158.6657037152908,159.214560711773,0.15681628470920828,0.038592569418401425,0,1,0,0,0,1,True,36101,0.9811405597451601
36097,2026-03-25 11:00:00,11,1,MARKUP,2,C,158.925844,158.73279782816232,159.40845942959425,0.19304617183769324,0.04840434367538869,0,1,1,0,0,1,True,36099,-1.0
36158,2026-03-25 16:05:00,16,1,MARKUP,2,C,158.865284,158.6945929011998,159.29201174700052,0.17069109880020505,0.06481419760042499,0,1,0,1,0,1,False,-1,
36170,2026-03-25 17:05:00,17,1,MARKUP,1,C,158.9269,158.72205327434912,159.43901681412717,0.20484672565086726,0.06589345130171975,0,1,0,0,0,1,False,-1,
36182,2026-03-25 18:05:00,18,1,MARKUP,2,C,158.931844,158.73017075829236,159.43602710426916,0.20167324170765255,0.06565848341529165,0,1,1,0,0,1,False,-1,
36194,2026-03-25 19:05:00,19,1,MARKUP,1,C,158.947506,158.72839847222576,159.49527481943562,0.21910752777424136,0.06920305554848621,0,1,0,0,0,1,False,-1,
36206,2026-03-25 20:05:00,20,1,MARKUP,2,C,158.976786,158.74639318661025,159.5527680334744,0.2303928133897557,0.06121362677945354,0,1,1,0,0,1,False,-1,
36360,2026-03-26 08:55:00,8,1,MARKUP,3,B,159.444446,159.36936632812058,159.63214517969857,0.075079671879422,0.03326734375886526,0,1,1,0,1,1,True,36367,-1.0
36384,2026-03-26 10:55:00,10,1,MARKUP,2,C,159.488212,159.44301723498975,159.60119891252563,0.0451947650102511,0.03996553002046301,0,1,1,0,0,1,True,36385,0.5
36396,2026-03-26 11:55:00,11,1,MARKUP,2,C,159.383174,159.26620522926092,159.67559592684768,0.11696877073907785,0.037589541478166934,0,1,1,0,0,1,False,-1,
36409,2026-03-26 13:00:00,13,1,MARKUP,2,C,159.385848,159.2668651443898,159.6833051390255,0.11898285561019861,0.036269711220358825,0,1,1,0,0,1,False,-1,
36421,2026-03-26 14:00:00,14,1,MARKUP,2,C,159.38661199999999,159.26572049863339,159.68884075341649,0.1208915013666001,0.03855900273320915,0,1,1,0,0,1,False,-1,
36433,2026-03-26 15:00:00,15,1,MARKUP,2,C,159.46972200000002,159.30934378329957,159.87066754175115,0.16037821670045105,0.037312433400846674,0,1,1,0,0,1,True,36454,0.9053907410431777
36445,2026-03-26 16:00:00,16,1,MARKUP,1,C,159.52905,159.4027456837491,159.84481079062732,0.12630431625092342,0.04250863250182737,0,1,0,0,0,1,True,36453,0.7798941886130826
36457,2026-03-26 17:00:00,17,1,MARKUP,1,C,159.52905,159.39371273355727,159.86739316610687,0.1353372664427468,0.06057453288547582,0,0,1,0,0,1,True,36460,0.7612129315493281
36474,2026-03-26 18:25:00,18,1,MARKUP,3,B,159.52905,159.39553582468596,159.86283543828512,0.13351417531404763,0.05692835062805726,0,1,1,0,1,1,False,-1,
36486,2026-03-26 19:25:00,19,1,MARKUP,1,C,159.596412,159.5068878792588,159.82022230185294,0.08952412074117433,0.05222424148234114,0,1,0,0,0,1,False,-1,
36498,2026-03-26 20:25:00,20,1,MARKUP,1,C,159.54048799999998,159.41068727896047,159.86498980259876,0.12980072103951557,0.04262544207901609,0,1,0,0,0,1,False,-1,
36659,2026-03-27 09:50:00,9,1,MARKUP,2,C,159.560196,159.43700183001368,159.86818142496577,0.12319416998630572,0.033996339972632884,0,1,1,0,0,1,False,-1,
36671,2026-03-27 10:50:00,10,1,MARKUP,1,C,159.68135999999998,159.47475196836461,160.1978800790884,0.20660803163536912,0.046496063270730525,0,1,0,0,0,1,False,-1,
36683,2026-03-27 11:50:00,11,1,MARKUP,2,C,159.716586,159.5290938466443,160.1853163833893,0.1874921533557199,0.05181230671146028,0,1,1,0,0,1,False,-1,
36697,2026-03-27 13:00:00,13,1,MARKUP,0,C,159.728328,159.54799024552298,160.17917238619256,0.18033775447702283,0.052019508954036515,0,0,0,0,0,1,False,-1,
36709,2026-03-27 14:00:00,14,1,MARKUP,1,C,159.730182,159.55359366202174,160.1716528449457,0.17658833797827356,0.046812675956499794,0,1,0,0,0,1,False,-1,
36723,2026-03-27 15:10:00,15,1,MARKUP,3,B,159.8544,159.75823364805996,160.0948158798501,0.09616635194004175,0.03953270388005827,0,1,1,0,1,1,True,36724,0.5681887376421161
36735,2026-03-27 16:10:00,16,1,MARKUP,2,C,159.82649,159.72923194019035,160.06963514952417,0.09725805980966129,0.04553611961935127,0,1,1,0,0,1,True,36748,0.5981499866311019
36750,2026-03-27 17:25:00,17,1,MARKUP,2,C,159.84632200000001,159.75477389312547,160.07519226718637,0.09154810687454074,0.05245221374906983,0,1,1,0,0,1,True,36751,-1.0
36767,2026-03-27 18:50:00,18,1,MARKUP,3,B,159.855592,159.76452898642742,160.08324953393145,0.09106301357257962,0.0629420271451284,0,1,1,0,1,1,False,-1,
36779,2026-03-27 19:50:00,19,1,MARKUP,2,C,159.928672,159.66657521021918,160.58391397445206,0.26209678978082707,0.06884957956162169,0,1,0,1,0,1,False,-1,
36791,2026-03-27 20:50:00,20,1,MARKUP,1,C,159.972984,159.66933220427342,160.73211348931645,0.3036517957265801,0.06333559145313225,0,1,0,0,0,1,False,-1,
36925,2026-03-30 08:00:00,8,-1,MARKDOWN,0,C,159.973652,160.192614762685,159.42624509328746,0.2189627626850097,0.04522952537002891,0,0,0,0,0,1,False,-1,
36937,2026-03-30 09:00:00,9,-1,MARKDOWN,2,C,159.862862,160.02657988081165,159.4535672979709,0.16371788081164595,0.05315976162332552,0,1,1,0,0,1,False,-1,
36951,2026-03-30 10:10:00,10,-1,MARKDOWN,2,C,159.795928,159.9386147305262,159.4392111736845,0.14268673052620784,0.05922946105242519,0,1,1,0,0,1,True,36961,0.8645885741105062
36969,2026-03-30 11:40:00,11,-1,MARKDOWN,2,C,159.748366,159.88574044498571,159.40492988753573,0.13737444498570994,0.05548088997141672,0,1,1,0,0,1,False,-1,
36985,2026-03-30 13:00:00,13,-1,MARKDOWN,3,B,159.748366,159.88617487316284,159.4038438170929,0.13780887316283952,0.05634974632569863,0,1,1,1,0,1,False,-1,
36997,2026-03-30 14:00:00,14,-1,MARKDOWN,2,C,159.71666,159.88466049893847,159.2966587526538,0.16800049893848268,0.05332099787694465,0,1,1,0,0,1,False,-1,
37009,2026-03-30 15:00:00,15,-1,MARKDOWN,1,C,159.681684,159.87715383288548,159.19300941778624,0.19546983288549313,0.05630766577096929,0,1,0,0,0,1,False,-1,
37021,2026-03-30 16:00:00,16,-1,MARKDOWN,2,C,159.616988,159.82335034337677,159.10108214155804,0.2063623433767816,0.056700686753580365,0,1,1,0,0,1,True,37034,0.7884449605526764
37053,2026-03-30 18:40:00,18,-1,MARKDOWN,3,B,159.510074,159.65064654800344,159.15864262999142,0.14057254800343344,0.05729309600683261,0,1,1,1,0,1,True,37071,-1.0
37065,2026-03-30 19:40:00,19,-1,MARKDOWN,2,C,159.472994,159.58569384783655,159.19124438040862,0.11269984783655218,0.047387695673101825,0,1,1,0,0,1,True,37070,-1.0
37213,2026-03-31 08:00:00,8,-1,MARKDOWN,2,C,159.827458,159.98952870268795,159.42228124328017,0.16207070268794155,0.03305740537585784,0,1,1,0,0,1,False,-1,
37225,2026-03-31 09:00:00,9,-1,MARKDOWN,0,C,159.786966,159.9951822999644,159.26642525008901,0.20821629996439128,0.04436459992879626,0,0,0,0,0,1,True,37242,0.9571080526086737
37253,2026-03-31 11:20:00,11,-1,MARKDOWN,2,C,159.646062,159.77012016324306,159.33591659189233,0.12405816324306329,0.05024032648613161,0,1,1,0,0,1,True,37257,0.699304477446274
37286,2026-03-31 14:05:00,14,1,MARKUP,1,C,159.607308,159.4758543019162,159.93594224520945,0.1314536980837886,0.0382913961676131,0,1,0,0,0,1,True,37287,0.716264571354027
37298,2026-03-31 15:05:00,15,-1,MARKDOWN,1,C,159.62626799999998,159.8206591331905,159.1402901670237,0.19439113319052126,0.06331826638100452,0,1,0,0,0,1,False,-1,
37310,2026-03-31 16:05:00,16,-1,MARKDOWN,2,C,159.593224,159.8076700921355,159.0571087696612,0.21444609213551757,0.07134018427105909,0,1,1,0,0,1,False,-1,
37322,2026-03-31 17:05:00,17,-1,MARKDOWN,1,C,159.501544,159.8083222797338,158.73459830066548,0.30677827973380545,0.07264455946759794,0,1,0,0,0,1,False,-1,
37334,2026-03-31 18:05:00,18,-1,MARKDOWN,2,C,159.468692,159.81738357845802,158.59696305385495,0.34869157845801624,0.09076715691606721,0,1,1,0,0,1,False,-1,
37346,2026-03-31 19:05:00,19,-1,MARKDOWN,1,C,159.43357,159.80556987368027,158.50357031579932,0.37199987368026655,0.0831397473605433,0,1,0,0,0,1,False,-1,
37358,2026-03-31 20:05:00,20,-1,MARKDOWN,2,C,159.267422,159.6140625393168,158.40082065170805,0.3466405393167804,0.09812507863360395,0,1,1,0,0,1,False,-1,
37510,2026-04-01 08:45:00,8,-1,MARKDOWN,2,C,158.851032,159.0395719510232,158.37968212244203,0.18853995102318777,0.05314390204635816,0,1,1,0,0,1,False,-1,
37522,2026-04-01 09:45:00,9,-1,MARKDOWN,2,C,158.693958,158.97084175456962,158.00174861357598,0.2768837545696101,0.07168350913923556,0,1,1,0,0,1,True,37536,0.9897630904797217
37534,2026-04-01 10:45:00,10,-1,MARKDOWN,0,C,158.68288,158.97614931748905,157.94970670627742,0.2932693174890346,0.08229863497810799,0,0,0,0,0,1,True,37536,0.9435119379527502
37546,2026-04-01 11:45:00,11,-1,MARKDOWN,1,C,158.68288,158.97943446560134,157.94149383599668,0.29655446560133214,0.088868931202693,0,1,0,0,0,1,True,37553,0.9385988357244884
37572,2026-04-01 13:55:00,13,-1,MARKDOWN,3,B,158.530234,158.71855303192518,158.05943642018707,0.1883190319251753,0.06110606385040077,1,1,1,0,0,1,True,37573,0.7853957074449844
37588,2026-04-01 15:15:00,15,-1,MARKDOWN,1,C,158.662754,158.90367048745517,158.0604627813621,0.24091648745516636,0.05934097491034575,0,1,0,0,0,1,True,37607,0.7080946616904802
37600,2026-04-01 16:15:00,16,-1,MARKDOWN,1,C,158.59628,158.8122109296755,158.05645267581127,0.2159309296754941,0.08042185935104444,0,0,1,0,0,1,True,37605,-1.0
37621,2026-04-01 18:00:00,18,-1,MARKDOWN,3,B,158.566616,158.76649571003156,158.06691672492113,0.1998797100315528,0.08499142006315634,0,1,1,0,1,1,True,37624,-1.0
37637,2026-04-01 19:20:00,19,1,MARKUP,1,C,158.483518,158.27819214642636,158.9968326339341,0.20532585357364042,0.06761570714731284,0,1,0,0,0,1,True,37646,1.0664893371284068
37651,2026-04-01 20:30:00,20,1,MARKUP,2,C,158.483518,158.28148497664003,158.98860055839992,0.20203302335997364,0.06103004671997571,0,1,1,0,0,1,False,-1,
37789,2026-04-02 08:00:00,8,1,MARKUP,1,C,158.92389,158.55930526617524,159.8353518345619,0.3645847338247563,0.04538946764947221,0,0,1,0,0,1,False,-1,
37801,2026-04-02 09:00:00,9,1,MARKUP,0,C,158.941194,158.5878939851821,159.82444403704477,0.3533000148179042,0.0442120296358337,0,0,0,0,0,1,False,-1,
37813,2026-04-02 10:00:00,10,1,MARKUP,2,C,159.29098199999999,159.14719211605652,159.65045670985864,0.14378988394346948,0.05761576788693242,0,1,1,0,0,1,False,-1,
37825,2026-04-02 11:00:00,11,1,MARKUP,3,B,159.462766,159.2732180970624,159.93663575734396,0.1895479029375906,0.06356380587524373,0,1,1,1,0,1,False,-1,
37849,2026-04-02 13:00:00,13,1,MARKUP,0,C,159.465822,159.28186188869162,159.92572227827094,0.1839601113083802,0.04627622261674957,0,0,0,0,0,1,False,-1,
37861,2026-04-02 14:00:00,14,1,MARKUP,2,C,159.465822,159.28445426240089,159.91924134399778,0.18136773759911762,0.04109147519826052,0,1,1,0,0,1,False,-1,
37873,2026-04-02 15:00:00,15,1,MARKUP,1,C,159.571106,159.4447409161623,159.88701870959423,0.1263650838376975,0.03651816767539704,0,1,0,0,0,1,True,37883,-1.0
37887,2026-04-02 16:10:00,16,1,MARKUP,2,C,159.623018,159.5232547986911,159.8724260032722,0.09976320130888894,0.04749040261776382,0,1,1,0,0,1,True,37888,-1.0
37911,2026-04-02 18:10:00,18,-1,MARKDOWN,1,C,159.550034,159.78345109270677,158.9664912682331,0.23341709270675892,0.07490218541350165,0,1,0,0,0,1,True,37933,-0.15408468841305423
37923,2026-04-02 19:10:00,19,-1,MARKDOWN,0,C,159.550034,159.77674846994177,158.9832478251456,0.22671446994175426,0.06149693988352256,0,0,0,0,0,1,True,37933,-0.1586400727277886
38093,2026-04-03 09:20:00,9,1,MARKUP,3,B,159.636132,159.5761504702852,159.786085824287,0.05998152971480408,0.02369905942956501,1,1,1,0,0,1,True,38097,-1.0
38151,2026-04-03 14:10:00,14,-1,MARKDOWN,2,C,159.63661,159.70087411041712,159.47594972395717,0.06426411041712754,0.01774822083420131,0,1,1,0,0,1,True,38167,-1.0
38163,2026-04-03 15:10:00,15,-1,MARKDOWN,1,C,159.606272,159.65497797143294,159.48450707141762,0.048705971432951856,0.017955942865908802,0,1,0,0,0,1,True,38167,-1.0
38175,2026-04-03 16:10:00,16,-1,MARKDOWN,2,C,159.69186,159.816304930749,159.38074767312747,0.1244449307490072,0.04260986149804028,0,1,1,0,0,1,False,-1,
38187,2026-04-03 17:10:00,17,-1,MARKDOWN,1,C,159.67658,159.8137767120219,159.33358821994523,0.13719671202190398,0.0375534240438413,0,1,0,0,0,1,False,-1,
38199,2026-04-03 18:10:00,18,-1,MARKDOWN,0,C,159.67658,159.8089532171438,159.3456469571405,0.1323732171437939,0.02790643428761277,0,0,0,0,0,1,False,-1,
38211,2026-04-03 19:10:00,19,1,MARKUP,4,A,159.62814,159.51490325940543,159.91123185148643,0.1132367405945729,0.02019348118917056,1,1,1,0,1,1,True,38215,-1.0
38225,2026-04-03 20:20:00,20,1,MARKUP,4,A,159.62814,159.51873092935256,159.90166267661863,0.10940907064744465,0.012538141294889161,1,1,1,0,1,1,False,-1,
38365,2026-04-06 08:00:00,8,-1,MARKDOWN,1,C,159.698804,159.81842542107725,159.39975044730687,0.11962142107725526,0.026850842154499108,0,1,0,0,0,1,False,-1,
38377,2026-04-06 09:00:00,9,-1,MARKDOWN,1,C,159.63514999999998,159.7128443871644,159.44091403208893,0.07769438716442778,0.02168877432882061,0,1,0,0,0,1,True,38385,1.75
38398,2026-04-06 10:45:00,10,-1,MARKDOWN,3,B,159.623904,159.731511368568,159.35488557858005,0.10760736856798303,0.04102273713595554,0,1,1,1,0,1,False,-1,
38410,2026-04-06 11:45:00,11,-1,MARKDOWN,1,C,159.55590800000002,159.73432275283835,159.10987111790416,0.17841475283833574,0.046645505676658795,0,1,0,0,0,1,True,38434,0.7930097002012808
38425,2026-04-06 13:00:00,13,-1,MARKDOWN,0,C,159.55590800000002,159.73079361722537,159.11869395693662,0.17488561722535678,0.039587234450717546,0,0,0,0,0,1,True,38434,0.798922541887948
38459,2026-04-06 15:50:00,15,-1,MARKDOWN,3,B,159.403262,159.48278449783956,159.20445575540114,0.07952249783954812,0.03756899567914131,1,1,1,0,0,1,True,38460,-1.0
38486,2026-04-06 18:05:00,18,1,MARKUP,2,C,159.52652999999998,159.34058003384345,159.99140491539129,0.18594996615652803,0.054839932313073575,0,1,1,0,0,1,False,-1,
38498,2026-04-06 19:05:00,19,1,MARKUP,1,C,159.534934,159.34560774215498,160.00824964461253,0.18932625784501056,0.04478451569001215,0,1,0,0,0,1,False,-1,
38510,2026-04-06 20:05:00,20,1,MARKUP,2,C,159.534934,159.34744705398907,160.00365136502728,0.18748694601092097,0.04110589202183796,0,1,1,0,0,1,False,-1,
38682,2026-04-07 10:25:00,10,1,MARKUP,2,C,159.863134,159.8303364104109,159.94512797397277,0.03279758958910861,0.03732717917817934,0,1,1,0,0,1,True,38683,-1.0
38696,2026-04-07 11:35:00,11,-1,MARKDOWN,2,C,159.740334,159.90841739555339,159.3201255111165,0.16808339555339558,0.05883479110680675,0,1,1,0,0,1,True,38714,-1.0
38713,2026-04-07 13:00:00,13,-1,MARKDOWN,1,C,159.72238,159.90008595374428,159.27811511563925,0.17770595374429377,0.04217190748857917,0,1,0,0,0,1,True,38714,-1.0
38735,2026-04-07 14:50:00,14,1,MARKUP,2,C,159.815346,159.75424278060794,159.96810404848017,0.06110321939206642,0.04351443878414355,0,1,1,0,0,1,True,38738,-1.0
38747,2026-04-07 15:50:00,15,1,MARKUP,0,C,159.624092,159.4472089291708,160.06629967707295,0.1768830708291773,0.043582141658343995,0,0,0,0,0,1,False,-1,
38759,2026-04-07 16:50:00,16,1,MARKUP,1,C,159.632114,159.44775454518563,160.09301263703594,0.18435945481436988,0.04249090962872438,0,1,0,0,0,1,False,-1,
38771,2026-04-07 17:50:00,17,1,MARKUP,1,C,159.733734,159.58223445062262,160.11248287344344,0.15149954937737675,0.045531098754726156,0,1,0,0,0,1,False,-1,
38783,2026-04-07 18:50:00,18,1,MARKUP,0,C,159.83424,159.6857976968248,160.20534575793795,0.14844230317518736,0.05240460635039017,0,0,0,0,0,1,True,38785,-1.0
38795,2026-04-07 19:50:00,19,1,MARKUP,2,C,159.83424,159.6884373740063,160.19874656498422,0.14580262599369576,0.047125251987387616,1,0,1,0,0,1,True,38803,-1.0
38941,2026-04-08 08:00:00,8,-1,MARKDOWN,1,C,158.602528,158.8182136015211,158.06331399619725,0.21568560152110194,0.052427203042195135,0,1,0,0,0,1,False,-1,
38953,2026-04-08 09:00:00,9,-1,MARKDOWN,0,C,158.46123599999999,158.68623134387843,157.89874764030387,0.22499534387844733,0.06646268775688885,0,0,0,0,0,1,False,-1,
38965,2026-04-08 10:00:00,10,-1,MARKDOWN,0,C,158.37645,158.6133763270366,157.7841341824085,0.2369263270365991,0.07275265407319208,0,0,0,0,0,1,True,38983,0.9316837114152174
38977,2026-04-08 11:00:00,11,-1,MARKDOWN,1,C,158.307234,158.5013064935581,157.82205276610472,0.19407249355811018,0.07261298711619121,0,1,0,0,0,1,True,38982,-1.0
39022,2026-04-08 14:45:00,14,-1,MARKDOWN,3,B,158.26973600000002,158.39571213951407,157.9547956512149,0.1259761395140515,0.05942427902813013,1,1,1,0,0,1,True,39024,0.8883293802767059
39034,2026-04-08 15:45:00,15,-1,MARKDOWN,2,C,158.321552,158.57540110208888,157.6869292447778,0.25384910208887845,0.07680220417773735,0,1,1,0,0,1,True,39048,-1.0
39046,2026-04-08 16:45:00,16,-1,MARKDOWN,1,C,158.289464,158.58335777642412,157.55472955893973,0.2938937764241132,0.09271555284821856,1,0,0,0,0,1,True,39047,-1.0
39082,2026-04-08 19:45:00,19,1,MARKUP,2,C,158.121638,157.85955202306175,158.77685294234558,0.26208597693823776,0.058895953876503926,0,1,1,0,0,1,False,-1,
39094,2026-04-08 20:45:00,20,1,MARKUP,1,C,158.130806,157.86476987666984,158.79589630832544,0.26603612333016713,0.04846024666035823,0,1,0,0,0,1,False,-1,
39238,2026-04-09 08:45:00,8,1,MARKUP,3,B,158.832018,158.73993566341588,159.0622238414603,0.09208233658412723,0.03212867316823422,1,1,1,0,0,1,True,39241,0.5690619061083447
39250,2026-04-09 09:45:00,9,1,MARKUP,1,C,158.754634,158.62481573968864,159.07917965077843,0.12981826031136734,0.04036852062270872,0,1,0,0,0,1,False,-1,
39262,2026-04-09 10:45:00,10,1,MARKUP,2,C,158.771442,158.6226393450166,159.1434486374585,0.14880265498339895,0.04472130996682211,0,1,1,0,0,1,False,-1,
39274,2026-04-09 11:45:00,11,1,MARKUP,1,C,158.822248,158.62087717810493,159.32567505473767,0.20137082189506827,0.04824564379015218,0,1,0,0,0,1,False,-1,
39289,2026-04-09 13:00:00,13,1,MARKUP,0,C,158.866126,158.69582406105593,159.2918808473602,0.1703019389440783,0.04035187788814626,0,0,0,0,0,1,True,39309,0.9021716385576387
39301,2026-04-09 14:00:00,14,1,MARKUP,1,C,158.897644,158.7491889462975,159.2687816342563,0.14845505370252,0.03562210740502774,0,1,0,0,0,1,True,39309,0.8552025243973561
39316,2026-04-09 15:15:00,15,1,MARKUP,3,B,158.96994999999998,158.86264778836895,159.23820552907756,0.10730221163103693,0.04270442326206517,0,1,1,1,0,1,True,39327,0.6500710802852009
39335,2026-04-09 16:50:00,16,1,MARKUP,3,B,158.946196,158.81368417556052,159.27747556109864,0.13251182443946163,0.05263164887894603,0,1,1,1,1,1,True,39357,-1.0
39347,2026-04-09 17:50:00,17,1,MARKUP,2,C,158.993946,158.8141378664186,159.44346633395347,0.17980813358138903,0.05172426716280022,0,1,1,0,0,1,True,39356,-1.0
39368,2026-04-09 19:35:00,19,-1,MARKDOWN,1,C,159.042588,159.32917508662675,158.3261202834331,0.2865870866267528,0.06435017325347336,0,1,0,0,0,1,False,-1,
39380,2026-04-09 20:35:00,20,-1,MARKDOWN,1,C,159.042588,159.32375218576294,158.3396775355926,0.28116418576294677,0.053504371525911136,0,1,0,0,0,1,True,39397,-0.4069223812753947
39517,2026-04-10 08:00:00,8,1,MARKUP,3,B,159.180582,159.12955079170996,159.30816002072504,0.05103120829002705,0.024898416580056558,0,1,1,1,0,1,False,-1,
39529,2026-04-10 09:00:00,9,1,MARKUP,2,C,159.120118,159.0113026522021,159.39215636949473,0.10881534779790059,0.027394695595838188,0,1,1,0,0,1,False,-1,
39541,2026-04-10 10:00:00,10,1,MARKUP,1,C,159.180094,159.0387206601716,159.533527349571,0.14137333982839095,0.0405586796568114,0,0,1,0,0,1,False,-1,
39553,2026-04-10 11:00:00,11,1,MARKUP,2,C,159.216556,159.09867449206945,159.51125976982638,0.11788150793054797,0.038651015861090765,0,1,1,0,0,1,True,39568,-1.0
39607,2026-04-10 15:30:00,15,-1,MARKDOWN,3,B,159.18080799999998,159.3781227540112,158.68752111497196,0.19731475401121656,0.046245508022408566,0,1,1,0,1,1,True,39613,-1.749448497806722
39619,2026-04-10 16:30:00,16,-1,MARKDOWN,1,C,159.165976,159.3558712618174,158.69123784545647,0.18989526181741212,0.049742523634842786,1,0,0,0,0,1,True,39620,-1.0
39632,2026-04-10 17:35:00,17,-1,MARKDOWN,2,C,159.14311,159.3176875115851,158.7066662210373,0.17457751158508472,0.04737502317013996,1,0,0,1,0,1,True,39633,-1.0
39655,2026-04-10 19:30:00,19,1,MARKUP,2,C,159.06135,158.87658062175902,159.52327344560246,0.18476937824098627,0.044838756481983016,0,1,1,0,0,1,False,-1,
39667,2026-04-10 20:30:00,20,1,MARKUP,1,C,159.155712,159.01685576341052,159.5028525914737,0.13885623658947566,0.03628847317894069,0,1,0,0,0,1,False,-1,
39851,2026-04-13 11:50:00,11,1,MARKUP,3,B,159.71025600000002,159.65132909311373,159.85757326721574,0.05892690688628477,0.03534181377257745,1,1,1,0,0,1,True,39853,-1.0
39866,2026-04-13 13:05:00,13,1,MARKUP,2,C,159.72898800000002,159.70242831601408,159.79538720996487,0.026559683985937,0.027143367971839208,0,1,0,0,1,1,True,39867,-1.0
39878,2026-04-13 14:05:00,14,1,MARKUP,0,C,159.630524,159.54793483378128,159.83699691554682,0.08258916621872459,0.02613033243746878,0,0,0,0,0,1,False,-1,
39890,2026-04-13 15:05:00,15,1,MARKUP,1,C,159.68078,159.5539070116278,159.99796247093047,0.12687298837218464,0.032185976744334634,0,1,0,0,0,1,True,39910,-1.0
39902,2026-04-13 16:05:00,16,1,MARKUP,2,C,159.706736,159.59136412777696,159.99516568055765,0.11537187222305079,0.04127174444605023,0,1,1,0,0,1,True,39909,-1.0
39918,2026-04-13 17:25:00,17,-1,MARKDOWN,1,C,159.740052,159.88694759482408,159.3728130129398,0.14689559482408754,0.0538951896481102,0,1,0,0,0,1,True,39929,1.75
39939,2026-04-13 19:10:00,19,1,MARKUP,2,C,159.74876,159.65582629574104,159.9810942606474,0.09293370425896796,0.04834740851796794,1,1,0,0,0,1,True,39940,-1.0
39951,2026-04-13 20:10:00,20,-1,MARKDOWN,2,C,159.678156,159.87523979126786,159.18544652183036,0.19708379126785758,0.05647958253571936,0,1,1,0,0,1,False,-1,
40093,2026-04-14 08:00:00,8,-1,MARKDOWN,2,C,159.20239,159.3540079976588,158.823345005853,0.15161799765880346,0.032015995317640995,0,1,1,0,0,1,True,40107,1.0149752358053128
40105,2026-04-14 09:00:00,9,-1,MARKDOWN,1,C,159.14925399999998,159.2819648121598,158.81747696960045,0.1327108121598144,0.03392962431963475,1,0,0,0,0,1,True,40106,-1.0
40117,2026-04-14 10:00:00,10,-1,MARKDOWN,2,C,159.14925399999998,159.28892906680238,158.800066332994,0.13967506680239694,0.04785813360477226,0,1,1,0,0,1,True,40133,1.1337834111467324
40129,2026-04-14 11:00:00,11,-1,MARKDOWN,2,C,159.155794,159.31096106550157,158.76787633624602,0.15516706550158688,0.05592213100317815,0,1,1,0,0,1,True,40133,1.0915800494998253
40153,2026-04-14 13:00:00,13,-1,MARKDOWN,1,C,159.119122,159.31095667341017,158.63953531647456,0.19183467341017035,0.05591334682037839,0,1,0,0,0,1,False,-1,
40165,2026-04-14 14:00:00,14,-1,MARKDOWN,2,C,159.09772999999998,159.30841842219976,158.57100894450053,0.21068842219978023,0.05083684439955232,0,1,1,0,0,1,False,-1,
40177,2026-04-14 15:00:00,15,-1,MARKDOWN,0,C,158.99337,159.19843332441175,158.48071168897062,0.20506332441175346,0.054866648823495956,0,0,0,0,0,1,False,-1,
40189,2026-04-14 16:00:00,16,-1,MARKDOWN,1,C,158.981528,159.19901475505216,158.4378111123696,0.21748675505216397,0.05602951010432038,0,1,0,0,0,1,False,-1,
40201,2026-04-14 17:00:00,17,-1,MARKDOWN,1,C,158.933942,159.12291142560596,158.4615184359851,0.1889694256059613,0.05782285121193661,0,0,1,0,0,1,True,40225,1.0141431655827828
40243,2026-04-14 20:30:00,20,-1,MARKDOWN,3,B,158.785928,158.9183955817912,158.45475904552205,0.13246758179118956,0.038791163582376754,0,1,1,1,0,1,True,40254,-1.0
40381,2026-04-15 08:00:00,8,1,MARKUP,0,C,158.884162,158.76026603823283,159.19390190441794,0.12389596176717532,0.025467923534316324,0,0,0,0,0,1,True,40394,0.8470352002790343
40400,2026-04-15 09:35:00,9,1,MARKUP,2,C,158.953996,158.8678993386444,159.16923765338896,0.08609666135558314,0.03620132271118487,0,1,1,0,0,1,True,40406,-1.0
40421,2026-04-15 11:20:00,11,-1,MARKDOWN,2,C,158.883694,159.05713734068468,158.45008564828828,0.1734433406846847,0.05427468136937606,0,1,1,0,0,1,True,40431,-1.0
40442,2026-04-15 13:05:00,13,-1,MARKDOWN,2,C,158.883694,159.05744217539203,158.44932356151992,0.1737481753920349,0.05488435078402277,1,0,1,0,0,1,True,40444,-1.0
40454,2026-04-15 14:05:00,14,1,MARKUP,1,C,158.80132799999998,158.6196801051511,159.25544773712218,0.18164789484887933,0.054639789697785865,0,1,0,0,0,1,False,-1,
40466,2026-04-15 15:05:00,15,1,MARKUP,2,C,158.826158,158.62091298151756,159.33927054620608,0.2052450184824295,0.052174036964834185,0,1,1,0,0,1,False,-1,
40478,2026-04-15 16:05:00,16,1,MARKUP,1,C,158.840674,158.62130316421423,159.38910108946448,0.21937083578578154,0.051393671571514137,0,1,0,0,0,1,False,-1,
40490,2026-04-15 17:05:00,17,1,MARKUP,0,C,158.908036,158.73042257389292,159.35206956526773,0.17761342610708653,0.051154852214160586,0,0,0,0,0,1,True,40505,0.8627932431583107
40520,2026-04-15 19:35:00,19,-1,MARKDOWN,1,C,159.00119999999998,159.18642942744512,158.53812643138713,0.1852294274451367,0.06485885489023477,0,1,0,0,0,1,True,40531,0.9119837260553001
40534,2026-04-15 20:45:00,20,1,MARKUP,2,C,159.074178,159.01949869969872,159.2108762507532,0.05467930030127377,0.04900260060256838,0,1,1,0,0,1,True,40537,-1.0
40703,2026-04-16 10:50:00,10,1,MARKUP,2,C,158.528816,158.23992587167578,159.25104132081057,0.2888901283242262,0.052148256648400775,0,1,1,0,0,1,False,-1,
40715,2026-04-16 11:50:00,11,1,MARKUP,1,C,158.786226,158.59308036355432,159.2690900911142,0.19314563644567784,0.047839272891320214,0,1,0,0,0,1,False,-1,
40729,2026-04-16 13:00:00,13,1,MARKUP,1,C,158.842048,158.68216233985055,159.24176215037363,0.15988566014945604,0.04167532029891186,0,1,0,0,0,1,False,-1,
40741,2026-04-16 14:00:00,14,1,MARKUP,0,C,158.880564,158.70724137259393,159.31387056851514,0.17332262740606552,0.03951725481214603,0,0,0,0,0,1,False,-1,
40754,2026-04-16 15:05:00,15,1,MARKUP,1,C,158.880564,158.7055158290184,159.31818442745399,0.1750481709815972,0.04296834196318952,0,0,1,0,0,1,False,-1,
40766,2026-04-16 16:05:00,16,1,MARKUP,1,C,158.991186,158.88486680657013,159.25698398357468,0.10631919342986862,0.042266386859737375,0,1,0,0,0,1,True,40769,1.75
40778,2026-04-16 17:05:00,17,1,MARKUP,2,C,159.04435,158.85488294455638,159.51801763860908,0.18946705544362885,0.05423411088723108,0,1,0,0,1,1,False,-1,
40790,2026-04-16 18:05:00,18,1,MARKUP,1,C,159.04435,158.85315679025607,159.52233302435985,0.19119320974394327,0.05768641948788089,0,1,0,0,0,1,True,40803,0.9187080524647557
40807,2026-04-16 19:30:00,19,1,MARKUP,3,B,159.07524999999998,158.90336536989668,159.50496157525825,0.1718846301033068,0.05726926020663094,0,1,1,1,0,1,False,-1,
40819,2026-04-16 20:30:00,20,1,MARKUP,2,C,159.109858,158.96449898925965,159.4732555268509,0.14535901074034996,0.047002021480686086,0,1,1,0,0,1,True,40843,0.7915826656886211
40957,2026-04-17 08:00:00,8,1,MARKUP,2,C,159.30285800000001,159.16813633148163,159.63966217129598,0.13472166851838097,0.02572733703676552,0,1,1,0,0,1,False,-1,
40969,2026-04-17 09:00:00,9,1,MARKUP,2,C,159.388714,159.2886862366282,159.6387834084295,0.10002776337179853,0.026627526743613687,0,1,1,0,0,1,True,40978,-1.0
41003,2026-04-17 11:50:00,11,-1,MARKDOWN,1,C,159.389952,159.54926127286737,158.99167881783154,0.15930927286737528,0.040522545734728445,0,1,0,0,0,1,False,-1,
41017,2026-04-17 13:00:00,13,-1,MARKDOWN,1,C,159.33035999999998,159.55025693692025,158.78061765769934,0.21989693692026435,0.04251387384051514,0,1,0,0,0,1,False,-1,
41029,2026-04-17 14:00:00,14,-1,MARKDOWN,0,C,159.32417999999998,159.53641176974378,158.79360057564048,0.21223176974379498,0.03482353948755146,0,0,0,0,0,1,False,-1,
41041,2026-04-17 15:00:00,15,-1,MARKDOWN,2,C,159.242604,159.40621694838273,158.83357162904315,0.16361294838273466,0.03843389676547889,0,1,1,0,0,1,False,-1,
41053,2026-04-17 16:00:00,16,-1,MARKDOWN,3,B,158.902932,159.3224087364784,157.85424015880398,0.41947673647840134,0.09481747295680241,0,1,1,1,1,1,False,-1,
41065,2026-04-17 17:00:00,17,-1,MARKDOWN,2,C,158.780824,159.2958846193892,157.493172451527,0.5150606193892031,0.13776923877838337,0,1,1,0,0,1,False,-1,
41077,2026-04-17 18:00:00,18,-1,MARKDOWN,1,C,158.603576,159.29487896153904,156.8753185961524,0.6913029615390371,0.13575792307805287,0,1,0,0,0,1,False,-1,
41089,2026-04-17 19:00:00,19,-1,MARKDOWN,0,C,158.603576,159.2847174211371,156.9007224471573,0.6811414211370845,0.11543484227418027,0,0,0,0,0,1,False,-1,
41253,2026-04-20 08:40:00,8,1,MARKUP,2,C,158.942222,158.87880260694683,159.10077048263287,0.06341939305315236,0.03439478610633251,0,1,1,0,0,1,True,41256,-1.0
41278,2026-04-20 10:45:00,10,1,MARKUP,3,B,158.882838,158.7721062443618,159.1596673890955,0.11073175563819859,0.06178751127641209,0,1,1,0,1,1,False,-1,
41290,2026-04-20 11:45:00,11,1,MARKUP,1,C,158.86178999999998,158.7030903487022,159.25853912824442,0.15869965129778052,0.05381930259554226,0,1,0,0,0,1,True,41307,-1.0
41305,2026-04-20 13:00:00,13,1,MARKUP,0,C,158.86178999999998,158.70404388138272,159.25615529654317,0.1577461186172684,0.051912237234527064,0,0,0,0,0,1,True,41307,-1.0
41331,2026-04-20 15:10:00,15,1,MARKUP,2,C,158.86178999999998,158.70431004831806,159.2554898792048,0.1574799516819212,0.051379903363865824,0,1,1,0,0,1,True,41339,-1.0
41343,2026-04-20 16:10:00,16,-1,MARKDOWN,2,C,158.954288,159.10349214802199,158.58127762994502,0.1492041480219939,0.05698429604401281,0,1,1,0,0,1,False,-1,
41355,2026-04-20 17:10:00,17,-1,MARKDOWN,0,C,158.850898,159.05883814705842,158.33104763235394,0.207940147058423,0.06367629411685845,0,0,0,0,0,1,True,41363,0.8984878547462973
41367,2026-04-20 18:10:00,18,-1,MARKDOWN,1,C,158.818144,159.01079062726964,158.33652743182586,0.19264662726965298,0.07358125453929279,0,0,1,0,0,1,False,-1,
41379,2026-04-20 19:10:00,19,-1,MARKDOWN,2,C,158.812796,159.00632342558276,158.32897743604306,0.19352742558277214,0.06464685116555677,0,1,1,0,0,1,False,-1,
41391,2026-04-20 20:10:00,20,-1,MARKDOWN,0,C,158.812796,158.99942361208417,158.34622696978954,0.18662761208418033,0.05084722416836654,0,0,0,0,0,1,True,41408,-0.8048326735930755
41564,2026-04-21 10:35:00,10,1,MARKUP,3,B,158.94850399999999,158.90054641127693,159.0683979718076,0.047957588723051,0.04090717744613236,1,1,1,0,0,1,True,41565,-1.0
41576,2026-04-21 11:35:00,11,1,MARKUP,1,C,158.955204,158.76846944377746,159.4220403905564,0.18673455622254664,0.051061112445072276,0,1,0,0,0,1,False,-1,
41593,2026-04-21 13:00:00,13,1,MARKUP,2,C,158.970866,158.7725991541365,159.46653311465877,0.19826684586351462,0.04280169172703096,0,1,1,0,0,1,False,-1,
41605,2026-04-21 14:00:00,14,1,MARKUP,1,C,158.970866,158.77956200786164,159.4491259803459,0.19130399213835858,0.028875984276725476,0,1,0,0,0,1,False,-1,
41624,2026-04-21 15:35:00,15,1,MARKUP,3,B,159.033284,158.87100092778567,159.43899168053585,0.16228307221433624,0.04799814442868253,0,1,1,0,1,1,True,41639,1.2815901243505605
41650,2026-04-21 17:45:00,17,1,MARKUP,2,C,159.19029,159.12574653227625,159.35164866930938,0.06454346772375175,0.0565069354474671,0,1,1,0,0,1,False,-1,
41662,2026-04-21 18:45:00,18,1,MARKUP,1,C,159.179496,158.98714362154888,159.6603769461278,0.19235237845111897,0.057712756902246434,0,1,0,0,0,1,True,41685,0.991568178138524
41674,2026-04-21 19:45:00,19,1,MARKUP,1,C,159.199742,158.99343830197324,159.71550124506683,0.2063036980267441,0.04512339605349144,0,1,0,0,0,1,True,41685,0.9092573668984365
41686,2026-04-21 20:45:00,20,1,MARKUP,1,C,159.24558199999998,158.9814763860587,159.90584603485323,0.2641056139412967,0.06904722788258832,1,0,0,0,0,1,True,41703,0.9605597005280264
41821,2026-04-22 08:00:00,8,1,MARKUP,0,C,159.260478,159.16152451621016,159.5078617094746,0.09895348378984181,0.022950967579694854,0,0,0,0,0,1,True,41824,-1.0
41833,2026-04-22 09:00:00,9,-1,MARKDOWN,1,C,159.287782,159.42063474801822,158.95565012995445,0.1328527480182231,0.03726949603648578,0,1,0,0,0,1,True,41852,0.5
41845,2026-04-22 10:00:00,10,-1,MARKDOWN,1,C,159.287782,159.42158491777735,158.9532747055566,0.1338029177773592,0.039169835554711666,0,1,0,0,0,1,True,41852,0.5
41881,2026-04-22 13:00:00,13,1,MARKUP,2,C,159.205758,159.08730122425075,159.50189993937312,0.11845677574925162,0.03139755149854204,0,1,1,0,0,1,True,41902,0.9037616115923945
41907,2026-04-22 15:10:00,15,-1,MARKDOWN,1,C,159.30324000000002,159.38933597990052,159.08800005024875,0.08609597990050588,0.03467195980104079,0,1,0,0,0,1,True,41911,0.9354989301549552
41924,2026-04-22 16:35:00,16,-1,MARKDOWN,3,B,159.273826,159.40099233688795,158.95591015778018,0.12716633688793877,0.05798467377585408,0,1,1,0,1,1,True,41935,-1.0
41936,2026-04-22 17:35:00,17,-1,MARKDOWN,2,C,159.27259,159.3979237877312,158.959255530672,0.12533378773119352,0.05584757546241881,0,1,0,0,1,1,True,41938,-1.0
41948,2026-04-22 18:35:00,18,1,MARKUP,2,C,159.242206,159.09041525238516,159.62168286903716,0.15179074761485367,0.049169495229713915,0,1,1,0,0,1,False,-1,
41960,2026-04-22 19:35:00,19,1,MARKUP,1,C,159.27353,159.09316369530953,159.72444576172614,0.180366304690466,0.043672609380962,0,1,0,0,0,1,False,-1,
41972,2026-04-22 20:35:00,20,1,MARKUP,1,C,159.27353,159.09514057177967,159.7195035705508,0.17838942822032777,0.039718856440713886,0,1,0,0,0,1,False,-1,
42109,2026-04-23 08:00:00,8,1,MARKUP,2,C,159.51125199999998,159.3890194370522,159.81683340736942,0.1222325629477723,0.025961125895544855,0,1,0,1,0,1,False,-1,
42121,2026-04-23 09:00:00,9,1,MARKUP,0,C,159.44023,159.32600245573545,159.72579886066143,0.1142275442645655,0.025995088529088176,0,0,0,0,0,1,False,-1,
42133,2026-04-23 10:00:00,10,1,MARKUP,2,C,159.523814,159.40291903627366,159.82605140931582,0.1208949637263288,0.030161927452702117,0,1,1,0,0,1,False,-1,
42145,2026-04-23 11:00:00,11,1,MARKUP,2,C,159.57263600000002,159.47858573407981,159.80776166480052,0.09405026592020249,0.03682853184040226,0,1,1,0,0,1,False,-1,
42169,2026-04-23 13:00:00,13,1,MARKUP,2,C,159.603186,159.502784417039,159.85418995740247,0.10040158296098411,0.030431165922000625,0,1,1,0,0,1,True,42190,-1.0
42181,2026-04-23 14:00:00,14,1,MARKUP,1,C,159.630826,159.52038337932632,159.90693255168424,0.11044262067369459,0.03523324134739508,0,1,0,0,0,1,True,42190,-1.0
42206,2026-04-23 16:05:00,16,-1,MARKDOWN,1,C,159.648828,159.80836944644926,159.24997438387686,0.1595414464492535,0.054738892898540094,0,1,0,0,0,1,False,-1,
42218,2026-04-23 17:05:00,17,-1,MARKDOWN,0,C,159.648828,159.80838775830463,159.24992860423845,0.1595597583046242,0.054775516609227984,0,0,0,0,0,1,False,-1,
42230,2026-04-23 18:05:00,18,-1,MARKDOWN,1,C,159.62170600000002,159.80684328780794,159.1588627804802,0.18513728780791894,0.0516865756158867,0,1,0,0,0,1,True,42254,-1.0
42242,2026-04-23 19:05:00,19,-1,MARKDOWN,1,C,159.58530199999998,159.7782934621736,159.10282334456596,0.19299146217360885,0.050586924347217746,0,1,0,0,0,1,True,42254,-1.0
42261,2026-04-23 20:40:00,20,1,MARKUP,2,C,159.514932,159.28461838582487,160.09071603543777,0.23031361417511675,0.05876322835024201,0,1,1,0,0,1,True,42265,0.8708581716465772
42398,2026-04-24 08:05:00,8,1,MARKUP,2,C,159.74003,159.66532278514228,159.92679803714427,0.07470721485771037,0.023354429715440786,0,1,1,0,0,1,True,42410,-1.0
42426,2026-04-24 10:25:00,10,-1,MARKDOWN,2,C,159.75108400000002,159.860107243447,159.47852589138256,0.109023243446984,0.03621448689395665,0,1,0,1,0,1,True,42439,1.75
42438,2026-04-24 11:25:00,11,-1,MARKDOWN,1,C,159.75108400000002,159.86205069282127,159.4736672679469,0.11096669282125049,0.04010138564254115,1,0,0,0,0,1,True,42439,1.75
42465,2026-04-24 13:40:00,13,-1,MARKDOWN,3,B,159.72142000000002,159.8076802401441,159.50576939963986,0.08626024014407108,0.027360480288185454,0,1,1,0,1,1,False,-1,
42477,2026-04-24 14:40:00,14,-1,MARKDOWN,1,C,159.605594,159.79808545436273,159.12436536409314,0.19249145436273807,0.0541709087254939,0,1,0,0,0,1,True,42490,0.7534047928886206
42489,2026-04-24 15:40:00,15,-1,MARKDOWN,1,C,159.605594,159.79703937754428,159.1269805561393,0.1914453775442837,0.05207875508858267,1,0,0,0,0,1,True,42490,0.7547894221908595
42507,2026-04-24 17:10:00,17,-1,MARKDOWN,3,B,159.605594,159.8025360404342,159.11323889891446,0.19694204043420882,0.06307208086841681,0,1,1,0,1,1,False,-1,
42520,2026-04-24 18:15:00,18,-1,MARKDOWN,2,C,159.60250399999998,159.7942306825441,159.12318729363966,0.19172668254412883,0.05646136508822838,0,1,1,0,0,1,False,-1,
42532,2026-04-24 19:15:00,19,-1,MARKDOWN,2,C,159.52411999999998,159.68374764118363,159.12505089704086,0.15962764118364703,0.05949528236728908,0,1,0,1,1,1,False,-1,
42544,2026-04-24 20:15:00,20,-1,MARKDOWN,2,C,159.522592,159.6783860171735,159.13310695706627,0.15579401717349128,0.04877203434702151,0,1,0,1,0,1,False,-1,
42685,2026-04-27 08:00:00,8,-1,MARKDOWN,1,C,159.39919999999998,159.56673951815935,158.98035120460156,0.16753951815937285,0.02947903631873231,0,0,1,0,0,1,True,42696,0.8223056714001575
42713,2026-04-27 10:20:00,10,-1,MARKDOWN,3,B,159.273746,159.37012379389225,159.03280151526934,0.09637779389225898,0.04224758778450757,0,1,1,0,1,1,False,-1,
42725,2026-04-27 11:20:00,11,-1,MARKDOWN,1,C,159.35150199999998,159.5047376081154,158.96841297971145,0.15323560811540915,0.04747521623081435,0,1,0,0,0,1,False,-1,
42745,2026-04-27 13:00:00,13,-1,MARKDOWN,0,C,159.33393,159.497587735993,158.92478566001756,0.1636577359929845,0.033175471985986846,0,0,0,0,0,1,False,-1,
42757,2026-04-27 14:00:00,14,-1,MARKDOWN,2,C,159.33393,159.4972572168634,158.9256119578415,0.1633272168633937,0.03251443372684182,0,1,1,0,0,1,False,-1,
42771,2026-04-27 15:10:00,15,-1,MARKDOWN,3,B,159.225162,159.3224132871883,158.98203378202925,0.09725128718829978,0.034826574376630566,0,1,1,0,1,1,True,42780,0.7530421777590488
42800,2026-04-27 17:35:00,17,-1,MARKDOWN,3,B,159.21006,159.296935207929,158.99287198017748,0.08687520792901182,0.043870415858009236,0,1,1,1,1,1,True,42804,-1.0
42817,2026-04-27 19:00:00,19,1,MARKUP,2,C,159.18483799999998,159.08345207648793,159.43830280878012,0.10138592351205489,0.04309584702410926,0,1,0,1,0,1,False,-1,
42829,2026-04-27 20:00:00,20,1,MARKUP,2,C,159.227476,159.08766808781843,159.5769957804539,0.13980791218156696,0.03666382436310912,0,1,1,0,0,1,False,-1,
42973,2026-04-28 08:00:00,8,-1,MARKDOWN,1,C,159.33798000000002,159.5987501168631,158.6860547078423,0.2607701168630854,0.055500233726210046,0,1,0,0,0,1,True,42996,-1.0
42985,2026-04-28 09:00:00,9,-1,MARKDOWN,1,C,159.33798000000002,159.59825828383745,158.6872842904064,0.2602782838374367,0.05451656767490085,0,0,1,0,0,1,True,42996,-1.0
43009,2026-04-28 11:00:00,11,1,MARKUP,2,C,159.237186,158.924575551695,160.01871212076253,0.3126104483050085,0.072848896610038,0,1,1,0,0,1,False,-1,
43033,2026-04-28 13:00:00,13,1,MARKUP,2,C,159.28321,159.00353656060702,159.98239359848245,0.2796734393929796,0.05892687878596072,0,1,1,0,0,1,False,-1,
43045,2026-04-28 14:00:00,14,1,MARKUP,2,C,159.28321,159.01023827403512,159.9656393149122,0.2729717259648794,0.045523451929758284,0,1,1,0,0,1,False,-1,
43057,2026-04-28 15:00:00,15,1,MARKUP,1,C,159.46664,159.24737929274562,160.01479176813598,0.21926070725439217,0.04124141450875113,0,1,0,0,0,1,True,43068,0.8700620069640796
43072,2026-04-28 16:15:00,16,1,MARKUP,2,C,159.55872200000002,159.38719276770559,159.98754508073608,0.17152923229443218,0.05961446458883724,1,0,1,0,0,1,True,43074,0.704624348313257
43090,2026-04-28 17:45:00,17,1,MARKUP,3,B,159.605072,159.46217128696443,159.96232378258895,0.14290071303557283,0.05965742607112458,0,1,1,0,1,1,True,43098,-0.2734206091069545
43261,2026-04-29 08:00:00,8,1,MARKUP,2,C,159.575154,159.5112231217356,159.73498119566096,0.06393087826438659,0.015553756528806155,0,1,1,0,0,1,False,-1,
43273,2026-04-29 09:00:00,9,1,MARKUP,1,C,159.615828,159.5467911652727,159.7884200868182,0.06903683472728517,0.02041766945454524,0,1,0,0,0,1,True,43283,0.6291434131178715
43288,2026-04-29 10:15:00,10,1,MARKUP,2,C,159.640266,159.56280077613053,159.83392905967366,0.07746522386946708,0.030398447738918595,0,1,1,0,0,1,True,43291,1.75
43300,2026-04-29 11:15:00,11,1,MARKUP,2,C,159.645828,159.5692751497553,159.83721012561173,0.07655285024469549,0.03544970048939588,0,1,1,0,0,1,False,-1,
43321,2026-04-29 13:00:00,13,1,MARKUP,1,C,159.694916,159.59004310644488,159.95709823388782,0.1048728935551253,0.027913787110290144,0,1,0,0,0,1,False,-1,
43333,2026-04-29 14:00:00,14,1,MARKUP,1,C,159.694916,159.5906371048099,159.95561323797529,0.10427889519010591,0.02672579038020227,0,0,1,0,0,1,False,-1,
43345,2026-04-29 15:00:00,15,1,MARKUP,1,C,159.70862400000001,159.607979696823,159.96023475794254,0.10064430317700612,0.024040606354014338,0,1,0,0,0,1,False,-1,
43357,2026-04-29 16:00:00,16,1,MARKUP,1,C,159.800162,159.67470834468864,160.11379613827842,0.125453655311361,0.028583310622714544,0,1,0,0,0,1,False,-1,
43369,2026-04-29 17:00:00,17,1,MARKUP,2,C,159.91472000000002,159.72134207180457,160.39816482048863,0.19337792819544575,0.0353158563908673,0,1,1,0,0,1,False,-1,
43381,2026-04-29 18:00:00,18,1,MARKUP,2,C,159.91472000000002,159.71305225421295,160.41888936446767,0.2016677457870628,0.051895491574086405,0,1,1,0,0,1,False,-1,
43393,2026-04-29 19:00:00,19,1,MARKUP,1,C,159.982864,159.7456244115533,160.57596297111675,0.23723958844669824,0.05275117689337036,0,1,0,0,0,1,False,-1,
43405,2026-04-29 20:00:00,20,1,MARKUP,2,C,160.018842,159.792906042646,160.58368189338503,0.22593595735401095,0.04618791470798621,0,1,1,0,0,1,False,-1,
43549,2026-04-30 08:00:00,8,1,MARKUP,1,C,160.26891,160.0556321806324,160.80210454841904,0.2132778193676188,0.040735638735231644,0,1,0,0,0,1,False,-1,
43561,2026-04-30 09:00:00,9,1,MARKUP,2,C,160.38872,160.19035741798913,160.8846264550272,0.19836258201087276,0.04528516402169318,0,1,1,0,0,1,True,43584,-1.0
43573,2026-04-30 10:00:00,10,1,MARKUP,0,C,160.419944,160.20772697695784,160.95048655760536,0.21221702304214318,0.04854604608430779,0,0,0,0,0,1,True,43584,-1.0
43591,2026-04-30 11:30:00,11,-1,MARKDOWN,2,C,160.36491999999998,160.777618857632,159.33317285591994,0.41269885763202296,0.1072377152640359,0,1,0,1,0,1,False,-1,
43609,2026-04-30 13:00:00,13,-1,MARKDOWN,2,C,160.15138199999998,160.7803770000679,158.57889449983023,0.6289950000679028,0.11275400013578178,0,1,1,0,0,1,False,-1,
43621,2026-04-30 14:00:00,14,-1,MARKDOWN,2,C,159.243368,160.88041163255534,155.15075891861167,1.6370436325553328,0.31282326511069,0,1,0,0,1,1,False,-1,
43633,2026-04-30 15:00:00,15,-1,MARKDOWN,2,C,158.668844,160.7954624660368,153.352297834908,2.1266184660368026,0.38892493207363804,0,1,0,1,0,1,False,-1,
43645,2026-04-30 16:00:00,16,-1,MARKDOWN,0,C,158.359226,160.2312855761376,153.67907705965604,1.8720595761375876,0.2625711522751938,0,0,0,0,0,1,False,-1,
43657,2026-04-30 17:00:00,17,-1,MARKDOWN,1,C,158.000786,159.63314963734337,153.9198769066416,1.63236363734336,0.226299274686716,0,0,1,0,0,1,False,-1,
43670,2026-04-30 18:05:00,18,-1,MARKDOWN,0,C,157.84628600000002,159.35430008412752,154.0762507896813,1.5080140841274954,0.16860016825501944,0,0,0,0,0,1,False,-1,
43682,2026-04-30 19:05:00,19,-1,MARKDOWN,4,A,156.73265,157.52628905265172,154.74855236837072,0.793639052651713,0.11657810530344241,1,1,1,0,1,1,True,43686,-0.6909312214007715
43696,2026-04-30 20:15:00,20,-1,MARKDOWN,2,C,156.764672,157.1560398050898,155.78625248727548,0.39136780508979996,0.09207961017954178,0,1,1,0,0,1,False,-1,
43837,2026-05-01 08:00:00,8,1,MARKUP,1,C,157.12197,156.96597416300096,157.5119595924976,0.15599583699903974,0.056051673998061366,0,1,0,0,0,1,True,43856,-1.0
43849,2026-05-01 09:00:00,9,1,MARKUP,1,C,157.16708400000002,157.04169462056703,157.4805574485825,0.12538937943298833,0.05061075886598093,0,1,0,0,0,1,True,43856,-1.0
43861,2026-05-01 10:00:00,10,-1,MARKDOWN,2,C,156.627648,157.42889908298324,154.6245202925419,0.8012510829832422,0.19979816596648178,0,1,0,1,0,1,True,43862,-0.04536904944283739
43873,2026-05-01 11:00:00,11,-1,MARKDOWN,2,C,156.609108,157.39586024580427,154.6422273854893,0.7867522458042799,0.19372049160850469,1,0,0,1,0,1,True,43888,-0.4091402366077218
43944,2026-05-01 16:55:00,16,-1,MARKDOWN,2,C,156.599324,156.81067439587486,156.07094801031286,0.2113503958748595,0.10334879174971826,0,1,1,0,0,1,True,43953,-1.0
43975,2026-05-01 19:30:00,19,1,MARKUP,2,C,156.559504,156.30006634013662,157.20809814965844,0.2594376598633801,0.08186731972674678,0,1,1,0,0,1,False,-1,
43987,2026-05-01 20:30:00,20,1,MARKUP,2,C,156.58471600000001,156.30994114745621,157.27165313135953,0.27477485254379985,0.06211770508758817,0,1,1,0,0,1,False,-1,
44169,2026-05-04 11:40:00,11,1,MARKUP,2,C,156.441456,155.953306012178,157.66183096955498,0.48814998782199837,0.05338797564399347,0,1,1,0,0,1,False,-1,
44185,2026-05-04 13:00:00,13,1,MARKUP,2,C,156.741302,156.50272220101766,157.33775149745583,0.23857979898232884,0.0485555979646772,0,1,1,0,0,1,False,-1,
44197,2026-05-04 14:00:00,14,1,MARKUP,2,C,156.91454000000002,156.70065309991065,157.4492572502234,0.2138869000893635,0.0686938001787287,0,1,1,0,0,1,False,-1,
44209,2026-05-04 15:00:00,15,1,MARKUP,1,C,156.965216,156.79200844965575,157.39823487586062,0.1732075503442445,0.04998310068848949,0,1,0,0,0,1,False,-1,
44221,2026-05-04 16:00:00,16,1,MARKUP,0,C,157.007858,156.85785648504574,157.38286178738565,0.15000151495425484,0.05628702990853117,0,0,0,0,0,1,True,44223,0.5779941551268053
44234,2026-05-04 17:05:00,17,1,MARKUP,3,B,157.014656,156.86859207076782,157.37981582308046,0.14606392923218436,0.056815858464364134,0,1,1,0,1,1,True,44239,1.0895664932878493
44249,2026-05-04 18:20:00,18,1,MARKUP,3,B,157.038308,156.88973795355483,157.40973311611293,0.14857004644517247,0.07252409289030509,0,1,1,0,1,1,False,-1,
44261,2026-05-04 19:20:00,19,1,MARKUP,1,C,157.06924999999998,156.88831978012075,157.52157554969807,0.18093021987922953,0.07536043975847906,0,1,0,0,0,1,False,-1,
44273,2026-05-04 20:20:00,20,1,MARKUP,1,C,157.06924999999998,156.8980708903183,157.49719777420415,0.17117910968167394,0.05585821936338321,0,1,0,0,0,1,True,44292,-1.0
44413,2026-05-05 08:00:00,8,1,MARKUP,1,C,157.21957,157.15768611363967,157.37427971590085,0.06188388636033437,0.02062777272064981,0,1,0,0,0,1,True,44419,0.6360045159406208
44425,2026-05-05 09:00:00,9,1,MARKUP,0,C,157.232548,157.1743747306722,157.37798117331948,0.05817326932779565,0.02925053865555321,0,0,0,0,0,1,True,44432,-1.0
44451,2026-05-05 11:10:00,11,1,MARKUP,2,C,157.24614400000002,157.18949446445646,157.3877678388589,0.05664953554355634,0.043011071087095544,0,1,1,0,0,1,True,44454,2.5
44473,2026-05-05 13:00:00,13,1,MARKUP,1,C,157.38603799999999,157.0253755442976,158.28769413925596,0.3606624557023963,0.10324891140480641,0,1,0,0,0,1,False,-1,
44485,2026-05-05 14:00:00,14,1,MARKUP,2,C,157.38603799999999,157.03498618404524,158.26366753988685,0.3510518159547473,0.08402763190952083,0,1,1,0,0,1,False,-1,
44497,2026-05-05 15:00:00,15,1,MARKUP,2,C,157.38603799999999,157.04358430179275,158.24217224551808,0.3424536982072368,0.06683139641447562,0,1,1,0,0,1,False,-1,
44509,2026-05-05 16:00:00,16,1,MARKUP,1,C,157.476266,157.192459753162,158.18578161709502,0.2838062468379974,0.06108049367598386,0,1,0,0,0,1,False,-1,
44521,2026-05-05 17:00:00,17,1,MARKUP,1,C,157.39713,157.0961792944966,158.1495067637585,0.3009507055033964,0.05564141100677958,0,1,0,0,0,1,False,-1,
44549,2026-05-05 19:20:00,19,1,MARKUP,3,B,157.71849,157.62248811415677,157.9584947146081,0.09600188584323632,0.04302377168650211,0,1,1,0,1,1,False,-1,
44561,2026-05-05 20:20:00,20,1,MARKUP,2,C,157.714196,157.59066691333112,158.02301871667214,0.1235290866688672,0.034666173337760994,0,1,1,0,0,1,False,-1,
44701,2026-05-06 08:00:00,8,-1,MARKDOWN,1,C,156.799862,158.03531224610956,153.71123638472608,1.2354502461095649,0.28662449221912795,0,1,0,0,0,1,False,-1,
44713,2026-05-06 09:00:00,9,-1,MARKDOWN,0,C,156.799862,157.98072471172404,153.84770522068987,1.1808627117240462,0.17744942344808348,0,0,0,0,0,1,False,-1,
44725,2026-05-06 10:00:00,10,-1,MARKDOWN,0,C,156.799862,157.94837594351856,153.92857714120356,1.1485139435185658,0.11275188703712473,0,0,0,0,0,1,False,-1,
44737,2026-05-06 11:00:00,11,-1,MARKDOWN,0,C,156.799862,157.97181337526885,153.86998356182784,1.1719513752688613,0.1596267505376905,0,0,0,0,0,1,False,-1,
44761,2026-05-06 13:00:00,13,-1,MARKDOWN,2,C,156.24564800000002,156.61889576447277,155.31252858881814,0.373247764472751,0.10779152894556715,0,1,1,0,0,1,False,-1,
44774,2026-05-06 14:05:00,14,-1,MARKDOWN,1,C,156.202864,156.61789427092674,155.16528832268318,0.41503027092673506,0.1057885418535135,0,1,0,0,0,1,True,44786,-0.45330669394280726
44847,2026-05-06 20:10:00,20,1,MARKUP,2,C,156.216316,156.0211023109176,156.704350222706,0.19521368908240788,0.05579537816484313,0,1,1,0,0,1,False,-1,
44998,2026-05-07 08:45:00,8,1,MARKUP,0,C,156.179384,156.0004643199007,156.6266832002483,0.17891968009931247,0.04307136019860364,0,0,0,0,0,1,True,45009,0.900974113483208
45013,2026-05-07 10:00:00,10,-1,MARKDOWN,2,C,156.308322,156.46597666924262,155.91418532689346,0.15765466924261773,0.0639533384852322,0,1,1,0,0,1,True,45036,-1.0
45028,2026-05-07 11:15:00,11,-1,MARKDOWN,3,B,156.276234,156.46449823404876,155.80557341487804,0.18826423404877346,0.060996468097524764,1,0,1,0,1,1,True,45030,-1.0
45049,2026-05-07 13:00:00,13,1,MARKUP,1,C,156.173418,155.99743136647135,156.61338458382164,0.17598663352865174,0.04713726705725243,0,1,0,0,0,1,False,-1,
45061,2026-05-07 14:00:00,14,1,MARKUP,2,C,156.173418,156.00049113533737,156.60573516165658,0.17292686466262808,0.0410177293252472,0,1,1,0,0,1,False,-1,
45073,2026-05-07 15:00:00,15,1,MARKUP,1,C,156.19289999999998,156.0005659347645,156.67373516308868,0.19233406523548524,0.040868130471001164,0,1,0,0,0,1,False,-1,
45094,2026-05-07 16:45:00,16,1,MARKUP,3,B,156.343074,156.23755229027566,156.60687827431087,0.10552170972434283,0.05289541944867543,0,1,1,1,1,1,True,45096,-1.0
45113,2026-05-07 18:20:00,18,1,MARKUP,3,B,156.357906,156.26157769316023,156.59872676709946,0.09632830683978,0.05284461367957794,0,1,1,0,1,1,False,-1,
45125,2026-05-07 19:20:00,19,1,MARKUP,1,C,156.34295600000002,156.14252316078012,156.84403809804977,0.20043283921989996,0.05095367843980789,0,1,0,0,0,1,False,-1,
45137,2026-05-07 20:20:00,20,1,MARKUP,1,C,156.375426,156.14552069660718,156.95018925848206,0.229905303392826,0.04495860678566943,0,1,0,0,0,1,False,-1,
45307,2026-05-08 10:30:00,10,-1,MARKDOWN,1,C,156.865792,156.9802354148037,156.57968346299074,0.11444341480370213,0.04247082960738247,0,0,1,0,0,1,False,-1,
45319,2026-05-08 11:30:00,11,-1,MARKDOWN,3,B,156.81634200000002,156.91976257912077,156.55779055219813,0.1034205791207512,0.03952515824153319,0,1,1,0,1,1,False,-1,
45337,2026-05-08 13:00:00,13,-1,MARKDOWN,1,C,156.787208,156.9031265457054,156.4974116357365,0.11591854570539795,0.036253091410810706,0,1,0,0,0,1,False,-1,
45367,2026-05-08 15:30:00,15,-1,MARKDOWN,2,C,156.728738,156.88322200804598,156.34252797988503,0.1544840080459835,0.04844401609194412,0,1,1,0,0,1,False,-1,
45379,2026-05-08 16:30:00,16,-1,MARKDOWN,2,C,156.68166,156.85705097979215,156.2431825505196,0.17539097979215512,0.06810195958427535,0,1,1,0,0,1,False,-1,
45391,2026-05-08 17:30:00,17,-1,MARKDOWN,2,C,156.67440200000001,156.8515260256352,156.23159193591206,0.17712402563518026,0.05705205127039759,0,1,1,0,0,1,False,-1,
45403,2026-05-08 18:30:00,18,-1,MARKDOWN,1,C,156.67440200000001,156.84969647219808,156.23616581950486,0.17529447219806116,0.05339294439613506,0,0,1,0,0,1,True,45416,0.8303750339499902
45565,2026-05-11 08:00:00,8,1,MARKUP,0,C,156.962498,156.81883455473127,157.32165661317185,0.14366344526874286,0.02833089053745506,0,0,0,0,0,1,False,-1,
45577,2026-05-11 09:00:00,9,1,MARKUP,1,C,157.018736,156.91096949574106,157.28815226064734,0.10776650425893308,0.02606100851789023,0,1,0,0,0,1,True,45584,0.743484013376844
45625,2026-05-11 13:00:00,13,1,MARKUP,2,C,157.029984,156.93423312231715,157.26936119420716,0.09575087768286039,0.029533755365694237,0,1,1,0,0,1,False,-1,
45637,2026-05-11 14:00:00,14,1,MARKUP,2,C,157.029984,156.93448912931876,157.26872117670314,0.09549487068125018,0.02902174136247478,0,1,1,0,0,1,False,-1,
45649,2026-05-11 15:00:00,15,1,MARKUP,2,C,157.029984,156.93560876487052,157.26592208782375,0.09437523512949042,0.02678247025897231,0,1,1,0,0,1,True,45669,1.1344312039720985
45661,2026-05-11 16:00:00,16,1,MARKUP,1,C,157.029984,156.9341576501559,157.2695498746103,0.09582634984411698,0.02968469968820909,0,1,0,0,0,1,True,45669,1.1248239043410495
45683,2026-05-11 17:50:00,17,-1,MARKDOWN,2,C,157.098734,157.1789781521572,156.898123619607,0.08024415215720637,0.03595630431440583,0,1,1,0,0,1,True,45702,-1.0
45695,2026-05-11 18:50:00,18,-1,MARKDOWN,2,C,157.08220599999999,157.1639964348803,156.87772991279923,0.08179043488030402,0.03599286976058077,0,1,1,0,0,1,True,45700,-1.0
45707,2026-05-11 19:50:00,19,1,MARKUP,3,B,157.045086,156.96446781491997,157.24663146270007,0.08061818508002716,0.029064370160104307,0,1,1,1,0,1,False,-1,
45719,2026-05-11 20:50:00,20,1,MARKUP,0,C,157.06762400000002,156.96538410661668,157.32322373345838,0.1022398933833415,0.027231786766672327,0,0,0,0,0,1,False,-1,
45853,2026-05-12 08:00:00,8,1,MARKUP,2,C,157.4058,157.2385025479137,157.82404363021575,0.1672974520863022,0.028994904172576955,0,1,1,0,0,1,True,45864,-1.0
45895,2026-05-12 11:30:00,11,1,MARKUP,3,B,157.626636,157.5170592012013,157.9005779969967,0.10957679879868465,0.06788159759738928,1,1,1,0,0,1,True,45896,-1.0
45923,2026-05-12 13:50:00,13,1,MARKUP,1,C,157.11245,156.7188489073735,158.09645273156622,0.3936010926264828,0.042302185252993466,0,0,1,0,0,1,False,-1,
45936,2026-05-12 14:55:00,14,1,MARKUP,2,C,157.494432,157.36996722611792,157.80559393470514,0.12446477388206745,0.03806554776417182,0,1,1,0,0,1,True,45949,0.8835304321127333
45952,2026-05-12 16:15:00,16,1,MARKUP,2,C,157.595166,157.52567440925472,157.76889497686324,0.06949159074528666,0.05265118149057412,0,1,1,0,0,1,True,45953,0.5
45964,2026-05-12 17:15:00,17,1,MARKUP,2,C,157.553288,157.45990317374145,157.7867500656464,0.09338482625855704,0.046193652517076945,0,1,1,0,0,1,False,-1,
45976,2026-05-12 18:15:00,18,1,MARKUP,2,C,157.56704,157.4597151057487,157.83535223562822,0.10732489425129188,0.04656978850260273,0,1,1,0,0,1,False,-1,
45988,2026-05-12 19:15:00,19,1,MARKUP,1,C,157.585758,157.46414054843274,157.88980162891815,0.12161745156726056,0.03771890313454522,0,1,0,0,0,1,False,-1,
46000,2026-05-12 20:15:00,20,1,MARKUP,2,C,157.590724,157.46731485688596,157.89924685778507,0.1234091431140314,0.0313702862281054,0,1,1,0,0,1,True,46020,0.7809260062042823
46141,2026-05-13 08:00:00,8,1,MARKUP,1,C,157.690536,157.62150338807342,157.86311752981646,0.0690326119265876,0.02499322385311833,0,1,0,0,0,1,True,46152,0.8130670635703485
46156,2026-05-13 09:15:00,9,1,MARKUP,2,C,157.662906,157.58019957958408,157.8696720510398,0.08270642041591714,0.025600840831846692,0,1,1,0,0,1,False,-1,
46168,2026-05-13 10:15:00,10,1,MARKUP,1,C,157.688738,157.61330070417876,157.87733123955311,0.0754372958212457,0.029398591642455802,0,0,1,0,0,1,True,46169,1.1367656343800188
46180,2026-05-13 11:15:00,11,1,MARKUP,1,C,157.711658,157.61031153177703,157.96502417055743,0.101346468222971,0.035376936445903416,0,1,0,0,0,1,False,-1,
46201,2026-05-13 13:00:00,13,1,MARKUP,0,C,157.76165799999998,157.66084708471072,158.01368528822314,0.10081091528925867,0.03430583057856994,0,0,0,0,0,1,True,46219,0.7192557683798119
46213,2026-05-13 14:00:00,14,1,MARKUP,0,C,157.76165799999998,157.66273259170393,158.00897152074012,0.09892540829605423,0.030534816592118607,0,0,0,0,0,1,True,46219,0.7234347583046585
46231,2026-05-13 15:30:00,15,1,MARKUP,3,B,157.777108,157.68690016644612,158.0026275838847,0.09020783355387607,0.03219966710776112,0,1,1,1,0,1,True,46245,0.7154080292244043
46258,2026-05-13 17:45:00,17,1,MARKUP,3,B,157.800918,157.72803472177714,157.98312619555713,0.07288327822286078,0.03193055644574809,0,1,1,1,0,1,True,46268,1.074054784349497
46271,2026-05-13 18:50:00,18,1,MARKUP,2,C,157.802446,157.72716091487564,157.9906587128109,0.0752850851243636,0.03367817024873599,0,0,1,1,0,1,True,46277,1.0455927225831398
46283,2026-05-13 19:50:00,19,1,MARKUP,3,B,157.80739,157.73403959985427,157.99076600036432,0.07335040014572769,0.03592080029150463,0,1,1,1,0,1,False,-1,
46295,2026-05-13 20:50:00,20,1,MARKUP,2,C,157.809794,157.7331498422503,158.00140439437428,0.0766441577497119,0.025700315499416836,0,1,1,0,0,1,False,-1,
46489,2026-05-14 13:00:00,13,1,MARKUP,2,C,157.862862,157.79570884754568,158.03074488113583,0.06715315245432407,0.026582304908639887,0,1,1,0,0,1,False,-1,
46501,2026-05-14 14:00:00,14,1,MARKUP,2,C,157.86477200000002,157.79576181770574,158.0372974557357,0.06901018229427791,0.026476364588521286,0,1,1,0,0,1,False,-1,
46513,2026-05-14 15:00:00,15,1,MARKUP,1,C,157.886704,157.8082630203009,158.08280644924778,0.0784409796991099,0.025473959398206573,0,1,0,0,0,1,True,46518,0.8479235465514079
46525,2026-05-14 16:00:00,16,1,MARKUP,3,B,157.90709800000002,157.84034366435887,158.07398383910288,0.06675433564114996,0.027312671282293203,0,1,1,0,1,1,True,46533,-1.0
46547,2026-05-14 17:50:00,17,1,MARKUP,2,C,157.794874,157.51987910251512,158.48236124371218,0.2749948974848735,0.08624179496972394,0,1,1,0,0,1,False,-1,
46559,2026-05-14 18:50:00,18,1,MARKUP,1,C,157.62744,157.24461544364323,158.58450139089194,0.3828245563567805,0.06276911271354124,0,1,0,0,0,1,False,-1,
46571,2026-05-14 19:50:00,19,1,MARKUP,1,C,157.63049600000002,157.2537661382828,158.5723206542931,0.376729861717223,0.044467723434429424,0,1,0,0,0,1,False,-1,
46583,2026-05-14 20:50:00,20,1,MARKUP,2,C,157.63049600000002,157.25979336745843,158.55725258135402,0.37070263254159386,0.03241326508316668,0,1,1,0,0,1,False,-1,
46717,2026-05-15 08:00:00,8,1,MARKUP,2,C,158.426466,158.3144234658211,158.70657233544725,0.11204253417889731,0.02315306835775178,0,1,1,0,0,1,False,-1,
46729,2026-05-15 09:00:00,9,1,MARKUP,2,C,158.519972,158.40915905643922,158.79700435890192,0.11081294356077365,0.03368188712151489,0,1,1,0,0,1,True,46735,-1.0
46764,2026-05-15 11:55:00,11,1,MARKUP,3,B,158.552254,158.4541288615311,158.79756684617226,0.0981251384689017,0.04574227693778142,1,1,1,0,0,1,True,46765,-1.0
46795,2026-05-15 14:30:00,14,1,MARKUP,2,C,158.447882,158.32791192110338,158.7478071972415,0.11997007889661404,0.04817615779325137,0,1,1,0,0,1,False,-1,
46807,2026-05-15 15:30:00,15,1,MARKUP,2,C,158.453444,158.34181715548746,158.73251111128133,0.11162684451252858,0.03836568902504574,0,1,1,0,0,1,False,-1,
46819,2026-05-15 16:30:00,16,1,MARKUP,2,C,158.422588,158.2776873283943,158.7848396790142,0.14490067160568287,0.03462534321137607,0,1,1,0,0,1,False,-1,
46831,2026-05-15 17:30:00,17,1,MARKUP,2,C,158.46689999999998,158.27265155665626,158.9525211083593,0.19424844334372438,0.04469688668748005,0,1,1,0,0,1,False,-1,
46843,2026-05-15 18:30:00,18,1,MARKUP,2,C,158.46689999999998,158.27176259416234,158.9547435145941,0.1951374058376416,0.046474811675291515,0,1,1,0,0,1,False,-1,
46855,2026-05-15 19:30:00,19,1,MARKUP,1,C,158.600152,158.49157968577936,158.87158278555165,0.10857231422065183,0.036840628441287715,0,1,0,0,0,1,False,-1,
46867,2026-05-15 20:30:00,20,1,MARKUP,1,C,158.611894,158.5136888889113,158.85740677772176,0.09820511108870278,0.030622222177400134,0,0,1,0,0,1,False,-1,
47005,2026-05-18 08:00:00,8,1,MARKUP,2,C,158.909612,158.78863872631527,159.21204518421186,0.12097327368473998,0.03872254736944389,0,1,1,0,0,1,True,47012,-1.0
47074,2026-05-18 13:45:00,13,1,MARKUP,2,C,158.893154,158.8235318450411,159.06720938739733,0.0696221549589211,0.026936309917805046,0,1,0,1,0,1,True,47083,-1.0
47089,2026-05-18 15:00:00,15,-1,MARKDOWN,3,B,158.87054600000002,159.00867954961345,158.52521212596645,0.13813354961342839,0.049359099226848835,0,1,1,1,0,1,False,-1,
47101,2026-05-18 16:00:00,16,-1,MARKDOWN,2,C,158.82621,158.98603101071885,158.4266574732029,0.15982101071884358,0.05606202143772011,0,1,0,0,1,1,True,47113,-1.0
47113,2026-05-18 17:00:00,17,-1,MARKDOWN,2,C,158.82621,158.98889542831174,158.41949642922066,0.1626854283117325,0.06179085662347756,1,0,0,0,1,1,True,47114,-1.0
47147,2026-05-18 19:50:00,19,1,MARKUP,2,C,158.739824,158.58992992691316,159.1145591827171,0.14989407308684122,0.046140146173711254,0,1,1,0,0,1,False,-1,
47159,2026-05-18 20:50:00,20,1,MARKUP,2,C,158.76265600000002,158.6275798768265,159.10034630793382,0.13507612317351914,0.034840246347005166,0,1,1,0,0,1,False,-1,
47293,2026-05-19 08:00:00,8,1,MARKUP,2,C,158.936536,158.8689317262644,159.10554668433895,0.06760427373558286,0.0221365474711872,0,1,1,0,0,1,False,-1,
47305,2026-05-19 09:00:00,9,1,MARKUP,3,B,158.95112,158.87699335467946,159.13643661330138,0.07412664532054691,0.026013290641078896,0,1,1,1,0,1,False,-1,
47317,2026-05-19 10:00:00,10,1,MARKUP,2,C,159.000984,158.9030085690369,159.24592257740773,0.09797543096308914,0.033982861926172024,0,1,1,0,0,1,False,-1,
47329,2026-05-19 11:00:00,11,1,MARKUP,1,C,159.00594999999998,158.90070841673568,159.26905395816073,0.10524158326430211,0.03858316652860172,1,0,0,0,0,1,False,-1,
47353,2026-05-19 13:00:00,13,1,MARKUP,1,C,159.036186,158.93445865652626,159.2905043586843,0.10172734347372625,0.03308268694748206,0,1,0,0,0,1,False,-1,
47365,2026-05-19 14:00:00,14,1,MARKUP,2,C,159.06985,158.98550787247592,159.2807053188102,0.08434212752408143,0.03498425504813707,0,1,0,0,1,1,True,47385,-1.0
47377,2026-05-19 15:00:00,15,1,MARKUP,1,C,159.06985,158.9885079425623,159.27320514359423,0.08134205743769485,0.028984114875360466,0,0,1,0,0,1,True,47385,-1.0
47390,2026-05-19 16:05:00,16,1,MARKUP,3,B,159.09642399999998,159.01361799146406,159.30343902133978,0.08280600853592546,0.06476401707187154,0,1,1,0,1,1,True,47397,-1.0
47403,2026-05-19 17:10:00,17,1,MARKUP,2,C,158.862516,158.62305558948609,159.46116702628478,0.23946041051391376,0.06788882102782548,0,1,1,0,0,1,True,47427,0.5
47415,2026-05-19 18:10:00,18,1,MARKUP,2,C,158.88390800000002,158.62226649773407,159.53801175566488,0.2616415022659453,0.06946700453187579,0,1,1,0,0,1,True,47427,0.776222419765565
47431,2026-05-19 19:30:00,19,-1,MARKDOWN,2,C,158.957966,159.18518385345683,158.3899213663579,0.22721785345683543,0.08236770691365575,0,1,1,0,0,1,True,47453,0.048262052621139945
47443,2026-05-19 20:30:00,20,-1,MARKDOWN,1,C,158.94993200000002,159.1604047638106,158.4237500904736,0.21047276381057145,0.05880952762118308,0,1,0,0,0,1,True,47453,0.013930543538898556
47584,2026-05-20 08:15:00,8,-1,MARKDOWN,1,C,158.987478,159.10662496824528,158.68961057938682,0.11914696824527482,0.031249936490550977,0,0,1,0,0,1,True,47592,-0.9779686526318677
47598,2026-05-20 09:25:00,9,-1,MARKDOWN,2,C,158.987478,159.10733323813523,158.68783990466198,0.11985523813521581,0.03266647627045306,0,1,1,0,0,1,True,47602,-1.0
47619,2026-05-20 11:10:00,11,1,MARKUP,2,C,158.925814,158.80294960148493,159.23297499628768,0.1228643985150768,0.03410079703015036,0,1,1,0,0,1,False,-1,
47641,2026-05-20 13:00:00,13,1,MARKUP,2,C,158.96024200000002,158.85708652074374,159.21813069814073,0.10315547925628721,0.029826958512574546,0,1,1,0,0,1,True,47650,0.8605812832495545
47654,2026-05-20 14:05:00,14,1,MARKUP,2,C,158.96024200000002,158.8571589983841,159.2179495040398,0.10308300161591433,0.02968200323178615,0,1,1,0,0,1,False,-1,
47682,2026-05-20 16:25:00,16,1,MARKUP,3,B,159.025998,158.9792112900563,159.1429647748592,0.04678670994368872,0.025577419887382297,0,1,1,1,0,1,True,47692,-1.0
47699,2026-05-20 17:50:00,17,-1,MARKDOWN,3,B,159.024132,159.19912458436485,158.58665053908788,0.1749925843648441,0.06424916872971678,0,1,1,1,0,1,False,-1,
47711,2026-05-20 18:50:00,18,-1,MARKDOWN,1,C,158.94735,159.20817693939833,158.29528265150418,0.2608269393983278,0.08235387879667426,0,1,0,0,0,1,False,-1,
47723,2026-05-20 19:50:00,19,-1,MARKDOWN,0,C,158.94735,159.19823113818762,158.32014715453096,0.2508811381876228,0.062462276375252014,0,0,0,0,0,1,True,47737,0.3362149925233478
47869,2026-05-21 08:00:00,8,1,MARKUP,1,C,158.884108,158.79891296803586,159.09709557991033,0.08519503196413325,0.022174063928287014,0,1,0,0,0,1,False,-1,
47881,2026-05-21 09:00:00,9,1,MARKUP,2,C,158.902062,158.79767254922348,159.1630356269413,0.10438945077652306,0.024654901553050834,0,1,1,0,0,1,False,-1,
47893,2026-05-21 10:00:00,10,1,MARKUP,2,C,158.94077000000001,158.83784767469848,159.19807581325387,0.10292232530153456,0.02630465060303673,0,1,1,0,0,1,True,47907,1.1566655483681971
47934,2026-05-21 13:25:00,13,1,MARKUP,2,C,159.026436,158.97305821270308,159.15988046824225,0.05337778729690967,0.03188357459385452,0,1,1,0,0,1,False,-1,
47946,2026-05-21 14:25:00,14,1,MARKUP,1,C,158.992152,158.88501184247178,159.26000239382057,0.10714015752822093,0.03397631505641551,0,1,0,0,0,1,False,-1,
47958,2026-05-21 15:25:00,15,1,MARKUP,2,C,159.01086999999998,158.88642325334047,159.32198686664879,0.12444674665951538,0.031153493319060428,0,1,1,0,0,1,False,-1,
47970,2026-05-21 16:25:00,16,1,MARKUP,1,C,159.050812,158.89062140275237,159.45128849311908,0.16019059724763451,0.04075719449528231,0,1,0,0,0,1,False,-1,
47982,2026-05-21 17:25:00,17,1,MARKUP,0,C,159.07717,158.88518881294448,159.5571229676388,0.19198118705551792,0.05162237411102724,0,0,0,0,0,1,False,-1,
47994,2026-05-21 18:25:00,18,1,MARKUP,3,B,159.158128,159.01634118200914,159.51259504497716,0.14178681799086235,0.05131763598173955,1,0,1,0,1,1,True,48001,-1.0
48023,2026-05-21 20:50:00,20,-1,MARKDOWN,3,B,159.145068,159.37340414545253,158.57422763636873,0.22833614545251635,0.05480829090506537,0,1,1,0,1,1,False,-1,
48157,2026-05-22 08:00:00,8,1,MARKUP,3,B,159.063346,159.0162048724348,159.181198818913,0.047141127565197394,0.015590255130403142,1,1,1,0,0,1,True,48158,0.9367509268469258
48169,2026-05-22 09:00:00,9,1,MARKUP,2,C,159.054098,158.99147167166845,159.21066382082893,0.0626263283315609,0.019056656663126125,0,1,1,0,0,1,False,-1,
48181,2026-05-22 10:00:00,10,1,MARKUP,1,C,159.054098,158.99009211814032,159.2141127046492,0.06400588185968559,0.02181576371933166,0,1,0,0,0,1,True,48197,0.6452295254238645
48193,2026-05-22 11:00:00,11,1,MARKUP,1,C,159.063278,159.0032818631382,159.2132683421545,0.05999613686179828,0.02143627372364656,0,1,0,0,0,1,True,48197,0.5784307805961596
48222,2026-05-22 13:25:00,13,1,MARKUP,3,B,159.0852,159.035842882593,159.20859279351748,0.04935711740699844,0.022314234814019698,0,1,1,0,1,1,True,48243,0.5
48234,2026-05-22 14:25:00,14,1,MARKUP,2,C,159.0852,159.03835932296474,159.2023016925881,0.046840677035248746,0.01728135407049734,0,1,0,0,1,1,True,48243,0.5
48246,2026-05-22 15:25:00,15,1,MARKUP,2,C,159.086346,159.03453111602215,159.2158832099446,0.05181488397784051,0.024937767955717928,0,1,1,0,0,1,True,48252,-1.0
48262,2026-05-22 16:45:00,16,1,MARKUP,2,C,159.093762,159.03984978097336,159.2285425475666,0.05391221902664256,0.038300438053261145,0,1,1,0,0,1,True,48264,-1.0
48274,2026-05-22 17:45:00,17,1,MARKUP,2,C,159.061434,158.97042618290388,159.28895354274027,0.09100781709611283,0.03914763419227309,0,1,0,0,1,1,False,-1,
48286,2026-05-22 18:45:00,18,1,MARKUP,2,C,159.075568,158.9717926162914,159.33500645927154,0.10377538370860862,0.03641476741723876,0,1,1,0,0,1,True,48307,0.9396689043158735
48298,2026-05-22 19:45:00,19,1,MARKUP,1,C,159.083208,158.97451341743573,159.35494445641072,0.10869458256428288,0.030973165128533747,0,1,0,0,0,1,True,48307,0.8846264299823206
48310,2026-05-22 20:45:00,20,1,MARKUP,1,C,159.083208,158.97324135342473,159.35812461643823,0.10996664657528754,0.03351729315054253,0,0,1,0,0,1,False,-1,
48475,2026-05-25 10:30:00,10,1,MARKUP,2,C,158.912456,158.81916922509626,159.14567293725932,0.09328677490373138,0.027661549807486235,0,1,0,0,1,1,True,48488,0.0487100128040563
48487,2026-05-25 11:30:00,11,1,MARKUP,2,C,158.919872,158.83291241531816,159.1372709617046,0.08695958468183562,0.024175169363675773,1,0,0,0,1,1,True,48488,-0.033026836667911834
48517,2026-05-25 14:00:00,14,1,MARKUP,3,B,158.947682,158.88157011076459,159.1129617230885,0.06611188923540112,0.01685977847079739,1,1,1,0,0,1,True,48518,-1.0
48534,2026-05-25 15:25:00,15,-1,MARKDOWN,1,C,158.975048,159.03697939627028,158.82021950932426,0.06193139627029609,0.0199587925405739,0,1,0,0,0,1,False,-1,
48546,2026-05-25 16:25:00,16,-1,MARKDOWN,0,C,158.930058,158.9695217912605,158.83139852184877,0.039463791260487824,0.017043582520945087,0,0,0,0,0,1,True,48565,0.6277845545890581
48558,2026-05-25 17:25:00,17,-1,MARKDOWN,1,C,158.930058,158.96818578188166,158.83473854529586,0.038127781881655665,0.014371563763290277,0,0,1,0,0,1,True,48565,0.6322621652701823
48571,2026-05-25 18:30:00,18,-1,MARKDOWN,2,C,158.930058,158.97092505956678,158.82789035108306,0.04086705956677861,0.019850119133513748,0,1,1,0,0,1,False,-1,
48586,2026-05-25 19:45:00,19,-1,MARKDOWN,2,C,158.918316,158.9500822507755,158.83890037306128,0.031766250775490334,0.01616450155099105,0,1,1,0,0,1,False,-1,
48598,2026-05-25 20:45:00,20,-1,MARKDOWN,0,C,158.924552,158.95598288626002,158.84597478434998,0.03143088626001145,0.013965772519986893,0,0,0,0,0,1,False,-1,
48733,2026-05-26 08:00:00,8,1,MARKUP,3,B,158.950492,158.90057497537165,159.07528456157087,0.04991702462834269,0.018850049256706896,0,1,1,0,1,1,False,-1,
48745,2026-05-26 09:00:00,9,1,MARKUP,3,B,158.962334,158.90131879721343,159.1148720069664,0.061015202786563805,0.017362405573127515,0,1,1,0,1,1,False,-1,
48757,2026-05-26 10:00:00,10,1,MARKUP,2,C,159.006264,158.89637907816922,159.2809763045769,0.10988492183076914,0.02724184366155729,0,1,1,0,0,1,False,-1,
48769,2026-05-26 11:00:00,11,1,MARKUP,2,C,159.027274,158.89683906953132,159.3533613261717,0.13043493046868093,0.026321860937323516,0,1,1,0,0,1,False,-1,
48793,2026-05-26 13:00:00,13,1,MARKUP,1,C,159.080792,158.97300579749086,159.35025750627287,0.10778620250914628,0.019988405018287785,0,0,1,0,0,1,False,-1,
48813,2026-05-26 14:40:00,14,1,MARKUP,3,B,159.13703,159.06443549192264,159.31851627019344,0.07259450807737267,0.019129016154765782,0,1,1,0,1,1,False,-1,
48825,2026-05-26 15:40:00,15,1,MARKUP,3,B,159.193886,159.15664853468377,159.28697966329054,0.03723746531622396,0.018702930632475873,0,1,1,0,1,1,False,-1,
48837,2026-05-26 16:40:00,16,1,MARKUP,1,C,159.175996,159.0972446538881,159.3728743652797,0.07875134611188628,0.021510692223785575,0,1,0,0,0,1,False,-1,
48849,2026-05-26 17:40:00,17,1,MARKUP,2,C,159.181726,159.09566343022917,159.39688242442708,0.08606256977083149,0.024673139541676017,0,1,1,0,0,1,False,-1,
48861,2026-05-26 18:40:00,18,1,MARKUP,2,C,159.226972,159.11945692388707,159.49575969028228,0.107515076112918,0.027086152225895357,0,1,1,0,0,1,False,-1,
48873,2026-05-26 19:40:00,19,1,MARKUP,2,C,159.260344,159.1742335083037,159.47562022924075,0.08611049169630292,0.02553298339264714,0,1,1,0,0,1,False,-1,
48885,2026-05-26 20:40:00,20,1,MARKUP,2,C,159.266524,159.1865464072473,159.46646798188175,0.079977592752698,0.02090718550537516,0,1,1,0,0,1,False,-1,
49033,2026-05-27 09:00:00,9,1,MARKUP,2,C,159.260816,159.1787497595278,159.46598160118054,0.08206624047221567,0.020500480944395133,0,1,1,0,0,1,False,-1,
49045,2026-05-27 10:00:00,10,1,MARKUP,1,C,159.260816,159.17642249646653,159.4717997588337,0.08439350353347663,0.02515500706693091,0,1,0,0,0,1,False,-1,
49057,2026-05-27 11:00:00,11,1,MARKUP,0,C,159.260816,159.17580565845032,159.47334185387422,0.08501034154969034,0.026388683099355034,0,0,0,0,0,1,False,-1,
49081,2026-05-27 13:00:00,13,1,MARKUP,1,C,159.317928,159.22810431191485,159.54248722021288,0.08982368808514707,0.02379137617034668,0,0,1,0,0,1,False,-1,
49093,2026-05-27 14:00:00,14,1,MARKUP,2,C,159.353772,159.28837775874888,159.51725760312777,0.06539424125111282,0.019244482502272543,0,1,0,0,1,1,True,49108,0.6062148320370029
49105,2026-05-27 15:00:00,15,1,MARKUP,1,C,159.36000800000002,159.29516873446647,159.52210616383388,0.0648392655335499,0.019662531067043888,0,1,0,0,0,1,True,49108,0.5590358067624736
49117,2026-05-27 16:00:00,16,1,MARKUP,3,B,159.367424,159.29687237567947,159.54380306080134,0.07055162432052953,0.04025524864106809,0,1,1,1,0,1,False,-1,
49130,2026-05-27 17:05:00,17,1,MARKUP,3,B,159.367424,159.30204905912956,159.5308613521761,0.06537494087044138,0.029901881740898556,0,1,1,1,0,1,False,-1,
49142,2026-05-27 18:05:00,18,1,MARKUP,1,C,159.35678000000001,159.22778783765972,159.67926040585075,0.1289921623402961,0.03642432468059932,0,1,0,0,0,1,False,-1,
49154,2026-05-27 19:05:00,19,1,MARKUP,2,C,159.35678000000001,159.2291858489692,159.67576537757708,0.12759415103082006,0.0336283020616177,0,1,1,0,0,1,False,-1,
49166,2026-05-27 20:05:00,20,1,MARKUP,2,C,159.360218,159.233846288459,159.6761472788525,0.12637171154099747,0.024307423082009318,0,1,1,0,0,1,False,-1,
49333,2026-05-28 10:00:00,10,-1,MARKDOWN,2,C,159.572634,159.6657143151767,159.3399332120582,0.09308031517670656,0.023428630353426155,0,1,1,0,0,1,False,-1,
49345,2026-05-28 11:00:00,11,-1,MARKDOWN,2,C,159.572634,159.6664424743411,159.33811281414722,0.09380847434110251,0.024884948682224742,0,1,1,0,0,1,False,-1,
49369,2026-05-28 13:00:00,13,-1,MARKDOWN,2,C,159.502982,159.59086948451753,159.2832632887062,0.08788748451752326,0.023738969035045198,0,1,0,0,1,1,False,-1,
49381,2026-05-28 14:00:00,14,-1,MARKDOWN,2,C,159.482824,159.5614771307151,159.28619117321222,0.07865313071511082,0.028954261430234825,0,1,1,0,0,1,False,-1,
49395,2026-05-28 15:10:00,15,-1,MARKDOWN,3,B,159.470464,159.53923018135185,159.29854854662034,0.06876618135186163,0.024460362703730535,0,1,1,0,1,1,True,49417,2.5
49407,2026-05-28 16:10:00,16,-1,MARKDOWN,1,C,159.446016,159.54331921127616,159.20275797180955,0.09730321127617003,0.0326384225523539,0,1,0,0,0,1,True,49416,2.5
49419,2026-05-28 17:10:00,17,-1,MARKDOWN,2,C,159.37510799999998,159.51634733900707,159.02200965248227,0.14123933900708607,0.048694678014148146,0,1,1,0,0,1,False,-1,
49431,2026-05-28 18:10:00,18,-1,MARKDOWN,3,B,159.37472599999998,159.52056303571695,159.01013341070757,0.1458370357169656,0.05712607143391803,0,1,1,1,0,1,False,-1,
49443,2026-05-28 19:10:00,19,-1,MARKDOWN,2,C,159.37396199999998,159.5131853805801,159.02590354854968,0.13922338058011974,0.04237076116022092,0,1,1,0,0,1,False,-1,
49455,2026-05-28 20:10:00,20,-1,MARKDOWN,1,C,159.34645799999998,159.51226224675477,158.93194738311303,0.16580424675478866,0.04052449350954062,0,1,0,0,0,1,False,-1,
49597,2026-05-29 08:00:00,8,1,MARKUP,0,C,159.297042,159.2379210471333,159.44484438216674,0.05912095286669228,0.018157905733424545,0,0,0,0,0,1,True,49599,-1.0
49622,2026-05-29 10:05:00,10,-1,MARKDOWN,1,C,159.309622,159.3912937052687,159.1054427368282,0.08167170526871814,0.026587410537438655,0,1,0,0,0,1,True,49629,0.757998274571541
49634,2026-05-29 11:05:00,11,-1,MARKDOWN,2,C,159.309622,159.39282656063955,159.1016105984011,0.08320456063955817,0.029653121279126525,0,1,1,0,0,1,True,49643,1.75
49684,2026-05-29 15:15:00,15,-1,MARKDOWN,3,B,159.277508,159.32862127047315,159.14972482381717,0.05111327047313807,0.02124254094628761,0,1,1,1,1,1,True,49687,-1.0
49708,2026-05-29 17:15:00,17,1,MARKUP,3,B,159.28093,159.2239323762475,159.42342405938132,0.056997623752522486,0.026135247505005794,0,1,1,0,1,1,True,49715,-1.0
49720,2026-05-29 18:15:00,18,-1,MARKDOWN,2,C,159.258826,159.37951521961827,158.95710295095432,0.12068921961827073,0.04503043923655306,0,1,0,1,0,1,False,-1,
49732,2026-05-29 19:15:00,19,-1,MARKDOWN,2,C,159.258826,159.3765497686822,158.9645165782945,0.1177237686821968,0.03909953736438159,1,0,0,1,0,1,True,49751,-1.0
49744,2026-05-29 20:15:00,20,-1,MARKDOWN,0,C,159.258826,159.37200081222704,158.9758889694324,0.11317481222704373,0.030001624454114313,0,0,0,0,0,1,True,49751,-1.0
49892,2026-06-01 08:35:00,8,1,MARKUP,3,B,159.454504,159.42130606031373,159.53749884921564,0.033197939686260725,0.01138787937254991,0,1,1,1,0,1,True,49897,0.7448160233701058
49904,2026-06-01 09:35:00,9,1,MARKUP,2,C,159.45674,159.42284393367584,159.5414801658104,0.033896066324160756,0.014312132648341105,0,1,0,1,0,1,True,49908,-1.0
49917,2026-06-01 10:40:00,10,1,MARKUP,3,B,159.45674,159.41945922078452,159.54994194803868,0.03728077921547879,0.021081558430977317,0,1,1,1,1,1,True,49923,0.6829977601586126
49945,2026-06-01 13:00:00,13,1,MARKUP,3,B,159.45674,159.4227053632669,159.54182659183272,0.03403463673308238,0.014589273466187486,1,1,1,0,0,1,True,49947,0.7004516500911837
49966,2026-06-01 14:45:00,14,1,MARKUP,2,C,159.439414,159.4037187006797,159.52865224830077,0.03569529932030946,0.012562598640594327,0,1,1,0,0,1,True,49977,1.75
49978,2026-06-01 15:45:00,15,1,MARKUP,3,B,159.46201,159.43218304241972,159.53657739395067,0.02982695758026921,0.017633915160537767,1,0,1,0,1,1,True,49979,1.75
49990,2026-06-01 16:45:00,16,1,MARKUP,2,C,159.549836,159.41816440138055,159.87901499654862,0.1316715986194481,0.03567119723891609,0,1,1,0,0,1,False,-1,
50002,2026-06-01 17:45:00,17,1,MARKUP,2,C,159.561296,159.41848060649875,159.91833448375314,0.14281539350125172,0.035038787002492744,0,1,1,0,0,1,False,-1,
50014,2026-06-01 18:45:00,18,1,MARKUP,1,C,159.561296,159.4180898175485,159.91931145612875,0.1432061824515074,0.035820364903016905,0,0,1,0,0,1,False,-1,
50033,2026-06-01 20:20:00,20,1,MARKUP,2,C,159.561296,159.42089171652876,159.9123067086781,0.14040428347124134,0.030216566942486495,0,1,1,0,0,1,False,-1,
50173,2026-06-02 08:00:00,8,1,MARKUP,2,C,159.674144,159.6338529216115,159.7748716959713,0.04029107838852042,0.01029415677702408,0,1,1,0,0,1,False,-1,
50185,2026-06-02 09:00:00,9,1,MARKUP,1,C,159.67911,159.63330729963505,159.7936167509124,0.04580270036495904,0.01138540072990172,0,1,0,0,0,1,True,50209,0.9381876215199436
50197,2026-06-02 10:00:00,10,1,MARKUP,3,B,159.707684,159.67484617156478,159.78977857108805,0.03283782843521976,0.018307656870450773,0,1,1,0,1,1,True,50199,-1.0
50214,2026-06-02 11:25:00,11,1,MARKUP,2,C,159.71015599999998,159.67748656365362,159.79182959086592,0.03266943634636732,0.021026872692747077,0,1,1,0,0,1,True,50215,0.6391874743082355
50233,2026-06-02 13:00:00,13,1,MARKUP,2,C,159.693672,159.64834790006162,159.80698224984593,0.0453240999383695,0.01730419987680134,0,1,1,0,0,1,False,-1,
50245,2026-06-02 14:00:00,14,1,MARKUP,2,C,159.693672,159.64956391582615,159.8039422104346,0.0441080841738426,0.014872168347738697,0,1,1,0,0,1,False,-1,
50257,2026-06-02 15:00:00,15,1,MARKUP,2,C,159.693672,159.6503953753558,159.80186356161047,0.04327662464419291,0.01320924928844472,0,1,1,0,0,1,False,-1,
50269,2026-06-02 16:00:00,16,1,MARKUP,1,C,159.707424,159.64975590849983,159.85159422875046,0.05766809150017593,0.014488183000394755,0,1,0,0,0,1,False,-1,
50281,2026-06-02 17:00:00,17,1,MARKUP,1,C,159.761412,159.68794782451732,159.94507243870672,0.07346417548268391,0.020104350965377434,0,1,0,0,0,1,False,-1,
50293,2026-06-02 18:00:00,18,1,MARKUP,2,C,159.773412,159.6990914930441,159.95921326738977,0.07432050695589965,0.02181701391182497,0,1,1,0,0,1,False,-1,
50305,2026-06-02 19:00:00,19,1,MARKUP,2,C,159.787052,159.70579393693495,159.99019715766258,0.08125806306503591,0.020412126130108597,0,1,1,0,0,1,False,-1,
50317,2026-06-02 20:00:00,20,1,MARKUP,1,C,159.81598400000001,159.72570928920882,160.04167077697798,0.09027471079119209,0.01858142158238934,0,1,0,0,0,1,False,-1,
50475,2026-06-03 09:10:00,9,1,MARKUP,2,C,159.87062600000002,159.80785603337694,160.02755091655771,0.06276996662307965,0.016287933246159673,0,1,1,0,0,1,True,50491,-1.0
50487,2026-06-03 10:10:00,10,1,MARKUP,0,C,159.90021000000002,159.82971118575156,160.07645703562116,0.07049881424845239,0.022577628496871248,0,0,0,0,0,1,True,50491,-1.0
50499,2026-06-03 11:10:00,11,-1,MARKDOWN,2,C,159.827538,160.02761871160965,159.3273362209759,0.2000807116096439,0.06323742321929418,0,1,0,1,0,1,True,50509,-1.0
50559,2026-06-03 16:10:00,16,1,MARKUP,2,C,159.58283,159.35186272167235,160.16024819581912,0.23096727832765396,0.03027455665529423,0,1,1,0,0,1,False,-1,
50571,2026-06-03 17:10:00,17,1,MARKUP,1,C,159.791532,159.65161576505955,160.1413225873511,0.13991623494044347,0.030768469880901147,0,1,0,0,0,1,False,-1,
50583,2026-06-03 18:10:00,18,1,MARKUP,1,C,159.86351200000001,159.76491416070934,160.1100065982267,0.09859783929067589,0.03217167858136151,0,1,0,0,0,1,False,-1,
50595,2026-06-03 19:10:00,19,1,MARKUP,2,C,159.882702,159.7668166643605,160.17241533909873,0.11588533563949,0.032366671278988686,0,1,1,0,0,1,False,-1,
50607,2026-06-03 20:10:00,20,1,MARKUP,2,C,159.902534,159.79655446409035,160.16748283977415,0.10597953590965403,0.03089107181933557,0,1,1,0,0,1,False,-1,
50768,2026-06-04 09:35:00,9,-1,MARKDOWN,2,C,159.845166,160.0097377546692,159.43373661332703,0.16457175466919693,0.033475509338412306,1,0,1,0,0,1,True,50769,-0.7463856738168096
50821,2026-06-04 14:00:00,14,-1,MARKDOWN,3,B,159.883856,159.9298352455322,159.76890788616956,0.04597924553218036,0.021670491064339346,0,1,1,0,1,1,False,-1,
50833,2026-06-04 15:00:00,15,-1,MARKDOWN,2,C,159.861004,159.94388722531644,159.65379593670892,0.08288322531643644,0.029774450632912255,0,1,0,0,1,1,True,50835,-1.0
50864,2026-06-04 17:35:00,17,1,MARKUP,2,C,159.83962400000001,159.73805170123285,160.09355474691793,0.10157229876716656,0.025896597534292506,0,1,1,0,0,1,False,-1,
50876,2026-06-04 18:35:00,18,1,MARKUP,1,C,159.857578,159.73920385725256,160.15351335686856,0.11837414274742741,0.0235922854948879,0,1,0,0,0,1,False,-1,
50888,2026-06-04 19:35:00,19,1,MARKUP,1,C,159.857578,159.74003127929478,160.151444801763,0.11754672070520655,0.02193744141045846,0,0,1,0,0,1,False,-1,
50900,2026-06-04 20:35:00,20,1,MARKUP,1,C,159.901456,159.81354224785926,160.12124038035182,0.08791375214073582,0.016915504281465977,0,1,0,0,0,1,False,-1,
51039,2026-06-05 08:10:00,8,-1,MARKDOWN,4,A,159.961564,160.00418318824742,159.8550160293815,0.042619188247414286,0.010366376494840316,1,1,1,1,0,1,True,51048,0.804208094402627
51053,2026-06-05 09:20:00,9,-1,MARKDOWN,2,C,159.965732,160.00076465794106,159.87815035514734,0.03503265794105914,0.013529315882116567,0,0,1,0,1,1,True,51054,0.9295735158619305
51065,2026-06-05 10:20:00,10,-1,MARKDOWN,3,B,159.965732,160.00120810741845,159.8770417314539,0.035476107418446645,0.014416214836903602,0,1,1,0,1,1,False,-1,
51077,2026-06-05 11:20:00,11,-1,MARKDOWN,2,C,159.953878,159.98838379036465,159.86761352408837,0.03450579036464774,0.014767580729308989,0,1,1,0,0,1,True,51085,0.880274851427624
51099,2026-06-05 13:10:00,13,-1,MARKDOWN,3,B,159.942968,159.9799162739192,159.85059731520204,0.03694827391919375,0.01583254783840122,1,0,1,1,0,1,False,-1,
51111,2026-06-05 14:10:00,14,-1,MARKDOWN,1,C,159.93926,159.97336720518504,159.85399198703738,0.034107205185051725,0.014734410370048709,0,1,0,0,0,1,True,51127,-1.0
51123,2026-06-05 15:10:00,15,-1,MARKDOWN,2,C,159.911486,159.96933610953957,159.76686072615107,0.05785010953957226,0.01867221907914919,0,1,0,0,1,1,True,51127,-1.0
51135,2026-06-05 16:10:00,16,1,MARKUP,2,C,159.937314,159.6968944894195,160.5383627764512,0.2404195105804945,0.0782110211609969,0,1,1,0,0,1,False,-1,
51147,2026-06-05 17:10:00,17,1,MARKUP,3,B,159.937314,159.6992076088212,160.5325799779469,0.23810639117877486,0.07358478235755309,0,1,1,0,1,1,False,-1,
51159,2026-06-05 18:10:00,18,1,MARKUP,3,B,159.94800999999998,159.70869023504855,160.54630941237855,0.23931976495143203,0.054619529902884045,0,1,1,0,1,1,False,-1,
51171,2026-06-05 19:10:00,19,1,MARKUP,2,C,159.95183,159.71488828618436,160.54418428453909,0.23694171381563933,0.04222342763123358,0,1,1,0,0,1,False,-1,
51183,2026-06-05 20:10:00,20,1,MARKUP,2,C,159.967874,159.7193220675001,160.58925383124978,0.24855193249990748,0.03335586499980051,0,1,1,0,0,1,False,-1,
51351,2026-06-08 10:10:00,10,-1,MARKDOWN,2,C,160.301174,160.41169080754685,160.0248819811329,0.11051680754684412,0.03538161509366855,0,1,1,0,0,1,False,-1,
51363,2026-06-08 11:10:00,11,-1,MARKDOWN,2,C,160.299938,160.40883052923746,160.02770667690635,0.1088925292374654,0.033661058474959246,0,1,1,0,0,1,False,-1,
51385,2026-06-08 13:00:00,13,-1,MARKDOWN,2,C,160.156764,160.3692830029107,159.62546649272332,0.21251900291068182,0.04456600582133886,0,1,0,1,0,1,False,-1,
51397,2026-06-08 14:00:00,14,-1,MARKDOWN,0,C,160.153674,160.3627790229068,159.63091144273295,0.20910502290681166,0.04155804581357639,0,0,0,0,0,1,False,-1,
51409,2026-06-08 15:00:00,15,-1,MARKDOWN,1,C,160.10299799999999,160.27790265308167,159.66573636729578,0.17490465308168268,0.03580530616333097,0,1,0,0,0,1,False,-1,
51421,2026-06-08 16:00:00,16,-1,MARKDOWN,0,C,160.092492,160.25853606270405,159.67738184323986,0.16604406270406002,0.0310721254081063,0,0,0,0,0,1,True,51435,-1.0
51469,2026-06-08 20:00:00,20,1,MARKUP,2,C,160.025016,159.90110341626774,160.33479745933062,0.123912583732249,0.02779316746448731,0,1,1,0,0,1,False,-1,
51626,2026-06-09 09:05:00,9,-1,MARKDOWN,2,C,160.192442,160.269724826922,159.99923493269503,0.07728282692198718,0.02544965384394198,0,1,1,0,0,1,True,51638,-0.7447708927379416
51642,2026-06-09 10:25:00,10,-1,MARKDOWN,2,C,160.179454,160.27077811613628,159.95114370965928,0.09132411613629188,0.02755623227257988,1,0,1,0,0,1,True,51643,-1.1119297322129704
51716,2026-06-09 16:35:00,16,1,MARKUP,2,C,160.177324,160.13776068930866,160.27623227672834,0.03956331069133512,0.01647862138262013,0,1,1,0,0,1,True,51718,0.5
51728,2026-06-09 17:35:00,17,1,MARKUP,3,B,160.177324,160.1340097608229,160.28560959794277,0.04331423917710708,0.023980478354192956,0,1,1,0,1,1,False,-1,
51740,2026-06-09 18:35:00,18,1,MARKUP,2,C,160.206356,160.13335620740168,160.3888554814958,0.07299979259832412,0.025287585196614355,0,1,1,0,0,1,False,-1,
51752,2026-06-09 19:35:00,19,1,MARKUP,2,C,160.259398,160.1313731731028,160.57946006724305,0.12802482689721728,0.03525365379443547,0,1,1,0,0,1,False,-1,
51764,2026-06-09 20:35:00,20,1,MARKUP,1,C,160.262836,160.1309610027839,160.59252349304023,0.13187499721610152,0.03607799443219401,0,0,1,0,0,1,False,-1,
51914,2026-06-10 09:05:00,9,1,MARKUP,2,C,160.35583,160.32383433990327,160.4358191502418,0.03199566009672594,0.014331320193408183,0,1,1,0,0,1,True,51915,0.6060700846053787
51926,2026-06-10 10:05:00,10,1,MARKUP,2,C,160.353212,160.31920585491565,160.4382273627109,0.03400614508436206,0.017588290168717314,0,1,1,0,0,1,True,51928,0.9955573477604935
51938,2026-06-10 11:05:00,11,1,MARKUP,3,B,160.360088,160.3200980477394,160.46006288065144,0.03998995226058355,0.015803904521218735,0,1,1,0,1,1,False,-1,
51961,2026-06-10 13:00:00,13,1,MARKUP,2,C,160.384918,160.31932842958756,160.5488919260311,0.06558957041244184,0.0173431408248737,0,1,1,0,0,1,False,-1,
51973,2026-06-10 14:00:00,14,1,MARKUP,2,C,160.406254,160.32224629634837,160.61627325912906,0.08400770365162202,0.017507407303255916,0,1,1,0,0,1,True,51991,0.804508922051115
51985,2026-06-10 15:00:00,15,1,MARKUP,2,C,160.418996,160.3397022776836,160.61723030579094,0.07929372231637899,0.02259544463275494,0,1,1,0,0,1,True,51991,-1.0
52020,2026-06-10 17:55:00,17,1,MARKUP,3,B,160.47646999999998,160.42783162124832,160.59806594687913,0.04863837875166155,0.03233675750334692,1,1,1,0,0,1,True,52021,0.5
52032,2026-06-10 18:55:00,18,1,MARKUP,1,C,160.40331,160.30964597994154,160.6374700501462,0.09366402005846908,0.03070804011688643,0,1,0,0,0,1,False,-1,
52044,2026-06-10 19:55:00,19,1,MARKUP,1,C,160.40331,160.31276270892698,160.62967822768258,0.0905472910730225,0.02447458214603663,0,1,0,0,0,1,False,-1,
52056,2026-06-10 20:55:00,20,1,MARKUP,1,C,160.41916400000002,160.3307914623794,160.64009534405156,0.08837253762061437,0.02241707524118613,0,1,0,0,0,1,False,-1,
52198,2026-06-11 08:45:00,8,1,MARKUP,2,C,160.52698800000002,160.5077951470817,160.5749701322958,0.019192852918308745,0.01240970583662531,0,1,1,0,0,1,True,52214,-1.0
52210,2026-06-11 09:45:00,9,1,MARKUP,1,C,160.518548,160.46726970322908,160.64674374192734,0.05127829677093132,0.015460593541817304,0,1,0,0,0,1,True,52214,0.7986055577650706
52251,2026-06-11 13:10:00,13,1,MARKUP,3,B,160.530908,160.48833365950895,160.63734385122766,0.04257434049105768,0.013332680982094336,0,1,1,0,1,1,True,52255,0.714495029240543
52276,2026-06-11 15:15:00,15,1,MARKUP,2,C,160.517538,160.4884463477805,160.59026713054877,0.02909165221950616,0.013107304439043599,0,1,1,0,0,1,True,52291,-1.0
52288,2026-06-11 16:15:00,16,1,MARKUP,3,B,160.540616,160.49577792903733,160.65271117740667,0.04483807096266901,0.02244414192534763,1,0,1,0,1,1,True,52290,-1.0
52300,2026-06-11 17:15:00,17,-1,MARKDOWN,1,C,160.543048,160.60771880294172,160.3813709926457,0.06467080294171978,0.025437605883424086,0,1,0,0,0,1,True,52302,0.7126375370888439
52312,2026-06-11 18:15:00,18,-1,MARKDOWN,3,B,160.543048,160.60714440186527,160.3828069953368,0.06409640186527099,0.024288803730551707,0,1,1,0,1,1,True,52324,1.75
52338,2026-06-11 20:25:00,20,-1,MARKDOWN,2,C,160.520892,160.60729717182147,160.30487907044633,0.08640517182146823,0.024594343642928833,0,1,1,0,0,1,False,-1,
52477,2026-06-12 08:00:00,8,1,MARKUP,1,C,160.19576,160.11686865495653,160.3929883626087,0.0788913450434734,0.020262690086935962,0,0,1,0,0,1,False,-1,
52489,2026-06-12 09:00:00,9,1,MARKUP,1,C,160.231692,160.1424039233362,160.45491219165956,0.08928807666381999,0.021192153327613435,0,1,0,0,0,1,True,52513,-1.0
52501,2026-06-12 10:00:00,10,1,MARKUP,2,C,160.268154,160.1980867453851,160.4433221365373,0.07006725461491214,0.02782650922977514,0,1,1,0,0,1,True,52513,-1.0
52537,2026-06-12 13:00:00,13,-1,MARKDOWN,2,C,160.215178,160.40042969238115,159.75204876904715,0.18525169238114358,0.048859384762279585,0,1,1,0,0,1,False,-1,
52549,2026-06-12 14:00:00,14,-1,MARKDOWN,0,C,160.215178,160.39702527465653,159.76055981335873,0.18184727465651918,0.042050549313049156,0,0,0,0,0,1,True,52565,0.011977083539628454
52575,2026-06-12 16:10:00,16,1,MARKUP,2,C,160.089846,159.9381156605023,160.46917184874425,0.15173033949770343,0.033768678995462556,0,1,1,0,0,1,False,-1,
52587,2026-06-12 17:10:00,17,1,MARKUP,1,C,160.10521599999998,159.93681142573098,160.5262274356725,0.16840457426900457,0.04037714853805081,0,0,1,0,0,1,False,-1,
52606,2026-06-12 18:45:00,18,1,MARKUP,2,C,160.183702,160.06447115550475,160.48177911123815,0.119230844495263,0.03905768899051732,0,0,1,0,1,1,True,52611,-1.0
52774,2026-06-15 08:45:00,8,-1,MARKDOWN,2,C,160.139938,160.24332506086495,159.88147034783765,0.10338706086494653,0.0226501217298989,0,1,1,0,0,1,True,52783,0.8177667665293954
52799,2026-06-15 10:50:00,10,1,MARKUP,2,C,160.05632200000002,159.97587783204426,160.25743241988943,0.08044416795576126,0.030244335911499512,0,1,1,0,0,1,False,-1,
52811,2026-06-15 11:50:00,11,1,MARKUP,2,C,160.05632200000002,159.97728323430238,160.25391891424414,0.07903876569764634,0.027433531395282058,0,1,1,0,0,1,False,-1,
52825,2026-06-15 13:00:00,13,1,MARKUP,1,C,160.05632200000002,159.9800610878902,160.2469742802746,0.07626091210983077,0.021877824219639238,0,1,0,0,0,1,False,-1,
52837,2026-06-15 14:00:00,14,1,MARKUP,2,C,160.09093000000001,160.03795389665837,160.22337025835412,0.05297610334164915,0.018092206683274086,0,1,1,0,0,1,False,-1,
52849,2026-06-15 15:00:00,15,1,MARKUP,1,C,160.10726599999998,160.03447560541477,160.28924198646303,0.07279039458521197,0.02104878917041247,0,1,0,0,0,1,True,52865,-1.0
52862,2026-06-15 16:05:00,16,1,MARKUP,1,C,160.128278,160.0686509104785,160.2773457238037,0.05962708952148432,0.020698179043008486,1,0,0,0,0,1,True,52864,-1.0
52878,2026-06-15 17:25:00,17,-1,MARKDOWN,2,C,160.140768,160.2194499101901,159.9440632245248,0.07868191019008464,0.02289982038016823,0,1,1,0,0,1,True,52885,-1.0
52891,2026-06-15 18:30:00,18,1,MARKUP,3,B,160.136312,160.07837488700713,160.2811547824822,0.05793711299287452,0.0272502259857414,0,1,1,1,0,1,False,-1,
52903,2026-06-15 19:30:00,19,1,MARKUP,2,C,160.100378,160.02075706504945,160.2994303373764,0.07962093495055456,0.022485869901143866,0,1,1,0,0,1,False,-1,
52915,2026-06-15 20:30:00,20,1,MARKUP,2,C,160.12559,160.0213099853524,160.386290036619,0.10428001464759973,0.021380029295240594,0,1,1,0,0,1,False,-1,
53053,2026-06-16 08:00:00,8,1,MARKUP,2,C,160.16483599999998,160.0336519735502,160.4927960661244,0.13118402644977323,0.03469605289957246,0,1,1,0,0,1,True,53071,0.9348285673717656
53065,2026-06-16 09:00:00,9,1,MARKUP,1,C,160.16483599999998,160.03783374001543,160.48234164996137,0.1270022599845504,0.026332519969118003,0,1,0,0,0,1,True,53071,0.9491460411031569
53077,2026-06-16 10:00:00,10,1,MARKUP,2,C,160.16483599999998,160.0341474838128,160.49155729046794,0.13068851618717758,0.03370503237438949,0,1,1,0,0,1,False,-1,
53092,2026-06-16 11:15:00,11,1,MARKUP,2,C,160.205624,160.09775431461577,160.47529821346058,0.10786968538423025,0.038491370768412386,0,1,1,0,0,1,False,-1,
53113,2026-06-16 13:00:00,13,1,MARKUP,1,C,160.231366,160.1388265790689,160.46271455232778,0.09253942093110368,0.022346841862185735,0,1,0,0,0,1,False,-1,
53125,2026-06-16 14:00:00,14,1,MARKUP,1,C,160.231366,160.13959655698136,160.46078960754664,0.09176944301864864,0.020806886037270603,0,0,1,0,0,1,False,-1,
53137,2026-06-16 15:00:00,15,1,MARKUP,2,C,160.282918,160.2169674833708,160.44779429157296,0.0659505166291865,0.01806503325835614,0,1,1,0,0,1,False,-1,
53149,2026-06-16 16:00:00,16,1,MARKUP,1,C,160.283682,160.21778938368243,160.44841354079392,0.06589261631756926,0.016421232635129457,0,0,1,0,0,1,False,-1,
53161,2026-06-16 17:00:00,17,1,MARKUP,2,C,160.329278,160.27009203195848,160.47724292010375,0.05918596804150411,0.019815936083023827,0,1,1,0,0,1,False,-1,
53173,2026-06-16 18:00:00,18,1,MARKUP,2,C,160.351052,160.26767522070355,160.55949394824114,0.08337677929645793,0.02464955859287832,0,1,1,0,0,1,True,53183,0.5
53185,2026-06-16 19:00:00,19,1,MARKUP,1,C,160.373918,160.3017980671241,160.55421783218975,0.0721199328758928,0.030403865751808368,1,0,0,0,0,1,True,53187,0.9317134978899517
53198,2026-06-16 20:05:00,20,1,MARKUP,2,C,160.373918,160.30446932654024,160.5475396836494,0.06944867345976036,0.02506134691951686,0,1,1,0,0,1,False,-1,
53341,2026-06-17 08:00:00,8,-1,MARKDOWN,1,C,160.360824,160.43167806592874,160.1836888351782,0.070854065928728,0.013356131857448682,0,1,0,0,0,1,False,-1,
53353,2026-06-17 09:00:00,9,-1,MARKDOWN,1,C,160.32807,160.37900146906074,160.20074132734814,0.05093146906074253,0.014002938121464272,1,0,0,0,0,1,False,-1,
53365,2026-06-17 10:00:00,10,-1,MARKDOWN,1,C,160.31489,160.36428588055907,160.1914002986023,0.04939588055907507,0.018571761118157153,0,1,0,0,0,1,False,-1,
53377,2026-06-17 11:00:00,11,-1,MARKDOWN,2,C,160.280128,160.36748942455267,160.06172443861828,0.08736142455268237,0.02497884910534581,0,1,1,0,0,1,False,-1,
53401,2026-06-17 13:00:00,13,-1,MARKDOWN,2,C,160.253724,160.34920320314578,160.01502599213558,0.09547920314577141,0.024406406291554005,0,1,1,0,0,1,True,53414,-1.0
53448,2026-06-17 16:55:00,16,-1,MARKDOWN,3,B,160.201462,160.23721932292693,160.11206869268264,0.03575732292694056,0.026438645853883475,1,1,1,0,0,1,True,53449,-1.0
53466,2026-06-17 18:25:00,18,-1,MARKDOWN,3,B,160.278464,160.35148760422962,160.095904989426,0.07302360422960419,0.0329752084591947,0,1,1,0,1,1,False,-1,
53478,2026-06-17 19:25:00,19,-1,MARKDOWN,2,C,160.278464,160.34883329799533,160.10254075501172,0.07036929799531322,0.027666595990660688,0,1,1,0,0,1,True,53497,-1.0
53490,2026-06-17 20:25:00,20,-1,MARKDOWN,2,C,160.26795800000002,160.32814126648728,160.1174998337819,0.06018326648725747,0.020282532974530722,0,1,1,0,0,1,True,53497,-1.0
53648,2026-06-18 09:35:00,9,1,MARKUP,3,B,160.606548,160.55273383597344,160.7410834100664,0.05381416402656214,0.020532328053074273,0,1,1,0,1,1,True,53653,0.5278161881514386
53660,2026-06-18 10:35:00,10,1,MARKUP,3,B,160.60884,160.54851393660783,160.75965515848037,0.06032606339215363,0.02897212678428596,0,1,1,0,1,1,True,53661,1.75
53672,2026-06-18 11:35:00,11,1,MARKUP,3,B,160.61811,160.5636767446111,160.7541931384723,0.05443325538891486,0.028646510777806167,0,1,1,0,1,1,True,53677,-1.0
53689,2026-06-18 13:00:00,13,1,MARKUP,2,C,160.6137,160.45589446891495,161.0082138277126,0.1578055310850459,0.04821106217007397,0,1,1,0,0,1,False,-1,
53701,2026-06-18 14:00:00,14,1,MARKUP,1,C,160.65954,160.45758407115895,161.1644298221026,0.20195592884104485,0.04483185768209407,0,1,0,0,0,1,False,-1,
53713,2026-06-18 15:00:00,15,1,MARKUP,1,C,160.660304,160.46319803615603,161.1530689096099,0.19710596384396695,0.03360392768790808,0,1,0,0,0,1,False,-1,
53725,2026-06-18 16:00:00,16,1,MARKUP,2,C,160.660304,160.46128714236056,161.15784614409858,0.19901685763943533,0.03742571527883999,0,1,1,0,0,1,False,-1,
53737,2026-06-18 17:00:00,17,1,MARKUP,2,C,160.74435200000002,160.5971724238775,161.11230094030628,0.14717957612251098,0.0376551522450093,0,1,1,0,0,1,False,-1,
53751,2026-06-18 18:10:00,18,1,MARKUP,2,C,160.827782,160.73646395323564,161.05607711691096,0.09131804676437127,0.02907209352875261,0,1,1,0,0,1,False,-1,
53763,2026-06-18 19:10:00,19,1,MARKUP,1,C,161.020886,160.77159183368966,161.64412141577583,0.24929416631033519,0.060816332620677,0,1,0,0,0,1,False,-1,
53775,2026-06-18 20:10:00,20,1,MARKUP,1,C,161.052592,160.7743751178144,161.748134205464,0.27821688218560325,0.05524976437121143,0,1,0,0,0,1,False,-1,
53917,2026-06-19 08:00:00,8,1,MARKUP,1,C,161.149114,160.96777666606926,161.60245733482685,0.1813373339307418,0.036446667861444404,0,1,0,0,0,1,False,-1,
53929,2026-06-19 09:00:00,9,1,MARKUP,0,C,161.191406,161.0084823617622,161.64871509559453,0.18292363823780988,0.03503527647563281,0,0,0,0,0,1,False,-1,
53945,2026-06-19 10:20:00,10,1,MARKUP,1,C,161.240228,161.0860851201556,161.62558519961104,0.15414287984441444,0.037829759688805115,0,0,1,0,0,1,False,-1,
53977,2026-06-19 13:00:00,13,-1,MARKDOWN,1,C,161.373814,161.4733761222283,161.12490869442928,0.09956212222829208,0.028752244456605434,0,1,0,0,0,1,False,-1,
53989,2026-06-19 14:00:00,14,-1,MARKDOWN,2,C,161.338588,161.4153859868463,161.1465930328842,0.07679798684631578,0.02677197369261719,0,1,1,0,0,1,False,-1,
54001,2026-06-19 15:00:00,15,-1,MARKDOWN,1,C,161.30425,161.36400092335379,161.15487269161554,0.059750923353789176,0.02400184670758864,0,1,0,0,0,1,True,54025,2.5
54013,2026-06-19 16:00:00,16,-1,MARKDOWN,1,C,161.26515,161.3474354113986,161.0594364715035,0.08228541139860113,0.030870822797206297,0,1,0,0,0,1,True,54017,0.8251275448236209
54035,2026-06-19 17:50:00,17,-1,MARKDOWN,2,C,161.26515,161.34482074087387,161.06597314781533,0.0796707408738655,0.02564148174774573,1,0,1,0,0,1,True,54042,-1.0
54057,2026-06-19 19:40:00,19,1,MARKUP,2,C,161.213456,161.12145035891942,161.4434701027015,0.09200564108058984,0.025099282161133885,0,1,1,0,0,1,False,-1,
54069,2026-06-19 20:40:00,20,1,MARKUP,1,C,161.213456,161.1257269067918,161.43277873302048,0.08772909320819622,0.016546186416350805,0,1,0,0,0,1,False,-1,
54205,2026-06-22 08:00:00,8,1,MARKUP,1,C,161.52837599999998,161.41566363233454,161.81015691916357,0.1127123676654378,0.020672735330887735,0,1,0,0,0,1,False,-1,
54217,2026-06-22 09:00:00,9,1,MARKUP,1,C,161.542286,161.42791332538226,161.8282176865443,0.11437267461772649,0.020173349235473263,0,1,0,0,0,1,False,-1,
54229,2026-06-22 10:00:00,10,1,MARKUP,0,C,161.593254,161.50350276442845,161.8176320889289,0.08975123557155484,0.028994471143085683,0,0,0,0,0,1,False,-1,
54241,2026-06-22 11:00:00,11,1,MARKUP,2,C,161.62486,161.52331448102638,161.8787237974341,0.10154551897363717,0.027371037947259924,0,1,0,0,1,1,False,-1,
54265,2026-06-22 13:00:00,13,1,MARKUP,1,C,161.680232,161.59947583390883,161.8821224152279,0.0807561660911631,0.02704833218234735,0,0,1,0,0,1,True,54270,0.8055963292462434
54287,2026-06-22 14:50:00,14,1,MARKUP,3,B,161.70248,161.63676292466155,161.86677268834615,0.06571707533845483,0.024474150676876364,0,1,1,1,0,1,False,-1,
54299,2026-06-22 15:50:00,15,1,MARKUP,3,B,161.73770599999997,161.69313027393642,161.84914531515886,0.044575726063555976,0.025739452127168886,1,1,0,1,0,1,True,54301,1.75
54311,2026-06-22 16:50:00,16,1,MARKUP,2,C,161.748972,161.63761467267597,162.0273653183101,0.11135732732404335,0.03477065464808873,0,1,1,0,0,1,True,54314,-1.0
54325,2026-06-22 18:00:00,18,-1,MARKDOWN,2,C,161.601154,161.99437608697343,160.61809878256645,0.39322208697342376,0.1347521739468918,0,1,0,1,0,1,True,54340,0.09448604549653976
54337,2026-06-22 19:00:00,19,-1,MARKDOWN,1,C,161.601154,161.98065474818736,160.65240212953162,0.379500748187354,0.107309496374736,1,0,0,0,0,1,True,54340,0.0979023102786423
54493,2026-06-23 08:00:00,8,1,MARKUP,2,C,161.565638,161.51530656327694,161.69146659180768,0.050331436723070055,0.01738687344612053,0,1,1,0,0,1,True,54517,-1.0
54505,2026-06-23 09:00:00,9,1,MARKUP,1,C,161.587502,161.51574583779035,161.76689240552412,0.07175616220965253,0.020508324419298944,0,1,0,0,0,1,True,54517,-1.0
54526,2026-06-23 10:45:00,10,-1,MARKDOWN,2,C,161.582088,161.77004510815647,161.11219522960883,0.1879571081564677,0.058090216312913244,0,1,1,0,0,1,False,-1,
54538,2026-06-23 11:45:00,11,-1,MARKDOWN,2,C,161.560696,161.771716747297,161.03314413175752,0.21102074729699893,0.061433494594011595,0,1,1,0,0,1,False,-1,
54553,2026-06-23 13:00:00,13,-1,MARKDOWN,0,C,161.560696,161.76260293266023,161.05592866834945,0.20190693266022208,0.04320586532042632,0,0,0,0,0,1,True,54572,0.1421248870552028
54606,2026-06-23 17:25:00,17,1,MARKUP,2,C,161.45246600000002,161.33402204452852,161.74857588867874,0.11844395547149134,0.03595591094295694,0,1,1,0,0,1,False,-1,
54618,2026-06-23 18:25:00,18,1,MARKUP,1,C,161.45246600000002,161.3352859823144,161.7454160442141,0.11718001768562658,0.03342803537120531,0,1,0,0,0,1,False,-1,
54630,2026-06-23 19:25:00,19,1,MARKUP,2,C,161.548874,161.493550336489,161.68718315877754,0.05532366351101814,0.028899327022038304,0,1,1,0,0,1,True,54633,0.7001867618408459
54642,2026-06-23 20:25:00,20,1,MARKUP,1,C,161.512704,161.43600804336762,161.70444389158098,0.07669595663239193,0.021983913264745313,0,1,0,0,0,1,False,-1,
54781,2026-06-24 08:00:00,8,-1,MARKDOWN,1,C,161.59489,161.6423156802524,161.47632579936896,0.04742568025241667,0.01463136050480952,0,1,0,0,0,1,True,54784,-1.0
54793,2026-06-24 09:00:00,9,1,MARKUP,3,B,161.576604,161.52040154260223,161.71711014349444,0.05620245739777374,0.01919691479552257,0,1,1,0,1,1,False,-1,
54805,2026-06-24 10:00:00,10,1,MARKUP,2,C,161.605636,161.51657921983067,161.82827795042334,0.08905678016932939,0.02684156033867129,0,1,1,0,0,1,False,-1,
54817,2026-06-24 11:00:00,11,1,MARKUP,1,C,161.610602,161.5164611348067,161.84595416298328,0.09414086519331022,0.027077730386618183,0,1,0,0,0,1,False,-1,
54841,2026-06-24 13:00:00,13,1,MARKUP,1,C,161.634388,161.53279675214432,161.88836611963922,0.10159124785567997,0.02440649571136023,0,1,0,0,0,1,True,54863,0.897334066434247
54875,2026-06-24 15:50:00,15,1,MARKUP,3,B,161.720908,161.67156847644844,161.84425680887892,0.049339523551566344,0.02686304710309944,0,1,1,0,1,1,True,54877,0.819098466360989
54895,2026-06-24 17:30:00,17,1,MARKUP,3,B,161.732774,161.69817389786527,161.81927425533684,0.03460010213473197,0.02565220426946641,1,1,0,1,0,1,True,54896,0.7835588825166879
54907,2026-06-24 18:30:00,18,1,MARKUP,2,C,161.697962,161.611267344762,161.91469863809493,0.08669465523797726,0.027465310475952767,0,1,1,0,0,1,True,54920,0.9070747280881042
54921,2026-06-24 19:40:00,19,1,MARKUP,2,C,161.697962,161.61233532821237,161.91202867946905,0.0856266717876224,0.025329343575292512,0,0,1,0,1,1,False,-1,
54933,2026-06-24 20:40:00,20,1,MARKUP,3,B,161.74493,161.68821667440326,161.8867133139919,0.056713325596746245,0.02556665119344084,0,1,1,0,1,1,False,-1,
55080,2026-06-25 08:55:00,8,1,MARKUP,2,C,161.661432,161.54667505519203,161.9483243620199,0.11475694480796506,0.01864988961596799,0,1,1,0,0,1,False,-1,
55092,2026-06-25 09:55:00,9,1,MARKUP,2,C,161.749332,161.65198246742844,161.99270583142894,0.09734953257157031,0.02203506514316557,0,1,1,0,0,1,False,-1,
55104,2026-06-25 10:55:00,10,1,MARKUP,0,C,161.77516400000002,161.68255340115982,162.00669049710052,0.09261059884019573,0.030893197680394988,0,0,0,0,0,1,True,55109,1.1325868780473805
55134,2026-06-25 13:25:00,13,1,MARKUP,2,C,161.79803,161.72539434556074,161.97961913609817,0.07263565443926723,0.019211308878529124,0,1,1,0,0,1,True,55151,0.8238150651715772
55146,2026-06-25 14:25:00,14,1,MARKUP,2,C,161.811536,161.74629884586267,161.9746288853433,0.06523715413732134,0.01740230827465834,0,1,1,0,0,1,True,55151,0.7570240746668296
55158,2026-06-25 15:25:00,15,1,MARKUP,2,C,161.828254,161.73577497003052,162.05945157492366,0.09247902996946777,0.03445005993891534,0,1,1,0,0,1,True,55159,-1.0
55179,2026-06-25 17:10:00,17,-1,MARKDOWN,2,C,161.801402,161.978398437838,161.358910905405,0.17699643783799957,0.056796875675992516,0,1,0,0,1,1,False,-1,
55191,2026-06-25 18:10:00,18,-1,MARKDOWN,1,C,161.801402,161.97557379172738,161.3659725206815,0.17417179172738884,0.051147583454791444,0,1,0,0,0,1,False,-1,
55203,2026-06-25 19:10:00,19,-1,MARKDOWN,0,C,161.801402,161.97119286328498,161.3769248417875,0.16979086328498738,0.04238572656997979,0,0,0,0,0,1,True,55220,-0.1566515387542573
55357,2026-06-26 08:00:00,8,-1,MARKDOWN,2,C,161.74104000000003,161.8623425118502,161.43778372037463,0.1213025118501605,0.02868502370034332,0,1,1,0,0,1,True,55380,1.0280224271130833
55369,2026-06-26 09:00:00,9,-1,MARKDOWN,0,C,161.728052,161.86444302354516,161.38707444113706,0.13639102354517263,0.032886047090274484,0,0,0,0,0,1,True,55378,0.9219958559292935
55388,2026-06-26 10:35:00,10,-1,MARKDOWN,2,C,161.701478,161.82272748511636,161.39835428720914,0.12124948511635125,0.035454970232713996,0,1,1,0,0,1,False,-1,
55403,2026-06-26 11:50:00,11,-1,MARKDOWN,3,B,161.627318,161.70466809536723,161.43394276158193,0.0773500953672226,0.039336190734435436,0,1,1,0,1,1,True,55420,-1.0
55417,2026-06-26 13:00:00,13,-1,MARKDOWN,0,C,161.666488,161.76663332291957,161.41612469270103,0.10014532291958744,0.03526664583916006,0,0,0,0,0,1,True,55438,-1.0
55488,2026-06-26 18:55:00,18,1,MARKUP,3,B,161.643794,161.56302226643786,161.84572333390543,0.08077173356215894,0.0339554671243274,0,1,1,0,1,1,False,-1,
55500,2026-06-26 19:55:00,19,1,MARKUP,2,C,161.653344,161.5664676831993,161.87053479200176,0.08687631680069785,0.027064633601417643,0,1,1,0,0,1,False,-1,
55512,2026-06-26 20:55:00,20,1,MARKUP,2,C,161.65601800000002,161.56884721552575,161.87394496118569,0.0871707844742673,0.022305568948510195,0,1,1,0,0,1,False,-1,
55645,2026-06-29 08:00:00,8,1,MARKUP,2,C,161.75629,161.71478954460414,161.86004113848966,0.041500455395862446,0.01042091079172736,0,1,1,0,0,1,False,-1,
55657,2026-06-29 09:00:00,9,1,MARKUP,2,C,161.764942,161.72783690176607,161.85770474558478,0.03710509823392272,0.012326196467866132,0,1,1,0,0,1,False,-1,
55669,2026-06-29 10:00:00,10,1,MARKUP,3,B,161.778312,161.72474777454886,161.91222256362784,0.053564225451140146,0.018504450902317098,0,1,1,0,1,1,False,-1,
55681,2026-06-29 11:00:00,11,1,MARKUP,2,C,161.803032,161.76530103596264,161.89735941009343,0.03773096403736531,0.017397928074747968,1,0,0,0,1,1,True,55682,1.75
55705,2026-06-29 13:00:00,13,1,MARKUP,1,C,161.825604,161.77128348769486,161.96140528076285,0.054320512305139346,0.015433024610278024,0,1,0,0,0,1,True,55723,1.2073317170934623
55717,2026-06-29 14:00:00,14,1,MARKUP,0,C,161.825986,161.77208403383713,161.96074091540717,0.053901966162868575,0.013831932325720765,0,0,0,0,0,1,True,55723,1.2092806434308963
55733,2026-06-29 15:20:00,15,1,MARKUP,2,C,161.832166,161.78093263898606,161.96024940253486,0.05123336101394216,0.016134722027850337,0,1,1,0,0,1,True,55753,1.75
55745,2026-06-29 16:20:00,16,1,MARKUP,2,C,161.86184,161.80748308082812,161.9977322979297,0.054356919171880236,0.01703383834373819,0,1,1,0,0,1,True,55753,1.1987680042165583
55757,2026-06-29 17:20:00,17,1,MARKUP,2,C,161.8733,161.80020750961208,162.0560312259698,0.07309249038792132,0.03158498077582999,1,1,0,0,0,1,False,-1,
55769,2026-06-29 18:20:00,18,1,MARKUP,2,C,161.8733,161.8038006397995,162.04704840050124,0.06949936020049563,0.024398720400986215,0,1,1,0,0,1,False,-1,
55781,2026-06-29 19:20:00,19,1,MARKUP,1,C,161.8733,161.80683633047153,162.03945917382117,0.06646366952847416,0.018327339056958034,0,1,0,0,0,1,False,-1,
55793,2026-06-29 20:20:00,20,1,MARKUP,2,C,161.905436,161.86093525061673,162.01668787345818,0.04450074938327475,0.01412949876654549,0,1,1,0,0,1,False,-1,
55933,2026-06-30 08:00:00,8,1,MARKUP,1,C,162.116866,161.92478560735805,162.59706698160483,0.192080392641941,0.030428785283881998,0,1,0,0,0,1,False,-1,
55945,2026-06-30 09:00:00,9,1,MARKUP,2,C,162.16133,162.02564417576002,162.5005445605999,0.135685824239971,0.030711648479966887,0,1,1,0,0,1,True,55962,1.121095591604912
55957,2026-06-30 10:00:00,10,1,MARKUP,1,C,162.183868,162.0184586180388,162.59739145490295,0.16540938196118304,0.04508276392235557,1,0,0,0,0,1,True,55961,0.9413586848166716
55969,2026-06-30 11:00:00,11,1,MARKUP,2,C,162.183868,162.02099552534298,162.59104918664252,0.16287247465700716,0.04000894931400382,0,0,1,1,0,1,False,-1,
55993,2026-06-30 13:00:00,13,1,MARKUP,1,C,162.23369,162.10386455995678,162.55825360010806,0.12982544004321994,0.034270880086467594,0,0,1,0,0,1,False,-1,
56005,2026-06-30 14:00:00,14,1,MARKUP,0,C,162.23369,162.10782181427814,162.54836046430464,0.1258681857218562,0.02635637144372943,0,0,0,0,0,1,True,56023,-1.0
56017,2026-06-30 15:00:00,15,1,MARKUP,2,C,162.246296,162.10789518260736,162.5922980434816,0.1384008173926361,0.026209634785275278,0,1,1,0,0,1,True,56023,-1.0
56029,2026-06-30 16:00:00,16,1,MARKUP,2,C,162.213506,162.0010921777153,162.74454055571175,0.2124138222847023,0.055815644569425706,0,1,1,0,0,1,False,-1,
56041,2026-06-30 17:00:00,17,1,MARKUP,1,C,162.213506,162.00393597118887,162.73743107202782,0.20957002881112885,0.05012805762223924,0,1,0,0,0,1,False,-1,
56053,2026-06-30 18:00:00,18,1,MARKUP,2,C,162.229168,162.00098233642984,162.79963215892536,0.22818566357014447,0.05603532714030714,0,1,1,0,0,1,False,-1,
56065,2026-06-30 19:00:00,19,1,MARKUP,2,C,162.27157,162.00563974378952,162.9363956405262,0.2659302562104813,0.04672051242093653,0,1,1,0,0,1,False,-1,
56077,2026-06-30 20:00:00,20,1,MARKUP,1,C,162.27386199999998,162.01225806727328,162.92787183181673,0.26160393272670035,0.03348386545341728,0,1,0,0,0,1,False,-1,
56221,2026-07-01 08:00:00,8,1,MARKUP,3,B,162.6855,162.5700671239288,162.97408219017797,0.11543287607119623,0.039865752142399256,0,1,1,0,1,1,True,56240,-1.0
56295,2026-07-01 14:10:00,14,1,MARKUP,2,C,162.663188,162.60172579063862,162.8168435234034,0.06146220936136615,0.020548418722741133,0,1,1,0,0,1,False,-1,
56311,2026-07-01 15:30:00,15,1,MARKUP,2,C,162.66875000000002,162.61088575879583,162.81341060301048,0.05786424120418587,0.020228482408356906,0,1,1,0,0,1,True,56320,-1.0
56323,2026-07-01 16:30:00,16,-1,MARKDOWN,3,B,162.659422,162.78630731607385,162.3422087098154,0.1268853160738388,0.0406146321476953,0,1,1,1,0,1,False,-1,
56335,2026-07-01 17:30:00,17,-1,MARKDOWN,2,C,162.586842,162.80012150110042,162.0536432472489,0.21327950110043048,0.06824300220084935,0,1,1,0,0,1,False,-1,
56347,2026-07-01 18:30:00,18,-1,MARKDOWN,2,C,162.586842,162.79438023029996,162.06799642425005,0.2075382302999742,0.056760460599948756,0,1,1,0,0,1,False,-1,
56359,2026-07-01 19:30:00,19,-1,MARKDOWN,0,C,162.586842,162.78719690608102,162.0859547347974,0.20035490608103146,0.04239381216204333,0,0,0,0,0,1,False,-1,
56509,2026-07-02 08:00:00,8,-1,MARKDOWN,2,C,162.508612,162.61119781265802,162.25214746835496,0.10258581265802036,0.026395625316007674,0,1,0,1,0,1,False,-1,
56521,2026-07-02 09:00:00,9,-1,MARKDOWN,2,C,162.45932200000001,162.59940726045886,162.10910884885288,0.1400852604588465,0.02881452091772058,0,1,1,0,0,1,False,-1,
56533,2026-07-02 10:00:00,10,-1,MARKDOWN,2,C,162.002414,162.60972549878852,160.48413525302865,0.6073114987885333,0.12745099757705614,1,0,0,1,0,1,False,-1,
56545,2026-07-02 11:00:00,11,-1,MARKDOWN,2,C,162.00179599999998,162.61255783754964,160.47489140612583,0.61076183754966,0.13511567509933545,0,1,1,0,0,1,False,-1,
56569,2026-07-02 13:00:00,13,-1,MARKDOWN,0,C,161.841214,162.47872693697306,160.24743165756738,0.637512936973053,0.1114538739461088,0,0,0,0,0,1,False,-1,
56599,2026-07-02 15:30:00,15,-1,MARKDOWN,2,C,161.305474,161.7848147458333,160.10712213541677,0.4793407458332979,0.12362949166658091,0,1,1,0,0,1,False,-1,
56611,2026-07-02 16:30:00,16,-1,MARKDOWN,3,B,161.256034,161.707334871274,160.12778182181495,0.4513008712740145,0.1286697425480456,0,1,1,1,0,1,False,-1,
56623,2026-07-02 17:30:00,17,-1,MARKDOWN,1,C,161.256034,161.6989524085985,160.14873797850373,0.4429184085985014,0.11190481719699759,0,1,0,0,0,1,False,-1,
56635,2026-07-02 18:30:00,18,-1,MARKDOWN,2,C,161.256034,161.6886425793118,160.1745125517205,0.43260857931178975,0.0912851586235885,0,1,1,0,0,1,False,-1,
56649,2026-07-02 19:40:00,19,-1,MARKDOWN,1,C,161.256034,161.67539514896094,160.20763112759764,0.41936114896094523,0.06479029792188241,0,0,1,0,0,1,False,-1,
56797,2026-07-03 08:00:00,8,-1,MARKDOWN,2,C,161.292036,161.54107706383206,160.66943334041983,0.2490410638320668,0.03815412766415759,0,1,1,0,0,1,False,-1,
56809,2026-07-03 09:00:00,9,-1,MARKDOWN,2,C,161.13939,161.2956939712331,160.7486300719172,0.15630397123311468,0.041387942466220025,1,0,1,0,0,1,False,-1,
56821,2026-07-03 10:00:00,10,-1,MARKDOWN,1,C,160.94441,161.2795193350253,160.10663666243676,0.33510933502529383,0.1010386700505974,0,0,0,1,0,1,True,56828,-1.0
56833,2026-07-03 11:00:00,11,-1,MARKDOWN,2,C,160.94132,161.2737259876674,160.11030503083146,0.33240598766741414,0.09945197533482875,1,0,0,0,1,1,True,56842,-1.0
56877,2026-07-03 14:40:00,14,1,MARKUP,1,C,160.84146,160.62250874117564,161.38883814706094,0.21895125882437583,0.03298251764875871,0,1,0,0,0,1,False,-1,
56889,2026-07-03 15:40:00,15,1,MARKUP,2,C,160.911294,160.73794299892253,161.34467150269364,0.1733510010774637,0.02811400215494478,0,1,1,0,0,1,False,-1,
56901,2026-07-03 16:40:00,16,1,MARKUP,2,C,161.057464,160.90811104465564,161.43084638836092,0.14935295534436932,0.029777910688746568,0,1,1,0,0,1,False,-1,
56913,2026-07-03 17:40:00,17,1,MARKUP,2,C,161.12759,161.02133009616233,161.39323975959417,0.10625990383766748,0.025339807675295166,0,1,1,0,0,1,False,-1,
56925,2026-07-03 18:40:00,18,1,MARKUP,2,C,161.16639800000002,161.04198584296032,161.47742839259928,0.12441215703969988,0.028028314079383266,0,1,1,0,0,1,False,-1,
56937,2026-07-03 19:40:00,19,1,MARKUP,2,C,161.217398,161.0953417821003,161.5225385447493,0.12205621789971133,0.023316435799435705,0,1,1,0,0,1,False,-1,
56949,2026-07-03 20:40:00,20,1,MARKUP,0,C,161.218634,161.09663767211242,161.52362481971898,0.12199632788758663,0.024724655775188918,0,0,0,0,0,1,False,-1,
57085,2026-07-06 08:00:00,8,1,MARKUP,2,C,161.64427,161.44511695278803,162.14215261802997,0.19915304721197913,0.027766094423937918,0,1,1,0,0,1,False,-1,
57097,2026-07-06 09:00:00,9,1,MARKUP,2,C,161.751302,161.5185063886628,162.33329102834307,0.23279561133722382,0.03698722267443306,0,1,1,0,0,1,False,-1,
57109,2026-07-06 10:00:00,10,1,MARKUP,2,C,161.96583,161.71943123548814,162.58182691127968,0.24639876451186637,0.061137529023695805,0,1,1,0,0,1,False,-1,
57121,2026-07-06 11:00:00,11,1,MARKUP,2,C,161.977718,161.73839643760755,162.57602190598118,0.23932156239246183,0.05920712478489219,0,1,1,0,0,1,False,-1,
57145,2026-07-06 13:00:00,13,1,MARKUP,2,C,162.08755,161.86692564594364,162.6391108851409,0.22062435405635483,0.04014870811273813,0,1,1,0,0,1,False,-1,
57157,2026-07-06 14:00:00,14,1,MARKUP,1,C,162.191374,162.03756951248403,162.57588521878992,0.15380448751596987,0.03486097503196696,0,0,1,0,0,1,False,-1,
57169,2026-07-06 15:00:00,15,1,MARKUP,0,C,162.253792,162.14197161243706,162.53334296890736,0.11182038756294332,0.02805677512588936,0,0,0,0,0,1,False,-1,
57181,2026-07-06 16:00:00,16,1,MARKUP,2,C,162.29413,162.19685871764412,162.5373082058897,0.09727128235587656,0.030282564711746923,0,1,1,0,0,1,True,57194,-1.0
57200,2026-07-06 17:35:00,17,1,MARKUP,2,C,162.320086,162.2373817188659,162.5268467028353,0.08270428113411299,0.03323656226821553,0,1,1,0,0,1,True,57205,-1.0
57373,2026-07-07 08:00:00,8,-1,MARKDOWN,1,C,161.991618,162.20423059017165,161.46008652457084,0.21261259017165912,0.042461180343310825,0,1,0,0,0,1,True,57390,0.5
57461,2026-07-07 15:20:00,15,-1,MARKDOWN,2,C,161.92042,162.01087488577932,161.69428278555174,0.09045488577930882,0.035749771558620747,0,1,1,0,0,1,True,57481,-1.0
57476,2026-07-07 16:35:00,16,-1,MARKDOWN,2,C,161.88143200000002,161.98535982156076,161.62161244609814,0.10392782156074531,0.036719643121479933,0,1,1,0,0,1,True,57478,-1.0
57516,2026-07-07 19:55:00,19,1,MARKUP,2,C,161.84957799999998,161.72766409860014,162.15436275349958,0.12191390139983582,0.030671802799692043,0,1,1,0,0,1,False,-1,
57695,2026-07-08 10:50:00,10,-1,MARKDOWN,0,C,162.28194,162.42932581941736,161.91347545145658,0.14738581941736584,0.04265163883472366,0,0,0,0,0,1,True,57699,-1.0
57707,2026-07-08 11:50:00,11,1,MARKUP,2,C,162.22698,162.05314302203027,162.66157244492433,0.17383697796972797,0.04971395593947271,0,1,1,0,0,1,False,-1,
57721,2026-07-08 13:00:00,13,1,MARKUP,2,C,162.260978,162.0495427114585,162.7895662213537,0.2114352885414803,0.056914577082953985,0,1,1,0,0,1,False,-1,
57733,2026-07-08 14:00:00,14,1,MARKUP,2,C,162.260978,162.05867841626306,162.76672695934232,0.2022995837369308,0.038643167473881496,0,1,1,0,0,1,False,-1,
57745,2026-07-08 15:00:00,15,1,MARKUP,1,C,162.324632,162.1607247661392,162.73440008465204,0.16390723386081163,0.04055046772163445,0,1,0,0,0,1,False,-1,
57757,2026-07-08 16:00:00,16,1,MARKUP,2,C,162.364184,162.2262114537624,162.70911536559396,0.1379725462375916,0.037577092475205326,0,1,1,0,0,1,False,-1,
57769,2026-07-08 17:00:00,17,1,MARKUP,2,C,162.457996,162.3716514595023,162.6738573512443,0.08634454049771989,0.03669708099539015,0,1,0,0,1,1,False,-1,
57781,2026-07-08 18:00:00,18,1,MARKUP,2,C,162.499826,162.3897887908905,162.77491902277382,0.11003720910952097,0.03442241821901886,0,1,1,0,0,1,True,57805,0.8691357143911218
57793,2026-07-08 19:00:00,19,1,MARKUP,1,C,162.533106,162.40977246919797,162.84143982700508,0.12333353080202869,0.030455061604079823,0,1,0,0,0,1,True,57801,-1.0
57949,2026-07-09 08:00:00,8,-1,MARKDOWN,3,B,162.443576,162.50453391223692,162.29118121940772,0.06095791223691549,0.021067824473832607,1,1,0,1,0,1,False,-1,
57961,2026-07-09 09:00:00,9,-1,MARKDOWN,2,C,162.485286,162.584175541156,162.23806214711004,0.0988895411559838,0.02435108231197184,0,1,1,0,0,1,False,-1,
57973,2026-07-09 10:00:00,10,-1,MARKDOWN,1,C,162.405826,162.5223929188093,162.11440870297673,0.1165669188092977,0.0367858376186143,0,1,0,0,0,1,True,57997,0.7708040458527569
57985,2026-07-09 11:00:00,11,-1,MARKDOWN,0,C,162.402118,162.5143026023484,162.12165649412898,0.11218460234840677,0.03260520469685803,0,0,0,0,0,1,True,57994,0.7648562512516242
58023,2026-07-09 14:10:00,14,1,MARKUP,1,C,162.34632000000002,162.23492329262788,162.62481176843036,0.11139670737213692,0.024153414744247863,0,1,0,0,0,1,False,-1,
58035,2026-07-09 15:10:00,15,1,MARKUP,0,C,162.38231,162.29049043429134,162.6118589142716,0.09181956570864713,0.027019131417328642,0,0,0,0,0,1,True,58048,-1.0
58052,2026-07-09 16:35:00,16,-1,MARKDOWN,3,B,162.42801599999999,162.52424536383563,162.18744259041085,0.09622936383564706,0.030490727671278372,0,1,1,0,1,1,False,-1,
58064,2026-07-09 17:35:00,17,-1,MARKDOWN,2,C,162.424578,162.52800594862515,162.1660081284371,0.10342794862515348,0.03801189725033603,0,1,1,0,0,1,False,-1,
58076,2026-07-09 18:35:00,18,-1,MARKDOWN,1,C,162.424578,162.5265611591255,162.16962010218626,0.1019831591254956,0.035122318250995536,0,0,1,0,0,1,False,-1,
58088,2026-07-09 19:35:00,19,-1,MARKDOWN,1,C,162.40470200000001,162.51160478292817,162.13744504267962,0.10690278292815947,0.031209565856303828,0,1,0,0,0,1,False,-1,
58100,2026-07-09 20:35:00,20,-1,MARKDOWN,1,C,162.3806,162.46942335856903,162.15854160357736,0.08882335856904433,0.024846717138088354,0,1,0,0,0,1,True,58122,2.5
58237,2026-07-10 08:00:00,8,-1,MARKDOWN,1,C,161.989666,162.45530489685478,160.82556875786304,0.46563889685478443,0.06260979370955047,0,0,1,0,0,1,False,-1,
58250,2026-07-10 09:05:00,9,-1,MARKDOWN,2,C,161.68375600000002,161.96132094770098,160.9898436307476,0.2775649477009665,0.06464189540195574,0,1,1,0,0,1,True,58263,-0.11256464571184732
58320,2026-07-10 14:55:00,14,1,MARKUP,1,C,161.674644,161.52409947812845,162.05100530467888,0.1505445218715522,0.03980104374311042,0,1,0,0,0,1,False,-1,
58332,2026-07-10 15:55:00,15,1,MARKUP,2,C,161.67770000000002,161.52155255915048,162.06806860212384,0.15614744084953713,0.04489488169909107,0,1,1,0,0,1,False,-1,
58345,2026-07-10 17:00:00,17,1,MARKUP,2,C,161.73641,161.61661960936354,162.03588597659117,0.11979039063646724,0.044760781272932294,0,1,1,0,0,1,True,58359,-1.0
58357,2026-07-10 18:00:00,18,1,MARKUP,2,C,161.772254,161.6732735696122,162.0197050759695,0.09898043038779747,0.04745286077560665,1,0,0,0,1,1,True,58358,-1.0
58369,2026-07-10 19:00:00,19,-1,MARKDOWN,1,C,161.66021600000002,161.92757033711203,160.99183015722,0.2673543371120104,0.06714067422403028,0,1,0,0,0,1,True,58393,-1.0
58381,2026-07-10 20:00:00,20,-1,MARKDOWN,1,C,161.66021600000002,161.923634838807,161.00166890298254,0.26341883880698447,0.059269677613971984,0,1,0,0,0,1,True,58393,-1.0
58533,2026-07-13 08:40:00,8,1,MARKUP,3,B,162.055816,161.96696497893717,162.27794355265706,0.08885102106282261,0.034070042125668144,1,1,1,0,0,1,True,58535,2.5
58545,2026-07-13 09:40:00,9,1,MARKUP,2,C,162.099912,161.9112496702845,162.57156782428873,0.18866232971549834,0.05950065943101887,0,1,0,1,0,1,True,58551,-1.0
58557,2026-07-13 10:40:00,10,1,MARKUP,2,C,162.099912,161.9024403435225,162.5935911411937,0.19747165647748943,0.07711931295500235,0,1,1,0,0,1,True,58560,1.0860774441749665
58610,2026-07-13 15:05:00,15,1,MARKUP,2,C,161.98789,161.8200351389227,162.40752715269326,0.16785486107730208,0.03392972215458237,0,1,1,0,0,1,False,-1,
58622,2026-07-13 16:05:00,16,1,MARKUP,2,C,162.064748,161.96656027671582,162.31021730821047,0.0981877232841839,0.032879446568359984,0,1,1,0,0,1,False,-1,
58634,2026-07-13 17:05:00,17,1,MARKUP,3,B,162.094162,161.96525574187206,162.4164276453199,0.1289062581279552,0.03548851625589421,0,1,1,0,1,1,False,-1,
58646,2026-07-13 18:05:00,18,1,MARKUP,1,C,162.17754200000002,162.01113963438885,162.5935479140279,0.1664023656111624,0.041720731222289635,0,1,0,0,0,1,False,-1,
58658,2026-07-13 19:05:00,19,1,MARKUP,1,C,162.192992,162.03992494342083,162.57565964144794,0.1530670565791752,0.03415011315832272,0,1,0,0,0,1,False,-1,
58670,2026-07-13 20:05:00,20,1,MARKUP,1,C,162.225126,162.05826635106104,162.64227512234737,0.1668596489389529,0.03346729787791379,0,1,0,0,0,1,False,-1,
58813,2026-07-14 08:00:00,8,-1,MARKDOWN,1,C,162.378702,162.4820369277321,162.12036468066975,0.10333492773210651,0.024073855464199424,0,0,1,0,0,1,False,-1,
58857,2026-07-14 11:40:00,11,-1,MARKDOWN,2,C,162.260794,162.410215247219,161.8872408819525,0.14942124721900996,0.0444304944380423,0,1,1,0,0,1,True,58860,2.5
58873,2026-07-14 13:00:00,13,-1,MARKDOWN,2,C,162.260794,162.40647913818623,161.89658115453443,0.14568513818622364,0.03695827637242218,0,1,0,1,0,1,True,58884,2.5
58892,2026-07-14 14:35:00,14,-1,MARKDOWN,2,C,162.260794,162.402128625963,161.9074574350925,0.1413346259629975,0.028257251925966603,0,1,1,0,0,1,False,-1,
58904,2026-07-14 15:35:00,15,-1,MARKDOWN,3,B,162.09080400000002,162.4240758027605,161.25762449309877,0.3332718027604926,0.07215160552100541,0,1,1,1,0,1,False,-1,
58916,2026-07-14 16:35:00,16,-1,MARKDOWN,1,C,162.040128,162.34459666626452,161.27895633433872,0.30446866626451197,0.07719333252899548,0,0,0,1,0,1,False,-1,
58928,2026-07-14 17:35:00,17,-1,MARKDOWN,1,C,162.02406000000002,162.3153740441962,161.29577488950957,0.29131404419618434,0.07074808839242142,0,0,1,0,0,1,True,58933,-0.7275310072494817
59101,2026-07-15 08:00:00,8,1,MARKUP,2,C,162.202538,162.16798177084215,162.28892857289463,0.03455622915785739,0.024036458315723222,0,1,0,0,1,1,True,59102,-1.0
59113,2026-07-15 09:00:00,9,1,MARKUP,2,C,162.068758,161.95379352250794,162.35616919373018,0.11496447749206595,0.02441295498415574,0,1,1,0,0,1,False,-1,
59125,2026-07-15 10:00:00,10,1,MARKUP,2,C,162.110782,162.01831048438405,162.3419607890399,0.09247151561595501,0.03137903123189256,0,1,1,0,0,1,False,-1,
59137,2026-07-15 11:00:00,11,1,MARKUP,1,C,162.17218599999998,162.07088348324527,162.42544229188678,0.10130251675471413,0.0322330335094528,0,1,0,0,0,1,False,-1,
59161,2026-07-15 13:00:00,13,1,MARKUP,2,C,162.211252,162.08758235865656,162.5204261033586,0.12366964134344016,0.028835282686868153,0,1,1,0,0,1,False,-1,
59173,2026-07-15 14:00:00,14,1,MARKUP,1,C,162.22424,162.08619220210724,162.56935949473194,0.13804779789276722,0.0316155957855289,0,1,0,0,0,1,True,59194,-1.0
59185,2026-07-15 15:00:00,15,1,MARKUP,2,C,162.293456,162.2001174119009,162.52680247024773,0.09333858809910112,0.027765176198221955,0,1,1,0,0,1,True,59191,-1.0
59213,2026-07-15 17:20:00,17,-1,MARKDOWN,1,C,162.311602,162.44298192448431,161.98315218878918,0.131379924484321,0.041963848968646245,0,1,0,0,0,1,False,-1,
59225,2026-07-15 18:20:00,18,-1,MARKDOWN,2,C,162.302816,162.44458115534331,161.94840311164174,0.14176515534330747,0.04516231068661106,0,1,1,0,0,1,False,-1,
59237,2026-07-15 19:20:00,19,-1,MARKDOWN,2,C,162.273142,162.41391900928903,161.92119947677745,0.1407770092890246,0.03783801857804658,0,1,1,0,0,1,False,-1,
59249,2026-07-15 20:20:00,20,-1,MARKDOWN,2,C,162.26634399999998,162.40194012621689,161.9273536844577,0.1355961262169103,0.035880252433812904,0,1,1,0,0,1,False,-1,
59390,2026-07-16 08:05:00,8,-1,MARKDOWN,3,B,162.107868,162.1660926025033,161.96230649374172,0.05822460250331574,0.020185205006617864,0,1,1,1,0,1,True,59392,-1.0
59403,2026-07-16 09:10:00,9,1,MARKUP,1,C,162.0873,162.017771296577,162.26112175855752,0.06952870342300344,0.024457406845991108,0,1,0,0,0,1,True,59413,-1.0
59415,2026-07-16 10:10:00,10,-1,MARKDOWN,3,B,162.10742000000002,162.1959215924372,161.88616601890706,0.08850159243718281,0.03184318487438406,0,1,1,1,0,1,True,59426,-1.0
59449,2026-07-16 13:00:00,13,1,MARKUP,2,C,162.06598400000001,161.97016053209435,162.30554266976418,0.09582346790566021,0.02967893581134139,0,1,1,0,0,1,False,-1,
59461,2026-07-16 14:00:00,14,1,MARKUP,0,C,162.06598400000001,161.97289279864557,162.29871200338613,0.09309120135444005,0.024214402708866073,0,0,0,0,0,1,False,-1,
59473,2026-07-16 15:00:00,15,1,MARKUP,0,C,162.078972,161.96997761233047,162.3514579691738,0.10899438766952585,0.030044775339076013,0,0,0,0,0,1,False,-1,
59485,2026-07-16 16:00:00,16,1,MARKUP,2,C,162.16768,162.06057689621286,162.4354377594678,0.10710310378712506,0.030846207574244097,0,1,1,0,0,1,False,-1,
59497,2026-07-16 17:00:00,17,1,MARKUP,2,C,162.20277000000002,162.0977415931008,162.46534101724802,0.10502840689920845,0.03051681379838569,0,1,1,0,0,1,False,-1,
59509,2026-07-16 18:00:00,18,1,MARKUP,2,C,162.253902,162.0998081654943,162.6391365862643,0.15409383450571568,0.03238366901145724,0,1,1,0,0,1,False,-1,
59521,2026-07-16 19:00:00,19,1,MARKUP,2,C,162.253902,162.10313020671308,162.63083148321735,0.15077179328693546,0.025739586573854063,0,1,1,0,0,1,False,-1,
59533,2026-07-16 20:00:00,20,1,MARKUP,2,C,162.310688,162.1495458849536,162.713543287616,0.16114211504640252,0.028908230092780766,0,1,1,0,0,1,False,-1,
59678,2026-07-17 08:05:00,8,1,MARKUP,3,B,162.404166,162.35318581065124,162.5316164733719,0.05098018934876336,0.01562837869748638,1,1,0,1,0,1,True,59683,-1.0
59700,2026-07-17 09:55:00,9,-1,MARKDOWN,2,C,162.33973799999998,162.49027191833653,161.96340320415862,0.15053391833654928,0.0405438366730832,0,1,1,0,0,1,True,59715,-1.0
59712,2026-07-17 10:55:00,10,-1,MARKDOWN,2,C,162.32367,162.464877679144,161.97065080213997,0.1412076791440029,0.04175535828801461,1,0,0,1,0,1,True,59715,-1.0
59737,2026-07-17 13:00:00,13,1,MARKUP,1,C,162.252386,162.11453533745708,162.5970126563573,0.13785066254291678,0.02892932508583371,0,1,0,0,0,1,False,-1,
59749,2026-07-17 14:00:00,14,1,MARKUP,0,C,162.252386,162.11556835099665,162.59443012250836,0.1368176490033477,0.026863298006659313,0,0,0,0,0,1,False,-1,
59774,2026-07-17 16:05:00,16,1,MARKUP,2,C,162.36857,162.30406743732675,162.52982640668313,0.06450256267325472,0.025865125346492854,0,1,1,0,0,1,True,59780,1.2083050226256042
59791,2026-07-17 17:30:00,17,1,MARKUP,2,C,162.35886200000002,162.28879367259003,162.53403281852496,0.07006832740998448,0.03241265481997111,0,1,1,0,0,1,True,59799,1.2213171911176768
59804,2026-07-17 18:35:00,18,1,MARKUP,3,B,162.35886200000002,162.29085027248712,162.52889131878226,0.06801172751289641,0.028299455025776472,0,1,1,0,1,1,False,-1,
59816,2026-07-17 19:35:00,19,1,MARKUP,2,C,162.379872,162.29172133280585,162.6002486679854,0.08815066719415654,0.02655733438828754,0,1,1,0,0,1,False,-1,
59828,2026-07-17 20:35:00,20,1,MARKUP,2,C,162.399872,162.31286931886572,162.61737870283565,0.08700268113426546,0.02426136226852695,0,1,1,0,0,1,False,-1,
59965,2026-07-20 08:00:00,8,-1,MARKDOWN,2,C,162.442724,162.53373449213117,162.21519776967205,0.09101049213117562,0.015468984262337615,0,1,1,0,0,1,False,-1,
59995,2026-07-20 10:30:00,10,-1,MARKDOWN,2,C,162.362698,162.3988355675685,162.2723540810787,0.036137567568516715,0.025671135137034253,0,1,1,0,0,1,True,59996,0.5788376249894508
