i,time,heure,sens,phase,score,grade,entry,sl,tp,risque,atr,f_fib,f_kijun,f_rsi,f_fvg,f_ob,f_rr,rempli,bar_fill,resultat_R
105,2025-09-29 11:10:00,11,-1,MARKDOWN,5,A,148.790764,149.00777016396307,148.24824859009232,0.21700616396307737,0.05354032792618476,0,1,1,1,0,1,False,-1,
127,2025-09-29 13:00:00,13,-1,MARKDOWN,4,B,148.780236,148.99588002919714,148.24112592700715,0.21564402919713643,0.04776005839428027,0,0,1,0,1,1,True,144,0.8868133317300443
161,2025-09-29 15:50:00,15,-1,MARKDOWN,6,A+,148.68321,148.84291888775627,148.28393778060934,0.1597088877562669,0.05583777551256578,0,1,1,1,1,1,True,163,0.7025908299558709
173,2025-09-29 16:50:00,16,-1,MARKDOWN,6,A+,148.684356,148.84548081591979,148.28154396020057,0.16112481591977712,0.06096163183958213,0,1,1,1,1,1,False,-1,
185,2025-09-29 17:50:00,17,-1,MARKDOWN,4,B,148.687412,148.84288431884048,148.2987312028988,0.15547231884048074,0.05576863768092919,0,1,0,1,0,1,False,-1,
197,2025-09-29 18:50:00,18,-1,MARKDOWN,4,B,148.687412,148.84183852763903,148.30134568090241,0.15442652763903197,0.053677055278078686,0,1,1,0,0,1,False,-1,
210,2025-09-29 19:55:00,19,-1,MARKDOWN,3,C,148.687412,148.83482271304882,148.31888521737793,0.1474107130488278,0.03964542609763677,0,0,1,0,0,1,False,-1,
355,2025-09-30 08:00:00,8,-1,MARKDOWN,4,B,148.65147199999998,148.87055746900475,148.10375832748807,0.21908546900476722,0.053114938009523785,0,1,0,1,0,1,False,-1,
367,2025-09-30 09:00:00,9,-1,MARKDOWN,4,B,148.58435,148.82959362939872,147.9712409265032,0.2452436293987148,0.051187258797420636,0,1,0,1,0,1,False,-1,
379,2025-09-30 10:00:00,10,-1,MARKDOWN,5,A,148.498702,148.80675988561396,147.72855728596514,0.3080578856139482,0.051519771227889685,0,1,0,1,1,1,False,-1,
391,2025-09-30 11:00:00,11,-1,MARKDOWN,5,A,148.421332,148.75200411994587,147.59465170013536,0.3306721199458593,0.07000823989168228,0,1,0,1,1,1,False,-1,
415,2025-09-30 13:00:00,13,-1,MARKDOWN,5,A,148.212452,148.47479251254506,147.55660071863738,0.26234051254505175,0.05558502509012254,0,1,1,0,1,1,False,-1,
449,2025-09-30 15:50:00,15,-1,MARKDOWN,5,A,148.002332,148.13160596652168,147.6791470836958,0.12927396652168,0.049211933043365234,0,1,1,0,1,1,True,452,2.5
461,2025-09-30 16:50:00,16,-1,MARKDOWN,6,A+,147.989366,148.12710342244253,147.64502244389365,0.13773742244254095,0.05620684488506975,0,1,1,1,1,1,True,463,0.9610024469218503
473,2025-09-30 17:50:00,17,-1,MARKDOWN,6,A+,147.95345799999998,148.1371982922243,147.4941072694392,0.18374029222431432,0.07639658444864106,0,1,1,1,1,1,True,478,0.5086418382630751
487,2025-09-30 19:00:00,19,-1,MARKDOWN,6,A+,147.928628,148.13538912589362,147.41172518526594,0.20676112589362106,0.07277825178727688,1,0,1,1,1,1,False,-1,
499,2025-09-30 20:00:00,20,-1,MARKDOWN,5,A,147.906998,148.0922968351564,147.44375091210898,0.18529883515640222,0.05659367031277772,0,1,0,1,1,1,True,523,-1.0
643,2025-10-01 08:00:00,8,-1,MARKDOWN,6,A+,147.93415199999998,148.2557559853875,147.13014203653117,0.3216039853875259,0.05951197077499571,0,1,1,1,1,1,False,-1,
655,2025-10-01 09:00:00,9,-1,MARKDOWN,6,A+,147.888612,148.20118468623252,147.1071802844187,0.312572686232528,0.06436937246503346,0,1,1,1,1,1,False,-1,
667,2025-10-01 10:00:00,10,-1,MARKDOWN,5,A,147.666526,148.0485957335826,146.71135166604353,0.3820697335825969,0.07119146716517419,0,1,0,1,1,1,False,-1,
679,2025-10-01 11:00:00,11,-1,MARKDOWN,6,A+,147.626258,148.04336484846715,146.58349087883215,0.4171068484671423,0.08472969693430953,0,1,1,1,1,1,False,-1,
703,2025-10-01 13:00:00,13,-1,MARKDOWN,3,C,147.360174,147.67796051717394,146.56570770706514,0.3177865171739427,0.06792103434785951,0,0,0,0,1,1,False,-1,
716,2025-10-01 14:05:00,14,-1,MARKDOWN,6,A+,147.222978,147.45291986355264,146.64812334111843,0.22994186355262514,0.06183972710528312,0,1,1,1,1,1,False,-1,
729,2025-10-01 15:10:00,15,-1,MARKDOWN,4,B,147.162414,147.3515350336552,146.68961141586203,0.18912103365519783,0.055070067310391525,0,1,0,1,0,1,False,-1,
741,2025-10-01 16:10:00,16,-1,MARKDOWN,4,B,147.00815,147.32142871356814,146.22495321607965,0.3132787135681383,0.1108574271362897,0,1,0,1,0,1,True,753,-0.16231552862571702
753,2025-10-01 17:10:00,17,-1,MARKDOWN,4,B,147.00815,147.31791846091735,146.23372884770663,0.3097684609173541,0.10383692183473511,1,0,0,1,0,1,True,754,-0.1318726892951984
931,2025-10-02 08:00:00,8,1,MARKUP,6,A+,147.08792400000002,146.92040928792588,147.50671078018536,0.16751471207413715,0.04318142414824016,0,1,1,1,1,1,True,945,-1.0
947,2025-10-02 09:20:00,9,1,MARKUP,5,A,147.067296,146.92048382783878,147.43432643040305,0.14681217216121922,0.04303234432247614,0,0,1,1,1,1,True,950,-1.0
960,2025-10-02 10:25:00,10,1,MARKUP,6,A+,147.078652,146.85515953612025,147.63738315969937,0.22349246387975086,0.07568092775949087,0,1,1,1,1,1,True,964,-1.0
972,2025-10-02 11:25:00,11,-1,MARKDOWN,6,A+,147.193348,147.41416891524193,146.6412957118951,0.22082091524194425,0.07033783048386315,0,1,1,1,1,1,False,-1,
991,2025-10-02 13:00:00,13,-1,MARKDOWN,5,A,147.081422,147.41176927946594,146.25555380133517,0.3303472794659399,0.0655385589319094,0,1,0,1,1,1,False,-1,
1003,2025-10-02 14:00:00,14,-1,MARKDOWN,5,A,147.081422,147.40814122978085,146.26462392554788,0.3267192297808492,0.05828245956171181,0,1,0,1,1,1,True,1023,-1.0
1015,2025-10-02 15:00:00,15,-1,MARKDOWN,4,B,146.982542,147.2475936055698,146.3199129860755,0.2650516055697949,0.05718721113957487,0,0,1,1,0,1,True,1021,-1.0
1036,2025-10-02 16:45:00,16,1,MARKUP,5,A,146.839132,146.56812975632045,147.5166376091989,0.27100224367956116,0.0637404873591201,0,1,1,1,0,1,False,-1,
1048,2025-10-02 17:45:00,17,1,MARKUP,6,A+,146.878478,146.56600501226754,147.65966046933116,0.31247298773246257,0.06798997546491696,0,1,1,1,1,1,False,-1,
1060,2025-10-02 18:45:00,18,1,MARKUP,4,B,146.962126,146.5863910895852,147.90146327603708,0.37573491041482043,0.06921782082961918,0,1,0,0,1,1,False,-1,
1072,2025-10-02 19:45:00,19,1,MARKUP,4,B,147.03814,146.7155647151591,147.84457821210225,0.3225752848408945,0.05687056968176312,0,0,0,1,1,1,False,-1,
1219,2025-10-03 08:00:00,8,1,MARKUP,6,A+,147.405762,147.16161428868793,148.01613127828023,0.24414771131208113,0.036771422624136595,0,1,1,1,1,1,False,-1,
1231,2025-10-03 09:00:00,9,1,MARKUP,6,A+,147.423334,147.1483060553748,148.11090386156303,0.27502794462520797,0.0633878892504285,0,1,1,1,1,1,True,1254,-1.0
1279,2025-10-03 13:00:00,13,-1,MARKDOWN,6,A+,147.612248,147.84015251239853,147.04248671900365,0.22790451239853837,0.046305024797022996,0,1,1,1,1,1,False,-1,
1291,2025-10-03 14:00:00,14,-1,MARKDOWN,3,C,147.581348,147.78673523083685,147.06787992290782,0.2053872308368625,0.03947046167374313,0,0,0,0,1,1,False,-1,
1303,2025-10-03 15:00:00,15,-1,MARKDOWN,4,B,147.506988,147.7062867544104,147.00874111397403,0.19929875441039258,0.04257350882081779,0,0,0,1,1,1,False,-1,
1315,2025-10-03 16:00:00,16,-1,MARKDOWN,4,B,147.356196,147.46939938688564,147.07318753278594,0.1132033868856297,0.05679877377126327,0,0,0,1,1,1,True,1326,2.5
1327,2025-10-03 17:00:00,17,-1,MARKDOWN,5,A,147.284346,147.4736950233718,146.81097344157052,0.18934902337178983,0.07539004674355909,1,0,1,0,1,1,True,1328,-1.0
1358,2025-10-03 19:35:00,19,1,MARKUP,5,A,147.22235999999998,147.0121392799145,147.7479118002137,0.21022072008548776,0.05372144017100445,0,1,1,1,0,1,False,-1,
1370,2025-10-03 20:35:00,20,1,MARKUP,4,B,147.22847199999998,147.01841456462049,147.75361558844872,0.21005743537949684,0.0411708707590182,0,1,0,1,0,1,False,-1,
1507,2025-10-06 08:00:00,8,1,MARKUP,5,A,149.792272,149.41316147160137,150.74004832099655,0.3791105283986269,0.07367705679722301,0,1,0,1,1,1,False,-1,
1519,2025-10-06 09:00:00,9,1,MARKUP,5,A,149.912228,149.5466674878049,150.82612928048772,0.36556051219508845,0.07866502439020918,0,1,0,1,1,1,False,-1,
1546,2025-10-06 11:15:00,11,1,MARKUP,5,A,150.077852,149.8030166482649,150.76494037933776,0.2748353517351063,0.10196670347021707,0,1,1,0,1,1,False,-1,
1567,2025-10-06 13:00:00,13,1,MARKUP,4,B,150.152168,149.9173720689439,150.7391578276402,0.23479593105608387,0.06925586211219399,0,1,0,0,1,1,True,1591,-1.0
1579,2025-10-06 14:00:00,14,1,MARKUP,3,C,150.152168,149.9210406556869,150.72998636078268,0.23112734431308013,0.0619186886261826,0,0,1,0,0,1,True,1591,-1.0
1615,2025-10-06 17:00:00,17,-1,MARKDOWN,5,A,150.199814,150.52089112492158,149.3971211876961,0.3210771249215725,0.08978224984315383,0,1,0,1,1,1,False,-1,
1627,2025-10-06 18:00:00,18,-1,MARKDOWN,4,B,150.17200400000002,150.47302510393817,149.41945124015461,0.3010211039381545,0.08405020787634324,0,0,1,0,1,1,True,1650,-1.0
1640,2025-10-06 19:05:00,19,-1,MARKDOWN,5,A,150.157172,150.43917914011348,149.4521541497163,0.28200714011347827,0.0643582802269139,0,0,1,1,1,1,True,1647,-1.0
1652,2025-10-06 20:05:00,20,1,MARKUP,5,A,149.91382199999998,149.72889302457932,150.37614443855165,0.1849289754206609,0.04821395084131302,0,1,0,1,1,1,False,-1,
1796,2025-10-07 08:05:00,8,1,MARKUP,6,A+,150.389958,150.2261452595597,150.79948985110076,0.16381274044030647,0.04570948088058364,0,1,1,1,1,1,False,-1,
1808,2025-10-07 09:05:00,9,1,MARKUP,6,A+,150.39798,150.22283912651267,150.8358321837183,0.17514087348732232,0.052321746974643514,0,1,1,1,1,1,False,-1,
1820,2025-10-07 10:05:00,10,1,MARKUP,6,A+,150.4209,150.22134975209264,150.91977561976836,0.19955024790735365,0.05530049581469191,0,1,1,1,1,1,False,-1,
1832,2025-10-07 11:05:00,11,1,MARKUP,4,B,150.42586599999998,150.22128352507025,150.93732218732433,0.2045824749297367,0.05543294985946909,0,0,0,1,1,1,False,-1,
1855,2025-10-07 13:00:00,13,1,MARKUP,5,A,150.583182,150.4071200231669,151.02333694208272,0.17606197683309688,0.04575995366619744,0,1,1,1,0,1,False,-1,
1867,2025-10-07 14:00:00,14,1,MARKUP,6,A+,150.641892,150.50419574231464,150.98613264421346,0.13769625768537708,0.04160851537074369,0,1,1,1,1,1,False,-1,
1879,2025-10-07 15:00:00,15,1,MARKUP,4,B,150.687732,150.50454757397287,151.14569306506786,0.18318442602713958,0.040904852054275215,0,1,0,1,0,1,False,-1,
1891,2025-10-07 16:00:00,16,1,MARKUP,4,B,150.717146,150.4975024602747,151.26625484931333,0.21964353972532535,0.05499507945064227,0,0,0,1,1,1,False,-1,
1903,2025-10-07 17:00:00,17,1,MARKUP,6,A+,150.834734,150.67413266974708,151.2362373256323,0.16060133025291634,0.06373466050580774,0,1,1,1,1,1,False,-1,
1915,2025-10-07 18:00:00,18,1,MARKUP,5,A,150.897,150.67126798593827,151.46133003515428,0.2257320140617196,0.0694640281234175,0,1,0,1,1,1,False,-1,
1927,2025-10-07 19:00:00,19,1,MARKUP,6,A+,150.91368599999998,150.69838745256354,151.4519323685911,0.21529854743644705,0.06922509487294712,0,1,1,1,1,1,False,-1,
1939,2025-10-07 20:00:00,20,1,MARKUP,4,B,150.991996,150.69907142741297,151.72430743146757,0.292924572587026,0.06785714517406441,0,1,0,1,0,1,False,-1,
2097,2025-10-08 09:10:00,9,1,MARKUP,4,B,152.404362,152.2160155609981,152.8752280975047,0.18834643900189008,0.07796887800378706,0,1,1,0,0,1,True,2100,2.5
2109,2025-10-08 10:10:00,10,1,MARKUP,5,A,152.386408,152.21423175553423,152.8168486111644,0.17217624446575996,0.08153648893151078,0,1,1,0,1,1,True,2116,2.5
2125,2025-10-08 11:30:00,11,1,MARKUP,5,A,152.37456600000002,152.21520689121627,152.77296377195938,0.1593591087837467,0.079586217567425,0,1,1,0,1,1,False,-1,
2143,2025-10-08 13:00:00,13,1,MARKUP,5,A,152.539972,152.21410836453737,153.35463108865662,0.32586363546263897,0.08178327092524214,0,1,0,1,1,1,False,-1,
2155,2025-10-08 14:00:00,14,1,MARKUP,4,B,152.539972,152.20860598668494,153.36838703328766,0.331366013315062,0.09278802663007502,0,0,0,1,1,1,True,2177,0.47388082570403806
2209,2025-10-08 18:30:00,18,1,MARKUP,6,A+,152.58892,152.33951034743274,153.21244413141818,0.249409652567266,0.07097930513452312,0,1,1,1,1,1,False,-1,
2221,2025-10-08 19:30:00,19,1,MARKUP,6,A+,152.536586,152.346776791393,153.01110902151748,0.18980920860698802,0.056446417213979166,0,1,1,1,1,1,False,-1,
2233,2025-10-08 20:30:00,20,1,MARKUP,6,A+,152.54308,152.35335162655298,153.01740093361758,0.18972837344702498,0.043296746894025157,0,1,1,1,1,1,False,-1,
2371,2025-10-09 08:00:00,8,-1,MARKDOWN,4,B,152.629716,152.7890800212505,152.23130594687376,0.15936402125049653,0.042160042500989967,0,0,0,1,1,1,True,2382,-1.0
2386,2025-10-09 09:15:00,9,1,MARKUP,6,A+,152.624504,152.37446505278845,153.2496013680289,0.25003894721155007,0.06306989442310357,0,1,1,1,1,1,False,-1,
2398,2025-10-09 10:15:00,10,1,MARKUP,5,A,152.688096,152.36539750601307,153.49484223496734,0.32269849398693395,0.08920498797383464,0,1,0,1,1,1,True,2419,-1.0
2410,2025-10-09 11:15:00,11,1,MARKUP,5,A,152.743286,152.4091548928914,153.57861376777157,0.33413110710861815,0.07769021421725389,0,1,0,1,1,1,True,2419,-1.0
2467,2025-10-09 16:00:00,16,1,MARKUP,6,A+,152.729266,152.43701870955312,153.4598842261172,0.29224729044688047,0.0779625808937853,0,1,1,1,1,1,True,2468,-1.0
2479,2025-10-09 17:00:00,17,1,MARKUP,6,A+,152.434104,152.03258980966461,153.43788947583843,0.4015141903353765,0.13682038067078064,0,1,1,1,1,1,False,-1,
2491,2025-10-09 18:00:00,18,1,MARKUP,6,A+,152.51547,152.0445972194824,153.69265195129398,0.4708727805175954,0.11280556103521994,0,1,1,1,1,1,False,-1,
2503,2025-10-09 19:00:00,19,1,MARKUP,5,A,152.535334,152.05056260307305,153.74726249231742,0.48477139692695914,0.1008747938538862,0,0,1,1,1,1,False,-1,
2515,2025-10-09 20:00:00,20,1,MARKUP,3,C,152.535334,152.06184890349644,153.71904674125892,0.4734850965035662,0.07830219300711155,0,0,0,0,1,1,False,-1,
2659,2025-10-10 08:00:00,8,-1,MARKDOWN,6,A+,152.96354,153.19284250793055,152.39028373017362,0.22930250793055507,0.0536850158611047,0,1,1,1,1,1,False,-1,
2678,2025-10-10 09:35:00,9,-1,MARKDOWN,4,B,152.794442,153.0916827393004,152.051340151749,0.2972407393004062,0.08336547860081252,0,0,1,0,1,1,True,2679,0.5498640609786024
2697,2025-10-10 11:10:00,11,-1,MARKDOWN,6,A+,152.735732,153.00590073172847,152.06031017067886,0.2701687317284609,0.10180146345689803,1,0,1,1,1,1,True,2702,2.5
2723,2025-10-10 13:20:00,13,-1,MARKDOWN,6,A+,152.735732,152.984692768284,152.11333007929005,0.24896076828397895,0.059385536567952577,0,1,1,1,1,1,True,2726,2.5
2738,2025-10-10 14:35:00,14,-1,MARKDOWN,6,A+,152.776224,152.9822372309608,152.26119092259802,0.20601323096079227,0.05447446192157328,0,1,1,1,1,1,False,-1,
2750,2025-10-10 15:35:00,15,-1,MARKDOWN,6,A+,152.778796,152.97009276841092,152.3005540789727,0.1912967684109219,0.060185536821824155,0,1,1,1,1,1,False,-1,
2762,2025-10-10 16:35:00,16,-1,MARKDOWN,4,B,152.72194000000002,152.88131405904537,152.32350485238663,0.15937405904534785,0.06662811809072591,0,0,0,1,1,1,False,-1,
2774,2025-10-10 17:35:00,17,-1,MARKDOWN,6,A+,152.72132200000001,152.879138369283,152.32678107679254,0.15781636928298326,0.06427673856600324,0,1,1,1,1,1,False,-1,
2786,2025-10-10 18:35:00,18,-1,MARKDOWN,5,A,152.28059,152.82387817761276,150.9223695559681,0.5432881776127658,0.12775635522550977,0,1,0,1,1,1,False,-1,
2798,2025-10-10 19:35:00,19,-1,MARKDOWN,6,A+,152.253398,152.7805521939006,150.9355125152485,0.5271541939005999,0.12910438780120065,0,1,1,1,1,1,False,-1,
2810,2025-10-10 20:35:00,20,-1,MARKDOWN,3,C,152.253398,152.7707608668521,150.95999083286978,0.5173628668520962,0.10952173370415867,0,0,0,0,1,1,False,-1,
2947,2025-10-13 08:00:00,8,-1,MARKDOWN,6,A+,151.947466,152.05881773094313,151.66908667264215,0.11135173094314155,0.04163546188621888,0,1,1,1,1,1,True,2968,-1.0
2959,2025-10-13 09:00:00,9,-1,MARKDOWN,5,A,151.919882,152.03760748162748,151.62556829593132,0.11772548162747398,0.04521496325497453,0,1,0,1,1,1,True,2960,-1.0
2974,2025-10-13 10:15:00,10,1,MARKUP,5,A,151.93133600000002,151.68217279835122,152.554244004122,0.24916320164879835,0.07965440329758519,0,1,0,1,1,1,False,-1,
2986,2025-10-13 11:15:00,11,1,MARKUP,5,A,151.97182800000002,151.68655416414427,152.68501258963937,0.2852738358557474,0.07089167171147345,0,1,0,1,1,1,False,-1,
3007,2025-10-13 13:00:00,13,1,MARKUP,3,C,152.00047800000002,151.69574069742515,152.7623212564372,0.3047373025748641,0.0525186051497266,0,0,0,1,0,1,True,3020,0.8745959150652546
3041,2025-10-13 15:50:00,15,1,MARKUP,4,B,152.159304,151.9510047417974,152.6800521455065,0.20829925820260087,0.05599051640522744,0,1,1,0,0,1,True,3049,0.012942916951687934
3056,2025-10-13 17:05:00,17,1,MARKUP,6,A+,152.09474600000001,151.948608158886,152.46009060278504,0.14613784111401174,0.060783682228020997,0,1,1,1,1,1,False,-1,
3068,2025-10-13 18:05:00,18,1,MARKUP,5,A,152.158922,151.9505074436648,152.67995839083795,0.20841455633518535,0.05698511267039552,0,1,0,1,1,1,False,-1,
3080,2025-10-13 19:05:00,19,1,MARKUP,2,C,152.16386599999998,151.9626646874574,152.66686928135647,0.20120131254259377,0.04867062508518694,0,0,0,0,0,1,False,-1,
3235,2025-10-14 08:00:00,8,-1,MARKDOWN,5,A,152.294794,152.6467478640366,151.4149093399085,0.3519538640366022,0.06749572807321905,0,1,0,1,1,1,False,-1,
3247,2025-10-14 09:00:00,9,-1,MARKDOWN,6,A+,152.164694,152.53967878064017,151.22723204839957,0.37498478064017604,0.07535756128030177,0,1,1,1,1,1,False,-1,
3259,2025-10-14 10:00:00,10,-1,MARKDOWN,5,A,152.154806,152.52791845679008,151.22202485802484,0.3731124567900679,0.08383691358018891,0,0,1,1,1,1,False,-1,
3325,2025-10-14 15:30:00,15,-1,MARKDOWN,5,A,152.03567,152.18878530798588,151.65288173003535,0.15311530798587114,0.0655706159717408,0,1,0,1,1,1,True,3328,2.5
3338,2025-10-14 16:35:00,16,-1,MARKDOWN,6,A+,152.04949,152.2062433521307,151.65760661967317,0.15675335213072117,0.08048670426140678,0,1,1,1,1,1,True,3343,2.5
3351,2025-10-14 17:40:00,17,-1,MARKDOWN,6,A+,152.034974,152.20904258128658,151.59980254678356,0.17406858128657632,0.08608516257315292,0,1,1,1,1,1,True,3353,1.3096791983654672
3363,2025-10-14 18:40:00,18,-1,MARKDOWN,4,B,152.002886,152.2117851886075,151.4806380284812,0.20889918860751777,0.09157037721504259,0,1,0,1,0,1,False,-1,
3375,2025-10-14 19:40:00,19,-1,MARKDOWN,6,A+,151.98073,152.2118472091955,151.40293697701122,0.23111720919550294,0.09169441839098141,0,1,1,1,1,1,False,-1,
3387,2025-10-14 20:40:00,20,-1,MARKDOWN,6,A+,151.97691,152.20076122336036,151.41728194159913,0.2238512233603558,0.06952244672073017,0,1,1,1,1,1,False,-1,
3528,2025-10-15 08:25:00,8,-1,MARKDOWN,6,A+,151.468354,151.77768952792462,150.69501518018848,0.3093355279246168,0.04337905584926441,0,1,1,1,1,1,False,-1,
3540,2025-10-15 09:25:00,9,-1,MARKDOWN,5,A,151.243844,151.4875710493588,150.634526376603,0.24372704935879597,0.061142098717582215,0,1,0,1,1,1,True,3551,-1.0
3555,2025-10-15 10:40:00,10,-1,MARKDOWN,6,A+,151.145582,151.33510133937398,150.67178365156502,0.18951933937398735,0.07420267874795515,1,0,1,1,1,1,True,3556,-1.0
3590,2025-10-15 13:35:00,13,1,MARKUP,4,B,151.125908,150.87033106008695,151.76485034978265,0.2555769399130554,0.057337879826081545,0,1,0,1,0,1,False,-1,
3602,2025-10-15 14:35:00,14,1,MARKUP,4,B,151.170404,150.94506688605176,151.73374678487056,0.2253371139482283,0.051866227896482965,0,0,1,1,0,1,False,-1,
3614,2025-10-15 15:35:00,15,1,MARKUP,5,A,151.31929000000002,151.05697650102584,151.9750737474355,0.26231349897418,0.07004699794832078,0,1,1,0,1,1,True,3635,-1.0
3626,2025-10-15 16:35:00,16,1,MARKUP,4,B,151.360166,151.08665937617246,152.04393255956882,0.27350662382752944,0.0786812476550778,0,1,0,0,1,1,True,3631,-1.0
3651,2025-10-15 18:40:00,18,-1,MARKDOWN,6,A+,151.474656,151.77637449252396,150.72035976869014,0.3017184925239462,0.07474898504793147,0,1,1,1,1,1,False,-1,
3663,2025-10-15 19:40:00,19,-1,MARKDOWN,6,A+,151.4716,151.77512126547543,150.71279683631138,0.3035212654754389,0.0722425309508457,0,1,1,1,1,1,False,-1,
3675,2025-10-15 20:40:00,20,-1,MARKDOWN,4,B,151.4716,151.77346680510345,150.71693298724136,0.3018668051034581,0.06893361020689785,0,0,1,0,1,1,False,-1,
3820,2025-10-16 08:45:00,8,1,MARKUP,5,A,150.772378,150.48335063859975,151.49494640350065,0.2890273614002581,0.05929872280054113,0,1,0,1,1,1,False,-1,
3832,2025-10-16 09:45:00,9,1,MARKUP,4,B,150.80332,150.47779666560942,151.6171283359765,0.32552333439059566,0.07040666878119935,0,1,0,1,0,1,False,-1,
3845,2025-10-16 10:50:00,10,1,MARKUP,5,A,150.929392,150.68033803208158,151.55202691979608,0.24905396791842804,0.0733239358368652,0,0,1,1,1,1,False,-1,
3857,2025-10-16 11:50:00,11,1,MARKUP,6,A+,151.05613400000001,150.81011233578567,151.67118816053585,0.24602166421433935,0.08177532842866249,0,1,1,1,1,1,False,-1,
3871,2025-10-16 13:00:00,13,1,MARKUP,4,B,151.116866,150.90838196169582,151.6380760957604,0.20848403830416373,0.06323607660836418,0,1,0,1,0,1,False,-1,
3883,2025-10-16 14:00:00,14,1,MARKUP,4,B,151.116866,150.9131916471143,151.6260518822142,0.20367435288568458,0.05361670577136317,0,0,1,0,1,1,True,3901,-1.0
3895,2025-10-16 15:00:00,15,1,MARKUP,5,A,151.116866,150.9137440679665,151.62467083008374,0.20312193203349693,0.052511864067001486,0,0,1,1,1,1,True,3901,-1.0
3923,2025-10-16 17:20:00,17,-1,MARKDOWN,6,A+,151.200158,151.44528745103995,150.5873343724001,0.24512945103995776,0.0845749020799111,0,1,1,1,1,1,False,-1,
3935,2025-10-16 18:20:00,18,-1,MARKDOWN,5,A,151.138486,151.4142084149352,150.44917996266201,0.27572241493518845,0.0724168298703944,0,1,0,1,1,1,False,-1,
3947,2025-10-16 19:20:00,19,-1,MARKDOWN,6,A+,151.085388,151.41284086673758,150.26675583315603,0.32745286673758756,0.06968173347520432,0,1,1,1,1,1,False,-1,
3959,2025-10-16 20:20:00,20,-1,MARKDOWN,5,A,150.88399,151.34120809346535,149.74094476633667,0.45721809346534314,0.10841618693069824,0,1,0,1,1,1,False,-1,
4099,2025-10-17 08:00:00,8,-1,MARKDOWN,6,A+,150.199292,150.4185869913396,149.65105452165108,0.21929499133958075,0.06117398267917606,0,1,1,1,1,1,False,-1,
4111,2025-10-17 09:00:00,9,-1,MARKDOWN,5,A,150.13053200000002,150.4182813707448,149.41115857313804,0.2877493707447911,0.06056274148962586,0,1,0,1,1,1,False,-1,
4123,2025-10-17 10:00:00,10,-1,MARKDOWN,6,A+,150.040526,150.4347278933563,149.05502126660926,0.3942018933562963,0.09545578671256862,0,1,1,1,1,1,False,-1,
4135,2025-10-17 11:00:00,11,-1,MARKDOWN,6,A+,149.85177,150.19935599044726,148.9828050238818,0.34758599044727134,0.1107119808945185,0,1,1,1,1,1,True,4140,-1.0
4182,2025-10-17 14:55:00,14,1,MARKUP,5,A,149.743428,149.326625226151,150.78543493462246,0.41680277384898545,0.10474954769795496,0,1,0,1,1,1,False,-1,
4194,2025-10-17 15:55:00,15,1,MARKUP,5,A,149.95119200000002,149.53733766112728,150.98582784718187,0.4138543388727385,0.09732467774545067,0,1,0,1,1,1,False,-1,
4206,2025-10-17 16:55:00,16,1,MARKUP,6,A+,149.963552,149.5562478509162,150.98181237270944,0.4073041490837852,0.09950429816757858,0,1,1,1,1,1,False,-1,
4218,2025-10-17 17:55:00,17,1,MARKUP,5,A,150.022204,149.62347791969069,151.01901920077324,0.39872608030930223,0.09304416061859068,0,1,0,1,1,1,False,-1,
4230,2025-10-17 18:55:00,18,1,MARKUP,3,C,150.147658,149.83447248431818,150.93062178920457,0.3131855156818233,0.07705503136363014,0,0,1,0,0,1,False,-1,
4249,2025-10-17 20:30:00,20,1,MARKUP,6,A+,150.32626000000002,150.13182747822808,150.81234130442988,0.1944325217719438,0.06034504354383833,0,1,1,1,1,1,False,-1,
4394,2025-10-20 08:35:00,8,-1,MARKDOWN,4,B,150.934072,151.23020736844845,150.19373357887883,0.29613536844846067,0.05441473689687824,0,1,0,1,0,1,False,-1,
4406,2025-10-20 09:35:00,9,-1,MARKDOWN,5,A,150.869182,151.12874874099094,150.22026514752264,0.2595667409909481,0.061497481981886176,0,1,1,1,0,1,False,-1,
4426,2025-10-20 11:15:00,11,1,MARKUP,6,A+,150.633846,150.46866858930017,151.0467895267496,0.16517741069984027,0.06066282139964835,0,1,1,1,1,1,True,4433,-1.0
4462,2025-10-20 14:15:00,14,1,MARKUP,5,A,150.488684,150.24638234146744,151.0944381463314,0.24230165853256835,0.05523531706511924,0,1,0,1,1,1,False,-1,
4474,2025-10-20 15:15:00,15,1,MARKUP,4,B,150.496324,150.24371642094465,151.12784294763833,0.2526075790553364,0.06056715811071759,0,0,0,1,1,1,False,-1,
4490,2025-10-20 16:35:00,16,1,MARKUP,6,A+,150.496324,150.24203564253344,151.13204489366638,0.25428835746654954,0.06392871493313881,0,1,1,1,1,1,True,4502,0.9307386400148132
4502,2025-10-20 17:35:00,17,-1,MARKDOWN,5,A,150.685628,150.8895505465881,150.17582163352975,0.20392254658810316,0.06710109317625937,0,1,1,1,0,1,False,-1,
4515,2025-10-20 18:40:00,18,-1,MARKDOWN,4,B,150.685628,150.88651829580522,150.183402260487,0.200890295805209,0.061036591610468933,0,1,0,1,0,1,True,4529,0.8443812545554469
4527,2025-10-20 19:40:00,19,-1,MARKDOWN,4,B,150.683156,150.87857668557223,150.19460428606942,0.19542068557223047,0.05315337114442917,1,0,0,0,1,1,True,4529,0.8553649247035429
4541,2025-10-20 20:50:00,20,1,MARKUP,6,A+,150.578844,150.3911870965908,151.047986258523,0.1876569034091915,0.037625806818371216,0,1,1,1,1,1,False,-1,
4675,2025-10-21 08:00:00,8,1,MARKUP,4,B,150.763668,150.42296531384665,151.61542471538337,0.34070268615334953,0.09006937230667916,0,1,0,1,0,1,False,-1,
4687,2025-10-21 09:00:00,9,1,MARKUP,5,A,150.929482,150.47589974866895,152.06343762832765,0.45358225133105634,0.10420050266210372,0,1,1,1,0,1,False,-1,
4699,2025-10-21 10:00:00,10,1,MARKUP,3,C,151.14659,150.81331571245852,151.97977571885372,0.33327428754148514,0.09736857508296133,1,0,0,0,0,1,True,4700,2.5
4716,2025-10-21 11:25:00,11,1,MARKUP,5,A,151.14659,150.81169259171298,151.98383352071755,0.33489740828701997,0.10061481657404475,0,1,1,0,1,1,False,-1,
4735,2025-10-21 13:00:00,13,1,MARKUP,5,A,151.226046,150.8237135471733,152.23187713206676,0.4023324528266983,0.0765729056534054,0,1,0,1,1,1,False,-1,
4747,2025-10-21 14:00:00,14,1,MARKUP,5,A,151.43879800000002,151.0192515836543,152.48766404086433,0.41954641634572454,0.08349683269144821,0,1,0,1,1,1,False,-1,
4759,2025-10-21 15:00:00,15,1,MARKUP,4,B,151.43879800000002,151.02193645198653,152.48095187003372,0.41686154801348607,0.07812709602696698,0,1,0,0,1,1,False,-1,
4771,2025-10-21 16:00:00,16,1,MARKUP,5,A,151.486548,151.02207627559363,152.6477273110159,0.46447172440636564,0.07784744881276495,0,1,0,1,1,1,True,4783,0.8470956988885846
4810,2025-10-21 19:15:00,19,1,MARKUP,6,A+,151.731894,151.4206308192267,152.51005195193332,0.3112631807733237,0.07473836154660043,0,1,1,1,1,1,False,-1,
4822,2025-10-21 20:15:00,20,1,MARKUP,5,A,151.731894,151.42699387437204,152.49414431406993,0.30490012562796664,0.06201225125591467,0,1,1,0,1,1,False,-1,
4976,2025-10-22 09:05:00,9,1,MARKUP,4,B,151.67375399999997,151.48231299057744,152.1523565235563,0.19144100942253317,0.041374018845081774,0,1,0,0,1,1,True,4987,0.8474986654606613
4988,2025-10-22 10:05:00,10,1,MARKUP,5,A,151.728756,151.5587599786988,152.15374605325303,0.16999602130121616,0.06648004260243401,0,1,1,0,1,1,True,4989,0.566154426811258
5000,2025-10-22 11:05:00,11,1,MARKUP,5,A,151.746678,151.58667696156994,152.14668059607516,0.1600010384300674,0.06864607686014812,0,1,1,0,1,1,True,5001,0.333260337077839
5023,2025-10-22 13:00:00,13,-1,MARKDOWN,5,A,151.824322,151.97683371076226,151.44304272309432,0.1525117107622691,0.053667421524566994,0,1,1,0,1,1,True,5027,-1.0
5039,2025-10-22 14:20:00,14,1,MARKUP,6,A+,151.731016,151.59653433991122,152.067220150222,0.13448166008879525,0.04893132017760352,0,1,1,1,1,1,True,5045,-1.0
5051,2025-10-22 15:20:00,15,1,MARKUP,5,A,151.73657799999998,151.60083759929785,152.0759290017553,0.135740400702133,0.05832480140432346,0,1,1,0,1,1,False,-1,
5063,2025-10-22 16:20:00,16,1,MARKUP,6,A+,151.785092,151.59616483668833,152.25740990827916,0.1889271633116607,0.06767032662334382,0,1,1,1,1,1,True,5087,-1.0
5075,2025-10-22 17:20:00,17,1,MARKUP,5,A,151.84405999999998,151.68238797018776,152.24824007453054,0.16167202981222317,0.0712240596244508,0,1,1,0,1,1,True,5083,-1.0
5104,2025-10-22 19:45:00,19,-1,MARKDOWN,5,A,151.840956,152.08375380763735,151.23396148090666,0.24279780763734493,0.07150761527468699,0,1,0,1,1,1,True,5127,-1.0
5116,2025-10-22 20:45:00,20,-1,MARKDOWN,5,A,151.840956,152.08131404831482,151.24006087921296,0.24035804831481755,0.06662809662963019,0,1,0,1,1,1,True,5127,-1.0
5251,2025-10-23 08:00:00,8,1,MARKUP,3,C,152.259584,152.04563295220728,152.79446161948175,0.21395104779270468,0.03673409558542357,0,0,0,1,0,1,False,-1,
5270,2025-10-23 09:35:00,9,1,MARKUP,6,A+,152.417792,152.29721850391707,152.71922574020732,0.12057349608292611,0.04556299216586249,0,1,1,1,1,1,True,5279,2.5
5282,2025-10-23 10:35:00,10,1,MARKUP,6,A+,152.445678,152.28949995331254,152.8361231167186,0.15617804668744384,0.061000093374889396,0,1,1,1,1,1,True,5283,1.7308578621232968
5294,2025-10-23 11:35:00,11,1,MARKUP,5,A,152.445678,152.29344433498872,152.82626216252817,0.15223366501126634,0.053111330022568556,0,1,1,0,1,1,False,-1,
5311,2025-10-23 13:00:00,13,1,MARKUP,5,A,152.452554,152.29769764466892,152.8396948883277,0.1548563553310771,0.04460471066212852,0,1,0,1,1,1,False,-1,
5323,2025-10-23 14:00:00,14,1,MARKUP,5,A,152.502664,152.30777108248267,152.98989629379335,0.19489291751733617,0.044457835034673286,0,1,0,1,1,1,True,5344,0.44812300576404823
5335,2025-10-23 15:00:00,15,1,MARKUP,4,B,152.536294,152.3553900760884,152.98855380977898,0.18090392391158616,0.04321984782320176,0,0,0,1,1,1,True,5341,0.21395887476109973
5356,2025-10-23 16:45:00,16,1,MARKUP,5,A,152.585734,152.42622310312916,152.98451124217712,0.15951089687084163,0.06155379374164446,0,1,1,1,0,1,True,5360,-0.23656064093573598
5373,2025-10-23 18:10:00,18,1,MARKUP,6,A+,152.585734,152.4290909547408,152.97734161314804,0.1566430452592158,0.05581809051842196,0,1,1,1,1,1,False,-1,
5385,2025-10-23 19:10:00,19,1,MARKUP,6,A+,152.585734,152.43411475395945,152.9647821151014,0.15161924604055343,0.04577049208111075,0,1,1,1,1,1,False,-1,
5397,2025-10-23 20:10:00,20,1,MARKUP,4,B,152.588026,152.43551988750153,152.96929128124623,0.1525061124984859,0.04296022499692272,0,1,1,0,0,1,True,5413,2.0522062681461652
5539,2025-10-24 08:00:00,8,1,MARKUP,5,A,152.64963,152.45419900293496,153.13820749266262,0.19543099706504563,0.03560199413013145,0,1,1,1,0,1,False,-1,
5551,2025-10-24 09:00:00,9,1,MARKUP,5,A,152.805868,152.63773908798717,153.22619028003209,0.16812891201283264,0.05052182402567607,0,1,1,1,0,1,True,5568,-1.0
5563,2025-10-24 10:00:00,10,1,MARKUP,3,C,152.845846,152.68639245805247,153.2444798548688,0.1594535419475278,0.04921508389510104,0,0,0,1,0,1,True,5565,-1.0
5579,2025-10-24 11:20:00,11,1,MARKUP,5,A,152.845846,152.6847126444182,153.24867938895449,0.16113335558179642,0.052574711163614604,0,1,1,1,0,1,False,-1,
5599,2025-10-24 13:00:00,13,1,MARKUP,4,B,152.871802,152.72934807521094,153.22793681197265,0.14245392478906638,0.04730384957807932,0,0,0,1,1,1,True,5623,-1.0
5611,2025-10-24 14:00:00,14,1,MARKUP,5,A,152.871802,152.73524534761316,153.2131936309671,0.13655665238684378,0.03550930477363045,0,1,1,0,1,1,True,5623,-1.0
5631,2025-10-24 15:40:00,15,-1,MARKDOWN,5,A,152.709288,153.06892895060392,151.81018562349016,0.3596409506039322,0.09585790120785005,0,1,0,1,1,1,True,5635,-0.11042124077728548
5643,2025-10-24 16:40:00,16,-1,MARKDOWN,6,A+,152.69322,153.04314382104744,151.81841044738138,0.34992382104744024,0.09628764209487944,1,0,1,1,1,1,True,5644,-0.37373848859030784
5827,2025-10-27 08:00:00,8,1,MARKUP,6,A+,152.862426,152.63476903148342,153.43156842129144,0.2276569685165839,0.0404619370331494,0,1,1,1,1,1,True,5846,-1.0
5839,2025-10-27 09:00:00,9,1,MARKUP,3,C,152.884582,152.63378995437353,153.51156211406618,0.2507920456264685,0.04242009125295308,0,0,0,1,0,1,True,5846,-1.0
5869,2025-10-27 11:30:00,11,-1,MARKDOWN,5,A,153.07455000000002,153.29229586480758,152.5301853379811,0.21774586480756852,0.0725917296151696,0,1,1,0,1,1,False,-1,
5887,2025-10-27 13:00:00,13,-1,MARKDOWN,5,A,153.04399,153.28252713856818,152.44764715357957,0.2385371385681765,0.05305427713638186,0,1,0,1,1,1,False,-1,
5899,2025-10-27 14:00:00,14,-1,MARKDOWN,5,A,152.958706,153.14203385706662,152.50038635733347,0.18332785706661525,0.04806771413328006,0,1,1,0,1,1,False,-1,
5911,2025-10-27 15:00:00,15,-1,MARKDOWN,6,A+,152.879798,153.10589653009865,152.31455167475337,0.22609853009865333,0.061793060197341786,0,1,1,1,1,1,True,5922,-1.0
5935,2025-10-27 17:00:00,17,1,MARKUP,4,B,152.805806,152.53063294605838,153.49373863485403,0.2751730539416144,0.06673410788325056,0,1,0,1,0,1,False,-1,
5947,2025-10-27 18:00:00,18,1,MARKUP,6,A+,152.805806,152.53438167884673,153.48436680288313,0.27142432115326187,0.059236642306544476,0,1,1,1,1,1,False,-1,
5959,2025-10-27 19:00:00,19,1,MARKUP,3,C,152.805806,152.53729098852872,153.47709352867815,0.26851501147126555,0.05341802294253268,0,0,0,0,1,1,False,-1,
5974,2025-10-27 20:15:00,20,1,MARKUP,4,B,152.85339199999999,152.61945895441966,153.4382246139508,0.23393304558032924,0.043082091160696466,0,1,1,0,0,1,True,5992,-1.0
6115,2025-10-28 08:00:00,8,-1,MARKDOWN,5,A,152.398312,152.77437685161127,151.45814987097185,0.376064851611261,0.07675370322256778,0,1,0,1,1,1,False,-1,
6127,2025-10-28 09:00:00,9,-1,MARKDOWN,5,A,152.209904,152.5260964362025,151.41942290949373,0.31619243620249904,0.07619287240501309,0,1,0,1,1,1,True,6140,0.7176136239219663
6157,2025-10-28 11:30:00,11,-1,MARKDOWN,5,A,152.20125199999998,152.51786673582822,151.40971516042939,0.31661473582823874,0.08773347165648075,0,1,1,0,1,1,False,-1,
6175,2025-10-28 13:00:00,13,-1,MARKDOWN,6,A+,152.12832799999998,152.39256480988274,151.46773597529307,0.2642368098827603,0.07312961976551045,0,1,1,1,1,1,False,-1,
6187,2025-10-28 14:00:00,14,-1,MARKDOWN,5,A,152.148574,152.3836443552829,151.5608981117927,0.23507035528291453,0.055288710565810625,0,1,0,1,1,1,True,6201,0.29171691988746506
6220,2025-10-28 16:45:00,16,1,MARKUP,5,A,152.0331,151.79027469436033,152.64016326409913,0.24282530563965565,0.06545061127936805,0,1,0,1,1,1,True,6231,0.5349524822292931
6234,2025-10-28 17:55:00,17,-1,MARKDOWN,6,A+,152.1629,152.40597417657102,151.55521455857246,0.24307417657101382,0.06594835314203484,0,1,1,1,1,1,True,6246,1.7439121093809873
6256,2025-10-28 19:45:00,19,1,MARKUP,4,B,152.05164,151.81642025957055,152.6396893510736,0.23521974042944294,0.07315948085894036,0,1,0,1,0,1,False,-1,
6268,2025-10-28 20:45:00,20,1,MARKUP,5,A,152.05164,151.82472471292516,152.61892821768708,0.22691528707483144,0.056550574149702416,0,1,1,1,0,1,True,6283,-1.0
6403,2025-10-29 08:00:00,8,1,MARKUP,4,B,151.76934599999998,151.5153982848632,152.4042152878419,0.25394771513677483,0.04720343027353349,0,1,0,0,1,1,False,-1,
6415,2025-10-29 09:00:00,9,1,MARKUP,4,B,151.961698,151.5692201843634,152.9428925390916,0.3924778156366244,0.06755963127325203,0,1,0,1,0,1,False,-1,
6427,2025-10-29 10:00:00,10,1,MARKUP,4,B,152.139064,151.85603165069793,152.84664487325514,0.28303234930206145,0.06793669860411135,1,0,0,1,0,1,True,6428,-0.5973310132813158
6450,2025-10-29 11:55:00,11,1,MARKUP,6,A+,152.181706,151.9262673663823,152.82030258404424,0.25543863361770036,0.06546526723542655,0,1,1,1,1,1,False,-1,
6463,2025-10-29 13:00:00,13,1,MARKUP,7,A+,152.20828,151.9708478965992,152.80186025850202,0.23743210340080623,0.06230420680165484,1,1,1,1,1,1,True,6476,-1.0
6478,2025-10-29 14:15:00,14,1,MARKUP,5,A,152.180012,151.977589854762,152.68606736309505,0.2024221452380175,0.0488202904760596,0,0,1,1,1,1,True,6485,-1.0
6505,2025-10-29 16:30:00,16,-1,MARKDOWN,6,A+,152.242238,152.5028128143486,151.59080096412845,0.2605748143486153,0.06962562869722473,0,1,1,1,1,1,False,-1,
6517,2025-10-29 17:30:00,17,-1,MARKDOWN,4,B,152.19904599999998,152.4416293851701,151.59258753707468,0.24258338517012135,0.06725877034020383,0,0,0,1,1,1,False,-1,
6529,2025-10-29 18:30:00,18,-1,MARKDOWN,5,A,152.19904599999998,152.43724983729652,151.60353640675862,0.23820383729653827,0.05849967459304896,0,1,1,1,0,1,True,6553,-1.0
6691,2025-10-30 08:00:00,8,1,MARKUP,5,A,152.53221399999998,152.09293201348055,153.63041896629858,0.4392819865194326,0.132135973038899,0,1,0,1,1,1,False,-1,
6703,2025-10-30 09:00:00,9,1,MARKUP,6,A+,152.53221399999998,152.11024764757565,153.58712988106083,0.42196635242433445,0.0975047048487135,0,1,1,1,1,1,False,-1,
6715,2025-10-30 10:00:00,10,1,MARKUP,5,A,152.679284,152.09902602139243,154.1299289465189,0.5802579786075626,0.11994795721514437,0,1,0,1,1,1,False,-1,
6727,2025-10-30 11:00:00,11,1,MARKUP,6,A+,152.69303599999998,152.10661472578263,154.15908918554334,0.5864212742173436,0.10477054843472755,0,1,1,1,1,1,False,-1,
6751,2025-10-30 13:00:00,13,1,MARKUP,5,A,153.157906,152.66432717102657,154.39185307243355,0.4935788289734262,0.08334565794686062,0,1,1,0,1,1,False,-1,
6763,2025-10-30 14:00:00,14,1,MARKUP,5,A,153.338392,152.9038654822143,154.42470829446427,0.43452651778571294,0.062269035571436496,0,1,1,1,0,1,False,-1,
6775,2025-10-30 15:00:00,15,1,MARKUP,6,A+,153.62189,153.24669193140036,154.5598851714991,0.37519806859964433,0.06661613719926157,0,1,1,1,1,1,False,-1,
6787,2025-10-30 16:00:00,16,1,MARKUP,6,A+,153.845138,153.48030354564844,154.75722413587886,0.36483445435155204,0.07339290870309464,0,1,1,1,1,1,False,-1,
6799,2025-10-30 17:00:00,17,1,MARKUP,4,B,153.938386,153.5808236529037,154.83229186774082,0.3575623470963194,0.08635269419258529,0,0,0,1,1,1,False,-1,
6811,2025-10-30 18:00:00,18,1,MARKUP,6,A+,154.050862,153.7659354859929,154.76317828501772,0.2849265140070827,0.08012902801420106,0,1,1,1,1,1,True,6820,-0.4592833364632209
6988,2025-10-31 08:45:00,8,-1,MARKDOWN,6,A+,153.91047,154.09721094030002,153.44361764924997,0.18674094030001243,0.05642188060008271,0,1,1,1,1,1,True,6990,-1.0
7000,2025-10-31 09:45:00,9,1,MARKUP,6,A+,153.908316,153.705984310676,154.41414522331004,0.20233168932401213,0.0700313786480219,0,1,1,1,1,1,False,-1,
7012,2025-10-31 10:45:00,10,1,MARKUP,5,A,154.037414,153.77876648743202,154.68403278142,0.2586475125679897,0.0764670251359536,0,1,0,1,1,1,False,-1,
7024,2025-10-31 11:45:00,11,1,MARKUP,5,A,154.05494199999998,153.79761540143738,154.69825849640648,0.25732659856259943,0.07076919712521763,0,1,0,1,1,1,False,-1,
7091,2025-10-31 17:20:00,17,-1,MARKDOWN,4,B,154.128076,154.31310971855913,153.66549170360213,0.18503371855913997,0.07821943711828569,0,1,0,0,1,1,True,7113,-0.026611365962701593
7103,2025-10-31 18:20:00,18,-1,MARKDOWN,5,A,154.115098,154.28673292658485,153.68601068353786,0.1716349265848578,0.06746585316969655,0,1,1,0,1,1,True,7113,-0.10430278007063924
7118,2025-10-31 19:35:00,19,-1,MARKDOWN,4,B,154.115098,154.28835993486186,153.6819431628453,0.1732619348618698,0.07071986972373664,0,0,1,1,0,1,True,7122,-0.010977598752533374
7270,2025-11-03 08:15:00,8,1,MARKUP,6,A+,154.076096,153.97383093015176,154.33175867462063,0.10226506984824368,0.030338139696493363,0,1,1,1,1,1,False,-1,
7282,2025-11-03 09:15:00,9,1,MARKUP,6,A+,154.092522,153.97046600357152,154.39766199107123,0.12205599642848597,0.03706799285700256,0,1,1,1,1,1,True,7298,-1.0
7294,2025-11-03 10:15:00,10,1,MARKUP,3,C,154.10169,153.96542117200858,154.44236206997851,0.13626882799141526,0.047157655982833654,0,0,0,0,1,1,True,7298,-1.0
7327,2025-11-03 13:00:00,13,1,MARKUP,5,A,154.140006,154.0365708286312,154.398593928422,0.1034351713688011,0.02885834273755875,0,1,1,0,1,1,True,7331,-1.0
7339,2025-11-03 14:00:00,14,1,MARKUP,5,A,154.140006,154.03799748716176,154.3950272820956,0.10200851283823908,0.026005025676435086,0,1,1,0,1,1,False,-1,
7351,2025-11-03 15:00:00,15,1,MARKUP,5,A,154.110974,154.03877512803066,154.29147117992335,0.07219887196933428,0.024449743938667466,0,1,1,0,1,1,True,7373,-1.0
7363,2025-11-03 16:00:00,16,1,MARKUP,3,C,154.17340000000002,154.0809822988544,154.40444425286407,0.09241770114562087,0.032035402291233174,0,1,0,0,0,1,True,7373,-1.0
7384,2025-11-03 17:45:00,17,-1,MARKDOWN,6,A+,154.13847,154.3297136854553,153.66036078636182,0.1912436854552766,0.06542737091055612,1,0,1,1,1,1,True,7385,-0.3478807671041176
7396,2025-11-03 18:45:00,18,-1,MARKDOWN,5,A,154.13847,154.32238137077653,153.67869157305873,0.18391137077651365,0.05076274155303944,0,0,1,1,1,1,True,7398,-1.0
7418,2025-11-03 20:35:00,20,1,MARKUP,5,A,154.04053,153.8654552104367,154.47821697390822,0.17507478956329692,0.03308957912664334,0,1,0,1,1,1,False,-1,
7555,2025-11-04 08:00:00,8,-1,MARKDOWN,5,A,154.182546,154.51934773860046,153.34054165349886,0.3368017386004567,0.06469547720094411,0,1,0,1,1,1,False,-1,
7567,2025-11-04 09:00:00,9,-1,MARKDOWN,6,A+,154.026098,154.39137216733465,153.11291258166335,0.3652741673346611,0.07274433466934647,0,1,1,1,1,1,False,-1,
7579,2025-11-04 10:00:00,10,-1,MARKDOWN,6,A+,153.844176,154.20149477664515,152.95087905838716,0.357318776645144,0.07898955329029908,0,1,1,1,1,1,False,-1,
7591,2025-11-04 11:00:00,11,-1,MARKDOWN,3,C,153.80586,154.14011607862557,152.97021980343607,0.3342560786255717,0.08023215725113321,0,0,0,0,1,1,False,-1,
7617,2025-11-04 13:10:00,13,-1,MARKDOWN,6,A+,153.588302,153.7884078336649,153.08803741583773,0.20010583366490664,0.06481566732978243,0,1,1,1,1,1,True,7627,-0.3782898210091711
7629,2025-11-04 14:10:00,14,-1,MARKDOWN,3,C,153.588302,153.78699044420233,153.09158088949417,0.19868844420233245,0.06198088840468807,0,0,0,1,0,1,True,7633,-0.3004603525870105
7641,2025-11-04 15:10:00,15,-1,MARKDOWN,4,B,153.588302,153.7857755173447,153.09461820663827,0.1974735173446902,0.0595510346893922,0,1,0,0,1,1,True,7663,-0.3377566819938744
7653,2025-11-04 16:10:00,16,-1,MARKDOWN,4,B,153.588302,153.78700435272668,153.0915461181833,0.19870235272668424,0.06200870545335061,0,1,0,0,1,1,True,7663,-0.335667892628054
7665,2025-11-04 17:10:00,17,-1,MARKDOWN,4,B,153.506726,153.6605552857292,153.12215278567695,0.15382928572921628,0.07311057145842735,0,0,1,0,1,1,True,7666,-1.0
7677,2025-11-04 18:10:00,18,-1,MARKDOWN,6,A+,153.506726,153.65478026892913,153.13659032767714,0.14805426892914397,0.06156053785825889,0,1,1,1,1,1,True,7683,-1.0
7846,2025-11-05 08:15:00,8,1,MARKUP,5,A,153.2073,152.92979731055314,153.90105672361716,0.2775026894468624,0.05840537889370964,0,1,1,0,1,1,False,-1,
7858,2025-11-05 09:15:00,9,1,MARKUP,6,A+,153.34748,153.0674574061605,154.04753648459868,0.28002259383947603,0.07108518767901532,0,1,1,1,1,1,False,-1,
7870,2025-11-05 10:15:00,10,1,MARKUP,5,A,153.476642,153.27838491743265,153.97228470641838,0.19825708256735197,0.06723016513471124,0,1,0,1,1,1,True,7877,2.5
7887,2025-11-05 11:40:00,11,1,MARKUP,6,A+,153.536588,153.37992974885103,153.92823362787243,0.15665825114896847,0.05814050229792735,0,1,1,1,1,1,False,-1,
7903,2025-11-05 13:00:00,13,1,MARKUP,6,A+,153.581586,153.39359864422994,154.05155438942512,0.18798735577004777,0.05280271154009713,0,1,1,1,1,1,True,7914,2.5
7915,2025-11-05 14:00:00,14,1,MARKUP,6,A+,153.581586,153.39836367003358,154.03964182491603,0.1832223299664122,0.043272659932815545,1,0,1,1,1,1,True,7916,2.5
7927,2025-11-05 15:00:00,15,1,MARKUP,5,A,153.581586,153.39950255113243,154.03679462216888,0.18208344886755867,0.04099489773512497,0,1,0,1,1,1,False,-1,
7939,2025-11-05 16:00:00,16,1,MARKUP,6,A+,153.697572,153.46151252454237,154.2877206886441,0.23605947545763684,0.05497495091526701,0,1,1,1,1,1,False,-1,
7951,2025-11-05 17:00:00,17,1,MARKUP,5,A,153.85049999999998,153.5261404629568,154.66139884260798,0.3243595370431933,0.0757190740864076,0,1,1,1,0,1,False,-1,
7963,2025-11-05 18:00:00,18,1,MARKUP,6,A+,153.856612,153.5288510261886,154.67601443452855,0.3277609738114222,0.07029794762282504,0,1,1,1,1,1,False,-1,
7975,2025-11-05 19:00:00,19,1,MARKUP,4,B,153.866544,153.53376612831136,154.6984886792216,0.3327778716886485,0.06046774337728004,0,0,0,1,1,1,False,-1,
8131,2025-11-06 08:00:00,8,-1,MARKDOWN,5,A,153.93975799999998,154.0489625051833,153.66674673704165,0.10920450518332814,0.04192501036662011,0,1,0,1,1,1,True,8138,2.5
8148,2025-11-06 09:25:00,9,-1,MARKDOWN,5,A,153.944342,154.04934240377935,153.68184099055165,0.10500040377934283,0.04268480755871934,0,1,1,0,1,1,False,-1,
8160,2025-11-06 10:25:00,10,-1,MARKDOWN,6,A+,153.890098,154.0556209879796,153.47629053005096,0.16552298797961384,0.05524197595921867,0,1,1,1,1,1,False,-1,
8172,2025-11-06 11:25:00,11,-1,MARKDOWN,6,A+,153.838146,154.05668262325574,153.29180444186062,0.2185366232557442,0.05736524651150965,0,1,1,1,1,1,False,-1,
8191,2025-11-06 13:00:00,13,-1,MARKDOWN,4,B,153.82455000000002,154.02543590984612,153.32233522538473,0.20088590984610732,0.03887181969223021,0,0,1,0,1,1,False,-1,
8203,2025-11-06 14:00:00,14,-1,MARKDOWN,5,A,153.805392,153.99692342277515,153.32656344306216,0.19153142277514235,0.04384684555034409,0,1,0,1,1,1,False,-1,
8215,2025-11-06 15:00:00,15,-1,MARKDOWN,6,A+,153.696006,153.82069701174697,153.3842784706326,0.12469101174696107,0.045394023493912604,0,1,1,1,1,1,False,-1,
8227,2025-11-06 16:00:00,16,-1,MARKDOWN,5,A,153.633896,153.80537617723456,153.20519555691357,0.17148017723457087,0.05875235446909636,0,1,0,1,1,1,False,-1,
8239,2025-11-06 17:00:00,17,-1,MARKDOWN,6,A+,153.58309,153.81042320072373,153.01475699819065,0.2273332007237343,0.06884640144743737,0,1,1,1,1,1,False,-1,
8251,2025-11-06 18:00:00,18,-1,MARKDOWN,5,A,153.47269,153.78147652231172,152.7007236942207,0.30878652231172055,0.07895304462345341,0,1,0,1,1,1,False,-1,
8263,2025-11-06 19:00:00,19,-1,MARKDOWN,6,A+,153.445332,153.77805058001445,152.6135355499639,0.33271858001444343,0.07410116002885192,0,1,1,1,1,1,False,-1,
8275,2025-11-06 20:00:00,20,-1,MARKDOWN,5,A,153.329254,153.67190437630848,152.47262805922878,0.34265037630848383,0.07180875261697646,0,0,1,1,1,1,False,-1,
8419,2025-11-07 08:00:00,8,1,MARKUP,6,A+,153.146888,152.93654346595474,153.6727493351131,0.2103445340452481,0.05091306809050781,0,1,1,1,1,1,False,-1,
8431,2025-11-07 09:00:00,9,1,MARKUP,5,A,153.182796,152.93648590432213,153.79857123919467,0.24631009567787032,0.05102819135572929,0,1,0,1,1,1,False,-1,
8443,2025-11-07 10:00:00,10,1,MARKUP,6,A+,153.21554999999998,152.9866947429865,153.7876881425337,0.22885525701349252,0.05661051402697874,0,1,1,1,1,1,False,-1,
8455,2025-11-07 11:00:00,11,1,MARKUP,5,A,153.219876,152.99208119293704,153.78936301765742,0.2277948070629634,0.0598376141258826,0,1,0,1,1,1,False,-1,
8490,2025-11-07 13:55:00,13,-1,MARKDOWN,5,A,153.338304,153.56637373002795,152.7681296749301,0.22806973002795417,0.052747460055939784,0,1,0,1,1,1,True,8513,-1.0
8502,2025-11-07 14:55:00,14,-1,MARKDOWN,5,A,153.32718,153.54752991380175,152.7763052154956,0.22034991380175484,0.05105982760352165,0,1,0,1,1,1,True,8512,-1.0
8522,2025-11-07 16:35:00,16,-1,MARKDOWN,6,A+,153.31158399999998,153.5370844595143,152.7478328512142,0.22550045951430775,0.0781689190285722,0,1,1,1,1,1,True,8523,-1.0
8534,2025-11-07 17:35:00,17,-1,MARKDOWN,6,A+,153.298606,153.52495258745384,152.73273953136544,0.22634658745383263,0.09590517490765996,0,1,1,1,1,1,False,-1,
8546,2025-11-07 18:35:00,18,-1,MARKDOWN,6,A+,153.298606,153.51581987166048,152.75557132084882,0.21721387166047634,0.07763974332097195,0,1,1,1,1,1,False,-1,
8558,2025-11-07 19:35:00,19,-1,MARKDOWN,4,B,153.298606,153.50888688811793,152.7729037797052,0.21028088811792145,0.06377377623582929,0,0,1,0,1,1,True,8575,-1.0
8709,2025-11-10 08:10:00,8,1,MARKUP,6,A+,153.89239800000001,153.75946706557872,154.22472533605327,0.1329309344212959,0.04506586884257433,0,1,1,1,1,1,False,-1,
8721,2025-11-10 09:10:00,9,1,MARKUP,6,A+,153.91673400000002,153.76010415502546,154.3083086124364,0.15662984497456023,0.0557916899490965,0,1,1,1,1,1,False,-1,
8733,2025-11-10 10:10:00,10,1,MARKUP,4,B,153.92743000000002,153.76048171742343,154.34480070644148,0.166948282576584,0.055036565153163186,0,0,0,1,1,1,False,-1,
8745,2025-11-10 11:10:00,11,1,MARKUP,5,A,153.957608,153.76083722009145,154.44953494977136,0.1967707799085474,0.05432555981712571,0,1,0,1,1,1,False,-1,
8767,2025-11-10 13:00:00,13,1,MARKUP,5,A,154.030734,153.87926304247742,154.40941139380644,0.15147095752257655,0.045473915045144135,0,1,1,0,1,1,False,-1,
8779,2025-11-10 14:00:00,14,1,MARKUP,6,A+,154.06421799999998,153.930099997664,154.39951300583994,0.13411800233598115,0.039800004671948414,0,1,1,1,1,1,True,8783,-1.0
8813,2025-11-10 16:50:00,16,1,MARKUP,6,A+,154.085848,153.9597938887361,154.40098327815974,0.12605411126389754,0.05041222252781881,0,1,1,1,1,1,True,8814,-1.0
8834,2025-11-10 18:35:00,18,-1,MARKDOWN,4,B,154.082434,154.2319145083584,153.70873272910404,0.1494805083583799,0.059829016716777074,0,1,0,0,1,1,False,-1,
8846,2025-11-10 19:35:00,19,-1,MARKDOWN,5,A,154.06080400000002,154.19288857019964,153.73059257450097,0.13208457019962339,0.05177714039928673,0,1,1,0,1,1,False,-1,
8858,2025-11-10 20:35:00,20,-1,MARKDOWN,2,C,154.06080400000002,154.1854927923374,153.74908201915653,0.12468879233739472,0.036985584674820944,0,0,0,0,0,1,True,8874,-1.0
9021,2025-11-11 10:10:00,10,1,MARKUP,6,A+,154.189612,154.06549245222573,154.49991086943572,0.12411954777428491,0.04501509554853767,0,1,1,1,1,1,False,-1,
9033,2025-11-11 11:10:00,11,1,MARKUP,6,A+,154.209858,154.06744829287643,154.5658822678089,0.14240970712356216,0.04110341424710289,0,1,1,1,1,1,False,-1,
9076,2025-11-11 14:45:00,14,-1,MARKDOWN,5,A,154.339422,154.46211855748086,154.0326806062979,0.12269655748085029,0.03223711496173186,0,1,1,0,1,1,False,-1,
9088,2025-11-11 15:45:00,15,-1,MARKDOWN,5,A,154.14804,154.4815067777315,153.31437305567124,0.3334667777315019,0.0710135554630244,0,1,0,1,1,1,False,-1,
9100,2025-11-11 16:45:00,16,-1,MARKDOWN,5,A,154.09551,154.39440254554933,153.34827863612665,0.29889254554933586,0.06680509109869662,0,1,0,1,1,1,True,9104,-0.09531853645812116
9112,2025-11-11 17:45:00,17,-1,MARKDOWN,3,C,154.038036,154.30092549392984,153.38081226517542,0.2628894939298334,0.06585098785965095,0,0,1,0,0,1,True,9128,-1.0
9283,2025-11-12 08:00:00,8,1,MARKUP,6,A+,154.450482,154.20967280065116,155.05250499837206,0.24080919934883127,0.060654398697666756,0,1,1,1,1,1,False,-1,
9295,2025-11-12 09:00:00,9,1,MARKUP,4,B,154.450482,154.21230571363145,155.04592271592134,0.23817628636854238,0.055388572737089796,0,0,0,1,1,1,False,-1,
9307,2025-11-12 10:00:00,10,1,MARKUP,5,A,154.450482,154.21195482840886,155.0467999289778,0.23852717159113013,0.05609034318227954,0,1,1,0,1,1,False,-1,
9319,2025-11-12 11:00:00,11,1,MARKUP,4,B,154.518462,154.31986166760308,155.01496283099232,0.19860033239692143,0.06027666479384873,0,1,0,0,1,1,False,-1,
9343,2025-11-12 13:00:00,13,1,MARKUP,6,A+,154.65214799999998,154.47087645889354,155.1053268527661,0.18127154110644028,0.04624708221293523,0,1,1,1,1,1,False,-1,
9365,2025-11-12 14:50:00,14,1,MARKUP,5,A,154.721364,154.58558144991693,155.06082037520764,0.13578255008306428,0.0408371001661142,0,1,1,0,1,1,False,-1,
9377,2025-11-12 15:50:00,15,1,MARKUP,4,B,154.813544,154.67992530232507,155.14759074418734,0.13361869767493317,0.044149395349850934,0,1,0,0,1,1,True,9394,-1.0
9389,2025-11-12 16:50:00,16,1,MARKUP,4,B,154.835262,154.67784054252937,155.22881564367657,0.15742145747063319,0.05431891494128785,0,1,0,0,1,1,True,9391,-1.0
9418,2025-11-12 19:15:00,19,-1,MARKDOWN,5,A,154.8359,155.07243289063086,154.2445677734229,0.2365328906308548,0.052865781261761426,0,1,0,1,1,1,False,-1,
9430,2025-11-12 20:15:00,20,-1,MARKDOWN,4,B,154.8359,155.06809669418942,154.25540826452647,0.2321966941894118,0.04419338837886219,0,0,0,1,1,1,False,-1,
9571,2025-11-13 08:00:00,8,1,MARKUP,5,A,154.774126,154.6049529208977,155.19705869775578,0.1691730791023076,0.03809415820462898,0,1,0,1,1,1,True,9589,-1.0
9583,2025-11-13 09:00:00,9,1,MARKUP,3,C,154.770306,154.60403914573448,155.18597313566383,0.16626685426552967,0.03992170853102311,0,0,0,0,1,1,True,9589,-1.0
9603,2025-11-13 10:40:00,10,-1,MARKDOWN,5,A,154.840066,155.04012906084102,154.33990834789745,0.20006306084101766,0.066258121682019,0,1,0,1,1,1,False,-1,
9615,2025-11-13 11:40:00,11,-1,MARKDOWN,5,A,154.746094,155.04657923284947,153.99488091787634,0.3004852328494678,0.07915846569889776,0,1,0,1,1,1,False,-1,
9631,2025-11-13 13:00:00,13,-1,MARKDOWN,3,C,154.746094,155.0342273742857,154.02576056428575,0.2881333742857066,0.0544547485713812,1,0,0,0,0,1,True,9641,1.1595116352912074
9674,2025-11-13 16:35:00,16,-1,MARKDOWN,5,A,154.639794,154.7949541446462,154.2518936383845,0.15516014464620298,0.055908289292398196,0,1,1,1,0,1,False,-1,
9686,2025-11-13 17:35:00,17,-1,MARKDOWN,6,A+,154.579056,154.80297983914318,154.01924640214207,0.22392383914316838,0.07195967828638514,0,1,1,1,1,1,False,-1,
9698,2025-11-13 18:35:00,18,-1,MARKDOWN,6,A+,154.522902,154.80326429980028,153.82199625049927,0.28036229980028793,0.07252859960055354,0,1,1,1,1,1,False,-1,
9710,2025-11-13 19:35:00,19,-1,MARKDOWN,4,B,154.507452,154.77525546433057,153.8379433391736,0.26780346433056934,0.06651092866118127,0,0,0,1,1,1,False,-1,
9871,2025-11-14 09:00:00,9,1,MARKUP,5,A,154.443846,154.2812045473562,154.85044963160954,0.16264145264381114,0.05559090528758108,0,1,0,1,1,1,False,-1,
9883,2025-11-14 10:00:00,10,1,MARKUP,6,A+,154.463328,154.28119539601,154.918659509975,0.18213260398999864,0.05560920798001865,0,1,1,1,1,1,True,9891,-1.0
9895,2025-11-14 11:00:00,11,1,MARKUP,6,A+,154.508666,154.33683210507257,154.93825073731858,0.17183389492743117,0.06633578985488876,0,1,1,1,1,1,False,-1,
9919,2025-11-14 13:00:00,13,1,MARKUP,4,B,154.564004,154.41976744559437,154.92459538601412,0.1442365544056372,0.042465108811278976,0,1,0,1,0,1,True,9932,-1.0
9938,2025-11-14 14:35:00,14,-1,MARKDOWN,6,A+,154.51279,154.79911133358317,153.79698666604207,0.28632133358317446,0.07222266716630664,0,1,1,1,1,1,False,-1,
9950,2025-11-14 15:35:00,15,-1,MARKDOWN,5,A,154.325228,154.81761636689137,153.0942570827716,0.4923883668913618,0.10923273378273657,0,1,1,1,0,1,True,9965,-0.32448370177530034
9962,2025-11-14 16:35:00,16,-1,MARKDOWN,4,B,154.325228,154.82241817269238,153.0822525682691,0.4971901726923704,0.11883634538476798,0,0,0,1,1,1,True,9965,-0.3213498753099059
9992,2025-11-14 19:05:00,19,1,MARKUP,6,A+,154.035672,153.58080322637073,155.17284393407317,0.454868773629272,0.07239354725849816,0,1,1,1,1,1,False,-1,
10004,2025-11-14 20:05:00,20,1,MARKUP,5,A,154.047514,153.58782737642264,155.19673055894344,0.4596866235773689,0.05834524715470451,0,1,0,1,1,1,False,-1,
10147,2025-11-17 08:00:00,8,1,MARKUP,6,A+,154.616432,154.49248583086143,154.92629742284646,0.12394616913857703,0.037028338277139916,0,1,1,1,1,1,False,-1,
10160,2025-11-17 09:05:00,9,1,MARKUP,6,A+,154.675186,154.56953102078222,154.93932344804443,0.10565497921777478,0.0409379584355894,0,1,1,1,1,1,True,10166,2.5
10173,2025-11-17 10:10:00,10,1,MARKUP,5,A,154.675186,154.5634533656037,154.95451758599074,0.11173263439630432,0.053093268792602184,0,0,1,1,1,1,True,10182,2.5
10185,2025-11-17 11:10:00,11,1,MARKUP,3,C,154.683208,154.56445719563212,154.98008501091974,0.11875080436789176,0.05108560873578517,0,0,0,0,1,1,True,10190,2.5
10207,2025-11-17 13:00:00,13,1,MARKUP,6,A+,154.71500600000002,154.60413038383206,154.99219504041992,0.11087561616795938,0.04373923233586711,0,1,1,1,1,1,False,-1,
10219,2025-11-17 14:00:00,14,1,MARKUP,4,B,154.720354,154.60838890308838,155.000266742279,0.11196509691160372,0.03522219382323758,0,1,0,0,1,1,False,-1,
10231,2025-11-17 15:00:00,15,1,MARKUP,6,A+,154.72532,154.60821747392484,155.01807631518795,0.11710252607517191,0.03556505215035521,0,1,1,1,1,1,False,-1,
10243,2025-11-17 16:00:00,16,1,MARKUP,5,A,154.75532,154.6370190146394,155.0510724634015,0.11830098536060518,0.03796197072121646,0,1,0,1,1,1,False,-1,
10255,2025-11-17 17:00:00,17,1,MARKUP,6,A+,154.859878,154.67033114438578,155.33374513903556,0.1895468556142248,0.05133771122840204,0,1,1,1,1,1,False,-1,
10267,2025-11-17 18:00:00,18,1,MARKUP,5,A,154.95459400000001,154.70583818989633,155.57648352525922,0.2487558101036882,0.06432362020733912,0,1,0,1,1,1,False,-1,
10279,2025-11-17 19:00:00,19,1,MARKUP,3,C,154.95459400000001,154.7140321333949,155.55599866651278,0.24056186660510548,0.04793573321017808,0,1,0,0,0,1,False,-1,
10291,2025-11-17 20:00:00,20,1,MARKUP,3,C,155.018248,154.81947244889378,155.51518687776556,0.19877555110622325,0.04305510221244204,0,0,0,0,1,1,False,-1,
10435,2025-11-18 08:00:00,8,-1,MARKDOWN,5,A,155.156046,155.39396890510534,154.56123873723666,0.23792290510533576,0.05793781021067628,1,0,0,1,1,1,True,10436,-1.0
10450,2025-11-18 09:15:00,9,-1,MARKDOWN,6,A+,155.094246,155.3098140905081,154.55532577372975,0.21556809050809989,0.08962818101623714,0,1,1,1,1,1,True,10465,-1.0
10462,2025-11-18 10:15:00,10,-1,MARKDOWN,5,A,155.063964,155.2588622428271,154.57671839293226,0.19489824282709378,0.08572448565416892,0,1,1,0,1,1,True,10465,-1.0
10481,2025-11-18 11:50:00,11,1,MARKUP,6,A+,155.01606999999998,154.8385887189953,155.45977320251166,0.17748128100467397,0.06082256200936135,0,1,1,1,1,1,False,-1,
10495,2025-11-18 13:00:00,13,1,MARKUP,5,A,155.082156,154.8438543863294,155.67791003417648,0.23830161367058622,0.050291227341184234,0,1,0,1,1,1,False,-1,
10507,2025-11-18 14:00:00,14,1,MARKUP,5,A,155.08965,154.8472486400351,155.69565339991226,0.24240135996490153,0.04550271992982036,0,1,0,1,1,1,True,10524,2.5
10553,2025-11-18 17:50:00,17,-1,MARKDOWN,5,A,155.294874,155.48132064277203,154.8287573930699,0.18644664277204015,0.07264128554410565,0,1,0,1,1,1,True,10555,-1.0
10565,2025-11-18 18:50:00,18,1,MARKUP,5,A,155.22581,155.01775892517642,155.74593768705893,0.20805107482357243,0.06848214964712462,0,1,0,1,1,1,False,-1,
10577,2025-11-18 19:50:00,19,1,MARKUP,5,A,155.282728,155.0240446047432,155.92943648814196,0.2586833952567815,0.05591079051357647,0,1,1,1,0,1,False,-1,
10589,2025-11-18 20:50:00,20,1,MARKUP,5,A,155.312524,155.02647426261785,156.02764834345535,0.2860497373821431,0.051051474764296445,0,1,1,1,0,1,False,-1,
10728,2025-11-19 08:25:00,8,-1,MARKDOWN,6,A+,155.42311999999998,155.57526099940807,155.04276750147977,0.15214099940808978,0.04452199881615884,0,1,1,1,1,1,True,10733,-1.0
10746,2025-11-19 09:55:00,9,1,MARKUP,6,A+,155.33524,155.18894387306275,155.70098031734312,0.14629612693724425,0.04811225387446546,0,1,1,1,1,1,False,-1,
10758,2025-11-19 10:55:00,10,1,MARKUP,5,A,155.41952999999998,155.23569899316624,155.87910751708432,0.1838310068337421,0.050602013667529366,0,1,1,1,0,1,False,-1,
10770,2025-11-19 11:55:00,11,1,MARKUP,5,A,155.529546,155.22604728976808,156.28829277557986,0.30349871023193487,0.06990542046385864,0,1,0,1,1,1,False,-1,
10783,2025-11-19 13:00:00,13,1,MARKUP,6,A+,155.695922,155.2952484743462,156.69760581413448,0.40067352565378656,0.059503051307567015,0,1,1,1,1,1,False,-1,
10795,2025-11-19 14:00:00,14,1,MARKUP,5,A,155.745362,155.3781945456687,156.66328063582827,0.3671674543313088,0.05361090866263808,0,1,0,1,1,1,False,-1,
10807,2025-11-19 15:00:00,15,1,MARKUP,4,B,155.793566,155.4573312370244,156.63415290743902,0.3362347629756073,0.05133752595123318,0,0,0,1,1,1,False,-1,
10819,2025-11-19 16:00:00,16,1,MARKUP,6,A+,155.861454,155.52627418965244,156.69940352586895,0.3351798103475687,0.06145162069510209,0,1,1,1,1,1,False,-1,
10831,2025-11-19 17:00:00,17,1,MARKUP,6,A+,156.23468,155.91463521265996,157.03479196835008,0.32004478734003783,0.07472957468007033,0,1,1,1,1,1,False,-1,
10843,2025-11-19 18:00:00,18,1,MARKUP,5,A,156.302232,156.00661908208093,157.04126429479768,0.2956129179190725,0.07476183583818093,0,1,0,1,1,1,False,-1,
10855,2025-11-19 19:00:00,19,1,MARKUP,6,A+,156.302232,156.01189301728755,157.02807945678114,0.2903389827124556,0.06421396542490358,0,1,1,1,1,1,False,-1,
10867,2025-11-19 20:00:00,20,1,MARKUP,5,A,156.358768,156.01448846645758,157.21946683385605,0.34427953354241936,0.05902306708483882,0,1,0,1,1,1,False,-1,
11011,2025-11-20 08:00:00,8,1,MARKUP,6,A+,157.252774,157.00675313060262,157.86782617349343,0.24602086939736978,0.06649373879475469,0,1,1,1,1,1,False,-1,
11023,2025-11-20 09:00:00,9,1,MARKUP,6,A+,157.461348,157.23387279441704,158.03003601395736,0.2274752055829481,0.06225441116592376,0,1,1,1,1,1,True,11032,-1.0
11076,2025-11-20 13:25:00,13,1,MARKUP,6,A+,157.36494,157.08434337074453,158.06643157313863,0.2805966292554558,0.04931325851096031,0,1,1,1,1,1,False,-1,
11088,2025-11-20 14:25:00,14,1,MARKUP,6,A+,157.327504,157.08476351084641,157.934355222884,0.24274048915359003,0.04847297830720737,0,1,1,1,1,1,True,11101,0.8877628975347831
11100,2025-11-20 15:25:00,15,1,MARKUP,5,A,157.351188,157.08014186912584,158.02880332718541,0.2710461308741685,0.05771626174835487,0,1,0,1,1,1,True,11101,0.7076728945784003
11112,2025-11-20 16:25:00,16,1,MARKUP,5,A,157.404388,157.06158812582788,158.26138768543035,0.34279987417212965,0.1248237483442268,0,1,0,1,1,1,True,11133,0.08346560823302492
11124,2025-11-20 17:25:00,17,1,MARKUP,5,A,157.469884,157.16340942904577,158.23607042738558,0.30647457095423647,0.1071811419084768,0,1,0,1,1,1,True,11132,0.12110629565263259
11160,2025-11-20 20:25:00,20,1,MARKUP,6,A+,157.475996,157.16772591921196,158.24667120197012,0.3082700807880485,0.0985481615761103,0,1,1,1,1,1,True,11165,-0.3081583517841408
11299,2025-11-21 08:00:00,8,-1,MARKDOWN,5,A,157.33947,157.5301683182487,156.86272420437825,0.19069831824870676,0.06433663649747107,0,1,1,1,0,1,False,-1,
11311,2025-11-21 09:00:00,9,-1,MARKDOWN,5,A,157.306234,157.49412297941578,156.83651155146052,0.18788897941578853,0.06024595883156113,0,1,1,1,0,1,False,-1,
11323,2025-11-21 10:00:00,10,-1,MARKDOWN,5,A,157.118524,157.4751493853852,156.226960536537,0.3566253853852004,0.0882987707703992,0,1,0,1,1,1,False,-1,
11335,2025-11-21 11:00:00,11,-1,MARKDOWN,6,A+,157.022702,157.35278717150518,156.19748907123707,0.3300851715051749,0.09557434301037204,0,1,1,1,1,1,False,-1,
11359,2025-11-21 13:00:00,13,-1,MARKDOWN,4,B,156.958318,157.24592660665618,156.2392964833595,0.2876086066561925,0.07785321331238353,0,0,1,0,1,1,False,-1,
11371,2025-11-21 14:00:00,14,-1,MARKDOWN,4,B,156.928654,157.195590464064,156.26131283984,0.2669364640640026,0.0731809281279892,0,0,1,0,1,1,False,-1,
11383,2025-11-21 15:00:00,15,-1,MARKDOWN,6,A+,156.801964,156.9998981306419,156.30712867339525,0.19793413064189735,0.0917962612837664,0,1,1,1,1,1,True,11386,2.5
11404,2025-11-21 16:45:00,16,-1,MARKDOWN,5,A,156.808762,157.01004999371887,156.30554201570283,0.2012879937188643,0.09009998743773122,0,1,1,0,1,1,False,-1,
11416,2025-11-21 17:45:00,17,-1,MARKDOWN,5,A,156.673152,157.03744943195554,155.76240842011111,0.3642974319555492,0.14489886391107712,0,1,0,1,1,1,True,11422,-0.1862434210304974
11428,2025-11-21 18:45:00,18,-1,MARKDOWN,5,A,156.673152,157.02827748995074,155.7853382751231,0.3551254899507512,0.12655497990145964,0,1,1,0,1,1,True,11435,-0.14036728258210518
11446,2025-11-21 20:15:00,20,-1,MARKDOWN,6,A+,156.673152,157.0023072815517,155.8502637961207,0.3291552815517207,0.07461456310340438,0,1,1,1,1,1,False,-1,
11587,2025-11-24 08:00:00,8,-1,MARKDOWN,5,A,156.65459,156.7697186094558,156.36676847636056,0.1151286094557804,0.03543721891156327,0,1,0,1,1,1,True,11590,-1.0
11599,2025-11-24 09:00:00,9,1,MARKUP,5,A,156.59059,156.47764268088878,156.87295829777804,0.11294731911121403,0.038714638222491514,0,1,0,1,1,1,False,-1,
11611,2025-11-24 10:00:00,10,1,MARKUP,4,B,156.64598,156.47302903273982,157.0783574181505,0.1729509672601921,0.04794193452040727,0,1,0,1,0,1,False,-1,
11623,2025-11-24 11:00:00,11,1,MARKUP,5,A,156.66508000000002,156.4675296979894,157.15895575502657,0.19755030201062596,0.058940604021224044,0,1,0,1,1,1,False,-1,
11656,2025-11-24 13:45:00,13,1,MARKUP,5,A,156.758398,156.62742858735965,157.08582153160089,0.13096941264035422,0.04114282528068591,0,1,1,1,0,1,True,11668,2.5
11668,2025-11-24 14:45:00,14,1,MARKUP,4,B,156.758398,156.62737017120173,157.08596757199567,0.1310278287982669,0.041259657596508355,0,1,0,1,0,1,False,-1,
11680,2025-11-24 15:45:00,15,1,MARKUP,4,B,156.79865600000002,156.65770659813847,157.15102950465388,0.14094940186154759,0.04658680372306176,0,1,0,1,0,1,False,-1,
11692,2025-11-24 16:45:00,16,1,MARKUP,5,A,156.874484,156.67072620516473,157.38387848708817,0.20375779483526912,0.0545475896705766,0,1,0,1,1,1,True,11705,0.25282959133730903
11704,2025-11-24 17:45:00,17,1,MARKUP,5,A,156.887034,156.6698304038907,157.43004299027325,0.21720359610930018,0.062339192218592784,0,0,1,1,1,1,True,11705,0.1793985030541555
11880,2025-11-25 08:25:00,8,-1,MARKDOWN,7,A+,156.73831,156.8706736417221,156.40740089569476,0.13236364172209392,0.03934728344423176,1,1,1,1,1,1,True,11881,2.5
11892,2025-11-25 09:25:00,9,-1,MARKDOWN,5,A,156.740602,156.87609095490777,156.40187961273057,0.13548895490777113,0.05018190981554355,0,1,0,1,1,1,False,-1,
11904,2025-11-25 10:25:00,10,-1,MARKDOWN,4,B,156.726468,156.88102298229785,156.34008054425541,0.1545549822978387,0.060045964595683385,0,1,0,1,0,1,False,-1,
11916,2025-11-25 11:25:00,11,-1,MARKDOWN,5,A,156.62367600000002,156.88038890781834,155.9818937304542,0.2567129078183257,0.06877781563665887,0,1,0,1,1,1,False,-1,
11935,2025-11-25 13:00:00,13,-1,MARKDOWN,4,B,156.542846,156.8206871821659,155.84824304458525,0.2778411821659006,0.06137436433179605,0,0,0,1,1,1,False,-1,
11958,2025-11-25 14:55:00,14,-1,MARKDOWN,5,A,156.487844,156.73029328841864,155.8817207789534,0.24244928841864066,0.058586576837267645,0,1,1,0,1,1,False,-1,
11970,2025-11-25 15:55:00,15,-1,MARKDOWN,5,A,156.332146,156.566206874689,155.74699381327753,0.23406087468899273,0.08841374937800497,0,1,1,1,0,1,False,-1,
11982,2025-11-25 16:55:00,16,-1,MARKDOWN,4,B,156.28324999999998,156.57165385130943,155.56224037172635,0.2884038513094538,0.09930770261886171,0,1,0,1,0,1,True,12005,-0.19330532427668048
11994,2025-11-25 17:55:00,17,-1,MARKDOWN,4,B,156.281722,156.57343274488719,155.55244513778206,0.2917107448871832,0.10286548977439858,0,0,0,1,1,1,True,12005,-0.1963520405192768
12007,2025-11-25 19:00:00,19,-1,MARKDOWN,5,A,156.27739599999998,156.5616394341694,155.56678741457645,0.28424343416941156,0.09327886833882815,0,1,1,0,1,1,False,-1,
12019,2025-11-25 20:00:00,20,-1,MARKDOWN,6,A+,156.138956,156.38855236098172,155.5149650975457,0.24959636098171245,0.08510472196341357,0,1,1,1,1,1,False,-1,
12163,2025-11-26 08:00:00,8,1,MARKUP,6,A+,155.92780399999998,155.62099510169915,156.69482624575204,0.30680889830082947,0.062009796601661976,0,1,1,1,1,1,False,-1,
12175,2025-11-26 09:00:00,9,1,MARKUP,4,B,155.89457,155.62182092186396,156.57644269534006,0.2727490781360302,0.060358156272072354,0,1,0,1,0,1,False,-1,
12187,2025-11-26 10:00:00,10,1,MARKUP,4,B,156.021748,155.716293823543,156.78538344114253,0.3054541764570047,0.06541235291399736,0,1,0,1,0,1,False,-1,
12199,2025-11-26 11:00:00,11,1,MARKUP,5,A,156.141032,155.88735138218246,156.77523354454382,0.2536806178175368,0.0672972356350563,0,1,0,1,1,1,False,-1,
12223,2025-11-26 13:00:00,13,1,MARKUP,4,B,156.225248,156.01899124068393,156.74088989829016,0.20625675931606224,0.0580175186321167,0,1,1,0,0,1,False,-1,
12235,2025-11-26 14:00:00,14,1,MARKUP,5,A,156.31373200000002,156.11810573828845,156.80279765427895,0.19562626171156694,0.06578852342310455,0,1,1,1,0,1,False,-1,
12247,2025-11-26 15:00:00,15,1,MARKUP,4,B,156.421522,156.28483509734042,156.763239256649,0.13668690265959071,0.06632980531917622,0,0,0,1,1,1,True,12248,0.27418866965863864
12259,2025-11-26 16:00:00,16,1,MARKUP,5,A,156.46652,156.29010867287008,156.90754831782482,0.17641132712992658,0.07778265425987599,0,1,0,1,1,1,True,12273,-1.0
12271,2025-11-26 17:00:00,17,1,MARKUP,6,A+,156.484092,156.29073524421366,156.96748388946585,0.19335675578633982,0.07652951157271215,0,1,1,1,1,1,True,12273,-1.0
12451,2025-11-27 08:00:00,8,-1,MARKDOWN,5,A,156.007516,156.2159470176334,155.48643845591653,0.20843101763338723,0.06389403526678453,0,1,0,1,1,1,True,12453,-1.0
12483,2025-11-27 10:40:00,10,1,MARKUP,6,A+,156.004562,155.78571967242627,156.5516678189343,0.21884232757372502,0.06256065514749722,0,1,1,1,1,1,False,-1,
12495,2025-11-27 11:40:00,11,1,MARKUP,4,B,156.041616,155.79018546867948,156.6701923283013,0.25143053132052273,0.053629062641024496,0,1,0,1,0,1,False,-1,
12511,2025-11-27 13:00:00,13,1,MARKUP,3,C,156.101562,155.89300974969194,156.62294262577015,0.20855225030805968,0.041980500616080295,0,0,0,0,1,1,False,-1,
12523,2025-11-27 14:00:00,14,1,MARKUP,5,A,156.20415,156.06275339152003,156.5576415211999,0.14139660847996538,0.03449321695997958,0,1,0,1,1,1,False,-1,
12535,2025-11-27 15:00:00,15,1,MARKUP,5,A,156.227634,156.10050759431365,156.54545001421585,0.12712640568634015,0.03498481137268585,0,1,0,1,1,1,False,-1,
12552,2025-11-27 16:25:00,16,1,MARKUP,6,A+,156.300176,156.219373695111,156.5021817622225,0.08080230488900497,0.03325260977800091,0,1,1,1,1,1,True,12561,-0.7076035773798633
12571,2025-11-27 18:00:00,18,1,MARKUP,6,A+,156.294828,156.22009270614032,156.4816662346492,0.07473529385967481,0.031814587719349474,0,1,1,1,1,1,True,12575,-1.0
12587,2025-11-27 19:20:00,19,1,MARKUP,6,A+,156.294828,156.22400538410363,156.4718845397409,0.07082261589636119,0.023989231792688616,0,1,1,1,1,1,False,-1,
12599,2025-11-27 20:20:00,20,1,MARKUP,6,A+,156.28642399999998,156.22662740391092,156.4359154902226,0.05979659608905763,0.01874519217815027,0,1,1,1,1,1,False,-1,
12741,2025-11-28 08:10:00,8,1,MARKUP,4,B,156.235284,156.06680528151128,156.65648079622184,0.16847871848872842,0.06038943697746888,0,1,0,0,1,1,True,12756,-1.0
12753,2025-11-28 09:10:00,9,1,MARKUP,4,B,156.227644,156.07047898763238,156.62055653091903,0.1571650123676136,0.053042024735226456,0,1,0,0,1,1,True,12756,-1.0
12765,2025-11-28 10:10:00,10,1,MARKUP,5,A,156.239386,156.0830021812976,156.63034554675602,0.15638381870240892,0.06599563740487593,0,1,1,0,1,1,True,12773,-1.0
12785,2025-11-28 11:50:00,11,1,MARKUP,4,B,156.278938,156.13563662471805,156.63719143820492,0.14330137528196474,0.08872675056392702,0,1,1,0,0,1,True,12789,-1.0
12800,2025-11-28 13:05:00,13,-1,MARKDOWN,3,C,156.340062,156.47401592345406,156.0051771913648,0.1339539234540723,0.07003184690814032,0,1,0,0,0,1,False,-1,
12812,2025-11-28 14:05:00,14,-1,MARKDOWN,5,A,156.30373600000001,156.430058072774,155.98793081806508,0.12632207277397356,0.060116145547939745,0,1,0,1,1,1,False,-1,
12824,2025-11-28 15:05:00,15,-1,MARKDOWN,5,A,156.271782,156.41043541554905,155.92514846112738,0.13865341554904376,0.04887083109812719,0,1,0,1,1,1,True,12840,1.354326536107416
12836,2025-11-28 16:05:00,16,-1,MARKDOWN,4,B,156.23402000000002,156.40601414655626,155.8040346336094,0.17199414655624423,0.046028293112488454,0,1,0,1,0,1,True,12840,0.8722389860573169
12857,2025-11-28 17:50:00,17,-1,MARKDOWN,6,A+,156.235762,156.4317846395547,155.7457054011132,0.19602263955471244,0.07956927910943892,0,1,1,1,1,1,True,12872,2.5
12869,2025-11-28 18:50:00,18,-1,MARKDOWN,5,A,156.235762,156.42508263982927,155.7624604004268,0.18932063982927616,0.06616527965855637,0,1,0,1,1,1,True,12872,2.5
12881,2025-11-28 19:50:00,19,-1,MARKDOWN,4,B,156.235762,156.42043171568318,155.77408771079203,0.18466971568318513,0.05686343136636623,0,1,0,1,0,1,True,12883,2.5
12893,2025-11-28 20:50:00,20,-1,MARKDOWN,6,A+,156.235762,156.4160619173594,155.7850122066015,0.18029991735940598,0.04812383471879949,0,1,1,1,1,1,False,-1,
13043,2025-12-01 09:20:00,9,-1,MARKDOWN,5,A,155.57931,155.72410493329497,155.21732266676256,0.14479493329497473,0.06420986658992146,0,1,1,0,1,1,False,-1,
13055,2025-12-01 10:20:00,10,-1,MARKDOWN,6,A+,155.527358,155.7259291273753,155.0309301815617,0.1985711273753168,0.06785825475059915,0,1,1,1,1,1,True,13059,2.5
13067,2025-12-01 11:20:00,11,-1,MARKDOWN,4,B,155.527358,155.72962793465143,155.0216831633714,0.20226993465144005,0.07525586930285263,0,0,0,1,1,1,False,-1,
13087,2025-12-01 13:00:00,13,-1,MARKDOWN,5,A,155.489922,155.72048797868626,154.91350705328438,0.23056597868625772,0.05697595737253884,0,1,0,1,1,1,False,-1,
13099,2025-12-01 14:00:00,14,-1,MARKDOWN,5,A,155.40814600000002,155.62423135645105,154.86793260887242,0.21608535645103188,0.05246271290204497,0,1,0,1,1,1,False,-1,
13111,2025-12-01 15:00:00,15,-1,MARKDOWN,6,A+,155.23348000000001,155.59318530115215,154.33421674711968,0.3597053011521325,0.06237060230424901,0,1,1,1,1,1,False,-1,
13123,2025-12-01 16:00:00,16,-1,MARKDOWN,3,C,155.201188,155.57162242100736,154.2751019474816,0.37043442100736,0.0792448420146941,0,0,0,0,1,1,False,-1,
13171,2025-12-01 20:00:00,20,1,MARKUP,5,A,154.94065799999998,154.64200363887264,155.68729390281834,0.29865436112734756,0.0479927222547259,0,1,0,1,1,1,False,-1,
13315,2025-12-02 08:00:00,8,1,MARKUP,6,A+,155.637804,155.5361818300477,155.89185942488072,0.101622169952293,0.03363633990459673,0,1,1,1,1,1,False,-1,
13327,2025-12-02 09:00:00,9,1,MARKUP,5,A,155.65423,155.53465191582478,155.95317521043808,0.11957808417523097,0.036696168350433024,0,1,0,1,1,1,False,-1,
13339,2025-12-02 10:00:00,10,1,MARKUP,6,A+,155.661106,155.53238892612634,155.9828986846841,0.12871707387364495,0.04122214774731937,0,1,1,1,1,1,False,-1,
13351,2025-12-02 11:00:00,11,1,MARKUP,5,A,155.726428,155.53035955679476,156.2165991080131,0.19606844320523464,0.04528088641049008,0,1,0,1,1,1,False,-1,
13375,2025-12-02 13:00:00,13,1,MARKUP,5,A,155.831002,155.65348769747717,156.2747877563071,0.1775143025228374,0.04102460504568368,0,1,1,1,0,1,False,-1,
13389,2025-12-02 14:10:00,14,1,MARKUP,4,B,155.85695800000002,155.69643722604923,156.258259934877,0.16052077395079323,0.03912554790153933,0,0,1,0,1,1,False,-1,
13403,2025-12-02 15:20:00,15,1,MARKUP,6,A+,155.957074,155.8579976825003,156.2047647937493,0.09907631749970847,0.04000463499940466,0,1,1,1,1,1,True,13411,-1.0
13415,2025-12-02 16:20:00,16,1,MARKUP,5,A,155.96996199999998,155.8744745877225,156.2086805306937,0.09548741227749247,0.045050824555002845,0,1,0,1,1,1,True,13421,-1.0
13427,2025-12-02 17:20:00,17,1,MARKUP,5,A,156.00434199999998,155.86963287844145,156.3411148038963,0.13470912155852943,0.05473424311707883,0,1,0,1,1,1,True,13429,-1.0
13448,2025-12-02 19:05:00,19,1,MARKUP,5,A,155.917204,155.72379885440162,156.40071686399594,0.1934051455983763,0.06440229119673672,0,1,1,1,0,1,True,13459,-1.0
13466,2025-12-02 20:35:00,20,1,MARKUP,5,A,155.917204,155.734938972938,156.37286656765497,0.18226502706198744,0.04212205412399572,0,1,1,1,0,1,True,13475,-1.0
13602,2025-12-03 08:00:00,8,-1,MARKDOWN,6,A+,155.728746,155.81758388589842,155.50665128525395,0.08883788589841402,0.027167771796799123,0,1,1,1,1,1,False,-1,
13614,2025-12-03 09:00:00,9,-1,MARKDOWN,6,A+,155.692456,155.82250093011234,155.3673436747191,0.13004493011234786,0.037001860224686364,0,1,1,1,1,1,True,13625,2.5
13645,2025-12-03 11:35:00,11,-1,MARKDOWN,6,A+,155.662792,155.7779722560155,155.37484135996127,0.11518025601549198,0.04394451203098827,0,1,1,1,1,1,False,-1,
13662,2025-12-03 13:00:00,13,-1,MARKDOWN,5,A,155.637962,155.77752199114596,155.28906202213506,0.13955999114597262,0.043043982291947,0,1,1,1,0,1,False,-1,
13674,2025-12-03 14:00:00,14,-1,MARKDOWN,6,A+,155.60511,155.77562582884772,155.17882042788068,0.17051582884772643,0.039251657695442206,0,1,1,1,1,1,False,-1,
13686,2025-12-03 15:00:00,15,-1,MARKDOWN,5,A,155.60511,155.7745423302754,155.18152917431146,0.16943233027541282,0.037084660550831004,0,1,0,1,1,1,False,-1,
13698,2025-12-03 16:00:00,16,-1,MARKDOWN,4,B,155.497876,155.71750109080577,154.94881327298555,0.21962509080577775,0.0710021816115748,0,0,1,0,1,1,True,13703,1.5748473852920315
13711,2025-12-03 17:05:00,17,-1,MARKDOWN,5,A,155.454616,155.66269186713518,154.934426332162,0.208075867135193,0.10138373427037724,0,1,0,1,1,1,True,13712,1.1659977840792246
13723,2025-12-03 18:05:00,18,-1,MARKDOWN,6,A+,155.422898,155.64761576316093,154.8611035920977,0.22471776316092473,0.09723152632185304,0,1,1,1,1,1,False,-1,
13735,2025-12-03 19:05:00,19,-1,MARKDOWN,4,B,155.375148,155.63668602344492,154.72130294138768,0.2615380234449276,0.07537204688986932,0,1,0,1,0,1,False,-1,
13747,2025-12-03 20:05:00,20,-1,MARKDOWN,5,A,155.375148,155.6280835038696,154.742809240326,0.25293550386959396,0.058167007739219595,0,1,1,0,1,1,False,-1,
13915,2025-12-04 10:05:00,10,-1,MARKDOWN,5,A,155.32135,155.57404984346766,154.68960039133083,0.25269984346766705,0.06609968693535634,0,1,1,1,0,1,False,-1,
13927,2025-12-04 11:05:00,11,-1,MARKDOWN,5,A,155.22575799999998,155.54395762810793,154.43025892973012,0.3181996281079478,0.077915256215868,0,1,1,1,0,1,False,-1,
13950,2025-12-04 13:00:00,13,-1,MARKDOWN,5,A,155.167028,155.4826608270229,154.3779459324427,0.3156328270229096,0.061321654045815195,0,1,1,1,0,1,False,-1,
13962,2025-12-04 14:00:00,14,-1,MARKDOWN,4,B,155.03121000000002,155.3837359350939,154.1498951622653,0.35252593509389385,0.05947187018781622,0,1,0,1,0,1,True,13980,-0.2603780058778564
13974,2025-12-04 15:00:00,15,-1,MARKDOWN,2,C,154.863114,155.11391196705426,154.23611908236433,0.25079796705426816,0.06382393410852212,0,0,0,0,0,1,True,13980,-1.0
13989,2025-12-04 16:15:00,16,-1,MARKDOWN,4,B,154.850136,155.09986120921414,154.22582297696462,0.24972520921414798,0.07772241842827521,0,1,1,0,0,1,True,13996,-1.0
14003,2025-12-04 17:25:00,17,-1,MARKDOWN,5,A,154.850136,155.09991245851887,154.2256948537028,0.24977645851888042,0.07782491703772873,0,1,1,1,0,1,True,14017,-1.0
14015,2025-12-04 18:25:00,18,-1,MARKDOWN,4,B,154.850136,155.09404756405732,154.24035708985667,0.24391156405732772,0.06609512811463052,0,0,0,1,1,1,True,14017,-1.0
14040,2025-12-04 20:30:00,20,1,MARKUP,5,A,154.721642,154.53666043601893,155.18409590995267,0.18498156398106858,0.040679127962109235,0,1,1,0,1,1,False,-1,
14178,2025-12-05 08:00:00,8,-1,MARKDOWN,5,A,154.924452,155.19079787928135,154.25858730179664,0.2663458792813458,0.06359575856273797,0,1,0,1,1,1,False,-1,
14190,2025-12-05 09:00:00,9,-1,MARKDOWN,4,B,154.89159999999998,155.19377072379547,154.13617319051127,0.30217072379548426,0.0695414475909267,0,1,0,1,0,1,True,14213,-1.0
14202,2025-12-05 10:00:00,10,-1,MARKDOWN,3,C,154.848052,155.1992522882211,153.97005127944726,0.3512002882210936,0.08050457644217789,0,0,0,1,0,1,True,14211,-1.0
14238,2025-12-05 13:00:00,13,1,MARKUP,6,A+,154.664352,154.31981875506145,155.52568511234642,0.3445332449385603,0.05036248987707546,0,1,1,1,1,1,False,-1,
14250,2025-12-05 14:00:00,14,1,MARKUP,5,A,154.680778,154.32300133097908,155.5752196725523,0.35777666902092164,0.0439973380418598,0,1,0,1,1,1,False,-1,
14262,2025-12-05 15:00:00,15,1,MARKUP,5,A,154.910504,154.6675204127547,155.51796296811327,0.24298358724530544,0.048959174490608756,0,1,0,1,1,1,False,-1,
14274,2025-12-05 16:00:00,16,1,MARKUP,4,B,155.020508,154.8441126962206,155.4614962594485,0.17639530377940105,0.05177460755881205,0,0,0,1,1,1,False,-1,
14286,2025-12-05 17:00:00,17,1,MARKUP,6,A+,155.048328,154.86286831524308,155.51197721189232,0.1854596847569212,0.06226336951387211,0,1,1,1,1,1,False,-1,
14298,2025-12-05 18:00:00,18,1,MARKUP,4,B,155.186904,155.04783594518454,155.53457413703865,0.13906805481545348,0.0703281096308798,0,0,0,1,1,1,False,-1,
14310,2025-12-05 19:00:00,19,1,MARKUP,4,B,155.23962,155.05066934413603,155.71199663965996,0.18895065586397664,0.06466131172794103,0,0,0,1,1,1,False,-1,
14322,2025-12-05 20:00:00,20,1,MARKUP,4,B,155.25507,155.0832225996553,155.6846885008617,0.1718474003446886,0.049554800689406944,1,0,0,0,1,1,True,14323,-1.0
14473,2025-12-08 08:35:00,8,1,MARKUP,5,A,155.05159799999998,154.87875030955684,155.48371722610784,0.17284769044314885,0.04849938088629217,0,1,0,1,1,1,False,-1,
14485,2025-12-08 09:35:00,9,1,MARKUP,5,A,155.105352,154.95252406336,155.48742184160005,0.1528279366400227,0.04895187328001597,0,1,0,1,1,1,False,-1,
14497,2025-12-08 10:35:00,10,1,MARKUP,5,A,155.208384,155.0246513937797,155.66771551555075,0.1837326062203033,0.05269721244058824,0,1,0,1,1,1,False,-1,
14509,2025-12-08 11:35:00,11,1,MARKUP,5,A,155.246506,155.03544764842476,155.77415187893814,0.21105835157524666,0.05310470315046977,0,1,0,1,1,1,False,-1,
14526,2025-12-08 13:00:00,13,1,MARKUP,6,A+,155.278428,155.08260558305597,155.76798404236007,0.1958224169440257,0.044788833888032856,0,1,1,1,1,1,False,-1,
14538,2025-12-08 14:00:00,14,1,MARKUP,6,A+,155.329586,155.1483896826246,155.7825767934385,0.1811963173753952,0.03922063475078498,0,1,1,1,1,1,False,-1,
14550,2025-12-08 15:00:00,15,1,MARKUP,5,A,155.41289,155.24053389103517,155.8437802724121,0.17235610896483422,0.042932217929675734,0,1,1,0,1,1,True,14567,2.5
14562,2025-12-08 16:00:00,16,1,MARKUP,5,A,155.50464599999998,155.38426551320217,155.8055972169945,0.12038048679781355,0.04746897359564326,0,1,0,1,1,1,True,14566,2.5
14574,2025-12-08 17:00:00,17,1,MARKUP,6,A+,155.583472,155.3567722730323,156.15022131741924,0.22669972696769491,0.07445545393541735,0,1,1,1,1,1,False,-1,
14586,2025-12-08 18:00:00,18,1,MARKUP,5,A,155.620526,155.35940211861427,156.27333570346437,0.2611238813857426,0.0691957627714761,0,1,0,1,1,1,False,-1,
14598,2025-12-08 19:00:00,19,1,MARKUP,5,A,155.620526,155.36504945738193,156.2592173565452,0.2554765426180836,0.05790108523613478,0,1,0,1,1,1,False,-1,
14754,2025-12-09 08:00:00,8,1,MARKUP,6,A+,155.884104,155.71436281832408,156.30845695418984,0.16974118167593133,0.05527436335185346,0,1,1,1,1,1,False,-1,
14766,2025-12-09 09:00:00,9,1,MARKUP,5,A,155.898722,155.72916658137567,156.3226105465608,0.1695554186243271,0.05566683724867061,0,1,1,0,1,1,False,-1,
14778,2025-12-09 10:00:00,10,1,MARKUP,5,A,155.985596,155.77451749867214,156.5132922533196,0.21107850132784733,0.05696500265570096,0,1,1,0,1,1,True,14794,2.5
14790,2025-12-09 11:00:00,11,1,MARKUP,5,A,156.050694,155.78677726274412,156.71048584313968,0.26391673725586884,0.056445474511759894,0,1,0,1,1,1,True,14794,2.5
14825,2025-12-09 13:55:00,13,1,MARKUP,6,A+,156.152046,155.95343098110507,156.64858354723737,0.19861501889494093,0.0511380377899077,1,1,1,0,1,1,False,-1,
14837,2025-12-09 14:55:00,14,1,MARKUP,5,A,156.152046,155.95606751519853,156.64199221200374,0.19597848480148627,0.04586496960298597,0,1,1,1,0,1,False,-1,
14849,2025-12-09 15:55:00,15,1,MARKUP,5,A,156.18337000000002,155.9500585096922,156.76664872576956,0.23331149030781262,0.057882980615574245,0,1,0,1,1,1,False,-1,
14861,2025-12-09 16:55:00,16,1,MARKUP,5,A,156.230562,156.01094960855198,156.77959297862003,0.2196123914480097,0.0641007828960675,0,1,0,1,1,1,False,-1,
14873,2025-12-09 17:55:00,17,1,MARKUP,4,B,156.39279,156.02548405490086,157.31105486274782,0.36730594509913317,0.08903189019828928,0,1,0,1,0,1,False,-1,
14885,2025-12-09 18:55:00,18,1,MARKUP,5,A,156.466388,156.1552130623801,157.24432534404968,0.3111749376198816,0.06157387523980246,0,1,0,1,1,1,False,-1,
14897,2025-12-09 19:55:00,19,1,MARKUP,5,A,156.53000799999998,156.26213125454652,157.19969986363364,0.2678767454534636,0.043737490906941186,0,1,1,1,0,1,False,-1,
14909,2025-12-09 20:55:00,20,1,MARKUP,5,A,156.54792999999998,156.29805066028388,157.17262834929022,0.24987933971610232,0.029898679432221013,0,1,0,1,1,1,False,-1,
15066,2025-12-10 10:00:00,10,-1,MARKDOWN,5,A,156.687072,156.7853826696299,156.44129532592524,0.09831066962991031,0.04076533925984013,0,1,1,0,1,1,True,15068,-1.0
15085,2025-12-10 11:35:00,11,1,MARKUP,6,A+,156.685196,156.55764713281215,157.0040681679696,0.12754886718784064,0.04270573437572237,0,1,1,1,1,1,False,-1,
15102,2025-12-10 13:00:00,13,1,MARKUP,4,B,156.69742000000002,156.55763346328936,157.04688634177666,0.139786536710659,0.04273307342130616,1,0,0,0,1,1,True,15103,-1.0
15131,2025-12-10 15:25:00,15,-1,MARKDOWN,6,A+,156.77822,156.9092462900251,156.45065427493728,0.13102629002509047,0.04049258005015857,0,1,1,1,1,1,False,-1,
15143,2025-12-10 16:25:00,16,-1,MARKDOWN,4,B,156.74078400000002,156.9118426381059,156.31313740473533,0.17105863810587607,0.0456852762117939,0,1,0,0,1,1,False,-1,
15155,2025-12-10 17:25:00,17,-1,MARKDOWN,6,A+,156.620594,156.81583593200597,156.13248916998512,0.1952419320059562,0.0596718640119164,0,1,1,1,1,1,False,-1,
15167,2025-12-10 18:25:00,18,-1,MARKDOWN,6,A+,156.610684,156.80588219052103,156.12268852369738,0.19519819052104026,0.05576438104208776,0,1,1,1,1,1,False,-1,
15179,2025-12-10 19:25:00,19,-1,MARKDOWN,5,A,156.55046,156.75207737703983,156.0464165574004,0.20161737703983817,0.04415475407967249,0,1,0,1,1,1,False,-1,
15191,2025-12-10 20:25:00,20,-1,MARKDOWN,5,A,156.50347000000002,156.68223006977576,156.0565698255607,0.1787600697757341,0.0404601395515099,0,0,1,1,1,1,True,15204,2.5
15337,2025-12-11 08:35:00,8,1,MARKUP,5,A,155.745996,155.46116560635255,156.4580719841186,0.28483039364743945,0.05166878729487362,0,1,0,1,1,1,False,-1,
15349,2025-12-11 09:35:00,9,1,MARKUP,3,C,155.82201,155.58131000029343,156.42375999926645,0.24069999970657818,0.05737999941316476,0,0,0,1,0,1,True,15361,-1.0
15390,2025-12-11 13:00:00,13,-1,MARKDOWN,6,A+,156.020222,156.19322655608025,155.58771060979933,0.173004556080258,0.056453112160538985,0,1,1,1,1,1,False,-1,
15402,2025-12-11 14:00:00,14,-1,MARKDOWN,5,A,155.949816,156.09452182135666,155.58805144660835,0.14470582135666632,0.05104364271335071,0,1,0,1,1,1,False,-1,
15414,2025-12-11 15:00:00,15,-1,MARKDOWN,6,A+,155.858518,156.1006718070526,155.2531334823685,0.2421538070526026,0.06334361410524195,0,1,1,1,1,1,False,-1,
15426,2025-12-11 16:00:00,16,-1,MARKDOWN,5,A,155.705154,156.07244585099738,154.78692437250652,0.3672918509973897,0.0828917019947282,0,1,0,1,1,1,False,-1,
15438,2025-12-11 17:00:00,17,-1,MARKDOWN,4,B,155.56509,155.99118827218743,154.4998443195314,0.42609827218743135,0.08437654437481763,0,1,0,0,1,1,False,-1,
15450,2025-12-11 18:00:00,18,-1,MARKDOWN,3,C,155.50638,155.89529911093217,154.5340822226696,0.38891911093216436,0.08259822186433693,0,0,0,0,1,1,False,-1,
15462,2025-12-11 19:00:00,19,-1,MARKDOWN,5,A,155.479806,155.84782168518987,154.5597667870253,0.3680156851898744,0.07364337037973247,0,0,1,1,1,1,False,-1,
15618,2025-12-12 08:00:00,8,1,MARKUP,5,A,155.634332,155.5324166732563,155.88912031685925,0.10191532674369341,0.031166653487414205,0,1,1,0,1,1,True,15631,2.5
15644,2025-12-12 10:10:00,10,1,MARKUP,6,A+,155.651252,155.5114148587213,156.00084485319672,0.13983714127869007,0.06117028255737281,0,1,1,1,1,1,False,-1,
15656,2025-12-12 11:10:00,11,1,MARKUP,5,A,155.663094,155.51083908924187,156.04373127689533,0.15225491075813125,0.06232182151624647,0,1,0,1,1,1,False,-1,
15678,2025-12-12 13:00:00,13,1,MARKUP,6,A+,155.703968,155.52170206970806,156.1596328257299,0.1822659302919476,0.04059586058389818,0,1,1,1,1,1,False,-1,
15690,2025-12-12 14:00:00,14,1,MARKUP,4,B,155.715428,155.5204718521593,156.2028183696018,0.19495614784071336,0.04305629568144196,0,0,0,1,1,1,False,-1,
15702,2025-12-12 15:00:00,15,1,MARKUP,4,B,155.816292,155.5971819102438,156.36406722439054,0.2191100897562137,0.051636179512415725,0,1,0,1,0,1,False,-1,
15714,2025-12-12 16:00:00,16,1,MARKUP,6,A+,155.904048,155.7371754046263,156.3212294884342,0.1668725953736896,0.05564919074739865,0,1,1,1,1,1,True,15724,-1.0
15734,2025-12-12 17:40:00,17,1,MARKUP,5,A,155.90961,155.73268075150685,156.35193312123283,0.1769292484931384,0.08263849698630923,0,1,1,0,1,1,True,15737,-1.0
15758,2025-12-12 19:40:00,19,-1,MARKDOWN,6,A+,155.955954,156.16243898506536,155.43974153733654,0.20648498506537294,0.06687797013074959,0,1,1,1,1,1,False,-1,
15770,2025-12-12 20:40:00,20,-1,MARKDOWN,5,A,155.93865,156.12481946726265,155.47322633184336,0.18616946726265837,0.0476389345253269,0,1,0,1,1,1,True,15784,2.5
15906,2025-12-15 08:00:00,8,-1,MARKDOWN,5,A,155.553008,155.9055021895396,154.67177252615105,0.3524941895395841,0.05100437907917949,0,1,0,1,1,1,False,-1,
15918,2025-12-15 09:00:00,9,-1,MARKDOWN,4,B,155.37233,155.66561538690618,154.63911653273456,0.29328538690617734,0.06323077381239109,0,0,0,1,1,1,False,-1,
15932,2025-12-15 10:10:00,10,-1,MARKDOWN,4,B,155.275304,155.51068257422946,154.68685756442636,0.23537857422945763,0.06736514845894145,0,0,1,0,1,1,False,-1,
15944,2025-12-15 11:10:00,11,-1,MARKDOWN,6,A+,155.200526,155.39003584848072,154.72675137879818,0.18950984848072494,0.06807169696147819,0,1,1,1,1,1,False,-1,
15966,2025-12-15 13:00:00,13,-1,MARKDOWN,5,A,155.159244,155.3207606676661,154.75545233083477,0.16151666766609196,0.0495213353321734,0,1,1,0,1,1,False,-1,
15978,2025-12-15 14:00:00,14,-1,MARKDOWN,5,A,155.126774,155.32233170477284,154.63787973806797,0.19555770477282408,0.05266340954570305,0,1,0,1,1,1,True,15991,-1.0
15992,2025-12-15 15:10:00,15,-1,MARKDOWN,6,A+,155.079806,155.2477972986142,154.6598277534645,0.16799129861419715,0.05559459722839128,1,0,1,1,1,1,True,15993,-1.0
16008,2025-12-15 16:30:00,16,-1,MARKDOWN,6,A+,155.083514,155.25940065698256,154.64379735754363,0.17588665698255568,0.06680131396515755,0,1,1,1,1,1,True,16025,-1.0
16020,2025-12-15 17:30:00,17,-1,MARKDOWN,5,A,155.07702,155.27525098364868,154.58144254087833,0.19823098364867064,0.09850196729733722,0,1,0,1,1,1,True,16025,-1.0
16039,2025-12-15 19:05:00,19,1,MARKUP,6,A+,155.025854,154.80367323030077,155.5813059242481,0.22218076969923573,0.06465353939850431,0,1,1,1,1,1,False,-1,
16051,2025-12-15 20:05:00,20,1,MARKUP,5,A,155.03922400000002,154.8134227420195,155.60372714495134,0.2258012579805211,0.04515451596102964,0,1,0,1,1,1,False,-1,
16195,2025-12-16 08:05:00,8,-1,MARKDOWN,2,C,154.955302,155.14685909161585,154.47640927096035,0.19155709161586287,0.047718183231726045,0,0,0,0,0,1,True,16207,2.5
16237,2025-12-16 11:35:00,11,-1,MARKDOWN,4,B,154.866928,155.00651981762346,154.51794845594137,0.13959181762345452,0.05303963524691735,0,1,1,0,0,1,True,16239,2.5
16263,2025-12-16 13:45:00,13,-1,MARKDOWN,5,A,154.900162,154.9972489178706,154.65744470532348,0.0970869178705982,0.0344978357412215,0,1,1,1,0,1,False,-1,
16275,2025-12-16 14:45:00,14,-1,MARKDOWN,6,A+,154.844444,154.96005545316507,154.55541536708736,0.11561145316505872,0.034110906330113204,0,1,1,1,1,1,True,16286,-1.0
16287,2025-12-16 15:45:00,15,-1,MARKDOWN,5,A,154.71218,154.95028289968974,154.11692275077561,0.23810289968974985,0.08656579937944532,1,0,0,1,1,1,True,16288,-1.0
16299,2025-12-16 16:45:00,16,-1,MARKDOWN,5,A,154.768418,155.05036189371205,154.06355826571985,0.28194389371205375,0.10472378742412368,0,1,1,0,1,1,True,16313,-0.023345070231352034
16311,2025-12-16 17:45:00,17,-1,MARKDOWN,5,A,154.768418,155.05104002047506,154.06186294881235,0.2826220204750598,0.10608004095010748,0,1,0,1,1,1,True,16313,-0.023289055781800207
16332,2025-12-16 19:30:00,19,-1,MARKDOWN,6,A+,154.768418,155.03472787387366,154.10264331531585,0.26630987387366645,0.07345574774737179,0,1,1,1,1,1,True,16343,-0.5203787527072881
16482,2025-12-17 08:00:00,8,1,MARKUP,6,A+,154.76712,154.49111467130018,155.45713332174955,0.2760053286998243,0.047770657399634577,0,1,1,1,1,1,False,-1,
16494,2025-12-17 09:00:00,9,1,MARKUP,5,A,155.039738,154.75943860656375,155.74048648359064,0.2802993934362519,0.057122786872527066,0,1,0,1,1,1,False,-1,
16506,2025-12-17 10:00:00,10,1,MARKUP,6,A+,155.13331,154.83124904891068,155.88846237772327,0.30206095108931663,0.0655019021786385,0,1,1,1,1,1,False,-1,
16518,2025-12-17 11:00:00,11,1,MARKUP,6,A+,155.194828,154.91276005682835,155.89999785792912,0.2820679431716542,0.06447988634329122,0,1,1,1,1,1,False,-1,
16543,2025-12-17 13:05:00,13,1,MARKUP,5,A,155.346856,155.1708593672419,155.7868475818953,0.17599663275811395,0.04028126551621014,0,1,1,0,1,1,False,-1,
16555,2025-12-17 14:05:00,14,1,MARKUP,6,A+,155.459332,155.35642956920293,155.71658807699265,0.10290243079705874,0.033140861594112246,0,1,1,1,1,1,True,16561,-1.0
16567,2025-12-17 15:05:00,15,1,MARKUP,6,A+,155.49517600000001,155.4117154848054,155.70382728798654,0.08346051519461639,0.038569030389227495,0,1,1,1,1,1,True,16569,-1.0
16581,2025-12-17 16:15:00,16,1,MARKUP,6,A+,155.460634,155.31815268802802,155.81683727992993,0.14248131197197722,0.06569462394396379,0,1,1,1,1,1,True,16588,0.872858329831136
16606,2025-12-17 18:20:00,18,1,MARKUP,5,A,155.460634,155.31204393785248,155.8321091553688,0.14859006214751957,0.07791212429506146,0,1,1,0,1,1,False,-1,
16618,2025-12-17 19:20:00,19,1,MARKUP,5,A,155.460634,155.3220748462432,155.80703188439202,0.13855915375680183,0.05785030751362191,0,1,0,1,1,1,False,-1,
16630,2025-12-17 20:20:00,20,1,MARKUP,6,A+,155.458342,155.3276858176405,155.78498245589867,0.1306561823594734,0.04662836471895062,0,1,1,1,1,1,False,-1,
16770,2025-12-18 08:00:00,8,1,MARKUP,4,B,155.62296800000001,155.4429742800526,156.07295229986858,0.17999371994741864,0.03605143989484762,0,1,0,1,0,1,False,-1,
16782,2025-12-18 09:00:00,9,1,MARKUP,5,A,155.76505,155.64029512949642,156.07693717625895,0.1247548705035797,0.039409741007120275,0,1,0,1,1,1,False,-1,
16794,2025-12-18 10:00:00,10,1,MARKUP,5,A,155.798028,155.6756940942066,156.1038627644835,0.12233390579339698,0.05061181158678728,0,0,1,1,1,1,False,-1,
16806,2025-12-18 11:00:00,11,1,MARKUP,4,B,155.798028,155.67771822747537,156.09880243131153,0.12030977252462094,0.04656354504927454,0,0,1,0,1,1,False,-1,
16860,2025-12-18 15:30:00,15,-1,MARKDOWN,5,A,155.722116,156.01224988066406,154.99678129833984,0.2901338806640581,0.07449976132815274,1,0,1,0,1,1,False,-1,
16872,2025-12-18 16:30:00,16,-1,MARKDOWN,5,A,155.722116,156.01591265697323,154.98762435756692,0.2937966569732282,0.08182531394647696,0,1,0,1,1,1,False,-1,
16884,2025-12-18 17:30:00,17,-1,MARKDOWN,4,B,155.694442,155.99043135182427,154.95446862043934,0.2959893518242609,0.0808627036485572,1,0,0,0,1,1,False,-1,
16896,2025-12-18 18:30:00,18,-1,MARKDOWN,5,A,155.64129400000002,155.9008728837229,154.99234679069278,0.25957888372289517,0.07374576744580028,0,1,0,1,1,1,True,16904,-0.3764019576580462
17058,2025-12-19 08:00:00,8,1,MARKUP,6,A+,155.814234,155.56064479707072,156.4482070073232,0.2535892029292768,0.058710405858587514,0,1,1,1,1,1,False,-1,
17070,2025-12-19 09:00:00,9,1,MARKUP,4,B,155.91661,155.5354181105214,156.8695897236965,0.3811918894786004,0.1091637789572128,0,0,0,1,1,1,False,-1,
17082,2025-12-19 10:00:00,10,1,MARKUP,6,A+,156.0866,155.53046180106017,157.4769454973496,0.5561381989398342,0.11907639787968809,0,1,1,1,1,1,False,-1,
17094,2025-12-19 11:00:00,11,1,MARKUP,5,A,156.24266,155.76586373470928,157.4346506632268,0.47679626529071584,0.09027253058142841,0,1,0,1,1,1,False,-1,
17118,2025-12-19 13:00:00,13,1,MARKUP,5,A,156.442864,155.81060726814073,158.02350582964812,0.6322567318592576,0.07878546371853044,0,1,0,1,1,1,False,-1,
17130,2025-12-19 14:00:00,14,1,MARKUP,6,A+,156.568318,156.01992829442588,157.93929226393533,0.5483897055741238,0.0661434111482438,0,1,1,1,1,1,False,-1,
17142,2025-12-19 15:00:00,15,1,MARKUP,4,B,156.98855799999998,156.70466650306136,157.69828674234654,0.28389149693862237,0.056666993877314505,0,0,1,0,1,1,True,17156,2.5
17154,2025-12-19 16:00:00,16,1,MARKUP,3,C,157.091764,156.86918700381221,157.6482064904695,0.22257699618779725,0.061625992375597724,0,0,0,1,0,1,True,17156,2.5
17166,2025-12-19 17:00:00,17,1,MARKUP,5,A,157.142044,156.89217382478336,157.7667194380416,0.24987017521664256,0.08565235043328437,0,1,1,1,0,1,False,-1,
17178,2025-12-19 18:00:00,18,1,MARKUP,5,A,157.147392,156.90138363949941,157.76241290125145,0.24600836050058206,0.06723272100118521,0,1,0,1,1,1,False,-1,
17190,2025-12-19 19:00:00,19,1,MARKUP,6,A+,157.147774,156.9113262236831,157.73889344079225,0.23644777631690772,0.0473475526338341,0,1,1,1,1,1,False,-1,
17202,2025-12-19 20:00:00,20,1,MARKUP,4,B,157.21577,156.905888407011,157.9904739824725,0.30988159298900086,0.05822318597800261,0,0,1,0,1,1,False,-1,
17347,2025-12-22 08:05:00,8,-1,MARKDOWN,6,A+,157.403276,157.53306185913206,157.07881135216985,0.1297858591320562,0.04412371826414624,0,1,1,1,1,1,True,17356,-1.0
17380,2025-12-22 10:50:00,10,1,MARKUP,6,A+,157.377128,157.23058501278473,157.74348546803816,0.1465429872152697,0.06082997443054581,0,1,1,1,1,1,True,17395,-1.0
17392,2025-12-22 11:50:00,11,1,MARKUP,4,B,157.382128,157.24102333968102,157.7348896507974,0.14110466031897317,0.049953320637944616,0,0,0,1,1,1,True,17394,-1.0
17407,2025-12-22 13:05:00,13,-1,MARKDOWN,6,A+,157.455018,157.5893985246747,157.11906668831324,0.13438052467469674,0.038797049349421256,0,1,1,1,1,1,False,-1,
17419,2025-12-22 14:05:00,14,-1,MARKDOWN,6,A+,157.480612,157.58939686677016,157.20864983307462,0.10878486677015076,0.03879373354035117,0,1,1,1,1,1,False,-1,
17431,2025-12-22 15:05:00,15,-1,MARKDOWN,6,A+,157.46686,157.58982365701672,157.15945085745818,0.12296365701672585,0.0396473140334572,0,1,1,1,1,1,False,-1,
17443,2025-12-22 16:05:00,16,-1,MARKDOWN,4,B,157.2737,157.5637014614165,156.54869634645868,0.29000146141652294,0.0834029228330601,0,0,0,1,1,1,False,-1,
17455,2025-12-22 17:05:00,17,-1,MARKDOWN,5,A,157.21808,157.47338098211404,156.57982754471487,0.2553009821140506,0.08276196422811696,0,1,0,1,1,1,False,-1,
17467,2025-12-22 18:05:00,18,-1,MARKDOWN,5,A,157.21808,157.46943902628567,156.58968243428578,0.25135902628568374,0.07487805257134113,0,1,0,1,1,1,False,-1,
17479,2025-12-22 19:05:00,19,-1,MARKDOWN,6,A+,157.20662,157.4633871047948,156.56470223801296,0.2567671047948181,0.06277420958963734,0,1,1,1,1,1,False,-1,
17491,2025-12-22 20:05:00,20,-1,MARKDOWN,4,B,157.081216,157.3429752324861,156.42681791878476,0.26175923248609934,0.05595046497222405,0,0,0,1,1,1,False,-1,
17634,2025-12-23 08:00:00,8,-1,MARKDOWN,5,A,156.372264,156.6863146708174,155.5871373229565,0.3140506708174087,0.056629341634867915,0,1,0,1,1,1,False,-1,
17646,2025-12-23 09:00:00,9,-1,MARKDOWN,4,B,156.264114,156.5111012587482,155.64664585312954,0.2469872587481916,0.05620251749638864,0,0,0,1,1,1,False,-1,
17658,2025-12-23 10:00:00,10,-1,MARKDOWN,4,B,156.177594,156.3780617231029,155.6764246922428,0.2004677231028893,0.07012344620578717,0,1,0,1,0,1,False,-1,
17670,2025-12-23 11:00:00,11,-1,MARKDOWN,6,A+,156.00860600000001,156.22742414229256,155.46156064426864,0.21881814229254815,0.08084828458508073,0,1,1,1,1,1,True,17681,-1.0
17694,2025-12-23 13:00:00,13,-1,MARKDOWN,4,B,155.982248,156.22050358654974,155.38660903362563,0.23825558654974088,0.06700717309946382,0,0,0,1,1,1,True,17703,-1.0
17713,2025-12-23 14:35:00,14,-1,MARKDOWN,7,A+,155.939606,156.14260395576056,155.43211111059858,0.20299795576056567,0.04920791152113711,1,1,1,1,1,1,True,17715,-1.0
17734,2025-12-23 16:20:00,16,1,MARKUP,5,A,156.093558,155.8006419468638,156.8258481328405,0.29291605313619584,0.07471610627235872,0,1,1,1,0,1,False,-1,
17746,2025-12-23 17:20:00,17,1,MARKUP,4,B,156.123378,155.82440488893488,156.87081077766283,0.2989731110651235,0.07919022213025882,0,1,0,1,0,1,False,-1,
17758,2025-12-23 18:20:00,18,1,MARKUP,3,C,156.129558,155.83905600744833,156.8558129813792,0.2905019925516683,0.06988798510332707,0,0,0,0,1,1,False,-1,
17778,2025-12-23 20:00:00,20,1,MARKUP,4,B,156.178998,155.93061163471924,156.7999639132019,0.24838636528076563,0.0467767305615283,0,0,1,0,1,1,True,17802,-1.0
17922,2025-12-24 08:00:00,8,-1,MARKDOWN,6,A+,155.92594599999998,156.17873399504458,155.2939760123885,0.25278799504459926,0.04946799008919528,0,1,1,1,1,1,False,-1,
17934,2025-12-24 09:00:00,9,-1,MARKDOWN,3,C,155.86970799999997,156.09127209652425,155.31579775868929,0.22156409652427556,0.05654419304849597,0,0,0,1,0,1,True,17945,0.23789052841506833
17958,2025-12-24 11:00:00,11,-1,MARKDOWN,6,A+,155.9102,156.09494500268613,155.44833749328467,0.18474500268612815,0.06389000537227049,0,1,1,1,1,1,True,17974,-0.3669923354581557
17995,2025-12-24 14:05:00,14,1,MARKUP,4,B,155.796634,155.66630642502855,156.12245293742865,0.13032757497146008,0.041387149942909415,0,1,0,0,1,1,False,-1,
18007,2025-12-24 15:05:00,15,1,MARKUP,5,A,155.833306,155.66520945522137,156.25354736194654,0.16809654477862068,0.04358108955729881,0,1,0,1,1,1,True,18026,0.1290567871491175
18019,2025-12-24 16:05:00,16,1,MARKUP,6,A+,155.846284,155.6878539124569,156.24235921885776,0.15843008754310972,0.040292175086233055,0,1,1,1,1,1,True,18026,-1.0
18033,2025-12-24 17:15:00,17,-1,MARKDOWN,5,A,155.920638,156.09700061448504,155.4797314637874,0.17636261448504342,0.054001228970122314,0,1,0,1,1,1,True,18048,-1.0
18045,2025-12-24 18:15:00,18,-1,MARKDOWN,4,B,155.920638,156.0999571595834,155.47234010104148,0.17931915958340028,0.05991431916681407,0,0,0,1,1,1,True,18048,-1.0
18064,2025-12-24 19:50:00,19,1,MARKUP,5,A,155.828362,155.65711199173833,156.25648702065416,0.1712500082616657,0.04377601652335149,0,1,0,1,1,1,True,18085,2.5
18076,2025-12-24 20:50:00,20,1,MARKUP,6,A+,155.815374,155.66341762920948,156.19526492697628,0.15195637079051494,0.03116474158104673,0,1,1,1,1,1,True,18085,2.5
18216,2025-12-26 08:30:00,8,1,MARKUP,6,A+,156.12402600000001,155.96708031792537,156.51639020518664,0.15694568207464954,0.05183936414923753,0,1,1,1,1,1,False,-1,
18228,2025-12-26 09:30:00,9,1,MARKUP,6,A+,156.11791399999998,155.96831779361327,156.49190451596678,0.14959620638671822,0.04936441277346209,0,1,1,1,1,1,False,-1,
18240,2025-12-26 10:30:00,10,1,MARKUP,6,A+,156.165282,155.96410899030036,156.66821452424907,0.20117300969963026,0.057782019399281646,0,1,1,1,1,1,False,-1,
18252,2025-12-26 11:30:00,11,1,MARKUP,5,A,156.20844,156.02301497517107,156.67200256207232,0.18542502482893042,0.04997004965786169,0,1,0,1,1,1,False,-1,
18270,2025-12-26 13:00:00,13,1,MARKUP,3,C,156.235542,156.07221243626736,156.64386590933162,0.1633295637326455,0.0355751274653007,0,0,1,0,0,1,False,-1,
18282,2025-12-26 14:00:00,14,1,MARKUP,5,A,156.31341,156.19707444637527,156.60424888406186,0.11633555362473658,0.037851107249481264,0,1,1,0,1,1,True,18295,2.5
18294,2025-12-26 15:00:00,15,1,MARKUP,5,A,156.372052,156.28319826660143,156.5941863334964,0.08885373339856528,0.035603466797129515,0,1,0,1,1,1,True,18295,-1.0
18314,2025-12-26 16:40:00,16,1,MARKUP,5,A,156.326938,156.2052845101587,156.63107172460332,0.12165348984132152,0.045430979682637075,0,1,1,1,0,1,True,18319,2.5
18326,2025-12-26 17:40:00,17,1,MARKUP,6,A+,156.326938,156.20536354389375,156.63087414026566,0.12157445610625928,0.04527291221252314,0,1,1,1,1,1,False,-1,
18338,2025-12-26 18:40:00,18,1,MARKUP,5,A,156.390732,156.2020715524251,156.86238311893726,0.18866044757490386,0.05185689514977188,0,1,0,1,1,1,False,-1,
18350,2025-12-26 19:40:00,19,1,MARKUP,4,B,156.42052800000002,156.20344654275166,156.9632316431209,0.21708145724835504,0.04910691449669994,0,1,0,1,0,1,False,-1,
18364,2025-12-26 20:50:00,20,1,MARKUP,3,C,156.452046,156.257852638382,156.937529404045,0.19419336161800516,0.042294723236022916,1,0,0,0,0,1,True,18378,-1.0
18498,2025-12-29 08:00:00,8,-1,MARKDOWN,5,A,156.389614,156.53752609751857,156.01983375620358,0.14791209751857082,0.049052195037134816,0,1,0,1,1,1,False,-1,
18510,2025-12-29 09:00:00,9,-1,MARKDOWN,6,A+,156.374334,156.5391592788444,155.962270802889,0.164825278844404,0.05231855768883277,0,1,1,1,1,1,True,18534,2.5
18522,2025-12-29 10:00:00,10,-1,MARKDOWN,5,A,156.312414,156.50208417957947,155.8382385510513,0.18967017957947974,0.056168359158976514,0,1,0,1,1,1,True,18534,1.2042694350076868
18539,2025-12-29 11:25:00,11,-1,MARKDOWN,6,A+,156.2673,156.42860620123884,155.86403449690295,0.16130620123882977,0.05521240247763634,1,0,1,1,1,1,True,18543,0.696191461565284
18573,2025-12-29 14:15:00,14,1,MARKUP,5,A,156.195014,156.02951384834682,156.60876437913288,0.16550015165316267,0.04297230330630556,0,1,0,1,1,1,True,18592,-1.0
18585,2025-12-29 15:15:00,15,1,MARKUP,5,A,156.229622,156.0817808367522,156.59922490811954,0.14784116324781849,0.050438326495651484,0,0,1,1,1,1,True,18592,-1.0
18597,2025-12-29 16:15:00,16,-1,MARKDOWN,5,A,156.305378,156.45532083453193,155.93052091367014,0.14994283453194157,0.05464166906387994,0,1,0,1,1,1,False,-1,
18609,2025-12-29 17:15:00,17,-1,MARKDOWN,5,A,156.268706,156.46309404862745,155.7827358784314,0.1943880486274452,0.07018809725494121,0,1,0,1,1,1,True,18612,0.991346954510287
18621,2025-12-29 18:15:00,18,-1,MARKDOWN,4,B,156.232416,156.47006750514322,155.63828723714195,0.2376515051432193,0.084135010286469,0,1,0,1,0,1,False,-1,
18633,2025-12-29 19:15:00,19,-1,MARKDOWN,5,A,156.219438,156.43769402875694,155.67379792810766,0.21825602875694017,0.06138805751383914,0,0,1,1,1,1,True,18649,-0.24999080351071054
18786,2025-12-30 08:00:00,8,-1,MARKDOWN,6,A+,156.21394,156.36284151475743,155.84168621310644,0.1489015147574264,0.0456830295148352,0,1,1,1,1,1,False,-1,
18798,2025-12-30 09:00:00,9,-1,MARKDOWN,4,B,156.186818,156.3660511837501,155.7387350406247,0.17923318375011377,0.052102367500184626,0,0,1,0,1,1,False,-1,
18810,2025-12-30 10:00:00,10,-1,MARKDOWN,6,A+,156.161718,156.36232468872805,155.6602012781799,0.200606688728044,0.05664937745612007,0,1,1,1,1,1,False,-1,
18822,2025-12-30 11:00:00,11,-1,MARKDOWN,4,B,156.12012199999998,156.3114408688198,155.64182482795042,0.1913188688198204,0.05488173763963721,0,0,0,1,1,1,False,-1,
18846,2025-12-30 13:00:00,13,-1,MARKDOWN,5,A,155.968334,156.13147254634163,155.56048763414594,0.16313854634162794,0.04894509268324762,0,1,0,1,1,1,True,18862,-1.0
18858,2025-12-30 14:00:00,14,-1,MARKDOWN,3,C,155.968334,156.12818193787618,155.56871415530955,0.15984793787617946,0.04236387575238146,0,0,0,0,1,1,True,18862,-1.0
18882,2025-12-30 16:00:00,16,1,MARKUP,6,A+,155.928124,155.7206474681792,156.44681532955195,0.20747653182078807,0.046705063641553704,0,1,1,1,1,1,False,-1,
18894,2025-12-30 17:00:00,17,1,MARKUP,6,A+,155.965178,155.7176086558383,156.5841013604043,0.24756934416171816,0.052782688323442725,0,1,1,1,1,1,False,-1,
18906,2025-12-30 18:00:00,18,1,MARKUP,4,B,156.108826,155.7914153665963,156.90235258350918,0.31741063340368214,0.06716926680733773,0,1,0,1,0,1,False,-1,
18918,2025-12-30 19:00:00,19,1,MARKUP,5,A,156.15703,155.87708075849133,156.85690310377163,0.2799492415086604,0.051838483017304045,0,0,1,1,1,1,False,-1,
18937,2025-12-30 20:35:00,20,1,MARKUP,5,A,156.278776,156.08284112532144,156.76861318669637,0.19593487467855653,0.03431774935709216,0,1,1,1,0,1,False,-1,
19074,2025-12-31 08:00:00,8,1,MARKUP,6,A+,156.464342,156.34456761400352,156.76377796499116,0.11977438599646462,0.024864771992933923,0,1,1,1,1,1,False,-1,
19086,2025-12-31 09:00:00,9,1,MARKUP,4,B,156.51286000000002,156.41273330275138,156.76317674312162,0.10012669724864054,0.02453339449729209,0,1,0,1,0,1,True,19105,2.5
19111,2025-12-31 11:05:00,11,1,MARKUP,6,A+,156.561682,156.4876580461561,156.74674188460972,0.07402395384389138,0.03268390768779063,0,1,1,1,1,1,True,19115,2.5
19134,2025-12-31 13:00:00,13,1,MARKUP,4,B,156.571558,156.4912561495994,156.77231262600156,0.0803018504006161,0.03148770080121348,0,1,1,0,0,1,True,19146,2.5
19147,2025-12-31 14:05:00,14,1,MARKUP,2,C,156.57194,156.49128124845822,156.77358687885447,0.08065875154179025,0.031437503083576214,0,0,0,0,0,1,True,19149,2.5
19159,2025-12-31 15:05:00,15,1,MARKUP,5,A,156.57194,156.49096961640987,156.77436595897535,0.08097038359014164,0.032060767180259464,0,1,1,0,1,1,False,-1,
19171,2025-12-31 16:05:00,16,1,MARKUP,6,A+,156.70298,156.5308763015631,157.13323924609224,0.17210369843689932,0.0462473968738354,0,1,1,1,1,1,True,19194,-0.01731514213275651
19183,2025-12-31 17:05:00,17,1,MARKUP,5,A,156.720552,156.5284657130951,157.20076771726224,0.19208628690489604,0.051068573809786875,0,1,1,1,0,1,True,19193,-0.26317339365844056
19196,2025-12-31 18:10:00,18,1,MARKUP,5,A,156.722462,156.52273373807745,157.22178265480642,0.19972826192255866,0.06253252384510828,1,0,0,1,1,1,True,19197,0.06778209488065273
19219,2025-12-31 20:05:00,20,1,MARKUP,5,A,156.762632,156.59557121457132,157.1802839635717,0.1670607854286743,0.046857570857346154,0,1,1,0,1,1,True,19238,-1.0
19360,2026-01-02 08:00:00,8,1,MARKUP,5,A,156.684878,156.50688812688762,157.12985268278095,0.1779898731123808,0.028223746224744214,0,1,1,1,0,1,False,-1,
19372,2026-01-02 09:00:00,9,1,MARKUP,4,B,156.747418,156.5814300424804,157.162387893799,0.16598795751960438,0.02713991503915761,0,1,0,1,0,1,False,-1,
19384,2026-01-02 10:00:00,10,1,MARKUP,4,B,156.788824,156.63977046965263,157.16145782586844,0.14905353034737345,0.044459060694723176,0,1,1,0,0,1,True,19400,-1.0
19407,2026-01-02 11:55:00,11,1,MARKUP,5,A,156.856096,156.7461422329447,157.13098041763828,0.10995376705531612,0.045715534110629986,0,1,1,1,0,1,True,19412,-1.0
19424,2026-01-02 13:20:00,13,1,MARKUP,6,A+,156.856096,156.75065973726242,157.11968665684395,0.10543626273758377,0.03668052547516785,0,1,1,1,1,1,True,19447,-1.0
19436,2026-01-02 14:20:00,14,1,MARKUP,5,A,156.856096,156.75076751102048,157.11941722244882,0.10532848897952363,0.03646497795904777,0,1,0,1,1,1,True,19447,-1.0
19449,2026-01-02 15:25:00,15,1,MARKUP,5,A,156.85762400000002,156.74832631200945,157.13086821997643,0.10929768799056205,0.04134737598111225,0,0,1,1,1,1,True,19453,-1.0
19471,2026-01-02 17:15:00,17,-1,MARKDOWN,5,A,156.870738,157.0286348996299,156.4759957509252,0.15789689962991815,0.05526979925979904,0,1,0,1,1,1,False,-1,
19483,2026-01-02 18:15:00,18,-1,MARKDOWN,4,B,156.833302,157.0293009581057,156.34330460473578,0.19599895810569024,0.05660191621136811,0,1,0,1,0,1,True,19506,-1.0
19495,2026-01-02 19:15:00,19,-1,MARKDOWN,5,A,156.833302,157.02416364275743,156.35614789310642,0.1908616427574259,0.0463272855148744,0,0,1,1,1,1,True,19506,-1.0
19648,2026-01-05 08:00:00,8,1,MARKUP,5,A,157.077756,156.9207064694733,157.47037982631676,0.1570495305267059,0.04058706105343215,0,1,1,0,1,1,True,19654,-1.0
19676,2026-01-05 10:20:00,10,-1,MARKDOWN,6,A+,157.102652,157.33103330551467,156.53169873621334,0.22838130551465952,0.06406661102933557,0,1,1,1,1,1,False,-1,
19688,2026-01-05 11:20:00,11,-1,MARKDOWN,6,A+,157.065598,157.33064123621614,156.40298990945962,0.2650432362161439,0.06328247243226856,0,1,1,1,1,1,False,-1,
19708,2026-01-05 13:00:00,13,-1,MARKDOWN,6,A+,156.96569,157.26336908036382,156.22149229909044,0.29767908036382096,0.05673816072761073,0,1,1,1,1,1,False,-1,
19720,2026-01-05 14:00:00,14,-1,MARKDOWN,6,A+,156.870518,157.10835009408916,156.2759377647771,0.23783209408915695,0.0547001881783357,0,1,1,1,1,1,True,19734,2.5
19760,2026-01-05 17:20:00,17,-1,MARKDOWN,6,A+,156.782652,157.01408813522414,156.2040616619397,0.2314361352241292,0.07017627044824186,0,1,1,1,1,1,False,-1,
19772,2026-01-05 18:20:00,18,-1,MARKDOWN,6,A+,156.775776,157.01638948083112,156.1742422979222,0.2406134808311151,0.07477896166221361,0,1,1,1,1,1,False,-1,
19784,2026-01-05 19:20:00,19,-1,MARKDOWN,5,A,156.708926,157.01046291580295,155.9550837104926,0.3015369158029557,0.0629258316058596,0,1,1,1,0,1,False,-1,
19796,2026-01-05 20:20:00,20,-1,MARKDOWN,4,B,156.706634,157.00223145799325,155.9676403550169,0.2955974579932388,0.046462915986467075,0,1,0,0,1,1,False,-1,
19948,2026-01-06 09:00:00,9,-1,MARKDOWN,5,A,156.402534,156.53004382391214,156.08375944021967,0.12750982391213483,0.054087647824302414,0,1,1,0,1,1,False,-1,
19960,2026-01-06 10:00:00,10,-1,MARKDOWN,6,A+,156.378534,156.511373178539,156.04643605365249,0.13283917853900107,0.06474635707799103,0,1,1,1,1,1,True,19967,-1.0
19972,2026-01-06 11:00:00,11,-1,MARKDOWN,6,A+,156.35828800000002,156.50887133264962,155.981829668376,0.1505833326496031,0.0597426652992379,0,1,1,1,1,1,True,19977,-1.0
20000,2026-01-06 13:20:00,13,1,MARKUP,5,A,156.305868,156.13913940017477,156.7226894995631,0.16672859982523391,0.04772119965047783,0,1,0,1,1,1,True,20010,2.5
20012,2026-01-06 14:20:00,14,1,MARKUP,4,B,156.305868,156.13939467021967,156.72205132445083,0.16647332978033091,0.047210659560701626,0,0,0,1,1,1,True,20032,2.5
20024,2026-01-06 15:20:00,15,1,MARKUP,6,A+,156.367082,156.2033692479237,156.77636388019081,0.16371275207632152,0.059261504152609064,0,1,1,1,1,1,True,20027,1.777002684948775
20036,2026-01-06 16:20:00,16,1,MARKUP,6,A+,156.396746,156.25022922574203,156.76303793564495,0.14651677425797516,0.06154154851592354,1,0,1,1,1,1,True,20038,1.5919951908666299
20048,2026-01-06 17:20:00,17,1,MARKUP,5,A,156.426498,156.26059858528453,156.84124653678873,0.16589941471548286,0.07280282943092513,0,1,0,1,1,1,False,-1,
20060,2026-01-06 18:20:00,18,1,MARKUP,5,A,156.462406,156.2641675877655,156.95800203058616,0.19823841223447403,0.06566482446898739,0,1,0,1,1,1,False,-1,
20072,2026-01-06 19:20:00,19,1,MARKUP,4,B,156.469552,156.27770829362237,156.94916126594404,0.19184370637762527,0.05058341275528311,0,1,0,0,1,1,False,-1,
20084,2026-01-06 20:20:00,20,1,MARKUP,5,A,156.471462,156.2834770425639,156.94142439359024,0.18798495743610033,0.03904591487217289,0,1,1,0,1,1,False,-1,
20224,2026-01-07 08:00:00,8,-1,MARKDOWN,6,A+,156.59411,156.76671043057578,156.16260892356053,0.172600430575784,0.04342086115155929,0,1,1,1,1,1,False,-1,
20236,2026-01-07 09:00:00,9,-1,MARKDOWN,5,A,156.569032,156.75242132050542,156.11055869873644,0.18338932050542667,0.04284264101085317,0,1,1,1,0,1,True,20255,-1.0
20309,2026-01-07 15:05:00,15,1,MARKUP,4,B,156.490828,156.41525040467664,156.67977198830837,0.0755775953233524,0.03349919064669508,0,1,1,0,0,1,True,20311,-1.0
20321,2026-01-07 16:05:00,16,-1,MARKDOWN,4,B,156.498342,156.60746685352413,156.2255298661897,0.10912485352412205,0.05093370704828398,0,1,0,0,1,1,True,20323,-1.0
20337,2026-01-07 17:25:00,17,1,MARKUP,5,A,156.487914,156.3267725754771,156.89076756130723,0.1611414245228957,0.07245484904582451,0,1,0,1,1,1,False,-1,
20349,2026-01-07 18:25:00,18,1,MARKUP,5,A,156.530316,156.32951681710034,157.03231395724913,0.20079918289965804,0.06696636579931309,0,1,0,1,1,1,False,-1,
20361,2026-01-07 19:25:00,19,1,MARKUP,4,B,156.530316,156.33577880772754,157.01665898068114,0.19453719227246324,0.05444238454490881,0,0,0,1,1,1,False,-1,
20373,2026-01-07 20:25:00,20,1,MARKUP,4,B,156.530316,156.34216473628788,157.00069415928027,0.18815126371211477,0.041670527424231774,0,0,1,0,1,1,False,-1,
20512,2026-01-08 08:00:00,8,-1,MARKDOWN,4,B,156.83185,156.973680677677,156.4772733058075,0.14183067767700663,0.035361355354044464,0,1,0,0,1,1,False,-1,
20524,2026-01-08 09:00:00,9,-1,MARKDOWN,5,A,156.78180799999998,156.97957021247257,156.28740246881853,0.19776221247258263,0.04714042494512995,0,1,0,1,1,1,False,-1,
20536,2026-01-08 10:00:00,10,-1,MARKDOWN,6,A+,156.67021,156.83129953625425,156.26748615936435,0.16108953625425215,0.058599072508489246,0,1,1,1,1,1,True,20543,-1.0
20573,2026-01-08 13:05:00,13,1,MARKUP,4,B,156.58153199999998,156.4408999488907,156.9331121277732,0.1406320511092929,0.03220010221861488,0,0,1,1,0,1,False,-1,
20585,2026-01-08 14:05:00,14,1,MARKUP,5,A,156.58153199999998,156.44185288083423,156.93072979791435,0.1396791191657485,0.030294238331543776,0,1,1,1,0,1,False,-1,
20598,2026-01-08 15:10:00,15,1,MARKUP,3,C,156.63097199999999,156.52256938861305,156.90197852846734,0.10840261138693563,0.028861222773886818,0,0,1,0,0,1,False,-1,
20610,2026-01-08 16:10:00,16,1,MARKUP,6,A+,156.793992,156.6374363428216,157.18538114294603,0.15655565717841569,0.04112731435679421,0,1,1,1,1,1,False,-1,
20622,2026-01-08 17:10:00,17,1,MARKUP,6,A+,156.819238,156.63882555275427,157.27026911811436,0.18041244724574312,0.04834889449149501,0,1,1,1,1,1,True,20644,1.2291945671460125
20634,2026-01-08 18:10:00,18,1,MARKUP,5,A,156.819238,156.6389519185862,157.26995320353456,0.18028608141381142,0.048096162827641224,0,0,1,1,1,1,True,20644,1.2300561322367018
20800,2026-01-09 08:00:00,8,1,MARKUP,6,A+,157.160868,157.0015526661568,157.55915633460796,0.15931533384318186,0.03289466768639006,0,1,1,1,1,1,False,-1,
20812,2026-01-09 09:00:00,9,1,MARKUP,6,A+,157.24224,157.1029341965437,157.59050450864075,0.1393058034562955,0.0341316069125668,0,1,1,1,1,1,False,-1,
20824,2026-01-09 10:00:00,10,1,MARKUP,5,A,157.315912,157.13847514288307,157.7595041427923,0.17743685711693047,0.03704971423391549,0,1,0,1,1,1,False,-1,
20836,2026-01-09 11:00:00,11,1,MARKUP,4,B,157.37644999999998,157.17237053093356,157.886648672666,0.20407946906641428,0.04525893813288558,0,1,0,1,0,1,False,-1,
20860,2026-01-09 13:00:00,13,1,MARKUP,4,B,157.49289000000002,157.32403792954406,157.9150201761399,0.16885207045595507,0.035924140911887795,0,1,0,0,1,1,False,-1,
20876,2026-01-09 14:20:00,14,1,MARKUP,5,A,157.56334199999998,157.43975186913644,157.8723173271588,0.12359013086353343,0.03249626172706283,0,1,1,1,0,1,True,20886,-1.0
20898,2026-01-09 16:10:00,16,1,MARKUP,5,A,157.59852600000002,157.31145578976518,158.31620152558713,0.2870702102348446,0.12108842046967119,0,1,1,0,1,1,False,-1,
20910,2026-01-09 17:10:00,17,1,MARKUP,6,A+,157.660028,157.31492520423535,158.52278498941166,0.3451027957646602,0.11414959152933515,0,1,1,1,1,1,False,-1,
20922,2026-01-09 18:10:00,18,1,MARKUP,6,A+,157.683712,157.3240568534773,158.58284986630684,0.35965514652272645,0.09588629304546159,0,1,1,1,1,1,False,-1,
20934,2026-01-09 19:10:00,19,1,MARKUP,5,A,157.683712,157.3362337301565,158.55240767460882,0.3474782698435206,0.0715325396870696,0,1,0,1,1,1,False,-1,
20946,2026-01-09 20:10:00,20,1,MARKUP,4,B,157.683712,157.34339764614447,158.53449788463888,0.34031435385554687,0.057204707711107035,0,1,1,0,0,1,False,-1,
21088,2026-01-12 08:00:00,8,1,MARKUP,3,C,157.77094,157.4955691606759,158.45936709831022,0.275370839324097,0.03886167864818701,0,0,0,0,1,1,True,21112,0.7809832026073019
21113,2026-01-12 10:05:00,10,-1,MARKDOWN,6,A+,158.006606,158.2119759334972,157.49318116625702,0.20536993349719523,0.053951866994411436,0,1,1,1,1,1,False,-1,
21125,2026-01-12 11:05:00,11,-1,MARKDOWN,4,B,157.98091,158.2021177703049,157.42789057423772,0.22120777030491467,0.06423554060985712,0,1,0,1,0,1,False,-1,
21149,2026-01-12 13:05:00,13,-1,MARKDOWN,6,A+,157.91911,158.09416487471103,157.4814728132224,0.1750548747110372,0.048329749422086954,0,1,1,1,1,1,True,21155,-1.0
21166,2026-01-12 14:30:00,14,-1,MARKDOWN,7,A+,157.853602,157.98636036146,157.52170609635002,0.13275836145999165,0.04472072291998078,1,1,1,1,1,1,True,21169,-1.0
21178,2026-01-12 15:30:00,15,-1,MARKDOWN,4,B,157.853602,157.98982073378284,157.51305516554288,0.13621873378284022,0.051641467565658634,0,1,0,1,0,1,True,21184,-1.0
21197,2026-01-12 17:05:00,17,1,MARKUP,6,A+,157.837262,157.68067045773446,158.2287408556639,0.15659154226554506,0.05265908453107654,0,1,1,1,1,1,False,-1,
21209,2026-01-12 18:05:00,18,1,MARKUP,6,A+,157.8407,157.67902699903567,158.2448825024108,0.16167300096432768,0.05594600192864489,0,1,1,1,1,1,False,-1,
21221,2026-01-12 19:05:00,19,1,MARKUP,5,A,157.88424799999999,157.68073581105034,158.3930284723741,0.20351218894964518,0.052528377899297166,0,1,0,1,1,1,False,-1,
21233,2026-01-12 20:05:00,20,1,MARKUP,5,A,157.88424799999999,157.68437506354547,158.38393034113625,0.19987293645451132,0.04524987290905846,0,1,1,0,1,1,False,-1,
21376,2026-01-13 08:00:00,8,1,MARKUP,5,A,158.473276,158.1701966102734,159.2309744743165,0.3030793897266051,0.05760677945324746,0,1,1,0,1,1,False,-1,
21388,2026-01-13 09:00:00,9,1,MARKUP,3,C,158.579716,158.30499939736552,159.26650750658615,0.27471660263447006,0.06200120526897814,0,0,0,0,1,1,False,-1,
21400,2026-01-13 10:00:00,10,1,MARKUP,5,A,158.763902,158.59313464102866,159.19082039742835,0.17076735897134654,0.06573071794269884,0,1,0,1,1,1,False,-1,
21412,2026-01-13 11:00:00,11,1,MARKUP,5,A,158.787586,158.59633861883407,159.26570445291486,0.19124738116593676,0.059322762331870726,0,1,0,1,1,1,False,-1,
21439,2026-01-13 13:15:00,13,1,MARKUP,6,A+,158.85433,158.7099000373149,159.21540490671276,0.1444299626851091,0.04819992537022372,0,1,1,1,1,1,True,21442,-1.0
21455,2026-01-13 14:35:00,14,1,MARKUP,6,A+,158.87348799999998,158.74654736839014,159.19083957902458,0.12694063160984115,0.036905263219710036,0,1,1,1,1,1,True,21458,-1.0
21473,2026-01-13 16:05:00,16,1,MARKUP,5,A,158.744462,158.5341889342987,159.27014466425325,0.21027306570130122,0.08362213140258754,0,1,1,0,1,1,False,-1,
21485,2026-01-13 17:05:00,17,1,MARKUP,5,A,158.745608,158.5353076249553,159.27135893761178,0.2103003750447101,0.08138475008941522,0,1,1,0,1,1,False,-1,
21497,2026-01-13 18:05:00,18,1,MARKUP,5,A,158.77273,158.53522929333306,159.36648176666733,0.23750070666693546,0.08154141333384879,0,1,1,1,0,1,False,-1,
21509,2026-01-13 19:05:00,19,1,MARKUP,5,A,158.811694,158.54269582590487,159.4841894352378,0.26899817409511684,0.0666083481902405,0,1,1,1,0,1,False,-1,
21521,2026-01-13 20:05:00,20,1,MARKUP,4,B,158.811694,158.55023907214715,159.46533131963207,0.26145492785283864,0.051521855705666045,0,0,1,0,1,1,False,-1,
21664,2026-01-14 08:00:00,8,1,MARKUP,5,A,159.226104,159.06435927306174,159.63046581734562,0.16174472693825237,0.0392814538765035,0,1,0,1,1,1,True,21672,-1.0
21692,2026-01-14 10:20:00,10,-1,MARKDOWN,6,A+,159.22088399999998,159.37910868715056,158.82532228212352,0.1582246871505788,0.05821737430110933,0,1,1,1,1,1,False,-1,
21704,2026-01-14 11:20:00,11,-1,MARKDOWN,6,A+,159.091386,159.38998057397842,158.34489956505394,0.29859457397841993,0.07996114795686543,0,1,1,1,1,1,False,-1,
21724,2026-01-14 13:00:00,13,-1,MARKDOWN,5,A,159.051444,159.37500395385976,158.2425441153506,0.3235599538597569,0.06800790771947712,0,1,0,1,1,1,False,-1,
21736,2026-01-14 14:00:00,14,-1,MARKDOWN,5,A,158.80163000000002,159.24733922389782,157.68735694025548,0.44570922389780776,0.10067844779561921,0,1,1,1,0,1,False,-1,
21748,2026-01-14 15:00:00,15,-1,MARKDOWN,5,A,158.799776,159.2383745141303,157.7032797146743,0.43859851413029105,0.08874902826060216,0,0,1,1,1,1,False,-1,
21760,2026-01-14 16:00:00,16,-1,MARKDOWN,5,A,158.635388,158.97417653163618,157.78841667090958,0.33878853163616895,0.09235306327237025,1,0,1,0,1,1,False,-1,
21772,2026-01-14 17:00:00,17,-1,MARKDOWN,4,B,158.568734,158.87753948937183,157.79672027657045,0.30880548937182084,0.11107897874365968,0,1,0,0,1,1,False,-1,
21784,2026-01-14 18:00:00,18,-1,MARKDOWN,4,B,158.54734200000001,158.87172841560863,157.73637596097848,0.3243864156086147,0.09945683121727784,0,1,0,0,1,1,False,-1,
21796,2026-01-14 19:00:00,19,-1,MARKDOWN,5,A,158.497284,158.77761781110777,157.7964494722306,0.28033381110776645,0.07323562221553519,0,1,0,1,1,1,False,-1,
21808,2026-01-14 20:00:00,20,-1,MARKDOWN,4,B,158.497284,158.7699542402614,157.81560839934653,0.272670240261391,0.05790848052275491,0,0,0,1,1,1,True,21829,-0.185997562298607
21955,2026-01-15 08:15:00,8,1,MARKUP,6,A+,158.387822,158.20014852600454,158.85700568498865,0.18767347399545997,0.053702947990951905,0,1,1,1,1,1,False,-1,
21967,2026-01-15 09:15:00,9,1,MARKUP,6,A+,158.48179,158.32364753698812,158.87714615752967,0.1581424630118704,0.05270492602376352,0,1,1,1,1,1,True,21972,-1.0
21979,2026-01-15 10:15:00,10,1,MARKUP,6,A+,158.515464,158.34865744419093,158.9324803895227,0.16680655580907455,0.06468511161811791,0,1,1,1,1,1,True,21991,-1.0
22012,2026-01-15 13:00:00,13,-1,MARKDOWN,4,B,158.568358,158.7603401442032,158.08840263949193,0.19198214420322302,0.05468028840642764,0,1,1,0,0,1,True,22024,-1.0
22032,2026-01-15 14:40:00,14,1,MARKUP,6,A+,158.45862,158.28121746470202,158.90212633824493,0.177402535297972,0.04156507059591136,0,1,1,1,1,1,False,-1,
22044,2026-01-15 15:40:00,15,1,MARKUP,6,A+,158.489944,158.27365723616708,159.0306609095823,0.216286763832926,0.05668552766581238,0,1,1,1,1,1,False,-1,
22056,2026-01-15 16:40:00,16,1,MARKUP,6,A+,158.522796,158.27062990379974,159.15321124050064,0.25216609620025565,0.06274019240047356,0,1,1,1,1,1,True,22066,0.5678955345617633
22085,2026-01-15 19:05:00,19,-1,MARKDOWN,4,B,158.701606,158.90622146145378,158.19006734636554,0.20461546145378406,0.05244292290757331,0,1,0,0,1,1,False,-1,
22097,2026-01-15 20:05:00,20,-1,MARKDOWN,6,A+,158.701606,158.8999543695646,158.2057350760885,0.19834836956459867,0.03990873912921227,0,1,1,1,1,1,False,-1,
22257,2026-01-16 09:25:00,9,-1,MARKDOWN,6,A+,158.263202,158.47580602131458,157.73169194671357,0.21260402131457568,0.05161204262919959,0,1,1,1,1,1,True,22258,0.9934054807341255
22269,2026-01-16 10:25:00,10,-1,MARKDOWN,6,A+,158.31439,158.48571222039126,157.88608444902184,0.17132222039126077,0.07142444078254215,0,1,1,1,1,1,False,-1,
22281,2026-01-16 11:25:00,11,-1,MARKDOWN,6,A+,158.283448,158.48279375639729,157.78508360900676,0.19934575639729246,0.06558751279461968,0,1,1,1,1,1,False,-1,
22300,2026-01-16 13:00:00,13,-1,MARKDOWN,5,A,158.283448,158.47585952862775,157.8024191784306,0.19241152862775834,0.05171905725555114,0,1,1,0,1,1,False,-1,
22314,2026-01-16 14:10:00,14,-1,MARKDOWN,5,A,158.192602,158.32470772120894,157.86233769697765,0.13210572120894426,0.043415442417855186,0,1,1,0,1,1,True,22316,2.5
22326,2026-01-16 15:10:00,15,-1,MARKDOWN,6,A+,158.148106,158.25338229973198,157.88491525067008,0.10527629973196895,0.044764599463998134,0,1,1,1,1,1,False,-1,
22338,2026-01-16 16:10:00,16,-1,MARKDOWN,5,A,158.11804,158.25057499004583,157.78670252488544,0.13253499004582636,0.051149980091694094,0,1,0,1,1,1,True,22340,-1.0
22350,2026-01-16 17:10:00,17,-1,MARKDOWN,5,A,158.071054,158.2556418747476,157.60958431313102,0.1845878747475922,0.0612837494952051,0,1,0,1,1,1,True,22352,-1.0
22362,2026-01-16 18:10:00,18,-1,MARKDOWN,6,A+,158.095774,158.30996827082933,157.56028832292668,0.2141942708293243,0.08993654165866873,0,1,1,1,1,1,True,22367,2.5
22547,2026-01-19 09:35:00,9,1,MARKUP,6,A+,157.834444,157.71783623636622,158.12596340908442,0.11660776363376613,0.04832752726753088,0,1,1,1,1,1,False,-1,
22559,2026-01-19 10:35:00,10,1,MARKUP,5,A,157.899002,157.7109009066371,158.36925473340722,0.1881010933628886,0.06219818672576767,0,1,0,1,1,1,True,22572,0.6592093527111015
22571,2026-01-19 11:35:00,11,1,MARKUP,5,A,157.904732,157.70231105835182,158.41078435412044,0.20242094164817104,0.07937788329633746,0,1,1,0,1,1,True,22572,0.5842676110338562
22591,2026-01-19 13:15:00,13,1,MARKUP,6,A+,157.904732,157.71126324010768,158.38840389973078,0.19346875989231194,0.06147351978460853,0,1,1,1,1,1,False,-1,
22609,2026-01-19 14:45:00,14,1,MARKUP,5,A,157.95788000000002,157.8038049404038,158.34306764899054,0.15407505959620948,0.04839011919241007,1,1,1,0,0,1,True,22613,1.1300985406483757
22633,2026-01-19 16:45:00,16,-1,MARKDOWN,6,A+,158.00104000000002,158.12754641478747,157.68477396303138,0.12650641478745683,0.039092829574949806,0,1,1,1,1,1,True,22643,-1.0
22645,2026-01-19 17:45:00,17,1,MARKUP,6,A+,157.93496,157.80853983112297,158.25101042219254,0.12642016887701857,0.03892033775404258,0,1,1,1,1,1,False,-1,
22657,2026-01-19 18:45:00,18,1,MARKUP,5,A,157.968432,157.84298461009325,158.2820504747669,0.12544738990675341,0.04003077981346862,0,1,0,1,1,1,False,-1,
22669,2026-01-19 19:45:00,19,1,MARKUP,4,B,157.968432,157.84716157873328,158.27160805316683,0.12127042126672904,0.031676842533436424,0,0,0,1,1,1,False,-1,
22681,2026-01-19 20:45:00,20,1,MARKUP,5,A,157.968432,157.85150957158436,158.26073807103913,0.11692242841564848,0.022980856831299905,0,0,1,1,1,1,False,-1,
22820,2026-01-20 08:20:00,8,1,MARKUP,6,A+,158.09364,157.86686325513833,158.66058186215417,0.22677674486166666,0.05627348972339087,0,1,1,1,1,1,False,-1,
22832,2026-01-20 09:20:00,9,1,MARKUP,5,A,158.16622,157.8606892851942,158.9300467870145,0.30553071480579774,0.06862142961157981,0,1,0,1,1,1,True,22841,-1.0
22844,2026-01-20 10:20:00,10,1,MARKUP,5,A,158.16622,157.8530945219031,158.9490336952423,0.3131254780969073,0.08381095619383275,1,0,0,1,1,1,True,22845,-1.0
22856,2026-01-20 11:20:00,11,-1,MARKDOWN,6,A+,158.214214,158.6554467055127,157.11113223621822,0.44123270551270366,0.10089341102542261,0,1,1,1,1,1,False,-1,
22876,2026-01-20 13:00:00,13,-1,MARKDOWN,4,B,158.20504599999998,158.64172903959195,157.11333840102006,0.4366830395919692,0.07345807918394162,0,0,1,1,0,1,False,-1,
22888,2026-01-20 14:00:00,14,-1,MARKDOWN,5,A,158.20504599999998,158.63667197314254,157.12598106714358,0.4316259731425589,0.06334394628509979,0,1,0,1,1,1,False,-1,
22903,2026-01-20 15:15:00,15,-1,MARKDOWN,4,B,157.964026,158.24467572066504,157.26240169833736,0.28064972066505334,0.059351441330104115,0,0,1,1,0,1,True,22906,-1.0
22946,2026-01-20 18:50:00,18,1,MARKUP,5,A,157.71239,157.42997345959918,158.41843135100203,0.282416540400817,0.07205308080167801,0,1,0,1,1,1,False,-1,
22961,2026-01-20 20:05:00,20,1,MARKUP,6,A+,157.71239,157.4389797045965,158.39591573850873,0.2734102954034938,0.054040590806984666,0,1,1,1,1,1,False,-1,
23104,2026-01-21 08:00:00,8,1,MARKUP,6,A+,158.005306,157.83767743519272,158.42437741201817,0.1676285648072735,0.04264512961458599,0,1,1,1,1,1,True,23121,-1.0
23116,2026-01-21 09:00:00,9,1,MARKUP,6,A+,158.031194,157.86972268624837,158.43487228437908,0.16147131375163326,0.04255462750322732,0,1,1,1,1,1,True,23120,-1.0
23128,2026-01-21 10:00:00,10,-1,MARKDOWN,5,A,158.111694,158.28572178156344,157.6766245460914,0.17402778156343857,0.0554435631268681,0,1,0,1,1,1,False,-1,
23140,2026-01-21 11:00:00,11,-1,MARKDOWN,6,A+,158.090684,158.28496661531634,157.6049774617092,0.1942826153163253,0.053933230632663656,0,1,1,1,1,1,False,-1,
23175,2026-01-21 13:55:00,13,-1,MARKDOWN,6,A+,158.035064,158.1893485233619,157.64935269159525,0.1542845233618948,0.04269704672378276,0,1,1,1,1,1,False,-1,
23187,2026-01-21 14:55:00,14,-1,MARKDOWN,5,A,157.95935599999999,158.11249451511364,157.57650971221585,0.15313851511365328,0.044989030227267614,0,1,0,1,1,1,True,23200,-1.0
23199,2026-01-21 15:55:00,15,-1,MARKDOWN,3,C,157.95935599999999,158.11624882851942,157.5671239287014,0.15689282851943176,0.05249765703880259,0,0,0,1,0,1,True,23200,-1.0
23215,2026-01-21 17:15:00,17,1,MARKUP,5,A,157.926394,157.71015891531638,158.466981711709,0.21623508468360342,0.07568216936719749,0,1,1,0,1,1,False,-1,
23227,2026-01-21 18:15:00,18,1,MARKUP,5,A,157.963066,157.71125859585453,158.59258451036368,0.25180740414546676,0.0734828082909117,0,1,0,1,1,1,False,-1,
23239,2026-01-21 19:15:00,19,1,MARKUP,3,C,157.963066,157.7175790717943,158.57678332051427,0.2454869282057075,0.06084185641139706,0,0,0,0,1,1,False,-1,
23251,2026-01-21 20:15:00,20,1,MARKUP,6,A+,158.01127,157.8002325987883,158.5388635030292,0.21103740121168357,0.051534802423338265,0,1,1,1,1,1,False,-1,
23392,2026-01-22 08:00:00,8,1,MARKUP,5,A,158.41916799999998,158.1995939838253,158.9681030404367,0.21957401617467553,0.038812032349370855,0,1,1,0,1,1,False,-1,
23404,2026-01-22 09:00:00,9,1,MARKUP,6,A+,158.549416,158.34051613132547,159.07166567168633,0.20889986867453558,0.04496773734906753,0,1,1,1,1,1,False,-1,
23416,2026-01-22 10:00:00,10,1,MARKUP,3,C,158.59118,158.37709276213252,159.12639809466873,0.2140872378674885,0.05381447573495146,0,0,0,0,1,1,False,-1,
23474,2026-01-22 14:50:00,14,1,MARKUP,5,A,158.658622,158.5140056150998,159.02016296225054,0.14461638490021755,0.04398876980042162,0,1,1,1,0,1,True,23482,-1.0
23487,2026-01-22 15:55:00,15,1,MARKUP,4,B,158.659004,158.50645851694708,159.04036770763236,0.1525454830529327,0.0590829661058469,0,1,0,1,0,1,True,23492,-1.0
23502,2026-01-22 17:10:00,17,-1,MARKDOWN,6,A+,158.700616,158.8903337950219,158.22632151244528,0.1897177950218918,0.06466759004377769,0,1,1,1,1,1,False,-1,
23514,2026-01-22 18:10:00,18,-1,MARKDOWN,6,A+,158.650192,158.89007816819966,158.05047657950087,0.2398861681996607,0.06415633639930599,0,1,1,1,1,1,False,-1,
23526,2026-01-22 19:10:00,19,-1,MARKDOWN,6,A+,158.629564,158.8933260963277,157.97015875918066,0.2637620963277243,0.0706521926554102,0,1,1,1,1,1,False,-1,
23538,2026-01-22 20:10:00,20,-1,MARKDOWN,5,A,158.593968,158.84195756762142,157.9739940809464,0.2479895676214312,0.05591513524284056,0,1,1,0,1,1,False,-1,
23685,2026-01-23 08:25:00,8,1,MARKUP,5,A,158.575612,158.4533803952141,158.88119101196475,0.12223160478589534,0.04123920957174111,0,1,1,0,1,1,True,23687,2.5
23697,2026-01-23 09:25:00,9,1,MARKUP,6,A+,158.757444,158.4357419362958,159.56169915926046,0.32170206370417986,0.07651612740835784,0,1,1,1,1,1,True,23700,-1.0
23710,2026-01-23 10:30:00,10,-1,MARKDOWN,4,B,158.50875,159.33047017384018,156.4544495653995,0.8217201738401911,0.21094034768036518,1,0,0,1,0,1,False,-1,
23722,2026-01-23 11:30:00,11,-1,MARKDOWN,4,B,158.50875,159.3077946121981,156.51113846950471,0.7990446121981165,0.16558922439622947,0,1,0,1,0,1,False,-1,
23740,2026-01-23 13:00:00,13,-1,MARKDOWN,3,C,158.50875,159.27376370330092,156.5962157417477,0.765013703300923,0.09752740660182066,0,0,0,0,1,1,False,-1,
23769,2026-01-23 15:25:00,15,-1,MARKDOWN,6,A+,158.25234,158.52032771848485,157.5823707037879,0.2679877184848465,0.05465543696972021,0,1,1,1,1,1,True,23774,2.5
23803,2026-01-23 18:15:00,18,-1,MARKDOWN,6,A+,158.211266,158.3732486051994,157.8063094870015,0.16198260519939822,0.06649721039879292,0,1,1,1,1,1,False,-1,
23815,2026-01-23 19:15:00,19,-1,MARKDOWN,6,A+,157.731856,158.41744409150078,156.01788577124802,0.6855880915007901,0.15488818300157128,0,1,1,1,1,1,False,-1,
23827,2026-01-23 20:15:00,20,-1,MARKDOWN,5,A,157.496544,158.44117430441162,155.13496823897094,0.9446303044116178,0.20234860882322653,0,1,0,1,1,1,False,-1,
23968,2026-01-26 08:00:00,8,-1,MARKDOWN,3,C,154.50516,154.9762486197081,153.32743845072974,0.4710886197080981,0.0864972394161617,0,0,0,0,1,1,False,-1,
23985,2026-01-26 09:25:00,9,-1,MARKDOWN,6,A+,154.18812599999998,154.47092560307345,153.48112699231632,0.28279960307347096,0.1018512061469245,0,1,1,1,1,1,True,23991,2.5
23997,2026-01-26 10:25:00,10,-1,MARKDOWN,5,A,154.18812599999998,154.49055274960503,153.43205912598737,0.302426749605047,0.14110549921008206,0,1,1,0,1,1,False,-1,
24009,2026-01-26 11:25:00,11,-1,MARKDOWN,6,A+,154.029978,154.5076075755725,152.83590406106873,0.4776295755725073,0.17521515114505354,0,1,1,1,1,1,False,-1,
24028,2026-01-26 13:00:00,13,-1,MARKDOWN,6,A+,154.029978,154.47963646669217,152.9058318332696,0.4496584666921706,0.11927293338435094,0,1,1,1,1,1,True,24047,-0.07788577908391398
24040,2026-01-26 14:00:00,14,-1,MARKDOWN,4,B,153.947484,154.39738459543318,152.82273251141706,0.44990059543317784,0.10676919086635094,0,0,0,1,1,1,True,24042,0.06997990293765297
24076,2026-01-26 17:00:00,17,-1,MARKDOWN,6,A+,153.94439400000002,154.38822334205315,152.8348206448672,0.4438293420531352,0.09844668410629215,0,1,1,1,1,1,True,24089,-1.0
24088,2026-01-26 18:00:00,18,-1,MARKDOWN,5,A,153.94439400000002,154.38958954694866,152.83140513262842,0.4451955469486393,0.10117909389731823,0,1,0,1,1,1,True,24089,-1.0
24256,2026-01-27 08:00:00,8,1,MARKUP,4,B,154.30001,154.06027979956707,154.89933550108228,0.23973020043291626,0.05544040086585594,0,0,1,0,1,1,False,-1,
24268,2026-01-27 09:00:00,9,1,MARKUP,4,B,154.30001,154.05771981107824,154.90573547230434,0.2422901889217428,0.06056037784348786,0,0,0,1,1,1,False,-1,
24280,2026-01-27 10:00:00,10,1,MARKUP,5,A,154.44055,154.20509337073435,155.02919157316416,0.2354566292656557,0.06981325853130992,0,1,0,1,1,1,True,24302,-1.0
24292,2026-01-27 11:00:00,11,1,MARKUP,5,A,154.564674,154.33579978594534,155.13685953513664,0.22887421405465602,0.07040042810936566,0,1,0,1,1,1,True,24298,-1.0
24316,2026-01-27 13:00:00,13,-1,MARKDOWN,6,A+,154.227454,154.96241791151874,152.39004422120314,0.7349639115187472,0.168835823037487,0,1,1,1,1,1,False,-1,
24328,2026-01-27 14:00:00,14,-1,MARKDOWN,5,A,154.227454,154.94048220771484,152.4448834807129,0.7130282077148422,0.12496441542972807,0,1,0,1,1,1,False,-1,
24340,2026-01-27 15:00:00,15,-1,MARKDOWN,6,A+,154.227454,154.9407948742427,152.44410181439324,0.7133408742427036,0.12558974848539634,0,1,1,1,1,1,False,-1,
24352,2026-01-27 16:00:00,16,-1,MARKDOWN,6,A+,154.056724,154.78194604588072,152.24366888529823,0.725222045880713,0.13789209176144496,0,1,1,1,1,1,False,-1,
24364,2026-01-27 17:00:00,17,-1,MARKDOWN,6,A+,153.71077,154.26193761047577,152.33285097381057,0.5511676104757726,0.13587522095158003,0,1,1,1,1,1,False,-1,
24376,2026-01-27 18:00:00,18,-1,MARKDOWN,5,A,153.44447,153.85886136783682,152.40849158040794,0.41439136783682784,0.12972273567359985,0,0,1,1,1,1,False,-1,
24388,2026-01-27 19:00:00,19,-1,MARKDOWN,5,A,153.41851400000002,153.80494739020986,152.4524305244754,0.38643339020984513,0.10589478041973097,0,1,1,0,1,1,False,-1,
24400,2026-01-27 20:00:00,20,-1,MARKDOWN,5,A,153.11267,153.47889806703157,152.19709983242112,0.36622806703155675,0.10979613406314218,0,1,1,1,0,1,False,-1,
24544,2026-01-28 08:00:00,8,-1,MARKDOWN,4,B,152.84323799999999,153.1087819280746,152.17937817981345,0.2655439280746066,0.07956385614919521,0,0,0,1,1,1,False,-1,
24556,2026-01-28 09:00:00,9,-1,MARKDOWN,6,A+,152.84323799999999,153.10879615193318,152.179342620167,0.26555815193319177,0.07959230386639447,0,1,1,1,1,1,False,-1,
24569,2026-01-28 10:05:00,10,-1,MARKDOWN,5,A,152.624608,152.89012545656584,151.96081435858537,0.2655174565658456,0.10625091313168673,0,0,1,1,1,1,True,24570,-1.0
24618,2026-01-28 14:10:00,14,-1,MARKDOWN,6,A+,152.604214,152.84032364432278,152.0139398891931,0.2361096443227666,0.07264728864556767,0,1,1,1,1,1,True,24625,-1.0
24640,2026-01-28 16:00:00,16,1,MARKUP,5,A,152.598244,152.3101016184037,153.3185999539907,0.2881423815962876,0.08579676319262235,0,1,0,1,1,1,False,-1,
24652,2026-01-28 17:00:00,17,1,MARKUP,5,A,152.598244,152.31190469888912,153.3140922527772,0.28633930111087125,0.0821906022218,0,1,0,1,1,1,False,-1,
24664,2026-01-28 18:00:00,18,1,MARKUP,5,A,152.907026,152.31723751518277,154.3814972120431,0.5897884848172339,0.153524969634467,0,1,0,1,1,1,False,-1,
24676,2026-01-28 19:00:00,19,1,MARKUP,5,A,152.926508,152.3339261632041,154.40796259198981,0.5925818367959153,0.12014767359183144,0,1,0,1,1,1,False,-1,
24688,2026-01-28 20:00:00,20,1,MARKUP,5,A,153.031568,152.5183845236281,154.3145266909297,0.5131834763718928,0.09123095274376931,0,1,1,0,1,1,False,-1,
24832,2026-01-29 08:00:00,8,-1,MARKDOWN,5,A,153.206438,153.42478173239638,152.660578669009,0.2183437323963915,0.06156346479276918,0,1,0,1,1,1,True,24848,-1.0
24844,2026-01-29 09:00:00,9,-1,MARKDOWN,6,A+,153.206438,153.4251129582427,152.65975060439325,0.21867495824270122,0.06222591648539788,0,1,1,1,1,1,True,24848,-1.0
24861,2026-01-29 10:25:00,10,1,MARKUP,6,A+,153.101258,152.8654707057696,153.690726235576,0.23578729423039135,0.0750585884607457,0,1,1,1,1,1,False,-1,
24873,2026-01-29 11:25:00,11,1,MARKUP,6,A+,153.118246,152.8705105376295,153.7375846559262,0.2477354623704855,0.07297892474098243,0,1,1,1,1,1,False,-1,
24892,2026-01-29 13:00:00,13,1,MARKUP,6,A+,153.13883,152.8885579759649,153.76451006008784,0.2502720240351266,0.06888404807024666,0,1,1,1,1,1,False,-1,
24904,2026-01-29 14:00:00,14,1,MARKUP,5,A,153.212786,152.980704911506,153.792988721235,0.23208108849399878,0.06459017698800186,0,1,1,0,1,1,True,24922,-1.0
24939,2026-01-29 16:55:00,16,-1,MARKDOWN,5,A,153.335068,153.5797844857433,152.72327678564181,0.24471648574328242,0.08756897148658703,0,1,0,1,1,1,True,24942,2.5
24951,2026-01-29 17:55:00,17,-1,MARKDOWN,5,A,153.20939,153.6114380555656,152.20426986108606,0.40204805556558654,0.15087611113119404,0,1,0,1,1,1,False,-1,
24963,2026-01-29 18:55:00,18,-1,MARKDOWN,5,A,153.195794,153.57438977690794,152.24930455773017,0.3785957769079289,0.1207795538158368,0,1,0,1,1,1,False,-1,
24975,2026-01-29 19:55:00,19,-1,MARKDOWN,3,C,153.195794,153.56414673113989,152.27491217215032,0.3683527311398791,0.10029346227974156,0,0,0,0,1,1,False,-1,
25120,2026-01-30 08:00:00,8,1,MARKUP,4,B,153.719614,153.42136871522544,154.46522721193642,0.29824528477456624,0.07926256954912846,0,0,0,1,1,1,True,25143,2.5
25132,2026-01-30 09:00:00,9,1,MARKUP,4,B,153.839506,153.61753129578096,154.39444276054758,0.2219747042190363,0.07493740843807155,0,0,0,1,1,1,True,25133,2.5
25155,2026-01-30 10:55:00,10,1,MARKUP,4,B,153.87287800000001,153.66363949278187,154.3959742680454,0.20923850721814574,0.09072101443628507,0,1,1,0,0,1,False,-1,
25167,2026-01-30 11:55:00,11,1,MARKUP,6,A+,153.929796,153.6627654286158,154.59737242846052,0.26703057138419695,0.09246914276837628,0,1,1,1,1,1,True,25191,2.5
25180,2026-01-30 13:00:00,13,1,MARKUP,4,B,153.967232,153.66835150382843,154.7144332404289,0.298880496171563,0.0812969923431682,0,0,0,1,1,1,True,25189,2.5
25210,2026-01-30 15:30:00,15,1,MARKUP,6,A+,153.99566,153.7166266539866,154.69324336503348,0.27903334601339225,0.0767466920268173,0,1,1,1,1,1,False,-1,
25222,2026-01-30 16:30:00,16,1,MARKUP,5,A,154.04247999999998,153.75688145242682,154.75647636893288,0.2855985475731586,0.08223709514636786,0,1,0,1,1,1,False,-1,
25234,2026-01-30 17:30:00,17,1,MARKUP,6,A+,154.166248,153.74902930787164,155.2092947303209,0.41721869212835827,0.09794138425672821,0,1,1,1,1,1,True,25242,2.5
25246,2026-01-30 18:30:00,18,1,MARKUP,4,B,154.166248,153.74350841354251,155.22309696614371,0.42273958645748166,0.10898317291496391,0,0,1,0,1,1,False,-1,
25261,2026-01-30 19:45:00,19,1,MARKUP,5,A,154.28305,153.9431714242627,155.1327464393433,0.33987857573731617,0.08765715147459183,0,1,1,0,1,1,False,-1,
25273,2026-01-30 20:45:00,20,1,MARKUP,3,C,154.393672,154.12307395598754,155.0701671100312,0.27059804401247334,0.08585208802490504,1,0,0,0,0,1,True,25274,2.5
25415,2026-02-02 08:35:00,8,-1,MARKDOWN,5,A,154.96281,155.21876129734468,154.32293175663824,0.25595129734469424,0.09552259468939207,0,1,1,0,1,1,True,25432,-1.0
25427,2026-02-02 09:35:00,9,-1,MARKDOWN,4,B,154.91970999999998,155.19264071600867,154.23738320997825,0.27293071600868757,0.0912814320173779,0,0,0,1,1,1,True,25431,-1.0
25468,2026-02-02 13:00:00,13,-1,MARKDOWN,5,A,154.872742,155.10781227418235,154.28506631454408,0.23507027418236248,0.07362454836469043,0,1,1,0,1,1,True,25476,-1.0
25480,2026-02-02 14:00:00,14,-1,MARKDOWN,6,A+,154.91285200000002,155.10264586688703,154.4383673327825,0.18979386688701538,0.06329173377407503,0,1,1,1,1,1,True,25482,-1.0
25492,2026-02-02 15:00:00,15,1,MARKUP,6,A+,154.84981200000001,154.6772021640674,155.28133658983154,0.17260983593260448,0.0655956718652229,0,1,1,1,1,1,False,-1,
25504,2026-02-02 16:00:00,16,1,MARKUP,5,A,154.934998,154.67758839454999,155.57852201362505,0.2574096054500217,0.0648232109000605,0,1,0,1,1,1,False,-1,
25516,2026-02-02 17:00:00,17,1,MARKUP,6,A+,155.036228,154.66700746200303,155.9592793449924,0.3692205379969664,0.08598507599394839,0,1,1,1,1,1,False,-1,
25528,2026-02-02 18:00:00,18,1,MARKUP,5,A,155.089326,154.66593008662483,156.14781578343792,0.4233959133751739,0.08813982675033927,0,1,0,1,1,1,False,-1,
25540,2026-02-02 19:00:00,19,1,MARKUP,4,B,155.11157400000002,154.70782586583027,156.12094433542438,0.40374813416974575,0.07634826833950016,0,1,0,1,0,1,False,-1,
25552,2026-02-02 20:00:00,20,1,MARKUP,6,A+,155.283378,154.98911726951204,156.0190298262199,0.294260730487963,0.06976546097591496,0,1,1,1,1,1,False,-1,
25696,2026-02-03 08:00:00,8,-1,MARKDOWN,4,B,155.494052,155.63773791110225,155.1348372222444,0.1436859111022386,0.047475822204516994,0,0,0,1,1,1,True,25710,-1.0
25714,2026-02-03 09:30:00,9,-1,MARKDOWN,6,A+,155.458208,155.58284132630234,155.1466246842442,0.12463332630233026,0.05368265260466531,0,1,1,1,1,1,True,25720,-1.0
25733,2026-02-03 11:05:00,11,1,MARKUP,6,A+,155.413072,155.26917705030525,155.77280937423689,0.14389494969475436,0.061645899389511406,0,1,1,1,1,1,False,-1,
25756,2026-02-03 13:00:00,13,1,MARKUP,5,A,155.56623199999999,155.28161259718297,156.2777805070425,0.2846194028170146,0.052774805634060035,0,1,0,1,1,1,False,-1,
25768,2026-02-03 14:00:00,14,1,MARKUP,5,A,155.56623199999999,155.2853301028337,156.26848674291568,0.2809018971662738,0.04533979433256036,0,1,0,1,1,1,False,-1,
25780,2026-02-03 15:00:00,15,1,MARKUP,3,C,155.604548,155.34788176767157,156.24621358082106,0.25666623232842767,0.04423646465689006,0,0,0,0,1,1,False,-1,
25792,2026-02-03 16:00:00,16,1,MARKUP,6,A+,155.717024,155.52747884329165,156.1908868917709,0.18954515670836258,0.049042313416665304,0,1,1,1,1,1,True,25814,-1.0
25836,2026-02-03 19:40:00,19,-1,MARKDOWN,4,B,155.871844,156.1174484682882,155.25783282927955,0.24560446828817817,0.06489693657636056,0,1,0,0,1,1,False,-1,
25848,2026-02-03 20:40:00,20,-1,MARKDOWN,4,B,155.871844,156.11143619991955,155.27286350020114,0.23959219991954228,0.05287239983909427,0,0,0,1,1,1,False,-1,
25984,2026-02-04 08:00:00,8,1,MARKUP,6,A+,156.18088,156.03311535942643,156.5502916014339,0.14776464057356975,0.03576928114712071,0,1,1,1,1,1,False,-1,
25996,2026-02-04 09:00:00,9,1,MARKUP,5,A,156.226612,156.10562409177626,156.5290817705593,0.12098790822372507,0.03875181644746078,0,1,0,1,1,1,False,-1,
26008,2026-02-04 10:00:00,10,1,MARKUP,5,A,156.324242,156.21464410440709,156.59823673898228,0.10959789559291266,0.04271179118582585,0,1,0,1,1,1,False,-1,
26020,2026-02-04 11:00:00,11,1,MARKUP,5,A,156.334938,156.21813808737565,156.62693778156086,0.11679991262434442,0.03572382524865759,0,1,0,1,1,1,False,-1,
26044,2026-02-04 13:00:00,13,1,MARKUP,6,A+,156.45412199999998,156.21299851873255,157.05693070316858,0.24112348126743655,0.046002962534872155,0,1,1,1,1,1,False,-1,
26056,2026-02-04 14:00:00,14,1,MARKUP,6,A+,156.533168,156.31045726711483,157.0899448322129,0.22271073288516163,0.04508546577032632,0,1,1,1,1,1,True,26071,1.7054948141896598
26072,2026-02-04 15:20:00,15,1,MARKUP,5,A,156.57272,156.3691671785346,157.0816020536635,0.20355282146539366,0.055665642930741645,0,1,1,0,1,1,True,26078,-1.0
26098,2026-02-04 17:30:00,17,1,MARKUP,5,A,156.543674,156.31448746652273,157.1166403336932,0.22918653347727513,0.07102506695449644,0,1,1,0,1,1,True,26119,1.4063915323016305
26110,2026-02-04 18:30:00,18,1,MARKUP,4,B,156.531068,156.31811195020367,157.06345812449084,0.21295604979633254,0.06377609959265566,0,1,0,0,1,1,True,26120,1.5962542521102812
26124,2026-02-04 19:40:00,19,1,MARKUP,5,A,156.508148,156.31606915259053,156.98834511852368,0.19207884740947634,0.06786169481891362,0,1,1,0,1,1,False,-1,
26136,2026-02-04 20:40:00,20,1,MARKUP,4,B,156.513496,156.32379019051982,156.98776052370047,0.18970580948018778,0.05241961896038458,0,1,0,0,1,1,False,-1,
26272,2026-02-05 08:00:00,8,1,MARKUP,6,A+,156.831014,156.66686222710533,157.24139343223672,0.16415177289468375,0.040275545789342206,0,1,1,1,1,1,False,-1,
26284,2026-02-05 09:00:00,9,1,MARKUP,4,B,156.831014,156.658862729416,157.26139217646005,0.1721512705840098,0.05627454116800007,0,1,0,1,0,1,False,-1,
26296,2026-02-05 10:00:00,10,1,MARKUP,5,A,156.882584,156.6534393599715,157.4554456000713,0.22914464002852242,0.06712128005704468,0,1,0,1,1,1,False,-1,
26308,2026-02-05 11:00:00,11,1,MARKUP,4,B,156.954272,156.76963095659264,157.41587460851844,0.18464104340736753,0.06673808681473278,0,1,0,0,1,1,False,-1,
26332,2026-02-05 13:00:00,13,1,MARKUP,6,A+,157.039124,156.83068151719968,157.56023020700076,0.20844248280030797,0.048636965600613445,0,1,1,1,1,1,True,26350,-1.0
26345,2026-02-05 14:05:00,14,1,MARKUP,5,A,157.07991199999998,156.89796069359986,157.5347902660003,0.1819513064001228,0.04607861280028698,0,0,1,1,1,1,True,26350,-1.0
26363,2026-02-05 15:35:00,15,-1,MARKDOWN,6,A+,157.026052,157.3810841877202,156.13847153069946,0.3550321877202123,0.088168375440445,0,1,1,1,1,1,False,-1,
26375,2026-02-05 16:35:00,16,-1,MARKDOWN,6,A+,157.026052,157.38268130689437,156.13447873276405,0.35662930689437644,0.09136261378877276,0,1,1,1,1,1,False,-1,
26387,2026-02-05 17:35:00,17,-1,MARKDOWN,6,A+,156.99577,157.34207653417945,156.13000366455134,0.3463065341794618,0.10815306835889807,0,1,1,1,1,1,True,26399,0.7587786370320616
26586,2026-02-06 10:10:00,10,1,MARKUP,5,A,156.728936,156.56656107412562,157.134873314686,0.1623749258743885,0.058877851748788346,0,1,0,1,1,1,False,-1,
26598,2026-02-06 11:10:00,11,1,MARKUP,6,A+,156.77936,156.56800185923103,157.30775535192242,0.21135814076896509,0.055996281537933484,0,1,1,1,1,1,False,-1,
26620,2026-02-06 13:00:00,13,1,MARKUP,5,A,156.828474,156.65085812112852,157.27251369717868,0.17761587887147812,0.044283757742952144,0,1,1,0,1,1,False,-1,
26632,2026-02-06 14:00:00,14,1,MARKUP,5,A,156.857506,156.64756577741161,157.38235655647097,0.2099402225883864,0.050868445176762866,0,1,0,1,1,1,False,-1,
26644,2026-02-06 15:00:00,15,1,MARKUP,4,B,156.935374,156.77709360919323,157.3310749770169,0.15828039080676604,0.043812781613550525,0,1,0,1,0,1,True,26654,1.8993256111365575
26673,2026-02-06 17:25:00,17,1,MARKUP,6,A+,156.92425,156.748487531687,157.3636561707825,0.17576246831299613,0.06502493662597991,0,1,1,1,1,1,True,26679,2.5
26688,2026-02-06 18:40:00,18,1,MARKUP,6,A+,156.915846,156.74850494569282,157.3341986357679,0.1673410543071725,0.06499010861439697,0,1,1,1,1,1,False,-1,
26700,2026-02-06 19:40:00,19,1,MARKUP,3,C,156.91546400000001,156.75443172174798,157.3180446956301,0.16103227825203703,0.05313655650404173,0,1,0,0,0,1,False,-1,
26712,2026-02-06 20:40:00,20,1,MARKUP,3,C,156.91546400000001,156.76060942196247,157.30260044509387,0.15485457803754343,0.04078115607505087,0,0,0,0,1,1,False,-1,
26848,2026-02-09 08:00:00,8,-1,MARKDOWN,6,A+,156.661432,156.97784314571496,155.8704041357126,0.31641114571496587,0.07968629142996062,0,1,1,1,1,1,True,26871,2.5
26860,2026-02-09 09:00:00,9,-1,MARKDOWN,4,B,156.692374,156.98189963980244,155.96855990049391,0.2895256398024344,0.08779927960491983,0,0,0,1,1,1,True,26875,2.5
26873,2026-02-09 10:05:00,10,-1,MARKDOWN,4,B,156.672598,156.9534031487586,155.97058512810344,0.28080514875861695,0.09480629751718372,1,0,0,0,1,1,True,26875,2.5
26888,2026-02-09 11:20:00,11,-1,MARKDOWN,5,A,156.59473,156.82936892337148,156.0081326915713,0.2346389233714774,0.09873784674293595,0,1,1,0,1,1,True,26891,2.5
26916,2026-02-09 13:40:00,13,-1,MARKDOWN,6,A+,156.59473,156.81190368638588,156.0517957840353,0.21717368638587686,0.06380737277176844,0,1,1,1,1,1,False,-1,
26928,2026-02-09 14:40:00,14,-1,MARKDOWN,6,A+,156.610774,156.81220180212696,156.10720449468255,0.20142780212697176,0.06440360425390425,0,1,1,1,1,1,False,-1,
26940,2026-02-09 15:40:00,15,-1,MARKDOWN,5,A,156.450186,156.79238903275146,155.59467841812136,0.34220303275145625,0.09077806550290218,0,1,0,1,1,1,False,-1,
26952,2026-02-09 16:40:00,16,-1,MARKDOWN,6,A+,156.27905,156.7978757590688,154.98198560232805,0.5188257590687897,0.1017515181375529,0,1,1,1,1,1,False,-1,
26964,2026-02-09 17:40:00,17,-1,MARKDOWN,4,B,156.27905,156.79672132036643,154.98487169908395,0.5176713203664178,0.09944264073283225,0,1,0,1,0,1,False,-1,
27136,2026-02-10 08:00:00,8,-1,MARKDOWN,4,B,155.689932,156.098401459561,154.66875835109752,0.40846945956099034,0.07280291912195987,0,0,0,1,1,1,False,-1,
27148,2026-02-10 09:00:00,9,-1,MARKDOWN,4,B,155.549028,155.87021734839354,154.74605462901613,0.3211893483935455,0.07243469678705437,0,0,1,0,1,1,True,27157,2.5
27182,2026-02-10 11:50:00,11,-1,MARKDOWN,6,A+,155.42481,155.666199938689,154.82133515327752,0.2413899386889966,0.06639987737800597,0,1,1,1,1,1,False,-1,
27196,2026-02-10 13:00:00,13,-1,MARKDOWN,4,B,155.40991200000002,155.665156344929,154.77180113767758,0.2552443449289683,0.06431268985794264,0,1,0,1,0,1,False,-1,
27208,2026-02-10 14:00:00,14,-1,MARKDOWN,4,B,155.40991200000002,155.66038325708598,154.7837338572851,0.2504712570859624,0.05476651417194948,0,0,1,1,0,1,False,-1,
27220,2026-02-10 15:00:00,15,-1,MARKDOWN,6,A+,155.393844,155.6433000354631,154.7702039113422,0.2494560354631119,0.07260007092621794,0,1,1,1,1,1,False,-1,
27232,2026-02-10 16:00:00,16,-1,MARKDOWN,5,A,155.19044399999999,155.52541698015497,154.35301154961252,0.334972980154987,0.09083396030999168,0,1,0,1,1,1,False,-1,
27244,2026-02-10 17:00:00,17,-1,MARKDOWN,6,A+,154.88947399999998,155.36120370869168,153.71014972827072,0.47172970869169717,0.10840741738338565,0,1,1,1,1,1,False,-1,
27256,2026-02-10 18:00:00,18,-1,MARKDOWN,5,A,154.834466,155.36784163781272,153.50102690546817,0.5333756378127248,0.12168327562543654,0,1,0,1,1,1,False,-1,
27268,2026-02-10 19:00:00,19,-1,MARKDOWN,5,A,154.829118,155.35624808038023,153.51129279904941,0.5271300803802319,0.09849616076046164,0,0,1,1,1,1,False,-1,
27424,2026-02-11 08:00:00,8,-1,MARKDOWN,6,A+,153.613656,154.11134087030104,152.36944382424738,0.49768487030104325,0.0846817406020963,0,1,1,1,1,1,False,-1,
27436,2026-02-11 09:00:00,9,-1,MARKDOWN,4,B,153.513172,154.00608774769822,152.28088263075443,0.4929157476982198,0.10417549539643176,0,0,0,1,1,1,False,-1,
27448,2026-02-11 10:00:00,10,-1,MARKDOWN,5,A,153.37783000000002,153.78448130244277,152.36120174389313,0.4066513024427536,0.09896260488552708,0,0,1,1,1,1,True,27464,-1.0
27510,2026-02-11 15:10:00,15,1,MARKUP,5,A,153.319392,153.07641035762504,153.9268461059374,0.24298164237495712,0.061179284749906956,0,1,0,1,1,1,True,27515,-1.0
27522,2026-02-11 16:10:00,16,1,MARKUP,4,B,153.49497200000002,152.68494844274247,155.52003089314388,0.8100235572575514,0.2861031145150565,1,0,0,0,1,1,True,27530,-1.0
27551,2026-02-11 18:35:00,18,-1,MARKDOWN,6,A+,153.907028,154.64907503515445,152.05191041211384,0.7420470351544566,0.15015007030891003,0,1,1,1,1,1,False,-1,
27563,2026-02-11 19:35:00,19,-1,MARKDOWN,6,A+,153.80159600000002,154.6460422056445,151.6904804858888,0.8444462056444877,0.14408441128901384,0,1,1,1,1,1,False,-1,
27575,2026-02-11 20:35:00,20,-1,MARKDOWN,6,A+,153.425234,154.02071164704742,151.9365398823814,0.5954776470474314,0.11142329409485721,0,1,1,1,1,1,False,-1,
27718,2026-02-12 08:30:00,8,1,MARKUP,6,A+,152.739478,152.20561608373802,154.07413279065491,0.5338619162619693,0.1287678325239601,0,1,1,1,1,1,False,-1,
27730,2026-02-12 09:30:00,9,1,MARKUP,4,B,152.759342,152.20317370188206,154.14976274529485,0.5561682981179388,0.13365259623587364,0,0,0,1,1,1,False,-1,
27756,2026-02-12 11:40:00,11,-1,MARKDOWN,6,A+,153.223244,153.60588682047197,152.26663694882006,0.38264282047197185,0.10977364094394743,0,1,1,1,1,1,True,27780,-1.0
27772,2026-02-12 13:00:00,13,1,MARKUP,7,A+,153.08749999999998,152.75737349471038,153.912816263224,0.3301265052895985,0.08725301057923524,1,1,1,1,1,1,True,27776,-1.0
27784,2026-02-12 14:00:00,14,1,MARKUP,6,A+,153.004606,152.7654402289019,153.60252042774525,0.23916577109810078,0.071119542196203,0,1,1,1,1,1,False,-1,
27796,2026-02-12 15:00:00,15,1,MARKUP,5,A,153.166956,152.759191459586,154.18636735103502,0.4077645404140071,0.08361708082798562,0,1,0,1,1,1,True,27809,-1.0
27808,2026-02-12 16:00:00,16,1,MARKUP,4,B,153.166956,152.75405760774822,154.19920198062943,0.41289839225177616,0.0938847845035163,0,0,0,1,1,1,True,27809,-1.0
27829,2026-02-12 17:45:00,17,-1,MARKDOWN,6,A+,153.356372,153.81809614177752,152.20206164555617,0.4617241417775233,0.1181922835550628,0,1,1,1,1,1,False,-1,
27841,2026-02-12 18:45:00,18,-1,MARKDOWN,5,A,153.226874,153.8316942421346,151.71482339466354,0.6048202421345934,0.14538848426922937,0,1,0,1,1,1,False,-1,
27853,2026-02-12 19:45:00,19,-1,MARKDOWN,2,C,153.226874,153.81950718267743,151.74529104330645,0.5926331826774174,0.12101436535485992,0,0,0,0,0,1,False,-1,
28000,2026-02-13 08:00:00,8,1,MARKUP,6,A+,153.056482,152.80755047203837,153.67881081990402,0.24893152796161644,0.07689905592326779,0,1,1,1,1,1,False,-1,
28012,2026-02-13 09:00:00,9,1,MARKUP,6,A+,153.090098,152.80461875459636,153.80379611350912,0.2854792454036499,0.08276249080729076,0,1,1,1,1,1,False,-1,
28024,2026-02-13 10:00:00,10,1,MARKUP,5,A,153.136702,152.79769446233718,153.9842208441571,0.3390075376628374,0.09661107532563566,0,1,1,0,1,1,False,-1,
28036,2026-02-13 11:00:00,11,1,MARKUP,5,A,153.154274,152.8049292348994,154.02763591275146,0.34934476510059653,0.0821415302012479,0,1,0,1,1,1,False,-1,
28094,2026-02-13 15:50:00,15,-1,MARKDOWN,6,A+,153.380118,153.7208653910355,152.52824952241133,0.34074739103547813,0.1077307820709551,0,1,1,1,1,1,False,-1,
28106,2026-02-13 16:50:00,16,-1,MARKDOWN,5,A,153.28449,153.64885549867554,152.37357625331117,0.36436549867553936,0.1137109973510667,0,1,0,1,1,1,False,-1,
28118,2026-02-13 17:50:00,17,-1,MARKDOWN,5,A,153.217128,153.5390400439434,152.41234789014152,0.32191204394339934,0.11208008788682236,0,1,0,1,1,1,True,28120,1.1684185387798895
28130,2026-02-13 18:50:00,18,-1,MARKDOWN,6,A+,153.147936,153.44857339492836,152.39634251267904,0.3006373949283727,0.10314678985672969,0,1,1,1,1,1,False,-1,
28142,2026-02-13 19:50:00,19,-1,MARKDOWN,6,A+,153.054174,153.38179498350553,152.23512154123614,0.3276209835055397,0.08758996701108342,0,1,1,1,1,1,False,-1,
28154,2026-02-13 20:50:00,20,-1,MARKDOWN,4,B,152.986194,153.25952646169443,152.30286284576397,0.27333246169442305,0.0630529233888525,0,0,0,1,1,1,False,-1,
28288,2026-02-16 08:00:00,8,1,MARKUP,6,A+,153.073106,152.94515419448453,153.39298551378866,0.12795180551546537,0.03969161103095919,0,1,1,1,1,1,False,-1,
28300,2026-02-16 09:00:00,9,1,MARKUP,5,A,153.077432,152.94941607103445,153.39747182241382,0.1280159289655387,0.045167857931111464,0,1,1,0,1,1,False,-1,
28312,2026-02-16 10:00:00,10,1,MARKUP,5,A,153.14567599999998,152.95759851561934,153.61586971095159,0.1880774843806421,0.056802968761319114,0,1,0,1,1,1,False,-1,
28324,2026-02-16 11:00:00,11,1,MARKUP,5,A,153.16745,152.95539085055964,153.6975978736009,0.21205914944036408,0.06121829888072928,0,1,0,1,1,1,False,-1,
28348,2026-02-16 13:00:00,13,1,MARKUP,5,A,153.291302,153.05185470871538,153.88992022821157,0.23944729128461972,0.05029058256922534,0,1,0,1,1,1,False,-1,
28408,2026-02-16 18:00:00,18,1,MARKUP,6,A+,153.365634,153.23364419977074,153.69560850057314,0.1319898002292632,0.04471160045855192,0,1,1,1,1,1,False,-1,
28420,2026-02-16 19:00:00,19,1,MARKUP,5,A,153.377476,153.23260500790795,153.73965348023012,0.14487099209205212,0.0467899841840851,0,1,0,1,1,1,False,-1,
28432,2026-02-16 20:00:00,20,1,MARKUP,5,A,153.377476,153.2387839754167,153.72420606145823,0.13869202458329255,0.0344320491665827,0,0,1,1,1,1,False,-1,
28576,2026-02-17 08:00:00,8,-1,MARKDOWN,6,A+,153.19463,153.43607954491745,152.59100613770636,0.24144954491745807,0.07415908983487973,0,1,1,1,1,1,False,-1,
28588,2026-02-17 09:00:00,9,-1,MARKDOWN,4,B,153.102852,153.29430592462427,152.6242171884394,0.19145392462425548,0.06661184924853386,0,1,0,0,1,1,True,28599,-1.0
28604,2026-02-17 10:20:00,10,-1,MARKDOWN,6,A+,153.07310999999999,153.26357515059038,152.596947123524,0.19046515059039848,0.0791503011807925,0,1,1,1,1,1,False,-1,
28616,2026-02-17 11:20:00,11,-1,MARKDOWN,5,A,152.99840400000002,153.21867264847376,152.4477323788157,0.22026864847373417,0.07534529694750931,0,1,0,1,1,1,True,28628,-1.0
28664,2026-02-17 15:20:00,15,1,MARKUP,6,A+,152.88827,152.67248538384192,153.42773154039523,0.2157846161580892,0.061029232316146736,0,1,1,1,1,1,False,-1,
28676,2026-02-17 16:20:00,16,1,MARKUP,5,A,153.06101999999998,152.78989509255229,153.73883226861923,0.27112490744769957,0.07620981489542229,0,1,0,1,1,1,False,-1,
28688,2026-02-17 17:20:00,17,1,MARKUP,5,A,153.23882600000002,152.91370398304107,154.0516310423974,0.32512201695894305,0.08259203391785434,0,1,1,1,0,1,False,-1,
28700,2026-02-17 18:20:00,18,1,MARKUP,4,B,153.324394,152.91223007450313,154.35480381374222,0.4121639254968841,0.08553985099375591,0,1,0,1,0,1,False,-1,
28712,2026-02-17 19:20:00,19,1,MARKUP,2,C,153.367036,152.9901406870537,154.3092742823658,0.37689531294631706,0.06771862589258512,0,0,0,0,0,1,True,28725,0.7189370381970944
28879,2026-02-18 09:15:00,9,1,MARKUP,6,A+,153.51218400000002,153.36611026799423,153.8773683300145,0.14607373200578877,0.05377946401152202,0,1,1,1,1,1,False,-1,
28891,2026-02-18 10:15:00,10,1,MARKUP,5,A,153.514476,153.36340170143302,153.89216174641746,0.15107429856698218,0.059196597133962234,0,1,0,1,1,1,False,-1,
28903,2026-02-18 11:15:00,11,1,MARKUP,5,A,153.545036,153.3610354735295,154.00503731617624,0.18400052647049847,0.06392905294098228,0,1,1,0,1,1,False,-1,
28924,2026-02-18 13:00:00,13,1,MARKUP,6,A+,153.57063,153.37225752401227,154.06656118996932,0.19837247598772478,0.041484951975455014,0,1,1,1,1,1,True,28943,2.5
28936,2026-02-18 14:00:00,14,1,MARKUP,5,A,153.613272,153.4416315217849,154.04237319553772,0.17164047821509598,0.04073695643015287,0,0,1,1,1,1,True,28942,2.5
28955,2026-02-18 15:35:00,15,1,MARKUP,6,A+,153.67714999999998,153.52395382876975,154.06014042807556,0.15319617123023477,0.05809234246047322,0,1,1,1,1,1,False,-1,
28967,2026-02-18 16:35:00,16,1,MARKUP,5,A,153.87349799999998,153.51134008889997,154.77889277775,0.36215791110001305,0.08331982220006612,0,1,0,1,1,1,False,-1,
28979,2026-02-18 17:35:00,17,1,MARKUP,5,A,153.89298,153.51338598687386,154.84196503281532,0.3795940131261375,0.07922802625227696,0,1,0,1,1,1,False,-1,
28991,2026-02-18 18:35:00,18,1,MARKUP,6,A+,153.89298,153.51915683922783,154.82753790193038,0.3738231607721616,0.06768632154430321,0,1,1,1,1,1,False,-1,
29003,2026-02-18 19:35:00,19,1,MARKUP,6,A+,153.971348,153.55430114504196,155.01396513739513,0.41704685495804483,0.05939770991608046,0,1,1,1,1,1,False,-1,
29015,2026-02-18 20:35:00,20,1,MARKUP,6,A+,154.117852,153.6750400932066,155.2248817669835,0.4428119067933949,0.05591981358679376,0,1,1,1,1,1,False,-1,
29152,2026-02-19 08:00:00,8,1,MARKUP,5,A,154.914086,154.62666015679935,155.63265060800163,0.28742584320065134,0.06067968640130126,0,1,1,0,1,1,True,29176,-1.0
29166,2026-02-19 09:10:00,9,1,MARKUP,5,A,154.982234,154.72378637189644,155.62835307025892,0.2584476281035677,0.06842725620712396,0,1,1,0,1,1,True,29175,-1.0
29198,2026-02-19 11:50:00,11,-1,MARKDOWN,6,A+,155.101666,155.37970366025442,154.40657184936393,0.27803766025442656,0.06940732050884921,0,1,1,1,1,1,False,-1,
29212,2026-02-19 13:00:00,13,-1,MARKDOWN,5,A,155.07951,155.37457996189485,154.34183509526287,0.29506996189485335,0.059159923789684016,0,1,0,1,1,1,False,-1,
29224,2026-02-19 14:00:00,14,-1,MARKDOWN,6,A+,154.9457,155.22367621785256,154.25075945536855,0.27797621785256865,0.05935243570512236,0,1,1,1,1,1,True,29242,-1.0
29253,2026-02-19 16:25:00,16,1,MARKUP,6,A+,154.825152,154.50134310116306,155.63467424709236,0.3238088988369441,0.08531379767391407,0,1,1,1,1,1,False,-1,
29265,2026-02-19 17:25:00,17,1,MARKUP,5,A,154.82668,154.49546608051384,155.65471479871545,0.3312139194861743,0.09706783897236361,0,1,0,1,1,1,False,-1,
29440,2026-02-20 08:00:00,8,1,MARKUP,6,A+,155.124092,154.94003219497162,155.5842415125709,0.18405980502836883,0.05793561005672791,0,1,1,1,1,1,True,29452,2.5
29462,2026-02-20 09:50:00,9,1,MARKUP,6,A+,155.11149600000002,154.90916074766818,155.6173341308296,0.20233525233183514,0.07767850466365597,0,1,1,1,1,1,False,-1,
29474,2026-02-20 10:50:00,10,1,MARKUP,5,A,155.197064,154.90176111233578,155.93532121916058,0.29530288766423496,0.09247777532843947,0,1,0,1,1,1,False,-1,
29486,2026-02-20 11:50:00,11,1,MARKUP,5,A,155.21349,154.90937042964018,155.97378892589958,0.3041195703598305,0.07725914071966031,0,1,0,1,1,1,True,29499,-1.0
29530,2026-02-20 15:30:00,15,1,MARKUP,6,A+,155.252424,154.9764074072996,155.94246548175096,0.2760165927003868,0.06918518540080947,1,1,1,0,1,1,True,29548,-1.0
29542,2026-02-20 16:30:00,16,1,MARKUP,6,A+,155.212314,154.9761587496818,155.80270212579552,0.2361552503182054,0.0696825006364145,0,1,1,1,1,1,True,29548,-1.0
29554,2026-02-20 17:30:00,17,-1,MARKDOWN,6,A+,155.258758,155.61176585905193,154.3762383523702,0.3530078590519281,0.1475317181038257,0,1,1,1,1,1,False,-1,
29566,2026-02-20 18:30:00,18,-1,MARKDOWN,5,A,155.223996,155.6038056338246,154.27447191543848,0.37980963382460686,0.13161126764917896,0,1,0,1,1,1,False,-1,
29578,2026-02-20 19:30:00,19,-1,MARKDOWN,2,C,155.223996,155.58646833306173,154.31781516734566,0.36247233306173143,0.09693666612341668,0,0,0,0,0,1,False,-1,
29590,2026-02-20 20:30:00,20,-1,MARKDOWN,5,A,155.223996,155.57995539602425,154.3340975099394,0.35595939602424664,0.08391079204847554,0,1,0,1,1,1,False,-1,
29731,2026-02-23 08:15:00,8,-1,MARKDOWN,5,A,154.333942,154.52210316759087,153.86353908102285,0.188161167590863,0.05620633518172176,0,1,1,1,0,1,True,29735,-1.0
29760,2026-02-23 10:40:00,10,1,MARKUP,6,A+,154.408888,154.188924494781,154.95879676304747,0.219963505218999,0.07015101043797725,0,1,1,1,1,1,False,-1,
29772,2026-02-23 11:40:00,11,1,MARKUP,5,A,154.44765,154.19761165927721,155.07274585180699,0.25003834072279574,0.060776681445580044,0,1,1,1,0,1,False,-1,
29788,2026-02-23 13:00:00,13,1,MARKUP,4,B,154.48203,154.20142118859175,155.18355202852064,0.280608811408257,0.05315762281648875,0,1,0,0,1,1,False,-1,
29800,2026-02-23 14:00:00,14,1,MARKUP,6,A+,154.656696,154.43058828977183,155.22196527557045,0.22610771022817744,0.048823420456343206,0,1,1,1,1,1,True,29818,-1.0
29812,2026-02-23 15:00:00,15,1,MARKUP,4,B,154.74094399999998,154.52252237746967,155.28699805632579,0.2184216225303146,0.06095524506064155,0,0,0,1,1,1,True,29815,-1.0
29840,2026-02-23 17:20:00,17,-1,MARKDOWN,5,A,154.78142,155.0800208013674,154.0349179965815,0.2986008013673995,0.07004160273480167,0,1,0,1,1,1,False,-1,
29852,2026-02-23 18:20:00,18,-1,MARKDOWN,6,A+,154.78142,155.08214034612504,154.02961913468738,0.30072034612504694,0.07428069225010184,0,1,1,1,1,1,False,-1,
29864,2026-02-23 19:20:00,19,-1,MARKDOWN,5,A,154.730232,155.07413443806595,153.87047590483513,0.3439024380659532,0.058268876131927695,0,1,0,1,1,1,False,-1,
30016,2026-02-24 08:00:00,8,1,MARKUP,3,C,155.036608,154.84402631316843,155.51806221707892,0.1925816868315735,0.04594737366310423,0,0,0,1,0,1,True,30023,2.5
30029,2026-02-24 09:05:00,9,1,MARKUP,4,B,155.135164,154.82305248330638,155.91544279173405,0.31211151669361925,0.08789503338723234,0,1,1,0,0,1,False,-1,
30041,2026-02-24 10:05:00,10,1,MARKUP,5,A,155.402028,154.8634856651507,156.74838383712324,0.5385423348492964,0.11902866969858147,0,1,0,1,1,1,False,-1,
30053,2026-02-24 11:05:00,11,1,MARKUP,5,A,155.456588,154.8957685360867,156.85863665978326,0.5608194639133046,0.10246292782658434,0,1,0,1,1,1,False,-1,
30076,2026-02-24 13:00:00,13,1,MARKUP,5,A,155.456588,154.90802848253668,156.82798679365834,0.5485595174633318,0.07794303492666962,0,1,1,0,1,1,False,-1,
30089,2026-02-24 14:05:00,14,1,MARKUP,5,A,155.739632,155.3719015675688,156.65895808107797,0.36773043243118764,0.0661968648623949,0,1,1,1,0,1,False,-1,
30103,2026-02-24 15:15:00,15,1,MARKUP,6,A+,155.909582,155.64526182575418,156.57038243561456,0.26432017424582455,0.06947634849168409,1,1,1,1,0,1,False,-1,
30115,2026-02-24 16:15:00,16,1,MARKUP,6,A+,155.86909,155.64571789847224,156.4275202538194,0.2233721015277581,0.0685642030555327,0,1,1,1,1,1,True,30130,-1.0
30127,2026-02-24 17:15:00,17,1,MARKUP,5,A,155.86909,155.64453307003097,156.43048232492256,0.224556929969026,0.07093385993807849,0,0,1,1,1,1,True,30130,-1.0
30304,2026-02-25 08:00:00,8,-1,MARKDOWN,6,A+,155.77874599999998,156.08014806909702,155.0252408272574,0.30140206909703693,0.07029613819408786,0,1,1,1,1,1,True,30313,-1.0
30329,2026-02-25 10:05:00,10,1,MARKUP,6,A+,155.7051,155.45784168822107,156.3232457794473,0.24725831177892132,0.07431662355787569,0,1,1,1,1,1,False,-1,
30341,2026-02-25 11:05:00,11,1,MARKUP,6,A+,155.87867599999998,155.4911180663581,156.84757083410472,0.3875579336418866,0.07376386728381308,0,1,1,1,1,1,False,-1,
30364,2026-02-25 13:00:00,13,1,MARKUP,5,A,156.01084799999998,155.49040260525172,157.31196148687064,0.5204453947482648,0.07519478949656885,0,1,0,1,1,1,False,-1,
30376,2026-02-25 14:00:00,14,1,MARKUP,5,A,156.134312,155.67863479526463,157.2735050118384,0.4556772047353661,0.05873040947073689,0,1,0,1,1,1,False,-1,
30388,2026-02-25 15:00:00,15,1,MARKUP,4,B,156.28634,155.92593582946387,157.18735042634032,0.3604041705361283,0.05612834107225265,0,0,0,1,1,1,False,-1,
30401,2026-02-25 16:05:00,16,1,MARKUP,6,A+,156.512528,156.2890527781229,157.07121605469274,0.223475221877095,0.061894443754173946,0,1,1,1,1,1,True,30408,-1.0
30448,2026-02-25 20:00:00,20,-1,MARKDOWN,5,A,156.56236,156.78840740614092,155.99724148464776,0.22604740614090701,0.05481481228185324,0,0,1,1,1,1,False,-1,
30600,2026-02-26 08:40:00,8,-1,MARKDOWN,5,A,155.946346,156.1374589599135,155.4685636002163,0.19111295991348243,0.07891791982696106,1,0,1,0,1,1,True,30601,-1.0
30669,2026-02-26 14:25:00,14,-1,MARKDOWN,6,A+,156.078444,156.1980413255562,155.77945068610944,0.11959732555621372,0.042082651112396494,0,1,1,1,1,1,True,30673,-1.0
30684,2026-02-26 15:40:00,15,1,MARKUP,6,A+,156.00762400000002,155.8928950799148,156.29444630021305,0.11472892008521285,0.05220984017040876,0,1,1,1,1,1,True,30696,-1.0
30702,2026-02-26 17:10:00,17,-1,MARKDOWN,6,A+,156.09132400000001,156.29310945033941,155.5868603741515,0.20178545033940054,0.08421890067884683,0,1,1,1,1,1,True,30705,-1.0
30714,2026-02-26 18:10:00,18,1,MARKUP,5,A,155.992676,155.7913541686047,156.49598057848823,0.20132183139529047,0.08329166279061113,0,1,1,1,0,1,False,-1,
30726,2026-02-26 19:10:00,19,1,MARKUP,6,A+,156.002226,155.79895659519315,156.51039951201716,0.20326940480686062,0.06808680961368863,0,1,1,1,1,1,False,-1,
30738,2026-02-26 20:10:00,20,1,MARKUP,5,A,156.051886,155.80441817811214,156.6705555547196,0.24746782188785232,0.057163643775731715,0,1,0,1,1,1,False,-1,
30882,2026-02-27 08:10:00,8,-1,MARKDOWN,4,B,155.816718,156.01638184406673,155.3175583898332,0.19966384406671978,0.05476368813344188,1,0,0,1,0,1,True,30883,-1.0
30902,2026-02-27 09:50:00,9,1,MARKUP,5,A,155.76147,155.5061957013298,156.3996557466755,0.25527429867020146,0.06360859734043328,0,1,0,1,1,1,False,-1,
30914,2026-02-27 10:50:00,10,1,MARKUP,6,A+,155.772548,155.50552478651613,156.44010603370967,0.26702321348386704,0.0649504269677361,0,1,1,1,1,1,False,-1,
30926,2026-02-27 11:50:00,11,1,MARKUP,4,B,155.821176,155.53686428584663,156.53195528538345,0.2843117141533753,0.058271428306744116,0,0,0,1,1,1,False,-1,
30958,2026-02-27 14:30:00,14,-1,MARKDOWN,5,A,156.082346,156.2548619469868,155.65105613253297,0.17251594698680606,0.041723893973583524,0,1,0,1,1,1,True,30970,-0.06755317524868724
30971,2026-02-27 15:35:00,15,1,MARKUP,6,A+,155.988654,155.80570541689974,156.44602545775064,0.18294858310025575,0.06258916620050269,0,1,1,1,1,1,True,30983,0.9475121209603236
30985,2026-02-27 16:45:00,16,1,MARKUP,5,A,155.98597999999998,155.80103028930034,156.4483542767491,0.18494971069964095,0.07193942139927972,0,1,1,0,1,1,True,30995,2.5
30997,2026-02-27 17:45:00,17,1,MARKUP,6,A+,155.98597999999998,155.79580687214454,156.4614128196386,0.19017312785544505,0.08238625571089787,0,1,1,1,1,1,True,31002,2.5
31009,2026-02-27 18:45:00,18,1,MARKUP,5,A,155.98597999999998,155.80124183168326,156.4478254207918,0.18473816831672707,0.07151633663347974,0,0,1,1,1,1,True,31018,2.5
31026,2026-02-27 20:10:00,20,1,MARKUP,6,A+,156.03603800000002,155.89143383305543,156.3975484173615,0.144604166944589,0.05313233388917702,0,1,1,1,1,1,True,31027,-1.0
31168,2026-03-02 08:00:00,8,1,MARKUP,6,A+,156.455286,156.12381847421884,157.2839548144529,0.33146752578116434,0.07236305156234409,0,1,1,1,1,1,False,-1,
31180,2026-03-02 09:00:00,9,1,MARKUP,5,A,156.49195799999998,156.12021639618354,157.4213120095411,0.37174160381644583,0.07956720763290474,0,1,1,0,1,1,False,-1,
31192,2026-03-02 10:00:00,10,1,MARKUP,4,B,156.498452,156.1172460119579,157.45146697010523,0.3812059880420975,0.0855079760842376,0,1,1,0,0,1,False,-1,
31204,2026-03-02 11:00:00,11,1,MARKUP,3,C,156.665754,156.2573872518545,157.68667087036368,0.40836674814548246,0.09322549629100843,0,0,0,1,0,1,False,-1,
31240,2026-03-02 14:00:00,14,1,MARKUP,5,A,156.96981,156.76546836735403,157.48066408161492,0.2043416326459635,0.06106326529191041,0,1,1,1,0,1,False,-1,
31252,2026-03-02 15:00:00,15,1,MARKUP,5,A,157.045446,156.76209450872727,157.75382472818183,0.2833514912727253,0.06781098254544844,0,1,1,1,0,1,False,-1,
31264,2026-03-02 16:00:00,16,1,MARKUP,5,A,157.10541999999998,156.75866937851256,157.97229655371854,0.3467506214874163,0.07466124297487654,0,1,0,1,1,1,False,-1,
31276,2026-03-02 17:00:00,17,1,MARKUP,6,A+,157.113824,156.75599234543424,158.0084031364144,0.35783165456575716,0.08001530913151729,0,1,1,1,1,1,False,-1,
31288,2026-03-02 18:00:00,18,1,MARKUP,4,B,157.20074400000001,156.82484797895629,158.14048405260934,0.37589602104372943,0.0703040420874795,0,1,0,1,0,1,False,-1,
31301,2026-03-02 19:05:00,19,1,MARKUP,3,C,157.338558,157.04484596317687,158.07283809205785,0.2937120368231376,0.0763080736462423,0,0,0,0,1,1,True,31304,0.13769268851700894
31456,2026-03-03 08:00:00,8,1,MARKUP,6,A+,157.337822,157.14985853011365,157.80773067471586,0.18796346988634127,0.05428293977269549,0,1,1,1,1,1,True,31460,2.5
31468,2026-03-03 09:00:00,9,-1,MARKDOWN,6,A+,157.369816,157.51983343832762,156.99477240418088,0.15001743832763736,0.061666876655210444,0,1,1,1,1,1,True,31472,-1.0
31480,2026-03-03 10:00:00,10,1,MARKUP,4,B,157.297688,157.1090037274832,157.76939868129193,0.188684272516781,0.0839925450336015,0,1,1,0,0,1,False,-1,
31492,2026-03-03 11:00:00,11,1,MARKUP,4,B,157.316406,157.10701129780833,157.83989275547918,0.20939470219167333,0.08797740438337293,0,1,0,0,1,1,False,-1,
31516,2026-03-03 13:00:00,13,1,MARKUP,6,A+,157.425276,157.11346407179673,158.20480582050817,0.3118119282032694,0.07507185640658329,0,1,1,1,1,1,False,-1,
31528,2026-03-03 14:00:00,14,1,MARKUP,5,A,157.46424000000002,157.11407115606443,158.339662109839,0.35016884393559167,0.07385768787115513,0,0,1,1,1,1,False,-1,
31542,2026-03-03 15:10:00,15,1,MARKUP,6,A+,157.605762,157.33962405851076,158.2711068537231,0.26613794148923375,0.0807518829784711,0,1,1,1,1,1,True,31564,0.12113267210083532
31554,2026-03-03 16:10:00,16,1,MARKUP,6,A+,157.679922,157.4612034116907,158.22671847077328,0.218718588309315,0.07759317661860414,0,1,1,1,1,1,True,31564,-1.0
31566,2026-03-03 17:10:00,17,1,MARKUP,6,A+,157.679922,157.4533957642108,158.24623758947303,0.22652623578920839,0.09320847157841886,1,0,1,1,1,1,True,31585,-1.0
31578,2026-03-03 18:10:00,18,1,MARKUP,5,A,157.679922,157.44966458818112,158.2555655295472,0.23025741181888293,0.10067082363775627,0,1,0,1,1,1,True,31585,-1.0
31590,2026-03-03 19:10:00,19,1,MARKUP,4,B,157.67381,157.45602800388315,158.21826499029214,0.21778199611685523,0.08794399223372751,0,1,1,0,0,1,True,31606,-1.0
31757,2026-03-04 09:05:00,9,-1,MARKDOWN,6,A+,157.47378600000002,157.6912770687308,156.93005832817303,0.21749106873079427,0.07055413746158803,0,1,1,1,1,1,True,31767,2.5
31769,2026-03-04 10:05:00,10,-1,MARKDOWN,6,A+,157.47378600000002,157.69611870403034,156.9179542399242,0.2223327040303218,0.08023740806066561,0,1,1,1,1,1,True,31774,2.5
31782,2026-03-04 11:10:00,11,-1,MARKDOWN,6,A+,157.47378600000002,157.695889748752,156.91852662812008,0.22210374875197658,0.0797794975039689,0,1,1,1,1,1,False,-1,
31804,2026-03-04 13:00:00,13,-1,MARKDOWN,5,A,157.3504,157.70114178401838,156.4735455399541,0.35074178401836775,0.0902835680367468,1,0,0,1,1,1,False,-1,
31816,2026-03-04 14:00:00,14,-1,MARKDOWN,5,A,157.277476,157.58131752680748,156.5178721829813,0.30384152680747434,0.08663505361496582,0,0,1,1,1,1,True,31827,0.6137278270002814
31829,2026-03-04 15:05:00,15,-1,MARKDOWN,6,A+,157.277476,157.5795571211747,156.52227319706327,0.30208112117469454,0.08311424234937312,0,1,1,1,1,1,True,31839,0.782822836066129
31864,2026-03-04 18:00:00,18,-1,MARKDOWN,6,A+,157.27175,157.45483588986994,156.81403527532512,0.18308588986994323,0.07967177973989388,0,1,1,1,1,1,False,-1,
31876,2026-03-04 19:00:00,19,-1,MARKDOWN,6,A+,157.21254,157.4509086950223,156.61661826244423,0.2383686950223023,0.07181739004461006,0,1,1,1,1,1,False,-1,
31888,2026-03-04 20:00:00,20,-1,MARKDOWN,5,A,157.21254,157.44569324994262,156.6296568751434,0.23315324994263165,0.061386499885269556,0,1,0,1,1,1,False,-1,
32032,2026-03-05 08:00:00,8,1,MARKUP,6,A+,156.75096,156.41797611741566,157.5834197064608,0.33298388258432965,0.07004776516865668,0,1,1,1,1,1,False,-1,
32044,2026-03-05 09:00:00,9,1,MARKUP,5,A,156.92437,156.6823054871045,157.52953128223882,0.24206451289552433,0.07538902579104059,0,0,1,1,1,1,False,-1,
32056,2026-03-05 10:00:00,10,1,MARKUP,6,A+,157.062698,156.85917358244455,157.57150904388865,0.2035244175554567,0.07165283511090276,0,1,1,1,1,1,True,32069,2.5
32068,2026-03-05 11:00:00,11,1,MARKUP,4,B,157.120766,156.9261266477849,157.60736438053772,0.19463935221509132,0.07374670443017835,0,1,0,1,0,1,True,32069,-1.0
32092,2026-03-05 13:00:00,13,1,MARKUP,5,A,157.08245,156.86850074460494,157.61732313848762,0.2139492553950504,0.06499851079012045,0,1,0,1,1,1,False,-1,
32104,2026-03-05 14:00:00,14,1,MARKUP,6,A+,157.09238200000001,156.87475108399502,157.6364592900125,0.21763091600499251,0.0524978320099765,0,1,1,1,1,1,False,-1,
32116,2026-03-05 15:00:00,15,1,MARKUP,5,A,157.130582,156.8731130518025,157.77425437049374,0.25746894819749855,0.05577389639501556,0,1,0,1,1,1,False,-1,
32128,2026-03-05 16:00:00,16,1,MARKUP,5,A,157.236396,156.8669229196956,158.160078700761,0.3694730803044024,0.06815416060881026,0,1,0,1,1,1,False,-1,
32140,2026-03-05 17:00:00,17,1,MARKUP,4,B,157.370502,157.07688615533502,158.1045416116624,0.2936158446649699,0.08222768932997879,1,0,0,1,0,1,False,-1,
32152,2026-03-05 18:00:00,18,1,MARKUP,5,A,157.447752,157.19902940760957,158.0695584809761,0.24872259239043615,0.08794118478085787,0,1,1,0,1,1,False,-1,
32166,2026-03-05 19:10:00,19,1,MARKUP,5,A,157.479472,157.25172973662768,158.04882765843075,0.2277422633723063,0.07654052674462099,0,1,1,0,1,1,False,-1,
32178,2026-03-05 20:10:00,20,1,MARKUP,3,C,157.56919200000002,157.35105939873503,158.11452350316247,0.21813260126498335,0.08788120252996102,0,0,0,0,1,1,True,32202,-0.24385167412645245
32320,2026-03-06 08:00:00,8,1,MARKUP,6,A+,157.602652,157.386565823411,158.14286744147256,0.21608617658901608,0.06086835317804773,0,1,1,1,1,1,True,32338,0.4088553992420779
32332,2026-03-06 09:00:00,9,1,MARKUP,4,B,157.622428,157.41562090601334,158.13944573496667,0.20680709398666863,0.06675818797331814,0,0,1,0,1,1,True,32338,-1.0
32359,2026-03-06 11:15:00,11,1,MARKUP,6,A+,157.656418,157.47619671567298,158.10697121081756,0.18022128432701834,0.05560656865401255,0,1,1,1,1,1,False,-1,
32380,2026-03-06 13:00:00,13,1,MARKUP,5,A,157.656036,157.47640223198925,158.10512042002688,0.1796337680107456,0.05519553602149701,0,1,1,0,1,1,False,-1,
32392,2026-03-06 14:00:00,14,1,MARKUP,6,A+,157.689652,157.48037245662752,158.21285085843118,0.20927954337247456,0.04725508674492002,0,1,1,1,1,1,True,32410,-1.0
32404,2026-03-06 15:00:00,15,1,MARKUP,5,A,157.726324,157.47372308472816,158.3578262881796,0.2526009152718416,0.06055383054363318,0,0,1,1,1,1,True,32410,-1.0
32417,2026-03-06 16:05:00,16,1,MARKUP,6,A+,157.654636,157.3313976651295,158.4627318371763,0.3232383348705241,0.11320466974106494,0,1,1,1,1,1,True,32426,1.2633526285288879
32439,2026-03-06 17:55:00,17,-1,MARKDOWN,5,A,157.821836,158.14373394058543,157.0170911485364,0.3218979405854441,0.10746788117088453,0,1,1,0,1,1,True,32459,-1.0
32451,2026-03-06 18:55:00,18,-1,MARKDOWN,4,B,157.821836,158.13594315900033,157.03656810249913,0.31410715900034347,0.09188631800065862,0,1,0,0,1,1,True,32459,-1.0
32466,2026-03-06 20:10:00,20,-1,MARKDOWN,4,B,157.821836,158.13053635245234,157.0500851188691,0.30870035245234817,0.08107270490467504,0,1,1,0,0,1,True,32473,-1.0
32608,2026-03-09 08:00:00,8,1,MARKUP,3,C,158.576168,158.3452881557679,159.15336761058026,0.23087984423210628,0.06142368846422297,0,0,0,1,0,1,True,32612,-1.0
32649,2026-03-09 11:25:00,11,1,MARKUP,5,A,158.546504,158.28651822653114,159.19646843367212,0.25998577346885554,0.08296354693772548,0,1,1,0,1,1,True,32657,-1.0
32673,2026-03-09 13:25:00,13,-1,MARKDOWN,6,A+,158.49767400000002,158.7281944337871,157.9213729155323,0.23052043378709186,0.08438886757421427,0,1,1,1,1,1,True,32677,0.42371081120827453
32685,2026-03-09 14:25:00,14,-1,MARKDOWN,5,A,158.49767400000002,158.72169463350903,157.9376224162275,0.22402063350901358,0.07138926701806876,1,0,0,1,1,1,True,32688,2.5
32697,2026-03-09 15:25:00,15,-1,MARKDOWN,5,A,158.49767400000002,158.71960143034426,157.94285542413942,0.22192743034423756,0.06720286068851322,0,1,1,1,0,1,True,32701,2.5
32709,2026-03-09 16:25:00,16,-1,MARKDOWN,5,A,158.49767400000002,158.72313427000674,157.93402332498323,0.22546027000672098,0.0742685400134474,0,1,0,1,1,1,True,32717,2.5
32721,2026-03-09 17:25:00,17,-1,MARKDOWN,6,A+,158.444234,158.6506461351204,157.92820366219894,0.20641213512041645,0.09729227024082161,0,1,1,1,1,1,True,32723,2.5
32733,2026-03-09 18:25:00,18,-1,MARKDOWN,5,A,158.42055000000002,158.64785912252236,157.85227719369416,0.22730912252234248,0.09171824504472983,0,1,1,0,1,1,False,-1,
32745,2026-03-09 19:25:00,19,-1,MARKDOWN,6,A+,158.371654,158.64140481245633,157.6972769688592,0.2697508124563228,0.07880962491267746,0,1,1,1,1,1,False,-1,
32757,2026-03-09 20:25:00,20,-1,MARKDOWN,3,C,158.362104,158.6366483557563,157.67574311060918,0.2745443557563192,0.06929671151260167,0,0,0,1,0,1,True,32772,2.5
32898,2026-03-10 08:10:00,8,-1,MARKDOWN,6,A+,157.78019999999998,157.95900031177982,157.3331992205504,0.17880031177983824,0.052000623559676065,0,1,1,1,1,1,False,-1,
32910,2026-03-10 09:10:00,9,-1,MARKDOWN,6,A+,157.78402,157.9576707261399,157.34989318465026,0.17365072613989696,0.0493414522798202,0,1,1,1,1,1,False,-1,
32922,2026-03-10 10:10:00,10,-1,MARKDOWN,4,B,157.753842,157.96392548329717,157.22863329175703,0.21008348329718274,0.061850966594342326,0,1,0,0,1,1,False,-1,
32934,2026-03-10 11:10:00,11,-1,MARKDOWN,5,A,157.681262,157.9697164910584,156.96012577235405,0.2884544910583884,0.07343298211680516,0,1,0,1,1,1,True,32943,-1.0
32973,2026-03-10 14:25:00,14,1,MARKUP,5,A,157.511604,157.2366459157756,158.19899921056103,0.2749580842244086,0.07470816844879215,0,1,0,1,1,1,False,-1,
32985,2026-03-10 15:25:00,15,1,MARKUP,4,B,157.53949,157.241684713294,158.28400321676497,0.2978052867059944,0.06463057341198075,0,1,0,0,1,1,False,-1,
32998,2026-03-10 16:30:00,16,1,MARKUP,3,C,157.66443800000002,157.4357131279781,158.23625018005484,0.22872487202192815,0.06857374404380995,0,0,1,0,0,1,True,33011,-1.0
33025,2026-03-10 18:45:00,18,-1,MARKDOWN,5,A,157.815886,158.01536717318757,157.3171830670311,0.1994811731875643,0.07273434637513547,0,1,0,1,1,1,False,-1,
33037,2026-03-10 19:45:00,19,-1,MARKDOWN,4,B,157.815886,158.01191583514907,157.32581141212734,0.19602983514906214,0.06583167029809209,0,0,0,1,1,1,True,33055,-1.0
33049,2026-03-10 20:45:00,20,-1,MARKDOWN,4,B,157.719124,157.9527790316177,157.13498642095573,0.23365503161770107,0.07155806323536515,0,0,0,1,1,1,True,33053,-1.0
33206,2026-03-11 09:50:00,9,-1,MARKDOWN,5,A,158.191776,158.4225310580337,157.61488835491573,0.23075505803370788,0.05506211606741766,0,1,0,1,1,1,True,33214,-1.0
33218,2026-03-11 10:50:00,10,1,MARKUP,5,A,158.03337199999999,157.83314823381102,158.5339314154724,0.20022376618896942,0.05970353237798784,0,1,0,1,1,1,False,-1,
33230,2026-03-11 11:50:00,11,1,MARKUP,6,A+,158.080358,157.83737715720295,158.68781010699257,0.24298084279703858,0.051245685594123,0,1,1,1,1,1,False,-1,
33244,2026-03-11 13:00:00,13,1,MARKUP,5,A,158.10366,157.83745902393488,158.76916244016275,0.2662009760651074,0.051081952130253655,0,1,0,1,1,1,False,-1,
33256,2026-03-11 14:00:00,14,1,MARKUP,3,C,158.10366,157.8382127652738,158.76727808681548,0.2654472347261958,0.04957446945242686,0,0,0,0,1,1,False,-1,
33268,2026-03-11 15:00:00,15,1,MARKUP,6,A+,158.17424599999998,157.9350436643912,158.77225183902192,0.23920233560878046,0.05591267121756982,0,1,1,1,1,1,False,-1,
33280,2026-03-11 16:00:00,16,1,MARKUP,5,A,158.363024,158.15824507566154,158.87497131084615,0.20477892433845568,0.07950984867696101,0,1,0,1,1,1,True,33292,2.5
33292,2026-03-11 17:00:00,17,1,MARKUP,4,B,158.40365400000002,158.20630253226096,158.89703266934765,0.197351467739054,0.09139493547808837,0,1,0,0,1,1,False,-1,
33304,2026-03-11 18:00:00,18,1,MARKUP,5,A,158.436124,158.21306147195284,158.99378032011793,0.22306252804716564,0.07787705609435186,0,1,1,0,1,1,False,-1,
33316,2026-03-11 19:00:00,19,1,MARKUP,6,A+,158.485784,158.22287578112173,159.14305454719567,0.2629082188782661,0.058248437756539,0,1,1,1,1,1,False,-1,
33328,2026-03-11 20:00:00,20,1,MARKUP,5,A,158.49938,158.25024016941782,159.12222957645545,0.24913983058218037,0.047519661164350954,0,1,0,1,1,1,False,-1,
33472,2026-03-12 08:00:00,8,1,MARKUP,3,C,158.958428,158.76315618200817,159.44660754497954,0.19527181799182358,0.043687635983617884,0,0,0,1,0,1,True,33490,-1.0
33484,2026-03-12 09:00:00,9,1,MARKUP,5,A,158.926722,158.76093632623474,159.34118618441317,0.16578567376527076,0.048127347530496196,0,1,0,1,1,1,True,33491,-1.0
33505,2026-03-12 10:45:00,10,-1,MARKDOWN,6,A+,159.029558,159.1836396186522,158.64435395336955,0.15408161865218517,0.05527923730437383,0,1,1,1,1,1,False,-1,
33517,2026-03-12 11:45:00,11,-1,MARKDOWN,5,A,158.971494,159.18321675727202,158.44218710681997,0.21172275727201395,0.0544335145440579,0,0,1,1,1,1,False,-1,
33532,2026-03-12 13:00:00,13,-1,MARKDOWN,6,A+,158.95048200000002,159.15033054515652,158.45086063710878,0.19984854515649886,0.05666109031301782,0,1,1,1,1,1,False,-1,
33544,2026-03-12 14:00:00,14,-1,MARKDOWN,6,A+,158.94492,159.14011302397716,158.45693744005706,0.19519302397716842,0.054226047954340474,0,1,1,1,1,1,False,-1,
33556,2026-03-12 15:00:00,15,-1,MARKDOWN,4,B,158.83412199999998,159.02561947290633,158.3553783177341,0.19149747290634878,0.055238945812655156,0,0,0,1,1,1,True,33559,-1.0
33581,2026-03-12 17:05:00,17,1,MARKUP,6,A+,158.75808999999998,158.53539764300956,159.31482089247604,0.22269235699042156,0.0672047139808513,0,1,1,1,1,1,False,-1,
33593,2026-03-12 18:05:00,18,1,MARKUP,6,A+,158.829906,158.53708342850976,159.56196242872556,0.29282257149023394,0.06383314298047653,0,1,1,1,1,1,False,-1,
33605,2026-03-12 19:05:00,19,1,MARKUP,6,A+,158.84480399999998,158.53332114486557,159.62351113783603,0.31148285513441465,0.07135771026883445,0,1,1,1,1,1,False,-1,
33617,2026-03-12 20:05:00,20,1,MARKUP,5,A,158.975202,158.74326328852501,159.55504877868745,0.23193871147498157,0.07347342295000132,0,1,0,1,1,1,False,-1,
33760,2026-03-13 08:00:00,8,1,MARKUP,4,B,159.26846799999998,158.97877785557344,159.99269336106636,0.28969014442654384,0.06444428885312395,0,0,0,1,1,1,False,-1,
33772,2026-03-13 09:00:00,9,1,MARKUP,4,B,159.283918,159.00796895348083,159.97379061629795,0.2759490465191732,0.05606209303834121,0,0,1,1,0,1,False,-1,
33787,2026-03-13 10:15:00,10,1,MARKUP,5,A,159.417406,159.21832736214142,159.91510259464644,0.1990786378585767,0.06734527571714645,0,1,1,0,1,1,True,33790,-1.0
33799,2026-03-13 11:15:00,11,1,MARKUP,7,A+,159.458812,159.2833239201577,159.89753219960573,0.17548807984229597,0.07135215968458329,1,1,1,1,1,1,True,33800,-1.0
33834,2026-03-13 14:10:00,14,1,MARKUP,6,A+,159.36354400000002,159.22355283295164,159.71352191762097,0.13999116704837888,0.056894334096731045,0,1,1,1,1,1,True,33840,-1.0
33849,2026-03-13 15:25:00,15,1,MARKUP,5,A,159.359724,159.22689138863504,159.6918055284124,0.13283261136496094,0.05021722272996276,0,1,1,1,0,1,True,33850,-1.0
33861,2026-03-13 16:25:00,16,-1,MARKDOWN,4,B,159.404906,159.55656965437103,159.02574686407246,0.15166365437102058,0.06113930874206421,0,1,0,0,1,1,True,33880,-1.0
33873,2026-03-13 17:25:00,17,-1,MARKDOWN,6,A+,159.313382,159.5369791086413,158.7543892283967,0.22359710864131443,0.06595821728262215,0,1,1,1,1,1,True,33876,-1.0
33889,2026-03-13 18:45:00,18,1,MARKUP,5,A,159.232672,158.96913193183659,159.89152217040856,0.26354006816342235,0.07173613632680391,0,1,0,1,1,1,False,-1,
33901,2026-03-13 19:45:00,19,1,MARKUP,4,B,159.246042,158.97466760605306,159.9244779848673,0.2713743939469282,0.06066478789389328,0,1,0,1,0,1,False,-1,
33913,2026-03-13 20:45:00,20,1,MARKUP,6,A+,159.265906,158.9794635093324,159.98201222666904,0.2864424906676106,0.051072981335198914,0,1,1,1,1,1,False,-1,
34048,2026-03-16 08:00:00,8,1,MARKUP,6,A+,159.40183399999998,159.23508810122684,159.81869874693285,0.1667458987731436,0.03782379754630872,0,1,1,1,1,1,True,34054,-1.0
34060,2026-03-16 09:00:00,9,-1,MARKDOWN,5,A,159.51876,159.66303128023006,159.1580817994248,0.14427128023007185,0.04406256046011908,0,1,0,1,1,1,False,-1,
34072,2026-03-16 10:00:00,10,-1,MARKDOWN,6,A+,159.483234,159.66488752481064,159.02910018797343,0.1816535248106277,0.047775049621293336,0,1,1,1,1,1,False,-1,
34084,2026-03-16 11:00:00,11,-1,MARKDOWN,4,B,159.45024600000002,159.64712366439022,158.9580518390245,0.19687766439020038,0.05224732878042021,0,0,0,1,1,1,False,-1,
34110,2026-03-16 13:10:00,13,-1,MARKDOWN,6,A+,159.367434,159.51116508545215,159.00810628636964,0.14373108545214563,0.048330170904294076,0,1,1,1,1,1,False,-1,
34122,2026-03-16 14:10:00,14,-1,MARKDOWN,6,A+,159.31923,159.42938028389682,159.04385429025797,0.11015028389681447,0.040760567793629174,0,1,1,1,1,1,False,-1,
34134,2026-03-16 15:10:00,15,-1,MARKDOWN,5,A,159.25115399999999,159.41119984724875,158.85103938187808,0.16004584724876736,0.05039969449751014,0,1,0,1,1,1,False,-1,
34146,2026-03-16 16:10:00,16,-1,MARKDOWN,4,B,159.224032,159.4153159385311,158.7458221536722,0.19128393853111447,0.05863187706220646,0,0,0,1,1,1,False,-1,
34158,2026-03-16 17:10:00,17,-1,MARKDOWN,6,A+,159.17445,159.40762421967804,158.59151445080494,0.23317421967803398,0.0652484393560946,0,1,1,1,1,1,True,34166,0.22493910378435478
34345,2026-03-17 08:45:00,8,1,MARKUP,5,A,159.302972,159.1929824558392,159.57794586040205,0.10998954416081119,0.0320350883215838,0,1,1,1,0,1,True,34364,-1.0
34357,2026-03-17 09:45:00,9,1,MARKUP,4,B,159.318634,159.1894801444587,159.64151863885323,0.12915385554128989,0.03903971108259849,0,1,0,1,0,1,True,34363,-1.0
34379,2026-03-17 11:35:00,11,-1,MARKDOWN,5,A,159.354278,159.52349595734776,158.93123310663057,0.1692179573477688,0.05499191469552351,0,1,0,1,1,1,False,-1,
34396,2026-03-17 13:00:00,13,-1,MARKDOWN,5,A,159.328684,159.519872645265,158.85071238683753,0.1911886452649867,0.047745290529986766,0,1,1,0,1,1,False,-1,
34408,2026-03-17 14:00:00,14,-1,MARKDOWN,6,A+,159.320684,159.51119173054735,158.8444146736316,0.1905077305473526,0.046383461094705494,0,1,1,1,1,1,False,-1,
34420,2026-03-17 15:00:00,15,-1,MARKDOWN,3,C,159.215526,159.3946815024291,158.76763724392725,0.17915550242909717,0.04736300485820831,0,0,0,1,0,1,False,-1,
34432,2026-03-17 16:00:00,16,-1,MARKDOWN,6,A+,159.118388,159.24613059788146,158.7990315052964,0.1277425978814506,0.05226119576291748,0,1,1,1,1,1,False,-1,
34444,2026-03-17 17:00:00,17,-1,MARKDOWN,6,A+,159.02891,159.25091091981955,158.47390770045112,0.22200091981954984,0.06582183963912784,0,1,1,1,1,1,True,34460,0.35094449186665894
34456,2026-03-17 18:00:00,18,-1,MARKDOWN,5,A,159.02891,159.25198993831282,158.47121015421794,0.22307993831282147,0.06797987662563121,0,1,0,1,1,1,True,34460,0.349247003514726
34624,2026-03-18 08:00:00,8,-1,MARKDOWN,5,A,158.992784,159.16123266826557,158.57166232933608,0.1684486682655688,0.04046533653116101,0,1,0,1,1,1,False,-1,
34636,2026-03-18 09:00:00,9,-1,MARKDOWN,6,A+,158.916268,159.1000577268413,158.45679368289677,0.18378972684129735,0.04211545368257987,0,1,1,1,1,1,False,-1,
34648,2026-03-18 10:00:00,10,-1,MARKDOWN,4,B,158.859078,159.0630671196486,158.34910520087857,0.20398911964858257,0.04813423929719201,0,0,1,1,0,1,True,34652,-1.0
34684,2026-03-18 13:00:00,13,1,MARKUP,6,A+,158.752888,158.54509405218454,159.27237286953869,0.20779394781547467,0.04581189563094655,0,1,1,1,1,1,False,-1,
34696,2026-03-18 14:00:00,14,1,MARKUP,4,B,158.752888,158.54771522985854,159.2658199253537,0.2051727701414734,0.04056954028295721,0,1,0,0,1,1,False,-1,
34708,2026-03-18 15:00:00,15,1,MARKUP,6,A+,158.84626,158.6530304788472,159.329333802882,0.19322952115280145,0.05793904230555934,0,1,1,1,1,1,False,-1,
34720,2026-03-18 16:00:00,16,1,MARKUP,6,A+,159.07386,158.75933195039863,159.86018012400342,0.31452804960136405,0.07133609920272341,0,1,1,1,1,1,False,-1,
34732,2026-03-18 17:00:00,17,1,MARKUP,5,A,159.159816,158.86596719439027,159.89443801402436,0.29384880560974125,0.062065611219426435,0,1,0,1,1,1,False,-1,
34744,2026-03-18 18:00:00,18,1,MARKUP,3,C,159.16228800000002,158.87374853857952,159.88363665355126,0.28853946142049836,0.05450292284099623,0,0,0,0,1,1,False,-1,
34756,2026-03-18 19:00:00,19,1,MARKUP,5,A,159.16228800000002,158.87475055963142,159.8811316009215,0.2875374403685953,0.05249888073719746,0,1,1,0,1,1,False,-1,
34769,2026-03-18 20:05:00,20,1,MARKUP,6,A+,159.284652,159.07668271900027,159.80457520249928,0.20796928099971979,0.04463456199943252,0,1,1,1,1,1,True,34780,2.5
34919,2026-03-19 08:35:00,8,1,MARKUP,5,A,159.64705,159.524394229522,159.95368942619507,0.12265577047801912,0.035211540956031386,0,1,1,0,1,1,True,34927,-1.0
34932,2026-03-19 09:40:00,9,1,MARKUP,5,A,159.622984,159.51470559462385,159.8936800134404,0.1082784053761543,0.054588810752325745,0,1,1,0,1,1,True,34937,-1.0
34944,2026-03-19 10:40:00,10,-1,MARKDOWN,5,A,159.59766399999998,159.85394617863273,158.95695855341813,0.2562821786327447,0.09389235726546429,0,1,0,1,1,1,False,-1,
34956,2026-03-19 11:40:00,11,-1,MARKDOWN,5,A,159.514006,159.85757805891387,158.6550758527153,0.3435720589138782,0.10115611782774805,0,1,0,1,1,1,False,-1,
34972,2026-03-19 13:00:00,13,-1,MARKDOWN,6,A+,159.514006,159.8570272265335,158.65645293366626,0.3430212265334944,0.10005445306697706,0,1,1,1,1,1,False,-1,
34984,2026-03-19 14:00:00,14,-1,MARKDOWN,5,A,159.514006,159.84559761736006,158.68502695659984,0.33159161736006126,0.07719523472015838,0,1,1,0,1,1,False,-1,
34996,2026-03-19 15:00:00,15,-1,MARKDOWN,5,A,159.42563199999998,159.69428775553655,158.75399261115854,0.26865575553657095,0.060575511073107,0,1,1,0,1,1,False,-1,
35008,2026-03-19 16:00:00,16,-1,MARKDOWN,5,A,159.170732,159.43256117418431,158.51615906453918,0.26182917418432794,0.08512234836867422,0,1,0,1,1,1,False,-1,
35020,2026-03-19 17:00:00,17,-1,MARKDOWN,5,A,158.830724,159.35949404749323,157.50879888126696,0.5287700474932251,0.12698809498645272,0,1,0,1,1,1,False,-1,
35032,2026-03-19 18:00:00,18,-1,MARKDOWN,5,A,158.826522,159.3519063391103,157.51306115222434,0.5253843391102748,0.11181267822059154,0,1,0,1,1,1,False,-1,
35044,2026-03-19 19:00:00,19,-1,MARKDOWN,6,A+,158.826522,159.35148489287573,157.51411476781072,0.5249628928757204,0.11096978575146509,0,1,1,1,1,1,False,-1,
35056,2026-03-19 20:00:00,20,-1,MARKDOWN,6,A+,158.80245599999998,159.33851340867966,157.46231247830076,0.5360574086796817,0.08502681735932198,0,1,1,1,1,1,False,-1,
35200,2026-03-20 08:00:00,8,1,MARKUP,4,B,158.003412,157.73108466478794,158.68423033803015,0.2723273352120543,0.03583067042412147,0,1,0,1,0,1,False,-1,
35212,2026-03-20 09:00:00,9,1,MARKUP,4,B,158.011052,157.73330517671366,158.70541905821588,0.2777468232863498,0.031389646572700824,0,1,0,1,0,1,False,-1,
35224,2026-03-20 10:00:00,10,1,MARKUP,6,A+,158.25424,158.11442314832385,158.6037821291904,0.13981685167615865,0.035153703352333775,0,1,1,1,1,1,False,-1,
35242,2026-03-20 11:30:00,11,1,MARKUP,5,A,158.33334399999998,158.23667696590755,158.57501158523107,0.09666703409243382,0.046646068184868376,0,1,1,0,1,1,False,-1,
35260,2026-03-20 13:00:00,13,1,MARKUP,6,A+,158.50448,158.23234038447478,159.18482903881306,0.27213961552521937,0.05531923105042217,0,1,1,1,1,1,False,-1,
35272,2026-03-20 14:00:00,14,1,MARKUP,3,C,158.504862,158.23188041997986,159.18731595005036,0.2729815800201436,0.05623916004024978,0,0,0,1,0,1,False,-1,
35284,2026-03-20 15:00:00,15,1,MARKUP,5,A,158.504862,158.23015227606749,159.1916363098313,0.27470972393251714,0.05969544786500849,0,0,1,1,1,1,False,-1,
35296,2026-03-20 16:00:00,16,1,MARKUP,6,A+,158.504862,158.22806688623766,159.19684978440586,0.276795113762347,0.06386622752467844,0,1,1,1,1,1,False,-1,
35308,2026-03-20 17:00:00,17,1,MARKUP,6,A+,158.737942,158.4822296269114,159.37722293272154,0.2557123730886133,0.06754074617721645,0,1,1,1,1,1,False,-1,
35320,2026-03-20 18:00:00,18,1,MARKUP,5,A,158.771884,158.48456061625384,159.4901924593654,0.2873233837461555,0.06887876749232592,0,1,0,1,1,1,False,-1,
35332,2026-03-20 19:00:00,19,1,MARKUP,5,A,158.807028,158.47896188934686,159.62719327663285,0.32806611065313973,0.08007622130631016,0,1,0,1,1,1,False,-1,
35344,2026-03-20 20:00:00,20,1,MARKUP,5,A,158.812758,158.4856222390029,159.63059740249275,0.32713576099709485,0.06675552199420705,0,1,1,1,0,1,False,-1,
35494,2026-03-23 08:30:00,8,1,MARKUP,6,A+,159.434364,159.29557300954082,159.78134147614793,0.13879099045917087,0.046853980918358636,0,1,1,1,1,1,True,35512,-1.0
35506,2026-03-23 09:30:00,9,1,MARKUP,5,A,159.453296,159.29748276830995,159.8428290792251,0.1558132316900469,0.06103446338010507,0,1,0,1,1,1,True,35512,-1.0
35518,2026-03-23 10:30:00,10,1,MARKUP,2,C,159.453296,159.2950156527937,159.84899686801575,0.15828034720630058,0.06596869441258955,0,0,0,0,0,1,True,35519,-1.0
35548,2026-03-23 13:00:00,13,1,MARKUP,5,A,159.441554,159.2763770811864,159.85449629703396,0.16517691881358587,0.06524583762716402,0,1,0,1,1,1,True,35561,-1.0
35560,2026-03-23 14:00:00,14,1,MARKUP,6,A+,159.441554,159.2790016127089,159.84793496822775,0.16255238729110033,0.05999677458222616,0,1,1,1,1,1,True,35561,-1.0
35572,2026-03-23 15:00:00,15,-1,MARKDOWN,4,B,159.12096400000001,159.74619826900084,157.55787832749795,0.6252342690008277,0.18239653800171052,0,1,0,1,0,1,False,-1,
35584,2026-03-23 16:00:00,16,-1,MARKDOWN,5,A,159.117256,159.72888678904485,157.58817902738787,0.6116307890448525,0.15977357808971204,0,1,0,1,1,1,False,-1,
35596,2026-03-23 17:00:00,17,-1,MARKDOWN,5,A,159.10860399999999,159.70416255697967,157.61970760755077,0.5955585569796824,0.13832511395935992,0,1,1,0,1,1,False,-1,
35608,2026-03-23 18:00:00,18,-1,MARKDOWN,6,A+,159.087594,159.69774294985865,157.56222162535335,0.6101489498586545,0.1254858997173349,0,1,1,1,1,1,False,-1,
35776,2026-03-24 08:00:00,8,1,MARKUP,6,A+,158.572992,158.41857474199045,158.95903514502385,0.15441725800954487,0.03685051601912219,0,1,1,1,1,1,True,35789,-1.0
35788,2026-03-24 09:00:00,9,1,MARKUP,3,C,158.579172,158.4225738327942,158.9706674180145,0.1565981672058001,0.04885233441159563,0,0,0,0,1,1,True,35789,-1.0
35816,2026-03-24 11:20:00,11,-1,MARKDOWN,5,A,158.644402,158.8263714280272,158.18947842993208,0.1819694280271733,0.06674285605436048,0,1,0,1,1,1,True,35823,-1.0
35836,2026-03-24 13:00:00,13,1,MARKUP,6,A+,158.54916,158.37424541755146,158.98644645612134,0.17491458244853675,0.059509164897052665,0,1,1,1,1,1,False,-1,
35848,2026-03-24 14:00:00,14,1,MARKUP,4,B,158.55489,158.3752808633034,159.0039128417415,0.17960913669659817,0.05743827339316707,0,0,0,1,1,1,False,-1,
35860,2026-03-24 15:00:00,15,1,MARKUP,5,A,158.55489,158.37462940800825,159.0055414799794,0.18026059199175393,0.05874118398351392,0,1,0,1,1,1,False,-1,
35872,2026-03-24 16:00:00,16,1,MARKUP,6,A+,158.59426000000002,158.39706093976696,159.08725765058267,0.19719906023306066,0.06587812046610164,0,1,1,1,1,1,True,35894,2.5
35884,2026-03-24 17:00:00,17,1,MARKUP,5,A,158.745262,158.58080367302952,159.15640781742619,0.16445832697047535,0.0683926539409699,1,0,0,1,1,1,True,35885,-1.0
35906,2026-03-24 18:50:00,18,1,MARKUP,6,A+,158.711272,158.5222357029363,159.18386274265924,0.1890362970636943,0.07552859412736104,0,1,1,1,1,1,False,-1,
35918,2026-03-24 19:50:00,19,1,MARKUP,6,A+,158.711272,158.52754742052488,159.1705834486878,0.18372457947512544,0.06490515895021443,0,1,1,1,1,1,False,-1,
35930,2026-03-24 20:50:00,20,1,MARKUP,6,A+,158.800278,158.5268947559249,159.48373611018772,0.2733832440750916,0.06621048815022254,0,1,1,1,1,1,False,-1,
36064,2026-03-25 08:00:00,8,1,MARKUP,5,A,158.715958,158.55607533421045,159.11566466447388,0.1598826657895529,0.03784933157910663,0,1,0,1,1,1,False,-1,
36076,2026-03-25 09:00:00,9,1,MARKUP,5,A,158.766856,158.59449475562636,159.19775911093407,0.17236124437363287,0.033010488747239684,0,1,0,1,1,1,False,-1,
36088,2026-03-25 10:00:00,10,1,MARKUP,5,A,158.82252,158.6657037152908,159.214560711773,0.15681628470920828,0.038592569418401425,0,1,0,1,1,1,True,36104,2.5
36100,2026-03-25 11:00:00,11,1,MARKUP,6,A+,158.925844,158.73279782816232,159.40845942959425,0.19304617183769324,0.04840434367538869,0,1,1,1,1,1,True,36102,-1.0
36132,2026-03-25 13:40:00,13,1,MARKUP,5,A,158.907304,158.7020126557635,159.4205323605913,0.20529134423651385,0.04997468847299847,0,1,0,1,1,1,True,36134,2.3464018991713695
36152,2026-03-25 15:20:00,15,1,MARKUP,6,A+,158.907304,158.6961256053348,159.43524998666305,0.21117839466521104,0.061748789330409566,0,1,1,1,1,1,False,-1,
36164,2026-03-25 16:20:00,16,1,MARKUP,6,A+,158.865284,158.69563360201747,159.28940999495634,0.16965039798253656,0.06273279596506244,0,1,1,1,1,1,False,-1,
36176,2026-03-25 17:20:00,17,1,MARKUP,6,A+,158.931844,158.72981579582546,159.4369145104364,0.20202820417455314,0.06636840834908121,0,1,1,1,1,1,False,-1,
36188,2026-03-25 18:20:00,18,1,MARKUP,6,A+,158.931844,158.72945723614006,159.4378109096499,0.20238676385994836,0.06708552771989534,0,1,1,1,1,1,False,-1,
36200,2026-03-25 19:20:00,19,1,MARKUP,5,A,158.96813400000002,158.72782140797375,159.5689154800657,0.24031259202627098,0.07035718405248677,0,1,0,1,1,1,False,-1,
36212,2026-03-25 20:20:00,20,1,MARKUP,5,A,159.076902,158.91058412207826,159.4926966948043,0.16631787792172759,0.056831755843461604,0,1,0,1,1,1,False,-1,
36363,2026-03-26 08:55:00,8,1,MARKUP,5,A,159.436412,159.35636632812057,159.63652617969854,0.08004567187941802,0.03326734375886526,0,1,1,0,1,1,True,36370,-1.0
36386,2026-03-26 10:50:00,10,1,MARKUP,5,A,159.378208,159.26498009921974,159.66127775195065,0.11322790078025946,0.04003980156049742,0,1,1,0,1,1,False,-1,
36398,2026-03-26 11:50:00,11,1,MARKUP,5,A,159.383174,159.2660671699733,159.67594107506676,0.11710683002669953,0.037865660053411174,0,1,0,1,1,1,False,-1,
36412,2026-03-26 13:00:00,13,1,MARKUP,6,A+,159.385848,159.2668651443898,159.6833051390255,0.11898285561019861,0.036269711220358825,0,1,1,1,1,1,False,-1,
36424,2026-03-26 14:00:00,14,1,MARKUP,6,A+,159.38661199999999,159.26572049863339,159.68884075341649,0.1208915013666001,0.03855900273320915,0,1,1,1,1,1,False,-1,
36436,2026-03-26 15:00:00,15,1,MARKUP,6,A+,159.46972200000002,159.30934378329957,159.87066754175115,0.16037821670045105,0.037312433400846674,0,1,1,1,1,1,True,36457,1.0430219480019407
36448,2026-03-26 16:00:00,16,1,MARKUP,5,A,159.52905,159.4027456837491,159.84481079062732,0.12630431625092342,0.04250863250182737,0,1,0,1,1,1,True,36456,2.5
36460,2026-03-26 17:00:00,17,1,MARKUP,5,A,159.52905,159.39371273355727,159.86739316610687,0.1353372664427468,0.06057453288547582,0,0,1,1,1,1,True,36463,-1.0
36477,2026-03-26 18:25:00,18,1,MARKUP,6,A+,159.52905,159.39553582468596,159.86283543828512,0.13351417531404763,0.05692835062805726,0,1,1,1,1,1,False,-1,
36489,2026-03-26 19:25:00,19,1,MARKUP,4,B,159.533994,159.4058878792588,159.854259301853,0.12810612074119376,0.05222424148234114,0,1,0,1,0,1,False,-1,
36501,2026-03-26 20:25:00,20,1,MARKUP,4,B,159.54048799999998,159.41068727896047,159.86498980259876,0.12980072103951557,0.04262544207901609,0,1,0,0,1,1,False,-1,
36662,2026-03-27 09:50:00,9,1,MARKUP,6,A+,159.560196,159.43700183001368,159.86818142496577,0.12319416998630572,0.033996339972632884,0,1,1,1,1,1,False,-1,
36674,2026-03-27 10:50:00,10,1,MARKUP,5,A,159.68135999999998,159.47475196836461,160.1978800790884,0.20660803163536912,0.046496063270730525,0,1,0,1,1,1,False,-1,
36686,2026-03-27 11:50:00,11,1,MARKUP,6,A+,159.716586,159.5290938466443,160.1853163833893,0.1874921533557199,0.05181230671146028,0,1,1,1,1,1,False,-1,
36700,2026-03-27 13:00:00,13,1,MARKUP,3,C,159.728328,159.54799024552298,160.17917238619256,0.18033775447702283,0.052019508954036515,0,0,0,0,1,1,False,-1,
36712,2026-03-27 14:00:00,14,1,MARKUP,5,A,159.730182,159.55359366202174,160.1716528449457,0.17658833797827356,0.046812675956499794,0,1,0,1,1,1,False,-1,
36726,2026-03-27 15:10:00,15,1,MARKUP,6,A+,159.838332,159.73223364805997,160.1035778798501,0.10609835194003381,0.03953270388005827,0,1,1,1,1,1,True,36732,-1.0
36738,2026-03-27 16:10:00,16,1,MARKUP,5,A,159.82649,159.72923194019035,160.06963514952417,0.09725805980966129,0.04553611961935127,0,1,1,0,1,1,True,36751,-1.0
36753,2026-03-27 17:25:00,17,1,MARKUP,4,B,159.84632200000001,159.75477389312547,160.07519226718637,0.09154810687454074,0.05245221374906983,0,1,1,0,0,1,True,36754,-1.0
36770,2026-03-27 18:50:00,18,1,MARKUP,5,A,159.79688199999998,159.66952898642742,160.1152645339314,0.12735301357255935,0.0629420271451284,0,1,1,0,1,1,False,-1,
36782,2026-03-27 19:50:00,19,1,MARKUP,5,A,159.928672,159.66657521021918,160.58391397445206,0.26209678978082707,0.06884957956162169,0,1,0,1,1,1,False,-1,
36794,2026-03-27 20:50:00,20,1,MARKUP,5,A,159.972984,159.66933220427342,160.73211348931645,0.3036517957265801,0.06333559145313225,0,1,0,1,1,1,False,-1,
36928,2026-03-30 08:00:00,8,-1,MARKDOWN,3,C,159.973652,160.192614762685,159.42624509328746,0.2189627626850097,0.04522952537002891,0,0,0,0,1,1,False,-1,
36940,2026-03-30 09:00:00,9,-1,MARKDOWN,6,A+,159.862862,160.02657988081165,159.4535672979709,0.16371788081164595,0.05315976162332552,0,1,1,1,1,1,False,-1,
36954,2026-03-30 10:10:00,10,-1,MARKDOWN,6,A+,159.795928,159.9386147305262,159.4392111736845,0.14268673052620784,0.05922946105242519,0,1,1,1,1,1,True,36964,2.5
36972,2026-03-30 11:40:00,11,-1,MARKDOWN,5,A,159.748366,159.88574044498571,159.40492988753573,0.13737444498570994,0.05548088997141672,0,1,1,1,0,1,False,-1,
36988,2026-03-30 13:00:00,13,-1,MARKDOWN,5,A,159.748366,159.88617487316284,159.4038438170929,0.13780887316283952,0.05634974632569863,0,1,1,1,0,1,False,-1,
37000,2026-03-30 14:00:00,14,-1,MARKDOWN,6,A+,159.71666,159.88466049893847,159.2966587526538,0.16800049893848268,0.05332099787694465,0,1,1,1,1,1,False,-1,
37012,2026-03-30 15:00:00,15,-1,MARKDOWN,4,B,159.681684,159.87715383288548,159.19300941778624,0.19546983288549313,0.05630766577096929,0,1,0,0,1,1,False,-1,
37024,2026-03-30 16:00:00,16,-1,MARKDOWN,6,A+,159.616988,159.82335034337677,159.10108214155804,0.2063623433767816,0.056700686753580365,0,1,1,1,1,1,True,37037,-0.6203263536617477
37056,2026-03-30 18:40:00,18,-1,MARKDOWN,5,A,159.52058,159.66764654800343,159.15291362999142,0.147066548003437,0.05729309600683261,0,1,1,1,0,1,True,37074,-1.0
37068,2026-03-30 19:40:00,19,-1,MARKDOWN,5,A,159.52058,159.66269384783655,159.16529538040862,0.1421138478365549,0.047387695673101825,0,1,1,1,0,1,True,37074,-1.0
37216,2026-03-31 08:00:00,8,-1,MARKDOWN,6,A+,159.827458,159.98952870268795,159.42228124328017,0.16207070268794155,0.03305740537585784,0,1,1,1,1,1,False,-1,
37228,2026-03-31 09:00:00,9,-1,MARKDOWN,4,B,159.786966,159.9951822999644,159.26642525008901,0.20821629996439128,0.04436459992879626,0,0,0,1,1,1,True,37245,2.5
37256,2026-03-31 11:20:00,11,-1,MARKDOWN,5,A,159.673254,159.81412016324305,159.32108859189233,0.14086616324306078,0.05024032648613161,0,1,1,0,1,1,True,37273,2.5
37289,2026-03-31 14:05:00,14,1,MARKUP,5,A,159.607308,159.4758543019162,159.93594224520945,0.1314536980837886,0.0382913961676131,0,1,0,1,1,1,True,37290,-1.0
37301,2026-03-31 15:05:00,15,-1,MARKDOWN,5,A,159.62626799999998,159.8206591331905,159.1402901670237,0.19439113319052126,0.06331826638100452,0,1,0,1,1,1,False,-1,
37313,2026-03-31 16:05:00,16,-1,MARKDOWN,6,A+,159.593224,159.8076700921355,159.0571087696612,0.21444609213551757,0.07134018427105909,0,1,1,1,1,1,False,-1,
37325,2026-03-31 17:05:00,17,-1,MARKDOWN,5,A,159.501544,159.8083222797338,158.73459830066548,0.30677827973380545,0.07264455946759794,0,1,0,1,1,1,False,-1,
37337,2026-03-31 18:05:00,18,-1,MARKDOWN,5,A,159.468692,159.81738357845802,158.59696305385495,0.34869157845801624,0.09076715691606721,0,1,1,1,0,1,False,-1,
37349,2026-03-31 19:05:00,19,-1,MARKDOWN,4,B,159.43357,159.80556987368027,158.50357031579932,0.37199987368026655,0.0831397473605433,0,1,0,1,0,1,False,-1,
37361,2026-03-31 20:05:00,20,-1,MARKDOWN,5,A,159.267422,159.6140625393168,158.40082065170805,0.3466405393167804,0.09812507863360395,0,1,1,1,0,1,False,-1,
37513,2026-04-01 08:45:00,8,-1,MARKDOWN,6,A+,158.851032,159.0395719510232,158.37968212244203,0.18853995102318777,0.05314390204635816,0,1,1,1,1,1,False,-1,
37525,2026-04-01 09:45:00,9,-1,MARKDOWN,6,A+,158.693958,158.97084175456962,158.00174861357598,0.2768837545696101,0.07168350913923556,0,1,1,1,1,1,True,37539,0.22376899683519566
37537,2026-04-01 10:45:00,10,-1,MARKDOWN,4,B,158.68288,158.97614931748905,157.94970670627742,0.2932693174890346,0.08229863497810799,0,0,0,1,1,1,True,37539,0.17349240771465596
37549,2026-04-01 11:45:00,11,-1,MARKDOWN,4,B,158.68288,158.97943446560134,157.94149383599668,0.29655446560133214,0.088868931202693,0,1,0,1,0,1,True,37556,0.5559855578828624
37573,2026-04-01 13:45:00,13,-1,MARKDOWN,5,A,158.645182,158.90611475891916,157.9928501027021,0.2609327589191537,0.06422951783833504,0,1,1,0,1,1,False,-1,
37585,2026-04-01 14:45:00,14,-1,MARKDOWN,6,A+,158.645182,158.90431659020095,157.99734552449763,0.25913459020094365,0.0606331804019078,0,1,1,1,1,1,False,-1,
37597,2026-04-01 15:45:00,15,-1,MARKDOWN,5,A,158.659316,158.91829083377553,158.01187891556114,0.25897483377553954,0.08858166755109498,0,0,1,1,1,1,True,37610,-1.0
37624,2026-04-01 18:00:00,18,-1,MARKDOWN,5,A,158.589482,158.80349571003157,158.0544477249211,0.21401371003156555,0.08499142006315634,0,1,1,0,1,1,True,37629,-1.0
37640,2026-04-01 19:20:00,19,1,MARKUP,5,A,158.483518,158.27819214642636,158.9968326339341,0.20532585357364042,0.06761570714731284,0,1,0,1,1,1,True,37649,1.5413645894646237
37652,2026-04-01 20:20:00,20,-1,MARKDOWN,5,A,158.589482,158.7894760034234,158.0894969914415,0.19999400342339868,0.0569520068468368,0,1,0,1,1,1,True,37654,-1.0
37792,2026-04-02 08:00:00,8,1,MARKUP,4,B,158.92389,158.55930526617524,159.8353518345619,0.3645847338247563,0.04538946764947221,0,0,1,0,1,1,False,-1,
37804,2026-04-02 09:00:00,9,1,MARKUP,3,C,158.941194,158.5878939851821,159.82444403704477,0.3533000148179042,0.0442120296358337,0,0,0,0,1,1,False,-1,
37816,2026-04-02 10:00:00,10,1,MARKUP,5,A,159.29098199999999,159.14719211605652,159.65045670985864,0.14378988394346948,0.05761576788693242,0,1,1,0,1,1,False,-1,
37828,2026-04-02 11:00:00,11,1,MARKUP,6,A+,159.462766,159.2732180970624,159.93663575734396,0.1895479029375906,0.06356380587524373,0,1,1,1,1,1,False,-1,
37852,2026-04-02 13:00:00,13,1,MARKUP,4,B,159.465822,159.28186188869162,159.92572227827094,0.1839601113083802,0.04627622261674957,0,0,0,1,1,1,False,-1,
37864,2026-04-02 14:00:00,14,1,MARKUP,5,A,159.465822,159.28445426240089,159.91924134399778,0.18136773759911762,0.04109147519826052,0,1,1,0,1,1,False,-1,
37876,2026-04-02 15:00:00,15,1,MARKUP,5,A,159.571106,159.4447409161623,159.88701870959423,0.1263650838376975,0.03651816767539704,0,1,0,1,1,1,True,37886,-1.0
37890,2026-04-02 16:10:00,16,1,MARKUP,4,B,159.623018,159.5232547986911,159.8724260032722,0.09976320130888894,0.04749040261776382,0,1,1,0,0,1,True,37891,-1.0
37914,2026-04-02 18:10:00,18,-1,MARKDOWN,5,A,159.550034,159.78345109270677,158.9664912682331,0.23341709270675892,0.07490218541350165,0,1,0,1,1,1,True,37936,-0.15408468841305423
37926,2026-04-02 19:10:00,19,-1,MARKDOWN,4,B,159.550034,159.77674846994177,158.9832478251456,0.22671446994175426,0.06149693988352256,0,0,0,1,1,1,True,37936,-0.1586400727277886
37947,2026-04-02 20:55:00,20,1,MARKUP,5,A,159.407574,159.21115918720048,159.89861103199883,0.19641481279953155,0.043681625599031305,0,1,0,1,1,1,False,-1,
38096,2026-04-03 09:20:00,9,1,MARKUP,6,A+,159.606468,159.5281504702852,159.80226182428703,0.0783175297148091,0.02369905942956501,0,1,1,1,1,1,True,38100,-1.0
38119,2026-04-03 11:15:00,11,1,MARKUP,5,A,159.599592,159.52464964722265,159.78694788194338,0.07494235277735584,0.03070070555467577,0,1,1,0,1,1,True,38120,2.5
38154,2026-04-03 14:10:00,14,-1,MARKDOWN,6,A+,159.63661,159.70087411041712,159.47594972395717,0.06426411041712754,0.01774822083420131,0,1,1,1,1,1,True,38170,-1.0
38166,2026-04-03 15:10:00,15,-1,MARKDOWN,5,A,159.606272,159.65497797143294,159.48450707141762,0.048705971432951856,0.017955942865908802,0,1,0,1,1,1,True,38170,-1.0
38178,2026-04-03 16:10:00,16,-1,MARKDOWN,5,A,159.69186,159.816304930749,159.38074767312747,0.1244449307490072,0.04260986149804028,0,1,1,0,1,1,False,-1,
38190,2026-04-03 17:10:00,17,-1,MARKDOWN,4,B,159.67658,159.8137767120219,159.33358821994523,0.13719671202190398,0.0375534240438413,0,1,0,1,0,1,False,-1,
38202,2026-04-03 18:10:00,18,-1,MARKDOWN,3,C,159.67658,159.8089532171438,159.3456469571405,0.1323732171437939,0.02790643428761277,0,0,0,0,1,1,False,-1,
38214,2026-04-03 19:10:00,19,1,MARKUP,6,A+,159.60342,159.47490325940544,159.9247118514864,0.12851674059456286,0.02019348118917056,0,1,1,1,1,1,False,-1,
38228,2026-04-03 20:20:00,20,1,MARKUP,6,A+,159.60342,159.47873092935257,159.9151426766186,0.12468907064743462,0.012538141294889161,0,1,1,1,1,1,False,-1,
38368,2026-04-06 08:00:00,8,-1,MARKDOWN,5,A,159.698804,159.81842542107725,159.39975044730687,0.11962142107725526,0.026850842154499108,0,1,0,1,1,1,False,-1,
38380,2026-04-06 09:00:00,9,-1,MARKDOWN,4,B,159.63514999999998,159.7128443871644,159.44091403208893,0.07769438716442778,0.02168877432882061,0,1,0,0,1,1,True,38388,2.5
38401,2026-04-06 10:45:00,10,-1,MARKDOWN,5,A,159.623904,159.731511368568,159.35488557858005,0.10760736856798303,0.04102273713595554,0,1,1,1,0,1,False,-1,
38413,2026-04-06 11:45:00,11,-1,MARKDOWN,5,A,159.55590800000002,159.73432275283835,159.10987111790416,0.17841475283833574,0.046645505676658795,0,1,0,1,1,1,True,38437,-1.0
38428,2026-04-06 13:00:00,13,-1,MARKDOWN,4,B,159.55590800000002,159.73079361722537,159.11869395693662,0.17488561722535678,0.039587234450717546,0,0,0,1,1,1,True,38437,-1.0
38462,2026-04-06 15:50:00,15,-1,MARKDOWN,6,A+,159.48113,159.60878449783957,159.1619937554011,0.12765449783955773,0.03756899567914131,0,1,1,1,1,1,True,38473,-1.0
38474,2026-04-06 16:50:00,16,-1,MARKDOWN,5,A,159.497938,159.60747647372833,159.2240918156792,0.10953847372832115,0.034952947456644866,0,1,1,1,0,1,True,38476,-1.0
38489,2026-04-06 18:05:00,18,1,MARKUP,6,A+,159.52652999999998,159.34058003384345,159.99140491539129,0.18594996615652803,0.054839932313073575,0,1,1,1,1,1,False,-1,
38501,2026-04-06 19:05:00,19,1,MARKUP,5,A,159.534934,159.34560774215498,160.00824964461253,0.18932625784501056,0.04478451569001215,0,1,0,1,1,1,False,-1,
38513,2026-04-06 20:05:00,20,1,MARKUP,6,A+,159.534934,159.34744705398907,160.00365136502728,0.18748694601092097,0.04110589202183796,0,1,1,1,1,1,False,-1,
38681,2026-04-07 10:05:00,10,1,MARKUP,5,A,159.796816,159.7072586758988,160.02070931025304,0.08955732410120731,0.035482648202405404,0,1,1,0,1,1,True,38692,-1.0
38699,2026-04-07 11:35:00,11,-1,MARKDOWN,6,A+,159.740334,159.90841739555339,159.3201255111165,0.16808339555339558,0.05883479110680675,0,1,1,1,1,1,True,38717,-1.0
38716,2026-04-07 13:00:00,13,-1,MARKDOWN,5,A,159.72238,159.90008595374428,159.27811511563925,0.17770595374429377,0.04217190748857917,0,1,0,1,1,1,True,38717,-1.0
38738,2026-04-07 14:50:00,14,1,MARKUP,5,A,159.62562,159.44724278060792,160.0715630484802,0.1783772193920754,0.04351443878414355,0,1,1,1,0,1,False,-1,
38750,2026-04-07 15:50:00,15,1,MARKUP,2,C,159.624092,159.4472089291708,160.06629967707295,0.1768830708291773,0.043582141658343995,0,0,0,0,0,1,False,-1,
38762,2026-04-07 16:50:00,16,1,MARKUP,5,A,159.632114,159.44775454518563,160.09301263703594,0.18435945481436988,0.04249090962872438,0,1,0,1,1,1,False,-1,
38774,2026-04-07 17:50:00,17,1,MARKUP,5,A,159.733734,159.58223445062262,160.11248287344344,0.15149954937737675,0.045531098754726156,0,1,0,1,1,1,False,-1,
38786,2026-04-07 18:50:00,18,1,MARKUP,3,C,159.83424,159.6857976968248,160.20534575793795,0.14844230317518736,0.05240460635039017,0,0,0,1,0,1,True,38788,-1.0
38798,2026-04-07 19:50:00,19,1,MARKUP,4,B,159.83424,159.6884373740063,160.19874656498422,0.14580262599369576,0.047125251987387616,1,0,1,0,0,1,True,38806,-1.0
38944,2026-04-08 08:00:00,8,-1,MARKDOWN,4,B,158.602528,158.8182136015211,158.06331399619725,0.21568560152110194,0.052427203042195135,0,1,0,0,1,1,False,-1,
38956,2026-04-08 09:00:00,9,-1,MARKDOWN,4,B,158.46123599999999,158.68623134387843,157.89874764030387,0.22499534387844733,0.06646268775688885,0,0,0,1,1,1,False,-1,
38968,2026-04-08 10:00:00,10,-1,MARKDOWN,3,C,158.37645,158.6133763270366,157.7841341824085,0.2369263270365991,0.07275265407319208,0,0,0,1,0,1,True,38986,-0.20069529880761552
38980,2026-04-08 11:00:00,11,-1,MARKDOWN,5,A,158.307234,158.5013064935581,157.82205276610472,0.19407249355811018,0.07261298711619121,0,1,0,1,1,1,True,38985,-1.0
39021,2026-04-08 14:25:00,14,-1,MARKDOWN,6,A+,158.35173,158.56468206825994,157.81934982935016,0.21295206825993773,0.05536413651989287,0,1,1,1,1,1,True,39023,-1.0
39033,2026-04-08 15:25:00,15,-1,MARKDOWN,4,B,158.35478600000002,158.5738273778175,157.80718255545628,0.21904137781749,0.07365475563502513,0,1,0,1,0,1,False,-1,
39045,2026-04-08 16:25:00,16,-1,MARKDOWN,5,A,158.289464,158.58226407825737,157.55746380435662,0.29280007825735765,0.09052815651472851,0,1,0,1,1,1,True,39047,-1.0
39085,2026-04-08 19:45:00,19,1,MARKUP,6,A+,158.121638,157.85955202306175,158.77685294234558,0.26208597693823776,0.058895953876503926,0,1,1,1,1,1,False,-1,
39097,2026-04-08 20:45:00,20,1,MARKUP,5,A,158.130806,157.86476987666984,158.79589630832544,0.26603612333016713,0.04846024666035823,0,1,0,1,1,1,False,-1,
39239,2026-04-09 08:35:00,8,1,MARKUP,4,B,158.76342000000002,158.62887508893203,159.09978227767,0.13454491106799082,0.03224982213593938,0,1,1,0,0,1,False,-1,
39251,2026-04-09 09:35:00,9,1,MARKUP,5,A,158.754634,158.62707328389928,159.07353579025184,0.1275607161007315,0.03585343220148429,0,1,0,1,1,1,False,-1,
39263,2026-04-09 10:35:00,10,1,MARKUP,5,A,158.771442,158.62099296818494,159.1475645795377,0.15044903181507152,0.04801406363016049,0,1,0,1,1,1,False,-1,
39275,2026-04-09 11:35:00,11,1,MARKUP,5,A,158.822248,158.620981816027,159.32541345993246,0.20126618397299012,0.048036367945975676,0,1,0,1,1,1,False,-1,
39292,2026-04-09 13:00:00,13,1,MARKUP,3,C,158.866126,158.69582406105593,159.2918808473602,0.1703019389440783,0.04035187788814626,0,0,0,0,1,1,True,39312,2.5
39304,2026-04-09 14:00:00,14,1,MARKUP,5,A,158.897644,158.7491889462975,159.2687816342563,0.14845505370252,0.03562210740502774,0,1,0,1,1,1,True,39312,2.5
39319,2026-04-09 15:15:00,15,1,MARKUP,5,A,158.942758,158.81864778836896,159.25303352907758,0.12411021163103442,0.04270442326206517,0,1,1,1,0,1,True,39330,2.5
39338,2026-04-09 16:50:00,16,1,MARKUP,6,A+,158.946196,158.81368417556052,159.27747556109864,0.13251182443946163,0.05263164887894603,0,1,1,1,1,1,True,39360,-1.0
39350,2026-04-09 17:50:00,17,1,MARKUP,6,A+,158.993946,158.8141378664186,159.44346633395347,0.17980813358138903,0.05172426716280022,0,1,1,1,1,1,True,39359,-1.0
39371,2026-04-09 19:35:00,19,-1,MARKDOWN,5,A,159.042588,159.32917508662675,158.3261202834331,0.2865870866267528,0.06435017325347336,0,1,0,1,1,1,False,-1,
39383,2026-04-09 20:35:00,20,-1,MARKDOWN,5,A,159.042588,159.32375218576294,158.3396775355926,0.28116418576294677,0.053504371525911136,0,1,0,1,1,1,True,39400,-0.4069223812753947
39520,2026-04-10 08:00:00,8,1,MARKUP,5,A,159.108276,159.01255079170997,159.34758902072502,0.09572520829001974,0.024898416580056558,0,1,1,1,0,1,False,-1,
39532,2026-04-10 09:00:00,9,1,MARKUP,6,A+,159.120118,159.0113026522021,159.39215636949473,0.10881534779790059,0.027394695595838188,0,1,1,1,1,1,False,-1,
39544,2026-04-10 10:00:00,10,1,MARKUP,5,A,159.180094,159.0387206601716,159.533527349571,0.14137333982839095,0.0405586796568114,0,0,1,1,1,1,False,-1,
39556,2026-04-10 11:00:00,11,1,MARKUP,6,A+,159.216556,159.09867449206945,159.51125976982638,0.11788150793054797,0.038651015861090765,0,1,1,1,1,1,True,39571,-1.0
39610,2026-04-10 15:30:00,15,-1,MARKDOWN,6,A+,159.18080799999998,159.3781227540112,158.68752111497196,0.19731475401121656,0.046245508022408566,0,1,1,1,1,1,True,39616,-1.749448497806722
39622,2026-04-10 16:30:00,16,-1,MARKDOWN,5,A,159.165976,159.3558712618174,158.69123784545647,0.18989526181741212,0.049742523634842786,1,0,0,1,1,1,True,39623,-1.0
39634,2026-04-10 17:30:00,17,-1,MARKDOWN,5,A,159.14311,159.31839424324548,158.70489939188633,0.17528424324547132,0.048788486490920234,1,0,0,1,1,1,True,39635,-1.0
39658,2026-04-10 19:30:00,19,1,MARKUP,6,A+,159.06135,158.87658062175902,159.52327344560246,0.18476937824098627,0.044838756481983016,0,1,1,1,1,1,False,-1,
39670,2026-04-10 20:30:00,20,1,MARKUP,5,A,159.155712,159.01685576341052,159.5028525914737,0.13885623658947566,0.03628847317894069,0,1,0,1,1,1,False,-1,
39850,2026-04-13 11:30:00,11,1,MARKUP,5,A,159.643512,159.54221917793691,159.89674405515768,0.10129282206307266,0.03756164412616345,0,1,1,1,0,1,False,-1,
39868,2026-04-13 13:00:00,13,1,MARKUP,5,A,159.633962,159.5469612633998,159.8514638415005,0.0870007366002028,0.028077473200443275,0,1,0,1,1,1,False,-1,
39880,2026-04-13 14:00:00,14,1,MARKUP,3,C,159.630524,159.54781443637984,159.83729790905045,0.08270956362017046,0.026371127240349103,0,0,0,0,1,1,False,-1,
39892,2026-04-13 15:00:00,15,1,MARKUP,6,A+,159.68078,159.5541306279069,159.9974034302328,0.12664937209311233,0.03173874418620569,0,1,1,1,1,1,True,39913,-1.0
39904,2026-04-13 16:00:00,16,1,MARKUP,6,A+,159.689432,159.56362290683674,160.0039547329082,0.12580909316326938,0.04075418632651549,0,1,1,1,1,1,True,39913,-1.0
39921,2026-04-13 17:25:00,17,-1,MARKDOWN,5,A,159.740052,159.88694759482408,159.3728130129398,0.14689559482408754,0.0538951896481102,0,1,0,1,1,1,True,39932,2.5
39933,2026-04-13 18:25:00,18,-1,MARKDOWN,5,A,159.7263,159.88626303279122,159.32639241802198,0.15996303279121094,0.05252606558241356,1,0,0,1,1,1,True,39934,2.5
39947,2026-04-13 19:35:00,19,-1,MARKDOWN,5,A,159.7263,159.88683532656677,159.32496168358313,0.16053532656675884,0.05367065313348149,0,1,1,1,0,1,False,-1,
39959,2026-04-13 20:35:00,20,-1,MARKDOWN,6,A+,159.637392,159.83112682368062,159.15305494079848,0.19373482368061445,0.048253647361282834,0,1,1,1,1,1,False,-1,
40096,2026-04-14 08:00:00,8,-1,MARKDOWN,6,A+,159.20239,159.3540079976588,158.823345005853,0.15161799765880346,0.032015995317640995,0,1,1,1,1,1,True,40110,2.5
40108,2026-04-14 09:00:00,9,-1,MARKDOWN,5,A,159.14925399999998,159.2819648121598,158.81747696960045,0.1327108121598144,0.03392962431963475,1,0,0,1,1,1,True,40109,-1.0
40120,2026-04-14 10:00:00,10,-1,MARKDOWN,5,A,159.16037799999998,159.30692906680238,158.79400033299396,0.14655106680240237,0.04785813360477226,0,1,1,0,1,1,True,40136,2.5
40132,2026-04-14 11:00:00,11,-1,MARKDOWN,6,A+,159.155794,159.31096106550157,158.76787633624602,0.15516706550158688,0.05592213100317815,0,1,1,1,1,1,True,40136,2.5
40156,2026-04-14 13:00:00,13,-1,MARKDOWN,5,A,159.119122,159.31095667341017,158.63953531647456,0.19183467341017035,0.05591334682037839,0,1,0,1,1,1,False,-1,
40168,2026-04-14 14:00:00,14,-1,MARKDOWN,5,A,159.09772999999998,159.30841842219976,158.57100894450053,0.21068842219978023,0.05083684439955232,0,1,1,1,0,1,False,-1,
40180,2026-04-14 15:00:00,15,-1,MARKDOWN,2,C,158.99337,159.19843332441175,158.48071168897062,0.20506332441175346,0.054866648823495956,0,0,0,0,0,1,False,-1,
40192,2026-04-14 16:00:00,16,-1,MARKDOWN,5,A,158.981528,159.19901475505216,158.4378111123696,0.21748675505216397,0.05602951010432038,0,1,0,1,1,1,False,-1,
40204,2026-04-14 17:00:00,17,-1,MARKDOWN,5,A,158.933942,159.12291142560596,158.4615184359851,0.1889694256059613,0.05782285121193661,0,0,1,1,1,1,True,40228,0.49712803909287473
40246,2026-04-14 20:30:00,20,-1,MARKDOWN,6,A+,158.808794,158.9553955817912,158.442290045522,0.1466015817912023,0.038791163582376754,0,1,1,1,1,1,True,40258,-1.0
40384,2026-04-15 08:00:00,8,1,MARKUP,3,C,158.884162,158.76026603823283,159.19390190441794,0.12389596176717532,0.025467923534316324,0,0,0,0,1,1,True,40397,-1.0
40403,2026-04-15 09:35:00,9,1,MARKUP,5,A,158.9404,158.84589933864441,159.176651653389,0.0945006613555961,0.03620132271118487,0,1,1,0,1,1,True,40410,-1.0
40424,2026-04-15 11:20:00,11,-1,MARKDOWN,6,A+,158.883694,159.05713734068468,158.45008564828828,0.1734433406846847,0.05427468136937606,0,1,1,1,1,1,True,40434,-1.0
40444,2026-04-15 13:00:00,13,-1,MARKDOWN,6,A+,158.883694,159.0569761888837,158.4504885277907,0.17328218888371794,0.05395237776740858,1,0,1,1,1,1,True,40445,-1.0
40456,2026-04-15 14:00:00,14,1,MARKUP,5,A,158.80132799999998,158.61907857477811,159.25695156305466,0.18224942522186893,0.05584285044377037,0,1,0,1,1,1,False,-1,
40468,2026-04-15 15:00:00,15,1,MARKUP,5,A,158.81889999999999,158.62063705701894,159.3145573574526,0.19826294298104585,0.0527258859621279,0,1,1,0,1,1,False,-1,
40480,2026-04-15 16:00:00,16,1,MARKUP,6,A+,158.840674,158.62086494607686,159.39019663480786,0.21980905392314298,0.052270107846246604,0,1,1,1,1,1,False,-1,
40492,2026-04-15 17:00:00,17,1,MARKUP,3,C,158.908036,158.72968584880775,159.35391137798067,0.17835015119226227,0.052628302384479804,0,0,0,0,1,1,True,40508,-0.4431507317019369
40523,2026-04-15 19:35:00,19,-1,MARKDOWN,5,A,159.00119999999998,159.18642942744512,158.53812643138713,0.1852294274451367,0.06485885489023477,0,1,0,1,1,1,True,40534,1.0862204930129973
40537,2026-04-15 20:45:00,20,1,MARKUP,6,A+,158.894958,158.7294986996987,159.30860625075326,0.16545930030130762,0.04900260060256838,0,1,1,1,1,1,False,-1,
40672,2026-04-16 08:00:00,8,-1,MARKDOWN,3,C,158.61578799999998,158.8549501575846,158.01788260603843,0.2391621575846159,0.045900315169212336,1,0,0,0,0,1,True,40673,-1.0
40706,2026-04-16 10:50:00,10,1,MARKUP,5,A,158.528816,158.23992587167578,159.25104132081057,0.2888901283242262,0.052148256648400775,0,1,1,0,1,1,False,-1,
40718,2026-04-16 11:50:00,11,1,MARKUP,5,A,158.786226,158.59308036355432,159.2690900911142,0.19314563644567784,0.047839272891320214,0,1,0,1,1,1,False,-1,
40732,2026-04-16 13:00:00,13,1,MARKUP,5,A,158.842048,158.68216233985055,159.24176215037363,0.15988566014945604,0.04167532029891186,0,1,0,1,1,1,False,-1,
40744,2026-04-16 14:00:00,14,1,MARKUP,4,B,158.880564,158.70724137259393,159.31387056851514,0.17332262740606552,0.03951725481214603,0,0,0,1,1,1,False,-1,
40757,2026-04-16 15:05:00,15,1,MARKUP,4,B,158.880564,158.7055158290184,159.31818442745399,0.1750481709815972,0.04296834196318952,0,0,1,1,0,1,False,-1,
40769,2026-04-16 16:05:00,16,1,MARKUP,3,C,158.976354,158.86086680657013,159.26507198357461,0.11548719342985692,0.042266386859737375,0,1,0,0,0,1,False,-1,
40781,2026-04-16 17:05:00,17,1,MARKUP,5,A,159.04435,158.85488294455638,159.51801763860908,0.18946705544362885,0.05423411088723108,0,1,0,1,1,1,False,-1,
40793,2026-04-16 18:05:00,18,1,MARKUP,5,A,159.04435,158.85315679025607,159.52233302435985,0.19119320974394327,0.05768641948788089,0,1,0,1,1,1,True,40806,0.9396254199643304
40810,2026-04-16 19:30:00,19,1,MARKUP,6,A+,159.07524999999998,158.90336536989668,159.50496157525825,0.1718846301033068,0.05726926020663094,0,1,1,1,1,1,False,-1,
40822,2026-04-16 20:30:00,20,1,MARKUP,6,A+,159.109858,158.96449898925965,159.4732555268509,0.14535901074034996,0.047002021480686086,0,1,1,1,1,1,True,40846,2.3881698026968508
40960,2026-04-17 08:00:00,8,1,MARKUP,5,A,159.30285800000001,159.16813633148163,159.63966217129598,0.13472166851838097,0.02572733703676552,0,1,1,1,0,1,False,-1,
40972,2026-04-17 09:00:00,9,1,MARKUP,6,A+,159.388714,159.2886862366282,159.6387834084295,0.10002776337179853,0.026627526743613687,0,1,1,1,1,1,True,40981,-1.0
41006,2026-04-17 11:50:00,11,-1,MARKDOWN,5,A,159.389952,159.54926127286737,158.99167881783154,0.15930927286737528,0.040522545734728445,0,1,0,1,1,1,False,-1,
41020,2026-04-17 13:00:00,13,-1,MARKDOWN,5,A,159.33035999999998,159.55025693692025,158.78061765769934,0.21989693692026435,0.04251387384051514,0,1,0,1,1,1,False,-1,
41032,2026-04-17 14:00:00,14,-1,MARKDOWN,4,B,159.32417999999998,159.53641176974378,158.79360057564048,0.21223176974379498,0.03482353948755146,0,0,0,1,1,1,False,-1,
41044,2026-04-17 15:00:00,15,-1,MARKDOWN,5,A,159.242604,159.40621694838273,158.83357162904315,0.16361294838273466,0.03843389676547889,0,1,1,0,1,1,False,-1,
41056,2026-04-17 16:00:00,16,-1,MARKDOWN,6,A+,158.902932,159.3224087364784,157.85424015880398,0.41947673647840134,0.09481747295680241,0,1,1,1,1,1,False,-1,
41068,2026-04-17 17:00:00,17,-1,MARKDOWN,6,A+,158.780824,159.2958846193892,157.493172451527,0.5150606193892031,0.13776923877838337,0,1,1,1,1,1,False,-1,
41080,2026-04-17 18:00:00,18,-1,MARKDOWN,5,A,158.603576,159.29487896153904,156.8753185961524,0.6913029615390371,0.13575792307805287,0,1,0,1,1,1,False,-1,
41092,2026-04-17 19:00:00,19,-1,MARKDOWN,4,B,158.603576,159.2847174211371,156.9007224471573,0.6811414211370845,0.11543484227418027,0,0,0,1,1,1,False,-1,
41256,2026-04-20 08:40:00,8,1,MARKUP,4,B,158.877332,158.77380260694684,159.1361554826329,0.1035293930531509,0.03439478610633251,0,1,1,0,0,1,True,41268,-1.0
41281,2026-04-20 10:45:00,10,1,MARKUP,6,A+,158.83772399999998,158.6991062443618,159.18426838909545,0.13861775563819378,0.06178751127641209,0,1,1,1,1,1,False,-1,
41293,2026-04-20 11:45:00,11,1,MARKUP,5,A,158.86178999999998,158.7030903487022,159.25853912824442,0.15869965129778052,0.05381930259554226,0,1,0,1,1,1,True,41310,-1.0
41308,2026-04-20 13:00:00,13,1,MARKUP,3,C,158.86178999999998,158.70404388138272,159.25615529654317,0.1577461186172684,0.051912237234527064,0,0,0,0,1,1,True,41310,-1.0
41334,2026-04-20 15:10:00,15,1,MARKUP,5,A,158.86178999999998,158.70431004831806,159.2554898792048,0.1574799516819212,0.051379903363865824,0,1,1,1,0,1,True,41342,-1.0
41346,2026-04-20 16:10:00,16,-1,MARKDOWN,5,A,158.954288,159.10349214802199,158.58127762994502,0.1492041480219939,0.05698429604401281,0,1,1,0,1,1,False,-1,
41358,2026-04-20 17:10:00,17,-1,MARKDOWN,4,B,158.850898,159.05883814705842,158.33104763235394,0.207940147058423,0.06367629411685845,0,0,0,1,1,1,True,41366,0.29767219498321623
41370,2026-04-20 18:10:00,18,-1,MARKDOWN,4,B,158.818144,159.01079062726964,158.33652743182586,0.19264662726965298,0.07358125453929279,0,0,1,0,1,1,False,-1,
41382,2026-04-20 19:10:00,19,-1,MARKDOWN,6,A+,158.812796,159.00632342558276,158.32897743604306,0.19352742558277214,0.06464685116555677,0,1,1,1,1,1,False,-1,
41394,2026-04-20 20:10:00,20,-1,MARKDOWN,2,C,158.812796,158.99942361208417,158.34622696978954,0.18662761208418033,0.05084722416836654,0,0,0,0,0,1,True,41411,-0.8048326735930755
41564,2026-04-21 10:20:00,10,1,MARKUP,6,A+,158.87040000000002,158.7736292000655,159.1123269998363,0.09677079993451798,0.04074159986899731,0,1,1,1,1,1,False,-1,
41576,2026-04-21 11:20:00,11,1,MARKUP,5,A,158.951384,158.76797753924689,159.40990015188277,0.18340646075310474,0.052044921506270964,0,1,0,1,1,1,False,-1,
41596,2026-04-21 13:00:00,13,1,MARKUP,5,A,158.970866,158.7725991541365,159.46653311465877,0.19826684586351462,0.04280169172703096,0,1,1,1,0,1,False,-1,
41608,2026-04-21 14:00:00,14,1,MARKUP,3,C,158.970866,158.77956200786164,159.4491259803459,0.19130399213835858,0.028875984276725476,0,1,0,0,0,1,False,-1,
41627,2026-04-21 15:35:00,15,1,MARKUP,6,A+,159.033284,158.87100092778567,159.43899168053585,0.16228307221433624,0.04799814442868253,0,1,1,1,1,1,True,41642,2.5
41648,2026-04-21 17:20:00,17,1,MARKUP,6,A+,159.105006,158.99105297022822,159.38988857442945,0.11395302977177835,0.049894059543538115,1,0,1,1,1,1,True,41651,2.5
41660,2026-04-21 18:20:00,18,1,MARKUP,6,A+,159.165744,158.98598029215714,159.6151532696071,0.17976370784285223,0.060039415685708475,0,1,1,1,1,1,False,-1,
41672,2026-04-21 19:20:00,19,1,MARKUP,5,A,159.179496,158.99143149431976,159.6496572642006,0.18806450568024502,0.04913701136049211,0,1,1,1,0,1,True,41688,0.5237777306445683
41684,2026-04-21 20:20:00,20,1,MARKUP,5,A,159.24558199999998,158.99335517328802,159.87614906677987,0.2522268267119614,0.04528965342391031,0,1,0,1,1,1,True,41688,0.1285271690668643
41824,2026-04-22 08:00:00,8,1,MARKUP,4,B,159.260478,159.16152451621016,159.5078617094746,0.09895348378984181,0.022950967579694854,0,0,0,1,1,1,True,41827,-1.0
41836,2026-04-22 09:00:00,9,-1,MARKDOWN,5,A,159.287782,159.42063474801822,158.95565012995445,0.1328527480182231,0.03726949603648578,0,1,0,1,1,1,True,41855,-1.0
41848,2026-04-22 10:00:00,10,-1,MARKDOWN,5,A,159.287782,159.42158491777735,158.9532747055566,0.1338029177773592,0.039169835554711666,0,1,0,1,1,1,True,41855,-1.0
41884,2026-04-22 13:00:00,13,1,MARKUP,5,A,159.205758,159.08730122425075,159.50189993937312,0.11845677574925162,0.03139755149854204,0,1,1,1,0,1,True,41905,2.5
41899,2026-04-22 14:15:00,14,-1,MARKDOWN,6,A+,159.27268,159.38864080233196,158.98277799417014,0.11596080233195494,0.033281604663919426,0,1,1,1,1,1,True,41907,-1.0
41911,2026-04-22 15:15:00,15,-1,MARKDOWN,4,B,159.30324000000002,159.3887762670505,159.0893993323738,0.085536267050486,0.033552534100966834,0,1,0,0,1,1,True,41914,-1.0
41927,2026-04-22 16:35:00,16,-1,MARKDOWN,6,A+,159.273826,159.40099233688795,158.95591015778018,0.12716633688793877,0.05798467377585408,0,1,1,1,1,1,True,41938,-1.0
41939,2026-04-22 17:35:00,17,-1,MARKDOWN,5,A,159.27259,159.3979237877312,158.959255530672,0.12533378773119352,0.05584757546241881,0,1,0,1,1,1,True,41941,-1.0
41951,2026-04-22 18:35:00,18,1,MARKUP,5,A,159.242206,159.09041525238516,159.62168286903716,0.15179074761485367,0.049169495229713915,0,1,1,1,0,1,False,-1,
41963,2026-04-22 19:35:00,19,1,MARKUP,5,A,159.27353,159.09316369530953,159.72444576172614,0.180366304690466,0.043672609380962,0,1,0,1,1,1,False,-1,
41975,2026-04-22 20:35:00,20,1,MARKUP,4,B,159.27353,159.09514057177967,159.7195035705508,0.17838942822032777,0.039718856440713886,0,1,0,0,1,1,False,-1,
42112,2026-04-23 08:00:00,8,1,MARKUP,5,A,159.446362,159.28401943705222,159.85221840736943,0.16234256294777083,0.025961125895544855,0,1,0,1,1,1,False,-1,
42124,2026-04-23 09:00:00,9,1,MARKUP,3,C,159.44023,159.32600245573545,159.72579886066143,0.1142275442645655,0.025995088529088176,0,0,0,0,1,1,False,-1,
42136,2026-04-23 10:00:00,10,1,MARKUP,6,A+,159.523814,159.40291903627366,159.82605140931582,0.1208949637263288,0.030161927452702117,0,1,1,1,1,1,False,-1,
42148,2026-04-23 11:00:00,11,1,MARKUP,6,A+,159.57263600000002,159.47858573407981,159.80776166480052,0.09405026592020249,0.03682853184040226,0,1,1,1,1,1,False,-1,
42172,2026-04-23 13:00:00,13,1,MARKUP,5,A,159.603186,159.502784417039,159.85418995740247,0.10040158296098411,0.030431165922000625,0,1,1,1,0,1,True,42193,-1.0
42184,2026-04-23 14:00:00,14,1,MARKUP,4,B,159.630826,159.52038337932632,159.90693255168424,0.11044262067369459,0.03523324134739508,0,1,0,0,1,1,True,42193,-1.0
42209,2026-04-23 16:05:00,16,-1,MARKDOWN,5,A,159.648828,159.80836944644926,159.24997438387686,0.1595414464492535,0.054738892898540094,0,1,0,1,1,1,False,-1,
42221,2026-04-23 17:05:00,17,-1,MARKDOWN,3,C,159.648828,159.80838775830463,159.24992860423845,0.1595597583046242,0.054775516609227984,0,0,0,1,0,1,False,-1,
42233,2026-04-23 18:05:00,18,-1,MARKDOWN,4,B,159.62170600000002,159.80684328780794,159.1588627804802,0.18513728780791894,0.0516865756158867,0,1,0,1,0,1,True,42257,-1.0
42245,2026-04-23 19:05:00,19,-1,MARKDOWN,4,B,159.58530199999998,159.7782934621736,159.10282334456596,0.19299146217360885,0.050586924347217746,0,1,0,1,0,1,True,42257,-1.0
42264,2026-04-23 20:40:00,20,1,MARKUP,6,A+,159.514932,159.28461838582487,160.09071603543777,0.23031361417511675,0.05876322835024201,0,1,1,1,1,1,True,42268,1.1074812095392859
42401,2026-04-24 08:05:00,8,1,MARKUP,5,A,159.74003,159.66532278514228,159.92679803714427,0.07470721485771037,0.023354429715440786,0,1,1,0,1,1,True,42413,-1.0
42429,2026-04-24 10:25:00,10,-1,MARKDOWN,5,A,159.75108400000002,159.860107243447,159.47852589138256,0.109023243446984,0.03621448689395665,0,1,0,1,1,1,True,42442,2.5
42441,2026-04-24 11:25:00,11,-1,MARKDOWN,4,B,159.75108400000002,159.86205069282127,159.4736672679469,0.11096669282125049,0.04010138564254115,1,0,0,0,1,1,True,42442,2.5
42463,2026-04-24 13:15:00,13,1,MARKUP,4,B,159.68231,159.59043016842426,159.91200957893935,0.09187983157573854,0.027139663151509907,0,1,1,0,0,1,True,42470,-1.0
42475,2026-04-24 14:15:00,14,-1,MARKDOWN,5,A,159.677872,159.8140684079883,159.3373809800293,0.1361964079882796,0.04013681597655001,0,1,0,1,1,1,False,-1,
42487,2026-04-24 15:15:00,15,-1,MARKDOWN,5,A,159.605594,159.79736446738391,159.12616783154022,0.19177046738391823,0.05272893476785623,0,1,0,1,1,1,True,42493,1.2910955653266318
42499,2026-04-24 16:15:00,16,-1,MARKDOWN,3,C,159.605594,159.79719396304296,159.1265940923926,0.191599963042961,0.05238792608596608,0,0,0,1,0,1,True,42500,0.48326731659770483
42511,2026-04-24 17:15:00,17,-1,MARKDOWN,6,A+,159.605594,159.8026048946889,159.11306676327774,0.19701089468890132,0.06320978937781545,0,1,1,1,1,1,False,-1,
42523,2026-04-24 18:15:00,18,-1,MARKDOWN,6,A+,159.60250399999998,159.7942306825441,159.12318729363966,0.19172668254412883,0.05646136508822838,0,1,1,1,1,1,False,-1,
42535,2026-04-24 19:15:00,19,-1,MARKDOWN,5,A,159.52411999999998,159.68374764118363,159.12505089704086,0.15962764118364703,0.05949528236728908,0,1,0,1,1,1,False,-1,
42547,2026-04-24 20:15:00,20,-1,MARKDOWN,5,A,159.522592,159.6783860171735,159.13310695706627,0.15579401717349128,0.04877203434702151,0,1,0,1,1,1,False,-1,
42688,2026-04-27 08:00:00,8,-1,MARKDOWN,5,A,159.39919999999998,159.56673951815935,158.98035120460156,0.16753951815937285,0.02947903631873231,0,0,1,1,1,1,True,42699,0.8248800134934133
42716,2026-04-27 10:20:00,10,-1,MARKDOWN,6,A+,159.355322,159.50212379389225,158.9883175152694,0.14680179389225145,0.04224758778450757,0,1,1,1,1,1,False,-1,
42728,2026-04-27 11:20:00,11,-1,MARKDOWN,5,A,159.35150199999998,159.5047376081154,158.96841297971145,0.15323560811540915,0.04747521623081435,0,1,0,1,1,1,False,-1,
42748,2026-04-27 13:00:00,13,-1,MARKDOWN,3,C,159.33393,159.497587735993,158.92478566001756,0.1636577359929845,0.033175471985986846,0,0,0,0,1,1,False,-1,
42760,2026-04-27 14:00:00,14,-1,MARKDOWN,6,A+,159.33393,159.4972572168634,158.9256119578415,0.1633272168633937,0.03251443372684182,0,1,1,1,1,1,False,-1,
42774,2026-04-27 15:10:00,15,-1,MARKDOWN,6,A+,159.225162,159.3224132871883,158.98203378202925,0.09725128718829978,0.034826574376630566,0,1,1,1,1,1,True,42783,-1.0
42787,2026-04-27 16:15:00,16,-1,MARKDOWN,5,A,159.206622,159.29866964005998,158.97650289985006,0.0920476400599739,0.04733928011998193,0,1,1,0,1,1,True,42790,-1.0
42803,2026-04-27 17:35:00,17,-1,MARKDOWN,6,A+,159.21871199999998,159.310935207929,158.98815398017746,0.09222320792900973,0.043870415858009236,0,1,1,1,1,1,True,42807,-1.0
42820,2026-04-27 19:00:00,19,1,MARKUP,5,A,159.18483799999998,159.08345207648793,159.43830280878012,0.10138592351205489,0.04309584702410926,0,1,0,1,1,1,False,-1,
42832,2026-04-27 20:00:00,20,1,MARKUP,5,A,159.227476,159.08766808781843,159.5769957804539,0.13980791218156696,0.03666382436310912,0,1,1,0,1,1,False,-1,
42976,2026-04-28 08:00:00,8,-1,MARKDOWN,4,B,159.33798000000002,159.5987501168631,158.6860547078423,0.2607701168630854,0.055500233726210046,0,1,0,1,0,1,True,42999,-1.0
42988,2026-04-28 09:00:00,9,-1,MARKDOWN,4,B,159.33798000000002,159.59825828383745,158.6872842904064,0.2602782838374367,0.05451656767490085,0,0,1,1,0,1,True,42999,-1.0
43012,2026-04-28 11:00:00,11,1,MARKUP,6,A+,159.237186,158.924575551695,160.01871212076253,0.3126104483050085,0.072848896610038,0,1,1,1,1,1,False,-1,
43036,2026-04-28 13:00:00,13,1,MARKUP,6,A+,159.28321,159.00353656060702,159.98239359848245,0.2796734393929796,0.05892687878596072,0,1,1,1,1,1,False,-1,
43048,2026-04-28 14:00:00,14,1,MARKUP,6,A+,159.28321,159.01023827403512,159.9656393149122,0.2729717259648794,0.045523451929758284,0,1,1,1,1,1,False,-1,
43060,2026-04-28 15:00:00,15,1,MARKUP,5,A,159.46664,159.24737929274562,160.01479176813598,0.21926070725439217,0.04124141450875113,0,1,0,1,1,1,True,43071,0.6355903971352831
43075,2026-04-28 16:15:00,16,1,MARKUP,5,A,159.55810400000001,159.38619276770558,159.98788208073609,0.17191123229443406,0.05961446458883724,1,0,1,0,1,1,True,43077,0.24952412607057764
43093,2026-04-28 17:45:00,17,1,MARKUP,6,A+,159.55810400000001,159.38617128696444,159.98793578258895,0.17193271303557367,0.05965742607112458,0,1,1,1,1,1,True,43106,0.022660027467788266
43114,2026-04-28 19:30:00,19,1,MARKUP,4,B,159.55810400000001,159.3922946729377,159.9726273176558,0.16580932706230556,0.04741065412455527,0,0,1,0,1,1,True,43116,-0.14537179799882477
43264,2026-04-29 08:00:00,8,1,MARKUP,5,A,159.575154,159.5112231217356,159.73498119566096,0.06393087826438659,0.015553756528806155,0,1,1,1,0,1,False,-1,
43276,2026-04-29 09:00:00,9,1,MARKUP,4,B,159.615828,159.5467911652727,159.7884200868182,0.06903683472728517,0.02041766945454524,0,1,0,1,0,1,True,43286,2.5
43288,2026-04-29 10:00:00,10,1,MARKUP,4,B,159.636558,159.55693164756588,159.83562388108533,0.07962635243413274,0.030136704868270085,1,0,0,0,1,1,True,43289,2.5
43300,2026-04-29 11:00:00,11,1,MARKUP,5,A,159.645828,159.56966363720005,159.83623890699985,0.07616436279994332,0.03467272559986291,0,1,1,1,0,1,False,-1,
43324,2026-04-29 13:00:00,13,1,MARKUP,4,B,159.694916,159.59004310644488,159.95709823388782,0.1048728935551253,0.027913787110290144,0,1,0,1,0,1,False,-1,
43336,2026-04-29 14:00:00,14,1,MARKUP,3,C,159.694916,159.5906371048099,159.95561323797529,0.10427889519010591,0.02672579038020227,0,0,1,0,0,1,False,-1,
43348,2026-04-29 15:00:00,15,1,MARKUP,3,C,159.70862400000001,159.607979696823,159.96023475794254,0.10064430317700612,0.024040606354014338,0,1,0,0,0,1,False,-1,
43360,2026-04-29 16:00:00,16,1,MARKUP,5,A,159.800162,159.67470834468864,160.11379613827842,0.125453655311361,0.028583310622714544,0,1,0,1,1,1,False,-1,
43372,2026-04-29 17:00:00,17,1,MARKUP,6,A+,159.91472000000002,159.72134207180457,160.39816482048863,0.19337792819544575,0.0353158563908673,0,1,1,1,1,1,False,-1,
43384,2026-04-29 18:00:00,18,1,MARKUP,5,A,159.91472000000002,159.71305225421295,160.41888936446767,0.2016677457870628,0.051895491574086405,0,1,1,1,0,1,False,-1,
43396,2026-04-29 19:00:00,19,1,MARKUP,4,B,159.982864,159.7456244115533,160.57596297111675,0.23723958844669824,0.05275117689337036,0,1,0,1,0,1,False,-1,
43408,2026-04-29 20:00:00,20,1,MARKUP,6,A+,160.018842,159.792906042646,160.58368189338503,0.22593595735401095,0.04618791470798621,0,1,1,1,1,1,False,-1,
43552,2026-04-30 08:00:00,8,1,MARKUP,5,A,160.26891,160.0556321806324,160.80210454841904,0.2132778193676188,0.040735638735231644,0,1,0,1,1,1,False,-1,
43564,2026-04-30 09:00:00,9,1,MARKUP,6,A+,160.38872,160.19035741798913,160.8846264550272,0.19836258201087276,0.04528516402169318,0,1,1,1,1,1,True,43587,-1.0
43576,2026-04-30 10:00:00,10,1,MARKUP,4,B,160.419944,160.20772697695784,160.95048655760536,0.21221702304214318,0.04854604608430779,0,0,0,1,1,1,True,43587,-1.0
43594,2026-04-30 11:30:00,11,-1,MARKDOWN,5,A,160.36491999999998,160.777618857632,159.33317285591994,0.41269885763202296,0.1072377152640359,0,1,0,1,1,1,False,-1,
43612,2026-04-30 13:00:00,13,-1,MARKDOWN,6,A+,160.15138199999998,160.7803770000679,158.57889449983023,0.6289950000679028,0.11275400013578178,0,1,1,1,1,1,False,-1,
43624,2026-04-30 14:00:00,14,-1,MARKDOWN,5,A,159.243368,160.88041163255534,155.15075891861167,1.6370436325553328,0.31282326511069,0,1,0,1,1,1,False,-1,
43636,2026-04-30 15:00:00,15,-1,MARKDOWN,5,A,158.668844,160.7954624660368,153.352297834908,2.1266184660368026,0.38892493207363804,0,1,0,1,1,1,False,-1,
43648,2026-04-30 16:00:00,16,-1,MARKDOWN,3,C,158.359226,160.2312855761376,153.67907705965604,1.8720595761375876,0.2625711522751938,0,0,0,0,1,1,False,-1,
43660,2026-04-30 17:00:00,17,-1,MARKDOWN,4,B,158.000786,159.63314963734337,153.9198769066416,1.63236363734336,0.226299274686716,0,0,1,0,1,1,False,-1,
43673,2026-04-30 18:05:00,18,-1,MARKDOWN,3,C,157.84628600000002,159.35430008412752,154.0762507896813,1.5080140841274954,0.16860016825501944,0,0,0,0,1,1,False,-1,
43685,2026-04-30 19:05:00,19,-1,MARKDOWN,7,A+,156.73265,157.52628905265172,154.74855236837072,0.793639052651713,0.11657810530344241,1,1,1,1,1,1,True,43689,-0.6909312214007715
43699,2026-04-30 20:15:00,20,-1,MARKDOWN,6,A+,156.764672,157.1560398050898,155.78625248727548,0.39136780508979996,0.09207961017954178,0,1,1,1,1,1,False,-1,
43840,2026-05-01 08:00:00,8,1,MARKUP,3,C,157.120734,156.96397416300096,157.5126335924976,0.1567598369990435,0.056051673998061366,0,1,0,0,0,1,True,43859,-1.0
43852,2026-05-01 09:00:00,9,1,MARKUP,3,C,157.120734,156.966694620567,157.50583244858245,0.1540393794329873,0.05061075886598093,0,1,0,0,0,1,True,43859,-1.0
43864,2026-05-01 10:00:00,10,-1,MARKDOWN,5,A,156.627648,157.42889908298324,154.6245202925419,0.8012510829832422,0.19979816596648178,0,1,0,1,1,1,True,43865,-0.04536904944283739
43876,2026-05-01 11:00:00,11,-1,MARKDOWN,4,B,156.609108,157.39586024580427,154.6422273854893,0.7867522458042799,0.19372049160850469,1,0,0,1,0,1,True,43891,-0.4091402366077218
43947,2026-05-01 16:55:00,16,-1,MARKDOWN,4,B,156.599324,156.81067439587486,156.07094801031286,0.2113503958748595,0.10334879174971826,0,1,1,0,0,1,True,43956,-1.0
43978,2026-05-01 19:30:00,19,1,MARKUP,6,A+,156.559504,156.30006634013662,157.20809814965844,0.2594376598633801,0.08186731972674678,0,1,1,1,1,1,False,-1,
43990,2026-05-01 20:30:00,20,1,MARKUP,6,A+,156.58471600000001,156.30994114745621,157.27165313135953,0.27477485254379985,0.06211770508758817,0,1,1,1,1,1,False,-1,
44128,2026-05-04 08:00:00,8,-1,MARKDOWN,6,A+,156.650552,157.31157394503197,154.9979971374201,0.6610219450319619,0.12714789006393187,1,0,1,1,1,1,True,44129,-0.5785708067248663
44167,2026-05-04 11:15:00,11,1,MARKUP,6,A+,156.28144799999998,155.65458729546106,157.84859976134732,0.6268607045389274,0.05882540907788847,0,1,1,1,1,1,False,-1,
44188,2026-05-04 13:00:00,13,1,MARKUP,4,B,156.741302,156.50272220101766,157.33775149745583,0.23857979898232884,0.0485555979646772,0,1,1,0,0,1,False,-1,
44200,2026-05-04 14:00:00,14,1,MARKUP,6,A+,156.91454000000002,156.70065309991065,157.4492572502234,0.2138869000893635,0.0686938001787287,0,1,1,1,1,1,False,-1,
44212,2026-05-04 15:00:00,15,1,MARKUP,4,B,156.965216,156.79200844965575,157.39823487586062,0.1732075503442445,0.04998310068848949,0,1,0,0,1,1,False,-1,
44224,2026-05-04 16:00:00,16,1,MARKUP,3,C,157.007858,156.85785648504574,157.38286178738565,0.15000151495425484,0.05628702990853117,0,0,0,0,1,1,True,44226,-1.0
44237,2026-05-04 17:05:00,17,1,MARKUP,6,A+,157.014656,156.86859207076782,157.37981582308046,0.14606392923218436,0.056815858464364134,0,1,1,1,1,1,True,44242,-1.0
44251,2026-05-04 18:15:00,18,1,MARKUP,6,A+,157.032578,156.89021779613597,157.38847850966008,0.1423602038640297,0.07156440772802025,0,1,1,1,1,1,False,-1,
44263,2026-05-04 19:15:00,19,1,MARKUP,5,A,157.06924999999998,156.88719053243773,157.52439866890563,0.18205946756225444,0.0776189351245165,0,1,0,1,1,1,False,-1,
44275,2026-05-04 20:15:00,20,1,MARKUP,5,A,157.06924999999998,156.89780711265047,157.49785721837378,0.17144288734951374,0.05638577469902757,0,1,0,1,1,1,True,44295,-1.0
44416,2026-05-05 08:00:00,8,1,MARKUP,4,B,157.21957,157.15768611363967,157.37427971590085,0.06188388636033437,0.02062777272064981,0,1,0,0,1,1,True,44422,-1.0
44428,2026-05-05 09:00:00,9,1,MARKUP,3,C,157.232548,157.1743747306722,157.37798117331948,0.05817326932779565,0.02925053865555321,0,0,0,1,0,1,True,44435,-1.0
44454,2026-05-05 11:10:00,11,1,MARKUP,6,A+,157.163332,157.05549446445644,157.43292583885886,0.10783753554355258,0.043011071087095544,0,1,1,1,1,1,True,44470,2.5
44476,2026-05-05 13:00:00,13,1,MARKUP,4,B,157.38603799999999,157.0253755442976,158.28769413925596,0.3606624557023963,0.10324891140480641,0,1,0,1,0,1,False,-1,
44488,2026-05-05 14:00:00,14,1,MARKUP,5,A,157.38603799999999,157.03498618404524,158.26366753988685,0.3510518159547473,0.08402763190952083,0,1,1,0,1,1,False,-1,
44500,2026-05-05 15:00:00,15,1,MARKUP,6,A+,157.38603799999999,157.04358430179275,158.24217224551808,0.3424536982072368,0.06683139641447562,0,1,1,1,1,1,False,-1,
44512,2026-05-05 16:00:00,16,1,MARKUP,5,A,157.415084,157.093459753162,158.21914461709503,0.32162424683801305,0.06108049367598386,0,1,0,1,1,1,False,-1,
44524,2026-05-05 17:00:00,17,1,MARKUP,5,A,157.39713,157.0961792944966,158.1495067637585,0.3009507055033964,0.05564141100677958,0,1,0,1,1,1,False,-1,
44552,2026-05-05 19:20:00,19,1,MARKUP,6,A+,157.696242,157.58648811415677,157.97062671460813,0.10975388584324719,0.04302377168650211,0,1,1,1,1,1,False,-1,
44564,2026-05-05 20:20:00,20,1,MARKUP,6,A+,157.714196,157.59066691333112,158.02301871667214,0.1235290866688672,0.034666173337760994,0,1,1,1,1,1,False,-1,
44704,2026-05-06 08:00:00,8,-1,MARKDOWN,5,A,156.799862,158.03531224610956,153.71123638472608,1.2354502461095649,0.28662449221912795,0,1,0,1,1,1,False,-1,
44716,2026-05-06 09:00:00,9,-1,MARKDOWN,3,C,156.799862,157.98072471172404,153.84770522068987,1.1808627117240462,0.17744942344808348,0,0,0,1,0,1,False,-1,
44728,2026-05-06 10:00:00,10,-1,MARKDOWN,2,C,156.799862,157.94837594351856,153.92857714120356,1.1485139435185658,0.11275188703712473,0,0,0,0,0,1,False,-1,
44740,2026-05-06 11:00:00,11,-1,MARKDOWN,3,C,156.799862,157.97181337526885,153.86998356182784,1.1719513752688613,0.1596267505376905,0,0,0,1,0,1,False,-1,
44764,2026-05-06 13:00:00,13,-1,MARKDOWN,6,A+,156.24564800000002,156.61889576447277,155.31252858881814,0.373247764472751,0.10779152894556715,0,1,1,1,1,1,False,-1,
44777,2026-05-06 14:05:00,14,-1,MARKDOWN,5,A,156.202864,156.61789427092674,155.16528832268318,0.41503027092673506,0.1057885418535135,0,1,0,1,1,1,True,44789,-0.45330669394280726
44850,2026-05-06 20:10:00,20,1,MARKUP,6,A+,156.216316,156.0211023109176,156.704350222706,0.19521368908240788,0.05579537816484313,0,1,1,1,1,1,False,-1,
44996,2026-05-07 08:20:00,8,1,MARKUP,4,B,156.202686,156.0002761454869,156.70871063628272,0.20240985451309257,0.04344770902617352,0,0,1,0,1,1,True,45012,0.8809551315025838
45008,2026-05-07 09:20:00,9,1,MARKUP,4,B,156.179384,156.00148414243665,156.62413364390835,0.1778998575633466,0.04103171512669847,0,1,0,0,1,1,True,45012,1.133311756184009
45020,2026-05-07 10:20:00,10,-1,MARKDOWN,4,B,156.276234,156.47345363000412,155.78318492498965,0.19721963000412757,0.07890726000824476,0,1,0,1,0,1,True,45028,-1.0
45032,2026-05-07 11:20:00,11,-1,MARKDOWN,6,A+,156.276234,156.4639269316167,155.80700167095821,0.1876929316167093,0.05985386323341496,1,0,1,1,1,1,True,45033,-1.0
45052,2026-05-07 13:00:00,13,1,MARKUP,4,B,156.173418,155.99743136647135,156.61338458382164,0.17598663352865174,0.04713726705725243,0,1,0,1,0,1,False,-1,
45064,2026-05-07 14:00:00,14,1,MARKUP,6,A+,156.173418,156.00049113533737,156.60573516165658,0.17292686466262808,0.0410177293252472,0,1,1,1,1,1,False,-1,
45076,2026-05-07 15:00:00,15,1,MARKUP,5,A,156.19289999999998,156.0005659347645,156.67373516308868,0.19233406523548524,0.040868130471001164,0,1,0,1,1,1,False,-1,
45097,2026-05-07 16:45:00,16,1,MARKUP,6,A+,156.329478,156.21555229027564,156.61429227431088,0.11392570972435578,0.05289541944867543,0,1,1,1,1,1,True,45110,-1.0
45115,2026-05-07 18:15:00,18,1,MARKUP,5,A,156.283746,156.14169905417253,156.6388633645687,0.1420469458274738,0.0526018916549292,0,1,1,0,1,1,False,-1,
45127,2026-05-07 19:15:00,19,1,MARKUP,6,A+,156.34295600000002,156.1419864808401,156.8453797978998,0.20096951915991212,0.05202703831979264,0,1,1,1,1,1,False,-1,
45139,2026-05-07 20:15:00,20,1,MARKUP,6,A+,156.375426,156.14532998096158,156.9506660475961,0.23009601903842736,0.04534003807687538,0,1,1,1,1,1,False,-1,
45310,2026-05-08 10:30:00,10,-1,MARKDOWN,5,A,156.865792,156.9802354148037,156.57968346299074,0.11444341480370213,0.04247082960738247,0,0,1,1,1,1,False,-1,
45322,2026-05-08 11:30:00,11,-1,MARKDOWN,6,A+,156.81634200000002,156.91976257912077,156.55779055219813,0.1034205791207512,0.03952515824153319,0,1,1,1,1,1,False,-1,
45340,2026-05-08 13:00:00,13,-1,MARKDOWN,5,A,156.787208,156.9031265457054,156.4974116357365,0.11591854570539795,0.036253091410810706,0,1,0,1,1,1,False,-1,
45370,2026-05-08 15:30:00,15,-1,MARKDOWN,5,A,156.728738,156.88322200804598,156.34252797988503,0.1544840080459835,0.04844401609194412,0,1,1,0,1,1,False,-1,
45382,2026-05-08 16:30:00,16,-1,MARKDOWN,6,A+,156.68166,156.85705097979215,156.2431825505196,0.17539097979215512,0.06810195958427535,0,1,1,1,1,1,False,-1,
45394,2026-05-08 17:30:00,17,-1,MARKDOWN,5,A,156.67440200000001,156.8515260256352,156.23159193591206,0.17712402563518026,0.05705205127039759,0,1,1,1,0,1,False,-1,
45406,2026-05-08 18:30:00,18,-1,MARKDOWN,3,C,156.67440200000001,156.84969647219808,156.23616581950486,0.17529447219806116,0.05339294439613506,0,0,1,0,0,1,True,45419,-1.0
45568,2026-05-11 08:00:00,8,1,MARKUP,4,B,156.962498,156.81883455473127,157.32165661317185,0.14366344526874286,0.02833089053745506,0,0,0,1,1,1,False,-1,
45580,2026-05-11 09:00:00,9,1,MARKUP,4,B,157.018736,156.91096949574106,157.28815226064734,0.10776650425893308,0.02606100851789023,0,1,0,0,1,1,True,45587,0.15091887884688945
45601,2026-05-11 10:45:00,10,1,MARKUP,4,B,157.058906,156.97227832153473,157.2754751961632,0.08662767846527686,0.03344335693055896,0,1,1,0,0,1,True,45607,-1.0
45615,2026-05-11 11:55:00,11,1,MARKUP,6,A+,157.03074800000002,156.92983527566238,157.28302981084408,0.10091272433763265,0.038329448675231664,0,1,1,1,1,1,False,-1,
45628,2026-05-11 13:00:00,13,1,MARKUP,6,A+,157.029984,156.93423312231715,157.26936119420716,0.09575087768286039,0.029533755365694237,0,1,1,1,1,1,False,-1,
45640,2026-05-11 14:00:00,14,1,MARKUP,6,A+,157.029984,156.93448912931876,157.26872117670314,0.09549487068125018,0.02902174136247478,0,1,1,1,1,1,False,-1,
45652,2026-05-11 15:00:00,15,1,MARKUP,6,A+,157.029984,156.93560876487052,157.26592208782375,0.09437523512949042,0.02678247025897231,0,1,1,1,1,1,True,45672,2.5
45664,2026-05-11 16:00:00,16,1,MARKUP,4,B,157.029984,156.9341576501559,157.2695498746103,0.09582634984411698,0.02968469968820909,0,1,0,0,1,1,True,45672,2.5
45686,2026-05-11 17:50:00,17,-1,MARKDOWN,6,A+,157.098734,157.1789781521572,156.898123619607,0.08024415215720637,0.03595630431440583,0,1,1,1,1,1,True,45705,-1.0
45698,2026-05-11 18:50:00,18,-1,MARKDOWN,6,A+,157.08220599999999,157.1639964348803,156.87772991279923,0.08179043488030402,0.03599286976058077,0,1,1,1,1,1,True,45703,-1.0
45710,2026-05-11 19:50:00,19,1,MARKUP,6,A+,157.045086,156.96446781491997,157.24663146270007,0.08061818508002716,0.029064370160104307,0,1,1,1,1,1,False,-1,
45722,2026-05-11 20:50:00,20,1,MARKUP,3,C,157.06762400000002,156.96538410661668,157.32322373345838,0.1022398933833415,0.027231786766672327,0,0,0,1,0,1,False,-1,
45856,2026-05-12 08:00:00,8,1,MARKUP,6,A+,157.4058,157.2385025479137,157.82404363021575,0.1672974520863022,0.028994904172576955,0,1,1,1,1,1,True,45867,-1.0
45893,2026-05-12 11:05:00,11,1,MARKUP,6,A+,157.125438,156.70234764276972,158.1831638930757,0.4230903572302793,0.07530471446059947,0,1,1,1,1,1,False,-1,
45916,2026-05-12 13:00:00,13,1,MARKUP,5,A,157.125438,156.7151354649072,158.151194337732,0.41030253509279646,0.04972907018560721,0,1,1,0,1,1,False,-1,
45928,2026-05-12 14:00:00,14,1,MARKUP,5,A,157.419654,157.2469692109496,157.851365972626,0.17268478905040752,0.04206157810079625,0,1,1,0,1,1,False,-1,
45942,2026-05-12 15:10:00,15,1,MARKUP,5,A,157.494432,157.36949945181527,157.8067633704618,0.12493254818471655,0.039001096369489355,0,1,1,1,0,1,True,45952,0.8449999742574668
45954,2026-05-12 16:10:00,16,1,MARKUP,5,A,157.552524,157.45768782535123,157.78961443662195,0.09483617464877625,0.05062434929754295,0,1,1,1,0,1,True,45955,0.532244158802694
45966,2026-05-12 17:10:00,17,1,MARKUP,4,B,157.553288,157.4601264947985,157.7861917630038,0.09316150520152178,0.045747010403006515,0,1,0,0,1,1,False,-1,
45978,2026-05-12 18:10:00,18,1,MARKUP,5,A,157.566658,157.4593085754217,157.83503156144576,0.10734942457830243,0.04738284915664899,0,1,1,0,1,1,False,-1,
45990,2026-05-12 19:10:00,19,1,MARKUP,5,A,157.585758,157.46472828292755,157.88833229268113,0.12102971707244592,0.03654343414489506,0,1,0,1,1,1,False,-1,
46002,2026-05-12 20:10:00,20,1,MARKUP,6,A+,157.590724,157.46676215356948,157.9006286160763,0.12396184643051811,0.032475692861036895,0,1,1,1,1,1,True,46023,0.5346483769678648
46144,2026-05-13 08:00:00,8,1,MARKUP,5,A,157.647894,157.55250338807343,157.88637052981645,0.09539061192657527,0.02499322385311833,0,1,0,1,1,1,False,-1,
46156,2026-05-13 09:00:00,9,1,MARKUP,3,C,157.647894,157.55251417677684,157.88634355805794,0.09537982322316907,0.024971646446329366,0,0,0,1,0,1,False,-1,
46168,2026-05-13 10:00:00,10,1,MARKUP,4,B,157.682558,157.60319942297065,157.8809544425734,0.07935857702935323,0.02960115405866918,0,0,0,1,1,1,True,46172,2.5
46180,2026-05-13 11:00:00,11,1,MARKUP,5,A,157.711658,157.60972682894683,157.9664859276329,0.10193117105316674,0.03654634210630888,0,1,0,1,1,1,False,-1,
46204,2026-05-13 13:00:00,13,1,MARKUP,3,C,157.76165799999998,157.66084708471072,158.01368528822314,0.10081091528925867,0.03430583057856994,0,0,0,0,1,1,True,46222,1.0350268093553217
46216,2026-05-13 14:00:00,14,1,MARKUP,4,B,157.76165799999998,157.66273259170393,158.00897152074012,0.09892540829605423,0.030534816592118607,0,0,0,1,1,1,True,46222,1.0547543022290748
46234,2026-05-13 15:30:00,15,1,MARKUP,5,A,157.777108,157.68690016644612,158.0026275838847,0.09020783355387607,0.03219966710776112,0,1,1,1,0,1,True,46248,-1.0
46255,2026-05-13 17:15:00,17,1,MARKUP,5,A,157.802446,157.7262686243377,157.99288943915576,0.07617737566229721,0.03546275132458943,0,1,1,0,1,1,True,46271,-1.0
46267,2026-05-13 18:15:00,18,1,MARKUP,6,A+,157.802446,157.7273236610976,157.990251847256,0.07512233890238917,0.033352677804761324,0,1,1,1,1,1,True,46271,-1.0
46279,2026-05-13 19:15:00,19,1,MARKUP,6,A+,157.802446,157.7274342416235,157.98997539594123,0.07501175837649043,0.033131516752998566,0,1,1,1,1,1,True,46280,-1.0
46292,2026-05-13 20:20:00,20,1,MARKUP,4,B,157.803682,157.7311439345576,157.98502716360605,0.0725380654424157,0.029712130884857097,0,1,0,1,0,1,False,-1,
46447,2026-05-14 09:15:00,9,1,MARKUP,6,A+,157.703922,157.5061256668452,158.19841283288702,0.19779633315479828,0.03574866630959473,0,1,1,1,1,1,False,-1,
46459,2026-05-14 10:15:00,10,1,MARKUP,6,A+,157.703922,157.50571660834797,158.1994354791301,0.19820539165203854,0.03656678330406788,0,1,1,1,1,1,False,-1,
46471,2026-05-14 11:15:00,11,1,MARKUP,5,A,157.696664,157.50555545905192,158.1744353523702,0.19110854094807905,0.03688908189615208,0,1,0,1,1,1,False,-1,
46492,2026-05-14 13:00:00,13,1,MARKUP,5,A,157.862862,157.79570884754568,158.03074488113583,0.06715315245432407,0.026582304908639887,0,1,1,1,0,1,False,-1,
46504,2026-05-14 14:00:00,14,1,MARKUP,5,A,157.86477200000002,157.79576181770574,158.0372974557357,0.06901018229427791,0.026476364588521286,0,1,1,1,0,1,False,-1,
46516,2026-05-14 15:00:00,15,1,MARKUP,5,A,157.886704,157.8082630203009,158.08280644924778,0.0784409796991099,0.025473959398206573,0,1,0,1,1,1,True,46521,2.5
46528,2026-05-14 16:00:00,16,1,MARKUP,5,A,157.90709800000002,157.84034366435887,158.07398383910288,0.06675433564114996,0.027312671282293203,0,1,1,0,1,1,True,46536,-1.0
46550,2026-05-14 17:50:00,17,1,MARKUP,5,A,157.61750800000002,157.23287910251514,158.5790802437122,0.3846288974848733,0.08624179496972394,0,1,1,0,1,1,False,-1,
46562,2026-05-14 18:50:00,18,1,MARKUP,5,A,157.62744,157.24461544364323,158.58450139089194,0.3828245563567805,0.06276911271354124,0,1,0,1,1,1,False,-1,
46574,2026-05-14 19:50:00,19,1,MARKUP,4,B,157.63049600000002,157.2537661382828,158.5723206542931,0.376729861717223,0.044467723434429424,0,1,0,0,1,1,False,-1,
46586,2026-05-14 20:50:00,20,1,MARKUP,6,A+,157.63049600000002,157.25979336745843,158.55725258135402,0.37070263254159386,0.03241326508316668,0,1,1,1,1,1,False,-1,
46720,2026-05-15 08:00:00,8,1,MARKUP,5,A,158.426466,158.3144234658211,158.70657233544725,0.11204253417889731,0.02315306835775178,0,1,1,0,1,1,False,-1,
46732,2026-05-15 09:00:00,9,1,MARKUP,6,A+,158.519972,158.40915905643922,158.79700435890192,0.11081294356077365,0.03368188712151489,0,1,1,1,1,1,True,46738,-1.0
46767,2026-05-15 11:55:00,11,1,MARKUP,5,A,158.475004,158.3291288615311,158.8396918461723,0.14587513846890943,0.04574227693778142,0,1,1,1,0,1,True,46774,-1.0
46797,2026-05-15 14:25:00,14,1,MARKUP,5,A,158.413038,158.27052053041902,158.76933167395245,0.1425174695809801,0.04895893916196217,0,1,1,0,1,1,False,-1,
46809,2026-05-15 15:25:00,15,1,MARKUP,4,B,158.412656,158.27534155206342,158.75594211984145,0.13731444793657488,0.039316895873125375,0,1,0,0,1,1,False,-1,
46821,2026-05-15 16:25:00,16,1,MARKUP,5,A,158.412656,158.27866327673232,158.7476378081692,0.1339927232676814,0.0326734465353279,0,1,1,0,1,1,False,-1,
46833,2026-05-15 17:25:00,17,1,MARKUP,6,A+,158.46689999999998,158.27220167639905,158.9536458090023,0.19469832360093164,0.04559664720190259,0,1,1,1,1,1,False,-1,
46845,2026-05-15 18:25:00,18,1,MARKUP,6,A+,158.46689999999998,158.27120587063638,158.956135323409,0.1956941293636021,0.04758825872723619,0,1,1,1,1,1,False,-1,
46857,2026-05-15 19:25:00,19,1,MARKUP,5,A,158.59768,158.487278123147,158.87368469213249,0.11040187685298974,0.037443753706002426,0,1,1,0,1,1,False,-1,
46869,2026-05-15 20:25:00,20,1,MARKUP,4,B,158.611894,158.51312649575064,158.85881276062344,0.09876750424936631,0.031747008498739286,0,0,1,0,1,1,False,-1,
47008,2026-05-18 08:00:00,8,1,MARKUP,6,A+,158.909612,158.78863872631527,159.21204518421186,0.12097327368473998,0.03872254736944389,0,1,1,1,1,1,True,47015,-1.0
47077,2026-05-18 13:45:00,13,1,MARKUP,4,B,158.864726,158.7775318450411,159.08271138739724,0.08719415495889393,0.026936309917805046,0,1,0,1,0,1,True,47087,-1.0
47092,2026-05-18 15:00:00,15,-1,MARKDOWN,6,A+,158.87054600000002,159.00867954961345,158.52521212596645,0.13813354961342839,0.049359099226848835,0,1,1,1,1,1,False,-1,
47104,2026-05-18 16:00:00,16,-1,MARKDOWN,5,A,158.82621,158.98603101071885,158.4266574732029,0.15982101071884358,0.05606202143772011,0,1,0,1,1,1,True,47116,-1.0
47116,2026-05-18 17:00:00,17,-1,MARKDOWN,5,A,158.82621,158.98889542831174,158.41949642922066,0.1626854283117325,0.06179085662347756,1,0,0,1,1,1,True,47117,-1.0
47150,2026-05-18 19:50:00,19,1,MARKUP,6,A+,158.739824,158.58992992691316,159.1145591827171,0.14989407308684122,0.046140146173711254,0,1,1,1,1,1,False,-1,
47162,2026-05-18 20:50:00,20,1,MARKUP,6,A+,158.76265600000002,158.6275798768265,159.10034630793382,0.13507612317351914,0.034840246347005166,0,1,1,1,1,1,False,-1,
47296,2026-05-19 08:00:00,8,1,MARKUP,6,A+,158.936536,158.8689317262644,159.10554668433895,0.06760427373558286,0.0221365474711872,0,1,1,1,1,1,False,-1,
47308,2026-05-19 09:00:00,9,1,MARKUP,6,A+,158.95112,158.87699335467946,159.13643661330138,0.07412664532054691,0.026013290641078896,0,1,1,1,1,1,False,-1,
47320,2026-05-19 10:00:00,10,1,MARKUP,5,A,159.000984,158.9030085690369,159.24592257740773,0.09797543096308914,0.033982861926172024,0,1,1,0,1,1,False,-1,
47332,2026-05-19 11:00:00,11,1,MARKUP,4,B,159.00594999999998,158.90070841673568,159.26905395816073,0.10524158326430211,0.03858316652860172,1,0,0,0,1,1,False,-1,
47356,2026-05-19 13:00:00,13,1,MARKUP,5,A,159.036186,158.93445865652626,159.2905043586843,0.10172734347372625,0.03308268694748206,0,1,0,1,1,1,False,-1,
47368,2026-05-19 14:00:00,14,1,MARKUP,5,A,159.06985,158.98550787247592,159.2807053188102,0.08434212752408143,0.03498425504813707,0,1,0,1,1,1,True,47388,-1.0
47380,2026-05-19 15:00:00,15,1,MARKUP,5,A,159.06985,158.9885079425623,159.27320514359423,0.08134205743769485,0.028984114875360466,0,0,1,1,1,1,True,47388,-1.0
47393,2026-05-19 16:05:00,16,1,MARKUP,5,A,158.856022,158.62461799146408,159.4345320213398,0.23140400853591814,0.06476401707187154,0,1,1,0,1,1,False,-1,
47406,2026-05-19 17:10:00,17,1,MARKUP,4,B,158.862516,158.62305558948609,159.46116702628478,0.23946041051391376,0.06788882102782548,0,1,1,0,0,1,True,47430,0.9374576762739916
47418,2026-05-19 18:10:00,18,1,MARKUP,5,A,158.88390800000002,158.62226649773407,159.53801175566488,0.2616415022659453,0.06946700453187579,0,1,1,0,1,1,True,47430,0.776222419765565
47434,2026-05-19 19:30:00,19,-1,MARKDOWN,6,A+,159.024092,159.29218385345683,158.3538623663579,0.2680918534568377,0.08236770691365575,0,1,1,1,1,1,True,47458,0.19803660318436375
47446,2026-05-19 20:30:00,20,-1,MARKDOWN,4,B,159.024092,159.2804047638106,158.38331009047351,0.2563127638105982,0.05880952762118308,0,1,0,0,1,1,True,47458,0.20713755807816342
47587,2026-05-20 08:15:00,8,-1,MARKDOWN,3,C,158.987478,159.10662496824528,158.68961057938682,0.11914696824527482,0.031249936490550977,0,0,1,0,0,1,True,47595,-0.9779686526318677
47601,2026-05-20 09:25:00,9,-1,MARKDOWN,6,A+,158.987478,159.10733323813523,158.68783990466198,0.11985523813521581,0.03266647627045306,0,1,1,1,1,1,True,47605,-1.0
47622,2026-05-20 11:10:00,11,1,MARKUP,6,A+,158.925814,158.80294960148493,159.23297499628768,0.1228643985150768,0.03410079703015036,0,1,1,1,1,1,False,-1,
47644,2026-05-20 13:00:00,13,1,MARKUP,5,A,158.96024200000002,158.85708652074374,159.21813069814073,0.10315547925628721,0.029826958512574546,0,1,1,0,1,1,True,47653,-1.0
47657,2026-05-20 14:05:00,14,1,MARKUP,5,A,158.96024200000002,158.8571589983841,159.2179495040398,0.10308300161591433,0.02968200323178615,0,1,1,1,0,1,False,-1,
47679,2026-05-20 15:55:00,15,1,MARKUP,7,A+,159.012772,158.943666402293,159.18553599426758,0.06910559770702207,0.026667195414020583,1,1,1,1,1,1,True,47680,-1.0
47691,2026-05-20 16:55:00,16,1,MARKUP,4,B,159.016974,158.94235282555863,159.20352693610346,0.07462117444137562,0.029294348882749958,0,1,1,0,0,1,True,47695,-1.0
47703,2026-05-20 17:55:00,17,-1,MARKDOWN,5,A,159.024132,159.1992228283388,158.58640492915302,0.17509082833879575,0.06444565667759468,0,1,0,1,1,1,False,-1,
47715,2026-05-20 18:55:00,18,-1,MARKDOWN,4,B,158.94735,159.20780715801274,158.29620710496815,0.2604571580127413,0.08161431602548344,0,1,0,1,0,1,False,-1,
47727,2026-05-20 19:55:00,19,-1,MARKDOWN,3,C,158.94735,159.1979646283171,158.32081342920725,0.2506146283170949,0.06192925663416307,0,0,0,1,0,1,True,47740,0.33657253196439574
47872,2026-05-21 08:00:00,8,1,MARKUP,5,A,158.884108,158.79891296803586,159.09709557991033,0.08519503196413325,0.022174063928287014,0,1,0,1,1,1,False,-1,
47884,2026-05-21 09:00:00,9,1,MARKUP,6,A+,158.902062,158.79767254922348,159.1630356269413,0.10438945077652306,0.024654901553050834,0,1,1,1,1,1,False,-1,
47896,2026-05-21 10:00:00,10,1,MARKUP,6,A+,158.94077000000001,158.83784767469848,159.19807581325387,0.10292232530153456,0.02630465060303673,0,1,1,1,1,1,True,47910,2.5
47937,2026-05-21 13:25:00,13,1,MARKUP,6,A+,158.97267,158.88605821270306,159.18919946824232,0.0866117872969312,0.03188357459385452,0,1,1,1,1,1,False,-1,
47949,2026-05-21 14:25:00,14,1,MARKUP,4,B,158.992152,158.88501184247178,159.26000239382057,0.10714015752822093,0.03397631505641551,0,1,0,1,0,1,False,-1,
47961,2026-05-21 15:25:00,15,1,MARKUP,5,A,159.01086999999998,158.88642325334047,159.32198686664879,0.12444674665951538,0.031153493319060428,0,1,1,0,1,1,False,-1,
47973,2026-05-21 16:25:00,16,1,MARKUP,4,B,159.050812,158.89062140275237,159.45128849311908,0.16019059724763451,0.04075719449528231,0,1,0,0,1,1,False,-1,
47985,2026-05-21 17:25:00,17,1,MARKUP,4,B,159.07717,158.88518881294448,159.5571229676388,0.19198118705551792,0.05162237411102724,0,0,0,1,1,1,False,-1,
47997,2026-05-21 18:25:00,18,1,MARKUP,5,A,159.158128,159.01634118200914,159.51259504497716,0.14178681799086235,0.05131763598173955,1,0,1,0,1,1,True,48004,-1.0
48026,2026-05-21 20:50:00,20,-1,MARKDOWN,6,A+,159.145068,159.37340414545253,158.57422763636873,0.22833614545251635,0.05480829090506537,0,1,1,1,1,1,False,-1,
48160,2026-05-22 08:00:00,8,1,MARKUP,6,A+,159.04913200000001,158.9932048724348,159.18894981891304,0.05592712756521223,0.015590255130403142,0,1,1,1,1,1,False,-1,
48172,2026-05-22 09:00:00,9,1,MARKUP,6,A+,159.054098,158.99147167166845,159.21066382082893,0.0626263283315609,0.019056656663126125,0,1,1,1,1,1,False,-1,
48184,2026-05-22 10:00:00,10,1,MARKUP,4,B,159.054098,158.99009211814032,159.2141127046492,0.06400588185968559,0.02181576371933166,0,1,0,0,1,1,True,48200,-1.0
48196,2026-05-22 11:00:00,11,1,MARKUP,4,B,159.063278,159.0032818631382,159.2132683421545,0.05999613686179828,0.02143627372364656,0,1,0,0,1,1,True,48200,-1.0
48225,2026-05-22 13:25:00,13,1,MARKUP,6,A+,159.0852,159.035842882593,159.20859279351748,0.04935711740699844,0.022314234814019698,0,1,1,1,1,1,True,48246,-1.0
48237,2026-05-22 14:25:00,14,1,MARKUP,4,B,159.0852,159.03835932296474,159.2023016925881,0.046840677035248746,0.01728135407049734,0,1,0,0,1,1,True,48246,-1.0
48249,2026-05-22 15:25:00,15,1,MARKUP,4,B,159.086346,159.03453111602215,159.2158832099446,0.05181488397784051,0.024937767955717928,0,1,1,0,0,1,True,48255,-1.0
48265,2026-05-22 16:45:00,16,1,MARKUP,5,A,159.05112,158.97084978097337,159.2517955475666,0.08027021902663023,0.038300438053261145,0,1,1,0,1,1,True,48267,-1.0
48277,2026-05-22 17:45:00,17,1,MARKUP,4,B,159.061434,158.97042618290388,159.28895354274027,0.09100781709611283,0.03914763419227309,0,1,0,0,1,1,False,-1,
48289,2026-05-22 18:45:00,18,1,MARKUP,6,A+,159.075568,158.9717926162914,159.33500645927154,0.10377538370860862,0.03641476741723876,0,1,1,1,1,1,True,48310,-1.0
48301,2026-05-22 19:45:00,19,1,MARKUP,5,A,159.083208,158.97451341743573,159.35494445641072,0.10869458256428288,0.030973165128533747,0,1,0,1,1,1,True,48310,-1.0
48313,2026-05-22 20:45:00,20,1,MARKUP,4,B,159.083208,158.97324135342473,159.35812461643823,0.10996664657528754,0.03351729315054253,0,0,1,0,1,1,False,-1,
48478,2026-05-25 10:30:00,10,1,MARKUP,5,A,158.912456,158.81916922509626,159.14567293725932,0.09328677490373138,0.027661549807486235,0,1,0,1,1,1,True,48491,0.0487100128040563
48490,2026-05-25 11:30:00,11,1,MARKUP,5,A,158.919872,158.83291241531816,159.1372709617046,0.08695958468183562,0.024175169363675773,1,0,0,1,1,1,True,48491,-0.033026836667911834
48520,2026-05-25 14:00:00,14,1,MARKUP,6,A+,158.947682,158.88157011076459,159.1129617230885,0.06611188923540112,0.01685977847079739,1,1,1,0,1,1,True,48521,-1.0
48537,2026-05-25 15:25:00,15,-1,MARKDOWN,3,C,158.975048,159.03697939627028,158.82021950932426,0.06193139627029609,0.0199587925405739,0,1,0,0,0,1,False,-1,
48549,2026-05-25 16:25:00,16,-1,MARKDOWN,3,C,158.930058,158.9695217912605,158.83139852184877,0.039463791260487824,0.017043582520945087,0,0,0,0,1,1,True,48568,2.5
48561,2026-05-25 17:25:00,17,-1,MARKDOWN,3,C,158.930058,158.96818578188166,158.83473854529586,0.038127781881655665,0.014371563763290277,0,0,1,0,0,1,True,48568,2.5
48574,2026-05-25 18:30:00,18,-1,MARKDOWN,4,B,158.930058,158.97092505956678,158.82789035108306,0.04086705956677861,0.019850119133513748,0,1,1,0,0,1,False,-1,
48589,2026-05-25 19:45:00,19,-1,MARKDOWN,4,B,158.922642,158.9570822507755,158.83654137306124,0.0344402507755035,0.01616450155099105,0,1,1,0,0,1,False,-1,
48601,2026-05-25 20:45:00,20,-1,MARKDOWN,2,C,158.924552,158.95598288626002,158.84597478434998,0.03143088626001145,0.013965772519986893,0,0,0,0,0,1,False,-1,
48736,2026-05-26 08:00:00,8,1,MARKUP,5,A,158.950492,158.90057497537165,159.07528456157087,0.04991702462834269,0.018850049256706896,0,1,1,0,1,1,False,-1,
48748,2026-05-26 09:00:00,9,1,MARKUP,6,A+,158.962334,158.90131879721343,159.1148720069664,0.061015202786563805,0.017362405573127515,0,1,1,1,1,1,False,-1,
48760,2026-05-26 10:00:00,10,1,MARKUP,6,A+,159.006264,158.89637907816922,159.2809763045769,0.10988492183076914,0.02724184366155729,0,1,1,1,1,1,False,-1,
48772,2026-05-26 11:00:00,11,1,MARKUP,6,A+,159.027274,158.89683906953132,159.3533613261717,0.13043493046868093,0.026321860937323516,0,1,1,1,1,1,False,-1,
48796,2026-05-26 13:00:00,13,1,MARKUP,4,B,159.080792,158.97300579749086,159.35025750627287,0.10778620250914628,0.019988405018287785,0,0,1,0,1,1,False,-1,
48816,2026-05-26 14:40:00,14,1,MARKUP,6,A+,159.13703,159.06443549192264,159.31851627019344,0.07259450807737267,0.019129016154765782,0,1,1,1,1,1,False,-1,
48828,2026-05-26 15:40:00,15,1,MARKUP,6,A+,159.158042,159.09864853468378,159.30652566329053,0.05939346531621936,0.018702930632475873,0,1,1,1,1,1,False,-1,
48840,2026-05-26 16:40:00,16,1,MARKUP,5,A,159.175996,159.0972446538881,159.3728743652797,0.07875134611188628,0.021510692223785575,0,1,0,1,1,1,False,-1,
48852,2026-05-26 17:40:00,17,1,MARKUP,6,A+,159.181726,159.09566343022917,159.39688242442708,0.08606256977083149,0.024673139541676017,0,1,1,1,1,1,False,-1,
48864,2026-05-26 18:40:00,18,1,MARKUP,6,A+,159.226972,159.11945692388707,159.49575969028228,0.107515076112918,0.027086152225895357,0,1,1,1,1,1,False,-1,
48876,2026-05-26 19:40:00,19,1,MARKUP,6,A+,159.260344,159.1742335083037,159.47562022924075,0.08611049169630292,0.02553298339264714,0,1,1,1,1,1,False,-1,
48888,2026-05-26 20:40:00,20,1,MARKUP,6,A+,159.266524,159.1865464072473,159.46646798188175,0.079977592752698,0.02090718550537516,0,1,1,1,1,1,False,-1,
49024,2026-05-27 08:00:00,8,-1,MARKDOWN,3,C,159.259576,159.31924592730493,159.1104011817377,0.05966992730492393,0.01849185460986863,0,0,0,0,1,1,True,49026,-1.0
49036,2026-05-27 09:00:00,9,1,MARKUP,6,A+,159.260816,159.1787497595278,159.46598160118054,0.08206624047221567,0.020500480944395133,0,1,1,1,1,1,False,-1,
49048,2026-05-27 10:00:00,10,1,MARKUP,5,A,159.260816,159.17642249646653,159.4717997588337,0.08439350353347663,0.02515500706693091,0,1,0,1,1,1,False,-1,
49060,2026-05-27 11:00:00,11,1,MARKUP,4,B,159.260816,159.17580565845032,159.47334185387422,0.08501034154969034,0.026388683099355034,0,0,0,1,1,1,False,-1,
49084,2026-05-27 13:00:00,13,1,MARKUP,5,A,159.317928,159.22810431191485,159.54248722021288,0.08982368808514707,0.02379137617034668,0,0,1,1,1,1,False,-1,
49096,2026-05-27 14:00:00,14,1,MARKUP,5,A,159.353772,159.28837775874888,159.51725760312777,0.06539424125111282,0.019244482502272543,0,1,0,1,1,1,True,49111,-1.0
49108,2026-05-27 15:00:00,15,1,MARKUP,5,A,159.36000800000002,159.29516873446647,159.52210616383388,0.0648392655335499,0.019662531067043888,0,1,0,1,1,1,True,49111,-1.0
49120,2026-05-27 16:00:00,16,1,MARKUP,6,A+,159.32354600000002,159.22587237567947,159.5677300608014,0.09767362432054938,0.04025524864106809,0,1,1,1,1,1,False,-1,
49133,2026-05-27 17:05:00,17,1,MARKUP,5,A,159.32354600000002,159.23104905912956,159.55478835217616,0.09249694087046123,0.029901881740898556,0,1,1,1,0,1,False,-1,
49145,2026-05-27 18:05:00,18,1,MARKUP,4,B,159.35678000000001,159.22778783765972,159.67926040585075,0.1289921623402961,0.03642432468059932,0,1,0,0,1,1,False,-1,
49157,2026-05-27 19:05:00,19,1,MARKUP,5,A,159.35678000000001,159.2291858489692,159.67576537757708,0.12759415103082006,0.0336283020616177,0,1,1,0,1,1,False,-1,
49169,2026-05-27 20:05:00,20,1,MARKUP,6,A+,159.360218,159.233846288459,159.6761472788525,0.12637171154099747,0.024307423082009318,0,1,1,1,1,1,False,-1,
49312,2026-05-28 08:00:00,8,1,MARKUP,5,A,159.57366,159.5127677587342,159.72589060316443,0.06089224126577619,0.02246448253158198,1,0,0,1,1,1,True,49313,-1.0
49336,2026-05-28 10:00:00,10,-1,MARKDOWN,5,A,159.572634,159.6657143151767,159.3399332120582,0.09308031517670656,0.023428630353426155,0,1,1,0,1,1,False,-1,
49348,2026-05-28 11:00:00,11,-1,MARKDOWN,5,A,159.572634,159.6664424743411,159.33811281414722,0.09380847434110251,0.024884948682224742,0,1,1,0,1,1,False,-1,
49372,2026-05-28 13:00:00,13,-1,MARKDOWN,5,A,159.502982,159.59086948451753,159.2832632887062,0.08788748451752326,0.023738969035045198,0,1,0,1,1,1,False,-1,
49384,2026-05-28 14:00:00,14,-1,MARKDOWN,5,A,159.482824,159.5614771307151,159.28619117321222,0.07865313071511082,0.028954261430234825,0,1,1,0,1,1,False,-1,
49398,2026-05-28 15:10:00,15,-1,MARKDOWN,5,A,159.470464,159.53923018135185,159.29854854662034,0.06876618135186163,0.024460362703730535,0,1,1,0,1,1,True,49420,2.5
49410,2026-05-28 16:10:00,16,-1,MARKDOWN,4,B,159.446016,159.54331921127616,159.20275797180955,0.09730321127617003,0.0326384225523539,0,1,0,1,0,1,True,49419,2.5
49422,2026-05-28 17:10:00,17,-1,MARKDOWN,4,B,159.37510799999998,159.51634733900707,159.02200965248227,0.14123933900708607,0.048694678014148146,0,1,1,0,0,1,False,-1,
49434,2026-05-28 18:10:00,18,-1,MARKDOWN,6,A+,159.37472599999998,159.52056303571695,159.01013341070757,0.1458370357169656,0.05712607143391803,0,1,1,1,1,1,False,-1,
49446,2026-05-28 19:10:00,19,-1,MARKDOWN,5,A,159.37396199999998,159.5131853805801,159.02590354854968,0.13922338058011974,0.04237076116022092,0,1,1,0,1,1,False,-1,
49458,2026-05-28 20:10:00,20,-1,MARKDOWN,5,A,159.34645799999998,159.51226224675477,158.93194738311303,0.16580424675478866,0.04052449350954062,0,1,0,1,1,1,False,-1,
49600,2026-05-29 08:00:00,8,1,MARKUP,3,C,159.297042,159.2379210471333,159.44484438216674,0.05912095286669228,0.018157905733424545,0,0,0,0,1,1,True,49602,-1.0
49625,2026-05-29 10:05:00,10,-1,MARKDOWN,5,A,159.309622,159.3912937052687,159.1054427368282,0.08167170526871814,0.026587410537438655,0,1,0,1,1,1,True,49632,2.5
49637,2026-05-29 11:05:00,11,-1,MARKDOWN,6,A+,159.309622,159.39282656063955,159.1016105984011,0.08320456063955817,0.029653121279126525,0,1,1,1,1,1,True,49646,2.5
49683,2026-05-29 14:55:00,14,-1,MARKDOWN,6,A+,159.276542,159.332381664735,159.1369428381625,0.05583966473500368,0.020763329469998416,0,1,1,1,1,1,True,49684,-1.0
49696,2026-05-29 16:00:00,16,-1,MARKDOWN,5,A,159.27998,159.33295262916374,159.1475484270906,0.05297262916374734,0.02190525832748612,0,1,1,0,1,1,True,49698,-1.0
49711,2026-05-29 17:15:00,17,1,MARKUP,6,A+,159.28093,159.2239323762475,159.42342405938132,0.056997623752522486,0.026135247505005794,0,1,1,1,1,1,True,49718,-1.0
49723,2026-05-29 18:15:00,18,-1,MARKDOWN,5,A,159.258826,159.37951521961827,158.95710295095432,0.12068921961827073,0.04503043923655306,0,1,0,1,1,1,False,-1,
49735,2026-05-29 19:15:00,19,-1,MARKDOWN,4,B,159.258826,159.3765497686822,158.9645165782945,0.1177237686821968,0.03909953736438159,1,0,0,1,0,1,True,49754,-1.0
49747,2026-05-29 20:15:00,20,-1,MARKDOWN,3,C,159.258826,159.37200081222704,158.9758889694324,0.11317481222704373,0.030001624454114313,0,0,0,1,0,1,True,49754,-1.0
49895,2026-06-01 08:35:00,8,1,MARKUP,5,A,159.454504,159.42130606031373,159.53749884921564,0.033197939686260725,0.01138787937254991,0,1,1,1,0,1,True,49900,-1.0
49907,2026-06-01 09:35:00,9,1,MARKUP,5,A,159.45674,159.42284393367584,159.5414801658104,0.033896066324160756,0.014312132648341105,0,1,0,1,1,1,True,49911,-1.0
49920,2026-06-01 10:40:00,10,1,MARKUP,6,A+,159.44438,159.3994592207845,159.55668194803872,0.04492077921548798,0.021081558430977317,0,1,1,1,1,1,True,49926,2.5
49948,2026-06-01 13:00:00,13,1,MARKUP,4,B,159.44438,159.4027053632669,159.54856659183272,0.041674636733091575,0.014589273466187486,0,1,1,0,0,1,True,49957,2.5
49960,2026-06-01 14:00:00,14,1,MARKUP,4,B,159.44438,159.4031875454131,159.54736113646726,0.04119245458690557,0.013624909173810306,0,1,1,0,0,1,True,49980,2.5
49972,2026-06-01 15:00:00,15,1,MARKUP,5,A,159.450886,159.41621428039116,159.5375652990221,0.03467171960883775,0.013571439217709721,0,1,0,1,1,1,True,49980,2.5
49984,2026-06-01 16:00:00,16,1,MARKUP,5,A,159.470762,159.42596269832222,159.58276025419445,0.04479930167778434,0.02007460335557616,0,1,1,0,1,1,False,-1,
49996,2026-06-01 17:00:00,17,1,MARKUP,5,A,159.561296,159.41785411437064,159.91990071407338,0.14344188562935756,0.036291771258710435,0,1,0,1,1,1,False,-1,
50008,2026-06-01 18:00:00,18,1,MARKUP,5,A,159.561296,159.41817507014497,159.91909832463756,0.14312092985503,0.03564985971008618,0,1,0,1,1,1,False,-1,
50020,2026-06-01 19:00:00,19,1,MARKUP,4,B,159.561296,159.41928710975003,159.91631822562493,0.14200889024996854,0.0334257804999734,0,0,0,1,1,1,False,-1,
50036,2026-06-01 20:20:00,20,1,MARKUP,6,A+,159.561296,159.42089171652876,159.9123067086781,0.14040428347124134,0.030216566942486495,0,1,1,1,1,1,False,-1,
50176,2026-06-02 08:00:00,8,1,MARKUP,5,A,159.674144,159.6338529216115,159.7748716959713,0.04029107838852042,0.01029415677702408,0,1,1,0,1,1,False,-1,
50188,2026-06-02 09:00:00,9,1,MARKUP,4,B,159.67911,159.63330729963505,159.7936167509124,0.04580270036495904,0.01138540072990172,0,1,0,0,1,1,True,50212,2.5
50200,2026-06-02 10:00:00,10,1,MARKUP,5,A,159.707684,159.67484617156478,159.78977857108805,0.03283782843521976,0.018307656870450773,0,1,1,0,1,1,True,50202,-1.0
50217,2026-06-02 11:25:00,11,1,MARKUP,4,B,159.690998,159.64648656365364,159.80227659086592,0.04451143634636878,0.021026872692747077,0,1,1,0,0,1,False,-1,
50236,2026-06-02 13:00:00,13,1,MARKUP,6,A+,159.693672,159.64834790006162,159.80698224984593,0.0453240999383695,0.01730419987680134,0,1,1,1,1,1,False,-1,
50248,2026-06-02 14:00:00,14,1,MARKUP,6,A+,159.693672,159.64956391582615,159.8039422104346,0.0441080841738426,0.014872168347738697,0,1,1,1,1,1,False,-1,
50260,2026-06-02 15:00:00,15,1,MARKUP,5,A,159.693672,159.6503953753558,159.80186356161047,0.04327662464419291,0.01320924928844472,0,1,1,0,1,1,False,-1,
50272,2026-06-02 16:00:00,16,1,MARKUP,4,B,159.707424,159.64975590849983,159.85159422875046,0.05766809150017593,0.014488183000394755,0,1,0,0,1,1,False,-1,
50284,2026-06-02 17:00:00,17,1,MARKUP,4,B,159.761412,159.68794782451732,159.94507243870672,0.07346417548268391,0.020104350965377434,0,1,0,0,1,1,False,-1,
50296,2026-06-02 18:00:00,18,1,MARKUP,6,A+,159.773412,159.6990914930441,159.95921326738977,0.07432050695589965,0.02181701391182497,0,1,1,1,1,1,False,-1,
50308,2026-06-02 19:00:00,19,1,MARKUP,6,A+,159.787052,159.70579393693495,159.99019715766258,0.08125806306503591,0.020412126130108597,0,1,1,1,1,1,False,-1,
50320,2026-06-02 20:00:00,20,1,MARKUP,5,A,159.81598400000001,159.72570928920882,160.04167077697798,0.09027471079119209,0.01858142158238934,0,1,0,1,1,1,False,-1,
50478,2026-06-03 09:10:00,9,1,MARKUP,6,A+,159.87062600000002,159.80785603337694,160.02755091655771,0.06276996662307965,0.016287933246159673,0,1,1,1,1,1,True,50494,-1.0
50490,2026-06-03 10:10:00,10,1,MARKUP,4,B,159.90021000000002,159.82971118575156,160.07645703562116,0.07049881424845239,0.022577628496871248,0,0,0,1,1,1,True,50494,-1.0
50502,2026-06-03 11:10:00,11,-1,MARKDOWN,5,A,159.827538,160.02761871160965,159.3273362209759,0.2000807116096439,0.06323742321929418,0,1,0,1,1,1,True,50512,-1.0
50524,2026-06-03 13:00:00,13,-1,MARKDOWN,5,A,159.755722,160.02332184625075,159.0867223843731,0.2675998462507607,0.05464369250147237,1,0,1,0,1,1,True,50525,-1.0
50562,2026-06-03 16:10:00,16,1,MARKUP,6,A+,159.58283,159.35186272167235,160.16024819581912,0.23096727832765396,0.03027455665529423,0,1,1,1,1,1,False,-1,
50574,2026-06-03 17:10:00,17,1,MARKUP,4,B,159.791532,159.65161576505955,160.1413225873511,0.13991623494044347,0.030768469880901147,0,1,0,1,0,1,False,-1,
50586,2026-06-03 18:10:00,18,1,MARKUP,4,B,159.86351200000001,159.76491416070934,160.1100065982267,0.09859783929067589,0.03217167858136151,0,1,0,0,1,1,False,-1,
50598,2026-06-03 19:10:00,19,1,MARKUP,5,A,159.882702,159.7668166643605,160.17241533909873,0.11588533563949,0.032366671278988686,0,1,1,0,1,1,False,-1,
50610,2026-06-03 20:10:00,20,1,MARKUP,5,A,159.902534,159.79655446409035,160.16748283977415,0.10597953590965403,0.03089107181933557,0,1,1,0,1,1,False,-1,
50752,2026-06-04 08:00:00,8,-1,MARKDOWN,5,A,159.845166,160.01316111160034,159.42517822099916,0.16799511160033376,0.040322223200673614,1,0,0,1,1,1,True,50753,-0.18354105489303676
50764,2026-06-04 09:00:00,9,-1,MARKDOWN,6,A+,159.845166,160.0097866277186,159.43361443070353,0.1646206277185911,0.033573255437202375,1,0,1,1,1,1,True,50765,-0.44243544086410336
50824,2026-06-04 14:00:00,14,-1,MARKDOWN,6,A+,159.890036,159.93983524553218,159.76553788616957,0.049799245532170744,0.021670491064339346,0,1,1,1,1,1,False,-1,
50836,2026-06-04 15:00:00,15,-1,MARKDOWN,5,A,159.861004,159.94388722531644,159.65379593670892,0.08288322531643644,0.029774450632912255,0,1,0,1,1,1,True,50838,-1.0
50851,2026-06-04 16:15:00,16,-1,MARKDOWN,6,A+,159.844318,159.9172503914818,159.6619870212955,0.07293239148179964,0.03050078296359713,1,0,1,1,1,1,True,50852,-1.0
50867,2026-06-04 17:35:00,17,1,MARKUP,5,A,159.83962400000001,159.73805170123285,160.09355474691793,0.10157229876716656,0.025896597534292506,0,1,1,1,0,1,False,-1,
50879,2026-06-04 18:35:00,18,1,MARKUP,5,A,159.857578,159.73920385725256,160.15351335686856,0.11837414274742741,0.0235922854948879,0,1,0,1,1,1,False,-1,
50891,2026-06-04 19:35:00,19,1,MARKUP,5,A,159.857578,159.74003127929478,160.151444801763,0.11754672070520655,0.02193744141045846,0,0,1,1,1,1,False,-1,
50903,2026-06-04 20:35:00,20,1,MARKUP,5,A,159.901456,159.81354224785926,160.12124038035182,0.08791375214073582,0.016915504281465977,0,1,0,1,1,1,False,-1,
51042,2026-06-05 08:10:00,8,-1,MARKDOWN,6,A+,159.961564,160.00418318824742,159.8550160293815,0.042619188247414286,0.010366376494840316,1,1,1,1,0,1,True,51051,2.5
51056,2026-06-05 09:20:00,9,-1,MARKDOWN,5,A,159.965732,160.00076465794106,159.87815035514734,0.03503265794105914,0.013529315882116567,0,0,1,1,1,1,True,51057,2.5
51068,2026-06-05 10:20:00,10,-1,MARKDOWN,5,A,159.965732,160.00120810741845,159.8770417314539,0.035476107418446645,0.014416214836903602,0,1,1,0,1,1,False,-1,
51080,2026-06-05 11:20:00,11,-1,MARKDOWN,4,B,159.953878,159.98838379036465,159.86761352408837,0.03450579036464774,0.014767580729308989,0,1,1,0,0,1,True,51088,2.5
51102,2026-06-05 13:10:00,13,-1,MARKDOWN,5,A,159.942968,159.9799162739192,159.85059731520204,0.03694827391919375,0.01583254783840122,1,0,1,1,0,1,False,-1,
51114,2026-06-05 14:10:00,14,-1,MARKDOWN,4,B,159.93926,159.97336720518504,159.85399198703738,0.034107205185051725,0.014734410370048709,0,1,0,1,0,1,True,51130,-1.0
51126,2026-06-05 15:10:00,15,-1,MARKDOWN,5,A,159.911486,159.96933610953957,159.76686072615107,0.05785010953957226,0.01867221907914919,0,1,0,1,1,1,True,51130,-1.0
51138,2026-06-05 16:10:00,16,1,MARKUP,5,A,159.937314,159.6968944894195,160.5383627764512,0.2404195105804945,0.0782110211609969,0,1,1,1,0,1,False,-1,
51150,2026-06-05 17:10:00,17,1,MARKUP,6,A+,159.937314,159.6992076088212,160.5325799779469,0.23810639117877486,0.07358478235755309,0,1,1,1,1,1,False,-1,
51162,2026-06-05 18:10:00,18,1,MARKUP,6,A+,159.94800999999998,159.70869023504855,160.54630941237855,0.23931976495143203,0.054619529902884045,0,1,1,1,1,1,False,-1,
51174,2026-06-05 19:10:00,19,1,MARKUP,6,A+,159.95183,159.71488828618436,160.54418428453909,0.23694171381563933,0.04222342763123358,0,1,1,1,1,1,False,-1,
51186,2026-06-05 20:10:00,20,1,MARKUP,4,B,159.967874,159.7193220675001,160.58925383124978,0.24855193249990748,0.03335586499980051,0,1,1,0,0,1,False,-1,
51354,2026-06-08 10:10:00,10,-1,MARKDOWN,4,B,160.301174,160.41169080754685,160.0248819811329,0.11051680754684412,0.03538161509366855,0,1,1,0,0,1,False,-1,
51366,2026-06-08 11:10:00,11,-1,MARKDOWN,4,B,160.299938,160.40883052923746,160.02770667690635,0.1088925292374654,0.033661058474959246,0,1,1,0,0,1,False,-1,
51388,2026-06-08 13:00:00,13,-1,MARKDOWN,5,A,160.156764,160.3692830029107,159.62546649272332,0.21251900291068182,0.04456600582133886,0,1,0,1,1,1,False,-1,
51400,2026-06-08 14:00:00,14,-1,MARKDOWN,4,B,160.153674,160.3627790229068,159.63091144273295,0.20910502290681166,0.04155804581357639,0,0,0,1,1,1,False,-1,
51412,2026-06-08 15:00:00,15,-1,MARKDOWN,5,A,160.10299799999999,160.27790265308167,159.66573636729578,0.17490465308168268,0.03580530616333097,0,1,0,1,1,1,False,-1,
51424,2026-06-08 16:00:00,16,-1,MARKDOWN,3,C,160.092492,160.25853606270405,159.67738184323986,0.16604406270406002,0.0310721254081063,0,0,0,0,1,1,True,51438,-1.0
51472,2026-06-08 20:00:00,20,1,MARKUP,5,A,160.025016,159.90110341626774,160.33479745933062,0.123912583732249,0.02779316746448731,0,1,1,1,0,1,False,-1,
51629,2026-06-09 09:05:00,9,-1,MARKDOWN,6,A+,160.192442,160.269724826922,159.99923493269503,0.07728282692198718,0.02544965384394198,0,1,1,1,1,1,True,51641,-0.7447708927379416
51641,2026-06-09 10:05:00,10,-1,MARKDOWN,4,B,160.179454,160.2724206648749,159.94703733781276,0.09296666487489347,0.030841329749778722,1,0,0,0,1,1,True,51642,-0.8018573119764552
51660,2026-06-09 11:40:00,11,1,MARKUP,4,B,160.13154600000001,160.04231763656938,160.3546169085766,0.08922836343063523,0.0233647268612375,0,1,0,1,0,1,False,-1,
51717,2026-06-09 16:25:00,16,1,MARKUP,4,B,160.175414,160.1385183142278,160.26765321443042,0.03689568577217983,0.014963371544339195,0,1,1,0,0,1,True,51721,2.5
51729,2026-06-09 17:25:00,17,1,MARKUP,4,B,160.177324,160.13372433799577,160.28632315501056,0.04359966200422605,0.02455132400841337,0,0,0,1,1,1,False,-1,
51741,2026-06-09 18:25:00,18,1,MARKUP,6,A+,160.192986,160.13420897426468,160.33992856433827,0.05877702573530996,0.023582051470629476,0,1,1,1,1,1,False,-1,
51753,2026-06-09 19:25:00,19,1,MARKUP,6,A+,160.22660199999999,160.13054521850972,160.46674395372565,0.09605678149026176,0.030909562980529506,0,1,1,1,1,1,False,-1,
51765,2026-06-09 20:25:00,20,1,MARKUP,4,B,160.262836,160.129315719205,160.59663670198745,0.13352028079498268,0.03936856159000197,0,0,0,1,1,1,False,-1,
51904,2026-06-10 08:00:00,8,1,MARKUP,6,A+,160.314872,160.23387689494342,160.5173597626415,0.08099510505658714,0.012246210113157853,0,1,1,1,1,1,False,-1,
51917,2026-06-10 09:05:00,9,1,MARKUP,6,A+,160.353976,160.32083433990329,160.43683015024175,0.03314166009670316,0.014331320193408183,0,1,1,1,1,1,True,51918,2.5
51929,2026-06-10 10:05:00,10,1,MARKUP,6,A+,160.353212,160.31920585491565,160.4382273627109,0.03400614508436206,0.017588290168717314,0,1,1,1,1,1,True,51931,2.5
51941,2026-06-10 11:05:00,11,1,MARKUP,6,A+,160.360088,160.3200980477394,160.46006288065144,0.03998995226058355,0.015803904521218735,0,1,1,1,1,1,False,-1,
51964,2026-06-10 13:00:00,13,1,MARKUP,6,A+,160.384918,160.31932842958756,160.5488919260311,0.06558957041244184,0.0173431408248737,0,1,1,1,1,1,False,-1,
51976,2026-06-10 14:00:00,14,1,MARKUP,6,A+,160.406254,160.32224629634837,160.61627325912906,0.08400770365162202,0.017507407303255916,0,1,1,1,1,1,True,51994,1.4611279045197003
51988,2026-06-10 15:00:00,15,1,MARKUP,5,A,160.418996,160.3397022776836,160.61723030579094,0.07929372231637899,0.02259544463275494,0,1,1,0,1,1,True,51994,-1.0
52023,2026-06-10 17:55:00,17,1,MARKUP,6,A+,160.402928,160.30883162124832,160.6381689468792,0.09409637875168642,0.03233675750334692,0,1,1,1,1,1,False,-1,
52035,2026-06-10 18:55:00,18,1,MARKUP,5,A,160.40331,160.30964597994154,160.6374700501462,0.09366402005846908,0.03070804011688643,0,1,0,1,1,1,False,-1,
52047,2026-06-10 19:55:00,19,1,MARKUP,4,B,160.40331,160.31276270892698,160.62967822768258,0.0905472910730225,0.02447458214603663,0,1,0,0,1,1,False,-1,
52059,2026-06-10 20:55:00,20,1,MARKUP,5,A,160.41916400000002,160.3307914623794,160.64009534405156,0.08837253762061437,0.02241707524118613,0,1,0,1,1,1,False,-1,
52192,2026-06-11 08:00:00,8,1,MARKUP,4,B,160.473222,160.4210749734041,160.60358956648972,0.052147026595889656,0.011850053191773171,0,0,1,0,1,1,False,-1,
52204,2026-06-11 09:00:00,9,1,MARKUP,6,A+,160.47742399999998,160.42042964217873,160.61990989455313,0.05699435782125306,0.013140715642518638,0,1,1,1,1,1,False,-1,
52216,2026-06-11 10:00:00,10,1,MARKUP,4,B,160.518548,160.46654684329238,160.6485508917691,0.05200115670763239,0.01690631341522397,0,0,0,1,1,1,True,52217,-1.0
52254,2026-06-11 13:10:00,13,1,MARKUP,5,A,160.530908,160.48833365950895,160.63734385122766,0.04257434049105768,0.013332680982094336,0,1,1,0,1,1,True,52258,-1.0
52279,2026-06-11 15:15:00,15,1,MARKUP,5,A,160.517538,160.4884463477805,160.59026713054877,0.02909165221950616,0.013107304439043599,0,1,1,1,0,1,True,52294,-1.0
52291,2026-06-11 16:15:00,16,1,MARKUP,6,A+,160.540616,160.49577792903733,160.65271117740667,0.04483807096266901,0.02244414192534763,1,0,1,1,1,1,True,52293,-1.0
52303,2026-06-11 17:15:00,17,-1,MARKDOWN,4,B,160.543048,160.60771880294172,160.3813709926457,0.06467080294171978,0.025437605883424086,0,1,0,1,0,1,True,52305,2.5
52315,2026-06-11 18:15:00,18,-1,MARKDOWN,6,A+,160.543048,160.60714440186527,160.3828069953368,0.06409640186527099,0.024288803730551707,0,1,1,1,1,1,True,52327,2.5
52341,2026-06-11 20:25:00,20,-1,MARKDOWN,4,B,160.520892,160.60729717182147,160.30487907044633,0.08640517182146823,0.024594343642928833,0,1,1,0,0,1,False,-1,
52480,2026-06-12 08:00:00,8,1,MARKUP,4,B,160.19576,160.11686865495653,160.3929883626087,0.0788913450434734,0.020262690086935962,0,0,1,0,1,1,False,-1,
52492,2026-06-12 09:00:00,9,1,MARKUP,5,A,160.231692,160.1424039233362,160.45491219165956,0.08928807666381999,0.021192153327613435,0,1,0,1,1,1,True,52516,-1.0
52504,2026-06-12 10:00:00,10,1,MARKUP,6,A+,160.268154,160.1980867453851,160.4433221365373,0.07006725461491214,0.02782650922977514,0,1,1,1,1,1,True,52516,-1.0
52540,2026-06-12 13:00:00,13,-1,MARKDOWN,4,B,160.215178,160.40042969238115,159.75204876904715,0.18525169238114358,0.048859384762279585,0,1,1,0,0,1,False,-1,
52552,2026-06-12 14:00:00,14,-1,MARKDOWN,3,C,160.215178,160.39702527465653,159.76055981335873,0.18184727465651918,0.042050549313049156,0,0,0,0,1,1,True,52568,0.011977083539628454
52578,2026-06-12 16:10:00,16,1,MARKUP,6,A+,160.089846,159.9381156605023,160.46917184874425,0.15173033949770343,0.033768678995462556,0,1,1,1,1,1,False,-1,
52590,2026-06-12 17:10:00,17,1,MARKUP,5,A,160.10521599999998,159.93681142573098,160.5262274356725,0.16840457426900457,0.04037714853805081,0,0,1,1,1,1,False,-1,
52609,2026-06-12 18:45:00,18,1,MARKUP,5,A,160.183702,160.06447115550475,160.48177911123815,0.119230844495263,0.03905768899051732,0,0,1,1,1,1,True,52614,-1.0
52768,2026-06-15 08:00:00,8,-1,MARKDOWN,5,A,160.099828,160.24160456902928,159.7453865774268,0.14177656902927538,0.019209138058548524,0,1,0,1,1,1,True,52783,0.17512061527520034
52780,2026-06-15 09:00:00,9,-1,MARKDOWN,4,B,160.139938,160.24378850536453,159.88031173658868,0.10385050536453377,0.023577010729076482,0,0,0,1,1,1,True,52786,0.4230889377549675
52792,2026-06-15 10:00:00,10,1,MARKUP,6,A+,160.083062,159.9778306183711,160.34614045407233,0.10523138162892565,0.026338763257841465,1,1,0,1,1,1,True,52793,0.5600800739062313
52805,2026-06-15 11:05:00,11,1,MARKUP,6,A+,160.05632200000002,159.97502281231823,160.2595699692045,0.08129918768179323,0.031954375363542654,0,1,1,1,1,1,False,-1,
52828,2026-06-15 13:00:00,13,1,MARKUP,4,B,160.05632200000002,159.9800610878902,160.2469742802746,0.07626091210983077,0.021877824219639238,0,1,0,0,1,1,False,-1,
52840,2026-06-15 14:00:00,14,1,MARKUP,6,A+,160.089694,160.03595389665836,160.22404425835413,0.05374010334165291,0.018092206683274086,0,1,1,1,1,1,False,-1,
52852,2026-06-15 15:00:00,15,1,MARKUP,5,A,160.10726599999998,160.03447560541477,160.28924198646303,0.07279039458521197,0.02104878917041247,0,1,0,1,1,1,True,52868,-1.0
52864,2026-06-15 16:00:00,16,1,MARKUP,5,A,160.128278,160.06839328820763,160.2779897794809,0.05988471179236399,0.0212134235847776,1,0,0,1,1,1,True,52865,-1.0
52881,2026-06-15 17:25:00,17,-1,MARKDOWN,5,A,160.140768,160.2194499101901,159.9440632245248,0.07868191019008464,0.02289982038016823,0,1,1,1,0,1,True,52888,-1.0
52894,2026-06-15 18:30:00,18,1,MARKUP,6,A+,160.099232,160.01837488700713,160.30137478248218,0.08085711299287368,0.0272502259857414,0,1,1,1,1,1,False,-1,
52906,2026-06-15 19:30:00,19,1,MARKUP,6,A+,160.100378,160.02075706504945,160.2994303373764,0.07962093495055456,0.022485869901143866,0,1,1,1,1,1,False,-1,
52918,2026-06-15 20:30:00,20,1,MARKUP,6,A+,160.12559,160.0213099853524,160.386290036619,0.10428001464759973,0.021380029295240594,0,1,1,1,1,1,False,-1,
53056,2026-06-16 08:00:00,8,1,MARKUP,5,A,160.16483599999998,160.0336519735502,160.4927960661244,0.13118402644977323,0.03469605289957246,0,1,1,1,0,1,True,53074,2.2271309084408646
53068,2026-06-16 09:00:00,9,1,MARKUP,5,A,160.16483599999998,160.03783374001543,160.48234164996137,0.1270022599845504,0.026332519969118003,0,1,0,1,1,1,True,53074,2.300462999914766
53080,2026-06-16 10:00:00,10,1,MARKUP,5,A,160.16483599999998,160.0341474838128,160.49155729046794,0.13068851618717758,0.03370503237438949,0,1,1,0,1,1,False,-1,
53095,2026-06-16 11:15:00,11,1,MARKUP,6,A+,160.205624,160.09775431461577,160.47529821346058,0.10786968538423025,0.038491370768412386,0,1,1,1,1,1,False,-1,
53116,2026-06-16 13:00:00,13,1,MARKUP,4,B,160.231366,160.1388265790689,160.46271455232778,0.09253942093110368,0.022346841862185735,0,1,0,1,0,1,False,-1,
53128,2026-06-16 14:00:00,14,1,MARKUP,5,A,160.231366,160.13959655698136,160.46078960754664,0.09176944301864864,0.020806886037270603,0,0,1,1,1,1,False,-1,
53140,2026-06-16 15:00:00,15,1,MARKUP,6,A+,160.282918,160.2169674833708,160.44779429157296,0.0659505166291865,0.01806503325835614,0,1,1,1,1,1,False,-1,
53152,2026-06-16 16:00:00,16,1,MARKUP,4,B,160.283682,160.21778938368243,160.44841354079392,0.06589261631756926,0.016421232635129457,0,0,1,1,0,1,False,-1,
53164,2026-06-16 17:00:00,17,1,MARKUP,6,A+,160.329278,160.27009203195848,160.47724292010375,0.05918596804150411,0.019815936083023827,0,1,1,1,1,1,False,-1,
53176,2026-06-16 18:00:00,18,1,MARKUP,5,A,160.351052,160.26767522070355,160.55949394824114,0.08337677929645793,0.02464955859287832,0,1,1,0,1,1,True,53186,0.9348885943751437
53188,2026-06-16 19:00:00,19,1,MARKUP,5,A,160.373918,160.3017980671241,160.55421783218975,0.0721199328758928,0.030403865751808368,1,0,0,1,1,1,True,53190,0.5696344736022492
53201,2026-06-16 20:05:00,20,1,MARKUP,5,A,160.373918,160.30446932654024,160.5475396836494,0.06944867345976036,0.02506134691951686,0,1,1,0,1,1,False,-1,
53344,2026-06-17 08:00:00,8,-1,MARKDOWN,5,A,160.360824,160.43167806592874,160.1836888351782,0.070854065928728,0.013356131857448682,0,1,0,1,1,1,False,-1,
53356,2026-06-17 09:00:00,9,-1,MARKDOWN,4,B,160.32807,160.37900146906074,160.20074132734814,0.05093146906074253,0.014002938121464272,1,0,0,1,0,1,False,-1,
53368,2026-06-17 10:00:00,10,-1,MARKDOWN,5,A,160.31489,160.36428588055907,160.1914002986023,0.04939588055907507,0.018571761118157153,0,1,0,1,1,1,False,-1,
53380,2026-06-17 11:00:00,11,-1,MARKDOWN,6,A+,160.280128,160.36748942455267,160.06172443861828,0.08736142455268237,0.02497884910534581,0,1,1,1,1,1,False,-1,
53404,2026-06-17 13:00:00,13,-1,MARKDOWN,6,A+,160.253724,160.34920320314578,160.01502599213558,0.09547920314577141,0.024406406291554005,0,1,1,1,1,1,True,53417,-1.0
53451,2026-06-17 16:55:00,16,-1,MARKDOWN,5,A,160.27006,160.34821932292695,160.07466169268264,0.07815932292695038,0.026438645853883475,0,1,1,1,0,1,True,53456,-1.0
53469,2026-06-17 18:25:00,18,-1,MARKDOWN,6,A+,160.287734,160.3664876042296,160.09084998942598,0.07875360422960398,0.0329752084591947,0,1,1,1,1,1,False,-1,
53481,2026-06-17 19:25:00,19,-1,MARKDOWN,6,A+,160.287734,160.3638332979953,160.09748575501172,0.07609929799531301,0.027666595990660688,0,1,1,1,1,1,True,53500,-1.0
53493,2026-06-17 20:25:00,20,-1,MARKDOWN,5,A,160.287734,160.36014126648726,160.10671583378183,0.07240726648726081,0.020282532974530722,0,1,1,0,1,1,True,53500,-1.0
53643,2026-06-18 08:55:00,8,1,MARKUP,6,A+,160.615716,160.55493710067532,160.7676632483117,0.060778899324674285,0.016125798649336155,0,1,1,1,1,1,True,53644,2.5
53662,2026-06-18 10:30:00,10,1,MARKUP,5,A,160.608076,160.54913039327,160.75544001682505,0.05894560673002047,0.027739213460001227,0,1,1,0,1,1,True,53664,2.5
53674,2026-06-18 11:30:00,11,1,MARKUP,5,A,160.616256,160.56053649419655,160.7555547645086,0.055719505803438096,0.02892701160686774,0,1,1,0,1,1,True,53680,-1.0
53692,2026-06-18 13:00:00,13,1,MARKUP,5,A,160.6137,160.45589446891495,161.0082138277126,0.1578055310850459,0.04821106217007397,0,1,1,1,0,1,False,-1,
53704,2026-06-18 14:00:00,14,1,MARKUP,4,B,160.65954,160.45758407115895,161.1644298221026,0.20195592884104485,0.04483185768209407,0,1,0,1,0,1,False,-1,
53716,2026-06-18 15:00:00,15,1,MARKUP,5,A,160.660304,160.46319803615603,161.1530689096099,0.19710596384396695,0.03360392768790808,0,1,0,1,1,1,False,-1,
53728,2026-06-18 16:00:00,16,1,MARKUP,5,A,160.660304,160.46128714236056,161.15784614409858,0.19901685763943533,0.03742571527883999,0,1,1,0,1,1,False,-1,
53740,2026-06-18 17:00:00,17,1,MARKUP,5,A,160.74435200000002,160.5971724238775,161.11230094030628,0.14717957612251098,0.0376551522450093,0,1,1,0,1,1,False,-1,
53754,2026-06-18 18:10:00,18,1,MARKUP,5,A,160.827782,160.73646395323564,161.05607711691096,0.09131804676437127,0.02907209352875261,0,1,1,0,1,1,False,-1,
53766,2026-06-18 19:10:00,19,1,MARKUP,5,A,161.020886,160.77159183368966,161.64412141577583,0.24929416631033519,0.060816332620677,0,1,0,1,1,1,False,-1,
53778,2026-06-18 20:10:00,20,1,MARKUP,5,A,161.052592,160.7743751178144,161.748134205464,0.27821688218560325,0.05524976437121143,0,1,0,1,1,1,False,-1,
53920,2026-06-19 08:00:00,8,1,MARKUP,4,B,161.149114,160.96777666606926,161.60245733482685,0.1813373339307418,0.036446667861444404,0,1,0,1,0,1,False,-1,
53932,2026-06-19 09:00:00,9,1,MARKUP,3,C,161.191406,161.0084823617622,161.64871509559453,0.18292363823780988,0.03503527647563281,0,0,0,1,0,1,False,-1,
53948,2026-06-19 10:20:00,10,1,MARKUP,5,A,161.240228,161.0860851201556,161.62558519961104,0.15414287984441444,0.037829759688805115,0,0,1,1,1,1,False,-1,
53980,2026-06-19 13:00:00,13,-1,MARKDOWN,4,B,161.373814,161.4733761222283,161.12490869442928,0.09956212222829208,0.028752244456605434,0,1,0,0,1,1,False,-1,
53992,2026-06-19 14:00:00,14,-1,MARKDOWN,5,A,161.338588,161.4153859868463,161.1465930328842,0.07679798684631578,0.02677197369261719,0,1,1,0,1,1,False,-1,
54004,2026-06-19 15:00:00,15,-1,MARKDOWN,5,A,161.30425,161.36400092335379,161.15487269161554,0.059750923353789176,0.02400184670758864,0,1,0,1,1,1,True,54028,2.5
54016,2026-06-19 16:00:00,16,-1,MARKDOWN,4,B,161.26515,161.3474354113986,161.0594364715035,0.08228541139860113,0.030870822797206297,0,1,0,1,0,1,True,54020,0.09904550346744816
54038,2026-06-19 17:50:00,17,-1,MARKDOWN,4,B,161.26515,161.34482074087387,161.06597314781533,0.0796707408738655,0.02564148174774573,1,0,1,0,0,1,True,54045,-1.0
54060,2026-06-19 19:40:00,19,1,MARKUP,6,A+,161.213456,161.12145035891942,161.4434701027015,0.09200564108058984,0.025099282161133885,0,1,1,1,1,1,False,-1,
54072,2026-06-19 20:40:00,20,1,MARKUP,5,A,161.213456,161.1257269067918,161.43277873302048,0.08772909320819622,0.016546186416350805,0,1,0,1,1,1,False,-1,
54208,2026-06-22 08:00:00,8,1,MARKUP,5,A,161.52837599999998,161.41566363233454,161.81015691916357,0.1127123676654378,0.020672735330887735,0,1,0,1,1,1,False,-1,
54220,2026-06-22 09:00:00,9,1,MARKUP,5,A,161.542286,161.42791332538226,161.8282176865443,0.11437267461772649,0.020173349235473263,0,1,0,1,1,1,False,-1,
54232,2026-06-22 10:00:00,10,1,MARKUP,4,B,161.593254,161.50350276442845,161.8176320889289,0.08975123557155484,0.028994471143085683,0,0,0,1,1,1,False,-1,
54244,2026-06-22 11:00:00,11,1,MARKUP,5,A,161.62486,161.52331448102638,161.8787237974341,0.10154551897363717,0.027371037947259924,0,1,0,1,1,1,False,-1,
54268,2026-06-22 13:00:00,13,1,MARKUP,4,B,161.680232,161.59947583390883,161.8821224152279,0.0807561660911631,0.02704833218234735,0,0,1,0,1,1,True,54273,2.5
54290,2026-06-22 14:50:00,14,1,MARKUP,5,A,161.70248,161.63676292466155,161.86677268834615,0.06571707533845483,0.024474150676876364,0,1,1,1,0,1,False,-1,
54302,2026-06-22 15:50:00,15,1,MARKUP,4,B,161.706188,161.64213027393643,161.8663323151589,0.06405772606356663,0.025739452127168886,0,1,0,1,0,1,True,54317,-1.0
54314,2026-06-22 16:50:00,16,1,MARKUP,6,A+,161.748972,161.63761467267597,162.0273653183101,0.11135732732404335,0.03477065464808873,0,1,1,1,1,1,True,54317,-1.0
54328,2026-06-22 18:00:00,18,-1,MARKDOWN,4,B,161.601154,161.99437608697343,160.61809878256645,0.39322208697342376,0.1347521739468918,0,1,0,1,0,1,True,54343,0.09448604549653976
54340,2026-06-22 19:00:00,19,-1,MARKDOWN,5,A,161.601154,161.98065474818736,160.65240212953162,0.379500748187354,0.107309496374736,1,0,0,1,1,1,True,54343,0.0979023102786423
54496,2026-06-23 08:00:00,8,1,MARKUP,5,A,161.565638,161.51530656327694,161.69146659180768,0.050331436723070055,0.01738687344612053,0,1,1,1,0,1,True,54520,-1.0
54508,2026-06-23 09:00:00,9,1,MARKUP,4,B,161.587502,161.51574583779035,161.76689240552412,0.07175616220965253,0.020508324419298944,0,1,0,1,0,1,True,54520,-1.0
54529,2026-06-23 10:45:00,10,-1,MARKDOWN,6,A+,161.582088,161.77004510815647,161.11219522960883,0.1879571081564677,0.058090216312913244,0,1,1,1,1,1,False,-1,
54541,2026-06-23 11:45:00,11,-1,MARKDOWN,6,A+,161.560696,161.771716747297,161.03314413175752,0.21102074729699893,0.061433494594011595,0,1,1,1,1,1,False,-1,
54556,2026-06-23 13:00:00,13,-1,MARKDOWN,3,C,161.560696,161.76260293266023,161.05592866834945,0.20190693266022208,0.04320586532042632,0,0,0,1,0,1,True,54575,0.1421248870552028
54609,2026-06-23 17:25:00,17,1,MARKUP,6,A+,161.45246600000002,161.33402204452852,161.74857588867874,0.11844395547149134,0.03595591094295694,0,1,1,1,1,1,False,-1,
54621,2026-06-23 18:25:00,18,1,MARKUP,4,B,161.45246600000002,161.3352859823144,161.7454160442141,0.11718001768562658,0.03342803537120531,0,1,0,0,1,1,False,-1,
54633,2026-06-23 19:25:00,19,1,MARKUP,4,B,161.511176,161.432550336489,161.70774015877754,0.07862566351101918,0.028899327022038304,0,1,1,0,0,1,False,-1,
54645,2026-06-23 20:25:00,20,1,MARKUP,5,A,161.512704,161.43600804336762,161.70444389158098,0.07669595663239193,0.021983913264745313,0,1,0,1,1,1,False,-1,
54784,2026-06-24 08:00:00,8,-1,MARKDOWN,4,B,161.59489,161.6423156802524,161.47632579936896,0.04742568025241667,0.01463136050480952,0,1,0,1,0,1,True,54787,-1.0
54796,2026-06-24 09:00:00,9,1,MARKUP,6,A+,161.576604,161.52040154260223,161.71711014349444,0.05620245739777374,0.01919691479552257,0,1,1,1,1,1,False,-1,
54808,2026-06-24 10:00:00,10,1,MARKUP,6,A+,161.605636,161.51657921983067,161.82827795042334,0.08905678016932939,0.02684156033867129,0,1,1,1,1,1,False,-1,
54820,2026-06-24 11:00:00,11,1,MARKUP,3,C,161.610602,161.5164611348067,161.84595416298328,0.09414086519331022,0.027077730386618183,0,1,0,0,0,1,False,-1,
54844,2026-06-24 13:00:00,13,1,MARKUP,5,A,161.634388,161.53279675214432,161.88836611963922,0.10159124785567997,0.02440649571136023,0,1,0,1,1,1,True,54866,1.6400231665298042
54878,2026-06-24 15:50:00,15,1,MARKUP,5,A,161.683828,161.61156847644844,161.86447680887892,0.07225952355156551,0.02686304710309944,0,1,1,0,1,1,False,-1,
54890,2026-06-24 16:50:00,16,1,MARKUP,5,A,161.683828,161.61110652356248,161.86563169109382,0.07272147643752191,0.02778695287505364,0,1,1,0,1,1,False,-1,
54902,2026-06-24 17:50:00,17,1,MARKUP,5,A,161.67848,161.61327047836656,161.84150380408363,0.06520952163344873,0.02345904326687114,0,1,1,1,0,1,False,-1,
54914,2026-06-24 18:50:00,18,1,MARKUP,5,A,161.697962,161.61160158875853,161.91386302810363,0.08636041124145777,0.026796822482915587,0,0,1,1,1,1,True,54923,0.6025677651593805
54926,2026-06-24 19:50:00,19,1,MARKUP,5,A,161.70476,161.62398046157085,161.90670884607283,0.08077953842914098,0.024039076858286684,0,0,1,1,1,1,False,-1,
54938,2026-06-24 20:50:00,20,1,MARKUP,6,A+,161.73966,161.67739090803138,161.8953327299215,0.0622690919686022,0.025218183937202918,0,1,1,1,1,1,False,-1,
55083,2026-06-25 08:55:00,8,1,MARKUP,6,A+,161.661432,161.54667505519203,161.9483243620199,0.11475694480796506,0.01864988961596799,0,1,1,1,1,1,False,-1,
55095,2026-06-25 09:55:00,9,1,MARKUP,6,A+,161.749332,161.65198246742844,161.99270583142894,0.09734953257157031,0.02203506514316557,0,1,1,1,1,1,False,-1,
55107,2026-06-25 10:55:00,10,1,MARKUP,4,B,161.77516400000002,161.68255340115982,162.00669049710052,0.09261059884019573,0.030893197680394988,0,0,0,1,1,1,True,55112,-1.0
55137,2026-06-25 13:25:00,13,1,MARKUP,5,A,161.79803,161.72539434556074,161.97961913609817,0.07263565443926723,0.019211308878529124,0,1,1,0,1,1,True,55154,-1.0
55149,2026-06-25 14:25:00,14,1,MARKUP,6,A+,161.811536,161.74629884586267,161.9746288853433,0.06523715413732134,0.01740230827465834,0,1,1,1,1,1,True,55154,-1.0
55161,2026-06-25 15:25:00,15,1,MARKUP,6,A+,161.828254,161.73577497003052,162.05945157492366,0.09247902996946777,0.03445005993891534,0,1,1,1,1,1,True,55162,-1.0
55182,2026-06-25 17:10:00,17,-1,MARKDOWN,5,A,161.801402,161.978398437838,161.358910905405,0.17699643783799957,0.056796875675992516,0,1,0,1,1,1,False,-1,
55194,2026-06-25 18:10:00,18,-1,MARKDOWN,4,B,161.801402,161.97557379172738,161.3659725206815,0.17417179172738884,0.051147583454791444,0,1,0,1,0,1,False,-1,
55206,2026-06-25 19:10:00,19,-1,MARKDOWN,4,B,161.801402,161.97119286328498,161.3769248417875,0.16979086328498738,0.04238572656997979,0,0,0,1,1,1,True,55223,-0.1566515387542573
55360,2026-06-26 08:00:00,8,-1,MARKDOWN,6,A+,161.74104000000003,161.8623425118502,161.43778372037463,0.1213025118501605,0.02868502370034332,0,1,1,1,1,1,True,55383,0.11574368729780038
55372,2026-06-26 09:00:00,9,-1,MARKDOWN,4,B,161.728052,161.86444302354516,161.38707444113706,0.13639102354517263,0.032886047090274484,0,0,0,1,1,1,True,55381,0.8288815279880878
55391,2026-06-26 10:35:00,10,-1,MARKDOWN,6,A+,161.701478,161.82272748511636,161.39835428720914,0.12124948511635125,0.035454970232713996,0,1,1,1,1,1,False,-1,
55406,2026-06-26 11:50:00,11,-1,MARKDOWN,6,A+,161.66687,161.76866809536722,161.41237476158193,0.10179809536722928,0.039336190734435436,0,1,1,1,1,1,False,-1,
55420,2026-06-26 13:00:00,13,-1,MARKDOWN,3,C,161.666488,161.76663332291957,161.41612469270103,0.10014532291958744,0.03526664583916006,0,0,0,0,1,1,True,55441,-1.0
55471,2026-06-26 17:15:00,17,-1,MARKDOWN,5,A,161.649184,161.7362883144623,161.4314232138442,0.08710431446232292,0.03057662892459425,0,1,1,0,1,1,True,55478,-1.0
55491,2026-06-26 18:55:00,18,1,MARKUP,6,A+,161.643794,161.56302226643786,161.84572333390543,0.08077173356215894,0.0339554671243274,0,1,1,1,1,1,False,-1,
55503,2026-06-26 19:55:00,19,1,MARKUP,6,A+,161.653344,161.5664676831993,161.87053479200176,0.08687631680069785,0.027064633601417643,0,1,1,1,1,1,False,-1,
55515,2026-06-26 20:55:00,20,1,MARKUP,6,A+,161.65601800000002,161.56884721552575,161.87394496118569,0.0871707844742673,0.022305568948510195,0,1,1,1,1,1,False,-1,
55648,2026-06-29 08:00:00,8,1,MARKUP,5,A,161.75629,161.71478954460414,161.86004113848966,0.041500455395862446,0.01042091079172736,0,1,1,0,1,1,False,-1,
55660,2026-06-29 09:00:00,9,1,MARKUP,5,A,161.764942,161.72783690176607,161.85770474558478,0.03710509823392272,0.012326196467866132,0,1,1,0,1,1,False,-1,
55672,2026-06-29 10:00:00,10,1,MARKUP,6,A+,161.778312,161.72474777454886,161.91222256362784,0.053564225451140146,0.018504450902317098,0,1,1,1,1,1,False,-1,
55684,2026-06-29 11:00:00,11,1,MARKUP,5,A,161.803032,161.76530103596264,161.89735941009343,0.03773096403736531,0.017397928074747968,1,0,0,1,1,1,True,55685,2.5
55708,2026-06-29 13:00:00,13,1,MARKUP,5,A,161.825604,161.77128348769486,161.96140528076285,0.054320512305139346,0.015433024610278024,0,1,0,1,1,1,True,55726,2.5
55720,2026-06-29 14:00:00,14,1,MARKUP,3,C,161.825986,161.77208403383713,161.96074091540717,0.053901966162868575,0.013831932325720765,0,0,0,1,0,1,True,55726,2.5
55736,2026-06-29 15:20:00,15,1,MARKUP,5,A,161.832166,161.78093263898606,161.96024940253486,0.05123336101394216,0.016134722027850337,0,1,1,1,0,1,True,55756,2.5
55748,2026-06-29 16:20:00,16,1,MARKUP,6,A+,161.86184,161.80748308082812,161.9977322979297,0.054356919171880236,0.01703383834373819,0,1,1,1,1,1,True,55756,1.180346512963854
55760,2026-06-29 17:20:00,17,1,MARKUP,5,A,161.868974,161.79320750961207,162.05839022596984,0.07576649038793448,0.03158498077582999,0,1,0,1,1,1,False,-1,
55772,2026-06-29 18:20:00,18,1,MARKUP,5,A,161.868974,161.7968006397995,162.04940740050128,0.0721733602005088,0.024398720400986215,0,1,1,0,1,1,False,-1,
55784,2026-06-29 19:20:00,19,1,MARKUP,3,C,161.868974,161.79983633047152,162.04181817382124,0.06913766952848732,0.018327339056958034,0,1,0,0,0,1,False,-1,
55796,2026-06-29 20:20:00,20,1,MARKUP,6,A+,161.868974,161.80193525061674,162.03657087345817,0.06703874938327203,0.01412949876654549,0,1,1,1,1,1,False,-1,
55936,2026-06-30 08:00:00,8,1,MARKUP,4,B,162.116866,161.92478560735805,162.59706698160483,0.192080392641941,0.030428785283881998,0,1,0,0,1,1,False,-1,
55948,2026-06-30 09:00:00,9,1,MARKUP,6,A+,162.16133,162.02564417576002,162.5005445605999,0.135685824239971,0.030711648479966887,0,1,1,1,1,1,True,55965,2.5
55960,2026-06-30 10:00:00,10,1,MARKUP,5,A,162.183868,162.0184586180388,162.59739145490295,0.16540938196118304,0.04508276392235557,1,0,0,1,1,1,True,55964,2.1893074969894077
55972,2026-06-30 11:00:00,11,1,MARKUP,5,A,162.183868,162.02099552534298,162.59104918664252,0.16287247465700716,0.04000894931400382,0,0,1,1,1,1,False,-1,
55996,2026-06-30 13:00:00,13,1,MARKUP,5,A,162.23369,162.10386455995678,162.55825360010806,0.12982544004321994,0.034270880086467594,0,0,1,1,1,1,False,-1,
56008,2026-06-30 14:00:00,14,1,MARKUP,3,C,162.23369,162.10782181427814,162.54836046430464,0.1258681857218562,0.02635637144372943,0,0,0,0,1,1,True,56026,-1.0
56020,2026-06-30 15:00:00,15,1,MARKUP,6,A+,162.246296,162.10789518260736,162.5922980434816,0.1384008173926361,0.026209634785275278,0,1,1,1,1,1,True,56026,-1.0
56032,2026-06-30 16:00:00,16,1,MARKUP,4,B,162.213506,162.0010921777153,162.74454055571175,0.2124138222847023,0.055815644569425706,0,1,1,0,0,1,False,-1,
56044,2026-06-30 17:00:00,17,1,MARKUP,4,B,162.213506,162.00393597118887,162.73743107202782,0.20957002881112885,0.05012805762223924,0,1,0,0,1,1,False,-1,
56056,2026-06-30 18:00:00,18,1,MARKUP,5,A,162.229168,162.00098233642984,162.79963215892536,0.22818566357014447,0.05603532714030714,0,1,1,0,1,1,False,-1,
56068,2026-06-30 19:00:00,19,1,MARKUP,6,A+,162.27157,162.00563974378952,162.9363956405262,0.2659302562104813,0.04672051242093653,0,1,1,1,1,1,False,-1,
56080,2026-06-30 20:00:00,20,1,MARKUP,5,A,162.27386199999998,162.01225806727328,162.92787183181673,0.26160393272670035,0.03348386545341728,0,1,0,1,1,1,False,-1,
56224,2026-07-01 08:00:00,8,1,MARKUP,6,A+,162.674376,162.5520671239288,162.980148190178,0.12230887607120167,0.039865752142399256,0,1,1,1,1,1,True,56245,-1.0
56284,2026-07-01 13:00:00,13,1,MARKUP,6,A+,162.669682,162.59929411386815,162.8456517153296,0.0703878861318401,0.025411772263655496,0,1,1,1,1,1,False,-1,
56296,2026-07-01 14:00:00,14,1,MARKUP,4,B,162.66739,162.6014955915099,162.83212602122532,0.06589440849012362,0.021008816980220796,0,1,1,0,0,1,False,-1,
56308,2026-07-01 15:00:00,15,1,MARKUP,2,C,162.663188,162.60201327652294,162.81612480869262,0.061174723477051884,0.019973446954101345,0,0,0,0,0,1,True,56324,-1.0
56320,2026-07-01 16:00:00,16,1,MARKUP,4,B,162.686278,162.62470481016726,162.8402109745818,0.0615731898327283,0.02459037966549155,1,0,0,1,0,1,True,56321,-1.0
56332,2026-07-01 17:00:00,17,-1,MARKDOWN,6,A+,162.586842,162.79682250041583,162.0618907489604,0.20998050041583838,0.06164500083168145,0,1,1,1,1,1,False,-1,
56344,2026-07-01 18:00:00,18,-1,MARKDOWN,5,A,162.586842,162.7971280128822,162.06112696779445,0.21028601288222148,0.06225602576441385,0,1,0,1,1,1,False,-1,
56356,2026-07-01 19:00:00,19,-1,MARKDOWN,6,A+,162.586842,162.79100192309778,162.0764421922555,0.20415992309779085,0.05000384619556456,0,1,1,1,1,1,False,-1,
56368,2026-07-01 20:00:00,20,-1,MARKDOWN,5,A,162.586842,162.7853461793056,162.09058155173597,0.19850417930561548,0.038692358611217184,0,0,1,1,1,1,False,-1,
56512,2026-07-02 08:00:00,8,-1,MARKDOWN,4,B,162.508612,162.61119781265802,162.25214746835496,0.10258581265802036,0.026395625316007674,0,1,0,1,0,1,False,-1,
56524,2026-07-02 09:00:00,9,-1,MARKDOWN,6,A+,162.45932200000001,162.59940726045886,162.10910884885288,0.1400852604588465,0.02881452091772058,0,1,1,1,1,1,False,-1,
56536,2026-07-02 10:00:00,10,-1,MARKDOWN,5,A,162.002414,162.60972549878852,160.48413525302865,0.6073114987885333,0.12745099757705614,1,0,0,1,1,1,False,-1,
56548,2026-07-02 11:00:00,11,-1,MARKDOWN,6,A+,162.00179599999998,162.61255783754964,160.47489140612583,0.61076183754966,0.13511567509933545,0,1,1,1,1,1,False,-1,
56572,2026-07-02 13:00:00,13,-1,MARKDOWN,3,C,161.841214,162.47872693697306,160.24743165756738,0.637512936973053,0.1114538739461088,0,0,0,0,1,1,False,-1,
56602,2026-07-02 15:30:00,15,-1,MARKDOWN,6,A+,161.305474,161.7848147458333,160.10712213541677,0.4793407458332979,0.12362949166658091,0,1,1,1,1,1,False,-1,
56614,2026-07-02 16:30:00,16,-1,MARKDOWN,6,A+,161.256034,161.707334871274,160.12778182181495,0.4513008712740145,0.1286697425480456,0,1,1,1,1,1,False,-1,
56626,2026-07-02 17:30:00,17,-1,MARKDOWN,5,A,161.256034,161.6989524085985,160.14873797850373,0.4429184085985014,0.11190481719699759,0,1,0,1,1,1,False,-1,
56638,2026-07-02 18:30:00,18,-1,MARKDOWN,5,A,161.256034,161.6886425793118,160.1745125517205,0.43260857931178975,0.0912851586235885,0,1,1,0,1,1,False,-1,
56652,2026-07-02 19:40:00,19,-1,MARKDOWN,5,A,161.256034,161.67539514896094,160.20763112759764,0.41936114896094523,0.06479029792188241,0,0,1,1,1,1,False,-1,
56800,2026-07-03 08:00:00,8,-1,MARKDOWN,6,A+,161.292036,161.54107706383206,160.66943334041983,0.2490410638320668,0.03815412766415759,0,1,1,1,1,1,False,-1,
56812,2026-07-03 09:00:00,9,-1,MARKDOWN,6,A+,161.13939,161.2956939712331,160.7486300719172,0.15630397123311468,0.041387942466220025,1,0,1,1,1,1,False,-1,
56824,2026-07-03 10:00:00,10,-1,MARKDOWN,4,B,160.94441,161.2795193350253,160.10663666243676,0.33510933502529383,0.1010386700505974,0,0,0,1,1,1,True,56831,-1.0
56836,2026-07-03 11:00:00,11,-1,MARKDOWN,5,A,160.94132,161.2737259876674,160.11030503083146,0.33240598766741414,0.09945197533482875,1,0,0,1,1,1,True,56845,-1.0
56880,2026-07-03 14:40:00,14,1,MARKUP,5,A,160.84146,160.62250874117564,161.38883814706094,0.21895125882437583,0.03298251764875871,0,1,0,1,1,1,False,-1,
56892,2026-07-03 15:40:00,15,1,MARKUP,5,A,160.911294,160.73794299892253,161.34467150269364,0.1733510010774637,0.02811400215494478,0,1,1,1,0,1,False,-1,
56904,2026-07-03 16:40:00,16,1,MARKUP,6,A+,161.057464,160.90811104465564,161.43084638836092,0.14935295534436932,0.029777910688746568,0,1,1,1,1,1,False,-1,
56916,2026-07-03 17:40:00,17,1,MARKUP,6,A+,161.12759,161.02133009616233,161.39323975959417,0.10625990383766748,0.025339807675295166,0,1,1,1,1,1,False,-1,
56928,2026-07-03 18:40:00,18,1,MARKUP,5,A,161.16639800000002,161.04198584296032,161.47742839259928,0.12441215703969988,0.028028314079383266,0,1,1,1,0,1,False,-1,
56940,2026-07-03 19:40:00,19,1,MARKUP,5,A,161.217398,161.0953417821003,161.5225385447493,0.12205621789971133,0.023316435799435705,0,1,1,0,1,1,False,-1,
56952,2026-07-03 20:40:00,20,1,MARKUP,3,C,161.218634,161.09663767211242,161.52362481971898,0.12199632788758663,0.024724655775188918,0,0,0,0,1,1,False,-1,
57088,2026-07-06 08:00:00,8,1,MARKUP,6,A+,161.64427,161.44511695278803,162.14215261802997,0.19915304721197913,0.027766094423937918,0,1,1,1,1,1,False,-1,
57100,2026-07-06 09:00:00,9,1,MARKUP,6,A+,161.751302,161.5185063886628,162.33329102834307,0.23279561133722382,0.03698722267443306,0,1,1,1,1,1,False,-1,
57112,2026-07-06 10:00:00,10,1,MARKUP,6,A+,161.96583,161.71943123548814,162.58182691127968,0.24639876451186637,0.061137529023695805,0,1,1,1,1,1,False,-1,
57124,2026-07-06 11:00:00,11,1,MARKUP,6,A+,161.977718,161.73839643760755,162.57602190598118,0.23932156239246183,0.05920712478489219,0,1,1,1,1,1,False,-1,
57148,2026-07-06 13:00:00,13,1,MARKUP,6,A+,162.08755,161.86692564594364,162.6391108851409,0.22062435405635483,0.04014870811273813,0,1,1,1,1,1,False,-1,
57160,2026-07-06 14:00:00,14,1,MARKUP,5,A,162.191374,162.03756951248403,162.57588521878992,0.15380448751596987,0.03486097503196696,0,0,1,1,1,1,False,-1,
57172,2026-07-06 15:00:00,15,1,MARKUP,4,B,162.253792,162.14197161243706,162.53334296890736,0.11182038756294332,0.02805677512588936,0,0,0,1,1,1,False,-1,
57184,2026-07-06 16:00:00,16,1,MARKUP,6,A+,162.29413,162.19685871764412,162.5373082058897,0.09727128235587656,0.030282564711746923,0,1,1,1,1,1,True,57197,-1.0
57203,2026-07-06 17:35:00,17,1,MARKUP,6,A+,162.320086,162.2373817188659,162.5268467028353,0.08270428113411299,0.03323656226821553,0,1,1,1,1,1,True,57208,-1.0
57376,2026-07-07 08:00:00,8,-1,MARKDOWN,5,A,161.991618,162.20423059017165,161.46008652457084,0.21261259017165912,0.042461180343310825,0,1,0,1,1,1,True,57393,0.28981350516558024
57463,2026-07-07 15:15:00,15,-1,MARKDOWN,6,A+,161.865412,162.00978833853156,161.50447115367106,0.14437633853157195,0.033576677063130576,1,1,1,1,0,1,True,57464,-1.0
57479,2026-07-07 16:35:00,16,-1,MARKDOWN,5,A,161.88143200000002,161.98535982156076,161.62161244609814,0.10392782156074531,0.036719643121479933,0,1,1,0,1,1,True,57481,-1.0
57519,2026-07-07 19:55:00,19,1,MARKUP,5,A,161.84957799999998,161.72766409860014,162.15436275349958,0.12191390139983582,0.030671802799692043,0,1,1,0,1,1,False,-1,
57698,2026-07-08 10:50:00,10,-1,MARKDOWN,4,B,162.28194,162.42932581941736,161.91347545145658,0.14738581941736584,0.04265163883472366,0,0,0,1,1,1,True,57702,-1.0
57710,2026-07-08 11:50:00,11,1,MARKUP,6,A+,162.22698,162.05314302203027,162.66157244492433,0.17383697796972797,0.04971395593947271,0,1,1,1,1,1,False,-1,
57724,2026-07-08 13:00:00,13,1,MARKUP,5,A,162.260978,162.0495427114585,162.7895662213537,0.2114352885414803,0.056914577082953985,0,1,1,0,1,1,False,-1,
57736,2026-07-08 14:00:00,14,1,MARKUP,6,A+,162.260978,162.05867841626306,162.76672695934232,0.2022995837369308,0.038643167473881496,0,1,1,1,1,1,False,-1,
57748,2026-07-08 15:00:00,15,1,MARKUP,5,A,162.324632,162.1607247661392,162.73440008465204,0.16390723386081163,0.04055046772163445,0,1,0,1,1,1,False,-1,
57760,2026-07-08 16:00:00,16,1,MARKUP,6,A+,162.364184,162.2262114537624,162.70911536559396,0.1379725462375916,0.037577092475205326,0,1,1,1,1,1,False,-1,
57772,2026-07-08 17:00:00,17,1,MARKUP,5,A,162.457996,162.3716514595023,162.6738573512443,0.08634454049771989,0.03669708099539015,0,1,0,1,1,1,False,-1,
57784,2026-07-08 18:00:00,18,1,MARKUP,5,A,162.499826,162.3897887908905,162.77491902277382,0.11003720910952097,0.03442241821901886,0,1,1,0,1,1,True,57808,-1.0
57796,2026-07-08 19:00:00,19,1,MARKUP,5,A,162.533106,162.40977246919797,162.84143982700508,0.12333353080202869,0.030455061604079823,0,1,0,1,1,1,True,57804,-1.0
57952,2026-07-09 08:00:00,8,-1,MARKDOWN,5,A,162.49178,162.58253391223693,162.26489521940772,0.09075391223692009,0.021067824473832607,0,1,0,1,1,1,False,-1,
57964,2026-07-09 09:00:00,9,-1,MARKDOWN,5,A,162.485286,162.584175541156,162.23806214711004,0.0988895411559838,0.02435108231197184,0,1,1,1,0,1,False,-1,
57976,2026-07-09 10:00:00,10,-1,MARKDOWN,5,A,162.405826,162.5223929188093,162.11440870297673,0.1165669188092977,0.0367858376186143,0,1,0,1,1,1,True,58000,0.8563836208392297
57988,2026-07-09 11:00:00,11,-1,MARKDOWN,4,B,162.402118,162.5143026023484,162.12165649412898,0.11218460234840677,0.03260520469685803,0,0,0,1,1,1,True,57997,1.026147952483519
58026,2026-07-09 14:10:00,14,1,MARKUP,4,B,162.34632000000002,162.23492329262788,162.62481176843036,0.11139670737213692,0.024153414744247863,0,1,0,1,0,1,False,-1,
58038,2026-07-09 15:10:00,15,1,MARKUP,3,C,162.38231,162.29049043429134,162.6118589142716,0.09181956570864713,0.027019131417328642,0,0,0,1,0,1,True,58051,-1.0
58055,2026-07-09 16:35:00,16,-1,MARKDOWN,6,A+,162.42801599999999,162.52424536383563,162.18744259041085,0.09622936383564706,0.030490727671278372,0,1,1,1,1,1,False,-1,
58067,2026-07-09 17:35:00,17,-1,MARKDOWN,6,A+,162.424578,162.52800594862515,162.1660081284371,0.10342794862515348,0.03801189725033603,0,1,1,1,1,1,False,-1,
58079,2026-07-09 18:35:00,18,-1,MARKDOWN,4,B,162.424578,162.5265611591255,162.16962010218626,0.1019831591254956,0.035122318250995536,0,0,1,0,1,1,False,-1,
58091,2026-07-09 19:35:00,19,-1,MARKDOWN,5,A,162.40470200000001,162.51160478292817,162.13744504267962,0.10690278292815947,0.031209565856303828,0,1,0,1,1,1,False,-1,
58103,2026-07-09 20:35:00,20,-1,MARKDOWN,5,A,162.3806,162.46942335856903,162.15854160357736,0.08882335856904433,0.024846717138088354,0,1,0,1,1,1,True,58125,2.5
58240,2026-07-10 08:00:00,8,-1,MARKDOWN,5,A,161.989666,162.45530489685478,160.82556875786304,0.46563889685478443,0.06260979370955047,0,0,1,1,1,1,False,-1,
58253,2026-07-10 09:05:00,9,-1,MARKDOWN,6,A+,161.68375600000002,161.96132094770098,160.9898436307476,0.2775649477009665,0.06464189540195574,0,1,1,1,1,1,True,58266,-0.11256464571184732
58323,2026-07-10 14:55:00,14,1,MARKUP,5,A,161.674644,161.52409947812845,162.05100530467888,0.1505445218715522,0.03980104374311042,0,1,0,1,1,1,False,-1,
58335,2026-07-10 15:55:00,15,1,MARKUP,5,A,161.67770000000002,161.52155255915048,162.06806860212384,0.15614744084953713,0.04489488169909107,0,1,1,0,1,1,False,-1,
58348,2026-07-10 17:00:00,17,1,MARKUP,5,A,161.73641,161.61661960936354,162.03588597659117,0.11979039063646724,0.044760781272932294,0,1,1,0,1,1,True,58362,-1.0
58360,2026-07-10 18:00:00,18,1,MARKUP,3,C,161.76731,161.6652735696122,162.02240107596953,0.10203643038781252,0.04745286077560665,0,0,0,0,1,1,True,58361,-1.0
58372,2026-07-10 19:00:00,19,-1,MARKDOWN,5,A,161.66021600000002,161.92757033711203,160.99183015722,0.2673543371120104,0.06714067422403028,0,1,0,1,1,1,True,58396,-1.0
58384,2026-07-10 20:00:00,20,-1,MARKDOWN,4,B,161.66021600000002,161.923634838807,161.00166890298254,0.26341883880698447,0.059269677613971984,0,1,0,1,0,1,True,58396,-1.0
58536,2026-07-13 08:40:00,8,1,MARKUP,6,A+,162.029242,161.92396497893716,162.29243455265714,0.10527702106284664,0.034070042125668144,0,1,1,1,1,1,True,58554,-1.0
58548,2026-07-13 09:40:00,9,1,MARKUP,5,A,162.099912,161.9112496702845,162.57156782428873,0.18866232971549834,0.05950065943101887,0,1,0,1,1,1,True,58554,-1.0
58560,2026-07-13 10:40:00,10,1,MARKUP,5,A,162.03564,161.7984403435225,162.6286391411938,0.2371996564775145,0.07711931295500235,0,1,1,0,1,1,True,58566,1.2957860250068487
58593,2026-07-13 13:25:00,13,1,MARKUP,6,A+,162.03564,161.81793746250085,162.57989634374786,0.21770253749915014,0.03812507499824921,0,1,1,1,1,1,True,58601,1.7609349179106693
58605,2026-07-13 14:25:00,14,1,MARKUP,5,A,162.021888,161.81953717860475,162.5277650534881,0.20235082139524252,0.03492564279046368,0,1,0,1,1,1,False,-1,
58617,2026-07-13 15:25:00,15,1,MARKUP,6,A+,162.078118,161.96565581015128,162.35927347462177,0.11246218984871348,0.03468837969744334,0,1,1,1,1,1,True,58624,2.5
58629,2026-07-13 16:25:00,16,1,MARKUP,4,B,162.064748,161.96768648644525,162.30740178388692,0.09706151355476322,0.030627027109510183,0,0,0,1,1,1,False,-1,
58641,2026-07-13 17:25:00,17,1,MARKUP,5,A,162.13541800000002,161.96228726946086,162.5682448263479,0.17313073053915673,0.04142546107831546,0,1,0,1,1,1,False,-1,
58653,2026-07-13 18:25:00,18,1,MARKUP,5,A,162.17754200000002,162.01280911853866,162.58937420365342,0.16473288146136156,0.03838176292273847,0,1,0,1,1,1,False,-1,
58665,2026-07-13 19:25:00,19,1,MARKUP,5,A,162.204408,162.0559609878447,162.57552553038823,0.14844701215528744,0.034078024310570915,0,1,1,1,0,1,False,-1,
58677,2026-07-13 20:25:00,20,1,MARKUP,5,A,162.225126,162.06062224730982,162.6363853817254,0.16450375269016604,0.028755505380340718,0,1,1,1,0,1,False,-1,
58816,2026-07-14 08:00:00,8,-1,MARKDOWN,5,A,162.378702,162.4820369277321,162.12036468066975,0.10333492773210651,0.024073855464199424,0,0,1,1,1,1,False,-1,
58859,2026-07-14 11:35:00,11,-1,MARKDOWN,6,A+,162.332992,162.4022702662359,162.15979633441026,0.06927826623589795,0.02854053247173749,0,1,1,1,1,1,False,-1,
58876,2026-07-14 13:00:00,13,-1,MARKDOWN,5,A,162.260794,162.40647913818623,161.89658115453443,0.14568513818622364,0.03695827637242218,0,1,0,1,1,1,True,58887,2.5
58895,2026-07-14 14:35:00,14,-1,MARKDOWN,5,A,162.260794,162.402128625963,161.9074574350925,0.1413346259629975,0.028257251925966603,0,1,1,0,1,1,False,-1,
58907,2026-07-14 15:35:00,15,-1,MARKDOWN,6,A+,162.09080400000002,162.4240758027605,161.25762449309877,0.3332718027604926,0.07215160552100541,0,1,1,1,1,1,False,-1,
58919,2026-07-14 16:35:00,16,-1,MARKDOWN,4,B,162.040128,162.34459666626452,161.27895633433872,0.30446866626451197,0.07719333252899548,0,0,0,1,1,1,False,-1,
58931,2026-07-14 17:35:00,17,-1,MARKDOWN,4,B,162.02406000000002,162.3153740441962,161.29577488950957,0.29131404419618434,0.07074808839242142,0,0,1,0,1,1,True,58936,-0.7275310072494817
59104,2026-07-15 08:00:00,8,1,MARKUP,5,A,162.070286,161.95398177084215,162.36104657289468,0.11630422915786198,0.024036458315723222,0,1,0,1,1,1,False,-1,
59116,2026-07-15 09:00:00,9,1,MARKUP,6,A+,162.068758,161.95379352250794,162.35616919373018,0.11496447749206595,0.02441295498415574,0,1,1,1,1,1,False,-1,
59128,2026-07-15 10:00:00,10,1,MARKUP,5,A,162.110782,162.01831048438405,162.3419607890399,0.09247151561595501,0.03137903123189256,0,1,1,1,0,1,False,-1,
59140,2026-07-15 11:00:00,11,1,MARKUP,5,A,162.17218599999998,162.07088348324527,162.42544229188678,0.10130251675471413,0.0322330335094528,0,1,0,1,1,1,False,-1,
59164,2026-07-15 13:00:00,13,1,MARKUP,6,A+,162.211252,162.08758235865656,162.5204261033586,0.12366964134344016,0.028835282686868153,0,1,1,1,1,1,False,-1,
59176,2026-07-15 14:00:00,14,1,MARKUP,5,A,162.22424,162.08619220210724,162.56935949473194,0.13804779789276722,0.0316155957855289,0,1,0,1,1,1,True,59197,-1.0
59188,2026-07-15 15:00:00,15,1,MARKUP,5,A,162.293456,162.2001174119009,162.52680247024773,0.09333858809910112,0.027765176198221955,0,1,1,0,1,1,True,59194,-1.0
59216,2026-07-15 17:20:00,17,-1,MARKDOWN,5,A,162.311602,162.44298192448431,161.98315218878918,0.131379924484321,0.041963848968646245,0,1,0,1,1,1,False,-1,
59228,2026-07-15 18:20:00,18,-1,MARKDOWN,5,A,162.302816,162.44458115534331,161.94840311164174,0.14176515534330747,0.04516231068661106,0,1,1,0,1,1,False,-1,
59240,2026-07-15 19:20:00,19,-1,MARKDOWN,6,A+,162.273142,162.41391900928903,161.92119947677745,0.1407770092890246,0.03783801857804658,0,1,1,1,1,1,False,-1,
59252,2026-07-15 20:20:00,20,-1,MARKDOWN,5,A,162.26634399999998,162.40194012621689,161.9273536844577,0.1355961262169103,0.035880252433812904,0,1,1,1,0,1,False,-1,
59393,2026-07-16 08:05:00,8,-1,MARKDOWN,6,A+,162.115902,162.17909260250332,161.95792549374173,0.06319060250331177,0.020185205006617864,0,1,1,1,1,1,True,59396,-1.0
59406,2026-07-16 09:10:00,9,1,MARKUP,4,B,162.0873,162.017771296577,162.26112175855752,0.06952870342300344,0.024457406845991108,0,1,0,1,0,1,True,59416,-1.0
59418,2026-07-16 10:10:00,10,-1,MARKDOWN,6,A+,162.10742000000002,162.1959215924372,161.88616601890706,0.08850159243718281,0.03184318487438406,0,1,1,1,1,1,True,59429,-1.0
59431,2026-07-16 11:15:00,11,-1,MARKDOWN,6,A+,162.10551,162.20040297790618,161.86827755523458,0.09489297790617002,0.04080595581233153,1,0,1,1,1,1,True,59432,-1.0
59452,2026-07-16 13:00:00,13,1,MARKUP,6,A+,162.06598400000001,161.97016053209435,162.30554266976418,0.09582346790566021,0.02967893581134139,0,1,1,1,1,1,False,-1,
59464,2026-07-16 14:00:00,14,1,MARKUP,3,C,162.06598400000001,161.97289279864557,162.29871200338613,0.09309120135444005,0.024214402708866073,0,0,0,1,0,1,False,-1,
59476,2026-07-16 15:00:00,15,1,MARKUP,3,C,162.078972,161.96997761233047,162.3514579691738,0.10899438766952585,0.030044775339076013,0,0,0,0,1,1,False,-1,
59488,2026-07-16 16:00:00,16,1,MARKUP,6,A+,162.16768,162.06057689621286,162.4354377594678,0.10710310378712506,0.030846207574244097,0,1,1,1,1,1,False,-1,
59500,2026-07-16 17:00:00,17,1,MARKUP,6,A+,162.20277000000002,162.0977415931008,162.46534101724802,0.10502840689920845,0.03051681379838569,0,1,1,1,1,1,False,-1,
59512,2026-07-16 18:00:00,18,1,MARKUP,6,A+,162.253902,162.0998081654943,162.6391365862643,0.15409383450571568,0.03238366901145724,0,1,1,1,1,1,False,-1,
59524,2026-07-16 19:00:00,19,1,MARKUP,5,A,162.253902,162.10313020671308,162.63083148321735,0.15077179328693546,0.025739586573854063,0,1,1,1,0,1,False,-1,
59536,2026-07-16 20:00:00,20,1,MARKUP,5,A,162.310688,162.1495458849536,162.713543287616,0.16114211504640252,0.028908230092780766,0,1,1,1,0,1,False,-1,
59681,2026-07-17 08:05:00,8,1,MARKUP,5,A,162.391806,162.33318581065126,162.53835647337186,0.058620189348744134,0.01562837869748638,0,1,0,1,1,1,True,59687,-1.0
59693,2026-07-17 09:05:00,9,1,MARKUP,5,A,162.391806,162.330694963358,162.54458359160498,0.06111103664198936,0.02061007328400051,0,1,1,0,1,1,True,59695,-1.0
59705,2026-07-17 10:05:00,10,-1,MARKDOWN,6,A+,162.32676,162.4710916030555,161.96593099236128,0.1443316030554911,0.044183206110974184,0,1,1,1,1,1,True,59718,-1.0
59717,2026-07-17 11:05:00,11,-1,MARKDOWN,5,A,162.32367,162.46479248864966,161.97086377837581,0.14112248864967114,0.04158497729936038,1,0,0,1,1,1,True,59718,-1.0
59740,2026-07-17 13:00:00,13,1,MARKUP,5,A,162.252386,162.11453533745708,162.5970126563573,0.13785066254291678,0.02892932508583371,0,1,0,1,1,1,False,-1,
59752,2026-07-17 14:00:00,14,1,MARKUP,3,C,162.252386,162.11556835099665,162.59443012250836,0.1368176490033477,0.026863298006659313,0,0,0,0,1,1,False,-1,
59777,2026-07-17 16:05:00,16,1,MARKUP,6,A+,162.361154,162.29206743732675,162.53387040668312,0.06908656267324886,0.025865125346492854,0,1,1,1,1,1,True,59783,0.4320087560464022
59790,2026-07-17 17:10:00,17,1,MARKUP,4,B,162.361154,162.28836140983222,162.54313547541943,0.07279259016777928,0.03327718033556222,1,0,0,1,0,1,True,59791,2.5
59802,2026-07-17 18:10:00,18,1,MARKUP,4,B,162.35886200000002,162.29041432628708,162.52998118428235,0.0684476737129387,0.029171347425837248,0,1,0,1,0,1,True,59804,2.5
59814,2026-07-17 19:10:00,19,1,MARKUP,5,A,162.378344,162.29059033053406,162.59772817366485,0.08775366946593977,0.028819338931906597,0,1,0,1,1,1,False,-1,
59826,2026-07-17 20:10:00,20,1,MARKUP,5,A,162.387512,162.29079523462508,162.62930391343724,0.09671676537490725,0.028409530749856787,0,1,1,1,0,1,False,-1,
59968,2026-07-20 08:00:00,8,-1,MARKDOWN,6,A+,162.442724,162.53373449213117,162.21519776967205,0.09101049213117562,0.015468984262337615,0,1,1,1,1,1,False,-1,
