i,time,heure,sens,phase,score,grade,entry,sl,tp,risque,atr,f_fib,f_kijun,f_rsi,f_fvg,f_ob,f_rr,rempli,bar_fill,resultat_R
174,2025-09-12 15:30:00,15,-1,MARKDOWN,3,B,3646.09008,3652.4858017321544,3630.1007756696135,6.39572173215447,2.4316034643086395,0,1,1,0,1,1,True,180,-1.0
187,2025-09-12 16:35:00,16,1,MARKUP,2,C,3643.22226,3636.3067181465763,3660.5111146335594,6.915541853423747,2.8065637068474913,0,1,1,0,0,1,True,206,0.8409652907402219
199,2025-09-12 17:35:00,17,1,MARKUP,1,C,3644.42818,3636.9303410282982,3663.172777429254,7.49783897170164,2.7793179434038207,0,1,0,0,0,1,True,206,-1.0
211,2025-09-12 18:35:00,18,1,MARKUP,2,C,3644.42818,3637.0802100798796,3662.7981048003003,7.347969920120249,2.479579840241425,1,0,0,1,0,1,True,215,-1.0
230,2025-09-12 20:10:00,20,1,MARKUP,3,B,3644.42818,3637.540243914949,3661.6480202126277,6.887936085051024,1.5595121701022014,0,1,1,1,0,1,False,-1,
360,2025-09-15 08:00:00,8,1,MARKUP,2,C,3634.33336,3625.7617697706123,3655.7623355734695,8.571590229387766,1.4964604587756338,0,1,1,0,0,1,True,384,0.9701421780169979
372,2025-09-15 09:00:00,9,1,MARKUP,0,C,3634.33336,3625.768378782045,3655.7458130448877,8.564981217954937,1.483242435909848,0,0,0,0,0,1,True,384,0.970504954647851
384,2025-09-15 10:00:00,10,-1,MARKDOWN,2,C,3642.03928,3647.947813897916,3627.2679452552093,5.908533897916186,1.9156277958327634,0,1,1,0,0,1,True,392,0.608462536073033
405,2025-09-15 11:45:00,11,-1,MARKDOWN,3,B,3641.9055799999996,3647.9736073550107,3626.735511612472,6.068027355011054,1.9672147100222428,1,0,1,0,1,1,True,406,0.5945949214561952
425,2025-09-15 13:25:00,13,1,MARKUP,2,C,3638.54286,3632.6069947164865,3653.382523208784,5.935865283513522,2.1460105670265506,0,1,1,0,0,1,True,447,1.75
437,2025-09-15 14:25:00,14,1,MARKUP,1,C,3638.54286,3632.6619230298666,3653.2452024253334,5.880936970133462,2.0361539402663498,0,1,0,0,0,1,True,447,1.75
451,2025-09-15 15:35:00,15,1,MARKUP,3,B,3639.97728,3634.539418087147,3653.5719347821323,5.437861912852895,2.44116382570568,0,1,1,0,1,1,False,-1,
463,2025-09-15 16:35:00,16,1,MARKUP,2,C,3645.72638,3634.228196309194,3674.471839227015,11.498183690805945,3.0636073816117726,0,1,1,0,0,1,False,-1,
475,2025-09-15 17:35:00,17,1,MARKUP,2,C,3646.77352,3634.289194078979,3677.984334802553,12.484325921021082,3.30161184204154,0,1,1,0,0,1,False,-1,
487,2025-09-15 18:35:00,18,1,MARKUP,1,C,3648.72324,3635.709227531957,3681.258271170107,13.014012468042893,2.4815449360859256,0,1,0,0,0,1,False,-1,
499,2025-09-15 19:35:00,19,1,MARKUP,1,C,3655.54958,3635.4072963577305,3705.9052891056735,20.142283642269376,3.085407284538476,0,1,0,0,0,1,False,-1,
511,2025-09-15 20:35:00,20,1,MARKUP,2,C,3658.76936,3640.8707608460118,3703.5158578849696,17.898599153988016,2.578478307976323,0,1,1,0,0,1,False,-1,
636,2025-09-16 08:00:00,8,1,MARKUP,2,C,3681.50128,3675.679832576187,3696.0548985595324,5.82144742381297,1.6803348476260167,0,1,0,1,0,1,True,644,1.2394741218275573
648,2025-09-16 09:00:00,9,1,MARKUP,2,C,3678.72504,3673.823080741565,3690.979938146087,4.901959258434999,1.6138385168710263,0,1,1,0,0,1,False,-1,
660,2025-09-16 10:00:00,10,1,MARKUP,2,C,3682.10574,3673.499683160922,3703.6208820976954,8.606056839078065,2.2606336781559926,0,1,1,0,0,1,False,-1,
672,2025-09-16 11:00:00,11,1,MARKUP,1,C,3684.2502,3677.0008169642497,3702.3736575893754,7.24938303575027,2.19836607150019,0,1,0,0,0,1,False,-1,
696,2025-09-16 13:00:00,13,1,MARKUP,1,C,3687.41722,3679.2488069144993,3707.838252713751,8.16841308550056,2.042386171001774,0,1,0,0,0,1,False,-1,
708,2025-09-16 14:00:00,14,1,MARKUP,0,C,3688.3133199999997,3680.789000799074,3707.124118002314,7.5243192009256745,1.861998401851376,0,0,0,0,0,1,True,726,0.8656766985087159
720,2025-09-16 15:00:00,15,1,MARKUP,2,C,3691.3233,3685.3373974069004,3706.288056482749,5.985902593099581,1.9252051861994626,0,1,0,0,1,1,True,725,-1.0
737,2025-09-16 16:25:00,16,1,MARKUP,3,B,3693.96216,3689.1080892622026,3706.097336844494,4.854070737797429,2.923821475594846,1,1,1,0,0,1,True,738,0.8242522627921662
763,2025-09-16 18:35:00,18,-1,MARKDOWN,2,C,3693.8874,3705.110726927535,3665.829082681163,11.2233269275348,3.881453855069489,0,1,0,0,1,1,False,-1,
775,2025-09-16 19:35:00,19,-1,MARKDOWN,1,C,3693.8874,3704.6473970881766,3666.9874072795587,10.759997088176533,2.954794176352769,0,0,1,0,0,1,False,-1,
787,2025-09-16 20:35:00,20,-1,MARKDOWN,1,C,3693.8874,3704.3073408478285,3667.837547880429,10.419940847828457,2.2746816956571987,0,0,1,0,0,1,False,-1,
916,2025-09-17 08:20:00,8,-1,MARKDOWN,2,C,3686.58932,3694.97870401572,3665.6158599607006,8.38938401571977,1.6974080314394482,0,1,1,0,0,1,False,-1,
928,2025-09-17 09:20:00,9,-1,MARKDOWN,1,C,3683.6909,3690.41299509259,3666.8856622685253,6.722095092589825,1.9459901851799708,0,1,0,0,0,1,False,-1,
940,2025-09-17 10:20:00,10,-1,MARKDOWN,1,C,3679.57902,3687.2165584525637,3660.485173868591,7.637538452563604,2.7531169051267983,0,1,0,0,0,1,False,-1,
952,2025-09-17 11:20:00,11,-1,MARKDOWN,2,C,3677.24118,3687.092289970678,3652.6134050733053,9.851109970677953,2.5045799413559124,0,1,1,0,0,1,False,-1,
972,2025-09-17 13:00:00,13,-1,MARKDOWN,1,C,3676.98524,3686.9190025683206,3652.1508335791987,9.933762568320617,2.158005136641249,0,0,1,0,0,1,False,-1,
984,2025-09-17 14:00:00,14,-1,MARKDOWN,1,C,3671.83144,3680.3409869534394,3650.5575726164016,8.50954695343944,2.441973906879198,0,1,0,0,0,1,True,1000,-1.0
1021,2025-09-17 17:05:00,17,1,MARKUP,2,C,3668.68084,3658.550831224447,3694.005861938883,10.130008775553051,2.9783375511061316,0,1,1,0,0,1,False,-1,
1033,2025-09-17 18:05:00,18,1,MARKUP,2,C,3670.0101999999997,3658.8081883597965,3698.015229100508,11.202011640203182,2.463623280407145,0,1,1,0,0,1,False,-1,
1045,2025-09-17 19:05:00,19,1,MARKUP,2,C,3671.7014599999998,3661.1243667822155,3698.1441930444607,10.577093217784295,2.031266435568708,0,1,1,0,0,1,True,1068,-1.0
1057,2025-09-17 20:05:00,20,1,MARKUP,0,C,3676.5699,3668.3027414462535,3697.237796384366,8.267158553746413,1.6745171074923415,0,0,0,0,0,1,True,1068,-1.0
1188,2025-09-18 08:00:00,8,-1,MARKDOWN,2,C,3662.2933000000003,3669.604447893069,3644.0154302673286,7.311147893068664,1.748895786137636,0,1,1,0,0,1,False,-1,
1200,2025-09-18 09:00:00,9,-1,MARKDOWN,2,C,3657.57814,3667.4579670425687,3632.8785723935785,9.87982704256865,2.7759340851370844,0,1,1,0,0,1,True,1220,-1.0
1212,2025-09-18 10:00:00,10,-1,MARKDOWN,1,C,3653.7963400000003,3667.781349685142,3618.8338157871467,13.98500968514145,3.422699370283276,0,1,0,0,0,1,True,1220,-1.0
1248,2025-09-18 13:00:00,13,1,MARKUP,2,C,3648.84564,3632.7354924926963,3689.1210087682593,16.110147507303736,2.409015014607642,0,1,1,0,0,1,False,-1,
1260,2025-09-18 14:00:00,14,1,MARKUP,2,C,3648.84564,3632.750487786616,3689.0835205334606,16.095152213384154,2.3790244267683605,0,1,1,0,0,1,False,-1,
1272,2025-09-18 15:00:00,15,1,MARKUP,0,C,3652.30026,3638.37195391645,3687.121025208875,13.92830608355007,2.3160921671009853,0,0,0,0,0,1,True,1289,-1.0
1292,2025-09-18 16:40:00,16,-1,MARKDOWN,2,C,3656.49198,3675.3435712124124,3609.363001968968,18.851591212412586,4.7671424248242475,0,1,1,0,0,1,False,-1,
1304,2025-09-18 17:40:00,17,-1,MARKDOWN,1,C,3655.53246,3675.042169815512,3606.75818546122,19.509709815511997,5.044339631023801,0,1,0,0,0,1,False,-1,
1316,2025-09-18 18:40:00,18,-1,MARKDOWN,0,C,3655.4892,3674.3525734745745,3608.330766313564,18.863373474574473,3.8051469491495027,0,0,0,0,0,1,False,-1,
1328,2025-09-18 19:40:00,19,-1,MARKDOWN,1,C,3655.4892,3673.7342684439627,3609.876528890093,18.245068443962737,2.568536887925424,0,0,1,0,0,1,False,-1,
1464,2025-09-19 08:00:00,8,1,MARKUP,2,C,3643.21902,3631.250684237227,3673.1398594069333,11.968335762773222,2.0786315255467422,0,1,1,0,0,1,False,-1,
1476,2025-09-19 09:00:00,9,1,MARKUP,0,C,3643.32598,3631.081306458354,3673.9376638541153,12.24467354164608,2.417387083291494,0,0,0,0,0,1,False,-1,
1526,2025-09-19 13:10:00,13,1,MARKUP,3,B,3658.39422,3656.6640204177475,3662.719718955632,1.7301995822526806,1.7719591645056412,1,1,1,0,0,1,True,1527,-1.0
1556,2025-09-19 15:40:00,15,-1,MARKDOWN,2,C,3654.07064,3660.3675596545327,3638.328340863668,6.296919654532758,2.295119309065292,0,1,1,0,0,1,True,1563,-1.0
1568,2025-09-19 16:40:00,16,1,MARKUP,1,C,3656.12382,3652.6908137827872,3664.706335543031,3.433006217212551,3.0383724344251797,0,1,0,0,0,1,True,1569,0.864787856701712
1580,2025-09-19 17:40:00,17,1,MARKUP,2,C,3652.1242199999997,3641.998653172579,3677.4381370685514,10.125566827420698,3.2826936548419776,0,1,1,0,0,1,False,-1,
1592,2025-09-19 18:40:00,18,1,MARKUP,2,C,3655.9671399999997,3641.9559695677276,3690.99506608068,14.011170432272138,3.3680608645444825,0,1,1,0,0,1,False,-1,
1604,2025-09-19 19:40:00,19,1,MARKUP,2,C,3655.9671399999997,3642.3335885911965,3690.051018522008,13.633551408803214,2.612822817606556,0,1,1,0,0,1,False,-1,
1616,2025-09-19 20:40:00,20,1,MARKUP,2,C,3655.9671399999997,3642.713065974823,3689.1023250629414,13.254074025176578,1.853868050353789,0,1,1,0,0,1,False,-1,
1740,2025-09-22 08:00:00,8,1,MARKUP,2,C,3690.1158,3684.7635643469716,3703.496389132571,5.352235653028401,1.6128713060569115,0,1,1,0,0,1,False,-1,
1752,2025-09-22 09:00:00,9,1,MARKUP,1,C,3691.17776,3684.609319703623,3707.5988607409427,6.568440296377048,1.9213605927539996,0,1,0,0,0,1,False,-1,
1764,2025-09-22 10:00:00,10,1,MARKUP,2,C,3698.71844,3684.024854449776,3735.452403875561,14.69358555022427,3.0902911004487206,0,1,0,0,1,1,False,-1,
1776,2025-09-22 11:00:00,11,1,MARKUP,2,C,3700.77638,3687.4182098420265,3734.171805394933,13.35817015797329,2.9635803159467895,0,1,1,0,0,1,False,-1,
1800,2025-09-22 13:00:00,13,1,MARKUP,1,C,3705.50788,3691.213683600454,3741.243370998866,14.294196399546308,2.3526327990924396,0,1,0,0,0,1,False,-1,
1812,2025-09-22 14:00:00,14,1,MARKUP,1,C,3708.18612,3694.617956919592,3742.1065277010193,13.568163080407885,2.1840861608162006,0,1,0,0,0,1,False,-1,
1824,2025-09-22 15:00:00,15,1,MARKUP,1,C,3716.1954,3707.5675748098447,3737.7649629753887,8.627825190155363,2.204850380310645,0,0,1,0,0,1,True,1828,0.6715779431815101
1858,2025-09-22 17:50:00,17,1,MARKUP,2,C,3723.8524199999997,3719.1037162517387,3735.7241793706526,4.74870374826105,3.912567496522259,0,1,1,0,0,1,True,1860,1.75
1870,2025-09-22 18:50:00,18,1,MARKUP,2,C,3721.3389,3710.634777668545,3748.0992058286374,10.704122331454982,3.1104446629096683,0,1,1,0,0,1,False,-1,
1882,2025-09-22 19:50:00,19,1,MARKUP,1,C,3722.6377,3710.9573883357834,3751.838479160542,11.680311664216788,2.465223328433567,0,1,0,0,0,1,False,-1,
1894,2025-09-22 20:50:00,20,1,MARKUP,2,C,3726.5688,3712.7401344518685,3761.140463870329,13.82866554813154,2.139731096262496,0,1,1,0,0,1,False,-1,
2022,2025-09-23 08:30:00,8,1,MARKUP,2,C,3750.8961,3744.589658506588,3766.66220373353,6.306441493411967,2.2606829868232876,0,1,1,0,0,1,True,2041,0.5992150719063346
2037,2025-09-23 09:45:00,9,1,MARKUP,2,C,3745.1013,3735.3322129765124,3769.5240175587182,9.769087023487373,2.615574046974813,0,1,1,0,0,1,False,-1,
2049,2025-09-23 10:45:00,10,1,MARKUP,2,C,3745.1013,3735.3991941617087,3769.356564595728,9.702105838291118,2.481611676582367,0,1,1,0,0,1,False,-1,
2061,2025-09-23 11:45:00,11,1,MARKUP,2,C,3755.39288,3741.653407169814,3789.741562075465,13.73947283018606,3.15318566037219,0,1,1,0,0,1,False,-1,
2076,2025-09-23 13:00:00,13,1,MARKUP,1,C,3762.74908,3743.3582016313003,3811.226275921749,19.39087836869976,3.683596737398879,0,1,0,0,0,1,False,-1,
2088,2025-09-23 14:00:00,14,1,MARKUP,2,C,3765.07894,3747.4613360270814,3809.1229499322963,17.61760397291846,3.0173279458368207,0,1,1,0,0,1,False,-1,
2100,2025-09-23 15:00:00,15,1,MARKUP,0,C,3765.07894,3747.4337930408074,3809.1918073979814,17.645146959192516,3.0724139183847683,0,0,0,0,0,1,False,-1,
2112,2025-09-23 16:00:00,16,1,MARKUP,2,C,3767.64364,3751.6286990137037,3807.68099246574,16.014940986296097,2.9826019725921924,0,1,1,0,0,1,False,-1,
2164,2025-09-23 20:20:00,20,1,MARKUP,3,B,3781.80256,3775.831885670146,3796.7292458246347,5.970674329853864,3.476228659707726,0,1,1,0,1,1,True,2166,-1.0
2298,2025-09-24 08:30:00,8,1,MARKUP,2,C,3759.48532,3749.62345767173,3784.1399758206735,9.86186232826958,1.9530846565393922,0,1,1,0,0,1,False,-1,
2310,2025-09-24 09:30:00,9,1,MARKUP,1,C,3760.6771599999997,3749.336020447767,3789.030008880581,11.341139552232562,2.5279591044658827,0,1,0,0,0,1,False,-1,
2322,2025-09-24 10:30:00,10,1,MARKUP,2,C,3760.68862,3749.385084331688,3788.9474591707794,11.303535668311724,2.429831336623507,0,1,1,0,0,1,False,-1,
2360,2025-09-24 13:40:00,13,-1,MARKDOWN,2,C,3771.83392,3780.401428821527,3750.4151479461825,8.567508821527099,2.282857643054196,0,1,1,0,0,1,False,-1,
2372,2025-09-24 14:40:00,14,-1,MARKDOWN,0,C,3771.7880800000003,3780.3915891844576,3750.279307038857,8.60350918445738,2.263178368914443,0,0,0,0,0,1,True,2392,1.75
2394,2025-09-24 16:30:00,16,-1,MARKDOWN,2,C,3767.14072,3773.298032848093,3751.747437879767,6.15731284809317,3.11606569618659,0,1,1,0,0,1,False,-1,
2406,2025-09-24 17:30:00,17,-1,MARKDOWN,2,C,3765.43628,3775.0615682052876,3741.3730594867807,9.625288205287688,4.383136410575252,0,1,0,0,1,1,False,-1,
2418,2025-09-24 18:30:00,18,-1,MARKDOWN,2,C,3762.55982,3774.8669067127094,3731.7921032182267,12.307086712709406,3.9938134254191167,0,1,1,0,0,1,False,-1,
2430,2025-09-24 19:30:00,19,-1,MARKDOWN,1,C,3759.42742,3774.953631151171,3720.6118921220723,15.526211151171083,4.16726230234196,0,1,0,0,0,1,False,-1,
2442,2025-09-24 20:30:00,20,-1,MARKDOWN,2,C,3757.39136,3774.515978015524,3714.57981496119,17.124618015523993,3.2919560310487914,0,1,1,0,0,1,False,-1,
2568,2025-09-25 08:00:00,8,-1,MARKDOWN,1,C,3743.1942,3752.694867749321,3719.442530626697,9.50066774932111,2.269735498642088,0,0,1,0,0,1,True,2582,-1.0
2592,2025-09-25 10:00:00,10,1,MARKUP,3,B,3736.78048,3728.3733450580794,3757.798317354801,8.407134941920503,2.5733098838405595,0,1,1,0,1,1,False,-1,
2604,2025-09-25 11:00:00,11,1,MARKUP,2,C,3741.2709,3730.1643383827914,3769.0373040430213,11.106561617208627,3.1513232344172732,0,1,1,0,0,1,False,-1,
2628,2025-09-25 13:00:00,13,1,MARKUP,1,C,3744.6541,3732.6857523499325,3774.5749691251694,11.968347650067699,2.8884953001355105,0,1,0,0,0,1,True,2642,-1.0
2669,2025-09-25 16:25:00,16,-1,MARKDOWN,2,C,3749.53046,3763.6792378153887,3714.158515461528,14.148777815388712,5.0184756307767415,0,1,0,1,0,1,False,-1,
2681,2025-09-25 17:25:00,17,-1,MARKDOWN,1,C,3746.27582,3764.105671247991,3701.7011918800226,17.829851247990973,5.871342495981621,0,1,0,0,0,1,False,-1,
2693,2025-09-25 18:25:00,18,-1,MARKDOWN,2,C,3746.05334,3763.3253433051577,3702.873331737105,17.272003305157796,5.030686610315532,0,1,1,0,0,1,False,-1,
2709,2025-09-25 19:45:00,19,-1,MARKDOWN,2,C,3742.9757,3757.7647904794144,3706.0029738014637,14.789090479414426,3.86958095882884,0,0,1,0,1,1,True,2715,-1.0
2844,2025-09-26 08:00:00,8,1,MARKUP,1,C,3745.1018400000003,3739.1860740811903,3759.891254797025,5.915765918809939,1.807851837619806,0,1,0,0,0,1,True,2846,0.8080408520945711
2857,2025-09-26 09:05:00,9,1,MARKUP,2,C,3740.26528,3733.3132964283504,3757.6452389291244,6.9519835716496345,2.413407143299372,0,1,1,0,0,1,True,2869,1.0550087116411628
2871,2025-09-26 10:15:00,10,1,MARKUP,2,C,3741.95372,3733.031662477434,3764.2588638064144,8.922057522565865,2.976675045131417,1,0,1,0,0,1,False,-1,
2883,2025-09-26 11:15:00,11,1,MARKUP,1,C,3743.32568,3735.3506129057187,3763.263347735703,7.975067094281258,2.7787741885622745,0,1,0,0,0,1,False,-1,
2904,2025-09-26 13:00:00,13,1,MARKUP,2,C,3745.37144,3738.1660606035316,3763.3848884911704,7.205379396468288,2.247878792936479,0,1,1,0,0,1,True,2913,0.7776118953170654
2920,2025-09-26 14:20:00,14,1,MARKUP,2,C,3745.37144,3738.227910171005,3763.2302645724867,7.143529828994815,2.124179657990007,0,1,1,0,0,1,False,-1,
2934,2025-09-26 15:30:00,15,1,MARKUP,2,C,3748.21992,3741.708688761013,3764.4979980974676,6.511231238986966,2.6626224779740304,0,1,1,0,0,1,False,-1,
2946,2025-09-26 16:30:00,16,1,MARKUP,3,B,3751.91386,3741.0165757835066,3779.157070541234,10.897284216493517,4.046848432987105,0,1,1,0,1,1,False,-1,
2958,2025-09-26 17:30:00,17,1,MARKUP,1,C,3758.59886,3740.591034927827,3803.6184226804326,18.00782507217309,4.897930144346068,0,1,0,0,0,1,False,-1,
2970,2025-09-26 18:30:00,18,1,MARKUP,2,C,3758.59886,3741.004254169988,3802.58537457503,17.594605830011915,4.071491660023992,0,1,1,0,0,1,False,-1,
2982,2025-09-26 19:30:00,19,1,MARKUP,1,C,3760.8113,3744.7755533554105,3800.9006666114733,16.03574664458938,3.6888932891786537,0,0,1,0,0,1,False,-1,
2994,2025-09-26 20:30:00,20,1,MARKUP,1,C,3762.03494,3747.1249653617965,3799.3098765955087,14.909974638203494,2.950069276407061,0,1,0,0,0,1,False,-1,
3120,2025-09-29 08:00:00,8,1,MARKUP,1,C,3783.63638,3766.2214185133407,3827.173783716648,17.414961486659195,3.437162973319071,0,1,0,0,0,1,False,-1,
3132,2025-09-29 09:00:00,9,1,MARKUP,2,C,3785.95512,3765.8987771951574,3836.0959770121067,20.056342804842643,4.082445609685448,0,1,1,0,0,1,False,-1,
3144,2025-09-29 10:00:00,10,1,MARKUP,1,C,3793.80894,3775.6400367308865,3839.2311981727835,18.168903269113343,4.119926538226553,0,1,0,0,0,1,False,-1,
3156,2025-09-29 11:00:00,11,1,MARKUP,1,C,3802.80084,3790.3377034917044,3833.9586812707385,12.46313650829552,3.8245930165915833,0,0,1,0,0,1,False,-1,
3184,2025-09-29 13:20:00,13,1,MARKUP,3,B,3808.3752,3799.7210625362177,3830.010543659456,8.654137463782263,3.0978749275641952,0,1,1,0,1,1,False,-1,
3196,2025-09-29 14:20:00,14,1,MARKUP,2,C,3812.17812,3803.673384994202,3833.4399575144953,8.504735005798011,2.7532300115962567,0,1,1,0,0,1,True,3215,0.955568121964123
3208,2025-09-29 15:20:00,15,1,MARKUP,1,C,3815.12334,3803.316560169593,3844.6402895760184,11.806779830407322,3.4668796608145627,0,1,0,0,0,1,True,3210,0.7003855925087981
3220,2025-09-29 16:20:00,16,1,MARKUP,3,B,3815.9391,3804.3008422538787,3845.0347443653036,11.638257746121326,4.138315492242663,0,1,1,0,1,1,False,-1,
3232,2025-09-29 17:20:00,17,1,MARKUP,1,C,3815.9391,3803.8264629180594,3846.220692704852,12.112637081940647,5.087074163880999,0,1,0,0,0,1,False,-1,
3244,2025-09-29 18:20:00,18,1,MARKUP,2,C,3818.3006,3807.117845285395,3846.2574867865123,11.182754714604926,4.564309429210084,0,1,1,0,0,1,False,-1,
3256,2025-09-29 19:20:00,19,1,MARKUP,1,C,3818.63676,3807.603377550051,3846.2202161248724,11.033382449948931,3.5932448998986612,0,1,0,0,0,1,False,-1,
3268,2025-09-29 20:20:00,20,1,MARKUP,1,C,3818.63676,3807.9738711367877,3845.2939821580303,10.662888863212174,2.852257726424915,0,1,0,0,0,1,False,-1,
3396,2025-09-30 08:00:00,8,1,MARKUP,2,C,3846.85646,3831.2417985394463,3885.893113651384,15.614661460553634,2.556402921107024,0,1,1,0,0,1,False,-1,
3408,2025-09-30 09:00:00,9,1,MARKUP,1,C,3850.48006,3836.665470622375,3885.0165334440626,13.814589377624998,2.929058755250934,0,1,0,0,0,1,True,3425,-1.0
3439,2025-09-30 11:35:00,11,-1,MARKDOWN,2,C,3847.2729,3874.990445233949,3777.979036915128,27.71754523394884,6.500890467898048,0,1,1,0,0,1,False,-1,
3456,2025-09-30 13:00:00,13,-1,MARKDOWN,1,C,3841.7338999999997,3874.9285095028304,3758.747376242923,33.194609502830644,6.377019005661025,0,1,0,0,0,1,False,-1,
3468,2025-09-30 14:00:00,14,-1,MARKDOWN,1,C,3841.7338999999997,3874.0640438240916,3760.90854043977,32.33014382409192,4.648087648183589,0,0,1,0,0,1,False,-1,
3514,2025-09-30 17:50:00,17,1,MARKUP,2,C,3818.86522,3793.877362552801,3881.334863617998,24.987857447199076,5.8852748943978135,0,1,1,0,0,1,False,-1,
3526,2025-09-30 18:50:00,18,1,MARKUP,1,C,3823.6973,3801.613641369581,3878.9064465760475,22.083658630418995,5.852717260838516,0,1,0,0,0,1,False,-1,
3538,2025-09-30 19:50:00,19,1,MARKUP,1,C,3826.43504,3806.9909127644664,3875.0453580888334,19.444127235533415,3.9581744710665525,0,1,0,0,0,1,False,-1,
3550,2025-09-30 20:50:00,20,1,MARKUP,1,C,3828.14072,3810.1325615552096,3873.1611161119754,18.008158444790297,3.19487688958083,0,1,0,0,0,1,False,-1,
3672,2025-10-01 08:00:00,8,1,MARKUP,3,B,3865.0364799999998,3857.259121848379,3884.479875379052,7.777358151620774,2.841756303241306,0,1,1,1,0,1,True,3673,-1.0
3699,2025-10-01 10:15:00,10,1,MARKUP,2,C,3861.07316,3853.972795738667,3878.8240706533315,7.100364261332743,3.2144085226651726,0,1,1,0,0,1,False,-1,
3711,2025-10-01 11:15:00,11,1,MARKUP,2,C,3868.4801199999997,3851.3295571485887,3911.356527128527,17.150562851410996,4.000885702822019,0,1,1,0,0,1,False,-1,
3732,2025-10-01 13:00:00,13,1,MARKUP,1,C,3869.3969199999997,3851.615467146932,3913.850552132669,17.78145285306755,3.429065706135548,0,1,0,0,0,1,False,-1,
3744,2025-10-01 14:00:00,14,1,MARKUP,0,C,3869.3969199999997,3851.955558620426,3913.000323448934,17.441361379573664,2.7488827591482035,0,0,0,0,0,1,True,3767,-0.21884300869253906
3759,2025-10-01 15:15:00,15,1,MARKUP,2,C,3878.14162,3865.937756663458,3908.6512783413546,12.203863336541872,3.0844866730844385,0,1,1,0,0,1,True,3761,-1.0
3792,2025-10-01 18:00:00,18,-1,MARKDOWN,0,C,3877.81662,3893.8342871553555,3837.7724521116115,16.01766715535541,5.608574310710721,0,0,0,0,0,1,False,-1,
3804,2025-10-01 19:00:00,19,-1,MARKDOWN,2,C,3877.81662,3893.716941783285,3838.0658155417873,15.900321783285108,5.373883566569797,0,1,1,0,0,1,False,-1,
3823,2025-10-01 20:35:00,20,-1,MARKDOWN,2,C,3870.1657800000003,3880.1551499170664,3845.192355207335,9.989369917066142,3.0102998341328764,0,0,1,0,1,1,False,-1,
3949,2025-10-02 08:05:00,8,1,MARKUP,2,C,3859.40456,3851.894969271016,3878.178536822459,7.509590728983767,1.9700614579675275,0,1,1,0,0,1,False,-1,
3961,2025-10-02 09:05:00,9,1,MARKUP,2,C,3863.07172,3856.9752604598557,3878.3128688503602,6.096459540144224,1.9094790802882504,0,1,1,0,0,1,True,3971,1.0826821243854663
3973,2025-10-02 10:05:00,10,1,MARKUP,3,B,3866.55938,3860.3623726518026,3882.051898370494,6.1970073481975305,2.7752546963950873,0,1,1,0,1,1,True,3977,1.75
3987,2025-10-02 11:15:00,11,1,MARKUP,3,B,3866.78858,3860.2091662510124,3883.2371143724686,6.579413748987463,3.081667497974719,1,0,1,0,1,1,False,-1,
4008,2025-10-02 13:00:00,13,1,MARKUP,2,C,3868.7396,3860.56621932659,3889.173051683525,8.173380673410065,2.747561346820503,0,1,1,0,0,1,False,-1,
4020,2025-10-02 14:00:00,14,1,MARKUP,1,C,3870.31726,3860.642077385337,3894.505216536657,9.675182614662845,2.5958452293266268,0,1,0,0,0,1,False,-1,
4032,2025-10-02 15:00:00,15,1,MARKUP,2,C,3871.83762,3860.7376515682377,3899.587541079405,11.099968431762136,2.4046968635247876,0,1,1,0,0,1,True,4056,-1.0
4044,2025-10-02 16:00:00,16,1,MARKUP,2,C,3875.17444,3863.0158823495062,3905.5708341262334,12.158557650493549,3.3682353009872528,0,1,1,0,0,1,True,4054,-1.0
4065,2025-10-02 17:45:00,17,-1,MARKDOWN,2,C,3870.66884,3900.1270327587595,3797.0233581031007,29.45819275875965,6.674065517519343,0,1,1,0,0,1,False,-1,
4077,2025-10-02 18:45:00,18,-1,MARKDOWN,1,C,3867.21556,3900.6118454137268,3783.724846465683,33.39628541372667,7.643690827454029,0,1,0,0,0,1,False,-1,
4089,2025-10-02 19:45:00,19,-1,MARKDOWN,0,C,3867.21556,3899.8248565898857,3785.6923185252863,32.609296589885616,6.069713179771173,0,0,0,0,0,1,False,-1,
4101,2025-10-02 20:45:00,20,-1,MARKDOWN,0,C,3867.21556,3899.0892169589724,3787.5314176025695,31.873656958972333,4.598433917944935,0,0,0,0,0,1,False,-1,
4224,2025-10-03 08:00:00,8,-1,MARKDOWN,0,C,3853.23954,3863.8728995509337,3826.6561411226658,10.63335955093362,2.5257991018667005,0,0,0,0,0,1,True,4227,-1.0
4245,2025-10-03 09:45:00,9,1,MARKUP,1,C,3846.84308,3836.6201208458037,3872.400477885491,10.22295915419636,2.919758308391994,0,1,0,0,0,1,False,-1,
4257,2025-10-03 10:45:00,10,1,MARKUP,1,C,3848.42838,3836.803778132233,3877.4898846694164,11.624601867766614,2.5524437355335974,0,1,0,0,0,1,False,-1,
4269,2025-10-03 11:45:00,11,1,MARKUP,1,C,3849.4527799999996,3838.305437860047,3877.321135349882,11.147342139952798,2.209124279906343,0,1,0,0,0,1,False,-1,
4284,2025-10-03 13:00:00,13,1,MARKUP,2,C,3852.6911,3843.5802699156116,3875.468175210971,9.110830084388454,2.139460168777416,0,1,1,0,0,1,False,-1,
4296,2025-10-03 14:00:00,14,1,MARKUP,1,C,3858.16662,3851.0766982875834,3875.8914242810415,7.089921712416526,2.4066034248336394,0,1,0,0,0,1,True,4299,1.75
4308,2025-10-03 15:00:00,15,1,MARKUP,2,C,3861.07122,3855.535818116688,3874.909724708279,5.535401883311806,2.8883637666244053,0,1,0,1,0,1,True,4310,1.75
4320,2025-10-03 16:00:00,16,1,MARKUP,1,C,3862.8716600000002,3853.2070701509942,3887.0331346225153,9.664589849006006,3.1858596980120213,0,1,0,0,0,1,False,-1,
4332,2025-10-03 17:00:00,17,1,MARKUP,1,C,3868.4947,3852.4189215683864,3908.6841460790347,16.0757784316138,4.762156863227686,0,1,0,0,0,1,True,4334,0.9352292865708542
4344,2025-10-03 18:00:00,18,1,MARKUP,2,C,3868.4947,3852.054792960857,3909.594467597858,16.439907039143236,5.490414078286272,0,1,1,0,0,1,False,-1,
4356,2025-10-03 19:00:00,19,1,MARKUP,1,C,3868.88816,3852.519856881534,3909.8089177961647,16.368303118465974,4.560286236932023,0,1,0,0,0,1,False,-1,
4368,2025-10-03 20:00:00,20,1,MARKUP,0,C,3872.47874,3858.8660353774767,3906.5105015563086,13.612704622523324,3.487929245046771,0,0,0,0,0,1,False,-1,
4500,2025-10-06 08:00:00,8,1,MARKUP,2,C,3915.00232,3897.3577902960965,3959.113644259759,17.644529703903572,3.384419407807779,0,1,1,0,0,1,False,-1,
4512,2025-10-06 09:00:00,9,1,MARKUP,0,C,3917.9303600000003,3899.0339908504766,3965.1712828738096,18.896369149523707,4.192018299047487,0,0,0,0,0,1,False,-1,
4524,2025-10-06 10:00:00,10,1,MARKUP,3,B,3928.89368,3916.8926468421787,3958.8962628945537,12.001033157821439,3.954706315642051,0,1,1,1,0,1,False,-1,
4536,2025-10-06 11:00:00,11,1,MARKUP,2,C,3930.10684,3918.276396063821,3959.6829498404477,11.830443936179108,4.087207872359108,0,1,1,0,0,1,False,-1,
4560,2025-10-06 13:00:00,13,1,MARKUP,0,C,3932.74882,3920.526504762737,3963.3046080931563,12.222315237262592,3.4269904745248856,0,0,0,0,0,1,True,4561,0.845923496339785
4572,2025-10-06 14:00:00,14,1,MARKUP,1,C,3932.74882,3920.5465934373537,3963.2543864066147,12.202226562646047,3.3868131252916625,0,1,0,0,0,1,True,4582,1.2046798227925812
4587,2025-10-06 15:15:00,15,1,MARKUP,3,B,3937.09336,3927.36268311112,3961.420052222199,9.73067688887977,3.8146337777595614,0,1,1,0,1,1,True,4588,-1.0
4604,2025-10-06 16:40:00,16,1,MARKUP,2,C,3941.55294,3935.504687176818,3956.6735720579545,6.048252823181883,5.090625646364153,0,1,1,0,0,1,True,4605,0.5
4616,2025-10-06 17:40:00,17,1,MARKUP,2,C,3938.79838,3923.9076618499435,3976.0251753751418,14.890718150056728,5.264676300112809,0,1,1,0,0,1,False,-1,
4628,2025-10-06 18:40:00,18,1,MARKUP,2,C,3938.86332,3924.149077189644,3975.6489270258903,14.714242810356154,4.781845620712357,0,1,1,0,0,1,False,-1,
4640,2025-10-06 19:40:00,19,1,MARKUP,1,C,3943.16846,3923.992571268496,3991.1081818287603,19.175888731504074,5.094857463008255,0,0,1,0,0,1,False,-1,
4652,2025-10-06 20:40:00,20,1,MARKUP,1,C,3943.63196,3925.3572734648214,3989.318676337947,18.274686535178716,3.865453070357369,0,0,1,0,0,1,False,-1,
4776,2025-10-07 08:00:00,8,1,MARKUP,3,B,3971.24854,3966.212694187079,3983.838154532303,5.035845812921252,2.4546116258422397,1,1,0,1,0,1,True,4777,-1.0
4802,2025-10-07 10:10:00,10,-1,MARKDOWN,2,C,3966.6281400000003,3978.8499968735996,3936.0734978160017,12.221856873599336,3.6399937471985973,0,1,1,0,0,1,False,-1,
4814,2025-10-07 11:10:00,11,-1,MARKDOWN,1,C,3963.22452,3979.086882433638,3923.5686139159056,15.862362433637827,4.113764867275231,0,1,0,0,0,1,True,4829,-1.0
4860,2025-10-07 15:00:00,15,1,MARKUP,2,C,3952.10552,3939.1684072924922,3984.44830176877,12.937112707507822,3.4431854150148964,0,1,1,0,0,1,False,-1,
4872,2025-10-07 16:00:00,16,1,MARKUP,3,B,3956.90726,3939.026185997679,4001.6099450058023,17.88107400232093,3.727628004641459,0,1,1,0,1,1,False,-1,
4884,2025-10-07 17:00:00,17,1,MARKUP,1,C,3964.91992,3949.8031254322673,4002.711906419331,15.11679456773254,4.593749135464951,0,1,0,0,0,1,True,4905,0.9823492471701614
4896,2025-10-07 18:00:00,18,1,MARKUP,1,C,3967.75558,3953.066709979176,4004.4777550520603,14.688870020824197,5.1665800416486185,0,1,0,0,0,1,True,4905,0.8998772179918917
4915,2025-10-07 19:35:00,19,1,MARKUP,3,B,3973.3543,3959.374498388456,4008.30380402886,13.97980161154419,6.0710032230878,0,1,1,0,1,1,True,4917,0.6755924114526923
4927,2025-10-07 20:35:00,20,1,MARKUP,2,C,3977.48872,3966.7672555236513,4004.2923811908713,10.721464476348501,4.665488952696901,0,1,1,0,0,1,True,4932,0.9609317827456809
5052,2025-10-08 08:00:00,8,1,MARKUP,2,C,4000.83994,3983.1315325140067,4045.1109587149826,17.70840748599312,2.8169349719862358,0,1,1,0,0,1,False,-1,
5064,2025-10-08 09:00:00,9,1,MARKUP,1,C,4004.61792,3982.8255615017624,4059.098816245594,21.792358498237718,3.4288769964754833,0,1,0,0,0,1,False,-1,
5076,2025-10-08 10:00:00,10,1,MARKUP,1,C,4013.60982,3997.3014315074142,4054.380791231465,16.30838849258589,3.5771369851714927,0,1,0,0,0,1,False,-1,
5088,2025-10-08 11:00:00,11,1,MARKUP,2,C,4020.44168,4007.138005375182,4053.700866562045,13.303674624818086,3.5039892496360032,0,1,1,0,0,1,False,-1,
5112,2025-10-08 13:00:00,13,1,MARKUP,2,C,4032.1106,4019.58695796865,4063.419705078375,12.523642031349937,3.4260840627000935,0,1,0,0,1,1,False,-1,
5126,2025-10-08 14:10:00,14,1,MARKUP,0,C,4032.1106,4019.695688952963,4063.1478776175927,12.414911047037094,3.208622094074398,0,0,0,0,0,1,True,5143,0.818691182363743
5138,2025-10-08 15:10:00,15,1,MARKUP,3,B,4037.94452,4029.0864073258745,4060.089801685314,8.85811267412555,3.3071853482507496,0,1,1,1,0,1,True,5140,0.6173571299852034
5150,2025-10-08 16:10:00,16,1,MARKUP,2,C,4037.94452,4028.7378817870135,4060.9611155324665,9.20663821298649,4.004236425972367,0,1,1,0,0,1,True,5154,-1.0
5162,2025-10-08 17:10:00,17,1,MARKUP,2,C,4037.94452,4028.1252146381985,4062.492783404504,9.819305361801526,5.229570723602321,0,1,1,0,0,1,True,5164,0.6718126126876152
5176,2025-10-08 18:20:00,18,1,MARKUP,2,C,4035.62642,4023.628190845433,4065.6219928864175,11.99822915456707,5.423618309134138,0,1,1,0,0,1,False,-1,
5188,2025-10-08 19:20:00,19,1,MARKUP,1,C,4037.8343800000002,4024.176494963223,4071.9790925919433,13.657885036777316,4.3270100735541135,0,1,0,0,0,1,False,-1,
5200,2025-10-08 20:20:00,20,1,MARKUP,1,C,4038.88106,4024.52077334074,4074.7817766481503,14.360286659260055,3.6384533185203596,0,1,0,0,0,1,True,5211,0.8412650783210208
5330,2025-10-09 08:10:00,8,1,MARKUP,1,C,4017.33082,4000.9088775799282,4058.38567605018,16.4219424200719,3.4222448401429646,0,1,0,0,0,1,False,-1,
5342,2025-10-09 09:10:00,9,1,MARKUP,1,C,4018.33548,4000.8472081256627,4062.056159685844,17.488271874337443,3.5455837486742157,0,1,0,0,0,1,False,-1,
5371,2025-10-09 11:35:00,11,1,MARKUP,3,B,4032.4258800000002,4023.749136415499,4054.1177389612535,8.67674358450131,3.3417271690022115,0,1,1,1,0,1,False,-1,
5394,2025-10-09 13:30:00,13,1,MARKUP,3,B,4038.6801,4035.3499002105004,4047.005599473749,3.330199789499602,2.420199578998867,0,1,1,0,1,1,True,5396,0.8249370003832366
5406,2025-10-09 14:30:00,14,1,MARKUP,1,C,4031.82418,4021.2005085731635,4058.383358567092,10.623671426836609,2.918982853672789,0,0,1,0,0,1,False,-1,
5418,2025-10-09 15:30:00,15,1,MARKUP,2,C,4034.3208999999997,4025.1769290437574,4057.1808273906054,9.143970956242356,3.0461419124852065,0,1,1,0,0,1,True,5432,0.5
5430,2025-10-09 16:30:00,16,1,MARKUP,1,C,4042.84574,4031.1436188414486,4072.101042896379,11.702121158551563,4.632762317102548,0,1,0,0,0,1,True,5431,-1.0
5442,2025-10-09 17:30:00,17,-1,MARKDOWN,2,C,4037.5586200000002,4061.9937459906323,3976.4708050234203,24.43512599063206,7.9274919812639,0,1,1,0,0,1,False,-1,
5454,2025-10-09 18:30:00,18,-1,MARKDOWN,2,C,4037.5586200000002,4061.7535422336223,3977.0713144159454,24.194922233622037,7.447084467244562,0,1,1,0,0,1,False,-1,
5466,2025-10-09 19:30:00,19,-1,MARKDOWN,2,C,4035.09854,4061.4440227297155,3969.234833175711,26.345482729715513,6.828045459430961,0,1,1,0,0,1,False,-1,
5478,2025-10-09 20:30:00,20,-1,MARKDOWN,1,C,4014.75704,4062.7977806456784,3894.6551883858037,48.0407406456784,9.535561291356439,0,1,0,0,0,1,False,-1,
5604,2025-10-10 08:00:00,8,-1,MARKDOWN,0,C,3976.40084,3996.6569252513896,3925.7606268715253,20.256085251389777,4.313850502778727,0,0,0,0,0,1,True,5607,0.8425448832855927
5616,2025-10-10 09:00:00,9,-1,MARKDOWN,3,B,3975.0721399999998,3994.6212090480008,3926.1994673799973,19.549069048001,4.542418096001286,1,0,1,0,1,1,True,5623,0.8209497261917899
5628,2025-10-10 10:00:00,10,-1,MARKDOWN,2,C,3971.62988,3989.255780665864,3927.565128335339,17.625900665864265,4.951561331728478,0,1,1,0,0,1,True,5638,-1.0
5651,2025-10-10 11:55:00,11,1,MARKUP,1,C,3965.21916,3945.0366573601,4015.6754165997504,20.18250263990012,4.166685279800241,0,1,0,0,0,1,False,-1,
5664,2025-10-10 13:00:00,13,1,MARKUP,1,C,3973.24642,3950.098057716145,4031.1173257096375,23.148362283855022,4.803884567709883,0,1,0,0,0,1,False,-1,
5676,2025-10-10 14:00:00,14,1,MARKUP,1,C,3973.24642,3950.391052659583,4030.384838351043,22.85536734041716,4.217894680834851,0,0,1,0,0,1,False,-1,
5724,2025-10-10 18:00:00,18,1,MARKUP,2,C,3994.46788,3987.5232868725866,4011.829362818534,6.944593127413555,6.753426254827421,0,1,1,0,0,1,True,5736,-1.0
5736,2025-10-10 19:00:00,19,1,MARKUP,1,C,3990.7558,3966.7294812442688,4050.821596889328,24.026318755731154,8.401037511462368,1,0,0,0,0,1,True,5737,0.8893975169984523
5880,2025-10-13 08:00:00,8,1,MARKUP,2,C,4038.7376,4022.9228451656422,4078.274487085894,15.8147548343577,3.514309668714863,0,1,1,0,0,1,False,-1,
5892,2025-10-13 09:00:00,9,1,MARKUP,0,C,4053.2364000000002,4035.516602387269,4097.535894031828,17.719797612731327,4.726795225462111,0,0,0,0,0,1,False,-1,
5904,2025-10-13 10:00:00,10,1,MARKUP,1,C,4055.6466,4039.7992370962775,4095.2650072593065,15.84736290372257,3.9615258074453195,0,1,0,0,0,1,False,-1,
5916,2025-10-13 11:00:00,11,1,MARKUP,1,C,4058.5573799999997,4044.441526346334,4093.8470141341645,14.115853653665908,4.096947307331743,0,1,0,0,0,1,False,-1,
5940,2025-10-13 13:00:00,13,1,MARKUP,1,C,4067.18898,4057.724711066304,4090.84965233424,9.464268933696076,3.350577867392137,0,1,0,0,0,1,False,-1,
5952,2025-10-13 14:00:00,14,1,MARKUP,1,C,4069.27718,4057.8986874933103,4097.723411266725,11.378492506689781,3.282625013379591,0,1,0,0,0,1,False,-1,
5965,2025-10-13 15:05:00,15,1,MARKUP,3,B,4074.49928,4066.480448052828,4094.5463598679307,8.018831947172202,3.019103894344328,1,0,1,0,1,1,True,5966,0.768675145110979
5977,2025-10-13 16:05:00,16,1,MARKUP,3,B,4075.5622000000003,4067.1167188970367,4096.67590275741,8.44548110296364,3.826562205927111,0,1,1,0,1,1,False,-1,
5989,2025-10-13 17:05:00,17,1,MARKUP,2,C,4080.36076,4068.0174506775966,4111.219033306009,12.343309322403456,4.685098644807243,0,1,1,0,0,1,False,-1,
6001,2025-10-13 18:05:00,18,1,MARKUP,1,C,4083.81702,4069.1639707454456,4120.449643136386,14.65304925455439,4.392058509109233,0,1,0,0,0,1,False,-1,
6013,2025-10-13 19:05:00,19,1,MARKUP,2,C,4088.52596,4071.1645272433493,4131.929541891626,17.36143275665063,4.3309455133010015,0,1,1,0,0,1,False,-1,
6025,2025-10-13 20:05:00,20,1,MARKUP,1,C,4090.35296,4071.6553721817454,4137.096929545637,18.69758781825476,4.329255636509965,0,1,0,0,0,1,False,-1,
6156,2025-10-14 08:00:00,8,1,MARKUP,2,C,4139.2166,4117.441406638907,4193.654583402731,21.775193361092533,4.3571867221845935,0,1,1,0,0,1,True,6163,0.5
6182,2025-10-14 10:10:00,10,-1,MARKDOWN,1,C,4145.64066,4185.296448043737,4046.501189890658,39.65578804373672,11.032896087474413,0,1,0,0,0,1,False,-1,
6194,2025-10-14 11:10:00,11,-1,MARKDOWN,1,C,4145.64066,4184.110274546031,4049.466623634922,38.46961454603115,8.660549092063379,1,0,0,0,0,1,False,-1,
6223,2025-10-14 13:35:00,13,1,MARKUP,2,C,4131.46916,4116.348998494002,4169.269563764992,15.120161505997203,5.5020030119952805,0,1,1,0,0,1,True,6225,-1.0
6246,2025-10-14 15:30:00,15,-1,MARKDOWN,3,B,4132.07178,4147.848533447513,4092.629896381219,15.77675344751242,5.417066895023806,0,1,1,0,1,1,True,6266,-1.0
6258,2025-10-14 16:30:00,16,-1,MARKDOWN,2,C,4126.539360000001,4147.707327336949,4073.6194416576304,21.167967336948095,6.79465467389733,0,1,0,1,0,1,True,6260,-1.0
6283,2025-10-14 18:35:00,18,1,MARKUP,2,C,4114.9456199999995,4094.8591279497095,4165.161850125724,20.086492050289962,5.861744100581287,0,1,1,0,0,1,False,-1,
6295,2025-10-14 19:35:00,19,1,MARKUP,2,C,4114.9456199999995,4094.8089609593308,4165.287267601671,20.136659040668746,5.962078081338228,0,1,1,0,0,1,False,-1,
6307,2025-10-14 20:35:00,20,1,MARKUP,2,C,4119.71298,4094.6294688368853,4182.421757907788,25.083511163114963,6.321062326229534,0,1,1,0,0,1,False,-1,
6432,2025-10-15 08:00:00,8,1,MARKUP,1,C,4167.8867,4151.95193631944,4207.723609201399,15.934763680559627,3.71612736111962,0,0,1,0,0,1,False,-1,
6444,2025-10-15 09:00:00,9,1,MARKUP,2,C,4177.31862,4165.046731046017,4207.998342384957,12.271888953982852,4.366537907964558,0,1,0,0,1,1,False,-1,
6456,2025-10-15 10:00:00,10,1,MARKUP,1,C,4179.88948,4165.233511624308,4216.529400939228,14.655968375691373,3.992976751381764,0,1,0,0,0,1,False,-1,
6468,2025-10-15 11:00:00,11,1,MARKUP,2,C,4187.273,4171.578440655912,4226.50939836022,15.694559344087793,3.5031186881746295,0,1,1,0,0,1,True,6484,-1.0
6511,2025-10-15 14:35:00,14,1,MARKUP,4,A,4200.02102,4186.208236525444,4234.552978686392,13.812783474556454,5.003526949113479,1,1,1,0,1,1,True,6512,-1.0
6541,2025-10-15 17:05:00,17,1,MARKUP,2,C,4204.7428,4199.173021131253,4218.667247171867,5.569778868746653,7.013957737494026,0,1,1,0,0,1,True,6543,0.5
6553,2025-10-15 18:05:00,18,1,MARKUP,2,C,4190.25942,4173.236347932662,4232.817100168346,17.023072067338035,6.687304134675028,0,1,1,0,0,1,True,6558,0.9760238203458986
6565,2025-10-15 19:05:00,19,1,MARKUP,3,B,4190.25942,4173.0560924560305,4233.267738859925,17.203327543969863,7.047815087938899,1,0,1,0,1,1,True,6566,0.9710360701327352
6586,2025-10-15 20:50:00,20,1,MARKUP,4,A,4194.21462,4180.074844219882,4229.564059450295,14.139775780117816,5.810311560235168,1,1,1,0,1,1,False,-1,
6708,2025-10-16 08:00:00,8,1,MARKUP,1,C,4220.0774,4204.7968790578125,4258.278702355469,15.28052094218765,3.286241884373576,0,0,1,0,0,1,True,6714,-1.0
6737,2025-10-16 10:25:00,10,1,MARKUP,3,B,4232.202560000001,4223.575348726105,4253.770588184739,8.627211273895227,4.969302547790551,1,1,0,0,1,1,True,6738,-1.0
6768,2025-10-16 13:00:00,13,1,MARKUP,2,C,4218.74956,4201.5294292022345,4261.799886994415,17.220130797765705,4.201141595530891,0,1,1,0,0,1,False,-1,
6780,2025-10-16 14:00:00,14,1,MARKUP,2,C,4227.29234,4213.533006766477,4261.690673083807,13.759333233522739,3.933986467045211,0,1,0,0,1,1,False,-1,
6792,2025-10-16 15:00:00,15,1,MARKUP,1,C,4231.71212,4220.123977585451,4260.6824760363725,11.588142414549111,3.5720448290982545,0,1,0,0,0,1,True,6800,1.0872061499264656
6804,2025-10-16 16:00:00,16,1,MARKUP,3,B,4233.0644,4218.897405473909,4268.481886315228,14.166994526091003,6.025189052181629,0,1,1,0,1,1,False,-1,
6816,2025-10-16 17:00:00,17,1,MARKUP,2,C,4235.9294,4218.365077236479,4279.840206908802,17.564322763520977,7.089845527041273,0,1,1,0,0,1,False,-1,
6828,2025-10-16 18:00:00,18,1,MARKUP,1,C,4242.98292,4224.523035256773,4289.132631858069,18.45988474322712,6.3139294864543585,0,1,0,0,0,1,False,-1,
6840,2025-10-16 19:00:00,19,1,MARKUP,1,C,4246.11532,4225.010205207727,4298.878106980681,21.105114792272616,5.339589584545436,0,1,0,0,0,1,False,-1,
6852,2025-10-16 20:00:00,20,1,MARKUP,2,C,4252.28844,4223.616298336069,4323.968794159828,28.672141663931143,8.127403327861613,0,1,1,0,0,1,False,-1,
6984,2025-10-17 08:00:00,8,1,MARKUP,1,C,4316.69112,4274.75649517923,4421.527682051927,41.934624820770296,7.347009641539459,0,1,0,0,0,1,False,-1,
6996,2025-10-17 09:00:00,9,1,MARKUP,1,C,4316.69112,4274.782479497995,4421.462721255013,41.908640502005255,7.295041004011086,0,1,0,0,0,1,True,7012,-1.0
7050,2025-10-17 13:30:00,13,-1,MARKDOWN,2,C,4347.508720000001,4372.883060713451,4284.0728682163735,25.374340713450692,6.406121426901617,0,1,1,0,0,1,False,-1,
7062,2025-10-17 14:30:00,14,-1,MARKDOWN,2,C,4343.68162,4371.8774073542345,4273.192151614415,28.1957873542342,8.954814708470293,0,1,1,0,0,1,False,-1,
7074,2025-10-17 15:30:00,15,-1,MARKDOWN,1,C,4324.493619999999,4355.644785864045,4246.615705339886,31.15116586404565,11.809571728090633,0,1,0,0,0,1,False,-1,
7086,2025-10-17 16:30:00,16,-1,MARKDOWN,2,C,4324.493619999999,4355.379716449503,4247.278378876241,30.886096449503384,11.279432899006647,0,1,1,0,0,1,False,-1,
7098,2025-10-17 17:30:00,17,-1,MARKDOWN,1,C,4296.18288,4353.957720287591,4151.745779281024,57.77484028759045,17.635440575180134,0,1,0,0,0,1,False,-1,
7110,2025-10-17 18:30:00,18,-1,MARKDOWN,1,C,4291.44282,4344.84567786994,4157.93567532515,53.40285786993991,14.751355739878912,0,1,0,0,0,1,False,-1,
7122,2025-10-17 19:30:00,19,-1,MARKDOWN,2,C,4275.88294,4326.664153598397,4148.929906004008,50.78121359839679,13.06830719679495,0,1,1,0,0,1,False,-1,
7134,2025-10-17 20:30:00,20,-1,MARKDOWN,2,C,4268.97638,4326.460933672371,4125.264995819074,57.484553672370566,12.661867344740996,0,1,1,0,0,1,False,-1,
7260,2025-10-20 08:00:00,8,1,MARKUP,1,C,4238.95074,4217.084724658687,4293.615778353283,21.86601534131296,3.9505506826266577,0,1,0,0,0,1,True,7272,0.8906452974870496
7276,2025-10-20 09:20:00,9,-1,MARKDOWN,2,C,4255.88438,4274.299984476813,4209.84536880797,18.415604476812405,6.339968953625649,0,1,1,0,0,1,True,7286,-1.0
7300,2025-10-20 11:20:00,11,1,MARKUP,2,C,4256.14102,4246.099689583042,4281.244346042395,10.041330416957862,5.100620833914951,0,1,0,0,1,1,True,7305,-1.0
7322,2025-10-20 13:10:00,13,1,MARKUP,1,C,4238.5554,4219.070592473026,4287.267418817435,19.484807526973782,4.818815053945702,0,0,1,0,0,1,False,-1,
7334,2025-10-20 14:10:00,14,1,MARKUP,1,C,4238.5554,4219.184952718935,4286.981518202663,19.370447281065026,4.590094562129461,0,1,0,0,0,1,False,-1,
7346,2025-10-20 15:10:00,15,1,MARKUP,2,C,4260.2005,4243.264043222799,4302.541641943002,16.936456777200874,5.031913554400555,0,1,1,0,0,1,False,-1,
7358,2025-10-20 16:10:00,16,1,MARKUP,1,C,4276.90918,4241.900395689057,4364.431140777355,35.00878431094225,7.759208621885337,0,1,0,0,0,1,False,-1,
7370,2025-10-20 17:10:00,17,1,MARKUP,2,C,4276.90918,4241.273596752364,4365.998138119088,35.63558324763562,9.012806495272264,0,1,1,0,0,1,False,-1,
7382,2025-10-20 18:10:00,18,1,MARKUP,2,C,4287.938160000001,4246.924125674183,4390.473245814544,41.01403432581719,8.011748651634342,0,1,1,0,0,1,False,-1,
7394,2025-10-20 19:10:00,19,1,MARKUP,2,C,4293.35358,4251.5666744966775,4397.820843758306,41.78690550332249,6.64665100664522,0,1,1,0,0,1,False,-1,
7406,2025-10-20 20:10:00,20,1,MARKUP,1,C,4307.89512,4275.878746864245,4387.936052839388,32.0163731357552,5.082506271511062,0,1,0,0,0,1,False,-1,
7536,2025-10-21 08:00:00,8,-1,MARKDOWN,2,C,4357.1662799999995,4374.1488061595055,4314.709964601234,16.98252615950605,3.817612319011009,0,1,1,0,0,1,False,-1,
7548,2025-10-21 09:00:00,9,-1,MARKDOWN,2,C,4347.96842,4369.67498101387,4293.702017465326,21.70656101386976,5.449962027739901,0,1,1,0,0,1,False,-1,
7560,2025-10-21 10:00:00,10,-1,MARKDOWN,2,C,4340.8305199999995,4358.266300025267,4297.241069936831,17.435780025267377,5.732600050535073,0,0,1,0,1,1,False,-1,
7572,2025-10-21 11:00:00,11,-1,MARKDOWN,3,B,4320.05856,4355.515726369263,4231.415644076845,35.45716636926227,9.091452738525064,0,1,1,1,0,1,False,-1,
7596,2025-10-21 13:00:00,13,-1,MARKDOWN,2,C,4305.8381,4348.232998874125,4199.850852814688,42.39489887412492,8.045997748249476,0,1,1,0,0,1,False,-1,
7608,2025-10-21 14:00:00,14,-1,MARKDOWN,1,C,4305.8381,4348.042351280904,4200.32747179774,42.20425128090392,7.664702561807565,0,1,0,0,0,1,False,-1,
7620,2025-10-21 15:00:00,15,-1,MARKDOWN,1,C,4302.72338,4342.898973109115,4202.284397227213,40.17559310911474,7.457946218230283,0,1,0,0,0,1,False,-1,
7632,2025-10-21 16:00:00,16,-1,MARKDOWN,2,C,4247.47854,4287.293251668985,4147.941760827537,39.81471166898518,10.846503337969834,0,1,1,0,0,1,False,-1,
7644,2025-10-21 17:00:00,17,-1,MARKDOWN,1,C,4233.89204,4283.4251438153615,4110.059280461595,49.533103815361756,14.430287630723075,0,1,0,0,0,1,False,-1,
7656,2025-10-21 18:00:00,18,-1,MARKDOWN,1,C,4199.1651,4281.605454322592,3993.064214193521,82.4403543225917,18.230908645183874,0,1,0,0,0,1,False,-1,
7668,2025-10-21 19:00:00,19,-1,MARKDOWN,1,C,4199.1651,4279.612383327833,3998.046891680417,80.44728332783325,14.244766655667181,0,0,1,0,0,1,False,-1,
7680,2025-10-21 20:00:00,20,-1,MARKDOWN,2,C,4188.28212,4261.092836103008,4006.255329742479,72.81071610300842,12.425672206016888,0,1,1,0,0,1,False,-1,
7815,2025-10-22 08:15:00,8,1,MARKUP,2,C,4078.6187,4033.7968064379247,4190.673433905188,44.821893562075275,7.246387124150837,0,1,1,0,0,1,False,-1,
7827,2025-10-22 09:15:00,9,1,MARKUP,2,C,4107.58486,4079.968028985511,4176.626937536223,27.61683101448898,6.543942028978084,0,1,1,0,0,1,True,7849,-1.0
7839,2025-10-22 10:15:00,10,1,MARKUP,1,C,4125.631960000001,4099.70764478553,4190.442748036177,25.92431521447088,7.7047104289407375,0,0,1,0,0,1,True,7848,-1.0
7856,2025-10-22 11:40:00,11,-1,MARKDOWN,2,C,4120.97024,4167.887834439431,4003.676253901422,46.917594439431014,13.095668878861083,0,1,1,0,0,1,False,-1,
7872,2025-10-22 13:00:00,13,-1,MARKDOWN,1,C,4120.97024,4167.680671497598,4004.194161256003,46.71043149759862,12.681342995195667,0,1,0,0,0,1,False,-1,
7884,2025-10-22 14:00:00,14,-1,MARKDOWN,2,C,4105.50306,4168.410753721851,3948.2338256953735,62.90769372185059,14.141507443701016,0,1,1,0,0,1,False,-1,
7896,2025-10-22 15:00:00,15,-1,MARKDOWN,1,C,4097.21568,4154.876750884658,3953.0630027883567,57.66107088465742,13.89350176931386,0,1,0,0,0,1,False,-1,
7909,2025-10-22 16:05:00,16,-1,MARKDOWN,0,C,4076.46942,4121.204518106322,3964.6316747341943,44.73509810632231,13.689036212644485,0,0,0,0,0,1,True,7915,0.9710307933894383
7926,2025-10-22 17:30:00,17,-1,MARKDOWN,3,B,4061.97114,4097.803510789546,3972.390213026136,35.83237078954562,13.807021579091561,0,1,1,0,1,1,True,7950,-1.0
7938,2025-10-22 18:30:00,18,-1,MARKDOWN,3,B,4056.96312,4091.379453675168,3970.9222858120797,34.41633367516806,12.41890735033569,0,1,1,0,1,1,True,7950,-1.0
7952,2025-10-22 19:40:00,19,-1,MARKDOWN,2,C,4056.96312,4090.6377356264584,3972.7765809338534,33.67461562645849,10.935471252916471,1,0,0,0,1,1,True,7953,-1.0
8088,2025-10-23 08:00:00,8,1,MARKUP,2,C,4079.31012,4063.8790912826685,4117.887691793329,15.431028717331628,4.381817434663684,0,1,1,0,0,1,False,-1,
8100,2025-10-23 09:00:00,9,1,MARKUP,3,B,4092.1465599999997,4069.0290318811017,4149.940380297245,23.117528118898008,5.681936237796621,0,1,1,0,1,1,True,8119,0.9674924390445321
8112,2025-10-23 10:00:00,10,1,MARKUP,2,C,4097.3165,4068.709220723934,4168.834698190165,28.607279276066038,6.981558552131805,0,1,1,0,0,1,True,8119,1.2020381327956329
8124,2025-10-23 11:00:00,11,1,MARKUP,2,C,4102.00094,4075.9293260527465,4167.179974868133,26.071613947253354,7.701347894507206,1,0,1,0,0,1,False,-1,
8148,2025-10-23 13:00:00,13,1,MARKUP,2,C,4104.57182,4081.0610204356085,4163.348818910979,23.51079956439162,5.7579591287833445,0,1,1,0,0,1,True,8158,1.1999226411787207
8166,2025-10-23 14:30:00,14,1,MARKUP,0,C,4104.70374,4088.7859928528233,4144.498107867941,15.91774714717667,6.188014294353958,0,0,0,0,0,1,True,8174,1.75
8178,2025-10-23 15:30:00,15,1,MARKUP,3,B,4104.70374,4088.522310391487,4145.157314021282,16.1814296085131,6.715379217026191,0,1,1,0,1,1,False,-1,
8190,2025-10-23 16:30:00,16,1,MARKUP,1,C,4119.10922,4096.551379145491,4175.503822136272,22.557840854508868,7.137241709016677,0,1,0,0,0,1,False,-1,
8202,2025-10-23 17:30:00,17,1,MARKUP,1,C,4120.9963,4096.115304878759,4183.198787803101,24.88099512124063,8.009390242481288,0,1,0,0,0,1,False,-1,
8214,2025-10-23 18:30:00,18,1,MARKUP,1,C,4120.9963,4096.631003243432,4181.9095418914185,24.36529675656766,6.977993513134784,0,0,1,0,0,1,False,-1,
8226,2025-10-23 19:30:00,19,1,MARKUP,2,C,4120.9963,4097.232384042667,4180.406089893331,23.763915957332756,5.775231914666104,0,1,1,0,0,1,False,-1,
8364,2025-10-24 08:00:00,8,-1,MARKDOWN,0,C,4128.62172,4146.763354654493,4083.267633363768,18.14163465449292,4.546709308986557,0,0,0,0,0,1,False,-1,
8376,2025-10-24 09:00:00,9,-1,MARKDOWN,2,C,4125.0462,4147.084578458411,4069.9502538539723,22.03837845841099,5.189156916822292,0,1,1,0,0,1,False,-1,
8388,2025-10-24 10:00:00,10,-1,MARKDOWN,2,C,4107.40712,4126.227107212946,4060.3571519676343,18.819987212946216,5.674214425891194,0,1,1,0,0,1,False,-1,
8400,2025-10-24 11:00:00,11,-1,MARKDOWN,2,C,4101.01626,4126.678653368216,4036.860276579461,25.662393368215817,6.577306736432339,0,1,1,0,0,1,False,-1,
8424,2025-10-24 13:00:00,13,-1,MARKDOWN,0,C,4091.019,4121.396938201655,4015.074154495862,30.37793820165507,6.893876403310303,0,0,0,0,0,1,False,-1,
8436,2025-10-24 14:00:00,14,-1,MARKDOWN,2,C,4077.08142,4100.394691240292,4018.7982418992706,23.31327124029167,5.98938248058312,0,1,1,0,0,1,True,8454,-1.0
8448,2025-10-24 15:00:00,15,-1,MARKDOWN,0,C,4076.10498,4098.577918749201,4019.9226331269983,22.472938749200694,5.515837498400343,0,0,0,0,0,1,True,8454,-1.0
8471,2025-10-24 16:55:00,16,1,MARKUP,1,C,4074.09004,4039.4589173481477,4160.667846629631,34.631122651852365,9.50216530370497,0,1,0,0,0,1,False,-1,
8483,2025-10-24 17:55:00,17,1,MARKUP,1,C,4078.89942,4039.6417921548855,4177.043489612787,39.25762784511471,9.136415690229098,0,1,0,0,0,1,False,-1,
8495,2025-10-24 18:55:00,18,1,MARKUP,2,C,4078.89942,4040.531333564697,4174.819636088258,38.36808643530321,7.357332870605685,0,1,1,0,0,1,False,-1,
8507,2025-10-24 19:55:00,19,1,MARKUP,1,C,4090.0601399999996,4056.9242429943024,4172.899882514243,33.13589700569719,6.09151401139517,0,1,0,0,0,1,False,-1,
8640,2025-10-27 08:00:00,8,-1,MARKDOWN,0,C,4080.91368,4100.1092932172405,4032.924646956899,19.195613217240407,4.958586434480037,0,0,0,0,0,1,True,8645,1.75
8671,2025-10-27 10:35:00,10,-1,MARKDOWN,3,B,4071.174,4083.9152868740935,4039.320782814766,12.741286874093475,4.090573748187041,1,1,0,1,1,1,False,-1,
8683,2025-10-27 11:35:00,11,-1,MARKDOWN,2,C,4071.174,4084.00022774415,4039.108430639625,12.826227744149946,4.260455488300477,0,1,0,0,1,1,False,-1,
8700,2025-10-27 13:00:00,13,-1,MARKDOWN,1,C,4061.44924,4088.3671280307262,3994.154519923184,26.917888030726317,7.094256061451923,0,1,0,0,0,1,False,-1,
8712,2025-10-27 14:00:00,14,-1,MARKDOWN,2,C,4061.44924,4087.970915067183,3995.1450523320427,26.52167506718297,6.301830134365096,0,1,1,0,0,1,False,-1,
8724,2025-10-27 15:00:00,15,-1,MARKDOWN,0,C,4053.26598,4080.3102332313456,3985.6553469216365,27.044253231345465,7.400466462691036,0,0,0,0,0,1,False,-1,
8739,2025-10-27 16:15:00,16,-1,MARKDOWN,2,C,4047.1416,4069.852051403001,3990.365471492497,22.710451403001116,6.304102806002283,0,0,1,0,1,1,False,-1,
8751,2025-10-27 17:15:00,17,-1,MARKDOWN,3,B,4026.74364,4055.3528230444867,3955.2206823887836,28.6091830444866,9.865646088973628,0,1,1,1,0,1,False,-1,
8763,2025-10-27 18:15:00,18,-1,MARKDOWN,1,C,4020.3184,4055.447615630048,3932.4953609248805,35.12921563004784,10.055231260096086,0,1,0,0,0,1,False,-1,
8775,2025-10-27 19:15:00,19,-1,MARKDOWN,0,C,4020.3184,4054.316622988292,3935.322842529271,33.99822298829167,7.793245976583084,0,0,0,0,0,1,False,-1,
8787,2025-10-27 20:15:00,20,-1,MARKDOWN,1,C,4020.3184,4053.5213701448447,3937.3109746378886,33.202970144844585,6.202740289689514,0,0,1,0,0,1,False,-1,
8916,2025-10-28 08:00:00,8,-1,MARKDOWN,1,C,3998.29182,4022.729675628839,3937.197180927903,24.43785562883886,6.099351257678251,0,1,0,0,0,1,False,-1,
8928,2025-10-28 09:00:00,9,-1,MARKDOWN,1,C,3996.5766399999998,4022.884703706836,3930.8064807329097,26.308063706836037,6.409407413671969,0,1,0,0,0,1,False,-1,
8940,2025-10-28 10:00:00,10,-1,MARKDOWN,1,C,3983.98218,4016.523796470736,3902.628138823159,32.541616470736244,6.247592941472287,0,1,0,0,0,1,False,-1,
8952,2025-10-28 11:00:00,11,-1,MARKDOWN,2,C,3966.71668,3997.6885148554175,3889.2870928614566,30.971834855417455,6.737029710835026,0,1,1,0,0,1,False,-1,
8976,2025-10-28 13:00:00,13,-1,MARKDOWN,1,C,3944.38806,3983.925094593555,3845.545473516113,39.537034593554836,7.510189187109739,0,1,0,0,0,1,False,-1,
8988,2025-10-28 14:00:00,14,-1,MARKDOWN,1,C,3933.4989,3966.452330053789,3851.115324865528,32.95343005378891,7.804660107577823,0,0,1,0,0,1,False,-1,
9040,2025-10-28 18:20:00,18,1,MARKUP,1,C,3924.30116,3898.985812380438,3987.589529048905,25.31534761956209,6.028375239124213,0,1,0,0,0,1,False,-1,
9052,2025-10-28 19:20:00,19,1,MARKUP,2,C,3929.91968,3902.640402123861,3998.117874690348,27.279277876139076,5.479195752278027,0,1,1,0,0,1,False,-1,
9064,2025-10-28 20:20:00,20,1,MARKUP,1,C,3930.0954,3902.494114190452,3999.0986145238708,27.601285809548244,5.7717716190964925,0,1,0,0,0,1,False,-1,
9209,2025-10-29 09:25:00,9,1,MARKUP,4,A,3970.15672,3963.4520105298825,3986.9184936752936,6.70470947011745,5.035978940234481,1,1,1,0,1,1,False,-1,
9221,2025-10-29 10:25:00,10,1,MARKUP,1,C,3964.9431600000003,3941.4836276396427,4023.5919909008944,23.45953236035757,5.372744720714396,0,1,0,0,0,1,False,-1,
9233,2025-10-29 11:25:00,11,1,MARKUP,2,C,3974.02606,3948.4774446843085,4037.8975982892293,25.548615315691677,5.005110631383335,0,1,1,0,0,1,False,-1,
9252,2025-10-29 13:00:00,13,1,MARKUP,1,C,3981.01284,3948.5022744765197,4062.2892538087003,32.51056552348018,4.955451046960914,0,1,0,0,0,1,False,-1,
9264,2025-10-29 14:00:00,14,1,MARKUP,2,C,3989.97384,3963.1419498979053,4057.053565255237,26.831890102094803,4.676100204189816,0,1,1,0,0,1,False,-1,
9276,2025-10-29 15:00:00,15,1,MARKUP,1,C,3999.8185799999997,3979.02839940625,4051.7940314843736,20.790180593749483,4.763201187499612,0,0,1,0,0,1,False,-1,
9336,2025-10-29 20:00:00,20,-1,MARKDOWN,2,C,4014.66608,4032.353199368343,3970.4482815791416,17.687119368343247,4.386398736686782,0,1,1,0,0,1,False,-1,
9481,2025-10-30 09:05:00,9,1,MARKUP,2,C,3941.0525399999997,3911.7321973374355,4014.35339665641,29.320342662564144,7.475605325128656,0,1,1,0,0,1,False,-1,
9493,2025-10-30 10:05:00,10,1,MARKUP,1,C,3941.0525399999997,3911.733047240988,4014.351271897529,29.31949275901161,7.473905518023153,0,1,0,0,0,1,False,-1,
9505,2025-10-30 11:05:00,11,1,MARKUP,1,C,3946.27464,3920.728063345161,4010.141081637098,25.5465766548391,6.383873309677897,0,0,1,0,0,1,False,-1,
9528,2025-10-30 13:00:00,13,1,MARKUP,1,C,3971.9418,3943.8458886122344,4042.1815784694145,28.095911387765682,6.608222775531062,0,1,0,0,0,1,True,9543,0.9580072729219451
9540,2025-10-30 14:00:00,14,1,MARKUP,1,C,3977.36166,3952.941267359302,4038.4126416017452,24.420392640698083,5.957465281396197,1,0,0,0,0,1,True,9542,0.9159720895739378
9575,2025-10-30 16:55:00,16,1,MARKUP,2,C,3989.7896400000004,3971.842427745602,4034.6576706359965,17.947212254398437,8.375144508796861,0,1,1,0,0,1,True,9583,0.6422625756401603
9587,2025-10-30 17:55:00,17,1,MARKUP,1,C,3980.88562,3955.472741188676,4044.41781702831,25.412878811323935,8.874517622647746,0,1,0,0,0,1,False,-1,
9599,2025-10-30 18:55:00,18,1,MARKUP,1,C,3980.88562,3956.3389224228135,4042.2523639429664,24.546697577186478,7.14215515437219,0,1,0,0,0,1,False,-1,
9611,2025-10-30 19:55:00,19,1,MARKUP,2,C,3980.88562,3956.9988557788683,4040.602530552829,23.88676422113167,5.822288442262656,0,1,1,0,0,1,False,-1,
9623,2025-10-30 20:55:00,20,1,MARKUP,0,C,3982.08128,3957.2584271975697,4044.138412006075,24.822852802430134,5.303145604860464,0,0,0,0,0,1,False,-1,
9744,2025-10-31 08:00:00,8,-1,MARKDOWN,2,C,4020.0618,4041.6728933037416,3966.034066740646,21.611093303741654,4.945786607483552,0,1,1,0,0,1,False,-1,
9778,2025-10-31 10:50:00,10,1,MARKUP,2,C,4003.01626,3986.3894845572854,4044.583198606786,16.62677544271446,5.421030885428714,0,1,1,0,0,1,True,9796,0.9565121180245924
9790,2025-10-31 11:50:00,11,1,MARKUP,1,C,4003.45938,3986.4099489671817,4046.0829575820453,17.04943103281812,5.380102065636278,1,0,0,0,0,1,True,9795,0.9322000223402711
9813,2025-10-31 13:45:00,13,-1,MARKDOWN,3,B,4015.92524,4028.9488511993436,3983.366212001641,13.023611199343577,4.517702398686971,0,1,1,0,1,1,True,9832,-1.0
9825,2025-10-31 14:45:00,14,-1,MARKDOWN,1,C,4015.92524,4028.739948422078,3983.8884689448046,12.814708422078184,4.099896844156257,0,1,0,0,0,1,True,9832,-1.0
9837,2025-10-31 15:45:00,15,1,MARKUP,2,C,4012.88848,3995.9546327878575,4055.2230980303566,16.93384721214261,5.110734424285307,0,1,1,0,0,1,True,9850,-1.0
9849,2025-10-31 16:45:00,16,1,MARKUP,1,C,4012.88848,3995.5282515125073,4056.2890512187323,17.360228487492805,5.963496974986028,0,0,1,0,0,1,True,9850,-1.0
9862,2025-10-31 17:50:00,17,1,MARKUP,2,C,4014.89698,3998.3875536682385,4056.1705458294036,16.50942633176146,6.744892663523676,0,0,1,0,1,1,True,9864,-1.0
9879,2025-10-31 19:15:00,19,-1,MARKDOWN,2,C,4011.702,4040.1682782397643,3940.53630440059,28.46627823976405,8.03655647952821,0,1,1,0,0,1,False,-1,
9891,2025-10-31 20:15:00,20,-1,MARKDOWN,2,C,4011.702,4039.5702507332326,3942.0313731669194,27.868250733232344,6.840501466465209,0,1,1,0,0,1,False,-1,
10020,2025-11-03 08:00:00,8,1,MARKUP,1,C,3987.96462,3967.0386747421494,4040.279483144627,20.9259452578508,4.102650515701249,0,1,0,0,0,1,False,-1,
10032,2025-11-03 09:00:00,9,1,MARKUP,2,C,4003.0838599999997,3988.322911150087,4039.986232124782,14.760948849912893,4.134177699825954,0,1,1,0,0,1,False,-1,
10044,2025-11-03 10:00:00,10,1,MARKUP,2,C,4009.15934,3996.0263392437846,4041.991841890539,13.133000756215552,3.8273215124309563,0,1,1,0,0,1,True,10061,-1.0
10056,2025-11-03 11:00:00,11,1,MARKUP,2,C,4009.41528,3995.847987056556,4043.3335123586103,13.567292943444045,4.184025886887465,0,1,1,0,0,1,True,10061,-1.0
10080,2025-11-03 13:00:00,13,-1,MARKDOWN,1,C,4014.70168,4030.09886564841,3976.2087158789755,15.397185648409959,4.237731296820483,0,1,0,0,0,1,True,10104,-1.0
10092,2025-11-03 14:00:00,14,-1,MARKDOWN,1,C,4014.70168,4029.87248663764,3976.7746634059004,15.170806637639998,3.7849732752802496,0,0,1,0,0,1,True,10104,-1.0
10107,2025-11-03 15:15:00,15,1,MARKUP,3,B,4016.7923600000004,4009.2032637394473,4035.7651006513834,7.589096260553106,3.7334725211053796,1,1,1,0,0,1,True,10108,-1.0
10119,2025-11-03 16:15:00,16,1,MARKUP,2,C,4003.73646,3991.273435806712,4034.8940204832206,12.46302419328822,3.8931283865758184,0,1,1,0,0,1,True,10122,1.1383768979815714
10131,2025-11-03 17:15:00,17,1,MARKUP,2,C,4008.28402,3991.819557815987,4049.4451754600323,16.464462184012973,5.340884368025612,0,1,1,0,0,1,True,10135,-1.0
10153,2025-11-03 19:05:00,19,-1,MARKDOWN,3,B,4017.15742,4033.5081362473534,3976.2806293816166,16.350716247353375,5.816272494706961,0,1,1,1,0,1,False,-1,
10165,2025-11-03 20:05:00,20,-1,MARKDOWN,1,C,4017.15742,4032.5777378312873,3978.6066254217817,15.42031783128732,3.9554756625745022,0,0,1,0,0,1,False,-1,
10296,2025-11-04 08:00:00,8,-1,MARKDOWN,2,C,3987.73124,4001.657326773329,3952.9160230666785,13.926086773328734,4.79465354665742,0,1,1,0,0,1,True,10307,0.9150307871751853
10308,2025-11-04 09:00:00,9,-1,MARKDOWN,1,C,3986.8602800000003,4001.648866105553,3949.888814736118,14.788586105552895,4.777732211106143,1,0,0,0,0,1,True,10309,0.8613783439241696
10331,2025-11-04 10:55:00,10,1,MARKUP,1,C,3979.7727200000004,3964.7074359673297,4017.435930081677,15.065284032670661,4.185128065340952,0,1,0,0,0,1,False,-1,
10343,2025-11-04 11:55:00,11,1,MARKUP,0,C,3979.7727200000004,3964.7924525114613,4017.223388721348,14.980267488539084,4.015094977078059,0,0,0,0,0,1,False,-1,
10356,2025-11-04 13:00:00,13,1,MARKUP,2,C,3979.7727200000004,3965.009569669382,4016.6805958265463,14.763150330618373,3.5808606612359752,0,1,1,0,0,1,False,-1,
10370,2025-11-04 14:10:00,14,1,MARKUP,2,C,3991.5518,3984.3135115156324,4009.64752121092,7.238288484367786,3.09297696873542,0,1,1,0,0,1,True,10373,-1.0
10385,2025-11-04 15:25:00,15,-1,MARKDOWN,2,C,3993.82208,4002.6730835797543,3971.694571050614,8.851003579754433,4.2861671595087225,0,1,1,0,0,1,False,-1,
10397,2025-11-04 16:25:00,16,-1,MARKDOWN,3,B,3981.26178,4003.285143738612,3926.2033706534694,22.02336373861226,6.450287477224405,0,1,1,0,1,1,False,-1,
10409,2025-11-04 17:25:00,17,-1,MARKDOWN,1,C,3972.8234,4004.1081253101456,3894.6115867246367,31.284725310145404,8.096250620291588,0,1,0,0,0,1,True,10420,0.9641297171636378
10422,2025-11-04 18:30:00,18,-1,MARKDOWN,1,C,3972.8234,4003.289788676469,3896.6574283088285,30.466388676468796,6.459577352937857,1,0,0,0,0,1,True,10423,0.9765963850830399
10439,2025-11-04 19:55:00,19,-1,MARKDOWN,2,C,3970.3328600000004,3998.7047185331044,3899.4032136672404,28.371858533103932,5.3494370662087425,0,1,1,0,0,1,False,-1,
10451,2025-11-04 20:55:00,20,-1,MARKDOWN,2,C,3959.03582,3980.528779598069,3905.303421004828,21.492959598068865,5.557559196137767,0,1,1,0,0,1,False,-1,
10572,2025-11-05 08:00:00,8,1,MARKUP,1,C,3951.39766,3932.6975461224333,3998.147944693917,18.700113877566764,3.684907755133452,0,0,1,0,0,1,False,-1,
10584,2025-11-05 09:00:00,9,1,MARKUP,0,C,3952.4420800000003,3934.2961445333667,3997.8069186665844,18.145935466633546,3.8677109332664843,0,0,0,0,0,1,False,-1,
10596,2025-11-05 10:00:00,10,1,MARKUP,2,C,3962.11996,3950.1024923794116,3992.1636290514707,12.017467620588377,3.575015241176068,0,1,1,0,0,1,True,10620,0.7177196592038882
10608,2025-11-05 11:00:00,11,1,MARKUP,2,C,3970.32658,3957.932608169471,4001.3115095763214,12.393971830528699,4.014783661057385,0,1,0,0,1,1,True,10612,-1.0
10669,2025-11-05 16:05:00,16,1,MARKUP,3,B,3965.0606,3953.9642278314336,3992.801530421415,11.096372168566177,4.391544337132821,0,1,1,1,0,1,True,10680,1.18232036129847
10681,2025-11-05 17:05:00,17,1,MARKUP,2,C,3968.35252,3954.978516370078,4001.7875290748043,13.374003629921845,5.462967259843642,0,0,1,0,1,1,True,10682,0.9430476341356376
10693,2025-11-05 18:05:00,18,1,MARKUP,2,C,3968.35252,3955.1621217272063,4001.328515681984,13.190398272793573,5.095756545586994,0,1,1,0,0,1,False,-1,
10705,2025-11-05 19:05:00,19,1,MARKUP,1,C,3973.64568,3960.9099987060026,4005.4848832349935,12.735681293997459,4.660002587994282,0,1,0,0,0,1,False,-1,
10717,2025-11-05 20:05:00,20,1,MARKUP,0,C,3974.1339000000003,3962.3110750545097,4003.6909623637266,11.822824945490538,3.4378498909810666,0,0,0,0,0,1,False,-1,
10848,2025-11-06 08:00:00,8,1,MARKUP,1,C,3974.57604,3963.2464793725067,4002.899941568733,11.329560627493265,2.6270412549864894,0,1,0,0,0,1,False,-1,
10860,2025-11-06 09:00:00,9,1,MARKUP,2,C,3983.96204,3973.157046792856,4010.9745230178596,10.80499320714398,3.1059064142880057,0,1,1,0,0,1,False,-1,
10872,2025-11-06 10:00:00,10,1,MARKUP,2,C,3990.92124,3977.8210871226893,4023.6716221932775,13.100152877310848,3.4178257546214335,0,1,1,0,0,1,False,-1,
10884,2025-11-06 11:00:00,11,1,MARKUP,1,C,3995.5363,3980.6316903507527,4032.797824123119,14.904609649247504,3.3366192984950054,0,1,0,0,0,1,False,-1,
10908,2025-11-06 13:00:00,13,1,MARKUP,1,C,3995.5363,3981.043728419793,4031.7677289505186,14.492571580207368,2.5125431604143103,0,0,1,0,0,1,False,-1,
10920,2025-11-06 14:00:00,14,1,MARKUP,1,C,4005.0499200000004,3994.5878747897327,4031.2050330256698,10.46204521026766,2.9242504205352606,0,1,0,0,0,1,True,10930,0.7653894926700824
10933,2025-11-06 15:05:00,15,1,MARKUP,2,C,4010.2473,4002.7616937163602,4028.9613157090994,7.485606283639754,3.396612567279471,1,0,1,0,0,1,True,10934,-1.0
10960,2025-11-06 17:20:00,17,-1,MARKDOWN,1,C,4003.84486,4022.4618525834967,3957.302378541259,18.61699258349654,5.703705166993178,0,1,0,0,0,1,False,-1,
10972,2025-11-06 18:20:00,18,-1,MARKDOWN,2,C,4002.64156,4022.3700698484954,3953.3202853787616,19.728509848495378,5.5201396969906895,0,1,1,0,0,1,False,-1,
10984,2025-11-06 19:20:00,19,-1,MARKDOWN,2,C,3997.44144,4019.0100505701525,3943.519913574619,21.568610570152487,5.640101140304897,0,1,1,0,0,1,False,-1,
10997,2025-11-06 20:25:00,20,-1,MARKDOWN,1,C,3996.90664,4018.598473582938,3942.6770560426557,21.69183358293776,4.81694716587559,0,0,1,0,0,1,False,-1,
11128,2025-11-07 08:20:00,8,1,MARKUP,3,B,3998.0706,3993.3851663896785,4009.784184025804,4.685433610321525,3.0296672206429585,1,1,1,0,0,1,True,11129,1.75
11140,2025-11-07 09:20:00,9,1,MARKUP,1,C,3994.81968,3984.0015223157748,4021.8650742105633,10.818157684225298,3.116955368450445,0,1,0,0,0,1,False,-1,
11152,2025-11-07 10:20:00,10,1,MARKUP,1,C,3995.08326,3984.049441458306,4022.667806354235,11.033818541694018,3.0211170833880425,0,1,0,0,0,1,False,-1,
11164,2025-11-07 11:20:00,11,1,MARKUP,2,C,4000.5077,3990.4914034488024,4025.548441377994,10.016296551197684,2.957193102394863,0,1,1,0,0,1,True,11187,-1.0
11184,2025-11-07 13:00:00,13,1,MARKUP,2,C,4000.7981600000003,3990.9479695985274,4025.4236360036825,9.8501904014729,2.984060802945211,0,1,1,0,0,1,True,11187,-1.0
11214,2025-11-07 15:30:00,15,-1,MARKDOWN,2,C,4005.66388,4016.431007924747,3978.7460601881326,10.767127924747001,4.2220158494938085,0,1,1,0,0,1,True,11223,1.0628152496601286
11226,2025-11-07 16:30:00,16,-1,MARKDOWN,3,B,4003.41702,4014.206333688449,3976.4437357788775,10.789313688449056,4.472667376897912,0,1,1,1,0,1,True,11248,-1.0
11238,2025-11-07 17:30:00,17,-1,MARKDOWN,1,C,4001.4267999999997,4014.511841260583,3968.7141968485416,13.085041260583239,5.0836825211665095,0,1,0,0,0,1,True,11248,-1.0
11252,2025-11-07 18:40:00,18,1,MARKUP,1,C,4000.577,3980.9117137959033,4049.7402155102427,19.6652862040969,6.09657240819354,0,1,0,0,0,1,True,11257,1.75
11266,2025-11-07 19:50:00,19,1,MARKUP,3,B,4000.577,3981.129129227224,4049.1966769319406,19.44787077277624,5.661741545552022,1,0,1,0,1,1,True,11272,1.75
11400,2025-11-10 08:00:00,8,1,MARKUP,1,C,4039.89976,4018.887711081392,4092.4298822965193,21.01204891860789,3.3045778372164,0,1,0,0,0,1,False,-1,
11412,2025-11-10 09:00:00,9,1,MARKUP,1,C,4053.37392,4036.0947051467733,4096.5719571330665,17.279214853226676,3.5705897064533385,0,1,0,0,0,1,False,-1,
11424,2025-11-10 10:00:00,10,1,MARKUP,2,C,4058.0271000000002,4043.3650094156837,4094.6823264607915,14.662090584316502,3.30998116863266,0,1,1,0,0,1,False,-1,
11436,2025-11-10 11:00:00,11,1,MARKUP,0,C,4063.32876,4048.033284818549,4101.567447953627,15.295475181450911,3.7134303629016223,0,0,0,0,0,1,False,-1,
11460,2025-11-10 13:00:00,13,1,MARKUP,2,C,4074.3875399999997,4065.2017956296963,4097.351900925758,9.185744370303382,3.496408740607017,0,1,1,0,0,1,False,-1,
11472,2025-11-10 14:00:00,14,1,MARKUP,2,C,4078.06378,4070.08751671072,4098.004438223199,7.976263289279814,3.1249665785601,0,1,1,0,0,1,False,-1,
11484,2025-11-10 15:00:00,15,1,MARKUP,2,C,4084.7526,4069.866437432801,4121.9680064179975,14.88616256719888,3.5671251343984873,0,1,1,0,0,1,True,11498,1.3164914252166904
11496,2025-11-10 16:00:00,16,1,MARKUP,1,C,4084.7526,4069.4823597653876,4122.92820058653,15.270240234612174,4.335280469225089,1,0,0,0,0,1,True,11498,1.2959550016082804
11526,2025-11-10 18:30:00,18,1,MARKUP,3,B,4090.0364999999997,4077.9953373284907,4120.1394066787725,12.041162671509028,4.409325343018011,0,1,1,1,1,1,True,11529,1.2899963109880885
11543,2025-11-10 19:55:00,19,1,MARKUP,2,C,4100.43744,4095.348690085311,4113.159314786722,5.088749914688833,3.36261982937813,0,1,1,0,0,1,False,-1,
11555,2025-11-10 20:55:00,20,1,MARKUP,2,C,4090.2026600000004,4072.6715351301455,4134.030472174638,17.53112486985492,3.2569297397094026,0,1,1,0,0,1,False,-1,
11718,2025-11-11 11:30:00,11,1,MARKUP,2,C,4143.72204,4140.478257660543,4151.831495848641,3.2437823394566294,3.2634846789124223,0,1,1,0,0,1,True,11719,-1.0
11736,2025-11-11 13:00:00,13,1,MARKUP,1,C,4133.0214399999995,4123.552425348271,4156.693976629322,9.469014651728685,2.955149303457635,0,1,0,0,0,1,False,-1,
11748,2025-11-11 14:00:00,14,1,MARKUP,1,C,4133.0214399999995,4123.6054816563765,4156.561335859057,9.41595834362306,2.8490366872459902,0,1,0,0,0,1,False,-1,
11763,2025-11-11 15:15:00,15,1,MARKUP,2,C,4135.49962,4127.552014464037,4155.368633839907,7.9476055359627935,2.975971071926778,0,1,1,0,0,1,True,11776,-1.0
11784,2025-11-11 17:00:00,17,-1,MARKDOWN,3,B,4136.51644,4149.286547138253,4104.591172154369,12.77010713825257,5.23309427650501,0,1,1,1,0,1,False,-1,
11796,2025-11-11 18:00:00,18,-1,MARKDOWN,1,C,4127.71134,4149.687533059354,4072.7708573516147,21.976193059354046,6.03506611870794,0,1,0,0,0,1,False,-1,
11808,2025-11-11 19:00:00,19,-1,MARKDOWN,1,C,4127.71134,4148.8406784940025,4074.887993764993,21.129338494002695,4.341356988005367,0,0,1,0,0,1,False,-1,
11820,2025-11-11 20:00:00,20,-1,MARKDOWN,0,C,4127.71134,4148.395395654685,4076.0012008632875,20.684055654684926,3.450791309370243,0,0,0,0,0,1,False,-1,
11952,2025-11-12 08:00:00,8,-1,MARKDOWN,2,C,4122.6621000000005,4139.272208753964,4081.1368281150912,16.610108753963686,3.844417507927373,0,1,1,0,0,1,True,11966,-1.0
11989,2025-11-12 11:05:00,11,1,MARKUP,1,C,4112.1745,4097.088333987518,4149.8899150312045,15.086166012481954,3.6233320249628482,0,1,0,0,0,1,False,-1,
12012,2025-11-12 13:00:00,13,1,MARKUP,2,C,4115.83924,4103.051622623252,4147.808283441871,12.78761737674813,3.556754753495936,0,1,1,0,0,1,False,-1,
12024,2025-11-12 14:00:00,14,1,MARKUP,2,C,4120.35064,4110.488986776458,4145.004773058854,9.861653223541907,3.282026447085361,0,1,1,0,0,1,False,-1,
12036,2025-11-12 15:00:00,15,1,MARKUP,0,C,4122.58916,4110.473473301685,4152.87837674579,12.115686698315585,3.313053396630298,0,0,0,0,0,1,False,-1,
12048,2025-11-12 16:00:00,16,1,MARKUP,3,B,4126.26008,4115.949248430548,4152.037158923629,10.310831569451693,4.241503138902583,0,1,1,0,1,1,True,12054,1.75
12060,2025-11-12 17:00:00,17,1,MARKUP,3,B,4127.2189,4115.481329265776,4156.562826835559,11.737570734223482,5.177341468447426,0,1,1,1,0,1,False,-1,
12072,2025-11-12 18:00:00,18,1,MARKUP,2,C,4147.588879999999,4119.193904497007,4218.576318757481,28.394975502992565,7.25219100598517,0,1,1,0,0,1,False,-1,
12084,2025-11-12 19:00:00,19,1,MARKUP,2,C,4153.28832,4119.4767693491995,4237.817196627,33.8115506508002,6.6864613015996825,0,1,1,0,0,1,False,-1,
12096,2025-11-12 20:00:00,20,1,MARKUP,1,C,4154.80868,4119.814857681194,4242.293235797017,34.99382231880645,6.010284637611562,0,1,0,0,0,1,False,-1,
12228,2025-11-13 08:00:00,8,1,MARKUP,0,C,4194.8336,4177.2655957512325,4238.753610621919,17.568004248767465,4.728808497535692,0,0,0,0,0,1,False,-1,
12240,2025-11-13 09:00:00,9,1,MARKUP,1,C,4197.21908,4181.574344008343,4236.330919979141,15.64473599165649,3.8313119833128138,0,1,0,0,0,1,False,-1,
12252,2025-11-13 10:00:00,10,1,MARKUP,2,C,4207.13604,4193.235979149946,4241.886192125137,13.900060850054615,3.948041700109195,0,1,1,0,0,1,False,-1,
12264,2025-11-13 11:00:00,11,1,MARKUP,2,C,4217.1702,4201.2116583408415,4257.066554147895,15.958541659158072,4.3366833183171245,0,1,0,0,1,1,False,-1,
12288,2025-11-13 13:00:00,13,1,MARKUP,0,C,4217.3879400000005,4201.077661362737,4258.16363659316,16.310278637263764,4.604677274526858,0,0,0,0,0,1,False,-1,
12300,2025-11-13 14:00:00,14,1,MARKUP,1,C,4220.50266,4206.375247163358,4255.821192091606,14.12741283664218,4.089505673284551,0,1,0,0,0,1,True,12319,-1.0
12316,2025-11-13 15:20:00,15,1,MARKUP,3,B,4229.18684,4216.841509892659,4260.050165268354,12.345330107341397,5.116980214682123,0,1,1,0,1,1,True,12318,-1.0
12335,2025-11-13 16:55:00,16,-1,MARKDOWN,1,C,4221.87844,4249.3976231855395,4153.080482036153,27.519183185539077,8.755246371078467,0,1,0,0,0,1,False,-1,
12347,2025-11-13 17:55:00,17,-1,MARKDOWN,1,C,4221.87844,4249.2953744600845,4153.33610384979,27.41693446008412,8.550748920167692,0,1,0,0,0,1,False,-1,
12359,2025-11-13 18:55:00,18,-1,MARKDOWN,0,C,4221.87844,4248.317288837126,4155.781317907185,26.438848837125988,6.5945776742514575,0,0,0,0,0,1,False,-1,
12371,2025-11-13 19:55:00,19,-1,MARKDOWN,2,C,4221.1801000000005,4246.758329136935,4157.234527157665,25.57822913693417,5.73665827386823,0,1,1,0,0,1,False,-1,
12383,2025-11-13 20:55:00,20,-1,MARKDOWN,1,C,4199.18746,4236.533762792679,4105.821703018302,37.346302792679126,8.247525585358703,0,1,0,0,0,1,False,-1,
12513,2025-11-14 08:45:00,8,-1,MARKDOWN,2,C,4196.16684,4213.709578662109,4152.3099933447265,17.542738662109514,4.999157324218087,0,1,1,0,0,1,False,-1,
12525,2025-11-14 09:45:00,9,-1,MARKDOWN,0,C,4191.28106,4213.985335533634,4134.520371165917,22.704275533633336,5.550671067266684,0,0,0,0,0,1,False,-1,
12537,2025-11-14 10:45:00,10,-1,MARKDOWN,1,C,4188.086,4208.977087470719,4135.858281323202,20.891087470718958,5.874174941439221,0,0,1,0,0,1,False,-1,
12549,2025-11-14 11:45:00,11,-1,MARKDOWN,1,C,4186.62752,4206.362294069596,4137.290584826011,19.734774069595915,5.364588139191064,0,1,0,0,0,1,False,-1,
12564,2025-11-14 13:00:00,13,-1,MARKDOWN,2,C,4180.30538,4195.707728827678,4141.799507930805,15.402348827677997,4.515457655356812,0,1,1,0,0,1,False,-1,
12576,2025-11-14 14:00:00,14,-1,MARKDOWN,1,C,4165.381719999999,4190.267328851593,4103.167697871015,24.885608851594043,6.574657703187361,0,1,0,0,0,1,False,-1,
12588,2025-11-14 15:00:00,15,-1,MARKDOWN,1,C,4156.706499999999,4190.867231968135,4071.3046700796613,34.160731968135224,7.77446393626927,0,1,0,0,0,1,False,-1,
12600,2025-11-14 16:00:00,16,-1,MARKDOWN,1,C,4125.90164,4186.062118269803,3975.500444325492,60.16047826980321,11.084236539606366,0,1,0,0,0,1,False,-1,
12612,2025-11-14 17:00:00,17,-1,MARKDOWN,2,C,4117.93952,4177.084379997111,3970.0773700072227,59.14485999711087,12.368759994222406,0,1,1,0,0,1,False,-1,
12624,2025-11-14 18:00:00,18,-1,MARKDOWN,1,C,4116.22148,4173.756777651567,3972.383235871083,57.53529765156691,11.27355530313421,0,0,1,0,0,1,False,-1,
12780,2025-11-17 08:00:00,8,-1,MARKDOWN,2,C,4081.9887,4104.501163304073,4025.707541739817,22.512463304073208,5.1823266081470205,0,1,0,0,1,1,True,12799,0.34286341284577887
12792,2025-11-17 09:00:00,9,-1,MARKDOWN,0,C,4076.93346,4096.381455178081,4028.313472054799,19.44799517808042,5.302910356162004,0,0,0,0,0,1,True,12797,0.2228229676282763
12845,2025-11-17 13:25:00,13,-1,MARKDOWN,2,C,4082.62438,4098.566668672086,4042.7686583197856,15.942288672085851,5.213337344171901,0,1,1,0,0,1,True,12848,0.8321296578009778
12863,2025-11-17 14:55:00,14,-1,MARKDOWN,1,C,4082.62438,4098.395018933787,4043.1977826655343,15.770638933786358,4.870037867573546,0,0,1,0,0,1,True,12864,0.83574460130976
12875,2025-11-17 15:55:00,15,-1,MARKDOWN,1,C,4080.2352,4095.062841930671,4043.166095173323,14.82764193067078,5.6656838613415745,0,1,0,0,0,1,True,12883,0.7460074904987984
12888,2025-11-17 17:00:00,17,-1,MARKDOWN,2,C,4080.2084600000003,4095.382461831921,4042.273455420199,15.174001831920577,6.304923663842029,0,1,1,0,0,1,False,-1,
12900,2025-11-17 18:00:00,18,-1,MARKDOWN,3,B,4078.47036,4095.5569250560043,4035.7539473599886,17.086565056004474,6.653850112008295,0,1,1,0,1,1,True,12916,0.9126488718375986
12912,2025-11-17 19:00:00,19,-1,MARKDOWN,1,C,4076.9309,4095.024428124537,4031.697079688657,18.093528124536988,5.588856249074058,1,0,0,0,0,1,True,12915,0.8471419034865943
12934,2025-11-17 20:50:00,20,-1,MARKDOWN,3,B,4070.61494,4084.110284022888,4036.8765799427792,13.495344022888276,4.200568045776314,0,1,1,0,1,1,False,-1,
13056,2025-11-18 08:00:00,8,-1,MARKDOWN,1,C,4029.6661799999997,4047.537567670552,3984.9877108236187,17.871387670552394,5.175135341104438,0,0,1,0,0,1,False,-1,
13068,2025-11-18 09:00:00,9,-1,MARKDOWN,2,C,4024.0053,4038.1223546604374,3988.712663348906,14.117054660437589,4.664709320874516,0,1,1,0,0,1,True,13081,-1.0
13102,2025-11-18 11:50:00,11,1,MARKUP,2,C,4015.13102,3995.469704831767,4064.2843079205813,19.661315168232704,5.24059033646591,0,1,1,0,0,1,False,-1,
13116,2025-11-18 13:00:00,13,1,MARKUP,1,C,4018.09152,3995.610901563691,4074.293066090772,22.48061843630876,4.9581968726176,0,1,0,0,0,1,False,-1,
13128,2025-11-18 14:00:00,14,1,MARKUP,2,C,4018.09152,3995.902517467719,4073.5640263307023,22.189002532280938,4.374965064562295,0,1,1,0,0,1,False,-1,
13140,2025-11-18 15:00:00,15,1,MARKUP,3,B,4030.49478,4015.507445770055,4067.963115574863,14.98733422994519,5.3051084598904215,0,1,1,0,1,1,False,-1,
13152,2025-11-18 16:00:00,16,1,MARKUP,2,C,4046.7365000000004,4026.13487229381,4098.240569265477,20.601627706190357,6.250255412380018,0,1,1,0,0,1,True,13176,0.8368798351471487
13164,2025-11-18 17:00:00,17,1,MARKUP,1,C,4049.3914,4025.208134114674,4109.849564713315,24.18326588532591,8.103731770651924,0,1,0,0,0,1,True,13174,0.8029923012578442
13179,2025-11-18 18:15:00,18,1,MARKUP,2,C,4049.3914,4025.121254259463,4110.0667643513425,24.27014574053692,8.277491481074378,0,0,1,1,0,1,False,-1,
13194,2025-11-18 19:30:00,19,1,MARKUP,2,C,4049.3914,4026.207195278008,4107.35191180498,23.184204721992046,6.105609443984922,0,1,1,0,0,1,False,-1,
13206,2025-11-18 20:30:00,20,1,MARKUP,4,A,4064.5633,4051.311714212886,4097.692264467785,13.251585787113981,4.996571574228194,1,1,1,0,1,1,False,-1,
13332,2025-11-19 08:00:00,8,1,MARKUP,1,C,4072.0478000000003,4053.4517186874946,4118.5380032812645,18.596081312505703,4.416562625010104,0,1,0,0,0,1,False,-1,
13344,2025-11-19 09:00:00,9,1,MARKUP,1,C,4073.84,4056.630843435329,4116.862891411678,17.209156564671048,3.858313129341327,0,1,0,0,0,1,False,-1,
13356,2025-11-19 10:00:00,10,1,MARKUP,0,C,4077.51092,4062.6529149421217,4114.655932644697,14.858005057878472,3.6941701157562177,0,0,0,0,0,1,False,-1,
13370,2025-11-19 11:10:00,11,1,MARKUP,2,C,4079.85314,4066.382333270843,4113.530156822893,13.470806729157175,3.815333458313588,0,1,1,0,0,1,False,-1,
13392,2025-11-19 13:00:00,13,1,MARKUP,1,C,4093.87942,4076.1177263486024,4138.283654128494,17.761693651397763,4.344547302794589,0,1,0,0,0,1,False,-1,
13404,2025-11-19 14:00:00,14,1,MARKUP,1,C,4093.87942,4076.3476887698866,4137.708748075284,17.531731230113564,3.8846224602270554,0,1,0,0,0,1,False,-1,
13416,2025-11-19 15:00:00,15,1,MARKUP,0,C,4094.16592,4076.312047252787,4138.800601868032,17.85387274721279,3.9559054944259295,0,0,0,0,0,1,False,-1,
13428,2025-11-19 16:00:00,16,1,MARKUP,2,C,4097.4475,4081.0992677175027,4138.318080706244,16.34823228249752,5.001464564994239,0,1,1,0,0,1,True,13450,-1.0
13440,2025-11-19 17:00:00,17,1,MARKUP,2,C,4111.80194,4097.781165862123,4146.853875344694,14.020774137877197,6.1376682757553755,0,1,1,0,0,1,True,13447,-1.0
13461,2025-11-19 18:45:00,18,-1,MARKDOWN,2,C,4107.97708,4137.011651224595,4035.3906519385114,29.03457122459531,8.363302449190433,0,1,1,0,0,1,False,-1,
13473,2025-11-19 19:45:00,19,-1,MARKDOWN,1,C,4103.35488,4136.821633328348,4019.6879966791294,33.466753328348204,7.983266656695703,0,1,0,0,0,1,False,-1,
13485,2025-11-19 20:45:00,20,-1,MARKDOWN,1,C,4103.35488,4135.972439884366,4021.8109802890835,32.61755988436653,6.2848797687326865,0,0,1,0,0,1,False,-1,
13608,2025-11-20 08:00:00,8,-1,MARKDOWN,2,C,4083.0376,4111.419290652306,4012.083373369236,28.38169065230568,4.658581304610789,0,1,1,0,0,1,False,-1,
13628,2025-11-20 09:40:00,9,-1,MARKDOWN,2,C,4075.28948,4088.201540041791,4043.0093298955226,12.912060041790937,5.303080083581115,0,1,1,0,0,1,False,-1,
13640,2025-11-20 10:40:00,10,-1,MARKDOWN,1,C,4064.58992,4083.5640403444786,4017.1546191388034,18.974120344478706,6.28808068895719,0,1,0,0,0,1,True,13643,-1.0
13652,2025-11-20 11:40:00,11,-1,MARKDOWN,2,C,4064.58992,4083.6435746281936,4016.9557834295156,19.053654628193726,6.447149256386782,1,0,0,0,1,1,True,13653,-1.0
13671,2025-11-20 13:15:00,13,-1,MARKDOWN,2,C,4062.26006,4079.137127618257,4020.0673909543575,16.877067618257115,4.9742552365139545,0,1,1,0,0,1,True,13676,-1.0
13693,2025-11-20 15:05:00,15,1,MARKUP,2,C,4060.11224,4036.3203889989986,4119.591867502503,23.791851001001305,5.319222002002688,0,1,1,0,0,1,False,-1,
13705,2025-11-20 16:05:00,16,1,MARKUP,1,C,4068.4073,4046.781752602099,4122.471168494752,21.625547397900846,8.75649479580192,0,0,0,0,1,1,False,-1,
13717,2025-11-20 17:05:00,17,1,MARKUP,2,C,4072.55964,4046.378020537665,4138.013688655837,26.181619462334766,9.563958924669555,0,1,0,0,1,1,True,13727,-1.0
13729,2025-11-20 18:05:00,18,1,MARKUP,1,C,4072.55964,4046.435195042502,4137.870752393745,26.12444495749787,9.449609914995818,0,0,1,0,0,1,True,13731,-1.0
13741,2025-11-20 19:05:00,19,-1,MARKDOWN,2,C,4082.9612,4111.696438297756,4011.123104255611,28.735238297755586,9.032876595510071,0,1,0,1,0,1,False,-1,
13753,2025-11-20 20:05:00,20,-1,MARKDOWN,1,C,4082.9612,4111.2449450814765,4012.2518372963095,28.283745081476354,8.12989016295211,0,0,1,0,0,1,True,13768,0.9159144361704531
13884,2025-11-21 08:00:00,8,-1,MARKDOWN,0,C,4064.67438,4082.7798099161614,4019.410805209596,18.105429916161484,5.719619832322609,0,0,0,0,0,1,False,-1,
13896,2025-11-21 09:00:00,9,-1,MARKDOWN,2,C,4058.90618,4083.161792521545,3998.267148696137,24.255612521545117,6.483585043089939,0,1,1,0,0,1,False,-1,
13908,2025-11-21 10:00:00,10,-1,MARKDOWN,2,C,4048.76422,4068.046079609949,4000.559570975127,19.28185960994915,5.872159219897911,0,1,1,0,0,1,True,13921,-1.0
13954,2025-11-21 13:50:00,13,-1,MARKDOWN,3,B,4033.11646,4042.372335548156,4009.9767711296104,9.255875548155927,5.164671096312347,1,1,1,0,0,1,True,13955,-1.0
13972,2025-11-21 15:20:00,15,1,MARKUP,2,C,4046.60212,4027.7028144129686,4093.8503839675786,18.89930558703145,6.734371174063026,0,1,1,0,0,1,False,-1,
13984,2025-11-21 16:20:00,16,1,MARKUP,1,C,4051.26252,4028.1099164778684,4109.14402880533,23.152603522131812,5.9201670442638195,0,1,0,0,0,1,False,-1,
13996,2025-11-21 17:20:00,17,1,MARKUP,2,C,4051.26252,4027.881751518058,4109.714441204856,23.38076848194214,6.376496963884592,0,1,1,0,0,1,False,-1,
14008,2025-11-21 18:20:00,18,1,MARKUP,2,C,4051.26252,4028.0133299384374,4109.385495153907,23.249190061562786,6.113340123125058,0,1,1,0,0,1,False,-1,
14020,2025-11-21 19:20:00,19,1,MARKUP,1,C,4065.73748,4040.64663546946,4128.464591326349,25.090844530539925,6.526729061080162,0,1,0,0,0,1,False,-1,
14032,2025-11-21 20:20:00,20,1,MARKUP,1,C,4072.64054,4052.429045286225,4123.169276784437,20.211494713774755,5.30190942754998,0,0,1,0,0,1,True,14056,-1.0
14162,2025-11-24 08:10:00,8,-1,MARKDOWN,2,C,4053.0798,4063.2681653915424,4027.608886521144,10.188365391542447,4.256330783085535,0,1,1,0,0,1,True,14164,-1.0
14193,2025-11-24 10:45:00,10,1,MARKUP,2,C,4050.59466,4038.008944938457,4082.058947653859,12.585715061543397,4.062110123086169,0,1,1,0,0,1,False,-1,
14205,2025-11-24 11:45:00,11,1,MARKUP,1,C,4053.09676,4038.0595096614084,4090.689885846479,15.037250338591548,3.960980677183639,0,1,0,0,0,1,False,-1,
14220,2025-11-24 13:00:00,13,1,MARKUP,1,C,4059.02024,4045.8409583702746,4091.968444074313,13.17928162972521,3.9580832594507473,0,0,1,0,0,1,False,-1,
14232,2025-11-24 14:00:00,14,1,MARKUP,2,C,4061.5664,4050.3286764532245,4089.6607088669393,11.237723546775669,3.222647093550767,0,1,1,0,0,1,False,-1,
14244,2025-11-24 15:00:00,15,1,MARKUP,2,C,4069.01024,4057.8481745940862,4096.915403514785,11.162065405913836,3.7436508118269693,0,1,1,0,0,1,True,14264,1.75
14256,2025-11-24 16:00:00,16,1,MARKUP,2,C,4071.8587,4061.0318617175394,4098.925795706153,10.826838282460812,4.196276564921628,0,1,1,0,0,1,True,14262,1.75
14268,2025-11-24 17:00:00,17,1,MARKUP,2,C,4071.88544,4060.5606421866714,4100.197434533322,11.324797813328587,5.13871562665734,0,1,1,0,0,1,False,-1,
14280,2025-11-24 18:00:00,18,1,MARKUP,2,C,4075.5245,4061.9693747387855,4109.412313153036,13.55512526121447,4.381250522428703,0,1,1,0,0,1,False,-1,
14292,2025-11-24 19:00:00,19,1,MARKUP,2,C,4078.78598,4064.0098142720612,4115.726394319847,14.77616572793886,3.660371455877552,0,1,1,0,0,1,False,-1,
14304,2025-11-24 20:00:00,20,1,MARKUP,0,C,4080.67692,4066.713406789449,4115.585703026377,13.9635132105509,3.433186421101507,0,0,0,0,0,1,False,-1,
14436,2025-11-25 08:00:00,8,1,MARKUP,1,C,4135.34656,4120.810111819309,4171.687680451727,14.536448180690968,3.7997763613812037,0,1,0,0,0,1,True,14453,-1.0
14473,2025-11-25 11:05:00,11,-1,MARKDOWN,1,C,4135.82848,4154.725894590837,4088.584943522908,18.89741459083689,5.431789181674389,0,1,0,0,0,1,True,14485,0.6964758029545695
14516,2025-11-25 14:40:00,14,-1,MARKDOWN,2,C,4128.07258,4141.715460211436,4093.96537947141,13.642880211436022,4.510920422871343,0,1,1,0,0,1,True,14518,-1.0
14528,2025-11-25 15:40:00,15,1,MARKUP,2,C,4125.3654799999995,4106.896871691447,4171.537000771381,18.468608308552575,5.506256617105887,0,1,1,0,0,1,True,14539,1.1205157104657735
14542,2025-11-25 16:50:00,16,-1,MARKDOWN,1,C,4135.58258,4154.405661104267,4088.5248772393334,18.82308110426675,7.231322208533791,0,1,0,0,0,1,True,14559,-1.0
14554,2025-11-25 17:50:00,17,-1,MARKDOWN,2,C,4135.58258,4153.971868129013,4089.6093596774676,18.38928812901304,6.363736258027458,0,1,1,0,0,1,True,14559,-1.0
14568,2025-11-25 19:00:00,19,1,MARKUP,2,C,4126.41662,4107.9753123057,4172.51988923575,18.44130769430012,6.009375388599672,0,1,1,0,0,1,False,-1,
14580,2025-11-25 20:00:00,20,1,MARKUP,2,C,4129.4382399999995,4108.102186805539,4182.778372986151,21.336053194460874,5.75562638892142,0,1,1,0,0,1,True,14597,1.2408754527685926
14739,2025-11-26 10:15:00,10,1,MARKUP,2,C,4165.52638,4161.439968598952,4175.742408502621,4.086411401048281,3.5200628020965286,0,1,1,0,0,1,True,14741,-1.0
14753,2025-11-26 11:25:00,11,1,MARKUP,3,B,4161.2222,4154.619398557947,4177.729203605134,6.602801442053533,3.961202884107009,0,1,1,1,1,1,True,14756,0.9634164607347802
14772,2025-11-26 13:00:00,13,1,MARKUP,1,C,4155.18232,4145.238792439072,4180.041138902319,9.943527560927578,3.2624151218557653,0,0,1,0,0,1,True,14793,0.7094773108708461
14784,2025-11-26 14:00:00,14,1,MARKUP,3,B,4158.7925000000005,4147.98976803829,4185.799329904276,10.802731961710379,3.460463923420164,0,1,1,0,1,1,True,14792,-1.0
14801,2025-11-26 15:25:00,15,1,MARKUP,3,B,4161.99992,4152.752735609355,4185.117880976613,9.247184390645089,4.314528781289163,0,1,1,0,1,1,True,14802,-1.0
14813,2025-11-26 16:25:00,16,-1,MARKDOWN,2,C,4160.73412,4176.214606367609,4122.0329040809775,15.480486367609046,5.489212735217135,0,1,1,0,0,1,True,14826,-0.31238553396604507
14825,2025-11-26 17:25:00,17,-1,MARKDOWN,1,C,4159.3742,4176.338138178187,4116.964354554532,16.963938178187163,5.736276356374977,1,0,0,0,0,1,True,14826,-0.3652335875620137
14847,2025-11-26 19:15:00,19,1,MARKUP,2,C,4163.70964,4157.724589651481,4178.672265871297,5.985050348518598,3.550820697036614,0,1,1,0,0,1,True,14862,0.5
14859,2025-11-26 20:15:00,20,1,MARKUP,2,C,4149.97438,4135.12776987785,4187.090905305373,14.846610122149286,2.884460244297933,0,1,1,0,0,1,False,-1,
14988,2025-11-27 08:00:00,8,-1,MARKDOWN,2,C,4154.90404,4163.829769846253,4132.589715384369,8.92572984625258,2.7395396925059403,0,1,0,0,1,1,True,14991,-1.0
15014,2025-11-27 10:10:00,10,1,MARKUP,2,C,4151.0267,4141.335854328077,4175.253814179808,9.690845671922943,2.6882913438448925,0,1,1,0,0,1,True,15027,0.8217417129199103
15026,2025-11-27 11:10:00,11,1,MARKUP,1,C,4153.34332,4143.308537268235,4178.430276829411,10.034782731764608,3.0629254635297753,1,0,0,0,0,1,True,15027,0.16011108989076597
15053,2025-11-27 13:25:00,13,1,MARKUP,3,B,4158.2008,4151.394214152976,4175.217264617559,6.806585847023598,2.6115716940476985,1,1,0,0,1,1,True,15059,-1.0
15073,2025-11-27 15:05:00,15,-1,MARKDOWN,2,C,4159.9948,4168.387758406655,4139.0124039833645,8.392958406654543,2.5755168133100357,0,1,1,0,0,1,True,15088,0.6279914666195217
15093,2025-11-27 16:45:00,16,-1,MARKDOWN,2,C,4157.46176,4163.900468787127,4141.364988032185,6.438708787126416,2.7009375742525967,1,0,1,0,0,1,True,15097,-1.0
15105,2025-11-27 17:45:00,17,1,MARKUP,3,B,4156.9014799999995,4152.230705041457,4168.578417396355,4.670774958542097,2.3585899170843447,0,1,1,1,1,1,True,15108,-1.0
15118,2025-11-27 18:50:00,18,-1,MARKDOWN,4,A,4155.69428,4160.761029439592,4143.027406401019,5.0667494395920585,2.142058879183505,1,1,1,0,1,1,True,15119,-1.0
15140,2025-11-27 20:40:00,20,1,MARKUP,3,B,4156.35868,4152.348731352161,4166.383551619599,4.009948647839337,1.3425372956796413,1,1,1,0,0,1,False,-1,
15265,2025-11-28 11:15:00,11,-1,MARKDOWN,1,C,4176.34996,4191.452287057909,4138.594142355225,15.10232705790986,4.824574115819216,0,1,0,0,0,1,True,15277,0.7395404692057578
15286,2025-11-28 13:00:00,13,-1,MARKDOWN,1,C,4176.34996,4191.203530892948,4139.216032767628,14.853570892948483,4.327061785897051,0,0,0,0,1,1,True,15290,-1.0
15324,2025-11-28 16:10:00,16,1,MARKUP,2,C,4172.17478,4157.657255352679,4208.4685916183025,14.517524647320897,4.365489294641531,0,1,1,0,0,1,False,-1,
15336,2025-11-28 17:10:00,17,1,MARKUP,1,C,4178.6535,4156.960246402933,4232.886633992668,21.69325359706727,5.759507194134594,0,1,0,0,0,1,False,-1,
15348,2025-11-28 18:10:00,18,1,MARKUP,1,C,4183.56042,4165.201541387216,4229.4576165319595,18.358878612783883,5.156917225567858,0,1,0,0,0,1,False,-1,
15360,2025-11-28 19:10:00,19,1,MARKUP,1,C,4184.51778,4165.4020285768565,4232.307158557859,19.115751423143593,4.775942846286,0,1,0,0,0,1,False,-1,
15372,2025-11-28 20:10:00,20,1,MARKUP,1,C,4186.71046,4165.806117870515,4238.9713153237135,20.904342129485485,3.967764258970852,0,1,0,0,0,1,False,-1,
15493,2025-12-01 09:25:00,9,1,MARKUP,3,B,4238.02844,4230.320697301794,4257.297796745515,7.707742698205948,4.39860539641314,0,1,1,1,1,1,False,-1,
15505,2025-12-01 10:25:00,10,1,MARKUP,1,C,4230.00768,4213.477896897576,4271.332137756059,16.529783102423607,3.8442062048471937,0,1,0,0,0,1,False,-1,
15517,2025-12-01 11:25:00,11,1,MARKUP,2,C,4230.00768,4213.653929438181,4270.892056404547,16.353750561818742,3.4921411236378015,0,1,1,0,0,1,False,-1,
15536,2025-12-01 13:00:00,13,1,MARKUP,2,C,4240.12054,4224.561419084088,4279.01834228978,15.55912091591199,3.637161831824044,0,1,1,0,0,1,False,-1,
15548,2025-12-01 14:00:00,14,1,MARKUP,0,C,4243.3774,4229.9027580216525,4277.06400494587,13.47464197834779,3.4944839566949337,0,0,0,0,0,1,True,15572,-1.0
15561,2025-12-01 15:05:00,15,1,MARKUP,3,B,4247.6354200000005,4236.370834223735,4275.796884440664,11.264585776265449,4.338331552529365,0,1,1,1,1,1,True,15571,-1.0
15589,2025-12-01 17:25:00,17,-1,MARKDOWN,1,C,4247.272919999999,4268.092108326143,4195.224949184641,20.819188326143376,7.304216652285546,0,1,0,0,0,1,False,-1,
15601,2025-12-01 18:25:00,18,-1,MARKDOWN,0,C,4247.272919999999,4267.951711461956,4195.575941345109,20.67879146195628,7.023422923911411,0,0,0,0,0,1,False,-1,
15613,2025-12-01 19:25:00,19,-1,MARKDOWN,0,C,4247.272919999999,4267.701166969555,4196.202302576111,20.428246969555403,6.522333939109807,0,0,0,0,0,1,False,-1,
15757,2025-12-02 08:25:00,8,-1,MARKDOWN,3,B,4217.917460000001,4228.226739217862,4192.144261955347,10.30927921786133,3.833478435723571,0,1,1,1,0,1,True,15768,0.591808756210312
15772,2025-12-02 09:40:00,9,-1,MARKDOWN,3,B,4217.5545600000005,4228.007642218356,4191.421854454113,10.45308221835512,3.3952844367113344,0,1,1,1,0,1,False,-1,
15784,2025-12-02 10:40:00,10,-1,MARKDOWN,1,C,4217.54838,4228.098989801975,4191.171855495062,10.550609801975043,3.597979603950686,0,0,1,0,0,1,False,-1,
15796,2025-12-02 11:40:00,11,-1,MARKDOWN,2,C,4209.05652,4228.7197370553995,4159.898477361501,19.6632170553994,4.83947411079872,0,1,0,0,1,1,False,-1,
15812,2025-12-02 13:00:00,13,-1,MARKDOWN,1,C,4209.05652,4228.182196935809,4161.242327660479,19.12567693580877,3.7643938716181133,0,1,0,0,0,1,True,15835,-1.0
15854,2025-12-02 16:30:00,16,1,MARKUP,1,C,4200.05372,4178.957898934305,4252.793272664236,21.09582106569451,4.404202131389407,0,1,0,0,0,1,True,15863,-1.0
15866,2025-12-02 17:30:00,17,-1,MARKDOWN,2,C,4186.88084,4193.019846963938,4171.533322590154,6.1390069639383,6.639693927875745,0,1,1,0,0,1,True,15867,0.5
15878,2025-12-02 18:30:00,18,-1,MARKDOWN,1,C,4204.69366,4234.183274109957,4130.969624725107,29.489614109957074,7.126548219913724,0,1,0,0,0,1,False,-1,
15890,2025-12-02 19:30:00,19,-1,MARKDOWN,0,C,4204.69366,4233.399171152348,4132.9298821191305,28.705511152347754,5.558342304694978,0,0,0,0,0,1,False,-1,
16044,2025-12-03 09:20:00,9,-1,MARKDOWN,2,C,4218.84598,4230.508029446915,4189.690856382712,11.662049446915262,3.376058893832112,0,1,1,0,0,1,False,-1,
16056,2025-12-03 10:20:00,10,-1,MARKDOWN,2,C,4216.22766,4227.633044105198,4187.714199737004,11.405384105198209,3.0460882103962437,0,1,1,0,0,1,False,-1,
16068,2025-12-03 11:20:00,11,-1,MARKDOWN,1,C,4214.468720000001,4226.901501264286,4183.386766839289,12.43278126428504,3.4430025285705237,0,1,0,0,0,1,False,-1,
16088,2025-12-03 13:00:00,13,-1,MARKDOWN,2,C,4205.20432,4213.375361543045,4184.776716142387,8.171041543045249,3.1707230860910167,0,1,1,0,0,1,True,16093,-1.0
16116,2025-12-03 15:20:00,15,1,MARKUP,2,C,4205.39116,4192.840369647575,4236.768135881062,12.550790352424883,3.4192607048497625,0,1,1,0,0,1,True,16135,1.012209168769183
16128,2025-12-03 16:20:00,16,1,MARKUP,2,C,4212.2175,4191.763825337131,4263.351686657173,20.45367466286916,5.572349325738632,0,1,0,0,1,1,True,16134,-0.2682891993956462
16140,2025-12-03 17:20:00,17,1,MARKUP,1,C,4214.1281,4193.42170666346,4265.894083341349,20.706393336539804,7.3765866730794585,0,0,1,0,0,1,True,16152,-0.15976225053942705
16175,2025-12-03 20:15:00,20,-1,MARKDOWN,2,C,4224.14148,4244.111751850094,4174.215800374765,19.970271850093923,4.903503700188012,0,1,1,0,0,1,False,-1,
16304,2025-12-04 08:00:00,8,-1,MARKDOWN,1,C,4200.82824,4218.913302995239,4155.615582511902,18.08506299523924,4.326605990478724,0,1,0,0,0,1,False,-1,
16316,2025-12-04 09:00:00,9,-1,MARKDOWN,0,C,4195.11174,4209.406737943589,4159.374245141028,14.294997943588896,3.813475887178191,0,0,0,0,0,1,True,16329,-1.0
16339,2025-12-04 10:55:00,10,-1,MARKDOWN,3,B,4189.91436,4200.927224217727,4162.382199455682,11.012864217726928,3.6744484354529203,0,1,1,0,1,1,True,16341,-1.0
16368,2025-12-04 13:20:00,13,1,MARKUP,1,C,4191.049099999999,4179.886968206163,4218.954429484589,11.162131793836124,3.1860635876731296,0,1,0,0,0,1,True,16382,1.0256791021716842
16380,2025-12-04 14:20:00,14,1,MARKUP,0,C,4192.316,4181.92391258824,4218.2962185294,10.392087411760258,3.21217482352102,0,0,0,0,0,1,True,16382,1.0036764234471465
16404,2025-12-04 16:20:00,16,1,MARKUP,2,C,4195.05248,4183.328356553303,4224.362788616743,11.724123446697376,4.623286893394036,0,1,1,0,0,1,True,16408,0.5
16416,2025-12-04 17:20:00,17,1,MARKUP,2,C,4196.12208,4182.663914499288,4229.76749375178,13.458165500712312,5.952171001424284,0,1,1,0,0,1,False,-1,
16428,2025-12-04 18:20:00,18,1,MARKUP,2,C,4198.53632,4182.9439359521075,4237.517280119731,15.592384047892665,5.392128095785578,0,1,1,0,0,1,False,-1,
16440,2025-12-04 19:20:00,19,1,MARKUP,2,C,4198.53632,4183.552431112718,4235.996042218205,14.983888887281864,4.1751377745632885,0,1,1,0,0,1,False,-1,
16452,2025-12-04 20:20:00,20,1,MARKUP,1,C,4199.6363599999995,4185.849170008628,4234.104334978429,13.787189991371633,3.141659982744914,0,1,0,0,0,1,False,-1,
16580,2025-12-05 08:00:00,8,1,MARKUP,2,C,4204.91042,4193.765488802298,4232.772747994255,11.144931197702135,2.1890223954025294,0,1,1,0,0,1,False,-1,
16592,2025-12-05 09:00:00,9,1,MARKUP,2,C,4209.135899999999,4195.463501123305,4243.316897191735,13.672398876694388,2.5529977533890165,0,1,1,0,0,1,False,-1,
16604,2025-12-05 10:00:00,10,1,MARKUP,2,C,4212.90834,4200.539373290021,4243.830756774947,12.36896670997885,2.681253419957294,0,1,1,0,0,1,False,-1,
16658,2025-12-05 14:30:00,14,1,MARKUP,0,C,4221.29014,4214.737896433835,4237.670748915412,6.552243566165089,2.5842071323294213,0,0,0,0,0,1,False,-1,
16670,2025-12-05 15:30:00,15,1,MARKUP,3,B,4223.9374,4214.280870011626,4248.078724970936,9.656529988374132,3.4982599767474194,0,1,1,0,1,1,False,-1,
16682,2025-12-05 16:30:00,16,1,MARKUP,0,C,4227.42698,4218.11570257867,4250.705173553326,9.311277421330487,3.8085948426610012,0,0,0,0,0,1,True,16701,0.5
16694,2025-12-05 17:30:00,17,1,MARKUP,3,B,4232.92778,4217.585620015954,4271.2831799601145,15.342159984045793,4.8687599680921085,0,1,1,0,1,1,True,16701,-1.0
16716,2025-12-05 19:20:00,19,-1,MARKDOWN,1,C,4236.1708,4262.391132900118,4170.619967749706,26.220332900117683,6.142265800235271,0,1,0,0,0,1,False,-1,
16728,2025-12-05 20:20:00,20,-1,MARKDOWN,1,C,4236.1708,4261.706969909552,4172.33037522612,25.536169909551973,4.773939819104139,0,0,1,0,0,1,False,-1,
16853,2025-12-08 08:00:00,8,1,MARKUP,2,C,4205.601659999999,4196.142712477375,4229.249028806559,9.45894752262393,2.774575045249085,0,1,1,0,0,1,True,16877,0.6932060488341154
16865,2025-12-08 09:00:00,9,1,MARKUP,1,C,4206.295719999999,4197.107879395017,4229.265321512454,9.18784060498183,2.7442412099646325,0,1,0,0,0,1,True,16877,0.6611364346234692
16877,2025-12-08 10:00:00,10,1,MARKUP,1,C,4210.07788,4202.98911521235,4227.799791969124,7.0887647876497795,3.2217695753012427,1,0,0,0,0,1,True,16878,-1.0
16913,2025-12-08 13:00:00,13,-1,MARKDOWN,2,C,4211.98378,4220.443771972979,4190.83380006755,8.459991972979878,3.0075439459597537,0,1,1,0,0,1,True,16920,0.7580152191726395
16935,2025-12-08 14:50:00,14,1,MARKUP,3,B,4208.2970000000005,4201.756074086683,4224.649314783294,6.540925913317551,2.7678518266353462,0,1,1,1,0,1,True,16937,-1.0
16947,2025-12-08 15:50:00,15,-1,MARKDOWN,1,C,4209.05218,4217.444854689052,4188.07049327737,8.392674689052,3.7897093781022244,0,1,0,0,0,1,True,16951,0.7368510458584621
16959,2025-12-08 16:50:00,16,-1,MARKDOWN,1,C,4208.0819,4217.850794835295,4183.659662911762,9.768894835295214,4.601589670590639,0,1,0,0,0,1,True,16960,1.75
16971,2025-12-08 17:50:00,17,-1,MARKDOWN,2,C,4200.5603200000005,4218.485494021515,4155.747384946215,17.925174021514067,5.870988043028623,0,1,1,0,0,1,False,-1,
16983,2025-12-08 18:50:00,18,-1,MARKDOWN,2,C,4200.5603200000005,4217.998092291068,4156.965889272331,17.43777229106763,4.896184582136172,0,1,1,0,0,1,False,-1,
16999,2025-12-08 20:10:00,20,-1,MARKDOWN,1,C,4198.08214,4213.430574502652,4159.711053743371,15.348434502651799,3.7811490053046195,0,0,1,0,0,1,False,-1,
17129,2025-12-09 08:00:00,8,-1,MARKDOWN,3,B,4190.526220000001,4200.137718520918,4166.497473697708,9.611498520916939,2.5754370418344275,0,1,1,1,0,1,False,-1,
17141,2025-12-09 09:00:00,9,-1,MARKDOWN,0,C,4187.8484,4200.292159351104,4156.73900162224,12.443759351103836,2.884318702206856,0,0,0,0,0,1,True,17155,-1.0
17169,2025-12-09 11:20:00,11,1,MARKUP,2,C,4186.37286,4168.202416468587,4231.798968828533,18.170443531413184,3.695167062825295,0,1,1,0,0,1,False,-1,
17189,2025-12-09 13:00:00,13,1,MARKUP,1,C,4186.37286,4168.609535598124,4230.781171004691,17.76332440187616,2.880928803750983,0,1,0,0,0,1,False,-1,
17201,2025-12-09 14:00:00,14,1,MARKUP,1,C,4190.0067,4174.695275579323,4228.285261051693,15.311424420677213,2.469448841355373,0,1,0,0,0,1,False,-1,
17213,2025-12-09 15:00:00,15,1,MARKUP,1,C,4194.35124,4181.538564548803,4226.382928627992,12.81267545119681,2.8428709023929413,0,1,0,0,0,1,True,17227,0.7388725295970662
17233,2025-12-09 16:40:00,16,1,MARKUP,3,B,4203.6214,4198.144155323089,4217.314511692278,5.477244676911141,5.071689353822648,0,1,1,0,1,1,True,17234,0.5
17245,2025-12-09 17:40:00,17,1,MARKUP,2,C,4197.4447,4186.848990007982,4223.933974980045,10.595709992017873,5.262019984034891,0,1,1,0,0,1,False,-1,
17257,2025-12-09 18:40:00,18,1,MARKUP,2,C,4201.34492,4186.788921815757,4237.734915460605,14.555998184242526,5.382156368485951,0,1,1,0,0,1,False,-1,
17269,2025-12-09 19:40:00,19,1,MARKUP,1,C,4201.646699999999,4187.172461135369,4237.832297161574,14.474238864630024,4.6150777292600855,0,0,1,0,0,1,True,17272,0.8904014041873531
17405,2025-12-10 08:00:00,8,-1,MARKDOWN,1,C,4212.34746,4219.988896591358,4193.243868521606,7.641436591357888,2.317793182715529,0,0,1,0,0,1,False,-1,
17417,2025-12-10 09:00:00,9,-1,MARKDOWN,1,C,4212.34746,4220.089573366398,4192.9921765840045,7.742113366398371,2.519146732797157,0,1,0,0,0,1,False,-1,
17429,2025-12-10 10:00:00,10,-1,MARKDOWN,1,C,4210.845719999999,4217.5786074798625,4194.013501300342,6.732887479863166,2.35721495972645,0,1,0,0,0,1,False,-1,
17441,2025-12-10 11:00:00,11,-1,MARKDOWN,2,C,4206.841460000001,4215.844911949763,4184.332830125595,9.003451949762166,2.749823899525074,0,1,1,0,0,1,False,-1,
17465,2025-12-10 13:00:00,13,-1,MARKDOWN,1,C,4202.572,4212.942746117356,4176.6451347066095,10.370746117356248,2.405492234712863,0,1,0,0,0,1,False,-1,
17512,2025-12-10 16:55:00,16,-1,MARKDOWN,3,B,4193.09188,4198.510454881134,4179.5454427971645,5.418574881134191,4.220909762269666,1,1,1,0,0,1,True,17513,-1.0
17524,2025-12-10 17:55:00,17,-1,MARKDOWN,1,C,4199.98592,4209.119516833182,4177.151927917044,9.13359683318231,4.179033666365777,0,1,0,0,0,1,True,17530,-1.0
17553,2025-12-10 20:20:00,20,-1,MARKDOWN,2,C,4199.98592,4208.3314334728675,4179.122136317832,8.345513472867424,2.6028669457348754,0,1,1,0,0,1,True,17561,-1.0
17681,2025-12-11 08:00:00,8,-1,MARKDOWN,2,C,4229.60362,4246.926638332759,4186.296074168104,17.323018332758693,3.2532766655172654,0,1,1,0,0,1,False,-1,
17693,2025-12-11 09:00:00,9,-1,MARKDOWN,0,C,4226.24788,4241.437296381534,4188.274339046165,15.189416381534102,3.13459276306865,0,0,0,0,0,1,False,-1,
17752,2025-12-11 13:55:00,13,-1,MARKDOWN,2,C,4219.7716,4227.335719257337,4200.861301856658,7.5641192573366425,2.751438514672825,0,1,1,0,0,1,True,17759,0.8611485142909895
17765,2025-12-11 15:00:00,15,-1,MARKDOWN,3,B,4219.39342,4227.390822222848,4199.39991444288,7.997402222847995,2.8616444456958683,0,1,1,0,1,1,True,17773,-1.0
17778,2025-12-11 16:05:00,16,1,MARKUP,2,C,4213.2247,4203.161751176335,4238.382072059161,10.062948823664556,4.196497647329612,0,1,1,0,0,1,False,-1,
17790,2025-12-11 17:05:00,17,1,MARKUP,2,C,4220.23822,4202.411230245181,4264.805694387047,17.826989754818896,5.697539509637273,0,1,1,0,0,1,False,-1,
17802,2025-12-11 18:05:00,18,1,MARKUP,1,C,4226.71694,4202.234180944673,4287.923837638317,24.482759055326824,6.0516381106529495,0,1,0,0,0,1,False,-1,
17814,2025-12-11 19:05:00,19,1,MARKUP,2,C,4234.16594,4202.34324826997,4313.722669325074,31.822691730029874,5.8335034600607845,0,1,1,0,0,1,False,-1,
17826,2025-12-11 20:05:00,20,1,MARKUP,2,C,4235.3234,4202.807267806175,4316.613730484562,32.51613219382489,4.905464387650681,0,1,1,0,0,1,False,-1,
17957,2025-12-12 08:00:00,8,1,MARKUP,1,C,4270.72964,4263.413877620103,4289.01904594974,7.315762379896114,2.3922447597924266,0,1,0,0,0,1,False,-1,
17969,2025-12-12 09:00:00,9,1,MARKUP,2,C,4272.66894,4264.993315391096,4291.858001522258,7.67562460890349,2.2333692178076463,0,1,1,0,0,1,False,-1,
17981,2025-12-12 10:00:00,10,1,MARKUP,2,C,4275.80898,4264.724321378178,4303.520626554555,11.0846586218222,2.7713572436439726,0,1,1,0,0,1,False,-1,
17993,2025-12-12 11:00:00,11,1,MARKUP,2,C,4284.32376,4264.413176128948,4334.10021967763,19.91058387105204,3.393647742102734,0,1,1,0,0,1,False,-1,
18017,2025-12-12 13:00:00,13,1,MARKUP,2,C,4298.72724,4274.51134703263,4359.266972418427,24.215892967370564,4.257305934741253,0,1,1,0,0,1,False,-1,
18029,2025-12-12 14:00:00,14,1,MARKUP,2,C,4304.33064,4280.8621588566675,4363.001842858332,23.46848114333261,3.7556822866639914,0,1,1,0,0,1,False,-1,
18041,2025-12-12 15:00:00,15,1,MARKUP,2,C,4309.05216,4288.195201134894,4361.194557162766,20.856958865106208,4.369597730211791,0,1,1,0,0,1,False,-1,
18053,2025-12-12 16:00:00,16,1,MARKUP,2,C,4322.12306,4304.790438450489,4365.454613873777,17.332621549510804,4.999123099021266,0,1,1,0,0,1,True,18069,-1.0
18065,2025-12-12 17:00:00,17,1,MARKUP,1,C,4329.60632,4311.76576531972,4374.207706700699,17.840554680279638,6.068469360560107,0,1,0,0,0,1,True,18068,-1.0
18084,2025-12-12 18:35:00,18,-1,MARKDOWN,2,C,4319.22202,4359.650023262916,4218.152011842711,40.42800326291581,12.180046525831111,0,1,1,0,0,1,False,-1,
18096,2025-12-12 19:35:00,19,-1,MARKDOWN,0,C,4316.9453,4358.6729532779145,4212.626166805215,41.727653277914214,10.225906555828226,0,0,0,0,0,1,False,-1,
18108,2025-12-12 20:35:00,20,-1,MARKDOWN,0,C,4316.9453,4357.068130203931,4216.638224490173,40.12283020393079,7.01626040786075,0,0,0,0,0,1,False,-1,
18233,2025-12-15 08:00:00,8,1,MARKUP,2,C,4321.399899999999,4304.715856752834,4363.110008117913,16.68404324716539,3.228286494332452,0,1,1,0,0,1,False,-1,
18245,2025-12-15 09:00:00,9,1,MARKUP,1,C,4330.10072,4318.021623989691,4360.298460025774,12.079096010309513,2.79675202061867,0,1,0,0,0,1,False,-1,
18257,2025-12-15 10:00:00,10,1,MARKUP,2,C,4330.10072,4317.905387917707,4360.589050205734,12.195332082293135,3.029224164586192,0,1,1,0,0,1,False,-1,
18269,2025-12-15 11:00:00,11,1,MARKUP,1,C,4333.06942,4321.866708075903,4361.076199810241,11.202711924096548,2.6865838481929365,0,1,0,0,0,1,False,-1,
18310,2025-12-15 14:25:00,14,1,MARKUP,2,C,4339.98378,4332.401817087155,4358.938687282111,7.581962912844574,2.336365825689278,0,1,1,0,0,1,True,18318,-1.0
18339,2025-12-15 16:50:00,16,-1,MARKDOWN,3,B,4336.5371,4351.390002384849,4299.404844037876,14.852902384849585,6.060004769698759,0,1,1,1,0,1,False,-1,
18351,2025-12-15 17:50:00,17,-1,MARKDOWN,1,C,4334.32914,4351.953537494456,4290.268146263859,17.62439749445639,7.187074988913901,0,1,0,0,0,1,False,-1,
18363,2025-12-15 18:50:00,18,-1,MARKDOWN,1,C,4324.2558,4352.021704086577,4254.841039783556,27.765904086577393,7.323408173155624,0,1,0,0,0,1,False,-1,
18375,2025-12-15 19:50:00,19,-1,MARKDOWN,1,C,4323.4956600000005,4349.832442478362,4257.653703804096,26.336782478361783,5.404884956724002,0,1,0,0,0,1,False,-1,
18509,2025-12-16 08:00:00,8,-1,MARKDOWN,1,C,4300.1534,4319.765663674639,4251.122740813404,19.612263674638598,3.851327349277876,0,0,1,0,0,1,False,-1,
18521,2025-12-16 09:00:00,9,-1,MARKDOWN,1,C,4296.71732,4313.958273659206,4253.614935851985,17.240953659205843,3.356547318411831,0,0,1,0,0,1,False,-1,
18536,2025-12-16 10:15:00,10,-1,MARKDOWN,3,B,4284.3820399999995,4294.159889946935,4259.937415132659,9.77784994693593,3.679779893872297,0,1,1,1,0,1,True,18542,0.7297904702010686
18548,2025-12-16 11:15:00,11,-1,MARKDOWN,1,C,4284.33878,4294.036630174707,4260.094154563232,9.697850174707128,3.57326034941418,1,0,0,0,0,1,True,18549,0.7294556728320841
18569,2025-12-16 13:00:00,13,-1,MARKDOWN,1,C,4285.55904,4293.8496499754365,4264.832515061409,8.290609975436382,3.379299950872409,0,1,0,0,0,1,True,18582,-1.0
18581,2025-12-16 14:00:00,14,-1,MARKDOWN,1,C,4283.419,4290.738790139902,4265.119524650243,7.3197901399025795,2.7975802798040927,0,1,0,0,0,1,True,18582,-1.0
18599,2025-12-16 15:30:00,15,1,MARKUP,2,C,4288.66542,4271.828886813857,4330.756752965359,16.836533186143242,4.022226372286383,0,1,1,0,0,1,False,-1,
18611,2025-12-16 16:30:00,16,1,MARKUP,1,C,4296.02274,4271.1226709124885,4358.2729127187795,24.900069087511838,5.434658175022485,0,1,0,0,0,1,False,-1,
18623,2025-12-16 17:30:00,17,1,MARKUP,2,C,4297.28334,4270.260174895572,4364.841252761069,27.02316510442779,7.1596502088552505,0,1,1,0,0,1,True,18636,0.9024353700153476
18785,2025-12-17 08:00:00,8,1,MARKUP,1,C,4323.1884,4309.453133822532,4357.526565443669,13.735266177467565,3.633732354936647,0,1,0,0,0,1,True,18799,-1.0
18797,2025-12-17 09:00:00,9,1,MARKUP,1,C,4323.1884,4309.498869237055,4357.412226907361,13.689530762944742,3.542261525889863,1,0,0,0,0,1,True,18799,-1.0
18847,2025-12-17 13:10:00,13,-1,MARKDOWN,1,C,4325.33204,4338.606903414077,4292.144881464807,13.274863414077117,3.033806828154624,0,0,1,0,0,1,True,18871,-1.0
18859,2025-12-17 14:10:00,14,-1,MARKDOWN,3,B,4318.305380000001,4327.042616271115,4296.462289322216,8.737236271113943,2.645232542228515,1,0,1,1,1,1,True,18860,-1.0
18873,2025-12-17 15:20:00,15,1,MARKUP,2,C,4315.970780000001,4304.586993554477,4344.4302461138095,11.383786445523583,3.446012891046541,0,1,1,0,0,1,False,-1,
18885,2025-12-17 16:20:00,16,1,MARKUP,1,C,4321.47922,4303.679970586095,4365.977343534763,17.799249413905272,5.260058827810871,0,0,1,0,0,1,False,-1,
18897,2025-12-17 17:20:00,17,1,MARKUP,1,C,4321.47922,4302.900045012824,4367.927157467941,18.579174987175975,6.8199099743531795,0,1,0,0,0,1,True,18910,0.9449713892687174
18913,2025-12-17 18:40:00,18,1,MARKUP,2,C,4328.08586,4311.338920029523,4369.953209926192,16.746939970476888,7.342159940954598,0,0,1,0,1,1,False,-1,
18925,2025-12-17 19:40:00,19,1,MARKUP,2,C,4328.14148,4312.287041067432,4367.777577331421,15.854438932567973,5.625917865136985,0,1,0,0,1,1,False,-1,
18940,2025-12-17 20:55:00,20,1,MARKUP,1,C,4333.03604,4320.552595611765,4364.244650970586,12.483444388234602,4.93480877647048,0,0,1,0,0,1,True,18951,0.8067761228201825
19074,2025-12-18 09:05:00,9,-1,MARKDOWN,3,B,4334.25818,4338.893232750894,4322.6705481227655,4.635052750893919,2.38646550178764,0,1,1,0,1,1,True,19078,1.75
19086,2025-12-18 10:05:00,10,-1,MARKDOWN,3,B,4332.87512,4339.1809269716505,4317.110602570872,6.305806971650782,2.8018539433008556,0,1,1,0,1,1,False,-1,
19098,2025-12-18 11:05:00,11,-1,MARKDOWN,2,C,4331.538119999999,4339.247582716384,4312.264463209036,7.709462716385133,2.935165432768984,0,1,0,1,0,1,False,-1,
19121,2025-12-18 13:00:00,13,-1,MARKDOWN,0,C,4331.29746,4339.0008430654925,4312.039002336268,7.703383065492744,2.4416861309858136,0,0,0,0,0,1,False,-1,
19133,2025-12-18 14:00:00,14,-1,MARKDOWN,2,C,4331.29746,4338.787786901182,4312.571642747045,7.490326901182016,2.0155738023636176,0,1,1,0,0,1,True,19151,0.5
19145,2025-12-18 15:00:00,15,-1,MARKDOWN,3,B,4325.44884,4331.721370257107,4309.767514357232,6.272530257107064,2.3227405142137423,0,1,1,0,1,1,True,19151,-1.0
19162,2025-12-18 16:25:00,16,1,MARKUP,2,C,4325.39992,4312.15273888129,4358.517872796774,13.247181118709705,4.67452223741867,0,1,0,1,0,1,True,19164,-1.0
19175,2025-12-18 17:30:00,17,1,MARKUP,3,B,4325.39992,4311.150377579065,4361.023776052336,14.249542420934631,6.6792448418699495,0,1,1,1,0,1,True,19195,0.5
19187,2025-12-18 18:30:00,18,1,MARKUP,1,C,4334.00324,4305.123485038463,4406.2026274038435,28.8797549615374,7.473029923073462,0,1,0,0,0,1,True,19194,-0.27262142668750566
19199,2025-12-18 19:30:00,19,1,MARKUP,1,C,4334.00324,4304.538319426555,4407.665541433613,29.464920573444942,8.643361146888958,1,0,0,0,0,1,True,19200,-0.4379187097360988
19380,2025-12-19 11:35:00,11,1,MARKUP,2,C,4322.80678,4316.6271375578035,4338.255886105491,6.179642442196382,2.2057248843915356,0,1,1,0,0,1,True,19391,0.6920541241396001
19397,2025-12-19 13:00:00,13,1,MARKUP,2,C,4325.87792,4319.807189520422,4341.0547461989445,6.070730479577833,2.5456209591549572,0,1,0,1,1,1,True,19398,0.6809202839366001
19421,2025-12-19 15:00:00,15,1,MARKUP,3,B,4326.14984,4320.179907936882,4341.0746701577955,5.969932063117994,2.6801841262365063,0,1,1,0,1,1,True,19435,0.7479246182787713
19433,2025-12-19 16:00:00,16,1,MARKUP,3,B,4326.29158,4318.821511690471,4344.966750773822,7.47006830952887,3.7169766190579634,0,1,1,0,1,1,True,19435,0.6886492960313493
19445,2025-12-19 17:00:00,17,1,MARKUP,2,C,4327.31034,4317.021899461903,4353.031441345243,10.288440538097348,5.396201076195976,0,1,1,0,0,1,False,-1,
19457,2025-12-19 18:00:00,18,1,MARKUP,2,C,4333.08236,4317.060666902707,4373.1365927432325,16.021693097292882,5.318666194584936,0,1,1,0,0,1,False,-1,
19469,2025-12-19 19:00:00,19,1,MARKUP,2,C,4333.08236,4317.41021281071,4372.262727973227,15.672147189290627,4.619574378580769,0,1,1,0,0,1,False,-1,
19481,2025-12-19 20:00:00,20,1,MARKUP,1,C,4333.548400000001,4317.690566933706,4373.192982665738,15.857833066294916,4.058866132589111,0,1,0,0,0,1,False,-1,
19613,2025-12-22 08:00:00,8,1,MARKUP,1,C,4379.70386,4359.317447879823,4430.669890300442,20.38641212017683,3.9251042403544423,0,1,0,0,0,1,False,-1,
19625,2025-12-22 09:00:00,9,1,MARKUP,1,C,4394.5012,4376.494822924678,4439.517142688303,18.006377075321325,4.23035415064274,0,1,0,0,0,1,False,-1,
19637,2025-12-22 10:00:00,10,1,MARKUP,1,C,4398.72832,4383.604820883202,4436.537067791996,15.123499116798484,3.690358233597135,0,1,0,0,0,1,False,-1,
19649,2025-12-22 11:00:00,11,1,MARKUP,1,C,4403.53636,4391.497003193663,4433.634752015843,12.03935680633731,3.465993612673402,0,0,1,0,0,1,False,-1,
19680,2025-12-22 13:35:00,13,1,MARKUP,3,B,4410.23548,4402.925642601423,4428.510073496444,7.309837398577656,2.2887147971547614,1,1,1,0,0,1,True,19681,1.227678959055424
19694,2025-12-22 14:45:00,14,1,MARKUP,3,B,4410.00338,4405.084705018226,4422.300067454436,4.918674981774529,2.510589963548536,0,1,1,0,1,1,False,-1,
19706,2025-12-22 15:45:00,15,1,MARKUP,2,C,4414.25694,4404.156422862085,4439.50823284479,10.10051713791563,4.027154275831222,0,1,1,0,0,1,True,19723,1.75
19718,2025-12-22 16:45:00,16,1,MARKUP,2,C,4414.94836,4403.553574951836,4443.435322620411,11.394785048164522,5.2328500963284545,0,1,1,0,0,1,True,19723,1.370675141226466
19730,2025-12-22 17:45:00,17,1,MARKUP,2,C,4415.90718,4403.453378611941,4447.041683470148,12.453801388059219,5.4332427761187665,0,1,1,0,0,1,False,-1,
19742,2025-12-22 18:45:00,18,1,MARKUP,1,C,4420.01436,4403.692001164324,4460.82025708919,16.322358835675914,5.155997671353237,0,1,0,0,0,1,False,-1,
19754,2025-12-22 19:45:00,19,1,MARKUP,2,C,4423.54932,4409.898000657694,4457.677618355765,13.651319342306124,4.183998684610795,0,1,1,0,0,1,False,-1,
19767,2025-12-22 20:50:00,20,1,MARKUP,1,C,4423.5740399999995,4410.291987762581,4456.779170593546,13.282052237418611,3.47602447483718,0,0,1,0,0,1,False,-1,
19914,2025-12-23 10:05:00,10,1,MARKUP,2,C,4487.51686,4484.265732890054,4495.644677774864,3.251127109945628,2.888534219891465,0,1,1,0,0,1,True,19916,0.5129955217283677
19926,2025-12-23 11:05:00,11,1,MARKUP,0,C,4478.6225,4467.97528787146,4505.240530321352,10.64721212854056,3.1494242570809785,0,0,0,0,0,1,True,19935,1.0274508380379876
19956,2025-12-23 13:35:00,13,1,MARKUP,3,B,4482.44174,4474.584346322096,4502.08522419476,7.857393677903929,2.291307355806356,0,1,1,1,0,1,False,-1,
19968,2025-12-23 14:35:00,14,1,MARKUP,1,C,4484.3625600000005,4477.010562979781,4502.74255255055,7.351997020219642,2.4188740404389173,0,0,1,0,0,1,True,19983,-1.0
19980,2025-12-23 15:35:00,15,1,MARKUP,0,C,4485.5353000000005,4476.19061770539,4508.897005736528,9.34468229461072,4.0587645892211315,0,0,0,0,0,1,True,19983,-1.0
19992,2025-12-23 16:35:00,16,-1,MARKDOWN,1,C,4478.90794,4500.890660667392,4423.95113833152,21.98272066739173,7.041321334783136,0,1,0,0,0,1,False,-1,
20004,2025-12-23 17:35:00,17,-1,MARKDOWN,2,C,4471.8524,4501.6666675810275,4397.316731047431,29.814267581027707,8.593335162055206,0,1,0,1,0,1,True,20019,-1.0
20016,2025-12-23 18:35:00,18,-1,MARKDOWN,0,C,4471.8524,4500.387919306023,4400.513601734941,28.53551930602316,6.035838612046561,0,0,0,0,0,1,True,20019,-1.0
20167,2025-12-24 08:10:00,8,-1,MARKDOWN,1,C,4504.41496,4527.7697576549535,4446.027965862617,23.354797654953472,4.139515309907644,0,1,0,0,0,1,False,-1,
20182,2025-12-24 09:25:00,9,-1,MARKDOWN,2,C,4496.0596,4513.997264718243,4451.215438204391,17.937664718243468,3.6345294364862566,1,0,1,0,0,1,False,-1,
20194,2025-12-24 10:25:00,10,-1,MARKDOWN,2,C,4492.5212,4503.493450878066,4465.090572804835,10.972250878066006,4.06690175613153,0,1,0,0,1,1,True,20197,0.8608758667693622
20207,2025-12-24 11:30:00,11,-1,MARKDOWN,1,C,4492.5212,4503.482823251414,4465.117141871466,10.961623251413585,4.045646502826607,0,0,1,0,0,1,True,20210,0.8612257468821821
20231,2025-12-24 13:30:00,13,-1,MARKDOWN,3,B,4490.27786,4499.532705041398,4467.1407473965055,9.254845041397857,3.405410082796332,0,1,1,1,0,1,True,20235,0.806644847465142
20250,2025-12-24 15:05:00,15,-1,MARKDOWN,3,B,4488.5025000000005,4494.544919624241,4473.3964509394,6.04241962424021,3.48983924848171,0,1,1,0,1,1,True,20260,0.5
20262,2025-12-24 16:05:00,16,-1,MARKDOWN,1,C,4490.20372,4501.9354316833205,4460.8744407917,11.7317116833201,3.950863366641179,1,0,0,0,0,1,False,-1,
20274,2025-12-24 17:05:00,17,-1,MARKDOWN,2,C,4483.46724,4501.198205659935,4439.139825850161,17.730965659935464,7.056411319870829,0,1,0,0,1,1,True,20298,-1.0
20286,2025-12-24 18:05:00,18,-1,MARKDOWN,0,C,4477.6797400000005,4500.072793993102,4421.697105017247,22.393053993101603,7.7855879862039785,0,0,0,0,0,1,True,20296,-1.0
20405,2025-12-26 08:10:00,8,1,MARKUP,2,C,4511.193,4505.051465491231,4526.546836271922,6.1415345087689275,3.4970690175376498,0,1,1,0,0,1,True,20413,0.7391080226432776
20417,2025-12-26 09:10:00,9,1,MARKUP,2,C,4502.69748,4490.628155060628,4532.870792348429,12.069324939371654,3.4036898787427936,0,1,1,0,0,1,False,-1,
20429,2025-12-26 10:10:00,10,1,MARKUP,2,C,4505.96052,4495.9617193024915,4530.9575217437705,9.998800697508159,3.2965613950159156,0,1,1,0,0,1,False,-1,
20441,2025-12-26 11:10:00,11,1,MARKUP,1,C,4510.803580000001,4503.321536906885,4529.50868773279,7.482043093115863,2.9769261862319047,0,1,0,0,0,1,True,20463,-1.0
20491,2025-12-26 15:20:00,15,1,MARKUP,2,C,4516.4864800000005,4510.051030288154,4532.575104279616,6.435449711846559,3.9779394236921966,0,1,1,0,0,1,True,20492,0.5934258183019393
20503,2025-12-26 16:20:00,16,1,MARKUP,1,C,4512.75886,4500.767158878896,4542.738112802759,11.991701121103688,4.325682242208899,0,1,0,0,0,1,True,20509,1.75
20515,2025-12-26 17:20:00,17,1,MARKUP,3,B,4514.561900000001,4500.118427623821,4550.67058094045,14.44347237617967,5.623144752358665,0,1,1,0,1,1,False,-1,
20527,2025-12-26 18:20:00,18,1,MARKUP,2,C,4520.85726,4499.845578929954,4573.386462675114,21.011681070045597,6.168842140092156,0,1,1,0,0,1,True,20539,0.8350399932958469
20539,2025-12-26 19:20:00,19,1,MARKUP,1,C,4521.24042,4500.395561982081,4573.352565044798,20.84485801791925,6.30887603583942,1,0,0,0,0,1,True,20540,0.8285305891244434
20683,2025-12-29 08:20:00,8,-1,MARKDOWN,3,B,4501.97496,4510.567092382881,4480.494629042796,8.592132382881573,5.174184765764003,1,1,1,0,0,1,False,-1,
20695,2025-12-29 09:20:00,9,-1,MARKDOWN,1,C,4491.14318,4525.059955211361,4406.351241971598,33.9167752113608,9.379910422721041,0,1,0,0,0,1,False,-1,
20707,2025-12-29 10:20:00,10,-1,MARKDOWN,2,C,4491.14318,4524.488353568783,4407.780246078042,33.34517356878314,8.236707137565732,1,0,1,0,0,1,False,-1,
20719,2025-12-29 11:20:00,11,-1,MARKDOWN,2,C,4490.6302399999995,4523.2562468381075,4409.06522290473,32.62600683810797,7.4324936762142375,0,1,1,0,0,1,False,-1,
20739,2025-12-29 13:00:00,13,-1,MARKDOWN,2,C,4485.21656,4513.3399597388225,4414.908060652943,28.123399738822627,5.119919477644929,0,1,1,0,0,1,False,-1,
20751,2025-12-29 14:00:00,14,-1,MARKDOWN,1,C,4467.68448,4491.625686798866,4407.831463002834,23.941206798866006,6.35137359773176,0,1,0,0,0,1,False,-1,
20765,2025-12-29 15:10:00,15,-1,MARKDOWN,2,C,4467.68448,4491.256864876238,4408.753517809404,23.572384876238175,5.61372975247689,0,0,1,0,1,1,False,-1,
20777,2025-12-29 16:10:00,16,-1,MARKDOWN,1,C,4441.72854,4481.245768308209,4342.935469229476,39.51722830820927,10.251536616418688,0,1,0,0,0,1,False,-1,
20789,2025-12-29 17:10:00,17,-1,MARKDOWN,1,C,4417.261780000001,4478.953052807109,4263.03359798223,61.69127280710836,13.206105614217783,0,1,0,0,0,1,False,-1,
20801,2025-12-29 18:10:00,18,-1,MARKDOWN,2,C,4403.8305,4474.099650183291,4228.157624541774,70.26915018329055,12.75930036658083,0,1,1,0,0,1,False,-1,
20813,2025-12-29 19:10:00,19,-1,MARKDOWN,1,C,4403.7316200000005,4472.510941401365,4231.783316496589,68.77932140136454,9.901882802729824,0,0,1,0,0,1,False,-1,
20825,2025-12-29 20:10:00,20,-1,MARKDOWN,2,C,4399.02246,4463.967892399342,4236.658879001645,64.94543239934228,8.055784798686474,0,1,1,0,0,1,False,-1,
20955,2025-12-30 08:00:00,8,1,MARKUP,1,C,4345.75628,4322.420419368945,4404.095931577636,23.335860631054857,4.239161262109758,0,1,0,0,0,1,False,-1,
20967,2025-12-30 09:00:00,9,1,MARKUP,1,C,4360.8602,4346.613213541854,4396.477666145365,14.246986458146239,4.733572916291887,1,0,0,0,0,1,True,20968,0.9792398222597412
20980,2025-12-30 10:05:00,10,1,MARKUP,1,C,4366.66434,4353.589003411252,4399.352681471872,13.075336588748542,5.621993177495889,0,1,0,0,0,1,True,20983,-1.0
20992,2025-12-30 11:05:00,11,1,MARKUP,3,B,4368.1599,4356.092939327346,4398.327301681633,12.066960672653295,5.454121345306671,1,1,1,0,0,1,True,20996,1.0058545914678392
21015,2025-12-30 13:00:00,13,1,MARKUP,2,C,4366.02244,4347.956229447783,4411.187966380542,18.066210552216944,4.487541104434123,0,1,1,0,0,1,False,-1,
21027,2025-12-30 14:00:00,14,1,MARKUP,2,C,4366.02244,4348.365181765991,4410.165585585021,17.657258234008623,3.669636468017265,0,1,1,0,0,1,False,-1,
21039,2025-12-30 15:00:00,15,1,MARKUP,2,C,4370.82418,4348.0145241063565,4427.8483197341075,22.80965589364314,4.370951787287307,0,1,1,0,0,1,True,21059,-1.0
21051,2025-12-30 16:00:00,16,1,MARKUP,1,C,4380.26104,4362.3594317111065,4425.015060722235,17.90160828889384,6.221136577787542,1,0,0,0,0,1,True,21057,-1.0
21076,2025-12-30 18:05:00,18,-1,MARKDOWN,2,C,4385.6439,4408.175472065213,4329.314969836967,22.531572065213368,7.970944130426845,0,1,1,0,0,1,False,-1,
21089,2025-12-30 19:10:00,19,-1,MARKDOWN,1,C,4385.265719999999,4407.315711586831,4330.140741032921,22.04999158683131,6.251423173662692,0,0,1,0,0,1,False,-1,
21101,2025-12-30 20:10:00,20,-1,MARKDOWN,1,C,4382.3425799999995,4402.239034406635,4332.601443983411,19.896454406635712,5.5580688132707285,0,0,1,0,0,1,False,-1,
21231,2025-12-31 08:00:00,8,-1,MARKDOWN,2,C,4335.53884,4378.184463497701,4228.92478125575,42.6456234977004,10.12892699540164,0,1,0,0,1,1,False,-1,
21243,2025-12-31 09:00:00,9,-1,MARKDOWN,1,C,4334.29666,4375.477540920206,4231.344457699486,41.18088092020571,8.73508184041115,1,0,0,0,0,1,True,21246,0.017888398294027906
21307,2025-12-31 14:20:00,14,-1,MARKDOWN,2,C,4322.75172,4337.255946410315,4286.491153974213,14.504226410314914,4.911892820630684,0,1,1,0,0,1,True,21319,-1.0
21333,2025-12-31 16:30:00,16,1,MARKUP,2,C,4320.52696,4300.026048141022,4371.779239647445,20.500911858977815,6.407903717953744,0,1,1,0,0,1,False,-1,
21345,2025-12-31 17:30:00,17,1,MARKUP,1,C,4322.37966,4299.708835637488,4379.056720906279,22.670824362511667,7.0423287250224424,0,0,1,0,0,1,True,21353,0.9531842856869033
21379,2025-12-31 20:20:00,20,-1,MARKDOWN,1,C,4339.55834,4355.746353738913,4299.088305652716,16.18801373891347,4.772707477826628,0,0,1,0,0,1,False,-1,
21507,2026-01-02 08:00:00,8,1,MARKUP,1,C,4358.77456,4343.167409135084,4397.7924371622885,15.607150864915639,2.8851817298316824,0,1,0,0,0,1,False,-1,
21519,2026-01-02 09:00:00,9,1,MARKUP,0,C,4359.1453599999995,4343.786705990523,4397.541995023691,15.358654009476595,2.8465880189537294,0,0,0,0,0,1,False,-1,
21531,2026-01-02 10:00:00,10,1,MARKUP,2,C,4372.00986,4362.173357098291,4396.601117254274,9.836502901709537,3.453285803417665,0,1,1,0,0,1,False,-1,
21543,2026-01-02 11:00:00,11,1,MARKUP,1,C,4381.17862,4369.240398963606,4411.024172590984,11.93822103639377,3.699202072788799,0,1,0,0,0,1,False,-1,
21567,2026-01-02 13:00:00,13,1,MARKUP,1,C,4382.147379999999,4370.3413404068215,4411.662478982944,11.806039593177957,3.2973191863574107,0,1,0,0,0,1,False,-1,
21579,2026-01-02 14:00:00,14,1,MARKUP,0,C,4382.42624,4370.508200796248,4412.221338009378,11.918039203751505,2.9635984075026434,0,0,0,0,0,1,True,21595,0.5
21591,2026-01-02 15:00:00,15,1,MARKUP,3,B,4388.38994,4379.840707148054,4409.763022129864,8.549232851945817,3.59858570389168,0,1,1,0,1,1,True,21595,-1.0
21611,2026-01-02 16:40:00,16,-1,MARKDOWN,1,C,4381.54482,4405.657048274737,4321.264249313159,24.11222827473648,6.594096549473464,0,1,0,0,0,1,False,-1,
21623,2026-01-02 17:40:00,17,-1,MARKDOWN,1,C,4374.875099999999,4406.308321787775,4296.292045530561,31.433221787775437,7.896643575550028,0,1,0,0,0,1,False,-1,
21635,2026-01-02 18:40:00,18,-1,MARKDOWN,1,C,4368.94646,4406.2410763247135,4275.709919188217,37.29461632471339,7.762152649426776,0,1,0,0,0,1,False,-1,
21647,2026-01-02 19:40:00,19,-1,MARKDOWN,2,C,4368.94646,4405.410752233375,4277.785729416562,36.46429223337509,6.101504466751224,0,1,1,0,0,1,False,-1,
21659,2026-01-02 20:40:00,20,-1,MARKDOWN,2,C,4351.86726,4380.6237211291555,4279.976107177112,28.75646112915547,5.507442258311563,0,1,1,0,0,1,False,-1,
21783,2026-01-05 08:00:00,8,1,MARKUP,2,C,4411.18638,4402.851512452121,4432.023548869698,8.334867547879185,4.376975095758132,0,1,1,0,0,1,False,-1,
21795,2026-01-05 09:00:00,9,1,MARKUP,2,C,4403.15702,4386.605660196522,4444.535419508694,16.55135980347768,4.368679606956605,0,1,1,0,0,1,False,-1,
21807,2026-01-05 10:00:00,10,1,MARKUP,2,C,4408.428559999999,4395.42210215063,4440.944704623423,13.006457849369326,3.79579569873909,0,1,1,0,0,1,False,-1,
21819,2026-01-05 11:00:00,11,1,MARKUP,1,C,4412.10292,4396.876724529326,4450.168408676687,15.226195470674611,3.6665509413494264,0,1,0,0,0,1,False,-1,
21843,2026-01-05 13:00:00,13,1,MARKUP,0,C,4423.16726,4411.209920512174,4453.060608719566,11.957339487826175,3.3401589756525483,0,0,0,0,0,1,True,21848,-1.0
21888,2026-01-05 16:45:00,16,1,MARKUP,2,C,4434.26036,4427.559482947664,4451.01255263084,6.700877052336182,6.541034104671674,0,1,1,0,0,1,True,21889,1.75
21900,2026-01-05 17:45:00,17,1,MARKUP,2,C,4418.95102,4392.4719859363695,4485.148605159078,26.479034063630934,7.416028127261351,0,1,1,0,0,1,False,-1,
21912,2026-01-05 18:45:00,18,1,MARKUP,2,C,4418.95102,4393.197893007128,4483.3338374821815,25.75312699287224,5.9642139857440855,0,1,1,0,0,1,False,-1,
21924,2026-01-05 19:45:00,19,1,MARKUP,1,C,4418.95102,4393.273157337826,4483.145676655437,25.677862662174448,5.81368532434876,0,1,0,0,0,1,False,-1,
21936,2026-01-05 20:45:00,20,1,MARKUP,2,C,4428.36934,4409.111735869501,4476.513350326248,19.257604130499203,4.61652826099824,0,1,1,0,0,1,False,-1,
22065,2026-01-06 08:30:00,8,1,MARKUP,2,C,4449.55214,4432.381025104561,4492.479927238597,17.171114895439132,3.957949790878459,0,1,1,0,0,1,False,-1,
22087,2026-01-06 10:20:00,10,1,MARKUP,2,C,4466.58422,4460.083769893536,4482.8353452661595,6.500450106464086,3.6724602129284536,0,1,1,0,0,1,True,22089,-1.0
22119,2026-01-06 13:00:00,13,-1,MARKDOWN,1,C,4463.07962,4477.570048135391,4426.853549661525,14.490428135390175,3.700096270781146,0,1,0,0,0,1,True,22130,-1.0
22135,2026-01-06 14:20:00,14,1,MARKUP,4,A,4464.2375600000005,4455.512137659978,4486.051115850056,8.725422340022305,3.255724680044216,1,1,1,0,1,1,True,22136,-1.0
22151,2026-01-06 15:40:00,15,1,MARKUP,1,C,4453.27252,4440.574337502058,4485.017976244855,12.69818249794207,4.111324995883087,0,0,1,0,0,1,False,-1,
22163,2026-01-06 16:40:00,16,1,MARKUP,2,C,4458.1048200000005,4439.896528831732,4503.625547920671,18.20829116826826,5.466942336535836,0,1,1,0,0,1,False,-1,
22175,2026-01-06 17:40:00,17,1,MARKUP,2,C,4464.8642199999995,4445.3053002430925,4513.761519392267,19.558919756907017,6.869399513814431,0,1,1,0,0,1,False,-1,
22187,2026-01-06 18:40:00,18,1,MARKUP,2,C,4468.182879999999,4451.322925897711,4510.332765255721,16.85995410228861,5.574148204578602,0,1,1,0,0,1,False,-1,
22199,2026-01-06 19:40:00,19,1,MARKUP,1,C,4468.182879999999,4451.8812725554035,4508.93689861149,16.301607444595902,4.457454889193197,0,1,0,0,0,1,False,-1,
22211,2026-01-06 20:40:00,20,1,MARKUP,1,C,4469.4091,4452.095390189851,4512.693374525372,17.313709810148794,4.029219620297235,0,0,1,0,0,1,False,-1,
22335,2026-01-07 08:00:00,8,-1,MARKDOWN,2,C,4468.23686,4486.122125437009,4423.523696407477,17.885265437009366,5.0042508740183,0,1,0,0,1,1,False,-1,
22347,2026-01-07 09:00:00,9,-1,MARKDOWN,2,C,4465.55166,4483.005299670052,4421.91756082487,17.453639670052326,5.210599340105094,0,1,0,1,0,1,True,22360,0.9885186831221318
22407,2026-01-07 14:00:00,14,-1,MARKDOWN,2,C,4463.7056999999995,4476.636390884334,4431.3789727891635,12.930690884334581,3.9727817686683142,0,1,1,0,0,1,False,-1,
22419,2026-01-07 15:00:00,15,-1,MARKDOWN,2,C,4461.06226,4477.00970754547,4421.193641136325,15.947447545469913,4.7194150909394565,0,1,1,0,0,1,False,-1,
22432,2026-01-07 16:05:00,16,-1,MARKDOWN,3,B,4452.50528,4470.872954604215,4406.586093489464,18.3676746042147,6.205909208428473,1,0,1,0,1,1,True,22434,0.9451808801411236
22444,2026-01-07 17:05:00,17,-1,MARKDOWN,2,C,4452.50528,4471.295700910832,4405.52922772292,18.790420910831926,7.051401821663868,0,0,1,0,1,1,True,22459,-0.26049017332963065
22611,2026-01-08 08:00:00,8,-1,MARKDOWN,1,C,4443.36404,4463.14377673173,4393.914698170676,19.779736731729827,5.347553463460248,0,1,0,0,0,1,False,-1,
22623,2026-01-08 09:00:00,9,-1,MARKDOWN,3,B,4436.06546,4451.151780249866,4398.349659375335,15.086320249865821,4.98356049973063,1,0,1,0,1,1,True,22624,0.7589469751963367
22635,2026-01-08 10:00:00,10,-1,MARKDOWN,3,B,4434.71822,4448.780626903551,4399.562202741122,14.062406903551164,4.60125380710294,0,1,1,0,1,1,True,22647,1.0749996716500667
22650,2026-01-08 11:15:00,11,-1,MARKDOWN,2,C,4430.9237,4442.724458060493,4401.421804848769,11.800758060492626,4.76891612098532,0,1,1,0,0,1,True,22652,1.0244255767661652
22675,2026-01-08 13:20:00,13,-1,MARKDOWN,2,C,4432.19348,4441.501383697548,4408.923720756131,9.307903697547772,3.4427673950956605,0,1,1,0,0,1,True,22699,0.5144137381808979
22687,2026-01-08 14:20:00,14,-1,MARKDOWN,1,C,4425.82886,4439.10490129077,4392.638756773074,13.276041290770081,4.189802581539872,0,1,0,0,0,1,True,22689,-1.0
22706,2026-01-08 15:55:00,15,-1,MARKDOWN,2,C,4424.88332,4438.185052208726,4391.628989478184,13.301732208726207,5.410104417454009,1,0,1,0,0,1,True,22707,-1.0
22723,2026-01-08 17:20:00,17,1,MARKUP,2,C,4425.41896,4404.269631398477,4478.292281503807,21.14932860152294,6.940737203045106,0,1,0,0,1,1,False,-1,
22735,2026-01-08 18:20:00,18,1,MARKUP,2,C,4426.92786,4404.681355424676,4482.544121438308,22.246504575323343,6.1172891506469895,0,1,1,0,0,1,False,-1,
22747,2026-01-08 19:20:00,19,1,MARKUP,2,C,4433.10894,4410.695137797807,4489.143445505484,22.413802202193438,4.969724404386824,0,1,1,0,0,1,False,-1,
22759,2026-01-08 20:20:00,20,1,MARKUP,1,C,4436.63154,4416.8527192589645,4486.07859185259,19.778820741035815,4.0545614820717395,0,0,1,0,0,1,False,-1,
22887,2026-01-09 08:00:00,8,1,MARKUP,2,C,4461.91194,4451.15087564447,4488.814600888825,10.761064355529925,3.438248711060534,0,1,1,0,0,1,False,-1,
22899,2026-01-09 09:00:00,9,1,MARKUP,2,C,4465.58092,4456.707761096313,4487.763817259218,8.873158903686999,3.1844778073741757,0,1,1,0,0,1,True,22920,0.8288134917453789
22911,2026-01-09 10:00:00,10,1,MARKUP,0,C,4465.58092,4456.700597870379,4487.781725324054,8.880322129621163,3.1988042592421047,0,0,0,0,0,1,True,22920,0.8285482575233322
22923,2026-01-09 11:00:00,11,1,MARKUP,2,C,4465.58092,4456.766003201075,4487.618211997313,8.814916798924969,3.0679935978493087,0,1,1,0,0,1,False,-1,
22947,2026-01-09 13:00:00,13,1,MARKUP,3,B,4469.277,4462.791897063663,4485.489757340843,6.485102936337171,2.6562058726737696,0,1,1,0,1,1,True,22956,0.8439258795372511
22959,2026-01-09 14:00:00,14,1,MARKUP,3,B,4469.73158,4462.822283396809,4487.004821507975,6.909296603190342,2.5954332063819843,0,1,1,0,1,1,True,22964,-1.0
22975,2026-01-09 15:20:00,15,1,MARKUP,3,B,4470.35042,4461.9018298577,4491.4718953557485,8.448590142299508,4.4363402845986935,1,1,1,0,0,1,True,22977,-1.0
22987,2026-01-09 16:20:00,16,1,MARKUP,2,C,4472.66396,4454.284929884852,4518.611535287869,18.379030115147543,7.130140230295514,0,1,1,0,0,1,False,-1,
22999,2026-01-09 17:20:00,17,1,MARKUP,2,C,4478.191500000001,4453.776373954899,4539.229315112755,24.415126045101715,8.147252090202432,0,1,1,0,0,1,False,-1,
23011,2026-01-09 18:20:00,18,1,MARKUP,1,C,4480.49878,4454.407595297775,4545.726741755563,26.09118470222529,6.8848094044513894,0,1,0,0,0,1,False,-1,
23023,2026-01-09 19:20:00,19,1,MARKUP,1,C,4480.49878,4455.178941369051,4543.7983765773715,25.319838630948652,5.342117261899025,0,1,0,0,0,1,False,-1,
23038,2026-01-09 20:35:00,20,1,MARKUP,3,B,4493.54476,4476.138974444528,4537.05922388868,17.405785555471994,5.642051110945257,0,1,1,1,1,1,True,23044,1.3481883901716452
23167,2026-01-12 08:20:00,8,1,MARKUP,3,B,4570.7442,4559.94525562777,4597.741560930575,10.798944372229926,3.949488744459472,0,1,1,0,1,1,False,-1,
23179,2026-01-12 09:20:00,9,1,MARKUP,1,C,4572.15056,4560.663973906278,4600.867025234304,11.486586093721598,3.8120521874423057,0,1,0,0,0,1,False,-1,
23191,2026-01-12 10:20:00,10,1,MARKUP,1,C,4573.41458,4561.439277878011,4603.352835304971,11.975302121988534,3.9414442439774913,0,1,0,0,0,1,False,-1,
23203,2026-01-12 11:20:00,11,1,MARKUP,2,C,4577.11616,4561.437538268041,4616.312714329896,15.678621731958629,3.944923463918324,0,1,1,0,0,1,False,-1,
23223,2026-01-12 13:00:00,13,1,MARKUP,1,C,4581.10136,4567.969009453287,4613.932236366782,13.132350546712587,3.74198109342647,0,1,0,0,0,1,True,23236,1.75
23247,2026-01-12 15:00:00,15,1,MARKUP,3,B,4587.07124,4577.704186788748,4610.48887302813,9.367053211251914,3.591626422502777,0,1,1,1,0,1,True,23264,0.5
23259,2026-01-12 16:00:00,16,1,MARKUP,1,C,4594.5476,4575.680033429575,4641.716516426062,18.86756657042497,5.799933140849959,0,1,0,0,0,1,True,23261,1.1575053663039443
23271,2026-01-12 17:00:00,17,1,MARKUP,2,C,4594.5476,4574.48120008936,4644.7135997766,20.06639991064003,8.197599821280507,0,1,1,0,0,1,False,-1,
23283,2026-01-12 18:00:00,18,1,MARKUP,2,C,4597.28272,4575.172358772204,4652.558623069492,22.110361227796602,6.8152824555921,0,1,1,0,0,1,False,-1,
23295,2026-01-12 19:00:00,19,1,MARKUP,1,C,4598.30648,4575.812771542599,4654.540751143503,22.493708457401226,5.534456914802113,0,1,0,0,0,1,False,-1,
23307,2026-01-12 20:00:00,20,1,MARKUP,0,C,4602.29876,4582.7644774509745,4651.134466372563,19.534282549025193,4.551045098051493,0,0,0,0,0,1,True,23310,-1.0
23446,2026-01-13 08:35:00,8,-1,MARKDOWN,2,C,4583.14866,4589.321210971725,4567.717282570687,6.172550971725286,4.422421943450597,0,1,1,0,0,1,True,23449,-1.0
23458,2026-01-13 09:35:00,9,-1,MARKDOWN,1,C,4591.18514,4604.097289350593,4558.904766623516,12.912149350593609,3.874578701186509,0,1,0,0,0,1,True,23465,0.7580444465012015
23515,2026-01-13 14:20:00,14,-1,MARKDOWN,3,B,4583.4228,4588.578430640104,4570.533723399742,5.155630640103482,2.976861280207502,0,1,1,0,1,1,True,23518,-1.0
23527,2026-01-13 15:20:00,15,1,MARKUP,2,C,4588.84408,4575.864109585848,4621.2940060353785,12.979970414151467,4.23178082830249,0,1,1,0,0,1,False,-1,
23539,2026-01-13 16:20:00,16,1,MARKUP,1,C,4595.425939999999,4575.113535259009,4646.206951852475,20.312404740990132,5.732929481980926,0,1,0,0,0,1,False,-1,
23551,2026-01-13 17:20:00,17,1,MARKUP,1,C,4599.64322,4573.704295478376,4664.490531304061,25.938924521624358,8.551409043247093,1,0,0,0,0,1,True,23564,-1.0
23563,2026-01-13 18:20:00,18,1,MARKUP,1,C,4599.64322,4574.1463137167275,4663.385485708181,25.496906283272438,7.667372566544319,1,0,0,0,0,1,True,23564,-1.0
23715,2026-01-14 08:00:00,8,1,MARKUP,0,C,4621.65182,4608.0715629397655,4655.602462650586,13.580257060234544,4.996874120469189,0,0,0,0,0,1,False,-1,
23727,2026-01-14 09:00:00,9,1,MARKUP,2,C,4623.3884,4610.991300649327,4654.381148376682,12.397099350672761,4.777398701345997,0,1,1,0,0,1,True,23743,0.9064297368783688
23745,2026-01-14 10:30:00,10,1,MARKUP,2,C,4626.248839999999,4615.814804986595,4652.33392753351,10.434035013404355,4.3503900268089515,0,0,1,0,1,1,False,-1,
23757,2026-01-14 11:30:00,11,1,MARKUP,1,C,4626.248839999999,4616.207121324161,4651.353136689596,10.041718675838638,3.5657573516783083,0,1,0,0,0,1,False,-1,
23775,2026-01-14 13:00:00,13,1,MARKUP,2,C,4629.61694,4621.724655569267,4649.347651076831,7.892284430732616,3.4306888614638753,0,1,1,0,0,1,True,23780,0.7348623217081854
23788,2026-01-14 14:05:00,14,1,MARKUP,3,B,4634.65982,4629.688390438539,4647.088393903653,4.971429561461264,3.823219122923009,0,1,1,1,0,1,True,23790,0.5
23803,2026-01-14 15:20:00,15,1,MARKUP,2,C,4629.4918,4619.672867474577,4654.039131313556,9.818932525422497,4.434265050845373,0,1,1,0,0,1,True,23804,-1.0
23815,2026-01-14 16:20:00,16,1,MARKUP,2,C,4632.0256,4623.489551492865,4653.365721267837,8.536048507135092,5.00089701426905,0,1,1,0,0,1,True,23817,-1.0
23827,2026-01-14 17:20:00,17,-1,MARKDOWN,1,C,4625.555,4645.817539363584,4574.898651591042,20.262539363583528,8.055078727168334,1,0,0,0,0,1,False,-1,
23839,2026-01-14 18:20:00,18,-1,MARKDOWN,2,C,4625.555,4645.2484865374845,4576.32128365629,19.693486537484205,6.916973074968544,1,0,0,0,1,1,True,23862,0.7786910118787784
23851,2026-01-14 19:20:00,19,-1,MARKDOWN,2,C,4625.555,4644.9360178179795,4577.102455455052,19.381017817979227,6.292035635959583,0,1,1,0,0,1,True,23862,0.7831841826934982
24051,2026-01-15 13:00:00,13,1,MARKUP,2,C,4606.7706,4596.293752920361,4632.962717699097,10.476847079638901,3.152494159278427,0,1,1,0,0,1,False,-1,
24063,2026-01-15 14:00:00,14,1,MARKUP,2,C,4607.43528,4596.391106592226,4635.045713519435,11.044173407773997,2.9577868155482343,0,1,1,0,0,1,True,24078,-1.0
24085,2026-01-15 15:50:00,15,-1,MARKDOWN,1,C,4607.4581,4625.506203874589,4562.337840313527,18.048103874589287,5.192407749179256,0,1,0,0,0,1,True,24093,-0.0222682672258826
24113,2026-01-15 18:10:00,18,1,MARKUP,2,C,4598.02268,4579.401520064781,4644.575579838048,18.62115993521911,6.116959870438002,0,1,1,0,0,1,False,-1,
24125,2026-01-15 19:10:00,19,1,MARKUP,1,C,4598.5613,4580.002033576373,4644.959466059068,18.559266423627378,4.915932847253345,0,0,1,0,0,1,False,-1,
24137,2026-01-15 20:10:00,20,1,MARKUP,1,C,4598.5613,4580.571237284775,4643.536456788064,17.990062715225577,3.7775254304500625,0,1,0,0,0,1,False,-1,
24275,2026-01-16 08:40:00,8,-1,MARKDOWN,2,C,4600.05088,4607.468794953818,4581.506092615453,7.417914953818581,4.017589907637255,0,1,1,0,0,1,True,24279,-1.0
24294,2026-01-16 10:15:00,10,1,MARKUP,3,B,4601.65892,4590.794682512422,4628.819513718945,10.864237487578066,4.110634975157575,0,1,1,1,0,1,True,24300,0.9238766375635759
24309,2026-01-16 11:30:00,11,-1,MARKDOWN,2,C,4607.56712,4617.638069276915,4582.38974680771,10.070949276915599,3.4561385538303235,0,1,1,0,0,1,True,24317,0.602375865553445
24329,2026-01-16 13:10:00,13,1,MARKUP,2,C,4600.96892,4592.402016772562,4622.386178068596,8.56690322743816,3.335966454875156,0,1,1,0,0,1,True,24349,-1.0
24341,2026-01-16 14:10:00,14,1,MARKUP,2,C,4605.31702,4597.127419469361,4625.7910213266005,8.189600530639837,2.925161061279035,0,1,1,0,0,1,True,24343,-1.0
24354,2026-01-16 15:15:00,15,-1,MARKDOWN,3,B,4603.6513,4618.593626491502,4566.295483771248,14.942326491501262,4.787252983004003,0,1,1,0,1,1,True,24363,-1.0
24367,2026-01-16 16:20:00,16,-1,MARKDOWN,3,B,4603.36862,4619.065225182986,4564.1271070425355,15.696605182985877,5.730450365972112,1,0,1,0,1,1,True,24368,-1.0
24380,2026-01-16 17:25:00,17,-1,MARKDOWN,3,B,4599.1226,4625.104730131615,4534.167274670962,25.982130131615122,9.409460263230466,0,1,1,1,0,1,False,-1,
24396,2026-01-16 18:45:00,18,-1,MARKDOWN,2,C,4588.38458,4625.531247889342,4495.517910276645,37.1466678893421,10.262495778685434,1,0,1,0,0,1,True,24397,-1.0
24544,2026-01-19 08:05:00,8,1,MARKUP,1,C,4661.2334599999995,4651.389834824345,4685.842522939136,9.843625175654779,3.620330351310776,0,1,0,0,0,1,False,-1,
24556,2026-01-19 09:05:00,9,1,MARKUP,1,C,4664.24272,4653.418089150521,4691.304297123697,10.824630849479036,3.3438216989578295,0,1,0,0,0,1,True,24558,0.15679795677107045
24568,2026-01-19 10:05:00,10,1,MARKUP,3,B,4666.18942,4656.394327668719,4690.677150828202,9.795092331281012,3.6913446625615203,0,1,1,1,0,1,True,24576,0.8425480727001131
24619,2026-01-19 14:20:00,14,1,MARKUP,3,B,4666.54254,4660.337669295745,4682.054716760638,6.204870704254972,3.264661408510588,0,1,1,1,0,1,True,24635,0.7898236198236106
24631,2026-01-19 15:20:00,15,1,MARKUP,2,C,4665.04148,4658.077126273881,4682.452364315297,6.964353726119043,3.125747452238207,0,1,1,0,0,1,True,24638,0.8659848692759144
24643,2026-01-19 16:20:00,16,1,MARKUP,2,C,4665.09878,4658.082477959444,4682.639535101391,7.016302040556184,3.115044081111927,0,0,1,1,0,1,True,24646,0.8591917898455996
24658,2026-01-19 17:35:00,17,1,MARKUP,3,B,4665.09878,4658.154226889272,4682.460162776822,6.9445531107285206,2.9715462214563453,0,1,1,1,0,1,False,-1,
24670,2026-01-19 18:35:00,18,1,MARKUP,2,C,4665.9048,4658.27890570377,4684.969535740576,7.625894296230399,2.722188592460762,0,1,1,0,0,1,False,-1,
24682,2026-01-19 19:35:00,19,1,MARKUP,2,C,4667.1717,4660.624826238529,4683.538884403677,6.5468737614710335,2.1303475229414697,0,1,1,0,0,1,True,24704,0.512458726510127
24694,2026-01-19 20:35:00,20,1,MARKUP,1,C,4668.82194,4660.5523723875895,4689.495859031025,8.269567612410356,2.275255224820029,0,1,0,0,0,1,True,24703,-1.0
24790,2026-01-20 08:00:00,8,1,MARKUP,1,C,4685.06638,4663.275127658963,4739.544510852593,21.791252341036852,4.549744682072971,0,1,0,0,0,1,False,-1,
24802,2026-01-20 09:00:00,9,1,MARKUP,1,C,4685.21918,4663.3094820440265,4739.9934248899335,21.90969795597357,4.481035911947519,0,1,0,0,0,1,False,-1,
24814,2026-01-20 10:00:00,10,1,MARKUP,2,C,4687.74884,4664.080399178991,4746.919942052524,23.668440821009426,4.07920164201773,0,1,1,0,0,1,False,-1,
24826,2026-01-20 11:00:00,11,1,MARKUP,1,C,4699.5425399999995,4677.650916609508,4754.271598476227,21.891623390491077,4.078166780983295,0,1,0,0,0,1,False,-1,
24850,2026-01-20 13:00:00,13,1,MARKUP,0,C,4717.85614,4703.958672298167,4752.599809254583,13.897467701833193,3.5226554036678692,0,0,0,0,0,1,False,-1,
24862,2026-01-20 14:00:00,14,1,MARKUP,1,C,4722.14506,4710.955166517509,4750.119793706228,11.189893482491243,3.409666964982648,0,1,0,0,0,1,True,24877,0.9734761595679877
24882,2026-01-20 15:40:00,15,1,MARKUP,2,C,4727.5093,4718.7827981760665,4749.325554559833,8.726501823933177,5.114403647866485,0,1,1,0,0,1,True,24903,1.75
24894,2026-01-20 16:40:00,16,1,MARKUP,2,C,4729.00178,4711.473167524344,4772.823311189139,17.52861247565579,7.713664951311987,0,1,1,0,0,1,True,24902,1.3356596054767582
24906,2026-01-20 17:40:00,17,1,MARKUP,3,B,4729.00178,4711.1744251897835,4773.57016702554,17.827354810216093,8.311149620432198,1,0,1,0,1,1,True,24911,1.321656019185044
24918,2026-01-20 18:40:00,18,1,MARKUP,3,B,4729.00178,4712.015992013142,4771.466249967144,16.98578798685776,6.628015973715804,0,1,1,0,1,1,False,-1,
24930,2026-01-20 19:40:00,19,1,MARKUP,2,C,4731.756,4712.591047787407,4779.668380531484,19.164952212593562,5.477904425185456,0,1,1,0,0,1,False,-1,
24942,2026-01-20 20:40:00,20,1,MARKUP,1,C,4739.23778,4720.38062819473,4786.380659513176,18.857151805270405,4.258743610539967,0,1,0,0,0,1,False,-1,
25066,2026-01-21 08:00:00,8,1,MARKUP,1,C,4824.87042,4788.708295152943,4915.275732117643,36.162124847057385,6.383409694114553,0,1,0,0,0,1,False,-1,
25093,2026-01-21 10:15:00,10,1,MARKUP,3,B,4850.61964,4823.749264242028,4917.795579394929,26.870375757971487,7.121471515944254,0,1,1,1,0,1,False,-1,
25106,2026-01-21 11:20:00,11,1,MARKUP,4,A,4864.4134,4846.591632538214,4908.967818654466,17.821767461786294,6.076734923572171,1,1,1,1,0,1,True,25110,-1.0
25133,2026-01-21 13:35:00,13,1,MARKUP,0,C,4849.60012,4830.450882392692,4897.473214018271,19.14923760730835,4.178235214615628,0,0,0,0,0,1,False,-1,
25145,2026-01-21 14:35:00,14,1,MARKUP,2,C,4856.33014,4841.169154703588,4894.23260324103,15.160985296412036,4.521690592824331,0,1,1,0,0,1,True,25162,0.5
25157,2026-01-21 15:35:00,15,1,MARKUP,3,B,4861.84838,4848.806775621835,4894.452390945413,13.041604378165175,5.386448756330105,0,1,1,0,1,1,True,25162,0.5
25169,2026-01-21 16:35:00,16,1,MARKUP,3,B,4862.82586,4845.822303799934,4905.334750500164,17.00355620006576,11.675392400131358,0,1,1,0,1,1,True,25170,-1.0
25187,2026-01-21 18:05:00,18,-1,MARKDOWN,2,C,4854.97894,4886.916887636532,4775.13407090867,31.937947636532044,12.05377527306409,1,0,0,1,0,1,False,-1,
25199,2026-01-21 19:05:00,19,-1,MARKDOWN,2,C,4854.97894,4886.526584746207,4776.109828134482,31.54764474620697,11.273169492412356,0,1,1,0,0,1,False,-1,
25211,2026-01-21 20:05:00,20,-1,MARKDOWN,1,C,4850.93738,4885.955645242546,4763.391716893637,35.01826524254557,10.131290485091457,0,1,0,0,0,1,True,25226,1.75
25349,2026-01-22 08:35:00,8,1,MARKUP,2,C,4795.589000000001,4772.402597688683,4853.555005778295,23.18640231131758,4.734804622634624,0,1,1,0,0,1,False,-1,
25361,2026-01-22 09:35:00,9,1,MARKUP,1,C,4800.7937,4775.442456739537,4864.171808151157,25.35124326046298,4.595086520925489,0,1,0,0,0,1,False,-1,
25373,2026-01-22 10:35:00,10,1,MARKUP,1,C,4808.70318,4787.927974531797,4860.641193670508,20.77520546820324,4.50405093640663,0,0,1,0,0,1,False,-1,
25402,2026-01-22 13:00:00,13,1,MARKUP,2,C,4824.90096,4814.537600115823,4850.809359710443,10.363359884177044,3.7047997683554836,0,1,1,0,0,1,True,25405,0.7559610004094246
25422,2026-01-22 14:40:00,14,1,MARKUP,2,C,4828.3274,4820.659228857841,4847.497827855397,7.668171142158826,3.341542284316544,1,0,0,1,0,1,True,25423,-1.0
25443,2026-01-22 16:25:00,16,1,MARKUP,3,B,4822.52062,4811.296513286224,4850.580886784442,11.224106713776564,5.326973427552358,0,1,1,0,1,1,False,-1,
25455,2026-01-22 17:25:00,17,1,MARKUP,2,C,4828.09482,4806.8581823433005,4881.18641414175,21.236637656699713,7.703635313398907,0,1,1,0,0,1,False,-1,
25467,2026-01-22 18:25:00,18,1,MARKUP,1,C,4837.44618,4807.341065447121,4912.708966382197,30.10511455287906,6.737869105758361,0,1,0,0,0,1,False,-1,
25479,2026-01-22 19:25:00,19,1,MARKUP,2,C,4842.49622,4806.979861439733,4931.2871164006665,35.51635856026678,7.46027712053389,0,1,1,0,0,1,False,-1,
25491,2026-01-22 20:25:00,20,1,MARKUP,1,C,4850.5908,4807.371580313494,4958.638849216266,43.21921968650622,6.676839373013043,0,1,0,0,0,1,False,-1,
25618,2026-01-23 08:00:00,8,1,MARKUP,0,C,4948.34774,4934.822784733409,4982.160128166477,13.52495526659095,3.694430533181023,0,0,0,0,0,1,True,25620,-1.0
25630,2026-01-23 09:00:00,9,1,MARKUP,1,C,4949.2253,4935.948798274372,4982.41655431407,13.276501725627895,4.282403451256728,0,0,1,0,0,1,True,25638,-1.0
25654,2026-01-23 11:00:00,11,-1,MARKDOWN,1,C,4941.97834,4970.957783078964,4869.529732302589,28.979443078964323,7.435566157927522,0,1,0,0,0,1,False,-1,
25678,2026-01-23 13:00:00,13,-1,MARKDOWN,1,C,4937.18372,4963.192732824196,4872.16118793951,26.00901282419636,5.7654656483913165,0,0,1,0,0,1,True,25697,-1.0
25717,2026-01-23 16:15:00,16,1,MARKUP,1,C,4918.15566,4896.697938158618,4971.799964603457,21.45772184138241,6.144123682764567,0,1,0,0,0,1,False,-1,
25729,2026-01-23 17:15:00,17,1,MARKUP,1,C,4929.03698,4908.337793383016,4980.784946542459,20.699186616983752,7.484413233967498,0,1,0,0,0,1,False,-1,
25741,2026-01-23 18:15:00,18,1,MARKUP,2,C,4939.3949,4909.917831001425,5013.087572496439,29.477068998575305,7.804337997150435,0,1,1,0,0,1,False,-1,
25753,2026-01-23 19:15:00,19,1,MARKUP,2,C,4948.40282,4920.640828446431,5017.807798883922,27.761991553568805,6.238343107137482,0,1,1,0,0,1,False,-1,
25765,2026-01-23 20:15:00,20,1,MARKUP,2,C,4948.40282,4920.5116690387795,5018.130697403052,27.891150961220774,6.496661922442153,0,1,1,0,0,1,False,-1,
25900,2026-01-26 08:30:00,8,1,MARKUP,3,B,5077.03638,5063.479955469108,5110.927441327229,13.55642453089149,7.180089061783844,1,1,1,0,0,1,True,25905,0.5
25912,2026-01-26 09:30:00,9,1,MARKUP,1,C,5074.7431799999995,5048.3675383082955,5140.6822842292595,26.375641691704004,8.064923383409198,0,1,0,0,0,1,False,-1,
25924,2026-01-26 10:30:00,10,1,MARKUP,2,C,5074.7431799999995,5049.552677061195,5137.71943734701,25.190502938804457,5.694645877609442,0,1,1,0,0,1,False,-1,
25936,2026-01-26 11:30:00,11,1,MARKUP,2,C,5074.7431799999995,5049.685058462737,5137.388483843155,25.058121537262195,5.429883074525102,0,1,1,0,0,1,False,-1,
25954,2026-01-26 13:00:00,13,1,MARKUP,1,C,5082.6783,5062.786309746857,5132.408275632855,19.891990253142467,4.907380506284494,0,1,0,0,0,1,True,25957,-1.0
25966,2026-01-26 14:00:00,14,1,MARKUP,3,B,5087.04206,5077.67800417886,5110.45219955285,9.364055821140028,4.723991642281077,0,1,1,1,0,1,True,25969,0.625380150834135
25999,2026-01-26 16:45:00,16,1,MARKUP,1,C,5083.6853599999995,5071.415682874572,5114.359552813568,12.269677125427734,8.12863425085552,0,1,0,0,0,1,True,26008,0.7087164905270206
26011,2026-01-26 17:45:00,17,1,MARKUP,2,C,5070.88432,5050.056909817109,5122.952845457228,20.82741018289107,8.986180365781443,0,1,1,0,0,1,True,26019,0.5
26023,2026-01-26 18:45:00,18,1,MARKUP,2,C,5073.84482,5049.173715185245,5135.522582036889,24.67110481475538,10.7525696295108,0,0,1,0,1,1,True,26044,-1.0
26035,2026-01-26 19:45:00,19,1,MARKUP,2,C,5073.84482,5049.988735566473,5133.485031083817,23.85608443352703,9.122528867054696,0,1,1,0,0,1,True,26044,-1.0
26170,2026-01-27 08:00:00,8,1,MARKUP,2,C,5054.00004,5030.629427184991,5112.426572037522,23.370612815008826,6.081145630018447,0,1,1,0,0,1,False,-1,
26182,2026-01-27 09:00:00,9,1,MARKUP,1,C,5071.30086,5054.31157962551,5113.774060936226,16.98928037449059,5.916840748980887,0,1,0,0,0,1,False,-1,
26194,2026-01-27 10:00:00,10,1,MARKUP,0,C,5073.9061,5054.050406695532,5123.5453332611705,19.855693304468332,6.4391866089376535,0,0,0,0,0,1,True,26200,0.789649424509832
26206,2026-01-27 11:00:00,11,1,MARKUP,1,C,5073.9061,5054.337516192265,5122.827559519338,19.568583807735195,5.8649676154714845,0,0,1,0,0,1,False,-1,
26230,2026-01-27 13:00:00,13,1,MARKUP,2,C,5085.84586,5074.152687095344,5115.078792261642,11.693172904656421,4.874625809312037,1,0,1,0,0,1,True,26231,-1.0
26250,2026-01-27 14:40:00,14,1,MARKUP,3,B,5083.13974,5070.310521472216,5115.212786319458,12.829218527783269,5.358957055567766,0,1,1,1,0,1,True,26253,-1.0
26270,2026-01-27 16:20:00,16,-1,MARKDOWN,2,C,5079.27198,5103.999387568745,5017.453461078139,24.72740756874464,8.878775137489543,0,1,0,0,1,1,True,26274,0.6858743456184571
26283,2026-01-27 17:25:00,17,-1,MARKDOWN,2,C,5075.08194,5098.598114944812,5016.291502637971,23.51617494481161,11.63622988962345,0,0,1,1,0,1,True,26284,-1.0
26295,2026-01-27 18:25:00,18,1,MARKUP,1,C,5068.10558,5041.848378595132,5133.7485835121715,26.257201404868283,9.203242809735425,0,1,0,0,0,1,False,-1,
26307,2026-01-27 19:25:00,19,1,MARKUP,2,C,5068.10558,5042.500774360391,5132.117594099023,25.604805639609367,7.898451279218393,0,1,1,0,0,1,False,-1,
26319,2026-01-27 20:25:00,20,1,MARKUP,1,C,5068.10558,5042.86606720703,5131.204361982426,25.239512792970345,7.167865585939903,0,0,1,0,0,1,False,-1,
26446,2026-01-28 08:00:00,8,1,MARKUP,1,C,5209.96222,5171.805380738887,5305.354318152784,38.15683926111342,6.629238522226629,0,1,0,0,0,1,False,-1,
26458,2026-01-28 09:00:00,9,1,MARKUP,2,C,5228.27832,5198.236284417222,5303.383408956946,30.042035582778226,6.787431165555505,0,1,1,0,0,1,False,-1,
26470,2026-01-28 10:00:00,10,1,MARKUP,2,C,5252.04602,5220.895362981836,5329.9226625454085,31.150657018163656,7.209274036327599,0,1,1,0,0,1,False,-1,
26482,2026-01-28 11:00:00,11,1,MARKUP,1,C,5262.5962,5228.469757124012,5347.912307189969,34.12644287598778,7.820485751975415,0,1,0,0,0,1,True,26506,0.7229450344823232
26549,2026-01-28 16:35:00,16,1,MARKUP,3,B,5258.1083,5233.790169316708,5318.90362670823,24.31813068329211,9.93966136658561,0,1,1,0,1,1,True,26555,0.5
26561,2026-01-28 17:35:00,17,1,MARKUP,3,B,5261.53102,5231.441530591171,5336.754743522075,30.08948940882965,14.636938817658574,0,1,1,0,1,1,False,-1,
26573,2026-01-28 18:35:00,18,1,MARKUP,2,C,5267.6554,5242.981601580488,5329.339896048778,24.673798419511513,11.376796839024722,0,1,0,0,1,1,False,-1,
26585,2026-01-28 19:35:00,19,1,MARKUP,0,C,5262.87592,5230.434278489093,5343.980023777269,32.441641510907175,10.211443021813778,0,0,0,0,0,1,False,-1,
26597,2026-01-28 20:35:00,20,1,MARKUP,1,C,5270.1301,5228.867723061019,5373.286042347453,41.262376938981106,13.344553877961506,1,0,0,0,0,1,True,26602,1.75
26722,2026-01-29 08:00:00,8,1,MARKUP,2,C,5498.7581,5438.71687079058,5648.86117302355,60.041229209419726,13.466258418839775,0,1,1,0,0,1,False,-1,
26734,2026-01-29 09:00:00,9,1,MARKUP,1,C,5541.31556,5501.4415668299325,5641.000542925169,39.87399317006748,12.836866340134568,0,1,0,0,0,1,True,26739,-1.0
26806,2026-01-29 15:00:00,15,1,MARKUP,1,C,5498.5013,5466.023472997937,5579.695867505158,32.47782700206335,9.833054004125941,0,1,0,0,0,1,True,26827,-1.0
26818,2026-01-29 16:00:00,16,1,MARKUP,0,C,5498.5013,5465.202578312415,5581.748104218961,33.298721687584475,11.474843375167758,0,0,0,0,0,1,True,26827,-1.0
26831,2026-01-29 17:05:00,17,-1,MARKDOWN,3,B,5495.085459999999,5561.636827224541,5328.7070419386455,66.55136722454154,23.87365444908179,0,1,1,1,0,1,False,-1,
26843,2026-01-29 18:05:00,18,-1,MARKDOWN,1,C,5379.26688,5578.444918107329,4881.321784731679,199.17803810732858,57.48983621465814,0,1,0,0,0,1,False,-1,
26855,2026-01-29 19:05:00,19,-1,MARKDOWN,1,C,5379.26688,5570.591441139191,4900.955477152022,191.32456113919125,41.782882278384015,0,1,0,0,0,1,False,-1,
26998,2026-01-30 08:00:00,8,-1,MARKDOWN,2,C,5285.55844,5402.577738554504,4993.010193613738,117.01929855450453,19.675477109008675,0,1,1,0,0,1,False,-1,
27010,2026-01-30 09:00:00,9,-1,MARKDOWN,2,C,5232.608200000001,5318.269324246543,5018.455389383645,85.66112424654239,22.41864849308545,0,1,1,0,0,1,False,-1,
27022,2026-01-30 10:00:00,10,-1,MARKDOWN,0,C,5194.1402,5252.590379932074,5048.014750169814,58.45017993207421,22.240759864147073,0,0,0,0,0,1,False,-1,
27034,2026-01-30 11:00:00,11,-1,MARKDOWN,1,C,5171.0062800000005,5255.106935890934,4960.754640272666,84.10065589093392,27.273871781869065,0,1,0,0,0,1,False,-1,
27058,2026-01-30 13:00:00,13,-1,MARKDOWN,2,C,5105.14814,5220.722547776502,4816.212120558745,115.57440777650208,30.805095553005536,1,0,1,0,0,1,True,27059,0.8053744272349408
27086,2026-01-30 15:20:00,15,-1,MARKDOWN,3,B,5083.36982,5184.13793822864,4831.449524428399,100.76811822864056,28.115876457281413,0,1,1,0,1,1,True,27098,0.7421828352732938
27105,2026-01-30 16:55:00,16,-1,MARKDOWN,3,B,5087.19592,5161.36773948263,4901.766371293425,74.17181948262987,31.115478965258554,0,1,1,0,1,1,False,-1,
27118,2026-01-30 18:00:00,18,-1,MARKDOWN,2,C,5082.745620000001,5159.840462003453,4890.00851499137,77.09484200345196,28.06092400690364,0,1,1,0,0,1,False,-1,
27130,2026-01-30 19:00:00,19,-1,MARKDOWN,2,C,5065.53226,5154.4084342202805,4843.341824449299,88.87617422028052,28.33686844056147,0,1,1,0,0,1,False,-1,
27142,2026-01-30 20:00:00,20,-1,MARKDOWN,1,C,4993.9741,5131.233775730108,4650.82491067473,137.25967573010803,35.80755146021706,0,1,0,0,0,1,False,-1,
27274,2026-02-02 08:00:00,8,-1,MARKDOWN,2,C,4667.70508,4790.965430027896,4359.5542049302585,123.2603500278965,35.61086005579189,0,1,0,0,1,1,False,-1,
27286,2026-02-02 09:00:00,9,-1,MARKDOWN,1,C,4631.1323999999995,4794.901237561615,4221.710306095962,163.76883756161533,43.48247512322923,0,1,0,0,0,1,True,27301,-1.0
27298,2026-02-02 10:00:00,10,-1,MARKDOWN,2,C,4604.13198,4748.025109431736,4244.399156420659,143.89312943173627,37.11021886347274,1,0,1,0,0,1,True,27299,-1.0
27338,2026-02-02 13:20:00,13,1,MARKUP,2,C,4538.15038,4389.843682754934,4908.917123112666,148.30669724506606,23.032634490130796,0,1,1,0,0,1,False,-1,
27350,2026-02-02 14:20:00,14,1,MARKUP,2,C,4626.161239999999,4514.845350761784,4904.450963095538,111.31588923821528,20.309298476432044,0,1,1,0,0,1,False,-1,
27362,2026-02-02 15:20:00,15,1,MARKUP,0,C,4683.4371,4589.92496502258,4917.21743744355,93.51213497741992,27.310069954839555,0,0,0,0,0,1,True,27365,0.7651748087654229
27376,2026-02-02 16:30:00,16,1,MARKUP,2,C,4716.44448,4642.01300385325,4902.523170366876,74.43147614675036,29.953992293500296,0,1,1,0,0,1,True,27381,-1.0
27399,2026-02-02 18:25:00,18,-1,MARKDOWN,2,C,4730.17912,4829.386699283176,4482.1601717920585,99.20757928317653,33.513398566352045,0,1,1,0,0,1,False,-1,
27411,2026-02-02 19:25:00,19,-1,MARKDOWN,1,C,4730.17912,4826.65110914182,4488.9991471454505,96.4719891418199,28.04221828363907,0,0,1,0,0,1,False,-1,
27423,2026-02-02 20:25:00,20,-1,MARKDOWN,1,C,4718.5051,4805.825290217421,4500.204624456449,87.32019021742053,24.17058043484132,0,1,0,0,0,1,False,-1,
27550,2026-02-03 08:00:00,8,1,MARKUP,2,C,4815.21796,4783.140276173674,4895.412169565816,32.07768382632639,13.899447652653425,1,0,0,0,1,1,False,-1,
27562,2026-02-03 09:00:00,9,1,MARKUP,2,C,4802.38352,4738.528811388719,4962.020291528203,63.85470861128124,14.362377222561836,0,1,1,0,0,1,False,-1,
27574,2026-02-03 10:00:00,10,1,MARKUP,1,C,4821.38154,4745.147242797023,5011.967283007443,76.23429720297736,13.82551440595442,0,1,0,0,0,1,False,-1,
27586,2026-02-03 11:00:00,11,1,MARKUP,1,C,4858.30922,4794.434989138642,5017.994797153396,63.87423086135823,13.370021722716311,0,1,0,0,0,1,False,-1,
27621,2026-02-03 13:55:00,13,1,MARKUP,3,B,4902.18722,4866.549224884039,4991.282207789902,35.63799511596062,11.141550231921014,0,1,1,0,1,1,True,27626,0.8753565739977583
27634,2026-02-03 15:00:00,15,1,MARKUP,3,B,4918.49624,4892.641774868188,4983.132402829531,25.854465131812503,11.736450263624484,1,1,1,0,0,1,True,27636,0.7019939582679507
27646,2026-02-03 16:00:00,16,1,MARKUP,1,C,4909.70906,4877.65751529511,4989.837921762226,32.05154470489015,13.044969409779801,0,1,0,0,0,1,True,27649,0.5447266598370414
27658,2026-02-03 17:00:00,17,1,MARKUP,1,C,4909.70906,4876.286608888775,4993.265187778063,33.4224511112252,15.786782222450453,0,0,0,0,1,1,True,27663,1.75
27670,2026-02-03 18:00:00,18,1,MARKUP,2,C,4909.70906,4877.092098010344,4991.251464974141,32.616961989656374,14.175803979312235,0,1,1,0,0,1,True,27691,0.6011398215356475
27682,2026-02-03 19:00:00,19,1,MARKUP,3,B,4931.21974,4884.829813870942,5047.194555322642,46.38992612905713,15.180372258115346,0,1,1,0,1,1,True,27684,-1.0
27694,2026-02-03 20:00:00,20,1,MARKUP,1,C,4932.17764,4885.014653365188,5050.08510658703,47.162986634812114,17.91069326962478,1,0,0,0,0,1,True,27695,-1.0
27826,2026-02-04 08:00:00,8,1,MARKUP,1,C,5041.1272,5006.85862525655,5126.798636858624,34.26857474344979,7.722749486900154,0,1,0,0,0,1,False,-1,
27838,2026-02-04 09:00:00,9,1,MARKUP,1,C,5056.5030400000005,5030.896922825016,5120.518332937461,25.60611717498432,9.406154349967643,0,0,0,0,1,1,False,-1,
27850,2026-02-04 10:00:00,10,1,MARKUP,1,C,5059.24072,5034.159787890538,5121.943050273655,25.080932109462083,9.700424218925773,0,1,0,0,0,1,True,27866,-1.0
27862,2026-02-04 11:00:00,11,1,MARKUP,2,C,5066.82358,5046.620502354318,5117.331274114205,20.203077645682242,9.318995291363635,0,1,1,0,0,1,True,27865,-1.0
27912,2026-02-04 15:10:00,15,-1,MARKDOWN,2,C,5059.3607600000005,5092.61117008238,4976.23473479405,33.25041008237986,10.102340164759113,0,1,1,0,0,1,True,27920,1.75
27926,2026-02-04 16:20:00,16,-1,MARKDOWN,2,C,5045.99342,5072.113335279694,4980.693631800764,26.119915279694396,12.366670559387783,0,1,1,0,0,1,False,-1,
27938,2026-02-04 17:20:00,17,-1,MARKDOWN,3,B,5020.69386,5074.02800778985,4887.358490525377,53.33414778984934,21.27601557969872,0,1,1,0,1,1,False,-1,
27950,2026-02-04 18:20:00,18,-1,MARKDOWN,2,C,4996.28406,5075.918462203866,4797.198054490336,79.63440220386565,25.05692440773024,0,1,1,0,0,1,False,-1,
27962,2026-02-04 19:20:00,19,-1,MARKDOWN,2,C,4981.8521,5075.529036870214,4747.659757824464,93.67693687021438,24.278073740428994,0,1,1,0,0,1,False,-1,
27974,2026-02-04 20:20:00,20,-1,MARKDOWN,1,C,4981.8521,5073.532179278153,4752.6519018046165,91.68007927815324,20.284358556305158,0,0,1,0,0,1,False,-1,
28149,2026-02-05 11:55:00,11,-1,MARKDOWN,3,B,4857.21212,4883.871830704742,4790.562843238145,26.659710704741883,15.623661409483008,1,1,1,0,0,1,True,28150,-1.0
28162,2026-02-05 13:00:00,13,-1,MARKDOWN,1,C,4906.92384,4950.289074725639,4798.510753185905,43.3652347256384,13.478149451277272,0,1,0,0,0,1,False,-1,
28174,2026-02-05 14:00:00,14,-1,MARKDOWN,2,C,4906.92384,4949.5422174333235,4800.377896416692,42.618377433323076,11.98443486664565,0,1,1,0,0,1,False,-1,
28186,2026-02-05 15:00:00,15,-1,MARKDOWN,2,C,4892.75164,4952.83457759289,4742.544296017776,60.08293759288972,18.569155185779678,0,1,1,0,0,1,False,-1,
28198,2026-02-05 16:00:00,16,-1,MARKDOWN,3,B,4859.17994,4904.488623630757,4745.908230923109,45.308683630756605,20.07724726151355,0,1,1,0,1,1,True,28206,0.6530778122009963
28210,2026-02-05 17:00:00,17,-1,MARKDOWN,3,B,4859.17994,4906.097126964328,4741.88697258918,46.91718696432781,23.294253928656275,0,1,1,0,1,1,True,28229,-1.0
28222,2026-02-05 18:00:00,18,-1,MARKDOWN,1,C,4858.56874,4905.28625842279,4741.7749439430245,46.71751842278991,21.672516845580358,0,1,0,0,0,1,True,28229,-1.0
28378,2026-02-06 08:00:00,8,1,MARKUP,1,C,4780.74892,4698.454141404848,4986.485866487879,82.29477859515191,13.271717190303523,0,1,0,0,0,1,False,-1,
28390,2026-02-06 09:00:00,9,1,MARKUP,0,C,4820.90038,4762.773558518532,4966.21743370367,58.12682148146814,14.572882962937777,0,0,0,0,0,1,False,-1,
28406,2026-02-06 10:20:00,10,1,MARKUP,2,C,4840.18816,4795.3292805378,4952.3353586555,44.85887946220009,11.881438924401188,0,1,1,0,0,1,True,28416,0.9752004181256604
28418,2026-02-06 11:20:00,11,1,MARKUP,2,C,4844.17426,4801.122306309193,4951.804144227017,43.05195369080684,13.195387381615518,0,1,1,0,0,1,False,-1,
28439,2026-02-06 13:05:00,13,1,MARKUP,1,C,4848.851839999999,4819.474770836453,4922.294512908866,29.377069163546366,10.530458327092774,0,1,0,0,0,1,False,-1,
28451,2026-02-06 14:05:00,14,1,MARKUP,2,C,4857.8789,4824.407358851391,4941.557752871521,33.471541148608594,10.445282297218858,0,1,1,0,0,1,False,-1,
28463,2026-02-06 15:05:00,15,1,MARKUP,3,B,4872.315659999999,4832.989954544115,4970.62992363971,39.32570545588442,11.320090911768663,0,1,1,0,1,1,False,-1,
28475,2026-02-06 16:05:00,16,1,MARKUP,1,C,4876.785059999999,4832.581127775127,4987.29489056218,44.203932224872005,12.137744449744295,0,1,0,0,0,1,False,-1,
28487,2026-02-06 17:05:00,17,1,MARKUP,2,C,4894.996,4844.272307915562,5021.8052302110955,50.72369208443797,15.11538416887561,0,1,1,0,0,1,False,-1,
28499,2026-02-06 18:05:00,18,1,MARKUP,2,C,4907.2324,4864.662921218937,5013.656096952656,42.56947878106257,13.934157562126412,0,1,0,1,0,1,False,-1,
28511,2026-02-06 19:05:00,19,1,MARKUP,2,C,4907.2324,4865.533186121029,5011.480434697427,41.69921387897102,12.193627757943307,0,1,1,0,0,1,False,-1,
28523,2026-02-06 20:05:00,20,1,MARKUP,2,C,4922.849679999999,4889.896908385447,5005.23160903638,32.95277161455215,9.186183229105106,0,1,1,0,0,1,False,-1,
28654,2026-02-09 08:00:00,8,1,MARKUP,2,C,4998.29536,4965.1501804125155,5081.158308968712,33.14517958748456,7.8596391749685095,0,1,1,0,0,1,True,28670,0.8291918050595593
28666,2026-02-09 09:00:00,9,1,MARKUP,1,C,5002.72024,4971.826622546913,5079.9542836327155,30.893617453086335,8.826754906172914,0,1,0,0,0,1,True,28670,0.7815688875100801
28686,2026-02-09 10:40:00,10,1,MARKUP,3,B,5022.18724,5003.6132864354695,5068.622123911327,18.57395356453071,8.253427129061178,0,1,1,1,1,1,True,28693,-1.0
28715,2026-02-09 13:05:00,13,-1,MARKDOWN,1,C,5018.6851400000005,5045.803010011832,4950.890464970422,27.117870011831656,9.366020023664507,0,1,0,0,0,1,True,28732,-1.0
28727,2026-02-09 14:05:00,14,-1,MARKDOWN,1,C,5018.6851400000005,5045.067964547461,4952.7280786313495,26.382824547460586,7.895929094921917,1,0,0,0,0,1,True,28732,-1.0
28756,2026-02-09 16:30:00,16,1,MARKUP,2,C,5002.83464,4977.579998855567,5065.971242861082,25.254641144432753,9.6200022888653,0,1,1,0,0,1,False,-1,
28768,2026-02-09 17:30:00,17,1,MARKUP,2,C,5011.09994,4978.519368442419,5092.551368893952,32.5805715575807,9.641263115161482,0,1,1,0,0,1,False,-1,
28780,2026-02-09 18:30:00,18,1,MARKUP,1,C,5027.54394,4991.022057268916,5118.848646827709,36.52188273108368,8.355885462168473,0,1,0,0,0,1,False,-1,
28792,2026-02-09 19:30:00,19,1,MARKUP,1,C,5027.79606,4991.738298368348,5117.940464079128,36.057761631651374,6.923403263303135,0,1,0,0,0,1,False,-1,
28804,2026-02-09 20:30:00,20,1,MARKUP,1,C,5027.79606,4991.273612535088,5119.102178662278,36.52244746491124,7.852774929822531,0,0,1,0,0,1,False,-1,
28938,2026-02-10 08:40:00,8,-1,MARKDOWN,2,C,5039.19382,5059.703347636143,4987.920000909644,20.509527636142593,6.646695272286144,0,0,1,0,1,1,True,28955,-1.0
28967,2026-02-10 11:05:00,11,1,MARKUP,2,C,5031.20434,5007.558158349598,5090.319794126006,23.646181650402468,7.663683300805406,0,1,1,0,0,1,False,-1,
28990,2026-02-10 13:00:00,13,1,MARKUP,0,C,5035.6663,5015.5608141705725,5085.930014573569,20.10548582942738,6.098371658853911,0,0,0,0,0,1,True,29010,1.174760220531538
29002,2026-02-10 14:00:00,14,1,MARKUP,1,C,5036.24104,5016.767634020823,5084.924554947943,19.473405979177187,5.544731958354478,0,1,0,0,0,1,True,29010,1.1819049562442903
29020,2026-02-10 15:30:00,15,1,MARKUP,2,C,5047.47628,5033.542141733285,5082.311625666788,13.934138266715308,8.35571653343229,0,1,1,0,0,1,True,29021,1.0498289097976743
29032,2026-02-10 16:30:00,16,1,MARKUP,2,C,5042.21564,5015.526354701439,5108.938853246404,26.689285298561117,8.287290597122217,0,1,1,0,0,1,True,29035,-1.0
29047,2026-02-10 17:45:00,17,-1,MARKDOWN,1,C,5048.32864,5084.800491418424,4957.149011453939,36.471851418424194,12.220982836848073,0,1,0,0,0,1,False,-1,
29059,2026-02-10 18:45:00,18,-1,MARKDOWN,2,C,5048.32864,5083.941554406806,4959.296353982983,35.61291440680634,10.50310881361275,0,1,1,0,0,1,False,-1,
29071,2026-02-10 19:45:00,19,-1,MARKDOWN,1,C,5048.32864,5082.72830642177,4962.329473945574,34.399666421770235,8.076612843540229,0,0,1,0,0,1,False,-1,
29083,2026-02-10 20:45:00,20,-1,MARKDOWN,2,C,5048.32864,5082.290676758595,4963.423548103512,33.96203675859488,7.201353517189963,0,1,1,0,0,1,False,-1,
29206,2026-02-11 08:00:00,8,1,MARKUP,1,C,5044.595139999999,5030.226176621522,5080.517548446192,14.36896337847702,4.847646756954968,0,0,1,0,0,1,False,-1,
29218,2026-02-11 09:00:00,9,1,MARKUP,2,C,5045.2139799999995,5029.907646879815,5083.479812800461,15.306333120184718,5.484706240368994,0,1,1,0,0,1,False,-1,
29230,2026-02-11 10:00:00,10,1,MARKUP,2,C,5053.5656,5040.813765180401,5085.4451870489975,12.751834819599026,5.792469639199094,0,1,1,0,0,1,True,29231,1.75
29250,2026-02-11 11:40:00,11,1,MARKUP,3,B,5053.5656,5041.265427765177,5084.316030587057,12.30017223482264,4.8891444696460695,0,1,1,0,1,1,False,-1,
29266,2026-02-11 13:00:00,13,1,MARKUP,1,C,5066.9283,5042.111973060381,5128.969117349045,24.816326939618193,7.116053879237027,0,1,0,0,0,1,True,29286,-1.0
29278,2026-02-11 14:00:00,14,1,MARKUP,1,C,5073.68588,5041.852885963628,5153.268365090929,31.83299403637193,7.63422807274401,0,1,0,0,0,1,True,29286,-1.0
29290,2026-02-11 15:00:00,15,1,MARKUP,2,C,5073.68588,5040.579992396045,5156.450599009888,33.105887603955125,10.180015207910992,1,0,1,0,0,1,True,29292,-1.0
29322,2026-02-11 17:40:00,17,-1,MARKDOWN,3,B,5080.74124,5125.820533913796,4968.043005215512,45.07929391379548,13.621067827591762,0,1,1,0,1,1,True,29339,0.2946195214458724
29344,2026-02-11 19:30:00,19,1,MARKUP,1,C,5046.4868,5014.396407961958,5126.712780095104,32.0903920380415,8.867184076083406,0,1,0,0,0,1,False,-1,
29356,2026-02-11 20:30:00,20,1,MARKUP,1,C,5059.67936,5031.156765938008,5130.985845154981,28.522594061992095,8.546468123983955,0,0,1,0,0,1,False,-1,
29487,2026-02-12 08:25:00,8,-1,MARKDOWN,3,B,5065.63278,5077.684279095268,5035.50403226183,12.0514990952679,5.988558190536278,0,1,1,1,0,1,True,29496,0.5
29501,2026-02-12 09:35:00,9,-1,MARKDOWN,2,C,5066.47328,5081.015990760951,5030.116503097623,14.542710760951195,5.4319815219022765,0,1,1,0,0,1,True,29506,0.7773080749703247
29513,2026-02-12 10:35:00,10,-1,MARKDOWN,3,B,5066.47328,5080.91918266957,5030.3585233260765,14.445902669569477,5.238365339138276,0,1,1,0,1,1,True,29516,0.7791664334320058
29525,2026-02-12 11:35:00,11,1,MARKUP,2,C,5064.06746,5052.817793785946,5092.191625535135,11.249666214053832,4.904412428108019,0,1,0,0,1,1,True,29532,-1.0
29555,2026-02-12 14:05:00,14,-1,MARKDOWN,3,B,5065.518,5075.621624277373,5040.258939306568,10.103624277372546,4.1632485547458025,0,1,1,0,1,1,True,29560,0.8518708760708253
29567,2026-02-12 15:05:00,15,-1,MARKDOWN,0,C,5068.59274,5083.235415339223,5031.986051651942,14.642675339223388,4.890830678447424,0,0,0,0,0,1,True,29569,-1.0
29579,2026-02-12 16:05:00,16,1,MARKUP,2,C,5062.19562,5045.6718138686065,5103.505135328485,16.52380613139394,6.37637226278688,0,1,0,0,1,1,True,29580,-1.0
29591,2026-02-12 17:05:00,17,-1,MARKDOWN,2,C,5066.8512200000005,5088.357352444975,5013.085888887565,21.506132444974355,9.174704889949234,0,1,0,0,1,1,True,29593,2.5
29603,2026-02-12 18:05:00,18,-1,MARKDOWN,3,B,5066.8512200000005,5087.9304202253115,5014.153219436723,21.07920022531107,8.320840450622237,0,1,1,0,1,1,False,-1,
29615,2026-02-12 19:05:00,19,-1,MARKDOWN,1,C,5005.269,5095.185110556726,4780.478723608187,89.91611055672547,22.830221113449905,0,1,0,0,0,1,False,-1,
29627,2026-02-12 20:05:00,20,-1,MARKDOWN,2,C,5005.269,5092.834009852322,4786.356475369195,87.56500985232196,18.12801970464343,0,1,1,0,0,1,False,-1,
29767,2026-02-13 08:45:00,8,-1,MARKDOWN,2,C,4977.23432,5001.304571593214,4917.058691016964,24.07025159321438,8.229143186429138,0,1,0,1,0,1,True,29777,1.016991392750569
29783,2026-02-13 10:05:00,10,1,MARKUP,2,C,4982.81532,4969.286169372543,5016.638196568642,13.529150627457057,9.287661254915959,0,1,1,0,0,1,True,29784,-1.0
29803,2026-02-13 11:45:00,11,1,MARKUP,1,C,4961.98338,4941.012512130325,5014.410549674185,20.970867869674294,7.874975739348153,0,0,1,0,0,1,True,29815,-1.0
29819,2026-02-13 13:05:00,13,-1,MARKDOWN,3,B,4970.99008,4993.613385299964,4914.43181675009,22.62330529996416,8.146770599927653,0,1,1,0,1,1,True,29834,-1.0
29831,2026-02-13 14:05:00,14,-1,MARKDOWN,1,C,4968.23204,4993.716603569501,4904.520631076248,25.484563569501006,8.353207139001935,0,1,0,0,0,1,True,29833,-1.0
29850,2026-02-13 15:40:00,15,1,MARKUP,1,C,4958.903240000001,4928.9520804986905,5033.781138753276,29.95115950131003,9.6158390026185,0,1,0,0,0,1,False,-1,
29862,2026-02-13 16:40:00,16,1,MARKUP,1,C,4963.0976,4927.601821946053,5051.837045134867,35.495778053947106,12.316356107894388,0,1,0,0,0,1,False,-1,
29874,2026-02-13 17:40:00,17,1,MARKUP,1,C,4966.91378,4927.963906120531,5064.288464698673,38.94987387946912,11.592187758939245,0,1,0,0,0,1,False,-1,
29886,2026-02-13 18:40:00,18,1,MARKUP,2,C,4975.5035,4933.623450257576,5080.203624356059,41.88004974242358,11.753099484848423,0,1,0,0,1,1,False,-1,
29898,2026-02-13 19:40:00,19,1,MARKUP,1,C,4986.7881800000005,4953.112646847893,5070.977012880268,33.675533152107164,9.294706304213411,0,1,0,0,0,1,False,-1,
29910,2026-02-13 20:40:00,20,1,MARKUP,2,C,4991.16362,4961.107258579182,5066.304523552047,30.056361420818575,7.465482841636389,0,1,1,0,0,1,False,-1,
30034,2026-02-16 08:00:00,8,-1,MARKDOWN,1,C,5005.72386,5033.632624463574,4935.951948841066,27.90876446357379,4.805248927149054,0,0,1,0,0,1,True,30054,0.9481362840810785
30075,2026-02-16 11:25:00,11,1,MARKUP,1,C,4984.2285,4962.288742026668,5039.077894933331,21.939757973332235,4.342515946664505,0,1,0,0,0,1,False,-1,
30094,2026-02-16 13:00:00,13,1,MARKUP,0,C,4997.26534,4982.776688577742,5033.486968555645,14.488651422258044,4.246622844514959,0,0,0,0,0,1,True,30109,-1.0
30119,2026-02-16 15:05:00,15,-1,MARKDOWN,0,C,5007.97212,5019.175610920882,4979.963392697797,11.20349092088145,3.811221841762608,0,0,0,0,0,1,False,-1,
30131,2026-02-16 16:05:00,16,-1,MARKDOWN,1,C,5006.715340000001,5019.3725299570115,4975.072365107473,12.657189957010814,4.205059914021894,0,1,0,0,0,1,False,-1,
30143,2026-02-16 17:05:00,17,-1,MARKDOWN,2,C,4995.7552399999995,5015.16569602863,4947.229099928423,19.410456028630506,5.831392057260926,0,1,1,0,0,1,False,-1,
30155,2026-02-16 18:05:00,18,-1,MARKDOWN,2,C,4993.20908,5010.54809801224,4949.861534969398,17.339018012240558,4.8361960244793964,0,1,1,0,0,1,True,30166,1.75
30280,2026-02-17 08:00:00,8,-1,MARKDOWN,2,C,4927.0836,4976.711316678745,4803.014308303138,49.627716678744946,11.242633357490247,0,1,0,1,0,1,False,-1,
30292,2026-02-17 09:00:00,9,-1,MARKDOWN,1,C,4927.0836,4975.616645492543,4805.750986268642,48.53304549254335,9.053290985085695,0,0,1,0,0,1,True,30306,0.9222220223205562
30367,2026-02-17 15:15:00,15,-1,MARKDOWN,3,B,4927.27004,4942.470592787653,4889.268658030869,15.200552787652668,6.121185575306167,0,1,1,0,1,1,False,-1,
30379,2026-02-17 16:15:00,16,-1,MARKDOWN,2,C,4905.36342,4950.958357364138,4791.376076589655,45.59493736413788,13.11671472827567,1,0,0,1,0,1,True,30382,0.8126290615159584
30391,2026-02-17 17:15:00,17,-1,MARKDOWN,2,C,4905.36342,4952.393405019052,4787.788457452369,47.02998501905222,15.986810038105041,0,1,0,1,1,1,False,-1,
30403,2026-02-17 18:15:00,18,-1,MARKDOWN,1,C,4905.36342,4951.033384285301,4791.188509286747,45.66996428530092,13.266768570601862,0,0,1,0,0,1,False,-1,
30415,2026-02-17 19:15:00,19,-1,MARKDOWN,1,C,4905.19656,4949.770491744315,4793.761730639213,44.573931744314905,11.280983488630138,0,1,0,0,0,1,True,30435,0.7884439323306167
30556,2026-02-18 08:00:00,8,1,MARKUP,1,C,4904.04946,4879.514680041215,4965.386409896963,24.534779958785293,3.970639917570657,0,1,0,0,0,1,False,-1,
30568,2026-02-18 09:00:00,9,1,MARKUP,1,C,4912.46662,4893.084051819104,4960.92304045224,19.38256818089576,4.071896361790577,0,1,0,0,0,1,False,-1,
30637,2026-02-18 14:45:00,14,1,MARKUP,2,C,4930.48948,4926.945109215696,4939.350406960761,3.544370784304192,4.6897815686080815,0,1,1,0,0,1,True,30638,2.5
30649,2026-02-18 15:45:00,15,1,MARKUP,1,C,4930.36646,4903.184556419448,4998.32121895138,27.18190358055199,6.590887161102839,0,1,0,0,0,1,False,-1,
30661,2026-02-18 16:45:00,16,1,MARKUP,1,C,4938.10578,4902.435066711285,5027.282563221787,35.67071328871498,8.089866577428875,0,1,0,0,0,1,False,-1,
30673,2026-02-18 17:45:00,17,1,MARKUP,1,C,4945.631179999999,4902.765756600897,5052.794738497756,42.86542339910284,7.428486798205138,0,1,0,0,0,1,False,-1,
30685,2026-02-18 18:45:00,18,1,MARKUP,2,C,4948.31952,4906.5125662597275,5052.836904350681,41.80695374027255,6.174867480545798,0,1,1,0,0,1,False,-1,
30697,2026-02-18 19:45:00,19,1,MARKUP,1,C,4960.85256,4927.458418036523,5044.337914908694,33.39414196347752,4.843163926954359,0,0,1,0,0,1,False,-1,
30832,2026-02-19 08:00:00,8,1,MARKUP,2,C,4975.9906,4959.722672595697,5016.660418510757,16.26792740430301,3.274654808605532,0,1,1,0,0,1,False,-1,
30844,2026-02-19 09:00:00,9,1,MARKUP,2,C,4986.6026,4964.071687392833,5042.929881517917,22.53091260716701,3.5766252143336072,0,1,1,0,0,1,False,-1,
30856,2026-02-19 10:00:00,10,1,MARKUP,1,C,4987.8018,4965.047430529545,5044.687723676139,22.754369470455458,3.5651389409108774,0,1,0,0,0,1,False,-1,
30868,2026-02-19 11:00:00,11,1,MARKUP,1,C,4994.19404,4975.015077512018,5042.1414462199555,19.178962487982062,3.809844975964201,0,1,0,0,0,1,True,30875,-1.0
30905,2026-02-19 14:05:00,14,-1,MARKDOWN,2,C,5004.96146,5024.880095817422,4955.164870456445,19.918635817422,5.480191634843569,0,1,1,0,0,1,False,-1,
30917,2026-02-19 15:05:00,15,-1,MARKDOWN,2,C,5003.93388,5024.885979086899,4951.55363228275,20.95209908689958,5.49195817379757,0,1,1,0,0,1,True,30938,0.9474449362907849
30929,2026-02-19 16:05:00,16,-1,MARKDOWN,2,C,5001.67054,5023.693517138335,4946.613097154163,22.02297713833468,6.587034276670065,0,1,1,0,0,1,True,30938,0.8743018298260635
30945,2026-02-19 17:25:00,17,1,MARKUP,2,C,4983.52442,4958.74971198018,5045.461190049549,24.774708019819627,8.820576039640097,0,1,1,0,0,1,False,-1,
30957,2026-02-19 18:25:00,18,1,MARKUP,1,C,4985.7362,4959.238444400331,5051.980588999173,26.49775559966929,7.843111199337585,0,1,0,0,0,1,True,30974,0.878728977444057
30969,2026-02-19 19:25:00,19,1,MARKUP,0,C,4985.7362,4959.561637438165,5051.172606404588,26.174562561835046,7.196725123668752,0,0,0,0,0,1,True,30974,0.8834053714982781
30981,2026-02-19 20:25:00,20,-1,MARKDOWN,2,C,4985.0495599999995,5001.892927798765,4942.941140503084,16.84336779876594,6.625855597531317,0,1,1,0,0,1,True,30989,-1.0
31108,2026-02-20 08:00:00,8,1,MARKUP,2,C,4995.48514,4979.537844766896,5035.353378082758,15.947295233103432,4.184310466207292,0,1,1,0,0,1,False,-1,
31120,2026-02-20 09:00:00,9,1,MARKUP,1,C,5000.11116,4979.307668586579,5052.119888533554,20.803491413421398,4.644662826842353,0,1,0,0,0,1,False,-1,
31132,2026-02-20 10:00:00,10,1,MARKUP,1,C,5000.11116,4979.038143067601,5052.793702331,21.073016932399696,5.183713864799671,0,0,1,0,0,1,False,-1,
31144,2026-02-20 11:00:00,11,1,MARKUP,2,C,5007.29326,4987.54858570613,5056.6549457346755,19.744674293870048,5.162828587739747,0,1,1,0,0,1,False,-1,
31168,2026-02-20 13:00:00,13,1,MARKUP,1,C,5019.3541000000005,5002.515543561277,5061.45049109681,16.83855643872357,4.988912877447462,0,1,0,0,0,1,True,31177,1.3534867689092058
31200,2026-02-20 15:40:00,15,1,MARKUP,3,B,5030.22472,5019.71575376748,5056.4971355812995,10.508966232519924,5.768492465039746,1,1,1,0,0,1,True,31216,-1.0
31212,2026-02-20 16:40:00,16,1,MARKUP,2,C,5025.24624,5003.6116879096035,5079.332620225992,21.634552090396937,7.116624180793303,0,1,1,0,0,1,True,31216,0.5
31224,2026-02-20 17:40:00,17,1,MARKUP,3,B,5028.95164,4999.8860120072995,5101.615709981752,29.065627992700684,14.567975985400917,0,1,1,0,1,1,False,-1,
31236,2026-02-20 18:40:00,18,1,MARKUP,2,C,5020.8724,4985.293927710978,5109.818580722555,35.5784722890221,11.412144578043089,0,1,0,0,1,1,False,-1,
31248,2026-02-20 19:40:00,19,1,MARKUP,2,C,5022.49972,4986.796555712785,5111.757630718035,35.70316428721435,8.406888574428807,0,1,1,0,0,1,False,-1,
31260,2026-02-20 20:40:00,20,1,MARKUP,2,C,5023.59224,4986.8075849941915,5115.553877514521,36.78465500580842,8.384830011617254,0,1,1,0,0,1,False,-1,
31444,2026-02-23 13:00:00,13,1,MARKUP,2,C,5138.05694,5119.825885777418,5183.634575556456,18.231054222582316,5.008228445163884,0,1,1,0,0,1,False,-1,
31456,2026-02-23 14:00:00,14,1,MARKUP,1,C,5138.05694,5120.056525665821,5183.057975835449,18.000414334179368,4.54694866835766,0,0,1,0,0,1,False,-1,
31468,2026-02-23 15:00:00,15,1,MARKUP,1,C,5138.8133,5119.949583226558,5185.972591933603,18.86371677344141,4.760833546882698,0,1,0,0,0,1,False,-1,
31482,2026-02-23 16:10:00,16,1,MARKUP,2,C,5151.69242,5140.444622376335,5179.8119140591625,11.247797623665065,5.450755247330441,0,1,1,0,0,1,False,-1,
31494,2026-02-23 17:10:00,17,1,MARKUP,2,C,5163.987999999999,5137.4526095750125,5230.326476062466,26.535390424986872,7.99478084997438,0,1,1,0,0,1,False,-1,
31506,2026-02-23 18:10:00,18,1,MARKUP,2,C,5165.74902,5136.463706465593,5238.962303836019,29.285313534407578,9.972587068814358,0,1,1,0,0,1,False,-1,
31518,2026-02-23 19:10:00,19,1,MARKUP,1,C,5171.1505,5137.388824262791,5255.554689343022,33.76167573720886,8.122351474417323,0,1,0,0,0,1,False,-1,
31530,2026-02-23 20:10:00,20,1,MARKUP,2,C,5171.1505,5138.031320908903,5253.948447727742,33.11917909109707,6.837358182193749,0,1,1,0,0,1,False,-1,
31665,2026-02-24 08:25:00,8,-1,MARKDOWN,3,B,5179.93542,5194.841763269928,5142.669561825178,14.906343269928584,5.983526539855808,0,1,1,1,0,1,True,31677,0.660834798069809
31686,2026-02-24 10:10:00,10,-1,MARKDOWN,2,C,5177.00638,5193.216424973861,5136.4812675653475,16.21004497386093,6.512849947722313,0,0,1,1,1,1,True,31690,1.0338749134866383
31701,2026-02-24 11:25:00,11,-1,MARKDOWN,3,B,5174.44168,5188.785877189556,5138.58118702611,14.344197189556326,5.951754379112031,0,1,1,1,0,1,True,31708,1.013921152966427
31732,2026-02-24 14:00:00,14,-1,MARKDOWN,3,B,5175.92182,5186.053836502367,5150.591778744081,10.13201650236715,4.227673004735134,0,1,1,1,1,1,False,-1,
31744,2026-02-24 15:00:00,15,-1,MARKDOWN,2,C,5167.76736,5185.4126288283605,5123.654187929098,17.645268828360713,6.625257656720393,0,1,0,0,1,1,False,-1,
31756,2026-02-24 16:00:00,16,-1,MARKDOWN,2,C,5153.44086,5186.740882718859,5070.190803202851,33.30002271885951,10.621765437717395,0,1,1,0,0,1,True,31777,0.6938649662820163
31768,2026-02-24 17:00:00,17,-1,MARKDOWN,2,C,5147.065280000001,5187.372622170313,5046.296924574221,40.30734217031204,11.885244340624283,0,1,1,0,0,1,True,31776,-0.013762256951979144
31936,2026-02-25 08:00:00,8,1,MARKUP,1,C,5178.34658,5155.47059066361,5235.536553340977,22.875989336390376,5.8788186727793175,0,1,0,0,0,1,False,-1,
31948,2026-02-25 09:00:00,9,1,MARKUP,1,C,5183.40182,5163.901836613913,5232.151778465219,19.49998338608748,5.376326772175442,1,0,0,0,0,1,True,31953,-1.0
32000,2026-02-25 13:20:00,13,-1,MARKDOWN,1,C,5181.16364,5199.936381872448,5134.23178531888,18.772741872448023,5.472763744896161,0,1,0,0,0,1,True,32007,0.8235439958501505
32014,2026-02-25 14:30:00,14,-1,MARKDOWN,2,C,5181.16364,5199.563088810667,5135.1650179733315,18.39944881066731,4.726177621334213,1,0,1,0,0,1,True,32015,0.8301081451393209
32028,2026-02-25 15:40:00,15,1,MARKUP,2,C,5183.56452,5174.001707866829,5207.471550332928,9.562812133171064,4.716584266341733,0,1,0,1,0,1,True,32035,-1.0
32044,2026-02-25 17:00:00,17,1,MARKUP,2,C,5172.84548,5151.640304334645,5225.858419163386,21.205175665354545,7.159391330709283,0,1,1,0,0,1,True,32050,1.2827734194946148
32056,2026-02-25 18:00:00,18,1,MARKUP,1,C,5173.33826,5151.525698165593,5227.869664586019,21.81256183440746,7.388603668814035,0,1,0,0,0,1,False,-1,
32068,2026-02-25 19:00:00,19,1,MARKUP,1,C,5180.0792200000005,5156.084994957967,5240.0647826050845,23.994225042033577,6.190010084067237,0,1,0,0,0,1,False,-1,
32080,2026-02-25 20:00:00,20,1,MARKUP,2,C,5181.51554,5156.717076740201,5243.5116981494975,24.798463259799064,4.925846519597875,0,1,1,0,0,1,False,-1,
32212,2026-02-26 08:00:00,8,1,MARKUP,0,C,5186.11098,5171.889096987811,5221.665687530473,14.22188301218921,4.461806024376886,0,0,0,0,0,1,True,32224,-1.0
32242,2026-02-26 10:30:00,10,-1,MARKDOWN,2,C,5192.17438,5208.447536925272,5151.491487686821,16.273156925271905,5.875073850543857,0,1,1,0,0,1,False,-1,
32254,2026-02-26 11:30:00,11,-1,MARKDOWN,0,C,5191.05894,5208.30226782865,5147.950620428375,17.243327828649853,5.584535657298492,0,0,0,0,0,1,False,-1,
32272,2026-02-26 13:00:00,13,-1,MARKDOWN,1,C,5186.68492,5202.192425082831,5147.916157292922,15.507505082830903,5.084850165661523,0,1,0,0,0,1,True,32292,1.75
32284,2026-02-26 14:00:00,14,-1,MARKDOWN,1,C,5178.205800000001,5193.420731556379,5140.168471109055,15.21493155637836,5.1414631127564085,0,1,0,0,0,1,True,32289,1.75
32296,2026-02-26 15:00:00,15,-1,MARKDOWN,2,C,5178.205800000001,5193.6098076396565,5139.695780900861,15.404007639655902,5.519615279311818,1,0,1,0,0,1,True,32297,0.669773183982313
32308,2026-02-26 16:00:00,16,-1,MARKDOWN,2,C,5177.76084,5193.237844927025,5139.068327682437,15.477004927025519,6.215689854050453,0,1,1,0,0,1,True,32329,0.5
32320,2026-02-26 17:00:00,17,-1,MARKDOWN,3,B,5170.90776,5194.591280957928,5111.698957605181,23.683520957927612,8.922561915855391,1,0,1,0,1,1,True,32322,0.7825005425230908
32488,2026-02-27 08:00:00,8,1,MARKUP,1,C,5179.767,5164.9999523303795,5216.684619174051,14.767047669620297,3.940095339241082,0,1,0,0,0,1,True,32503,1.75
32500,2026-02-27 09:00:00,9,1,MARKUP,1,C,5183.88288,5171.718913617623,5214.292795955943,12.163966382377112,3.8221727647549186,1,0,0,0,0,1,True,32502,-1.0
32513,2026-02-27 10:05:00,10,-1,MARKDOWN,1,C,5191.0116800000005,5202.749230861832,5161.667802845422,11.73755086183155,4.558461723663843,0,1,0,0,0,1,False,-1,
32525,2026-02-27 11:05:00,11,-1,MARKDOWN,2,C,5190.43486,5202.446657784054,5160.405365539866,12.01179778405367,3.9533155681070458,0,1,1,0,0,1,False,-1,
32548,2026-02-27 13:00:00,13,-1,MARKDOWN,1,C,5187.54012,5201.267742446474,5153.221063883815,13.727622446474015,4.275484892947634,0,0,1,0,0,1,True,32560,-1.0
32572,2026-02-27 15:00:00,15,1,MARKUP,2,C,5178.93974,5166.94335027045,5208.930714323875,11.996389729550174,3.693299459099963,0,1,1,0,0,1,False,-1,
32584,2026-02-27 16:00:00,16,1,MARKUP,2,C,5196.23288,5164.885999953518,5274.600080116204,31.3468800464816,7.808000092963293,0,1,1,0,0,1,False,-1,
32596,2026-02-27 17:00:00,17,1,MARKUP,1,C,5196.23288,5164.413611656752,5275.781050858117,31.81926834324713,8.75277668649425,0,1,0,0,0,1,False,-1,
32608,2026-02-27 18:00:00,18,1,MARKUP,2,C,5200.918,5167.690167766138,5283.987580584653,33.22783223386159,9.919664467723132,0,1,1,0,0,1,False,-1,
32620,2026-02-27 19:00:00,19,1,MARKUP,1,C,5211.5754,5178.485874639244,5294.29921340189,33.08952536075594,9.108250721512674,0,0,1,0,0,1,False,-1,
32632,2026-02-27 20:00:00,20,1,MARKUP,1,C,5217.95316,5189.887036893168,5288.118467767079,28.066123106831583,6.945926213663167,0,0,1,0,0,1,False,-1,
32764,2026-03-02 08:00:00,8,1,MARKUP,2,C,5327.46676,5299.860172602683,5396.4832284932945,27.606587397317526,6.179654794633589,0,1,1,0,0,1,False,-1,
32776,2026-03-02 09:00:00,9,1,MARKUP,2,C,5345.00566,5313.8774276939885,5422.826240765028,31.12823230601134,6.385144612022536,0,1,1,0,0,1,False,-1,
32788,2026-03-02 10:00:00,10,1,MARKUP,1,C,5370.99532,5337.348485544331,5455.112406139172,33.646834455668795,7.503028911338644,0,1,0,0,0,1,False,-1,
32800,2026-03-02 11:00:00,11,1,MARKUP,0,C,5370.99532,5336.959843705586,5456.084010736036,34.035476294414366,8.280312588830064,0,0,0,0,0,1,False,-1,
32854,2026-03-02 15:30:00,15,1,MARKUP,2,C,5390.2743199999995,5368.808202674695,5443.93961331326,21.466117325304367,10.263594650608058,0,1,0,1,1,1,True,32858,-1.0
32870,2026-03-02 16:50:00,16,-1,MARKDOWN,2,C,5374.278899999999,5425.659833125777,5245.826567185554,51.38093312577803,17.919666251555842,0,1,1,0,0,1,False,-1,
32882,2026-03-02 17:50:00,17,-1,MARKDOWN,2,C,5374.278899999999,5425.050392853526,5247.350167866181,50.77149285352698,16.700785707053303,0,1,1,0,0,1,False,-1,
32894,2026-03-02 18:50:00,18,-1,MARKDOWN,2,C,5356.993399999999,5425.964579307642,5184.565451730892,68.97117930764307,18.529158615285525,0,1,1,0,0,1,False,-1,
32906,2026-03-02 19:50:00,19,-1,MARKDOWN,1,C,5356.993399999999,5423.472563011993,5190.795492470015,66.47916301199348,13.545126023985565,0,0,1,0,0,1,False,-1,
33042,2026-03-03 08:10:00,8,-1,MARKDOWN,3,B,5341.57652,5386.137082515831,5230.175113710421,44.56056251583141,12.61416503166142,0,1,1,0,1,1,False,-1,
33054,2026-03-03 09:10:00,9,-1,MARKDOWN,1,C,5338.9871,5381.422049205278,5232.899726986805,42.43494920527792,11.564098410556074,0,1,0,0,0,1,False,-1,
33066,2026-03-03 10:10:00,10,-1,MARKDOWN,1,C,5338.9871,5380.326521637826,5235.638545905436,41.33942163782558,9.373043275650193,0,0,1,0,0,1,False,-1,
33078,2026-03-03 11:10:00,11,-1,MARKDOWN,1,C,5338.9871,5380.963845792689,5234.045235518277,41.976745792689144,10.647691585379027,0,1,0,0,0,1,False,-1,
33100,2026-03-03 13:00:00,13,-1,MARKDOWN,1,C,5294.05022,5343.384671469617,5170.714091325957,49.334451469617306,14.78934293923576,0,1,0,0,0,1,False,-1,
33112,2026-03-03 14:00:00,14,-1,MARKDOWN,1,C,5235.94802,5349.477447213345,4952.124451966637,113.52942721334512,26.97489442669053,0,1,0,0,0,1,False,-1,
33124,2026-03-03 15:00:00,15,-1,MARKDOWN,1,C,5235.94802,5347.321967711925,4957.513150720187,111.37394771192521,22.663935423849892,0,0,1,0,0,1,False,-1,
33136,2026-03-03 16:00:00,16,-1,MARKDOWN,1,C,5215.88774,5314.334031338719,4969.772011653204,98.44629133871877,21.608062677439126,0,1,0,0,0,1,False,-1,
33148,2026-03-03 17:00:00,17,-1,MARKDOWN,2,C,5183.06932,5299.82768805119,4891.173399872023,116.7583680511907,27.43537610238126,0,1,1,0,0,1,False,-1,
33160,2026-03-03 18:00:00,18,-1,MARKDOWN,0,C,5154.0929399999995,5264.56428783632,4877.914570409199,110.47134783632009,25.48857567263931,0,0,0,0,0,1,False,-1,
33172,2026-03-03 19:00:00,19,-1,MARKDOWN,1,C,5138.54406,5236.79529351006,4892.91597622485,98.25123351006005,20.270587020121617,0,0,1,0,0,1,True,33196,-0.36992858716912347
33335,2026-03-04 09:35:00,9,1,MARKUP,3,B,5170.0323,5158.6187172177515,5198.566256955621,11.41358278224834,9.342565564496491,0,1,1,0,1,1,True,33336,-1.0
33347,2026-03-04 10:35:00,10,1,MARKUP,2,C,5167.73132,5155.078682920862,5199.362912697845,12.652637079138003,9.06263415827503,0,1,1,0,0,1,True,33351,1.75
33359,2026-03-04 11:35:00,11,1,MARKUP,2,C,5145.20788,5116.285932695139,5217.512748262152,28.921947304860623,8.688134609721013,0,1,1,0,0,1,False,-1,
33376,2026-03-04 13:00:00,13,1,MARKUP,2,C,5151.9234400000005,5117.045496708959,5239.118298227604,34.87794329104145,7.169006582081979,0,1,1,0,0,1,False,-1,
33388,2026-03-04 14:00:00,14,1,MARKUP,2,C,5170.13858,5144.667431928598,5233.816450178505,25.47114807140224,6.485136142805398,0,1,1,0,0,1,True,33394,0.7147886042117397
33401,2026-03-04 15:05:00,15,1,MARKUP,3,B,5170.60208,5144.422837578819,5236.050186052951,26.17924242118079,8.474324842361627,0,1,1,1,0,1,True,33411,-1.0
33427,2026-03-04 17:15:00,17,-1,MARKDOWN,3,B,5177.51112,5213.415407799906,5087.7504005002365,35.90428779990543,14.630815599810813,0,1,1,0,1,1,False,-1,
33439,2026-03-04 18:15:00,18,-1,MARKDOWN,2,C,5177.51112,5212.18029602864,5090.8381799284,34.66917602864032,12.160592057280148,0,1,1,0,0,1,False,-1,
33451,2026-03-04 19:15:00,19,-1,MARKDOWN,2,C,5171.47944,5201.215585438607,5097.139076403482,29.73614543860731,9.751170877215209,0,1,1,0,0,1,False,-1,
33463,2026-03-04 20:15:00,20,-1,MARKDOWN,2,C,5165.52804,5200.137595182866,5079.004152042836,34.60955518286573,9.795190365732166,0,1,1,0,0,1,False,-1,
33598,2026-03-05 08:30:00,8,-1,MARKDOWN,1,C,5166.63436,5199.052046285603,5085.590144285992,32.41768628560294,8.284092571205434,0,1,0,0,0,1,True,33603,1.75
33610,2026-03-05 09:30:00,9,-1,MARKDOWN,3,B,5166.63436,5198.764554998206,5086.3088725044845,32.13019499820621,7.709109996412242,1,0,1,0,1,1,True,33625,1.75
33670,2026-03-05 14:30:00,14,1,MARKUP,2,C,5154.033640000001,5135.054665995034,5201.481075012416,18.978974004966403,5.090668009933149,0,1,1,0,0,1,True,33676,-1.0
33682,2026-03-05 15:30:00,15,-1,MARKDOWN,1,C,5142.81728,5186.831620463383,5032.781428841543,44.01434046338272,12.423240926765393,0,0,0,1,0,1,False,-1,
33694,2026-03-05 16:30:00,16,-1,MARKDOWN,2,C,5137.21202,5177.922774380933,5035.435134047666,40.710754380933395,12.745548761866972,0,1,0,1,0,1,False,-1,
33706,2026-03-05 17:30:00,17,-1,MARKDOWN,1,C,5129.04104,5179.686851261386,5002.426511846534,50.64581126138637,16.273702522772616,0,1,0,0,0,1,False,-1,
33718,2026-03-05 18:30:00,18,-1,MARKDOWN,2,C,5126.63062,5178.7804214246125,4996.256116438468,52.14980142461263,14.460842849224049,0,1,1,0,0,1,False,-1,
33730,2026-03-05 19:30:00,19,-1,MARKDOWN,2,C,5124.39964,5173.607767149731,5001.37932212567,49.20812714973181,11.33553429946366,0,1,1,0,0,1,False,-1,
33742,2026-03-05 20:30:00,20,-1,MARKDOWN,0,C,5104.5359,5143.244159665813,5007.765250835468,38.708259665812875,10.52831933162683,0,0,0,0,0,1,False,-1,
33908,2026-03-06 11:20:00,11,-1,MARKDOWN,1,C,5119.07986,5139.047896508611,5069.159768728471,19.968036508611476,6.4957930172228515,0,1,0,0,0,1,False,-1,
33928,2026-03-06 13:00:00,13,-1,MARKDOWN,2,C,5104.98758,5126.648381759633,5050.835575600919,21.660801759632704,7.176763519263845,0,1,1,0,0,1,False,-1,
33940,2026-03-06 14:00:00,14,-1,MARKDOWN,0,C,5099.834400000001,5127.081140775775,5031.717548060566,27.246740775774015,8.042281551549355,0,0,0,0,0,1,True,33958,-1.0
33952,2026-03-06 15:00:00,15,-1,MARKDOWN,2,C,5099.834400000001,5127.031896396523,5031.840659008695,27.197496396522183,7.943792793044146,0,1,1,0,0,1,True,33958,-1.0
33977,2026-03-06 17:05:00,17,1,MARKUP,2,C,5099.27962,5054.525504643989,5211.164908390028,44.754115356011425,15.468990712022869,0,1,1,0,0,1,False,-1,
33989,2026-03-06 18:05:00,18,1,MARKUP,2,C,5103.98204,5055.646324989083,5224.821327527292,48.33571501091683,13.227350021833495,0,1,1,0,0,1,False,-1,
34001,2026-03-06 19:05:00,19,1,MARKUP,0,C,5106.0338,5059.838800409512,5221.52129897622,46.194999590487896,11.482399180974753,0,0,0,0,0,1,False,-1,
34013,2026-03-06 20:05:00,20,1,MARKUP,2,C,5107.1338399999995,5062.716345817813,5218.177575455466,44.4174941821866,9.28730836437418,0,1,1,0,0,1,False,-1,
34161,2026-03-09 09:25:00,9,1,MARKUP,1,C,5087.92618,5050.913099328697,5180.458881678258,37.013080671303214,9.093801342606628,0,1,0,0,0,1,False,-1,
34173,2026-03-09 10:25:00,10,1,MARKUP,2,C,5100.792939999999,5071.938734653837,5172.928453365405,28.854205346162416,8.682530692326372,1,0,1,0,0,1,True,34174,0.7579462305781131
34188,2026-03-09 11:40:00,11,-1,MARKDOWN,3,B,5091.0852,5101.352173314414,5065.417766713966,10.266973314413917,8.004346628828749,1,1,1,0,0,1,True,34189,-1.0
34214,2026-03-09 13:50:00,13,-1,MARKDOWN,1,C,5115.01674,5138.023379478824,5057.50014130294,23.006639478823672,7.866758957646416,0,1,0,0,0,1,False,-1,
34226,2026-03-09 14:50:00,14,-1,MARKDOWN,1,C,5112.51388,5136.452456757631,5052.667438105924,23.93857675763047,7.644913515261276,0,1,0,0,0,1,False,-1,
34238,2026-03-09 15:50:00,15,-1,MARKDOWN,2,C,5112.51388,5136.020721802205,5053.746775494488,23.50684180220469,6.781443604410745,0,1,1,0,0,1,True,34260,0.7784239409467099
34250,2026-03-09 16:50:00,16,-1,MARKDOWN,1,C,5108.24312,5137.73255915064,5034.519522123401,29.489439150639555,10.205118301278373,0,1,0,0,0,1,True,34260,-1.0
34264,2026-03-09 18:00:00,18,-1,MARKDOWN,4,A,5092.61014,5118.251231514209,5028.507411214476,25.64109151420962,12.142463028417874,1,1,1,1,0,1,True,34267,-1.0
34286,2026-03-09 19:50:00,19,1,MARKUP,1,C,5082.02494,5057.351100007486,5143.709539981286,24.67383999251433,7.1977999850283005,0,1,0,0,0,1,False,-1,
34420,2026-03-10 08:00:00,8,1,MARKUP,2,C,5148.42658,5122.348455529294,5213.621891176765,26.078124470705916,4.643088941411445,0,1,1,0,0,1,False,-1,
34432,2026-03-10 09:00:00,9,1,MARKUP,2,C,5157.46174,5137.0745486693495,5208.429718326625,20.38719133065024,4.430902661300219,0,1,1,0,0,1,False,-1,
34444,2026-03-10 10:00:00,10,1,MARKUP,4,A,5176.47236,5168.578286758534,5196.207543103665,7.894073241465776,4.343426482931937,1,1,1,0,1,1,True,34445,-1.0
34456,2026-03-10 11:00:00,11,1,MARKUP,1,C,5166.2732399999995,5151.800491915019,5202.4551102124515,14.472748084980594,5.399016169962153,0,1,0,0,0,1,False,-1,
34480,2026-03-10 13:00:00,13,1,MARKUP,0,C,5172.57154,5156.1032432814745,5213.742281796313,16.46829671852538,5.07351343705221,0,0,0,0,0,1,True,34486,0.7422343935638871
34492,2026-03-10 14:00:00,14,1,MARKUP,2,C,5172.57154,5155.359200521077,5215.602388697308,17.21233947892324,6.561598957847108,0,1,1,0,0,1,True,34501,1.75
34512,2026-03-10 15:40:00,15,1,MARKUP,2,C,5182.60168,5171.837943881,5209.511020297499,10.763736118999987,6.064112237999335,0,1,1,0,0,1,True,34514,1.75
34524,2026-03-10 16:40:00,16,1,MARKUP,1,C,5183.9514,5152.262005420901,5263.174886447747,31.689394579098916,7.835989158198805,0,1,0,0,0,1,False,-1,
34536,2026-03-10 17:40:00,17,1,MARKUP,1,C,5183.9514,5151.685777155948,5264.61545711013,32.265622844051904,8.988445688104925,0,1,0,0,0,1,False,-1,
34548,2026-03-10 18:40:00,18,1,MARKUP,2,C,5190.77856,5158.522719636988,5271.418160907529,32.255840363011885,7.914560726022915,0,1,1,0,0,1,False,-1,
34560,2026-03-10 19:40:00,19,1,MARKUP,1,C,5191.5502,5159.286555209654,5272.209311975865,32.26364479034601,6.386889580691928,0,1,0,0,0,1,True,34579,0.6797062186402996
34572,2026-03-10 20:40:00,20,1,MARKUP,0,C,5202.6433,5177.587656941423,5265.282407646441,25.055643058576607,5.6846861171549845,0,0,0,0,0,1,True,34579,-1.0
34708,2026-03-11 09:00:00,9,-1,MARKDOWN,1,C,5210.83162,5225.2525335430755,5174.779336142311,14.420913543075585,4.3250670861505665,0,1,0,0,0,1,False,-1,
34720,2026-03-11 10:00:00,10,-1,MARKDOWN,1,C,5209.224819999999,5222.899228555407,5175.038798611481,13.674408555407354,4.818457110814696,0,1,0,0,0,1,False,-1,
34732,2026-03-11 11:00:00,11,-1,MARKDOWN,2,C,5205.85302,5221.5762821871,5166.544864532248,15.723262187100772,5.172564374201837,0,1,1,0,0,1,False,-1,
34756,2026-03-11 13:00:00,13,-1,MARKDOWN,2,C,5197.2445,5213.195467165291,5157.367082086772,15.950967165291331,4.97093433058295,0,0,1,0,1,1,False,-1,
34769,2026-03-11 14:05:00,14,-1,MARKDOWN,0,C,5197.2445,5213.449067607394,5156.733080981515,16.204567607393983,5.4781352147874856,0,0,0,0,0,1,False,-1,
34781,2026-03-11 15:05:00,15,-1,MARKDOWN,2,C,5190.60718,5202.867668071002,5159.955959822494,12.260488071002328,5.795336142004559,1,0,0,0,1,1,True,34782,0.9913513523652873
34793,2026-03-11 16:05:00,16,-1,MARKDOWN,2,C,5184.788680000001,5202.546235239305,5140.394791901739,17.757555239304565,7.812470478609555,0,1,0,1,0,1,True,34804,0.7127597454135747
34818,2026-03-11 18:10:00,18,-1,MARKDOWN,3,B,5178.53994,5201.0784455978355,5122.19367600541,22.538505597835865,8.916891195671502,0,1,1,0,1,1,True,34820,0.6232529428635157
34831,2026-03-11 19:15:00,19,-1,MARKDOWN,1,C,5178.53994,5200.374245763646,5123.954175590883,21.834305763646626,7.50849152729253,0,1,0,0,0,1,True,34840,0.6272280956742973
34843,2026-03-11 20:15:00,20,-1,MARKDOWN,3,B,5178.53994,5199.740891253818,5125.537561865454,21.200951253817948,6.241782507635748,0,1,1,0,1,1,False,-1,
34975,2026-03-12 08:15:00,8,-1,MARKDOWN,1,C,5161.9746,5177.233768808965,5123.826677977587,15.259168808965114,4.00753761793064,0,1,0,0,0,1,True,34990,-1.0
35004,2026-03-12 10:40:00,10,1,MARKUP,2,C,5153.4941,5134.942752133369,5199.872469666577,18.55134786663075,4.594495733261043,0,1,1,0,0,1,False,-1,
35016,2026-03-12 11:40:00,11,1,MARKUP,2,C,5157.29882,5135.023388140551,5212.987399648622,22.275431859448872,4.4332237188970725,0,1,1,0,0,1,False,-1,
35032,2026-03-12 13:00:00,13,1,MARKUP,2,C,5158.0208,5134.998947407983,5215.575431480043,23.02185259201724,4.4821051840334265,0,1,1,0,0,1,False,-1,
35044,2026-03-12 14:00:00,14,1,MARKUP,1,C,5164.3017,5145.311132067429,5211.778119831428,18.99056793257114,4.097735865142312,0,0,1,0,0,1,True,35060,0.829339384162749
35066,2026-03-12 15:50:00,15,1,MARKUP,3,B,5181.0804,5172.023847586271,5203.721781034323,9.05655241372915,4.972304827458254,0,1,1,1,0,1,True,35067,-1.0
35082,2026-03-12 17:10:00,17,-1,MARKDOWN,2,C,5174.28316,5195.546787342389,5121.124091644028,21.263627342388645,7.673574684776458,0,1,0,1,0,1,False,-1,
35094,2026-03-12 18:10:00,18,-1,MARKDOWN,2,C,5157.49614,5192.166055692675,5070.821350768312,34.669915692675204,9.57211138535133,0,1,1,0,0,1,False,-1,
35106,2026-03-12 19:10:00,19,-1,MARKDOWN,2,C,5156.68038,5190.331618485989,5072.552283785028,33.65123848598887,8.543236971976558,0,1,1,0,0,1,False,-1,
35118,2026-03-12 20:10:00,20,-1,MARKDOWN,2,C,5156.68038,5189.542502837291,5074.525072906772,32.86212283729128,6.965005674580505,0,1,1,0,0,1,False,-1,
35252,2026-03-13 08:20:00,8,-1,MARKDOWN,2,C,5118.559340000001,5130.113499186591,5089.673942033525,11.554159186590368,3.526998373182139,0,1,1,0,0,1,False,-1,
35264,2026-03-13 09:20:00,9,-1,MARKDOWN,2,C,5115.522440000001,5130.7292825242885,5077.5053336892815,15.206842524287822,4.758565048575476,0,1,1,0,0,1,False,-1,
35276,2026-03-13 10:20:00,10,-1,MARKDOWN,2,C,5103.08024,5125.521548524546,5046.976968688636,22.441308524546002,6.163097049093775,0,1,1,0,0,1,False,-1,
35288,2026-03-13 11:20:00,11,-1,MARKDOWN,2,C,5096.42082,5121.64543393324,5033.3592851669,25.224613933240107,7.29086786648098,0,1,1,0,0,1,True,35297,-1.0
35338,2026-03-13 15:30:00,15,1,MARKUP,2,C,5083.45208,5058.613183059446,5145.549322351386,24.83889694055415,5.793633881109023,0,1,1,0,0,1,True,35359,-1.0
35350,2026-03-13 16:30:00,16,1,MARKUP,0,C,5093.40784,5072.690897166412,5145.20019708397,20.71694283358829,6.198205667176003,0,0,0,0,0,1,True,35358,-1.0
35366,2026-03-13 17:50:00,17,-1,MARKDOWN,2,C,5097.51166,5126.174184396674,5025.855349008316,28.66252439667369,8.528368793347818,0,1,1,0,0,1,False,-1,
35378,2026-03-13 18:50:00,18,-1,MARKDOWN,2,C,5089.01598,5127.6950625348545,4992.318273662864,38.67908253485439,11.570125069709267,0,1,1,0,0,1,False,-1,
35390,2026-03-13 19:50:00,19,-1,MARKDOWN,0,C,5082.42266,5127.094049571582,4970.744186071045,44.67138957158204,10.368099143165535,0,0,0,0,0,1,False,-1,
35402,2026-03-13 20:50:00,20,-1,MARKDOWN,1,C,5081.946800000001,5125.317777450985,4973.51935637254,43.370977450984356,8.355554901968942,0,0,1,0,0,1,False,-1,
35552,2026-03-16 10:20:00,10,-1,MARKDOWN,2,C,5008.23026,5017.674210737877,4984.620383155308,9.443950737876548,6.228421475753204,0,1,1,0,0,1,False,-1,
35564,2026-03-16 11:20:00,11,-1,MARKDOWN,1,C,5017.64648,5039.7826774086225,4962.3059864784445,22.136197408622138,7.325354817245065,0,1,0,0,0,1,False,-1,
35584,2026-03-16 13:00:00,13,-1,MARKDOWN,2,C,5010.95384,5039.5630917829885,4939.430710542529,28.609251782988395,6.886183565976914,0,1,1,0,0,1,True,35599,0.9035045598608105
35596,2026-03-16 14:00:00,14,-1,MARKDOWN,0,C,5010.95384,5039.298117761929,4940.0931455951795,28.344277761928424,6.356235523857846,0,0,0,0,0,1,True,35599,0.9072766872242377
35619,2026-03-16 15:55:00,15,1,MARKUP,2,C,4991.18124,4966.752024008996,5052.254279977509,24.42921599100373,6.975951982006647,0,1,1,0,0,1,True,35641,0.8622171953409625
35631,2026-03-16 16:55:00,16,1,MARKUP,2,C,4994.7262,4966.49640504675,5065.3006873831255,28.229794953250348,7.487189906501017,0,1,1,0,0,1,True,35641,0.5580557714318654
35653,2026-03-16 18:45:00,18,-1,MARKDOWN,2,C,5017.61826,5041.651674094573,4957.534724763569,24.033414094572436,7.903348189144731,0,1,1,0,0,1,False,-1,
35665,2026-03-16 19:45:00,19,-1,MARKDOWN,1,C,5013.35514,5041.529474689902,4942.919303275245,28.174334689902025,7.658949379802936,0,1,0,0,0,1,True,35687,-0.5201492834275518
35677,2026-03-16 20:45:00,20,-1,MARKDOWN,1,C,5013.35514,5040.8493175505155,4944.61969612371,27.494177550515815,6.298635101032056,0,1,0,0,0,1,True,35687,-0.5330168532255519
35800,2026-03-17 08:00:00,8,1,MARKUP,1,C,5012.88186,4992.968991163483,5062.664032091294,19.91286883651719,3.7420176730337213,0,1,0,0,0,1,True,35812,-1.0
35860,2026-03-17 13:00:00,13,-1,MARKDOWN,2,C,5029.3007800000005,5046.905222814299,4985.289672964254,17.604442814298636,4.870445628597499,0,1,1,0,0,1,False,-1,
35872,2026-03-17 14:00:00,14,-1,MARKDOWN,2,C,5015.26118,5032.362366835392,4972.508212911522,17.101186835391673,5.544733670783994,0,1,1,0,0,1,True,35888,1.1061133421135096
35884,2026-03-17 15:00:00,15,-1,MARKDOWN,1,C,5015.26118,5031.908966702897,4973.64171324276,16.647786702896155,4.637933405792396,0,0,1,0,0,1,True,35888,1.75
35925,2026-03-17 18:25:00,18,-1,MARKDOWN,2,C,5002.82084,5013.338610132727,4976.526414668184,10.517770132726582,7.757220265454206,0,1,1,0,0,1,True,35935,-1.0
35937,2026-03-17 19:25:00,19,-1,MARKDOWN,1,C,5009.31636,5035.177337170255,4944.663917074362,25.860977170254955,7.394674340510623,1,0,0,0,0,1,False,-1,
35949,2026-03-17 20:25:00,20,-1,MARKDOWN,3,B,5009.31636,5034.225194443073,4947.0442738923175,24.90883444307292,5.490388886146409,1,0,1,0,1,1,False,-1,
36076,2026-03-18 08:00:00,8,-1,MARKDOWN,1,C,5002.8902,5017.556102567688,4966.225443580779,14.665902567688136,3.432205135376084,0,1,0,0,0,1,True,36089,0.8557545444095309
36098,2026-03-18 09:50:00,9,1,MARKUP,1,C,4995.0999,4979.753905659545,5033.464885851137,15.345994340455036,4.372188680909284,0,1,0,0,0,1,True,36110,-1.0
36115,2026-03-18 11:15:00,11,-1,MARKDOWN,4,A,4991.60552,4999.812011427597,4971.089291431008,8.20649142759703,4.464022855193668,1,1,1,0,1,1,True,36118,0.5
36136,2026-03-18 13:00:00,13,-1,MARKDOWN,1,C,5001.3201,5018.330699471378,4958.793601321556,17.010599471377645,3.8813989427539055,0,0,1,0,0,1,False,-1,
36148,2026-03-18 14:00:00,14,-1,MARKDOWN,2,C,4993.7947,5019.688062699934,4929.061293250167,25.893362699933277,6.596125399866008,0,1,1,0,0,1,False,-1,
36160,2026-03-18 15:00:00,15,-1,MARKDOWN,2,C,4979.1659199999995,5019.629768756923,4878.00629810769,40.46384875692365,9.53953751384656,0,1,1,0,0,1,False,-1,
36172,2026-03-18 16:00:00,16,-1,MARKDOWN,2,C,4941.28298,5002.229311360152,4788.91715159962,60.94633136015182,12.938622720303163,0,1,1,0,0,1,False,-1,
36184,2026-03-18 17:00:00,17,-1,MARKDOWN,1,C,4933.9502600000005,5002.545610409582,4762.461883976047,68.59535040958144,13.751220819162961,0,1,0,0,0,1,False,-1,
36196,2026-03-18 18:00:00,18,-1,MARKDOWN,0,C,4931.44736,4997.169527853324,4767.14194036669,65.72216785332421,11.099055706649258,0,0,0,0,0,1,False,-1,
36208,2026-03-18 19:00:00,19,-1,MARKDOWN,1,C,4920.508760000001,4978.1008984897,4776.528413775753,57.59213848969921,8.361796979398957,0,1,0,0,0,1,False,-1,
36358,2026-03-19 08:30:00,8,-1,MARKDOWN,2,C,4845.56866,4855.549220516137,4820.617258709657,9.980560516137302,4.398441032273777,0,1,1,0,0,1,False,-1,
36370,2026-03-19 09:30:00,9,-1,MARKDOWN,2,C,4844.2991,4870.910186150356,4777.771384624111,26.61108615035573,7.42037230071128,0,1,1,0,0,1,False,-1,
36382,2026-03-19 10:30:00,10,-1,MARKDOWN,1,C,4820.8908599999995,4872.069444495238,4692.944398761903,51.17858449523828,11.998888990476852,0,1,0,0,0,1,False,-1,
36394,2026-03-19 11:30:00,11,-1,MARKDOWN,2,C,4796.13934,4865.449541536939,4622.86383615765,69.31020153693953,15.899083073878385,0,1,1,0,0,1,False,-1,
36412,2026-03-19 13:00:00,13,-1,MARKDOWN,1,C,4790.170719999999,4861.911019243189,4610.819971892024,71.74029924318984,15.862038486379666,0,1,0,0,0,1,False,-1,
36424,2026-03-19 14:00:00,14,-1,MARKDOWN,1,C,4773.8359199999995,4848.035691340976,4588.336491647558,74.19977134097644,15.891382681952308,0,1,0,0,0,1,False,-1,
36436,2026-03-19 15:00:00,15,-1,MARKDOWN,2,C,4723.9076000000005,4791.646916468264,4554.559308829342,67.7393164682635,14.613832936527453,0,1,1,0,0,1,False,-1,
36448,2026-03-19 16:00:00,16,-1,MARKDOWN,2,C,4647.79742,4748.715937307933,4395.501126730167,100.91851730793314,22.151874615864816,0,1,1,0,0,1,True,36462,0.08915529320100714
36460,2026-03-19 17:00:00,17,-1,MARKDOWN,1,C,4640.53592,4738.770689834037,4394.948995414909,98.23476983403634,25.761379668072077,1,0,0,0,0,1,True,36462,0.017671136227354577
36493,2026-03-19 19:45:00,19,-1,MARKDOWN,3,B,4601.04572,4670.517052175898,4427.367389560255,69.47133217589817,17.0541043517964,1,1,1,0,0,1,True,36500,-1.0
36628,2026-03-20 08:00:00,8,1,MARKUP,0,C,4676.20626,4636.115511428544,4776.43313142864,40.09074857145606,6.508977142912073,0,0,0,0,0,1,True,36647,1.027515130069159
36672,2026-03-20 11:40:00,11,1,MARKUP,1,C,4689.4397,4656.864185178739,4770.878487053153,32.575514821261095,9.111629642521812,0,1,0,0,0,1,True,36674,-1.0
36691,2026-03-20 13:15:00,13,-1,MARKDOWN,1,C,4702.5062800000005,4740.238671605561,4608.1753009861,37.732391605560224,10.937343211119774,0,1,0,0,0,1,False,-1,
36703,2026-03-20 14:15:00,14,-1,MARKDOWN,1,C,4697.39894,4740.588812118249,4589.424259704378,43.189872118248786,11.637624236495975,0,1,0,0,0,1,False,-1,
36716,2026-03-20 15:20:00,15,-1,MARKDOWN,0,C,4697.39894,4740.0208601008335,4590.844139747916,42.62192010083345,10.501720201665838,0,0,0,0,0,1,False,-1,
36729,2026-03-20 16:25:00,16,-1,MARKDOWN,2,C,4690.01384,4727.81480346238,4595.511431344048,37.80096346238042,9.989606924760505,0,1,1,0,0,1,False,-1,
36741,2026-03-20 17:25:00,17,-1,MARKDOWN,2,C,4640.35684,4703.934511431434,4481.4126614214165,63.57767143143337,16.849022862867212,0,1,1,0,0,1,False,-1,
36753,2026-03-20 18:25:00,18,-1,MARKDOWN,1,C,4636.3955000000005,4704.263311979787,4466.725970050533,67.8678119797869,17.50662395957515,0,1,0,0,0,1,False,-1,
36765,2026-03-20 19:25:00,19,-1,MARKDOWN,1,C,4636.3955000000005,4703.630650857685,4468.307622855788,67.23515085768486,16.24130171537038,0,0,1,0,0,1,False,-1,
36777,2026-03-20 20:25:00,20,-1,MARKDOWN,2,C,4628.1452,4689.088895327173,4475.785961682066,60.94369532717337,13.857790654346402,0,1,1,0,0,1,False,-1,
36904,2026-03-23 08:00:00,8,-1,MARKDOWN,0,C,4402.158280000001,4459.761487537595,4258.150261156015,57.603207537594244,13.242975075189664,0,0,0,0,0,1,False,-1,
36916,2026-03-23 09:00:00,9,-1,MARKDOWN,2,C,4389.94894,4461.491005299134,4211.093776752166,71.54206529913336,14.862010598266759,0,1,1,0,0,1,False,-1,
36928,2026-03-23 10:00:00,10,-1,MARKDOWN,2,C,4323.292219999999,4434.899701336061,4044.2735166598445,111.60748133606194,25.499402672124123,0,1,1,0,0,1,False,-1,
36940,2026-03-23 11:00:00,11,-1,MARKDOWN,0,C,4273.78546,4397.498963729346,3964.501700676636,123.71350372934558,31.237927458691058,0,0,0,0,0,1,True,36955,-1.0
36990,2026-03-23 15:10:00,15,1,MARKUP,1,C,4237.99238,4081.4527289373873,4629.341507656531,156.5396510626124,34.91454212522522,0,1,0,0,0,1,False,-1,
37002,2026-03-23 16:10:00,16,1,MARKUP,1,C,4318.84054,4196.045743463243,4625.827531341894,122.79479653675753,30.92851307351529,0,1,0,0,0,1,False,-1,
37014,2026-03-23 17:10:00,17,1,MARKUP,1,C,4326.38632,4210.723109893731,4615.544345265671,115.6632101062687,25.993780212538017,0,1,0,0,0,1,False,-1,
37026,2026-03-23 18:10:00,18,1,MARKUP,1,C,4344.8803,4229.206446722972,4634.064933192569,115.67385327702777,23.807106554055498,0,1,0,0,0,1,False,-1,
37180,2026-03-24 08:00:00,8,-1,MARKDOWN,2,C,4386.5872,4442.058130848714,4247.909872878214,55.47093084871449,11.316261697429747,0,1,1,0,0,1,True,37196,-0.36582764502987325
37208,2026-03-24 10:20:00,10,1,MARKUP,1,C,4360.21482,4313.079729549151,4478.052546127123,47.13509045084902,13.660540901697292,0,1,0,0,0,1,False,-1,
37220,2026-03-24 11:20:00,11,1,MARKUP,0,C,4363.16768,4313.225007064091,4488.024362339771,49.94267293590838,13.36998587181805,0,0,0,0,0,1,False,-1,
37240,2026-03-24 13:00:00,13,1,MARKUP,2,C,4363.16768,4314.57565422165,4484.647744445872,48.592025778349125,10.668691556698802,0,1,1,0,0,1,False,-1,
37252,2026-03-24 14:00:00,14,1,MARKUP,1,C,4387.76432,4347.117536159319,4489.381279601705,40.646783840681564,14.244927681361917,0,1,0,0,0,1,True,37270,0.6565564173745341
37266,2026-03-24 15:10:00,15,1,MARKUP,2,C,4400.4704,4367.955001256817,4481.7588968579585,32.51539874318314,13.689997486365456,0,1,1,0,0,1,True,37268,-1.0
37283,2026-03-24 16:35:00,16,-1,MARKDOWN,1,C,4407.68876,4450.0026301801045,4301.904084549738,42.31387018010446,16.00526036020979,0,1,0,0,0,1,True,37292,-1.0
37297,2026-03-24 17:45:00,17,1,MARKUP,2,C,4400.4704,4367.137151178591,4483.803522053523,33.33324882140914,15.32569764281846,1,1,0,0,0,1,True,37302,1.75
37309,2026-03-24 18:45:00,18,1,MARKUP,2,C,4400.4704,4367.876015805541,4481.956360486148,32.59438419445905,13.847968388918847,0,1,1,0,0,1,True,37325,1.75
37321,2026-03-24 19:45:00,19,1,MARKUP,2,C,4382.863539999999,4345.622181587891,4475.9669360302705,37.24135841210864,11.475636824217927,0,1,1,0,0,1,True,37330,0.7867334005597779
37519,2026-03-25 13:15:00,13,1,MARKUP,1,C,4546.41226,4529.1781212922715,4589.4976067693215,17.23413870772856,8.163757415456965,0,1,0,0,0,1,False,-1,
37531,2026-03-25 14:15:00,14,1,MARKUP,1,C,4543.488960000001,4524.381593046357,4591.2573773841095,19.107366953643577,6.676813907285894,0,1,0,0,0,1,True,37545,-1.0
37543,2026-03-25 15:15:00,15,1,MARKUP,0,C,4549.84162,4523.986783246567,4614.478711883583,25.85483675343312,7.466433506865643,0,0,0,0,0,1,True,37545,-1.0
37555,2026-03-25 16:15:00,16,1,MARKUP,2,C,4549.84162,4522.246205613604,4618.830155965991,27.595414386396442,10.947588772793587,0,1,0,0,1,1,True,37562,0.538184168137315
37571,2026-03-25 17:35:00,17,1,MARKUP,3,B,4549.84162,4522.118191392779,4619.150191518052,27.72342860722074,11.20361721444213,0,1,1,0,1,1,True,37579,-1.0
37606,2026-03-25 20:30:00,20,1,MARKUP,3,B,4550.75818,4528.801768701691,4605.649208245772,21.95641129830892,8.776462596617904,0,1,1,0,1,1,True,37610,-1.0
37733,2026-03-26 08:05:00,8,-1,MARKDOWN,2,C,4527.40088,4546.8057271946755,4478.888762013312,19.404847194675312,5.07145438935004,0,1,1,0,0,1,False,-1,
37745,2026-03-26 09:05:00,9,-1,MARKDOWN,1,C,4495.65262,4545.838922963056,4370.18686259236,50.18630296305582,11.297845926111812,0,1,0,0,0,1,False,-1,
37757,2026-03-26 10:05:00,10,-1,MARKDOWN,2,C,4488.97142,4539.694207398094,4362.164451504766,50.722787398093715,11.148414796187486,0,1,1,0,0,1,False,-1,
37769,2026-03-26 11:05:00,11,-1,MARKDOWN,0,C,4482.9521,4529.333940712514,4366.997498218716,46.38184071251362,9.907881425028746,0,0,0,0,0,1,False,-1,
37792,2026-03-26 13:00:00,13,-1,MARKDOWN,2,C,4478.335419999999,4524.286360977284,4363.458067556789,45.95094097728452,10.77272195456808,0,1,1,0,0,1,False,-1,
37813,2026-03-26 14:45:00,14,-1,MARKDOWN,3,B,4444.26508,4468.839742161535,4382.828424596164,24.574662161534434,10.139484323068155,0,1,1,0,1,1,True,37818,-1.0
37827,2026-03-26 15:55:00,15,-1,MARKDOWN,3,B,4441.48408,4464.185812046224,4384.729749884441,22.701732046223697,9.831624092446463,0,1,1,0,1,1,True,37829,-1.0
37864,2026-03-26 19:00:00,19,-1,MARKDOWN,4,A,4441.38652,4462.44320853178,4388.744798670549,21.05668853178031,11.44641706355983,1,1,1,1,1,1,True,37865,1.75
37876,2026-03-26 20:00:00,20,-1,MARKDOWN,2,C,4436.40018,4486.319177960405,4311.6026850989865,49.91899796040525,13.498355920810107,0,1,0,0,1,1,False,-1,
38008,2026-03-27 08:00:00,8,1,MARKUP,1,C,4403.83654,4373.016946310667,4480.885524223334,30.819593689333487,5.126107378665851,0,1,0,0,0,1,False,-1,
38020,2026-03-27 09:00:00,9,1,MARKUP,1,C,4420.97848,4384.166483901683,4513.008470245792,36.81199609831674,6.6670321966332455,0,1,0,0,0,1,False,-1,
38032,2026-03-27 10:00:00,10,1,MARKUP,1,C,4441.8298,4417.48204297923,4502.699192551927,24.347757020770587,7.515914041540495,0,0,0,0,1,1,True,38047,-1.0
38077,2026-03-27 13:45:00,13,-1,MARKDOWN,2,C,4449.37352,4475.999716168266,4382.808029579335,26.62619616826578,6.159432336532053,0,1,1,0,0,1,False,-1,
38089,2026-03-27 14:45:00,14,-1,MARKDOWN,0,C,4441.67744,4468.125031447553,4375.558461381119,26.44759144755244,6.230062895105989,0,0,0,0,0,1,True,38102,0.6875301017938944
38118,2026-03-27 17:10:00,17,1,MARKUP,2,C,4426.655180000001,4398.1636589448135,4497.883982637968,28.49152105518715,11.532682110373186,0,1,0,0,1,1,False,-1,
38130,2026-03-27 18:10:00,18,1,MARKUP,2,C,4453.50596,4396.890245692833,4595.04524576792,56.615714307167764,14.079508614335474,0,1,1,0,0,1,False,-1,
38142,2026-03-27 19:10:00,19,1,MARKUP,1,C,4464.249940000001,4401.691212893815,4620.646757765466,62.55872710618587,12.297574212369934,0,1,0,0,0,1,False,-1,
38154,2026-03-27 20:10:00,20,1,MARKUP,0,C,4467.9085000000005,4408.556130722974,4616.2894231925675,59.35236927702681,10.407738554053761,0,0,0,0,0,1,False,-1,
38284,2026-03-30 08:00:00,8,1,MARKUP,2,C,4457.234100000001,4416.853790347732,4558.184874130673,40.38030965226881,6.232419304537278,0,1,1,0,0,1,False,-1,
38296,2026-03-30 09:00:00,9,1,MARKUP,1,C,4474.29072,4436.966831876051,4567.600440309871,37.323888123948564,7.446336247895577,0,1,0,0,0,1,False,-1,
38308,2026-03-30 10:00:00,10,1,MARKUP,1,C,4493.95614,4454.860671027034,4591.694812432415,39.095468972966046,8.078657945930836,0,1,0,0,0,1,False,-1,
38320,2026-03-30 11:00:00,11,1,MARKUP,1,C,4510.92642,4482.780254585539,4581.291833536151,28.146165414460484,7.159490828920846,0,0,1,0,0,1,False,-1,
38344,2026-03-30 13:00:00,13,1,MARKUP,2,C,4518.4722,4495.3983498322605,4576.15682541935,23.073850167739693,6.34330033547819,0,1,1,0,0,1,False,-1,
38358,2026-03-30 14:10:00,14,1,MARKUP,2,C,4535.5599,4523.135502410845,4566.620893972888,12.424397589154978,6.168995178309561,0,1,1,0,0,1,True,38360,1.75
38370,2026-03-30 15:10:00,15,1,MARKUP,3,B,4540.71944,4511.57079406112,4613.591054847199,29.14864593887978,8.698411877760867,0,1,1,0,1,1,True,38389,-1.0
38382,2026-03-30 16:10:00,16,1,MARKUP,1,C,4545.490400000001,4519.5264747717865,4610.400213070536,25.963925228214066,8.22705045642776,0,1,0,0,0,1,True,38388,-1.0
38438,2026-03-30 20:50:00,20,-1,MARKDOWN,2,C,4553.39452,4582.663573033661,4480.221887415846,29.269053033661294,8.007146067322719,0,1,1,0,0,1,False,-1,
38569,2026-03-31 08:45:00,8,1,MARKUP,2,C,4565.62152,4528.387508673561,4658.706548316097,37.23401132643903,7.724982652878266,0,1,1,0,0,1,True,38572,1.1504601340872134
38604,2026-03-31 11:40:00,11,1,MARKUP,2,C,4560.57788,4544.372583425503,4601.091121436242,16.20529657449697,6.174833148993632,0,1,1,0,0,1,True,38614,-1.0
38635,2026-03-31 14:15:00,14,1,MARKUP,2,C,4555.592540000001,4538.958505568499,4597.177626078754,16.634034431501277,8.842988863001514,0,1,1,0,0,1,False,-1,
38647,2026-03-31 15:15:00,15,1,MARKUP,1,C,4554.869119999999,4523.426038169507,4633.476824576232,31.4430818304927,10.047923660986175,0,1,0,0,0,1,False,-1,
38659,2026-03-31 16:15:00,16,1,MARKUP,2,C,4554.869119999999,4523.887203488988,4632.323911277527,30.98191651101115,9.125593022024006,0,1,1,0,0,1,False,-1,
38671,2026-03-31 17:15:00,17,1,MARKUP,2,C,4565.44288,4522.962732450686,4671.643248873283,42.48014754931319,10.974535098627383,0,1,1,0,0,1,False,-1,
38683,2026-03-31 18:15:00,18,1,MARKUP,2,C,4567.2612,4523.023498524916,4677.855453687709,44.23770147508367,10.853002950166664,0,1,1,0,0,1,False,-1,
38695,2026-03-31 19:15:00,19,1,MARKUP,1,C,4589.79348,4560.216991192898,4663.734702017757,29.576488807102578,9.386017614203649,0,1,0,0,0,1,False,-1,
38707,2026-03-31 20:15:00,20,1,MARKUP,2,C,4601.49454,4562.51081239001,4698.953859024974,38.98372760998973,10.75837521998062,0,1,1,0,0,1,False,-1,
38852,2026-04-01 09:20:00,9,1,MARKUP,2,C,4683.21006,4663.574847866208,4732.2980903344815,19.635212133792265,6.930304267583016,0,1,1,0,0,1,False,-1,
38864,2026-04-01 10:20:00,10,1,MARKUP,3,B,4692.20616,4663.14895663583,4764.849168410425,29.057203364170164,7.7820867283410236,0,1,1,0,1,1,False,-1,
38876,2026-04-01 11:20:00,11,1,MARKUP,2,C,4697.8674,4662.439826097686,4786.4363347557855,35.42757390231418,9.200347804628617,0,1,1,0,0,1,False,-1,
38900,2026-04-01 13:20:00,13,1,MARKUP,1,C,4707.31662,4678.993084244966,4778.125459387584,28.323535755033845,6.673831510068196,0,0,1,0,0,1,False,-1,
38912,2026-04-01 14:20:00,14,1,MARKUP,2,C,4719.67662,4699.074468067103,4771.181999832243,20.60215193289696,6.511063865793261,0,1,1,0,0,1,True,38932,0.7843823510014851
38924,2026-04-01 15:20:00,15,1,MARKUP,1,C,4730.06644,4706.0331592565735,4790.149641858565,24.033280743426076,7.253681486852676,1,0,0,0,0,1,True,38925,1.75
38936,2026-04-01 16:20:00,16,1,MARKUP,1,C,4732.28506,4708.391625676254,4792.018645809365,23.893434323746078,9.716748647491993,0,0,1,0,0,1,True,38938,1.75
38950,2026-04-01 17:30:00,17,1,MARKUP,3,B,4732.7671,4708.644835731175,4793.072760672063,24.122264268825347,10.770328537649881,0,1,1,0,1,1,False,-1,
38962,2026-04-01 18:30:00,18,1,MARKUP,3,B,4740.68104,4711.213577399507,4814.349696501235,29.46746260049349,10.252845200987114,0,1,1,0,1,1,False,-1,
38974,2026-04-01 19:30:00,19,1,MARKUP,2,C,4744.737880000001,4712.367490837955,4825.663852905114,32.370389162045285,7.945018324089242,0,1,1,0,0,1,False,-1,
38986,2026-04-01 20:30:00,20,1,MARKUP,0,C,4745.53244,4713.328680297645,4826.041839255886,32.203759702354546,6.022639404708729,0,0,0,0,0,1,True,38999,0.7040299748745978
39112,2026-04-02 08:00:00,8,-1,MARKDOWN,1,C,4741.83998,4802.818471258052,4589.393751854868,60.9784912580526,8.036942516104936,0,1,0,0,0,1,False,-1,
39124,2026-04-02 09:00:00,9,-1,MARKDOWN,2,C,4693.14152,4771.925672133674,4496.181139665815,78.78415213367407,14.211344267348894,0,1,1,0,0,1,False,-1,
39136,2026-04-02 10:00:00,10,-1,MARKDOWN,1,C,4646.91124,4711.307715116358,4485.920052209107,64.39647511635758,14.055430232716947,0,1,0,0,0,1,True,39145,0.7764974513275105
39149,2026-04-02 11:05:00,11,-1,MARKDOWN,2,C,4643.91394,4705.181248568746,4490.745668578136,61.26730856874565,11.502497137491806,1,0,1,0,0,1,True,39151,0.7661584395510224
39175,2026-04-02 13:15:00,13,-1,MARKDOWN,3,B,4632.215200000001,4685.180537962743,4499.801855093145,52.965337962742524,9.361075925486622,0,1,1,0,1,1,False,-1,
39195,2026-04-02 14:55:00,14,-1,MARKDOWN,3,B,4628.8103,4655.635198038674,4561.748054903314,26.82489803867429,9.070396077348475,0,1,1,0,1,1,True,39200,0.826375564653623
39207,2026-04-02 15:55:00,15,-1,MARKDOWN,3,B,4627.37036,4653.730242183689,4561.470654540776,26.35988218368948,9.92048436737711,0,1,1,0,1,1,True,39217,0.5
39232,2026-04-02 18:00:00,18,1,MARKUP,1,C,4626.14002,4572.980619176069,4759.038522059827,53.15940082393081,15.318761647862248,0,1,0,0,0,1,False,-1,
39244,2026-04-02 19:00:00,19,1,MARKUP,0,C,4626.14002,4574.459551318166,4755.341191704585,51.6804686818341,12.360897363669755,0,0,0,0,0,1,False,-1,
39256,2026-04-02 20:00:00,20,1,MARKUP,0,C,4626.14002,4575.2830443898765,4753.282459025308,50.8569756101233,10.713911220248036,0,0,0,0,0,1,False,-1,
39388,2026-04-06 08:00:00,8,1,MARKUP,2,C,4627.865699999999,4597.673067623663,4703.34728094084,30.192632376336405,5.873864752673874,0,1,1,0,0,1,False,-1,
39400,2026-04-06 09:00:00,9,1,MARKUP,0,C,4642.7815,4617.074446081252,4707.04913479687,25.707053918747988,6.911107837494986,0,0,0,0,0,1,False,-1,
39412,2026-04-06 10:00:00,10,1,MARKUP,0,C,4645.8715,4622.166760502319,4705.1333487442025,23.704739497680748,6.726478995360674,0,0,0,0,0,1,True,39416,1.75
39424,2026-04-06 11:00:00,11,1,MARKUP,2,C,4651.91474,4621.66615242491,4727.536208937725,30.248587575089914,7.727695150178488,0,1,1,0,0,1,False,-1,
39448,2026-04-06 13:00:00,13,1,MARKUP,2,C,4667.5542,4640.652097596973,4734.809456007565,26.90210240302622,5.595804806052637,0,1,1,0,0,1,False,-1,
39460,2026-04-06 14:00:00,14,1,MARKUP,1,C,4668.28344,4641.805751428611,4734.477661428473,26.47768857138908,5.648497142777909,0,0,1,0,0,1,True,39476,0.5267947888991144
39506,2026-04-06 17:50:00,17,1,MARKUP,2,C,4674.2387,4654.750789383871,4722.9584765403215,19.48791061612883,10.058421232257656,0,1,0,1,0,1,True,39508,-1.0
39518,2026-04-06 18:50:00,18,-1,MARKDOWN,1,C,4680.2681,4702.163785492499,4625.528886268752,21.89568549249907,9.067570984999252,0,1,0,0,0,1,False,-1,
39530,2026-04-06 19:50:00,19,-1,MARKDOWN,2,C,4680.2681,4700.964260182721,4628.527699543199,20.696160182720632,6.668520365441802,0,1,1,0,0,1,False,-1,
39542,2026-04-06 20:50:00,20,-1,MARKDOWN,1,C,4677.84622,4700.647488178654,4620.843049553365,22.801268178654027,6.034976357307929,0,1,0,0,0,1,False,-1,
39669,2026-04-07 08:25:00,8,-1,MARKDOWN,2,C,4646.0767,4667.259468288949,4593.119779277626,21.182768288949774,5.5789365778980775,0,1,1,0,0,1,True,39675,-1.0
39693,2026-04-07 10:25:00,10,-1,MARKDOWN,3,B,4648.29406,4667.152278251566,4601.148514371086,18.85821825156563,6.644556503132409,0,1,1,0,1,1,True,39700,-1.0
39705,2026-04-07 11:25:00,11,1,MARKUP,2,C,4649.0405,4618.620202910355,4725.091242724113,30.42029708964492,9.07959417928881,0,1,1,0,0,1,False,-1,
39724,2026-04-07 13:00:00,13,1,MARKUP,2,C,4650.42716,4619.079323514669,4728.796751213327,31.347836485330845,8.161352970660893,0,1,1,0,0,1,True,39733,-1.0
39767,2026-04-07 16:35:00,16,-1,MARKDOWN,2,C,4669.27452,4698.906249926348,4595.195195184129,29.63172992634827,8.732499852695696,0,1,1,0,0,1,False,-1,
39780,2026-04-07 17:40:00,17,-1,MARKDOWN,3,B,4652.72614,4686.752442159409,4567.660384601477,34.02630215940917,12.104884318817732,1,0,1,0,1,1,True,39781,-1.0
39810,2026-04-07 20:10:00,20,1,MARKUP,2,C,4632.57504,4603.5605957057205,4705.111150735698,29.0144442942792,7.818808588560007,0,1,1,0,0,1,False,-1,
39949,2026-04-08 08:45:00,8,1,MARKUP,2,C,4804.97554,4785.327884289446,4854.094679276386,19.647655710554318,6.0842314211076856,0,1,1,0,0,1,False,-1,
39961,2026-04-08 09:45:00,9,1,MARKUP,1,C,4810.78958,4786.777152363021,4870.820649092447,24.012427636978828,7.005695273957048,0,1,0,0,0,1,True,39964,-1.0
39973,2026-04-08 10:45:00,10,1,MARKUP,3,B,4810.78958,4786.764574517376,4870.852093706559,24.025005482623783,7.030850965247949,1,0,1,0,1,1,True,39976,-1.0
40012,2026-04-08 14:00:00,14,-1,MARKDOWN,2,C,4813.13662,4843.303209963414,4737.720145091466,30.16658996341357,7.166419926827363,0,1,1,0,0,1,False,-1,
40027,2026-04-08 15:15:00,15,-1,MARKDOWN,2,C,4801.71598,4825.124606501477,4743.194413746309,23.408626501476647,7.769213002953823,0,0,1,0,1,1,True,40034,0.7902428565609181
40042,2026-04-08 16:30:00,16,-1,MARKDOWN,3,B,4792.36864,4811.960199059979,4743.389742350053,19.591559059978863,9.020398119957195,0,1,1,1,0,1,False,-1,
40054,2026-04-08 17:30:00,17,-1,MARKDOWN,2,C,4785.5896999999995,4812.943552263906,4717.205069340233,27.353852263906447,11.427104527812697,0,1,1,0,0,1,False,-1,
40066,2026-04-08 18:30:00,18,-1,MARKDOWN,1,C,4778.568539999999,4812.772956328441,4693.057499178894,34.204416328441766,11.085912656883176,0,1,0,0,0,1,False,-1,
40078,2026-04-08 19:30:00,19,-1,MARKDOWN,0,C,4778.568539999999,4811.3760933719805,4696.549656570047,32.80755337198116,8.2921867439622,0,0,0,0,0,1,False,-1,
40090,2026-04-08 20:30:00,20,-1,MARKDOWN,2,C,4778.25336,4810.4030413753,4697.879156561749,32.14968137530013,7.366082750599767,0,1,1,0,0,1,False,-1,
40226,2026-04-09 08:50:00,8,-1,MARKDOWN,3,B,4709.866,4719.218862514775,4686.483843713064,9.352862514774642,5.717725029550027,1,1,1,0,0,1,True,40227,-1.0
40238,2026-04-09 09:50:00,9,-1,MARKDOWN,3,B,4721.7401,4736.154202177852,4685.704844555369,14.414102177852328,6.328404355705808,0,1,1,0,1,1,True,40241,0.5787562819717047
40276,2026-04-09 13:00:00,13,1,MARKUP,2,C,4715.00764,4700.983464847318,4750.068077881704,14.024175152681892,5.11307030536333,0,1,1,0,0,1,False,-1,
40288,2026-04-09 14:00:00,14,1,MARKUP,1,C,4720.0615,4700.990425291149,4767.739186772126,19.071074708850574,5.099149417701085,0,1,0,0,0,1,False,-1,
40300,2026-04-09 15:00:00,15,1,MARKUP,1,C,4726.44868,4703.472592326168,4783.888899184582,22.976087673832808,4.894815347665501,0,1,0,0,0,1,False,-1,
40312,2026-04-09 16:00:00,16,1,MARKUP,2,C,4735.113039999999,4717.035530679991,4780.30681330002,18.077509320008176,5.808938640017182,0,0,1,0,1,1,False,-1,
40324,2026-04-09 17:00:00,17,1,MARKUP,2,C,4743.71294,4719.231967398326,4804.915371504187,24.480972601674694,7.576065203348929,0,1,1,0,0,1,False,-1,
40336,2026-04-09 18:00:00,18,1,MARKUP,1,C,4744.2197,4719.645470270013,4805.655274324967,24.574229729986655,8.38905945997468,0,1,0,0,0,1,False,-1,
40348,2026-04-09 19:00:00,19,1,MARKUP,2,C,4760.312000000001,4730.761360938162,4834.188597654596,29.55063906183841,8.677278123676471,0,1,1,0,0,1,False,-1,
40360,2026-04-09 20:00:00,20,1,MARKUP,2,C,4760.312000000001,4731.7295348244415,4831.768162938899,28.582465175559264,6.74093035111847,0,1,1,0,0,1,False,-1,
40506,2026-04-10 09:10:00,9,-1,MARKDOWN,3,B,4762.28672,4779.263598528349,4719.8445236791285,16.976878528348607,4.127197056697045,0,1,1,0,1,1,False,-1,
40518,2026-04-10 10:10:00,10,-1,MARKDOWN,4,A,4748.023279999999,4756.67240718599,4726.400462035023,8.649127185990437,5.104814371979978,1,1,1,1,0,1,True,40519,-1.0
40530,2026-04-10 11:10:00,11,-1,MARKDOWN,1,C,4759.544260000001,4773.086362714574,4725.689003213568,13.542102714573048,4.492725429146458,0,1,0,0,0,1,True,40543,0.7159961893642149
40552,2026-04-10 13:00:00,13,-1,MARKDOWN,1,C,4754.5273799999995,4771.772267889612,4711.415160275969,17.244887889612073,5.1445357792240625,0,0,1,0,0,1,True,40556,-1.0
40576,2026-04-10 15:00:00,15,1,MARKUP,2,C,4745.76058,4728.521051898491,4788.859400253772,17.239528101508768,4.537896203017594,0,1,1,0,0,1,False,-1,
40588,2026-04-10 16:00:00,16,1,MARKUP,2,C,4750.46682,4727.457287601746,4807.990650995633,23.009532398253214,6.665424796506354,0,1,1,0,0,1,False,-1,
40600,2026-04-10 17:00:00,17,1,MARKUP,1,C,4757.1783,4737.903568549745,4805.365128625637,19.274731450254876,7.492862900509375,0,1,0,0,0,1,True,40619,-1.0
40612,2026-04-10 18:00:00,18,1,MARKUP,0,C,4762.59556,4738.425764290514,4823.020049273714,24.169795709485697,8.168471418972942,0,0,0,0,0,1,True,40619,-1.0
40782,2026-04-13 09:10:00,9,1,MARKUP,1,C,4717.11984,4706.199843865762,4744.419830335596,10.919996134238318,4.940312268475359,0,1,0,0,0,1,False,-1,
40794,2026-04-13 10:10:00,10,1,MARKUP,1,C,4720.15674,4705.836677965714,4755.956895085716,14.320062034285911,5.666644068571527,0,1,0,0,0,1,True,40817,-1.0
40806,2026-04-13 11:10:00,11,1,MARKUP,1,C,4720.66862,4706.009863678248,4757.315510804382,14.658756321752662,5.320272643504135,0,1,0,0,0,1,True,40813,-1.0
40833,2026-04-13 13:25:00,13,-1,MARKDOWN,2,C,4727.95914,4742.507000101211,4691.5894897469725,14.547860101210972,4.854000202421959,0,1,1,0,0,1,True,40841,0.9563688287756669
40845,2026-04-13 14:25:00,14,-1,MARKDOWN,0,C,4727.95914,4742.260260913989,4692.206337715026,14.301120913989507,4.36052182797919,0,0,0,0,0,1,True,40864,-1.0
40857,2026-04-13 15:25:00,15,-1,MARKDOWN,2,C,4726.19048,4743.004313738187,4684.155895654532,16.813833738186986,5.848627476374354,0,1,1,0,0,1,True,40864,-1.0
40869,2026-04-13 16:25:00,16,1,MARKUP,2,C,4716.62396,4700.763463133489,4756.275202166278,15.860496866511312,5.913073733023817,0,1,0,1,0,1,True,40880,-1.0
40884,2026-04-13 17:40:00,17,1,MARKUP,3,B,4719.32852,4699.7365555038505,4768.3084312403735,19.591964496149558,7.966888992299033,1,0,1,0,1,1,True,40885,0.7582655074495046
40896,2026-04-13 18:40:00,18,-1,MARKDOWN,1,C,4727.6192,4748.306039177303,4675.902102056742,20.686839177303227,7.452078354605973,0,1,0,0,0,1,True,40903,-1.0
40908,2026-04-13 19:40:00,19,1,MARKUP,2,C,4719.32852,4700.052792435021,4767.5178389124485,19.275727564979206,7.334415129959109,0,1,1,0,0,1,False,-1,
40920,2026-04-13 20:40:00,20,1,MARKUP,1,C,4719.26854,4696.653298172416,4775.80664456896,22.615241827584214,7.053403655168888,0,1,0,0,0,1,False,-1,
41044,2026-04-14 08:00:00,8,1,MARKUP,1,C,4762.77452,4752.190913262006,4789.233536844986,10.58360673799416,2.9381734759876146,0,1,0,0,0,1,True,41049,1.75
41065,2026-04-14 09:45:00,9,1,MARKUP,2,C,4767.7273,4759.935268392308,4787.207379019228,7.79203160769157,4.00946321538395,0,1,1,0,0,1,True,41073,1.75
41077,2026-04-14 10:45:00,10,1,MARKUP,2,C,4772.6069,4755.221330585393,4816.070823536516,17.385569414606834,5.777338829214182,0,1,0,0,1,1,True,41098,-1.0
41089,2026-04-14 11:45:00,11,1,MARKUP,1,C,4772.6069,4755.538701871254,4815.277395321866,17.06819812874619,5.142596257492314,0,1,0,0,0,1,True,41098,-1.0
41104,2026-04-14 13:00:00,13,1,MARKUP,1,C,4772.6069,4755.6500912481715,4814.998921879571,16.956808751828248,4.919817503655552,0,0,1,0,0,1,True,41111,-1.0
41142,2026-04-14 16:10:00,16,1,MARKUP,3,B,4781.2117,4772.573036513803,4802.808358715491,8.638663486196492,6.313926972393214,1,1,1,0,0,1,True,41143,0.5551629266745387
41154,2026-04-14 17:10:00,17,1,MARKUP,1,C,4771.056339999999,4747.092403596433,4830.966181008916,23.96393640356655,7.535192807133856,0,1,0,0,0,1,False,-1,
41166,2026-04-14 18:10:00,18,1,MARKUP,0,C,4776.54568,4747.023541298269,4850.351026754328,29.52213870173091,7.672917403461121,0,0,0,0,0,1,False,-1,
41178,2026-04-14 19:10:00,19,1,MARKUP,1,C,4783.67122,4759.114092346063,4845.0640391348425,24.557127653936732,6.551815307873378,0,1,0,0,0,1,False,-1,
41190,2026-04-14 20:10:00,20,1,MARKUP,2,C,4789.5693,4758.99393920058,4866.007701998551,30.575360799420196,6.792121598840337,0,1,1,0,0,1,False,-1,
41320,2026-04-15 08:00:00,8,-1,MARKDOWN,1,C,4850.67212,4873.402059175999,4793.847272060003,22.72993917599888,3.944118351998389,0,0,1,0,0,1,False,-1,
41332,2026-04-15 09:00:00,9,-1,MARKDOWN,1,C,4848.9875,4874.026168312269,4786.390829219328,25.038668312268783,5.19233662453808,0,1,0,0,0,1,False,-1,
41344,2026-04-15 10:00:00,10,-1,MARKDOWN,2,C,4834.53752,4856.148316832902,4780.510527917744,21.61079683290245,5.296633665803998,0,1,1,0,0,1,False,-1,
41356,2026-04-15 11:00:00,11,-1,MARKDOWN,1,C,4820.38532,4833.192782683538,4788.366663291155,12.807462683537779,5.185565367074735,0,1,0,0,0,1,True,41367,1.75
41380,2026-04-15 13:00:00,13,-1,MARKDOWN,2,C,4813.5437,4833.664939990171,4763.240600024574,20.12123999017058,6.129879980341273,0,1,1,0,0,1,True,41402,0.697892575239215
41392,2026-04-15 14:00:00,14,-1,MARKDOWN,2,C,4808.36486,4824.94042955933,4766.925936101673,16.575569559330688,5.440859118660122,0,1,1,0,0,1,True,41398,-1.0
41428,2026-04-15 17:00:00,17,1,MARKUP,1,C,4802.86496,4783.029745547999,4852.452996130003,19.83521445200131,5.840508904002487,0,1,0,0,0,1,True,41441,1.1981280708363145
41440,2026-04-15 18:00:00,18,1,MARKUP,1,C,4805.81292,4787.724285639188,4851.034505902032,18.088634360812648,5.571428721624751,1,0,0,0,0,1,True,41441,-1.0
41452,2026-04-15 19:00:00,19,-1,MARKDOWN,1,C,4813.8957,4833.830883881806,4764.057740295486,19.935183881805642,6.521767763611951,0,1,0,0,0,1,False,-1,
41464,2026-04-15 20:00:00,20,-1,MARKDOWN,2,C,4813.8957,4833.354793705156,4765.24796573711,19.459093705156192,5.569587410313649,0,1,1,0,0,1,False,-1,
41596,2026-04-16 08:00:00,8,1,MARKUP,2,C,4827.07838,4819.07267465859,4847.092643353526,8.005705341410248,2.9546506828201724,0,1,1,0,0,1,True,41602,-1.0
41617,2026-04-16 09:45:00,9,1,MARKUP,3,B,4822.35616,4810.091803814146,4853.017050464636,12.264356185854012,4.756392371707639,0,1,1,1,0,1,True,41623,-1.0
41642,2026-04-16 11:50:00,11,-1,MARKDOWN,2,C,4826.27116,4840.672049120398,4790.268937199006,14.40088912039755,4.64409824079439,0,1,1,0,0,1,False,-1,
41656,2026-04-16 13:00:00,13,-1,MARKDOWN,1,C,4826.27116,4840.441946279961,4790.8441943001,14.170786279960339,4.183892559921148,0,1,0,0,0,1,False,-1,
41702,2026-04-16 16:50:00,16,-1,MARKDOWN,2,C,4811.0558200000005,4827.617093927797,4769.652635180509,16.56127392779672,7.154187855594451,0,1,1,0,0,1,True,41717,1.095098015799632
41714,2026-04-16 17:50:00,17,-1,MARKDOWN,2,C,4804.1339800000005,4828.217596369655,4743.924939075863,24.08361636965492,8.355192739310645,0,1,0,0,1,1,True,41717,0.5623731831680243
41732,2026-04-16 19:20:00,19,-1,MARKDOWN,3,B,4804.1339800000005,4827.295504338888,4746.230169152781,23.16152433888783,6.5110086777773555,1,0,1,0,1,1,False,-1,
41744,2026-04-16 20:20:00,20,-1,MARKDOWN,1,C,4804.1339800000005,4826.9614633834835,4747.0652715412925,22.827483383483013,5.842926766967077,0,1,0,0,0,1,False,-1,
41872,2026-04-17 08:00:00,8,1,MARKUP,2,C,4782.11578,4766.066337148458,4822.239387128855,16.049442851542153,3.227325703084164,0,1,1,0,0,1,True,41890,0.8132094552929523
41884,2026-04-17 09:00:00,9,1,MARKUP,0,C,4782.4443,4765.755297429093,4824.166806427268,16.689002570907178,3.8494051418140156,0,0,0,0,0,1,True,41890,0.7913641622755501
41903,2026-04-17 10:35:00,10,-1,MARKDOWN,3,B,4795.96634,4808.537183895085,4764.539230262288,12.57084389508509,4.414367790170049,0,1,1,1,0,1,True,41916,0.7080569290465701
41915,2026-04-17 11:35:00,11,-1,MARKDOWN,0,C,4795.79062,4808.558524062718,4763.870859843204,12.767904062718117,4.457048125436527,0,0,0,0,0,1,True,41916,0.6979644555534862
41939,2026-04-17 13:35:00,13,-1,MARKDOWN,3,B,4792.6635400000005,4803.169900693913,4766.397638265218,10.506360693912939,3.7998013878261454,0,1,1,0,1,1,True,41949,-1.0
41955,2026-04-17 14:55:00,14,1,MARKUP,2,C,4791.34218,4776.411368260725,4828.669209348187,14.930811739274759,4.657263478549517,0,1,0,0,1,1,False,-1,
41967,2026-04-17 15:55:00,15,1,MARKUP,2,C,4806.4484999999995,4777.596893933047,4878.577515167381,28.851606066952627,6.706212133905889,0,1,1,0,0,1,False,-1,
41979,2026-04-17 16:55:00,16,1,MARKUP,2,C,4823.08332,4776.49041743927,4939.565576401825,46.59290256073018,11.239165121460612,0,1,1,0,0,1,False,-1,
41991,2026-04-17 17:55:00,17,1,MARKUP,1,C,4823.08332,4777.179219022472,4937.843572443819,45.90410097752738,9.86156195505378,0,1,0,0,0,1,False,-1,
42003,2026-04-17 18:55:00,18,1,MARKUP,1,C,4824.05358,4779.149273865373,4936.3143453365665,44.904306134626495,9.061452269254037,0,0,1,0,0,1,False,-1,
42015,2026-04-17 19:55:00,19,1,MARKUP,1,C,4832.7179399999995,4794.720272342337,4927.712109144156,37.99766765766253,5.959455315325642,0,0,1,0,0,1,False,-1,
42220,2026-04-20 14:00:00,14,-1,MARKDOWN,2,C,4797.29376,4807.709401120622,4771.254657198444,10.41564112062224,3.778802241244228,0,1,1,0,0,1,True,42229,-1.0
42233,2026-04-20 15:05:00,15,1,MARKUP,1,C,4794.56272,4781.115745056744,4828.180157358139,13.446974943255555,4.768509886510649,0,1,0,0,0,1,False,-1,
42245,2026-04-20 16:05:00,16,1,MARKUP,2,C,4798.3216,4780.541589482794,4842.771626293016,17.780010517206392,5.916821034412777,0,1,1,0,0,1,True,42266,0.971814289013996
42257,2026-04-20 17:05:00,17,1,MARKUP,1,C,4799.8687,4780.227506710223,4848.971683224443,19.64119328977722,6.544986579554439,0,1,0,0,0,1,True,42266,0.887721504925101
42273,2026-04-20 18:25:00,18,1,MARKUP,2,C,4802.280540000001,4782.743065302157,4851.124226744609,19.53747469784321,7.773869395684701,0,0,1,1,0,1,True,42275,1.1118908133217538
42424,2026-04-21 08:00:00,8,-1,MARKDOWN,1,C,4813.6473,4832.446345989428,4766.649685026429,18.799045989428123,3.3326919788565106,0,1,0,0,0,1,False,-1,
42436,2026-04-21 09:00:00,9,-1,MARKDOWN,2,C,4803.29494,4822.651164391188,4754.904379022029,19.356224391188334,4.462328782375885,0,1,1,0,0,1,False,-1,
42448,2026-04-21 10:00:00,10,-1,MARKDOWN,1,C,4795.93872,4813.035149432733,4753.197646418167,17.096429432733203,5.1302988654659085,0,1,0,0,0,1,False,-1,
42460,2026-04-21 11:00:00,11,-1,MARKDOWN,1,C,4794.09708,4809.851893971923,4754.71004507019,15.754813971923795,4.723787943847567,0,0,1,0,0,1,False,-1,
42484,2026-04-21 13:00:00,13,-1,MARKDOWN,3,B,4787.63898,4799.190985526621,4758.758966183446,11.552005526621542,4.301971053241735,0,1,1,0,1,1,True,42491,0.5515438840361147
42497,2026-04-21 14:05:00,14,-1,MARKDOWN,3,B,4783.7393999999995,4792.782703177833,4761.131142055415,9.043303177833877,4.105406355668428,0,1,1,0,1,1,True,42500,-1.0
42512,2026-04-21 15:20:00,15,-1,MARKDOWN,3,B,4785.82894,4794.9577113464475,4763.007011633883,9.128771346447138,4.635422692893428,0,1,1,1,0,1,True,42514,0.5
42524,2026-04-21 16:20:00,16,-1,MARKDOWN,2,C,4783.74814,4801.320579531061,4739.817041172346,17.57243953106172,6.701159062122023,0,1,0,0,1,1,True,42527,1.75
42536,2026-04-21 17:20:00,17,-1,MARKDOWN,3,B,4783.74814,4801.446699507793,4739.501741230517,17.698559507793107,6.9533990155856324,0,1,1,1,0,1,False,-1,
42548,2026-04-21 18:20:00,18,-1,MARKDOWN,2,C,4769.5301,4802.951005009665,4685.977837475837,33.42090500966515,9.962010019329686,0,1,0,0,1,1,False,-1,
42560,2026-04-21 19:20:00,19,-1,MARKDOWN,1,C,4769.5301,4801.875267783149,4688.667180542127,32.34516778314901,7.810535566297385,0,1,0,0,0,1,False,-1,
42572,2026-04-21 20:20:00,20,-1,MARKDOWN,1,C,4758.3683,4798.178286058265,4658.843334854337,39.80998605826517,7.536572116530602,0,1,0,0,0,1,False,-1,
42700,2026-04-22 08:00:00,8,1,MARKUP,0,C,4747.118,4734.523409472457,4778.604476318858,12.594590527543005,3.033181055085736,0,0,0,0,0,1,False,-1,
42712,2026-04-22 09:00:00,9,1,MARKUP,0,C,4749.784360000001,4733.90008117901,4789.495057052476,15.884278820990403,4.279837641980452,0,0,0,0,0,1,False,-1,
42724,2026-04-22 10:00:00,10,1,MARKUP,2,C,4759.07908,4749.370501561334,4783.350526096667,9.708578438666336,3.418996877331592,0,1,1,0,0,1,True,42736,-1.0
42792,2026-04-22 15:40:00,15,-1,MARKDOWN,3,B,4757.26458,4766.771451000681,4733.4974024982985,9.506871000680803,4.642902001362206,0,1,1,0,1,1,True,42805,1.75
42808,2026-04-22 17:00:00,17,-1,MARKDOWN,2,C,4752.55036,4765.750302872921,4719.550502817699,13.199942872920474,6.520605745840989,0,1,1,0,0,1,False,-1,
42820,2026-04-22 18:00:00,18,-1,MARKDOWN,2,C,4749.08496,4764.062173934341,4711.641925164147,14.977213934341307,6.484347868683084,0,1,1,0,0,1,False,-1,
42832,2026-04-22 19:00:00,19,-1,MARKDOWN,1,C,4747.15204,4763.526146344083,4706.2167741397925,16.374106344082975,5.4122926881667945,0,1,0,0,0,1,False,-1,
42844,2026-04-22 20:00:00,20,-1,MARKDOWN,0,C,4746.7662199999995,4763.230843742899,4705.60466064275,16.464623742899676,4.821687485799482,0,0,0,0,0,1,True,42865,1.030299426985168
42976,2026-04-23 08:00:00,8,-1,MARKDOWN,0,C,4712.67786,4726.185654680594,4678.908373298515,13.507794680594088,4.271309361186965,0,0,0,0,0,1,True,42986,1.1643730499148184
43036,2026-04-23 13:00:00,13,-1,MARKDOWN,2,C,4703.4803999999995,4712.684278049676,4680.470704875807,9.20387804967686,4.808556099352423,0,1,0,1,0,1,True,43055,-1.0
43048,2026-04-23 14:00:00,14,-1,MARKDOWN,0,C,4709.3899,4727.515760882649,4664.075247793377,18.12586088264925,5.271521765298722,0,0,0,0,0,1,True,43057,-1.0
43067,2026-04-23 15:35:00,15,1,MARKUP,1,C,4706.2568,4681.193376363585,4768.915359091037,25.063423636414882,6.273247272829964,0,1,0,0,0,1,False,-1,
43079,2026-04-23 16:35:00,16,1,MARKUP,2,C,4706.84508,4681.149313682309,4771.084495794227,25.695766317690868,6.361372635381694,0,1,1,0,0,1,False,-1,
43091,2026-04-23 17:35:00,17,1,MARKUP,0,C,4706.84508,4680.919431271738,4771.659201820655,25.925648728261876,6.821137456523772,0,0,0,0,0,1,False,-1,
43103,2026-04-23 18:35:00,18,1,MARKUP,1,C,4710.015420000001,4686.530099102305,4768.728722244239,23.4853208976956,5.859801795390522,0,1,0,0,0,1,True,43121,-1.0
43116,2026-04-23 19:40:00,19,1,MARKUP,2,C,4719.544980000001,4702.1683269928835,4762.986612517793,17.376653007117056,5.423346014233397,0,1,1,0,0,1,True,43121,-1.0
43129,2026-04-23 20:45:00,20,-1,MARKDOWN,3,B,4713.06144,4748.500674841504,4624.46335289624,35.439234841504,10.46134968300818,0,1,1,0,1,1,True,43132,1.0681759239457012
43252,2026-04-24 08:00:00,8,-1,MARKDOWN,1,C,4690.74356,4713.360154424254,4634.202073939365,22.61659442425389,4.420308848507624,0,0,1,0,0,1,False,-1,
43267,2026-04-24 09:15:00,9,-1,MARKDOWN,1,C,4687.3074799999995,4707.721662129126,4636.272024677182,20.414182129126857,4.2633242582515525,0,0,1,0,0,1,True,43285,-1.0
43318,2026-04-24 13:30:00,13,-1,MARKDOWN,2,C,4679.766320000001,4690.030328373527,4654.106299066186,10.26400837352594,4.300656747053678,0,1,1,0,0,1,True,43320,-1.0
43330,2026-04-24 14:30:00,14,1,MARKUP,1,C,4686.01122,4663.152513347247,4743.157986631884,22.858706652753426,6.974973305507294,0,1,0,0,0,1,False,-1,
43342,2026-04-24 15:30:00,15,1,MARKUP,1,C,4690.9923,4671.671805781129,4739.293535547178,19.320494218871318,6.056388437742183,0,1,0,0,0,1,True,43345,1.75
43355,2026-04-24 16:35:00,16,1,MARKUP,3,B,4690.9923,4671.222978104793,4740.415604738018,19.769321895207213,6.9540437904134595,0,1,1,0,1,1,False,-1,
43367,2026-04-24 17:35:00,17,1,MARKUP,2,C,4699.79358,4670.644641058855,4772.66592735286,29.14893894114448,8.110717882290281,0,1,1,0,0,1,False,-1,
43379,2026-04-24 18:35:00,18,1,MARKUP,1,C,4701.017220000001,4673.622134657733,4769.504933355669,27.39508534226752,6.115730684533914,0,1,0,0,0,1,False,-1,
43391,2026-04-24 19:35:00,19,1,MARKUP,1,C,4709.13774,4687.149311675624,4764.108810810942,21.9884283243764,5.3413766487520995,0,0,1,0,0,1,False,-1,
43403,2026-04-24 20:35:00,20,1,MARKUP,0,C,4709.13774,4687.491511576486,4763.253311058785,21.646228423514003,4.656976847026416,0,0,0,0,0,1,False,-1,
43528,2026-04-27 08:00:00,8,1,MARKUP,0,C,4694.34488,4670.55695176693,4753.814700582674,23.78792823306958,3.3860964661401036,0,0,0,0,0,1,False,-1,
43588,2026-04-27 13:00:00,13,-1,MARKDOWN,1,C,4713.40298,4723.810245262229,4687.384816844427,10.407265262228975,3.5404905244582774,0,1,0,0,0,1,False,-1,
43600,2026-04-27 14:00:00,14,-1,MARKDOWN,1,C,4711.1102,4719.988349871433,4688.914825321419,8.87814987143247,3.3166997428648655,0,0,1,0,0,1,True,43615,0.9649779135021522
43612,2026-04-27 15:00:00,15,-1,MARKDOWN,1,C,4711.1102,4720.086416741684,4688.669658145791,8.976216741683857,3.5128334833681594,0,1,0,0,0,1,True,43615,0.9598979416136144
43624,2026-04-27 16:00:00,16,-1,MARKDOWN,3,B,4706.57374,4717.014717766534,4680.471295583664,10.44097776653416,4.509435533067206,0,1,1,0,1,1,False,-1,
43636,2026-04-27 17:00:00,17,-1,MARKDOWN,2,C,4703.69592,4715.149264270253,4675.062559324368,11.453344270253183,4.998528540507028,0,1,1,0,0,1,False,-1,
43648,2026-04-27 18:00:00,18,-1,MARKDOWN,3,B,4695.40652,4715.828987617044,4644.350350957389,20.422467617044276,6.357975234089265,0,1,1,0,1,1,False,-1,
43660,2026-04-27 19:00:00,19,-1,MARKDOWN,2,C,4695.3072,4715.429781387042,4645.000746532396,20.122581387041464,5.559562774084416,0,1,1,0,0,1,False,-1,
43672,2026-04-27 20:00:00,20,-1,MARKDOWN,2,C,4695.3072,4714.675500442923,4646.886448892692,19.3683004429231,4.05100088584766,0,1,1,0,0,1,False,-1,
43804,2026-04-28 08:00:00,8,-1,MARKDOWN,2,C,4686.2719,4702.725869393413,4645.136976516467,16.45396939341299,2.691738786824705,0,1,1,0,0,1,False,-1,
43816,2026-04-28 09:00:00,9,-1,MARKDOWN,1,C,4665.66118,4694.198086169649,4594.318914575877,28.536906169649228,5.496172339299301,0,1,0,0,0,1,False,-1,
43828,2026-04-28 10:00:00,10,-1,MARKDOWN,1,C,4658.20082,4683.20141756311,4595.6993260922245,25.000597563110205,6.842835126220773,0,1,0,0,0,1,False,-1,
43840,2026-04-28 11:00:00,11,-1,MARKDOWN,2,C,4653.459180000001,4679.406273612981,4588.5914459675505,25.947093612980098,7.192547225959997,0,1,1,0,0,1,False,-1,
43864,2026-04-28 13:00:00,13,-1,MARKDOWN,2,C,4640.93144,4666.571154573926,4576.832153565187,25.63971457392563,6.142309147852019,0,1,1,0,0,1,False,-1,
43876,2026-04-28 14:00:00,14,-1,MARKDOWN,2,C,4627.239799999999,4645.6484020071375,4581.2182949821545,18.408602007138143,5.416804014275782,0,1,1,0,0,1,False,-1,
43888,2026-04-28 15:00:00,15,-1,MARKDOWN,1,C,4607.189539999999,4643.565079942821,4516.250690142944,36.37553994282189,8.1701598856439,0,1,0,0,0,1,False,-1,
43900,2026-04-28 16:00:00,16,-1,MARKDOWN,1,C,4604.71136,4640.051820026729,4516.360209933178,35.34046002672858,9.163640053456376,0,0,1,0,0,1,False,-1,
43912,2026-04-28 17:00:00,17,-1,MARKDOWN,2,C,4600.08872,4633.13384012808,4517.475919679799,33.04512012808027,10.287680256160558,0,1,1,0,0,1,False,-1,
43924,2026-04-28 18:00:00,18,-1,MARKDOWN,1,C,4593.0126199999995,4621.338349333286,4522.198296666784,28.32572933328629,9.596698666570774,0,1,0,0,0,1,True,43946,0.3887850466416165
44083,2026-04-29 08:15:00,8,1,MARKUP,1,C,4588.09704,4574.350885703487,4622.462425741282,13.746154296512941,3.258228593025119,0,1,0,0,0,1,True,44094,-1.0
44098,2026-04-29 09:30:00,9,-1,MARKDOWN,3,B,4587.43014,4593.932351416762,4571.1746114580965,6.502211416761384,4.424702833522456,0,1,1,0,1,1,True,44100,1.75
44110,2026-04-29 10:30:00,10,-1,MARKDOWN,1,C,4593.180179999999,4610.142150025709,4550.775254935725,16.96197002570989,4.884300051419088,0,1,0,0,0,1,False,-1,
44122,2026-04-29 11:30:00,11,-1,MARKDOWN,2,C,4590.30754,4610.237271095655,4540.483212260861,19.92973109565537,5.07454219131101,0,1,1,0,0,1,False,-1,
44140,2026-04-29 13:00:00,13,-1,MARKDOWN,1,C,4585.20752,4608.948466024465,4525.855154938837,23.740946024465302,5.736932048931107,0,1,0,0,0,1,False,-1,
44152,2026-04-29 14:00:00,14,-1,MARKDOWN,0,C,4580.510719999999,4601.015745009206,4529.248157476984,20.505025009206292,5.071490018412283,0,0,0,0,0,1,False,-1,
44164,2026-04-29 15:00:00,15,-1,MARKDOWN,1,C,4574.40488,4590.911669733679,4533.137905665802,16.506789733679398,4.62333946735889,0,1,0,0,0,1,False,-1,
44176,2026-04-29 16:00:00,16,-1,MARKDOWN,2,C,4566.041660000001,4583.831653985,4521.566675037502,17.789993984999455,5.88330796999972,0,1,0,0,1,1,False,-1,
44188,2026-04-29 17:00:00,17,-1,MARKDOWN,1,C,4553.924620000001,4584.5212517868895,4477.433040532778,30.596631786888793,7.262503573778277,0,1,0,0,0,1,True,44208,0.8484258760995282
44200,2026-04-29 18:00:00,18,-1,MARKDOWN,0,C,4551.28576,4580.046441915653,4479.384055210866,28.76068191565355,6.85288383130746,0,0,0,0,0,1,True,44207,0.8247916118065612
44356,2026-04-30 08:00:00,8,-1,MARKDOWN,1,C,4566.62644,4584.7019877644,4521.437570589001,18.075547764399744,4.383975528799265,0,1,0,0,0,1,True,44363,-1.0
44374,2026-04-30 09:30:00,9,1,MARKUP,2,C,4575.39064,4568.509038944913,4592.594642637716,6.881601055086321,4.961922110172719,0,1,1,0,0,1,True,44375,1.75
44386,2026-04-30 10:30:00,10,1,MARKUP,1,C,4561.783380000001,4538.377711178219,4620.297552054455,23.405668821781546,5.104577643562865,0,1,0,0,0,1,False,-1,
44398,2026-04-30 11:30:00,11,1,MARKUP,2,C,4574.90508,4537.374578590221,4668.731333524449,37.53050140977939,7.110842819558766,0,1,1,0,0,1,False,-1,
44416,2026-04-30 13:00:00,13,1,MARKUP,1,C,4578.98246,4543.4285874355,4667.8671414112505,35.553872564500125,5.762825129000052,0,1,0,0,0,1,False,-1,
44428,2026-04-30 14:00:00,14,1,MARKUP,2,C,4594.56102,4559.386167849914,4682.498150375215,35.174852150085826,5.707664300171152,0,1,1,0,0,1,False,-1,
44440,2026-04-30 15:00:00,15,1,MARKUP,2,C,4608.61434,4581.909407112205,4675.376672219487,26.704932887794712,6.141185775588819,0,1,1,0,0,1,False,-1,
44452,2026-04-30 16:00:00,16,1,MARKUP,2,C,4625.41776,4608.751566087066,4667.083244782336,16.666193912934432,6.836867825867771,0,1,1,0,0,1,True,44459,-1.0
44632,2026-05-01 08:00:00,8,-1,MARKDOWN,2,C,4625.19974,4637.733665417811,4593.864926455473,12.533925417810678,3.3473308356197813,0,1,1,0,0,1,False,-1,
44644,2026-05-01 09:00:00,9,-1,MARKDOWN,2,C,4623.44254,4637.891423413829,4587.320331465427,14.448883413829208,3.662846827657816,0,1,1,0,0,1,False,-1,
44656,2026-05-01 10:00:00,10,-1,MARKDOWN,1,C,4618.79742,4638.025348493836,4570.72759876541,19.22792849383586,3.930696987669779,0,1,0,0,0,1,False,-1,
44668,2026-05-01 11:00:00,11,-1,MARKDOWN,1,C,4610.6516,4634.5374947789005,4550.93686305275,23.885894778900365,4.834989557801382,0,1,0,0,0,1,False,-1,
44692,2026-05-01 13:00:00,13,-1,MARKDOWN,1,C,4594.8862,4618.343957699992,4536.24180575002,23.457757699991816,4.207915399984801,0,1,0,0,0,1,False,-1,
44704,2026-05-01 14:00:00,14,-1,MARKDOWN,1,C,4589.280940000001,4609.029885868252,4539.908575329373,19.748945868251212,3.719771736503949,0,1,0,0,0,1,True,44718,-1.0
44740,2026-05-01 17:00:00,17,1,MARKUP,2,C,4591.5303,4556.066176728253,4680.1906081793695,35.46412327174767,8.547646543495235,0,1,1,0,0,1,False,-1,
44752,2026-05-01 18:00:00,18,1,MARKUP,1,C,4599.83376,4558.23431260158,4703.83237849605,41.599447398420125,8.57137479683972,0,1,0,0,0,1,False,-1,
44764,2026-05-01 19:00:00,19,1,MARKUP,1,C,4599.83376,4558.904026850271,4702.158092874323,40.929733149729145,7.23194629945896,0,1,0,0,0,1,False,-1,
44776,2026-05-01 20:00:00,20,1,MARKUP,1,C,4607.5464,4571.909675011273,4696.638212471818,35.63672498872711,6.180649977453772,0,1,0,0,0,1,False,-1,
44913,2026-05-04 08:25:00,8,-1,MARKDOWN,2,C,4608.10466,4621.160210788694,4575.465783028265,13.055550788693836,5.2004215773872735,0,1,1,0,0,1,False,-1,
44925,2026-05-04 09:25:00,9,-1,MARKDOWN,2,C,4606.84406,4621.447733899299,4570.334875251753,14.603673899298883,5.7754677985973775,0,1,1,0,0,1,False,-1,
44937,2026-05-04 10:25:00,10,-1,MARKDOWN,2,C,4604.23368,4619.834738576341,4565.231033559148,15.60105857634062,5.409477152682066,0,1,1,0,0,1,False,-1,
44949,2026-05-04 11:25:00,11,-1,MARKDOWN,1,C,4600.7422,4619.647395268396,4553.479211829008,18.90519526839671,5.03479053679279,0,1,0,0,0,1,False,-1,
44968,2026-05-04 13:00:00,13,-1,MARKDOWN,2,C,4589.22972,4615.836427332055,4522.712951669864,26.60670733205461,5.432854664109215,0,1,1,0,0,1,False,-1,
44980,2026-05-04 14:00:00,14,-1,MARKDOWN,2,C,4570.80916,4602.245533883051,4492.21822529237,31.4363738830516,7.391067766102429,1,0,0,1,0,1,True,44995,1.0354930914308194
44992,2026-05-04 15:00:00,15,-1,MARKDOWN,2,C,4567.6141,4596.391597426464,4495.67035643384,28.777497426463924,6.023194852927442,1,0,0,0,1,1,True,44995,1.0294564293835666
45017,2026-05-04 17:05:00,17,-1,MARKDOWN,2,C,4562.15098,4588.086958593788,4497.311033515531,25.935978593787695,7.093917187576856,0,1,1,0,0,1,True,45018,0.9821437906725399
45032,2026-05-04 18:20:00,18,-1,MARKDOWN,2,C,4557.003680000001,4588.390412643994,4478.536848390018,31.386732643993128,10.24082528798634,0,1,1,0,0,1,False,-1,
45044,2026-05-04 19:20:00,19,-1,MARKDOWN,1,C,4551.70916,4589.259445250444,4457.833446873892,37.55028525044327,11.978890500886232,0,1,0,0,0,1,False,-1,
45056,2026-05-04 20:20:00,20,-1,MARKDOWN,1,C,4551.70916,4587.685485057534,4461.7683473561665,35.97632505753336,8.830970115067318,0,1,0,0,0,1,False,-1,
45185,2026-05-05 08:05:00,8,1,MARKUP,2,C,4526.261280000001,4511.8971721205735,4562.171549698569,14.364107879427138,3.485655758852888,0,1,1,0,0,1,False,-1,
45197,2026-05-05 09:05:00,9,1,MARKUP,1,C,4537.21092,4525.922230404152,4565.432643989621,11.288689595848155,4.195539191696958,0,1,0,0,0,1,True,45200,0.9922080709323078
45209,2026-05-05 10:05:00,10,1,MARKUP,3,B,4538.2194,4525.777017551669,4569.325356120828,12.442382448331045,4.485964896663463,0,1,1,1,0,1,False,-1,
45221,2026-05-05 11:05:00,11,1,MARKUP,3,B,4539.621340000001,4525.8222469515895,4574.119072621028,13.799093048411123,4.395506096821791,0,1,1,1,0,1,False,-1,
45244,2026-05-05 13:00:00,13,1,MARKUP,2,C,4543.92468,4531.751318519427,4574.358083701434,12.173361480573476,3.917362961146117,0,1,1,0,0,1,True,45254,1.010999959608695
45258,2026-05-05 14:10:00,14,1,MARKUP,3,B,4543.92468,4531.546172701272,4574.870948246821,12.378507298728437,4.3276545974568545,0,1,1,0,1,1,False,-1,
45270,2026-05-05 15:10:00,15,1,MARKUP,3,B,4550.29242,4537.200708232695,4583.021699418261,13.091711767304332,5.31858353460783,0,1,1,1,0,1,False,-1,
45282,2026-05-05 16:10:00,16,1,MARKUP,2,C,4555.62514,4537.0339944583175,4602.103003854207,18.591145541682636,5.652011083364014,0,1,1,0,0,1,False,-1,
45294,2026-05-05 17:10:00,17,1,MARKUP,1,C,4557.049999999999,4536.648022228535,4608.054944428659,20.401977771463862,6.423955542929136,0,1,0,0,0,1,False,-1,
45306,2026-05-05 18:10:00,18,1,MARKUP,1,C,4557.72232,4536.9816136142035,4609.57408596449,20.74070638579633,5.756772771592127,0,1,0,0,0,1,True,45321,1.0568605545658616
45460,2026-05-06 08:00:00,8,1,MARKUP,2,C,4613.2928,4586.286982160593,4680.807344598519,27.005817839407428,4.046035678815343,0,1,1,0,0,1,False,-1,
45472,2026-05-06 09:00:00,9,1,MARKUP,2,C,4630.982,4607.111279902086,4690.658800244786,23.870720097914273,4.957440195828399,0,1,1,0,0,1,False,-1,
45484,2026-05-06 10:00:00,10,1,MARKUP,2,C,4643.38296,4624.369616536805,4690.916318657988,19.01334346319527,4.960766926390764,0,1,1,0,0,1,False,-1,
45496,2026-05-06 11:00:00,11,1,MARKUP,2,C,4656.49198,4637.768155523715,4703.301541190712,18.72382447628479,5.443688952570057,0,1,1,0,0,1,False,-1,
45520,2026-05-06 13:00:00,13,1,MARKUP,1,C,4669.08924,4641.338245743444,4738.466725641392,27.750994256556623,6.743508513112372,0,1,0,0,0,1,False,-1,
45532,2026-05-06 14:00:00,14,1,MARKUP,1,C,4682.27088,4653.778290198477,4753.502354503807,28.492589801522627,6.6834196030446265,0,1,0,0,0,1,True,45544,0.8358511029162545
45569,2026-05-06 17:05:00,17,1,MARKUP,2,C,4703.35704,4686.798358885824,4744.753742785439,16.55868111417567,8.88328222835136,0,1,1,0,0,1,True,45578,-1.0
45749,2026-05-07 09:05:00,9,1,MARKUP,3,B,4706.64576,4695.668180987055,4734.089707532363,10.97757901294517,3.863638025889595,1,1,1,0,0,1,False,-1,
45761,2026-05-07 10:05:00,10,1,MARKUP,1,C,4714.43668,4689.134230572648,4777.692803568378,25.30244942735135,6.491538854704152,0,1,0,0,0,1,False,-1,
45773,2026-05-07 11:05:00,11,1,MARKUP,2,C,4715.75076,4689.271480230816,4781.948959422958,26.47927976918345,6.217039538366965,0,1,1,0,0,1,False,-1,
45804,2026-05-07 13:40:00,13,1,MARKUP,2,C,4720.91724,4698.22513050123,4777.647513746925,22.69210949877015,5.029738997540188,0,1,1,0,0,1,False,-1,
45819,2026-05-07 14:55:00,14,1,MARKUP,3,B,4740.08142,4729.4568456394845,4766.64285590129,10.624574360515908,4.586308721030867,0,1,1,0,1,1,True,45820,0.6675884932043386
45831,2026-05-07 15:55:00,15,1,MARKUP,2,C,4746.75582,4739.7743504182135,4764.209493954468,6.981469581786769,5.551299163572651,0,1,0,0,1,1,True,45832,-1.0
45843,2026-05-07 16:55:00,16,1,MARKUP,2,C,4735.84042,4718.552726329735,4779.059654175663,17.28769367026507,6.83454734052905,0,1,1,0,0,1,True,45865,-1.0
45855,2026-05-07 17:55:00,17,1,MARKUP,2,C,4740.7337800000005,4723.269579289688,4784.394281775781,17.46420071031207,6.8208414206230685,0,1,1,0,0,1,True,45861,-1.0
45878,2026-05-07 19:50:00,19,-1,MARKDOWN,1,C,4741.67844,4768.3037729345615,4675.115107663595,26.62533293456181,6.96754586912297,0,1,0,0,0,1,False,-1,
45890,2026-05-07 20:50:00,20,-1,MARKDOWN,1,C,4735.40218,4769.042005774482,4651.3026155637945,33.63982577448223,8.444011548965829,0,1,0,0,0,1,False,-1,
46017,2026-05-08 08:25:00,8,1,MARKUP,1,C,4710.207719999999,4694.028207273336,4750.6565018166575,16.179512726663233,4.5035854533274735,0,0,1,0,0,1,True,46040,0.8146034821871692
46029,2026-05-08 09:25:00,9,1,MARKUP,3,B,4716.28676,4702.2738534728205,4751.319026317949,14.012906527179439,5.732293054358953,0,1,1,1,0,1,True,46038,-1.0
46076,2026-05-08 13:20:00,13,1,MARKUP,3,B,4720.7831,4710.070967660282,4747.563430849294,10.712132339717755,4.578064679435469,1,1,1,0,0,1,True,46077,-1.0
46093,2026-05-08 14:45:00,14,1,MARKUP,0,C,4708.87976,4695.031458944378,4743.500512639055,13.84830105562196,4.257082111244549,0,0,0,0,0,1,True,46097,0.9236781518278345
46105,2026-05-08 15:45:00,15,1,MARKUP,2,C,4713.28554,4699.190099300555,4748.524141748612,14.095440699445135,6.43980139889085,0,1,0,1,0,1,False,-1,
46117,2026-05-08 16:45:00,16,1,MARKUP,3,B,4718.45018,4698.735231237735,4767.737551905661,19.714948762264612,7.349537524529586,0,1,1,0,1,1,True,46125,-1.0
46141,2026-05-08 18:45:00,18,-1,MARKDOWN,2,C,4731.3105,4753.266150223119,4676.4213744421995,21.955650223119846,7.8123004462390915,0,1,1,0,0,1,False,-1,
46153,2026-05-08 19:45:00,19,-1,MARKDOWN,2,C,4731.3105,4752.091628614542,4679.357678463643,20.781128614542467,5.463257229084439,0,1,1,0,0,1,False,-1,
46288,2026-05-11 08:00:00,8,-1,MARKDOWN,1,C,4691.39982,4707.838934915993,4650.302032710015,16.43911491599374,4.617869831987831,0,1,0,0,0,1,False,-1,
46300,2026-05-11 09:00:00,9,-1,MARKDOWN,1,C,4683.61848,4708.539153655738,4621.3167958606555,24.920673655738028,6.018307311476887,0,1,0,0,0,1,False,-1,
46313,2026-05-11 10:05:00,10,-1,MARKDOWN,3,B,4680.35544,4702.949893315508,4623.869306711231,22.594453315507963,5.39978663101556,1,0,1,0,1,1,False,-1,
46348,2026-05-11 13:00:00,13,-1,MARKDOWN,2,C,4668.255,4683.084732378735,4631.180669053163,14.829732378734661,4.829464757468515,0,1,1,0,0,1,True,46360,-1.0
46383,2026-05-11 15:55:00,15,1,MARKUP,2,C,4669.880099999999,4647.536329564321,4725.739526089195,22.34377043567838,6.067340871356768,0,1,1,0,0,1,False,-1,
46395,2026-05-11 16:55:00,16,1,MARKUP,1,C,4688.005999999999,4646.667597651695,4791.35200587076,41.338402348304044,7.80480469660894,0,1,0,0,0,1,False,-1,
46407,2026-05-11 17:55:00,17,1,MARKUP,1,C,4691.6336599999995,4652.551417438886,4789.339266402782,39.08224256111316,7.777165122226255,0,1,0,0,0,1,False,-1,
46419,2026-05-11 18:55:00,18,1,MARKUP,2,C,4696.35518,4661.163403069729,4784.334622325677,35.19177693027086,5.83319386054291,0,1,1,0,0,1,False,-1,
46564,2026-05-12 08:00:00,8,-1,MARKDOWN,1,C,4749.5817400000005,4775.829291817637,4683.96286045591,26.247551817636122,4.798583635272817,0,1,0,0,0,1,False,-1,
46576,2026-05-12 09:00:00,9,-1,MARKDOWN,2,C,4733.9273,4755.674401266922,4679.559546832696,21.747101266922073,5.408802533843566,0,1,1,0,0,1,False,-1,
46588,2026-05-12 10:00:00,10,-1,MARKDOWN,2,C,4717.1032399999995,4736.9245475333355,4667.54997116666,19.82130753333604,5.889095066671142,0,1,1,0,0,1,False,-1,
46600,2026-05-12 11:00:00,11,-1,MARKDOWN,0,C,4714.89112,4734.5705547637335,4665.692533090667,19.679434763733298,5.101109527465772,0,0,0,0,0,1,False,-1,
46627,2026-05-12 13:15:00,13,-1,MARKDOWN,2,C,4708.91506,4724.762601139329,4669.2962071516795,15.847541139328314,4.8252022786560085,0,1,1,0,0,1,True,46647,0.7370232932734855
46639,2026-05-12 14:15:00,14,-1,MARKDOWN,2,C,4699.6376,4711.180295992673,4670.780860018318,11.542695992672634,5.360591985345202,1,0,0,1,0,1,True,46641,-1.0
46652,2026-05-12 15:20:00,15,-1,MARKDOWN,2,C,4699.6376,4711.315043579244,4670.44399105189,11.677443579244027,5.630087158488706,0,1,1,0,0,1,True,46654,-1.0
46664,2026-05-12 16:20:00,16,-1,MARKDOWN,1,C,4699.2896,4715.303679807059,4659.254400482353,16.014079807058806,7.427359614117915,0,1,0,0,0,1,True,46668,0.745873285858649
46676,2026-05-12 17:20:00,17,-1,MARKDOWN,3,B,4698.05956,4715.723552450853,4653.899578872866,17.663992450853584,8.267104901706304,0,1,1,0,1,1,False,-1,
46688,2026-05-12 18:20:00,18,-1,MARKDOWN,3,B,4683.75748,4716.1664902861185,4602.734954284704,32.409010286118246,9.152980572237068,0,1,1,1,0,1,False,-1,
46700,2026-05-12 19:20:00,19,-1,MARKDOWN,1,C,4683.57794,4715.275864620433,4604.333128448918,31.697924620432786,7.371729240866126,0,0,1,0,0,1,True,46720,-1.0
46848,2026-05-13 08:40:00,8,-1,MARKDOWN,2,C,4707.9613,4722.649679975186,4671.240350062035,14.688379975185853,4.279359950371144,0,1,1,0,0,1,True,46852,1.0145129822854875
46860,2026-05-13 09:40:00,9,1,MARKUP,3,B,4698.28342,4685.540362979789,4730.141062550526,12.743057020210472,4.239274040421587,0,1,1,0,1,1,True,46865,-1.0
46872,2026-05-13 10:40:00,10,1,MARKUP,0,C,4698.28342,4685.4767257697795,4730.300155575551,12.806694230220273,4.366548460440139,0,0,0,0,0,1,True,46881,-1.0
46884,2026-05-13 11:40:00,11,-1,MARKDOWN,2,C,4702.18244,4709.2016994580845,4684.634291354787,7.019259458084889,3.663398916169117,0,1,1,0,0,1,True,46887,1.1650177577633973
46900,2026-05-13 13:00:00,13,-1,MARKDOWN,0,C,4704.23538,4717.4125100787505,4671.2925548031235,13.177130078750452,3.88502015750118,0,0,0,0,0,1,True,46901,1.1635104812907782
46912,2026-05-13 14:00:00,14,-1,MARKDOWN,3,B,4704.23538,4717.473494421326,4671.140093946686,13.238114421325918,4.0069888426511815,0,1,1,0,1,1,True,46919,1.1604538714741819
46926,2026-05-13 15:10:00,15,-1,MARKDOWN,2,C,4700.13186,4710.816468658869,4673.420338352829,10.684608658868456,3.972937317738434,0,1,1,0,0,1,False,-1,
46938,2026-05-13 16:10:00,16,-1,MARKDOWN,2,C,4697.2908800000005,4713.067280763233,4657.84987809192,15.776400763232232,5.4545615264653575,0,1,0,1,0,1,False,-1,
46950,2026-05-13 17:10:00,17,-1,MARKDOWN,1,C,4694.7353,4713.778526755877,4647.12723311031,19.043226755876276,6.877053511751961,0,1,0,0,0,1,True,46966,-0.14885607551381544
46962,2026-05-13 18:10:00,18,-1,MARKDOWN,0,C,4692.03464,4709.169970480375,4649.196313799062,17.13533048037516,6.399940960749447,0,0,0,0,0,1,True,46966,-1.0
46986,2026-05-13 20:10:00,20,1,MARKUP,2,C,4684.89988,4667.24676848457,4729.032658788576,17.653111515430282,4.486463030859921,0,1,1,0,0,1,True,46995,0.8281566419001807
47117,2026-05-14 08:05:00,8,1,MARKUP,1,C,4685.192819999999,4665.449206955448,4734.551852611377,19.74361304455124,5.4815860891027945,0,1,0,0,0,1,False,-1,
47129,2026-05-14 09:05:00,9,1,MARKUP,1,C,4685.192819999999,4665.456039523996,4734.534771190008,19.736780476003332,5.4679209520071295,0,1,0,0,0,1,False,-1,
47141,2026-05-14 10:05:00,10,1,MARKUP,1,C,4685.192819999999,4665.6293077058845,4734.101600735286,19.563512294114844,5.121384588229591,0,1,0,0,0,1,False,-1,
47153,2026-05-14 11:05:00,11,1,MARKUP,1,C,4687.5268399999995,4665.056934269851,4743.701604325372,22.46990573014864,6.266131460297889,0,0,1,0,0,1,False,-1,
47198,2026-05-14 14:50:00,14,1,MARKUP,3,B,4703.8235,4692.488910881059,4732.1599727973535,11.33458911894104,4.142178237881711,1,1,1,0,0,1,True,47199,-1.0
47211,2026-05-14 15:55:00,15,1,MARKUP,2,C,4696.76356,4685.888706764677,4723.950693088307,10.874853235322917,5.262586470645491,0,1,1,0,0,1,True,47212,0.5
47223,2026-05-14 16:55:00,16,-1,MARKDOWN,3,B,4693.5976,4714.021328336205,4642.538279159487,20.423728336205386,7.842656672410266,0,1,1,0,1,1,True,47227,0.8234724079805147
47235,2026-05-14 17:55:00,17,-1,MARKDOWN,3,B,4693.5976,4713.684195715785,4643.3811107105375,20.086595715784824,7.168391431569191,0,1,1,0,1,1,False,-1,
47247,2026-05-14 18:55:00,18,-1,MARKDOWN,2,C,4693.5976,4712.791862195866,4645.611944510335,19.19426219586603,5.383724391731693,0,1,0,0,1,1,False,-1,
47259,2026-05-14 19:55:00,19,-1,MARKDOWN,1,C,4693.5976,4712.41034809045,4646.565729773876,18.81274809044953,4.620696180898261,0,1,0,0,0,1,False,-1,
47271,2026-05-14 20:55:00,20,-1,MARKDOWN,2,C,4692.20092,4709.598155230509,4648.707831923728,17.397235230509068,3.5163104610183558,0,1,1,0,0,1,False,-1,
47392,2026-05-15 08:00:00,8,-1,MARKDOWN,2,C,4635.64976,4661.069852139404,4572.09952965149,25.420092139404005,5.519704278807051,0,1,1,0,0,1,False,-1,
47404,2026-05-15 09:00:00,9,-1,MARKDOWN,1,C,4599.32898,4630.112000246375,4522.371429384064,30.78302024637469,8.384000492749603,0,1,0,0,0,1,False,-1,
47416,2026-05-15 10:00:00,10,-1,MARKDOWN,1,C,4597.75308,4627.025375642253,4524.57234089437,29.272295642252175,7.31075128450518,0,1,0,0,0,1,False,-1,
47428,2026-05-15 11:00:00,11,-1,MARKDOWN,2,C,4597.098,4625.818453392323,4525.296866519192,28.72045339232318,7.016906784645982,0,1,1,0,0,1,False,-1,
47452,2026-05-15 13:00:00,13,-1,MARKDOWN,1,C,4574.78392,4604.931241136026,4499.415617159934,30.14732113602622,7.242482272051797,0,1,0,0,0,1,False,-1,
47464,2026-05-15 14:00:00,14,-1,MARKDOWN,2,C,4567.02184,4592.499392941215,4503.327957646964,25.477552941214526,7.498785882430531,1,0,1,0,0,1,True,47466,0.8402050363676923
47478,2026-05-15 15:10:00,15,-1,MARKDOWN,2,C,4567.02184,4591.867795982641,4504.906950043399,24.84595598264059,6.235591965281811,0,1,1,0,0,1,False,-1,
47490,2026-05-15 16:10:00,16,-1,MARKDOWN,2,C,4552.81402,4569.586822203618,4510.882014490955,16.772802203618085,7.653644407234905,0,1,0,0,1,1,True,47491,1.080691985432971
47502,2026-05-15 17:10:00,17,-1,MARKDOWN,2,C,4549.35968,4577.567106247594,4478.8411143810135,28.207426247594412,9.99421249518841,1,0,0,0,1,1,True,47503,0.3431606951671028
47515,2026-05-15 18:15:00,18,-1,MARKDOWN,2,C,4549.35968,4577.205393541333,4479.745396146665,27.84571354133368,9.27078708266775,1,0,1,0,0,1,True,47516,1.1434320026576759
47527,2026-05-15 19:15:00,19,-1,MARKDOWN,1,C,4544.97188,4569.055913371114,4484.761796572215,24.084033371113946,7.1718267422267505,0,1,0,0,0,1,True,47531,1.75
47673,2026-05-18 08:25:00,8,1,MARKUP,2,C,4507.30348,4476.749643206047,4583.688071984881,30.55383679395254,7.520713587906761,0,1,1,0,0,1,False,-1,
47685,2026-05-18 09:25:00,9,1,MARKUP,1,C,4519.8222000000005,4496.027248296018,4579.309579259956,23.794951703982406,7.785503407963826,0,0,1,0,0,1,False,-1,
47697,2026-05-18 10:25:00,10,1,MARKUP,2,C,4535.47614,4521.904189492029,4569.406016269926,13.571950507970541,6.691621015941643,0,1,1,0,0,1,False,-1,
47709,2026-05-18 11:25:00,11,1,MARKUP,2,C,4538.55124,4522.355003013246,4579.041832466885,16.19623698675423,5.789993973508693,0,1,1,0,0,1,True,47729,0.9124170846869716
47747,2026-05-18 14:35:00,14,1,MARKUP,2,C,4544.7127,4532.099776808906,4576.245007977734,12.612923191093614,6.240446382187901,0,1,1,0,0,1,False,-1,
47759,2026-05-18 15:35:00,15,1,MARKUP,2,C,4544.043659999999,4526.454771036693,4588.015882408265,17.58888896330609,6.81045792661357,0,1,1,0,0,1,True,47783,0.6069509353161306
47771,2026-05-18 16:35:00,16,1,MARKUP,1,C,4548.9409,4525.995938576433,4606.303303558916,22.944961423566383,7.728122847132428,0,1,0,0,0,1,True,47782,1.312141265178201
47806,2026-05-18 19:30:00,19,-1,MARKDOWN,2,C,4564.26376,4587.796459140585,4505.432012148536,23.532699140585464,7.092918281170416,0,1,1,0,0,1,False,-1,
47944,2026-05-19 08:00:00,8,-1,MARKDOWN,1,C,4567.60984,4587.918007126801,4516.839422182998,20.30816712680098,4.036014253602386,0,1,0,0,0,1,False,-1,
47956,2026-05-19 09:00:00,9,-1,MARKDOWN,2,C,4556.568679999999,4575.187496561384,4510.021638596538,18.618816561384847,5.7149931227686555,0,1,1,0,0,1,True,47979,0.7470286248964134
47985,2026-05-19 11:25:00,11,-1,MARKDOWN,2,C,4545.976159999999,4558.169972898428,4515.491627753929,12.193812898428405,5.959945796856259,0,1,1,0,0,1,True,47989,0.8517396973631521
48004,2026-05-19 13:00:00,13,-1,MARKDOWN,3,B,4540.69226,4549.0873446921905,4519.704548269523,8.395084692190721,4.894689384379687,0,1,1,1,0,1,True,48005,0.6961979085367118
48016,2026-05-19 14:00:00,14,-1,MARKDOWN,1,C,4546.4011,4562.2071083451065,4506.8860791372335,15.80600834510642,5.674216690213641,1,0,0,0,0,1,True,48030,1.75
48028,2026-05-19 15:00:00,15,-1,MARKDOWN,1,C,4546.4011,4562.061056965286,4507.251207586784,15.659956965286256,5.382113930572569,0,1,0,0,0,1,True,48030,1.75
48040,2026-05-19 16:00:00,16,-1,MARKDOWN,3,B,4541.18092,4556.08573279127,4503.918888021824,14.90481279127016,6.171465582539058,0,1,1,0,1,1,False,-1,
48052,2026-05-19 17:00:00,17,-1,MARKDOWN,1,C,4515.95188,4553.738578602144,4421.485133494638,37.7866986021445,11.657157204289108,1,0,0,0,0,1,False,-1,
48064,2026-05-19 18:00:00,18,-1,MARKDOWN,1,C,4515.95188,4553.141932803796,4422.976747990508,37.19005280379679,10.463865607593203,0,1,0,0,0,1,False,-1,
48077,2026-05-19 19:05:00,19,-1,MARKDOWN,2,C,4515.451300000001,4551.021974980229,4426.52461254943,35.57067498022843,7.84394996045784,0,1,1,0,0,1,False,-1,
48220,2026-05-20 08:00:00,8,-1,MARKDOWN,0,C,4487.8236,4511.698179389933,4428.137151525167,23.874579389933388,5.576358779866585,0,0,0,0,0,1,False,-1,
48238,2026-05-20 09:30:00,9,-1,MARKDOWN,3,B,4475.17314,4491.469631565069,4434.4319110873275,16.296491565069118,6.059263130139169,0,1,1,1,1,1,True,48242,-1.0
48280,2026-05-20 13:00:00,13,1,MARKUP,1,C,4472.78248,4458.9045228750565,4507.477372812358,13.87795712494335,5.110954249887294,0,1,0,0,0,1,False,-1,
48292,2026-05-20 14:00:00,14,1,MARKUP,1,C,4475.05156,4459.2699514868345,4514.505581282913,15.781608513165338,4.3800970263307555,0,1,0,0,0,1,False,-1,
48304,2026-05-20 15:00:00,15,1,MARKUP,1,C,4483.6615,4470.629755555185,4516.240861112039,13.031744444815558,4.480488889630707,0,1,0,0,0,1,True,48324,-1.0
48316,2026-05-20 16:00:00,16,1,MARKUP,0,C,4485.31938,4470.699103189909,4521.870072025227,14.620276810091127,4.341793620181944,0,0,0,0,0,1,True,48323,-1.0
48331,2026-05-20 17:15:00,17,1,MARKUP,2,C,4485.60206,4469.186398214594,4526.641214463515,16.415661785405973,7.367203570810879,0,1,1,0,0,1,False,-1,
48343,2026-05-20 18:15:00,18,1,MARKUP,2,C,4499.7901,4462.282260396398,4593.559699009006,37.507839603602406,9.655479207204424,0,1,1,0,0,1,False,-1,
48355,2026-05-20 19:15:00,19,1,MARKUP,1,C,4499.7901,4463.648416215371,4590.144309461573,36.141683784629095,6.92316756925711,0,1,0,0,0,1,False,-1,
48367,2026-05-20 20:15:00,20,1,MARKUP,0,C,4499.7901,4464.479108634071,4588.0675784148225,35.31099136592911,5.261782731858091,0,0,0,0,0,1,False,-1,
48499,2026-05-21 08:15:00,8,-1,MARKDOWN,2,C,4553.73864,4572.6903492672545,4506.359366831863,18.951709267254955,3.9206985345100627,0,1,1,0,0,1,False,-1,
48511,2026-05-21 09:15:00,9,-1,MARKDOWN,1,C,4550.7705,4573.173708496974,4494.762478757564,22.403208496974003,4.887416993948177,0,0,1,0,0,1,False,-1,
48523,2026-05-21 10:15:00,10,-1,MARKDOWN,2,C,4537.26544,4551.936912466899,4500.586758832753,14.671472466899104,4.833824933797027,0,1,1,0,0,1,True,48546,1.1409446895000075
48539,2026-05-21 11:35:00,11,-1,MARKDOWN,2,C,4529.66356,4543.215498709351,4495.783713226623,13.551938709350907,5.390997418701083,1,0,1,0,0,1,True,48540,0.9134214657374895
48561,2026-05-21 13:25:00,13,-1,MARKDOWN,3,B,4530.69342,4545.877355252458,4492.733581868853,15.183935252458468,5.774710504917335,0,1,1,0,1,1,False,-1,
48573,2026-05-21 14:25:00,14,-1,MARKDOWN,3,B,4528.4931,4545.946329754942,4484.860025612645,17.453229754942186,5.912659509883463,0,1,1,1,0,1,False,-1,
48585,2026-05-21 15:25:00,15,-1,MARKDOWN,2,C,4527.95448,4545.556640838925,4483.949077902689,17.602160838924647,5.1332816778509,0,1,1,0,0,1,False,-1,
48597,2026-05-21 16:25:00,16,-1,MARKDOWN,1,C,4524.85646,4546.242048724964,4471.39248818759,21.38558872496378,6.504097449928787,0,1,0,0,0,1,False,-1,
48609,2026-05-21 17:25:00,17,-1,MARKDOWN,0,C,4522.22066,4547.003487854084,4460.263590364791,24.782827854083735,8.02697570816864,0,0,0,0,0,1,False,-1,
48621,2026-05-21 18:25:00,18,-1,MARKDOWN,3,B,4508.77916,4524.884734613032,4468.515223467419,16.10557461303233,7.289469226064672,0,1,1,0,1,1,True,48623,-1.0
48647,2026-05-21 20:35:00,20,1,MARKUP,2,C,4511.68516,4485.430201738057,4577.322555654858,26.254958261943102,6.379596523885299,0,1,1,0,0,1,False,-1,
48772,2026-05-22 08:00:00,8,-1,MARKDOWN,2,C,4532.5432,4542.71886991381,4507.104025215476,10.175669913809543,3.237739827618395,0,1,1,0,0,1,True,48779,1.1790244412802873
48784,2026-05-22 09:00:00,9,-1,MARKDOWN,3,B,4523.98038,4536.831401356552,4491.85282660862,12.851021356552337,5.142802713104357,0,1,1,1,0,1,True,48786,-1.0
48798,2026-05-22 10:10:00,10,-1,MARKDOWN,3,B,4523.98038,4536.590243627749,4492.455720930627,12.609863627749291,4.660487255498773,1,0,1,1,0,1,True,48799,-1.0
48814,2026-05-22 11:30:00,11,-1,MARKDOWN,2,C,4523.98038,4536.650320132139,4492.305529669651,12.669940132139345,4.780640264278406,0,1,1,0,0,1,True,48815,-1.0
48838,2026-05-22 13:30:00,13,-1,MARKDOWN,2,C,4523.98038,4536.513633970309,4492.6472450742285,12.533253970308579,4.50726794061646,0,1,1,0,0,1,True,48853,1.75
48850,2026-05-22 14:30:00,14,-1,MARKDOWN,1,C,4526.66824,4538.842107823755,4496.233570440612,12.173867823755245,3.9642156475108985,0,1,0,0,0,1,True,48858,1.75
48862,2026-05-22 15:30:00,15,-1,MARKDOWN,2,C,4526.66824,4539.49980682279,4494.589322943026,12.831566822789682,5.279613645579998,0,1,1,0,0,1,True,48867,1.75
48876,2026-05-22 16:40:00,16,-1,MARKDOWN,3,B,4526.66824,4539.748562793833,4493.967433015418,13.080322793833147,5.777125587666889,0,1,1,0,1,1,False,-1,
48888,2026-05-22 17:40:00,17,-1,MARKDOWN,1,C,4518.65388,4540.424691047925,4464.226852380187,21.770811047925235,7.129382095850431,0,1,0,0,0,1,True,48897,-1.0
48901,2026-05-22 18:45:00,18,-1,MARKDOWN,3,B,4518.1285800000005,4538.64874339892,4466.828171502702,20.520163398919067,5.277486797839461,1,0,1,0,1,1,True,48902,-1.0
49083,2026-05-25 10:55:00,10,1,MARKUP,2,C,4560.13114,4554.82638329686,4573.393031757852,5.304756703140811,3.5272334062815722,0,1,1,0,0,1,True,49085,-1.0
49108,2026-05-25 13:00:00,13,1,MARKUP,2,C,4557.8835,4549.162993034149,4579.684767414628,8.7205069658512,2.7340139317023455,0,1,1,0,0,1,False,-1,
49120,2026-05-25 14:00:00,14,1,MARKUP,2,C,4559.3924,4549.370903390595,4584.446141523511,10.021496609404494,2.3181932188086867,0,1,0,1,0,1,True,49133,0.6898958052019107
49132,2026-05-25 15:00:00,15,1,MARKUP,1,C,4561.94934,4551.205014032425,4588.810154918937,10.744325967574696,2.869971935148967,1,0,0,0,0,1,True,49133,0.8139216982488486
49145,2026-05-25 16:05:00,16,1,MARKUP,3,B,4562.40048,4551.433636663527,4589.817588341183,10.966843336473175,3.8727266729456433,0,1,1,0,1,1,True,49147,0.7869838619662759
49159,2026-05-25 17:15:00,17,1,MARKUP,2,C,4563.80952,4553.978047354927,4588.388201612681,9.831472645072608,3.3439052901441997,0,1,0,0,1,1,False,-1,
49172,2026-05-25 18:20:00,18,1,MARKUP,2,C,4571.25642,4566.108495321021,4584.126231697446,5.1479246789785975,3.183009357956656,0,1,1,0,0,1,True,49174,0.6097013449170917
49189,2026-05-25 19:45:00,19,1,MARKUP,2,C,4561.26794,4551.816553323844,4584.896406690388,9.45138667615538,2.3468933523110973,0,1,1,0,0,1,False,-1,
49295,2026-05-26 08:00:00,8,-1,MARKDOWN,1,C,4541.89518,4555.31880762862,4508.336110928452,13.423627628619215,3.5376152572384063,0,1,0,0,0,1,False,-1,
49307,2026-05-26 09:00:00,9,-1,MARKDOWN,1,C,4539.30576,4551.1351354148455,4509.732321462887,11.829375414845344,3.550270829691642,0,1,0,0,0,1,False,-1,
49319,2026-05-26 10:00:00,10,-1,MARKDOWN,1,C,4536.87084,4547.261881199212,4510.8932370019675,10.39104119921285,3.6837623984239576,0,0,1,0,0,1,True,49330,1.300252120001993
49333,2026-05-26 11:10:00,11,-1,MARKDOWN,2,C,4536.33222,4547.79742885132,4507.669197871702,11.465208851319403,4.754857702639444,0,1,1,0,0,1,False,-1,
49355,2026-05-26 13:00:00,13,-1,MARKDOWN,1,C,4528.84038,4541.417966119402,4497.396414701494,12.57758611940244,4.59593223880424,0,1,0,0,0,1,True,49357,1.0270071966326004
49371,2026-05-26 14:20:00,14,-1,MARKDOWN,3,B,4528.84038,4541.273208105118,4497.7583097372035,12.43282810511846,4.306416210237276,1,1,1,0,0,1,False,-1,
49383,2026-05-26 15:20:00,15,-1,MARKDOWN,1,C,4526.50364,4543.384214135302,4484.302204661746,16.880574135301686,5.508428270602695,0,1,0,0,0,1,True,49395,0.664532618946363
49396,2026-05-26 16:25:00,16,-1,MARKDOWN,1,C,4525.35764,4543.712389983963,4479.470765040094,18.354749983962392,6.164779967925299,1,0,0,0,0,1,True,49397,0.9682493209606013
49414,2026-05-26 17:55:00,17,-1,MARKDOWN,2,C,4525.35764,4543.415252245547,4480.213609386134,18.057612245546807,5.570504491094465,0,1,1,0,0,1,False,-1,
49426,2026-05-26 18:55:00,18,-1,MARKDOWN,1,C,4522.79912,4538.864475597093,4482.635731007267,16.065355597093003,4.748951194186354,0,1,0,0,0,1,False,-1,
49438,2026-05-26 19:55:00,19,-1,MARKDOWN,1,C,4519.363060000001,4533.199394317102,4484.772224207247,13.836334317101318,3.8587886342022895,0,1,0,0,0,1,False,-1,
49450,2026-05-26 20:55:00,20,-1,MARKDOWN,2,C,4515.4361,4533.182528513627,4471.070028715931,17.746428513627507,3.8250570272534774,0,1,1,0,0,1,False,-1,
49574,2026-05-27 08:15:00,8,-1,MARKDOWN,2,C,4512.16486,4524.139568637617,4482.228088405956,11.974708637617368,3.879137275235408,0,1,1,0,0,1,False,-1,
49586,2026-05-27 09:15:00,9,-1,MARKDOWN,2,C,4507.87078,4523.769937729764,4468.122885675591,15.899157729763829,5.279875459528598,0,1,1,0,0,1,False,-1,
49598,2026-05-27 10:15:00,10,-1,MARKDOWN,1,C,4502.66086,4519.763059034282,4459.905362414294,17.10219903428242,4.966118068565245,0,1,0,0,0,1,False,-1,
49610,2026-05-27 11:15:00,11,-1,MARKDOWN,0,C,4501.407899999999,4519.607929703306,4455.907825741733,18.200029703306427,4.655859406611978,0,0,0,0,0,1,False,-1,
49634,2026-05-27 13:15:00,13,-1,MARKDOWN,2,C,4496.17962,4510.804754942136,4459.616782644659,14.625134942136356,3.9695098842733043,0,1,1,0,0,1,False,-1,
49646,2026-05-27 14:15:00,14,-1,MARKDOWN,1,C,4477.35182,4501.93977484008,4415.8819328998,24.587954840079874,6.399549680159739,0,1,0,0,0,1,False,-1,
49658,2026-05-27 15:15:00,15,-1,MARKDOWN,2,C,4470.6439,4502.770835233034,4390.326561917416,32.12693523303369,8.061670466067769,0,1,0,0,1,1,False,-1,
49670,2026-05-27 16:15:00,16,-1,MARKDOWN,1,C,4464.76492,4503.6146843015895,4367.6405092460245,38.84976430158986,9.749368603180052,0,1,0,0,0,1,False,-1,
49683,2026-05-27 17:20:00,17,-1,MARKDOWN,0,C,4458.20532,4498.569140193658,4357.295769515855,40.363820193658285,10.638280387316073,0,0,0,0,0,1,False,-1,
49695,2026-05-27 18:20:00,18,-1,MARKDOWN,0,C,4450.07862,4484.063182486389,4365.117213784028,33.98456248638922,7.926364972778924,0,0,0,0,0,1,True,49710,0.8012055476925706
49847,2026-05-28 08:00:00,8,-1,MARKDOWN,1,C,4423.55746,4461.6255852372415,4328.387146906896,38.068125237241475,5.871170474483488,0,1,0,0,0,1,False,-1,
49859,2026-05-28 09:00:00,9,-1,MARKDOWN,0,C,4417.13644,4451.147090496214,4332.109813759465,34.01065049621411,5.694180992428345,0,0,0,0,0,1,False,-1,
49916,2026-05-28 13:45:00,13,-1,MARKDOWN,2,C,4387.63026,4398.4868982681055,4360.488664329736,10.856638268105598,5.233796536211814,0,1,1,0,0,1,True,49919,-1.0
49928,2026-05-28 14:45:00,14,-1,MARKDOWN,2,C,4393.15424,4406.591319146465,4359.561542133837,13.437079146465294,4.962638292930709,0,1,1,0,0,1,True,49937,-1.0
49944,2026-05-28 16:05:00,16,1,MARKUP,1,C,4399.74048,4371.735290748783,4469.7534531280435,28.005189251217416,7.389418502435106,0,1,0,0,0,1,False,-1,
49956,2026-05-28 17:05:00,17,1,MARKUP,2,C,4401.03928,4371.164961274035,4475.725076814913,29.874318725965168,8.530077451930564,0,1,1,0,0,1,False,-1,
49968,2026-05-28 18:05:00,18,1,MARKUP,2,C,4415.64314,4370.192047526497,4529.270871183759,45.451092473503195,10.475904947005924,0,1,1,0,0,1,False,-1,
49980,2026-05-28 19:05:00,19,1,MARKUP,1,C,4420.29548,4376.212976556539,4530.501738608653,44.082503443461064,7.074046886922386,0,1,0,0,0,1,False,-1,
49992,2026-05-28 20:05:00,20,1,MARKUP,1,C,4431.2245,4376.733253337879,4567.452616655302,54.49124666212083,6.033493324240775,0,1,0,0,0,1,False,-1,
50123,2026-05-29 08:00:00,8,1,MARKUP,2,C,4503.174080000001,4490.556001919788,4534.719275200532,12.618078080212399,3.507996160423389,0,1,0,0,1,1,True,50130,0.8762559520547775
50135,2026-05-29 09:00:00,9,1,MARKUP,2,C,4505.340279999999,4492.623111320781,4537.133201698045,12.717168679218048,4.393777358437215,0,1,1,0,0,1,False,-1,
50147,2026-05-29 10:00:00,10,1,MARKUP,1,C,4505.9935,4492.428605585482,4539.905736036294,13.564894414517767,4.782788829035403,0,1,0,0,0,1,False,-1,
50159,2026-05-29 11:00:00,11,1,MARKUP,1,C,4506.81862,4492.609201203788,4542.34216699053,14.209418796212049,4.421597592423008,0,1,0,0,0,1,False,-1,
50183,2026-05-29 13:00:00,13,1,MARKUP,1,C,4516.88838,4500.197285873244,4558.6161153168905,16.69109412675607,5.045428253511561,0,1,0,0,0,1,False,-1,
50195,2026-05-29 14:00:00,14,1,MARKUP,1,C,4522.74532,4507.755691601526,4560.219390996184,14.989628398473542,4.568616796946344,0,1,0,0,0,1,True,50211,1.127535910160889
50207,2026-05-29 15:00:00,15,1,MARKUP,0,C,4522.74532,4507.636266821565,4560.5179529460875,15.109053178434806,4.807466356869872,0,0,0,0,0,1,True,50211,1.1225757490506136
50228,2026-05-29 16:45:00,16,1,MARKUP,3,B,4522.74532,4507.127877102388,4561.78892724403,15.617442897611909,5.824245795223456,0,1,1,0,1,1,False,-1,
50240,2026-05-29 17:45:00,17,1,MARKUP,2,C,4528.05652,4509.309323566693,4574.924511083268,18.74719643330718,7.041352866614558,0,1,1,0,0,1,False,-1,
50252,2026-05-29 18:45:00,18,1,MARKUP,1,C,4544.35264,4508.140018741024,4634.884193147442,36.21262125897647,9.379962517953222,0,1,0,0,0,1,False,-1,
50264,2026-05-29 19:45:00,19,1,MARKUP,1,C,4544.35264,4509.445097716147,4631.621495709633,34.90754228385322,6.769804567706925,0,1,0,0,0,1,False,-1,
50399,2026-06-01 08:00:00,8,-1,MARKDOWN,1,C,4531.1843,4546.898976749388,4491.89760812653,15.714676749387763,3.65795349877523,0,1,0,0,0,1,False,-1,
50411,2026-06-01 09:00:00,9,-1,MARKDOWN,2,C,4525.974560000001,4538.969138639191,4493.488113402023,12.994578639190877,4.658277278382176,0,1,1,0,0,1,False,-1,
50423,2026-06-01 10:00:00,10,-1,MARKDOWN,1,C,4521.5956,4537.202700629723,4482.577848425692,15.60710062972339,5.085401259447184,0,1,0,0,0,1,False,-1,
50435,2026-06-01 11:00:00,11,-1,MARKDOWN,1,C,4512.70062,4527.770017994797,4475.027125013006,15.069397994797328,5.240035989593917,0,1,0,0,0,1,False,-1,
50459,2026-06-01 13:00:00,13,-1,MARKDOWN,0,C,4511.4362,4527.565667096144,4471.11253225964,16.129467096144253,4.83133419229007,0,0,0,0,0,1,True,50475,1.75
50497,2026-06-01 16:10:00,16,-1,MARKDOWN,2,C,4497.468440000001,4516.484651071783,4449.927912320543,19.01621107178289,7.029302143566283,0,1,1,0,0,1,False,-1,
50509,2026-06-01 17:10:00,17,-1,MARKDOWN,1,C,4487.56318,4517.306138656845,4413.205783357887,29.742958656845076,8.672277313690392,0,1,0,0,0,1,False,-1,
50521,2026-06-01 18:10:00,18,-1,MARKDOWN,1,C,4487.56318,4516.606351855248,4414.95525036188,29.043171855248147,7.2727037104956285,0,1,0,0,0,1,False,-1,
50533,2026-06-01 19:10:00,19,-1,MARKDOWN,1,C,4487.56318,4515.993802649482,4416.486623376295,28.430622649481847,6.047605298962917,0,0,1,0,0,1,True,50551,0.3863151410860974
50675,2026-06-02 08:00:00,8,1,MARKUP,1,C,4484.02842,4460.923826116207,4541.789904709481,23.104593883792404,3.9523477675842087,0,1,0,0,0,1,False,-1,
50687,2026-06-02 09:00:00,9,1,MARKUP,1,C,4487.856059999999,4460.847935042302,4555.376372394241,27.008124957696964,4.104129915394704,0,1,0,0,0,1,False,-1,
50699,2026-06-02 10:00:00,10,1,MARKUP,2,C,4497.42818,4470.020665107895,4565.946967230262,27.4075148921047,4.398669784209659,0,1,1,0,0,1,False,-1,
50711,2026-06-02 11:00:00,11,1,MARKUP,2,C,4507.02414,4483.782533242583,4565.128156893545,23.241606757417685,3.874933514834923,0,1,1,0,0,1,False,-1,
50784,2026-06-02 17:05:00,17,-1,MARKDOWN,2,C,4520.272260000001,4538.586479375871,4474.486711560325,18.31421937587038,5.632958751741766,0,1,0,1,0,1,False,-1,
50796,2026-06-02 18:05:00,18,-1,MARKDOWN,1,C,4517.74122,4537.3409699977265,4468.741845005683,19.599749997726576,5.361939995453048,0,1,0,0,0,1,False,-1,
50808,2026-06-02 19:05:00,19,-1,MARKDOWN,0,C,4517.426039999999,4536.394622153609,4470.004584615976,18.968582153609532,4.489244307218812,0,0,0,0,0,1,False,-1,
50820,2026-06-02 20:05:00,20,-1,MARKDOWN,2,C,4515.91714,4536.117403611017,4465.416480972456,20.200263611017363,3.934807222033769,0,1,1,0,0,1,False,-1,
50951,2026-06-03 08:00:00,8,-1,MARKDOWN,2,C,4484.19108,4498.492766487274,4448.436863781813,14.30168648727431,3.3455329745478557,0,1,0,0,1,1,False,-1,
50963,2026-06-03 09:00:00,9,-1,MARKDOWN,1,C,4476.15936,4490.747706950469,4439.688492623825,14.588346950469713,5.095413900938808,0,1,0,0,0,1,False,-1,
50975,2026-06-03 10:00:00,10,-1,MARKDOWN,0,C,4475.655119999999,4490.860061827493,4437.642765431265,15.204941827493712,5.32012365498725,0,0,0,0,0,1,False,-1,
50987,2026-06-03 11:00:00,11,-1,MARKDOWN,2,C,4473.9323,4491.085952057667,4431.048169855834,17.153652057666477,5.771904115333907,0,1,1,0,0,1,False,-1,
51011,2026-06-03 13:00:00,13,-1,MARKDOWN,1,C,4460.80596,4477.143288549501,4419.962638626245,16.337328549501763,5.766577099002452,0,1,0,0,0,1,True,51012,1.19598773544867
51040,2026-06-03 15:25:00,15,-1,MARKDOWN,3,B,4454.43438,4466.333705213199,4424.686066967,11.899325213199518,4.767410426398274,1,1,1,0,0,1,True,51041,-1.0
51052,2026-06-03 16:25:00,16,-1,MARKDOWN,3,B,4451.4,4461.9526292749415,4425.018426812645,10.552629274941864,5.825258549882601,0,1,1,1,0,1,True,51053,1.1318425604395492
51065,2026-06-03 17:30:00,17,-1,MARKDOWN,3,B,4452.18678,4471.891948465633,4402.9238588359185,19.705168465632596,7.543896931264776,1,0,1,0,1,1,True,51066,0.9097034313953265
51077,2026-06-03 18:30:00,18,-1,MARKDOWN,3,B,4452.18678,4471.3629656951925,4404.246315762019,19.176185695192544,6.485931390385012,0,1,1,1,1,1,False,-1,
51089,2026-06-03 19:30:00,19,-1,MARKDOWN,1,C,4451.6244,4469.8043719134175,4406.174470216455,18.17997191341783,5.188743826834897,0,1,0,0,0,1,False,-1,
51101,2026-06-03 20:30:00,20,-1,MARKDOWN,2,C,4451.6244,4469.454009578857,4407.050376052856,17.829609578857344,4.488019157714193,0,1,1,0,0,1,True,51122,0.9370306092306414
51227,2026-06-04 08:00:00,8,1,MARKUP,2,C,4458.89358,4441.179821266876,4503.177976832809,17.71375873312354,4.340357466248452,0,1,0,0,1,1,False,-1,
51239,2026-06-04 09:00:00,9,1,MARKUP,2,C,4464.83874,4450.694113687216,4500.200305781962,14.144626312784567,4.55177262556979,0,1,1,0,0,1,True,51248,1.75
51296,2026-06-04 13:45:00,13,1,MARKUP,3,B,4470.9364,4465.0383410305585,4485.681547423603,5.898058969441081,4.003317938882068,1,1,1,0,0,1,True,51297,1.75
51308,2026-06-04 14:45:00,14,1,MARKUP,3,B,4475.9792,4455.627152122327,4526.859319694182,20.352047877672703,5.865695755347282,0,1,1,0,1,1,False,-1,
51320,2026-06-04 15:45:00,15,1,MARKUP,2,C,4479.98638,4455.497043376372,4541.209721559071,24.489336623628333,6.125913247257611,0,1,1,0,0,1,True,51342,-0.6617729279103438
51332,2026-06-04 16:45:00,16,1,MARKUP,1,C,4481.13808,4456.7413107045795,4542.13000323855,24.3967692954202,6.437378590841746,0,1,0,0,0,1,True,51342,-0.7114909269260689
51503,2026-06-05 08:00:00,8,-1,MARKDOWN,0,C,4456.73516,4471.964322348484,4418.662254128792,15.229162348483442,4.00864469696769,0,0,0,0,0,1,False,-1,
51515,2026-06-05 09:00:00,9,-1,MARKDOWN,2,C,4456.73516,4472.29003643979,4417.847968900525,15.55487643978995,4.66007287957987,0,1,1,0,0,1,True,51528,-1.0
51546,2026-06-05 11:35:00,11,1,MARKUP,1,C,4443.64686,4426.373476738363,4486.830318154092,17.27338326163681,4.193046523274412,0,1,0,0,0,1,False,-1,
51563,2026-06-05 13:00:00,13,1,MARKUP,0,C,4444.08234,4426.613685341423,4487.753976646443,17.46865465857718,3.7126293171552276,0,0,0,0,0,1,False,-1,
51575,2026-06-05 14:00:00,14,1,MARKUP,0,C,4444.08234,4427.006200138601,4486.772689653497,17.076139861398588,2.9275997227981696,0,0,0,0,0,1,True,51594,-1.0
51587,2026-06-05 15:00:00,15,1,MARKUP,1,C,4461.71276,4451.263473752654,4487.835975618365,10.449286247346208,3.953052494690821,0,0,0,0,1,1,True,51592,-1.0
51599,2026-06-05 16:00:00,16,-1,MARKDOWN,2,C,4446.854060000001,4480.17003082169,4363.564132945778,33.31597082168901,8.820061643377896,0,1,0,0,1,1,False,-1,
51611,2026-06-05 17:00:00,17,-1,MARKDOWN,2,C,4432.80792,4481.03957970783,4312.228770730426,48.23165970782975,10.55915941565896,0,1,0,1,0,1,False,-1,
51623,2026-06-05 18:00:00,18,-1,MARKDOWN,1,C,4425.6798,4480.906129941483,4287.613975146291,55.22632994148353,10.292259882965533,0,1,0,0,0,1,False,-1,
51635,2026-06-05 19:00:00,19,-1,MARKDOWN,2,C,4420.32798,4480.111149331633,4270.870056670918,59.78316933163296,8.702298663265067,0,1,1,0,0,1,False,-1,
51647,2026-06-05 20:00:00,20,-1,MARKDOWN,1,C,4417.62342,4479.5635584128695,4262.773073967826,61.9401384128696,7.607116825738288,0,1,0,0,0,1,False,-1,
51779,2026-06-08 08:00:00,8,-1,MARKDOWN,0,C,4333.15108,4355.867029623035,4276.361205942412,22.715949623035158,4.894059246070267,0,0,0,0,0,1,False,-1,
51791,2026-06-08 09:00:00,9,-1,MARKDOWN,1,C,4313.3000600000005,4345.400275390745,4233.0495215231385,32.10021539074478,8.68055078148897,0,0,0,0,1,1,True,51807,0.9772096736491541
51803,2026-06-08 10:00:00,10,-1,MARKDOWN,2,C,4303.07834,4328.129995859209,4240.449200351977,25.05165585920895,7.219991718417456,1,0,0,1,0,1,True,51805,0.9074650142111191
51817,2026-06-08 11:10:00,11,-1,MARKDOWN,3,B,4301.42828,4325.235140951512,4241.91112762122,23.806860951512135,6.770281903023399,0,1,1,1,0,1,True,51836,-1.0
51839,2026-06-08 13:00:00,13,-1,MARKDOWN,1,C,4297.7141,4319.4704883619615,4243.323129095097,21.7563883619614,7.260976723923167,0,0,1,0,0,1,True,51845,-1.0
51864,2026-06-08 15:05:00,15,1,MARKUP,1,C,4296.6576000000005,4269.519240564516,4364.503498588712,27.138359435484745,7.061518870968954,0,1,0,0,0,1,False,-1,
51876,2026-06-08 16:05:00,16,1,MARKUP,1,C,4298.407160000001,4269.552785818848,4370.543095452882,28.854374181152707,6.994428362304097,0,1,0,0,0,1,False,-1,
51888,2026-06-08 17:05:00,17,1,MARKUP,0,C,4301.1652,4269.072930806718,4381.395872983205,32.092269193281936,7.954138386562929,0,0,0,0,0,1,False,-1,
51900,2026-06-08 18:05:00,18,1,MARKUP,0,C,4311.53524,4286.040933679648,4375.27100580088,25.494306320351825,7.5781326407028,0,0,0,0,0,1,False,-1,
51912,2026-06-08 19:05:00,19,1,MARKUP,1,C,4320.68164,4301.390895465063,4368.908501337341,19.290744534936493,6.478209069874493,0,1,0,0,0,1,False,-1,
51924,2026-06-08 20:05:00,20,1,MARKUP,1,C,4330.3966,4317.70355123437,4362.129221914075,12.69304876563001,5.292897531259871,0,1,0,0,0,1,False,-1,
52055,2026-06-09 08:00:00,8,1,MARKUP,2,C,4325.45692,4312.910511686568,4356.82294078358,12.546408313432039,4.418976626864099,0,1,1,0,0,1,False,-1,
52067,2026-06-09 09:00:00,9,1,MARKUP,2,C,4332.4756,4318.260279131445,4368.013902171388,14.215320868554954,4.899441737111355,0,1,0,0,1,1,True,52073,0.8277420207071551
52115,2026-06-09 13:00:00,13,-1,MARKDOWN,1,C,4339.96214,4353.7315564788205,4305.5385988029475,13.769416478820858,4.443112957639685,0,0,1,0,0,1,True,52126,0.585255955214617
52132,2026-06-09 14:25:00,14,1,MARKUP,1,C,4328.71754,4319.298731802433,4352.264560493915,9.41880819756625,3.962536395132178,0,1,0,0,0,1,False,-1,
52144,2026-06-09 15:25:00,15,1,MARKUP,0,C,4330.0278,4319.414876546535,4356.560108633661,10.612923453464646,3.7302469069281874,0,0,0,0,0,1,True,52157,2.5
52160,2026-06-09 16:45:00,16,1,MARKUP,2,C,4339.223499999999,4320.754505324307,4385.395986689231,18.468994675692556,6.950989351385843,0,1,1,0,0,1,True,52161,-1.0
52172,2026-06-09 17:45:00,17,-1,MARKDOWN,2,C,4331.0749399999995,4368.578651414304,4237.315661464239,37.503711414304234,10.197302828608896,0,1,1,0,0,1,False,-1,
52184,2026-06-09 18:45:00,18,-1,MARKDOWN,1,C,4325.1806799999995,4368.670759288829,4216.455481777926,43.49007928882929,10.381518577658658,0,1,0,0,0,1,False,-1,
52196,2026-06-09 19:45:00,19,-1,MARKDOWN,1,C,4315.10734,4368.999196713258,4180.377698216853,53.891856713258676,11.038393426517173,0,1,0,0,0,1,False,-1,
52208,2026-06-09 20:45:00,20,-1,MARKDOWN,2,C,4315.10734,4367.932558546355,4183.044293634111,52.825218546355245,8.905117092710869,0,1,1,0,0,1,False,-1,
52331,2026-06-10 08:00:00,8,-1,MARKDOWN,2,C,4207.044739999999,4230.7535061499075,4147.772824625229,23.708766149908115,4.6870122998152635,0,1,1,0,0,1,True,52342,1.1695878067140029
52367,2026-06-10 11:00:00,11,-1,MARKDOWN,2,C,4198.79338,4225.561512849192,4131.873047877021,26.768132849191716,7.383025698382937,0,1,1,0,0,1,False,-1,
52391,2026-06-10 13:00:00,13,-1,MARKDOWN,1,C,4198.79338,4225.335645507864,4132.437716230341,26.542265507863704,6.931291015727843,0,1,0,0,0,1,False,-1,
52403,2026-06-10 14:00:00,14,-1,MARKDOWN,2,C,4196.52812,4225.636362982306,4123.7575125442345,29.108242982306365,7.532725964613653,0,1,1,0,0,1,False,-1,
52415,2026-06-10 15:00:00,15,-1,MARKDOWN,2,C,4184.1314,4211.774270706854,4115.0242232328665,27.6428707068535,7.6885414137060595,0,1,1,0,0,1,True,52436,1.75
52427,2026-06-10 16:00:00,16,-1,MARKDOWN,1,C,4160.81706,4184.886423187609,4100.64365203098,24.06936318760836,10.572846375217297,0,1,0,0,0,1,True,52434,-1.0
52447,2026-06-10 17:40:00,17,-1,MARKDOWN,2,C,4160.19906,4183.942786618684,4100.839743453289,23.743726618684377,10.685573237367944,0,1,1,0,0,1,False,-1,
52459,2026-06-10 18:40:00,18,-1,MARKDOWN,1,C,4158.41186,4191.479207820605,4075.743490448489,33.06734782060448,10.538415641210001,0,1,0,0,0,1,False,-1,
52471,2026-06-10 19:40:00,19,-1,MARKDOWN,2,C,4155.89066,4191.053233193528,4067.9842270161794,35.16257319352826,9.686466387056894,0,1,1,0,0,1,False,-1,
52483,2026-06-10 20:40:00,20,-1,MARKDOWN,2,C,4154.03414,4190.256309585274,4063.4787160368146,36.22216958527406,8.092619170547659,0,1,1,0,0,1,False,-1,
52631,2026-06-11 10:00:00,10,1,MARKUP,1,C,4072.99126,4049.1978484716683,4132.4747888208285,23.79341152833149,6.384303056662915,0,1,0,0,0,1,False,-1,
52643,2026-06-11 11:00:00,11,1,MARKUP,2,C,4077.95562,4053.981590905129,4137.890692737178,23.974029094871184,5.996818189742028,0,1,1,0,0,1,True,52661,-1.0
52692,2026-06-11 15:05:00,15,-1,MARKDOWN,1,C,4099.18472,4115.4532525212,4058.513388697001,16.26853252119963,5.766505042400901,0,1,0,0,0,1,False,-1,
52704,2026-06-11 16:05:00,16,-1,MARKDOWN,1,C,4091.5791,4116.639477921242,4028.928155196894,25.060377921242434,8.13895584248556,1,0,0,0,0,1,True,52712,0.8063023226193935
52716,2026-06-11 17:05:00,17,-1,MARKDOWN,3,B,4081.59222,4101.480075513746,4031.8725812156354,19.887855513745762,10.140151027492479,0,1,1,1,0,1,True,52719,-1.0
52757,2026-06-11 20:30:00,20,1,MARKUP,3,B,4089.8677199999997,4047.639413398254,4195.438486504364,42.22830660174577,10.761173203491754,0,1,1,1,0,1,False,-1,
52911,2026-06-12 10:20:00,10,-1,MARKDOWN,1,C,4191.91234,4207.636994798858,4152.600703002855,15.724654798857955,5.373989597715467,0,1,0,0,0,1,True,52918,0.5
52923,2026-06-12 11:20:00,11,1,MARKUP,2,C,4189.4573,4166.430414698288,4247.0245132542805,23.026885301712355,7.739170603424706,0,1,1,0,0,1,False,-1,
52943,2026-06-12 13:00:00,13,1,MARKUP,1,C,4192.35668,4167.3182934690085,4254.952646327478,25.038386530991374,5.963413061982651,0,1,0,0,0,1,False,-1,
52955,2026-06-12 14:00:00,14,1,MARKUP,0,C,4192.35668,4167.323580881391,4254.939427796523,25.033099118609243,5.952838237218572,0,0,0,0,0,1,True,52974,0.9199634694842845
52969,2026-06-12 15:10:00,15,1,MARKUP,2,C,4192.35668,4167.462719103269,4254.591582241828,24.893960896731187,5.67456179346258,0,1,1,0,0,1,True,52974,0.922310744417357
52996,2026-06-12 17:25:00,17,-1,MARKDOWN,3,B,4210.72394,4232.415531883592,4156.49496029102,21.691591883592082,8.751063767183568,0,1,1,0,1,1,True,53004,-1.0
53008,2026-06-12 18:25:00,18,1,MARKUP,2,C,4199.37902,4171.987369192921,4267.8581470177,27.391650807079714,10.005261614158542,0,1,1,0,0,1,False,-1,
53020,2026-06-12 19:25:00,19,1,MARKUP,1,C,4199.37902,4172.459259130494,4266.678422173767,26.919760869506717,9.061481739012448,0,1,0,0,0,1,False,-1,
53032,2026-06-12 20:25:00,20,1,MARKUP,1,C,4199.37902,4173.5340803683375,4263.991369079157,25.844939631662783,6.911839263325243,0,0,1,0,0,1,False,-1,
53159,2026-06-15 08:00:00,8,1,MARKUP,2,C,4304.61416,4283.805404736848,4356.636048157881,20.808755263152307,3.5091905263055456,0,1,1,0,0,1,True,53172,1.2366855530344711
53195,2026-06-15 11:00:00,11,1,MARKUP,2,C,4325.54456,4318.43365532886,4343.32182167785,7.110904671139906,4.9926893422806895,0,1,1,0,0,1,True,53197,2.5
53219,2026-06-15 13:00:00,13,1,MARKUP,1,C,4317.8719200000005,4298.612888775865,4366.019498060339,19.25903122413547,4.474222448271128,0,1,0,0,0,1,False,-1,
53231,2026-06-15 14:00:00,14,1,MARKUP,1,C,4317.8719200000005,4299.072448589003,4364.870598527494,18.799471410997285,3.555102821994036,0,0,1,0,0,1,False,-1,
53243,2026-06-15 15:00:00,15,1,MARKUP,1,C,4323.05158,4305.7987738027305,4366.183595493175,17.25280619726982,4.182452394539846,0,0,1,0,0,1,False,-1,
53255,2026-06-15 16:00:00,16,1,MARKUP,2,C,4333.9205600000005,4321.692207784231,4364.491440539425,12.228352215769519,5.295584431537764,0,1,0,0,1,1,False,-1,
53267,2026-06-15 17:00:00,17,1,MARKUP,1,C,4341.45294,4321.583206125952,4391.127274685121,19.869733874048507,5.993587748095975,0,1,0,0,0,1,False,-1,
53279,2026-06-15 18:00:00,18,1,MARKUP,0,C,4341.7318,4321.364813404738,4392.649266488153,20.36698659526155,6.430373190524644,0,0,0,0,0,1,True,53295,-1.0
53291,2026-06-15 19:00:00,19,1,MARKUP,1,C,4341.7318,4321.994741080444,4391.074447298888,19.73705891955524,5.170517839111191,0,0,1,0,0,1,True,53295,-1.0
53435,2026-06-16 08:00:00,8,1,MARKUP,2,C,4316.9807599999995,4305.412100840606,4345.902407898482,11.568659159393064,3.1357983187866494,0,1,1,0,0,1,True,53442,1.75
53451,2026-06-16 09:20:00,9,-1,MARKDOWN,3,B,4317.73812,4325.896349717849,4297.342545705376,8.15822971784928,3.8326994357000035,0,1,1,0,1,1,True,53452,-1.0
53463,2026-06-16 10:20:00,10,1,MARKUP,2,C,4318.65554,4307.899425378994,4345.545826552514,10.756114621005509,3.5811492420106226,0,1,0,0,1,1,False,-1,
53475,2026-06-16 11:20:00,11,1,MARKUP,1,C,4324.4397,4311.716492554557,4356.2477186136075,12.723207445443222,3.7870148908853034,0,1,0,0,0,1,False,-1,
53495,2026-06-16 13:00:00,13,1,MARKUP,1,C,4326.88068,4311.802967972623,4364.574960068443,15.077712027376947,3.6140640547528737,0,1,0,0,0,1,False,-1,
53507,2026-06-16 14:00:00,14,1,MARKUP,1,C,4327.6173,4312.6856202925455,4364.946499268635,14.93167970745435,3.0087594149082264,0,1,0,0,0,1,False,-1,
53520,2026-06-16 15:05:00,15,1,MARKUP,2,C,4333.87146,4322.452662089954,4362.418454775116,11.418797910046123,3.714675820091968,0,1,1,0,0,1,True,53535,-1.0
53554,2026-06-16 17:55:00,17,-1,MARKDOWN,2,C,4339.03498,4357.652146336284,4292.492064159291,18.617166336283844,5.444292672567706,0,1,1,0,0,1,True,53566,0.10017528802788545
53566,2026-06-16 18:55:00,18,-1,MARKDOWN,1,C,4339.03498,4357.805474961761,4292.1087425955975,18.77049496176096,5.750949923522554,1,0,0,0,0,1,True,53567,-0.15476523159976943
53711,2026-06-17 08:00:00,8,-1,MARKDOWN,1,C,4337.48274,4351.432309655576,4302.60881586106,13.949569655575942,3.50461931115133,0,1,0,0,0,1,False,-1,
53723,2026-06-17 09:00:00,9,-1,MARKDOWN,1,C,4337.48274,4351.561722853764,4302.285282865591,14.078982853763591,3.763445707527116,0,0,1,0,0,1,False,-1,
53744,2026-06-17 10:45:00,10,-1,MARKDOWN,3,B,4329.05322,4337.922236565306,4306.880678586735,8.869016565306083,3.7644731306116657,0,1,1,0,1,1,True,53764,0.5280526258710626
53756,2026-06-17 11:45:00,11,-1,MARKDOWN,3,B,4327.54522,4335.951611082503,4306.529242293742,8.406391082503433,3.603222165008215,0,1,1,0,1,1,True,53762,-1.0
53791,2026-06-17 14:40:00,14,-1,MARKDOWN,3,B,4326.79126,4334.361705529547,4307.865146176132,7.570445529547214,2.8634110590939867,1,1,0,1,0,1,True,53792,-1.0
53813,2026-06-17 16:30:00,16,1,MARKUP,2,C,4325.0921,4314.7605291099935,4350.921027225016,10.331570890006333,4.19894178001143,0,1,0,0,1,1,False,-1,
53825,2026-06-17 17:30:00,17,1,MARKUP,2,C,4336.77912,4317.100760784759,4385.975018038103,19.67835921524147,5.618478430482716,0,1,1,0,0,1,True,53828,1.0477222134665074
53837,2026-06-17 18:30:00,18,1,MARKUP,1,C,4336.77912,4316.6374934465175,4387.133186383707,20.141626553482638,6.5450131069642845,0,1,0,0,0,1,False,-1,
53849,2026-06-17 19:30:00,19,1,MARKUP,1,C,4337.71884,4317.601873717519,4388.0112557062,20.116966282480462,4.616252564961883,0,1,0,0,0,1,True,53867,-1.0
53861,2026-06-17 20:30:00,20,1,MARKUP,2,C,4346.28038,4321.485513226758,4408.267546933106,24.794866773242575,5.208973546484506,0,1,1,0,0,1,True,53867,-1.0
53990,2026-06-18 08:15:00,8,1,MARKUP,2,C,4308.16438,4292.5955367892275,4347.086488026932,15.568843210772684,4.3289264215452565,0,1,1,0,0,1,True,53996,-1.0
54018,2026-06-18 10:35:00,10,-1,MARKDOWN,2,C,4312.86002,4327.271567448829,4276.831151377928,14.41154744882897,5.223134897659118,0,1,1,0,0,1,False,-1,
54030,2026-06-18 11:35:00,11,-1,MARKDOWN,1,C,4308.054459999999,4327.302526820891,4259.93429294777,19.248066820891836,5.285053641781961,0,1,0,0,0,1,False,-1,
54047,2026-06-18 13:00:00,13,-1,MARKDOWN,2,C,4299.84528,4327.2020617679245,4231.453325580187,27.356781767924986,5.084123535848581,0,1,1,0,0,1,False,-1,
54059,2026-06-18 14:00:00,14,-1,MARKDOWN,2,C,4286.68606,4312.110119037759,4223.125912405601,25.424059037759434,5.260238075519374,0,1,1,0,0,1,False,-1,
54071,2026-06-18 15:00:00,15,-1,MARKDOWN,1,C,4282.95774,4311.952980785391,4210.46963803652,28.995240785391616,4.945961570784186,0,1,0,0,0,1,False,-1,
54083,2026-06-18 16:00:00,16,-1,MARKDOWN,1,C,4272.6680400000005,4296.090698455788,4214.111393860532,23.422658455787314,6.521396911575142,0,1,0,0,0,1,True,54089,0.9019010029737917
54095,2026-06-18 17:00:00,17,-1,MARKDOWN,2,C,4262.1716400000005,4280.870855205381,4215.423601986548,18.699215205380824,8.381710410761936,0,1,1,0,0,1,False,-1,
54107,2026-06-18 18:00:00,18,-1,MARKDOWN,1,C,4261.52988,4280.688916315883,4213.632289210293,19.159036315882986,8.017832631765259,0,1,0,0,0,1,False,-1,
54119,2026-06-18 19:00:00,19,-1,MARKDOWN,1,C,4256.23154,4280.401521366157,4195.806586584607,24.169981366157117,7.443042732313511,0,1,0,0,0,1,False,-1,
54131,2026-06-18 20:00:00,20,-1,MARKDOWN,1,C,4252.755340000001,4279.866351061925,4184.977812345189,27.111011061924728,6.372702123849862,0,1,0,0,0,1,False,-1,
54263,2026-06-19 08:00:00,8,-1,MARKDOWN,2,C,4167.16914,4197.248446677129,4091.9708733071766,30.079306677129352,5.35689335425925,0,1,1,0,0,1,False,-1,
54275,2026-06-19 09:00:00,9,-1,MARKDOWN,2,C,4164.9428,4194.2202376374225,4091.749205906443,29.277437637422736,5.380475274845558,0,1,1,0,0,1,False,-1,
54345,2026-06-19 14:50:00,14,-1,MARKDOWN,1,C,4164.57116,4180.6574774390265,4124.355366402435,16.08631743902606,4.194954878051612,0,1,0,0,0,1,True,54357,-1.0
54370,2026-06-19 16:55:00,16,-1,MARKDOWN,3,B,4159.861999999999,4174.450258312715,4123.391354218209,14.58825831271588,7.020516625431038,0,1,1,0,1,1,False,-1,
54382,2026-06-19 17:55:00,17,-1,MARKDOWN,1,C,4155.02924,4165.969962399913,4127.677434000217,10.940722399913284,5.6999247998270555,0,1,0,0,0,1,True,54404,0.9809529311306313
54397,2026-06-19 19:10:00,19,-1,MARKDOWN,2,C,4146.25364,4150.989103958764,4134.414980103091,4.73546395876383,4.138207917527257,0,1,1,0,0,1,True,54399,-1.0
54497,2026-06-22 08:25:00,8,1,MARKUP,2,C,4186.91966,4163.841264721216,4244.615648196957,23.07839527878332,4.037470557566905,0,1,1,0,0,1,False,-1,
54512,2026-06-22 09:40:00,9,1,MARKUP,2,C,4182.93052,4168.459050857003,4219.109192857493,14.471469142997194,4.601898285995108,0,1,1,0,0,1,False,-1,
54524,2026-06-22 10:40:00,10,1,MARKUP,0,C,4184.72592,4168.654451913309,4224.904590216728,16.07146808669131,4.211096173384202,0,0,0,0,0,1,False,-1,
54536,2026-06-22 11:40:00,11,1,MARKUP,1,C,4184.72592,4168.862322973785,4224.384912565537,15.863597026214848,3.7953540524304055,0,0,1,0,0,1,False,-1,
54552,2026-06-22 13:00:00,13,1,MARKUP,1,C,4191.14594,4177.424808363041,4225.448769092399,13.721131636959399,4.01038327391932,0,1,0,0,0,1,False,-1,
54564,2026-06-22 14:00:00,14,1,MARKUP,2,C,4198.4419,4186.781552541508,4227.592768646229,11.660347458491742,3.876894916984007,0,1,1,0,0,1,True,54586,-1.0
54576,2026-06-22 15:00:00,15,1,MARKUP,2,C,4198.80098,4186.781817711568,4228.8488857210805,12.019162288432199,3.8763645768656314,0,1,1,0,0,1,True,54586,-1.0
54620,2026-06-22 18:40:00,18,-1,MARKDOWN,2,C,4201.88516,4217.995999286122,4161.608061784694,16.110839286122427,5.77199857224587,0,1,1,0,0,1,False,-1,
54632,2026-06-22 19:40:00,19,-1,MARKDOWN,2,C,4195.77038,4214.309865194275,4149.421667014313,18.539485194274675,5.05973038855061,0,1,1,0,0,1,False,-1,
54644,2026-06-22 20:40:00,20,-1,MARKDOWN,0,C,4195.12148,4212.925439354659,4150.6115816133515,17.803959354659128,4.390878709319296,0,0,0,0,0,1,False,-1,
54768,2026-06-23 08:00:00,8,-1,MARKDOWN,1,C,4166.24806,4201.429659314007,4078.294061714982,35.181599314007144,6.439318628013484,0,1,0,0,0,1,False,-1,
54780,2026-06-23 09:00:00,9,-1,MARKDOWN,1,C,4163.81932,4197.692950870961,4079.1352428225964,33.87363087096128,6.825901741922301,0,1,0,0,0,1,False,-1,
54792,2026-06-23 10:00:00,10,-1,MARKDOWN,1,C,4143.16996,4167.060713910987,4083.443075222533,23.89075391098686,7.121427821973878,0,1,0,0,0,1,False,-1,
54804,2026-06-23 11:00:00,11,-1,MARKDOWN,2,C,4125.8171999999995,4150.282324336587,4064.6543891585297,24.465124336587905,6.604648673175762,0,1,1,0,0,1,True,54828,-0.05202507792274551
54897,2026-06-23 18:45:00,18,1,MARKUP,1,C,4120.62338,4102.247361664464,4166.56342583884,18.376018335536173,6.505276671072612,0,1,0,0,0,1,False,-1,
54909,2026-06-23 19:45:00,19,1,MARKUP,1,C,4120.62338,4103.050392256532,4164.55584935867,17.57298774346782,4.899215486935068,0,1,0,0,0,1,True,54930,-1.0
54921,2026-06-23 20:45:00,20,1,MARKUP,1,C,4120.62338,4103.358803564798,4163.784821088005,17.26457643520189,4.2823928704044985,0,0,1,0,0,1,True,54930,-1.0
55044,2026-06-24 08:00:00,8,-1,MARKDOWN,1,C,4088.53172,4114.54427571675,4023.5003307081242,26.012555716750285,5.008551433499676,0,0,1,0,0,1,True,55057,0.9536845538973444
55104,2026-06-24 13:00:00,13,-1,MARKDOWN,2,C,4083.0901799999997,4100.016014576488,4040.77559355878,16.925834576487887,4.812029152975971,0,1,1,0,0,1,False,-1,
55116,2026-06-24 14:00:00,14,-1,MARKDOWN,2,C,4079.8355399999996,4100.110404516346,4029.1483787091347,20.274864516346042,5.000809032691736,0,1,1,0,0,1,False,-1,
55128,2026-06-24 15:00:00,15,-1,MARKDOWN,2,C,4070.5076,4094.1194076039183,4011.478080990204,23.61180760391835,6.578815207836711,0,1,1,0,0,1,False,-1,
55140,2026-06-24 16:00:00,16,-1,MARKDOWN,2,C,4043.39024,4092.8963019677362,3919.62508508066,49.50606196773606,10.632603935472712,0,1,1,0,0,1,False,-1,
55152,2026-06-24 17:00:00,17,-1,MARKDOWN,1,C,4035.37954,4085.920175120066,3909.0279521998355,50.54063512006587,13.58035024013154,1,0,0,0,0,1,False,-1,
55164,2026-06-24 18:00:00,18,-1,MARKDOWN,2,C,4027.8214,4072.287603401963,3916.655891495091,44.46620340196341,10.77520680392592,0,0,1,0,1,1,False,-1,
55176,2026-06-24 19:00:00,19,-1,MARKDOWN,2,C,4021.22116,4060.799905625831,3922.2742959354227,39.578745625830834,9.15981125166245,0,1,1,0,0,1,True,55183,1.0476178836383543
55188,2026-06-24 20:00:00,20,-1,MARKDOWN,2,C,4014.72598,4049.4308305412187,3927.963853646954,34.70485054121855,7.441661082437547,1,0,0,1,0,1,False,-1,
55334,2026-06-25 09:10:00,9,-1,MARKDOWN,3,B,3985.85904,4003.2942348567644,3942.2710528580883,17.43519485676461,6.388469713528657,0,1,1,0,1,1,True,55337,-1.0
55346,2026-06-25 10:10:00,10,-1,MARKDOWN,3,B,3981.75112,3994.388228425691,3950.1583489357718,12.637108425691167,6.296456851382256,1,1,0,1,1,1,True,55347,-1.0
55390,2026-06-25 13:50:00,13,-1,MARKDOWN,3,B,3984.03686,3993.872715047496,3959.4472223812604,9.835855047495897,4.185430094991361,1,1,1,0,0,1,True,55391,0.5
55403,2026-06-25 14:55:00,14,-1,MARKDOWN,3,B,3982.8626600000002,3992.02541982745,3959.9557604313754,9.162759827449918,4.290839654899696,0,1,1,1,0,1,True,55404,-1.0
55415,2026-06-25 15:55:00,15,1,MARKUP,1,C,3991.1171799999997,3969.6417043077345,4044.805869230663,21.475475692265263,8.196591384531006,0,1,0,0,0,1,False,-1,
55427,2026-06-25 16:55:00,16,1,MARKUP,1,C,3996.77842,3968.796391024134,4066.7334924396646,27.982028975865887,9.887217951731394,1,0,0,0,0,1,False,-1,
55439,2026-06-25 17:55:00,17,1,MARKUP,0,C,3996.77842,3969.1934104385346,4065.7409439036637,27.58500956146554,9.093179122930106,0,0,0,0,0,1,False,-1,
55451,2026-06-25 18:55:00,18,1,MARKUP,2,C,4000.10182,3968.996898358817,4077.8641241029572,31.104921641182955,9.486203282365658,0,1,1,0,0,1,False,-1,
55463,2026-06-25 19:55:00,19,1,MARKUP,1,C,4003.78786,3975.3279306124414,4074.9376834688965,28.45992938755853,7.0841387751166245,0,1,0,0,0,1,False,-1,
55475,2026-06-25 20:55:00,20,1,MARKUP,2,C,4016.3518,3996.639200605061,4065.633298487347,19.712599394938934,5.12159878987731,0,1,1,0,0,1,False,-1,
55620,2026-06-26 10:00:00,10,1,MARKUP,2,C,4002.52706,3980.255996882129,4058.204717794678,22.27106311787111,5.70800623574267,0,1,1,0,0,1,False,-1,
55632,2026-06-26 11:00:00,11,1,MARKUP,1,C,4008.6854999999996,3987.048963543064,4062.7768411423385,21.636536456935573,4.882072913871342,0,1,0,0,0,1,False,-1,
55656,2026-06-26 13:00:00,13,1,MARKUP,1,C,4024.2929599999998,4003.378364906002,4076.5794477349946,20.914595093997832,4.943270187996171,0,1,0,0,0,1,False,-1,
55668,2026-06-26 14:00:00,14,1,MARKUP,1,C,4025.4579,4004.645258744805,4077.4895031379874,20.812641255195103,4.609482510389887,0,1,0,0,0,1,False,-1,
55680,2026-06-26 15:00:00,15,1,MARKUP,1,C,4037.18136,4023.910532548827,4070.358428627932,13.270827451172863,4.018934902345418,0,0,1,0,0,1,True,55688,1.0203549496583817
55692,2026-06-26 16:00:00,16,1,MARKUP,3,B,4041.24584,4022.8561128454116,4087.220157886471,18.3897271545884,6.1277743091769485,0,1,1,0,1,1,False,-1,
55704,2026-06-26 17:00:00,17,1,MARKUP,3,B,4051.44674,4030.1218256712586,4104.759025821853,21.324914328741215,8.216348657483177,0,1,1,1,1,1,False,-1,
55716,2026-06-26 18:00:00,18,1,MARKUP,1,C,4057.75984,4032.1722784983785,4121.728743754054,25.58756150162162,7.535443003243114,0,1,0,0,0,1,False,-1,
55728,2026-06-26 19:00:00,19,1,MARKUP,2,C,4058.86764,4032.5804867659494,4124.585523085127,26.287153234050493,6.719026468100873,0,1,1,0,0,1,False,-1,
55740,2026-06-26 20:00:00,20,1,MARKUP,0,C,4058.86764,4033.487732544528,4122.317408638679,25.379907455471766,4.904534910943606,0,0,0,0,0,1,False,-1,
55872,2026-06-29 08:00:00,8,-1,MARKDOWN,1,C,4064.7412,4077.872690574608,4031.9124735634796,13.131490574608051,4.565381149215968,0,1,0,0,0,1,True,55893,0.9138539868669355
55884,2026-06-29 09:00:00,9,-1,MARKDOWN,1,C,4061.78834,4078.3696271443605,4020.335122139099,16.58128714436043,5.559254288720315,1,0,0,0,0,1,True,55885,0.738708231354247
55896,2026-06-29 10:00:00,10,-1,MARKDOWN,2,C,4061.78834,4077.9623533940944,4021.353306514764,16.174013394094345,4.744706788188762,1,0,1,0,0,1,True,55899,0.7447190830973602
55917,2026-06-29 11:45:00,11,-1,MARKDOWN,3,B,4059.545,4074.0939318869814,4023.1726702825467,14.548931886981336,4.267863773962704,0,1,1,1,0,1,False,-1,
55932,2026-06-29 13:00:00,13,-1,MARKDOWN,3,B,4051.752,4071.372587036417,4002.7005324089578,19.620587036416964,5.625174072833671,0,1,1,1,0,1,False,-1,
55944,2026-06-29 14:00:00,14,-1,MARKDOWN,2,C,4051.752,4070.971873957154,4003.702315107115,19.21987395715405,4.823747914307985,0,1,1,0,0,1,True,55958,1.75
55956,2026-06-29 15:00:00,15,-1,MARKDOWN,0,C,4051.752,4071.060856724826,4003.479858187935,19.308856724826,5.001713449652328,0,0,0,0,0,1,True,55958,1.75
55977,2026-06-29 16:45:00,16,-1,MARKDOWN,3,B,4043.7798,4058.568907409975,4006.8070314750616,14.789107409975259,5.817814819950448,0,1,1,1,0,1,False,-1,
55989,2026-06-29 17:45:00,17,-1,MARKDOWN,2,C,4032.45174,4055.9851210813995,3973.618287296501,23.53338108139951,7.010242162799192,0,1,1,0,0,1,False,-1,
56001,2026-06-29 18:45:00,18,-1,MARKDOWN,1,C,4032.45174,4055.494509471122,3974.8448163221947,23.04276947112203,6.029018942243766,1,0,0,0,0,1,False,-1,
56021,2026-06-29 20:25:00,20,-1,MARKDOWN,2,C,4031.99442,4053.860930096439,3977.3281447589025,21.866510096439015,4.241860192878479,0,1,1,0,0,1,False,-1,
56172,2026-06-30 10:00:00,10,1,MARKUP,2,C,3983.5629999999996,3948.649519592024,4070.8467010199392,34.91348040797584,7.560960815951687,0,1,0,0,1,1,False,-1,
56184,2026-06-30 11:00:00,11,1,MARKUP,2,C,3989.34638,3957.37783455322,4069.2677436169497,31.9685454467799,5.804330893559893,0,1,1,0,0,1,False,-1,
56208,2026-06-30 13:00:00,13,1,MARKUP,1,C,3999.07826,3973.0944693214733,4064.0377366963157,25.983790678526475,4.271061357053358,0,0,1,0,0,1,False,-1,
56220,2026-06-30 14:00:00,14,1,MARKUP,1,C,4004.57228,3982.299913609635,4060.2531959759117,22.272366390364823,3.64017278072925,0,1,0,0,0,1,False,-1,
56232,2026-06-30 15:00:00,15,1,MARKUP,1,C,4029.12542,4021.9456955078713,4047.074731230321,7.179724492128571,3.8086089842570483,0,1,0,0,0,1,True,56233,-1.0
56247,2026-06-30 16:15:00,16,1,MARKUP,3,B,4021.97124,4009.8926690121552,4052.1676674696114,12.078570987844614,5.194661975688994,0,1,1,1,0,1,True,56248,1.75
56259,2026-06-30 17:15:00,17,1,MARKUP,2,C,4024.26886,4004.858179581014,4072.795561047465,19.410680418985976,7.703640837972148,0,1,1,0,0,1,True,56272,-1.0
56275,2026-06-30 18:35:00,18,1,MARKUP,3,B,4029.6054,4005.34625318268,4090.2532670433,24.259146817320016,6.727493634640078,1,0,1,0,1,1,True,56276,-1.0
56424,2026-07-01 08:00:00,8,-1,MARKDOWN,2,C,3994.66572,4011.6883323836173,3952.1091890409566,17.022612383617343,3.8366647672348133,0,1,1,0,0,1,False,-1,
56436,2026-07-01 09:00:00,9,-1,MARKDOWN,1,C,3982.59822,3992.5128029984285,3957.8117625039285,9.914582998428614,3.945605996856922,0,1,0,0,0,1,False,-1,
56448,2026-07-01 10:00:00,10,-1,MARKDOWN,3,B,3977.8356999999996,3989.1468604368492,3949.5577989078756,11.311160436849605,4.553720873698272,0,1,1,0,1,1,True,56459,-1.0
56460,2026-07-01 11:00:00,11,-1,MARKDOWN,1,C,3976.6973399999997,3989.3944518487037,3944.95456037824,12.697111848704026,5.048903697407672,0,0,1,0,0,1,True,56463,-1.0
56497,2026-07-01 14:05:00,14,1,MARKUP,2,C,3979.56156,3958.031692358634,4033.3862291034156,21.52986764136631,4.416615282732011,0,1,1,0,0,1,False,-1,
56509,2026-07-01 15:05:00,15,1,MARKUP,2,C,3989.01988,3957.5136363481743,4067.7854891295638,31.50624365182557,5.452727303651286,0,1,0,0,1,1,False,-1,
56521,2026-07-01 16:05:00,16,1,MARKUP,1,C,3994.6992999999998,3966.538264480533,4065.1018887986666,28.161035519466623,5.783471038933102,0,1,0,0,0,1,False,-1,
56533,2026-07-01 17:05:00,17,1,MARKUP,1,C,4025.0826,3967.943895283974,4167.929361790066,57.13870471602604,11.672209432052366,0,1,0,0,0,1,False,-1,
56545,2026-07-01 18:05:00,18,1,MARKUP,1,C,4032.53248,3976.018916500159,4173.816388749602,56.513563499840984,10.162166999682432,0,1,0,0,0,1,False,-1,
56557,2026-07-01 19:05:00,19,1,MARKUP,1,C,4050.232,4006.080491144554,4160.610772138615,44.15150885544608,7.31901771089136,0,0,1,0,0,1,False,-1,
56700,2026-07-02 08:00:00,8,1,MARKUP,0,C,4048.32378,4030.552962898227,4092.7508227544326,17.77081710177299,3.614074203545572,0,0,0,0,0,1,False,-1,
56712,2026-07-02 09:00:00,9,1,MARKUP,3,B,4054.45754,4038.8269982027687,4093.533894493078,15.630541797231217,4.926003594462421,0,1,1,0,1,1,False,-1,
56724,2026-07-02 10:00:00,10,1,MARKUP,1,C,4056.00846,4038.671419005743,4099.351062485643,17.337040994257222,5.237161988514253,0,1,0,0,0,1,False,-1,
56736,2026-07-02 11:00:00,11,1,MARKUP,1,C,4063.45536,4050.750848321159,4095.2166391971023,12.704511678840845,5.178303357682045,1,0,0,0,0,1,True,56760,2.5
56790,2026-07-02 15:30:00,15,1,MARKUP,2,C,4084.2909000000004,4053.0861425605926,4162.30279359852,31.204757439407786,8.96771487881471,0,1,1,0,0,1,False,-1,
56802,2026-07-02 16:30:00,16,1,MARKUP,3,B,4089.23016,4052.376618816621,4181.364012958447,36.85354118337909,10.386762366758564,0,1,1,1,0,1,False,-1,
56814,2026-07-02 17:30:00,17,1,MARKUP,1,C,4090.58244,4052.622577855337,4185.482095361658,37.95986214466302,9.894844289326038,0,1,0,0,0,1,False,-1,
56826,2026-07-02 18:30:00,18,1,MARKUP,1,C,4090.58244,4053.2146334421036,4184.001956394742,37.36780655789653,8.710733115793042,0,1,0,0,0,1,False,-1,
56841,2026-07-02 19:45:00,19,1,MARKUP,2,C,4092.99882,4057.9767113101407,4180.554091724647,35.022108689859124,7.006577379718629,0,1,1,0,0,1,False,-1,
56976,2026-07-03 08:00:00,8,1,MARKUP,2,C,4151.99224,4123.405865763788,4223.458175590529,28.586374236211668,3.4482684724248918,0,1,1,0,0,1,False,-1,
57012,2026-07-03 11:00:00,11,1,MARKUP,2,C,4169.758220000001,4158.32069859061,4198.352023523477,11.437521409390683,4.378602818780871,0,1,1,0,0,1,True,57030,0.9986268406373808
57036,2026-07-03 13:00:00,13,1,MARKUP,1,C,4170.4572800000005,4158.596556813807,4200.109087965484,11.860723186193354,3.8268863723857396,0,0,1,0,0,1,False,-1,
57050,2026-07-03 14:10:00,14,1,MARKUP,2,C,4170.4572800000005,4158.930286865984,4199.274762835041,11.526993134016266,3.1594262680321057,0,1,1,0,0,1,True,57073,-1.0
57062,2026-07-03 15:10:00,15,1,MARKUP,1,C,4175.87714,4167.759703213967,4196.1707319650795,8.117436786032158,3.0405935720644326,0,0,0,0,1,1,True,57063,-1.0
57087,2026-07-03 17:15:00,17,-1,MARKDOWN,1,C,4174.56058,4188.524801281985,4139.65002679504,13.964221281984464,4.389602563970244,0,1,0,0,0,1,False,-1,
57099,2026-07-03 18:15:00,18,-1,MARKDOWN,1,C,4174.56058,4188.18613871209,4140.496683219777,13.625558712089514,3.7122774241790015,1,0,0,0,0,1,True,57118,-1.0
57111,2026-07-03 19:15:00,19,-1,MARKDOWN,1,C,4174.56058,4187.741434187956,4141.608444530111,13.180854187955447,2.822868375911468,0,1,0,0,0,1,True,57118,-1.0
57205,2026-07-06 08:00:00,8,-1,MARKDOWN,2,C,4184.28166,4204.948940379421,4132.613459051445,20.667280379421754,3.997880758842528,0,1,1,0,0,1,False,-1,
57217,2026-07-06 09:00:00,9,-1,MARKDOWN,2,C,4180.79782,4205.267846610712,4119.62275347322,24.47002661071201,4.635693221423292,0,1,1,0,0,1,False,-1,
57229,2026-07-06 10:00:00,10,-1,MARKDOWN,1,C,4170.37216,4188.264049921837,4125.642435195407,17.89188992183699,4.368099843673163,0,1,0,0,0,1,False,-1,
57248,2026-07-06 11:35:00,11,-1,MARKDOWN,3,B,4158.432400000001,4168.75190248022,4132.6336437994505,10.319502480219853,3.9838049604395773,0,1,1,1,0,1,False,-1,
57265,2026-07-06 13:00:00,13,-1,MARKDOWN,2,C,4154.97954,4168.063729295241,4122.269066761899,13.084189295240321,3.6074585904799132,0,1,0,0,1,1,True,57273,1.083426703708834
57277,2026-07-06 14:00:00,14,-1,MARKDOWN,3,B,4154.97954,4167.926253702042,4122.612755744895,12.946713702041961,3.33250740408439,1,0,1,0,1,1,True,57279,1.0896218613392592
57294,2026-07-06 15:25:00,15,-1,MARKDOWN,3,B,4154.97954,4168.140625379068,4122.07682655233,13.161085379068027,3.761250758136944,0,1,1,1,1,1,False,-1,
57306,2026-07-06 16:25:00,16,-1,MARKDOWN,2,C,4148.8549,4162.2318264583455,4115.412583854137,13.376926458345224,5.323652916690832,0,1,0,0,1,1,True,57307,0.8090401414716629
57318,2026-07-06 17:25:00,17,-1,MARKDOWN,2,C,4148.8549,4162.845685607443,4113.877935981394,13.990785607442376,6.5513712148854815,0,1,0,0,1,1,True,57330,-1.0
57337,2026-07-06 19:00:00,19,-1,MARKDOWN,2,C,4147.7089,4162.166130533769,4111.565823665575,14.457230533769689,5.192261067538547,0,0,1,0,1,1,True,57343,-1.0
57360,2026-07-06 20:55:00,20,1,MARKUP,2,C,4141.183300000001,4126.669736642055,4177.467208394864,14.513563357945714,3.7005267158919253,0,1,1,0,0,1,False,-1,
57481,2026-07-07 08:00:00,8,-1,MARKDOWN,1,C,4147.4614599999995,4164.660733145401,4104.463277136497,17.199273145401094,3.8614662908015034,0,1,0,0,0,1,False,-1,
57493,2026-07-07 09:00:00,9,-1,MARKDOWN,1,C,4136.13374,4150.472404795084,4100.28707801229,14.338664795083787,4.664809590168143,0,1,0,0,0,1,False,-1,
57505,2026-07-07 10:00:00,10,-1,MARKDOWN,1,C,4134.3848,4147.397047391783,4101.854181520541,13.012247391783603,4.174094783565276,0,0,1,0,0,1,True,57519,0.7419344327635322
57527,2026-07-07 11:50:00,11,-1,MARKDOWN,2,C,4131.87572,4143.445341355282,4102.951666611795,11.569621355281924,4.390682710563815,0,1,1,0,0,1,True,57537,-1.0
57562,2026-07-07 14:45:00,14,1,MARKUP,3,B,4132.00344,4117.888832654607,4167.289958363484,14.114607345393779,3.842334690787174,0,1,1,0,1,1,False,-1,
57574,2026-07-07 15:45:00,15,1,MARKUP,1,C,4140.90022,4117.182454897602,4200.194632755996,23.717765102398516,5.255090204797404,0,1,0,0,0,1,False,-1,
57586,2026-07-07 16:45:00,16,1,MARKUP,1,C,4142.9974,4116.314127917909,4209.705580205228,26.683272082091207,6.991744164182845,0,1,0,0,0,1,True,57604,-1.0
57757,2026-07-08 08:00:00,8,1,MARKUP,2,C,4109.704500000001,4094.483922846114,4147.755942884717,15.220577153886552,3.8921543077717726,0,1,1,0,0,1,False,-1,
57769,2026-07-08 09:00:00,9,1,MARKUP,0,C,4110.75882,4094.291188194705,4151.927899513238,16.46763180529524,4.277623610590604,0,0,0,0,0,1,False,-1,
57797,2026-07-08 11:20:00,11,-1,MARKDOWN,3,B,4113.72074,4137.638252215458,4053.926959461354,23.917512215458373,7.396504430917476,0,1,1,1,0,1,False,-1,
57817,2026-07-08 13:00:00,13,-1,MARKDOWN,1,C,4098.69668,4137.549247672622,4001.5652608184446,38.85256767262217,7.218495345246031,0,1,0,0,0,1,False,-1,
57829,2026-07-08 14:00:00,14,-1,MARKDOWN,1,C,4098.0443399999995,4136.659845935939,4001.50557516015,38.61550593593984,6.079691871878585,0,0,1,0,0,1,False,-1,
57841,2026-07-08 15:00:00,15,-1,MARKDOWN,0,C,4094.1818399999997,4130.833834861559,4002.5518528461016,36.65199486155916,6.927669723118362,0,0,0,0,0,1,False,-1,
57872,2026-07-08 17:35:00,17,-1,MARKDOWN,2,C,4049.01222,4058.4243587356327,4025.4818731609184,9.412138735632652,8.288717471265421,0,1,1,0,0,1,True,57873,1.75
57884,2026-07-08 18:35:00,18,-1,MARKDOWN,1,C,4061.78134,4090.558778640717,3989.8377433982077,28.77743864071681,8.177557281433868,0,1,0,0,0,1,True,57899,-1.0
57896,2026-07-08 19:35:00,19,-1,MARKDOWN,0,C,4061.78134,4089.607432139801,3992.216109650498,27.82609213980095,6.27486427960189,0,0,0,0,0,1,True,57899,-1.0
58033,2026-07-09 08:00:00,8,-1,MARKDOWN,0,C,4076.1799,4091.879515632839,4036.9308609179034,15.699615632838686,4.2390312656770055,0,0,0,0,0,1,True,58040,-1.0
58046,2026-07-09 09:05:00,9,1,MARKUP,2,C,4071.5719,4051.358426757929,4122.105583105177,20.213473242070904,5.703146484142403,0,1,1,0,0,1,False,-1,
58058,2026-07-09 10:05:00,10,1,MARKUP,2,C,4075.59818,4051.605472225807,4135.579949435483,23.99270777419315,5.209055548386597,0,1,0,0,1,1,False,-1,
58070,2026-07-09 11:05:00,11,1,MARKUP,2,C,4075.99928,4051.9876419750144,4136.028375062464,24.011638024985587,4.444716049971226,0,1,1,0,0,1,False,-1,
58093,2026-07-09 13:00:00,13,1,MARKUP,1,C,4085.1101599999997,4063.0741535602046,4140.200176099487,22.036006439795074,3.671692879590353,0,0,1,0,0,1,False,-1,
58118,2026-07-09 15:05:00,15,1,MARKUP,3,B,4103.86896,4091.5987064753594,4134.544593811601,12.270253524640339,4.46258704928073,0,1,1,1,0,1,False,-1,
58130,2026-07-09 16:05:00,16,1,MARKUP,2,C,4104.83542,4091.1536342219006,4139.03988444525,13.681785778099766,5.352731556198274,0,1,1,0,0,1,False,-1,
58142,2026-07-09 17:05:00,17,1,MARKUP,2,C,4110.07264,4090.500122170723,4159.003934573194,19.57251782927733,6.659755658554092,0,1,1,0,0,1,False,-1,
58154,2026-07-09 18:05:00,18,1,MARKUP,1,C,4110.07264,4090.921013177125,4157.951707057188,19.151626822875187,5.817973645749635,0,1,0,0,0,1,False,-1,
58166,2026-07-09 19:05:00,19,1,MARKUP,2,C,4113.2677,4096.78314925714,4154.47907685715,16.484550742859938,4.433701485719985,0,1,1,0,0,1,False,-1,
58178,2026-07-09 20:05:00,20,1,MARKUP,0,C,4117.55892,4103.03716735329,4153.863301616777,14.52175264671041,3.7856652934197688,0,0,0,0,0,1,False,-1,
58309,2026-07-10 08:00:00,8,-1,MARKDOWN,2,C,4122.58544,4132.629447762218,4097.4754205944555,10.044007762217916,3.2188955244352164,0,1,1,0,0,1,False,-1,
58321,2026-07-10 09:00:00,9,-1,MARKDOWN,0,C,4124.6097,4136.597564339502,4094.6400391512443,11.987864339502266,3.6151286790038535,0,0,0,0,0,1,False,-1,
58333,2026-07-10 10:00:00,10,-1,MARKDOWN,2,C,4124.6097,4136.499620719085,4094.884898202287,11.88992071908524,3.4192414381698697,0,1,1,0,0,1,False,-1,
58345,2026-07-10 11:00:00,11,-1,MARKDOWN,2,C,4123.02822,4136.66391838408,4088.938974039801,13.63569838407966,3.7478367681602456,0,1,1,0,0,1,False,-1,
58369,2026-07-10 13:00:00,13,-1,MARKDOWN,1,C,4110.31934,4121.687716665667,4081.898398335833,11.368376665666801,3.1554333313351455,1,0,0,0,0,1,True,58373,0.8213570160487278
58386,2026-07-10 14:25:00,14,-1,MARKDOWN,3,B,4107.87206,4117.763962642568,4083.142303393579,9.891902642568311,3.227925285136815,0,1,1,0,1,1,True,58391,0.6270732273915496
58399,2026-07-10 15:30:00,15,-1,MARKDOWN,3,B,4106.48156,4116.209923728633,4082.1606506784183,9.728363728632758,4.619847457266269,0,1,1,0,1,1,True,58408,1.0582303219644502
58411,2026-07-10 16:30:00,16,-1,MARKDOWN,2,C,4105.33532,4120.368760046977,4067.751719882559,15.033440046976466,5.817520093953812,0,1,1,0,0,1,True,58415,0.6114588677453126
58423,2026-07-10 17:30:00,17,-1,MARKDOWN,3,B,4100.36932,4121.448033196031,4047.672537009921,21.078713196031458,7.976066392062642,0,1,1,1,1,1,True,58425,1.0503074751098513
58585,2026-07-13 08:00:00,8,-1,MARKDOWN,1,C,4075.5587800000003,4093.1184635390146,4031.6595711524647,17.55968353901426,4.016927078029009,0,1,0,0,0,1,False,-1,
58597,2026-07-13 09:00:00,9,-1,MARKDOWN,2,C,4074.0598,4092.482362616233,4028.0033934594176,18.42256261623288,5.444725232465665,0,1,1,0,0,1,False,-1,
58609,2026-07-13 10:00:00,10,-1,MARKDOWN,1,C,4064.6377199999997,4080.0059163966794,4026.217229008301,15.36819639667965,5.111832793358719,0,1,0,0,0,1,True,58620,-1.0
58653,2026-07-13 13:40:00,13,-1,MARKDOWN,2,C,4056.50484,4066.488276520288,4031.5462486992806,9.983436520287796,4.396553040575556,0,1,1,0,0,1,True,58655,-1.0
58667,2026-07-13 14:50:00,14,-1,MARKDOWN,3,B,4067.59976,4083.1499101567374,4028.7243846081565,15.550150156737345,4.879820313474928,0,1,1,0,1,1,False,-1,
58687,2026-07-13 16:30:00,16,-1,MARKDOWN,3,B,4066.27106,4080.860139887542,4029.7983602811446,14.589079887542084,4.600279775084748,0,1,1,0,1,1,False,-1,
58699,2026-07-13 17:30:00,17,-1,MARKDOWN,2,C,4046.55744,4078.4455448382464,3966.837177904384,31.888104838246363,9.471089676492873,0,1,1,0,0,1,False,-1,
58711,2026-07-13 18:30:00,18,-1,MARKDOWN,2,C,4042.2885,4071.8531603348642,3968.37684916284,29.56466033486413,6.9863206697279745,0,1,1,0,0,1,False,-1,
58723,2026-07-13 19:30:00,19,-1,MARKDOWN,2,C,4039.25542,4071.3711091499517,3958.9661971251207,32.11568914995178,6.022218299903294,0,1,1,0,0,1,False,-1,
58735,2026-07-13 20:30:00,20,-1,MARKDOWN,1,C,4036.63036,4070.1726344767008,3952.7746738082487,33.54227447670064,5.185268953401649,0,1,0,0,0,1,False,-1,
58861,2026-07-14 08:00:00,8,1,MARKUP,1,C,3998.33864,3981.147294839626,4041.317002900935,17.191345160374112,3.4254103207481585,0,1,0,0,0,1,False,-1,
58873,2026-07-14 09:00:00,9,1,MARKUP,1,C,4008.2367,3990.5255154064844,4052.5146614837886,17.711184593515554,3.448969187031286,0,1,0,0,0,1,False,-1,
58885,2026-07-14 10:00:00,10,1,MARKUP,1,C,4018.13088,4006.5560187380324,4047.0680331549192,11.574861261967726,3.4079625239353573,0,0,1,0,0,1,True,58897,0.8301785135736706
58937,2026-07-14 14:20:00,14,1,MARKUP,2,C,4024.2132800000004,4018.8158279970053,4037.706910007488,5.397452002995124,3.88834400598991,0,1,1,0,0,1,True,58949,1.75
58949,2026-07-14 15:20:00,15,1,MARKUP,3,B,4022.23692,4011.7870331441623,4048.3616371395938,10.449886855837576,4.045933711675003,0,1,1,0,1,1,False,-1,
58961,2026-07-14 16:20:00,16,1,MARKUP,3,B,4047.89586,4008.7799158201465,4145.685720449634,39.115944179853614,10.060168359707196,0,1,1,1,0,1,False,-1,
58973,2026-07-14 17:20:00,17,1,MARKUP,1,C,4047.9144,4009.258373038308,4144.55446740423,38.65602696169208,9.163253923384357,0,1,0,0,0,1,False,-1,
58985,2026-07-14 18:20:00,18,1,MARKUP,1,C,4048.75488,4011.0098029003693,4143.117572749076,37.745077099630635,8.3803941992608,0,1,0,0,0,1,False,-1,
59137,2026-07-15 08:00:00,8,-1,MARKDOWN,2,C,4049.09728,4063.673310573897,4012.657203565257,14.576030573897242,3.206621147793795,0,1,1,0,0,1,False,-1,
59149,2026-07-15 09:00:00,9,-1,MARKDOWN,0,C,4046.60066,4063.620218370514,4004.0517640737153,17.019558370514005,3.960436741028108,0,0,0,0,0,1,False,-1,
59161,2026-07-15 10:00:00,10,-1,MARKDOWN,1,C,4034.18732,4044.0817881223247,4009.451149694188,9.894468122324724,3.943576244649036,1,0,0,0,0,1,True,59185,-1.0
59173,2026-07-15 11:00:00,11,-1,MARKDOWN,2,C,4032.44844,4042.3233273175397,4007.7612217061514,9.87488731753956,4.026654635079128,0,1,1,0,0,1,True,59184,-1.0
59227,2026-07-15 15:30:00,15,1,MARKUP,2,C,4031.6403999999998,4015.285542083112,4072.5275447922195,16.354857916887795,4.288915833776159,0,1,1,0,0,1,False,-1,
59239,2026-07-15 16:30:00,16,1,MARKUP,1,C,4043.5717,4021.898318188992,4097.75515452752,21.673381811007857,5.643363622015092,0,1,0,0,0,1,True,59259,1.0403364429713546
59251,2026-07-15 17:30:00,17,1,MARKUP,2,C,4044.09082,4022.7961525761384,4097.327488559654,21.294667423861483,5.52769484772288,0,1,1,0,0,1,True,59259,1.0377570734957051
59413,2026-07-16 08:00:00,8,-1,MARKDOWN,2,C,4047.09016,4062.6831703610114,4008.1076340974723,15.593010361011238,2.826340722023107,0,1,1,0,0,1,False,-1,
59425,2026-07-16 09:00:00,9,-1,MARKDOWN,1,C,4039.58146,4050.9659252681618,4011.120296829595,11.384465268161875,3.6918505363240395,0,1,0,0,0,1,False,-1,
59437,2026-07-16 10:00:00,10,-1,MARKDOWN,2,C,4032.19438,4039.548175537825,4013.809891155437,7.353795537825135,3.31635107565032,0,1,1,0,0,1,True,59449,0.7229137410989989
59449,2026-07-16 11:00:00,11,-1,MARKDOWN,0,C,4032.19438,4039.58231484905,4013.724542877375,7.387934849049998,3.3846296980999857,0,0,0,0,0,1,True,59454,0.7218836668307268
59484,2026-07-16 13:55:00,13,-1,MARKDOWN,3,B,4031.31064,4037.8393912792903,4014.9887618017747,6.528751279290191,2.758782558580635,0,1,1,0,1,1,True,59492,-1.0
59500,2026-07-16 15:15:00,15,-1,MARKDOWN,2,C,4031.69934,4046.5657209748783,3994.533387562805,14.866380974878211,6.331441949756557,1,0,1,0,0,1,False,-1,
59512,2026-07-16 16:15:00,16,-1,MARKDOWN,1,C,4016.75932,4047.792853349734,3939.175486625666,31.033533349733716,8.7857066994671,0,1,0,0,0,1,False,-1,
59524,2026-07-16 17:15:00,17,-1,MARKDOWN,1,C,4016.75932,4047.5548618168473,3939.770465457882,30.795541816847162,8.309723633694464,0,1,0,0,0,1,True,59538,0.8254004038127425
59536,2026-07-16 18:15:00,18,-1,MARKDOWN,0,C,4016.75932,4046.9706241943863,3941.2310595140343,30.21130419438623,7.141248388772498,0,0,0,0,0,1,True,59538,0.8316931198453958
59548,2026-07-16 19:15:00,19,-1,MARKDOWN,2,C,4016.75932,4046.693097210273,3941.924876974317,29.933777210273092,6.586194420545874,0,1,1,0,0,1,False,-1,
59560,2026-07-16 20:15:00,20,-1,MARKDOWN,1,C,4008.23092,4032.087803013741,3948.5887124656474,23.856883013741026,4.975606027482348,0,1,0,0,0,1,False,-1,
59690,2026-07-17 08:05:00,8,-1,MARKDOWN,2,C,3986.49102,3998.1097160376885,3957.444279905779,11.61869603768855,3.8394320753768314,0,1,1,0,0,1,True,59697,-1.0
59704,2026-07-17 09:15:00,9,1,MARKUP,2,C,3985.26252,3968.1552086667534,4028.030798333117,17.1073113332468,5.289582666493078,0,1,1,0,0,1,False,-1,
59716,2026-07-17 10:15:00,10,1,MARKUP,2,C,3985.26252,3968.38650393284,4027.4525601679015,16.876016067160435,4.8269921343211415,0,1,1,0,0,1,False,-1,
59729,2026-07-17 11:20:00,11,1,MARKUP,0,C,3987.46108,3973.107194305701,4023.345794235748,14.353885694299152,4.305611388598454,0,0,0,0,0,1,False,-1,
59749,2026-07-17 13:00:00,13,1,MARKUP,1,C,3987.46108,3973.3364399363886,4022.772680159029,14.124640063611423,3.8471201272228974,0,1,0,0,0,1,False,-1,
59781,2026-07-17 15:40:00,15,-1,MARKDOWN,3,B,3988.3550999999998,4004.9094125610536,3946.969318597365,16.554312561053848,4.878825122107789,0,1,1,0,1,1,True,59792,0.5
59793,2026-07-17 16:40:00,16,-1,MARKDOWN,2,C,3986.07838,4006.9013747621143,3934.0208930947138,20.822994762114376,8.862749524229006,1,0,0,0,1,1,True,59794,-1.0
59809,2026-07-17 18:00:00,18,1,MARKUP,3,B,3980.2262,3955.5420105245767,4041.9366736885586,24.68418947542341,8.035978950846692,0,1,1,1,0,1,False,-1,
59821,2026-07-17 19:00:00,19,1,MARKUP,1,C,3983.09502,3956.1019027250695,4050.5778131873267,26.993117274930682,6.916194549861083,0,1,0,0,0,1,False,-1,
59833,2026-07-17 20:00:00,20,1,MARKUP,2,C,3984.1226,3956.92104793161,4052.126480170976,27.201552068390356,5.277904136779918,0,1,1,0,0,1,False,-1,
59965,2026-07-20 08:00:00,8,1,MARKUP,0,C,4002.55006,3984.6310179253846,4047.3476651865385,17.91904207461539,3.497964149231137,0,0,0,0,0,1,True,59989,0.929429763486125
59997,2026-07-20 10:40:00,10,1,MARKUP,3,B,4019.6254000000004,4012.0831864758015,4038.4809338104974,7.542213524198814,3.8536270483974207,1,1,1,0,0,1,True,59998,-0.22346224945671164
