i,time,heure,sens,phase,score,grade,entry,sl,tp,risque,atr,f_fib,f_kijun,f_rsi,f_fvg,f_ob,f_rr,rempli,bar_fill,resultat_R
2398,2019-09-25 20:00:00,20,1,MARKUP,2,C,1451.18334,1375.00424270806,1641.63108322985,76.17909729194002,21.43151458388023,0,0,0,0,0,1,False,-1,
2506,2019-10-02 13:00:00,13,1,MARKUP,6,A+,1474.9415399999998,1457.0951758556043,1519.5574503609885,17.846364144395466,4.00964828879108,0,1,1,1,1,1,False,-1,
2524,2019-10-03 08:00:00,8,1,MARKUP,4,B,1476.69874,1457.388570227726,1524.9741644306853,19.310169772274094,3.422859544547744,0,1,0,1,0,1,False,-1,
2536,2019-10-03 20:00:00,20,1,MARKUP,3,C,1482.23392,1456.500277341896,1546.5680266452596,25.733642658103918,5.199445316207693,0,0,0,1,0,1,False,-1,
2548,2019-10-04 09:00:00,9,1,MARKUP,5,A,1491.77584,1472.8131132912658,1539.1826567718354,18.96272670873418,3.4537734174683647,0,1,0,1,1,1,False,-1,
2616,2019-10-09 08:00:00,8,1,MARKUP,6,A+,1496.79234,1485.2923884254237,1525.5422189364406,11.499951574576244,3.2352231491525902,0,1,1,1,1,1,False,-1,
2628,2019-10-09 20:00:00,20,1,MARKUP,5,A,1496.2728200000001,1485.0445318647628,1524.3435403380936,11.228288135237335,3.7309362704745297,0,1,0,1,1,1,True,2647,-1.0
2640,2019-10-10 09:00:00,9,1,MARKUP,4,B,1498.43112,1484.9057492058998,1532.2445469852503,13.525370794100127,4.008501588200342,0,0,0,1,1,1,True,2647,-1.0
2662,2019-10-11 08:00:00,8,-1,MARKDOWN,5,A,1507.0577799999999,1518.9339087765911,1477.3674580585216,11.876128776591258,3.727817553182486,0,1,0,1,1,1,False,-1,
2674,2019-10-11 20:00:00,20,-1,MARKDOWN,5,A,1500.62872,1519.8375285522052,1452.606698619487,19.208808552205255,5.535057104410473,0,1,0,1,1,1,False,-1,
2686,2019-10-14 09:00:00,9,-1,MARKDOWN,5,A,1500.62872,1519.0985662909477,1454.4541042726305,18.46984629094777,4.057132581895692,0,1,0,1,1,1,False,-1,
2716,2019-10-15 16:00:00,16,-1,MARKDOWN,6,A+,1492.0756,1504.8633446153221,1460.1062384616944,12.787744615322254,3.26668923064435,0,1,1,1,1,1,False,-1,
2731,2019-10-16 08:00:00,8,-1,MARKDOWN,5,A,1490.4143,1499.8532293374126,1466.8169766564683,9.438929337412674,2.566458674825168,0,1,0,1,1,1,True,2738,0.5
2780,2019-10-18 11:00:00,11,-1,MARKDOWN,7,A+,1489.62394,1498.6740086312411,1466.998768421897,9.050068631241174,2.568017262481871,1,1,1,1,1,1,True,2782,-1.0
2810,2019-10-21 18:00:00,18,-1,MARKDOWN,5,A,1492.0496400000002,1498.864004612264,1475.013728469341,6.8143646122637165,2.9480092245274783,0,1,1,0,1,1,False,-1,
2823,2019-10-22 08:00:00,8,-1,MARKDOWN,5,A,1491.07554,1498.5202807918115,1472.4636880204714,7.444740791811455,2.260561583622817,0,1,0,1,1,1,True,2847,-1.0
2835,2019-10-22 20:00:00,20,-1,MARKDOWN,3,C,1489.74684,1496.4072727686835,1473.0957580782915,6.6604327686834495,2.334545537366976,0,0,0,0,1,1,True,2841,-1.0
2854,2019-10-23 16:00:00,16,1,MARKUP,5,A,1486.7771799999998,1479.6300170974516,1504.6450872563703,7.147162902548189,2.459965805096481,0,1,1,0,1,1,False,-1,
2869,2019-10-24 08:00:00,8,1,MARKUP,5,A,1486.7771799999998,1479.9362674567637,1503.8794613580899,6.8409125432360725,1.8474650864724709,0,1,1,0,1,1,False,-1,
2881,2019-10-24 20:00:00,20,1,MARKUP,6,A+,1490.55898,1481.310009007116,1513.6814074822103,9.248970992884097,2.919981985767979,0,1,1,1,1,1,False,-1,
2893,2019-10-25 09:00:00,9,1,MARKUP,5,A,1491.90362,1481.6673411769443,1517.4943170576394,10.236278823055727,2.2053176461112947,0,1,1,1,0,1,False,-1,
2915,2019-10-28 08:00:00,8,1,MARKUP,5,A,1499.46854,1486.7984743942645,1531.143704014339,12.670065605735545,2.443051211471028,0,0,1,1,1,1,True,2922,-1.0
2944,2019-10-29 14:00:00,14,-1,MARKDOWN,6,A+,1505.11278,1519.3439362008928,1469.5348894977678,14.231156200892883,2.7078724017858216,0,1,1,1,1,1,False,-1,
2961,2019-10-30 08:00:00,8,-1,MARKDOWN,6,A+,1501.5529000000001,1513.779159375525,1470.9872515611878,12.226259375524933,2.2583187510500884,0,1,1,1,1,1,False,-1,
2989,2019-10-31 13:00:00,13,1,MARKUP,6,A+,1490.88516,1479.757931600451,1518.7032309988726,11.12722839954904,2.8641367990982114,0,1,1,1,1,1,False,-1,
3007,2019-11-01 08:00:00,8,1,MARKUP,5,A,1493.8112800000001,1480.0346786661032,1528.2527833347424,13.776601333896906,2.3106426677935676,0,1,0,1,1,1,False,-1,
3019,2019-11-01 20:00:00,20,1,MARKUP,3,C,1494.56382,1479.5286650106575,1532.1517074733565,15.035154989342573,3.3226699786850724,0,0,0,1,0,1,False,-1,
3031,2019-11-04 09:00:00,9,1,MARKUP,6,A+,1494.56382,1479.9260370290244,1531.1582774274393,14.63778297097565,2.527925941951396,0,1,1,1,1,1,False,-1,
3064,2019-11-05 19:00:00,19,-1,MARKDOWN,5,A,1502.64664,1518.132138521639,1463.9328936959023,15.485498521639101,3.8642770432781757,0,1,0,1,1,1,False,-1,
3076,2019-11-06 08:00:00,8,-1,MARKDOWN,5,A,1501.3019199999999,1516.257229546501,1463.9136461337469,14.955309546501212,2.834459093002281,0,1,0,1,1,1,False,-1,
3088,2019-11-06 20:00:00,20,-1,MARKDOWN,4,B,1501.3019199999999,1516.4791285358517,1463.3588986603704,15.177208535851832,3.278257071703611,0,0,1,0,1,1,False,-1,
3100,2019-11-07 09:00:00,9,-1,MARKDOWN,5,A,1498.7804800000001,1512.033437665356,1465.6480858366108,13.25295766535578,2.546875330711756,0,1,1,0,1,1,False,-1,
3122,2019-11-08 08:00:00,8,-1,MARKDOWN,4,B,1481.41806,1495.9227664111454,1445.1562939721364,14.504706411145435,3.2855328222909383,0,1,0,1,0,1,False,-1,
3134,2019-11-08 20:00:00,20,-1,MARKDOWN,6,A+,1479.74872,1496.2700904578035,1438.4452938554914,16.521370457803414,3.9801809156071135,0,1,1,1,1,1,False,-1,
3146,2019-11-11 09:00:00,9,-1,MARKDOWN,3,C,1479.21724,1494.781762900135,1440.3059327496626,15.564522900134989,2.7235258002698424,0,0,0,1,0,1,False,-1,
3168,2019-11-12 08:00:00,8,-1,MARKDOWN,5,A,1463.5164,1474.349864231238,1436.4327394219051,10.83346423123794,2.7197284624756226,0,1,1,1,0,1,False,-1,
3180,2019-11-12 20:00:00,20,-1,MARKDOWN,4,B,1462.53084,1474.7521991599647,1431.977442100088,12.221359159964777,3.524398319929176,0,0,1,1,0,1,True,3191,-1.0
3260,2019-11-18 08:00:00,8,-1,MARKDOWN,6,A+,1469.38548,1475.735207294902,1453.5111617627447,6.349727294902095,2.11041458980404,0,1,1,1,1,1,True,3268,-1.0
3283,2019-11-19 08:00:00,8,1,MARKUP,6,A+,1463.6389,1455.1388260263852,1484.8890849340366,8.50007397361469,2.5223479472298136,0,1,1,1,1,1,False,-1,
3295,2019-11-19 20:00:00,20,1,MARKUP,6,A+,1463.6389,1454.8957052712508,1485.4968868218727,8.743194728749131,3.0085894574984464,0,1,1,1,1,1,False,-1,
3307,2019-11-20 09:00:00,9,1,MARKUP,5,A,1464.63974,1455.1062138849993,1488.473555287502,9.533526115000768,2.587572230001795,0,1,1,0,1,1,False,-1,
3331,2019-11-21 10:00:00,10,1,MARKUP,5,A,1470.17238,1463.2755867913402,1487.4143630216495,6.896793208659801,3.028826417319556,0,1,1,0,1,1,True,3332,-1.0
3352,2019-11-22 08:00:00,8,-1,MARKDOWN,5,A,1472.577,1480.0425741151812,1453.913064712047,7.465574115181198,2.3251482303622226,0,1,0,1,1,1,True,3356,1.3823894794622358
3364,2019-11-22 20:00:00,20,-1,MARKDOWN,6,A+,1472.19118,1480.3068851705577,1451.9019170736058,8.115705170557703,2.8537703411153723,0,1,1,1,1,1,False,-1,
3376,2019-11-25 09:00:00,9,-1,MARKDOWN,5,A,1468.8249,1476.7676445231016,1448.9680386922464,7.94274452310151,2.095289046202998,0,1,0,1,1,1,False,-1,
3398,2019-11-26 08:00:00,8,-1,MARKDOWN,3,C,1464.9864400000001,1474.230965040178,1441.8751273995554,9.244525040177905,2.001930080356108,0,0,0,0,1,1,False,-1,
3428,2019-11-27 15:00:00,15,-1,MARKDOWN,5,A,1457.98748,1463.978926203481,1443.0088644912976,5.9914462034810185,2.1578524069618936,0,1,1,0,1,1,True,3438,-1.0
3444,2019-11-28 08:00:00,8,-1,MARKDOWN,6,A+,1457.98748,1463.7976744760672,1443.4619938098322,5.810194476067181,1.7953489521340642,0,1,1,1,1,1,True,3446,-1.0
3456,2019-11-28 20:00:00,20,-1,MARKDOWN,4,B,1457.98748,1463.6557531884914,1443.8167970287714,5.668273188491412,1.5115063769825139,0,1,0,0,1,1,True,3461,-1.0
3470,2019-11-29 14:00:00,14,-1,MARKDOWN,5,A,1458.9463,1463.6143392118931,1447.2762019702673,4.668039211893074,1.4286784237862138,0,1,1,0,1,1,True,3473,-1.0
3486,2019-12-02 10:00:00,10,-1,MARKDOWN,6,A+,1461.22054,1467.6371629874236,1445.178982531441,6.41662298742358,2.114325974847568,0,1,1,1,1,1,True,3491,-1.0
3507,2019-12-03 08:00:00,8,1,MARKUP,6,A+,1458.21228,1452.0433363769882,1473.6346390575293,6.168943623011728,1.9933272460234843,0,1,1,1,1,1,False,-1,
3519,2019-12-03 20:00:00,20,1,MARKUP,5,A,1464.0301399999998,1451.5261896614652,1495.2900158463365,12.50395033853465,3.027620677069488,0,1,0,1,1,1,False,-1,
3531,2019-12-04 09:00:00,9,1,MARKUP,6,A+,1465.02706,1452.0937979574373,1497.3602151064063,12.933262042562546,2.3124040851253937,0,1,1,1,1,1,False,-1,
3553,2019-12-05 08:00:00,8,1,MARKUP,4,B,1469.10586,1458.7531772281875,1494.9875669295309,10.352682771812397,2.1936455436248594,0,0,1,0,1,1,False,-1,
3599,2019-12-09 08:00:00,8,-1,MARKDOWN,4,B,1471.68714,1481.4343583199027,1447.3190942002434,9.747218319902686,2.12871663980558,0,1,0,1,0,1,False,-1,
3611,2019-12-09 20:00:00,20,-1,MARKDOWN,4,B,1471.68714,1481.367296797421,1447.4867480064477,9.680156797420977,1.9945935948419742,0,1,1,0,0,1,False,-1,
3623,2019-12-10 09:00:00,9,-1,MARKDOWN,3,C,1471.68714,1481.1904132308734,1447.9289569228163,9.503273230873447,1.6408264617471005,0,1,0,0,0,1,False,-1,
3668,2019-12-12 08:00:00,8,1,MARKUP,5,A,1466.75068,1458.2273584985917,1488.0589837535213,8.523321501408418,1.9652830028165513,0,1,0,1,1,1,True,3677,0.6199815900586492
3680,2019-12-12 20:00:00,20,1,MARKUP,3,C,1470.25232,1458.1786856538006,1500.4364058654987,12.07363434619947,3.7026286923988865,1,0,0,0,0,1,True,3681,0.39654008583645506
3697,2019-12-13 14:00:00,14,1,MARKUP,6,A+,1471.3709,1460.2086544442134,1499.276513889466,11.162245555786512,3.262691111573213,1,0,1,1,1,1,True,3698,0.7596231383392608
3714,2019-12-16 08:00:00,8,1,MARKUP,6,A+,1471.3709,1460.554935509468,1498.4108112263298,10.815964490531996,2.570128981064226,0,1,1,1,1,1,False,-1,
3726,2019-12-16 20:00:00,20,1,MARKUP,4,B,1471.3709,1460.6262148015453,1498.2326129961364,10.74468519845459,2.427570396909245,0,0,1,1,0,1,False,-1,
3738,2019-12-17 09:00:00,9,1,MARKUP,3,C,1468.75038,1460.9811664912095,1488.1734137719761,7.769213508790472,1.717667017580762,0,0,0,0,1,1,False,-1,
3760,2019-12-18 08:00:00,8,1,MARKUP,3,C,1475.17722,1471.1453905866745,1485.256793533314,4.031829413325568,1.409218826650772,0,0,1,0,0,1,True,3765,0.5
3793,2019-12-19 18:00:00,18,1,MARKUP,6,A+,1474.3305599999999,1469.5328229211834,1486.3249026970411,4.7977370788164535,1.8943541576330198,0,1,1,1,1,1,False,-1,
3806,2019-12-20 08:00:00,8,1,MARKUP,5,A,1474.76986,1469.7658992470165,1487.2797618824593,5.00396075298363,1.4282015059670143,0,1,0,1,1,1,False,-1,
3818,2019-12-20 20:00:00,20,1,MARKUP,2,C,1474.76986,1469.6459229562593,1487.5797026093524,5.1239370437408525,1.6681540874813008,0,0,0,0,0,1,False,-1,
3830,2019-12-23 09:00:00,9,1,MARKUP,5,A,1477.79142,1472.548320555555,1490.8991686111126,5.243099444445079,1.4633588888901177,0,1,1,1,0,1,False,-1,
3852,2019-12-24 08:00:00,8,1,MARKUP,6,A+,1481.761,1475.0336785774073,1498.5793035564816,6.727321422592695,1.612642845185372,0,1,1,1,1,1,False,-1,
3864,2019-12-24 20:00:00,20,1,MARKUP,5,A,1485.27484,1474.8157890762966,1511.4224673092585,10.459050923703444,2.108421847406768,0,1,0,1,1,1,False,-1,
3877,2019-12-26 13:00:00,13,1,MARKUP,6,A+,1487.89902,1476.0203920842073,1517.595589789482,11.878627915792777,1.8992158315853822,0,1,1,1,1,1,False,-1,
3895,2019-12-27 08:00:00,8,1,MARKUP,4,B,1493.38902,1479.3618178109346,1528.4570254726639,14.02720218906552,2.3763643781308668,0,1,0,1,0,1,False,-1,
3907,2019-12-27 20:00:00,20,1,MARKUP,5,A,1497.96802,1486.0243832936674,1527.8271117658317,11.943636706332654,2.411233412665261,0,1,0,1,1,1,False,-1,
3919,2019-12-30 09:00:00,9,1,MARKUP,5,A,1499.90976,1489.1165853768318,1526.8926965579203,10.79317462316817,1.9668292463362096,0,1,0,1,1,1,False,-1,
3941,2019-12-31 08:00:00,8,1,MARKUP,6,A+,1513.3441,1505.7560136334484,1532.314315916379,7.588086366551579,1.767972733103217,0,1,1,1,1,1,False,-1,
3953,2019-12-31 20:00:00,20,1,MARKUP,5,A,1514.21072,1506.0660554252936,1534.5723814367661,8.14466457470644,2.5678891494127374,0,1,0,1,1,1,False,-1,
3965,2020-01-02 09:00:00,9,1,MARKUP,3,C,1515.9163999999998,1508.991594908139,1533.228412729652,6.92480509186089,2.236810183722082,0,0,0,0,1,1,False,-1,
3987,2020-01-03 08:00:00,8,1,MARKUP,6,A+,1525.26584,1512.2205790283729,1557.878992429068,13.045260971627158,3.0788419432542313,0,1,1,1,1,1,False,-1,
3999,2020-01-03 20:00:00,20,1,MARKUP,6,A+,1530.74962,1514.7830436736153,1570.6660608159618,15.966576326384711,3.7339126527693294,0,1,1,1,1,1,False,-1,
4011,2020-01-06 09:00:00,9,1,MARKUP,5,A,1543.95672,1514.2020651604032,1618.3433570989916,29.754654839596697,5.29586967919343,0,1,0,1,1,1,False,-1,
4033,2020-01-07 08:00:00,8,1,MARKUP,5,A,1547.6399999999999,1520.559054367925,1615.342364080187,27.080945632074872,4.501891264149776,0,0,1,1,1,1,False,-1,
4045,2020-01-07 20:00:00,20,1,MARKUP,6,A+,1557.2066399999999,1536.1796881670723,1609.774019582319,21.02695183292758,4.220623665855483,0,1,1,1,1,1,True,4066,-1.0
4057,2020-01-08 09:00:00,9,1,MARKUP,4,B,1571.13348,1542.8275638214068,1641.898270446483,28.30591617859318,6.844872357186547,0,1,0,1,0,1,True,4063,-1.0
4102,2020-01-10 08:00:00,8,-1,MARKDOWN,4,B,1584.1992400000001,1613.3213373489139,1511.3939966277158,29.122097348913712,3.8626746978275333,0,1,0,0,1,1,False,-1,
4128,2020-01-13 11:00:00,11,-1,MARKDOWN,6,A+,1554.38074,1564.6588499458683,1528.6854651353297,10.27810994586821,3.037699891736367,0,1,1,1,1,1,True,4131,1.0741092605457625
4148,2020-01-14 08:00:00,8,-1,MARKDOWN,5,A,1552.75342,1564.6988073661528,1522.889951584618,11.945387366152772,3.11761473230519,0,1,0,1,1,1,True,4167,-1.0
4160,2020-01-14 20:00:00,20,-1,MARKDOWN,4,B,1552.75342,1564.8454926012462,1522.5232384968845,12.092072601246173,3.410985202492288,0,0,0,1,1,1,True,4167,-1.0
4194,2020-01-16 08:00:00,8,1,MARKUP,4,B,1544.44568,1534.639597024518,1568.960887438705,9.806082975482013,2.6208059509642103,0,1,0,0,1,1,False,-1,
4217,2020-01-17 08:00:00,8,1,MARKUP,6,A+,1548.2402,1540.8558256574995,1566.701135856251,7.38437434250045,2.468348685000814,0,1,1,1,1,1,False,-1,
4229,2020-01-17 20:00:00,20,1,MARKUP,5,A,1552.41496,1545.5683654834902,1569.5314462912747,6.846594516509867,2.7832690330195367,0,1,1,0,1,1,False,-1,
4241,2020-01-20 09:00:00,9,1,MARKUP,5,A,1553.6644999999999,1546.882652348719,1570.6191191282023,6.781847651280941,2.2946953025619576,0,1,0,1,1,1,True,4262,0.5
4260,2020-01-21 08:00:00,8,1,MARKUP,5,A,1555.8992,1546.9617817963363,1578.2427455091597,8.93741820366381,2.1364364073275417,0,1,0,1,1,1,True,4262,-1.0
4294,2020-01-22 19:00:00,19,1,MARKUP,5,A,1554.8486,1544.8952411535072,1579.7319971162322,9.953358846492847,2.869517692985279,0,1,1,1,0,1,True,4307,0.8577253311249415
4314,2020-01-23 16:00:00,16,1,MARKUP,6,A+,1554.8486,1544.624339829669,1580.4092504258276,10.224260170331036,3.411320340661876,0,1,1,1,1,1,False,-1,
4329,2020-01-24 08:00:00,8,1,MARKUP,6,A+,1556.9696000000001,1548.7983519823006,1577.3977200442491,8.171248017699554,2.7432960353988767,0,1,1,1,1,1,True,4336,1.75
4341,2020-01-24 20:00:00,20,1,MARKUP,5,A,1560.25606,1548.6444721860578,1589.2850295348553,11.611587813942151,3.871055627884415,0,1,0,1,1,1,False,-1,
4353,2020-01-27 09:00:00,9,1,MARKUP,5,A,1565.90648,1549.9231193479307,1605.8648816301738,15.98336065206945,3.9737613041388657,0,1,0,1,1,1,False,-1,
4375,2020-01-28 08:00:00,8,1,MARKUP,4,B,1568.76164,1555.0316342860856,1603.0866542847857,13.730005713914352,2.9967314278287214,0,0,0,1,1,1,True,4384,0.8109714558341032
4421,2020-01-30 08:00:00,8,1,MARKUP,5,A,1571.29538,1562.037766057258,1594.439414856855,9.257613942741955,2.7844678854840423,0,1,0,1,1,1,True,4439,1.122088115569511
4433,2020-01-30 20:00:00,20,1,MARKUP,5,A,1572.0632,1561.5360154410082,1598.3811613974797,10.527184558991848,3.7879691179837005,0,1,1,0,1,1,True,4439,1.0105963120708426
4445,2020-01-31 09:00:00,9,1,MARKUP,4,B,1572.0632,1561.7869576945234,1597.7538057636916,10.276242305476671,3.2860846109533854,0,0,1,0,1,1,False,-1,
4467,2020-02-03 08:00:00,8,1,MARKUP,3,C,1578.32708,1566.8950382318078,1606.9071844204805,11.43204176819222,3.8099235363841855,1,0,0,0,0,1,True,4468,-1.0
4496,2020-02-04 14:00:00,14,-1,MARKDOWN,6,A+,1582.93704,1595.479847272377,1551.580021819058,12.542807272376876,3.4796945447538867,0,1,1,1,1,1,False,-1,
4513,2020-02-05 08:00:00,8,-1,MARKDOWN,4,B,1576.6722399999999,1595.3638973379684,1529.9430966550785,18.691657337968536,3.247794675936702,0,1,0,1,0,1,False,-1,
4525,2020-02-05 20:00:00,20,-1,MARKDOWN,5,A,1568.3575,1583.1902090552076,1531.2757273619814,14.832709055207488,3.880418110415237,0,0,1,1,1,1,False,-1,
4537,2020-02-06 09:00:00,9,-1,MARKDOWN,3,C,1567.37488,1581.200268009191,1532.8114099770228,13.825388009190874,3.080536018381632,0,0,0,0,1,1,True,4541,0.01915895596015736
4582,2020-02-10 08:00:00,8,1,MARKUP,5,A,1561.73384,1550.9236725527446,1588.7592586181388,10.81016744725548,3.1926548945108197,0,1,0,1,1,1,False,-1,
4594,2020-02-10 20:00:00,20,1,MARKUP,6,A+,1561.88282,1551.1229313133754,1588.7825417165618,10.759888686624663,2.794137373249288,0,1,1,1,1,1,False,-1,
4612,2020-02-11 15:00:00,15,1,MARKUP,4,B,1566.59816,1558.8985676683335,1585.8471408291662,7.6995923316665085,2.5028646633331215,0,1,1,0,0,1,True,4614,0.9620439018170643
4631,2020-02-12 11:00:00,11,-1,MARKDOWN,5,A,1571.15102,1578.3190384545164,1553.230973863709,7.168018454516414,2.578076909032721,0,1,0,1,1,1,True,4644,-1.0
4651,2020-02-13 08:00:00,8,1,MARKUP,5,A,1567.51898,1560.2919235919492,1585.5866210201273,7.227056408050885,2.696152816101676,0,1,0,1,1,1,False,-1,
4663,2020-02-13 20:00:00,20,1,MARKUP,5,A,1568.00412,1560.26544304972,1587.3508123757001,7.7386769502800234,2.7491139005602667,0,1,0,1,1,1,False,-1,
4675,2020-02-14 09:00:00,9,1,MARKUP,5,A,1568.00412,1560.5634025470442,1586.6059136323897,7.440717452955823,2.1531949059117297,0,1,1,0,1,1,False,-1,
4697,2020-02-17 08:00:00,8,1,MARKUP,5,A,1572.64764,1564.0493279638872,1594.1434200902818,8.598312036112702,1.901344072225415,0,1,0,1,1,1,False,-1,
4716,2020-02-18 08:00:00,8,1,MARKUP,5,A,1577.8006599999999,1571.0218639964542,1594.7476500088642,6.778796003545722,1.6162720070914038,0,1,0,1,1,1,False,-1,
4728,2020-02-18 20:00:00,20,1,MARKUP,5,A,1585.31692,1571.570106001472,1619.6839549963202,13.746813998528069,2.999787997056037,0,1,0,1,1,1,False,-1,
4740,2020-02-19 09:00:00,9,1,MARKUP,6,A+,1586.70908,1573.6354997204944,1619.3930306987643,13.073580279505677,2.5090005590116045,0,1,1,1,1,1,False,-1,
4762,2020-02-20 08:00:00,8,1,MARKUP,3,C,1592.81556,1578.8889057491954,1627.6321956270117,13.926654250804631,2.9621885016091407,0,0,0,0,1,1,False,-1,
4774,2020-02-20 20:00:00,20,1,MARKUP,4,B,1599.81104,1583.084112148628,1641.6283596284302,16.72692785137201,3.8717757027440967,0,1,0,1,0,1,False,-1,
4786,2020-02-21 09:00:00,9,1,MARKUP,6,A+,1613.22616,1597.8702969597944,1651.6158176005138,15.355863040205577,3.2994060804113143,0,1,1,1,1,1,False,-1,
4808,2020-02-24 08:00:00,8,1,MARKUP,6,A+,1633.13568,1600.6538537681085,1714.340245579729,32.481826231891546,5.952292463783283,0,1,1,1,1,1,True,4831,-1.0
4820,2020-02-24 20:00:00,20,1,MARKUP,5,A,1636.52572,1600.4004691398345,1726.838847150414,36.12525086016558,6.959061720331073,0,1,0,1,1,1,True,4831,-1.0
4907,2020-02-28 15:00:00,15,-1,MARKDOWN,4,B,1644.20084,1664.8581506208923,1592.557563447769,20.657310620892304,8.936301241784244,0,1,0,0,1,1,False,-1,
4923,2020-03-02 08:00:00,8,-1,MARKDOWN,5,A,1623.11444,1666.0682881822968,1515.7298195442581,42.953848182296724,11.356576364593417,0,1,0,1,1,1,False,-1,
4935,2020-03-02 20:00:00,20,-1,MARKDOWN,4,B,1623.11444,1665.189311575563,1517.9272610610928,42.07487157556284,9.598623151125802,0,0,1,0,1,1,True,4955,-1.0
4948,2020-03-03 10:00:00,10,-1,MARKDOWN,4,B,1616.3844199999999,1652.9675936042001,1524.9264859894993,36.58317360420028,6.9351872084001025,0,1,0,0,1,1,True,4955,-1.0
4970,2020-03-04 09:00:00,9,1,MARKUP,4,B,1597.27786,1558.8616686844389,1693.3183382889024,38.416191315561036,7.896662631121971,0,1,0,1,0,1,False,-1,
4992,2020-03-05 08:00:00,8,1,MARKUP,5,A,1610.31766,1581.3441771299929,1682.7513671750175,28.973482870007047,5.131645740014322,0,1,1,0,1,1,False,-1,
5004,2020-03-05 20:00:00,20,1,MARKUP,6,A+,1622.341,1590.7622501658968,1701.2878745852577,31.578749834103064,5.475499668206424,0,1,1,1,1,1,False,-1,
5016,2020-03-06 09:00:00,9,1,MARKUP,5,A,1647.35338,1623.497912165247,1706.9920495868823,23.85546783475297,6.004175669505689,0,1,0,1,1,1,True,5024,0.9767284298505257
5039,2020-03-09 09:00:00,9,1,MARKUP,4,B,1660.1418,1626.5719319082907,1744.0664702292736,33.569868091709395,13.736136183418505,0,0,1,1,0,1,True,5061,-1.0
5107,2020-03-12 08:00:00,8,-1,MARKDOWN,6,A+,1662.18822,1685.4131340107097,1604.1259349732259,23.224914010709654,7.646268021419609,0,1,1,1,1,1,False,-1,
5119,2020-03-12 20:00:00,20,-1,MARKDOWN,5,A,1629.03844,1678.572240735417,1505.2039381614577,49.53380073541689,14.584481470833758,0,1,0,1,1,1,False,-1,
5131,2020-03-13 09:00:00,9,-1,MARKDOWN,5,A,1625.4743799999999,1678.603585229148,1492.6513669271299,53.129205229148056,14.647170458295752,0,1,0,1,1,1,False,-1,
5153,2020-03-16 08:00:00,8,-1,MARKDOWN,6,A+,1597.5135,1664.1896391543742,1430.8231521140647,66.67613915437414,18.179278308748334,0,1,1,1,1,1,False,-1,
5165,2020-03-16 20:00:00,20,-1,MARKDOWN,6,A+,1571.30594,1656.9569649707837,1357.1783775730405,85.65102497078374,22.83392994156752,0,1,1,1,1,1,False,-1,
5177,2020-03-17 09:00:00,9,-1,MARKDOWN,6,A+,1549.26806,1619.1547790643979,1374.5512623390057,69.88671906439777,18.549558128795343,0,1,1,1,1,1,True,5186,0.8967871647667608
5201,2020-03-18 10:00:00,10,-1,MARKDOWN,6,A+,1528.00886,1582.9108731677147,1390.7538270807129,54.90201316771481,14.861746335429528,0,1,1,1,1,1,False,-1,
5222,2020-03-19 08:00:00,8,-1,MARKDOWN,3,C,1518.91184,1561.5771520204155,1412.2485599489612,42.66531202041551,15.13430404083085,0,1,0,0,0,1,False,-1,
5234,2020-03-19 20:00:00,20,-1,MARKDOWN,5,A,1518.91184,1561.0912880086248,1413.4632199784378,42.17944800862483,14.162576017249872,0,1,1,1,0,1,False,-1,
5257,2020-03-20 20:00:00,20,-1,MARKDOWN,4,B,1503.3232,1538.7859530763462,1414.6663173091347,35.46275307634619,11.791906152692171,0,1,1,0,0,1,True,5261,-1.0
5291,2020-03-24 08:00:00,8,1,MARKUP,5,A,1504.69542,1449.8805572263448,1641.7325769341383,54.81486277365525,11.218885547310364,0,1,0,1,1,1,False,-1,
5303,2020-03-24 20:00:00,20,1,MARKUP,6,A+,1536.87976,1470.1367934898296,1703.737176275426,66.74296651017039,18.366413020340584,0,1,1,1,1,1,False,-1,
5315,2020-03-25 09:00:00,9,1,MARKUP,4,B,1540.3101199999999,1471.5186184738484,1712.2888738153786,68.79150152615148,15.602763052303137,0,1,0,0,1,1,False,-1,
5342,2020-03-26 13:00:00,13,1,MARKUP,6,A+,1584.63926,1545.8402641803125,1681.6367495492186,38.798995819687434,10.419471639374976,0,1,1,1,1,1,False,-1,
5360,2020-03-27 08:00:00,8,1,MARKUP,6,A+,1611.54118,1586.9185534283315,1673.097746429171,24.622626571668434,9.14289314333687,0,1,1,1,1,1,True,5380,-1.0
5372,2020-03-27 20:00:00,20,1,MARKUP,3,C,1611.54118,1586.7714991726955,1673.465382068261,24.769680827304455,9.437001654609046,0,0,0,0,1,1,True,5380,-1.0
5388,2020-03-30 13:00:00,13,1,MARKUP,5,A,1613.79688,1590.8293084284164,1671.2158089289592,22.967571571583676,8.621383143167337,0,1,1,0,1,1,True,5395,-1.0
5429,2020-04-01 08:00:00,8,-1,MARKDOWN,5,A,1607.50776,1635.7641924799275,1536.866678800181,28.256432479927525,6.6083849598548055,0,1,0,1,1,1,False,-1,
5441,2020-04-01 20:00:00,20,-1,MARKDOWN,6,A+,1604.4363,1631.651781415606,1536.3975964609854,27.215481415605836,8.323562831211836,0,1,1,1,1,1,True,5459,-1.0
5475,2020-04-03 08:00:00,8,1,MARKUP,4,B,1587.49296,1564.0497547015466,1646.1009732461337,23.44320529845345,6.180490596907052,0,1,0,1,0,1,False,-1,
5487,2020-04-03 20:00:00,20,1,MARKUP,5,A,1590.5355,1567.5730510508072,1647.9416223729818,22.962448949192776,7.533897898385418,0,1,1,0,1,1,False,-1,
5499,2020-04-06 09:00:00,9,1,MARKUP,5,A,1597.2849,1573.8997257819296,1655.7478355451763,23.38517421807046,7.0805484361408135,0,1,1,0,1,1,False,-1,
5521,2020-04-07 08:00:00,8,1,MARKUP,5,A,1631.59996,1600.1440358791644,1710.2397703020888,31.45592412083556,8.071928241671205,0,1,1,0,1,1,False,-1,
5533,2020-04-07 20:00:00,20,1,MARKUP,3,C,1632.64438,1600.6983456233002,1712.5094659417496,31.9460343766998,10.343308753399375,0,0,0,0,1,1,False,-1,
5568,2020-04-09 09:00:00,9,1,MARKUP,6,A+,1654.30528,1638.3037983160752,1694.308984209812,16.001481683924794,5.23240336784958,1,1,1,0,1,1,True,5569,1.0669317066543007
5590,2020-04-13 08:00:00,8,1,MARKUP,5,A,1660.3447,1637.3937400484406,1717.722099878899,22.950959951559526,7.052519903119002,0,1,1,1,0,1,False,-1,
5602,2020-04-13 20:00:00,20,1,MARKUP,6,A+,1671.40434,1638.13905573354,1754.56755066615,33.26528426645996,7.801888532919896,0,1,1,1,1,1,False,-1,
5614,2020-04-14 09:00:00,9,1,MARKUP,5,A,1674.41274,1638.9988794093729,1762.9473914765676,35.41386059062711,7.362241181254428,0,1,0,1,1,1,False,-1,
5636,2020-04-15 08:00:00,8,1,MARKUP,5,A,1701.52394,1669.4322431301318,1781.7531821746707,32.0916968698682,7.1355137397364565,0,0,1,1,1,1,False,-1,
5664,2020-04-16 13:00:00,13,1,MARKUP,6,A+,1722.6162800000002,1703.731915359795,1769.827191600513,18.88436464020515,6.796169280410201,0,1,1,1,1,1,True,5667,-1.0
5705,2020-04-20 08:00:00,8,-1,MARKDOWN,4,B,1712.77028,1742.2188676105536,1639.1488109736158,29.44858761055366,7.357735221107152,0,1,0,0,1,1,False,-1,
5717,2020-04-20 20:00:00,20,-1,MARKDOWN,4,B,1712.77028,1742.657379081076,1638.0525322973099,29.88709908107603,8.234758162152236,0,0,1,0,1,1,False,-1,
5733,2020-04-21 13:00:00,13,-1,MARKDOWN,6,A+,1701.1861,1724.5997207514024,1642.6520481214936,23.413620751402505,7.51944150280479,0,1,1,1,1,1,True,5755,-1.0
5751,2020-04-22 08:00:00,8,-1,MARKDOWN,5,A,1686.3005,1706.2803445324682,1636.3508886688296,19.979844532468178,7.680689064936214,1,0,0,1,1,1,True,5753,-1.0
5774,2020-04-23 08:00:00,8,1,MARKUP,5,A,1682.64778,1656.8468657260441,1747.1500656848898,25.80091427395587,6.686268547912025,0,1,1,0,1,1,False,-1,
5786,2020-04-23 20:00:00,20,1,MARKUP,4,B,1690.12734,1656.2313988693704,1774.867192826574,33.89594113062958,7.917202261259309,0,1,0,1,0,1,False,-1,
5798,2020-04-24 09:00:00,9,1,MARKUP,5,A,1696.6843199999998,1667.7595272131894,1768.996301967026,28.924792786810485,6.080945573620973,0,1,1,0,1,1,False,-1,
5852,2020-04-28 17:00:00,17,-1,MARKDOWN,6,A+,1719.1748200000002,1739.8585389208763,1667.4655226978098,20.683718920876117,7.377077841752385,0,1,1,1,1,1,False,-1,
5868,2020-04-29 10:00:00,10,-1,MARKDOWN,5,A,1714.42858,1731.1370905179954,1672.6573037050116,16.708510517995364,5.29418103599083,0,0,1,1,1,1,True,5880,1.75
5892,2020-04-30 11:00:00,11,1,MARKUP,5,A,1703.17438,1688.946008770946,1738.7453080726345,14.228371229053892,5.46798245810815,0,1,0,1,1,1,True,5896,-1.0
5912,2020-05-01 08:00:00,8,-1,MARKDOWN,6,A+,1702.77696,1725.277487240826,1646.5256418979345,22.50052724082616,7.01497448165206,0,1,1,1,1,1,True,5925,-0.5090120723579799
5924,2020-05-01 20:00:00,20,-1,MARKDOWN,4,B,1702.1199199999999,1725.6793787034464,1643.2212732413834,23.55945870344658,7.818757406893116,1,0,0,1,0,1,True,5925,-0.5140219965337546
5981,2020-05-06 08:00:00,8,1,MARKUP,5,A,1696.76456,1683.954909976427,1728.788685058933,12.809650023573113,4.930180047146427,0,1,1,0,1,1,True,5988,-1.0
5993,2020-05-06 20:00:00,20,-1,MARKDOWN,5,A,1701.5243,1716.564857361333,1663.9229065966676,15.040557361332958,6.1297147226660265,0,1,1,0,1,1,True,6014,-1.0
6005,2020-05-07 09:00:00,9,-1,MARKDOWN,6,A+,1700.10922,1714.1533129617735,1664.9989875955664,14.044092961773458,4.9466259235469385,0,1,1,1,1,1,True,6013,-1.0
6027,2020-05-08 08:00:00,8,1,MARKUP,6,A+,1696.91066,1678.8771523305043,1741.9944291737393,18.033507669495748,5.025695338991613,0,1,1,1,1,1,False,-1,
6039,2020-05-08 20:00:00,20,1,MARKUP,2,C,1697.42254,1678.240710140574,1745.377114648565,19.18182985942599,6.298579718852349,0,0,0,0,0,1,True,6055,0.8557428477092448
6073,2020-05-12 08:00:00,8,-1,MARKDOWN,4,B,1711.37666,1725.505690832699,1676.0540829182523,14.129030832699073,4.291381665398128,0,0,0,1,1,1,False,-1,
6102,2020-05-13 14:00:00,14,1,MARKUP,5,A,1699.69112,1689.9575131922775,1724.0251370193062,9.73360680772248,4.064973615445007,0,1,1,0,1,1,False,-1,
6119,2020-05-14 08:00:00,8,1,MARKUP,6,A+,1702.61724,1689.8318293268023,1734.5807666829942,12.785410673197703,4.316341346395364,0,1,1,1,1,1,False,-1,
6131,2020-05-14 20:00:00,20,1,MARKUP,5,A,1712.67082,1695.1906949821835,1756.3711325445415,17.48012501781659,5.538610035633167,0,1,0,1,1,1,False,-1,
6143,2020-05-15 09:00:00,9,1,MARKUP,6,A+,1713.59078,1695.8600048302435,1757.9177179243911,17.730775169756498,4.679990339513087,0,1,1,1,1,1,False,-1,
6165,2020-05-18 08:00:00,8,1,MARKUP,6,A+,1729.47984,1704.568687591652,1791.7577210208701,24.911152408348016,6.18262481669644,0,1,1,1,1,1,True,6175,0.23002388272008747
6211,2020-05-20 08:00:00,8,1,MARKUP,4,B,1740.86574,1723.5388406720278,1784.1829883199302,17.326899327972114,4.422318655944364,0,1,0,0,1,1,True,6231,-1.0
6223,2020-05-20 20:00:00,20,1,MARKUP,5,A,1740.86574,1723.1648556229711,1785.117950942572,17.700884377028842,5.170288754057669,0,1,1,0,1,1,True,6231,-1.0
6257,2020-05-22 08:00:00,8,-1,MARKDOWN,5,A,1739.8415,1756.0769691455062,1699.2528271362346,16.23546914550616,4.393938291012272,0,1,0,1,1,1,True,6260,0.7536813219494267
6280,2020-05-25 08:00:00,8,-1,MARKDOWN,5,A,1739.8415,1755.8338877975514,1699.8605305061214,15.992387797551373,3.9077755951025663,0,1,1,0,1,1,False,-1,
6292,2020-05-25 20:00:00,20,-1,MARKDOWN,5,A,1733.6800400000002,1745.8686006898536,1703.2086382753669,12.188560689853375,3.9172013797071052,0,1,1,0,1,1,True,6297,0.73799211320512
6305,2020-05-26 13:00:00,13,-1,MARKDOWN,4,B,1732.5591,1742.3036953761148,1708.1976115597129,9.74459537611483,4.247390752229425,0,1,0,0,1,1,False,-1,
6323,2020-05-27 08:00:00,8,-1,MARKDOWN,4,B,1725.72008,1740.6713529979972,1688.3418975050072,14.951272997997194,4.262705995994538,0,1,0,1,0,1,False,-1,
6335,2020-05-27 20:00:00,20,-1,MARKDOWN,4,B,1719.5324,1738.222579799571,1672.806950501073,18.690179799570842,5.445159599141903,0,0,0,1,1,1,True,6346,-1.0
6381,2020-05-29 20:00:00,20,1,MARKUP,5,A,1709.9273600000001,1691.485234640674,1756.0326733983156,18.442125359326155,4.429530718651941,0,1,0,1,1,1,False,-1,
6393,2020-06-01 09:00:00,9,1,MARKUP,5,A,1717.5725,1698.5549423624884,1765.116394093779,19.017557637511572,4.610115275023049,0,1,0,1,1,1,False,-1,
6415,2020-06-02 08:00:00,8,1,MARKUP,4,B,1723.89464,1708.9080436093998,1761.3611309765006,14.986596390600198,4.363912781200494,0,1,0,0,1,1,True,6426,-1.0
6445,2020-06-03 15:00:00,15,-1,MARKDOWN,6,A+,1730.14448,1748.1614284235063,1685.1021089412338,18.016948423506392,5.962856847012417,0,1,1,1,1,1,False,-1,
6461,2020-06-04 08:00:00,8,-1,MARKDOWN,6,A+,1723.87968,1747.6686017844681,1664.4073755388297,23.78892178446813,4.977203568936346,0,1,1,1,1,1,False,-1,
6491,2020-06-05 15:00:00,15,-1,MARKDOWN,5,A,1712.7902199999999,1735.0066754925815,1657.2490812685458,22.216455492581645,6.393350985163172,0,1,1,0,1,1,False,-1,
6507,2020-06-08 08:00:00,8,-1,MARKDOWN,5,A,1702.3345199999999,1724.5696614711399,1646.7466663221498,22.23514147113997,5.399322942280062,0,1,0,1,1,1,True,6526,-1.0
6553,2020-06-10 08:00:00,8,1,MARKUP,6,A+,1692.50234,1672.7955355743336,1741.7693510641661,19.706804425666405,4.368928851332613,0,1,1,1,1,1,False,-1,
6565,2020-06-10 20:00:00,20,1,MARKUP,3,C,1701.78964,1683.8523599127827,1746.632840218043,17.937280087217232,4.535280174434248,0,0,0,0,1,1,False,-1,
6577,2020-06-11 09:00:00,9,1,MARKUP,6,A+,1709.9973400000001,1688.9211321079977,1762.6878597300063,21.076207892002458,5.19773578400473,0,1,1,1,1,1,False,-1,
6599,2020-06-12 08:00:00,8,1,MARKUP,4,B,1720.45058,1702.600982214588,1765.07457446353,17.849597785412016,5.758035570824142,0,0,1,1,0,1,True,6623,0.5277104903561568
6611,2020-06-12 20:00:00,20,1,MARKUP,4,B,1721.94614,1705.1051468192354,1764.0486229519115,16.8409931807646,5.589706361529512,0,1,0,0,1,1,True,6622,-1.0
6650,2020-06-16 13:00:00,13,1,MARKUP,5,A,1719.05542,1701.8206019222337,1762.1424651944155,17.23481807776625,4.818796155532595,0,1,1,1,0,1,True,6653,0.5008091147521038
6668,2020-06-17 08:00:00,8,1,MARKUP,5,A,1717.52742,1702.109404552482,1756.0724586187948,15.418015447517973,4.24119089503599,0,1,1,0,1,1,True,6672,0.8075860292149142
6680,2020-06-17 20:00:00,20,1,MARKUP,5,A,1715.15138,1701.9212337846438,1748.2267455383903,13.230146215356172,4.617532430712192,0,1,1,0,1,1,False,-1,
6692,2020-06-18 09:00:00,9,1,MARKUP,5,A,1720.36112,1710.8321141040465,1744.183634739884,9.52900589595356,3.655771791907309,0,1,0,1,1,1,True,6695,0.5
6714,2020-06-19 08:00:00,8,1,MARKUP,4,B,1722.1527,1710.9385190986,1750.1881522535004,11.214180901400141,3.4429618028001383,0,1,1,0,0,1,False,-1,
6726,2020-06-19 20:00:00,20,1,MARKUP,5,A,1725.0902800000001,1710.555126560886,1761.4281635977854,14.535153439114083,4.209746878228197,0,1,0,1,1,1,False,-1,
6738,2020-06-22 09:00:00,9,1,MARKUP,4,B,1733.2502,1715.224966600403,1778.3132834989924,18.025233399597028,4.650066799194259,0,1,0,0,1,1,False,-1,
6760,2020-06-23 08:00:00,8,1,MARKUP,5,A,1736.8977,1718.1440784416875,1783.781753895781,18.75362155831249,5.1518431166249625,0,0,1,1,1,1,False,-1,
6772,2020-06-23 20:00:00,20,1,MARKUP,4,B,1742.34228,1723.2422988717155,1790.0922328207114,19.099981128284526,4.935402256568832,0,1,0,0,1,1,False,-1,
6784,2020-06-24 09:00:00,9,1,MARKUP,4,B,1752.1958599999998,1737.0335600782298,1790.1016098044247,15.16229992177,4.1728798435401195,0,1,1,0,0,1,False,-1,
6807,2020-06-25 09:00:00,9,1,MARKUP,5,A,1759.5366999999999,1744.6900094072657,1796.6534264818351,14.846690592734149,5.359981185468157,0,1,1,0,1,1,True,6811,0.7525039051368384
6832,2020-06-26 11:00:00,11,1,MARKUP,6,A+,1763.2385199999999,1751.4910843311375,1792.607109172156,11.747435668862408,3.737831337724834,1,1,1,1,0,1,True,6833,-1.0
6852,2020-06-29 08:00:00,8,1,MARKUP,6,A+,1758.3552,1745.0872535182466,1791.5250662043834,13.26794648175337,4.68549296350674,0,1,1,1,1,1,False,-1,
6864,2020-06-29 20:00:00,20,1,MARKUP,4,B,1758.126,1745.2756765347585,1790.2518086631035,12.850323465241445,4.308646930483008,0,1,0,0,1,1,False,-1,
6876,2020-06-30 09:00:00,9,1,MARKUP,5,A,1758.126,1745.7956550300999,1788.9518624247503,12.330344969900125,3.2686899398004283,0,1,1,0,1,1,False,-1,
6898,2020-07-01 08:00:00,8,1,MARKUP,4,B,1766.86694,1753.2151238130177,1800.996480467456,13.651816186982387,3.4897523739646448,0,1,0,1,0,1,True,6906,1.0282135854138053
6932,2020-07-02 19:00:00,19,1,MARKUP,5,A,1769.53648,1754.8750758311671,1806.1899904220822,14.66140416883286,5.149848337665687,0,1,1,0,1,1,False,-1,
6944,2020-07-03 08:00:00,8,1,MARKUP,4,B,1769.53648,1755.680204847099,1804.1771678822524,13.856275152900935,3.5395903058022045,0,1,0,0,1,1,False,-1,
6964,2020-07-06 09:00:00,9,1,MARKUP,4,B,1767.64558,1755.9658850847504,1796.8448172881244,11.679694915249684,2.968229830499443,0,1,1,0,0,1,False,-1,
6986,2020-07-07 08:00:00,8,1,MARKUP,4,B,1768.7877600000002,1755.9573253799829,1800.8638465500435,12.830434620017286,2.9853492400343686,0,1,0,1,0,1,False,-1,
6998,2020-07-07 20:00:00,20,1,MARKUP,6,A+,1780.37512,1767.9950849387997,1811.3252076530007,12.38003506120026,4.009830122400718,0,1,1,1,1,1,False,-1,
7010,2020-07-08 09:00:00,9,1,MARKUP,5,A,1780.45534,1768.4354825268424,1810.504983682894,12.019857473157572,3.1290349463151195,0,1,0,1,1,1,False,-1,
7032,2020-07-09 08:00:00,8,1,MARKUP,6,A+,1790.4999,1771.8518759676906,1837.1199600807736,18.648024032309422,3.3362480646189474,0,1,1,1,1,1,False,-1,
7044,2020-07-09 20:00:00,20,1,MARKUP,3,C,1790.4999,1771.0177135000658,1839.2053662498356,19.482186499934187,5.004572999868454,0,0,0,0,1,1,False,-1,
7060,2020-07-10 13:00:00,13,1,MARKUP,5,A,1801.59918,1789.557016405492,1831.7045889862698,12.042163594507883,3.8459671890158407,0,1,1,1,0,1,True,7064,0.7250109071659709
7078,2020-07-13 08:00:00,8,1,MARKUP,6,A+,1802.42816,1792.3106538823613,1827.7219252940965,10.11750611763864,3.518692235277334,0,1,1,1,1,1,True,7087,-1.0
7090,2020-07-13 20:00:00,20,1,MARKUP,6,A+,1802.42816,1792.1606111986034,1828.0970320034912,10.267548801396515,3.8187776027929305,0,1,1,1,1,1,True,7092,-1.0
7110,2020-07-14 17:00:00,17,1,MARKUP,5,A,1799.19252,1787.9691475735435,1827.2509510661414,11.223372426456535,4.981704852913033,0,1,1,0,1,1,False,-1,
7124,2020-07-15 08:00:00,8,1,MARKUP,5,A,1799.19252,1788.6906803751588,1825.4471190621034,10.501839624841296,3.5386392496824928,0,1,0,1,1,1,False,-1,
7136,2020-07-15 20:00:00,20,1,MARKUP,6,A+,1799.86102,1788.437676452421,1828.4193788689474,11.423343547578952,4.044647095158046,0,1,1,1,1,1,True,7159,0.7885600177488927
7148,2020-07-16 09:00:00,9,1,MARKUP,2,C,1799.86102,1788.8741896325741,1827.328095918565,10.98683036742591,3.171620734851905,0,0,0,0,0,1,True,7159,0.800024675598352
7170,2020-07-17 08:00:00,8,-1,MARKDOWN,4,B,1807.38034,1816.5098624961747,1784.556533759563,9.129522496174786,2.8797249923496206,0,1,0,1,0,1,True,7177,-1.0
7182,2020-07-17 20:00:00,20,1,MARKUP,4,B,1802.62966,1793.4042627197834,1825.6931532005415,9.225397280216612,3.0714745604332476,0,1,0,0,1,1,False,-1,
7194,2020-07-20 09:00:00,9,1,MARKUP,5,A,1801.9497000000001,1793.6814249118554,1822.620387720362,8.26827508814472,2.5171501762892494,0,1,1,0,1,1,False,-1,
7216,2020-07-21 08:00:00,8,1,MARKUP,5,A,1804.73066,1793.6911726504215,1832.329378373946,11.039487349578394,2.4976546991570627,0,1,0,1,1,1,False,-1,
7228,2020-07-21 20:00:00,20,1,MARKUP,5,A,1815.5155,1796.3383871078508,1863.4582822303728,19.177112892149125,3.783225784298127,0,1,1,1,0,1,False,-1,
7240,2020-07-22 09:00:00,9,1,MARKUP,6,A+,1828.64146,1803.3758913380368,1891.8053816549082,25.265568661963243,4.668217323926564,0,1,1,1,1,1,False,-1,
7262,2020-07-23 08:00:00,8,1,MARKUP,6,A+,1838.37086,1812.1276805413825,1903.9788086465437,26.243179458617533,5.324638917234854,0,1,1,1,1,1,False,-1,
7274,2020-07-23 20:00:00,20,1,MARKUP,5,A,1848.23548,1813.579443876823,1934.8755703079428,34.656036123177046,7.321112246354149,0,1,0,1,1,1,False,-1,
7286,2020-07-24 09:00:00,9,1,MARKUP,6,A+,1861.2011200000002,1835.142694380753,1926.347184048118,26.058425619247146,6.154611238494089,0,1,1,1,1,1,False,-1,
7308,2020-07-27 08:00:00,8,1,MARKUP,6,A+,1888.2934599999999,1850.1848246518393,1983.5650483704012,38.10863534816053,6.6703506963213695,0,1,1,1,1,1,False,-1,
7320,2020-07-27 20:00:00,20,1,MARKUP,5,A,1897.50162,1864.0132451453726,1981.2225571365684,33.48837485462741,7.4535097092547975,0,1,0,1,1,1,False,-1,
7332,2020-07-28 09:00:00,9,1,MARKUP,4,B,1918.0831,1873.9017423588543,2028.5364941028643,44.18135764114572,10.396515282291361,0,0,0,1,1,1,True,7333,0.8441997398359051
7354,2020-07-29 08:00:00,8,1,MARKUP,5,A,1929.37396,1892.7014965303274,2021.0551186741811,36.67246346967249,9.337006939345164,0,1,0,1,1,1,False,-1,
7366,2020-07-29 20:00:00,20,1,MARKUP,4,B,1935.0966400000002,1902.746222924372,2015.9726826890708,32.35041707562823,7.767554151256089,0,1,1,0,0,1,False,-1,
7378,2020-07-30 09:00:00,9,1,MARKUP,3,C,1935.0966400000002,1902.5319676081879,2016.5083209795312,32.56467239181234,8.196064783624367,0,0,0,0,1,1,False,-1,
7400,2020-07-31 08:00:00,8,1,MARKUP,6,A+,1955.34716,1936.124340757188,2003.40420810703,19.222819242811966,6.83131848562372,0,1,1,1,1,1,False,-1,
7412,2020-07-31 20:00:00,20,1,MARKUP,5,A,1956.11498,1935.8170076166311,2006.8599109584225,20.297972383368915,7.445984766737746,0,1,0,1,1,1,False,-1,
7424,2020-08-03 09:00:00,9,1,MARKUP,4,B,1957.9333,1936.3699299360173,2011.8417251599562,21.563370063982575,6.340140127965199,0,0,0,1,1,1,False,-1,
7446,2020-08-04 08:00:00,8,1,MARKUP,6,A+,1957.9333,1937.0594170050151,2010.118007487462,20.873882994984797,4.961165989969495,0,1,1,1,1,1,False,-1,
7458,2020-08-04 20:00:00,20,1,MARKUP,6,A+,1977.76086,1956.7036621708762,2030.40385457281,21.05719782912388,6.412675658247693,0,1,1,1,1,1,False,-1,
7470,2020-08-05 09:00:00,9,1,MARKUP,6,A+,1989.6275,1956.38338386789,2072.7377903302754,33.24411613211009,8.233232264219941,0,1,1,1,1,1,False,-1,
7492,2020-08-06 08:00:00,8,1,MARKUP,5,A,2000.5562,1963.0070253070667,2094.429136732333,37.54917469293332,7.025949385866439,0,1,1,0,1,1,False,-1,
7504,2020-08-06 20:00:00,20,1,MARKUP,4,B,2006.19904,1962.653664293283,2115.0624792667923,43.54537570671687,8.612671413433775,0,1,0,0,1,1,False,-1,
7516,2020-08-07 09:00:00,9,1,MARKUP,3,C,2024.1414,1988.1407253856923,2114.143086535769,36.00067461430763,8.818549228615042,0,0,0,0,1,1,True,7524,-1.0
7567,2020-08-11 14:00:00,14,-1,MARKDOWN,6,A+,2036.6107,2080.094836508333,1927.9003587291668,43.48413650833322,9.68967301666668,0,1,1,1,1,1,False,-1,
7584,2020-08-12 08:00:00,8,-1,MARKDOWN,6,A+,1978.3575799999999,2058.1729312055845,1778.8192019860383,79.81535120558465,16.52586241116914,0,1,1,1,1,1,False,-1,
7596,2020-08-12 20:00:00,20,-1,MARKDOWN,5,A,1978.3575799999999,2058.425926323001,1778.186714192497,80.06834632300115,17.031852646002605,0,0,1,1,1,1,False,-1,
7676,2020-08-18 08:00:00,8,1,MARKUP,6,A+,1956.15146,1925.8814865595443,2031.8263936011394,30.269973440455715,7.037026880911339,0,1,1,1,1,1,False,-1,
7688,2020-08-18 20:00:00,20,1,MARKUP,6,A+,1962.37042,1924.6734308866048,2056.612892783488,37.69698911339515,9.453138226790562,0,1,1,1,1,1,True,7708,-1.0
7700,2020-08-19 09:00:00,9,1,MARKUP,3,C,1962.37042,1925.3710036878413,2054.8689607803967,36.9994163121587,8.057992624317471,0,0,0,0,1,1,True,7708,-1.0
7722,2020-08-20 08:00:00,8,-1,MARKDOWN,6,A+,1980.94418,2021.698536361281,1879.0582890967976,40.754356361281,11.977072722561767,0,1,1,1,1,1,False,-1,
7734,2020-08-20 20:00:00,20,-1,MARKDOWN,4,B,1980.94418,2021.6686291695346,1879.1330570761634,40.72444916953464,11.917258339068983,0,1,1,0,0,1,False,-1,
7746,2020-08-21 09:00:00,9,-1,MARKDOWN,3,C,1977.49574,2014.4821004758478,1885.0298388103806,36.98636047584773,8.70420095169524,0,0,0,0,1,1,False,-1,
7768,2020-08-24 08:00:00,8,-1,MARKDOWN,2,C,1950.42018,1978.4246425200813,1880.409023699797,28.004462520081233,7.869285040162461,0,0,0,0,0,1,True,7771,0.9215412481041769
7780,2020-08-24 20:00:00,20,-1,MARKDOWN,5,A,1942.55922,1966.0526520579529,1883.8256398551182,23.49343205795276,8.565304115905803,0,1,1,1,0,1,False,-1,
7792,2020-08-25 09:00:00,9,-1,MARKDOWN,6,A+,1942.55922,1964.8131933422917,1886.924286644271,22.2539733422916,6.086386684583638,0,1,1,1,1,1,False,-1,
7814,2020-08-26 08:00:00,8,-1,MARKDOWN,6,A+,1943.625,1964.6844714292324,1890.976321426919,21.059471429232417,5.8289428584648855,0,1,1,1,1,1,True,7823,-1.0
7846,2020-08-27 17:00:00,17,-1,MARKDOWN,5,A,1948.46874,1982.282015760065,1863.9355505998378,33.813275760064926,11.144031520129833,0,1,1,0,1,1,True,7861,-1.0
7866,2020-08-28 14:00:00,14,1,MARKUP,5,A,1931.02126,1898.4962153517383,2012.333871620654,32.525044648261655,8.56756929652315,0,1,1,1,0,1,False,-1,
7883,2020-08-31 08:00:00,8,1,MARKUP,4,B,1935.43378,1906.6126477739278,2007.4866105651806,28.821132226072223,6.614704452144348,0,1,0,1,0,1,False,-1,
7895,2020-08-31 20:00:00,20,1,MARKUP,5,A,1935.43378,1906.4791331803797,2007.820397049051,28.954646819620393,6.881733639240905,0,1,1,1,0,1,False,-1,
7907,2020-09-01 09:00:00,9,1,MARKUP,5,A,1946.2074,1916.1118096251864,2021.446375937034,30.095590374813582,6.1763807496272,0,1,1,1,0,1,False,-1,
7952,2020-09-03 08:00:00,8,-1,MARKDOWN,6,A+,1969.37394,1995.8473345920893,1903.1904535197766,26.473394592089335,6.854669184178286,0,1,1,1,1,1,False,-1,
7964,2020-09-03 20:00:00,20,-1,MARKDOWN,5,A,1965.43552,1996.6425354076537,1887.4179814808658,31.20701540765367,8.445070815307075,0,1,0,1,1,1,False,-1,
7976,2020-09-04 09:00:00,9,-1,MARKDOWN,4,B,1955.77618,1980.3117195921504,1894.4373310196243,24.53553959215037,7.043439184300937,0,0,1,0,1,1,False,-1,
7998,2020-09-07 08:00:00,8,-1,MARKDOWN,6,A+,1937.79606,1954.3886628992013,1896.3145527519964,16.592602899201438,6.697325798402867,0,1,1,1,1,1,False,-1,
8020,2020-09-08 11:00:00,11,-1,MARKDOWN,5,A,1935.71958,1950.2355711528708,1899.429602117823,14.51599115287081,5.111142305741581,0,1,1,0,1,1,True,8028,0.6396995547904737
8040,2020-09-09 08:00:00,8,-1,MARKDOWN,6,A+,1931.91868,1950.640639064293,1885.1137823392673,18.72195906429306,5.921278128586061,1,0,1,1,1,1,True,8042,-1.0
8063,2020-09-10 08:00:00,8,1,MARKUP,6,A+,1923.3999,1903.9952715218483,1971.911471195379,19.404628478151608,4.849456956303802,0,1,1,1,1,1,False,-1,
8075,2020-09-10 20:00:00,20,1,MARKUP,5,A,1929.41258,1903.1661114584167,1995.028751353958,26.246468541583226,6.507777083166695,0,1,0,1,1,1,False,-1,
8087,2020-09-11 09:00:00,9,1,MARKUP,5,A,1937.83592,1917.1239088173072,1989.6159479567318,20.712011182692777,5.852182365385502,0,0,1,1,1,1,True,8102,1.073242597550853
8116,2020-09-14 15:00:00,15,1,MARKUP,6,A+,1948.0143799999998,1933.930374793951,1983.2243930151221,14.084005206048914,5.179250412098186,0,1,1,1,1,1,False,-1,
8132,2020-09-15 08:00:00,8,1,MARKUP,6,A+,1949.04196,1934.5073113939127,1985.3785815152182,14.53464860608733,4.025377212174452,0,1,1,1,1,1,True,8141,0.9031291027420298
8144,2020-09-15 20:00:00,20,1,MARKUP,5,A,1950.13066,1933.8291026142435,1990.8845534643913,16.301557385756496,5.381794771513047,0,0,1,1,1,1,True,8151,0.8260418452955084
8156,2020-09-16 09:00:00,9,1,MARKUP,6,A+,1950.13066,1934.3478013630324,1989.587806592419,15.782858636967603,4.344397273934934,0,1,1,1,1,1,True,8174,-1.0
8189,2020-09-17 19:00:00,19,-1,MARKDOWN,5,A,1958.01732,1976.8670632650158,1910.8929618374605,18.84974326501583,6.574126530031436,0,1,0,1,1,1,True,8212,1.75
8201,2020-09-18 08:00:00,8,-1,MARKDOWN,3,C,1958.01732,1975.934687357083,1913.2239016072922,17.917367357083094,4.70937471416609,1,0,0,0,0,1,True,8212,1.75
8213,2020-09-18 20:00:00,20,1,MARKUP,5,A,1948.40268,1930.1816407520053,1993.9552781199866,18.221039247994668,5.316718495989264,0,1,1,0,1,1,True,8217,-1.0
8227,2020-09-21 11:00:00,11,-1,MARKDOWN,5,A,1955.91612,1972.788039054814,1913.7363223629654,16.871919054813816,5.216078109627598,0,1,1,0,1,1,False,-1,
8247,2020-09-22 08:00:00,8,-1,MARKDOWN,5,A,1930.31748,1963.7452873960276,1846.7479615099307,33.427807396027674,7.370574792055359,0,1,0,1,1,1,False,-1,
8259,2020-09-22 20:00:00,20,-1,MARKDOWN,3,C,1930.31748,1964.2281810247314,1845.5407274381714,33.91070102473145,8.336362049462744,0,0,0,0,1,1,False,-1,
8271,2020-09-23 09:00:00,9,-1,MARKDOWN,6,A+,1927.3913599999998,1963.7310277900842,1836.542190524789,36.33966779008438,7.342055580168666,0,1,1,1,1,1,False,-1,
8293,2020-09-24 08:00:00,8,-1,MARKDOWN,6,A+,1892.8989,1923.865401728746,1815.4826456781345,30.966501728746152,7.650803457492386,0,1,1,1,1,1,False,-1,
8305,2020-09-24 20:00:00,20,-1,MARKDOWN,2,C,1891.3387400000001,1921.6389164345985,1815.5882989135043,30.30017643459837,7.937832869196858,0,0,0,0,0,1,False,-1,
8321,2020-09-25 13:00:00,13,-1,MARKDOWN,6,A+,1883.70644,1908.875795037664,1820.78305240584,25.16935503766399,7.111590075328193,0,1,1,1,1,1,False,-1,
8339,2020-09-28 08:00:00,8,-1,MARKDOWN,6,A+,1866.2603,1879.8502381126536,1832.2854547183656,13.589938112653726,5.520476225307367,0,1,1,1,1,1,True,8346,-1.0
8385,2020-09-30 08:00:00,8,1,MARKUP,4,B,1867.8614400000001,1846.0943082077677,1922.2792694805812,21.767131792232476,4.631383584464867,0,1,0,0,1,1,False,-1,
8397,2020-09-30 20:00:00,20,1,MARKUP,4,B,1868.9807,1844.893165545892,1929.1995361352701,24.08753445410798,7.033668908216118,0,1,0,0,1,1,False,-1,
8409,2020-10-01 09:00:00,9,1,MARKUP,5,A,1883.86832,1869.8140825771584,1919.0039135571042,14.054237422841652,5.371834845683266,0,1,1,0,1,1,False,-1,
8431,2020-10-02 08:00:00,8,1,MARKUP,5,A,1893.05302,1878.2408594994658,1930.0834212513355,14.812160500534219,6.238281001068314,0,1,1,0,1,1,True,8452,1.0242089446082014
8443,2020-10-02 20:00:00,20,1,MARKUP,5,A,1895.0012199999999,1877.936111344582,1937.6639916385443,17.065108655417816,6.847777310835718,0,0,1,1,1,1,True,8452,0.8979211126321519
8461,2020-10-05 15:00:00,15,1,MARKUP,6,A+,1897.05916,1882.1109199076018,1934.4297602309957,14.948240092398237,5.158160184796416,0,1,1,1,1,1,False,-1,
8477,2020-10-06 08:00:00,8,1,MARKUP,5,A,1899.1676,1885.0307132509859,1934.5098168725353,14.136886749014138,3.978573498028415,0,1,0,1,1,1,True,8489,-1.0
8500,2020-10-07 08:00:00,8,-1,MARKDOWN,4,B,1902.63288,1924.0020927737278,1849.20984806568,21.369212773727895,5.944185547455702,0,1,0,1,0,1,False,-1,
8512,2020-10-07 20:00:00,20,-1,MARKDOWN,6,A+,1902.63288,1923.966438482871,1849.2989837928224,21.333558482871013,5.872876965742032,0,1,1,1,1,1,False,-1,
8525,2020-10-08 10:00:00,10,-1,MARKDOWN,3,C,1902.63288,1923.3339790741418,1850.8801323146452,20.701099074141894,4.607958148283801,0,0,0,0,1,1,True,8542,-1.0
8546,2020-10-09 08:00:00,8,1,MARKUP,5,A,1888.3600999999999,1870.6526757804438,1932.62866054889,17.70742421955606,4.434648439112035,0,1,0,1,1,1,False,-1,
8558,2020-10-09 20:00:00,20,1,MARKUP,6,A+,1898.31876,1876.4657117561208,1952.9513806096984,21.853048243879357,5.368576487758596,0,1,1,1,1,1,False,-1,
8570,2020-10-12 09:00:00,9,1,MARKUP,4,B,1900.92422,1878.4651433589847,1957.0719116025384,22.459076641015372,5.029713282030767,0,1,0,0,1,1,False,-1,
8615,2020-10-14 08:00:00,8,-1,MARKDOWN,5,A,1913.82642,1935.697921824649,1859.1476654383778,21.87150182464893,5.015843649298162,0,1,1,1,0,1,False,-1,
8627,2020-10-14 20:00:00,20,-1,MARKDOWN,3,C,1913.0292,1934.7049755867313,1858.8397610331717,21.675775586731334,5.609951173462548,0,0,1,0,0,1,False,-1,
8641,2020-10-15 11:00:00,11,-1,MARKDOWN,5,A,1909.03692,1928.1795943216873,1861.1802341957818,19.14267432168731,5.479188643374596,0,1,1,0,1,1,True,8657,-1.0
8689,2020-10-19 13:00:00,13,1,MARKUP,6,A+,1898.90552,1887.616352564666,1927.1284385883353,11.289167435334093,3.967294870668016,0,1,1,1,1,1,True,8703,1.75
8707,2020-10-20 08:00:00,8,-1,MARKDOWN,4,B,1909.36256,1920.565447893194,1881.355340267015,11.202887893193974,4.130895786387912,0,1,0,0,1,1,True,8716,0.5
8719,2020-10-20 20:00:00,20,1,MARKUP,5,A,1903.71744,1891.9640707874544,1933.1008630313636,11.753369212545522,5.231858425091076,0,1,1,0,1,1,False,-1,
8731,2020-10-21 09:00:00,9,1,MARKUP,4,B,1904.46616,1892.3705439353262,1934.7052001616844,12.095616064673777,4.418912129347458,0,1,0,0,1,1,False,-1,
8753,2020-10-22 08:00:00,8,1,MARKUP,4,B,1908.64142,1892.5284040915847,1948.923959771038,16.113015908415264,4.103191816830518,0,0,0,1,1,1,True,8760,-1.0
8784,2020-10-23 16:00:00,16,-1,MARKDOWN,4,B,1917.32094,1933.3893325121796,1877.1499587195513,16.06839251217957,3.998665024359057,0,1,1,0,0,1,False,-1,
8799,2020-10-26 08:00:00,8,-1,MARKDOWN,6,A+,1914.81052,1931.608757017778,1872.8149274555549,16.798237017778092,4.457514035555791,0,1,1,1,1,1,False,-1,
8811,2020-10-26 20:00:00,20,-1,MARKDOWN,5,A,1909.27942,1922.8382922230985,1875.382239442254,13.558872223098433,4.81658444619671,0,0,1,1,1,1,True,8819,1.75
8850,2020-10-28 13:00:00,13,-1,MARKDOWN,6,A+,1903.67416,1913.1470398635392,1879.991960341152,9.47287986353922,3.5740797270785074,0,1,1,1,1,1,False,-1,
8868,2020-10-29 08:00:00,8,-1,MARKDOWN,5,A,1895.2777999999998,1913.3908095058266,1849.9952762354328,18.113009505826767,4.06161901165339,0,1,0,1,1,1,False,-1,
8880,2020-10-29 20:00:00,20,-1,MARKDOWN,4,B,1891.71756,1914.1085953757763,1835.7399715605593,22.391035375776255,5.497190751552606,0,1,0,0,1,1,False,-1,
8892,2020-10-30 09:00:00,9,-1,MARKDOWN,5,A,1891.50126,1913.5355595951598,1836.4155110121005,22.034299595159837,5.0511191903197465,0,1,1,0,1,1,False,-1,
8940,2020-11-03 11:00:00,11,1,MARKUP,5,A,1878.31536,1862.2259104133764,1918.5389839665593,16.089449586623687,4.308179173247482,0,1,1,0,1,1,False,-1,
8960,2020-11-04 08:00:00,8,1,MARKUP,5,A,1889.84308,1869.431187164758,1940.872812088105,20.411892835242043,8.017625670484003,0,1,1,0,1,1,True,8961,0.6455045656216241
8972,2020-11-04 20:00:00,20,1,MARKUP,5,A,1894.11964,1876.1478855774112,1939.0490260564716,17.971754422588674,8.4242288451772,1,0,0,1,1,1,False,-1,
8984,2020-11-05 09:00:00,9,1,MARKUP,6,A+,1894.9415800000002,1878.6167009476237,1935.7537776309414,16.324879052376446,6.1465981047526705,0,1,1,1,1,1,False,-1,
9006,2020-11-06 08:00:00,8,1,MARKUP,6,A+,1908.8387400000001,1878.7310549161657,1984.1079527095862,30.10768508383444,5.917890167668607,0,1,1,1,1,1,False,-1,
9018,2020-11-06 20:00:00,20,1,MARKUP,6,A+,1915.0482399999999,1883.5339215436097,1993.834036140975,31.51431845639013,7.012156912780654,0,1,1,1,1,1,True,9035,-1.0
9030,2020-11-09 09:00:00,9,1,MARKUP,5,A,1920.81388,1890.2802825147573,1997.1478737131065,30.53359748524258,5.799434970485587,0,1,0,1,1,1,True,9035,-1.0
9052,2020-11-10 08:00:00,8,-1,MARKDOWN,5,A,1921.59764,1969.9898190007905,1800.6171924980235,48.39217900079052,8.939638001581,0,1,0,1,1,1,False,-1,
9064,2020-11-10 20:00:00,20,-1,MARKDOWN,5,A,1921.59764,1969.5487359370488,1801.7199001573777,47.951095937048876,8.057471874097764,0,0,1,1,1,1,False,-1,
9076,2020-11-11 09:00:00,9,-1,MARKDOWN,6,A+,1921.59764,1968.5295468596214,1804.2678728509463,46.93190685962145,6.0190937192426786,0,1,1,1,1,1,False,-1,
9098,2020-11-12 08:00:00,8,-1,MARKDOWN,5,A,1875.17348,1892.8750532827155,1830.9195467932109,17.70157328271557,4.950106565430623,0,1,1,1,0,1,True,9105,-1.0
9149,2020-11-16 13:00:00,13,-1,MARKDOWN,6,A+,1885.17048,1902.039599323808,1842.99768169048,16.869119323808036,5.959198647616347,0,1,1,1,1,1,True,9151,0.7099256068116099
9169,2020-11-17 10:00:00,10,1,MARKUP,6,A+,1877.72046,1862.003124473806,1917.0137988154847,15.717335526193892,5.0537510523875895,0,1,1,1,1,1,True,9181,-1.0
9190,2020-11-18 08:00:00,8,-1,MARKDOWN,5,A,1885.86954,1901.1125862002286,1847.761924499428,15.243046200228719,4.105172400457485,0,1,0,1,1,1,False,-1,
9202,2020-11-18 20:00:00,20,-1,MARKDOWN,6,A+,1883.69668,1898.690035182496,1846.2132920437598,14.993355182496089,5.340070364992162,0,1,1,1,1,1,False,-1,
9214,2020-11-19 09:00:00,9,-1,MARKDOWN,5,A,1881.44434,1898.371369056825,1839.1267673579378,16.92702905682495,4.7227381136501,0,1,0,1,1,1,False,-1,
9236,2020-11-20 08:00:00,8,-1,MARKDOWN,3,C,1875.17576,1891.2689073103058,1834.9428917242358,16.093147310305767,4.43781462061194,0,0,1,0,0,1,True,9244,1.75
9267,2020-11-23 16:00:00,16,-1,MARKDOWN,5,A,1864.95424,1882.5325871559062,1821.0083721102346,17.578347155906158,5.605174311812114,0,1,1,0,1,1,False,-1,
9282,2020-11-24 08:00:00,8,-1,MARKDOWN,4,B,1857.4212,1882.4242246631795,1794.9136383420512,25.00302466317953,5.388449326358886,0,1,0,1,0,1,False,-1,
9294,2020-11-24 20:00:00,20,-1,MARKDOWN,5,A,1849.35718,1882.727286463211,1765.9319138419726,33.37010646321096,5.994572926421835,0,1,0,1,1,1,False,-1,
9306,2020-11-25 09:00:00,9,-1,MARKDOWN,5,A,1847.13238,1878.655961402737,1768.3234264931577,31.52358140273691,5.0519228054734615,0,1,0,1,1,1,False,-1,
9328,2020-11-26 08:00:00,8,-1,MARKDOWN,2,C,1825.49002,1843.1752138229238,1781.2770354426905,17.685193822923793,4.130427645847801,0,0,0,0,0,1,False,-1,
9346,2020-11-27 08:00:00,8,-1,MARKDOWN,5,A,1811.36254,1820.2430143078611,1789.1613542303476,8.88047430786105,3.9860286157221387,0,1,0,1,1,1,True,9348,2.5
9365,2020-11-30 08:00:00,8,-1,MARKDOWN,5,A,1797.63346,1821.6052093749768,1737.7040865625581,23.971749374976753,6.710418749953739,0,1,0,1,1,1,False,-1,
9377,2020-11-30 20:00:00,20,-1,MARKDOWN,6,A+,1797.63346,1821.8633576946331,1737.0587157634172,24.22989769463311,7.22671538926607,0,1,1,1,1,1,True,9392,-1.0
9418,2020-12-02 15:00:00,15,1,MARKUP,4,B,1790.30184,1761.189011433947,1863.0839114151331,29.112828566053167,6.181977132106168,0,1,0,1,0,1,False,-1,
9434,2020-12-03 08:00:00,8,1,MARKUP,5,A,1796.59942,1769.0328647524,1865.5158081190002,27.566555247600036,4.854270495200305,0,1,0,1,1,1,False,-1,
9446,2020-12-03 20:00:00,20,1,MARKUP,6,A+,1806.6807800000001,1780.5716436419257,1871.9536208951863,26.109136358074466,6.156712716148691,0,1,1,1,1,1,False,-1,
9458,2020-12-04 09:00:00,9,1,MARKUP,5,A,1821.7177,1805.078261510765,1863.3162962230872,16.639438489234863,4.743476978470084,0,1,1,0,1,1,False,-1,
9480,2020-12-07 08:00:00,8,1,MARKUP,4,B,1833.09754,1821.5391733594784,1861.993456601304,11.558366640521626,4.421653281043326,0,1,0,0,1,1,True,9482,1.75
9492,2020-12-07 20:00:00,20,1,MARKUP,5,A,1839.73502,1818.7927638240042,1892.0906604399897,20.942256175995908,6.274472351991731,0,1,0,1,1,1,False,-1,
9504,2020-12-08 09:00:00,9,1,MARKUP,5,A,1840.99562,1819.4852944512518,1894.7714338718702,21.510325548748142,4.88941109749638,0,1,0,1,1,1,False,-1,
9526,2020-12-09 08:00:00,8,1,MARKUP,3,C,1842.31352,1819.634767151133,1899.0104021221673,22.678752848866907,4.590465697733976,0,0,0,0,1,1,True,9534,-1.0
9560,2020-12-10 19:00:00,19,-1,MARKDOWN,6,A+,1856.23584,1878.847346057552,1799.7070748561205,22.61150605755188,7.114692115104157,0,1,1,1,1,1,False,-1,
9572,2020-12-11 08:00:00,8,-1,MARKDOWN,6,A+,1855.0801800000002,1875.8981052182467,1803.0353669543838,20.8179252182465,4.956210436493109,0,1,1,1,1,1,False,-1,
9584,2020-12-11 20:00:00,20,-1,MARKDOWN,4,B,1850.07724,1868.9723763782108,1802.8393990544732,18.895136378210736,5.564752756421558,0,0,1,0,1,1,False,-1,
9596,2020-12-14 09:00:00,9,-1,MARKDOWN,5,A,1840.078,1851.9805293095874,1810.3216767260315,11.902529309587408,3.9410586191747843,0,1,1,0,1,1,True,9617,-1.0
9641,2020-12-16 08:00:00,8,1,MARKUP,5,A,1833.80292,1816.541843183408,1876.9556120414804,17.261076816592094,3.9163136331838153,0,1,0,1,1,1,False,-1,
9653,2020-12-16 20:00:00,20,1,MARKUP,6,A+,1836.5495,1815.9686739253805,1888.0015651865492,20.58082607461961,5.062652149239101,0,1,1,1,1,1,False,-1,
9665,2020-12-17 09:00:00,9,1,MARKUP,6,A+,1843.76988,1822.1390687249714,1897.846908187572,21.63081127502869,4.801862550057302,0,1,1,1,1,1,False,-1,
9687,2020-12-18 08:00:00,8,1,MARKUP,5,A,1864.33446,1842.28190163217,1919.465855919575,22.052558367829988,4.736196735660002,0,1,0,1,1,1,False,-1,
9699,2020-12-18 20:00:00,20,1,MARKUP,4,B,1864.3839,1842.248567534242,1919.722231164395,22.135332465757983,4.962864931515747,0,0,0,1,1,1,True,9714,0.709937877569394
9711,2020-12-21 09:00:00,9,1,MARKUP,5,A,1868.4178200000001,1841.9271618552898,1934.644465361776,26.490658144710324,5.605676289420359,0,1,0,1,1,1,True,9714,0.9222218458448135
9761,2020-12-23 13:00:00,13,-1,MARKDOWN,6,A+,1886.9906,1909.1175560427437,1831.6732098931411,22.126956042743586,4.7551120854871956,0,1,1,1,1,1,False,-1,
9789,2020-12-24 18:00:00,18,1,MARKUP,6,A+,1867.41422,1854.8953942162962,1898.7112844592593,12.518825783703733,4.249211567407467,0,1,1,1,1,1,False,-1,
9801,2020-12-28 10:00:00,10,1,MARKUP,4,B,1873.52622,1854.3990633754245,1921.3441115614387,19.12715662457549,5.241873249151088,0,0,0,1,1,1,True,9804,0.7781065520273771
9853,2020-12-30 16:00:00,16,1,MARKUP,5,A,1880.99784,1866.9932793856854,1916.0092415357867,14.004560614314641,4.23344122862905,0,1,1,1,0,1,False,-1,
9868,2020-12-31 08:00:00,8,1,MARKUP,3,C,1882.0934,1868.9531357868727,1914.9440605328182,13.140264213127239,4.353728426254597,0,0,0,0,1,1,False,-1,
9880,2020-12-31 20:00:00,20,1,MARKUP,4,B,1882.65104,1869.2820452893127,1916.0735267767182,13.368994710687275,4.795909421374809,0,1,0,0,1,1,False,-1,
9892,2021-01-04 09:00:00,9,1,MARKUP,6,A+,1894.9575399999999,1873.567334567039,1948.433053582402,21.390205432960784,4.985330865921757,0,1,1,1,1,1,False,-1,
9914,2021-01-05 08:00:00,8,1,MARKUP,6,A+,1907.7960400000002,1881.7348967149428,1972.9488982126436,26.06114328505737,5.3502065701143815,0,1,1,1,1,1,False,-1,
9926,2021-01-05 20:00:00,20,1,MARKUP,5,A,1911.0318599999998,1882.4600997238979,1982.4612606902547,28.57176027610194,5.77980055220414,0,1,1,0,1,1,True,9946,-1.0
9938,2021-01-06 09:00:00,9,1,MARKUP,5,A,1915.11966,1887.4730840354282,1984.2360999114298,27.646575964571866,5.533831929143577,0,1,1,0,1,1,True,9946,-1.0
9983,2021-01-08 08:00:00,8,-1,MARKDOWN,5,A,1936.9739,1962.0258789076572,1874.343952730857,25.051978907657258,5.371757815314439,0,1,1,0,1,1,False,-1,
9995,2021-01-08 20:00:00,20,-1,MARKDOWN,6,A+,1909.2407,1964.8460803689445,1770.227249077639,55.60538036894445,11.012160737889369,0,1,1,1,1,1,False,-1,
10007,2021-01-11 09:00:00,9,-1,MARKDOWN,5,A,1885.3344,1932.8599896459273,1766.5204258851818,47.52558964592731,10.399979291854452,0,1,0,1,1,1,False,-1,
10036,2021-01-12 15:00:00,15,-1,MARKDOWN,4,B,1878.56112,1920.165772597385,1774.5494885065377,41.604652597384984,6.931545194770055,0,1,1,0,0,1,False,-1,
10080,2021-01-14 13:00:00,13,-1,MARKDOWN,5,A,1850.08238,1866.8101595549933,1808.262931112517,16.727779554993276,6.0203191099866,0,1,0,1,1,1,True,10083,1.75
10105,2021-01-15 15:00:00,15,-1,MARKDOWN,6,A+,1849.6127,1865.9547155980472,1808.7576610048818,16.342015598047283,5.8294311960942276,0,1,1,1,1,1,False,-1,
10121,2021-01-18 08:00:00,8,-1,MARKDOWN,5,A,1837.88758,1863.4018032333024,1774.1020219167442,25.514223233302346,7.243606466604881,1,0,0,1,1,1,True,10122,-1.0
10133,2021-01-18 20:00:00,20,-1,MARKDOWN,5,A,1836.49708,1860.1349229526743,1777.4024726183147,23.63784295267419,5.209845905348708,1,0,1,1,0,1,True,10134,-1.0
10175,2021-01-20 19:00:00,19,1,MARKUP,5,A,1838.52266,1815.4521914759612,1896.1988313100974,23.070468524038915,6.69561704807759,0,1,0,1,1,1,False,-1,
10187,2021-01-21 08:00:00,8,1,MARKUP,6,A+,1848.74376,1830.0540913696236,1895.4679315759413,18.689668630376445,4.771817260752797,0,1,1,1,1,1,False,-1,
10199,2021-01-21 20:00:00,20,1,MARKUP,5,A,1848.74376,1829.76338839446,1896.1946890138502,18.980371605540086,5.353223211080144,0,1,1,0,1,1,True,10215,0.7290282968643836
10240,2021-01-25 15:00:00,15,1,MARKUP,6,A+,1851.75342,1834.80594812178,1894.1220996955503,16.947471878220085,5.0081037564400415,0,1,1,1,1,1,True,10242,-1.0
10263,2021-01-26 15:00:00,15,1,MARKUP,5,A,1849.77084,1834.9092637620006,1886.924780594998,14.861576237999316,4.80147247599889,0,0,1,1,1,1,True,10269,-1.0
10279,2021-01-27 08:00:00,8,-1,MARKDOWN,4,B,1858.49134,1869.9190230372153,1829.9221324069617,11.427683037215274,4.038046074430435,0,1,0,0,1,1,False,-1,
10291,2021-01-27 20:00:00,20,-1,MARKDOWN,4,B,1853.957,1870.6592379303222,1812.2014051741949,16.7022379303221,5.51847586064422,0,0,0,1,1,1,True,10309,0.6194992982513043
10303,2021-01-28 09:00:00,9,-1,MARKDOWN,6,A+,1850.13158,1864.0189861470515,1815.4130646323713,13.887406147051479,4.617972294102653,0,1,1,1,1,1,True,10309,-1.0
10348,2021-02-01 08:00:00,8,1,MARKUP,6,A+,1849.91648,1830.288932770393,1898.9853480740176,19.62754722960699,7.442134459213583,0,1,1,1,1,1,True,10372,-1.0
10360,2021-02-01 20:00:00,20,1,MARKUP,5,A,1849.9906400000002,1830.205556728545,1899.4533481786384,19.785083271455278,7.848886542910508,0,1,0,1,1,1,True,10372,-1.0
10380,2021-02-02 17:00:00,17,-1,MARKDOWN,6,A+,1858.03216,1879.2753002013885,1804.9243094965286,21.24314020138854,7.250600402776841,0,1,1,1,1,1,False,-1,
10394,2021-02-03 08:00:00,8,-1,MARKDOWN,5,A,1855.65904,1874.22852302152,1809.2353324462001,18.56948302152,4.837046043039949,0,1,1,0,1,1,False,-1,
10406,2021-02-03 20:00:00,20,-1,MARKDOWN,4,B,1855.65904,1874.2774977318345,1809.1128956704138,18.618457731834496,4.934995463669129,0,1,1,0,0,1,False,-1,
10418,2021-02-04 09:00:00,9,-1,MARKDOWN,4,B,1847.3135,1869.0344507560326,1793.0111231099186,21.720950756032607,4.668901512065287,0,1,0,1,0,1,False,-1,
10440,2021-02-05 08:00:00,8,-1,MARKDOWN,5,A,1822.0691,1847.381088635183,1758.7891284120424,25.31198863518307,4.822177270366072,0,1,0,1,1,1,False,-1,
10487,2021-02-09 09:00:00,9,1,MARKUP,6,A+,1808.4545600000001,1784.4138531661456,1868.5563270846365,24.04070683385453,4.472293667708756,0,1,1,1,1,1,False,-1,
10509,2021-02-10 08:00:00,8,1,MARKUP,4,B,1822.1852199999998,1803.7047717859284,1868.3863405351785,18.48044821407143,4.330456428143038,0,1,0,0,1,1,False,-1,
10521,2021-02-10 20:00:00,20,1,MARKUP,4,B,1825.93848,1804.82202683974,1878.7296129006504,21.116453160260107,5.835946320520182,0,0,1,0,1,1,True,10543,-1.0
10533,2021-02-11 09:00:00,9,1,MARKUP,5,A,1838.98446,1826.6196068907404,1869.8965927731485,12.364853109259457,4.4607862185188925,0,0,1,1,1,1,True,10540,-1.0
10555,2021-02-12 08:00:00,8,-1,MARKDOWN,6,A+,1841.3911600000001,1857.3959831699106,1801.3791020752242,16.004823169910424,4.031966339820803,0,1,1,1,1,1,False,-1,
10567,2021-02-12 20:00:00,20,-1,MARKDOWN,5,A,1838.24348,1858.1842502292113,1788.391554426972,19.94077022921124,5.608500458422327,0,1,1,0,1,1,False,-1,
10579,2021-02-15 09:00:00,9,-1,MARKDOWN,6,A+,1833.39836,1849.973272508847,1791.961078727882,16.574912508847092,4.866545017693897,0,1,1,1,1,1,False,-1,
10599,2021-02-16 09:00:00,9,-1,MARKDOWN,5,A,1831.4269399999998,1846.303152922241,1794.2364076943968,14.876212922241166,3.9063058444819827,0,1,1,0,1,1,False,-1,
10621,2021-02-17 08:00:00,8,-1,MARKDOWN,5,A,1813.83998,1833.375139183876,1765.0020820403101,19.535159183875976,5.3702783677516095,0,1,0,1,1,1,False,-1,
10633,2021-02-17 20:00:00,20,-1,MARKDOWN,6,A+,1805.08556,1830.4441119986175,1741.6891800034564,25.358551998617486,6.848223997234796,0,1,1,1,1,1,False,-1,
10645,2021-02-18 09:00:00,9,-1,MARKDOWN,5,A,1804.7333,1828.8666338923556,1744.3999652691114,24.133333892355495,4.83326778471123,0,0,1,1,1,1,False,-1,
10667,2021-02-19 08:00:00,8,-1,MARKDOWN,5,A,1793.66592,1816.8627248765586,1735.6739078086034,23.196804876558645,5.565449753117409,0,1,0,1,1,1,True,10690,1.0096445120101958
10713,2021-02-23 08:00:00,8,1,MARKUP,4,B,1781.77988,1758.332478838632,1840.3983829034205,23.447401161368134,4.615042322736598,0,1,0,0,1,1,False,-1,
10725,2021-02-23 20:00:00,20,1,MARKUP,3,C,1786.15532,1764.8662288984465,1839.378047753884,21.289091101553595,5.707542203106969,0,0,0,0,1,1,True,10744,-1.0
10737,2021-02-24 09:00:00,9,1,MARKUP,4,B,1792.1190199999999,1775.2433340707107,1834.3082348232228,16.875685929289148,4.253331858578274,0,1,0,1,0,1,True,10743,-1.0
10766,2021-02-25 15:00:00,15,-1,MARKDOWN,5,A,1801.90712,1819.2877376090953,1758.455575977262,17.380617609095225,6.615475218190553,0,1,1,0,1,1,False,-1,
10782,2021-02-26 08:00:00,8,-1,MARKDOWN,6,A+,1792.5320399999998,1817.3203435784033,1730.5612810539913,24.78830357840343,6.960687156806853,0,1,1,1,1,1,False,-1,
10794,2021-02-26 20:00:00,20,-1,MARKDOWN,5,A,1774.70872,1814.8074274307264,1674.4619514231842,40.098707430726336,9.114854861452967,0,1,0,1,1,1,False,-1,
10806,2021-03-01 09:00:00,9,-1,MARKDOWN,4,B,1771.8721,1809.1471965510345,1678.6843586224138,37.275096551034494,6.974393102068689,0,0,0,1,1,1,False,-1,
10828,2021-03-02 08:00:00,8,-1,MARKDOWN,5,A,1754.12238,1786.6577022151298,1672.7840744621756,32.53532221512978,7.075404430260019,0,1,0,1,1,1,False,-1,
10840,2021-03-02 20:00:00,20,-1,MARKDOWN,4,B,1746.1069200000002,1773.868031557719,1676.7041411057032,27.761111557718777,7.436063115437494,0,0,0,1,1,1,False,-1,
10856,2021-03-03 13:00:00,13,-1,MARKDOWN,6,A+,1739.7291599999999,1762.509469922552,1682.7783851936197,22.780309922552078,5.35893984510406,0,1,1,1,1,1,False,-1,
10874,2021-03-04 08:00:00,8,-1,MARKDOWN,5,A,1727.02698,1745.5480747616502,1680.7242430958747,18.521094761650147,6.01614952330045,0,1,0,1,1,1,False,-1,
10886,2021-03-04 20:00:00,20,-1,MARKDOWN,6,A+,1721.46528,1744.6725589286182,1663.447082678454,23.20727892861828,8.245117857236512,0,1,1,1,1,1,False,-1,
10898,2021-03-05 09:00:00,9,-1,MARKDOWN,6,A+,1720.21614,1743.6999732719078,1661.5065568202306,23.48383327190777,6.2999465438154,0,1,1,1,1,1,False,-1,
10921,2021-03-08 09:00:00,9,-1,MARKDOWN,5,A,1709.51238,1726.291060166059,1667.5656795848522,16.778680166059075,6.122120332118081,0,1,1,0,1,1,False,-1,
10943,2021-03-09 08:00:00,8,-1,MARKDOWN,5,A,1704.94372,1725.1106252777408,1654.5264568056477,20.166905277740852,5.541250555481995,0,1,0,1,1,1,True,10947,-1.0
10978,2021-03-10 20:00:00,20,1,MARKUP,6,A+,1694.88006,1674.2491367309651,1746.457368172587,20.630923269034838,5.101726538069761,0,1,1,1,1,1,False,-1,
10990,2021-03-11 09:00:00,9,1,MARKUP,5,A,1700.17076,1674.584950328127,1764.1352841796825,25.585809671872994,4.430099343745983,0,1,0,1,1,1,False,-1,
11038,2021-03-15 11:00:00,11,1,MARKUP,6,A+,1714.72448,1696.7194059301094,1759.737165174727,18.005074069890725,4.961188139781158,0,1,1,1,1,1,False,-1,
11058,2021-03-16 08:00:00,8,1,MARKUP,6,A+,1713.73128,1697.342942310948,1754.7021242226297,16.388337689051923,3.714115378103804,0,1,1,1,1,1,False,-1,
11070,2021-03-16 20:00:00,20,1,MARKUP,4,B,1715.24782,1696.870834596541,1761.1902835086476,18.376985403459003,4.658330806917775,0,0,1,0,1,1,False,-1,
11082,2021-03-17 09:00:00,9,1,MARKUP,3,C,1726.49542,1715.6686820029138,1753.5622649927154,10.826737997086184,3.4626359941728357,0,1,0,0,0,1,True,11090,1.75
11104,2021-03-18 08:00:00,8,1,MARKUP,6,A+,1735.25196,1720.317707742732,1772.5875906431702,14.9342522572681,4.824584514536077,0,1,1,1,1,1,True,11107,-1.0
11116,2021-03-18 20:00:00,20,1,MARKUP,4,B,1733.08278,1716.1403520010404,1775.4388499973988,16.9424279989596,6.159295997919387,1,0,1,0,0,1,True,11117,0.08955150938774073
11137,2021-03-19 18:00:00,18,1,MARKUP,6,A+,1733.08278,1716.4520296987284,1774.6596557531789,16.63075030127152,5.535940602543116,0,1,1,1,1,1,True,11146,-0.30682800881267525
11159,2021-03-22 17:00:00,17,1,MARKUP,5,A,1733.08278,1716.7456170341247,1773.9256874146881,16.337162965875223,4.948765931750652,0,1,1,1,0,1,True,11169,-0.27377948113406964
11176,2021-03-23 11:00:00,11,1,MARKUP,4,B,1734.8372,1725.5519608671868,1758.0502978320328,9.285239132813103,3.596078265626339,0,1,1,0,0,1,True,11181,-1.0
11196,2021-03-24 08:00:00,8,-1,MARKDOWN,6,A+,1738.10288,1748.7037966864882,1711.6005882837792,10.60091668648829,3.5075933729765287,0,1,1,1,1,1,True,11207,0.6439095351890518
11225,2021-03-25 14:00:00,14,-1,MARKDOWN,4,B,1735.4084,1744.181904517896,1713.4746387052598,8.773504517896072,3.183809035792219,0,1,1,0,0,1,True,11227,-1.0
11242,2021-03-26 08:00:00,8,-1,MARKDOWN,5,A,1736.41368,1747.4576239169871,1708.8038202075327,11.043943916987018,3.9352478339740804,0,1,0,1,1,1,True,11252,1.75
11254,2021-03-26 20:00:00,20,-1,MARKDOWN,3,C,1736.33728,1747.5379762534476,1708.335539366381,11.200696253447632,4.095952506895386,0,0,0,0,1,1,False,-1,
11266,2021-03-29 09:00:00,9,-1,MARKDOWN,5,A,1736.33728,1747.1736697733418,1709.2463055666453,10.836389773341807,3.3673395466834783,0,1,1,0,1,1,False,-1,
11288,2021-03-30 08:00:00,8,-1,MARKDOWN,6,A+,1724.95074,1739.4014886977127,1688.8238682557183,14.450748697712697,3.7429773954254433,0,1,1,1,1,1,False,-1,
11300,2021-03-30 20:00:00,20,-1,MARKDOWN,6,A+,1714.57782,1739.1954180041107,1653.0338249897231,24.617598004110732,4.9308360082212985,0,1,1,1,1,1,True,11323,-1.0
11312,2021-03-31 09:00:00,9,-1,MARKDOWN,4,B,1712.9353199999998,1736.8505647260154,1653.147208184961,23.915244726015544,4.481129452030904,0,1,0,1,0,1,True,11323,-1.0
11357,2021-04-05 08:00:00,8,1,MARKUP,5,A,1697.9555599999999,1676.1205866892108,1752.5429932769725,21.83497331078911,3.49882662157837,0,1,0,1,1,1,False,-1,
11369,2021-04-05 20:00:00,20,1,MARKUP,3,C,1699.56618,1676.573283872633,1757.0484203184174,22.992896127366976,3.9734322547339227,0,0,0,0,1,1,False,-1,
11381,2021-04-06 09:00:00,9,1,MARKUP,5,A,1718.3139800000001,1703.888741009518,1754.3770774762052,14.425238990482057,3.7225179809640214,0,1,0,1,1,1,False,-1,
11403,2021-04-07 08:00:00,8,1,MARKUP,5,A,1730.53822,1719.7331567853073,1757.5508780367313,10.805063214692609,3.1136864293853788,0,1,0,1,1,1,False,-1,
11415,2021-04-07 20:00:00,20,1,MARKUP,4,B,1730.53822,1719.415792453355,1758.3442888666123,11.122427546644985,3.748415093290017,0,1,0,0,1,1,False,-1,
11427,2021-04-08 09:00:00,9,1,MARKUP,5,A,1732.84336,1723.359414985215,1756.553222536963,9.48394501478515,3.3211700295699624,0,1,1,1,0,1,False,-1,
11449,2021-04-09 08:00:00,8,1,MARKUP,5,A,1741.32892,1729.0732328402864,1771.9681378992836,12.255687159713489,3.0735343194270595,0,1,0,1,1,1,True,11456,-1.0
11495,2021-04-13 08:00:00,8,-1,MARKDOWN,6,A+,1745.16242,1759.5239200527808,1709.2586698680484,14.361500052780684,3.747840105561494,0,1,1,1,1,1,True,11503,-1.0
11518,2021-04-14 08:00:00,8,1,MARKUP,5,A,1733.4983,1721.8860665559146,1762.5288836102136,11.612233444085405,3.62786688817083,0,1,0,1,1,1,True,11527,1.75
11541,2021-04-15 08:00:00,8,1,MARKUP,4,B,1733.4983,1722.004398480666,1762.233053798335,11.493901519334031,3.391203038668022,0,1,1,0,0,1,False,-1,
11553,2021-04-15 20:00:00,20,1,MARKUP,4,B,1741.24908,1721.483387169753,1790.6633120756173,19.765692830246962,4.433225660494019,0,1,0,1,0,1,False,-1,
11565,2021-04-16 09:00:00,9,1,MARKUP,5,A,1746.73692,1730.8865868531127,1786.3627528672184,15.850333146887351,3.3868262937742655,0,1,0,1,1,1,False,-1,
11587,2021-04-19 08:00:00,8,1,MARKUP,5,A,1752.91528,1731.7406382981214,1805.8518842546962,21.1746417018785,4.118723403757009,0,1,1,1,0,1,False,-1,
11599,2021-04-19 20:00:00,20,1,MARKUP,4,B,1757.79422,1735.3527095817528,1813.897996045618,22.441510418247162,4.994580836494026,0,0,0,1,1,1,False,-1,
11633,2021-04-21 08:00:00,8,1,MARKUP,5,A,1773.7262600000001,1761.696813641585,1803.7998758960377,12.029446358415044,3.8663727168301776,0,1,1,0,1,1,False,-1,
11645,2021-04-21 20:00:00,20,1,MARKUP,4,B,1776.62946,1761.1104756565414,1815.4269208586468,15.51898434345867,5.0390486869173206,0,1,0,0,1,1,False,-1,
11657,2021-04-22 09:00:00,9,1,MARKUP,4,B,1776.7020400000001,1761.7152529797463,1814.1690075506347,14.986787020253814,3.829494040507591,0,1,0,1,0,1,False,-1,
11685,2021-04-23 14:00:00,14,1,MARKUP,5,A,1784.48884,1774.3167969034832,1809.918947741292,10.172043096516745,3.826406193033777,0,1,1,1,0,1,True,11687,0.5
11732,2021-04-27 15:00:00,15,1,MARKUP,5,A,1779.14624,1766.9030284153082,1809.7542689617296,12.243211584691835,3.613943169383472,0,1,1,1,0,1,True,11733,-1.0
11748,2021-04-28 08:00:00,8,-1,MARKDOWN,6,A+,1778.26088,1787.171283653042,1755.9848708673949,8.910403653042067,3.1825673060844135,0,1,1,1,1,1,True,11761,-1.0
11760,2021-04-28 20:00:00,20,-1,MARKDOWN,5,A,1776.79782,1787.4259239919277,1750.2275600201808,10.628103991927674,3.6918479838554656,0,0,1,1,1,1,True,11761,-1.0
11772,2021-04-29 09:00:00,9,1,MARKUP,5,A,1773.06826,1760.6900752592762,1804.0137218518094,12.378184740723782,3.799849481447322,0,1,0,1,1,1,True,11776,-1.0
11794,2021-04-30 08:00:00,8,-1,MARKDOWN,5,A,1777.05492,1792.0394747058256,1739.593533235436,14.98455470582553,4.038949411651012,0,1,0,1,1,1,True,11818,-1.0
11806,2021-04-30 20:00:00,20,-1,MARKDOWN,4,B,1777.05492,1792.2475974937588,1739.0732262656031,15.192677493758765,4.4551949875174195,0,0,0,1,1,1,True,11818,-1.0
11827,2021-05-03 18:00:00,18,1,MARKUP,5,A,1772.05906,1753.770094658073,1817.7814733548175,18.288965341926996,4.619810683853751,0,1,0,1,1,1,True,11851,0.9828954201820763
11840,2021-05-04 08:00:00,8,1,MARKUP,4,B,1777.10194,1762.6271261745474,1813.2889745636317,14.474813825452657,3.225747650905096,0,1,0,1,0,1,True,11850,0.5
11886,2021-05-06 08:00:00,8,1,MARKUP,6,A+,1781.3554199999999,1768.6128618673838,1813.21181533154,12.742558132616068,3.4742762652322554,0,1,1,1,1,1,False,-1,
11898,2021-05-06 20:00:00,20,1,MARKUP,5,A,1788.5905,1767.9382511766075,1840.2211220584813,20.652248823392483,4.823497646784889,0,1,0,1,1,1,False,-1,
11910,2021-05-07 09:00:00,9,1,MARKUP,5,A,1790.18344,1768.4594209813124,1844.493487546719,21.724019018687613,3.7811580373750204,0,1,0,1,1,1,False,-1,
11932,2021-05-10 08:00:00,8,1,MARKUP,6,A+,1804.91658,1778.7846561449257,1870.2463896376858,26.13192385507432,4.7506877101484495,0,1,1,1,1,1,False,-1,
11944,2021-05-10 20:00:00,20,1,MARKUP,3,C,1809.89994,1785.5070088240377,1870.882267939906,24.392931175962303,4.725982351924312,0,0,0,0,1,1,False,-1,
11956,2021-05-11 09:00:00,9,1,MARKUP,3,C,1825.3190399999999,1810.8656901120812,1861.4524147197965,14.453349887918648,3.9086197758374577,0,0,0,0,1,1,True,11963,0.757970848769628
11985,2021-05-12 15:00:00,15,1,MARKUP,5,A,1828.55118,1815.6787086254337,1860.7323584364153,12.872471374566203,4.742582749132403,0,1,1,0,1,1,True,11986,0.5
12025,2021-05-14 09:00:00,9,1,MARKUP,5,A,1822.07944,1806.4894826697075,1861.054333325731,15.589957330292464,4.501034660585181,0,1,1,1,0,1,False,-1,
12047,2021-05-17 08:00:00,8,1,MARKUP,6,A+,1826.5679400000001,1806.6886777396126,1876.266095650969,19.879262260387577,4.102644520774909,0,1,1,1,1,1,False,-1,
12059,2021-05-17 20:00:00,20,1,MARKUP,5,A,1831.56068,1806.4069152450652,1894.4450918873372,25.153764754934855,4.6661695098697376,0,1,0,1,1,1,False,-1,
12071,2021-05-18 09:00:00,9,1,MARKUP,6,A+,1840.39002,1817.7850790708897,1896.902372322776,22.6049409291104,3.86984185822069,0,1,1,1,1,1,False,-1,
12093,2021-05-19 08:00:00,8,1,MARKUP,5,A,1850.9588999999999,1834.3231823950268,1892.5481940124323,16.635717604973024,3.5136352099463632,0,1,1,0,1,1,False,-1,
12105,2021-05-19 20:00:00,20,1,MARKUP,5,A,1861.61346,1840.6349164661647,1914.0598188345884,20.978543533835364,6.790167067670811,0,1,0,1,1,1,False,-1,
12117,2021-05-20 09:00:00,9,1,MARKUP,5,A,1866.65016,1849.0661817453572,1910.6101056366067,17.583978254642716,6.227636509285587,1,0,0,1,1,1,True,12120,0.8986241899113131
12139,2021-05-21 08:00:00,8,1,MARKUP,6,A+,1866.65016,1850.0821850585605,1908.0700973535984,16.567974941439388,4.195629882879044,0,1,1,1,1,1,False,-1,
12151,2021-05-21 20:00:00,20,1,MARKUP,4,B,1866.65016,1849.5764693328604,1909.3343866678488,17.073690667139545,5.207061334279188,0,0,1,0,1,1,False,-1,
12163,2021-05-24 09:00:00,9,1,MARKUP,5,A,1872.48826,1859.9868865718215,1903.7416935704464,12.501373428178567,4.046226856356966,0,1,0,1,1,1,False,-1,
12186,2021-05-25 09:00:00,9,1,MARKUP,5,A,1877.47552,1867.879701889768,1901.4650652755797,9.595818110231903,4.40059622046371,0,1,1,0,1,1,False,-1,
12208,2021-05-26 08:00:00,8,1,MARKUP,5,A,1884.48522,1868.2069937294646,1925.1807856763387,16.27822627053547,3.7460125410707765,0,1,0,1,1,1,False,-1,
12220,2021-05-26 20:00:00,20,1,MARKUP,4,B,1888.0138200000001,1870.1462711856216,1932.6826920359465,17.86754881437855,5.16745762875677,0,0,0,1,1,1,False,-1,
12232,2021-05-27 09:00:00,9,1,MARKUP,4,B,1888.0138200000001,1870.6900655304387,1931.3232061739036,17.323754469561436,4.0798689391225045,0,0,1,0,1,1,True,12255,0.9712998355079541
12265,2021-05-28 19:00:00,19,1,MARKUP,4,B,1893.90954,1879.909599556552,1928.9093911086206,13.999940443448168,4.720800886895876,0,1,1,0,0,1,False,-1,
12277,2021-05-31 08:00:00,8,1,MARKUP,5,A,1893.10734,1880.4462704111395,1924.7600139721512,12.661069588860528,3.6474591777209286,0,1,0,1,1,1,False,-1,
12296,2021-06-01 08:00:00,8,1,MARKUP,5,A,1894.58186,1880.7604256620577,1929.1354458448557,13.821434337942264,3.0191486758843693,0,1,0,1,1,1,True,12305,0.5
12308,2021-06-01 20:00:00,20,1,MARKUP,5,A,1895.3840599999999,1879.8238164142037,1934.2846689644903,15.560243585796115,4.892367171592456,0,0,1,1,1,1,True,12319,-1.0
12331,2021-06-02 20:00:00,20,1,MARKUP,6,A+,1901.6258599999999,1890.374027539309,1929.755441151727,11.25183246069082,3.9919449213815446,0,1,1,1,1,1,True,12342,-1.0
12350,2021-06-03 16:00:00,16,-1,MARKDOWN,6,A+,1897.00722,1919.2494199625642,1841.4017200935896,22.2421999625642,5.298839925128718,0,1,1,1,1,1,False,-1,
12365,2021-06-04 08:00:00,8,-1,MARKDOWN,6,A+,1888.70786,1912.0829849517556,1830.270047620611,23.37512495175565,4.905969903511097,0,1,1,1,1,1,True,12373,-0.2537800337856405
12412,2021-06-08 09:00:00,9,1,MARKUP,5,A,1873.3831799999998,1853.3736954841652,1923.4068912895864,20.00948451583463,2.972609031669251,0,1,0,1,1,1,False,-1,
12442,2021-06-09 16:00:00,16,1,MARKUP,5,A,1890.03422,1879.6132962492943,1916.0865293767642,10.420923750705697,3.873407501411387,0,1,1,0,1,1,True,12443,-1.0
12457,2021-06-10 08:00:00,8,-1,MARKDOWN,5,A,1895.70744,1905.3470148557308,1871.6085028606726,9.63957485573087,3.174029711461431,0,1,1,0,1,1,True,12470,1.75
12480,2021-06-11 08:00:00,8,1,MARKUP,6,A+,1881.7211,1868.1910248571319,1915.5462878571702,13.5300751428681,3.3379502857359427,0,1,1,1,1,1,True,12488,-1.0
12492,2021-06-11 20:00:00,20,-1,MARKDOWN,5,A,1890.37142,1905.3815620795647,1852.8460648010882,15.01014207956473,4.663124159129585,0,1,1,1,0,1,False,-1,
12504,2021-06-14 09:00:00,9,-1,MARKDOWN,6,A+,1886.09684,1905.2018293303602,1838.3343666740993,19.10498933036024,4.303658660720366,0,1,1,1,1,1,False,-1,
12526,2021-06-15 08:00:00,8,-1,MARKDOWN,4,B,1880.7335600000001,1905.106141944706,1819.8021051382354,24.37258194470587,4.112283889411994,0,0,0,1,1,1,False,-1,
12538,2021-06-15 20:00:00,20,-1,MARKDOWN,4,B,1880.7335600000001,1905.268619592049,1819.395911019878,24.53505959204881,4.437239184098017,0,1,0,1,0,1,False,-1,
12550,2021-06-16 09:00:00,9,-1,MARKDOWN,4,B,1866.8471,1882.2976317990724,1828.2207705023188,15.45053179907245,3.435263598145029,0,0,0,1,1,1,False,-1,
12572,2021-06-17 08:00:00,8,-1,MARKDOWN,6,A+,1844.04114,1872.2851269036767,1773.4311727408085,28.243986903676614,6.270253807352919,0,1,1,1,1,1,False,-1,
12584,2021-06-17 20:00:00,20,-1,MARKDOWN,5,A,1830.18218,1873.3835851619958,1722.1786670950105,43.20140516199581,8.467170323991496,0,1,0,1,1,1,False,-1,
12596,2021-06-18 09:00:00,9,-1,MARKDOWN,5,A,1826.4741800000002,1866.195546732738,1727.1707631681556,39.721366732737806,6.091093465475863,0,1,1,1,0,1,False,-1,
12618,2021-06-21 08:00:00,8,-1,MARKDOWN,6,A+,1824.05612,1866.0121935424866,1719.1659361437835,41.95607354248659,5.724387084972719,0,1,1,1,1,1,False,-1,
12648,2021-06-22 15:00:00,15,-1,MARKDOWN,6,A+,1783.29902,1799.7747346729236,1742.1097333176908,16.475714672923687,5.149469345847163,0,1,1,1,1,1,True,12662,0.5996110151285341
12689,2021-06-24 10:00:00,10,-1,MARKDOWN,5,A,1786.33534,1796.9887325242657,1759.701858689336,10.653392524265655,4.017465048531594,0,1,0,1,1,1,True,12693,0.8231356046993495
12710,2021-06-25 08:00:00,8,-1,MARKDOWN,3,C,1786.54544,1796.7476830630699,1761.0398323423256,10.202243063069773,3.535366126139485,0,0,0,0,1,1,True,12717,0.6931107626246964
12722,2021-06-25 20:00:00,20,-1,MARKDOWN,6,A+,1786.54544,1796.8117047077387,1760.8797782306535,10.266264707738628,3.6634094154775374,0,1,1,1,1,1,False,-1,
12738,2021-06-28 13:00:00,13,-1,MARKDOWN,6,A+,1782.87258,1792.521874172743,1758.749344568142,9.649294172743112,4.163748345485917,0,1,1,1,1,1,True,12741,0.9349691047718369
12756,2021-06-29 08:00:00,8,-1,MARKDOWN,5,A,1782.87258,1792.0369867862314,1759.9615630344215,9.164406786231439,3.193973572462488,0,1,0,1,1,1,False,-1,
12768,2021-06-29 20:00:00,20,-1,MARKDOWN,6,A+,1775.2402200000001,1793.214104543512,1730.3055086412207,17.97388454351176,5.5482090870237,0,1,1,1,1,1,False,-1,
12780,2021-06-30 09:00:00,9,-1,MARKDOWN,5,A,1772.38506,1787.9241964553833,1733.537218861542,15.539136455383186,4.208392910766672,0,1,0,1,1,1,True,12790,-1.0
12828,2021-07-02 11:00:00,11,1,MARKUP,5,A,1765.2038,1751.6415225500602,1799.1094936248494,13.562277449939756,3.516954899879723,0,1,1,0,1,1,False,-1,
12848,2021-07-05 08:00:00,8,1,MARKUP,6,A+,1775.8084000000001,1761.9065344391374,1810.563063902157,13.901865560862689,3.9669311217254055,0,1,1,1,1,1,False,-1,
12867,2021-07-06 08:00:00,8,1,MARKUP,6,A+,1782.06818,1766.6492825898197,1820.6154235254508,15.418897410180307,3.3414348203605693,0,1,1,1,1,1,False,-1,
12879,2021-07-06 20:00:00,20,1,MARKUP,4,B,1789.87414,1771.9614543129928,1834.6558542175176,17.91268568700707,4.677091374014093,0,0,0,1,1,1,False,-1,
12891,2021-07-07 09:00:00,9,1,MARKUP,6,A+,1790.80114,1773.7731751799718,1833.3710520500708,17.027964820028274,4.0536496400561655,0,1,1,1,1,1,False,-1,
12915,2021-07-08 10:00:00,10,1,MARKUP,5,A,1799.50258,1787.6623503497672,1829.1031541255825,11.840229650232914,4.435299300465992,0,1,1,0,1,1,True,12923,0.7666111936349473
12938,2021-07-09 10:00:00,10,1,MARKUP,5,A,1802.74752,1790.6017899300928,1833.1118451747677,12.145730069907131,4.916420139814467,1,0,1,0,1,1,True,12939,0.5
12982,2021-07-13 08:00:00,8,1,MARKUP,4,B,1799.74874,1789.962420531002,1824.214538672495,9.786319468998045,3.475158937996226,0,1,0,0,1,1,True,12989,0.5
12994,2021-07-13 20:00:00,20,1,MARKUP,3,C,1801.41426,1789.1641714746163,1832.0394813134594,12.250088525383717,5.071657050767658,0,0,0,0,1,1,False,-1,
13006,2021-07-14 09:00:00,9,1,MARKUP,5,A,1801.41426,1789.8502702205406,1830.3242344486487,11.563989779459462,3.699459558919171,0,1,1,1,0,1,False,-1,
13028,2021-07-15 08:00:00,8,1,MARKUP,6,A+,1810.62896,1796.886690867321,1844.9846328316976,13.742269132678985,3.586618265358122,0,1,1,1,1,1,False,-1,
13040,2021-07-15 20:00:00,20,1,MARKUP,6,A+,1812.241,1796.6473055989206,1851.2252360026982,15.593694401079347,4.065388802159003,0,1,1,1,1,1,True,13060,-1.0
13052,2021-07-16 09:00:00,9,1,MARKUP,2,C,1815.89338,1803.0433966312207,1848.018338421948,12.849983368779249,3.093206737558408,0,0,0,0,0,1,True,13057,-1.0
13080,2021-07-19 14:00:00,14,-1,MARKDOWN,6,A+,1820.86348,1836.229293567142,1782.448946082145,15.365813567141913,4.098587134283708,0,1,1,1,1,1,True,13104,0.7775464413358771
13097,2021-07-20 08:00:00,8,-1,MARKDOWN,6,A+,1817.86746,1833.826947586519,1777.9687410337021,15.959487586519117,3.6738951730378955,1,0,1,1,1,1,True,13101,0.8831726864709497
13120,2021-07-21 08:00:00,8,-1,MARKDOWN,5,A,1813.56618,1826.7890968994852,1780.5088877512871,13.222916899485199,3.5181937989707217,0,1,0,1,1,1,True,13121,0.7998279247584701
13132,2021-07-21 20:00:00,20,-1,MARKDOWN,5,A,1813.4363,1827.2650236187812,1778.8644909530472,13.828723618781169,4.470047237562702,0,1,1,0,1,1,False,-1,
13144,2021-07-22 09:00:00,9,-1,MARKDOWN,4,B,1813.4363,1826.6699906910446,1780.3520732723887,13.233690691044558,3.279981382089115,0,1,0,0,1,1,False,-1,
13166,2021-07-23 08:00:00,8,-1,MARKDOWN,5,A,1805.72182,1815.2380003696173,1781.9313690759566,9.51618036961736,2.996000739234508,0,0,1,1,1,1,True,13167,0.6972957010493508
13197,2021-07-26 16:00:00,16,-1,MARKDOWN,6,A+,1803.22476,1813.511805347065,1777.5071466323375,10.287045347065032,3.9036106941303306,1,0,1,1,1,1,True,13219,0.5
13212,2021-07-27 08:00:00,8,-1,MARKDOWN,6,A+,1803.22476,1813.1239521694908,1778.4767795762732,9.899192169490789,3.1279043389816366,0,1,1,1,1,1,True,13219,0.5
13240,2021-07-28 13:00:00,13,-1,MARKDOWN,6,A+,1804.71838,1813.215255010064,1783.47619247484,8.496875010064059,3.3105100201283046,0,1,1,1,1,1,True,13248,0.5
13258,2021-07-29 08:00:00,8,1,MARKUP,5,A,1802.32032,1790.5858711655703,1831.6564420860743,11.734448834429713,3.7882576688592198,0,1,1,1,0,1,False,-1,
13270,2021-07-29 20:00:00,20,1,MARKUP,5,A,1807.84786,1790.5979182108606,1850.9727144728488,17.249941789139484,3.7641635782788927,0,1,0,1,1,1,False,-1,
13282,2021-07-30 09:00:00,9,1,MARKUP,6,A+,1807.84786,1790.9981910478357,1849.972032380411,16.849668952164393,2.963617904328864,0,1,1,1,1,1,True,13305,0.9743168123965249
13339,2021-08-03 20:00:00,20,-1,MARKDOWN,3,C,1821.62226,1832.9904627559608,1793.2017531100983,11.368202755960738,3.20092551192127,0,1,0,0,0,1,True,13357,0.8712133157283035
13353,2021-08-04 11:00:00,11,-1,MARKDOWN,4,B,1814.2866,1820.755825262279,1798.1135368443024,6.4692252622789965,2.4716505245577163,0,0,1,0,1,1,True,13354,-1.0
13373,2021-08-05 08:00:00,8,-1,MARKDOWN,6,A+,1822.03866,1833.2140678407254,1794.1001403981863,11.175407840725484,2.9681356814509186,0,1,1,1,1,1,False,-1,
13385,2021-08-05 20:00:00,20,-1,MARKDOWN,4,B,1818.7725599999999,1833.7697775324996,1781.2795161687507,14.99721753249969,4.079555064999037,0,1,0,1,0,1,False,-1,
13397,2021-08-06 09:00:00,9,-1,MARKDOWN,5,A,1818.7725599999999,1833.1109859582723,1782.9264951043187,14.33842595827241,2.761971916544725,0,1,1,1,0,1,False,-1,
13419,2021-08-09 08:00:00,8,-1,MARKDOWN,4,B,1763.53392,1820.8821201942676,1620.1634195143313,57.34820019426752,11.984240388534829,0,0,0,1,1,1,False,-1,
13431,2021-08-09 20:00:00,20,-1,MARKDOWN,4,B,1763.53392,1819.506577284396,1623.6022767890104,55.97265728439584,9.23315456879179,0,0,0,1,1,1,False,-1,
13445,2021-08-10 11:00:00,11,-1,MARKDOWN,6,A+,1757.89776,1808.6064965647454,1631.1259185881368,50.70873656474532,5.672993129490647,0,1,1,1,1,1,False,-1,
13466,2021-08-11 09:00:00,9,-1,MARKDOWN,5,A,1733.19012,1767.843062399115,1646.5577640022123,34.65294239911509,4.106124798230353,1,0,1,0,1,1,True,13467,-1.0
13522,2021-08-13 19:00:00,19,1,MARKUP,6,A+,1748.2555,1727.1461004027478,1801.0289989931302,21.10939959725215,3.8277991945041254,0,1,1,1,1,1,False,-1,
13534,2021-08-16 08:00:00,8,1,MARKUP,5,A,1757.27728,1739.976533710636,1800.5291457234102,17.300746289364042,3.246932578728066,0,1,0,1,1,1,False,-1,
13546,2021-08-16 20:00:00,20,1,MARKUP,6,A+,1759.8099399999999,1739.5893299668626,1810.361465082843,20.22061003313729,4.021340066274783,0,1,1,1,1,1,False,-1,
13558,2021-08-17 09:00:00,9,1,MARKUP,6,A+,1766.2364400000001,1748.067574662748,1811.6586033431304,18.1688653372521,3.1648506745039704,0,1,1,1,1,1,False,-1,
13580,2021-08-18 08:00:00,8,1,MARKUP,6,A+,1780.32596,1769.3219856091482,1807.835895977129,11.003974390851681,3.076028781703272,0,1,1,1,1,1,True,13589,0.5
13608,2021-08-19 13:00:00,13,1,MARKUP,6,A+,1782.5693,1772.3832310699133,1808.034472325217,10.186068930086776,4.213537860173303,0,1,1,1,1,1,True,13611,1.2286442663383816
13626,2021-08-20 08:00:00,8,1,MARKUP,6,A+,1781.87788,1772.736990583999,1804.7301035400028,9.140889416001073,3.5060188320021424,0,1,1,1,1,1,True,13629,1.75
13649,2021-08-23 08:00:00,8,1,MARKUP,5,A,1781.36218,1772.804382506541,1802.7566737336476,8.55779749345902,3.371234986918115,0,1,0,1,1,1,False,-1,
13661,2021-08-23 20:00:00,20,1,MARKUP,5,A,1787.44504,1773.716627663881,1821.766070840298,13.728412336119163,3.9867446722381708,0,1,0,1,1,1,False,-1,
13673,2021-08-24 09:00:00,9,1,MARKUP,6,A+,1787.84674,1774.875203633959,1820.2755809151022,12.971536366040937,2.969592732081809,0,1,1,1,1,1,False,-1,
13741,2021-08-27 08:00:00,8,1,MARKUP,6,A+,1790.47208,1778.4109577938038,1820.6248855154904,12.06112220619616,3.158084412392281,0,1,1,1,1,1,True,13749,1.75
13753,2021-08-27 20:00:00,20,1,MARKUP,6,A+,1794.78486,1777.1965327212397,1838.7556781969006,17.58832727876029,5.586934557520783,0,1,1,1,1,1,False,-1,
13765,2021-08-30 09:00:00,9,1,MARKUP,5,A,1796.51532,1777.892198752467,1843.0731231188324,18.623121247532936,4.195602495066113,0,1,0,1,1,1,False,-1,
13787,2021-08-31 08:00:00,8,1,MARKUP,5,A,1798.98732,1782.6366399893705,1839.8640200265736,16.350680010629503,2.706720021259025,0,1,1,0,1,1,False,-1,
13799,2021-08-31 20:00:00,20,1,MARKUP,6,A+,1798.98732,1781.7952300630213,1841.9675448424464,17.19208993697862,4.389539873957549,0,1,1,1,1,1,False,-1,
13811,2021-09-01 09:00:00,9,1,MARKUP,5,A,1809.9012,1800.0490083561724,1834.531679109569,9.85219164382761,3.2019832876551773,0,1,1,1,0,1,True,13813,0.7133747456228658
13833,2021-09-02 08:00:00,8,1,MARKUP,5,A,1808.69026,1800.1959487680772,1829.9260380798073,8.494311231922893,2.9081024638459336,0,1,1,0,1,1,True,13842,1.75
13862,2021-09-03 14:00:00,14,1,MARKUP,6,A+,1810.75438,1803.8121768082017,1828.109887979496,6.942203191798399,2.355646383596825,0,1,1,1,1,1,False,-1,
13879,2021-09-06 08:00:00,8,1,MARKUP,5,A,1816.06036,1803.502986269125,1847.4537943271876,12.557373730875042,2.974027461750354,0,1,1,1,0,1,True,13899,-1.0
13921,2021-09-08 08:00:00,8,-1,MARKDOWN,6,A+,1818.06734,1835.5643655814004,1774.3247760464992,17.497025581400294,3.188731162800618,0,1,1,1,1,1,False,-1,
13933,2021-09-08 20:00:00,20,-1,MARKDOWN,5,A,1810.89834,1830.6844798100813,1761.4329904747967,19.786139810081295,4.328959620162452,0,1,0,1,1,1,False,-1,
13945,2021-09-09 09:00:00,9,-1,MARKDOWN,5,A,1810.15674,1828.8765810241325,1763.3571374396683,18.71984102413262,3.113162048265179,0,1,0,1,1,1,False,-1,
13977,2021-09-10 18:00:00,18,-1,MARKDOWN,6,A+,1795.68936,1806.1992419829505,1769.414655042624,10.509881982950446,4.578483965901019,0,1,1,1,1,1,True,13999,0.8288212567927793
13991,2021-09-13 09:00:00,9,-1,MARKDOWN,6,A+,1796.17832,1805.7192192557845,1772.3260718605386,9.540899255784552,3.6184385115690336,0,1,1,1,1,1,True,13999,0.887841072751504
14015,2021-09-14 10:00:00,10,-1,MARKDOWN,5,A,1796.17832,1805.2867306813969,1773.4072932965078,9.10841068139689,2.7534613627937627,0,1,1,0,1,1,True,14020,0.5
14036,2021-09-15 08:00:00,8,1,MARKUP,5,A,1790.88542,1778.2587788016103,1822.4520229959744,12.626641198389734,3.2424423967796456,0,1,0,1,1,1,True,14049,-1.0
14059,2021-09-16 08:00:00,8,-1,MARKDOWN,6,A+,1797.68458,1810.3268925377297,1766.078798655676,12.642312537729595,3.2737850754591187,0,1,1,1,1,1,False,-1,
14071,2021-09-16 20:00:00,20,-1,MARKDOWN,5,A,1784.44828,1811.332820007101,1717.2369299822478,26.884540007100895,5.285640014201755,0,1,0,1,1,1,False,-1,
14083,2021-09-17 09:00:00,9,-1,MARKDOWN,5,A,1783.3544200000001,1808.8019681688966,1719.735549577759,25.447548168896446,3.763936337792841,0,1,0,1,1,1,False,-1,
14105,2021-09-20 08:00:00,8,-1,MARKDOWN,5,A,1775.5447,1798.3902683476026,1718.4307791309932,22.845568347602693,4.320536695205029,0,1,0,1,1,1,False,-1,
14162,2021-09-22 19:00:00,19,1,MARKUP,5,A,1759.07524,1743.2881300646654,1798.5430148383361,15.787109935334456,3.4437398706691766,0,1,1,0,1,1,True,14182,-1.0
14182,2021-09-23 16:00:00,16,-1,MARKDOWN,6,A+,1772.93972,1790.0337507960683,1730.2046430098296,17.094030796068182,5.507501592136466,0,1,1,1,1,1,False,-1,
14197,2021-09-24 08:00:00,8,-1,MARKDOWN,5,A,1768.39392,1789.4919667915703,1715.648803021074,21.09804679157037,4.423933583140541,0,1,0,1,1,1,False,-1,
14209,2021-09-24 20:00:00,20,-1,MARKDOWN,5,A,1768.39392,1789.4572774950668,1715.7355262623328,21.06335749506684,4.354554990133492,0,0,1,1,1,1,False,-1,
14223,2021-09-27 11:00:00,11,-1,MARKDOWN,5,A,1768.39392,1789.2548523015666,1716.2415892460833,20.860932301566663,3.949704603133265,0,0,1,1,1,1,False,-1,
14243,2021-09-28 08:00:00,8,-1,MARKDOWN,6,A+,1752.10344,1762.649894192069,1725.7373045198278,10.54645419206895,3.459788384138162,0,1,1,1,1,1,False,-1,
14255,2021-09-28 20:00:00,20,-1,MARKDOWN,6,A+,1748.3942200000001,1763.6879962287846,1710.1597794280387,15.293776228784509,5.535992457569318,0,1,1,1,1,1,False,-1,
14267,2021-09-29 09:00:00,9,-1,MARKDOWN,3,C,1748.3942200000001,1762.8686116555639,1712.2082408610909,14.47439165556375,3.8972233111274748,0,0,0,0,1,1,False,-1,
14289,2021-09-30 08:00:00,8,-1,MARKDOWN,6,A+,1741.96658,1756.2809357857561,1706.1806905356098,14.314355785756106,3.561871571512397,0,1,1,1,1,1,True,14297,-1.0
14317,2021-10-01 13:00:00,13,1,MARKUP,5,A,1737.92118,1719.6241245709382,1783.6638185726547,18.297055429061857,4.131750858123784,0,1,0,1,1,1,False,-1,
14335,2021-10-04 08:00:00,8,1,MARKUP,6,A+,1738.498,1719.8330594356398,1785.1603514109006,18.664940564360222,3.7138811287205216,0,1,1,1,1,1,False,-1,
14347,2021-10-04 20:00:00,20,1,MARKUP,5,A,1740.68296,1719.5121007558098,1793.6101081104757,21.170859244190297,5.455798488380628,0,1,0,1,1,1,False,-1,
14368,2021-10-05 18:00:00,18,1,MARKUP,5,A,1756.42342,1745.2604414924997,1784.330866268751,11.162978507500384,4.899117015000777,0,1,1,0,1,1,True,14377,1.0924657846960502
14390,2021-10-06 17:00:00,17,1,MARKUP,5,A,1755.2986600000002,1743.6992643291576,1784.2971491771066,11.599395670842569,4.3814713416851285,0,1,1,1,0,1,True,14411,1.1186583357122482
14405,2021-10-07 09:00:00,9,1,MARKUP,6,A+,1755.17642,1744.1143646349678,1782.8315584125803,11.062055365032165,3.551270730064515,0,1,1,1,1,1,True,14411,1.154234912245022
14428,2021-10-08 09:00:00,9,1,MARKUP,5,A,1753.9349200000001,1744.2864083182487,1778.0561992043786,9.648511681751415,3.207183363502881,0,0,1,1,1,1,True,14443,0.6430293102052793
14475,2021-10-12 10:00:00,10,-1,MARKDOWN,4,B,1769.4406999999999,1783.0437740732486,1735.4330148168779,13.603074073248763,3.407548146497647,0,0,1,0,1,1,False,-1,
14499,2021-10-13 11:00:00,11,1,MARKUP,6,A+,1757.50912,1748.6137088692903,1779.747647826774,8.89541113070959,3.152582261419454,0,1,1,1,1,1,False,-1,
14519,2021-10-14 08:00:00,8,1,MARKUP,6,A+,1768.11808,1748.7128154165403,1816.6312414586491,19.40526458345971,4.094369166919626,0,1,1,1,1,1,False,-1,
14531,2021-10-14 20:00:00,20,1,MARKUP,3,C,1771.76176,1751.9767101568264,1821.2243846079346,19.785049843173738,3.906579686347622,0,1,0,0,0,1,True,14549,0.44115329853522417
14543,2021-10-15 09:00:00,9,1,MARKUP,2,C,1774.22758,1756.4797001193813,1818.5972797015468,17.74787988061871,2.8805997612374616,0,0,0,0,0,1,True,14549,0.3528545404929631
14572,2021-10-18 15:00:00,15,-1,MARKDOWN,5,A,1785.2153999999998,1802.5969922841816,1741.7614192895453,17.381592284181806,3.973984568363321,0,1,0,1,1,1,False,-1,
14595,2021-10-19 15:00:00,15,1,MARKUP,6,A+,1774.13458,1758.434356436383,1813.385138909042,15.700223563616873,3.7512871272339767,0,1,1,1,1,1,True,14597,1.4915194887087302
14616,2021-10-20 13:00:00,13,1,MARKUP,5,A,1769.79506,1758.7409938857963,1797.4302252855089,11.054066114203579,3.138012228407296,0,1,1,0,1,1,False,-1,
14634,2021-10-21 08:00:00,8,1,MARKUP,5,A,1773.04502,1761.0657614952775,1802.9931662618064,11.979258504722566,3.6284770094454903,0,1,0,1,1,1,False,-1,
14657,2021-10-22 08:00:00,8,1,MARKUP,3,C,1775.5046599999998,1765.2650635845148,1801.1036510387125,10.239596415485039,3.189872830970243,0,1,0,0,0,1,False,-1,
14669,2021-10-22 20:00:00,20,1,MARKUP,5,A,1788.8148199999998,1769.8604180529594,1836.2008248676009,18.954401947040424,6.959163894081068,1,0,1,1,0,1,False,-1,
14681,2021-10-25 09:00:00,9,1,MARKUP,3,C,1790.77388,1774.0101534334644,1832.683196416339,16.763726566535524,4.999693133071158,0,0,0,1,0,1,False,-1,
14703,2021-10-26 08:00:00,8,1,MARKUP,5,A,1792.04078,1776.9910785894156,1829.6650335264612,15.049701410584476,3.1378428211686114,0,1,1,0,1,1,True,14711,0.629387968546019
14749,2021-10-28 08:00:00,8,1,MARKUP,5,A,1792.49334,1780.631087155341,1822.1489721116475,11.862252844658997,3.577825689318359,0,1,1,0,1,1,True,14758,0.5500140594966526
14761,2021-10-28 20:00:00,20,1,MARKUP,5,A,1793.13892,1779.8699662796914,1826.3113043007718,13.268953720308673,5.100067440617084,0,1,1,0,1,1,True,14773,-1.0
14782,2021-10-29 18:00:00,18,-1,MARKDOWN,5,A,1795.76536,1813.357104400115,1751.7859989997128,17.591744400114976,5.754208800230175,0,1,0,1,1,1,True,14804,1.274735474034721
14795,2021-11-01 08:00:00,8,-1,MARKDOWN,4,B,1795.76536,1812.4256221791284,1754.1147045521793,16.660262179128267,3.8912443582567,0,0,0,1,1,1,True,14804,0.8236212573188634
14841,2021-11-03 08:00:00,8,-1,MARKDOWN,5,A,1788.2825,1797.9669184660822,1764.0714538347945,9.684418466082207,3.1338369321641917,0,1,1,0,1,1,False,-1,
14853,2021-11-03 20:00:00,20,-1,MARKDOWN,5,A,1782.05208,1798.5488576342873,1740.8101359142815,16.496777634287355,4.297715268574426,0,1,0,1,1,1,True,14870,-1.0
14865,2021-11-04 09:00:00,9,-1,MARKDOWN,5,A,1782.05208,1798.428503187877,1741.1110220303076,16.37642318787698,4.0570063757536445,0,0,1,1,1,1,True,14870,-1.0
14887,2021-11-05 08:00:00,8,1,MARKUP,6,A+,1774.15056,1757.0891985567357,1816.8039636081608,17.06136144326433,3.501602886528493,0,1,1,1,1,1,False,-1,
14899,2021-11-05 20:00:00,20,1,MARKUP,6,A+,1780.4803,1756.199031103775,1841.1834722405622,24.2812688962249,5.281937792449687,0,1,1,1,1,1,False,-1,
14911,2021-11-08 09:00:00,9,1,MARKUP,5,A,1784.2902199999999,1759.1711502425476,1847.0878943936304,25.11906975745228,4.2376995149048735,0,1,0,1,1,1,False,-1,
14933,2021-11-09 08:00:00,8,1,MARKUP,6,A+,1801.12096,1783.3288390247296,1845.6012624381758,17.792120975270336,3.2823219505409384,0,1,1,1,1,1,False,-1,
14945,2021-11-09 20:00:00,20,1,MARKUP,5,A,1802.67952,1782.855303204374,1852.2400619890648,19.824216795625944,4.229393591252125,0,1,1,0,1,1,False,-1,
14957,2021-11-10 09:00:00,9,1,MARKUP,3,C,1817.29236,1806.0888249382429,1845.3011976543926,11.203535061757066,3.3223501235142727,0,0,0,0,1,1,False,-1,
14979,2021-11-11 08:00:00,8,1,MARKUP,6,A+,1838.0555200000001,1816.3028733668443,1892.4371365828897,21.75264663315579,5.794253266311658,0,1,1,1,1,1,False,-1,
14991,2021-11-11 20:00:00,20,1,MARKUP,6,A+,1838.0555200000001,1816.633911450229,1891.6095413744276,21.42160854977101,5.132177099541831,0,1,1,1,1,1,False,-1,
15003,2021-11-12 09:00:00,9,1,MARKUP,3,C,1839.98368,1820.4314791701845,1888.8641820745388,19.552200829815547,3.777041659630991,0,0,0,0,1,1,False,-1,
15025,2021-11-15 08:00:00,8,1,MARKUP,4,B,1851.96736,1839.4547576654136,1883.2488658364664,12.512602334586518,4.0304846691730525,0,1,0,1,0,1,False,-1,
15037,2021-11-15 20:00:00,20,1,MARKUP,5,A,1854.88842,1843.1040163319656,1884.349429170086,11.784403668034429,4.231967336068926,0,1,1,0,1,1,True,15058,0.9013135235091515
15049,2021-11-16 09:00:00,9,1,MARKUP,5,A,1854.88842,1843.4805154641217,1883.4081813396956,11.407904535878288,3.4789690717568136,0,1,0,1,1,1,True,15058,0.9145582165067587
15094,2021-11-18 08:00:00,8,1,MARKUP,4,B,1860.09556,1847.82175549677,1890.7800712580747,12.27380450322994,3.4764890064596816,0,1,0,0,1,1,True,15098,-1.0
15120,2021-11-19 11:00:00,11,1,MARKUP,5,A,1857.70042,1847.5021139830349,1883.1961850424125,10.198306016965034,4.115772033930149,0,1,1,0,1,1,True,15125,-1.0
15140,2021-11-22 08:00:00,8,-1,MARKDOWN,6,A+,1858.4359,1873.1812237097554,1821.5725907256115,14.74532370975544,4.622447419511123,0,1,1,1,1,1,False,-1,
15152,2021-11-22 20:00:00,20,-1,MARKDOWN,6,A+,1844.97,1873.0714240463167,1774.7164398842083,28.10142404631665,6.542848092633539,0,1,1,1,1,1,False,-1,
15164,2021-11-23 09:00:00,9,-1,MARKDOWN,5,A,1841.48918,1868.2145739567459,1774.6756951081354,26.725393956745847,4.929147913491545,0,1,0,1,1,1,False,-1,
15186,2021-11-24 08:00:00,8,-1,MARKDOWN,3,C,1830.62896,1862.832157767136,1750.12096558216,32.20319776713609,4.264315534272056,0,1,0,0,0,1,False,-1,
15198,2021-11-24 20:00:00,20,-1,MARKDOWN,5,A,1821.8454000000002,1851.0251530026878,1748.8960174932809,29.179753002687676,4.650306005375498,0,1,1,0,1,1,False,-1,
15210,2021-11-25 09:00:00,9,-1,MARKDOWN,2,C,1801.67388,1817.71787586813,1761.5638903296751,16.04399586812997,3.3157517362599274,0,0,0,0,0,1,True,15229,0.704336276984749
15239,2021-11-26 18:00:00,18,-1,MARKDOWN,5,A,1801.34016,1818.8123797442317,1757.6596106394204,17.47221974423178,6.584759488463494,0,1,1,0,1,1,False,-1,
15256,2021-11-29 15:00:00,15,-1,MARKDOWN,6,A+,1801.06512,1818.2635045489574,1758.0691586276066,17.198384548957392,5.487009097914782,0,1,1,1,1,1,True,15280,1.0952562854942869
15272,2021-11-30 08:00:00,8,-1,MARKDOWN,3,C,1801.06512,1817.6790928806868,1759.530187798283,16.613972880686788,4.318185761373514,0,0,0,0,1,1,True,15280,1.1161949689357815
15284,2021-11-30 20:00:00,20,-1,MARKDOWN,5,A,1798.07788,1818.8794763131737,1746.0738892170662,20.801596313173604,6.718952626347246,0,1,0,1,1,1,False,-1,
15296,2021-12-01 09:00:00,9,-1,MARKDOWN,6,A+,1793.9002,1811.7829695280705,1749.193276179824,17.882769528070412,6.04593905614102,0,1,1,1,1,1,False,-1,
15318,2021-12-02 08:00:00,8,-1,MARKDOWN,4,B,1793.9002,1810.910176050136,1751.37525987466,17.009976050135947,4.300352100271957,0,1,0,0,1,1,False,-1,
15330,2021-12-02 20:00:00,20,-1,MARKDOWN,6,A+,1790.8403799999999,1811.3856477713157,1739.4772105717102,20.54526777131582,5.251295542631444,0,1,1,1,1,1,False,-1,
15342,2021-12-03 09:00:00,9,-1,MARKDOWN,5,A,1782.05242,1796.5904433870066,1745.7073615324834,14.53802338700666,4.10088677401357,0,1,1,0,1,1,True,15352,0.47615964121964327
15410,2021-12-08 08:00:00,8,1,MARKUP,4,B,1778.10906,1768.1635623658183,1802.9728040854543,9.94549763418172,3.212875268363554,0,1,0,0,1,1,False,-1,
15422,2021-12-08 20:00:00,20,1,MARKUP,4,B,1780.19144,1770.4055954295077,1804.656051426231,9.785844570492372,3.588809140984718,0,0,1,0,1,1,True,15438,-1.0
15434,2021-12-09 09:00:00,9,1,MARKUP,4,B,1780.19144,1770.7474826344392,1803.8013334139023,9.443957365560891,2.90503473112189,0,0,1,0,1,1,True,15438,-1.0
15456,2021-12-10 08:00:00,8,-1,MARKDOWN,5,A,1784.81914,1794.7339251499327,1760.0321771251683,9.91478514993264,3.227850299865736,0,1,1,0,1,1,True,15463,0.5
15480,2021-12-13 09:00:00,9,1,MARKUP,6,A+,1777.53698,1768.6981466925079,1799.6340632687306,8.838833307492223,2.86370661498447,0,1,1,1,1,1,False,-1,
15502,2021-12-14 08:00:00,8,1,MARKUP,5,A,1778.3621,1768.8290456593788,1802.194735851553,9.53305434062122,2.601908681242504,0,1,1,0,1,1,True,15509,-1.0
15514,2021-12-14 20:00:00,20,-1,MARKDOWN,6,A+,1782.0459600000002,1793.6317341585798,1753.081524603551,11.585774158579625,3.9034683171592452,0,1,1,1,1,1,False,-1,
15526,2021-12-15 09:00:00,9,-1,MARKDOWN,6,A+,1782.0459600000002,1793.1099675736555,1754.385941065862,11.064007573655317,2.8599351473107952,0,1,1,1,1,1,True,15543,-1.0
15556,2021-12-16 16:00:00,16,1,MARKUP,6,A+,1768.79544,1750.3165790863206,1814.9925922841987,18.478860913679455,4.166841827358748,0,1,1,1,1,1,False,-1,
15571,2021-12-17 08:00:00,8,1,MARKUP,6,A+,1773.37944,1750.776749299745,1829.8861667506371,22.602690700254925,3.24650140051005,0,1,1,1,1,1,False,-1,
15583,2021-12-17 20:00:00,20,1,MARKUP,4,B,1776.0343400000002,1750.4164792227584,1840.0789919431045,25.61786077724173,3.9670415544834117,0,0,0,1,1,1,False,-1,
15595,2021-12-20 09:00:00,9,1,MARKUP,3,C,1776.0343400000002,1750.7414161855854,1839.266649536037,25.292923814414735,3.317167628829136,0,0,0,0,1,1,False,-1,
15652,2021-12-22 20:00:00,20,1,MARKUP,6,A+,1792.24642,1783.263834472165,1814.7028838195874,8.982585527834999,3.2123310556699765,0,1,1,1,1,1,False,-1,
15664,2021-12-23 09:00:00,9,1,MARKUP,5,A,1793.8890199999998,1783.5769469125696,1819.6692027185754,10.312073087430235,2.5861061748604652,0,1,0,1,1,1,False,-1,
15686,2021-12-27 08:00:00,8,1,MARKUP,5,A,1795.44502,1784.0410176270414,1823.955025932397,11.404002372958757,2.4779647459173613,0,1,0,1,1,1,False,-1,
15698,2021-12-27 20:00:00,20,1,MARKUP,4,B,1796.44466,1784.471266933643,1826.378142665893,11.973393066357175,2.8374661327143826,0,0,0,1,1,1,False,-1,
15710,2021-12-28 09:00:00,9,1,MARKUP,6,A+,1804.60138,1796.257492719209,1825.4610982019776,8.343887280791023,2.485014561581912,0,1,1,1,1,1,True,15726,-1.0
15756,2021-12-30 09:00:00,9,-1,MARKDOWN,6,A+,1808.50766,1821.665582102752,1775.61285474312,13.157922102752082,2.7311642055040504,0,1,1,1,1,1,True,15763,-1.0
15778,2021-12-31 08:00:00,8,1,MARKUP,6,A+,1800.84034,1788.0852398882216,1832.728090279446,12.755100111778347,2.68952022355708,0,1,1,1,1,1,False,-1,
15790,2021-12-31 20:00:00,20,1,MARKUP,6,A+,1804.40822,1787.7872138679404,1845.960735330149,16.62100613205962,3.2855722641192067,0,1,1,1,1,1,True,15809,0.9747494517111847
15802,2022-01-03 09:00:00,9,1,MARKUP,5,A,1809.76392,1794.6637605893313,1847.514318526672,15.100159410668766,3.0324788213372513,0,1,0,1,1,1,True,15808,0.8452257294979532
15827,2022-01-04 11:00:00,11,-1,MARKDOWN,5,A,1818.98502,1833.4413688460756,1782.8441478848113,14.45634884607557,3.4027376921512507,0,1,0,1,1,1,True,15850,1.1279051052822857
15849,2022-01-05 10:00:00,10,1,MARKUP,6,A+,1811.1049799999998,1796.806215915462,1846.8518902113447,14.29876408453788,3.087568169075829,0,1,1,1,1,1,True,15861,-1.0
15872,2022-01-06 10:00:00,10,-1,MARKDOWN,6,A+,1816.31528,1831.6950834144259,1777.8657714639353,15.37980341442585,4.050166828851805,0,1,1,1,1,1,False,-1,
15893,2022-01-07 08:00:00,8,-1,MARKDOWN,6,A+,1813.1332200000002,1831.3976822039851,1767.4720644900376,18.264462203984976,3.4553644079700585,0,1,1,1,1,1,False,-1,
15905,2022-01-07 20:00:00,20,-1,MARKDOWN,3,C,1811.69308,1831.9498432451117,1761.0511718872208,20.256763245111642,4.559686490223187,0,0,0,0,1,1,False,-1,
15917,2022-01-10 09:00:00,9,-1,MARKDOWN,3,C,1809.22108,1827.4133119638107,1763.7405000904735,18.192231963810627,3.486623927621185,0,0,0,0,1,1,True,15939,-1.0
15949,2022-01-11 18:00:00,18,1,MARKUP,5,A,1795.67822,1780.6730348694953,1833.1911828262619,15.005185130504742,3.8739302610092574,0,1,1,1,0,1,False,-1,
15962,2022-01-12 08:00:00,8,1,MARKUP,5,A,1802.24856,1787.7648896326539,1838.4577359183654,14.483670367346122,2.930220734692273,0,1,1,1,0,1,False,-1,
15974,2022-01-12 20:00:00,20,1,MARKUP,5,A,1804.71702,1788.6222779690756,1844.953875077311,16.094742030924408,3.455444061848495,0,1,1,0,1,1,False,-1,
15986,2022-01-13 09:00:00,9,1,MARKUP,5,A,1806.6927,1792.0336657616108,1843.3402855959732,14.659034238389268,2.6926684767786395,0,1,1,0,1,1,False,-1,
16008,2022-01-14 08:00:00,8,1,MARKUP,5,A,1816.97004,1808.5971927733822,1837.9021580665444,8.37284722661775,2.8256144532354557,0,1,1,0,1,1,True,16019,-1.0
16032,2022-01-17 09:00:00,9,1,MARKUP,6,A+,1818.77142,1810.885198113588,1838.4869747160299,7.886221886411931,2.929603772823576,0,1,1,1,1,1,True,16040,-1.0
16075,2022-01-19 08:00:00,8,-1,MARKDOWN,2,C,1818.75654,1828.3625798383919,1794.7414404040205,9.60603983839178,3.1451596767835803,0,0,0,0,0,1,True,16079,-1.0
16087,2022-01-19 20:00:00,20,1,MARKUP,5,A,1819.94748,1803.6723882914378,1860.6352092714058,16.275091708562286,4.175223417124284,0,1,1,1,0,1,False,-1,
16099,2022-01-20 09:00:00,9,1,MARKUP,5,A,1820.41734,1804.174991123778,1861.023212190555,16.242348876221968,3.1700177524438558,0,1,0,1,1,1,False,-1,
16121,2022-01-21 08:00:00,8,1,MARKUP,4,B,1824.66668,1808.8122390263522,1864.3027824341195,15.854440973647797,2.8755219472953732,0,0,0,1,1,1,False,-1,
16147,2022-01-24 11:00:00,11,1,MARKUP,6,A+,1835.92046,1826.7443846090846,1858.8606484772886,9.176075390915457,3.4312307818311054,0,1,1,1,1,1,True,16151,0.9529894735272657
16167,2022-01-25 08:00:00,8,1,MARKUP,4,B,1835.50026,1826.8411718160114,1857.1479804599717,8.659088183988615,3.237656367977033,0,1,0,1,0,1,True,16171,1.0042985436332454
16179,2022-01-25 20:00:00,20,1,MARKUP,4,B,1837.78462,1826.311282089059,1866.4679647773523,11.473337910940927,4.297435821881943,0,1,1,0,0,1,True,16198,-1.0
16191,2022-01-26 09:00:00,9,1,MARKUP,3,C,1838.20842,1827.0175346379513,1866.1856334051217,11.190885362048675,3.0449307240975294,0,0,0,1,0,1,True,16198,-1.0
16213,2022-01-27 08:00:00,8,-1,MARKDOWN,5,A,1837.10694,1856.0170255426663,1789.831726143334,18.910085542666366,4.334051085332479,0,1,1,1,0,1,False,-1,
16225,2022-01-27 20:00:00,20,-1,MARKDOWN,4,B,1830.1430799999998,1856.7889859255163,1763.5283151862086,26.645905925516445,5.87797185103261,0,1,0,0,1,1,False,-1,
16237,2022-01-28 09:00:00,9,-1,MARKDOWN,6,A+,1830.1430799999998,1855.6658826844896,1766.3360732887754,25.52280268448976,3.6317653689791793,0,1,1,1,1,1,False,-1,
16259,2022-01-31 08:00:00,8,-1,MARKDOWN,4,B,1813.77414,1836.3185384173767,1757.4131439565583,22.54439841737667,3.657076834753107,0,1,0,1,0,1,False,-1,
16336,2022-02-03 16:00:00,16,-1,MARKDOWN,5,A,1802.3496,1812.72302915574,1776.4160271106498,10.373429155740041,3.7860583114803976,0,1,1,0,1,1,True,16337,0.5
16354,2022-02-04 11:00:00,11,1,MARKUP,4,B,1797.51914,1787.1604261601503,1823.4159245996245,10.35871383984977,2.9391476796996754,0,1,1,0,0,1,True,16358,0.5
16374,2022-02-07 08:00:00,8,1,MARKUP,5,A,1798.8523200000002,1786.8652774862117,1828.8199262844714,11.987042513788538,3.5294450275769367,0,1,0,1,1,1,False,-1,
16386,2022-02-07 20:00:00,20,1,MARKUP,6,A+,1801.09848,1786.8950632309125,1836.6070219227192,14.203416769087653,3.4698735381752943,0,1,1,1,1,1,False,-1,
16398,2022-02-08 09:00:00,9,1,MARKUP,5,A,1804.17772,1790.7895704728808,1837.6480938177979,13.38814952711914,2.7408590542385065,0,1,0,1,1,1,False,-1,
16420,2022-02-09 08:00:00,8,1,MARKUP,6,A+,1813.10346,1802.0654842483425,1840.698399379144,11.037975751657541,2.189031503315176,0,1,1,1,1,1,False,-1,
16432,2022-02-09 20:00:00,20,1,MARKUP,6,A+,1819.09366,1807.2634741190946,1848.6691247022636,11.830185880905447,2.933051761810853,0,1,1,1,1,1,False,-1,
16444,2022-02-10 09:00:00,9,1,MARKUP,6,A+,1823.32122,1814.3840743983533,1845.6640840041168,8.937145601646762,2.0518512032935763,0,1,1,1,1,1,True,16450,0.6398626785511129
16475,2022-02-11 17:00:00,17,1,MARKUP,5,A,1828.95638,1818.8117947262547,1854.3178431843635,10.144585273745406,4.176410547490942,0,1,1,0,1,1,False,-1,
16489,2022-02-14 08:00:00,8,1,MARKUP,6,A+,1837.89518,1818.452990237227,1886.5006544069327,19.44218976277307,4.894019525546512,0,1,1,1,1,1,False,-1,
16501,2022-02-14 20:00:00,20,1,MARKUP,6,A+,1840.74872,1818.026215821625,1897.5549804459374,22.722504178374948,5.74756835674987,0,1,1,1,1,1,False,-1,
16513,2022-02-15 09:00:00,9,1,MARKUP,5,A,1843.3081200000001,1818.7645019317172,1904.6671651707074,24.543618068282967,4.270996136565732,0,1,0,1,1,1,False,-1,
16544,2022-02-16 17:00:00,17,1,MARKUP,5,A,1857.9299999999998,1842.450505497622,1896.6287362559442,15.479494502377747,4.218989004755534,0,1,1,0,1,1,False,-1,
16558,2022-02-17 08:00:00,8,1,MARKUP,6,A+,1857.9299999999998,1842.4123181348596,1896.7242046628505,15.517681865140275,4.295363730280728,0,1,1,1,1,1,False,-1,
16570,2022-02-17 20:00:00,20,1,MARKUP,6,A+,1866.19266,1841.7150720593397,1927.3866298516505,24.477587940660214,5.6898558813205,0,1,1,1,1,1,False,-1,
16582,2022-02-18 09:00:00,9,1,MARKUP,4,B,1869.8896,1847.5928681896216,1925.6314295259458,22.296731810378333,4.254263620756896,0,1,0,0,1,1,False,-1,
16605,2022-02-21 09:00:00,9,1,MARKUP,5,A,1881.5994799999999,1862.500724190859,1929.346369522852,19.098755809140812,5.238551618281743,0,0,1,1,1,1,False,-1,
16625,2022-02-22 08:00:00,8,1,MARKUP,6,A+,1896.67038,1883.7122584125773,1929.0656839685569,12.958121587422738,4.455483174845317,0,1,1,1,1,1,True,16627,0.5
16637,2022-02-22 20:00:00,20,1,MARKUP,6,A+,1897.07826,1883.737494427672,1930.4301739308203,13.34076557232811,5.725011144656044,0,1,1,1,1,1,True,16646,1.75
16656,2022-02-23 16:00:00,16,1,MARKUP,6,A+,1897.64682,1885.2287872511715,1928.691901872071,12.41803274882841,4.582425497657071,0,1,1,1,1,1,False,-1,
16671,2022-02-24 08:00:00,8,1,MARKUP,6,A+,1912.3608,1886.465046444012,1977.10018388997,25.895753555987994,6.409907111976285,0,1,1,1,1,1,True,16684,-1.0
16683,2022-02-24 20:00:00,20,1,MARKUP,5,A,1922.05214,1883.9202696130615,2017.3818159673465,38.131870386938544,11.499460773877418,1,0,0,1,1,1,True,16684,-1.0
16749,2022-03-01 17:00:00,17,1,MARKUP,6,A+,1900.88288,1879.2381860141356,1954.9946149646605,21.64469398586425,7.503627971728805,0,1,1,1,1,1,False,-1,
16763,2022-03-02 08:00:00,8,1,MARKUP,5,A,1908.7707400000002,1879.7526545120447,1981.3159537198887,29.01808548795543,6.794690975910549,0,1,1,0,1,1,False,-1,
16775,2022-03-02 20:00:00,20,1,MARKUP,3,C,1913.52934,1886.4469969451225,1981.235197637194,27.082343054877583,8.806006109755051,0,0,0,0,1,1,False,-1,
16797,2022-03-03 19:00:00,19,1,MARKUP,5,A,1922.02684,1901.198040285472,1974.09883928632,20.82879971452803,6.803919429055678,0,1,1,0,1,1,False,-1,
16809,2022-03-04 08:00:00,8,1,MARKUP,3,C,1927.92736,1910.3918451621757,1971.7661470945604,17.535514837824167,6.4363096756481415,0,0,0,0,1,1,False,-1,
16821,2022-03-04 20:00:00,20,1,MARKUP,5,A,1933.8369,1909.9122088147478,1993.6486279631304,23.924691185252186,7.395582370504132,0,1,1,0,1,1,False,-1,
16833,2022-03-07 09:00:00,9,1,MARKUP,6,A+,1947.82222,1910.7552693866933,2040.4895965332669,37.066950613306744,8.269461226613632,0,1,1,1,1,1,False,-1,
16855,2022-03-08 08:00:00,8,1,MARKUP,6,A+,1960.54938,1918.3893423548793,2065.9494741128015,42.16003764512061,9.761315290241388,0,1,1,1,1,1,False,-1,
16867,2022-03-08 20:00:00,20,1,MARKUP,5,A,1986.16974,1925.3366981464496,2138.252344633876,60.83304185355041,17.326603707100837,0,1,0,1,1,1,True,16885,-1.0
16879,2022-03-09 09:00:00,9,1,MARKUP,5,A,2002.3489800000002,1953.4951078047316,2124.483660488172,48.85387219526865,13.369784390537093,0,1,0,1,1,1,True,16885,-1.0
16947,2022-03-14 08:00:00,8,-1,MARKDOWN,6,A+,1989.84754,2013.360138162393,1931.0660445940175,23.512598162393033,8.420276324785762,0,1,1,1,1,1,False,-1,
16959,2022-03-14 20:00:00,20,-1,MARKDOWN,5,A,1986.4171800000001,2013.2172437070988,1919.4170207322536,26.800063707098616,8.13448741419743,0,1,0,1,1,1,False,-1,
16971,2022-03-15 09:00:00,9,-1,MARKDOWN,5,A,1975.01272,2009.5131269271885,1888.7617026820285,34.50040692718858,7.086253854376879,0,1,1,1,0,1,False,-1,
16993,2022-03-16 08:00:00,8,-1,MARKDOWN,5,A,1958.3801799999999,1993.2779604938787,1871.1357287653027,34.89778049387883,6.375920987757358,0,1,0,1,1,1,False,-1,
17005,2022-03-16 20:00:00,20,-1,MARKDOWN,5,A,1950.04988,1982.1154576497502,1869.8859358756247,32.06557764975014,7.0909152995004,0,1,1,0,1,1,False,-1,
17088,2022-03-22 11:00:00,11,-1,MARKDOWN,5,A,1934.78938,1947.7980608019184,1902.267677995204,13.008680801918445,5.076121603836997,0,1,1,0,1,1,False,-1,
17108,2022-03-23 08:00:00,8,-1,MARKDOWN,6,A+,1929.6108,1943.447790862953,1895.0183228426172,13.836990862953144,4.295581725906176,0,1,1,1,1,1,True,17112,-1.0
17131,2022-03-24 08:00:00,8,1,MARKUP,5,A,1925.17016,1908.4505021797445,1966.9693045506383,16.719657820255406,4.498995640511319,0,1,0,1,1,1,False,-1,
17143,2022-03-24 20:00:00,20,1,MARKUP,6,A+,1931.86662,1907.3743364359264,1993.0973289101842,24.49228356407366,6.6513271281473205,0,1,1,1,1,1,False,-1,
17155,2022-03-25 09:00:00,9,1,MARKUP,4,B,1934.83302,1913.041250197363,1989.3124445065923,21.791769802636964,4.9174996052739965,0,1,0,1,0,1,True,17177,-1.0
17200,2022-03-29 08:00:00,8,-1,MARKDOWN,6,A+,1947.34998,1968.8527519751915,1893.5930500620211,21.502771975191536,5.485503950383387,0,1,1,1,1,1,False,-1,
17212,2022-03-29 20:00:00,20,-1,MARKDOWN,4,B,1934.85792,1966.2875392984458,1856.2838717538853,31.429619298445914,7.515078596891638,0,0,0,1,1,1,True,17232,0.35214934978697715
17224,2022-03-30 09:00:00,9,-1,MARKDOWN,5,A,1933.0039199999999,1962.2034788389678,1860.00502290258,29.19955883896796,5.346957677935629,0,0,1,1,1,1,True,17231,0.37308508871927254
17269,2022-04-01 08:00:00,8,1,MARKUP,5,A,1924.0488400000002,1905.8303990431907,1969.5949423920238,18.218440956809445,4.639201913618866,0,1,0,1,1,1,True,17277,0.7851053702290439
17292,2022-04-04 08:00:00,8,-1,MARKDOWN,5,A,1936.65976,1952.0970536325851,1898.066525918537,15.437293632585124,4.654107265170193,0,1,0,1,1,1,True,17300,0.8101073293898622
17304,2022-04-04 20:00:00,20,-1,MARKDOWN,5,A,1936.65976,1952.523293899414,1897.0009252514649,15.863533899414051,5.506587798828051,0,0,1,1,1,1,True,17323,0.8017749974099355
17325,2022-04-05 18:00:00,18,-1,MARKDOWN,5,A,1933.45852,1947.9234179767896,1897.296275058026,14.464897976789644,6.666835953579382,0,1,1,0,1,1,True,17342,0.6209595896833658
17338,2022-04-06 08:00:00,8,-1,MARKDOWN,6,A+,1933.45852,1947.1283215066812,1899.2840162332966,13.669801506681324,5.076643013362714,0,1,1,1,1,1,True,17342,0.6279951375467336
17350,2022-04-06 20:00:00,20,-1,MARKDOWN,6,A+,1933.321,1947.5397893699776,1897.7740265750558,14.218789369977685,5.8995787399554045,0,1,1,1,1,1,True,17368,-1.0
17362,2022-04-07 09:00:00,9,-1,MARKDOWN,4,B,1933.321,1946.960449114823,1899.2223772129423,13.639449114823037,4.740898229646098,0,0,0,1,1,1,True,17368,-1.0
17384,2022-04-08 08:00:00,8,1,MARKUP,5,A,1923.74612,1913.047147803905,1950.4935504902373,10.698972196094928,4.085704392189641,0,1,1,0,1,1,False,-1,
17396,2022-04-08 20:00:00,20,1,MARKUP,5,A,1927.73802,1912.7126047533036,1965.301558116741,15.025415246696411,4.754790493392872,0,1,1,0,1,1,False,-1,
17408,2022-04-11 09:00:00,9,1,MARKUP,4,B,1928.65114,1913.3898765381327,1966.804298654668,15.261263461867202,4.34024692373454,0,1,0,0,1,1,False,-1,
17430,2022-04-12 08:00:00,8,1,MARKUP,5,A,1943.79748,1925.2705646726376,1990.1147683184058,18.526915327362303,4.858870654724916,0,1,0,1,1,1,False,-1,
17442,2022-04-12 20:00:00,20,1,MARKUP,5,A,1947.12852,1924.261568316456,2004.2958992088597,22.866951683543903,6.876863367087952,0,1,0,1,1,1,False,-1,
17454,2022-04-13 09:00:00,9,1,MARKUP,5,A,1954.1181,1936.3520338629146,1998.533265342713,17.766066137085318,5.315932274170926,0,1,0,1,1,1,False,-1,
17476,2022-04-14 08:00:00,8,1,MARKUP,3,C,1956.4050399999999,1938.667138020076,2000.7497949498097,17.73790197992389,4.365723959847925,0,0,0,0,1,1,False,-1,
17488,2022-04-14 20:00:00,20,1,MARKUP,5,A,1961.87434,1946.439948249975,2000.4603193750627,15.434391750025043,6.520103500049893,0,1,1,0,1,1,False,-1,
17500,2022-04-18 09:00:00,9,1,MARKUP,5,A,1972.01696,1957.708141977614,2007.7890050559645,14.308818022385822,5.483716044771848,0,1,1,1,0,1,False,-1,
17524,2022-04-19 10:00:00,10,1,MARKUP,5,A,1974.92016,1958.2025854304782,2016.7140964238042,16.71757456952173,4.494829139043966,1,0,1,0,1,1,True,17527,-1.0
17545,2022-04-20 08:00:00,8,-1,MARKDOWN,6,A+,1976.23512,2000.9384862203158,1914.4767044492107,24.70336622031573,5.216972440631835,0,1,1,1,1,1,False,-1,
17557,2022-04-20 20:00:00,20,-1,MARKDOWN,2,C,1975.76908,2000.8918732459185,1912.9620968852037,25.1227932459185,5.1237464918373785,0,0,0,0,0,1,False,-1,
17569,2022-04-21 09:00:00,9,-1,MARKDOWN,2,C,1970.95486,1992.5635963043392,1916.9330192391521,21.608736304339118,4.047192608678388,0,0,0,0,0,1,False,-1,
17593,2022-04-22 10:00:00,10,-1,MARKDOWN,5,A,1950.06644,1960.5802703330562,1923.7818641673598,10.513830333056148,4.540540666112509,1,0,1,0,1,1,True,17594,0.8238913538073318
17614,2022-04-25 08:00:00,8,-1,MARKDOWN,6,A+,1941.08944,1961.2188997380904,1890.7657906547738,20.129459738090418,5.817799476181083,0,1,1,1,1,1,False,-1,
17626,2022-04-25 20:00:00,20,-1,MARKDOWN,5,A,1931.1150400000001,1959.0893947976613,1861.1791530058472,27.974354797661135,6.83878959532241,0,1,0,1,1,1,False,-1,
17638,2022-04-26 09:00:00,9,-1,MARKDOWN,5,A,1931.1150400000001,1958.357515906018,1863.0088502349554,27.242475906017944,5.375031812035882,0,1,1,1,0,1,False,-1,
17660,2022-04-27 08:00:00,8,-1,MARKDOWN,4,B,1921.9562799999999,1943.2478984985366,1868.7272337536579,21.291618498536764,4.795796997073494,0,1,0,1,0,1,False,-1,
17672,2022-04-27 20:00:00,20,-1,MARKDOWN,4,B,1907.99288,1927.5345847204226,1859.1386181989437,19.54170472042256,6.109169440844905,0,1,0,1,0,1,False,-1,
17684,2022-04-28 09:00:00,9,-1,MARKDOWN,5,A,1896.26414,1913.841493928706,1852.3207551782348,17.57735392870609,5.182987857412041,0,1,0,1,1,1,True,17697,-1.0
17729,2022-05-02 08:00:00,8,-1,MARKDOWN,6,A+,1901.6531,1922.7171571551387,1848.9929571121534,21.0640571551387,5.494314310277205,0,1,1,1,1,1,False,-1,
17741,2022-05-02 20:00:00,20,-1,MARKDOWN,6,A+,1894.949,1923.3100376874552,1824.0464057813624,28.36103768745511,6.680075374910108,0,1,1,1,1,1,False,-1,
17753,2022-05-03 09:00:00,9,-1,MARKDOWN,5,A,1894.949,1922.6275392598714,1825.7526518503219,27.678539259871286,5.315078519742797,0,1,0,1,1,1,False,-1,
17775,2022-05-04 08:00:00,8,-1,MARKDOWN,4,B,1889.3178200000002,1915.6789693384437,1823.4149466538915,26.36114933844351,4.597938676887235,0,1,1,0,0,1,True,17789,0.9103113331879595
17805,2022-05-05 15:00:00,15,1,MARKUP,6,A+,1873.06552,1847.4347545148921,1937.14243371277,25.630765485107986,5.910490970216144,0,1,1,1,1,1,True,17809,-1.0
17821,2022-05-06 08:00:00,8,-1,MARKDOWN,6,A+,1891.30322,1912.4521478652002,1838.4309003369995,21.14892786520022,5.404295730400646,0,1,1,1,1,1,True,17831,1.0583724340397789
17844,2022-05-09 08:00:00,8,-1,MARKDOWN,6,A+,1891.41018,1912.2161099824957,1839.395355043761,20.805929982495627,4.932219964991225,0,1,1,1,1,1,False,-1,
17856,2022-05-09 20:00:00,20,-1,MARKDOWN,5,A,1888.76292,1912.8699627168319,1828.49531320792,24.107042716831984,6.239925433663671,0,1,1,0,1,1,False,-1,
17868,2022-05-10 09:00:00,9,-1,MARKDOWN,5,A,1876.96564,1895.121266926288,1831.5765726842797,18.15562692628805,5.002533852576128,0,1,1,0,1,1,False,-1,
17890,2022-05-11 08:00:00,8,-1,MARKDOWN,5,A,1869.46316,1895.143799440321,1805.261561399198,25.680639440320874,5.047598880641951,0,1,0,1,1,1,False,-1,
17902,2022-05-11 20:00:00,20,-1,MARKDOWN,5,A,1859.4083,1879.7577070713885,1808.5347823215288,20.34940707138844,6.815414142777269,0,0,1,1,1,1,False,-1,
17919,2022-05-12 14:00:00,14,-1,MARKDOWN,4,B,1852.6659200000001,1868.3972910321854,1813.3374924195368,15.73137103218528,5.91458206437076,0,1,1,0,0,1,False,-1,
17936,2022-05-13 08:00:00,8,-1,MARKDOWN,5,A,1840.10728,1861.4292429501638,1786.8023726245901,21.32196295016388,5.238485900327692,0,1,0,1,1,1,False,-1,
17948,2022-05-13 20:00:00,20,-1,MARKDOWN,5,A,1835.99696,1862.0531435241583,1770.8565011896042,26.056183524158314,6.486287048316649,0,1,0,1,1,1,False,-1,
17960,2022-05-16 09:00:00,9,-1,MARKDOWN,5,A,1835.99696,1861.2928632012129,1772.7572019969675,25.295903201212923,4.965726402425949,0,1,1,1,0,1,False,-1,
18051,2022-05-20 08:00:00,8,1,MARKUP,6,A+,1823.29726,1805.1146976154705,1868.7536659613238,18.182562384529547,4.330604769058784,0,1,1,1,1,1,False,-1,
18063,2022-05-20 20:00:00,20,1,MARKUP,6,A+,1823.3813,1804.796609632786,1869.8430259180352,18.58469036721408,4.966780734428196,0,1,1,1,1,1,False,-1,
18075,2022-05-23 09:00:00,9,1,MARKUP,4,B,1829.10084,1808.5041811404026,1880.5924871489938,20.596658859597483,4.811637719194977,0,1,0,0,1,1,False,-1,
18097,2022-05-24 08:00:00,8,1,MARKUP,4,B,1844.99184,1830.4493726446217,1881.3480083884456,14.542467355378221,3.78125471075666,0,0,0,1,1,1,False,-1,
18109,2022-05-24 20:00:00,20,1,MARKUP,5,A,1846.63062,1829.9707212389849,1888.2803669025375,16.65989876101503,4.738557522030167,0,1,0,1,1,1,True,18130,0.7990981840426864
18121,2022-05-25 09:00:00,9,1,MARKUP,3,C,1851.12348,1837.6884751654306,1884.7109920864232,13.435004834569327,3.8430496691385767,0,0,0,0,1,1,True,18127,-0.769145982992961
18168,2022-05-27 10:00:00,10,1,MARKUP,6,A+,1851.17624,1838.8192869778384,1882.068622555404,12.356953022161633,3.841426044323481,0,1,1,1,1,1,True,18173,0.6842146279776662
18189,2022-05-30 08:00:00,8,1,MARKUP,5,A,1849.4114,1838.8988369771698,1875.6928075570754,10.512563022830136,3.6823260456604796,0,1,1,1,0,1,True,18205,-1.0
18201,2022-05-30 20:00:00,20,1,MARKUP,3,C,1849.61768,1838.9426230693318,1876.3053223266706,10.675056930668234,3.594753861336411,0,0,0,1,0,1,True,18205,-1.0
18222,2022-05-31 20:00:00,20,-1,MARKDOWN,5,A,1854.74324,1866.3372127720193,1825.758308069952,11.593972772019242,4.714425544038695,0,1,0,1,1,1,False,-1,
18234,2022-06-01 09:00:00,9,-1,MARKDOWN,5,A,1850.8583,1865.8967547707505,1813.2621630731242,15.038454770750377,3.833509541500819,0,1,0,1,1,1,True,18257,-1.0
18266,2022-06-02 18:00:00,18,1,MARKUP,6,A+,1844.2166,1826.2248030832504,1889.1960922918738,17.991796916749536,4.430393833499184,0,1,1,1,1,1,False,-1,
18279,2022-06-03 08:00:00,8,1,MARKUP,4,B,1845.86684,1826.7933905178093,1893.5504637054764,19.073449482190654,3.2932189643816527,0,1,0,1,0,1,False,-1,
18325,2022-06-07 08:00:00,8,-1,MARKDOWN,5,A,1859.89544,1875.7330944437688,1820.301303890578,15.83765444376877,3.3461888875377546,0,1,0,1,1,1,False,-1,
18337,2022-06-07 20:00:00,20,-1,MARKDOWN,3,C,1856.93522,1871.410863066273,1820.746112334318,14.475643066272823,4.281726132546037,0,0,0,0,1,1,True,18358,0.7856499488037919
18371,2022-06-09 08:00:00,8,1,MARKUP,4,B,1845.6323,1835.366337779899,1871.2972055502528,10.265962220101073,3.227324440202173,0,0,0,1,1,1,True,18377,-1.0
18394,2022-06-10 08:00:00,8,-1,MARKDOWN,4,B,1852.12752,1861.1371218754427,1829.603515311393,9.00960187544274,3.0142437508854663,0,1,0,0,1,1,True,18403,2.5
18417,2022-06-13 08:00:00,8,1,MARKUP,6,A+,1845.66564,1822.1361758174094,1904.4893004564765,23.529464182590573,5.787648365181363,0,1,1,1,1,1,True,18424,-1.0
18429,2022-06-13 20:00:00,20,-1,MARKDOWN,6,A+,1857.7802399999998,1882.4104109531077,1796.2048126172303,24.630170953107836,6.7208219062152645,0,1,1,1,1,1,False,-1,
18441,2022-06-14 09:00:00,9,-1,MARKDOWN,4,B,1852.26798,1881.8141978080118,1778.4024354799708,29.54621780801176,5.528395616023585,0,1,0,1,0,1,False,-1,
18463,2022-06-15 08:00:00,8,-1,MARKDOWN,4,B,1850.7934599999999,1881.435736099208,1774.1877697519794,30.642276099208175,4.771472198415952,0,1,0,0,1,1,False,-1,
18475,2022-06-15 20:00:00,20,-1,MARKDOWN,5,A,1843.46398,1870.0480564650347,1777.0037888374131,26.58407646503474,5.71611293006922,0,0,1,1,1,1,True,18496,0.2217109181036338
18509,2022-06-17 08:00:00,8,1,MARKUP,6,A+,1825.14264,1802.4089278521124,1881.9769203697192,22.733712147887672,5.342144295775121,0,1,1,1,1,1,False,-1,
18521,2022-06-17 20:00:00,20,1,MARKUP,3,C,1830.16698,1810.4332956873682,1879.5011907815795,19.733684312631794,5.55340862526393,0,0,0,0,1,1,False,-1,
18576,2022-06-22 08:00:00,8,-1,MARKDOWN,5,A,1841.3214,1853.6613291225422,1810.4715771936449,12.339929122542117,3.8226582450842264,0,1,1,0,1,1,True,18582,0.735091595083808
18604,2022-06-23 13:00:00,13,-1,MARKDOWN,4,B,1838.51572,1849.9164575862403,1810.0138760343996,11.400737586240211,4.052915172480619,0,1,1,0,0,1,True,18607,0.9105868184149537
18622,2022-06-24 08:00:00,8,-1,MARKDOWN,6,A+,1837.8434,1849.8754432808385,1807.7632917979038,12.03204328083848,3.9708865616766134,0,1,1,1,1,1,True,18638,0.9030904849406325
18634,2022-06-24 20:00:00,20,-1,MARKDOWN,5,A,1836.0518200000001,1850.2065932502444,1800.6648868743896,14.154773250244261,4.6331865004888115,0,1,1,0,1,1,True,18638,0.779355387118738
18653,2022-06-27 16:00:00,16,-1,MARKDOWN,6,A+,1834.9765,1848.499975572689,1801.1678110682774,13.523475572688994,4.6999511453779075,0,1,1,1,1,1,False,-1,
18668,2022-06-28 08:00:00,8,-1,MARKDOWN,6,A+,1832.4303400000001,1843.6115999318622,1804.4771901703448,11.181259931862087,3.163199863724507,0,1,1,1,1,1,False,-1,
18680,2022-06-28 20:00:00,20,-1,MARKDOWN,3,C,1831.81852,1842.9974749711353,1803.871132572162,11.178954971135227,3.914949942270501,0,1,0,0,0,1,True,18698,1.75
18692,2022-06-29 09:00:00,9,-1,MARKDOWN,5,A,1831.45562,1842.577068188921,1803.6519995276974,11.121448188921022,3.0741363778420894,0,1,1,0,1,1,True,18698,1.75
18714,2022-06-30 08:00:00,8,-1,MARKDOWN,6,A+,1824.70802,1834.728068683329,1799.6578982916776,10.020048683328923,3.316137366658161,0,1,1,1,1,1,True,18721,0.5
18726,2022-06-30 20:00:00,20,-1,MARKDOWN,6,A+,1821.48012,1836.2104523621229,1784.6542890946926,14.730332362122908,6.280904724245795,0,1,1,1,1,1,False,-1,
18738,2022-07-01 09:00:00,9,-1,MARKDOWN,5,A,1818.59602,1835.3908637271154,1776.6089106822114,16.79484372711545,4.641727454230967,0,1,1,0,1,1,False,-1,
18762,2022-07-04 10:00:00,10,-1,MARKDOWN,6,A+,1809.6026000000002,1827.4756682505106,1764.9199293737242,17.873068250510414,4.65133650102094,1,0,1,1,1,1,True,18769,1.75
18784,2022-07-05 11:00:00,11,-1,MARKDOWN,7,A+,1803.20012,1816.4633369752173,1770.0420775619566,13.263216975217347,3.3466739504347194,1,1,1,1,1,1,True,18785,1.75
18804,2022-07-06 08:00:00,8,-1,MARKDOWN,6,A+,1794.72396,1816.5453784072351,1740.1704139819121,21.821418407235115,4.510756814470354,0,1,1,1,1,1,False,-1,
18816,2022-07-06 20:00:00,20,-1,MARKDOWN,5,A,1782.94308,1817.4472570824971,1696.6826372937571,34.50417708249711,6.314514164994313,0,1,0,1,1,1,False,-1,
18828,2022-07-07 09:00:00,9,-1,MARKDOWN,6,A+,1781.60202,1814.6239052837395,1699.0473067906514,33.02188528373949,5.007810567479469,0,1,1,1,1,1,False,-1,
18850,2022-07-08 08:00:00,8,-1,MARKDOWN,4,B,1757.3517000000002,1774.7798787334266,1713.781253166434,17.42817873342642,3.7997574668529523,0,1,0,0,1,1,False,-1,
18862,2022-07-08 20:00:00,20,-1,MARKDOWN,2,C,1754.77078,1774.811032135348,1704.6701496616306,20.040252135347828,5.9220642706957465,0,0,0,0,0,1,False,-1,
18874,2022-07-11 09:00:00,9,-1,MARKDOWN,4,B,1742.7754,1754.416211478309,1713.6733713042277,11.640811478308933,3.9524229566175872,0,1,1,0,0,1,True,18892,0.7910254861268402
18896,2022-07-12 08:00:00,8,-1,MARKDOWN,6,A+,1741.2779600000001,1754.7750739689518,1707.5351750776208,13.49711396895168,4.670147937903374,0,1,1,1,1,1,False,-1,
18908,2022-07-12 20:00:00,20,-1,MARKDOWN,6,A+,1741.2779600000001,1754.9388151533847,1707.1258221165388,13.660855153384546,4.997630306769267,0,1,1,1,1,1,True,18928,0.5
18920,2022-07-13 09:00:00,9,-1,MARKDOWN,4,B,1736.18342,1746.5843405371622,1710.1811186570947,10.400920537162165,3.848681074324258,0,1,1,0,0,1,True,18928,0.5
18942,2022-07-14 08:00:00,8,-1,MARKDOWN,5,A,1730.77412,1748.0815143462016,1687.5056341344962,17.30739434620159,5.323028692403103,1,0,1,0,1,1,False,-1,
18954,2022-07-14 20:00:00,20,-1,MARKDOWN,5,A,1727.17568,1748.752921896281,1673.2325752592978,21.57724189628084,6.665843792561485,0,1,0,1,1,1,False,-1,
18966,2022-07-15 09:00:00,9,-1,MARKDOWN,5,A,1727.17568,1747.9996353603792,1675.115791599052,20.82395536037916,5.15927072075833,0,1,1,0,1,1,False,-1,
19012,2022-07-19 09:00:00,9,-1,MARKDOWN,5,A,1714.40056,1725.7055502152205,1686.138084461949,11.304990215220414,3.571100430440941,0,1,0,1,1,1,True,19015,1.75
19034,2022-07-20 08:00:00,8,-1,MARKDOWN,5,A,1715.9973200000002,1725.4700706089072,1692.3154434777325,9.472750608907063,3.100141217814126,0,1,1,0,1,1,False,-1,
19046,2022-07-20 20:00:00,20,-1,MARKDOWN,6,A+,1714.75582,1725.9387766400848,1686.7984283997882,11.18295664008474,4.0375532801694325,0,1,1,1,1,1,True,19067,-1.0
19058,2022-07-21 09:00:00,9,-1,MARKDOWN,6,A+,1707.1155,1720.2824298345784,1674.1981754135545,13.16692983457824,3.6048596691567205,0,1,1,1,1,1,True,19064,0.5
19087,2022-07-22 15:00:00,15,1,MARKUP,5,A,1699.7284399999999,1678.4441611665575,1752.9391370836058,21.284278833442386,4.811677666884713,0,1,0,1,1,1,False,-1,
19103,2022-07-25 08:00:00,8,1,MARKUP,4,B,1703.1817199999998,1678.6745024929921,1764.449763767519,24.50721750700768,4.350995014015344,0,0,0,1,1,1,False,-1,
19172,2022-07-28 08:00:00,8,1,MARKUP,6,A+,1722.99258,1709.3153398304726,1757.185680423819,13.677240169527522,4.289320339054759,0,1,1,1,1,1,False,-1,
19184,2022-07-28 20:00:00,20,1,MARKUP,4,B,1728.79134,1708.635538639232,1779.18084340192,20.15580136076801,5.648922721535887,0,1,0,0,1,1,False,-1,
19196,2022-07-29 09:00:00,9,1,MARKUP,6,A+,1733.05446,1709.255619453482,1792.5515613662951,23.798840546518022,4.408761093036187,0,1,1,1,1,1,False,-1,
19218,2022-08-01 08:00:00,8,1,MARKUP,4,B,1736.2186199999999,1714.5004794081588,1790.5139714796028,21.71814059184112,4.1590411836824845,0,0,0,1,1,1,False,-1,
19230,2022-08-01 20:00:00,20,1,MARKUP,5,A,1750.6791,1732.8387095239616,1795.2800761900962,17.840390476038465,5.082580952076853,0,1,0,1,1,1,False,-1,
19242,2022-08-02 09:00:00,9,1,MARKUP,5,A,1761.89022,1748.2620613103468,1795.9606167241332,13.628158689653219,4.1758773793063035,0,1,1,1,0,1,True,19255,1.1431633383780195
19288,2022-08-04 09:00:00,9,1,MARKUP,5,A,1767.1834,1752.3077788283401,1804.3724529291494,14.875621171659759,4.004442343319738,0,1,1,1,0,1,False,-1,
19310,2022-08-05 08:00:00,8,1,MARKUP,4,B,1769.84212,1752.442207787326,1813.341900531685,17.399912212674053,3.735584425348093,0,1,0,1,0,1,True,19317,0.5
19342,2022-08-08 17:00:00,17,1,MARKUP,6,A+,1776.4609,1762.917992976564,1810.3181675585902,13.5429070234361,4.204014046871932,0,1,1,1,1,1,False,-1,
19356,2022-08-09 08:00:00,8,1,MARKUP,6,A+,1776.4609,1763.4219654019391,1809.0582364951524,13.038934598060905,3.19606919612186,0,1,1,1,1,1,False,-1,
19368,2022-08-09 20:00:00,20,1,MARKUP,4,B,1778.53898,1762.85154269947,1817.757573251325,15.687437300530064,4.336914601059971,0,1,0,0,1,1,False,-1,
19380,2022-08-10 09:00:00,9,1,MARKUP,3,C,1781.93798,1769.0347147712957,1814.1961430717604,12.903265228704186,2.9705704574086056,0,0,0,0,1,1,False,-1,
19408,2022-08-11 14:00:00,14,1,MARKUP,4,B,1792.62394,1781.3542308044975,1820.798212988756,11.2697091955024,3.6915383910048543,1,0,1,0,0,1,True,19410,-1.0
19433,2022-08-12 16:00:00,16,1,MARKUP,6,A+,1792.79698,1781.3843944669177,1821.328443832706,11.412585533082392,4.191211066164867,0,1,1,1,1,1,True,19434,-1.0
19471,2022-08-16 08:00:00,8,-1,MARKDOWN,5,A,1791.19572,1804.127442769529,1758.8664130761777,12.93172276952896,3.2948855390579603,0,1,0,1,1,1,False,-1,
19483,2022-08-16 20:00:00,20,-1,MARKDOWN,5,A,1790.64564,1804.347693607602,1756.390505980995,13.70205360760201,3.7353872152039256,0,1,0,1,1,1,False,-1,
19495,2022-08-17 09:00:00,9,-1,MARKDOWN,5,A,1790.64564,1804.022653161824,1757.2031070954395,13.377013161824152,3.0853063236483207,0,1,1,0,1,1,False,-1,
19517,2022-08-18 08:00:00,8,-1,MARKDOWN,4,B,1774.8106599999999,1785.871455059358,1747.1586723516048,11.060795059358043,3.502910118715981,0,1,0,1,0,1,False,-1,
19529,2022-08-18 20:00:00,20,-1,MARKDOWN,6,A+,1772.01926,1784.3175362499164,1741.273569375209,12.298276249916398,3.9150724998331374,0,1,1,1,1,1,False,-1,
19541,2022-08-19 09:00:00,9,-1,MARKDOWN,5,A,1770.7013599999998,1784.055772671812,1737.3153283204692,13.35441267181227,3.391545343624248,0,1,0,1,1,1,False,-1,
19563,2022-08-22 08:00:00,8,-1,MARKDOWN,5,A,1761.17336,1773.952814949378,1729.224722626555,12.779454949378078,3.0056298987559935,0,1,1,1,0,1,False,-1,
19575,2022-08-22 20:00:00,20,-1,MARKDOWN,5,A,1755.40134,1774.5558307116492,1707.5151132208766,19.15449071164926,4.21166142329826,0,1,1,1,0,1,False,-1,
19587,2022-08-23 09:00:00,9,-1,MARKDOWN,6,A+,1748.51064,1762.907707046396,1712.5179723840101,14.397067046395932,3.21541409279173,0,1,1,1,1,1,True,19594,-1.0
19639,2022-08-25 15:00:00,15,1,MARKUP,5,A,1744.0763,1729.122160190774,1781.461649523065,14.954139809226035,3.435679618452173,0,1,0,1,1,1,True,19661,-1.0
19655,2022-08-26 08:00:00,8,1,MARKUP,3,C,1751.276,1740.9640824258045,1777.055793935489,10.311917574195604,3.051835148391104,0,0,0,0,1,1,True,19658,-1.0
19667,2022-08-26 20:00:00,20,-1,MARKDOWN,5,A,1753.5143,1767.8841857649975,1717.5895855875065,14.369885764997434,4.788371529995116,0,1,0,1,1,1,False,-1,
19679,2022-08-29 09:00:00,9,-1,MARKDOWN,5,A,1748.55976,1767.669855937298,1700.7845201567552,19.110095937297956,4.359711874596236,0,1,0,1,1,1,False,-1,
19701,2022-08-30 08:00:00,8,-1,MARKDOWN,4,B,1744.82898,1761.718554978584,1702.60504255354,16.88957497858405,3.517109957167952,0,0,1,1,0,1,False,-1,
19713,2022-08-30 20:00:00,20,-1,MARKDOWN,6,A+,1744.0997399999999,1760.8393150963266,1702.2508022591833,16.73957509632669,4.118630192653387,0,1,1,1,1,1,False,-1,
19725,2022-08-31 09:00:00,9,-1,MARKDOWN,6,A+,1735.91124,1747.0921134049763,1707.9590564875589,11.18087340497641,3.1242268099527255,0,1,1,1,1,1,False,-1,
19747,2022-09-01 08:00:00,8,-1,MARKDOWN,5,A,1726.33874,1743.1835151751623,1684.226802062094,16.84477517516234,3.947030350324462,0,1,0,1,1,1,False,-1,
19759,2022-09-01 20:00:00,20,-1,MARKDOWN,4,B,1719.17054,1740.478208790611,1665.9013680234727,21.307668790610933,5.156417581221973,0,1,0,0,1,1,False,-1,
19771,2022-09-02 09:00:00,9,-1,MARKDOWN,2,C,1712.52086,1728.9414111183783,1671.4694822040547,16.42055111837817,3.6028222367564475,0,0,0,0,0,1,True,19777,0.8902816526270106
19824,2022-09-06 18:00:00,18,-1,MARKDOWN,5,A,1715.1813599999998,1729.1016196230803,1680.3807109422987,13.920259623080483,4.523239246160847,0,1,1,0,1,1,False,-1,
19837,2022-09-07 08:00:00,8,-1,MARKDOWN,4,B,1713.32866,1728.8546770039045,1674.5136174902384,15.526017003904599,4.029354007809114,0,1,0,0,1,1,True,19846,-1.0
19865,2022-09-08 13:00:00,13,1,MARKUP,6,A+,1704.98134,1689.5095719936755,1743.6607600158113,15.47176800632451,3.9208560126488354,0,1,1,1,1,1,True,19869,1.0721426408065982
19883,2022-09-09 08:00:00,8,1,MARKUP,5,A,1705.51614,1689.6119681974678,1745.2765695063304,15.904171802532119,3.7160636050645124,0,1,0,1,1,1,False,-1,
19895,2022-09-09 20:00:00,20,1,MARKUP,4,B,1706.00128,1689.1675535185966,1748.0855962035084,16.833726481403346,4.604892962806627,0,0,0,1,1,1,False,-1,
19907,2022-09-12 09:00:00,9,1,MARKUP,4,B,1713.7201,1702.022997885768,1742.9628552855797,11.697102114231939,3.874004228463793,0,1,1,0,0,1,False,-1,
19929,2022-09-13 08:00:00,8,1,MARKUP,3,C,1716.44696,1703.073085954287,1749.8816451142823,13.37387404571291,3.613828091426137,0,0,1,0,0,1,True,19936,0.5
19952,2022-09-14 08:00:00,8,-1,MARKDOWN,5,A,1720.6019800000001,1737.3647183500707,1678.6951341248237,16.76273835007055,4.409436700141153,0,1,0,1,1,1,False,-1,
19964,2022-09-14 20:00:00,20,-1,MARKDOWN,5,A,1720.6019800000001,1737.2659865862072,1678.9419635344825,16.66400658620705,4.211973172414314,0,1,1,0,1,1,False,-1,
19976,2022-09-15 09:00:00,9,-1,MARKDOWN,5,A,1716.23604,1736.6398330535826,1665.2265573660434,20.403793053582604,3.5396661071655466,0,1,0,1,1,1,False,-1,
19998,2022-09-16 08:00:00,8,-1,MARKDOWN,6,A+,1689.42218,1709.5579651766109,1639.082717058473,20.135785176610852,4.355930353221535,0,1,1,1,1,1,False,-1,
20010,2022-09-16 20:00:00,20,-1,MARKDOWN,4,B,1686.884,1710.0168102015296,1629.0519744961762,23.132810201529537,5.773620403058671,0,0,1,0,1,1,False,-1,
20022,2022-09-19 09:00:00,9,-1,MARKDOWN,5,A,1684.86932,1706.0643956706742,1631.8816308233145,21.195075670674214,4.388791341348503,0,1,1,1,0,1,False,-1,
20047,2022-09-20 11:00:00,11,-1,MARKDOWN,7,A+,1670.37722,1682.3097231825566,1640.5459620436088,11.932503182556502,3.779446365113121,1,1,1,1,1,1,True,20068,-1.0
20067,2022-09-21 08:00:00,8,-1,MARKDOWN,5,A,1672.1906800000002,1681.5353433526536,1648.8290216183664,9.34466335265347,3.210686705306948,0,1,0,1,1,1,True,20068,-1.0
20079,2022-09-21 20:00:00,20,-1,MARKDOWN,5,A,1671.93112,1681.486805359293,1648.0419066017676,9.555685359292966,3.9536107185858214,0,1,0,1,1,1,True,20080,-1.0
20091,2022-09-22 09:00:00,9,-1,MARKDOWN,6,A+,1674.99796,1690.8729312259188,1635.3105319352026,15.874971225918898,5.60586245183765,0,1,1,1,1,1,True,20093,0.5
20114,2022-09-23 09:00:00,9,-1,MARKDOWN,2,C,1674.99796,1690.3624367844436,1636.5867680388906,15.364476784443696,4.584873568887519,0,0,0,0,0,1,False,-1,
20136,2022-09-26 08:00:00,8,-1,MARKDOWN,6,A+,1664.5922799999998,1691.3811947309653,1597.6199931725864,26.788914730965416,6.622389461930646,0,1,1,1,1,1,False,-1,
20148,2022-09-26 20:00:00,20,-1,MARKDOWN,6,A+,1660.78198,1688.366232444869,1591.8213488878275,27.58425244486898,6.9524648897377945,0,1,1,1,1,1,False,-1,
20160,2022-09-27 09:00:00,9,-1,MARKDOWN,3,C,1655.2845000000002,1678.9495507138006,1596.1218732154994,23.665050713800383,5.1191014276011755,0,0,0,1,0,1,False,-1,
20182,2022-09-28 08:00:00,8,-1,MARKDOWN,5,A,1638.80862,1651.7464031783686,1606.4641620540785,12.93778317836859,4.032806356737278,0,1,1,0,1,1,True,20190,-1.0
20228,2022-09-30 08:00:00,8,1,MARKUP,6,A+,1635.18768,1612.5265134385652,1691.840596403587,22.66116656143481,4.646973122869314,0,1,1,1,1,1,False,-1,
20240,2022-09-30 20:00:00,20,1,MARKUP,2,C,1637.98392,1612.1797931643614,1702.4942370890963,25.8041268356385,5.340413671277246,0,0,0,0,0,1,False,-1,
20252,2022-10-03 09:00:00,9,1,MARKUP,4,B,1654.4783400000001,1639.3225473362165,1692.367821659459,15.155792663783586,4.434905327566878,0,0,1,0,1,1,False,-1,
20274,2022-10-04 08:00:00,8,1,MARKUP,6,A+,1672.55694,1650.4180934787057,1727.9040563032354,22.138846521294226,5.183813042588402,0,1,1,1,1,1,False,-1,
20286,2022-10-04 20:00:00,20,1,MARKUP,5,A,1686.33124,1656.5702620763932,1760.733684809017,29.760977923606788,6.179475847213599,0,1,0,1,1,1,False,-1,
20298,2022-10-05 09:00:00,9,1,MARKUP,6,A+,1686.33124,1657.1877738188746,1759.1899054528135,29.143466181125405,4.944452362250847,0,1,1,1,1,1,False,-1,
20320,2022-10-06 08:00:00,8,1,MARKUP,5,A,1703.10376,1684.4668810721942,1749.6959573195145,18.63687892780581,4.66623785561171,0,1,1,0,1,1,False,-1,
20371,2022-10-10 13:00:00,13,-1,MARKDOWN,6,A+,1707.21928,1727.968147862041,1655.3471103448978,20.748867862040925,4.856295724082029,0,1,1,1,1,1,False,-1,
20389,2022-10-11 08:00:00,8,-1,MARKDOWN,4,B,1694.5993,1717.3822210664805,1637.641997333799,22.782921066480412,4.424442132960705,0,1,0,1,0,1,False,-1,
20401,2022-10-11 20:00:00,20,-1,MARKDOWN,3,C,1694.27548,1717.4997783100416,1636.214734224896,23.224298310041604,5.29955662008362,0,0,0,0,1,1,False,-1,
20413,2022-10-12 09:00:00,9,-1,MARKDOWN,5,A,1689.6034,1709.773424776211,1639.1783380594725,20.170024776210994,4.966849552422079,0,1,0,1,1,1,False,-1,
20435,2022-10-13 08:00:00,8,-1,MARKDOWN,5,A,1675.1731,1685.668224279074,1648.9352893023151,10.495124279073934,3.4564485581475473,0,1,1,1,0,1,True,20438,2.5
20458,2022-10-14 08:00:00,8,-1,MARKDOWN,6,A+,1668.07554,1686.6991644757734,1621.5164788105667,18.62362447577334,5.518328951546788,1,0,1,1,1,1,True,20459,0.9249515729959967
20470,2022-10-14 20:00:00,20,-1,MARKDOWN,5,A,1666.50532,1685.8478636296343,1618.1489609259143,19.342543629634292,6.795727259268573,0,1,0,1,1,1,True,20488,0.779454926221709
20482,2022-10-17 09:00:00,9,-1,MARKDOWN,5,A,1666.32196,1684.8887993113558,1619.9048617216104,18.566839311355807,4.877598622711462,0,1,0,1,1,1,True,20488,0.786192443089099
20507,2022-10-18 11:00:00,11,-1,MARKDOWN,6,A+,1659.74644,1674.1750882193608,1623.6748194515976,14.428648219360866,4.730176438721442,0,1,1,1,1,1,False,-1,
20527,2022-10-19 08:00:00,8,-1,MARKDOWN,6,A+,1657.66996,1670.2494934956499,1626.2211262608753,12.579533495649912,3.5989869912996904,0,1,1,1,1,1,False,-1,
20539,2022-10-19 20:00:00,20,-1,MARKDOWN,6,A+,1652.97136,1670.7562549888928,1608.5091225277679,17.784894988892802,4.612509977785623,0,1,1,1,1,1,False,-1,
20551,2022-10-20 09:00:00,9,-1,MARKDOWN,6,A+,1647.8089,1665.450034019378,1603.7060649515547,17.641134019378114,3.9200680387563267,0,1,1,1,1,1,False,-1,
20573,2022-10-21 08:00:00,8,-1,MARKDOWN,6,A+,1641.2357200000001,1656.4489089661538,1603.202747584616,15.213188966153666,4.037817932307243,0,1,1,1,1,1,True,20581,-1.0
20604,2022-10-24 16:00:00,16,1,MARKUP,5,A,1637.65464,1614.3072698608444,1696.0230653478889,23.3473701391556,5.805460278311286,0,1,1,0,1,1,False,-1,
20627,2022-10-25 16:00:00,16,1,MARKUP,5,A,1637.65464,1614.4150478226447,1695.7536204433882,23.239592177355235,5.589904354710487,0,1,1,0,1,1,False,-1,
20642,2022-10-26 08:00:00,8,1,MARKUP,6,A+,1649.6253,1634.5079960506748,1687.4185598733127,15.117303949325105,4.144007898650408,0,1,1,1,1,1,False,-1,
20654,2022-10-26 20:00:00,20,1,MARKUP,5,A,1652.31176,1635.8325566850722,1693.5097682873197,16.479203314927872,4.93488662985547,0,1,0,1,1,1,False,-1,
20666,2022-10-27 09:00:00,9,1,MARKUP,2,C,1652.31176,1636.1482779099229,1692.720465225193,16.163482090077196,4.303444180154087,0,0,0,0,0,1,True,20690,-1.0
20711,2022-10-31 08:00:00,8,-1,MARKDOWN,5,A,1659.44134,1674.6180847826154,1621.4994780434617,15.176744782615287,3.8961695652306156,0,1,1,0,1,1,False,-1,
20723,2022-10-31 20:00:00,20,-1,MARKDOWN,5,A,1655.85778,1671.7503935002273,1616.126246249432,15.892613500227299,4.120787000454777,0,1,1,0,1,1,True,20741,1.4429421997237983
20735,2022-11-01 09:00:00,9,-1,MARKDOWN,3,C,1653.20396,1668.9099307492118,1613.9390331269708,15.705970749211701,3.7398614984236467,0,0,0,0,1,1,True,20740,-1.0
20780,2022-11-03 08:00:00,8,-1,MARKDOWN,6,A+,1654.74278,1671.7820068505218,1612.1447128736954,17.0392268505218,4.50401370104366,0,1,1,1,1,1,False,-1,
20792,2022-11-03 20:00:00,20,-1,MARKDOWN,5,A,1649.3413,1672.2242121920435,1592.1340195198914,22.882912192043477,5.388424384087126,0,1,0,1,1,1,True,20804,-1.0
20804,2022-11-04 09:00:00,9,-1,MARKDOWN,3,C,1649.3413,1671.7089584111307,1593.4221539721734,22.367658411130606,4.35791682226149,1,0,0,0,0,1,True,20805,-1.0
20826,2022-11-07 08:00:00,8,1,MARKUP,4,B,1641.51764,1614.296253855008,1709.57110536248,27.22138614499204,4.767492289984357,0,1,0,1,0,1,False,-1,
20838,2022-11-07 20:00:00,20,1,MARKUP,5,A,1641.58258,1614.4429125247307,1709.4317486881732,27.139667475269334,4.474174950538603,0,1,0,1,1,1,False,-1,
20850,2022-11-08 09:00:00,9,1,MARKUP,4,B,1646.68726,1623.2514173065586,1705.2768667336034,23.435842693441373,3.377165386882934,0,0,1,0,1,1,False,-1,
20872,2022-11-09 08:00:00,8,1,MARKUP,6,A+,1684.65658,1662.5774657600157,1739.854365599961,22.079114239984392,4.285068479968531,0,1,1,1,1,1,False,-1,
20884,2022-11-09 20:00:00,20,1,MARKUP,3,C,1686.71174,1662.1036761040539,1748.2318997398652,24.60806389594609,5.232647791892234,0,0,0,0,1,1,False,-1,
20896,2022-11-10 09:00:00,9,1,MARKUP,2,C,1686.71174,1662.7168073757111,1746.6990715607221,23.994932624288822,4.006385248577577,0,0,0,0,0,1,False,-1,
20918,2022-11-11 08:00:00,8,1,MARKUP,6,A+,1725.9622,1699.3816040930747,1792.4136897673131,26.580595906925282,5.716791813850657,0,1,1,1,1,1,False,-1,
20930,2022-11-11 20:00:00,20,1,MARKUP,5,A,1727.10438,1699.2396217592104,1796.766275601974,27.86475824078957,6.000756481579371,0,1,1,1,0,1,False,-1,
20942,2022-11-14 09:00:00,9,1,MARKUP,4,B,1729.1328,1699.7068717495852,1802.6976206260374,29.425928250414927,5.066256500829656,0,0,1,0,1,1,False,-1,
20964,2022-11-15 08:00:00,8,1,MARKUP,5,A,1755.6529999999998,1741.6979799815426,1790.5405500461427,13.955020018457162,3.8440400369146843,0,1,0,1,1,1,False,-1,
20976,2022-11-15 20:00:00,20,1,MARKUP,6,A+,1765.50766,1749.1920322196886,1806.2967294507785,16.315627780311388,6.555935560623038,0,1,1,1,1,1,False,-1,
20988,2022-11-16 09:00:00,9,1,MARKUP,4,B,1765.99588,1750.6888240465669,1804.2635198835826,15.307055953433064,5.142351906866388,0,0,1,0,1,1,True,21007,-1.0
21056,2022-11-21 08:00:00,8,-1,MARKDOWN,6,A+,1766.23104,1781.9333606041007,1726.9752384897479,15.702320604100805,3.6867212082016483,0,1,1,1,1,1,False,-1,
21068,2022-11-21 20:00:00,20,-1,MARKDOWN,4,B,1756.3429999999998,1773.1605014831443,1714.2992462921386,16.817501483144497,4.221002966288689,0,1,0,1,0,1,False,-1,
21080,2022-11-22 09:00:00,9,-1,MARKDOWN,4,B,1754.28506,1769.5179018441718,1716.2029553895704,15.232841844171844,3.5958036883436173,0,0,0,1,1,1,False,-1,
21102,2022-11-23 08:00:00,8,-1,MARKDOWN,5,A,1748.27192,1759.6312589861873,1719.8735725345314,11.359338986187367,3.282517972374525,0,1,0,1,1,1,True,21115,-1.0
21133,2022-11-24 16:00:00,16,1,MARKUP,5,A,1735.79636,1719.9602255376906,1775.3866961557737,15.836134462309474,3.4195489246191118,0,1,0,1,1,1,False,-1,
21146,2022-11-25 08:00:00,8,1,MARKUP,4,B,1736.75518,1720.189900910433,1778.1683777239182,16.565279089567184,2.960198179134299,0,1,0,0,1,1,False,-1,
21158,2022-11-25 20:00:00,20,1,MARKUP,6,A+,1736.75518,1719.9178810932665,1778.8484272668343,16.837298906733622,3.5042378134673364,0,1,1,1,1,1,False,-1,
21171,2022-11-28 13:00:00,13,1,MARKUP,5,A,1749.81556,1739.1471585447925,1776.4865636380187,10.668401455207459,4.085682910414815,0,1,0,1,1,1,True,21174,0.8402363850882371
21194,2022-11-29 13:00:00,13,1,MARKUP,6,A+,1748.76496,1737.4947042963463,1776.9405992591342,11.270255703653675,3.990591407307386,0,1,1,1,1,1,True,21197,0.8686764928006794
21212,2022-11-30 08:00:00,8,1,MARKUP,3,C,1748.76496,1737.8976175011219,1775.9333162471953,10.867342498878088,3.1847649977561394,0,1,0,0,0,1,True,21224,1.75
21224,2022-11-30 20:00:00,20,1,MARKUP,6,A+,1749.12022,1736.878549596655,1779.7243960083629,12.241670403345097,5.22290080668995,0,1,1,1,1,1,False,-1,
21236,2022-12-01 09:00:00,9,1,MARKUP,5,A,1756.40878,1736.936598347077,1805.0892341323074,19.472181652922927,5.106803305846026,0,1,0,1,1,1,False,-1,
21258,2022-12-02 08:00:00,8,1,MARKUP,6,A+,1767.66046,1742.9092728530957,1829.538427867261,24.751187146904385,4.021454293808757,0,1,1,1,1,1,False,-1,
21270,2022-12-02 20:00:00,20,1,MARKUP,5,A,1767.66046,1742.315017014203,1831.0240674644926,25.345442985797035,5.209965971594024,0,1,0,1,1,1,True,21293,0.9704196533619831
21282,2022-12-05 09:00:00,9,1,MARKUP,5,A,1769.77674,1742.6811134960797,1837.515806259801,27.095626503920357,4.4777730078407485,0,1,0,1,1,1,True,21292,0.9009818522599053
21327,2022-12-07 08:00:00,8,-1,MARKDOWN,5,A,1793.1323399999999,1811.758053636766,1746.5680559080847,18.625713636766022,3.5361072735316315,0,1,0,1,1,1,False,-1,
21357,2022-12-08 15:00:00,15,1,MARKUP,6,A+,1776.72922,1765.393763125768,1805.06786218558,11.335456874232023,3.792473748463985,0,1,1,1,1,1,False,-1,
21373,2022-12-09 08:00:00,8,1,MARKUP,5,A,1778.9680799999999,1765.7005100038186,1812.137004990453,13.267569996181237,3.278979992362618,0,1,0,1,1,1,False,-1,
21385,2022-12-09 20:00:00,20,1,MARKUP,5,A,1783.61154,1767.179558662888,1824.6914933427804,16.43198133711212,5.0008826742240196,0,1,0,1,1,1,True,21405,1.4153387600280398
21397,2022-12-12 09:00:00,9,1,MARKUP,6,A+,1790.61966,1779.071627188501,1819.4897420287477,11.54803281149907,3.896745622997854,1,0,1,1,1,1,True,21398,-1.0
21426,2022-12-13 15:00:00,15,1,MARKUP,6,A+,1791.19864,1775.1511483029144,1831.3173692427142,16.04749169708566,4.957703394171624,0,1,1,1,1,1,False,-1,
21442,2022-12-14 08:00:00,8,1,MARKUP,5,A,1795.5649,1775.4992999569988,1845.7289001075033,20.065600043001268,4.261400086002453,0,1,1,1,0,1,True,21455,-1.0
21454,2022-12-14 20:00:00,20,1,MARKUP,3,C,1795.5649,1775.6707154143494,1845.3003614641268,19.89418458565069,3.9185691713015545,0,0,0,0,1,1,True,21455,-1.0
21476,2022-12-15 19:00:00,19,-1,MARKDOWN,6,A+,1805.17822,1827.5527099170777,1749.241995207306,22.374489917077653,5.945419834155546,0,1,1,1,1,1,False,-1,
21488,2022-12-16 08:00:00,8,-1,MARKDOWN,3,C,1799.3752,1817.292107877978,1754.582930305055,17.91690787797802,4.204215755955956,0,1,0,0,0,1,False,-1,
21537,2022-12-20 11:00:00,11,1,MARKUP,6,A+,1787.1361,1772.072662475641,1824.7946938108973,15.06343752435896,4.49467504871807,0,1,1,1,1,1,False,-1,
21557,2022-12-21 08:00:00,8,1,MARKUP,6,A+,1798.08916,1781.947493014159,1838.4433274646026,16.141666985841084,3.725013971681918,0,1,1,1,1,1,False,-1,
21569,2022-12-21 20:00:00,20,1,MARKUP,3,C,1799.10528,1781.9825039215193,1841.9122201962018,17.122776078480683,3.654992156961204,0,0,1,0,0,1,True,21588,1.024985013178802
21581,2022-12-22 09:00:00,9,1,MARKUP,3,C,1799.5996799999998,1782.992181066616,1841.1184273334593,16.607498933383795,3.2356378667676338,0,0,0,1,0,1,True,21588,1.0263887633101754
21609,2022-12-23 14:00:00,14,-1,MARKDOWN,6,A+,1808.9329,1825.4817445691187,1767.5607885772033,16.548844569118728,3.2634891382375675,0,1,1,1,1,1,True,21629,-1.0
21628,2022-12-27 10:00:00,10,1,MARKUP,5,A,1798.42212,1783.1908263451503,1836.500354137124,15.231293654849651,3.2183473096993436,0,1,0,1,1,1,False,-1,
21649,2022-12-28 08:00:00,8,1,MARKUP,3,C,1803.3079,1782.8187795488923,1854.5307011277694,20.489120451107738,3.9624409022155245,0,0,0,1,0,1,True,21651,1.4019823853885804
21680,2022-12-29 16:00:00,16,1,MARKUP,6,A+,1810.89076,1795.0822286073922,1850.4120884815197,15.808531392607847,3.975542785215398,1,1,1,0,1,1,False,-1,
21695,2022-12-30 08:00:00,8,1,MARKUP,6,A+,1808.28934,1795.5429927173427,1840.1552082066432,12.746347282657325,3.054014565314647,0,1,1,1,1,1,False,-1,
21707,2022-12-30 20:00:00,20,1,MARKUP,6,A+,1808.17856,1794.873979882051,1841.440010294873,13.304580117949172,4.392040235898049,0,1,1,1,1,1,False,-1,
21719,2023-01-03 09:00:00,9,1,MARKUP,6,A+,1820.0679,1799.1498504926694,1872.3630237683265,20.91804950733058,4.820299014661231,0,1,1,1,1,1,False,-1,
21741,2023-01-04 08:00:00,8,1,MARKUP,6,A+,1826.50746,1809.7512640235896,1868.3979499410261,16.75619597641048,4.45747195282108,0,1,1,1,1,1,False,-1,
21753,2023-01-04 20:00:00,20,1,MARKUP,5,A,1833.14524,1810.4388633353515,1889.9111816616214,22.706376664648587,5.822273329296771,0,1,0,1,1,1,True,21771,1.3325028073421499
21765,2023-01-05 09:00:00,9,1,MARKUP,2,C,1834.87564,1813.691620673552,1887.8356883161198,21.184019326447924,4.9167586528962195,0,0,0,0,0,1,True,21771,1.3514872480015256
21796,2023-01-06 17:00:00,17,1,MARKUP,6,A+,1840.41292,1821.8091533686768,1886.922336578308,18.603766631323197,6.601693262646445,0,1,1,1,1,1,False,-1,
21810,2023-01-09 08:00:00,8,1,MARKUP,6,A+,1846.03978,1822.7501862737956,1904.2637643155113,23.28959372620443,4.71962745240849,0,1,1,1,1,1,False,-1,
21822,2023-01-09 20:00:00,20,1,MARKUP,5,A,1846.6624399999998,1822.552193732769,1906.9380556680771,24.110246267230877,5.11561253446176,0,1,0,1,1,1,False,-1,
21834,2023-01-10 09:00:00,9,1,MARKUP,3,C,1849.52996,1827.6876288105336,1904.135787973666,21.84233118946645,4.124742378932865,0,0,0,0,1,1,False,-1,
21856,2023-01-11 08:00:00,8,1,MARKUP,5,A,1869.3363,1857.9688116502193,1897.7550208744515,11.367488349780615,3.9023766995616693,0,1,1,1,0,1,True,21866,1.0714364226728863
21868,2023-01-11 20:00:00,20,1,MARKUP,5,A,1874.57428,1864.8272343500919,1898.9418941247704,9.74704564990816,4.565531299815964,0,1,1,1,0,1,True,21872,0.8977417380220047
21880,2023-01-12 09:00:00,9,1,MARKUP,4,B,1874.57428,1865.3498384705645,1897.635383823589,9.22444152943558,3.520323058870899,0,1,0,1,0,1,True,21886,2.5
21902,2023-01-13 08:00:00,8,1,MARKUP,4,B,1880.29664,1864.6926586786476,1919.306593303381,15.603981321352421,4.83468264270445,0,1,0,0,1,1,False,-1,
21914,2023-01-13 20:00:00,20,1,MARKUP,6,A+,1888.05124,1863.9802325042433,1948.2287587393917,24.071007495756703,6.259534991513237,0,1,1,1,1,1,False,-1,
21926,2023-01-16 09:00:00,9,1,MARKUP,5,A,1891.8282,1866.213348839891,1955.865327900272,25.614851160108856,5.313302320217637,0,1,0,1,1,1,False,-1,
21974,2023-01-18 13:00:00,13,1,MARKUP,6,A+,1908.93444,1894.2260118126687,1945.7055104683282,14.708428187331265,4.647976374662607,0,1,1,1,1,1,True,21979,1.0729272450540965
21999,2023-01-19 15:00:00,15,1,MARKUP,4,B,1907.77316,1894.2457419311208,1941.5917051721976,13.527418068879115,4.608516137758192,0,0,1,0,1,1,False,-1,
22015,2023-01-20 08:00:00,8,1,MARKUP,6,A+,1911.3143,1894.390436772709,1953.6239580682272,16.923863227290894,4.319126454581471,0,1,1,1,1,1,False,-1,
22027,2023-01-20 20:00:00,20,1,MARKUP,5,A,1912.18144,1894.1309175456704,1957.3077461358243,18.050522454329666,4.838164908659075,0,1,1,0,1,1,True,22047,1.1052530178067657
22041,2023-01-23 11:00:00,11,1,MARKUP,5,A,1914.8882800000001,1898.7412351871465,1955.2558920321344,16.147044812853665,4.377529625707059,0,0,1,1,1,1,True,22046,1.0927842090865036
22061,2023-01-24 08:00:00,8,1,MARKUP,6,A+,1922.27666,1909.1862535712105,1955.0026760719738,13.090406428789493,4.307492857578892,0,1,1,1,1,1,True,22069,0.8284727123534639
22073,2023-01-24 20:00:00,20,1,MARKUP,6,A+,1923.23166,1908.603453159735,1959.8021771006624,14.628206840264966,5.473093680530032,0,1,1,1,1,1,True,22088,1.1052480559379214
22085,2023-01-25 09:00:00,9,1,MARKUP,3,C,1923.23166,1908.9532995801071,1958.927561049732,14.278360419892806,4.7734008397857774,0,0,0,0,1,1,True,22088,1.1200777604404137
22107,2023-01-26 08:00:00,8,1,MARKUP,5,A,1929.3787200000002,1914.97410994167,1965.3902451458257,14.404610058330263,4.391780116660429,0,1,0,1,1,1,True,22116,-1.0
22119,2023-01-26 20:00:00,20,1,MARKUP,4,B,1929.3787200000002,1914.0859410215298,1967.610667446176,15.292778978470324,6.168117956940645,1,0,0,0,1,1,True,22120,-1.0
22155,2023-01-30 10:00:00,10,-1,MARKDOWN,5,A,1936.75702,1951.4979273810884,1899.904751547279,14.740907381088391,4.735854762176457,0,1,1,1,0,1,False,-1,
22176,2023-01-31 08:00:00,8,-1,MARKDOWN,6,A+,1926.19692,1936.9537869255546,1899.3047526861137,10.756866925554505,3.9875738511092638,0,1,1,1,1,1,True,22184,-1.0
22222,2023-02-02 08:00:00,8,1,MARKUP,4,B,1922.3966,1898.3508116756068,1982.5110708109833,24.045788324393243,5.078376648786676,0,1,0,1,0,1,True,22230,0.5
22245,2023-02-03 08:00:00,8,-1,MARKDOWN,4,B,1941.19648,1962.1057890712284,1888.923207321929,20.909309071228336,4.87157814245657,0,1,0,1,0,1,False,-1,
22257,2023-02-03 20:00:00,20,-1,MARKDOWN,5,A,1922.12704,1963.412284605032,1818.9139284874202,41.28524460503195,7.484569210063906,0,1,0,1,1,1,False,-1,
22269,2023-02-06 09:00:00,9,-1,MARKDOWN,6,A+,1921.57696,1962.4841586802268,1819.3089632994333,40.90719868022666,5.6283173604535035,0,1,1,1,1,1,False,-1,
22291,2023-02-07 08:00:00,8,-1,MARKDOWN,4,B,1900.96048,1928.3989059512578,1832.3644151218555,27.43842595125784,4.177811902515826,0,0,0,1,1,1,False,-1,
22303,2023-02-07 20:00:00,20,-1,MARKDOWN,5,A,1895.94232,1921.5732568289823,1831.8649779275447,25.630936828982158,6.766513657964356,0,1,1,0,1,1,False,-1,
22346,2023-02-09 17:00:00,17,-1,MARKDOWN,5,A,1880.58922,1893.0263279157466,1849.4964502106336,12.437107915746537,5.552655831493403,0,1,1,0,1,1,False,-1,
22360,2023-02-10 08:00:00,8,-1,MARKDOWN,5,A,1875.92882,1892.8561409142774,1833.6105177143068,16.92732091427729,5.212281828554844,0,1,0,1,1,1,False,-1,
22372,2023-02-10 20:00:00,20,-1,MARKDOWN,5,A,1875.92882,1893.074324040355,1833.065059899113,17.14550404035481,5.648648080709779,0,1,0,1,1,1,False,-1,
22384,2023-02-13 09:00:00,9,-1,MARKDOWN,3,C,1875.92882,1892.4794417386083,1834.5522656534795,16.550621738608243,4.458883477216799,0,0,0,0,1,1,False,-1,
22407,2023-02-14 09:00:00,9,-1,MARKDOWN,3,C,1865.65572,1876.9703753351166,1837.3690816622084,11.31465533511664,3.8807506702334305,0,0,1,0,0,1,True,22413,0.5
22429,2023-02-15 08:00:00,8,-1,MARKDOWN,6,A+,1859.6600799999999,1873.273465291277,1825.626616771807,13.613385291277154,5.40693058255424,0,1,1,1,1,1,False,-1,
22441,2023-02-15 20:00:00,20,-1,MARKDOWN,5,A,1855.0646199999999,1873.1995156585892,1809.7273808535265,18.134895658589357,5.259031317178768,0,1,0,1,1,1,False,-1,
22453,2023-02-16 09:00:00,9,-1,MARKDOWN,3,C,1855.0646199999999,1872.7801613222432,1810.7757666943917,17.715541322243325,4.420322644486739,0,0,0,0,1,1,False,-1,
22475,2023-02-17 08:00:00,8,-1,MARKDOWN,6,A+,1846.03566,1862.4514302973348,1804.996234256663,16.415770297334802,4.66286059466993,0,1,1,1,1,1,True,22499,0.9634980509576414
22529,2023-02-21 18:00:00,18,-1,MARKDOWN,6,A+,1836.5824400000001,1849.6891444855282,1803.81567878618,13.106704485528098,4.378288971056678,0,1,1,1,1,1,True,22530,0.719892616100817
22552,2023-02-22 18:00:00,18,-1,MARKDOWN,5,A,1840.90668,1849.7596341608628,1818.7742945978432,8.852954160862737,4.519268321725632,0,1,1,0,1,1,False,-1,
22565,2023-02-23 08:00:00,8,-1,MARKDOWN,5,A,1837.90256,1849.0196542854258,1810.1098242864355,11.117094285425765,3.9593085708515243,0,1,0,1,1,1,False,-1,
22577,2023-02-23 20:00:00,20,-1,MARKDOWN,4,B,1835.11098,1848.3556195405206,1801.9993811486984,13.244639540520666,4.631239081041147,0,1,0,0,1,1,False,-1,
22589,2023-02-24 09:00:00,9,-1,MARKDOWN,5,A,1835.11098,1847.7591108474098,1803.4906528814752,12.648130847409902,3.438221694819608,0,1,1,0,1,1,False,-1,
22611,2023-02-27 08:00:00,8,-1,MARKDOWN,6,A+,1825.479,1838.888023673968,1791.95644081508,13.409023673968022,3.5160473479359498,0,1,1,1,1,1,False,-1,
22635,2023-02-28 09:00:00,9,-1,MARKDOWN,5,A,1819.71306,1829.4519562682715,1795.3658193293213,9.738896268271446,3.3039125365431063,0,1,1,0,1,1,True,22643,-1.0
22662,2023-03-01 13:00:00,13,1,MARKUP,6,A+,1817.65396,1802.7677667413534,1854.869443146617,14.8861932586467,3.964466517293348,0,1,1,1,1,1,False,-1,
22680,2023-03-02 08:00:00,8,1,MARKUP,3,C,1819.94978,1803.0057600240382,1862.3098299399044,16.944019975961737,3.4884799519234564,0,0,0,0,1,1,False,-1,
22692,2023-03-02 20:00:00,20,1,MARKUP,3,C,1819.94978,1802.704333549916,1863.0633961252095,17.24544645008382,4.091332900167582,0,0,0,0,1,1,False,-1,
22704,2023-03-03 09:00:00,9,1,MARKUP,6,A+,1831.3579399999999,1821.4450200538747,1856.1402398653127,9.912919946125157,3.2699598922502737,0,1,1,1,1,1,False,-1,
22726,2023-03-06 08:00:00,8,1,MARKUP,5,A,1840.25872,1828.3187411820713,1870.1086670448217,11.939978817928704,3.282517635857589,0,1,0,1,1,1,False,-1,
22738,2023-03-06 20:00:00,20,1,MARKUP,3,C,1840.78206,1828.1230419183594,1872.4296052041016,12.659018081640625,3.673916163281254,0,0,0,0,1,1,True,22755,-1.0
22772,2023-03-08 08:00:00,8,-1,MARKDOWN,5,A,1839.60638,1859.9244166384792,1788.8112884038019,20.31803663847927,3.268833276958302,0,1,0,1,1,1,False,-1,
22784,2023-03-08 20:00:00,20,-1,MARKDOWN,5,A,1839.60638,1860.1137170781496,1788.3380373046257,20.507337078149703,3.647434156299165,0,1,1,1,0,1,False,-1,
22796,2023-03-09 09:00:00,9,-1,MARKDOWN,5,A,1836.22592,1854.2548641924566,1791.1535595188589,18.028944192456493,2.8697283849134823,0,1,0,1,1,1,True,22820,-1.0
22827,2023-03-10 17:00:00,17,1,MARKUP,6,A+,1831.5512800000001,1806.4106592541245,1894.4028318646892,25.140620745875594,5.938681491751026,0,1,1,1,1,1,False,-1,
22841,2023-03-13 08:00:00,8,1,MARKUP,5,A,1843.38298,1808.1242499602931,1931.5298050992674,35.25873003970696,7.571500079413944,0,1,0,1,1,1,False,-1,
22853,2023-03-13 20:00:00,20,1,MARKUP,6,A+,1851.08224,1808.2167136489852,1958.246055877537,42.86552635101475,9.086572702029532,0,1,1,1,1,1,False,-1,
22865,2023-03-14 09:00:00,9,1,MARKUP,5,A,1859.56092,1822.2631813168641,1952.8052667078393,37.297738683135776,6.553637366271621,0,1,1,0,1,1,False,-1,
22892,2023-03-15 13:00:00,13,1,MARKUP,5,A,1884.78768,1863.2611110011374,1938.6041024971564,21.526568998862558,6.197777997725077,0,1,1,0,1,1,False,-1,
22910,2023-03-16 08:00:00,8,1,MARKUP,6,A+,1905.43648,1882.189700581909,1963.553428545228,23.246779418091137,7.040598836182047,0,1,1,1,1,1,False,-1,
22922,2023-03-16 20:00:00,20,1,MARKUP,2,C,1905.43648,1882.0719483400042,1963.8478091499899,23.36453165999592,7.2761033199918845,0,0,0,0,0,1,False,-1,
22934,2023-03-17 09:00:00,9,1,MARKUP,6,A+,1905.43648,1883.0336456492566,1961.4435658768587,22.402834350743433,5.35270870148671,0,1,1,1,1,1,False,-1,
22956,2023-03-20 08:00:00,8,1,MARKUP,6,A+,1939.28038,1903.5958586701713,2028.4916833245716,35.68452132982861,7.8882826596573326,0,1,1,1,1,1,False,-1,
22968,2023-03-20 20:00:00,20,1,MARKUP,5,A,1949.52736,1907.535125877465,2054.507945306338,41.99223412253514,9.509748245069957,0,0,1,1,1,1,True,22988,0.9561303540080586
22980,2023-03-21 09:00:00,9,1,MARKUP,3,C,1950.82516,1910.9614682217762,2050.48438944556,39.86369177822394,6.857063556448007,0,0,0,0,1,1,True,22988,0.9642076985456178
23025,2023-03-23 08:00:00,8,1,MARKUP,5,A,1953.71908,1930.672962821134,2011.3343729471653,23.046117178866098,7.174074357732117,0,1,0,1,1,1,False,-1,
23037,2023-03-23 20:00:00,20,1,MARKUP,6,A+,1959.27336,1930.3250750772675,2031.644072306831,28.948284922732455,7.869849845465085,0,1,1,1,1,1,False,-1,
23049,2023-03-24 09:00:00,9,1,MARKUP,5,A,1960.64092,1931.226158049067,2034.1778248773328,29.414761950933098,6.067683901866147,0,1,0,1,1,1,False,-1,
23095,2023-03-28 09:00:00,9,-1,MARKDOWN,6,A+,1980.6559399999999,2005.7394687038704,1917.9471182403236,25.08352870387057,4.838937407740943,0,1,1,1,1,1,False,-1,
23149,2023-03-30 17:00:00,17,1,MARKUP,6,A+,1959.1345800000001,1946.79534432621,1989.9826691844755,12.3392356737902,4.669311347580219,0,1,1,1,1,1,False,-1,
23163,2023-03-31 08:00:00,8,1,MARKUP,5,A,1966.4203599999998,1953.5875156942116,1998.5024707644707,12.832844305788285,3.5249686115766488,0,1,0,1,1,1,True,23178,-1.0
23186,2023-04-03 09:00:00,9,-1,MARKDOWN,4,B,1973.1374799999999,1990.3393822501678,1930.13272437458,17.201902250167905,5.478764500335775,0,1,0,1,0,1,True,23191,-1.0
23208,2023-04-04 08:00:00,8,1,MARKUP,6,A+,1965.3065,1947.5121464010585,2009.7923839973532,17.79435359894137,4.455707197882705,0,1,1,1,1,1,False,-1,
23220,2023-04-04 20:00:00,20,1,MARKUP,5,A,1978.48932,1946.5392759446206,2058.3644301384484,31.950044055379294,6.401448110759013,0,1,0,1,1,1,False,-1,
23232,2023-04-05 09:00:00,9,1,MARKUP,6,A+,1978.9821,1947.6273030028717,2057.3690924928205,31.354796997128233,4.225393994256675,0,1,1,1,1,1,False,-1,
23254,2023-04-06 08:00:00,8,1,MARKUP,4,B,1997.97348,1974.7186608014854,2056.1105279962867,23.254819198514724,4.38267839702927,0,0,1,0,1,1,True,23270,0.8493486815476758
23323,2023-04-12 08:00:00,8,1,MARKUP,4,B,1996.7351800000001,1979.6165161653491,2039.5318395866275,17.118663834650988,4.066967669302021,0,1,0,1,0,1,False,-1,
23335,2023-04-12 20:00:00,20,1,MARKUP,5,A,1999.4244600000002,1978.447239663217,2051.867510841958,20.977220336783148,6.405520673566017,0,0,1,1,1,1,False,-1,
23347,2023-04-13 09:00:00,9,1,MARKUP,5,A,2002.83582,1984.7595707855535,2048.0264430361162,18.076249214446534,4.820858428892993,0,1,1,0,1,1,False,-1,
23369,2023-04-14 08:00:00,8,1,MARKUP,5,A,2019.2305,1998.6642963397164,2070.646009150709,20.566203660283463,4.651407320566981,0,1,0,1,1,1,True,23376,0.5
23400,2023-04-17 16:00:00,16,-1,MARKDOWN,6,A+,2027.0614999999998,2051.7083232134964,1965.4444419662582,24.646823213496646,5.936646426992977,0,1,1,1,1,1,False,-1,
23415,2023-04-18 08:00:00,8,-1,MARKDOWN,4,B,2022.1107000000002,2049.6602976439935,1953.2367058900168,27.549597643993366,4.560595287987118,0,0,0,1,1,1,False,-1,
23427,2023-04-18 20:00:00,20,-1,MARKDOWN,4,B,2021.54214,2049.00017289101,1952.8970577724747,27.458032891010134,5.080345782020604,0,0,1,0,1,1,False,-1,
23439,2023-04-19 09:00:00,9,-1,MARKDOWN,5,A,2002.1184,2017.3560292919772,1964.0243267700573,15.2376292919771,4.652058583954293,0,1,1,0,1,1,False,-1,
23461,2023-04-20 08:00:00,8,-1,MARKDOWN,5,A,1995.5753399999999,2014.1285763465462,1949.192249133634,18.553236346546328,4.537152693092644,1,0,0,1,1,1,True,23462,0.808161062234255
23485,2023-04-21 09:00:00,9,-1,MARKDOWN,5,A,1995.87816,2014.967836953018,1948.1539676174552,19.089676953017943,5.235673906036086,0,1,1,1,0,1,True,23492,0.8074329143902639
23507,2023-04-24 08:00:00,8,-1,MARKDOWN,5,A,1996.78732,2014.8015640935112,1951.7517097662217,18.014244093511252,4.903128187022347,0,1,1,0,1,1,True,23525,0.8257587524050262
23535,2023-04-25 13:00:00,13,-1,MARKDOWN,6,A+,1992.7394199999999,2008.2378242287227,1953.9934094281928,15.498404228722848,4.875648457445487,0,1,1,1,1,1,True,23537,0.5
23560,2023-04-26 15:00:00,15,1,MARKUP,5,A,1985.46922,1971.6325254643723,2020.060956339069,13.836694535627657,4.974949071255275,0,1,0,1,1,1,True,23564,0.8369274151085295
23576,2023-04-27 08:00:00,8,1,MARKUP,5,A,1988.75712,1973.7243335451021,2026.3390861372445,15.03278645489786,4.731332909795434,0,1,0,1,1,1,True,23583,0.7533108981851515
23588,2023-04-27 20:00:00,20,-1,MARKDOWN,3,C,1995.86472,2012.3522403080224,1954.6459192299442,16.48752030802234,6.204480616044593,0,0,0,1,0,1,False,-1,
23600,2023-04-28 09:00:00,9,-1,MARKDOWN,6,A+,1995.86472,2011.5488784146014,1956.6543239634966,15.68415841460137,4.597756829202969,0,1,1,1,1,1,False,-1,
23622,2023-05-01 08:00:00,8,-1,MARKDOWN,6,A+,1992.13818,2005.2821314833302,1959.2783012916743,13.143951483330284,4.124262966660288,0,1,1,1,1,1,True,23629,-1.0
23634,2023-05-01 20:00:00,20,-1,MARKDOWN,6,A+,1993.8624,2008.8291327887894,1956.4455680280266,14.966732788789386,5.638265577578835,0,1,1,1,1,1,True,23654,-1.0
23646,2023-05-02 09:00:00,9,-1,MARKDOWN,4,B,1994.61876,2007.8865777120302,1961.4492157199247,13.267817712030137,3.7531554240604494,0,1,0,1,0,1,True,23654,-1.0
23668,2023-05-03 08:00:00,8,1,MARKUP,4,B,1993.2667999999999,1975.0944912305547,2038.697571923613,18.17230876944518,3.951017538890299,0,1,0,1,0,1,False,-1,
23680,2023-05-03 20:00:00,20,1,MARKUP,4,B,1996.73536,1974.5725479346654,2052.142390163336,22.162812065334492,4.99490413066911,0,1,0,0,1,1,False,-1,
23692,2023-05-04 09:00:00,9,1,MARKUP,4,B,2016.33968,1974.4508139865036,2121.061845033741,41.888866013496454,7.958372026993134,0,0,0,1,1,1,False,-1,
23714,2023-05-05 08:00:00,8,1,MARKUP,4,B,2033.87234,2003.9385075204423,2108.7069211988937,29.933832479557623,5.72298495911541,0,1,0,0,1,1,True,23721,-1.0
23765,2023-05-09 13:00:00,13,1,MARKUP,6,A+,2019.90554,1997.6657706004053,2075.504963498987,22.239769399594707,3.6284587991893655,0,1,1,1,1,1,False,-1,
23783,2023-05-10 08:00:00,8,1,MARKUP,3,C,2019.36808,2006.0881329256258,2052.5679476859355,13.27994707437415,3.303734148748174,0,0,0,1,0,1,False,-1,
23795,2023-05-10 20:00:00,20,1,MARKUP,5,A,2029.44696,2014.889154778759,2065.8414730531026,14.557805221241097,5.98169044248264,1,0,1,0,1,1,True,23797,-1.0
23812,2023-05-11 14:00:00,14,1,MARKUP,6,A+,2030.4357599999998,2017.0420749324737,2063.9199726688153,13.393685067526121,4.875850135052571,0,1,1,1,1,1,True,23813,-1.0
23829,2023-05-12 08:00:00,8,-1,MARKDOWN,6,A+,2032.92202,2050.4721002831293,1989.0468192921767,17.55008028312932,4.624200566258869,0,1,1,1,1,1,False,-1,
23841,2023-05-12 20:00:00,20,-1,MARKDOWN,4,B,2030.1105,2050.9499473321152,1978.0118816697118,20.839447332115242,5.579894664230688,0,0,0,1,1,1,False,-1,
23853,2023-05-15 09:00:00,9,-1,MARKDOWN,4,B,2025.8154,2043.366779096423,1981.9369522589423,17.551379096423034,4.3135581928459965,0,0,0,1,1,1,False,-1,
23876,2023-05-16 09:00:00,9,-1,MARKDOWN,6,A+,2014.29588,2024.5127533584691,1988.753696603827,10.216873358469229,3.8855067169381954,0,1,1,1,1,1,True,23882,1.75
23898,2023-05-17 08:00:00,8,-1,MARKDOWN,6,A+,2008.14678,2024.002504008245,1968.5074699793875,15.855724008245033,3.6650080164900283,0,1,1,1,1,1,False,-1,
23910,2023-05-17 20:00:00,20,-1,MARKDOWN,5,A,2004.16634,2024.4380934482103,1953.4869563794741,20.271753448210347,4.53618689642069,0,1,0,1,1,1,False,-1,
23922,2023-05-18 09:00:00,9,-1,MARKDOWN,5,A,2003.72756,2023.1924137514177,1955.065425621456,19.46485375141765,3.464827502835107,0,1,1,1,0,1,False,-1,
23944,2023-05-19 08:00:00,8,-1,MARKDOWN,5,A,1983.93386,2005.6055844982495,1929.7545487543766,21.671724498249432,3.791168996498948,0,1,1,1,0,1,True,23954,0.5946019872292615
23990,2023-05-23 08:00:00,8,-1,MARKDOWN,6,A+,1971.88904,1986.3028098876903,1935.8546152807744,14.41376988769025,4.165619775380414,0,1,1,1,1,1,True,23998,0.8283988602700072
24023,2023-05-24 18:00:00,18,-1,MARKDOWN,6,A+,1973.45126,1987.9766404187337,1937.1378089531659,14.525380418733675,5.3132808374674045,0,1,1,1,1,1,False,-1,
24036,2023-05-25 08:00:00,8,-1,MARKDOWN,6,A+,1973.45126,1987.4540362644589,1938.444319338853,14.002776264458817,4.268072528917835,0,1,1,1,1,1,False,-1,
24048,2023-05-25 20:00:00,20,-1,MARKDOWN,5,A,1967.73272,1988.0345837780287,1916.978060554928,20.301863778028746,5.4291675560577755,0,1,0,1,1,1,False,-1,
24060,2023-05-26 09:00:00,9,-1,MARKDOWN,4,B,1966.7662599999999,1987.5328880981347,1914.849689754663,20.766628098134788,4.425776196269299,0,0,0,1,1,1,False,-1,
24083,2023-05-29 09:00:00,9,-1,MARKDOWN,4,B,1954.35682,1966.9852795483177,1922.7856711292056,12.628459548317778,3.4905590966355575,0,1,0,1,0,1,False,-1,
24103,2023-05-30 08:00:00,8,-1,MARKDOWN,6,A+,1947.60596,1958.8304877955363,1919.5446405111595,11.224527795536233,3.1809755910727193,0,1,1,1,1,1,True,24107,-1.0
24134,2023-05-31 16:00:00,16,1,MARKUP,5,A,1947.94176,1929.6934205109824,1993.5626087225437,18.248339489017553,4.653158978035078,0,1,1,0,1,1,False,-1,
24149,2023-06-01 08:00:00,8,1,MARKUP,4,B,1948.33522,1930.0491438104373,1994.0504104739066,18.286076189562664,3.941712379125424,0,0,0,1,1,1,False,-1,
24161,2023-06-01 20:00:00,20,1,MARKUP,4,B,1951.54402,1929.5480779313707,2006.5338751715735,21.995942068629347,4.943844137258607,0,1,0,1,0,1,True,24184,0.660393628728313
24173,2023-06-02 09:00:00,9,1,MARKUP,4,B,1964.8405599999999,1951.4422447503052,1998.3363481242363,13.398315249694633,3.8155104993893705,0,1,0,1,0,1,True,24180,-1.0
24195,2023-06-05 08:00:00,8,-1,MARKDOWN,6,A+,1967.97046,1985.4164022373398,1924.3556044066506,17.44594223733975,3.972804474679323,0,1,1,1,1,1,False,-1,
24207,2023-06-05 20:00:00,20,-1,MARKDOWN,3,C,1966.1254000000001,1985.9271831802491,1916.6209420493776,19.801783180249004,4.994366360498055,0,0,0,0,1,1,True,24225,0.9775637537843094
24241,2023-06-07 08:00:00,8,1,MARKUP,4,B,1949.08576,1936.642118467054,1980.194863832365,12.443641532946003,2.9757630658921816,0,1,0,0,1,1,True,24251,0.986391433224542
24253,2023-06-07 20:00:00,20,-1,MARKDOWN,6,A+,1957.94308,1972.9305106171116,1920.474503457221,14.987430617111613,5.481021234222961,0,1,1,1,1,1,True,24271,-1.0
24265,2023-06-08 09:00:00,9,-1,MARKDOWN,6,A+,1958.52754,1972.0799922321341,1924.646409419665,13.552452232134101,3.779984464268159,0,1,1,1,1,1,True,24271,-1.0
24287,2023-06-09 08:00:00,8,1,MARKUP,6,A+,1951.45998,1938.1260281516097,1984.794859620976,13.33395184839037,3.067943696780693,0,1,1,1,1,1,False,-1,
24299,2023-06-09 20:00:00,20,1,MARKUP,3,C,1952.4188,1937.6788255222461,1989.2687361943845,14.739974477753776,3.962348955507797,0,0,0,0,1,1,True,24318,0.5582438827394675
24312,2023-06-12 10:00:00,10,1,MARKUP,4,B,1952.4188,1938.010803726137,1988.438790684657,14.407996273862864,3.298392547726135,0,0,1,0,1,1,True,24318,0.5595858944399118
24334,2023-06-13 09:00:00,9,1,MARKUP,6,A+,1958.2898,1947.394842358799,1985.5271941030026,10.894957641201017,3.530315282402213,0,1,1,1,1,1,True,24340,-1.0
24356,2023-06-14 08:00:00,8,-1,MARKDOWN,5,A,1959.04586,1972.7745529579927,1924.724127605018,13.728692957992735,3.94910591598545,0,1,1,1,0,1,True,24363,1.75
24368,2023-06-14 20:00:00,20,-1,MARKDOWN,5,A,1959.04586,1972.8789176100531,1924.4632159748671,13.833057610053174,4.157835220106275,0,0,1,1,1,1,True,24388,0.7598034934797069
24380,2023-06-15 09:00:00,9,-1,MARKDOWN,5,A,1955.49326,1973.3603932769472,1910.8254268076319,17.867133276947243,5.120786553894371,0,1,0,1,1,1,True,24388,0.969194995501953
24407,2023-06-16 13:00:00,13,1,MARKUP,6,A+,1940.2467199999999,1922.62335911272,1984.3051222181996,17.623360887279887,3.953281774559962,0,1,1,1,1,1,False,-1,
24425,2023-06-19 08:00:00,8,1,MARKUP,3,C,1941.1406,1922.8578267233004,1986.8475331917489,18.282773276699572,3.4843465533989115,0,0,0,0,1,1,False,-1,
24453,2023-06-20 15:00:00,15,-1,MARKDOWN,5,A,1958.8618800000002,1969.800561372044,1931.5151765698904,10.938681372043902,3.8011227440879605,0,1,1,0,1,1,False,-1,
24469,2023-06-21 08:00:00,8,-1,MARKDOWN,6,A+,1952.1933999999999,1967.6593408544247,1913.5285478639378,15.465940854424844,3.198681708849427,0,1,1,1,1,1,False,-1,
24481,2023-06-21 20:00:00,20,-1,MARKDOWN,4,B,1943.59336,1960.8942911304623,1900.3410321738445,17.30093113046223,4.408582260924541,0,0,0,1,1,1,False,-1,
24493,2023-06-22 09:00:00,9,-1,MARKDOWN,6,A+,1942.39444,1958.4406011932258,1902.2790370169355,16.04616119322577,3.3812023864517298,0,1,1,1,1,1,False,-1,
24515,2023-06-23 08:00:00,8,-1,MARKDOWN,5,A,1928.25156,1941.2876128353796,1895.6614279115506,13.036052835379678,3.5952256707593486,0,1,0,1,1,1,True,24522,1.1292852269295297
24527,2023-06-23 20:00:00,20,-1,MARKDOWN,6,A+,1927.07736,1939.909015427305,1894.9982214317379,12.831655427304895,4.638030854610049,0,1,1,1,1,1,True,24534,1.0935551737596003
24549,2023-06-26 19:00:00,19,-1,MARKDOWN,6,A+,1926.9043199999999,1939.3375255894396,1895.8213060264006,12.433205589439694,4.055051178879266,1,1,0,1,1,1,True,24557,1.1056181901450035
24566,2023-06-27 13:00:00,13,-1,MARKDOWN,6,A+,1926.9043199999999,1938.8950745342433,1896.9274336643912,11.990754534243479,3.1701490684869365,0,1,1,1,1,1,True,24568,1.12796510805667
24584,2023-06-28 08:00:00,8,-1,MARKDOWN,5,A,1924.79848,1934.8899192268018,1899.5698819329953,10.091439226801867,3.099838453603894,0,1,0,1,1,1,False,-1,
24596,2023-06-28 20:00:00,20,-1,MARKDOWN,4,B,1921.68518,1935.2588781962052,1887.7509345094868,13.573698196205214,3.837756392410571,0,0,0,1,1,1,False,-1,
24608,2023-06-29 09:00:00,9,-1,MARKDOWN,6,A+,1919.92198,1932.2508214970117,1889.0998762574711,12.328841497011581,3.181642994022934,0,1,1,1,1,1,False,-1,
24630,2023-06-30 08:00:00,8,-1,MARKDOWN,6,A+,1908.15808,1919.1526874627639,1880.6715613430902,10.994607462763952,3.2253749255278246,1,0,1,1,1,1,True,24637,-1.0
24676,2023-07-04 08:00:00,8,1,MARKUP,6,A+,1912.15662,1899.2274872775745,1944.4794518060637,12.929132722425493,2.6250254448510026,0,1,1,1,1,1,False,-1,
24688,2023-07-04 20:00:00,20,1,MARKUP,5,A,1912.15662,1899.2606277537602,1944.3966006155993,12.895992246239757,2.5587444924795193,0,1,0,1,1,1,False,-1,
24700,2023-07-05 11:00:00,11,1,MARKUP,5,A,1918.02144,1908.7229304165592,1941.2677139586021,9.298509583440818,2.6141391668817677,0,1,1,0,1,1,True,24710,0.7055424489661195
24726,2023-07-06 14:00:00,14,1,MARKUP,6,A+,1922.37246,1912.9346389543434,1945.9670126141416,9.43782104565662,3.1907220913129386,0,1,1,1,1,1,True,24727,-1.0
24743,2023-07-07 08:00:00,8,-1,MARKDOWN,5,A,1922.67938,1936.6846311395345,1887.666252151164,14.005251139534494,3.249262279069004,0,1,0,1,1,1,True,24750,-1.0
24766,2023-07-10 08:00:00,8,1,MARKUP,2,C,1914.97332,1900.9019690859532,1950.1516972851173,14.071350914046889,3.4960618280937332,0,0,0,0,0,1,True,24773,1.0668579612732678
24778,2023-07-10 20:00:00,20,1,MARKUP,5,A,1914.97332,1900.6210793002135,1950.8539217494663,14.352240699786535,4.057841399573358,0,1,1,0,1,1,False,-1,
24790,2023-07-11 09:00:00,9,1,MARKUP,6,A+,1920.179,1907.1587448609982,1952.7296378475048,13.020255139001847,3.502510278003471,0,1,1,1,1,1,False,-1,
24812,2023-07-12 08:00:00,8,1,MARKUP,5,A,1923.4782400000001,1911.2131216641424,1954.1410358396447,12.265118335857778,2.8937566717155385,0,1,0,1,1,1,False,-1,
24824,2023-07-12 20:00:00,20,1,MARKUP,5,A,1930.62164,1910.29546815546,1981.4370696113504,20.326171844540113,4.729063689080183,0,1,0,1,1,1,False,-1,
24836,2023-07-13 09:00:00,9,1,MARKUP,6,A+,1938.05078,1920.742648611481,1981.3211084712977,17.308131388519087,3.8347027770384194,0,1,1,1,1,1,False,-1,
24858,2023-07-14 08:00:00,8,1,MARKUP,4,B,1942.48462,1927.765271976428,1979.2829900589297,14.71934802357191,3.149456047143733,0,1,0,0,1,1,False,-1,
24870,2023-07-14 20:00:00,20,1,MARKUP,5,A,1944.4931199999999,1930.7155893039846,1978.936946740038,13.77753069601522,3.7488213920307487,0,1,1,0,1,1,False,-1,
24904,2023-07-18 08:00:00,8,1,MARKUP,4,B,1952.63836,1944.312470785311,1973.453083036722,8.325889214688914,2.9150584293779374,0,1,0,0,1,1,False,-1,
24916,2023-07-18 20:00:00,20,1,MARKUP,5,A,1960.51902,1943.3488797093105,2003.4443707267237,17.17014029068946,4.842240581378977,0,1,0,1,1,1,False,-1,
24928,2023-07-19 09:00:00,9,1,MARKUP,6,A+,1960.51902,1943.9600993311258,2001.9163216721854,16.55892066887418,3.619801337748492,0,1,1,1,1,1,False,-1,
24950,2023-07-20 08:00:00,8,1,MARKUP,5,A,1965.10312,1949.6274918479642,2003.7921903800896,15.475628152035824,3.3250163040714598,0,1,0,1,1,1,False,-1,
24996,2023-07-24 08:00:00,8,-1,MARKDOWN,4,B,1975.74934,1988.8996089758684,1942.873667560329,13.150268975868357,2.899217951736735,0,1,0,0,1,1,False,-1,
25008,2023-07-24 20:00:00,20,-1,MARKDOWN,6,A+,1974.53806,1987.330807539022,1942.556191152445,12.792747539022002,3.6816150780439583,0,1,1,1,1,1,False,-1,
25020,2023-07-25 09:00:00,9,-1,MARKDOWN,4,B,1965.8999000000001,1975.3073981387186,1942.381154653204,9.407498138718438,3.1147962774369113,0,0,0,1,1,1,True,25035,-1.0
25048,2023-07-26 14:00:00,14,1,MARKUP,6,A+,1960.1243200000001,1949.9560671686602,1985.54495207835,10.168252831339942,2.947865662679963,0,1,1,1,1,1,True,25072,0.5
25065,2023-07-27 08:00:00,8,1,MARKUP,5,A,1963.14976,1949.5515725508087,1997.1452286229783,13.5981874491913,3.7568548983825285,0,1,0,1,1,1,True,25072,0.5
25088,2023-07-28 08:00:00,8,-1,MARKDOWN,6,A+,1967.02808,1984.4397195167203,1923.4989812081994,17.411639516720243,4.599439033440372,0,1,1,1,1,1,False,-1,
25100,2023-07-28 20:00:00,20,-1,MARKDOWN,3,C,1967.02808,1984.411057412975,1923.5706364675627,17.382977412974924,4.542114825949697,0,0,0,0,1,1,True,25119,0.9262573851921765
25112,2023-07-31 09:00:00,9,-1,MARKDOWN,4,B,1967.02808,1983.8317763973164,1925.0188390067092,16.803696397316344,3.3835527946323642,0,1,0,0,1,1,True,25119,0.9409519384135457
25136,2023-08-01 10:00:00,10,-1,MARKDOWN,6,A+,1961.3196400000002,1973.9840535293451,1929.6586061766377,12.664413529344984,3.188107058689905,0,1,1,1,1,1,False,-1,
25157,2023-08-02 08:00:00,8,-1,MARKDOWN,5,A,1960.49834,1974.1537796312841,1926.35974092179,13.655439631284025,3.5275592625678893,0,1,0,1,1,1,False,-1,
25169,2023-08-02 20:00:00,20,-1,MARKDOWN,5,A,1957.3277400000002,1974.5142495312416,1914.3614661718966,17.186509531241427,4.248499062483027,0,1,0,1,1,1,False,-1,
25181,2023-08-03 09:00:00,9,-1,MARKDOWN,4,B,1957.191,1973.9313615425867,1915.3400961435332,16.740361542586697,3.302723085173476,0,1,0,1,0,1,False,-1,
25203,2023-08-04 08:00:00,8,-1,MARKDOWN,3,C,1945.09484,1956.382914088683,1916.8746547782923,11.28807408868306,3.185828177366266,0,0,0,0,1,1,True,25211,0.7259362185338409
25234,2023-08-07 16:00:00,16,-1,MARKDOWN,5,A,1937.57762,1948.561380925958,1910.118217685105,10.983760925957995,3.562761851916065,0,1,1,0,1,1,True,25240,0.8132224994036692
25249,2023-08-08 08:00:00,8,-1,MARKDOWN,4,B,1937.57762,1948.2280894905568,1910.9514462736079,10.650469490556816,2.896178981113541,0,1,0,0,1,1,False,-1,
25261,2023-08-08 20:00:00,20,-1,MARKDOWN,5,A,1937.57762,1948.6818937092955,1909.8169357267611,11.104273709295512,3.8037874185911824,0,1,1,0,1,1,False,-1,
25273,2023-08-09 09:00:00,9,-1,MARKDOWN,3,C,1937.55492,1948.1590043414462,1911.0447091463845,10.604084341446196,2.9180086828925975,0,0,1,0,0,1,False,-1,
25295,2023-08-10 08:00:00,8,-1,MARKDOWN,5,A,1928.86908,1939.4157648592452,1902.502367851887,10.54668485924526,2.7115297184905685,0,1,0,1,1,1,True,25302,0.8780353692207742
25307,2023-08-10 20:00:00,20,-1,MARKDOWN,5,A,1926.95422,1937.8077202743225,1899.820469314194,10.853500274322414,4.295440548644636,0,1,1,0,1,1,False,-1,
25319,2023-08-11 09:00:00,9,-1,MARKDOWN,5,A,1924.1079,1933.8763646761388,1899.6867383096528,9.76846467613882,3.0727293522778423,0,1,0,1,1,1,False,-1,
25341,2023-08-14 08:00:00,8,-1,MARKDOWN,4,B,1922.5091,1931.4844597366948,1900.070700658263,8.975359736694827,2.708919473389454,0,1,0,0,1,1,False,-1,
25353,2023-08-14 20:00:00,20,-1,MARKDOWN,6,A+,1919.64792,1931.9197585071015,1888.9683237322465,12.271838507101393,3.579517014202603,0,1,1,1,1,1,False,-1,
25365,2023-08-15 09:00:00,9,-1,MARKDOWN,6,A+,1914.45054,1923.1629554306598,1892.6695014233505,8.712415430659803,2.8859108613194677,0,1,1,1,1,1,False,-1,
25387,2023-08-16 08:00:00,8,-1,MARKDOWN,4,B,1910.70524,1920.979207766393,1885.0203205840173,10.27396776639307,2.8384155327860325,0,0,0,1,1,1,False,-1,
25399,2023-08-16 20:00:00,20,-1,MARKDOWN,6,A+,1908.6349400000001,1917.7565299509781,1885.8309651225552,9.121589950977977,3.0930599019562806,0,1,1,1,1,1,False,-1,
25411,2023-08-17 09:00:00,9,-1,MARKDOWN,5,A,1904.18244,1914.620548826627,1878.0871679334323,10.438108826627058,2.861097653254127,0,1,0,1,1,1,False,-1,
25433,2023-08-18 08:00:00,8,-1,MARKDOWN,5,A,1901.1607000000001,1912.589818949903,1872.5879026252428,11.429118949902886,2.8796378998058936,0,1,0,1,1,1,False,-1,
25445,2023-08-18 20:00:00,20,-1,MARKDOWN,4,B,1898.71342,1908.802277272784,1873.49127681804,10.088857272784026,3.2245545455679654,0,1,1,0,0,1,True,25464,0.7904197655058396
25457,2023-08-21 09:00:00,9,-1,MARKDOWN,6,A+,1896.30952,1905.074688632133,1874.3965984196675,8.765168632133054,3.289377264266002,0,1,1,1,1,1,True,25463,0.6971500647516097
25505,2023-08-23 11:00:00,11,1,MARKUP,6,A+,1892.68212,1883.517126933191,1915.5946026670222,9.164993066808847,2.5457461336176395,0,1,1,1,1,1,False,-1,
25525,2023-08-24 08:00:00,8,1,MARKUP,6,A+,1899.8439,1884.5832530018772,1937.9955174953072,15.260646998122866,2.6734939962456776,0,1,1,1,1,1,False,-1,
25537,2023-08-24 20:00:00,20,1,MARKUP,3,C,1902.20912,1887.5665746047132,1938.815483488217,14.642545395286788,3.186850790573948,0,0,0,1,0,1,False,-1,
25551,2023-08-25 11:00:00,11,1,MARKUP,5,A,1906.67726,1895.1995944230257,1935.3714239424355,11.477665576974232,2.3808111539487786,0,0,1,1,1,1,True,25557,0.5
25578,2023-08-28 15:00:00,15,1,MARKUP,6,A+,1911.24428,1902.5319816958888,1933.0250257602775,8.712298304111073,2.4960366082221634,0,1,1,1,1,1,False,-1,
25594,2023-08-29 08:00:00,8,1,MARKUP,4,B,1912.28332,1902.5970858181333,1936.4989054546668,9.686234181866666,2.3658283637332524,0,1,0,0,1,1,False,-1,
25606,2023-08-29 20:00:00,20,1,MARKUP,5,A,1916.91316,1901.9858735738778,1954.2313760653055,14.927286426122237,3.5882528522443793,0,1,0,1,1,1,False,-1,
25618,2023-08-30 09:00:00,9,1,MARKUP,5,A,1919.26156,1906.4164524893094,1951.374328776726,12.845107510690468,2.3270950213807446,0,1,0,1,1,1,False,-1,
25640,2023-08-31 08:00:00,8,1,MARKUP,5,A,1927.6372000000001,1913.3359216607184,1963.3903958482042,14.30127833928168,2.168156678563425,0,1,0,1,1,1,False,-1,
25652,2023-08-31 20:00:00,20,1,MARKUP,3,C,1927.6372000000001,1913.0283922623892,1964.1592193440274,14.60880773761096,2.7832154752219394,0,0,0,0,1,1,False,-1,
25668,2023-09-01 13:00:00,13,1,MARKUP,6,A+,1940.3371,1933.8806876540266,1956.4781308649335,6.456412345973376,2.1786246919470886,0,1,1,1,1,1,True,25671,0.5
25686,2023-09-04 08:00:00,8,1,MARKUP,5,A,1941.50936,1933.1791080625396,1962.3349898436509,8.330251937460389,2.541783874920924,0,1,0,1,1,1,True,25690,-1.0
25730,2023-09-06 08:00:00,8,-1,MARKDOWN,5,A,1941.06432,1952.4615728086521,1912.5711879783694,11.397252808652183,1.9831456173044335,0,1,0,1,1,1,False,-1,
25742,2023-09-06 20:00:00,20,-1,MARKDOWN,5,A,1934.42418,1947.9795671629465,1900.5357120926337,13.555387162946545,3.4191343258931473,0,1,0,1,1,1,False,-1,
25754,2023-09-07 09:00:00,9,-1,MARKDOWN,6,A+,1929.97458,1940.3126503957492,1904.1294040106272,10.338070395749128,2.48530079149872,0,1,1,1,1,1,False,-1,
25783,2023-09-08 15:00:00,15,-1,MARKDOWN,5,A,1923.84402,1930.3719153873408,1907.524281531648,6.527895387340777,2.443830774681564,0,1,1,0,1,1,True,25784,0.566643607478531
25822,2023-09-12 08:00:00,8,-1,MARKDOWN,5,A,1925.35526,1931.8988705262263,1908.9962336844342,6.543610526226303,2.3377410524526563,0,1,1,0,1,1,False,-1,
25834,2023-09-12 20:00:00,20,-1,MARKDOWN,6,A+,1921.8867,1932.1777826162108,1896.158993459473,10.291082616210815,2.8955652324214944,0,1,1,1,1,1,False,-1,
25846,2023-09-13 09:00:00,9,-1,MARKDOWN,5,A,1921.8867,1931.94401907072,1896.7434023232,10.057319070720041,2.428038141439953,0,1,1,1,0,1,False,-1,
25868,2023-09-14 08:00:00,8,-1,MARKDOWN,4,B,1917.5937,1926.3975881626734,1895.5839795933161,8.803888162673502,2.595176325347103,0,1,1,0,0,1,True,25892,-1.0
25880,2023-09-14 20:00:00,20,-1,MARKDOWN,2,C,1915.52008,1926.3539186354928,1888.4354834112678,10.833838635492839,3.6678372709855376,0,0,0,0,0,1,True,25888,-1.0
25914,2023-09-18 08:00:00,8,1,MARKUP,6,A+,1912.29012,1899.657634461045,1943.871333847387,12.632485538954825,2.6047310779097463,0,1,1,1,1,1,False,-1,
25926,2023-09-18 20:00:00,20,1,MARKUP,6,A+,1913.38646,1899.538992795973,1948.0051280100674,13.847467204026998,2.8420144080541445,0,1,1,1,1,1,False,-1,
25938,2023-09-19 09:00:00,9,1,MARKUP,5,A,1918.1564799999999,1906.9957089951906,1946.058407512023,11.160771004809249,1.9685820096188145,0,1,0,1,1,1,False,-1,
25960,2023-09-20 08:00:00,8,1,MARKUP,4,B,1928.09,1921.4283446449417,1944.7441383876453,6.661655355058201,1.8633107101164128,0,0,1,0,1,1,True,25962,1.75
25972,2023-09-20 20:00:00,20,1,MARKUP,6,A+,1932.20248,1921.2998134229877,1959.4591464425307,10.902666577012269,2.980373154024684,0,1,1,1,1,1,True,25975,-1.0
26006,2023-09-22 08:00:00,8,-1,MARKDOWN,4,B,1934.633,1948.7374635992549,1899.371841001863,14.104463599254814,2.6149271985094114,0,0,0,1,1,1,False,-1,
26018,2023-09-22 20:00:00,20,-1,MARKDOWN,3,C,1934.633,1948.7413538888413,1899.362115277897,14.108353888841293,2.6227077776827077,0,0,1,0,0,1,False,-1,
26032,2023-09-25 11:00:00,11,-1,MARKDOWN,4,B,1934.2127600000001,1947.9351038996379,1899.906900250906,13.722343899637735,2.370207799275896,0,1,1,0,0,1,False,-1,
26052,2023-09-26 08:00:00,8,-1,MARKDOWN,4,B,1922.9856399999999,1930.1083541546998,1905.1788546132502,7.122714154699906,2.0367083093997618,0,1,0,1,0,1,False,-1,
26064,2023-09-26 20:00:00,20,-1,MARKDOWN,6,A+,1918.203,1930.6068077822247,1887.1934805444382,12.403807782224703,3.0336155644495313,0,1,1,1,1,1,False,-1,
26076,2023-09-27 09:00:00,9,-1,MARKDOWN,5,A,1915.9522,1929.837614822057,1881.2386629448572,13.8854148220571,2.635229644114271,0,1,0,1,1,1,False,-1,
26098,2023-09-28 08:00:00,8,-1,MARKDOWN,5,A,1901.3535200000001,1920.612713621928,1853.2055359451806,19.259193621927807,2.88542724385566,0,1,0,1,1,1,False,-1,
26110,2023-09-28 20:00:00,20,-1,MARKDOWN,6,A+,1893.49636,1917.740732217337,1832.8854294566581,24.24437221733683,4.161464434673815,0,1,1,1,1,1,False,-1,
26122,2023-09-29 09:00:00,9,-1,MARKDOWN,4,B,1886.24722,1905.6365935754513,1837.7737860613715,19.389373575451373,3.4131871509024303,0,0,0,1,1,1,False,-1,
26144,2023-10-02 08:00:00,8,-1,MARKDOWN,6,A+,1867.5682199999999,1886.9278323082412,1819.1691892293966,19.359612308241367,3.7356646164825573,0,1,1,1,1,1,False,-1,
26156,2023-10-02 20:00:00,20,-1,MARKDOWN,6,A+,1859.7562400000002,1882.2944411671415,1803.4107370821469,22.538201167141324,4.828882334282792,0,1,1,1,1,1,False,-1,
26168,2023-10-03 09:00:00,9,-1,MARKDOWN,5,A,1855.1837,1882.0003872988939,1788.1419817527653,26.81668729889384,4.240774597787702,0,1,0,1,1,1,False,-1,
26190,2023-10-04 08:00:00,8,-1,MARKDOWN,4,B,1843.57148,1863.0066695632768,1794.9835060918083,19.435189563276708,3.8333391265535903,0,1,0,0,1,1,False,-1,
26202,2023-10-04 20:00:00,20,-1,MARKDOWN,6,A+,1834.43126,1848.581208977535,1799.056387556163,14.149948977534905,4.562417955069898,0,1,1,1,1,1,False,-1,
26214,2023-10-05 09:00:00,9,-1,MARKDOWN,6,A+,1826.58266,1835.3733116185306,1804.6060309536738,8.790651618530546,3.546623237061189,0,1,1,1,1,1,False,-1,
26236,2023-10-06 08:00:00,8,-1,MARKDOWN,4,B,1823.94208,1832.1188617852872,1803.500125536782,8.176781785287176,2.9377235705742155,0,0,1,0,1,1,True,26241,0.71658605197382
26264,2023-10-09 13:00:00,13,1,MARKUP,5,A,1827.58416,1808.1891810257785,1876.0716074355541,19.394978974221658,4.501637948443037,0,1,0,1,1,1,False,-1,
26282,2023-10-10 08:00:00,8,1,MARKUP,5,A,1831.43472,1808.7455824758906,1888.1575638102734,22.689137524109356,3.388835048218919,0,1,0,1,1,1,False,-1,
26294,2023-10-10 20:00:00,20,1,MARKUP,4,B,1831.43472,1808.4815447957415,1888.8176580106463,22.953175204258514,3.916910408517417,0,1,0,0,1,1,False,-1,
26306,2023-10-11 09:00:00,9,1,MARKUP,5,A,1842.77502,1827.3594353532048,1881.313981616988,15.415584646795196,2.8611292935902353,0,1,1,0,1,1,False,-1,
26328,2023-10-12 08:00:00,8,1,MARKUP,6,A+,1860.68862,1847.3071281371967,1894.1423496570078,13.38149186280316,2.765743725606479,0,1,1,1,1,1,False,-1,
26340,2023-10-12 20:00:00,20,1,MARKUP,3,C,1865.21636,1851.1756357462548,1900.3181706343626,14.040724253745111,3.648728507490466,1,0,0,0,0,1,False,-1,
26352,2023-10-13 09:00:00,9,1,MARKUP,6,A+,1868.36198,1856.718710426635,1897.4701539334123,11.643269573364933,2.74257914673006,0,1,1,1,1,1,False,-1,
26374,2023-10-16 08:00:00,8,1,MARKUP,5,A,1892.71472,1865.5035189478324,1960.742722630419,27.211201052167553,4.79296210433533,0,1,0,1,1,1,False,-1,
26386,2023-10-16 20:00:00,20,1,MARKUP,3,C,1892.71472,1865.5190737150476,1960.7038357123806,27.195646284952318,4.761852569904998,0,0,0,0,1,1,False,-1,
26398,2023-10-17 09:00:00,9,1,MARKUP,5,A,1892.71472,1866.1062039197168,1959.2360102007078,26.608516080283152,3.587592160566766,0,1,1,0,1,1,False,-1,
26420,2023-10-18 08:00:00,8,1,MARKUP,5,A,1921.44956,1906.033668670608,1959.9892883234802,15.415891329392025,4.412662658783941,0,1,0,1,1,1,False,-1,
26432,2023-10-18 20:00:00,20,1,MARKUP,6,A+,1929.02844,1905.156562216901,1988.7081344577477,23.87187778309908,6.166875566198097,0,1,1,1,1,1,False,-1,
26444,2023-10-19 09:00:00,9,1,MARKUP,4,B,1931.5931400000002,1910.0212500787654,1985.522864803087,21.571889921234742,4.737499842469346,0,0,0,1,1,1,False,-1,
26466,2023-10-20 08:00:00,8,1,MARKUP,5,A,1943.22836,1916.626617977115,2009.7327150572125,26.60174202288499,5.0867640457700025,0,1,0,1,1,1,False,-1,
26478,2023-10-20 20:00:00,20,1,MARKUP,5,A,1958.83838,1931.733567360145,2026.6004115996375,27.104812639855027,6.772865279709969,0,1,0,1,1,1,False,-1,
26490,2023-10-23 09:00:00,9,1,MARKUP,4,B,1964.74028,1941.6943941115208,2022.3549947211982,23.045885888479233,5.9512117769588695,0,0,1,1,0,1,False,-1,
26513,2023-10-24 09:00:00,9,1,MARKUP,5,A,1969.34438,1950.03249401927,2017.624094951825,19.31188598073004,4.1750119614598376,0,1,1,0,1,1,True,26516,0.905689021413123
26543,2023-10-25 16:00:00,16,1,MARKUP,6,A+,1966.41396,1951.1186656771501,2004.6521958071248,15.29529432284994,4.782668645699531,0,1,1,1,1,1,True,26545,1.1080190370231016
26558,2023-10-26 08:00:00,8,1,MARKUP,4,B,1967.29638,1951.152821873297,2007.6552753167575,16.143558126703056,4.714356253406016,0,1,0,0,1,1,False,-1,
26570,2023-10-26 20:00:00,20,1,MARKUP,6,A+,1968.78236,1950.7197170097836,2013.9389674755407,18.062642990216318,5.580565980432774,0,1,1,1,1,1,False,-1,
26582,2023-10-27 09:00:00,9,1,MARKUP,5,A,1974.59156,1960.9434446319822,2008.7118484200448,13.648115368017898,3.933110736035733,0,1,0,1,1,1,False,-1,
26604,2023-10-30 08:00:00,8,1,MARKUP,5,A,1980.6500800000001,1960.5955482204683,2030.7864094488295,20.05453177953177,4.628903559063306,0,1,0,1,1,1,False,-1,
26616,2023-10-30 20:00:00,20,1,MARKUP,4,B,1986.1132,1969.271331137341,2028.217872156648,16.841868862659112,4.957337725318056,0,1,0,0,1,1,True,26639,0.73777386377704
26632,2023-10-31 13:00:00,13,1,MARKUP,4,B,1989.2773599999998,1975.1333445989449,2024.637398502637,14.144015401054958,3.473310802109918,0,1,1,0,0,1,True,26638,-1.0
26673,2023-11-02 08:00:00,8,-1,MARKDOWN,5,A,1993.38434,2010.014431593497,1951.8091110162577,16.6300915934969,4.128863186993925,0,0,1,1,1,1,False,-1,
26685,2023-11-02 20:00:00,20,-1,MARKDOWN,4,B,1993.38434,2010.14969725714,1951.4709468571505,16.76535725713984,4.3993945142795425,0,0,0,1,1,1,True,26703,1.3737541096694703
26703,2023-11-03 15:00:00,15,1,MARKUP,5,A,1982.91114,1967.7941041551337,2020.7037296121655,15.117035844866223,4.051791689732405,0,1,1,0,1,1,True,26716,-1.0
26721,2023-11-06 10:00:00,10,1,MARKUP,5,A,1982.91114,1967.7160656735698,2020.8988258160753,15.195074326430131,4.207868652860411,1,0,1,0,1,1,True,26728,-1.0
26742,2023-11-07 08:00:00,8,-1,MARKDOWN,5,A,1991.4076,2005.596428937607,1955.9355276559825,14.188828937607013,3.0128578752142006,0,1,0,1,1,1,False,-1,
26754,2023-11-07 20:00:00,20,-1,MARKDOWN,4,B,1985.9832,2006.2363440825823,1935.350339793544,20.253144082582367,4.292688165164469,0,1,0,0,1,1,False,-1,
26766,2023-11-08 09:00:00,9,-1,MARKDOWN,4,B,1980.4521,1996.7145293884523,1939.796026528869,16.262429388452347,3.1490587769045426,0,0,0,1,1,1,False,-1,
26788,2023-11-09 08:00:00,8,-1,MARKDOWN,5,A,1970.34398,1986.1416468841192,1930.8498127897024,15.797666884119053,3.243293768238255,0,1,0,1,1,1,False,-1,
26814,2023-11-10 11:00:00,11,-1,MARKDOWN,4,B,1960.96104,1972.637427035328,1931.7700724116794,11.676387035328162,3.274854070656311,0,1,1,0,0,1,False,-1,
26834,2023-11-13 08:00:00,8,-1,MARKDOWN,5,A,1953.20534,1967.4484767613526,1917.5974980966184,14.243136761352616,3.5569535227048923,0,1,0,1,1,1,False,-1,
26846,2023-11-13 20:00:00,20,-1,MARKDOWN,4,B,1952.682,1967.6829060140342,1915.1797349649146,15.000906014034172,4.025812028068032,0,0,0,1,1,1,True,26864,-1.0
26880,2023-11-15 08:00:00,8,1,MARKUP,6,A+,1946.66732,1930.1423275013099,1987.9798012467254,16.524992498690153,3.055344997380233,0,1,1,1,1,1,False,-1,
26892,2023-11-15 20:00:00,20,1,MARKUP,4,B,1948.287,1929.6102498586436,1994.9788753533912,18.67675014135648,4.119500282713061,0,0,0,1,1,1,False,-1,
26904,2023-11-16 09:00:00,9,1,MARKUP,6,A+,1955.66592,1942.0305396495035,1989.754370876241,13.635380350496462,3.1589207009930313,0,1,1,1,1,1,False,-1,
26926,2023-11-17 08:00:00,8,1,MARKUP,5,A,1967.8779200000001,1953.883303123781,2002.8644621905482,13.994616876219197,3.113393752438056,0,1,0,1,1,1,False,-1,
26938,2023-11-17 20:00:00,20,1,MARKUP,5,A,1969.9369000000002,1953.4883384028308,2011.0583039929236,16.448561597169373,3.903323194338562,0,0,1,1,1,1,True,26956,1.0181091006076675
26950,2023-11-20 09:00:00,9,1,MARKUP,4,B,1970.5610800000002,1954.603320777004,2010.4554780574906,15.957759222996174,3.6933584459921436,0,0,0,1,1,1,True,26955,1.0144869865919521
26972,2023-11-21 08:00:00,8,1,MARKUP,5,A,1976.4916,1963.54149587063,2008.8668603234255,12.950104129370175,3.897008258740369,0,1,0,1,1,1,False,-1,
26984,2023-11-21 20:00:00,20,1,MARKUP,5,A,1981.56074,1963.1057118544038,2027.69831036399,18.45502814559609,4.768576291192218,0,1,0,1,1,1,False,-1,
26996,2023-11-22 09:00:00,9,1,MARKUP,6,A+,1981.56074,1963.6727914348137,2026.2806114129653,17.887948565186207,3.6344171303724506,0,1,1,1,1,1,False,-1,
27046,2023-11-24 15:00:00,15,1,MARKUP,5,A,1994.35608,1985.5962756879405,2016.2555907801489,8.759804312059487,2.6674486241190385,0,1,1,0,1,1,False,-1,
27059,2023-11-27 08:00:00,8,1,MARKUP,5,A,1998.84076,1984.9697205541643,2033.5183586145895,13.871039445835777,3.920558891671651,0,1,0,1,1,1,False,-1,
27071,2023-11-27 20:00:00,20,1,MARKUP,6,A+,2000.63296,1987.9086962970432,2032.4436192573917,12.724263702956705,3.8426074059133097,0,1,1,1,1,1,False,-1,
27083,2023-11-28 09:00:00,9,1,MARKUP,5,A,2000.63296,1988.2245159764798,2031.6540700588002,12.408444023520133,3.2109680470401707,0,1,0,1,1,1,False,-1,
27105,2023-11-29 08:00:00,8,1,MARKUP,5,A,2016.4041,1992.3858189029697,2076.4498027425757,24.01828109703024,4.068362194060773,0,1,0,1,1,1,False,-1,
27117,2023-11-29 20:00:00,20,1,MARKUP,6,A+,2023.39368,2003.4694918981008,2073.2041502547477,19.924188101899063,4.521016203798538,0,1,1,1,1,1,False,-1,
27129,2023-11-30 09:00:00,9,1,MARKUP,5,A,2025.24768,2006.8091168808846,2071.3440877977882,18.438563119115315,3.841766238230954,0,1,1,0,1,1,False,-1,
27153,2023-12-01 10:00:00,10,1,MARKUP,6,A+,2039.09088,2029.2886944083602,2063.5963439790994,9.802185591639727,3.6826111832798682,0,1,1,1,1,1,True,27156,1.75
27174,2023-12-04 08:00:00,8,1,MARKUP,4,B,2070.69374,2025.9962785214248,2182.4373936964384,44.697461478575406,10.267442957150502,1,0,0,1,0,1,True,27175,-1.0
27207,2023-12-05 18:00:00,18,-1,MARKDOWN,6,A+,2087.0111199999997,2138.6919419145574,1957.8090652136052,51.68082191455778,7.983883829114839,0,1,1,1,1,1,False,-1,
27220,2023-12-06 08:00:00,8,-1,MARKDOWN,4,B,2087.0111199999997,2137.2385942944547,1961.442434263862,50.22747429445508,5.077188588910083,0,0,0,1,1,1,False,-1,
27232,2023-12-06 20:00:00,20,-1,MARKDOWN,3,C,2059.64608,2093.333091725247,1975.4285506868825,33.687011725246975,5.826183450493659,0,0,0,0,1,1,False,-1,
27273,2023-12-08 15:00:00,15,-1,MARKDOWN,5,A,2030.20282,2042.170530019474,2000.283544951315,11.967710019473998,4.461060038948013,0,1,1,0,1,1,False,-1,
27289,2023-12-11 08:00:00,8,-1,MARKDOWN,5,A,2022.64686,2042.164902973047,1973.8517525673828,19.51804297304693,4.449805946093969,0,1,0,1,1,1,False,-1,
27301,2023-12-11 20:00:00,20,-1,MARKDOWN,5,A,2015.45762,2042.5605791129046,1947.700222217738,27.102959112904728,5.241158225809231,0,1,0,1,1,1,False,-1,
27313,2023-12-12 09:00:00,9,-1,MARKDOWN,4,B,2011.82996,2035.9985401037768,1951.4085097405582,24.168580103776776,3.857080207553591,0,1,0,1,0,1,False,-1,
27335,2023-12-13 08:00:00,8,-1,MARKDOWN,5,A,1995.69352,2011.4105278250279,1956.4010004374304,15.71700782502785,3.4410556500557914,0,1,1,0,1,1,True,27348,-1.0
27347,2023-12-13 20:00:00,20,-1,MARKDOWN,3,C,1990.03264,2002.3238316019763,1959.3046609950588,12.29119160197638,3.5876632039528245,0,0,0,0,1,1,True,27348,-1.0
27360,2023-12-14 10:00:00,10,1,MARKUP,5,A,1998.7586,1969.9605245171797,2070.7537887070503,28.798075482820195,6.17895096564048,0,1,0,1,1,1,False,-1,
27381,2023-12-15 08:00:00,8,1,MARKUP,4,B,2001.63888,1970.786699494873,2078.7693312628176,30.85218050512708,4.52660101025429,0,0,0,1,1,1,False,-1,
27435,2023-12-19 16:00:00,16,1,MARKUP,5,A,2026.8135000000002,2013.5453777144123,2059.98380571397,13.268122285587879,4.189244571175667,0,1,1,0,1,1,False,-1,
27450,2023-12-20 08:00:00,8,1,MARKUP,6,A+,2027.6118800000002,2014.0849152199814,2061.4292919500467,13.526964780018716,3.1101695600372397,0,1,1,1,1,1,True,27465,1.75
27462,2023-12-20 20:00:00,20,1,MARKUP,4,B,2029.55858,2016.9120828640112,2061.174822839972,12.646497135988739,3.7558342719774744,0,0,1,0,1,1,True,27465,1.75
27479,2023-12-21 14:00:00,14,1,MARKUP,5,A,2031.36314,2020.0756715268246,2059.581811182938,11.287468473175295,3.2686569463507986,0,1,1,0,1,1,False,-1,
27496,2023-12-22 08:00:00,8,1,MARKUP,5,A,2038.00792,2025.449585738169,2069.4037556545777,12.558334261831078,4.060828523662231,0,1,0,1,1,1,False,-1,
27508,2023-12-22 20:00:00,20,1,MARKUP,6,A+,2043.95566,2024.7608512221586,2091.9426819446035,19.194808777841445,5.438297555682675,0,1,1,1,1,1,False,-1,
27520,2023-12-26 09:00:00,9,1,MARKUP,6,A+,2043.95566,2025.4752218357519,2090.1567554106205,18.4804381642482,4.0095563284961155,0,1,1,1,1,1,False,-1,
27542,2023-12-27 08:00:00,8,1,MARKUP,5,A,2050.19128,2035.9790609694007,2085.721827576498,14.212219030599272,3.1818780611982698,0,1,0,1,1,1,False,-1,
27554,2023-12-27 20:00:00,20,1,MARKUP,5,A,2061.37152,2044.7905907088236,2102.8238432279413,16.580929291176517,4.61881858235234,0,1,0,1,1,1,False,-1,
27566,2023-12-28 09:00:00,9,1,MARKUP,6,A+,2065.76322,2049.9225547538454,2105.364883115386,15.840665246154458,3.6348904923087337,0,1,1,1,1,1,True,27580,-1.0
27614,2024-01-02 11:00:00,11,1,MARKUP,6,A+,2069.76786,2056.2159574309294,2103.647616422676,13.551902569070535,4.00808513814052,0,1,1,1,1,1,True,27616,-1.0
27639,2024-01-03 13:00:00,13,-1,MARKDOWN,6,A+,2066.58196,2081.094362634655,2030.3009534133619,14.512402634655245,4.40872526931043,0,1,1,1,1,1,False,-1,
27657,2024-01-04 08:00:00,8,-1,MARKDOWN,4,B,2060.44704,2081.095561751354,2008.8257356216147,20.64852175135411,4.411123502708212,0,1,0,1,0,1,False,-1,
27669,2024-01-04 20:00:00,20,-1,MARKDOWN,4,B,2060.44704,2081.144754584361,2008.702753539097,20.697714584361165,4.509509168722814,0,0,1,0,1,1,True,27689,1.3049244188331817
27681,2024-01-05 09:00:00,9,-1,MARKDOWN,5,A,2053.0804799999996,2068.681911154279,2014.076902114301,15.601431154279453,3.4238223085585537,0,1,1,0,1,1,True,27689,1.3317708647794317
27703,2024-01-08 08:00:00,8,-1,MARKDOWN,6,A+,2048.88044,2066.5009401623192,2004.8291895942016,17.62050016231933,5.001880324638807,0,1,1,1,1,1,False,-1,
27715,2024-01-08 20:00:00,20,-1,MARKDOWN,6,A+,2045.96578,2066.8015153943497,1993.8764415141256,20.83573539434974,5.603030788699814,0,1,1,1,1,1,False,-1,
27727,2024-01-09 09:00:00,9,-1,MARKDOWN,3,C,2045.96578,2066.17059892279,1995.4537326930254,20.204818922789855,4.341197845580037,0,0,0,1,0,1,False,-1,
27749,2024-01-10 08:00:00,8,-1,MARKDOWN,6,A+,2041.1824600000002,2058.1756243081586,1998.6995492296041,16.993164308158384,3.8312486163168487,0,1,1,1,1,1,False,-1,
27761,2024-01-10 20:00:00,20,-1,MARKDOWN,6,A+,2032.33888,2044.0827435080732,2002.979221229817,11.743863508073218,4.265487016146424,0,1,1,1,1,1,True,27771,0.9171192730665133
27774,2024-01-11 10:00:00,10,-1,MARKDOWN,3,C,2033.7446400000001,2043.6294779121981,2009.0325452195052,9.884837912198009,3.3589558243961677,0,0,1,0,0,1,True,27777,1.0666731067555109
27804,2024-01-12 17:00:00,17,1,MARKUP,5,A,2032.04744,2010.4841980938938,2085.9555447652656,21.563241906106214,5.751603812211927,0,1,0,1,1,1,False,-1,
27818,2024-01-15 08:00:00,8,1,MARKUP,6,A+,2032.04744,2011.133546296536,2084.3321742586604,20.913893703464055,4.452907406927973,0,1,1,1,1,1,False,-1,
27830,2024-01-15 20:00:00,20,1,MARKUP,5,A,2032.04744,2011.641475933252,2083.06235016687,20.405964066748083,3.437048133496029,0,1,0,1,1,1,True,27846,-1.0
27862,2024-01-17 08:00:00,8,-1,MARKDOWN,6,A+,2045.2351600000002,2064.45329804553,1997.1898148861753,19.21813804552994,4.346596091060121,0,1,1,1,1,1,False,-1,
27874,2024-01-17 20:00:00,20,-1,MARKDOWN,5,A,2036.9515000000001,2061.4883030548094,1975.6094923629769,24.536803054809297,5.716606109618767,0,1,0,1,1,1,False,-1,
27886,2024-01-18 09:00:00,9,-1,MARKDOWN,5,A,2035.54246,2058.403867164954,1978.3889420876144,22.861407164954244,4.1077343299082525,0,1,0,1,1,1,False,-1,
27962,2024-01-23 16:00:00,16,-1,MARKDOWN,4,B,2030.6551200000001,2041.5511338165916,2003.4150854585214,10.896013816591449,4.342267633182853,0,1,1,0,0,1,True,27967,1.0269978781650209
27980,2024-01-24 11:00:00,11,1,MARKUP,6,A+,2024.6995200000001,2014.7198687778332,2049.6486480554177,9.979651222166922,3.6402624443333864,0,1,1,1,1,1,True,27985,0.5
28000,2024-01-25 08:00:00,8,-1,MARKDOWN,5,A,2027.71588,2039.6181646407958,1997.9601683980104,11.90228464079587,3.436329281591432,0,1,0,1,1,1,False,-1,
28012,2024-01-25 20:00:00,20,-1,MARKDOWN,4,B,2026.95952,2040.327208669309,1993.5402983267281,13.36768866930879,4.854417338617443,0,1,1,0,0,1,False,-1,
28032,2024-01-26 17:00:00,17,-1,MARKDOWN,4,B,2026.19938,2038.6475786272335,1995.0788834319162,12.448198627233523,3.9551572544671196,0,1,1,0,0,1,True,28039,-1.0
28051,2024-01-29 13:00:00,13,1,MARKUP,5,A,2018.6571999999999,2007.4987358144017,2046.5533604639954,11.158464185598177,3.5225283711964024,0,1,0,1,1,1,False,-1,
28069,2024-01-30 08:00:00,8,1,MARKUP,6,A+,2022.12764,2010.6948371001638,2050.7096472495905,11.432802899836133,3.750325799672326,0,1,1,1,1,1,False,-1,
28081,2024-01-30 20:00:00,20,1,MARKUP,3,C,2028.44848,2013.497211329961,2065.8266516750978,14.951268670039099,4.965577340078255,0,0,0,0,1,1,False,-1,
28093,2024-01-31 09:00:00,9,1,MARKUP,5,A,2028.49792,2014.356128403235,2063.852398991912,14.14179159676496,3.4077431935296625,0,0,1,1,1,1,False,-1,
28115,2024-02-01 08:00:00,8,1,MARKUP,4,B,2036.29726,2021.8640836202985,2072.380200949254,14.433176379701536,4.471832759402983,0,1,0,1,0,1,True,28119,0.9889314110484624
28127,2024-02-01 20:00:00,20,1,MARKUP,4,B,2042.9704199999999,2025.660186261739,2086.246004345652,17.310233738260877,6.879627476521759,0,1,0,1,0,1,True,28145,-1.0
28139,2024-02-02 09:00:00,9,1,MARKUP,4,B,2043.55134,2027.9291782004148,2082.606744498963,15.622161799585228,4.221643599170611,0,1,0,1,0,1,True,28145,-1.0
28167,2024-02-05 14:00:00,14,-1,MARKDOWN,5,A,2048.31932,2067.6545432502808,1999.9812618742983,19.335223250280706,4.4890865005622125,0,1,0,1,1,1,False,-1,
28184,2024-02-06 08:00:00,8,-1,MARKDOWN,4,B,2046.119,2067.246954653344,1993.29911336664,21.127954653343977,3.6739093066881634,0,0,0,1,1,1,False,-1,
28236,2024-02-08 14:00:00,14,-1,MARKDOWN,6,A+,2036.3097,2046.5041546785858,2010.8235633035356,10.194454678585771,3.848309357171803,0,1,1,1,1,1,True,28260,1.0514422075175682
28254,2024-02-09 09:00:00,9,-1,MARKDOWN,5,A,2035.27066,2046.0603920898834,2008.2963297752913,10.7897320898835,2.960784179767125,1,0,0,1,1,1,True,28260,0.9728692566130409
28276,2024-02-12 08:00:00,8,-1,MARKDOWN,4,B,2033.0335,2042.3252673908246,2009.8040815229385,9.291767390824589,2.7305347816491325,0,1,0,1,0,1,False,-1,
28288,2024-02-12 20:00:00,20,-1,MARKDOWN,3,C,2028.3326200000001,2040.321877564725,1998.3594760881883,11.989257564724767,3.6637551294496897,0,0,0,1,0,1,True,28304,1.75
28300,2024-02-13 09:00:00,9,-1,MARKDOWN,5,A,2027.5786600000001,2038.6116783215994,1999.996114196002,11.03301832159923,2.6833566431988016,1,0,0,1,1,1,True,28303,1.75
28322,2024-02-14 08:00:00,8,-1,MARKDOWN,5,A,2015.55254,2033.6439039271265,1970.3241301821834,18.091363927126622,3.307807854252916,0,1,0,1,1,1,False,-1,
28334,2024-02-14 20:00:00,20,-1,MARKDOWN,3,C,2013.74568,2033.9971279996173,1963.1170600009568,20.251447999617312,4.014255999234461,0,0,1,0,0,1,False,-1,
28346,2024-02-15 09:00:00,9,-1,MARKDOWN,3,C,2013.74568,2033.4078185476799,1964.5903336308002,19.662138547679888,2.8356370953597185,0,0,0,0,1,1,False,-1,
28391,2024-02-19 08:00:00,8,1,MARKUP,6,A+,2001.01988,1985.6726495477003,2039.3879561307494,15.347230452299755,3.6947009045992996,0,1,1,1,1,1,False,-1,
28403,2024-02-19 20:00:00,20,1,MARKUP,5,A,2003.5847999999999,1990.1320862080302,2037.2165844799242,13.4527137919697,2.9158275839396692,0,1,1,0,1,1,False,-1,
28415,2024-02-20 11:00:00,11,1,MARKUP,4,B,2006.5791,1993.8037407096776,2038.5174982258056,12.775359290322285,2.5925185806446303,0,1,1,0,0,1,False,-1,
28435,2024-02-21 08:00:00,8,1,MARKUP,5,A,2009.47198,1994.112992847245,2047.8694478818875,15.358987152754935,2.5340143055099564,0,1,0,1,1,1,False,-1,
28458,2024-02-22 08:00:00,8,1,MARKUP,5,A,2020.51564,2011.9057276032383,2042.0404209919043,8.609912396761729,2.6885447935230875,0,1,1,0,1,1,True,28467,1.3079493870016428
28490,2024-02-23 17:00:00,17,1,MARKUP,6,A+,2023.2324999999998,2014.191868246964,2045.8340793825892,9.040631753035768,3.756263506071543,0,1,1,1,1,1,False,-1,
28504,2024-02-26 08:00:00,8,1,MARKUP,6,A+,2025.7231399999998,2014.5573948090907,2053.6375029772726,11.165745190909092,3.025210381818368,0,1,1,1,1,1,True,28512,0.8932689224982939
28516,2024-02-26 20:00:00,20,1,MARKUP,4,B,2025.7231399999998,2014.4612441594916,2053.8778796012703,11.26189584050826,3.2175116810166435,0,0,1,0,1,1,False,-1,
28528,2024-02-27 09:00:00,9,1,MARKUP,5,A,2025.7231399999998,2014.8652484741017,2052.867868814745,10.85789152589814,2.4095030517962654,0,1,1,0,1,1,False,-1,
28557,2024-02-28 15:00:00,15,1,MARKUP,5,A,2030.22618,2023.0991023477259,2048.0438741306857,7.127077652274238,2.8017953045482673,0,1,1,1,0,1,True,28578,2.5
28573,2024-02-29 08:00:00,8,1,MARKUP,6,A+,2030.22618,2023.3229016223363,2047.4843759441596,6.90327837766381,2.354196755327226,0,1,1,1,1,1,True,28578,2.5
28585,2024-02-29 20:00:00,20,1,MARKUP,6,A+,2034.53896,2022.6888065197825,2064.164343700544,11.850153480217614,3.6223869604351138,0,1,1,1,1,1,False,-1,
28597,2024-03-01 09:00:00,9,1,MARKUP,5,A,2034.53896,2023.1291918298227,2063.0633804254435,11.409768170177358,2.741616340354401,0,1,0,1,1,1,False,-1,
28619,2024-03-04 08:00:00,8,1,MARKUP,6,A+,2051.09404,2026.0228932608436,2113.771906847891,25.071146739156347,4.134213478312755,0,1,1,1,1,1,False,-1,
28631,2024-03-04 20:00:00,20,1,MARKUP,4,B,2063.1576,2025.23286723483,2157.969431912925,37.92473276516989,5.714265530339774,0,1,0,1,0,1,False,-1,
28643,2024-03-05 09:00:00,9,1,MARKUP,4,B,2069.94324,2036.86014594225,2152.650975144375,33.08309405775003,4.41970811549966,0,1,0,1,0,1,False,-1,
28665,2024-03-06 08:00:00,8,1,MARKUP,5,A,2096.99646,2067.176346215455,2171.5467444613623,29.8201137845449,4.227307569090177,0,1,1,0,1,1,False,-1,
28677,2024-03-06 20:00:00,20,1,MARKUP,5,A,2107.89322,2077.258771756359,2184.479340609103,30.634448243641145,6.482456487282133,0,1,0,1,1,1,False,-1,
28689,2024-03-07 09:00:00,9,1,MARKUP,6,A+,2129.95728,2107.55018684088,2185.9750128978003,22.407093159119995,5.81962631823947,0,1,1,1,1,1,False,-1,
28711,2024-03-08 08:00:00,8,1,MARKUP,5,A,2139.37784,2121.385512703407,2184.3586582414828,17.992327296592975,4.568974593185525,0,1,1,0,1,1,False,-1,
28723,2024-03-08 20:00:00,20,1,MARKUP,5,A,2151.3947,2120.437142470736,2228.7885938231593,30.957557529263795,7.785715058528041,0,1,0,1,1,1,False,-1,
28735,2024-03-11 09:00:00,9,1,MARKUP,5,A,2160.73268,2136.4527295126118,2221.432556218471,24.279950487388305,5.974540974776687,0,1,0,1,1,1,False,-1,
28792,2024-03-13 20:00:00,20,1,MARKUP,5,A,2164.0258400000002,2148.0608214905005,2203.9383862737495,15.965018509499714,5.098357018998943,0,1,1,0,1,1,True,28810,-1.0
28808,2024-03-14 13:00:00,13,1,MARKUP,5,A,2163.64766,2148.9040509047595,2200.5066827381015,14.743609095240572,3.411898190481124,0,1,1,0,1,1,True,28810,-1.0
28849,2024-03-18 08:00:00,8,-1,MARKDOWN,5,A,2166.95368,2181.896719216106,2129.596081959736,14.943039216105717,4.093438432211742,0,1,0,1,1,1,False,-1,
28861,2024-03-18 20:00:00,20,-1,MARKDOWN,5,A,2162.55352,2174.8248884177806,2131.8750989555483,12.27136841778065,4.189776835561179,1,0,0,1,1,1,True,28867,0.6635050198268113
28874,2024-03-19 10:00:00,10,-1,MARKDOWN,4,B,2162.55352,2174.358185399471,2133.0418565013224,11.804665399471105,3.2563707989417323,0,0,1,1,0,1,False,-1,
28895,2024-03-20 08:00:00,8,-1,MARKDOWN,5,A,2157.40558,2165.952099785206,2136.0392805369856,8.546519785205874,3.1041995704116663,1,0,1,0,1,1,True,28896,-1.0
28918,2024-03-21 08:00:00,8,1,MARKUP,6,A+,2176.07414,2143.4537862556417,2257.6250243608965,32.620353744358454,7.352427488716985,0,1,1,1,1,1,True,28927,0.5017070056400075
28930,2024-03-21 20:00:00,20,1,MARKUP,5,A,2176.07414,2143.1553871561264,2258.3710221096844,32.91875284387379,7.949225687747278,1,0,0,1,1,1,True,28937,0.6447953876220485
28992,2024-03-26 13:00:00,13,1,MARKUP,5,A,2173.53274,2154.450675646964,2221.23790088259,19.082064353036003,5.258648706071358,0,1,1,1,0,1,True,28997,0.8118686155059103
29010,2024-03-27 08:00:00,8,1,MARKUP,4,B,2173.53274,2154.744856199546,2220.502449501135,18.787883800453983,4.670287600907893,1,0,0,1,0,1,False,-1,
29022,2024-03-27 20:00:00,20,1,MARKUP,5,A,2177.53738,2160.6706058113145,2219.7043154717144,16.866774188685667,5.778788377370948,0,1,0,1,1,1,False,-1,
29034,2024-03-28 09:00:00,9,1,MARKUP,6,A+,2180.21128,2165.2952870200256,2217.501262449936,14.915992979974362,4.589425959948935,0,1,1,1,1,1,False,-1,
29056,2024-04-01 08:00:00,8,1,MARKUP,5,A,2207.60418,2167.729052335549,2307.2919991611266,39.8751276644507,7.941895328901544,0,1,0,1,1,1,False,-1,
29068,2024-04-01 20:00:00,20,1,MARKUP,5,A,2210.07,2171.53939356175,2306.396516095626,38.53060643825029,8.30121287650016,0,1,0,1,1,1,False,-1,
29080,2024-04-02 09:00:00,9,1,MARKUP,5,A,2217.28824,2183.993109909514,2300.526065226215,33.295130090486055,6.753780180971771,0,1,0,1,1,1,False,-1,
29102,2024-04-03 08:00:00,8,1,MARKUP,5,A,2241.2902,2208.837837404469,2322.421106488827,32.45236259553076,6.764325191061502,0,1,0,1,1,1,False,-1,
29114,2024-04-03 20:00:00,20,1,MARKUP,5,A,2254.12838,2224.6672909199824,2327.7811027000444,29.4610890800177,7.66541816003507,0,1,1,0,1,1,False,-1,
29126,2024-04-04 09:00:00,9,1,MARKUP,5,A,2261.61112,2231.989954973615,2335.6640325659623,29.621165026384915,5.640090052769333,0,1,0,1,1,1,False,-1,
29153,2024-04-05 13:00:00,13,1,MARKUP,5,A,2280.77494,2261.867298802602,2328.0440429934943,18.90764119739788,7.125402394795401,0,1,1,0,1,1,True,29155,1.75
29171,2024-04-08 08:00:00,8,1,MARKUP,5,A,2300.7304200000003,2262.0841000576565,2397.34621985586,38.64631994234378,11.351799884687049,0,1,0,1,1,1,False,-1,
29183,2024-04-08 20:00:00,20,1,MARKUP,6,A+,2300.7304200000003,2262.9605965739224,2395.154978565195,37.76982342607789,9.598806852155192,0,1,1,1,1,1,False,-1,
29195,2024-04-09 09:00:00,9,1,MARKUP,5,A,2300.7304200000003,2264.533996434236,2391.221478914411,36.196423565764235,6.452007131528218,0,1,0,1,1,1,False,-1,
29217,2024-04-10 08:00:00,8,1,MARKUP,6,A+,2326.76062,2299.6268988567335,2394.5949228581662,27.133721143266484,6.586202286532992,0,1,1,1,1,1,True,29225,1.75
29251,2024-04-11 19:00:00,19,1,MARKUP,6,A+,2336.92672,2315.133036423914,2391.410928940215,21.793683576086096,8.4739271521717,0,1,1,1,1,1,False,-1,
29263,2024-04-12 08:00:00,8,1,MARKUP,6,A+,2348.43638,2315.389341932817,2431.053975167958,33.047038067183166,7.961316134366355,0,1,1,1,1,1,True,29275,0.8547219067107712
29275,2024-04-12 20:00:00,20,1,MARKUP,4,B,2362.20366,2311.9700047129613,2487.787798217597,50.2336552870388,14.799990574077333,1,0,0,1,0,1,True,29276,0.3524796254388497
29309,2024-04-16 08:00:00,8,1,MARKUP,5,A,2365.23804,2319.359636128853,2479.9340496778686,45.878403871147384,9.840727742295211,0,1,0,1,1,1,True,29311,0.8350437709133856
29321,2024-04-16 20:00:00,20,1,MARKUP,4,B,2365.23804,2318.529817880754,2482.0085952981162,46.70822211924633,11.500364238492836,0,1,0,0,1,1,True,29343,0.829091383466353
29333,2024-04-17 09:00:00,9,1,MARKUP,4,B,2352.55946,2320.137138295915,2433.615264260212,32.42232170408488,8.285723408169929,0,1,0,0,1,1,False,-1,
29360,2024-04-18 13:00:00,13,1,MARKUP,5,A,2371.3466599999997,2351.295546691536,2421.474443271159,20.051113308463755,6.768906616928086,0,1,1,0,1,1,True,29364,1.114278282058165
29378,2024-04-19 08:00:00,8,1,MARKUP,5,A,2378.8338599999997,2349.638850363376,2451.8213840915587,29.19500963662358,10.082299273246964,1,0,0,1,1,1,True,29379,-1.0
29390,2024-04-19 20:00:00,20,1,MARKUP,4,B,2378.8338599999997,2349.8224568058063,2451.3623679854836,29.011403194193463,9.715086388387508,0,0,0,1,1,1,True,29397,-1.0
29408,2024-04-22 15:00:00,15,-1,MARKDOWN,6,A+,2385.5355,2422.5771323069216,2292.9314192326956,37.041632306921656,9.334264613843779,0,1,1,1,1,1,False,-1,
29424,2024-04-23 08:00:00,8,-1,MARKDOWN,5,A,2371.17994,2422.812539993369,2242.098440016578,51.632599993368785,9.80507998673819,0,1,0,1,1,1,False,-1,
29436,2024-04-23 20:00:00,20,-1,MARKDOWN,4,B,2359.72608,2407.2049697693283,2241.0288555766792,47.47888976932836,10.489939538656396,0,0,0,1,1,1,False,-1,
29448,2024-04-24 09:00:00,9,-1,MARKDOWN,4,B,2359.72608,2405.5997571936887,2245.0418870157782,45.87367719368876,7.279514387376996,0,0,1,0,1,1,False,-1,
29539,2024-04-30 08:00:00,8,-1,MARKDOWN,6,A+,2340.0495,2355.352046911824,2301.7931327204406,15.30254691182381,5.584093823647782,0,1,1,1,1,1,False,-1,
29551,2024-04-30 20:00:00,20,-1,MARKDOWN,5,A,2329.25418,2355.9599191210295,2262.489832197426,26.705739121029637,6.799838242059616,0,1,0,1,1,1,False,-1,
29563,2024-05-01 09:00:00,9,-1,MARKDOWN,5,A,2321.86944,2349.566888221516,2252.62581944621,27.69744822151597,5.673776443032176,0,1,0,1,1,1,True,29575,0.8447455176342151
29592,2024-05-02 15:00:00,15,-1,MARKDOWN,5,A,2315.3619,2339.8187735518036,2254.2197161204904,24.45687355180371,7.23754710360738,0,1,1,1,0,1,True,29615,0.7776607608202177
29608,2024-05-03 08:00:00,8,-1,MARKDOWN,5,A,2310.52914,2331.230557220753,2258.775596948118,20.701417220752774,5.701114441505288,1,0,0,1,1,1,True,29615,0.711306021758385
29620,2024-05-03 20:00:00,20,-1,MARKDOWN,4,B,2308.84834,2332.871452641868,2248.7905583953298,24.02311264186801,8.982905283735976,0,0,0,1,1,1,True,29627,-1.0
29654,2024-05-07 08:00:00,8,1,MARKUP,4,B,2298.23326,2274.3466233901718,2357.9498515245705,23.8866366098282,5.806753219656681,0,1,0,0,1,1,False,-1,
29666,2024-05-07 20:00:00,20,1,MARKUP,3,C,2298.23326,2274.2740908574683,2358.1311828563294,23.959169142531664,5.951818285063154,0,0,0,0,1,1,False,-1,
29687,2024-05-08 18:00:00,18,1,MARKUP,5,A,2314.59172,2300.7334730859125,2349.2373372852185,13.858246914087431,5.97305382817465,0,1,1,0,1,1,True,29689,0.6425731415289625
29700,2024-05-09 08:00:00,8,1,MARKUP,6,A+,2313.7207599999997,2301.487741647935,2344.303305880162,12.233018352064846,4.464516704129943,1,1,1,1,0,1,True,29702,0.6971135601393571
29712,2024-05-09 20:00:00,20,1,MARKUP,5,A,2317.1434799999997,2300.3516239602704,2359.123120099323,16.791856039729282,6.73675207945843,0,1,1,0,1,1,False,-1,
29724,2024-05-10 09:00:00,9,1,MARKUP,6,A+,2328.73718,2300.670142636974,2398.904773407565,28.067037363025975,6.099714726051561,0,1,1,1,1,1,False,-1,
29746,2024-05-13 08:00:00,8,1,MARKUP,3,C,2334.0908600000002,2303.884592931915,2409.6065276702134,30.206267068085253,5.610814136170238,0,0,0,0,1,1,True,29756,1.0220549380619293
29780,2024-05-14 19:00:00,19,1,MARKUP,6,A+,2349.84368,2329.047675829308,2401.83369042673,20.79600417069196,6.264648341383988,1,1,0,1,1,1,False,-1,
29792,2024-05-15 08:00:00,8,1,MARKUP,5,A,2347.0168799999997,2329.9508614364454,2389.6819264088854,17.06601856355428,4.458277127108719,0,1,0,1,1,1,False,-1,
29804,2024-05-15 20:00:00,20,1,MARKUP,6,A+,2354.37038,2327.887433529335,2420.577746176662,26.482946470664956,8.585132941329793,0,1,1,1,1,1,False,-1,
29816,2024-05-16 09:00:00,9,1,MARKUP,5,A,2358.54308,2331.366492545654,2426.4845486358645,27.176587454345736,6.267014908691344,0,1,0,1,1,1,False,-1,
29839,2024-05-17 09:00:00,9,1,MARKUP,6,A+,2365.86638,2343.9722680714026,2420.6016598214933,21.89411192859734,4.755463857194215,0,1,1,1,1,1,False,-1,
29861,2024-05-20 08:00:00,8,1,MARKUP,6,A+,2401.22002,2366.9897133747936,2486.795786563017,34.230306625206595,8.020573250412458,0,1,1,1,1,1,False,-1,
29873,2024-05-20 20:00:00,20,1,MARKUP,6,A+,2401.22002,2366.2622200389624,2488.614519902595,34.957799961037836,9.475559922075508,0,1,1,1,1,1,False,-1,
29886,2024-05-21 10:00:00,10,1,MARKUP,5,A,2403.05548,2369.635736728492,2486.6048381787705,33.419743271508196,8.668526543015972,0,0,1,1,1,1,False,-1,
29930,2024-05-23 08:00:00,8,-1,MARKDOWN,6,A+,2407.21144,2441.1664577890365,2322.323895527409,33.95501778903645,7.492915578072917,0,1,1,1,1,1,False,-1,
29942,2024-05-23 20:00:00,20,-1,MARKDOWN,6,A+,2395.006,2438.662451310271,2285.864871724322,43.65645131027122,9.384902620542594,0,1,1,1,1,1,False,-1,
29954,2024-05-24 09:00:00,9,-1,MARKDOWN,5,A,2387.9207,2430.0266835526604,2282.6557411183494,42.10598355266029,6.933367105320823,0,1,0,1,1,1,False,-1,
29976,2024-05-27 08:00:00,8,-1,MARKDOWN,4,B,2368.6391,2398.08144828699,2295.033229282524,29.442348286990182,5.442896573979615,0,0,1,0,1,1,False,-1,
30026,2024-05-29 14:00:00,14,-1,MARKDOWN,6,A+,2351.80634,2366.7699870357746,2314.3972224105637,14.963647035774557,5.379974071549251,0,1,1,1,1,1,False,-1,
30043,2024-05-30 08:00:00,8,-1,MARKDOWN,6,A+,2348.25756,2367.00504777785,2301.3888405553753,18.747487777849983,5.850095555700197,0,1,1,1,1,1,True,30051,1.004066007234236
30055,2024-05-30 20:00:00,20,-1,MARKDOWN,5,A,2348.25756,2367.456237375315,2300.260866561712,19.19867737531513,6.752474750630603,1,0,1,0,1,1,True,30073,0.9922199131281755
30076,2024-05-31 18:00:00,18,-1,MARKDOWN,6,A+,2346.5827799999997,2364.8587757757723,2300.8927905605683,18.27599577577257,6.977551551545033,0,1,1,1,1,1,True,30100,0.7768081293451229
30089,2024-06-03 08:00:00,8,-1,MARKDOWN,6,A+,2342.76448,2362.7625391267643,2292.7693321830884,19.998059126764474,6.105078253528969,0,1,1,1,1,1,True,30098,0.8529467538535775
30117,2024-06-04 13:00:00,13,-1,MARKDOWN,5,A,2342.53528,2362.5667559570998,2292.456590107251,20.0314759570997,5.713511914199136,0,1,1,1,0,1,False,-1,
30136,2024-06-05 09:00:00,9,-1,MARKDOWN,5,A,2339.4514599999998,2357.453320496227,2294.4468087594314,18.001860496227437,5.46664099245476,0,1,1,0,1,1,True,30142,-1.0
30158,2024-06-06 08:00:00,8,1,MARKUP,5,A,2338.31316,2312.65175589956,2402.4666702511004,25.661404100439995,5.95648820087979,0,1,0,1,1,1,False,-1,
30170,2024-06-06 20:00:00,20,1,MARKUP,4,B,2339.66544,2312.3299976299327,2408.004045925169,27.33544237006754,6.600004740135124,0,1,0,1,0,1,True,30185,-1.0
30182,2024-06-07 09:00:00,9,1,MARKUP,5,A,2347.4673,2319.3439851169737,2417.775587207565,28.12331488302607,6.472029766052815,0,1,0,1,1,1,True,30184,-1.0
30204,2024-06-10 08:00:00,8,-1,MARKDOWN,5,A,2349.15564,2391.6860884329344,2242.829518917664,42.53044843293446,7.912176865868745,0,1,0,1,1,1,False,-1,
30216,2024-06-10 20:00:00,20,-1,MARKDOWN,3,C,2349.15564,2391.1457254171846,2244.1804264570383,41.99008541718467,6.831450834368948,0,0,0,0,1,1,False,-1,
30228,2024-06-11 09:00:00,9,-1,MARKDOWN,5,A,2349.15564,2390.397219712318,2246.051690719205,41.24157971231807,5.334439424635882,0,0,1,1,1,1,False,-1,
30283,2024-06-13 18:00:00,18,-1,MARKDOWN,6,A+,2324.88874,2346.1333325271894,2271.777258682026,21.244592527189525,8.926665054378674,0,1,1,1,1,1,True,30301,-1.0
30296,2024-06-14 08:00:00,8,-1,MARKDOWN,5,A,2324.07508,2344.428338418661,2273.191933953348,20.35325841866097,5.516676837321975,0,1,0,1,1,1,True,30301,-1.0
30322,2024-06-17 11:00:00,11,1,MARKUP,4,B,2311.27582,2293.0155374724322,2356.926526318919,18.260282527567597,5.188925055135369,0,0,1,0,1,1,True,30329,0.923338396488523
30347,2024-06-18 13:00:00,13,-1,MARKDOWN,6,A+,2323.22708,2338.9012953320585,2284.0415416698543,15.674215332058338,4.5625906641173986,0,1,1,1,1,1,True,30349,-1.0
30365,2024-06-19 08:00:00,8,1,MARKUP,5,A,2317.70418,2304.5394704477117,2350.6159538807215,13.164709552288514,4.181059104576916,0,1,1,0,1,1,False,-1,
30377,2024-06-19 20:00:00,20,1,MARKUP,5,A,2317.47116,2304.6265632158174,2349.5826519604566,12.844596784182613,4.006873568365405,0,1,1,0,1,1,False,-1,
30389,2024-06-20 11:00:00,11,1,MARKUP,4,B,2321.54328,2304.3320690748383,2364.5713073129036,17.211210925161595,4.595861850323534,0,0,0,1,1,1,False,-1,
30409,2024-06-21 08:00:00,8,1,MARKUP,6,A+,2333.5658,2311.4059475868894,2388.965431032776,22.159852413110457,4.6681048262204055,0,1,1,1,1,1,True,30418,-1.0
30455,2024-06-25 08:00:00,8,-1,MARKDOWN,5,A,2348.88982,2371.0751605042105,2293.4264687394734,22.18534050421067,4.650321008420656,0,1,0,1,1,1,False,-1,
30467,2024-06-25 20:00:00,20,-1,MARKDOWN,6,A+,2348.39704,2371.77326808396,2289.9564697900996,23.376228083960086,6.046536167919977,0,1,1,1,1,1,False,-1,
30479,2024-06-26 09:00:00,9,-1,MARKDOWN,5,A,2326.65028,2339.9351973023636,2293.4379867440903,13.284917302363738,5.590394604727477,0,1,0,1,1,1,False,-1,
30501,2024-06-27 08:00:00,8,-1,MARKDOWN,6,A+,2320.50772,2339.2425167234173,2273.670728191457,18.734796723417276,4.20503344683449,0,1,1,1,1,1,True,30508,-1.0
30534,2024-06-28 18:00:00,18,1,MARKUP,4,B,2311.22548,2290.737286786809,2362.445963032978,20.488193213191153,5.72542642638159,0,0,0,1,1,1,False,-1,
30547,2024-07-01 08:00:00,8,1,MARKUP,4,B,2312.65924,2293.5513072296894,2360.429071925776,19.107932770310526,4.73738554062168,0,0,0,1,1,1,False,-1,
30570,2024-07-02 08:00:00,8,1,MARKUP,5,A,2326.6631199999997,2316.3687590611503,2352.3990223471233,10.294360938849422,4.422481877699511,0,1,1,1,0,1,True,30572,1.75
30593,2024-07-03 08:00:00,8,1,MARKUP,6,A+,2326.21236,2316.4032463438557,2350.7351441403607,9.80911365614429,4.3535073122883725,0,1,1,1,1,1,False,-1,
30605,2024-07-03 20:00:00,20,1,MARKUP,5,A,2336.30098,2315.5360822418997,2388.2132243952506,20.764897758100233,6.087835516199904,0,1,0,1,1,1,False,-1,
30617,2024-07-04 09:00:00,9,1,MARKUP,5,A,2336.51728,2316.6531935136027,2386.1774962159934,19.864086486397355,4.553612972793978,0,1,0,1,1,1,False,-1,
30637,2024-07-05 08:00:00,8,1,MARKUP,5,A,2337.7961999999998,2319.2654257352588,2384.1231356618523,18.530774264741012,3.3691485294818113,0,1,1,0,1,1,False,-1,
30649,2024-07-05 20:00:00,20,1,MARKUP,5,A,2350.94364,2323.7346148923607,2418.9662027690983,27.209025107639263,6.27077021527839,0,1,0,1,1,1,False,-1,
30661,2024-07-08 09:00:00,9,1,MARKUP,5,A,2364.8528,2344.776426839217,2415.043732901958,20.076373160783078,5.467146321566185,0,1,0,1,1,1,True,30670,0.7801396351293172
30707,2024-07-10 09:00:00,9,1,MARKUP,5,A,2366.0393599999998,2347.155898180029,2413.2480145499267,18.883461819970762,4.548203639941955,0,1,1,0,1,1,False,-1,
30729,2024-07-11 08:00:00,8,1,MARKUP,6,A+,2363.66332,2347.4661538057485,2404.156235485629,16.197166194251622,3.9276923885029205,0,1,1,1,1,1,False,-1,
30741,2024-07-11 20:00:00,20,1,MARKUP,5,A,2378.13348,2345.6764691333938,2459.2760071665152,32.4570108666062,7.507061733212532,0,1,0,1,1,1,False,-1,
30753,2024-07-12 09:00:00,9,1,MARKUP,5,A,2382.53982,2353.7656125985836,2454.475338503541,28.774207401416334,5.588774802832716,0,1,0,1,1,1,False,-1,
30775,2024-07-15 08:00:00,8,1,MARKUP,5,A,2390.80866,2367.533375231989,2448.9968719200283,23.27528476801126,4.813249536022124,0,1,0,1,1,1,False,-1,
30787,2024-07-15 20:00:00,20,1,MARKUP,5,A,2401.56726,2374.6146145502485,2468.9488736243784,26.952645449751344,6.590770899502643,0,1,0,1,1,1,False,-1,
30799,2024-07-16 09:00:00,9,1,MARKUP,6,A+,2409.9597,2388.9340785366458,2462.5237536583854,21.025621463354128,5.111842926707736,0,1,1,1,1,1,False,-1,
30821,2024-07-17 08:00:00,8,1,MARKUP,5,A,2432.32728,2397.7770743520673,2518.7027941198317,34.55020564793267,7.185851295865611,0,1,0,1,1,1,False,-1,
30833,2024-07-17 20:00:00,20,1,MARKUP,3,C,2432.81624,2396.992439744432,2522.3757406389204,35.82380025556813,8.75512051113609,0,0,0,1,0,1,False,-1,
30845,2024-07-18 09:00:00,9,1,MARKUP,5,A,2444.19362,2416.6397820057914,2513.0782149855213,27.553837994208607,6.2804359884178504,0,1,1,0,1,1,True,30858,-1.0
30878,2024-07-19 19:00:00,19,-1,MARKDOWN,5,A,2449.3673,2487.464395225817,2354.1245619354568,38.09709522581716,7.548790451633939,0,1,0,1,1,1,False,-1,
30890,2024-07-22 08:00:00,8,-1,MARKDOWN,6,A+,2443.95362,2477.858220082317,2359.1921197942065,33.9046000823173,5.85644016463456,0,1,1,1,1,1,False,-1,
30902,2024-07-22 20:00:00,20,-1,MARKDOWN,5,A,2440.1297999999997,2478.2452673322864,2344.8411316692827,38.1154673322867,6.630534664572832,0,1,0,1,1,1,False,-1,
30914,2024-07-23 09:00:00,9,-1,MARKDOWN,6,A+,2432.2070400000002,2464.812292121423,2350.6939096964434,32.605252121422836,5.404584242845718,0,1,1,1,1,1,False,-1,
30959,2024-07-25 08:00:00,8,-1,MARKDOWN,4,B,2407.11214,2435.989448901982,2334.9188677450456,28.877308901981905,7.918897803963804,0,1,0,1,0,1,False,-1,
30971,2024-07-25 20:00:00,20,-1,MARKDOWN,6,A+,2401.87874,2436.63515256578,2314.98770858555,34.75641256578001,9.210305131559398,0,1,1,1,1,1,False,-1,
30983,2024-07-26 09:00:00,9,-1,MARKDOWN,3,C,2401.87874,2435.9701115728453,2316.650311067887,34.09137157284522,7.880223145690384,0,0,0,0,1,1,True,30998,-1.0
31051,2024-07-31 08:00:00,8,1,MARKUP,5,A,2389.72118,2366.654563535485,2447.387721161287,23.066616464514937,6.030872929030328,0,1,0,1,1,1,False,-1,
31063,2024-07-31 20:00:00,20,1,MARKUP,6,A+,2392.3608,2366.6422314390015,2456.657221402496,25.718568560998392,6.055537121997252,0,1,1,1,1,1,False,-1,
31075,2024-08-01 09:00:00,9,1,MARKUP,5,A,2406.60014,2371.211981367755,2495.0705365806125,35.388158632244995,6.776037264490047,0,1,0,1,1,1,False,-1,
31097,2024-08-02 08:00:00,8,1,MARKUP,6,A+,2415.30352,2379.5550260775635,2504.674754806091,35.74849392243641,7.809947844873047,0,1,1,1,1,1,True,31107,0.766457183017374
31143,2024-08-06 08:00:00,8,-1,MARKDOWN,5,A,2434.3677199999997,2483.091445305956,2312.558406735109,48.72372530595612,10.702890611912318,0,1,1,1,0,1,False,-1,
31155,2024-08-06 20:00:00,20,-1,MARKDOWN,5,A,2434.3677199999997,2482.716980544008,2313.4945686399788,48.3492605440083,9.95396108801631,0,1,0,1,1,1,False,-1,
31167,2024-08-07 09:00:00,9,-1,MARKDOWN,5,A,2422.64426,2462.7527080663667,2322.3731398340833,40.10844806636669,7.965416132733153,0,1,0,1,1,1,False,-1,
31212,2024-08-09 08:00:00,8,1,MARKUP,5,A,2398.08214,2376.029938055673,2453.2126448608174,22.052201944326953,6.08012388865392,0,1,0,1,1,1,False,-1,
31224,2024-08-09 20:00:00,20,1,MARKUP,4,B,2402.22952,2377.3408641954197,2464.45115951145,24.88865580458014,6.718271609160397,0,1,0,0,1,1,False,-1,
31236,2024-08-12 09:00:00,9,1,MARKUP,5,A,2402.29828,2378.1047508978627,2462.782102755343,24.19352910213729,5.1904982042738155,0,1,1,0,1,1,False,-1,
31258,2024-08-13 08:00:00,8,1,MARKUP,5,A,2436.77236,2409.026287011833,2506.137542470417,27.746072988166816,5.84742597633313,0,1,0,1,1,1,False,-1,
31270,2024-08-13 20:00:00,20,1,MARKUP,3,C,2439.83146,2413.7571863916064,2505.0171440209833,26.07427360839347,6.285627216787794,0,1,0,0,0,1,True,31292,0.5
31282,2024-08-14 09:00:00,9,1,MARKUP,5,A,2444.13892,2421.1634924100463,2501.5774889748836,22.975427589953597,5.413015179907039,0,1,1,0,1,1,True,31291,0.5
31329,2024-08-16 10:00:00,10,1,MARKUP,5,A,2450.40938,2429.3488793969736,2503.060631507566,21.060500603026412,5.762241206053203,0,1,1,0,1,1,False,-1,
31350,2024-08-19 08:00:00,8,1,MARKUP,4,B,2461.96106,2428.7641806399524,2544.953258400119,33.19687936004766,6.931638720094859,0,1,0,1,0,1,False,-1,
31362,2024-08-19 20:00:00,20,1,MARKUP,4,B,2461.96106,2428.736515867888,2545.02242033028,33.22454413211199,6.986968264223549,0,1,0,1,0,1,False,-1,
31374,2024-08-20 09:00:00,9,1,MARKUP,6,A+,2473.4435,2448.1806108252504,2536.6007229368734,25.26288917474949,5.258778349499253,0,1,1,1,1,1,False,-1,
31396,2024-08-21 08:00:00,8,1,MARKUP,4,B,2503.23054,2482.818830774049,2554.259813064878,20.4117092259512,5.7023384519021,0,1,0,1,0,1,True,31404,-1.0
31453,2024-08-23 19:00:00,19,1,MARKUP,6,A+,2489.48486,2467.4918436800576,2544.467400799856,21.9930163199424,6.756312639884375,0,1,1,1,1,1,False,-1,
31465,2024-08-26 08:00:00,8,1,MARKUP,6,A+,2489.32442,2468.4616255814653,2541.4814060463364,20.862794418534577,4.81674883706922,0,1,1,1,1,1,False,-1,
31477,2024-08-26 20:00:00,20,1,MARKUP,6,A+,2492.2963799999998,2468.0106424348983,2553.0107239127537,24.2857375651015,5.718715130203239,0,1,1,1,1,1,False,-1,
31489,2024-08-27 09:00:00,9,1,MARKUP,5,A,2497.06734,2476.2297480167326,2549.161319958169,20.83759198326743,4.72050396653468,0,0,1,1,1,1,False,-1,
31534,2024-08-29 08:00:00,8,1,MARKUP,6,A+,2507.15752,2491.1261339964976,2547.235985008757,16.031386003502575,5.047732007004848,0,1,1,1,1,1,True,31541,0.781289743004425
31546,2024-08-29 20:00:00,20,1,MARKUP,6,A+,2507.15752,2490.4088162992866,2549.029279251784,16.748703700713577,6.482367401426719,0,1,1,1,1,1,True,31566,-1.0
31558,2024-08-30 09:00:00,9,1,MARKUP,4,B,2507.15752,2491.040464603793,2547.4501584905174,16.11705539620698,5.2190707924135555,0,1,1,0,0,1,True,31566,-1.0
31580,2024-09-02 08:00:00,8,-1,MARKDOWN,5,A,2513.94952,2531.448048546299,2470.2031986342527,17.498528546298985,5.476097092597981,0,1,0,1,1,1,False,-1,
31592,2024-09-02 20:00:00,20,-1,MARKDOWN,5,A,2513.94952,2531.103202667782,2471.065313330545,17.15368266778205,4.786405335564634,0,1,1,1,0,1,False,-1,
31606,2024-09-03 13:00:00,13,-1,MARKDOWN,5,A,2512.71072,2529.1577515662284,2471.593141084429,16.44703156622836,4.59550313245677,0,1,1,0,1,1,False,-1,
31624,2024-09-04 08:00:00,8,-1,MARKDOWN,4,B,2502.1393599999997,2522.481937579677,2451.2829160508063,20.342577579677254,5.143875159354286,0,0,1,0,1,1,True,31647,-1.0
31659,2024-09-05 20:00:00,20,1,MARKUP,6,A+,2491.59356,2468.8738333132624,2548.3928767168436,22.71972668673743,6.032333373474853,0,1,1,1,1,1,True,31681,1.1268234133579331
31671,2024-09-06 09:00:00,9,1,MARKUP,6,A+,2491.59356,2469.8415202545057,2545.9736593637354,21.75203974549413,4.096959490988738,0,1,1,1,1,1,True,31681,0.8479059308804435
31694,2024-09-09 09:00:00,9,-1,MARKDOWN,5,A,2512.37908,2532.3536547674657,2462.4426430813364,19.974574767465583,6.287309534931294,0,1,1,1,0,1,False,-1,
31723,2024-09-10 15:00:00,15,1,MARKUP,6,A+,2501.98092,2482.78629575747,2549.9674806063254,19.194624242530153,4.727408485060785,0,1,1,1,1,1,True,31725,0.9713599244257665
31739,2024-09-11 08:00:00,8,1,MARKUP,6,A+,2499.44826,2483.098846812962,2540.321792967595,16.349413187037953,4.102306374075986,0,1,1,1,1,1,False,-1,
31751,2024-09-11 20:00:00,20,1,MARKUP,4,B,2502.16318,2482.509945045759,2551.296267385602,19.653234954240816,6.080109908482426,0,0,0,1,1,1,False,-1,
31763,2024-09-12 09:00:00,9,1,MARKUP,5,A,2510.58652,2497.0034677321896,2544.544150669525,13.583052267810217,4.353064535620635,0,1,0,1,1,1,False,-1,
31785,2024-09-13 08:00:00,8,1,MARKUP,5,A,2527.47642,2498.1053276322505,2600.904150919374,29.371092367749497,5.7893447354993866,0,1,0,1,1,1,False,-1,
31797,2024-09-13 20:00:00,20,1,MARKUP,4,B,2533.4891000000002,2497.8964813087605,2622.4706467280994,35.59261869123975,6.207037382479465,0,1,0,1,0,1,False,-1,
31809,2024-09-16 09:00:00,9,1,MARKUP,5,A,2540.3127,2507.4360277269034,2622.5043806827416,32.876672273096574,4.747944546193506,0,1,0,1,1,1,False,-1,
31831,2024-09-17 08:00:00,8,1,MARKUP,4,B,2562.01068,2542.609334955208,2610.5140426119797,19.401345044791924,4.621330089583972,0,0,1,0,1,1,True,31841,0.5509696920435319
31878,2024-09-19 09:00:00,9,1,MARKUP,6,A+,2567.22386,2542.9059336223822,2628.018675944045,24.317926377617823,7.968132755235694,0,1,1,1,1,1,False,-1,
31900,2024-09-20 08:00:00,8,1,MARKUP,6,A+,2567.22386,2544.1319549839395,2624.9536225401516,23.091905016060537,5.5160900321204585,0,1,1,1,1,1,False,-1,
31912,2024-09-20 20:00:00,20,1,MARKUP,5,A,2577.02598,2543.241503919332,2661.48717020167,33.7844760806679,7.296992161336135,0,1,0,1,1,1,False,-1,
31924,2024-09-23 09:00:00,9,1,MARKUP,4,B,2579.16518,2544.0822440536585,2666.8725198658535,35.08293594634142,5.615511892682812,0,1,0,1,0,1,False,-1,
31946,2024-09-24 08:00:00,8,1,MARKUP,4,B,2603.25866,2577.743228266337,2667.047239334157,25.51543173366281,5.473543467325921,0,0,0,1,1,1,False,-1,
31958,2024-09-24 20:00:00,20,1,MARKUP,6,A+,2615.80396,2587.9875200912256,2685.3450597719366,27.816439908774555,6.904959817548991,0,1,1,1,1,1,False,-1,
31970,2024-09-25 09:00:00,9,1,MARKUP,5,A,2635.4794,2610.569257599643,2697.7547560008925,24.910142400357017,6.501484800714295,0,1,0,1,1,1,False,-1,
31992,2024-09-26 08:00:00,8,1,MARKUP,4,B,2640.93634,2620.121937545599,2692.9723461360036,20.81440245440126,5.056124908801939,0,1,0,0,1,1,False,-1,
32004,2024-09-26 20:00:00,20,1,MARKUP,4,B,2646.68544,2618.61802952445,2716.8539661888763,28.067410475550332,8.063940951100891,0,1,0,0,1,1,True,32025,0.40062691247540744
32016,2024-09-27 09:00:00,9,1,MARKUP,4,B,2658.94656,2639.3911655499064,2707.8350461252335,19.555394450093445,6.1976689001863905,0,0,0,1,1,1,True,32019,-1.0
32064,2024-10-01 11:00:00,11,-1,MARKDOWN,3,C,2657.60378,2680.677973540906,2599.918296147735,23.07419354090598,5.495947081811743,0,0,0,1,0,1,True,32069,0.6890415228124888
32085,2024-10-02 09:00:00,9,1,MARKUP,2,C,2643.2355399999997,2621.5831890117493,2697.3664174706255,21.65235098825042,6.273621976500749,0,0,0,0,0,1,True,32094,0.8789590735331214
32118,2024-10-03 19:00:00,19,1,MARKUP,6,A+,2649.3043,2630.77818133972,2695.6195966506993,18.526118660279735,7.523637320559928,0,1,1,1,1,1,True,32137,0.5
32130,2024-10-04 08:00:00,8,1,MARKUP,5,A,2651.04088,2634.7487499135473,2691.771205216132,16.292130086452744,5.202500172904866,0,1,1,0,1,1,True,32137,-1.0
32153,2024-10-07 08:00:00,8,-1,MARKDOWN,6,A+,2655.5967,2673.4998853534644,2610.8387366163392,17.903185353464323,6.659770706929043,0,1,1,1,1,1,True,32156,0.7998429180501432
32165,2024-10-07 20:00:00,20,-1,MARKDOWN,5,A,2655.5967,2673.9385443882393,2609.742089029402,18.341844388239224,7.537088776478725,0,1,0,1,1,1,False,-1,
32177,2024-10-08 09:00:00,9,-1,MARKDOWN,5,A,2655.5967,2673.7719432439562,2610.1585918901096,18.175243243956174,7.2038864879122615,0,1,1,0,1,1,False,-1,
32199,2024-10-09 08:00:00,8,-1,MARKDOWN,5,A,2645.19484,2673.5591927131136,2574.2839582172164,28.364352713113476,6.778385426226989,0,1,0,1,1,1,False,-1,
32211,2024-10-09 20:00:00,20,-1,MARKDOWN,6,A+,2638.67494,2663.0905540259123,2577.6359049352186,24.41561402591242,6.941108051824385,0,1,1,1,1,1,False,-1,
32223,2024-10-10 09:00:00,9,-1,MARKDOWN,6,A+,2634.60232,2655.7372075358003,2581.7651011604994,21.134887535800317,5.414415071600422,0,1,1,1,1,1,True,32239,-1.0
32255,2024-10-11 18:00:00,18,1,MARKUP,6,A+,2623.74028,2598.3750010968756,2687.1534772578107,25.365278903124363,6.769997806249329,0,1,1,1,1,1,False,-1,
32268,2024-10-14 08:00:00,8,1,MARKUP,6,A+,2624.55776,2598.8623965733264,2688.7961685666846,25.695363426673794,5.795206853347921,0,1,1,1,1,1,False,-1,
32280,2024-10-14 20:00:00,20,1,MARKUP,5,A,2626.60528,2598.6723623294156,2696.4375741764616,27.93291767058463,6.175275341169338,0,0,1,1,1,1,False,-1,
32293,2024-10-15 10:00:00,10,1,MARKUP,5,A,2635.65898,2613.6985799648546,2690.559980087864,21.96040003514554,5.422840070290906,0,0,1,1,1,1,False,-1,
32314,2024-10-16 08:00:00,8,1,MARKUP,6,A+,2650.50882,2635.545477717998,2687.9171757050053,14.963342282002031,5.089044564004052,0,1,1,1,1,1,False,-1,
32326,2024-10-16 20:00:00,20,1,MARKUP,6,A+,2656.14714,2634.862663133562,2709.3583321660954,21.284476866438126,6.454673732876815,0,1,1,1,1,1,False,-1,
32338,2024-10-17 09:00:00,9,1,MARKUP,5,A,2656.29612,2635.4670398103317,2708.3688204741707,20.829080189668275,5.245920379336841,0,1,1,1,0,1,False,-1,
32360,2024-10-18 08:00:00,8,1,MARKUP,6,A+,2678.98288,2654.512248553993,2740.159458615018,24.470631446007246,5.515502892013981,0,1,1,1,1,1,False,-1,
32372,2024-10-18 20:00:00,20,1,MARKUP,5,A,2686.4419199999998,2662.5128845041622,2746.2645087395936,23.929035495837525,6.174230991674933,0,1,0,1,1,1,False,-1,
32384,2024-10-21 09:00:00,9,1,MARKUP,5,A,2691.99874,2664.0650410809803,2761.832987297549,27.933698919019662,5.389917838040184,0,1,0,1,1,1,False,-1,
32406,2024-10-22 08:00:00,8,1,MARKUP,4,B,2705.54648,2681.1714095689485,2766.4841560776285,24.375070431051427,5.477180862103043,0,1,0,1,0,1,False,-1,
32418,2024-10-22 20:00:00,20,1,MARKUP,6,A+,2719.51974,2698.4882602300463,2772.098439424885,21.031479769953876,6.48347953990698,0,1,1,1,1,1,True,32438,0.774570567245124
32430,2024-10-23 09:00:00,9,1,MARKUP,5,A,2728.76574,2710.957120735845,2773.287288160387,17.808619264154913,5.385758528310014,0,1,0,1,1,1,True,32438,-1.0
32484,2024-10-25 17:00:00,17,1,MARKUP,5,A,2727.7454000000002,2705.5898564494405,2783.1342588763996,22.15554355055974,6.340287101119589,0,1,1,0,1,1,True,32494,0.949413704761719
32498,2024-10-28 08:00:00,8,1,MARKUP,6,A+,2723.67328,2705.625548634834,2768.792608412915,18.047731365165873,6.268902730332307,0,1,1,1,1,1,False,-1,
32510,2024-10-28 20:00:00,20,1,MARKUP,6,A+,2728.7965000000004,2713.998026394522,2765.792684013696,14.798473605478193,6.1039472109559725,0,1,1,1,1,1,False,-1,
32522,2024-10-29 09:00:00,9,1,MARKUP,5,A,2732.59358,2714.3398032720447,2778.228021819889,18.253776727955483,5.420393455910792,0,1,0,1,1,1,False,-1,
32544,2024-10-30 08:00:00,8,1,MARKUP,6,A+,2747.73022,2722.015326310835,2812.0174542229124,25.71489368916491,5.429347378329605,0,1,1,1,1,1,False,-1,
32556,2024-10-30 20:00:00,20,1,MARKUP,5,A,2751.514,2724.394435253145,2819.3129118671386,27.119564746855303,6.87112949371046,0,1,1,0,1,1,True,32576,-1.0
32568,2024-10-31 09:00:00,9,1,MARKUP,3,C,2759.07786,2737.2701233799467,2813.597201550133,21.80773662005322,5.239753240106051,0,0,0,0,1,1,True,32575,-1.0
32613,2024-11-04 08:00:00,8,-1,MARKDOWN,5,A,2767.0854,2793.128379790439,2701.9779505239026,26.04297979043895,6.016759580877807,0,1,0,1,1,1,False,-1,
32625,2024-11-04 20:00:00,20,-1,MARKDOWN,3,C,2764.89768,2789.9018231459036,2702.3873221352414,25.004143145903527,6.643646291806933,0,1,0,0,0,1,False,-1,
32637,2024-11-05 09:00:00,9,-1,MARKDOWN,2,C,2747.895,2765.0501764473947,2705.0070588815133,17.15517644739475,5.6603528947896615,0,0,0,0,0,1,True,32644,1.75
32659,2024-11-06 08:00:00,8,-1,MARKDOWN,5,A,2731.65728,2755.325219181105,2672.4874320472377,23.667939181104884,9.930438362209705,0,1,1,0,1,1,True,32660,0.5
32671,2024-11-06 20:00:00,20,-1,MARKDOWN,5,A,2712.72298,2756.853760027932,2602.3960299301702,44.130780027931905,13.687520055863441,0,1,0,1,1,1,False,-1,
32683,2024-11-07 09:00:00,9,-1,MARKDOWN,5,A,2709.27734,2755.0722992919423,2594.7899417701447,45.79495929194218,10.124598583884389,0,1,0,1,1,1,True,32696,1.4133510227780843
32728,2024-11-11 08:00:00,8,-1,MARKDOWN,4,B,2684.81072,2713.840678128715,2612.2358246782123,29.029958128714952,6.841356257429452,0,1,0,1,0,1,False,-1,
32740,2024-11-11 20:00:00,20,-1,MARKDOWN,5,A,2672.2964,2714.7907553430528,2566.0605116423685,42.494355343052575,8.741510686105542,0,1,0,1,1,1,False,-1,
32752,2024-11-12 09:00:00,9,-1,MARKDOWN,6,A+,2666.4136,2714.258260221863,2546.801949445342,47.84466022186325,7.676520443726376,0,1,1,1,1,1,False,-1,
32774,2024-11-13 08:00:00,8,-1,MARKDOWN,5,A,2651.24516,2692.602608931329,2547.851537671677,41.357448931329145,6.605217862658229,0,0,1,1,1,1,False,-1,
32786,2024-11-13 20:00:00,20,-1,MARKDOWN,6,A+,2637.99096,2679.4971462514486,2534.2254943713788,41.506186251448526,8.354292502897266,0,1,1,1,1,1,False,-1,
32798,2024-11-14 09:00:00,9,-1,MARKDOWN,5,A,2597.8424,2631.1305592452045,2514.622001886989,33.2881592452045,7.901118490409276,0,1,0,1,1,1,False,-1,
32820,2024-11-15 08:00:00,8,-1,MARKDOWN,5,A,2587.5107199999998,2622.52534203035,2499.9741649241237,35.01462203035044,7.350684060700159,0,0,1,1,1,1,True,32838,-1.0
32868,2024-11-19 10:00:00,10,1,MARKUP,5,A,2582.19736,2551.5362332034547,2658.8501769913637,30.66112679654543,5.947533593091096,0,1,0,1,1,1,False,-1,
32889,2024-11-20 08:00:00,8,1,MARKUP,4,B,2590.97736,2556.6840658656524,2676.7105953358687,34.293294134347434,5.571868268694728,0,0,0,1,1,1,False,-1,
32901,2024-11-20 20:00:00,20,1,MARKUP,4,B,2609.09764,2577.2310260788713,2688.764174802822,31.866613921128646,6.417947842257415,0,1,0,1,0,1,False,-1,
32913,2024-11-21 09:00:00,9,1,MARKUP,6,A+,2629.20624,2604.540512062078,2690.870559844805,24.66572793792193,5.5389758758441205,0,1,1,1,1,1,False,-1,
32935,2024-11-22 08:00:00,8,1,MARKUP,5,A,2647.28788,2615.629028698046,2726.4350082548845,31.658851301953746,6.521942603907877,0,1,0,1,1,1,False,-1,
32947,2024-11-22 20:00:00,20,1,MARKUP,6,A+,2654.2441,2615.0347118127756,2752.2675704680605,39.20938818722425,7.710576374448766,0,1,1,1,1,1,True,32966,-1.0
32963,2024-11-25 13:00:00,13,1,MARKUP,5,A,2676.0606,2642.678638955903,2759.515502610242,33.3819610440969,10.762722088194,0,0,1,1,1,1,True,32966,-1.0
32982,2024-11-26 09:00:00,9,-1,MARKDOWN,6,A+,2676.94868,2726.797348008061,2552.3270099798474,49.84866800806094,10.874696016121932,0,1,1,1,1,1,False,-1,
33036,2024-11-28 17:00:00,17,-1,MARKDOWN,7,A+,2640.18264,2661.4031711242137,2587.1313121894655,21.22053112421372,6.16634224842708,1,1,1,1,1,1,True,33037,-1.0
33049,2024-11-29 09:00:00,9,1,MARKUP,5,A,2637.48614,2616.5342723247923,2689.8658091880193,20.951867675207723,6.171455350415366,0,1,0,1,1,1,True,33063,-1.0
33069,2024-12-02 08:00:00,8,-1,MARKDOWN,5,A,2649.03574,2670.282288407426,2595.9193689814338,21.246548407426417,7.784576814853014,0,1,0,1,1,1,True,33077,0.9977535517769908
33081,2024-12-02 20:00:00,20,-1,MARKDOWN,5,A,2649.03574,2670.1534954718572,2596.2413513203564,21.117755471857436,7.526990943715025,0,1,1,1,0,1,True,33092,1.0007892503960356
33121,2024-12-04 14:00:00,14,-1,MARKDOWN,6,A+,2642.72986,2658.528630619676,2603.2329334508104,15.798770619675906,5.797261239351839,0,1,1,1,1,1,True,33122,0.969821678628219
33138,2024-12-05 08:00:00,8,1,MARKUP,5,A,2641.8592200000003,2629.49630439201,2672.7665090199753,12.36291560799009,5.847391215980119,0,1,1,0,1,1,True,33146,-1.0
33150,2024-12-05 20:00:00,20,-1,MARKDOWN,6,A+,2644.30244,2660.7458790765904,2603.193842308524,16.443439076590494,7.231758153180822,0,1,1,1,1,1,True,33159,0.551779984720868
33162,2024-12-06 09:00:00,9,-1,MARKDOWN,5,A,2640.2035800000003,2660.697327010836,2588.969212472911,20.493747010835705,7.134654021672279,1,0,0,1,1,1,True,33163,-1.0
33190,2024-12-09 14:00:00,14,1,MARKUP,5,A,2631.0223,2609.1598104050986,2685.678523987254,21.86248959490149,7.32037918980278,0,1,0,1,1,1,False,-1,
33207,2024-12-10 08:00:00,8,1,MARKUP,5,A,2637.1152,2609.820274913321,2705.3525127166977,27.294925086679086,5.999450173358545,0,1,0,1,1,1,False,-1,
33219,2024-12-10 20:00:00,20,1,MARKUP,5,A,2651.413,2620.8044579384746,2727.9343551538136,30.60854206152544,6.5910841230507335,0,1,0,1,1,1,False,-1,
33231,2024-12-11 09:00:00,9,1,MARKUP,6,A+,2656.8794,2623.544421221927,2740.2168469451813,33.33497877807258,8.071157556145726,0,1,1,1,1,1,False,-1,
33253,2024-12-12 08:00:00,8,1,MARKUP,6,A+,2683.2226,2652.8771652562564,2759.0861868593593,30.34543474374368,7.74566948748707,0,1,1,1,1,1,True,33261,-1.0
33299,2024-12-16 08:00:00,8,-1,MARKDOWN,5,A,2694.5197200000002,2728.9138082719196,2608.5344993202016,34.39408827191937,5.727616543838842,0,1,0,1,1,1,False,-1,
33311,2024-12-16 20:00:00,20,-1,MARKDOWN,4,B,2690.99712,2723.2514040313968,2610.3614099215083,32.254284031396764,5.8028080627940515,0,0,0,1,1,1,False,-1,
33323,2024-12-17 09:00:00,9,-1,MARKDOWN,5,A,2673.96504,2695.4540853261997,2620.242426684501,21.48904532619963,5.32817065239965,0,1,0,1,1,1,False,-1,
33345,2024-12-18 08:00:00,8,-1,MARKDOWN,3,C,2652.51902,2666.9713991926837,2616.3880720182915,14.452379192683566,4.922798385367168,0,0,0,0,1,1,False,-1,
33357,2024-12-18 20:00:00,20,-1,MARKDOWN,5,A,2652.43868,2666.8862773378005,2616.3196866554995,14.447597337800289,5.012554675600905,0,1,0,1,1,1,False,-1,
33369,2024-12-19 09:00:00,9,-1,MARKDOWN,4,B,2629.80226,2663.059388586693,2546.6594385332673,33.25712858669294,8.778777173385505,0,0,0,1,1,1,False,-1,
33391,2024-12-20 08:00:00,8,-1,MARKDOWN,4,B,2625.50098,2655.11626309675,2551.462772258124,29.615283096750318,6.81252619350059,0,1,0,1,0,1,True,33400,0.051020278788617
33426,2024-12-23 20:00:00,20,-1,MARKDOWN,6,A+,2615.60014,2636.205054965849,2564.0878525853777,20.60491496584882,5.890109931697189,1,1,1,1,0,1,True,33430,-1.0
33480,2024-12-27 08:00:00,8,1,MARKUP,6,A+,2620.00998,2606.1880252427786,2654.5648668930526,13.821954757221192,4.0439495144425255,0,1,1,1,1,1,True,33487,-1.0
33503,2024-12-30 08:00:00,8,-1,MARKDOWN,6,A+,2628.03346,2641.6139270597137,2594.082292350716,13.580467059713555,5.027854119427917,0,1,1,1,1,1,False,-1,
33515,2024-12-30 20:00:00,20,-1,MARKDOWN,5,A,2622.7007399999998,2642.3820897200503,2573.4973656998736,19.681349720050548,6.564179440100528,0,1,0,1,1,1,True,33535,-1.0
33527,2024-12-31 09:00:00,9,-1,MARKDOWN,4,B,2622.1692599999997,2640.8549110552462,2575.4551323618834,18.68565105524658,5.2298221104927105,0,0,0,1,1,1,True,33535,-1.0
33549,2025-01-02 08:00:00,8,1,MARKUP,5,A,2611.5951600000003,2593.713876953355,2656.298367616614,17.88128304664542,4.912246093290264,0,1,1,1,0,1,False,-1,
33561,2025-01-02 20:00:00,20,1,MARKUP,5,A,2620.76698,2592.801815793747,2690.6798905156315,27.965164206252666,6.73636841250578,0,1,0,1,1,1,False,-1,
33573,2025-01-03 09:00:00,9,1,MARKUP,4,B,2624.85336,2597.0080024611366,2694.4667538471585,27.84535753886348,5.663995077727419,0,1,0,0,1,1,False,-1,
33623,2025-01-07 13:00:00,13,1,MARKUP,6,A+,2634.06774,2611.94900565069,2689.3645758732746,22.11873434930976,5.601988698619523,0,1,1,1,1,1,False,-1,
33641,2025-01-08 08:00:00,8,1,MARKUP,5,A,2633.6551799999997,2612.2424751365975,2687.186942158505,21.41270486340227,5.015049726805459,0,1,1,1,0,1,False,-1,
33653,2025-01-08 20:00:00,20,1,MARKUP,3,C,2635.8555,2611.3782687986836,2697.0485780032914,24.4772312013165,6.743462402632609,0,0,0,1,0,1,False,-1,
33665,2025-01-09 09:00:00,9,1,MARKUP,6,A+,2647.0660199999998,2630.1501560650627,2689.3556798373424,16.91586393493708,5.479687869874598,0,1,1,1,1,1,False,-1,
33687,2025-01-10 08:00:00,8,1,MARKUP,5,A,2657.9462200000003,2643.0992812868544,2695.0635667828647,14.846938713145846,4.321437426291472,0,1,1,0,1,1,False,-1,
33699,2025-01-10 20:00:00,20,1,MARKUP,4,B,2665.80838,2642.2919288445073,2724.5995078887318,23.516451155492632,7.236142310985003,0,1,0,0,1,1,True,33716,0.9282841387311926
33711,2025-01-13 09:00:00,9,1,MARKUP,4,B,2667.95284,2646.332134551553,2722.004603621118,21.620705448447097,6.095730896894129,0,1,0,0,1,1,True,33716,0.9162441901168733
33756,2025-01-15 08:00:00,8,1,MARKUP,6,A+,2672.52604,2654.3194902848345,2718.0424142879147,18.206549715165693,4.921019430331814,0,1,1,1,1,1,False,-1,
33768,2025-01-15 20:00:00,20,1,MARKUP,6,A+,2671.75058,2653.6428879259515,2717.019810185121,18.107692074048373,6.274224148097647,0,1,1,1,1,1,False,-1,
33780,2025-01-16 09:00:00,9,1,MARKUP,6,A+,2674.161,2654.275623668297,2723.8744408292573,19.8853763317029,5.008752663405952,0,1,1,1,1,1,False,-1,
33802,2025-01-17 08:00:00,8,1,MARKUP,5,A,2688.83274,2664.39740078203,2749.9210880449236,24.435339217969613,4.505198435939359,0,1,0,1,1,1,False,-1,
33814,2025-01-17 20:00:00,20,1,MARKUP,3,C,2693.73348,2671.8939535730337,2748.332296067415,21.83952642696613,5.37209285393195,0,0,0,0,1,1,True,33818,1.0954984842997737
33846,2025-01-21 08:00:00,8,1,MARKUP,5,A,2704.61438,2686.1088476098034,2750.878210975491,18.50553239019655,6.382304780393355,0,1,0,1,1,1,False,-1,
33858,2025-01-21 20:00:00,20,1,MARKUP,5,A,2710.96322,2685.9030799716265,2773.6135700709337,25.060140028373553,6.7938400567474275,0,1,0,1,1,1,False,-1,
33870,2025-01-22 09:00:00,9,1,MARKUP,5,A,2715.75732,2686.227177062342,2789.582677344146,29.530142937658184,6.145645875316668,0,1,0,1,1,1,False,-1,
33892,2025-01-23 08:00:00,8,1,MARKUP,5,A,2726.03808,2700.66868958233,2789.4615560441744,25.36939041766982,4.562620835340054,0,0,1,1,1,1,False,-1,
33904,2025-01-23 20:00:00,20,1,MARKUP,6,A+,2734.43052,2713.404434551991,2786.9957336200223,21.02608544800887,6.251130896018034,0,1,1,1,1,1,False,-1,
33916,2025-01-24 09:00:00,9,1,MARKUP,5,A,2752.1338800000003,2733.1956570368993,2799.479437407753,18.938222963100998,5.528685926201706,0,1,0,1,1,1,True,33938,0.7443372467035191
33941,2025-01-27 11:00:00,11,1,MARKUP,4,B,2755.08674,2732.678771748431,2811.1066606289237,22.4079682515694,6.562456503138075,0,0,1,0,1,1,True,33945,-1.0
33973,2025-01-28 20:00:00,20,1,MARKUP,6,A+,2751.70628,2727.942899820965,2811.114730447587,23.76338017903481,5.094200358069286,0,1,1,1,1,1,True,33993,1.3288401126703622
33985,2025-01-29 09:00:00,9,1,MARKUP,5,A,2747.9283,2728.6741757109994,2796.063610722502,19.25412428900063,3.6316485780010184,0,1,0,1,1,1,True,33997,1.75
34007,2025-01-30 08:00:00,8,1,MARKUP,5,A,2744.26492,2728.20350430065,2784.4184592483753,16.061415699350164,4.572991398699925,0,1,1,0,1,1,False,-1,
34019,2025-01-30 20:00:00,20,1,MARKUP,6,A+,2759.09958,2731.865670962595,2827.1843525935133,27.233909037405283,5.808658074810562,0,1,1,1,1,1,False,-1,
34031,2025-01-31 09:00:00,9,1,MARKUP,4,B,2766.15784,2742.2794551366796,2825.8538021583004,23.878384863320207,4.881089726640269,0,1,0,0,1,1,False,-1,
34054,2025-02-03 09:00:00,9,1,MARKUP,5,A,2772.41882,2741.0992211050384,2850.7178172374033,31.319598894961473,7.241557789922418,0,0,1,1,1,1,False,-1,
34076,2025-02-04 08:00:00,8,1,MARKUP,5,A,2794.50936,2768.695865488272,2859.0430962793203,25.813494511728095,6.948269023456742,0,1,0,1,1,1,False,-1,
34088,2025-02-04 20:00:00,20,1,MARKUP,6,A+,2800.1515,2768.2836312478757,2879.8211718803104,31.867868752124195,7.772737504248511,0,1,1,1,1,1,False,-1,
34100,2025-02-05 09:00:00,9,1,MARKUP,6,A+,2807.3522000000003,2768.766753716675,2903.8158157083135,38.58544628332538,6.8064925666503875,0,1,1,1,1,1,False,-1,
34122,2025-02-06 08:00:00,8,1,MARKUP,3,C,2835.8334800000002,2803.525607247099,2916.6031618822535,32.3078727529014,7.208785505802879,0,0,0,0,1,1,True,34131,0.8762994727276494
34148,2025-02-07 11:00:00,11,1,MARKUP,6,A+,2852.6245400000003,2831.3761169879126,2905.745597530219,21.248423012087642,5.8477660241749785,0,1,1,1,1,1,True,34152,0.8721285233549013
34168,2025-02-10 08:00:00,8,1,MARKUP,6,A+,2856.41016,2830.497187125835,2921.1925921854126,25.912972874165007,7.605625748330229,0,1,1,1,1,1,False,-1,
34180,2025-02-10 20:00:00,20,1,MARKUP,5,A,2863.84388,2830.291590946689,2947.724602633277,33.55228905331069,8.016818106621713,0,1,1,1,0,1,False,-1,
34192,2025-02-11 09:00:00,9,1,MARKUP,5,A,2884.2781,2842.891225520223,2987.7452861994425,41.38687447977691,10.53754895955353,0,1,0,1,1,1,True,34198,1.0147444446038627
34237,2025-02-13 08:00:00,8,1,MARKUP,5,A,2894.0363199999997,2860.332045836432,2978.297005408919,33.70427416356779,7.235908327136037,0,1,0,1,1,1,False,-1,
34249,2025-02-13 20:00:00,20,1,MARKUP,6,A+,2888.92516,2860.1557077850944,2960.848790537263,28.769452214905414,7.588584429810733,0,1,1,1,1,1,True,34270,1.2048165647037679
34261,2025-02-14 09:00:00,9,1,MARKUP,5,A,2891.79016,2860.902806536836,2969.0085436579097,30.88735346316389,6.0943869263273225,0,1,0,1,1,1,True,34270,1.1101101054511777
34302,2025-02-18 08:00:00,8,1,MARKUP,6,A+,2901.06274,2873.9788129722974,2968.7725575692557,27.08392702770243,5.982374055405093,0,1,1,1,1,1,False,-1,
34314,2025-02-18 20:00:00,20,1,MARKUP,5,A,2901.06274,2873.8174795641867,2969.175891089533,27.24526043581318,6.305040871626145,0,1,0,1,1,1,False,-1,
34326,2025-02-19 09:00:00,9,1,MARKUP,6,A+,2900.93668,2873.8454713485585,2968.6647016286033,27.09120865144132,6.2490573028824885,0,1,1,1,1,1,False,-1,
34348,2025-02-20 08:00:00,8,1,MARKUP,6,A+,2913.6331,2888.5730014130095,2976.2833464674763,25.060098586990534,6.533997173981018,0,1,1,1,1,1,False,-1,
34360,2025-02-20 20:00:00,20,1,MARKUP,4,B,2925.4052199999996,2903.2935577636363,2980.684375590908,22.111662236363372,7.772884472727167,0,1,0,0,1,1,True,34370,0.8800369964890168
34382,2025-02-21 19:00:00,19,1,MARKUP,5,A,2931.27004,2912.3692716152714,2978.521960961821,18.900768384728508,8.601456769457853,0,1,1,0,1,1,True,34388,0.7894506504882297
34395,2025-02-24 09:00:00,9,1,MARKUP,6,A+,2931.27004,2912.694841535731,2977.7080361606722,18.57519846426885,7.950316928538242,0,1,1,1,1,1,True,34403,0.7791958592228942
34417,2025-02-25 08:00:00,8,1,MARKUP,4,B,2931.8048400000002,2913.2977459944536,2978.0725750138668,18.507094005546605,6.7445080110931075,1,0,0,0,1,1,True,34418,-1.0
34440,2025-02-26 08:00:00,8,-1,MARKDOWN,6,A+,2930.26816,2960.7218615610127,2854.1339060974688,30.453701561012622,8.86372312202511,0,1,1,1,1,1,False,-1,
34452,2025-02-26 20:00:00,20,-1,MARKDOWN,4,B,2930.26816,2960.520996821857,2854.6360679453583,30.252836821856818,8.461993643713598,0,0,0,1,1,1,False,-1,
34464,2025-02-27 09:00:00,9,-1,MARKDOWN,5,A,2928.558,2957.58224770973,2855.997380725675,29.024247709729934,7.624495419460235,0,1,0,1,1,1,False,-1,
34486,2025-02-28 08:00:00,8,-1,MARKDOWN,5,A,2902.20614,2934.306438160091,2821.9553945997714,32.10029816009137,8.25287632018239,0,1,0,1,1,1,False,-1,
34498,2025-02-28 20:00:00,20,-1,MARKDOWN,6,A+,2887.32682,2925.85943425711,2790.9952843572255,38.5326142571098,9.45886851422011,0,1,1,1,1,1,True,34518,-1.0
34510,2025-03-03 09:00:00,9,-1,MARKDOWN,4,B,2887.1476000000002,2924.9283331881384,2792.695767029655,37.78073318813813,8.176666376276557,0,0,1,1,0,1,True,34518,-1.0
34544,2025-03-04 20:00:00,20,1,MARKUP,5,A,2868.99112,2828.055714669165,2971.3296333270882,40.93540533083524,9.16857066166973,0,1,0,1,1,1,False,-1,
34556,2025-03-05 09:00:00,9,1,MARKUP,4,B,2872.31596,2833.9214207386904,2968.3023081532738,38.394539261309546,8.19715852261887,0,1,0,0,1,1,False,-1,
34578,2025-03-06 08:00:00,8,1,MARKUP,6,A+,2898.02794,2874.6214602203045,2956.5441394492386,23.406479779695474,7.337079559391009,0,1,1,1,1,1,True,34581,0.6191454471735094
34590,2025-03-06 20:00:00,20,1,MARKUP,5,A,2901.83482,2880.0590696922395,2956.2741957694016,21.775750307760518,8.781860615520374,0,1,0,1,1,1,True,34595,0.7795842019725039
34602,2025-03-07 09:00:00,9,1,MARKUP,4,B,2905.9507,2887.410681351025,2952.3007466224376,18.540018648975092,7.398637297950308,0,1,1,0,0,1,True,34609,0.7173792728288656
34625,2025-03-10 09:00:00,9,1,MARKUP,4,B,2906.07294,2887.7042099281066,2951.994765179734,18.368730071893424,6.811580143787197,0,0,1,0,1,1,True,34626,-1.0
34647,2025-03-11 08:00:00,8,-1,MARKDOWN,5,A,2911.0501200000003,2934.186956486518,2853.2080287837066,23.136836486517495,7.813912973035075,0,1,1,1,0,1,True,34651,-1.0
34659,2025-03-11 20:00:00,20,1,MARKUP,6,A+,2899.16988,2876.3394991802943,2956.245832049264,22.830380819705624,7.201001639411664,0,1,1,1,1,1,False,-1,
34671,2025-03-12 09:00:00,9,1,MARKUP,4,B,2896.03366,2876.9637759499306,2943.708370125174,19.069884050069504,5.952448100138629,0,1,0,0,1,1,False,-1,
34693,2025-03-13 08:00:00,8,1,MARKUP,5,A,2905.5836600000002,2877.017905559009,2976.998046102479,28.56575444099144,5.844188881982604,0,1,0,1,1,1,False,-1,
34705,2025-03-13 20:00:00,20,1,MARKUP,5,A,2928.10264,2888.7864267770665,3026.393173057334,39.316213222933584,7.947146445867846,0,1,0,1,1,1,False,-1,
34717,2025-03-14 09:00:00,9,1,MARKUP,5,A,2939.7287,2902.621613729039,3032.496415677403,37.10708627096119,7.096772541921929,0,1,0,1,1,1,False,-1,
34739,2025-03-17 08:00:00,8,1,MARKUP,4,B,2953.31284,2918.222426170993,3041.0388745725177,35.09041382900705,6.295147658014033,0,0,0,1,1,1,False,-1,
34751,2025-03-17 20:00:00,20,1,MARKUP,5,A,2960.40748,2929.510668965976,3037.6495075850594,30.896811034023813,6.678662068047803,0,1,0,1,1,1,False,-1,
34763,2025-03-18 09:00:00,9,1,MARKUP,5,A,2992.15244,2973.2652931967727,3039.3703070080674,18.887146803227097,6.129413606454053,0,1,0,1,1,1,False,-1,
34785,2025-03-19 08:00:00,8,1,MARKUP,5,A,3003.99782,2975.5069819884716,3075.224915028821,28.490838011528467,5.786036023056575,0,1,1,0,1,1,False,-1,
34797,2025-03-19 20:00:00,20,1,MARKUP,4,B,3006.3523999999998,2978.750755080759,3075.3565122981017,27.601644919240698,6.91848983848212,0,0,0,1,1,1,False,-1,
34809,2025-03-20 09:00:00,9,1,MARKUP,5,A,3017.65338,2989.447407450302,3088.168311374246,28.205972549698345,7.065185099396243,0,1,0,1,1,1,False,-1,
34885,2025-03-25 16:00:00,16,1,MARKUP,6,A+,3017.73184,2996.025800596934,3071.9969385076647,21.706039403065915,6.648398806131837,0,1,1,1,1,1,True,34895,1.1244007159570424
34901,2025-03-26 09:00:00,9,1,MARKUP,6,A+,3015.2406,2999.5971064809382,3054.3493337976547,15.643493519061849,5.84578703812364,0,1,1,1,1,1,True,34909,1.75
34923,2025-03-27 08:00:00,8,1,MARKUP,4,B,3016.26818,2999.6502667508016,3057.812963122996,16.61791324919841,5.739466498396773,0,1,0,0,1,1,False,-1,
34935,2025-03-27 20:00:00,20,1,MARKUP,5,A,3029.25418,3006.5351759152322,3086.051690211919,22.719004084767676,8.009648169535472,0,1,0,1,1,1,False,-1,
34947,2025-03-28 09:00:00,9,1,MARKUP,6,A+,3040.02432,3008.699648884807,3118.335997787982,31.324671115192814,7.0607022303855675,0,1,1,1,1,1,False,-1,
34969,2025-03-31 08:00:00,8,1,MARKUP,6,A+,3053.34848,3007.3849065580325,3168.257413604919,45.96357344196758,9.690186883935107,0,1,1,1,1,1,False,-1,
34981,2025-03-31 20:00:00,20,1,MARKUP,6,A+,3065.29896,3021.399594295713,3175.0473742607173,43.89936570428699,10.420811408573828,0,1,1,1,1,1,False,-1,
34993,2025-04-01 09:00:00,9,1,MARKUP,5,A,3086.46054,3043.1928077405455,3194.6298706486364,43.26773225945453,9.39438451890887,0,1,0,1,1,1,False,-1,
35018,2025-04-02 11:00:00,11,1,MARKUP,6,A+,3102.36168,3068.855789718743,3186.1264057031426,33.50589028125705,9.528420562513515,0,1,1,1,1,1,False,-1,
35038,2025-04-03 08:00:00,8,1,MARKUP,4,B,3126.33872,3094.015754591883,3207.146133520294,32.3229654081174,13.488490816235101,1,0,0,1,0,1,True,35039,-1.0
35071,2025-04-04 18:00:00,18,-1,MARKDOWN,6,A+,3110.02654,3178.232964479572,2939.51047880107,68.20642447957198,21.02592895914449,0,1,1,1,1,1,False,-1,
35084,2025-04-07 08:00:00,8,-1,MARKDOWN,5,A,3092.13748,3180.6546463782392,2870.8445640544014,88.51716637823938,25.86929275647926,0,1,0,1,1,1,False,-1,
35096,2025-04-07 20:00:00,20,-1,MARKDOWN,5,A,3075.763,3161.301416731308,2861.9169581717297,85.53841673130819,23.2428334626162,0,1,1,1,0,1,False,-1,
35108,2025-04-08 09:00:00,9,-1,MARKDOWN,4,B,3067.61776,3144.719059519379,2874.8645112015533,77.1012995193787,16.43811903875721,0,0,0,1,1,1,False,-1,
35153,2025-04-10 08:00:00,8,1,MARKUP,5,A,3023.59154,2946.423558135578,3216.5114946610547,77.16798186442202,19.51288372884381,0,1,0,1,1,1,False,-1,
35165,2025-04-10 20:00:00,20,1,MARKUP,6,A+,3048.27382,2960.9431054882025,3266.600606279493,87.3307145117974,18.033789023594696,0,1,1,1,1,1,False,-1,
35177,2025-04-11 09:00:00,9,1,MARKUP,5,A,3065.5249400000002,2961.427300072878,3325.7690398178056,104.09763992712215,17.065399854243697,0,1,0,1,1,1,False,-1,
35199,2025-04-14 08:00:00,8,1,MARKUP,5,A,3123.9831,3041.0188107166973,3331.3938232082564,82.9642892833026,15.382378566605807,0,1,1,0,1,1,False,-1,
35211,2025-04-14 20:00:00,20,1,MARKUP,4,B,3157.7568,3095.93952639845,3312.2999840038747,61.817273601549914,14.840947203099986,0,0,1,0,1,1,False,-1,
35223,2025-04-15 09:00:00,9,1,MARKUP,5,A,3187.3466399999998,3146.0202416786897,3290.662635803275,41.32639832131008,10.439516642620395,0,1,0,1,1,1,False,-1,
35245,2025-04-16 08:00:00,8,1,MARKUP,6,A+,3231.20746,3188.1723286492156,3338.7952883769613,43.03513135078447,11.175342701569395,0,1,1,1,1,1,False,-1,
35257,2025-04-16 20:00:00,20,1,MARKUP,6,A+,3246.9535,3187.226280633642,3396.2715484158953,59.727219366357986,13.067438732716285,0,1,1,1,1,1,False,-1,
35269,2025-04-17 09:00:00,9,1,MARKUP,5,A,3258.8809,3191.3265605779206,3427.766748555199,67.55433942207947,12.906878844158655,0,1,0,1,1,1,False,-1,
35291,2025-04-21 08:00:00,8,1,MARKUP,5,A,3281.538,3210.3268872299427,3459.5657819251433,71.2111127700573,13.306225540114529,0,1,0,1,1,1,False,-1,
35303,2025-04-21 20:00:00,20,1,MARKUP,5,A,3330.8002,3261.966561830421,3502.8842954239476,68.83363816957899,14.586876339157953,0,1,0,1,1,1,False,-1,
35315,2025-04-22 09:00:00,9,1,MARKUP,5,A,3366.59402,3275.1980453724755,3595.083956568811,91.39597462752454,17.683909255049276,0,1,0,1,1,1,True,35330,-1.0
35383,2025-04-25 08:00:00,8,-1,MARKDOWN,6,A+,3367.17636,3442.6485403041925,3178.4959092395184,75.47218030419253,18.757080608384722,0,1,1,1,1,1,False,-1,
35395,2025-04-25 20:00:00,20,-1,MARKDOWN,5,A,3328.539,3378.926959522235,3202.5691011944136,50.38795952223472,16.35391904446957,0,1,0,1,1,1,True,35399,0.7951494273139361
35407,2025-04-28 09:00:00,9,-1,MARKDOWN,6,A+,3330.38406,3379.3086366329812,3208.0726184175464,48.92457663298137,17.117273265962453,0,1,1,1,1,1,True,35415,0.9088452581921189
35452,2025-04-30 08:00:00,8,-1,MARKDOWN,4,B,3320.54708,3358.7142882502553,3225.129059374361,38.1672082502555,11.348576500510795,0,1,0,0,1,1,False,-1,
35464,2025-04-30 20:00:00,20,-1,MARKDOWN,5,A,3320.14598,3360.081794298448,3220.306444253879,39.93581429844835,14.083588596895916,0,0,1,1,1,1,False,-1,
35476,2025-05-01 09:00:00,9,-1,MARKDOWN,5,A,3302.71914,3360.4727005655204,3158.3352385861995,57.753560565520274,14.865401131040635,0,1,0,1,1,1,False,-1,
35498,2025-05-02 08:00:00,8,-1,MARKDOWN,4,B,3281.16288,3336.3429414574694,3143.212726356326,55.18006145746949,12.44588291493863,0,0,0,1,1,1,False,-1,
35510,2025-05-02 20:00:00,20,-1,MARKDOWN,5,A,3274.79748,3327.2292662744258,3143.7180143139362,52.431786274425576,14.818532548851248,0,1,0,1,1,1,True,35524,-1.0
35544,2025-05-06 08:00:00,8,1,MARKUP,6,A+,3274.51726,3197.453307613624,3467.1771409659405,77.06395238637606,15.133384772752333,0,1,1,1,1,1,False,-1,
35556,2025-05-06 20:00:00,20,1,MARKUP,6,A+,3297.3918,3215.8546508647637,3501.2346728380903,81.53714913523618,14.170698270472808,0,1,1,1,1,1,False,-1,
35568,2025-05-07 09:00:00,9,1,MARKUP,5,A,3305.15404,3213.923214312098,3533.2311042197543,91.23082568790187,18.033571375803856,0,0,1,1,1,1,False,-1,
35636,2025-05-12 08:00:00,8,-1,MARKDOWN,5,A,3355.22238,3422.51491173404,3186.9910506649003,67.29253173404004,15.469823468080444,0,1,1,1,0,1,False,-1,
35648,2025-05-12 20:00:00,20,-1,MARKDOWN,6,A+,3326.15846,3407.348588685424,3123.18313828644,81.19012868542404,16.09717737084805,0,1,1,1,1,1,False,-1,
35660,2025-05-13 09:00:00,9,-1,MARKDOWN,4,B,3294.18314,3354.8754164537495,3142.4524488656266,60.6922764537494,14.630832907499467,0,0,0,1,1,1,False,-1,
35682,2025-05-14 08:00:00,8,-1,MARKDOWN,4,B,3294.18314,3353.063405363766,3146.9824765905855,58.88026536376583,11.006810727531633,0,1,0,1,0,1,False,-1,
35694,2025-05-14 20:00:00,20,-1,MARKDOWN,5,A,3241.7264,3290.459735686344,3119.8930607841394,48.73333568634416,13.579471372687898,0,1,0,1,1,1,False,-1,
35706,2025-05-15 09:00:00,9,-1,MARKDOWN,5,A,3210.32202,3273.2272744036954,3053.0588839907614,62.90525440369538,15.114548807390817,0,1,0,1,1,1,True,35715,-1.0
35734,2025-05-16 14:00:00,14,-1,MARKDOWN,6,A+,3205.01958,3265.2643611251233,3054.4076271871922,60.244781125123154,16.348722250246272,0,1,1,1,1,1,True,35743,-1.0
35783,2025-05-20 17:00:00,17,1,MARKUP,6,A+,3204.55064,3147.4890882349905,3347.2045194125235,57.061551765009426,13.641823530018813,0,1,1,1,1,1,False,-1,
35797,2025-05-21 08:00:00,8,1,MARKUP,6,A+,3228.9067,3166.227567959089,3385.6045301022777,62.6791320409111,13.164864081822207,0,1,1,1,1,1,False,-1,
35809,2025-05-21 20:00:00,20,1,MARKUP,4,B,3249.1038,3198.540350702466,3375.512423243834,50.56344929753368,12.57929859506763,0,1,0,0,1,1,False,-1,
35821,2025-05-22 09:00:00,9,1,MARKUP,5,A,3258.54302,3199.3411357654845,3406.5477305862887,59.201884234515546,10.977728469030685,0,1,0,1,1,1,False,-1,
35843,2025-05-23 08:00:00,8,1,MARKUP,6,A+,3300.95636,3267.1696242603844,3385.4231993490394,33.78673573961578,12.580751479231074,0,1,1,1,1,1,False,-1,
35855,2025-05-23 20:00:00,20,1,MARKUP,5,A,3312.25794,3272.55078451744,3411.5258287063994,39.707155482559756,13.198430965119787,0,1,0,1,1,1,False,-1,
35867,2025-05-26 09:00:00,9,1,MARKUP,5,A,3312.3190600000003,3273.675795082512,3408.9272222937207,38.64326491748807,10.948409834975621,0,1,0,1,1,1,True,35888,-1.0
35933,2025-05-29 08:00:00,8,-1,MARKDOWN,5,A,3310.08156,3356.1961370850777,3194.7951172873063,46.1145770850776,12.452274170155919,0,1,0,1,1,1,True,35940,-1.0
35964,2025-05-30 16:00:00,16,-1,MARKDOWN,6,A+,3298.45698,3337.603185841826,3200.591465395435,39.14620584182603,12.886371683652197,0,1,1,1,1,1,True,35972,-1.0
35981,2025-06-02 10:00:00,10,1,MARKUP,6,A+,3288.907,3239.487564765094,3412.455588087266,49.41943523490636,12.124870469812326,0,1,1,1,1,1,False,-1,
36002,2025-06-03 08:00:00,8,1,MARKUP,6,A+,3317.47088,3266.0780849335924,3445.9528676660184,51.392795066407416,10.463830132814918,0,1,1,1,1,1,False,-1,
36014,2025-06-03 20:00:00,20,1,MARKUP,4,B,3317.47088,3266.05461716356,3446.011537091099,51.41626283643973,10.51076567287989,0,0,1,0,1,1,False,-1,
36028,2025-06-04 11:00:00,11,1,MARKUP,5,A,3328.22408,3283.690340799689,3439.558428000778,44.533739200311174,10.03931840062257,0,1,1,0,1,1,False,-1,
36048,2025-06-05 08:00:00,8,1,MARKUP,5,A,3355.65092,3328.4553548478866,3423.6398328802834,27.19556515211343,9.269290304227455,0,1,0,1,1,1,True,36058,-1.0
36094,2025-06-09 08:00:00,8,-1,MARKDOWN,5,A,3361.40832,3408.8782974278924,3242.733376430269,47.469977427892445,10.71659485578532,0,1,0,1,1,1,False,-1,
36106,2025-06-09 20:00:00,20,-1,MARKDOWN,4,B,3361.40832,3408.32933726502,3244.10577683745,46.921017265020055,9.618674530040352,0,0,0,1,1,1,False,-1,
36128,2025-06-10 19:00:00,19,-1,MARKDOWN,6,A+,3344.1475800000003,3380.44138315206,3253.4130721198508,36.29380315205981,9.702766304119708,0,1,1,1,1,1,True,36142,-1.0
36152,2025-06-11 20:00:00,20,-1,MARKDOWN,5,A,3338.23222,3366.2702787702246,3268.137073074438,28.03805877022478,11.160557540449355,0,1,1,1,0,1,True,36153,-1.0
36164,2025-06-12 09:00:00,9,1,MARKUP,6,A+,3330.9129,3296.618675719625,3416.6484607009365,34.29422428037469,10.56264856074975,0,1,1,1,1,1,False,-1,
36186,2025-06-13 08:00:00,8,1,MARKUP,6,A+,3364.80328,3308.922435449493,3504.5053913762677,55.880844550506936,13.175129101014276,0,1,1,1,1,1,False,-1,
36198,2025-06-13 20:00:00,20,1,MARKUP,6,A+,3368.05388,3313.1561234015508,3505.2982714961227,54.89775659844918,12.50775319689839,0,1,1,1,1,1,False,-1,
36210,2025-06-16 09:00:00,9,1,MARKUP,3,C,3369.74232,3313.721261972904,3509.7949650677397,56.02105802709593,11.377476054191524,0,0,0,1,0,1,False,-1,
36278,2025-06-19 08:00:00,8,-1,MARKDOWN,6,A+,3388.3280999999997,3410.494303759728,3332.9125906006784,22.166203759728432,9.608607519456507,0,1,1,1,1,1,False,-1,
36290,2025-06-19 20:00:00,20,-1,MARKDOWN,6,A+,3380.06062,3405.0207106194916,3317.6603934512714,24.96009061949144,9.74142123898338,0,1,1,1,1,1,False,-1,
36302,2025-06-20 11:00:00,11,-1,MARKDOWN,5,A,3377.20044,3404.5162115623357,3308.911011094161,27.315771562335613,9.112423124671272,0,1,0,1,1,1,True,36315,0.5893882746148221
36322,2025-06-23 08:00:00,8,-1,MARKDOWN,6,A+,3375.5751,3402.49567354018,3308.2736661495496,26.920573540180158,10.331347080360326,0,1,1,1,1,1,True,36328,1.75
36345,2025-06-24 08:00:00,8,-1,MARKDOWN,6,A+,3370.3608,3403.5265555979668,3287.446411005083,33.165755597966836,12.393111195933464,0,1,1,1,1,1,False,-1,
36357,2025-06-24 20:00:00,20,-1,MARKDOWN,5,A,3358.3851,3403.4859198223994,3245.633050444001,45.100819822399444,12.311839644799221,0,1,0,1,1,1,False,-1,
36369,2025-06-25 09:00:00,9,-1,MARKDOWN,2,C,3358.3851,3401.467935091186,3250.6780122720347,43.0828350911861,8.275870182372667,0,0,0,0,0,1,False,-1,
36398,2025-06-26 15:00:00,15,-1,MARKDOWN,5,A,3334.005,3362.3419507029985,3263.162623242504,28.336950702998365,8.923901405996787,0,1,1,0,1,1,True,36403,1.75
36414,2025-06-27 08:00:00,8,-1,MARKDOWN,5,A,3327.008,3354.8762968029223,3257.3372579926936,27.868296802922487,9.132593605844736,0,1,0,1,1,1,False,-1,
36426,2025-06-27 20:00:00,20,-1,MARKDOWN,4,B,3314.21482,3355.3716720833186,3211.322689791704,41.15685208331843,10.123344166636926,0,1,0,1,0,1,False,-1,
36438,2025-06-30 09:00:00,9,-1,MARKDOWN,3,C,3310.41774,3355.3472875412613,3198.093871146846,44.9295475412614,10.074575082522703,0,0,0,0,1,1,True,36453,-1.0
36472,2025-07-01 20:00:00,20,1,MARKUP,4,B,3288.7213,3241.881813898954,3405.820015252615,46.83948610104608,7.9963722020924655,0,1,0,0,1,1,False,-1,
36484,2025-07-02 09:00:00,9,1,MARKUP,2,C,3288.7213,3242.1568191804654,3405.132502048837,46.564480819534765,7.4463616390691305,0,0,0,0,0,1,False,-1,
36506,2025-07-03 08:00:00,8,1,MARKUP,6,A+,3315.0701799999997,3280.104721713055,3402.4838257173615,34.965458286944795,7.290556573890549,0,1,1,1,1,1,True,36513,0.743902305856835
36549,2025-07-07 09:00:00,9,-1,MARKDOWN,4,B,3342.63282,3369.716798083415,3274.9228747914613,27.08397808341533,7.95359616683103,0,1,0,1,0,1,True,36564,1.11042385144278
36574,2025-07-08 11:00:00,11,-1,MARKDOWN,5,A,3326.94808,3349.6499625107044,3270.1933737232393,22.70188251070431,7.5399250214084335,1,0,1,0,1,1,True,36576,0.8828024486503596
36594,2025-07-09 08:00:00,8,-1,MARKDOWN,6,A+,3322.61238,3349.9891959378647,3254.1703401553386,27.37681593786465,8.218391875729314,0,1,1,1,1,1,True,36613,-1.0
36606,2025-07-09 20:00:00,20,-1,MARKDOWN,5,A,3321.77198,3350.2238536041204,3250.642295989699,28.451873604120465,8.687707208240282,0,0,1,1,1,1,True,36612,-1.0
36640,2025-07-11 08:00:00,8,1,MARKUP,5,A,3305.26598,3279.2138978003745,3370.396185499064,26.052082199625602,7.112204399250801,0,1,0,1,1,1,False,-1,
36652,2025-07-11 20:00:00,20,1,MARKUP,4,B,3315.62582,3278.505316979443,3408.4270775513937,37.12050302055741,8.529366041114743,0,1,0,0,1,1,False,-1,
36664,2025-07-14 09:00:00,9,1,MARKUP,6,A+,3333.2187400000003,3303.7944665173986,3406.7794237065045,29.42427348260162,8.37106696520253,0,1,1,1,1,1,False,-1,
36686,2025-07-15 08:00:00,8,1,MARKUP,6,A+,3336.16814,3308.9004690071824,3404.3373174820445,27.267670992817784,6.579061985635456,0,1,1,1,1,1,True,36694,0.5386867155632444
36721,2025-07-16 20:00:00,20,1,MARKUP,5,A,3341.7825199999997,3314.152644421181,3410.857208947047,27.629875578818883,11.054711157638373,0,1,1,0,1,1,True,36727,-1.0
36738,2025-07-17 14:00:00,14,-1,MARKDOWN,5,A,3355.43748,3381.6440971966285,3289.920937008429,26.206617196628486,8.20819439325726,0,1,1,0,1,1,True,36761,-1.0
36755,2025-07-18 08:00:00,8,-1,MARKDOWN,4,B,3351.66714,3380.844472722014,3278.7238081949654,29.177332722013944,6.608945444028344,0,0,1,0,1,1,True,36759,-1.0
36767,2025-07-18 20:00:00,20,1,MARKUP,5,A,3335.68286,3306.5791930260057,3408.4420274349854,29.103666973994223,6.46161394798845,0,1,0,1,1,1,False,-1,
36779,2025-07-21 09:00:00,9,1,MARKUP,6,A+,3333.07762,3306.6264932082836,3399.2054369792913,26.451126791716433,6.36701358343245,0,1,1,1,1,1,False,-1,
36801,2025-07-22 08:00:00,8,1,MARKUP,4,B,3358.53368,3328.0466731533384,3434.751197116654,30.487006846661643,6.546653693323868,0,1,0,1,0,1,False,-1,
36813,2025-07-22 20:00:00,20,1,MARKUP,4,B,3370.64794,3327.874298168021,3477.5820445799463,42.77364183197869,7.871403663957902,0,1,0,1,0,1,False,-1,
36825,2025-07-23 09:00:00,9,1,MARKUP,5,A,3380.84396,3341.5805630328755,3479.0024524178116,39.26339696712466,6.8788739342488086,0,1,0,1,1,1,True,36844,-1.0
36870,2025-07-25 08:00:00,8,-1,MARKDOWN,5,A,3405.42084,3442.2606807702728,3313.321238074319,36.83984077027253,6.921361540545519,0,1,0,1,1,1,False,-1,
36882,2025-07-25 20:00:00,20,-1,MARKDOWN,5,A,3392.28312,3437.7554492316463,3278.6022969208843,45.4723292316462,7.7908984632924945,0,1,0,1,1,1,False,-1,
36894,2025-07-28 09:00:00,9,-1,MARKDOWN,4,B,3368.07402,3402.0019101725047,3283.2542945687383,33.9278901725047,7.583820345009692,0,1,0,0,1,1,False,-1,
36916,2025-07-29 08:00:00,8,-1,MARKDOWN,5,A,3347.22918,3378.9837726017217,3267.842698495695,31.754592601721924,7.347545203443635,0,1,0,1,1,1,False,-1,
36946,2025-07-30 15:00:00,15,-1,MARKDOWN,5,A,3328.72008,3349.1615825858194,3277.6163235354516,20.441502585819308,7.603165171638017,0,1,1,0,1,1,False,-1,
36962,2025-07-31 08:00:00,8,-1,MARKDOWN,5,A,3308.92508,3338.2806602414157,3235.5361293964606,29.355580241415737,8.241320482832144,0,1,0,1,1,1,True,36964,-1.0
36974,2025-07-31 20:00:00,20,-1,MARKDOWN,4,B,3308.92508,3338.5268113165457,3234.9207517086356,29.601731316545738,8.733622633091747,0,0,1,0,1,1,True,36992,-1.0
36986,2025-08-01 09:00:00,9,-1,MARKDOWN,4,B,3308.83856,3337.9124463375224,3236.1538441561943,29.073886337522254,7.784892675044546,0,1,0,0,1,1,True,36992,-1.0
37008,2025-08-04 08:00:00,8,1,MARKUP,5,A,3306.6629,3263.7697606997313,3413.895748250671,42.89313930026856,8.660478600537372,0,1,0,1,1,1,False,-1,
37020,2025-08-04 20:00:00,20,1,MARKUP,5,A,3321.3021599999997,3277.219367990089,3431.509140024777,44.08279200991092,8.801264019822398,0,1,0,1,1,1,False,-1,
37032,2025-08-05 09:00:00,9,1,MARKUP,4,B,3321.3021599999997,3278.3537543198554,3428.6731742003603,42.94840568014433,6.532491360289106,0,0,0,1,1,1,False,-1,
37054,2025-08-06 08:00:00,8,1,MARKUP,5,A,3359.6518,3337.4332679194067,3415.1981302014838,22.218532080593377,6.313464161187102,0,1,0,1,1,1,True,37058,0.7688506203324447
37066,2025-08-06 20:00:00,20,1,MARKUP,4,B,3365.461,3346.3076801826933,3413.344299543266,19.15331981730651,7.3646396346128595,0,1,0,0,1,1,True,37072,1.003287878252571
37078,2025-08-07 09:00:00,9,1,MARKUP,6,A+,3365.461,3346.3638139329655,3413.2039651675855,19.097186067034272,7.252372134068845,0,1,1,1,1,1,False,-1,
37100,2025-08-08 08:00:00,8,1,MARKUP,5,A,3377.43404,3353.1562810591277,3438.128437352181,24.277758940872445,10.187437881744936,0,1,0,1,1,1,True,37113,0.5624642318790805
37112,2025-08-08 20:00:00,20,1,MARKUP,2,C,3377.43404,3352.5953777772843,3439.5306955567894,24.83866222271581,11.309244445431826,0,0,0,0,0,1,True,37113,0.5610536731161064
37146,2025-08-12 08:00:00,8,-1,MARKDOWN,5,A,3382.74612,3412.846683170258,3307.494712074354,30.100563170258283,8.75336634051697,0,1,0,1,1,1,False,-1,
37158,2025-08-12 20:00:00,20,-1,MARKDOWN,5,A,3376.8796399999997,3410.5142193553525,3292.7931916116177,33.6345793553528,10.748438710705395,0,0,1,1,1,1,False,-1,
37171,2025-08-13 10:00:00,10,-1,MARKDOWN,2,C,3376.8796399999997,3409.066140559936,3296.413388600159,32.18650055993612,7.852281119871777,0,0,0,0,0,1,False,-1,
37194,2025-08-14 10:00:00,10,-1,MARKDOWN,6,A+,3358.06772,3378.6436523937077,3306.627889015731,20.575932393707717,7.887304787415815,0,1,1,1,1,1,True,37196,0.8185623603778265
37215,2025-08-15 08:00:00,8,-1,MARKDOWN,4,B,3357.56348,3378.0633323474985,3306.313849131253,20.499852347498745,6.726664694997726,0,1,0,0,1,1,True,37237,0.9571069355493427
37227,2025-08-15 20:00:00,20,-1,MARKDOWN,6,A+,3357.56348,3378.1786758157923,3306.0254904605185,20.615195815792504,6.957351631584662,0,1,1,1,1,1,True,37237,0.9545493901445591
37246,2025-08-18 16:00:00,16,-1,MARKDOWN,5,A,3355.15688,3378.215179782551,3297.511130543623,23.058299782550876,7.030359565102284,0,1,1,1,0,1,False,-1,
37262,2025-08-19 09:00:00,9,-1,MARKDOWN,6,A+,3345.07112,3361.1745097766816,3304.812645558296,16.103389776681524,5.589019553362578,0,1,1,1,1,1,True,37266,1.2114559631022281
37284,2025-08-20 08:00:00,8,-1,MARKDOWN,4,B,3340.49094,3361.02019617977,3289.167799550575,20.529256179770073,5.28039235953996,0,1,0,0,1,1,True,37291,-1.0
37330,2025-08-22 08:00:00,8,-1,MARKDOWN,6,A+,3336.7149600000002,3354.8296211601414,3291.428307099647,18.114661160141168,5.119242320282475,0,1,1,1,1,1,True,37339,-1.0
37342,2025-08-22 20:00:00,20,1,MARKUP,6,A+,3340.72884,3313.0766492019065,3409.8593169952346,27.65219079809367,8.22670159618677,0,1,1,1,1,1,False,-1,
37354,2025-08-25 09:00:00,9,1,MARKUP,6,A+,3343.38006,3318.384090239064,3405.8699844023404,24.995969760936077,6.191819521872096,0,1,1,1,1,1,False,-1,
37376,2025-08-26 08:00:00,8,1,MARKUP,6,A+,3346.29854,3317.665520286793,3417.881089283017,28.633019713206977,7.628959426414064,0,1,1,1,1,1,False,-1,
37388,2025-08-26 20:00:00,20,1,MARKUP,5,A,3347.41398,3317.6426586417,3421.8422833957493,29.7713213582997,7.6746827166001,0,1,0,1,1,1,False,-1,
37400,2025-08-27 10:00:00,10,1,MARKUP,6,A+,3367.6569,3348.0995590257653,3416.5502524355866,19.55734097423465,6.300881948469273,0,1,1,1,1,1,False,-1,
37421,2025-08-28 08:00:00,8,1,MARKUP,5,A,3369.58982,3348.5053587417688,3422.3009731455786,21.084461258231386,5.489282516462353,0,1,0,1,1,1,False,-1,
37433,2025-08-28 20:00:00,20,1,MARKUP,6,A+,3386.96592,3363.7922435355003,3444.9001111612497,23.17367646449975,6.95551292899935,0,1,1,1,1,1,False,-1,
37445,2025-08-29 09:00:00,9,1,MARKUP,5,A,3392.6917000000003,3371.183406230179,3446.462434424553,21.508293769821194,5.31318753964208,0,1,1,0,1,1,False,-1,
37467,2025-09-01 08:00:00,8,1,MARKUP,6,A+,3423.3612000000003,3379.5427643579187,3532.907289105204,43.81843564208157,10.014471284162838,0,1,1,1,1,1,False,-1,
37479,2025-09-01 20:00:00,20,1,MARKUP,6,A+,3426.77748,3383.635999837263,3534.6311804068428,43.141480162737025,8.248000325473669,0,1,1,1,1,1,False,-1,
37491,2025-09-02 11:00:00,11,1,MARKUP,4,B,3444.17608,3399.541140327857,3555.763429180358,44.63493967214299,9.477719344286466,0,0,0,1,1,1,False,-1,
37511,2025-09-03 08:00:00,8,1,MARKUP,5,A,3464.42218,3408.541758938314,3604.123232654215,55.880421061685865,10.156482123371376,0,1,0,1,1,1,False,-1,
37523,2025-09-03 20:00:00,20,1,MARKUP,6,A+,3501.3594200000002,3450.321751370444,3628.9535915738907,51.037668629556265,9.77649725911228,0,1,1,1,1,1,False,-1,
37535,2025-09-04 09:00:00,9,1,MARKUP,4,B,3511.50644,3464.3086149074898,3629.501002731276,47.19782509251036,11.562770185020797,0,0,1,0,1,1,False,-1,
37557,2025-09-05 08:00:00,8,1,MARKUP,5,A,3535.94834,3505.153645090539,3612.9350772736516,30.79469490946076,8.972709818921418,0,1,0,1,1,1,False,-1,
37569,2025-09-05 20:00:00,20,1,MARKUP,6,A+,3545.40902,3505.749611147114,3644.5575421322146,39.65940885288592,11.620777705771257,0,1,1,1,1,1,False,-1,
37581,2025-09-08 09:00:00,9,1,MARKUP,6,A+,3545.40902,3506.575538155795,3642.4927246105126,38.833481844204925,9.968923688409216,0,1,1,1,1,1,False,-1,
37603,2025-09-09 08:00:00,8,1,MARKUP,6,A+,3585.67148,3535.630140183145,3710.774829542137,50.041339816854816,9.059719633708958,0,1,1,1,1,1,False,-1,
37615,2025-09-09 20:00:00,20,1,MARKUP,4,B,3594.51618,3538.923040520591,3733.499028698523,55.593139479409274,11.873918958818773,0,0,0,1,1,1,False,-1,
37627,2025-09-10 09:00:00,9,1,MARKUP,4,B,3614.9781599999997,3573.086493538515,3719.7073261537116,41.891666461484874,9.767012922970359,0,0,1,0,1,1,False,-1,
37672,2025-09-12 08:00:00,8,1,MARKUP,5,A,3629.8818,3608.7987396241597,3682.589450939601,21.083060375840432,7.862520751680574,0,1,0,1,1,1,True,37691,1.75
37684,2025-09-12 20:00:00,20,1,MARKUP,6,A+,3629.8818,3609.0196921191687,3682.037069702079,20.862107880831445,7.420615761662574,0,1,1,1,1,1,True,37691,1.75
37697,2025-09-15 10:00:00,10,1,MARKUP,6,A+,3629.51508,3609.1894673340244,3680.32911166494,20.32561266597577,7.081065331951147,0,1,1,1,1,1,False,-1,
37718,2025-09-16 08:00:00,8,1,MARKUP,6,A+,3650.5951,3622.7045065889874,3720.3215835275314,27.89059341101256,7.610986822025201,0,1,1,1,1,1,False,-1,
37730,2025-09-16 20:00:00,20,1,MARKUP,5,A,3655.79412,3622.15006669182,3739.9042532704498,33.64405330817999,8.719866616360733,0,1,1,0,1,1,True,37754,0.5
37742,2025-09-17 09:00:00,9,1,MARKUP,3,C,3655.79412,3622.782102716941,3738.324163207647,33.01201728305887,7.455794566118067,0,0,0,0,1,1,True,37754,0.5
37787,2025-09-19 08:00:00,8,-1,MARKDOWN,5,A,3677.20572,3712.4205370486843,3589.168677378289,35.21481704868438,9.661074097368395,0,0,1,1,1,1,True,37799,-1.0
37799,2025-09-19 20:00:00,20,1,MARKUP,6,A+,3658.4342800000004,3623.083135615184,3746.8121409620417,35.35114438481651,9.93372876963231,0,1,1,1,1,1,False,-1,
37811,2025-09-22 09:00:00,9,1,MARKUP,6,A+,3663.17108,3623.2700478113693,3762.923660471577,39.90103218863078,9.559904377261784,0,1,1,1,1,1,False,-1,
37833,2025-09-23 08:00:00,8,1,MARKUP,6,A+,3680.79636,3627.5541349699442,3813.901922575139,53.24222503005558,9.47173006011172,0,1,1,1,1,1,False,-1,
37845,2025-09-23 20:00:00,20,1,MARKUP,5,A,3699.7996,3637.793617669928,3854.814555825179,62.005982330071674,11.092764660144075,0,1,0,1,1,1,False,-1,
37857,2025-09-24 09:00:00,9,1,MARKUP,5,A,3714.06922,3661.1930610043883,3846.2596174890286,52.876158995611604,10.473877991222743,0,1,1,1,0,1,False,-1,
37910,2025-09-26 16:00:00,16,1,MARKUP,5,A,3741.14176,3712.2397600861173,3813.396759784707,28.90199991388272,10.680479827765108,0,1,1,0,1,1,False,-1,
37925,2025-09-29 08:00:00,8,1,MARKUP,6,A+,3754.634,3711.1171239999635,3863.426190000091,43.51687600003652,12.925752000072517,0,1,1,1,1,1,False,-1,
37937,2025-09-29 20:00:00,20,1,MARKUP,4,B,3764.7347999999997,3715.8038998298994,3887.0620504252506,48.93090017010036,12.752200340201016,0,1,0,0,1,1,False,-1,
37949,2025-09-30 09:00:00,9,1,MARKUP,5,A,3785.60316,3726.693612691178,3932.877028272056,58.90954730882231,11.332774617644818,0,1,0,1,1,1,False,-1,
37971,2025-10-01 08:00:00,8,1,MARKUP,5,A,3801.5802400000002,3749.9474527066955,3930.6622082332624,51.63278729330477,12.105094586608814,0,1,1,0,1,1,False,-1,
37983,2025-10-01 20:00:00,20,1,MARKUP,4,B,3831.81634,3785.660467731582,3947.206020671045,46.15587226841808,13.719064536836363,0,0,0,1,1,1,True,38003,1.75
37995,2025-10-02 09:00:00,9,1,MARKUP,3,C,3832.2304,3787.7674962460806,3943.387659384798,44.46290375391936,10.845007507838627,0,0,0,0,1,1,True,38003,0.5
38024,2025-10-03 15:00:00,15,1,MARKUP,5,A,3848.9444399999998,3813.906767257936,3936.5386218551594,35.03767274206393,10.926465484128125,0,1,1,0,1,1,False,-1,
38040,2025-10-06 08:00:00,8,1,MARKUP,5,A,3867.40268,3813.0683187737945,4003.238583065514,54.3343612262056,12.603362452410494,0,1,0,1,1,1,False,-1,
38052,2025-10-06 20:00:00,20,1,MARKUP,5,A,3876.9374,3812.360919337023,4038.378601657442,64.57648066297679,14.018161325954175,0,1,0,1,1,1,False,-1,
38064,2025-10-07 09:00:00,9,1,MARKUP,5,A,3884.6482,3821.183794061292,4043.309214846771,63.464405938708296,12.252411877416193,0,1,0,1,1,1,False,-1,
38086,2025-10-08 08:00:00,8,1,MARKUP,6,A+,3936.24858,3867.8593162495454,4107.221739376137,68.38926375045457,12.101367500908744,0,1,1,1,1,1,False,-1,
38098,2025-10-08 20:00:00,20,1,MARKUP,5,A,3974.54726,3915.6143564163567,4121.879518959107,58.93290358364311,13.251287167286547,0,1,0,1,1,1,True,38120,1.75
38110,2025-10-09 09:00:00,9,1,MARKUP,4,B,3986.07296,3933.000250962812,4118.75473259297,53.072709037187906,15.779498074375251,0,0,0,1,1,1,True,38120,1.75
38155,2025-10-13 08:00:00,8,1,MARKUP,5,A,3995.68206,3934.553548058006,4148.503339854985,61.12851194199402,20.3929038839876,0,1,1,1,0,1,False,-1,
38167,2025-10-13 20:00:00,20,1,MARKUP,5,A,4010.5877,3936.593654180107,4195.572814549732,73.99404581989302,16.312691639786003,0,1,0,1,1,1,False,-1,
38179,2025-10-14 09:00:00,9,1,MARKUP,4,B,4034.5314599999997,3934.096922527953,4285.617803680116,100.43453747204649,21.30615494409392,0,0,0,1,1,1,False,-1,
38201,2025-10-15 08:00:00,8,1,MARKUP,5,A,4058.73678,3966.2453787486415,4289.965283128397,92.49140125135864,18.209242502716425,0,1,0,1,1,1,False,-1,
38213,2025-10-15 20:00:00,20,1,MARKUP,6,A+,4115.07692,4041.836769676681,4298.177295808299,73.24015032331954,18.84646064663891,0,1,1,1,1,1,False,-1,
38225,2025-10-16 09:00:00,9,1,MARKUP,4,B,4148.37086,4081.5201847356207,4315.497548160948,66.85067526437933,17.779630528758776,0,1,0,0,1,1,False,-1,
38247,2025-10-17 08:00:00,8,1,MARKUP,5,A,4223.08924,4112.223858546634,4500.252693633416,110.86538145336635,27.812282906733007,0,1,0,1,1,1,True,38256,1.0273800155123394
38277,2025-10-20 15:00:00,15,1,MARKUP,6,A+,4260.22486,4172.226143552105,4480.221651119738,87.99871644789528,27.98771289579045,0,1,1,1,1,1,True,38296,-1.0
38293,2025-10-21 08:00:00,8,1,MARKUP,5,A,4260.7673,4174.557831780501,4476.290970548749,86.20946821949929,23.324336438997346,0,1,0,1,1,1,True,38296,-1.0
38316,2025-10-22 08:00:00,8,-1,MARKDOWN,5,A,4237.42094,4398.956029007361,3833.5832174815964,161.53508900736142,35.1720580147223,0,1,0,1,1,1,False,-1,
38328,2025-10-22 20:00:00,20,-1,MARKDOWN,5,A,4237.42094,4401.278864113263,3827.7761297168427,163.85792411326292,39.81772822652547,0,1,0,1,1,1,False,-1,
38340,2025-10-23 09:00:00,9,-1,MARKDOWN,4,B,4237.42094,4396.2351886044335,3840.3853184889163,158.8142486044335,29.730377208866745,0,0,0,1,1,1,False,-1,
38364,2025-10-24 10:00:00,10,-1,MARKDOWN,5,A,4101.4424,4172.048200517345,3924.9278987066364,70.60580051734541,21.416401034690143,0,1,1,1,0,1,True,38370,1.1127182759138932
38385,2025-10-27 08:00:00,8,-1,MARKDOWN,5,A,4101.3282,4165.803444946442,3940.1400876338944,64.47524494644222,22.066889892883395,0,1,0,1,1,1,False,-1,
38397,2025-10-27 20:00:00,20,-1,MARKDOWN,5,A,4084.8067,4166.5800810466635,3880.3732473833415,81.77338104666342,23.62016209332594,0,1,0,1,1,1,False,-1,
38409,2025-10-28 09:00:00,9,-1,MARKDOWN,6,A+,4068.3929200000002,4160.255308140686,3838.736949648286,91.86238814068565,23.33061628137087,0,1,1,1,1,1,False,-1,
38431,2025-10-29 08:00:00,8,-1,MARKDOWN,4,B,4042.3843199999997,4149.562182345601,3774.4396641359954,107.17786234560162,21.64436469120379,0,0,0,1,1,1,False,-1,
38461,2025-10-30 15:00:00,15,-1,MARKDOWN,6,A+,3975.28188,4042.8621078768215,3806.3313103079463,67.58022787682148,25.404215753643403,1,1,1,0,1,1,True,38462,-1.0
38530,2025-11-04 15:00:00,15,-1,MARKDOWN,5,A,4012.2981,4050.6230141606834,3916.4858145982917,38.32491416068342,15.18602832136674,0,1,1,0,1,1,False,-1,
38546,2025-11-05 08:00:00,8,-1,MARKDOWN,5,A,3991.69712,4038.4739794412485,3874.7549713968783,46.77685944124869,15.747958882496972,0,0,1,1,1,1,True,38569,-1.0
38594,2025-11-07 10:00:00,10,1,MARKUP,6,A+,3963.91584,3923.7719362090647,4064.275599477339,40.14390379093538,11.436127581870489,0,1,1,1,1,1,False,-1,
38615,2025-11-10 08:00:00,8,1,MARKUP,6,A+,4008.06216,3957.661078362135,4134.064864094662,50.40108163786499,13.797843275730312,0,1,1,1,1,1,False,-1,
38627,2025-11-10 20:00:00,20,1,MARKUP,5,A,4023.09404,3958.9919683148214,4183.349219212946,64.10207168517854,13.43606337035697,0,1,1,1,0,1,False,-1,
38639,2025-11-11 09:00:00,9,1,MARKUP,5,A,4035.7306000000003,3959.761757911682,4225.652705220797,75.96884208831852,11.896484176636548,0,1,0,1,1,1,False,-1,
38661,2025-11-12 08:00:00,8,1,MARKUP,5,A,4050.76036,3983.734081460557,4218.326056348609,67.02627853944341,12.591837078886613,0,0,1,1,1,1,False,-1,
38673,2025-11-12 20:00:00,20,1,MARKUP,6,A+,4111.84412,4042.1135416685297,4286.170565828675,69.73057833147004,15.952916662941007,0,1,1,1,1,1,False,-1,
38685,2025-11-13 09:00:00,9,1,MARKUP,6,A+,4141.83558,4085.5436776200163,4282.565335949959,56.29190237998364,15.792644759967473,0,1,1,1,1,1,False,-1,
38708,2025-11-14 09:00:00,9,1,MARKUP,4,B,4154.71784,4089.345974648597,4318.147503378508,65.37186535140336,19.10805070280525,0,0,0,1,1,1,True,38712,-1.0
38732,2025-11-17 10:00:00,10,-1,MARKDOWN,5,A,4163.74568,4255.965269324628,3933.19670668843,92.21958932462803,21.890538649254356,0,1,0,1,1,1,False,-1,
38753,2025-11-18 08:00:00,8,-1,MARKDOWN,5,A,4132.41486,4221.331163587543,3910.124101031141,88.91630358754355,20.242327175087198,0,1,0,1,1,1,False,-1,
38765,2025-11-18 20:00:00,20,-1,MARKDOWN,3,C,4125.14462,4213.999847523468,3903.0065511913303,88.85522752346787,20.63969504693609,0,0,0,0,1,1,True,38784,0.8598480806636797
38809,2025-11-20 18:00:00,18,-1,MARKDOWN,6,A+,4081.35932,4144.367270584874,3923.839443537815,63.007950584873925,23.07454116974832,0,1,1,1,1,1,True,38812,-1.0
38822,2025-11-21 08:00:00,8,-1,MARKDOWN,5,A,4093.24334,4142.860306505766,3969.200923735585,49.61696650576596,20.060613011532126,0,1,1,0,1,1,True,38832,0.6943722681989271
38845,2025-11-24 08:00:00,8,-1,MARKDOWN,5,A,4076.6422000000002,4119.581552033238,3969.2938199169057,42.93935203323781,18.723104066476015,0,1,0,1,1,1,True,38849,-1.0
38868,2025-11-25 08:00:00,8,1,MARKUP,5,A,4073.3055400000003,4014.6802261489165,4219.86882462771,58.625313851083774,15.279547702166893,0,1,0,1,1,1,False,-1,
38880,2025-11-25 20:00:00,20,1,MARKUP,4,B,4074.64636,4013.1500788571866,4228.387062857034,61.49628114281359,18.339842285627192,0,1,0,0,1,1,False,-1,
38892,2025-11-26 09:00:00,9,1,MARKUP,5,A,4089.4135,4032.8894468985495,4230.723632753627,56.52405310145059,14.301106202900545,0,1,0,1,1,1,False,-1,
38914,2025-11-27 08:00:00,8,1,MARKUP,6,A+,4120.74842,4082.354923850395,4216.732160374012,38.39349614960474,11.610152299209222,0,1,1,1,1,1,False,-1,
38926,2025-11-27 20:00:00,20,1,MARKUP,5,A,4134.02924,4105.098886369864,4206.3551240753395,28.93035363013587,9.102227260270844,0,1,1,0,1,1,False,-1,
38938,2025-11-28 11:00:00,11,1,MARKUP,4,B,4152.51684,4122.041115930985,4228.706150172538,30.475724069015087,10.817768138029507,0,0,0,1,1,1,False,-1,
38956,2025-12-01 08:00:00,8,1,MARKUP,5,A,4182.3144999999995,4128.457651107262,4316.9566222318435,53.85684889273762,16.224697785476366,0,1,0,1,1,1,False,-1,
38968,2025-12-01 20:00:00,20,1,MARKUP,5,A,4189.19232,4134.427242868737,4326.105012828157,54.76507713126284,16.505514262526884,0,1,1,0,1,1,True,38982,0.8433586179591218
39008,2025-12-03 14:00:00,14,1,MARKUP,7,A+,4201.59558,4156.493461258313,4314.350876854218,45.10211874168726,12.51307748337499,1,1,1,1,1,1,True,39012,0.7777329384381202
39035,2025-12-04 18:00:00,18,1,MARKUP,5,A,4192.89362,4155.893498877317,4285.3939228067065,37.000121122682685,13.713002245364992,0,1,1,0,1,1,False,-1,
39048,2025-12-05 08:00:00,8,1,MARKUP,5,A,4195.5077599999995,4161.729219497464,4279.9541112563375,33.77854050253518,10.501561005071238,0,1,1,1,0,1,True,39063,0.8480291394424178
39060,2025-12-05 20:00:00,20,1,MARKUP,3,C,4207.2535,4168.1935355509,4304.903411122748,39.059964449099425,13.752928898198721,1,0,0,0,0,1,True,39061,0.6506157638823367
39073,2025-12-08 10:00:00,10,1,MARKUP,4,B,4207.2535,4169.2490487671375,4302.2646280821555,38.004451232862266,11.641902465725213,1,0,0,0,1,1,True,39074,0.6547988772860106
39094,2025-12-09 08:00:00,8,-1,MARKDOWN,5,A,4225.21886,4264.682227672286,4126.560440819285,39.46336767228604,10.724455344573114,0,1,1,0,1,1,False,-1,
39140,2025-12-11 08:00:00,8,1,MARKUP,5,A,4199.72758,4163.575793770612,4290.107045573469,36.15178622938765,12.948412458776065,0,0,1,1,1,1,False,-1,
39152,2025-12-11 20:00:00,20,1,MARKUP,5,A,4214.32762,4162.147780058423,4344.7772198539415,52.179839941576574,15.80443988315329,0,1,0,1,1,1,False,-1,
39164,2025-12-12 09:00:00,9,1,MARKUP,6,A+,4223.438459999999,4175.905315837045,4342.271320407384,47.53314416295416,12.149368325907986,0,1,1,1,1,1,False,-1,
39186,2025-12-15 08:00:00,8,1,MARKUP,6,A+,4247.52356,4174.379708606061,4430.383188484846,73.14385139393835,15.200582787876744,0,1,1,1,1,1,False,-1,
39198,2025-12-15 20:00:00,20,1,MARKUP,6,A+,4261.2617,4196.64287337897,4422.808766552575,64.61882662103017,15.134253242060739,0,1,1,1,1,1,False,-1,
39217,2025-12-16 16:00:00,16,1,MARKUP,5,A,4294.3247,4250.598501719963,4403.6401957000935,43.72619828003735,14.222996560074069,0,1,1,1,0,1,True,39219,0.7161880586053581
39232,2025-12-17 08:00:00,8,1,MARKUP,5,A,4293.1023,4250.833838805363,4398.773452986592,42.268461194636984,13.752322389275536,0,1,0,1,1,1,False,-1,
39244,2025-12-17 20:00:00,20,1,MARKUP,3,C,4301.64924,4263.820035891375,4396.222250271563,37.82920410862516,15.439928217251492,0,1,0,0,0,1,False,-1,
39256,2025-12-18 09:00:00,9,1,MARKUP,3,C,4301.221399999999,4266.07752006799,4389.081099830023,35.14387993200944,10.924959864019302,0,1,0,0,0,1,False,-1,
39286,2025-12-19 16:00:00,16,1,MARKUP,5,A,4332.42734,4300.48506879504,4412.2830180124,31.94227120495998,11.649862409921038,1,0,1,0,1,1,True,39287,1.75
39301,2025-12-22 08:00:00,8,1,MARKUP,6,A+,4351.166499999999,4302.612062750482,4472.552593123792,48.55443724951692,12.495874499033588,0,1,1,1,1,1,False,-1,
39313,2025-12-22 20:00:00,20,1,MARKUP,5,A,4359.81498,4302.809180455089,4502.329478862279,57.0057995449115,12.101639089821758,0,1,0,1,1,1,False,-1,
39325,2025-12-23 09:00:00,9,1,MARKUP,6,A+,4381.38284,4303.129766063758,4577.0155248406045,78.25307393624189,12.400467872482766,0,1,1,1,1,1,False,-1,
39347,2025-12-24 08:00:00,8,1,MARKUP,5,A,4408.65698,4327.593112649723,4611.316648375692,81.06386735027718,17.433774700555055,0,1,0,1,1,1,False,-1,
39359,2025-12-24 20:00:00,20,1,MARKUP,4,B,4445.947099999999,4388.349969748123,4589.939925629691,57.59713025187648,16.600060503753614,0,0,1,0,1,1,False,-1,
39372,2025-12-26 13:00:00,13,1,MARKUP,5,A,4468.0468,4421.424465249342,4584.602636876646,46.62233475065841,15.011069501317719,0,1,0,1,1,1,True,39391,-1.0
39413,2025-12-30 08:00:00,8,-1,MARKDOWN,5,A,4454.59302,4561.195784839278,4188.086107901807,106.60276483927737,22.671569678555727,0,1,0,1,1,1,False,-1,
39425,2025-12-30 20:00:00,20,-1,MARKDOWN,3,C,4454.59302,4560.733586493294,4189.241603766766,106.14056649329359,21.7471729865882,0,0,1,0,0,1,False,-1,
39437,2025-12-31 09:00:00,9,-1,MARKDOWN,3,C,4444.67146,4562.708099327113,4149.579861682216,118.03663932711333,25.996198654225772,0,1,0,0,0,1,False,-1,
39470,2026-01-02 19:00:00,19,-1,MARKDOWN,6,A+,4354.7401,4413.443772951479,4207.980917621302,58.70367295147935,18.50754590295996,0,1,1,1,1,1,True,39475,-1.0
39492,2026-01-05 18:00:00,18,1,MARKUP,4,B,4343.9011,4265.699913297257,4539.404066756858,78.20118670274314,18.080173405486015,0,1,0,1,0,1,False,-1,
39505,2026-01-06 08:00:00,8,1,MARKUP,5,A,4369.38518,4296.508047895438,4551.578010261406,72.8771321045624,16.263904209124817,0,1,0,1,1,1,False,-1,
39517,2026-01-06 20:00:00,20,1,MARKUP,4,B,4380.22552,4301.562225977873,4576.883755055318,78.66329402212705,16.47554804425418,0,1,0,0,1,1,False,-1,
39529,2026-01-07 09:00:00,9,1,MARKUP,4,B,4382.68178,4301.271508724449,4586.207458188877,81.41027127555117,17.056982551103303,0,0,1,0,1,1,False,-1,
39561,2026-01-08 18:00:00,18,1,MARKUP,6,A+,4443.2087,4399.4093928202565,4552.70696794936,43.799307179743664,16.661214359487158,0,1,1,1,1,1,False,-1,
39574,2026-01-09 08:00:00,8,1,MARKUP,5,A,4443.2087,4400.806528399657,4549.2141290008585,42.402171600343536,13.86694320068685,0,1,1,1,0,1,False,-1,
39586,2026-01-09 20:00:00,20,1,MARKUP,4,B,4449.5307999999995,4399.3703660709625,4574.931884822592,50.160433929037026,16.739267858074903,0,1,0,0,1,1,False,-1,
39598,2026-01-12 09:00:00,9,1,MARKUP,6,A+,4481.61498,4398.586907040208,4689.185162399482,83.02807295979255,18.306185919584156,0,1,1,1,1,1,False,-1,
39620,2026-01-13 08:00:00,8,1,MARKUP,3,C,4515.6057200000005,4436.341270655453,4713.76684336137,79.26444934454776,16.83745868909564,0,0,0,0,1,1,False,-1,
39632,2026-01-13 20:00:00,20,1,MARKUP,4,B,4525.40288,4448.146331347362,4718.5442516315925,77.25654865263732,19.407337305275608,0,0,0,1,1,1,False,-1,
39644,2026-01-14 09:00:00,9,1,MARKUP,5,A,4542.25646,4474.013420070961,4712.864059822597,68.24303992903879,16.133159858077313,0,1,1,1,0,1,False,-1,
39666,2026-01-15 08:00:00,8,1,MARKUP,5,A,4597.71948,4560.740201591604,4690.167676020988,36.97927840839566,18.079596816791273,0,0,1,1,1,1,True,39673,-1.0
39678,2026-01-15 20:00:00,20,1,MARKUP,4,B,4597.71948,4561.423951776398,4688.458300559004,36.29552822360165,16.712096447202928,0,1,1,0,0,1,True,39684,-1.0
39694,2026-01-16 13:00:00,13,1,MARKUP,5,A,4604.7585,4574.097274243421,4681.4115643914465,30.66122575657846,14.145451513156527,0,1,1,0,1,1,True,39695,-1.0
39712,2026-01-19 08:00:00,8,1,MARKUP,6,A+,4595.50968,4526.574762944734,4767.8469726381645,68.93491705526594,20.03047411053181,0,1,1,1,1,1,False,-1,
39724,2026-01-19 20:00:00,20,1,MARKUP,6,A+,4595.50968,4529.628241123596,4760.21327719101,65.88143887640399,13.923517752808795,0,1,1,1,1,1,False,-1,
39736,2026-01-20 11:00:00,11,1,MARKUP,6,A+,4613.3338,4529.515401035512,4822.879797411222,83.81839896448855,14.149197928976822,0,1,1,1,1,1,False,-1,
39756,2026-01-21 08:00:00,8,1,MARKUP,5,A,4670.95468,4525.557738157957,5034.447034605108,145.3969418420429,22.064523684086417,0,1,0,1,1,1,False,-1,
39768,2026-01-21 20:00:00,20,1,MARKUP,6,A+,4746.1343799999995,4645.220470796469,4998.419153008825,100.91390920353024,26.039058407061503,0,1,1,1,1,1,False,-1,
39780,2026-01-22 09:00:00,9,1,MARKUP,6,A+,4746.82654,4645.769269384589,4999.469716538527,101.05727061541074,27.181461230820855,0,1,1,1,1,1,False,-1,
39802,2026-01-23 08:00:00,8,1,MARKUP,4,B,4820.001499999999,4718.184109677485,5074.544975806285,101.81739032251426,21.61178064502972,0,1,0,1,0,1,False,-1,
39814,2026-01-23 20:00:00,20,1,MARKUP,4,B,4844.71478,4744.205028578971,5095.989158552573,100.50975142102925,23.54994284205626,0,1,0,0,1,1,False,-1,
39826,2026-01-26 09:00:00,9,1,MARKUP,6,A+,4891.55562,4742.817316667816,5263.40137833046,148.73830333218393,26.325366664366246,0,1,1,1,1,1,False,-1,
39848,2026-01-27 08:00:00,8,1,MARKUP,5,A,4960.83342,4852.070274158674,5232.741284603315,108.76314584132615,32.01945168265283,0,1,1,0,1,1,False,-1,
39860,2026-01-27 20:00:00,20,1,MARKUP,4,B,4980.41784,4886.343933648882,5215.602605877795,94.07390635111824,26.852132702237682,0,1,0,0,1,1,False,-1,
39872,2026-01-28 09:00:00,9,1,MARKUP,6,A+,5086.15608,4944.097960611184,5441.301378472039,142.0581193888156,28.60407877763128,0,1,1,1,1,1,False,-1,
39894,2026-01-29 08:00:00,8,1,MARKUP,5,A,5222.39678,4965.083562581782,5865.679823545546,257.3132174182183,49.89287483643569,0,1,0,1,1,1,True,39903,0.5
39906,2026-01-29 20:00:00,20,1,MARKUP,3,C,5257.26434,5007.2895117466405,5882.201410633397,249.9748282533592,78.32097650671912,0,0,0,1,0,1,True,39913,-1.0
39940,2026-02-02 08:00:00,8,-1,MARKDOWN,6,A+,5141.081279999999,5660.9773526477475,3841.3410983806293,519.896072647748,125.3147052954962,0,1,1,1,1,1,False,-1,
39952,2026-02-02 20:00:00,20,-1,MARKDOWN,5,A,5139.301439999999,5649.203201507404,3864.547036231488,509.90176150740444,107.52640301480761,0,1,1,0,1,1,False,-1,
40032,2026-02-06 08:00:00,8,-1,MARKDOWN,2,C,4925.29576,5123.891231345953,4428.807081635117,198.59547134595323,63.84246269190589,0,0,0,0,0,1,True,40039,-0.07968076962054235
40056,2026-02-09 09:00:00,9,1,MARKUP,5,A,4805.1075,4635.7248917138395,5228.564020715401,169.38260828616058,39.850216572320036,0,1,0,1,1,1,False,-1,
40078,2026-02-10 08:00:00,8,1,MARKUP,4,B,4820.30346,4639.763517890636,5271.653315273411,180.53994210936435,31.772964218727935,0,0,0,1,1,1,False,-1,
40090,2026-02-10 20:00:00,20,1,MARKUP,2,C,4914.28272,4792.679592044245,5218.290539889389,121.60312795575555,30.08081591151075,0,0,0,0,0,1,False,-1,
40102,2026-02-11 09:00:00,9,1,MARKUP,4,B,4994.02944,4924.748912931102,5167.230757672247,69.28052706889866,24.022174137796743,0,1,0,0,1,1,False,-1,
40124,2026-02-12 08:00:00,8,1,MARKUP,3,C,5037.75536,4974.351263610139,5196.265600974653,63.40409638986148,26.357472779721682,0,0,0,1,0,1,True,40134,-1.0
40147,2026-02-13 08:00:00,8,-1,MARKDOWN,6,A+,5027.047320000001,5136.041866691562,4754.560953271097,108.99454669156148,34.063733383122845,0,1,1,1,1,1,True,40157,0.9462382358580905
40159,2026-02-13 20:00:00,20,-1,MARKDOWN,4,B,5027.047320000001,5135.687488942307,4755.446897644235,108.64016894230645,33.35497788461325,1,0,0,0,1,1,True,40160,0.9476938383593982
40191,2026-02-17 08:00:00,8,-1,MARKDOWN,6,A+,4993.0365600000005,5091.446292140985,4747.012229647539,98.40973214098449,27.2725842819684,0,1,1,1,1,1,False,-1,
40203,2026-02-17 20:00:00,20,-1,MARKDOWN,5,A,4972.27428,5067.9367061903795,4733.11821452405,95.66242619037985,30.533412380757937,0,1,0,1,1,1,True,40222,-1.0
40215,2026-02-18 09:00:00,9,-1,MARKDOWN,5,A,4972.27428,5064.022263463026,4742.904321342433,91.74798346302669,22.704526926053155,0,0,1,1,1,1,True,40222,-1.0
40246,2026-02-19 17:00:00,17,1,MARKUP,6,A+,4910.9891,4831.675665050892,5109.272687372768,79.31343494910743,21.068669898214917,0,1,1,1,1,1,False,-1,
40260,2026-02-20 08:00:00,8,1,MARKUP,6,A+,4918.81944,4840.844007653989,5113.758020865028,77.97543234601108,18.4919846920219,0,1,1,1,1,1,False,-1,
40272,2026-02-20 20:00:00,20,1,MARKUP,6,A+,4971.35888,4894.529846642754,5163.431463393114,76.82903335724586,23.900306714491414,0,1,1,1,1,1,False,-1,
40284,2026-02-23 09:00:00,9,1,MARKUP,5,A,5043.29032,4948.901872343106,5279.261439142234,94.38844765689373,23.936255313787257,0,1,0,1,1,1,False,-1,
40306,2026-02-24 08:00:00,8,1,MARKUP,5,A,5080.12316,4962.501651107292,5374.1769322317705,117.62150889270833,25.6166977854171,0,0,1,1,1,1,False,-1,
40318,2026-02-24 20:00:00,20,1,MARKUP,4,B,5089.819579999999,4978.12329172626,5369.0603006843485,111.69628827373981,25.75341654748096,0,0,1,0,1,1,False,-1,
40332,2026-02-25 11:00:00,11,1,MARKUP,6,A+,5138.02358,5057.639867224589,5338.982861938528,80.38371277541137,22.720265550822393,0,1,1,1,1,1,False,-1,
40352,2026-02-26 08:00:00,8,1,MARKUP,3,C,5151.91004,5081.086441630091,5328.969035924772,70.82359836990872,20.767116739819222,0,1,0,0,0,1,True,40360,1.75
40364,2026-02-26 20:00:00,20,1,MARKUP,5,A,5139.67076,5079.1772231641435,5290.904602089641,60.4935368358565,24.585553671712848,0,1,1,0,1,1,False,-1,
40377,2026-02-27 10:00:00,10,1,MARKUP,4,B,5157.07364,5110.104509989997,5274.496465025008,46.96913001000303,19.050980020007692,0,1,0,0,1,1,False,-1,
40398,2026-03-02 08:00:00,8,1,MARKUP,5,A,5230.89218,5116.058803261836,5517.9756218454095,114.83337673816368,28.742393476328193,0,1,1,1,0,1,False,-1,
40410,2026-03-02 20:00:00,20,1,MARKUP,4,B,5240.80126,5113.590592171577,5558.827929571059,127.21066782842354,33.678815656847476,0,0,1,1,0,1,True,40424,-1.0
40422,2026-03-03 09:00:00,9,1,MARKUP,5,A,5259.32272,5144.548102195709,5546.259264510727,114.77461780429076,31.703795608580293,0,0,1,1,1,1,True,40424,-1.0
40444,2026-03-04 08:00:00,8,-1,MARKDOWN,5,A,5257.632659999999,5442.75502377529,4794.826750561771,185.12236377529098,46.79004755058079,0,1,0,1,1,1,False,-1,
40456,2026-03-04 20:00:00,20,-1,MARKDOWN,5,A,5257.632659999999,5438.2201482607425,4806.163939348142,180.58748826074316,37.72029652148506,0,1,1,0,1,1,False,-1,
40470,2026-03-05 11:00:00,11,-1,MARKDOWN,3,C,5233.20312,5394.413362489281,4830.177513776798,161.21024248928097,29.166724978562087,0,0,1,0,0,1,False,-1,
40490,2026-03-06 08:00:00,8,-1,MARKDOWN,5,A,5146.63406,5220.060612964145,4963.067677589639,73.42655296414432,27.92122592828796,0,1,1,1,0,1,True,40499,0.7655023624119964
40514,2026-03-09 09:00:00,9,-1,MARKDOWN,5,A,5127.78176,5217.312347913655,4903.955290215863,89.53058791365493,39.00469582730797,0,1,0,1,1,1,True,40517,-1.0
40546,2026-03-10 18:00:00,18,1,MARKUP,6,A+,5100.09238,5001.065828501078,5347.658758747306,99.02655149892234,26.8483429978435,0,1,1,1,1,1,False,-1,
40559,2026-03-11 08:00:00,8,1,MARKUP,4,B,5100.09238,5003.168247416556,5342.40271145861,96.92413258344368,22.64350516688602,0,1,0,1,0,1,False,-1,
40571,2026-03-11 20:00:00,20,1,MARKUP,3,C,5128.80466,5049.767576266887,5326.397369332783,79.03708373311292,22.36484746622563,0,0,0,1,0,1,True,40577,-1.0
40605,2026-03-13 08:00:00,8,-1,MARKDOWN,6,A+,5168.37604,5248.426308568785,4968.2503685780375,80.05026856878521,19.692617137570092,0,1,1,1,1,1,False,-1,
40617,2026-03-13 20:00:00,20,-1,MARKDOWN,5,A,5137.30106,5223.374195761159,4922.118220597102,86.07313576115939,25.328391522318793,0,1,0,1,1,1,False,-1,
40629,2026-03-16 09:00:00,9,-1,MARKDOWN,5,A,5105.98538,5205.1393821249885,4858.1003746875285,99.15400212498844,26.858764249976428,0,1,0,1,1,1,False,-1,
40651,2026-03-17 08:00:00,8,-1,MARKDOWN,5,A,5077.09388,5155.908075564642,4880.058391088396,78.81419556464152,21.896151129283655,0,0,1,1,1,1,False,-1,
40663,2026-03-17 20:00:00,20,-1,MARKDOWN,4,B,5062.84898,5132.462276037839,4888.815739905402,69.61329603783906,21.104552075678075,0,1,0,0,1,1,False,-1,
40676,2026-03-18 10:00:00,10,-1,MARKDOWN,5,A,5027.05442,5072.699502236522,4912.9417144086965,45.645082236521375,17.419004473043092,0,1,1,0,1,1,False,-1,
40697,2026-03-19 08:00:00,8,-1,MARKDOWN,6,A+,4952.3507,5056.766889234771,4691.310226913072,104.41618923477108,24.59377846954082,0,1,1,1,1,1,False,-1,
40709,2026-03-19 20:00:00,20,-1,MARKDOWN,4,B,4837.41836,5069.970178418187,4256.038813954531,232.5518184181874,51.00035683637321,0,1,0,1,0,1,False,-1,
40721,2026-03-20 09:00:00,9,-1,MARKDOWN,6,A+,4820.06492,5036.573778437597,4278.792773906007,216.50885843759715,40.36755687519392,0,1,1,1,1,1,False,-1,
40743,2026-03-23 08:00:00,8,-1,MARKDOWN,6,A+,4671.2915,4929.312278688728,4026.239553278181,258.02077868872766,60.1245573774567,0,1,1,1,1,1,False,-1,
40755,2026-03-23 20:00:00,20,-1,MARKDOWN,4,B,4565.5432599999995,4894.791409173895,3742.422887065261,329.2481491738954,81.62281834779105,0,0,0,1,1,1,False,-1,
40767,2026-03-24 09:00:00,9,-1,MARKDOWN,4,B,4492.50802,4769.230636134521,3800.7014796636986,276.72261613452065,66.86127226904168,0,0,0,1,1,1,True,40783,-0.23388756909025693
40823,2026-03-26 19:00:00,19,-1,MARKDOWN,6,A+,4494.57534,4622.05121553735,4175.885651156626,127.47587553734957,39.02243107469955,0,1,1,1,1,1,True,40844,-1.0
40837,2026-03-27 10:00:00,10,-1,MARKDOWN,5,A,4506.43644,4619.253873839945,4224.392855400138,112.8174338399449,33.42774767989147,0,0,1,1,1,1,True,40844,-1.0
40881,2026-03-31 08:00:00,8,1,MARKUP,6,A+,4453.5842999999995,4333.864307839573,4752.884280401067,119.71999216042695,34.19138432085527,0,1,1,1,1,1,False,-1,
40893,2026-03-31 20:00:00,20,1,MARKUP,6,A+,4504.59464,4387.4476543925775,4797.4621040185575,117.14698560742272,32.96469121484559,0,1,1,1,1,1,False,-1,
40905,2026-04-01 09:00:00,9,1,MARKUP,6,A+,4539.5169000000005,4404.892072663194,4876.078968342017,134.62482733680645,30.155854673612872,0,1,1,1,1,1,False,-1,
40936,2026-04-02 17:00:00,17,1,MARKUP,5,A,4632.36928,4507.184228215944,4945.331909460139,125.18505178405576,42.53154356811182,0,1,1,0,1,1,True,40943,1.087376989217316
40953,2026-04-06 11:00:00,11,1,MARKUP,6,A+,4648.22098,4537.43746993313,4925.179755167175,110.7835100668699,33.32506013374004,0,1,1,1,1,1,True,40962,1.0921907400508672
40976,2026-04-07 11:00:00,11,1,MARKUP,5,A,4648.22098,4541.162314309006,4915.867644227485,107.05866569099362,25.87537138198811,0,1,1,0,1,1,True,40979,1.1127945681790004
40996,2026-04-08 08:00:00,8,1,MARKUP,6,A+,4698.71142,4583.686442344084,4986.273864139789,115.02497765591579,33.847115311830805,0,1,1,1,1,1,True,41014,1.0159470889691133
41008,2026-04-08 20:00:00,20,1,MARKUP,4,B,4702.9509,4591.241816158489,4982.223609603776,111.70908384151062,32.45636768302218,0,0,0,1,1,1,True,41010,1.0932780730171268
41029,2026-04-09 18:00:00,18,1,MARKUP,5,A,4702.9509,4594.567324815045,4973.9098379623865,108.38357518495468,25.80535036991073,0,1,1,0,1,1,False,-1,
41042,2026-04-10 08:00:00,8,1,MARKUP,5,A,4713.87096,4615.091753469039,4960.818976327404,98.77920653096135,20.096493061922867,0,1,0,1,1,1,True,41058,1.0240681131011202
41054,2026-04-10 20:00:00,20,1,MARKUP,4,B,4754.051,4688.423745394528,4918.119136513682,65.62725460547244,20.092509210945348,1,0,0,0,1,1,True,41055,-1.0
41088,2026-04-14 08:00:00,8,1,MARKUP,5,A,4697.4881399999995,4624.265831733774,4880.543910665564,73.22230826622581,18.268336532452647,0,1,0,1,1,1,False,-1,
41100,2026-04-14 20:00:00,20,1,MARKUP,6,A+,4712.88274,4622.643649746724,4938.480465633191,90.23909025327612,21.512700506551944,0,1,1,1,1,1,False,-1,
41112,2026-04-15 09:00:00,9,1,MARKUP,5,A,4724.3274599999995,4624.00950849066,4975.122338773349,100.31795150933976,18.780983018679425,0,1,0,1,1,1,False,-1,
41164,2026-04-17 15:00:00,15,1,MARKUP,5,A,4807.3125,4758.626575527923,4929.027311180193,48.685924472077204,18.10684894415558,0,1,1,0,1,1,True,41173,-1.0
41186,2026-04-20 14:00:00,14,1,MARKUP,5,A,4795.2486,4727.019420005686,4965.821549985785,68.22917999431411,20.10115998862803,1,0,1,1,0,1,True,41189,-1.0
41213,2026-04-21 18:00:00,18,-1,MARKDOWN,5,A,4826.0153,4900.176424966627,4640.612487583434,74.16112496662663,21.61284993325271,0,1,1,0,1,1,False,-1,
41226,2026-04-22 08:00:00,8,-1,MARKDOWN,3,C,4799.58566,4890.942788762978,4571.192838092554,91.35712876297839,20.84557752595609,0,0,0,0,1,1,False,-1,
41238,2026-04-22 20:00:00,20,-1,MARKDOWN,3,C,4770.2801,4841.789993832973,4591.505365417568,71.50989383297292,17.379987665945578,0,0,0,0,1,1,False,-1,
41250,2026-04-23 09:00:00,9,-1,MARKDOWN,5,A,4770.2801,4842.282108685207,4590.275078286982,72.00200868520733,18.364217370414128,0,1,0,1,1,1,False,-1,
41272,2026-04-24 08:00:00,8,-1,MARKDOWN,5,A,4728.5527999999995,4782.204576879755,4594.42335780061,53.651776879755744,19.749153759511394,0,1,0,1,1,1,True,41281,0.5202691493524207
41304,2026-04-27 17:00:00,17,-1,MARKDOWN,6,A+,4714.746679999999,4757.654762744892,4607.476473137768,42.908082744892454,15.329525489784253,0,1,1,1,1,1,False,-1,
41318,2026-04-28 08:00:00,8,-1,MARKDOWN,6,A+,4696.357239999999,4748.36535723248,4566.336946918797,52.0081172324808,14.490714464960696,0,1,1,1,1,1,False,-1,
41330,2026-04-28 20:00:00,20,-1,MARKDOWN,5,A,4669.55192,4750.4707259333245,4467.254905166688,80.91880593332462,20.161451866648306,0,1,0,1,1,1,False,-1,
41342,2026-04-29 09:00:00,9,-1,MARKDOWN,5,A,4663.18652,4738.262106642347,4475.497553394132,75.07558664234693,16.344213284693787,0,1,1,0,1,1,False,-1,
41364,2026-04-30 08:00:00,8,-1,MARKDOWN,4,B,4628.38744,4711.017164613644,4421.813128465891,82.6297246136437,19.274329227288614,0,0,0,1,1,1,True,41367,1.0053567252231497
41413,2026-05-04 11:00:00,11,-1,MARKDOWN,4,B,4605.9942,4668.908512728268,4448.708418179331,62.91431272826776,17.41702545653538,0,1,1,0,0,1,False,-1,
41433,2026-05-05 08:00:00,8,-1,MARKDOWN,4,B,4599.251899999999,4668.860971866018,4425.229220334952,69.6090718660189,17.321943732036615,0,1,0,1,0,1,True,41451,-1.0
41445,2026-05-05 20:00:00,20,-1,MARKDOWN,4,B,4599.251899999999,4668.6342048577135,4425.796137855714,69.38230485771419,16.86840971542822,0,0,1,1,0,1,True,41451,-1.0
41461,2026-05-06 13:00:00,13,1,MARKUP,5,A,4585.5724199999995,4491.114311030922,4821.717692422693,94.45810896907733,19.071377938154235,0,1,1,1,0,1,False,-1,
41479,2026-05-07 08:00:00,8,1,MARKUP,6,A+,4585.5724199999995,4492.148748404028,4819.1315989899285,93.42367159597143,17.00250319194357,0,1,1,1,1,1,False,-1,
41491,2026-05-07 20:00:00,20,1,MARKUP,4,B,4618.4776,4517.009771468949,4872.147171327628,101.46782853105105,22.020457062102743,0,0,0,1,1,1,False,-1,
41503,2026-05-08 09:00:00,9,1,MARKUP,5,A,4629.81172,4535.5600917739175,4865.440790565205,94.25162822608218,21.599816452163985,0,1,1,0,1,1,False,-1,
41533,2026-05-11 16:00:00,16,1,MARKUP,5,A,4692.7303,4636.985249590399,4832.092926024004,55.74505040960139,22.369500819202013,0,1,1,1,0,1,True,41550,-1.0
41554,2026-05-12 14:00:00,14,1,MARKUP,5,A,4696.01932,4638.859050716704,4838.919993208242,57.16026928329666,18.621898566593615,1,0,1,1,0,1,True,41555,-1.0
41617,2026-05-15 08:00:00,8,-1,MARKDOWN,6,A+,4661.8619,4737.103934093093,4473.756814767267,75.24203409309303,20.947868186186145,0,1,1,1,1,1,False,-1,
41629,2026-05-15 20:00:00,20,-1,MARKDOWN,5,A,4639.736000000001,4731.042077138844,4411.470807152891,91.30607713884365,24.464154277688337,0,1,0,1,1,1,False,-1,
41641,2026-05-18 09:00:00,9,-1,MARKDOWN,3,C,4627.7794,4731.118391819706,4369.431920450737,103.33899181970537,24.616783639409817,0,1,0,0,0,1,False,-1,
41663,2026-05-19 08:00:00,8,-1,MARKDOWN,6,A+,4609.6534599999995,4699.036793692285,4386.195125769286,89.3833336922853,19.11358738457062,0,1,1,1,1,1,False,-1,
41675,2026-05-19 20:00:00,20,-1,MARKDOWN,6,A+,4561.46758,4632.39433852723,4384.150683681928,70.92675852722914,21.668677054459163,0,1,1,1,1,1,False,-1,
41687,2026-05-20 09:00:00,9,-1,MARKDOWN,5,A,4537.62204,4599.739900630627,4382.327388423433,62.11786063062664,20.499801261254422,0,1,0,1,1,1,True,41696,0.4272851597035517
41732,2026-05-22 08:00:00,8,-1,MARKDOWN,6,A+,4526.028359999999,4579.190359514218,4393.123361214453,53.16199951421822,16.920719028436775,0,1,1,1,1,1,True,41733,-1.0
41765,2026-05-25 18:00:00,18,1,MARKUP,6,A+,4523.52334,4481.894264224619,4627.596029438451,41.62907577538044,13.451471550761006,0,1,1,1,1,1,True,41776,-1.0
41779,2026-05-26 11:00:00,11,-1,MARKDOWN,6,A+,4545.51834,4587.570928517465,4440.386868706335,42.052588517465665,14.481857034930883,0,1,1,1,1,1,False,-1,
41799,2026-05-27 08:00:00,8,-1,MARKDOWN,4,B,4542.92074,4588.93244159035,4427.891486024123,46.01170159035064,17.204883180699852,0,1,0,0,1,1,False,-1,
41811,2026-05-27 20:00:00,20,-1,MARKDOWN,5,A,4512.02076,4590.889585412731,4314.848696468172,78.86882541273098,21.119170825462348,0,1,0,1,1,1,True,41834,-1.0
41823,2026-05-28 09:00:00,9,-1,MARKDOWN,5,A,4498.73098,4590.6123824646465,4269.027473838385,91.88140246464627,20.564764929293627,0,1,0,1,1,1,True,41833,-1.0
41857,2026-05-29 20:00:00,20,1,MARKUP,5,A,4454.05666,4356.490194140844,4697.97282464789,97.56646585915587,20.459611718311024,0,1,0,1,1,1,True,41876,-1.0
41869,2026-06-01 09:00:00,9,1,MARKUP,3,C,4454.05666,4358.321924457227,4693.393498856933,95.7347355427728,16.79615108554596,0,0,0,1,0,1,True,41876,-1.0
41896,2026-06-02 13:00:00,13,1,MARKUP,6,A+,4503.33598,4438.5551327445255,4665.288098138686,64.78084725547433,15.809734510949657,0,1,1,1,1,1,True,41899,-1.0
41914,2026-06-03 08:00:00,8,-1,MARKDOWN,6,A+,4538.474020000001,4602.981423472818,4377.205511317956,64.50740347281771,15.26284694563617,0,1,1,1,1,1,False,-1,
41926,2026-06-03 20:00:00,20,-1,MARKDOWN,6,A+,4497.52944,4550.186479342818,4365.886841642957,52.65703934281737,17.39295868563556,0,1,1,1,1,1,True,41943,0.8271069793975123
41938,2026-06-04 09:00:00,9,-1,MARKDOWN,4,B,4496.50186,4550.648899076161,4361.134262309599,54.14703907616058,18.31779815232256,0,0,1,0,1,1,True,41943,0.8086169690634522
41960,2026-06-05 08:00:00,8,-1,MARKDOWN,6,A+,4480.37824,4523.080156611037,4373.623448472408,42.70191661103672,15.360313222073657,0,1,1,1,1,1,False,-1,
41972,2026-06-05 20:00:00,20,-1,MARKDOWN,5,A,4442.12094,4526.663583585268,4230.76433103683,84.5426435852678,22.527167170535456,0,1,0,1,1,1,False,-1,
41984,2026-06-08 09:00:00,9,-1,MARKDOWN,6,A+,4421.0421799999995,4527.176634850893,4155.706042872766,106.13445485089323,23.55326970178649,0,1,1,1,1,1,False,-1,
42006,2026-06-09 08:00:00,8,-1,MARKDOWN,2,C,4402.3600400000005,4493.725722751187,4173.945833122034,91.3656827511868,17.111445502375297,0,0,0,0,0,1,False,-1,
42018,2026-06-09 20:00:00,20,-1,MARKDOWN,5,A,4384.4963800000005,4486.963570915953,4128.32840271012,102.46719091595241,22.407141831905115,0,1,0,1,1,1,False,-1,
42030,2026-06-10 09:00:00,9,-1,MARKDOWN,5,A,4290.517999999999,4374.882429996585,4079.6069250085334,84.3644299965863,22.80485999317249,0,1,0,1,1,1,False,-1,
42052,2026-06-11 08:00:00,8,-1,MARKDOWN,5,A,4233.75662,4378.946107472143,3870.782901319643,145.1894874721429,30.932214944286496,0,1,0,1,1,1,True,42068,-1.0
42064,2026-06-11 20:00:00,20,-1,MARKDOWN,3,C,4233.75662,4379.503186961495,3869.390202596263,145.74656696149486,32.04637392299122,0,0,0,0,1,1,True,42068,-1.0
42103,2026-06-15 13:00:00,13,1,MARKUP,6,A+,4146.71064,4013.28924751359,4480.264121216026,133.42139248641024,21.201504972819706,0,1,1,1,1,1,False,-1,
42121,2026-06-16 08:00:00,8,1,MARKUP,4,B,4184.67328,4062.2474820682046,4490.737774829488,122.42579793179539,16.385035863590797,0,0,0,1,1,1,False,-1,
42133,2026-06-16 20:00:00,20,1,MARKUP,6,A+,4246.38676,4162.1739650610525,4456.91874734737,84.21279493894781,16.25206987789521,0,1,1,1,1,1,False,-1,
42145,2026-06-17 09:00:00,9,1,MARKUP,4,B,4265.92174,4195.279140259928,4442.52823935018,70.642599740072,13.261719480144295,0,0,1,0,1,1,True,42158,-1.0
42190,2026-06-19 08:00:00,8,-1,MARKDOWN,5,A,4282.7954,4392.49713950752,4008.5410512312,109.70173950751996,20.534279015040905,0,1,0,1,1,1,False,-1,
42202,2026-06-19 20:00:00,20,-1,MARKDOWN,4,B,4282.7954,4390.884057260113,4012.5737568497175,108.088657260113,17.308114520226937,0,1,0,1,0,1,False,-1,
42217,2026-06-22 15:00:00,15,-1,MARKDOWN,4,B,4250.42456,4338.691414189886,4029.7574245252863,88.26685418988563,17.68282837977045,0,0,1,0,1,1,False,-1,
42233,2026-06-23 08:00:00,8,-1,MARKDOWN,6,A+,4214.74252,4286.241115186689,4035.9960320332766,71.49859518668927,19.122230373377295,0,1,1,1,1,1,False,-1,
42245,2026-06-23 20:00:00,20,-1,MARKDOWN,6,A+,4171.32618,4230.3376576473775,4023.7974858815564,59.01147764737743,18.69531529475531,0,1,1,1,1,1,False,-1,
42257,2026-06-24 09:00:00,9,-1,MARKDOWN,4,B,4155.86282,4231.306740068194,3967.2530198295162,75.44392006819362,20.633480136387863,0,1,0,0,1,1,False,-1,
42279,2026-06-25 08:00:00,8,-1,MARKDOWN,5,A,4108.8769,4214.475767436676,3844.8797314083117,105.59886743667539,26.271534873349996,0,1,1,0,1,1,False,-1,
42291,2026-06-25 20:00:00,20,-1,MARKDOWN,2,C,4075.2824199999995,4158.859487819912,3866.3397504502186,83.57706781991237,23.7589756398245,0,0,0,0,0,1,True,42310,0.99800929935813
42337,2026-06-29 20:00:00,20,-1,MARKDOWN,6,A+,4048.4201000000003,4105.157568203044,3906.57642949239,56.737468203044045,18.39513640608875,0,1,1,1,1,1,True,42357,0.9643964553798217
42351,2026-06-30 11:00:00,11,-1,MARKDOWN,5,A,4036.91426,4106.649813897579,3862.5753752560513,69.7355538975794,21.379627795158893,0,0,1,1,1,1,True,42354,0.7953408694647763
42371,2026-07-01 08:00:00,8,-1,MARKDOWN,6,A+,4036.91426,4103.961753451791,3869.2955263705226,67.04749345179107,16.003506903583,0,1,1,1,1,1,True,42379,-1.0
42401,2026-07-02 15:00:00,15,1,MARKUP,5,A,4017.43092,3930.604436819569,4234.497127951077,86.82648318043084,21.571126360861882,0,1,1,0,1,1,False,-1,
42417,2026-07-03 08:00:00,8,1,MARKUP,5,A,4050.0902199999996,3950.8165693126584,4298.274346718353,99.27365068734116,18.846861374682867,0,1,0,1,1,1,False,-1,
42429,2026-07-03 20:00:00,20,1,MARKUP,6,A+,4050.0902199999996,3953.1248509782645,4292.503642554338,96.96536902173511,14.230298043470517,0,1,1,1,1,1,False,-1,
42442,2026-07-06 13:00:00,13,1,MARKUP,4,B,4095.21406,4020.588951087595,4281.776832281012,74.62510891240481,16.06209782480939,0,0,1,0,1,1,False,-1,
42467,2026-07-07 15:00:00,15,1,MARKUP,5,A,4144.4254,4100.772536078293,4253.557559804267,43.65286392170674,14.954927843412424,0,1,1,1,0,1,True,42469,-1.0
42492,2026-07-08 17:00:00,17,-1,MARKDOWN,5,A,4138.38436,4213.838076065817,3949.7500698354565,75.45371606581739,21.776152131635097,0,1,1,1,0,1,False,-1,
42506,2026-07-09 08:00:00,8,-1,MARKDOWN,3,C,4119.89806,4189.457421005639,3945.999657485904,69.5593610056385,17.894842011278293,0,0,0,1,0,1,True,42513,1.2058005054893248
42529,2026-07-10 08:00:00,8,1,MARKUP,3,C,4072.95542,4015.157677346985,4217.449776632537,57.797742653014666,13.364645306030008,0,1,0,0,0,1,True,42538,-1.0
42552,2026-07-13 08:00:00,8,-1,MARKDOWN,6,A+,4093.6392400000004,4146.60656018057,3961.2209395485756,52.967320180569914,17.17312036114035,0,1,1,1,1,1,False,-1,
42564,2026-07-13 20:00:00,20,-1,MARKDOWN,6,A+,4080.1622800000005,4147.495998560471,3911.827983598824,67.33371856047052,18.95199712094132,0,1,1,1,1,1,True,42582,0.9725758858239169
42576,2026-07-14 09:00:00,9,-1,MARKDOWN,5,A,4078.74888,4145.705043837361,3911.3584704065984,66.95616383736069,15.370087674721493,0,1,0,1,1,1,True,42582,0.9646859962005694
42608,2026-07-15 18:00:00,18,-1,MARKDOWN,7,A+,4057.13124,4111.144656387061,3922.097699032347,54.01341638706117,16.209312774122143,1,1,1,1,1,1,True,42610,0.8759208924876764
42621,2026-07-16 08:00:00,8,-1,MARKDOWN,5,A,4057.13124,4110.250591126423,3924.332862183942,53.119351126423226,14.421182252846672,0,1,1,1,0,1,False,-1,
42633,2026-07-16 20:00:00,20,-1,MARKDOWN,6,A+,4053.61684,4112.256211924761,3907.018410188097,58.639371924761235,18.432423849523136,0,1,1,1,1,1,False,-1,
42645,2026-07-17 09:00:00,9,-1,MARKDOWN,5,A,4038.56454,4089.831393189645,3910.397407025887,51.26685318964519,16.942786379289977,0,1,0,1,1,1,False,-1,
