i,time,heure,sens,phase,score,grade,entry,sl,tp,risque,atr,f_fib,f_kijun,f_rsi,f_fvg,f_ob,f_rr,rempli,bar_fill,resultat_R
105,2024-01-05 13:15:00,13,-1,MARKDOWN,5,A,2044.02216,2049.0908092658824,2031.350536835294,5.068649265882414,1.6416185317649032,0,1,1,1,0,1,True,116,0.5
123,2024-01-05 17:45:00,17,1,MARKUP,5,A,2039.53956,2021.7810034866334,2083.935951283416,17.758556513366557,5.277993026733366,0,1,0,1,1,1,False,-1,
135,2024-01-05 20:45:00,20,1,MARKUP,6,A+,2039.53956,2022.3199438226322,2082.588600443419,17.219616177367698,4.20011235473573,0,1,1,1,1,1,False,-1,
176,2024-01-08 08:00:00,8,-1,MARKDOWN,5,A,2049.86218,2065.1295813805204,2011.6936765486992,15.267401380520369,2.2591627610408906,0,1,0,1,1,1,False,-1,
188,2024-01-08 11:00:00,11,-1,MARKDOWN,6,A+,2041.4264799999999,2051.5172357799447,2016.1995905501376,10.090755779944857,2.3344715598899453,0,1,1,1,1,1,False,-1,
200,2024-01-08 14:00:00,14,-1,MARKDOWN,5,A,2035.21258,2047.8767575524917,2003.5521361187705,12.664177552491765,2.5535151049833194,0,1,0,1,1,1,True,216,0.40449369718383865
212,2024-01-08 17:00:00,17,-1,MARKDOWN,4,B,2035.21258,2048.2751705231303,2002.5561036921738,13.062590523130439,3.3503410462606316,0,0,0,1,1,1,True,216,0.3921565168049338
282,2024-01-09 11:30:00,11,1,MARKUP,5,A,2030.7407400000002,2025.0258901252369,2045.0278646869085,5.714849874763331,2.208219749526404,0,1,1,0,1,1,False,-1,
294,2024-01-09 14:30:00,14,1,MARKUP,5,A,2030.8668,2025.1421530511957,2045.1784173720107,5.72464694880432,1.975693897608614,0,1,0,1,1,1,True,307,-1.0
313,2024-01-09 19:15:00,19,-1,MARKDOWN,6,A+,2035.88002,2043.3169371602833,2017.2877270992922,7.436917160283201,2.733874320566223,0,1,1,1,1,1,False,-1,
360,2024-01-10 08:00:00,8,-1,MARKDOWN,5,A,2034.0478799999999,2040.8985076369718,2016.92131090757,6.850627636971922,1.737015273943515,0,1,1,0,1,1,True,368,0.8124476944488308
380,2024-01-10 13:00:00,13,1,MARKUP,5,A,2030.1227800000001,2022.943445450838,2048.0711163729056,7.179334549162149,1.9131090983240513,0,1,0,1,1,1,True,391,-1.0
392,2024-01-10 16:00:00,16,1,MARKUP,4,B,2030.1227800000001,2022.880754263509,2048.227844341228,7.242025736491087,2.0384914729818644,1,0,0,0,1,1,True,393,-1.0
404,2024-01-10 19:00:00,19,-1,MARKDOWN,5,A,2033.96722,2041.3771348064,2015.4424329840003,7.409914806399911,2.3742696127994978,0,1,0,1,1,1,False,-1,
452,2024-01-11 08:00:00,8,1,MARKUP,5,A,2026.0281,2019.6893807158044,2041.874898210489,6.338719284195577,1.5612385683910341,0,1,1,0,1,1,False,-1,
464,2024-01-11 11:00:00,11,1,MARKUP,3,C,2026.2955,2019.6296471197784,2042.9601322005537,6.665852880221564,1.6807057604430755,0,0,0,0,1,1,True,482,0.5368537467696186
476,2024-01-11 14:00:00,14,1,MARKUP,5,A,2027.15452,2021.1192031294377,2042.242812176406,6.035316870562383,1.481593741124306,0,1,0,1,1,1,True,482,0.5
494,2024-01-11 18:30:00,18,-1,MARKDOWN,6,A+,2029.6752999999999,2041.676428256468,1999.6724793588296,12.001128256468064,4.252856512935974,0,1,1,1,1,1,True,516,-1.0
544,2024-01-12 08:00:00,8,1,MARKUP,6,A+,2022.46306,2012.552027798982,2047.2406405025454,9.911032201018088,1.6159444020360845,0,1,1,1,1,1,False,-1,
556,2024-01-12 11:00:00,11,1,MARKUP,6,A+,2023.56704,2012.4270664466785,2051.4169738833034,11.139973553321397,1.8658671066427792,0,1,1,1,1,1,False,-1,
568,2024-01-12 14:00:00,14,1,MARKUP,5,A,2035.0469600000001,2022.2985107279924,2066.9180831800195,12.748449272007747,2.362978544015191,0,1,1,1,0,1,False,-1,
580,2024-01-12 17:00:00,17,1,MARKUP,5,A,2042.3742200000002,2028.283773819496,2077.6003354512604,14.09044618050416,3.572452361007858,0,1,0,1,1,1,True,590,0.955601782668352
592,2024-01-12 20:00:00,20,1,MARKUP,5,A,2044.0613600000001,2031.025034348656,2076.6521741283605,13.036325651344214,3.549931302687942,1,0,0,1,1,1,False,-1,
636,2024-01-15 08:00:00,8,1,MARKUP,5,A,2049.40706,2040.675887819651,2071.2349904508724,8.731172180348949,1.548224360697948,0,1,0,1,1,1,False,-1,
648,2024-01-15 11:00:00,11,1,MARKUP,5,A,2048.01276,2040.5307093048268,2066.7178867379334,7.482050695173257,1.8385813903464148,0,1,0,1,1,1,False,-1,
667,2024-01-15 15:45:00,15,1,MARKUP,4,B,2050.69488,2045.028193479807,2064.8615963004827,5.666686520193025,1.5236130403858108,0,0,1,0,1,1,True,672,-1.0
681,2024-01-15 19:15:00,19,1,MARKUP,6,A+,2052.85788,2048.5561987012143,2063.612083246964,4.301681298785752,1.4676025975710347,0,1,1,1,1,1,True,696,-1.0
726,2024-01-16 09:45:00,9,-1,MARKDOWN,6,A+,2052.9158199999997,2057.088767740616,2042.4834506484594,4.1729477406161095,1.477535481231443,0,1,1,1,1,1,False,-1,
739,2024-01-16 13:00:00,13,-1,MARKDOWN,5,A,2049.60388,2057.3682361909514,2030.192989522622,7.7643561909512755,2.036472381903083,0,1,0,1,1,1,False,-1,
751,2024-01-16 16:00:00,16,-1,MARKDOWN,5,A,2046.35942,2057.390495196582,2018.781732008545,11.031075196581924,3.5809903931641482,0,0,1,1,1,1,False,-1,
763,2024-01-16 19:00:00,19,-1,MARKDOWN,6,A+,2041.6334,2053.7138230841842,2011.432342289539,12.080423084184304,4.067646168368416,0,1,1,1,1,1,False,-1,
811,2024-01-17 08:00:00,8,-1,MARKDOWN,6,A+,2033.18696,2043.6338435518715,2007.0697511203214,10.446883551871451,2.007687103742509,0,1,1,1,1,1,False,-1,
823,2024-01-17 11:00:00,11,-1,MARKDOWN,6,A+,2027.10304,2034.0529189151473,2009.7283427121315,6.9498789151473375,2.2258378302943096,0,1,1,1,1,1,True,829,1.75
841,2024-01-17 15:30:00,15,-1,MARKDOWN,6,A+,2027.10304,2034.2771948429565,2009.1676528926087,7.174154842956568,2.674389685913045,0,1,1,1,1,1,False,-1,
853,2024-01-17 18:30:00,18,-1,MARKDOWN,5,A,2022.7215,2034.6644223202848,1992.8641941992885,11.942922320284652,3.448844640569434,0,1,1,1,0,1,False,-1,
995,2024-01-19 08:00:00,8,1,MARKUP,4,B,2015.6387399999999,2008.8663451511757,2032.5697271220604,6.772394848824206,1.2673096976487266,0,0,1,0,1,1,False,-1,
1007,2024-01-19 11:00:00,11,1,MARKUP,5,A,2020.32692,2013.0030999310409,2038.6364701723978,7.323820068959094,1.61380013791828,0,1,1,1,0,1,False,-1,
1019,2024-01-19 14:00:00,14,1,MARKUP,6,A+,2025.6125,2019.5650707844227,2040.7310730389431,6.047429215577267,1.5898584311545898,0,1,1,1,1,1,True,1031,0.5
1032,2024-01-19 17:15:00,17,1,MARKUP,4,B,2027.6565400000002,2018.9971330662097,2049.3050573344763,8.659406933790478,2.8257338675805928,1,0,0,0,1,1,True,1033,-1.0
1095,2024-01-22 10:00:00,10,-1,MARKDOWN,5,A,2027.1740000000002,2033.2099347055148,2012.0841632362137,6.035934705514592,2.1398694110293497,0,1,0,1,1,1,True,1111,0.8945195276854158
1107,2024-01-22 13:00:00,13,-1,MARKDOWN,3,C,2027.1740000000002,2033.1661976431715,2012.1935058920722,5.9921976431712665,2.0523952863428407,0,0,1,0,0,1,True,1111,0.897399126491323
1119,2024-01-22 16:00:00,16,-1,MARKDOWN,5,A,2027.1740000000002,2033.3436818722082,2011.7497953194802,6.1696818722080025,2.4073637444160205,0,1,0,1,1,1,False,-1,
1134,2024-01-22 19:45:00,19,-1,MARKDOWN,6,A+,2024.9448,2031.3664362952825,2008.8907092617937,6.421636295282497,2.4528725905648403,0,1,1,1,1,1,False,-1,
1179,2024-01-23 08:00:00,8,1,MARKUP,5,A,2022.3273,2015.7519586387093,2038.7656534032265,6.5753413612906115,1.5760827225813832,0,1,0,1,1,1,False,-1,
1191,2024-01-23 11:00:00,11,1,MARKUP,3,C,2026.3063200000001,2017.952726154089,2047.1903046147777,8.353593845911064,2.374547691822142,0,0,0,1,0,1,True,1195,0.6779932211777517
1271,2024-01-24 08:00:00,8,-1,MARKDOWN,4,B,2027.14504,2031.3961006781026,2016.517388304744,4.251060678102476,1.4122013562050695,0,1,0,0,1,1,True,1273,-1.0
1283,2024-01-24 11:00:00,11,1,MARKUP,5,A,2026.7674000000002,2021.652207276193,2039.5553818095182,5.11519272380724,2.055585447614351,0,1,1,0,1,1,True,1305,0.5
1295,2024-01-24 14:00:00,14,1,MARKUP,5,A,2027.29738,2021.9131862507188,2040.757864373203,5.384193749281167,1.9136274985622437,0,1,0,1,1,1,True,1305,0.5
1313,2024-01-24 18:30:00,18,-1,MARKDOWN,6,A+,2027.22696,2038.3711531238012,1999.3664771904969,11.144193123801188,3.402306247602136,0,1,1,1,1,1,False,-1,
1367,2024-01-25 09:00:00,9,-1,MARKDOWN,6,A+,2019.4594,2025.1813124543996,2005.154618864001,5.721912454399671,1.2826249087992103,0,1,1,1,1,1,True,1382,0.7721914736852726
1388,2024-01-25 14:15:00,14,-1,MARKDOWN,6,A+,2016.6271399999998,2020.3877706764529,2007.225563308867,3.7606306764530473,1.6155413529057996,0,1,1,1,1,1,True,1392,-1.0
1405,2024-01-25 18:30:00,18,-1,MARKDOWN,6,A+,2019.17272,2026.8671292625068,1999.9366968437332,7.694409262506724,3.13425852501371,0,1,1,1,1,1,True,1422,0.11212296754267265
1455,2024-01-26 08:00:00,8,1,MARKUP,5,A,2017.43286,2011.9572472704137,2031.1218918239651,5.475612729586146,1.2255054591725627,0,1,0,1,1,1,False,-1,
1475,2024-01-26 13:00:00,13,1,MARKUP,5,A,2018.5708,2014.2284837095654,2029.4265907260865,4.34231629043461,1.5030325808692167,0,1,1,1,0,1,True,1491,1.1601738457914026
1487,2024-01-26 16:00:00,16,1,MARKUP,4,B,2021.50666,2017.048883993303,2032.6511000167425,4.457776006697031,2.322232013393914,0,1,1,0,0,1,True,1488,-1.0
1502,2024-01-26 19:45:00,19,-1,MARKDOWN,4,B,2022.69148,2027.9133796508186,2009.6367308729534,5.221899650818614,2.1467593016373567,0,1,1,0,0,1,True,1519,-1.0
1547,2024-01-29 08:00:00,8,1,MARKUP,6,A+,2020.81612,2015.177824252137,2034.9118593696571,5.638295747862912,1.6043514957258351,0,1,1,1,1,1,False,-1,
1559,2024-01-29 11:00:00,11,1,MARKUP,5,A,2022.8596,2015.1787713818821,2042.0616715452948,7.680828618117857,1.7624572362357598,0,1,0,1,1,1,True,1582,0.7017984614356115
1571,2024-01-29 14:00:00,14,1,MARKUP,5,A,2023.51468,2016.312411638343,2041.5203509041423,7.202268361656934,1.615176723313531,0,1,1,1,0,1,True,1582,0.6697297762736472
1592,2024-01-29 19:15:00,19,1,MARKUP,6,A+,2027.09018,2019.3733031573136,2046.3823721067158,7.716876842686361,2.4533936853727165,0,1,1,1,1,1,True,1595,0.6999641694258857
1639,2024-01-30 08:00:00,8,1,MARKUP,6,A+,2026.4637,2019.922306994096,2042.81718251476,6.541393005903956,1.3553860118076315,0,1,1,1,1,1,False,-1,
1651,2024-01-30 11:00:00,11,1,MARKUP,5,A,2030.9746,2024.3674663771003,2047.4924340572493,6.60713362289971,1.5250672457996166,0,1,0,1,1,1,False,-1,
1663,2024-01-30 14:00:00,14,1,MARKUP,5,A,2033.55166,2028.5139723078173,2046.145879230457,5.037687692182772,1.5720553843651708,1,0,1,1,0,1,True,1667,1.75
1741,2024-01-31 10:30:00,10,1,MARKUP,6,A+,2034.95598,2030.8912548339383,2045.117792915154,4.064725166061635,1.3374903321233782,0,1,1,1,1,1,False,-1,
1753,2024-01-31 13:30:00,13,1,MARKUP,5,A,2035.7902800000002,2032.2560244080173,2044.6259189799573,3.5342555919828555,1.3079511839654543,0,1,0,1,1,1,False,-1,
1765,2024-01-31 16:30:00,16,1,MARKUP,5,A,2039.68286,2031.7771679683817,2059.447090079045,7.905692031618173,2.265664063236935,0,1,1,0,1,1,True,1783,0.5818452083431196
1777,2024-01-31 19:30:00,19,1,MARKUP,4,B,2041.7418400000001,2031.5663476998363,2067.1805707504095,10.175492300163796,2.687304600327653,0,1,0,1,0,1,True,1783,-1.0
1823,2024-02-01 08:00:00,8,1,MARKUP,4,B,2040.48112,2030.0407765253153,2066.5819786867114,10.440343474684596,1.6584469493693297,0,0,0,1,1,1,True,1831,-1.0
1844,2024-02-01 13:15:00,13,-1,MARKDOWN,5,A,2042.8758599999999,2051.9615965049024,2020.1615187377433,9.08573650490257,2.303193009804616,0,1,0,1,1,1,True,1855,-1.0
1860,2024-02-01 17:15:00,17,1,MARKUP,6,A+,2038.00088,2028.1819352012774,2062.5482419968066,9.818944798722669,3.716129597445101,0,1,1,1,1,1,False,-1,
1872,2024-02-01 20:15:00,20,1,MARKUP,5,A,2043.55134,2027.908364294947,2082.6587792626324,15.642975705053004,4.263271410105881,0,1,0,1,1,1,False,-1,
1919,2024-02-02 09:00:00,9,1,MARKUP,5,A,2053.60002,2045.5849769813883,2073.6376275465286,8.01504301861155,1.4300460372231607,0,1,1,0,1,1,True,1927,-1.0
1936,2024-02-02 13:15:00,13,1,MARKUP,5,A,2053.90472,2051.2223318880124,2060.6106902799693,2.6823881119876205,1.5753362239760116,0,1,1,0,1,1,True,1942,0.565711807554228
1949,2024-02-02 16:30:00,16,-1,MARKDOWN,5,A,2046.2764,2059.4109308248335,2013.4400729379163,13.134530824833519,3.5018616496672905,0,1,0,1,1,1,False,-1,
1961,2024-02-02 19:30:00,19,-1,MARKDOWN,5,A,2046.2764,2059.2004524080257,2013.9662689799356,12.924052408025773,3.0809048160520827,0,1,0,1,1,1,False,-1,
2007,2024-02-05 08:00:00,8,-1,MARKDOWN,6,A+,2036.79594,2043.1995840886902,2020.7868297782743,6.403644088690271,1.8591681773807114,0,1,1,1,1,1,False,-1,
2019,2024-02-05 11:00:00,11,-1,MARKDOWN,6,A+,2034.32822,2043.305752182231,2011.8843895444231,8.977532182230789,2.0715043644616995,0,1,1,1,1,1,False,-1,
2031,2024-02-05 14:00:00,14,-1,MARKDOWN,5,A,2034.0188,2043.1579770547266,2011.1708573631836,9.139177054726588,1.775954109453225,0,0,1,1,1,1,False,-1,
2043,2024-02-05 17:00:00,17,-1,MARKDOWN,5,A,2029.6493,2040.1878405980704,2003.3029485048241,10.538540598070313,2.8556811961407087,0,1,0,1,1,1,False,-1,
2137,2024-02-06 17:30:00,17,1,MARKUP,4,B,2028.6027000000001,2021.6202747189209,2046.0587632026982,6.982425281079259,2.6194505621582516,0,1,1,0,0,1,False,-1,
2149,2024-02-06 20:30:00,20,1,MARKUP,4,B,2029.03818,2021.7160798735495,2047.3434303161264,7.32210012645055,2.4278402529013463,0,1,0,0,1,1,False,-1,
2196,2024-02-07 09:15:00,9,1,MARKUP,6,A+,2034.70524,2031.6107526235614,2042.4414584410965,3.0944873764385648,0.9784947528771493,0,1,1,1,1,1,True,2198,-1.0
2212,2024-02-07 13:15:00,13,1,MARKUP,6,A+,2033.4656,2030.6911820062217,2040.4016449844457,2.774417993778343,1.1176359875567172,0,1,1,1,1,1,True,2214,-1.0
2225,2024-02-07 16:30:00,16,1,MARKUP,5,A,2034.92986,2029.511766509537,2048.4750937261574,5.418093490462979,2.2564669809264233,0,1,1,0,1,1,True,2236,-1.0
2237,2024-02-07 19:30:00,19,1,MARKUP,6,A+,2035.96508,2029.3326302480186,2052.5462043799535,6.632449751981312,2.6147395039628805,1,0,1,1,1,1,True,2238,-1.0
2289,2024-02-08 09:30:00,9,-1,MARKDOWN,6,A+,2037.30202,2041.685885281704,2026.3423567957402,4.383865281703947,1.2117705634080829,0,1,1,1,1,1,True,2300,1.75
2303,2024-02-08 13:00:00,13,-1,MARKDOWN,6,A+,2035.00404,2039.6824448242141,2023.3080279394649,4.6784048242141125,1.8848896484280606,0,1,1,1,1,1,False,-1,
2315,2024-02-08 16:00:00,16,-1,MARKDOWN,5,A,2031.66154,2039.8875205408508,2011.0965886478732,8.225980540850742,2.29504108170145,0,1,0,1,1,1,True,2317,0.9924361272049789
2327,2024-02-08 19:00:00,19,-1,MARKDOWN,5,A,2031.50704,2039.809044744172,2010.7520281395696,8.302004744172109,2.638089488343974,1,0,0,1,1,1,True,2328,0.9136808175272175
2375,2024-02-09 08:00:00,8,1,MARKUP,3,C,2027.635,2022.3875559378175,2040.753610155456,5.247444062182467,0.9448881243646304,0,0,0,1,0,1,False,-1,
2400,2024-02-09 14:15:00,14,-1,MARKDOWN,6,A+,2033.3904400000001,2035.7245530363518,2027.555157409121,2.3341130363517095,1.1691060727033074,0,1,1,1,1,1,True,2405,-1.0
2412,2024-02-09 17:15:00,17,-1,MARKDOWN,6,A+,2031.54,2038.6799282594775,2013.6901793513061,7.139928259477529,2.8198565189551914,0,1,1,1,1,1,False,-1,
2424,2024-02-09 20:15:00,20,-1,MARKDOWN,5,A,2030.80656,2038.3953662649828,2011.8345443375429,7.58880626498285,2.250732529965944,0,1,1,0,1,1,False,-1,
2467,2024-02-12 08:00:00,8,-1,MARKDOWN,4,B,2026.0665,2030.0497925028974,2016.108268742756,3.983292502897484,0.8995850057949957,0,1,0,0,1,1,True,2474,0.9730515568118585
2479,2024-02-12 11:00:00,11,-1,MARKDOWN,6,A+,2025.0535,2027.864504014069,2018.0259899648272,2.8110040140691126,1.2290080281384073,0,1,1,1,1,1,True,2495,0.5
2491,2024-02-12 14:00:00,14,-1,MARKDOWN,4,B,2024.50342,2027.8101312012636,2016.236641996841,3.3067112012636244,1.1202624025271564,0,1,0,1,0,1,True,2495,0.5
2503,2024-02-12 17:00:00,17,-1,MARKDOWN,5,A,2022.11976,2028.7941161185217,2005.4338697036958,6.6743561185217,2.408232237043482,0,1,1,1,0,1,False,-1,
2515,2024-02-12 20:00:00,20,-1,MARKDOWN,5,A,2021.59642,2028.6475251696263,2003.9686570759345,7.051105169626226,2.115050339252952,0,1,0,1,1,1,True,2518,-1.0
2571,2024-02-13 11:00:00,11,1,MARKUP,4,B,2019.78942,2015.13899063634,2031.4154934091503,4.650429363660123,1.0420187273201442,0,1,0,1,0,1,True,2589,-1.0
2583,2024-02-13 14:00:00,14,1,MARKUP,4,B,2021.66826,2016.3419489204211,2034.9840376989468,5.3263110795787725,1.1561021591577294,0,1,0,0,1,1,True,2589,-1.0
2595,2024-02-13 17:00:00,17,-1,MARKDOWN,6,A+,2015.99948,2033.8806748730397,1971.2964928174006,17.881194873039703,3.7813497460793326,0,1,1,1,1,1,False,-1,
2607,2024-02-13 20:00:00,20,-1,MARKDOWN,5,A,2015.99948,2033.4770759454361,1972.3054901364094,17.47759594543618,2.9741518908720335,0,1,0,1,1,1,False,-1,
2651,2024-02-14 08:00:00,8,-1,MARKDOWN,4,B,1999.4660000000001,2006.4685663732093,1981.9595840669772,7.00256637320922,1.017132746418737,0,0,1,1,0,1,False,-1,
2663,2024-02-14 11:00:00,11,-1,MARKDOWN,5,A,1992.04112,1996.5631736363566,1980.7359859091089,4.522053636356532,1.5263472727131286,0,1,0,1,1,1,True,2669,0.7512027893729688
2675,2024-02-14 14:00:00,14,-1,MARKDOWN,6,A+,1990.75568,1994.555465170655,1981.2562170733624,3.7997851706550136,1.6709303413098193,1,0,1,1,1,1,True,2676,0.6298053613546419
2687,2024-02-14 17:00:00,17,-1,MARKDOWN,5,A,1990.0083,1994.8357419034287,1977.9396952414281,4.827441903428735,2.511483806857678,0,1,1,0,1,1,True,2691,-1.0
2765,2024-02-15 13:30:00,13,1,MARKUP,6,A+,1992.82206,1989.0479340903323,2002.257374774169,3.774125909667646,1.1841318193356594,0,1,1,1,1,1,False,-1,
2777,2024-02-15 16:30:00,16,1,MARKUP,6,A+,1997.15364,1989.14480203326,2017.17573491685,8.008837966739975,2.2503959334798296,0,1,1,1,1,1,False,-1,
2789,2024-02-15 19:30:00,19,1,MARKUP,6,A+,1997.15364,1989.0490975496405,2017.4149961258988,8.104542450359531,2.4418049007191995,0,1,1,1,1,1,False,-1,
2835,2024-02-16 08:00:00,8,1,MARKUP,3,C,2002.24596,1998.0690447994975,2012.688248001256,4.176915200502435,0.8819104010049365,0,0,0,0,1,1,False,-1,
2847,2024-02-16 11:00:00,11,1,MARKUP,3,C,2002.8847,2000.1188892731548,2009.7992268171133,2.7658107268453023,1.062221453690764,0,0,0,0,1,1,True,2865,-1.0
2859,2024-02-16 14:00:00,14,1,MARKUP,4,B,2004.60122,2001.8795928728746,2011.4052878178136,2.72162712712543,1.080814254251029,0,1,0,0,1,1,True,2865,-1.0
2872,2024-02-16 17:15:00,17,1,MARKUP,6,A+,2000.1003799999999,1993.631946776461,2016.2714630588468,6.468433223538796,2.936106447077703,0,1,1,1,1,1,False,-1,
2884,2024-02-16 20:15:00,20,1,MARKUP,5,A,2002.76292,1993.7440942470296,2025.3099843824257,9.018825752970315,2.7118115059405175,0,1,0,1,1,1,False,-1,
2927,2024-02-19 08:00:00,8,1,MARKUP,6,A+,2005.87736,1994.6446445165466,2033.9591487086334,11.232715483453376,1.470710966907115,0,1,1,1,1,1,False,-1,
2939,2024-02-19 11:00:00,11,1,MARKUP,5,A,2014.8633,2009.1824456996953,2029.0654357507615,5.680854300304645,1.3151086006093848,0,0,1,1,1,1,False,-1,
2951,2024-02-19 14:00:00,14,1,MARKUP,3,C,2015.90772,2010.9439535324227,2028.3171361689429,4.963766467577216,1.1720929351543334,0,0,0,0,1,1,True,2965,1.75
3009,2024-02-20 08:00:00,8,1,MARKUP,5,A,2015.74064,2012.7332080347906,2023.2592199130236,3.0074319652094346,1.0335839304187528,0,1,0,1,1,1,False,-1,
3021,2024-02-20 11:00:00,11,1,MARKUP,6,A+,2017.37942,2012.6251451178343,2029.265107205414,4.754274882165646,1.2497097643311537,0,1,1,1,1,1,False,-1,
3033,2024-02-20 14:00:00,14,1,MARKUP,6,A+,2019.9143199999999,2014.3329580972259,2033.8677247569349,5.581361902774006,1.4140838055482952,0,1,1,1,1,1,False,-1,
3045,2024-02-20 17:00:00,17,1,MARKUP,6,A+,2021.10234,2014.0860850793758,2038.6429773015602,7.016254920624078,1.9078298412483967,0,1,1,1,1,1,False,-1,
3057,2024-02-20 20:00:00,20,1,MARKUP,6,A+,2022.41868,2016.3386050213255,2037.6188674466862,6.0800749786744746,1.6627899573489555,0,1,1,1,1,1,False,-1,
3101,2024-02-21 08:00:00,8,1,MARKUP,5,A,2026.5226,2022.3795194022994,2036.8803014942516,4.143080597700646,1.1809611954011356,0,1,0,1,1,1,True,3111,0.7967322622850211
3114,2024-02-21 11:15:00,11,1,MARKUP,4,B,2026.5226,2022.338947836687,2036.9817304082821,4.1836521633129,1.26210432662583,0,0,1,0,1,1,False,-1,
3128,2024-02-21 14:45:00,14,1,MARKUP,5,A,2026.5226,2022.356774333343,2036.9371641666423,4.165825666656929,1.226451333314093,0,1,1,0,1,1,True,3140,-1.0
3193,2024-02-22 08:00:00,8,1,MARKUP,6,A+,2023.96168,2019.4478601968324,2035.2462295079185,4.513819803167507,1.2042796063351084,0,1,1,1,1,1,False,-1,
3205,2024-02-22 11:00:00,11,1,MARKUP,5,A,2025.6921399999999,2019.2752472768302,2041.7343718079242,6.416892723169667,1.5495054463392963,0,1,0,1,1,1,True,3222,-1.0
3217,2024-02-22 14:00:00,14,1,MARKUP,6,A+,2028.10852,2023.2211380415504,2040.326974896124,4.887381958449623,1.4777239168993586,1,0,1,1,1,1,True,3220,-1.0
3231,2024-02-22 17:30:00,17,-1,MARKDOWN,4,B,2029.25426,2036.0793707035177,2012.1914832412053,6.825110703517794,2.5187414070355905,0,1,0,0,1,1,False,-1,
3243,2024-02-22 20:30:00,20,-1,MARKDOWN,5,A,2029.01742,2035.9057436777118,2011.79661080572,6.888323677711924,2.1714873554239245,0,1,0,1,1,1,False,-1,
3285,2024-02-23 08:00:00,8,-1,MARKDOWN,6,A+,2024.46894,2028.021518000323,2015.5874949991921,3.5525780003231375,1.1230360006463462,0,1,1,1,1,1,True,3309,-1.0
3297,2024-02-23 11:00:00,11,-1,MARKDOWN,5,A,2023.9074,2028.1949184419839,2013.1886038950406,4.287518441983821,1.469836883967627,0,1,0,1,1,1,True,3308,-1.0
3309,2024-02-23 14:00:00,14,-1,MARKDOWN,5,A,2023.10902,2028.2193823510727,2010.3331141223186,5.110362351072581,1.5187647021450743,1,0,0,1,1,1,True,3310,-1.0
3325,2024-02-23 18:00:00,18,1,MARKUP,6,A+,2022.99566,2014.8920204733552,2043.2547588166121,8.103639526644884,2.355959053289464,0,1,1,1,1,1,False,-1,
3382,2024-02-26 09:15:00,9,1,MARKUP,5,A,2032.4717,2026.3726078282755,2047.7194304293116,6.099092171724578,1.2347843434488608,0,1,1,0,1,1,True,3392,-1.0
3420,2024-02-26 18:45:00,18,-1,MARKDOWN,5,A,2032.47128,2038.070534583752,2018.4731435406197,5.599254583752099,2.061069167504145,0,1,0,1,1,1,True,3434,-1.0
3469,2024-02-27 08:00:00,8,1,MARKUP,6,A+,2028.70518,2024.6514469589056,2038.8395126027358,4.053733041094347,0.8571060821887696,0,1,1,1,1,1,False,-1,
3481,2024-02-27 11:00:00,11,1,MARKUP,5,A,2031.59814,2026.1384681650704,2045.247319587324,5.4596718349296225,1.1630636698593007,0,1,0,1,1,1,False,-1,
3493,2024-02-27 14:00:00,14,1,MARKUP,6,A+,2034.05778,2030.0456208672126,2044.0881778319688,4.012159132787474,1.3087582655749848,0,1,1,1,1,1,True,3501,-1.0
3562,2024-02-28 08:15:00,8,-1,MARKDOWN,5,A,2033.92322,2037.5628366665571,2024.8241783336068,3.639616666557231,0.9456733331145064,0,1,0,1,1,1,False,-1,
3574,2024-02-28 11:15:00,11,-1,MARKDOWN,6,A+,2032.0473200000001,2036.693021054283,2020.433067364293,4.645701054282881,1.0860421085659626,0,1,1,1,1,1,True,3589,-1.0
3586,2024-02-28 14:15:00,14,-1,MARKDOWN,5,A,2030.22886,2034.3651223360494,2019.8882041598763,4.136262336049413,1.1902446720986921,1,0,0,1,1,1,True,3588,-1.0
3606,2024-02-28 19:15:00,19,1,MARKUP,4,B,2029.6302600000001,2023.616088935405,2044.665687661488,6.014171064595075,1.7678221291897926,0,1,0,1,0,1,False,-1,
3653,2024-02-29 08:00:00,8,1,MARKUP,5,A,2033.01412,2030.0158021926081,2040.50991451848,2.9983178073919134,0.9083956147838167,0,1,1,0,1,1,True,3670,-1.0
3665,2024-02-29 11:00:00,11,1,MARKUP,4,B,2033.53872,2030.3236170632476,2041.576477341881,3.2151029367523734,1.1127658735049193,0,1,0,0,1,1,True,3670,-1.0
3683,2024-02-29 15:30:00,15,1,MARKUP,5,A,2034.1829,2027.001929715849,2052.1353257103774,7.180970284151044,2.176140568301781,0,1,1,0,1,1,False,-1,
3695,2024-02-29 18:30:00,18,1,MARKUP,5,A,2036.75758,2026.7901399421542,2061.6761801446146,9.967440057845806,2.599720115691709,0,1,0,1,1,1,False,-1,
3745,2024-03-01 08:00:00,8,1,MARKUP,6,A+,2045.88544,2042.3752981865678,2054.660794533581,3.5101418134322557,0.9694036268641313,1,1,1,0,1,1,True,3752,-1.0
3758,2024-03-01 11:15:00,11,1,MARKUP,6,A+,2042.8288799999998,2038.2099893448758,2054.3761066378097,4.618890655124005,1.720021310248292,0,1,1,1,1,1,False,-1,
3770,2024-03-01 14:15:00,14,1,MARKUP,5,A,2046.10262,2038.0277609329198,2066.2897676677003,8.07485906708007,2.084478134160412,0,1,0,1,1,1,True,3780,1.75
3782,2024-03-01 17:15:00,17,1,MARKUP,6,A+,2048.48248,2037.362236889797,2076.2830877755077,11.120243110203091,3.4155262204060044,0,1,1,1,1,1,False,-1,
3794,2024-03-01 20:15:00,20,1,MARKUP,6,A+,2057.53206,2037.2309750967968,2108.284772258008,20.30108490320322,3.678049806406154,0,1,1,1,1,1,False,-1,
3837,2024-03-04 08:00:00,8,1,MARKUP,5,A,2061.92758,2045.0115067441395,2104.217763139651,16.91607325586051,1.216986511720659,0,1,1,0,1,1,False,-1,
3849,2024-03-04 11:00:00,11,1,MARKUP,4,B,2082.8221599999997,2078.64880899955,2093.255537501124,4.173351000449657,1.5623820008995828,0,0,0,1,1,1,True,3855,1.75
3861,2024-03-04 14:00:00,14,1,MARKUP,5,A,2082.80688,2078.7066016464555,2093.0575758838613,4.1002783535445815,1.4467967070888965,1,0,0,1,1,1,True,3862,2.5
3873,2024-03-04 17:00:00,17,1,MARKUP,5,A,2087.84546,2078.033798437408,2112.3746139064797,9.81166156259178,2.7924031251834345,0,1,0,1,1,1,False,-1,
3885,2024-03-04 20:00:00,20,1,MARKUP,5,A,2095.42956,2078.4834483042814,2137.7948392392964,16.946111695718628,3.653103391437217,0,1,0,1,1,1,False,-1,
3929,2024-03-05 08:00:00,8,1,MARKUP,4,B,2102.66016,2091.1161732480105,2131.5201268799738,11.54398675198945,1.7876535039795989,0,1,0,0,1,1,False,-1,
3941,2024-03-05 11:00:00,11,1,MARKUP,6,A+,2115.43746,2109.310546996561,2130.7547425085986,6.126913003439313,2.2989060068788514,0,1,1,1,1,1,False,-1,
3953,2024-03-05 14:00:00,14,1,MARKUP,5,A,2116.9158,2109.268156916759,2136.0349077081037,7.647643083241292,2.383686166482601,0,1,0,1,1,1,False,-1,
3965,2024-03-05 17:00:00,17,1,MARKUP,5,A,2122.43952,2108.021323797804,2158.4850105054893,14.418196202195759,4.877352404391573,0,1,1,0,1,1,False,-1,
3977,2024-03-05 20:00:00,20,1,MARKUP,5,A,2123.57046,2110.220492394664,2156.9453790133402,13.349967605336133,4.139015210672476,0,1,1,0,1,1,False,-1,
4043,2024-03-06 13:30:00,13,1,MARKUP,6,A+,2127.0889,2122.623787284055,2138.2516817898627,4.465112715944997,2.0924254318893443,0,1,1,1,1,1,False,-1,
4055,2024-03-06 16:30:00,16,1,MARKUP,6,A+,2131.96322,2122.098119379459,2156.6259715513524,9.865100620540943,3.1437612410817306,0,1,1,1,1,1,True,4057,1.0064554682197002
4067,2024-03-06 19:30:00,19,1,MARKUP,5,A,2133.7357,2121.6069268964825,2164.057632758794,12.128773103517688,4.126146207035031,0,1,0,1,1,1,False,-1,
4113,2024-03-07 08:00:00,8,1,MARKUP,5,A,2143.2072,2130.5078701012553,2174.955524746861,12.699329898744509,2.7842597974891357,0,1,0,1,1,1,False,-1,
4125,2024-03-07 11:00:00,11,1,MARKUP,4,B,2147.86692,2138.132348702952,2172.2033482426195,9.73457129704775,2.6153025940959638,0,0,0,1,1,1,False,-1,
4137,2024-03-07 14:00:00,14,1,MARKUP,5,A,2150.5490400000003,2142.686485404215,2170.205426489463,7.862554595785241,2.1870291915698212,0,1,1,0,1,1,True,4147,1.0627325572554513
4149,2024-03-07 17:00:00,17,1,MARKUP,5,A,2152.04066,2142.1841112942834,2176.682031764292,9.856548705716705,3.951777411432751,0,1,1,0,1,1,True,4150,0.8732244991711271
4161,2024-03-07 20:00:00,20,1,MARKUP,5,A,2154.39524,2146.1928197905027,2174.901290523743,8.202420209497177,3.5543604189940314,0,1,1,0,1,1,False,-1,
4205,2024-03-08 08:00:00,8,1,MARKUP,4,B,2153.9292,2147.1589413136776,2170.854846715806,6.77025868632245,1.6221173726440263,0,0,0,1,1,1,False,-1,
4217,2024-03-08 11:00:00,11,1,MARKUP,6,A+,2159.60686,2152.939885292562,2176.2742967685945,6.66697470743793,2.0802294148759555,0,1,1,1,1,1,True,4235,2.5
4229,2024-03-08 14:00:00,14,1,MARKUP,5,A,2160.50074,2152.891868744533,2179.5229181386676,7.6088712554669655,2.176262510934006,0,1,1,0,1,1,True,4235,2.5
4241,2024-03-08 17:00:00,17,1,MARKUP,6,A+,2165.97862,2151.4089094024125,2202.402896493968,14.569710597587346,5.142181195175048,0,1,1,1,1,1,False,-1,
4253,2024-03-08 20:00:00,20,1,MARKUP,5,A,2170.46618,2152.3399479525347,2215.781760118663,18.126232047465237,5.700104094930594,0,1,0,1,1,1,True,4257,0.8276697841890501
4297,2024-03-11 08:00:00,8,1,MARKUP,4,B,2175.7439,2162.7850212180438,2208.1410969548906,12.958878781956173,1.8899575639125599,0,0,0,1,1,1,False,-1,
4331,2024-03-11 16:30:00,16,1,MARKUP,5,A,2180.2338400000003,2173.4898658915085,2197.09377527123,6.743974108491784,2.7002682169834404,0,1,1,0,1,1,True,4333,-1.0
4345,2024-03-11 20:00:00,20,1,MARKUP,5,A,2178.99998,2173.3988049739123,2193.0029175652194,5.601175026087731,2.88239005217533,0,1,1,1,0,1,True,4348,0.7478257548879226
4403,2024-03-12 11:30:00,11,-1,MARKDOWN,5,A,2180.5112599999998,2185.5210844548938,2167.9866988627646,5.009824454893987,1.5621689097879692,0,0,1,1,1,1,True,4419,2.5
4415,2024-03-12 14:30:00,14,-1,MARKDOWN,6,A+,2179.33852,2185.6910477116307,2163.4572007209226,6.352527711630955,1.902095423262109,0,1,1,1,1,1,True,4419,2.5
4427,2024-03-12 17:30:00,17,-1,MARKDOWN,5,A,2172.29948,2187.2533288793275,2134.914857801682,14.953848879327325,5.5666577586555475,0,1,0,1,1,1,False,-1,
4439,2024-03-12 20:30:00,20,-1,MARKDOWN,6,A+,2170.8101,2184.1469170451282,2137.46805738718,13.3368170451281,4.17383409025689,0,1,1,1,1,1,False,-1,
4525,2024-03-13 19:00:00,19,1,MARKUP,3,C,2163.8524199999997,2155.853178559926,2183.850523600184,7.999241440073547,2.7736428801469026,0,1,0,0,0,1,False,-1,
4606,2024-03-14 16:15:00,16,-1,MARKDOWN,4,B,2170.64318,2178.37310083025,2151.3183779243745,7.729920830250194,2.8462016605010327,0,1,0,0,1,1,False,-1,
4618,2024-03-14 19:15:00,19,-1,MARKDOWN,4,B,2166.78096,2177.1181298270776,2140.938035432306,10.33716982707756,3.316259654155458,0,1,0,0,1,1,False,-1,
4680,2024-03-15 11:45:00,11,1,MARKUP,6,A+,2162.67164,2157.1874348378574,2176.3821529053566,5.4842051621426435,1.7851303242854422,0,1,1,1,1,1,True,4694,-1.0
4692,2024-03-15 14:45:00,14,1,MARKUP,4,B,2165.2522,2159.6494269869104,2179.259132532724,5.602773013089518,1.9611460261795226,0,0,1,0,1,1,True,4693,-1.0
4704,2024-03-15 17:45:00,17,-1,MARKDOWN,4,B,2166.53396,2174.4060313634463,2146.853781591385,7.872071363446139,3.3520627268924867,0,1,0,0,1,1,False,-1,
4716,2024-03-15 20:45:00,20,-1,MARKDOWN,5,A,2166.01444,2174.200782061471,2145.5485848463227,8.186342061470896,2.941564122941446,0,1,1,0,1,1,False,-1,
4757,2024-03-18 08:00:00,8,-1,MARKDOWN,5,A,2158.8084400000002,2167.535845287938,2136.9899267801557,8.727405287937927,1.7316905758761532,0,1,0,1,1,1,True,4781,0.8227464363335333
4769,2024-03-18 11:00:00,11,-1,MARKDOWN,3,C,2156.86792,2164.4416903151996,2137.9334942120013,7.573770315199454,1.8233806303985507,0,0,0,0,1,1,True,4779,0.7437991750838724
4808,2024-03-18 20:45:00,20,1,MARKUP,4,B,2152.79792,2144.8658363331047,2172.6281291672385,7.932083666895323,2.448327333790688,0,1,0,0,1,1,False,-1,
4862,2024-03-19 11:15:00,11,-1,MARKDOWN,6,A+,2156.8264200000003,2163.903063314273,2139.134811714319,7.076643314272587,2.1661266285453724,0,1,1,1,1,1,True,4877,0.5510967563664045
4874,2024-03-19 14:15:00,14,-1,MARKDOWN,5,A,2156.8264200000003,2163.896100850291,2139.1522178742734,7.0696808502907516,2.152201700581763,1,0,0,1,1,1,True,4877,0.5511470782031781
4886,2024-03-19 17:15:00,17,-1,MARKDOWN,5,A,2156.8264200000003,2164.217548297563,2138.3485992560936,7.391128297562773,2.7950965951261866,0,1,0,1,1,1,True,4897,-1.0
4941,2024-03-20 08:00:00,8,1,MARKUP,3,C,2152.93996,2147.8251333850485,2165.727026537379,5.114826614951653,1.2297332299031531,0,0,0,1,0,1,True,4962,1.0839222571795397
4962,2024-03-20 13:15:00,13,-1,MARKDOWN,5,A,2157.22512,2160.9767841984194,2147.8459595039517,3.7516641984193484,1.5135683968389535,0,1,1,0,1,1,True,4976,-1.0
4974,2024-03-20 16:15:00,16,-1,MARKDOWN,5,A,2156.1784399999997,2161.3115898394412,2143.345565401396,5.133149839441558,2.183179678882958,0,1,1,0,1,1,True,4976,-1.0
5033,2024-03-21 08:00:00,8,1,MARKUP,6,A+,2178.1877,2148.8160174982245,2251.6169062544386,29.371682501775467,3.4679650035509946,0,1,1,1,1,1,False,-1,
5045,2024-03-21 11:00:00,11,1,MARKUP,3,C,2181.54962,2154.4906689420336,2249.1969976449154,27.05895105796617,2.9986621159321514,0,0,0,0,1,1,False,-1,
5057,2024-03-21 14:00:00,14,1,MARKUP,5,A,2196.6968,2178.9154084022834,2241.150278994292,17.78139159771672,3.169183195433025,0,1,0,1,1,1,True,5068,-1.0
5125,2024-03-22 08:00:00,8,-1,MARKDOWN,5,A,2189.81782,2205.4552065512926,2150.7243536217693,15.637386551292366,2.250413102585322,0,1,0,1,1,1,False,-1,
5137,2024-03-22 11:00:00,11,-1,MARKDOWN,5,A,2177.10918,2187.528304182059,2151.0613695448524,10.419124182059022,2.876608364117352,0,1,0,1,1,1,True,5160,1.167252937406609
5149,2024-03-22 14:00:00,14,-1,MARKDOWN,4,B,2177.10918,2187.2883353319903,2151.661291670024,10.179155331990387,2.396670663980338,0,1,0,1,0,1,True,5160,1.1829831148989562
5168,2024-03-22 18:45:00,18,-1,MARKDOWN,6,A+,2177.00412,2187.5361492330812,2150.6740469172973,10.532029233081175,3.232298466162765,0,1,1,1,1,1,False,-1,
5228,2024-03-25 10:45:00,10,-1,MARKDOWN,6,A+,2170.2125,2179.5486028858445,2146.872242785389,9.336102885844412,2.4372057716888573,0,1,1,1,1,1,True,5238,-1.0
5253,2024-03-25 17:00:00,17,1,MARKUP,6,A+,2170.34432,2162.1288719106115,2190.882940223472,8.215448089388701,2.8622561787766583,0,1,1,1,1,1,False,-1,
5265,2024-03-25 20:00:00,20,1,MARKUP,5,A,2170.34432,2162.4117523466516,2190.1757391333713,7.932567653348542,2.2964953066964084,0,1,0,1,1,1,False,-1,
5309,2024-03-26 08:00:00,8,-1,MARKDOWN,3,C,2176.0751400000004,2182.072517598024,2161.0816960049406,5.9973775980238315,1.505035196047712,0,0,0,1,0,1,True,5322,-1.0
5322,2024-03-26 11:15:00,11,1,MARKUP,6,A+,2171.42528,2166.6849313243656,2183.276151689086,4.740348675634323,1.8101373512692955,0,1,1,1,1,1,False,-1,
5334,2024-03-26 14:15:00,14,1,MARKUP,5,A,2180.02792,2166.0581611744387,2214.952317063903,13.969758825561257,3.0636776511225823,0,1,0,1,1,1,True,5343,0.9043323460904265
5346,2024-03-26 17:15:00,17,1,MARKUP,5,A,2180.02792,2165.505511353265,2216.333941616838,14.52240864673513,4.168977293470384,1,0,0,1,1,1,True,5347,0.8889454909070116
5421,2024-03-27 13:00:00,13,1,MARKUP,6,A+,2181.24864,2171.8189625111786,2204.8228337220526,9.429677488821198,3.182074977642242,0,1,1,1,1,1,False,-1,
5433,2024-03-27 16:00:00,16,1,MARKUP,4,B,2182.65058,2171.6901748168248,2210.051592957938,10.960405183175226,3.4396503663499876,0,0,0,1,1,1,False,-1,
5445,2024-03-27 19:00:00,19,1,MARKUP,6,A+,2182.65058,2171.8635301824797,2209.618204543801,10.787049817520256,3.092939635040678,0,1,1,1,1,1,False,-1,
5493,2024-03-28 08:00:00,8,1,MARKUP,5,A,2189.87188,2184.6297186595507,2202.977283351124,5.2421613404494565,1.820562680898607,0,1,0,1,1,1,False,-1,
5505,2024-03-28 11:00:00,11,1,MARKUP,5,A,2192.43532,2186.2714552722023,2207.8449818194945,6.1638647277977725,2.1970894555951315,1,0,0,1,1,1,False,-1,
5517,2024-03-28 14:00:00,14,1,MARKUP,5,A,2197.4548,2185.814176170539,2226.556359573652,11.640623829460765,3.111647658921407,0,1,0,1,1,1,False,-1,
5529,2024-03-28 17:00:00,17,1,MARKUP,5,A,2198.7345,2185.0208212678644,2233.0186968303387,13.713678732135577,4.69835746427077,0,1,0,1,1,1,False,-1,
5541,2024-03-28 20:00:00,20,1,MARKUP,5,A,2204.14978,2188.6062543361045,2243.0085941597395,15.543525663895707,4.507491327791604,0,1,0,1,1,1,False,-1,
5585,2024-04-01 08:00:00,8,1,MARKUP,6,A+,2226.48408,2200.4831657294344,2291.4863656764146,26.000914270565772,3.533668541131384,0,1,1,1,1,1,False,-1,
5597,2024-04-01 11:00:00,11,1,MARKUP,4,B,2233.7455800000002,2212.5048838570165,2286.8473203574595,21.24069614298378,2.9902322859673953,0,0,0,1,1,1,False,-1,
5677,2024-04-02 08:00:00,8,1,MARKUP,4,B,2240.47188,2227.1943153780085,2273.665791554979,13.277564621991587,2.611369243983008,0,1,0,1,0,1,False,-1,
5689,2024-04-02 11:00:00,11,1,MARKUP,6,A+,2245.47544,2233.4453920534575,2275.5505598663567,12.030047946542709,2.7292158930845707,0,1,1,1,1,1,False,-1,
5701,2024-04-02 14:00:00,14,1,MARKUP,5,A,2250.18816,2238.4161955395098,2279.618071151226,11.77196446049038,3.007608920980777,0,1,0,1,1,1,False,-1,
5713,2024-04-02 17:00:00,17,1,MARKUP,5,A,2257.19646,2244.477448279408,2288.9939893014807,12.719011720592334,4.405103441184396,0,1,1,0,1,1,True,5717,1.4401830938056523
5725,2024-04-02 20:00:00,20,1,MARKUP,6,A+,2258.9691199999997,2245.3915916396622,2292.9129409008438,13.57752836033751,4.876816720675126,1,0,1,1,1,1,False,-1,
5769,2024-04-03 08:00:00,8,1,MARKUP,4,B,2265.15118,2249.387047143913,2304.5615121402166,15.76413285608669,2.885905712173501,0,0,0,1,1,1,False,-1,
5805,2024-04-03 17:00:00,17,1,MARKUP,6,A+,2274.0402799999997,2263.3711206412627,2300.7131783968425,10.669159358737033,4.117758717474425,0,1,1,1,1,1,False,-1,
5817,2024-04-03 20:00:00,20,1,MARKUP,5,A,2276.8059599999997,2263.0575812396173,2311.1769069009556,13.748378760382366,4.744837520765276,0,1,0,1,1,1,False,-1,
5861,2024-04-04 08:00:00,8,1,MARKUP,4,B,2284.4091399999998,2270.606775504824,2318.915051237939,13.80236449517588,2.1864489903522846,0,0,1,0,1,1,False,-1,
5953,2024-04-05 08:00:00,8,-1,MARKDOWN,6,A+,2291.14512,2307.2358041109633,2250.9184097225925,16.09068411096314,3.271608221927154,0,1,1,1,1,1,True,5965,-1.0
5982,2024-04-05 15:15:00,15,1,MARKUP,6,A+,2278.58206,2266.127411930655,2309.7186801733633,12.45464806934524,3.2651761386908675,0,1,1,1,1,1,False,-1,
5994,2024-04-05 18:15:00,18,1,MARKUP,6,A+,2290.5157400000003,2264.483227022191,2355.5970224445236,26.032512977809347,6.5535459556188975,0,1,1,1,1,1,False,-1,
6045,2024-04-08 08:00:00,8,1,MARKUP,5,A,2314.43766,2287.1401975627778,2382.681316093056,27.297462437222293,5.599604874444177,0,1,0,1,1,1,False,-1,
6057,2024-04-08 11:00:00,11,1,MARKUP,5,A,2322.4593,2300.440873867618,2377.505365330955,22.018426132382046,4.9582522647644565,0,1,1,0,1,1,True,6081,0.8860374199648592
6069,2024-04-08 14:00:00,14,1,MARKUP,5,A,2322.4593,2300.8769395278614,2376.4152011803462,21.58236047213859,4.086120944277693,0,1,0,1,1,1,True,6081,0.8938371999116805
6137,2024-04-09 08:00:00,8,1,MARKUP,5,A,2330.07922,2317.4819929013584,2361.572287746604,12.597227098641724,2.49601419728356,0,1,1,0,1,1,False,-1,
6149,2024-04-09 11:00:00,11,1,MARKUP,5,A,2337.86234,2324.4517466764446,2371.388823308889,13.410593323555531,3.2365066471113937,0,1,0,1,1,1,False,-1,
6161,2024-04-09 14:00:00,14,1,MARKUP,4,B,2347.80352,2335.277278855737,2379.1191228606567,12.526241144262713,3.385442288524837,0,0,0,1,1,1,True,6166,0.7659499419809084
6173,2024-04-09 17:00:00,17,1,MARKUP,6,A+,2348.24848,2335.3387420703702,2380.522824824075,12.909737929629955,4.702515859259305,0,1,1,1,1,1,True,6175,0.5
6229,2024-04-10 08:00:00,8,1,MARKUP,5,A,2348.21054,2337.0412212113156,2376.1338369717114,11.16931878868445,2.4975575773688443,0,1,1,0,1,1,True,6247,-1.0
6241,2024-04-10 11:00:00,11,1,MARKUP,6,A+,2348.6779,2340.267106080012,2369.7048847999704,8.41079391998801,2.7257878399755278,0,1,1,1,1,1,True,6247,-1.0
6262,2024-04-10 16:15:00,16,-1,MARKDOWN,6,A+,2345.51052,2362.8871057847464,2302.0690555381334,17.376585784746567,5.614211569492629,0,1,1,1,1,1,True,6266,0.6892001892521034
6274,2024-04-10 19:15:00,19,-1,MARKDOWN,5,A,2344.52878,2363.560199585065,2296.9502310373373,19.031419585065123,6.960399170131023,0,0,1,1,1,1,True,6279,-1.0299399848964519
6333,2024-04-11 11:00:00,11,-1,MARKDOWN,6,A+,2338.75722,2348.5905327483083,2314.173938129229,9.833312748308344,3.4010654966164475,0,1,1,1,1,1,True,6344,-1.0
6345,2024-04-11 14:00:00,14,-1,MARKDOWN,5,A,2338.7916,2348.6228358264466,2314.2135104338836,9.831235826446573,3.4656716528933136,1,0,0,1,1,1,True,6346,-1.0
6359,2024-04-11 17:30:00,17,-1,MARKDOWN,6,A+,2339.1623999999997,2349.8452043531775,2312.4553891170553,10.682804353177744,4.710408706355734,0,1,1,1,1,1,True,6360,-1.0
6371,2024-04-11 20:30:00,20,1,MARKUP,6,A+,2337.73064,2323.5103092183144,2373.281466954215,14.220330781685789,4.359381563370986,0,1,1,1,1,1,False,-1,
6413,2024-04-12 08:00:00,8,1,MARKUP,6,A+,2356.4703799999997,2330.519858600014,2421.3466834999645,25.950521399985973,3.7002827999720758,0,1,1,1,1,1,False,-1,
6425,2024-04-12 11:00:00,11,1,MARKUP,5,A,2364.8654399999996,2340.7486055692125,2425.1575260769673,24.116834430787094,3.9827888615747304,0,1,0,1,1,1,False,-1,
6437,2024-04-12 14:00:00,14,1,MARKUP,5,A,2376.51474,2359.845254563227,2418.1884535919326,16.669485436772902,3.4894908735456416,0,1,0,1,1,1,True,6458,-1.0
6449,2024-04-12 17:00:00,17,1,MARKUP,5,A,2390.2378400000002,2371.8345408084188,2436.246087978954,18.403299191581482,5.390918383162557,0,1,1,0,1,1,True,6455,-1.0
6505,2024-04-15 08:00:00,8,-1,MARKDOWN,6,A+,2394.18624,2433.896352152097,2294.9109596197577,39.710112152096826,4.792704304193381,0,1,1,1,1,1,False,-1,
6517,2024-04-15 11:00:00,11,-1,MARKDOWN,4,B,2368.13754,2391.647046147598,2309.363774631006,23.509506147597676,4.59409229519558,0,1,0,0,1,1,False,-1,
6530,2024-04-15 14:15:00,14,-1,MARKDOWN,5,A,2359.38438,2374.858280769649,2320.6996280758776,15.473900769648935,4.27656153929793,1,0,1,0,1,1,True,6531,1.0550463577313474
6542,2024-04-15 17:15:00,17,-1,MARKDOWN,6,A+,2350.03206,2369.3076166948968,2301.843168262758,19.27555669489675,6.715233389793519,0,1,1,1,1,1,True,6544,-1.0
6597,2024-04-16 08:00:00,8,1,MARKUP,6,A+,2350.22926,2322.5250694193514,2419.489736451622,27.70419058064863,3.509861161297464,0,1,1,1,1,1,False,-1,
6636,2024-04-16 17:45:00,17,1,MARKUP,5,A,2373.07278,2359.977906989221,2405.809962526947,13.094873010778883,6.104186021558197,0,1,1,0,1,1,False,-1,
6648,2024-04-16 20:45:00,20,1,MARKUP,5,A,2376.50696,2359.66621885759,2418.608812856025,16.840741142410025,6.727562284819776,0,1,0,1,1,1,False,-1,
6702,2024-04-17 11:15:00,11,1,MARKUP,6,A+,2382.50774,2371.1587778873745,2410.8801452815637,11.348962112625486,3.1624442252508325,0,1,1,1,1,1,True,6719,0.7245837810702211
6715,2024-04-17 14:30:00,14,1,MARKUP,5,A,2380.9912,2371.1374916680916,2405.625470829771,9.853708331908365,3.205016663816457,0,1,0,1,1,1,True,6719,0.8507034181482243
6727,2024-04-17 17:30:00,17,1,MARKUP,5,A,2381.30826,2370.660693080899,2407.9271772977518,10.647566919100882,4.1586138382020685,0,1,1,1,0,1,True,6733,-1.0
6807,2024-04-18 14:30:00,14,1,MARKUP,6,A+,2366.41504,2353.3627731817996,2399.0457070455004,13.052266818200223,2.634453636400326,0,1,1,1,1,1,False,-1,
6820,2024-04-18 17:45:00,17,1,MARKUP,4,B,2375.0616,2361.1409358929614,2409.8632602675966,13.920664107038647,5.838128214077143,0,0,1,0,1,1,False,-1,
6832,2024-04-18 20:45:00,20,1,MARKUP,5,A,2378.4606,2367.2285052799257,2406.5408368001854,11.232094720074201,4.662989440148689,0,1,1,0,1,1,True,6838,1.75
6873,2024-04-19 08:00:00,8,1,MARKUP,5,A,2388.0297,2366.193138951983,2442.621102620042,21.836561048016847,6.733722096033784,1,0,0,1,1,1,True,6874,-1.0
6906,2024-04-19 16:15:00,16,-1,MARKDOWN,5,A,2400.69708,2420.4123777416803,2351.4088356457987,19.715297741680388,5.004755483360634,0,1,0,1,1,1,True,6921,1.2768437274836781
6920,2024-04-19 19:45:00,19,1,MARKUP,6,A+,2388.89018,2370.4129178660232,2435.0833353349417,18.477262133976637,4.874164267953539,0,1,1,1,1,1,True,6932,-1.0
6965,2024-04-22 08:00:00,8,-1,MARKDOWN,6,A+,2386.69528,2403.6281391529537,2344.3631321176154,16.932859152953824,3.3362783059071366,0,1,1,1,1,1,False,-1,
6977,2024-04-22 11:00:00,11,-1,MARKDOWN,5,A,2382.69192,2403.935824011569,2329.5821599710785,21.243904011568702,3.951648023137903,0,1,0,1,1,1,False,-1,
6989,2024-04-22 14:00:00,14,-1,MARKDOWN,6,A+,2377.1331,2397.2956975512184,2326.7266061219543,20.16259755121837,3.6913951024371814,0,1,1,1,1,1,False,-1,
7001,2024-04-22 17:00:00,17,-1,MARKDOWN,5,A,2366.17824,2390.617001236014,2305.081336909966,24.43876123601376,5.574002472028205,0,1,0,1,1,1,False,-1,
7013,2024-04-22 20:00:00,20,-1,MARKDOWN,5,A,2358.8485,2379.6925433007814,2306.7383917480465,20.844043300781323,4.825086601562437,0,1,0,1,1,1,False,-1,
7057,2024-04-23 08:00:00,8,-1,MARKDOWN,5,A,2325.3985,2346.455342904317,2272.7563927392066,21.056842904317364,5.250685808634037,0,1,0,1,1,1,False,-1,
7069,2024-04-23 11:00:00,11,-1,MARKDOWN,5,A,2319.8674,2337.284823354113,2276.323841614718,17.417423354112998,4.809646708226219,0,0,1,1,1,1,True,7092,-0.5662490828570776
7081,2024-04-23 14:00:00,14,-1,MARKDOWN,6,A+,2318.01108,2336.7418348974957,2271.184192756262,18.730754897495444,4.563669794991694,0,1,1,1,1,1,True,7091,-0.40355661271349363
7154,2024-04-24 09:15:00,9,1,MARKUP,5,A,2320.99232,2313.163059826259,2340.5654704343515,7.8292601737407495,2.8538803474823817,0,1,0,1,1,1,True,7160,-1.0
7169,2024-04-24 13:00:00,13,-1,MARKDOWN,5,A,2323.8648200000002,2332.823369985586,2301.468445036036,8.958549985585705,3.026739971172386,0,1,0,1,1,1,True,7181,-1.0
7181,2024-04-24 16:00:00,16,-1,MARKDOWN,4,B,2323.8648200000002,2333.0933267728387,2300.793553067904,9.2285067728385,3.566653545677264,1,0,0,1,0,1,True,7183,-1.0
7197,2024-04-24 20:00:00,20,1,MARKUP,6,A+,2321.561,2309.660048355331,2351.3133791116725,11.900951644669021,4.3199032893378,0,1,1,1,1,1,True,7202,-1.0
7241,2024-04-25 08:00:00,8,-1,MARKDOWN,4,B,2324.98522,2338.8155543063613,2290.409384234097,13.830334306361237,2.9911086127222246,0,0,0,1,1,1,True,7252,-1.0
7261,2024-04-25 13:00:00,13,1,MARKUP,5,A,2314.14834,2303.7302842458225,2340.1934793854443,10.418055754177658,2.5994315083554955,0,1,0,1,1,1,True,7274,0.6529352662713924
7273,2024-04-25 16:00:00,16,1,MARKUP,4,B,2316.38686,2302.981062302312,2349.901354244221,13.405797697688286,4.097875395377238,1,0,0,0,1,1,True,7274,1.0742796091617284
7285,2024-04-25 19:00:00,19,1,MARKUP,6,A+,2320.2412400000003,2302.0200534088663,2365.7942064778354,18.22118659113403,6.019893182267998,0,1,1,1,1,1,False,-1,
7333,2024-04-26 08:00:00,8,1,MARKUP,6,A+,2325.06164,2311.685484189944,2358.5020295251397,13.376155810055934,2.2890316201116883,0,1,1,1,1,1,False,-1,
7345,2024-04-26 11:00:00,11,1,MARKUP,6,A+,2333.41658,2321.4492405640594,2363.3349285898516,11.96733943594063,3.1615188718819285,0,1,1,1,1,1,False,-1,
7357,2024-04-26 14:00:00,14,1,MARKUP,5,A,2336.36222,2324.9046483182456,2365.006149204386,11.457571681754416,2.890703363508389,0,1,0,1,1,1,True,7371,-1.0
7369,2024-04-26 17:00:00,17,1,MARKUP,4,B,2336.36222,2324.224402473113,2366.7067638172175,12.13781752688692,4.251195053774122,0,0,1,0,1,1,True,7371,-1.0
7425,2024-04-29 08:00:00,8,-1,MARKDOWN,4,B,2337.74436,2350.46553063658,2305.941433408551,12.7211706365797,3.2710612731596767,1,0,0,1,0,1,True,7435,1.4926114789853342
7445,2024-04-29 13:00:00,13,1,MARKUP,6,A+,2329.20338,2318.424164369869,2356.151419075328,10.779215630131148,2.7716712602620497,0,1,1,1,1,1,True,7455,1.0044947307094831
7457,2024-04-29 16:00:00,16,1,MARKUP,4,B,2329.20338,2318.2428602312566,2356.6046794218582,10.960519768743325,3.134279537487098,0,0,0,1,1,1,True,7459,0.9961495988621317
7469,2024-04-29 19:00:00,19,1,MARKUP,5,A,2329.20338,2317.794898453465,2357.724583866337,11.408481546534858,4.030203093069487,0,1,1,0,1,1,False,-1,
7517,2024-04-30 08:00:00,8,-1,MARKDOWN,6,A+,2338.43296,2347.8390999188455,2314.917610202887,9.406139918845383,2.21819983769108,0,1,1,1,1,1,False,-1,
7529,2024-04-30 11:00:00,11,-1,MARKDOWN,5,A,2334.75812,2348.076099417954,2301.4631714551147,13.31797941795412,2.6921988359084263,0,1,0,1,1,1,False,-1,
7541,2024-04-30 14:00:00,14,-1,MARKDOWN,5,A,2327.42218,2339.107568303362,2298.2087092415954,11.685388303361833,2.735136606724524,0,1,1,1,0,1,False,-1,
7553,2024-04-30 17:00:00,17,-1,MARKDOWN,4,B,2321.89792,2338.446320860231,2280.526917849422,16.54840086023114,4.492641720462706,0,1,1,0,0,1,False,-1,
7565,2024-04-30 20:00:00,20,-1,MARKDOWN,4,B,2317.34436,2334.4483445556807,2274.5843986107984,17.103984555680654,4.396689111361264,0,1,0,0,1,1,False,-1,
7609,2024-05-01 08:00:00,8,-1,MARKDOWN,5,A,2301.24678,2314.5549587133214,2267.9763332166963,13.308178713321468,2.3899174266428087,0,1,0,1,1,1,False,-1,
7621,2024-05-01 11:00:00,11,-1,MARKDOWN,4,B,2292.3661199999997,2300.119090365918,2272.9836940852038,7.752970365918372,2.258180731836668,0,0,0,1,1,1,True,7628,-1.0
7701,2024-05-02 08:00:00,8,1,MARKUP,2,C,2308.03544,2294.139764600932,2342.774628497671,13.895675399068296,2.6404707981368705,0,0,0,0,0,1,True,7713,-1.0
7728,2024-05-02 14:45:00,14,-1,MARKDOWN,6,A+,2314.50396,2328.0258152606125,2280.6993218484686,13.521855260612483,3.1916305212257248,0,1,1,1,1,1,False,-1,
7740,2024-05-02 17:45:00,17,-1,MARKDOWN,3,C,2310.79856,2329.141594559824,2264.94097360044,18.34303455982399,5.423189119648485,0,0,0,1,0,1,False,-1,
7816,2024-05-03 13:45:00,13,-1,MARKDOWN,6,A+,2304.5856400000002,2309.923943655833,2291.2398808604175,5.338303655832988,2.2878873116657843,0,1,1,1,1,1,True,7823,-1.0
7828,2024-05-03 16:45:00,16,-1,MARKDOWN,6,A+,2304.06502,2324.0510946596764,2254.0998333508087,19.986074659676433,6.82218931935316,0,1,1,1,1,1,False,-1,
7840,2024-05-03 19:45:00,19,-1,MARKDOWN,5,A,2304.06502,2323.6742880737447,2255.041849815638,19.609268073744715,6.068576147489732,1,0,0,1,1,1,True,7857,-1.0
7885,2024-05-06 08:00:00,8,1,MARKUP,5,A,2291.81184,2275.679095320598,2332.1437016985037,16.13274467940164,3.1418093588035783,0,1,1,1,0,1,False,-1,
7897,2024-05-06 11:00:00,11,1,MARKUP,5,A,2304.24534,2290.3255380475025,2339.0448448812435,13.919801952497437,3.108923904995112,0,1,0,1,1,1,False,-1,
7909,2024-05-06 14:00:00,14,1,MARKUP,6,A+,2304.24534,2290.5104633871747,2338.582531532063,13.734876612825246,2.739073225650491,0,1,1,1,1,1,False,-1,
7921,2024-05-06 17:00:00,17,1,MARKUP,5,A,2307.2746,2289.6789273633126,2351.263781591719,17.595672636687596,4.4021452733748845,0,1,0,1,1,1,False,-1,
7933,2024-05-06 20:00:00,20,1,MARKUP,6,A+,2317.33564,2306.0403248835414,2345.5739277911457,11.295315116458369,4.239350232916595,0,1,1,1,1,1,False,-1,
8004,2024-05-07 14:45:00,14,-1,MARKDOWN,6,A+,2322.9285,2331.1324957710617,2302.4185105723454,8.203995771061727,2.4649915421235016,0,1,1,1,1,1,True,8010,0.8878888759679819
8016,2024-05-07 17:45:00,17,-1,MARKDOWN,5,A,2322.28674,2331.739087362131,2298.655871594672,9.45234736213115,3.6781747242624605,0,1,1,0,1,1,False,-1,
8028,2024-05-07 20:45:00,20,-1,MARKDOWN,5,A,2319.3636,2326.8230845406556,2300.7148886483615,7.459484540655467,3.3061690813113387,0,1,1,0,1,1,False,-1,
8076,2024-05-08 09:45:00,9,-1,MARKDOWN,5,A,2315.94392,2322.540059030269,2299.4535724243287,6.5961390302686596,2.160118060537741,1,0,1,0,1,1,True,8090,0.6978130809958278
8101,2024-05-08 16:00:00,16,-1,MARKDOWN,4,B,2314.68332,2322.9701386574584,2293.9662733563546,8.286818657458298,3.020277314917107,1,0,1,0,0,1,True,8106,-1.0
8171,2024-05-09 10:30:00,10,-1,MARKDOWN,6,A+,2316.09232,2322.259397740786,2300.6746256480355,6.167077740785771,2.21879548157146,0,1,1,1,1,1,True,8188,-1.0
8191,2024-05-09 15:30:00,15,1,MARKUP,6,A+,2315.12456,2305.075953702651,2340.246075743373,10.048606297349124,3.2280925946981247,0,1,1,1,1,1,True,8193,0.5
8203,2024-05-09 18:30:00,18,1,MARKUP,5,A,2318.97894,2304.1965523378885,2355.9349091552785,14.782387662111432,4.986895324222961,0,1,0,1,1,1,False,-1,
8253,2024-05-10 08:00:00,8,1,MARKUP,6,A+,2329.3689,2311.4027173839413,2374.2843565401463,17.96618261605863,2.3545652321173627,0,1,1,1,1,1,False,-1,
8265,2024-05-10 11:00:00,11,1,MARKUP,6,A+,2344.95514,2327.7231797070885,2388.0350407322785,17.23196029291148,2.933640585822857,0,1,1,1,1,1,False,-1,
8277,2024-05-10 14:00:00,14,1,MARKUP,4,B,2351.98196,2334.1084333890785,2396.665776527304,17.873526610921544,3.063133221842354,0,1,0,1,0,1,False,-1,
8289,2024-05-10 17:00:00,17,1,MARKUP,4,B,2358.3288199999997,2343.6329378736527,2395.068525315867,14.695882126346987,4.554124252694615,0,0,1,1,0,1,True,8292,-1.0
8357,2024-05-13 11:00:00,11,-1,MARKDOWN,5,A,2361.69538,2372.267683152719,2335.264622118202,10.572303152719087,2.4953663054386617,0,1,0,1,1,1,False,-1,
8369,2024-05-13 14:00:00,14,-1,MARKDOWN,6,A+,2356.01884,2368.269131870942,2325.393110322645,12.250291870941965,2.8182637418836283,0,1,1,1,1,1,False,-1,
8381,2024-05-13 17:00:00,17,-1,MARKDOWN,5,A,2354.5789,2366.3573677408235,2325.132730647941,11.778467740823544,3.6547354816465814,0,1,0,1,1,1,False,-1,
8393,2024-05-13 20:00:00,20,-1,MARKDOWN,6,A+,2349.33568,2361.6560613180327,2318.5347267049187,12.32038131803256,3.4321226360655706,0,1,1,1,1,1,False,-1,
8446,2024-05-14 10:15:00,10,-1,MARKDOWN,6,A+,2340.7084,2347.1070104704786,2324.711873823803,6.398610470478616,2.2540209409574694,0,1,1,1,1,1,True,8451,-1.0
8472,2024-05-14 16:45:00,16,1,MARKUP,6,A+,2342.58258,2332.8813151002787,2366.8357422493027,9.701264899721082,3.977369799442355,0,1,1,1,1,1,False,-1,
8484,2024-05-14 19:45:00,19,1,MARKUP,6,A+,2344.12818,2334.1532501116158,2369.065504720961,9.974929888384395,3.913499776769103,0,1,1,1,1,1,False,-1,
8529,2024-05-15 08:00:00,8,1,MARKUP,4,B,2351.08582,2344.1383956086247,2368.4543809784373,6.94742439137508,1.6632087827506379,0,0,0,1,1,1,False,-1,
8541,2024-05-15 11:00:00,11,1,MARKUP,6,A+,2354.26624,2346.647804784062,2373.312328039845,7.618435215938007,2.0043904318766987,0,1,1,1,1,1,True,8564,0.5
8553,2024-05-15 14:00:00,14,1,MARKUP,4,B,2362.36316,2353.76722538268,2383.8529965433,8.595934617319926,2.385549234640076,0,0,0,1,1,1,True,8556,0.9445249956673126
8565,2024-05-15 17:00:00,17,1,MARKUP,6,A+,2362.17164,2349.081412131955,2394.8972096701127,13.090227868045076,5.53717573608969,1,0,1,1,1,1,True,8566,1.75
8577,2024-05-15 20:00:00,20,1,MARKUP,6,A+,2365.94962,2349.1115369506383,2408.0448276234038,16.838083049361558,5.47692609872353,0,1,1,1,1,1,False,-1,
8621,2024-05-16 08:00:00,8,1,MARKUP,4,B,2369.26538,2350.5401900748057,2416.0783548129853,18.725189925194172,2.619619850388462,0,0,1,0,1,1,False,-1,
8720,2024-05-17 09:45:00,9,1,MARKUP,6,A+,2378.3460999999998,2372.1799169105966,2393.7615577235074,6.166183089403148,1.9801661788066245,0,1,1,1,1,1,False,-1,
8733,2024-05-17 13:00:00,13,1,MARKUP,4,B,2379.26834,2372.760794291466,2395.537204271335,6.507545708534053,2.418411417067405,0,1,0,1,0,1,False,-1,
8745,2024-05-17 16:00:00,16,1,MARKUP,6,A+,2385.08238,2372.3661888828938,2416.872857792765,12.716191117106064,3.2076222342120913,0,1,1,1,1,1,False,-1,
8757,2024-05-17 19:00:00,19,1,MARKUP,6,A+,2391.26314,2371.38852283221,2440.949682919475,19.874617167789893,5.162954335579261,0,1,1,1,1,1,False,-1,
8805,2024-05-20 08:00:00,8,1,MARKUP,6,A+,2412.9854,2393.928083242262,2460.628691894345,19.057316757738135,3.963833515476056,0,1,1,1,1,1,False,-1,
8817,2024-05-20 11:00:00,11,1,MARKUP,4,B,2422.72642,2403.2429178542848,2471.4351753642877,19.483502145715192,5.114164291431249,0,1,0,1,0,1,True,8833,0.27323527157416
8829,2024-05-20 14:00:00,14,1,MARKUP,3,C,2427.4973800000002,2411.3204259913177,2467.9397650217065,16.176954008682515,4.3991480173646424,0,0,0,1,0,1,True,8833,-1.0
8897,2024-05-21 08:00:00,8,-1,MARKDOWN,5,A,2425.5207,2439.4453543205877,2390.7090641985305,13.924654320587706,4.05070864117568,0,1,0,1,1,1,False,-1,
8909,2024-05-21 11:00:00,11,-1,MARKDOWN,5,A,2425.5207,2439.4685084682287,2390.6511788294283,13.947808468228686,4.097016936457024,0,1,1,0,1,1,True,8926,0.7900233070761451
8933,2024-05-21 17:00:00,17,1,MARKUP,4,B,2416.5305200000003,2404.1284958132474,2447.5355804668825,12.402024186752897,4.283008373505005,0,1,1,0,0,1,False,-1,
8945,2024-05-21 20:00:00,20,1,MARKUP,3,C,2416.8514,2404.1312323827106,2448.6518190432234,12.720167617289462,4.277535234578433,1,0,0,0,0,1,False,-1,
8989,2024-05-22 08:00:00,8,-1,MARKDOWN,5,A,2425.65004,2435.287490928874,2401.5564126778154,9.637450928873932,2.6349818577485538,0,1,0,1,1,1,False,-1,
9001,2024-05-22 11:00:00,11,-1,MARKDOWN,6,A+,2420.8032599999997,2428.048662619876,2402.6897534503096,7.245402619876131,2.977325239751317,0,1,1,1,1,1,False,-1,
9013,2024-05-22 14:00:00,14,-1,MARKDOWN,6,A+,2420.47856,2427.904919207469,2401.912661981328,7.426359207468977,2.6898384149384427,0,1,1,1,1,1,False,-1,
9025,2024-05-22 17:00:00,17,-1,MARKDOWN,6,A+,2413.86232,2429.0261112146677,2375.9528419633316,15.163791214667526,4.932222429335271,0,1,1,1,1,1,False,-1,
9037,2024-05-22 20:00:00,20,-1,MARKDOWN,5,A,2409.25424,2428.36938174367,2361.466385640825,19.115141743669938,4.858763487340117,0,1,0,1,1,1,False,-1,
9081,2024-05-23 08:00:00,8,-1,MARKDOWN,6,A+,2395.21744,2414.2587822721725,2347.614084319568,19.041342272172642,2.87756454434484,0,1,1,1,1,1,False,-1,
9093,2024-05-23 11:00:00,11,-1,MARKDOWN,6,A+,2379.7803400000003,2397.018078528637,2336.6859936784085,17.237738528636783,3.8161570572736254,0,1,1,1,1,1,False,-1,
9105,2024-05-23 14:00:00,14,-1,MARKDOWN,4,B,2372.75986,2385.398334619221,2341.1636734519484,12.638474619220688,3.296669238441408,0,0,0,1,1,1,False,-1,
9117,2024-05-23 17:00:00,17,-1,MARKDOWN,6,A+,2371.09052,2386.4129884389117,2332.7843489027214,15.322468438911528,5.325976877823149,0,1,1,1,1,1,False,-1,
9129,2024-05-23 20:00:00,20,-1,MARKDOWN,5,A,2360.86796,2376.4168105369995,2321.9958336575014,15.548850536999453,4.953621073999052,0,1,0,1,1,1,False,-1,
9173,2024-05-24 08:00:00,8,-1,MARKDOWN,3,C,2352.91718,2371.270887593918,2307.032911015205,18.35370759391799,2.7017751878355987,0,0,0,1,0,1,False,-1,
9219,2024-05-24 19:30:00,19,-1,MARKDOWN,6,A+,2339.02454,2349.200704013661,2313.5841299658473,10.176164013661037,3.5214080273215997,0,1,1,1,1,1,True,9239,-1.0
9280,2024-05-27 11:45:00,11,1,MARKUP,5,A,2337.9283,2330.7273002518928,2355.9307993702682,7.200999748107279,2.4453994962142467,0,1,1,1,0,1,False,-1,
9292,2024-05-27 14:45:00,14,1,MARKUP,6,A+,2338.08898,2331.1638842919388,2355.401719270153,6.925095708061235,2.092231416122341,0,1,1,1,1,1,False,-1,
9304,2024-05-27 17:45:00,17,1,MARKUP,5,A,2343.66384,2333.0360529777654,2370.233307555587,10.62778702223477,2.8278940444690996,0,1,0,1,1,1,False,-1,
9316,2024-05-27 20:45:00,20,1,MARKUP,6,A+,2345.95044,2337.0722593982346,2368.145891504414,8.878180601765507,2.155481203531455,0,1,1,1,1,1,False,-1,
9347,2024-05-28 08:00:00,8,1,MARKUP,5,A,2349.05898,2342.1993669012063,2366.2080127469835,6.8596130987934885,1.9612661975870151,0,0,1,1,1,1,True,9351,-1.0
9369,2024-05-28 13:30:00,13,-1,MARKDOWN,5,A,2350.24834,2357.485301010695,2332.1559374732633,7.236961010694813,2.1506020213900414,0,1,1,1,0,1,True,9375,-1.0
9381,2024-05-28 16:30:00,16,1,MARKUP,5,A,2349.3716,2338.616797095953,2376.258607260117,10.754802904046755,3.3264058080939023,0,1,0,1,1,1,True,9383,0.8027291233847555
9393,2024-05-28 19:30:00,19,1,MARKUP,5,A,2349.3716,2338.425438970574,2376.7370025735654,10.946161029426094,3.7091220588523734,0,1,0,1,1,1,False,-1,
9459,2024-05-29 13:00:00,13,-1,MARKDOWN,5,A,2354.1561,2363.754621576731,2330.159796058173,9.598521576730946,2.8092431534628113,0,1,0,1,1,1,False,-1,
9471,2024-05-29 16:00:00,16,-1,MARKDOWN,4,B,2351.1450999999997,2363.3146252088136,2320.721286977965,12.169525208813866,3.7492504176274717,0,1,0,0,1,1,False,-1,
9483,2024-05-29 19:00:00,19,-1,MARKDOWN,5,A,2351.10184,2363.2767861218304,2320.6644746954235,12.174946121830544,3.8135722436605173,0,1,1,0,1,1,False,-1,
9531,2024-05-30 08:00:00,8,-1,MARKDOWN,4,B,2339.91324,2348.4251880809334,2318.633369797666,8.511948080933507,2.3703761618668246,0,0,0,1,1,1,True,9554,-1.0
9543,2024-05-30 11:00:00,11,-1,MARKDOWN,5,A,2336.05824,2345.8906986418037,2311.47709339549,9.832458641803896,3.101397283606934,0,0,1,1,1,1,True,9547,-1.0
9578,2024-05-30 19:45:00,19,1,MARKUP,6,A+,2333.80294,2320.8783826417075,2366.1143333957316,12.924557358292532,3.5632347165848124,0,1,1,1,1,1,False,-1,
9629,2024-05-31 09:30:00,9,1,MARKUP,6,A+,2341.5567,2335.824040992936,2355.888347517661,5.732659007064285,2.411918014129141,0,1,1,1,1,1,True,9633,1.75
9646,2024-05-31 13:45:00,13,1,MARKUP,5,A,2341.12504,2336.0011946809836,2353.9346532975405,5.1238453190162545,2.05761063803322,0,1,1,0,1,1,True,9659,0.5
9658,2024-05-31 16:45:00,16,1,MARKUP,5,A,2345.69376,2335.0917121341085,2372.1988796647292,10.602047865891564,3.8765757317829066,1,0,0,1,1,1,True,9659,-1.0
9670,2024-05-31 19:45:00,19,-1,MARKDOWN,4,B,2347.49746,2362.0235637216065,2311.1822006959837,14.526103721606432,4.6271274432129506,0,1,0,0,1,1,False,-1,
9715,2024-06-03 08:00:00,8,-1,MARKDOWN,5,A,2343.05342,2358.4130796895242,2304.65427077619,15.359659689524051,2.3061593790484474,0,1,0,1,1,1,False,-1,
9729,2024-06-03 11:30:00,11,-1,MARKDOWN,6,A+,2328.3521800000003,2338.4057352155332,2303.218291961168,10.053555215532924,3.2914704310663505,1,0,1,1,1,1,True,9734,-1.0
9757,2024-06-03 18:30:00,18,1,MARKUP,6,A+,2326.592,2312.6053826928705,2361.558543267824,13.986617307129563,4.2892346142586675,0,1,1,1,1,1,False,-1,
9807,2024-06-04 08:00:00,8,1,MARKUP,5,A,2339.34416,2328.828124425331,2365.6342489366725,10.516035574668877,2.0237511493374605,0,1,1,1,0,1,True,9818,-1.0
9831,2024-06-04 14:00:00,14,-1,MARKDOWN,6,A+,2342.8936200000003,2354.3272261697643,2314.30960457559,11.433606169764062,2.934452339528427,0,1,1,1,1,1,False,-1,
9843,2024-06-04 17:00:00,17,-1,MARKDOWN,6,A+,2340.66274,2355.1420806462547,2304.4643883843637,14.479340646254514,4.56416129250958,0,1,1,1,1,1,False,-1,
9855,2024-06-04 20:00:00,20,-1,MARKDOWN,5,A,2337.98924,2354.0401022207548,2297.862084448113,16.05086222075488,4.460204441509677,0,1,0,1,1,1,False,-1,
9929,2024-06-05 15:30:00,15,1,MARKUP,6,A+,2331.98088,2324.5048813923277,2350.670876519181,7.475998607672409,2.8502372153446376,0,1,1,1,1,1,False,-1,
9941,2024-06-05 18:30:00,18,1,MARKUP,5,A,2337.9629999999997,2323.6100336874865,2373.845415781283,14.352966312513217,4.63993262502684,0,1,1,0,1,1,False,-1,
9991,2024-06-06 08:00:00,8,1,MARKUP,5,A,2349.73998,2332.769522827689,2392.1661229307774,16.970457172310944,2.700954344622125,0,1,0,1,1,1,False,-1,
10031,2024-06-06 18:00:00,18,1,MARKUP,5,A,2361.76008,2351.4427006419346,2387.5535283951635,10.31737935806541,4.254598716131453,0,1,1,0,1,1,False,-1,
10083,2024-06-07 08:00:00,8,1,MARKUP,5,A,2367.47196,2353.464798947811,2402.4898626304725,14.007161052189076,2.9704021043779774,0,1,0,1,1,1,True,10095,-1.0
10103,2024-06-07 13:00:00,13,-1,MARKDOWN,6,A+,2367.64444,2390.2849400300465,2311.043189924884,22.640500030046496,5.109880060093124,0,1,1,1,1,1,False,-1,
10115,2024-06-07 16:00:00,16,-1,MARKDOWN,5,A,2359.35504,2390.813842527651,2280.708033680872,31.458802527651187,6.167685055302552,0,1,0,1,1,1,False,-1,
10127,2024-06-07 19:00:00,19,-1,MARKDOWN,5,A,2355.3937,2390.9630095044245,2266.470426238939,35.56930950442438,6.466019008848899,0,1,0,1,1,1,False,-1,
10175,2024-06-10 08:00:00,8,-1,MARKDOWN,5,A,2312.29812,2329.355186813091,2269.6554529672717,17.057066813091296,2.5303736261818837,0,1,1,1,0,1,False,-1,
10188,2024-06-10 11:15:00,11,-1,MARKDOWN,4,B,2303.94276,2316.0789849283497,2273.6021976791253,12.136224928349748,3.0179698566986044,0,0,1,0,1,1,True,10202,-1.0
10267,2024-06-11 08:00:00,8,-1,MARKDOWN,5,A,2308.11,2314.9487747571275,2291.0130631071816,6.838774757127339,2.2175495142546415,0,1,0,1,1,1,True,10288,-1.0
10279,2024-06-11 11:00:00,11,-1,MARKDOWN,4,B,2307.6898,2315.001113105419,2289.411517236453,7.311313105418776,2.3222262108370724,1,0,0,1,0,1,True,10280,-1.0
10299,2024-06-11 16:00:00,16,1,MARKUP,5,A,2306.24714,2296.2251211162784,2331.302187209304,10.022018883721557,3.0297577674425304,0,1,0,1,1,1,True,10313,0.8892099860875899
10311,2024-06-11 19:00:00,19,1,MARKUP,3,C,2306.24714,2296.0666526925643,2331.698358268589,10.18048730743567,3.34669461487115,0,0,0,1,0,1,True,10313,0.8831515832698739
10361,2024-06-12 08:30:00,8,1,MARKUP,5,A,2310.5249,2305.0803294936422,2324.1363262658942,5.44457050635765,1.7593410127157532,0,1,1,0,1,1,False,-1,
10388,2024-06-12 15:15:00,15,1,MARKUP,5,A,2313.4213,2309.695080076268,2322.73684980933,3.72621992373206,1.989839847464642,0,1,1,1,0,1,False,-1,
10400,2024-06-12 18:15:00,18,1,MARKUP,5,A,2322.52436,2308.386502908263,2357.869002729342,14.137857091736805,4.606994183473884,0,1,1,1,0,1,True,10414,-1.0
10451,2024-06-13 08:00:00,8,-1,MARKDOWN,5,A,2328.4822000000004,2342.5121169734934,2293.4074075662675,14.029916973493073,2.924233946986341,0,1,0,1,1,1,False,-1,
10463,2024-06-13 11:00:00,11,-1,MARKDOWN,4,B,2327.5861,2340.9255166088137,2294.2375584779656,13.339416608813735,2.6510332176277855,0,0,1,1,0,1,False,-1,
10475,2024-06-13 14:00:00,14,-1,MARKDOWN,5,A,2318.84758,2326.768596958004,2299.0450376049907,7.921016958003747,2.6171939160073925,0,1,1,1,0,1,True,10481,0.5
10487,2024-06-13 17:00:00,17,-1,MARKDOWN,6,A+,2318.00332,2329.506899626074,2289.2443709348145,11.503579626074043,5.63379925214799,0,1,1,1,1,1,False,-1,
10499,2024-06-13 20:00:00,20,-1,MARKDOWN,5,A,2314.8174400000003,2329.2479591161946,2278.7411422095147,14.430519116194318,5.115918232389376,0,1,0,1,1,1,False,-1,
10563,2024-06-14 13:00:00,13,1,MARKUP,6,A+,2310.0189,2299.463685323567,2336.4069366910826,10.555214676433025,2.812629352865672,0,1,1,1,1,1,False,-1,
10575,2024-06-14 16:00:00,16,1,MARKUP,6,A+,2314.9529199999997,2299.595846760885,2353.345603097787,15.357073239114925,3.928306478229952,0,1,1,1,1,1,False,-1,
10587,2024-06-14 19:00:00,19,1,MARKUP,5,A,2315.93554,2300.9620260013676,2353.369324996581,14.97351399863237,4.37594799726519,0,1,1,0,1,1,False,-1,
10659,2024-06-17 14:00:00,14,-1,MARKDOWN,4,B,2327.8591,2336.590965050186,2306.029437374536,8.731865050185661,2.221930100371792,0,1,0,0,1,1,False,-1,
10671,2024-06-17 17:00:00,17,-1,MARKDOWN,5,A,2324.2438,2331.112256047825,2307.0726598804376,6.8684560478250205,2.9645120956500457,0,1,0,1,1,1,True,10672,1.034349913250629
10683,2024-06-17 20:00:00,20,-1,MARKDOWN,4,B,2320.89534,2329.2364858996084,2300.042475250979,8.341145899608364,3.2129717992163407,0,1,0,1,0,1,True,10701,1.1085949059142615
10727,2024-06-18 08:00:00,8,1,MARKUP,4,B,2316.73466,2309.0513497896977,2335.942935525756,7.683310210302352,1.897300420604567,0,0,0,1,1,1,True,10737,-1.0
10739,2024-06-18 11:00:00,11,-1,MARKDOWN,6,A+,2320.95466,2326.7057962966246,2306.5768192584383,5.751136296624736,2.0515925932497785,0,1,1,1,1,1,True,10757,0.5
10751,2024-06-18 14:00:00,14,-1,MARKDOWN,5,A,2318.4029,2326.8503765143732,2297.284208714067,8.447476514373193,2.3407530287471534,0,1,0,1,1,1,True,10757,-1.0
10771,2024-06-18 19:00:00,19,1,MARKUP,5,A,2315.46948,2304.563302595022,2342.7349235124457,10.90617740497828,4.1333948099563775,0,1,0,1,1,1,False,-1,
10823,2024-06-19 09:00:00,9,1,MARKUP,6,A+,2324.28698,2318.094820081796,2339.7673797955094,6.192159918203743,1.3903598364076288,0,1,1,1,1,1,False,-1,
10846,2024-06-19 14:45:00,14,1,MARKUP,6,A+,2329.37384,2325.000930570623,2340.3061135734433,4.3729094293771595,1.7781388587537466,0,1,1,1,1,1,True,10848,-1.0
10869,2024-06-19 20:30:00,20,1,MARKUP,5,A,2328.03278,2322.7958605255685,2341.1250786860787,5.236919474431488,1.8482789488624447,0,1,1,1,0,1,True,10872,0.8169108712381414
10901,2024-06-20 08:00:00,8,1,MARKUP,6,A+,2330.73734,2322.695992126364,2350.84070968409,8.041347873635914,2.0480157472715588,0,1,1,1,1,1,False,-1,
10913,2024-06-20 11:00:00,11,1,MARKUP,5,A,2332.1049,2322.3992915944486,2356.3689210138778,9.705608405551175,2.641416811101968,1,0,0,1,1,1,True,10917,0.7442130368023429
10925,2024-06-20 14:00:00,14,1,MARKUP,6,A+,2333.39652,2324.6553611936606,2355.249417015848,8.741158806339172,2.30927761267844,0,1,1,1,1,1,False,-1,
10937,2024-06-20 17:00:00,17,1,MARKUP,6,A+,2337.7601999999997,2325.8560744586107,2367.520513853472,11.904125541389021,3.867851082778763,0,1,1,1,1,1,False,-1,
10949,2024-06-20 20:00:00,20,1,MARKUP,5,A,2344.58924,2329.5759617151625,2382.1224357120927,15.01327828483727,4.188076569675326,0,1,1,1,0,1,False,-1,
10993,2024-06-21 08:00:00,8,1,MARKUP,6,A+,2347.69778,2335.9013428796106,2377.1888728009735,11.796437120389328,1.5973142407787366,0,1,1,1,1,1,False,-1,
11005,2024-06-21 11:00:00,11,1,MARKUP,6,A+,2358.2549,2352.530648234653,2372.5655294133667,5.7242517653467075,2.3187035306933073,0,1,1,1,1,1,True,11026,-1.0
11017,2024-06-21 14:00:00,14,1,MARKUP,6,A+,2360.14072,2354.06514431231,2375.329659219224,6.075575687689707,2.2497113753796434,0,1,1,1,1,1,True,11025,-1.0
11035,2024-06-21 18:30:00,18,-1,MARKDOWN,6,A+,2351.37282,2371.2085397527535,2301.783520618116,19.835719752753448,4.917079505507374,0,1,1,1,1,1,False,-1,
11179,2024-06-25 08:30:00,8,-1,MARKDOWN,6,A+,2330.16836,2335.783718215706,2316.1299644607357,5.615358215705783,2.047436431410957,0,1,1,1,1,1,True,11192,-1.0
11191,2024-06-25 11:30:00,11,-1,MARKDOWN,5,A,2330.16836,2335.8863083615975,2315.873489096007,5.717948361597337,2.2526167231943446,0,0,1,1,1,1,True,11192,-1.0
11207,2024-06-25 15:30:00,15,-1,MARKDOWN,6,A+,2331.6391999999996,2338.455953323141,2314.5973166921467,6.816753323141256,2.631906646281804,0,1,1,1,1,1,False,-1,
11219,2024-06-25 18:30:00,18,-1,MARKDOWN,6,A+,2328.90026,2339.0380208693837,2303.5558578265404,10.137760869383783,3.796041738767145,0,1,1,1,1,1,False,-1,
11269,2024-06-26 08:00:00,8,-1,MARKDOWN,5,A,2321.48388,2329.399683685162,2301.694370787096,7.915803685161791,2.339367370324027,0,1,0,1,1,1,False,-1,
11281,2024-06-26 11:00:00,11,-1,MARKDOWN,6,A+,2318.56066,2325.4313207882356,2301.3840080294112,6.870660788235455,2.7626415764703793,0,1,1,1,1,1,False,-1,
11293,2024-06-26 14:00:00,14,-1,MARKDOWN,6,A+,2317.07468,2325.470942983269,2296.084022541828,8.396262983269025,2.8418859665379386,0,1,1,1,1,1,True,11298,1.75
11305,2024-06-26 17:00:00,17,-1,MARKDOWN,4,B,2312.4181,2326.1911919190916,2277.9853702022706,13.773091919091712,4.2823838381825095,0,1,0,1,0,1,False,-1,
11317,2024-06-26 20:00:00,20,-1,MARKDOWN,5,A,2310.94726,2323.487125884435,2279.597595288912,12.53986588443513,3.6342517688696194,0,1,0,1,1,1,False,-1,
11362,2024-06-27 08:15:00,8,-1,MARKDOWN,5,A,2300.1508,2304.9040628774706,2288.2676428063232,4.753262877470661,1.4081257549413608,0,1,1,0,1,1,True,11363,-1.0
11389,2024-06-27 15:00:00,15,1,MARKUP,6,A+,2305.5739599999997,2295.2648909329073,2331.346632667731,10.309069067092423,2.4502181341850613,0,1,1,1,1,1,False,-1,
11401,2024-06-27 18:00:00,18,1,MARKUP,6,A+,2309.59642,2294.5708980894437,2347.1602247763904,15.025521910556108,3.838203821111979,0,1,1,1,1,1,False,-1,
11457,2024-06-28 09:00:00,9,1,MARKUP,6,A+,2323.59198,2318.123978508697,2337.261983728258,5.468001491303312,1.8520429826063922,0,1,1,1,1,1,False,-1,
11473,2024-06-28 13:00:00,13,1,MARKUP,5,A,2323.96634,2318.0387627215196,2338.785283196201,5.927577278480385,2.022474556961081,0,1,1,1,0,1,True,11491,0.7484615614633678
11485,2024-06-28 16:00:00,16,1,MARKUP,5,A,2326.95358,2317.645458876403,2350.2238828089917,9.30812112359672,2.8090822471936057,0,1,0,1,1,1,True,11488,0.9025520793673416
11497,2024-06-28 19:00:00,19,1,MARKUP,4,B,2326.95358,2317.3219161258094,2351.0327396854764,9.631663874190508,3.4561677483820397,0,0,1,0,1,1,True,11504,0.889029721370115
11549,2024-07-01 09:00:00,9,-1,MARKDOWN,4,B,2327.6955,2334.4163905228966,2310.893273692758,6.720890522896752,2.172781045793289,0,0,0,1,1,1,True,11551,-1.0
11565,2024-07-01 13:00:00,13,1,MARKUP,6,A+,2322.88896,2317.3975505921267,2336.6174835196844,5.491409407873562,2.3648988157464914,0,1,1,1,1,1,True,11582,0.5
11577,2024-07-01 16:00:00,16,1,MARKUP,5,A,2326.21236,2317.1946088248646,2348.7567379378384,9.017751175135345,2.7707823502701463,1,0,0,1,1,1,True,11578,0.6868017088622257
11589,2024-07-01 19:00:00,19,1,MARKUP,4,B,2326.21236,2316.633161281954,2350.160356795115,9.579198718045973,3.8936774360917297,0,0,1,0,1,1,False,-1,
11660,2024-07-02 13:45:00,13,-1,MARKDOWN,5,A,2329.99464,2335.5711529267746,2316.053357683063,5.57651292677474,2.3823058535487056,0,1,0,1,1,1,True,11671,-1.0
11673,2024-07-02 17:00:00,17,-1,MARKDOWN,6,A+,2329.96748,2338.727178700718,2308.0682332482043,8.759698700718218,3.8743574014357645,0,1,1,1,1,1,True,11677,0.6363722942989067
11685,2024-07-02 20:00:00,20,-1,MARKDOWN,5,A,2329.96748,2338.5337182039684,2308.551884490078,8.566238203968624,3.4874364079372557,0,1,0,1,1,1,True,11694,-1.0
11729,2024-07-03 08:00:00,8,1,MARKUP,5,A,2327.00088,2320.1601561293005,2344.102689676749,6.840723870699549,1.5796877413990023,0,1,1,1,0,1,False,-1,
11741,2024-07-03 11:00:00,11,1,MARKUP,6,A+,2331.37986,2320.08897400033,2359.607074999175,11.290885999670081,2.542051999340816,0,1,1,1,1,1,False,-1,
11753,2024-07-03 14:00:00,14,1,MARKUP,5,A,2335.52994,2325.5762451807636,2360.4141770480906,9.953694819236262,2.587509638472821,0,1,0,1,1,1,False,-1,
11765,2024-07-03 17:00:00,17,1,MARKUP,6,A+,2340.77862,2324.8269744350046,2380.6577339124888,15.951645564995488,4.086051129990621,0,1,1,1,1,1,False,-1,
11777,2024-07-03 20:00:00,20,1,MARKUP,5,A,2341.4242,2325.017000477903,2382.4421988052427,16.407199522097017,3.705999044193736,0,1,0,1,1,1,False,-1,
11821,2024-07-04 08:00:00,8,1,MARKUP,3,C,2355.2117799999996,2348.2725654756505,2372.5598163108725,6.939214524349154,1.8148690486987105,0,0,0,0,1,1,True,11825,1.0740140588739444
11849,2024-07-04 15:00:00,15,1,MARKUP,5,A,2355.09872,2349.63287589151,2368.7633302712247,5.465844108489819,1.7942482169804117,0,1,1,0,1,1,False,-1,
11861,2024-07-04 18:00:00,18,1,MARKUP,4,B,2355.09872,2349.59332824625,2368.8621993843744,5.505391753749791,1.8733435075000076,0,1,0,0,1,1,True,11876,1.2337782441670946
11903,2024-07-05 08:00:00,8,1,MARKUP,4,B,2358.2157199999997,2353.3651135258247,2370.3422361854373,4.850606474175038,1.709772948350408,0,1,0,0,1,1,False,-1,
11915,2024-07-05 11:00:00,11,1,MARKUP,4,B,2359.377,2353.194078202451,2374.834304493873,6.18292179754917,2.051843595097714,0,1,0,0,1,1,True,11933,-1.0
11927,2024-07-05 14:00:00,14,1,MARKUP,3,C,2359.5145199999997,2353.209416966332,2375.2772775841695,6.3051030336678195,2.0211660673360443,0,0,0,0,1,1,True,11933,-1.0
11939,2024-07-05 17:00:00,17,1,MARKUP,5,A,2361.88848,2344.787938704857,2404.6398332378576,17.100541295143103,5.444122590286505,0,1,0,1,1,1,False,-1,
11951,2024-07-05 20:00:00,20,1,MARKUP,6,A+,2363.46232,2345.3834739398358,2408.659435150411,18.078846060164324,4.253052120328724,0,1,1,1,1,1,False,-1,
12035,2024-07-08 18:00:00,18,-1,MARKDOWN,4,B,2382.41332,2392.69538409052,2356.7081597737006,10.282064090519725,3.1907681810399864,0,1,1,0,0,1,False,-1,
12096,2024-07-09 10:15:00,10,-1,MARKDOWN,6,A+,2362.49806,2370.6829178881117,2342.0359152797205,8.184857888111765,2.1058357762228566,0,1,1,1,1,1,True,12103,-1.0
12108,2024-07-09 13:15:00,13,-1,MARKDOWN,7,A+,2363.4902,2369.8376793626294,2347.621501593427,6.347479362629201,2.075358725258152,1,1,1,1,1,1,True,12109,0.6641153903008183
12123,2024-07-09 17:00:00,17,-1,MARKDOWN,6,A+,2365.65956,2373.422192309751,2346.2529792256223,7.762632309751098,3.7443846195021706,0,1,1,1,1,1,False,-1,
12135,2024-07-09 20:00:00,20,-1,MARKDOWN,5,A,2363.10016,2373.5181521220725,2337.0551796948184,10.41799212207252,3.936304244144873,0,1,0,1,1,1,True,12139,-1.0
12179,2024-07-10 08:00:00,8,1,MARKUP,6,A+,2357.87984,2348.6148575822135,2381.0422960444666,9.264982417786541,1.63028483557242,0,1,1,1,1,1,False,-1,
12191,2024-07-10 11:00:00,11,1,MARKUP,5,A,2363.6079,2355.5918198020313,2383.648100494922,8.016080197968677,1.9363603959375881,0,1,0,1,1,1,False,-1,
12203,2024-07-10 14:00:00,14,1,MARKUP,5,A,2367.65354,2362.0076027271907,2381.7683831820223,5.645937272809078,1.764794545618336,0,1,0,1,1,1,False,-1,
12215,2024-07-10 17:00:00,17,1,MARKUP,6,A+,2372.2288,2361.9776338710394,2397.856715322401,10.251166128960449,2.624732257920852,0,1,1,1,1,1,True,12228,0.8990761808306934
12227,2024-07-10 20:00:00,20,1,MARKUP,4,B,2374.1816799999997,2365.018030171375,2397.0908045715614,9.163649828624784,2.8639396572496167,1,0,0,1,0,1,True,12228,0.8282892987413086
12271,2024-07-11 08:00:00,8,1,MARKUP,5,A,2376.3385,2369.220244954969,2394.1341376125765,7.1182550450307644,1.4395100900616988,0,1,0,1,1,1,False,-1,
12283,2024-07-11 11:00:00,11,1,MARKUP,6,A+,2375.35294,2368.9094454507667,2391.4616763730837,6.443494549233492,2.0611090984666154,0,1,1,1,1,1,False,-1,
12295,2024-07-11 14:00:00,14,1,MARKUP,5,A,2375.94328,2369.563015768304,2391.89394057924,6.380264231695946,2.033968463391872,0,1,1,0,1,1,False,-1,
12307,2024-07-11 17:00:00,17,1,MARKUP,6,A+,2387.373,2368.6250209680557,2434.242947579861,18.747979031944396,5.789958063888459,0,1,1,1,1,1,False,-1,
12319,2024-07-11 20:00:00,20,1,MARKUP,5,A,2393.90484,2372.32770428196,2447.8476792951005,21.577135718040154,5.24459143607971,0,1,0,1,1,1,False,-1,
12403,2024-07-12 18:00:00,18,1,MARKUP,6,A+,2400.1996,2389.4933609472923,2426.965197631769,10.706239052707588,3.9932781054147033,0,1,1,1,1,1,False,-1,
12456,2024-07-15 08:15:00,8,1,MARKUP,6,A+,2406.70104,2398.663168607416,2426.7957184814595,8.037871392583838,1.773662785168559,0,1,1,1,1,1,True,12459,1.0946553050775192
12469,2024-07-15 11:30:00,11,1,MARKUP,6,A+,2407.8258,2400.239757864245,2426.790905339388,7.586042135755179,2.260484271509846,0,1,1,1,1,1,True,12473,1.0559398154741328
12481,2024-07-15 14:30:00,14,1,MARKUP,6,A+,2408.62418,2400.0949918799433,2429.947150300141,8.52918812005646,2.550016240113377,0,1,1,1,1,1,False,-1,
12493,2024-07-15 17:30:00,17,1,MARKUP,6,A+,2410.12926,2399.6625164797774,2436.296118800557,10.466743520222735,3.4149670404453376,0,1,1,1,1,1,False,-1,
12505,2024-07-15 20:30:00,20,1,MARKUP,4,B,2416.06554,2399.3180348827273,2457.934302793182,16.747505117272794,4.103930234545315,0,0,0,1,1,1,False,-1,
12547,2024-07-16 08:00:00,8,1,MARKUP,6,A+,2422.5483600000002,2410.7461560834968,2452.053869791259,11.802203916503458,2.2276878330065433,0,1,1,1,1,1,False,-1,
12559,2024-07-16 11:00:00,11,1,MARKUP,4,B,2427.44292,2418.4563692523325,2449.9092968691684,8.98655074766748,2.6472614953356324,0,1,0,0,1,1,False,-1,
12571,2024-07-16 14:00:00,14,1,MARKUP,4,B,2428.9669999999996,2418.6508709895797,2454.7573225260494,10.3161290104199,2.678258020840286,0,1,0,1,0,1,False,-1,
12583,2024-07-16 17:00:00,17,1,MARKUP,5,A,2430.68982,2417.763188810663,2463.0063979733427,12.926631189337058,4.453622378673644,0,1,0,1,1,1,False,-1,
12595,2024-07-16 20:00:00,20,1,MARKUP,5,A,2440.45112,2422.8565712107384,2484.4374919731545,17.594548789261808,4.506857578523379,0,1,1,1,0,1,False,-1,
12639,2024-07-17 08:00:00,8,1,MARKUP,3,C,2452.88814,2432.8236738811834,2503.0493052970414,20.064466118816654,3.632652237633116,0,0,0,0,1,1,False,-1,
12651,2024-07-17 11:00:00,11,1,MARKUP,6,A+,2467.4111399999997,2456.316874094775,2495.1468047630615,11.094265905224802,3.646251810449712,0,1,1,1,1,1,True,12662,0.9055738184512263
12665,2024-07-17 14:30:00,14,1,MARKUP,6,A+,2469.69774,2460.0122393751953,2493.911491562012,9.685500624804718,3.6555212496094303,0,1,1,1,1,1,True,12667,0.8465224892453881
12731,2024-07-18 08:00:00,8,1,MARKUP,6,A+,2463.83984,2450.293931146357,2497.704612134108,13.545908853643141,2.5521377072861804,0,1,1,1,1,1,True,12751,-1.0
12743,2024-07-18 11:00:00,11,1,MARKUP,5,A,2460.49352,2450.2793027791395,2486.0290630521513,10.214217220860519,2.581394441721361,0,1,0,1,1,1,True,12763,-1.0
12757,2024-07-18 14:30:00,14,1,MARKUP,5,A,2463.90488,2455.8687464041504,2483.995213989624,8.036133595849606,2.442507191699374,1,0,1,0,1,1,True,12759,-1.0
12779,2024-07-18 20:00:00,20,-1,MARKDOWN,6,A+,2466.52218,2476.7138006259975,2441.043128435006,10.19162062599753,3.5676012519956477,0,1,1,1,1,1,False,-1,
12823,2024-07-19 08:00:00,8,-1,MARKDOWN,6,A+,2451.02482,2471.6143964462863,2399.5508788842844,20.589576446286173,3.368792892572861,0,1,1,1,1,1,False,-1,
12835,2024-07-19 11:00:00,11,-1,MARKDOWN,4,B,2443.32706,2464.152047585883,2391.264591035293,20.82498758588281,4.084095171765614,0,1,0,1,0,1,False,-1,
12847,2024-07-19 14:00:00,14,-1,MARKDOWN,6,A+,2432.25596,2447.4502782771333,2394.270164307167,15.194318277133334,3.4805565542669195,0,1,1,1,1,1,False,-1,
12859,2024-07-19 17:00:00,17,-1,MARKDOWN,6,A+,2425.58048,2447.5135969553485,2370.747687611629,21.933116955348396,4.627193910697537,0,1,1,1,1,1,False,-1,
12871,2024-07-19 20:00:00,20,-1,MARKDOWN,6,A+,2415.93968,2431.6407406538747,2376.6870283653134,15.70106065387472,4.081481307749629,0,1,1,1,1,1,False,-1,
12916,2024-07-22 08:15:00,8,-1,MARKDOWN,7,A+,2405.4368,2413.4144417774683,2385.492695556329,7.977641777468307,2.508883554936816,1,1,1,1,1,1,True,12917,0.8836722222601436
12929,2024-07-22 11:30:00,11,-1,MARKDOWN,4,B,2405.86082,2413.58523284357,2386.5497878910746,7.724412843570008,2.8504656871398564,0,1,0,0,1,1,True,12937,0.9236968706146977
12941,2024-07-22 14:30:00,14,-1,MARKDOWN,6,A+,2406.68212,2413.576566818009,2389.4460029549778,6.894446818008873,2.8331336360183457,0,1,1,1,1,1,False,-1,
12953,2024-07-22 17:30:00,17,-1,MARKDOWN,6,A+,2401.33794,2414.2975651190177,2368.9388772024554,12.959625119017801,4.275130238035992,0,1,1,1,1,1,False,-1,
12965,2024-07-22 20:30:00,20,-1,MARKDOWN,5,A,2399.73732,2411.3401730910987,2370.7301872722537,11.602853091098495,3.5403461821974607,0,1,0,1,1,1,True,12974,-1.0
13008,2024-07-23 08:15:00,8,-1,MARKDOWN,6,A+,2396.3012400000002,2405.094062143488,2374.319184641281,8.792822143487683,2.1681242869758472,0,1,1,1,1,1,True,13017,-1.0
13032,2024-07-23 14:15:00,14,1,MARKUP,6,A+,2397.36868,2386.8176491762206,2423.746257059449,10.551030823779456,2.964701647559639,0,1,1,1,1,1,False,-1,
13044,2024-07-23 17:15:00,17,1,MARKUP,3,C,2397.36868,2386.5512569042885,2424.4122377392787,10.817423095711547,3.4974861914234716,0,0,1,0,0,1,False,-1,
13056,2024-07-23 20:15:00,20,1,MARKUP,5,A,2397.36868,2386.760196327938,2423.889889180155,10.608483672061993,3.079607344123879,0,1,1,0,1,1,False,-1,
13099,2024-07-24 08:00:00,8,1,MARKUP,5,A,2406.76924,2398.326738734906,2427.8754931627354,8.442501265094052,2.506522530187742,0,1,0,1,1,1,False,-1,
13111,2024-07-24 11:00:00,11,1,MARKUP,3,C,2408.9859199999996,2401.3616676922265,2428.0465507694325,7.624252307773077,2.5966646155464423,0,0,0,0,1,1,False,-1,
13125,2024-07-24 14:30:00,14,1,MARKUP,5,A,2410.43822,2403.69721568953,2427.290730776175,6.741004310470089,2.625568620940663,0,1,1,0,1,1,False,-1,
13137,2024-07-24 17:30:00,17,1,MARKUP,6,A+,2413.93352,2402.860086041942,2441.6171048951455,11.073433958058104,4.299827916116489,0,1,1,1,1,1,True,13149,-1.0
13191,2024-07-25 08:00:00,8,-1,MARKDOWN,5,A,2407.11214,2434.1088371204823,2339.6203971987948,26.996697120482168,4.157674240964191,0,1,0,1,1,1,False,-1,
13203,2024-07-25 11:00:00,11,-1,MARKDOWN,3,C,2400.68048,2424.4337828630696,2341.297222842326,23.75330286306962,4.4475657261390475,0,0,0,0,1,1,False,-1,
13215,2024-07-25 14:00:00,14,-1,MARKDOWN,4,B,2392.34366,2410.7783596936288,2346.2569107659283,18.434699693628772,4.11671938725752,0,0,1,0,1,1,False,-1,
13227,2024-07-25 17:00:00,17,-1,MARKDOWN,6,A+,2385.86124,2404.1327088441103,2340.182567889725,18.27146884411013,5.845417688220515,0,1,1,1,1,1,False,-1,
13239,2024-07-25 20:00:00,20,-1,MARKDOWN,4,B,2372.9891000000002,2385.015370607377,2342.9234234815585,12.026270607376773,4.990741214753657,0,1,1,0,0,1,False,-1,
13319,2024-07-26 17:00:00,17,1,MARKUP,5,A,2368.7225,2353.7429974485867,2406.1712563785327,14.979502551413134,4.174005102826599,0,1,1,0,1,1,False,-1,
13331,2024-07-26 20:00:00,20,1,MARKUP,5,A,2374.99628,2363.3472742310273,2404.118794422431,11.649005768972529,3.785451537944729,0,1,0,1,1,1,False,-1,
13375,2024-07-29 08:00:00,8,1,MARKUP,4,B,2385.5261,2373.3364715670114,2416.0001710824718,12.189628432988684,2.5670568659769506,0,0,1,0,1,1,False,-1,
13396,2024-07-29 13:15:00,13,1,MARKUP,4,B,2390.5319,2381.260315845347,2413.710860386632,9.271584154652828,2.9193683093052387,0,1,1,0,0,1,True,13400,-1.0
13422,2024-07-29 19:45:00,19,-1,MARKDOWN,5,A,2386.3992599999997,2398.6493145525933,2355.7741236185157,12.25005455259361,3.818629105187158,0,1,0,1,1,1,False,-1,
13475,2024-07-30 10:00:00,10,1,MARKUP,6,A+,2378.20388,2368.497611633855,2402.469550915363,9.706268366145196,2.3447767322905206,0,1,1,1,1,1,False,-1,
13487,2024-07-30 13:00:00,13,1,MARKUP,5,A,2382.41246,2375.4799217850505,2399.743805537374,6.932538214949545,2.000156429898789,0,1,1,0,1,1,False,-1,
13499,2024-07-30 16:00:00,16,1,MARKUP,5,A,2382.56908,2375.281636513254,2400.787688716866,7.28744348674627,2.396726973492542,0,1,1,0,1,1,False,-1,
13512,2024-07-30 19:15:00,19,1,MARKUP,5,A,2384.60514,2374.6125657067305,2409.586575733174,9.992574293269627,3.734868586539247,0,0,1,1,1,1,False,-1,
13559,2024-07-31 08:00:00,8,1,MARKUP,4,B,2398.00274,2381.874987986064,2438.32212003484,16.12775201393606,3.1700240278723535,0,1,0,1,0,1,False,-1,
13571,2024-07-31 11:00:00,11,1,MARKUP,5,A,2401.61138,2385.3237543811524,2442.3304440471184,16.287625618847414,3.0924912376953912,0,1,1,1,0,1,False,-1,
13583,2024-07-31 14:00:00,14,1,MARKUP,6,A+,2412.12974,2402.4947548669015,2436.217202832746,9.634985133098326,2.7904902661966466,0,1,1,1,1,1,False,-1,
13595,2024-07-31 17:00:00,17,1,MARKUP,6,A+,2413.31012,2402.294001518246,2440.8504162043846,11.016118481753892,3.1919969635069734,0,1,1,1,1,1,False,-1,
13607,2024-07-31 20:00:00,20,1,MARKUP,5,A,2413.61382,2402.520423308615,2441.347311728462,11.093396691384896,3.0791533827694852,0,1,1,1,0,1,False,-1,
13651,2024-08-01 08:00:00,8,1,MARKUP,4,B,2433.31628,2416.2579689486665,2475.9620576283337,17.058311051333476,3.144062102667017,0,0,0,1,1,1,True,13666,0.9236435479474951
13681,2024-08-01 15:30:00,15,1,MARKUP,6,A+,2440.99184,2428.446522277186,2472.3551343070358,12.545317722814161,3.6069554456281088,0,1,1,1,1,1,True,13699,0.9442602145149508
13693,2024-08-01 18:30:00,18,1,MARKUP,5,A,2442.50456,2427.484066645983,2480.0557933850414,15.020493354016708,5.53186670803414,1,0,0,1,1,1,True,13694,0.8206968925163585
13743,2024-08-02 08:00:00,8,1,MARKUP,5,A,2445.37208,2433.040670370564,2476.2006040735905,12.331409629436166,3.6986592588722633,0,1,0,1,1,1,False,-1,
13755,2024-08-02 11:00:00,11,1,MARKUP,5,A,2447.71756,2433.003398049179,2484.502964877053,14.714161950821108,3.7732039016416548,0,1,1,0,1,1,False,-1,
13767,2024-08-02 14:00:00,14,1,MARKUP,2,C,2447.83498,2433.5167269665153,2483.630612583712,14.31825303348478,3.126546066969555,0,0,0,0,0,1,True,13781,0.5
13779,2024-08-02 17:00:00,17,1,MARKUP,6,A+,2451.37612,2431.999963639308,2499.816510901729,19.376156360691766,6.16007272138314,0,1,1,1,1,1,True,13781,-1.0
13791,2024-08-02 20:00:00,20,-1,MARKDOWN,5,A,2452.19184,2482.3496616350108,2376.797285912473,30.157821635010805,9.219323270021517,0,1,0,1,1,1,False,-1,
13838,2024-08-05 08:45:00,8,-1,MARKDOWN,5,A,2450.12772,2477.4993387063605,2381.6986732340984,27.37161870636055,6.198677412720706,0,0,1,1,1,1,False,-1,
13850,2024-08-05 11:45:00,11,-1,MARKDOWN,5,A,2441.69078,2462.0978594229823,2390.6730814425437,20.407079422982406,6.655718845964743,0,1,1,1,0,1,False,-1,
13862,2024-08-05 14:45:00,14,-1,MARKDOWN,5,A,2429.94428,2462.3999553069584,2348.8050917326045,32.455675306958256,7.25991061391667,0,1,1,1,0,1,False,-1,
13874,2024-08-05 17:45:00,17,-1,MARKDOWN,4,B,2422.64426,2463.1398672750975,2321.4052418122565,40.49560727509743,8.739734550194866,0,0,0,1,1,1,False,-1,
13886,2024-08-05 20:45:00,20,-1,MARKDOWN,3,C,2422.64426,2462.1665248470076,2323.838597882481,39.52226484700759,6.793049694015286,0,0,0,0,1,1,False,-1,
13956,2024-08-06 15:15:00,15,-1,MARKDOWN,5,A,2409.3830000000003,2420.3789450912486,2381.8931372718794,10.995945091248359,4.037890182496853,0,1,1,0,1,1,False,-1,
13968,2024-08-06 18:15:00,18,-1,MARKDOWN,6,A+,2404.31004,2421.3733485584116,2361.6517686039706,17.06330855841179,6.026697116822724,0,1,1,1,1,1,False,-1,
14060,2024-08-07 18:15:00,18,1,MARKUP,4,B,2389.75072,2377.220303686998,2421.0767607825055,12.530416313002206,3.6993926260051317,0,0,0,1,1,1,True,14070,1.234526214329728
14126,2024-08-08 11:45:00,11,1,MARKUP,5,A,2388.35146,2379.283908074663,2411.0203398133417,9.06755192533683,2.832183850673575,0,1,0,1,1,1,False,-1,
14138,2024-08-08 14:45:00,14,1,MARKUP,5,A,2393.2869,2378.9200541800374,2429.204014549907,14.366845819962691,3.5598916399247513,0,1,0,1,1,1,False,-1,
14150,2024-08-08 17:45:00,17,1,MARKUP,5,A,2398.98728,2380.6063172548334,2444.939686862916,18.38096274516647,5.407365490333309,0,1,0,1,1,1,False,-1,
14162,2024-08-08 20:45:00,20,1,MARKUP,5,A,2402.55222,2386.415724925585,2442.8934576860374,16.136495074415052,4.60855014882998,0,1,0,1,1,1,False,-1,
14215,2024-08-09 11:00:00,11,1,MARKUP,5,A,2420.806,2414.4373497327256,2436.727625668186,6.368650267274461,2.8053005345487203,0,1,1,0,1,1,False,-1,
14227,2024-08-09 14:00:00,14,1,MARKUP,6,A+,2422.90504,2415.604222486276,2441.157083784311,7.300817513724269,2.5915550274487513,0,1,1,1,1,1,True,14237,0.5
14239,2024-08-09 17:00:00,17,1,MARKUP,6,A+,2423.11132,2415.062078589883,2443.234423525292,8.049241410116792,3.6758428202336253,0,1,1,1,1,1,False,-1,
14251,2024-08-09 20:00:00,20,1,MARKUP,6,A+,2424.60112,2415.1086535413574,2448.332286146606,9.492466458642411,3.5826929172856277,0,1,1,1,1,1,False,-1,
14295,2024-08-12 08:00:00,8,1,MARKUP,5,A,2427.19054,2420.045466092913,2445.0532247677174,7.145073907086953,2.0890678141744177,0,1,0,1,1,1,False,-1,
14307,2024-08-12 11:00:00,11,1,MARKUP,6,A+,2431.1279999999997,2422.655910360512,2452.3082240987196,8.472089639487876,2.428179278976146,0,1,1,1,1,1,False,-1,
14319,2024-08-12 14:00:00,14,1,MARKUP,4,B,2431.97604,2422.7248499759344,2455.104015060164,9.251190024065636,2.2903000481309204,0,1,0,0,1,1,False,-1,
14331,2024-08-12 17:00:00,17,1,MARKUP,4,B,2436.72812,2422.2498818855406,2472.923715286149,14.4782381144596,3.2402362289187585,0,1,0,1,0,1,False,-1,
14343,2024-08-12 20:00:00,20,1,MARKUP,6,A+,2440.58806,2422.9446542757446,2484.6965743106384,17.643405724255445,3.7106914485107594,0,1,1,1,1,1,False,-1,
14414,2024-08-13 14:45:00,14,1,MARKUP,6,A+,2465.55262,2457.306038479422,2486.1690738014445,8.24658152057782,2.4279230411558457,1,1,1,0,1,1,True,14415,0.5796727951310197
14426,2024-08-13 17:45:00,17,1,MARKUP,5,A,2465.55262,2456.4756094653403,2488.2451463366488,9.077010534659621,4.088781069319137,0,1,1,0,1,1,True,14444,-1.0
14486,2024-08-14 09:45:00,9,1,MARKUP,6,A+,2462.12668,2454.128876808779,2482.121187978052,7.99780319122101,2.442246382442476,0,1,1,1,1,1,False,-1,
14499,2024-08-14 13:00:00,13,1,MARKUP,5,A,2464.2697,2453.976325414092,2490.0031364647693,10.293374585907713,2.747349171815772,0,1,0,1,1,1,True,14509,0.5408484064113928
14511,2024-08-14 16:00:00,16,1,MARKUP,4,B,2464.69754,2453.335488888723,2493.102667778193,11.362051111277196,4.029022222553701,1,0,0,1,0,1,True,14512,-1.0
14523,2024-08-14 19:00:00,19,-1,MARKDOWN,6,A+,2465.3880400000003,2482.245694218856,2423.243904452861,16.857654218855714,4.85138843771198,0,1,1,1,1,1,False,-1,
14599,2024-08-15 15:00:00,15,1,MARKUP,6,A+,2454.0226,2445.547780393151,2475.2096490171225,8.474819606848996,2.204439213698411,0,1,1,1,1,1,True,14601,0.5
14675,2024-08-16 11:00:00,11,1,MARKUP,6,A+,2456.03194,2449.471054854274,2472.4341528643145,6.560885145725933,2.677890291452214,0,1,1,1,1,1,False,-1,
14687,2024-08-16 14:00:00,14,1,MARKUP,6,A+,2457.76622,2449.4876770085366,2478.462577478658,8.278542991463382,2.644645982926898,0,1,1,1,1,1,False,-1,
14699,2024-08-16 17:00:00,17,1,MARKUP,5,A,2469.6426,2448.060622311239,2523.597544221903,21.58197768876107,5.498755377521459,0,1,0,1,1,1,False,-1,
14711,2024-08-16 20:00:00,20,1,MARKUP,4,B,2469.6426,2448.379348091788,2522.800729770531,21.26325190821217,4.861303816423749,0,1,0,1,0,1,False,-1,
14759,2024-08-19 09:00:00,9,1,MARKUP,5,A,2489.666,2475.5406217332043,2524.9794456669897,14.125378266795906,3.0387565335914624,0,1,1,0,1,1,True,14778,0.8923703259254949
14793,2024-08-19 17:30:00,17,1,MARKUP,5,A,2493.8830000000003,2483.4675653127597,2519.921586718102,10.415434687240577,4.4048693744809695,0,1,1,0,1,1,False,-1,
14805,2024-08-19 20:30:00,20,1,MARKUP,5,A,2494.00906,2483.81160900762,2519.502687480949,10.1974509923798,3.7167819847595887,0,1,0,1,1,1,False,-1,
14852,2024-08-20 09:15:00,9,1,MARKUP,5,A,2501.50998,2496.016059729636,2515.24478067591,5.493920270364015,2.6678805407286044,0,1,1,0,1,1,True,14855,1.75
14867,2024-08-20 13:00:00,13,1,MARKUP,5,A,2508.00016,2495.626352484027,2538.934678789933,12.373807515973112,3.447295031946158,0,1,0,1,1,1,True,14888,-1.0
14879,2024-08-20 16:00:00,16,1,MARKUP,4,B,2509.5358,2495.610721774337,2544.348495564158,13.925078225663128,3.4785564513255918,0,1,0,0,1,1,True,14887,0.5
14939,2024-08-21 08:00:00,8,1,MARKUP,6,A+,2512.63032,2499.6162220965134,2545.165564758717,13.0140979034868,2.52755580697319,0,1,1,1,1,1,True,14943,-1.0
14963,2024-08-21 14:00:00,14,-1,MARKDOWN,6,A+,2514.06664,2521.3843488737734,2495.772367815566,7.317708873773427,2.808697747546796,0,1,1,1,1,1,False,-1,
14975,2024-08-21 17:00:00,17,-1,MARKDOWN,4,B,2510.04418,2522.147850006743,2479.7850049831422,12.10367000674296,4.335700013485866,0,0,0,1,1,1,True,14982,0.8225014145787981
14988,2024-08-21 20:15:00,20,-1,MARKDOWN,4,B,2509.80934,2521.683041983122,2480.125085042194,11.873701983122373,4.166083966244565,1,0,0,1,0,1,True,14989,0.8188584911555901
15031,2024-08-22 08:00:00,8,-1,MARKDOWN,5,A,2509.54978,2520.3401082442538,2482.573959389365,10.790328244253942,2.320216488507519,0,1,0,1,1,1,True,15036,0.8388451783861699
15043,2024-08-22 11:00:00,11,-1,MARKDOWN,5,A,2511.5973,2520.7130977987567,2488.807805503108,9.11579779875683,3.0661955975140263,0,1,1,0,1,1,False,-1,
15055,2024-08-22 14:00:00,14,-1,MARKDOWN,6,A+,2509.4034,2517.0083779138467,2490.3909552153837,7.6049779138465965,2.7567558276934814,0,1,1,1,1,1,False,-1,
15067,2024-08-22 17:00:00,17,-1,MARKDOWN,6,A+,2499.5428,2517.213525256909,2455.365986857728,17.67072525690901,5.087050513818179,0,1,1,1,1,1,False,-1,
15079,2024-08-22 20:00:00,20,-1,MARKDOWN,6,A+,2495.42314,2512.8628921775985,2451.823759556003,17.43975217759862,4.525784355197367,0,1,1,1,1,1,False,-1,
15150,2024-08-23 14:45:00,14,1,MARKUP,6,A+,2490.1285399999997,2481.337784081924,2512.105429795189,8.790755918075774,2.3244318361521685,0,1,1,1,1,1,False,-1,
15162,2024-08-23 17:45:00,17,1,MARKUP,5,A,2498.52862,2483.867983481887,2535.180211295282,14.660636518112824,5.324033036226311,0,1,0,1,1,1,False,-1,
15174,2024-08-23 20:45:00,20,1,MARKUP,5,A,2500.54306,2487.082768220292,2534.1937894492694,13.460291779707859,4.894463559416404,0,1,0,1,1,1,False,-1,
15217,2024-08-26 08:30:00,8,1,MARKUP,3,C,2503.58362,2493.4168109451302,2529.0006426371738,10.166809054869645,2.066378109739038,0,0,1,0,0,1,False,-1,
15229,2024-08-26 11:30:00,11,1,MARKUP,5,A,2511.83546,2502.148459771802,2536.0529605704937,9.687000228197576,2.5430804563956078,0,1,0,1,1,1,True,15251,0.7547618050454226
15241,2024-08-26 14:30:00,14,1,MARKUP,5,A,2515.57634,2507.5194431177074,2535.7185822057318,8.056896882292676,2.461113764585618,0,1,0,1,1,1,True,15250,0.5
15253,2024-08-26 17:30:00,17,1,MARKUP,4,B,2515.70622,2506.9979028954667,2537.4770127613333,8.708317104533307,3.504194209066243,0,0,0,1,1,1,True,15255,-1.0
15307,2024-08-27 08:00:00,8,-1,MARKDOWN,5,A,2518.57552,2527.5236072605344,2496.2053018486636,8.948087260534521,2.1272145210690274,0,1,0,1,1,1,False,-1,
15319,2024-08-27 11:00:00,11,-1,MARKDOWN,5,A,2515.7949399999998,2524.9794591159202,2492.8336422101984,9.184519115920466,3.218918231841123,0,1,0,1,1,1,True,15343,-1.0
15336,2024-08-27 15:15:00,15,-1,MARKDOWN,5,A,2513.13136,2520.432998742112,2494.8772631447196,7.301638742112118,2.7459974842242563,0,0,1,1,1,1,True,15341,0.5
15358,2024-08-27 20:45:00,20,1,MARKUP,6,A+,2510.4924,2501.933478573852,2531.8897035653704,8.558921426148117,3.2130428522957772,0,1,1,1,1,1,False,-1,
15404,2024-08-28 09:15:00,9,-1,MARKDOWN,5,A,2519.1773200000002,2530.266024649117,2491.455558377209,11.088704649116607,2.512049298233614,0,1,0,1,1,1,False,-1,
15419,2024-08-28 13:00:00,13,-1,MARKDOWN,5,A,2519.1773200000002,2530.2492972151485,2491.4973769621292,11.071977215148308,2.4785944302968694,0,1,1,0,1,1,False,-1,
15431,2024-08-28 16:00:00,16,-1,MARKDOWN,3,C,2515.50248,2530.608822821294,2477.7366229467657,15.106342821293765,3.197645642587408,0,0,0,1,0,1,False,-1,
15443,2024-08-28 19:00:00,19,-1,MARKDOWN,4,B,2511.2321,2523.9606927952177,2479.410618011956,12.728592795217537,3.721385590436,0,0,1,0,1,1,False,-1,
15491,2024-08-29 08:00:00,8,1,MARKUP,5,A,2504.75614,2495.414908173763,2528.109219565593,9.341231826237163,2.050183652474812,0,1,0,1,1,1,False,-1,
15503,2024-08-29 11:00:00,11,1,MARKUP,5,A,2505.90978,2495.1722827302833,2532.7535231742913,10.737497269716641,2.5354345394331754,0,1,1,0,1,1,True,15521,0.5
15515,2024-08-29 14:00:00,14,1,MARKUP,6,A+,2511.10064,2501.527833711477,2535.0326557213084,9.572806288523225,2.7043325770461277,0,1,1,1,1,1,True,15521,1.0331570626964195
15527,2024-08-29 17:00:00,17,1,MARKUP,5,A,2511.57032,2501.654917187417,2536.3588270314567,9.91540281258267,3.9701656251655253,0,1,1,1,0,1,False,-1,
15539,2024-08-29 20:00:00,20,1,MARKUP,6,A+,2512.73542,2501.7579646131135,2540.1790584672162,10.977455386886504,3.764070773773069,0,1,1,1,1,1,False,-1,
15588,2024-08-30 09:15:00,9,1,MARKUP,5,A,2518.50064,2510.9713191440082,2537.3239421399803,7.529320855991955,2.4373617119834305,0,1,1,0,1,1,True,15590,0.7348827906625537
15603,2024-08-30 13:00:00,13,1,MARKUP,5,A,2517.79394,2510.8056998558477,2535.264540360381,6.988240144152314,2.7686002883047327,0,1,0,1,1,1,True,15605,0.5
15623,2024-08-30 18:00:00,18,-1,MARKDOWN,6,A+,2517.81806,2529.1969220239594,2489.370904940102,11.3788620239593,4.6738440479185295,0,1,1,1,1,1,False,-1,
15675,2024-09-02 08:00:00,8,-1,MARKDOWN,6,A+,2508.0043600000004,2520.3255876727844,2477.2012908180404,12.321227672784062,2.471175345568956,0,1,1,1,1,1,False,-1,
15687,2024-09-02 11:00:00,11,-1,MARKDOWN,3,C,2499.93328,2507.3805019041265,2481.3152252396844,7.447221904126309,2.7010038082527177,1,0,0,0,0,1,True,15688,0.9158184278203066
15757,2024-09-03 08:00:00,8,-1,MARKDOWN,6,A+,2498.1012,2504.1735069109927,2482.9204327225184,6.0723069109926655,1.907013821985634,0,1,1,1,1,1,True,15764,-1.0
15779,2024-09-03 13:30:00,13,-1,MARKDOWN,6,A+,2500.00464,2507.520139066228,2481.215892334431,7.515499066227676,2.4402781324551133,0,1,1,1,1,1,True,15782,0.8616021438182058
15791,2024-09-03 16:30:00,16,-1,MARKDOWN,6,A+,2496.36036,2508.7291917915563,2465.43828052111,12.368831791556204,4.858383583112602,0,1,1,1,1,1,False,-1,
15803,2024-09-03 19:30:00,19,-1,MARKDOWN,5,A,2493.72838,2508.662604881522,2456.3928177961952,14.934224881521914,4.725209763043906,0,1,1,1,0,1,True,15814,1.034900085171686
15855,2024-09-04 09:30:00,9,-1,MARKDOWN,7,A+,2489.35606,2497.9140873286256,2467.9609916784366,8.558027328625485,2.0881746572512143,1,1,1,1,1,1,True,15872,-1.0
15869,2024-09-04 13:00:00,13,-1,MARKDOWN,5,A,2487.32764,2498.5128262469766,2459.3646743825584,11.185186246976627,3.2856524939534166,0,1,0,1,1,1,True,15871,-1.0
15881,2024-09-04 16:00:00,16,-1,MARKDOWN,6,A+,2487.32764,2498.663854680786,2458.9871032980354,11.336214680785815,3.587709361571645,1,0,1,1,1,1,True,15882,-1.0
15941,2024-09-05 08:00:00,8,1,MARKUP,4,B,2489.0433000000003,2481.373178053909,2508.218604865228,7.670121946091058,1.473643892182225,0,0,1,0,1,1,False,-1,
15953,2024-09-05 11:00:00,11,1,MARKUP,6,A+,2498.3669,2490.3268226725204,2518.467093318699,8.040077327479594,2.3663546549596637,0,1,1,1,1,1,False,-1,
15965,2024-09-05 14:00:00,14,1,MARKUP,6,A+,2501.7743400000004,2490.2238380414155,2530.6505948964623,11.550501958584846,2.5723239171692462,0,1,1,1,1,1,False,-1,
15977,2024-09-05 17:00:00,17,1,MARKUP,4,B,2505.17102,2491.9112332170566,2538.320486957359,13.259786782943593,3.8975335658872083,0,1,0,0,1,1,True,15981,1.0038241704313124
15989,2024-09-05 20:00:00,20,1,MARKUP,4,B,2505.17102,2491.9516370371794,2538.219477407052,13.219382962820873,3.816725925641208,0,0,1,0,1,1,False,-1,
16033,2024-09-06 08:00:00,8,1,MARKUP,5,A,2510.31502,2503.2706694904705,2527.925896273824,7.044350509529522,1.398661019058632,0,1,1,0,1,1,False,-1,
16045,2024-09-06 11:00:00,11,1,MARKUP,5,A,2512.43404,2505.6758443202993,2529.3295291992517,6.758195679700748,1.8883113594013399,0,1,0,1,1,1,True,16062,1.0106696254923155
16057,2024-09-06 14:00:00,14,1,MARKUP,5,A,2516.38924,2512.09333460358,2527.12900349105,4.295905396420039,1.8533307928398886,0,1,1,0,1,1,True,16059,-1.0
16079,2024-09-06 19:30:00,19,-1,MARKDOWN,6,A+,2512.39054,2532.8288842431884,2461.2946793920282,20.438344243188567,7.237768486376411,0,1,1,1,1,1,False,-1,
16125,2024-09-09 08:00:00,8,-1,MARKDOWN,5,A,2505.73558,2519.3708100041936,2471.647504989516,13.635230004193545,1.8216200083875254,0,1,1,0,1,1,False,-1,
16137,2024-09-09 11:00:00,11,-1,MARKDOWN,6,A+,2494.59922,2502.013174747435,2476.0643331314122,7.4139547474351275,3.1463494948701065,1,0,1,1,1,1,True,16141,-1.0
16149,2024-09-09 14:00:00,14,-1,MARKDOWN,5,A,2494.75202,2501.7566481152435,2477.240449711891,7.004628115243577,2.63329623048694,1,0,0,1,1,1,True,16150,-1.0
16221,2024-09-10 09:00:00,9,1,MARKUP,5,A,2498.76226,2492.462566965583,2514.5114925860426,6.299693034417032,1.574866068833841,0,1,1,0,1,1,False,-1,
16237,2024-09-10 13:00:00,13,1,MARKUP,6,A+,2502.8739800000003,2498.8029314430364,2513.05160139241,4.071048556963888,2.1141371139272214,0,1,1,1,1,1,True,16253,0.5
16249,2024-09-10 16:00:00,16,1,MARKUP,6,A+,2505.84674,2498.864742756695,2523.301733108263,6.981997243305159,2.450514486610935,0,1,1,1,1,1,True,16253,0.8493778871036771
16261,2024-09-10 19:00:00,19,1,MARKUP,5,A,2507.09588,2498.2258268712326,2529.271012821918,8.870053128767267,3.7283462575348874,0,1,0,1,1,1,False,-1,
16309,2024-09-11 08:00:00,8,1,MARKUP,4,B,2509.18176,2500.0564775984617,2531.9949660038455,9.125282401538243,1.687044803077008,0,1,1,0,0,1,False,-1,
16321,2024-09-11 11:00:00,11,1,MARKUP,5,A,2518.23118,2510.286350232029,2538.0932544199286,7.9448297679714415,2.527299535943185,0,1,0,1,1,1,True,16338,-1.0
16333,2024-09-11 14:00:00,14,1,MARKUP,5,A,2519.8379800000002,2512.9733895266613,2536.9994561833473,6.864590473338922,2.353220946677173,0,0,1,1,1,1,True,16337,-1.0
16402,2024-09-12 08:15:00,8,1,MARKUP,6,A+,2508.28092,2500.264743762307,2528.3213605942337,8.016176237693344,1.4705124753861447,0,1,1,1,1,1,False,-1,
16414,2024-09-12 11:15:00,11,1,MARKUP,5,A,2514.5659,2508.870481535932,2528.8044461601703,5.695418464068098,1.8790369281363573,0,1,1,0,1,1,True,16424,1.75
16426,2024-09-12 14:15:00,14,1,MARKUP,5,A,2514.67714,2508.8806621302947,2529.1683346742625,5.796477869705086,2.2186757394105596,1,0,1,0,1,1,False,-1,
16438,2024-09-12 17:15:00,17,1,MARKUP,4,B,2526.56212,2508.2127388604245,2572.435572848939,18.3493811395756,5.634522279151925,0,1,0,1,0,1,False,-1,
16450,2024-09-12 20:15:00,20,1,MARKUP,5,A,2527.8914800000002,2508.547095066885,2576.252442332788,19.34438493311518,4.965809866230685,0,1,1,1,0,1,False,-1,
16493,2024-09-13 08:00:00,8,1,MARKUP,4,B,2545.9553,2529.8887211274055,2586.1217471814866,16.06657887259462,2.222557745188892,0,1,0,0,1,1,False,-1,
16505,2024-09-13 11:00:00,11,1,MARKUP,6,A+,2554.9093000000003,2543.5325530915593,2583.351167271103,11.376746908440964,2.7748938168816535,0,1,1,1,1,1,False,-1,
16517,2024-09-13 14:00:00,14,1,MARKUP,6,A+,2561.62678,2553.2369203359626,2582.6014291600936,8.38985966403743,2.8061593280740875,0,1,1,1,1,1,False,-1,
16529,2024-09-13 17:00:00,17,1,MARKUP,5,A,2566.93176,2554.8172196914134,2597.2181107714664,12.114540308586584,3.8455606171728483,0,1,0,1,1,1,False,-1,
16541,2024-09-13 20:00:00,20,1,MARKUP,6,A+,2571.47138,2560.580828136955,2598.6977596576126,10.890551863044948,3.7583437260902017,0,1,1,1,1,1,False,-1,
16585,2024-09-16 08:00:00,8,1,MARKUP,6,A+,2579.19852,2572.2466189687207,2596.5782725781983,6.951901031279249,1.7867620625582863,0,1,1,1,1,1,True,16607,0.7980682427804467
16597,2024-09-16 11:00:00,11,1,MARKUP,5,A,2581.9968,2576.038606944446,2596.8922826388844,5.958193055553693,2.4427861111081435,1,0,0,1,1,1,True,16607,-1.0
16620,2024-09-16 16:45:00,16,1,MARKUP,5,A,2580.77316,2573.640933949585,2598.6037251260386,7.132226050415284,3.278132100830836,0,1,1,0,1,1,True,16621,0.5
16636,2024-09-16 20:45:00,20,1,MARKUP,4,B,2580.77316,2573.9281537659067,2597.885675585234,6.845006234093489,2.7036924681867065,0,0,1,0,1,1,True,16638,-1.0
16682,2024-09-17 09:15:00,9,1,MARKUP,5,A,2579.09704,2573.5094102108937,2593.066114472766,5.587629789106359,2.2211795782124466,0,1,1,1,0,1,True,16692,-1.0
16697,2024-09-17 13:00:00,13,-1,MARKDOWN,5,A,2581.11978,2588.363376634082,2563.0107884147947,7.243596634082223,2.8667532681650063,0,1,1,0,1,1,True,16704,0.6589954248626032
16709,2024-09-17 16:00:00,16,-1,MARKDOWN,4,B,2579.85536,2588.7922511074203,2557.513132231449,8.936891107420252,3.7245022148407414,1,0,0,0,1,1,True,16713,1.0880045156893887
16721,2024-09-17 19:00:00,19,-1,MARKDOWN,6,A+,2577.33798,2589.2385514534058,2547.586551366485,11.900571453405973,4.61710290681142,0,1,1,1,1,1,False,-1,
16769,2024-09-18 08:00:00,8,-1,MARKDOWN,6,A+,2574.0261,2583.339186976236,2550.7433825594107,9.313086976235809,2.238373952472213,0,1,1,1,1,1,True,16790,-1.0
16781,2024-09-18 11:00:00,11,-1,MARKDOWN,6,A+,2570.50968,2577.6074115960832,2552.7653510097925,7.097731596083122,2.154823192166246,1,1,0,1,1,1,True,16782,-1.0
16806,2024-09-18 17:15:00,17,-1,MARKDOWN,5,A,2575.0609,2582.3986310942373,2556.7165722644068,7.33773109423737,3.1772621884746086,0,1,1,1,0,1,True,16816,0.7132707591814876
16819,2024-09-18 20:30:00,20,-1,MARKDOWN,6,A+,2575.0609,2582.2792241673883,2557.015089581529,7.218324167388346,2.9384483347764787,0,1,1,1,1,1,True,16821,-1.0
16873,2024-09-19 11:00:00,11,1,MARKUP,4,B,2567.22386,2545.1551137737397,2622.395725565651,22.068746226260373,3.4697724525207403,0,1,0,1,0,1,False,-1,
16885,2024-09-19 14:00:00,14,1,MARKUP,5,A,2565.23746,2545.1963453309986,2615.340246672503,20.041114669001217,3.387309338002625,0,1,0,1,1,1,False,-1,
16897,2024-09-19 17:00:00,17,1,MARKUP,4,B,2567.8577800000003,2548.7681504893403,2615.58185377665,19.08962951065996,4.72369902131917,0,0,0,1,1,1,False,-1,
16909,2024-09-19 20:00:00,20,1,MARKUP,5,A,2572.7832399999998,2557.1189513967925,2611.943961508018,15.664288603207297,3.962097206414674,0,1,0,1,1,1,False,-1,
16953,2024-09-20 08:00:00,8,1,MARKUP,5,A,2579.23664,2568.934506127752,2604.991974680621,10.302133872248305,1.8709877444964145,0,1,0,1,1,1,False,-1,
16965,2024-09-20 11:00:00,11,1,MARKUP,4,B,2594.37944,2583.542907044749,2621.4707723881284,10.836532955251187,2.6341859105021777,0,1,0,1,0,1,False,-1,
16977,2024-09-20 14:00:00,14,1,MARKUP,6,A+,2596.4537,2583.425041626195,2629.025345934513,13.028658373805229,2.869916747611038,0,1,1,1,1,1,False,-1,
16989,2024-09-20 17:00:00,17,1,MARKUP,5,A,2598.04664,2582.8303631936615,2636.087332015846,15.216276806338556,4.059273612676961,0,0,1,1,1,1,False,-1,
17001,2024-09-20 20:00:00,20,1,MARKUP,5,A,2602.8336600000002,2586.526979770878,2643.600360572806,16.30668022912232,4.24604045824404,0,1,0,1,1,1,False,-1,
17045,2024-09-23 08:00:00,8,1,MARKUP,5,A,2613.5170000000003,2601.435484719582,2643.720788201046,12.081515280418444,2.389030560836969,0,1,0,1,1,1,False,-1,
17076,2024-09-23 15:45:00,15,1,MARKUP,5,A,2620.52792,2612.4042832055916,2640.837011986021,8.123636794408412,2.831433588816931,0,1,1,0,1,1,False,-1,
17088,2024-09-23 18:45:00,18,1,MARKUP,5,A,2621.86874,2611.989428839849,2646.567017900377,9.879311160150792,3.6611423203017006,0,1,0,1,1,1,False,-1,
17137,2024-09-24 08:00:00,8,1,MARKUP,6,A+,2629.5836,2622.881436330081,2646.339009174797,6.702163669918718,2.0971273398373875,0,1,1,1,1,1,True,17140,-1.0
17149,2024-09-24 11:00:00,11,1,MARKUP,6,A+,2629.31972,2621.0749061269044,2649.9317546827388,8.244813873095609,3.1501877461917798,1,0,1,1,1,1,True,17150,1.75
17161,2024-09-24 14:00:00,14,1,MARKUP,4,B,2629.31972,2621.2050452936655,2649.6064067658363,8.114674706334426,2.8899094126690423,0,1,0,0,1,1,True,17163,1.75
17173,2024-09-24 17:00:00,17,1,MARKUP,5,A,2629.31972,2620.6665251290424,2650.9527071773937,8.653194870957577,3.9669497419154314,0,1,1,0,1,1,False,-1,
17185,2024-09-24 20:00:00,20,1,MARKUP,5,A,2635.09174,2620.340602810458,2671.969582973854,14.751137189541623,4.618794379084048,0,1,0,1,1,1,False,-1,
17229,2024-09-25 08:00:00,8,1,MARKUP,4,B,2646.56632,2630.2741912519846,2687.296641870038,16.29212874801533,2.971617496031384,0,0,1,0,1,1,False,-1,
17261,2024-09-25 16:00:00,16,1,MARKUP,5,A,2658.73474,2649.8753988194226,2680.8830929514434,8.859341180577303,3.1492023611548086,0,1,1,0,1,1,True,17268,-1.0
17279,2024-09-25 20:30:00,20,1,MARKUP,5,A,2657.6965,2647.852298181268,2682.3070045468303,9.844201818732017,3.8354036374636715,0,1,1,1,0,1,True,17291,1.75
17321,2024-09-26 08:00:00,8,1,MARKUP,5,A,2656.54668,2648.762119579831,2676.0080810504223,7.784560420168873,2.015760840338051,0,1,1,0,1,1,False,-1,
17333,2024-09-26 11:00:00,11,1,MARKUP,6,A+,2656.646,2648.5113666981592,2676.9825832546026,8.13463330184095,2.517266603681119,0,1,1,1,1,1,True,17356,0.9212831866795532
17345,2024-09-26 14:00:00,14,1,MARKUP,6,A+,2664.4795799999997,2653.9319964531082,2690.8485388672284,10.547583546891474,2.9960070937833105,0,1,1,1,1,1,True,17353,0.5
17357,2024-09-26 17:00:00,17,1,MARKUP,5,A,2666.56032,2651.617929895441,2703.916295261397,14.942390104558854,6.384140209117297,1,0,1,0,1,1,True,17358,-1.0
17369,2024-09-26 20:00:00,20,1,MARKUP,6,A+,2666.56032,2652.1693608905744,2702.5377177735645,14.390959109425694,5.281278218851118,0,1,1,1,1,1,False,-1,
17433,2024-09-27 13:00:00,13,-1,MARKDOWN,5,A,2670.4619,2679.350579995234,2648.240200011914,8.88867999523427,2.841159990468211,0,1,0,1,1,1,True,17443,1.75
17446,2024-09-27 16:15:00,16,-1,MARKDOWN,5,A,2668.24946,2676.1436081532447,2648.514089616888,7.894148153244714,3.587216306489289,0,1,1,0,1,1,True,17447,1.75
17458,2024-09-27 19:15:00,19,-1,MARKDOWN,5,A,2662.98168,2676.89311883474,2628.203082913149,13.911438834740238,5.086237669480085,0,1,0,1,1,1,True,17477,0.7398196080839057
17505,2024-09-30 08:00:00,8,-1,MARKDOWN,6,A+,2660.26916,2672.183958522958,2630.482163692604,11.914798522958336,2.7279170459155577,0,1,1,1,1,1,True,17514,1.2608701522917234
17517,2024-09-30 11:00:00,11,-1,MARKDOWN,6,A+,2657.30894,2667.5671820121156,2631.6633349697104,10.258242012115716,3.0743640242304506,0,1,1,1,1,1,False,-1,
17529,2024-09-30 14:00:00,14,-1,MARKDOWN,5,A,2653.99318,2667.7990024110977,2619.4786239722553,13.805822411097779,3.5380048221951124,0,1,0,1,1,1,False,-1,
17541,2024-09-30 17:00:00,17,-1,MARKDOWN,5,A,2651.9724,2668.3246440351545,2611.091789912114,16.3522440351544,4.589288070308986,0,1,0,1,1,1,False,-1,
17553,2024-09-30 20:00:00,20,-1,MARKDOWN,4,B,2648.4915,2662.387819330528,2613.75070167368,13.896319330528058,3.535638661056727,0,0,0,1,1,1,False,-1,
17621,2024-10-01 14:00:00,14,1,MARKUP,5,A,2636.1351600000003,2625.3967150712197,2662.981272321952,10.73844492878061,2.0865698575605025,0,1,1,0,1,1,False,-1,
17633,2024-10-01 17:00:00,17,1,MARKUP,6,A+,2648.39398,2631.6312987998776,2690.300683000305,16.762681200122188,4.5774024002450915,0,1,1,1,1,1,False,-1,
17645,2024-10-01 20:00:00,20,1,MARKUP,5,A,2649.3043,2631.8078470765286,2693.045432308678,17.496452923471224,5.464305846942926,0,1,0,1,1,1,False,-1,
17716,2024-10-02 14:45:00,14,-1,MARKDOWN,6,A+,2656.5748200000003,2665.3967908785407,2634.519892803649,8.82197087854047,2.7535817570812755,0,1,1,1,1,1,True,17722,0.9340878974156976
17728,2024-10-02 17:45:00,17,-1,MARKDOWN,5,A,2655.92898,2665.7481071253233,2631.3811621866926,9.81912712532312,4.656214250646812,0,1,1,0,1,1,True,17744,0.9307529906375749
17781,2024-10-03 08:00:00,8,1,MARKUP,4,B,2649.6571400000003,2640.1959663384714,2673.3100741538224,9.461173661528846,1.908067323057303,0,0,0,1,1,1,True,17790,-1.0
17793,2024-10-03 11:00:00,11,-1,MARKDOWN,5,A,2655.55538,2664.394651423304,2633.4572014417395,8.839271423304126,2.8493028466085493,0,1,1,1,0,1,False,-1,
17805,2024-10-03 14:00:00,14,-1,MARKDOWN,5,A,2654.58892,2664.376116848243,2630.120927879393,9.78719684824273,2.812233696485759,0,1,1,1,0,1,True,17823,-1.0
17817,2024-10-03 17:00:00,17,-1,MARKDOWN,4,B,2653.18316,2665.325789729201,2622.8265856769976,12.142629729200962,4.711579458402317,1,0,0,0,1,1,True,17818,-1.0
17873,2024-10-04 08:00:00,8,1,MARKUP,6,A+,2648.2752,2636.4382152411263,2677.8676618971845,11.836984758873768,1.8235695177475326,0,1,1,1,1,1,False,-1,
17885,2024-10-04 11:00:00,11,1,MARKUP,4,B,2657.94402,2650.7029836895063,2676.046610776234,7.241036310493655,2.174032620987623,0,0,0,1,1,1,True,17889,-1.0
17909,2024-10-04 17:00:00,17,-1,MARKDOWN,5,A,2654.19384,2670.408279318873,2613.6577417028166,16.214439318873247,5.016558637745964,0,0,1,1,1,1,True,17911,0.7690309061490628
17921,2024-10-04 20:00:00,20,-1,MARKDOWN,5,A,2655.5967,2673.1891531617243,2611.6155670956896,17.59245316172428,6.038306323448549,0,1,0,1,1,1,False,-1,
17965,2024-10-07 08:00:00,8,-1,MARKDOWN,6,A+,2659.37468,2671.2580586360314,2629.666233409921,11.883378636031466,2.176117272062902,0,1,1,1,1,1,False,-1,
17995,2024-10-07 15:30:00,15,-1,MARKDOWN,6,A+,2652.02966,2661.3060915775804,2628.8385810560494,9.276431577580297,3.372183155161484,0,1,1,1,1,1,True,17998,0.7131239726277894
18008,2024-10-07 18:45:00,18,-1,MARKDOWN,6,A+,2651.28476,2662.0407116644014,2624.3948808389964,10.755951664401437,4.841423328803223,0,1,1,1,1,1,False,-1,
18057,2024-10-08 08:00:00,8,-1,MARKDOWN,3,C,2646.1509,2655.3789761094317,2623.080709726421,9.22807610943164,3.137952218863196,0,0,0,1,0,1,True,18059,0.9471342315361109
18069,2024-10-08 11:00:00,11,-1,MARKDOWN,6,A+,2642.3201799999997,2650.989507520168,2620.646861199579,8.669327520168281,3.5790150403364973,0,1,1,1,1,1,True,18079,-1.0
18090,2024-10-08 16:15:00,16,-1,MARKDOWN,5,A,2643.70538,2655.17804466602,2615.0237183349495,11.472664666020137,4.296089332039412,0,1,1,1,0,1,False,-1,
18102,2024-10-08 19:15:00,19,-1,MARKDOWN,4,B,2634.60232,2655.745774202171,2581.7436844945723,21.143454202171142,5.431548404341761,0,1,0,1,0,1,False,-1,
18153,2024-10-09 09:00:00,9,-1,MARKDOWN,5,A,2624.09014,2637.3663807632965,2590.8995380917577,13.276240763296755,2.692761526592782,0,1,1,1,0,1,False,-1,
18169,2024-10-09 13:00:00,13,-1,MARKDOWN,5,A,2618.54034,2625.7762095350076,2600.450666162481,7.235869535007623,2.9124190700152894,1,0,0,1,1,1,True,18171,0.8833160316367252
18182,2024-10-09 16:15:00,16,-1,MARKDOWN,5,A,2618.54034,2626.034161390979,2599.8057865225524,7.493821390979065,3.428322781958065,0,1,1,0,1,1,False,-1,
18194,2024-10-09 19:15:00,19,-1,MARKDOWN,6,A+,2617.03436,2626.2444553473406,2594.0091216316487,9.210095347340484,3.888910694681013,0,1,1,1,1,1,False,-1,
18274,2024-10-10 16:15:00,16,1,MARKUP,5,A,2611.6996400000003,2599.6149894768228,2641.911266307944,12.084650523177515,4.290021046354838,0,1,0,1,1,1,False,-1,
18286,2024-10-10 19:15:00,19,1,MARKUP,6,A+,2612.47892,2599.4404150159444,2645.0751824601393,13.038504984055635,4.639169968111897,0,1,1,1,1,1,False,-1,
18333,2024-10-11 08:00:00,8,1,MARKUP,5,A,2627.31898,2614.55779696709,2659.221937582275,12.76118303291014,2.3044060658201495,0,1,0,1,1,1,False,-1,
18345,2024-10-11 11:00:00,11,1,MARKUP,5,A,2628.18324,2615.0655005163917,2660.97758870902,13.117739483608148,2.688998967216729,0,1,0,1,1,1,False,-1,
18359,2024-10-11 14:30:00,14,1,MARKUP,5,A,2635.35822,2626.83247168142,2656.67259079645,8.5257483185801,2.3750566371598887,0,0,1,1,1,1,False,-1,
18371,2024-10-11 17:30:00,17,1,MARKUP,6,A+,2640.9091399999998,2630.2015717893914,2667.6780605265203,10.707568210608315,3.6368564212171917,0,1,1,1,1,1,False,-1,
18383,2024-10-11 20:30:00,20,1,MARKUP,5,A,2645.86022,2634.704794764554,2673.748783088615,11.155425235445819,3.0504104708917303,0,1,0,1,1,1,True,18397,1.1984339818423222
18425,2024-10-14 08:00:00,8,1,MARKUP,6,A+,2650.15532,2641.9828800643327,2670.586419839168,8.172439935667171,2.3942398713341566,0,1,1,1,1,1,False,-1,
18437,2024-10-14 11:00:00,11,1,MARKUP,5,A,2652.20284,2641.6875948634306,2678.490952841423,10.51524513656932,2.9848102731381503,0,1,0,1,1,1,True,18452,-1.0
18449,2024-10-14 14:00:00,14,1,MARKUP,4,B,2652.20284,2641.8097365441304,2678.185598639674,10.39310345586955,2.7405269117385793,0,0,0,1,1,1,True,18452,-1.0
18517,2024-10-15 08:00:00,8,-1,MARKDOWN,4,B,2653.64584,2662.381656212499,2631.8062994687534,8.735816212498776,2.2833124249986914,0,1,1,0,0,1,True,18527,-1.0
18538,2024-10-15 13:15:00,13,1,MARKUP,6,A+,2645.23722,2636.7461955220297,2666.4647811949258,8.491024477970313,2.687608955941371,0,1,1,1,1,1,False,-1,
18550,2024-10-15 16:15:00,16,1,MARKUP,5,A,2645.5008,2636.311876125621,2668.473109685947,9.188923874378816,3.5562477487586905,0,1,1,1,0,1,False,-1,
18562,2024-10-15 19:15:00,19,1,MARKUP,5,A,2649.8747000000003,2636.033643323296,2684.477341691761,13.841056676704284,4.112713353408531,0,1,0,1,1,1,False,-1,
18609,2024-10-16 08:00:00,8,1,MARKUP,5,A,2655.8642,2645.9713918670127,2680.596220332468,9.892808132987284,2.137216265974273,0,1,0,1,1,1,False,-1,
18621,2024-10-16 11:00:00,11,1,MARKUP,6,A+,2665.98126,2657.4216707803707,2687.3802330490735,8.559589219629288,2.6566584392585155,0,1,1,1,1,1,False,-1,
18633,2024-10-16 14:00:00,14,1,MARKUP,6,A+,2667.918,2657.4571995955516,2694.0700010111213,10.460800404448491,2.5856008088970617,0,1,1,1,1,1,True,18649,1.085451916254982
18645,2024-10-16 17:00:00,17,1,MARKUP,4,B,2668.91502,2656.8084310202744,2699.1814924493137,12.10658897972553,3.883137959450944,0,0,0,1,1,1,True,18649,0.9646879192617066
18701,2024-10-17 08:00:00,8,1,MARKUP,5,A,2673.8652,2665.5884844994475,2694.556988751382,8.276715500552655,2.3430310011055098,0,1,1,1,0,1,False,-1,
18713,2024-10-17 11:00:00,11,1,MARKUP,5,A,2674.29228,2665.823393727684,2695.46449568079,8.468886272316013,2.773212544631691,0,1,1,1,0,1,True,18731,1.75
18725,2024-10-17 14:00:00,14,1,MARKUP,5,A,2679.0912200000002,2671.631394432413,2697.7407839189686,7.459825567587359,2.9172111351744414,0,1,0,1,1,1,True,18730,1.18829006916159
18737,2024-10-17 17:00:00,17,1,MARKUP,6,A+,2679.91084,2671.184863389606,2701.7257815259845,8.7259766103939,3.9902732207873197,0,1,1,1,1,1,False,-1,
18749,2024-10-17 20:00:00,20,1,MARKUP,5,A,2682.18756,2671.0928856904643,2709.9242457738387,11.094674309535549,4.174228619070847,0,1,1,0,1,1,False,-1,
18793,2024-10-18 08:00:00,8,1,MARKUP,6,A+,2693.15806,2679.9499583935763,2726.17831401606,13.208101606423952,2.4800832128479016,0,1,1,1,1,1,False,-1,
18805,2024-10-18 11:00:00,11,1,MARKUP,3,C,2695.4464,2682.3775278827907,2728.1185802930227,13.068872117209139,3.064944234417922,0,0,0,0,1,1,False,-1,
18817,2024-10-18 14:00:00,14,1,MARKUP,6,A+,2699.8033,2689.5289976125064,2725.489055968734,10.274302387493663,2.8620047749874624,0,1,1,1,1,1,False,-1,
18829,2024-10-18 17:00:00,17,1,MARKUP,6,A+,2701.82394,2690.503148247513,2730.1259193812184,11.320791752487366,3.793703504974477,0,1,1,1,1,1,False,-1,
18841,2024-10-18 20:00:00,20,1,MARKUP,5,A,2708.77026,2699.986055961938,2730.7307700951546,8.784204038061944,3.4878880761241495,0,1,1,1,0,1,False,-1,
18885,2024-10-21 08:00:00,8,1,MARKUP,5,A,2715.60634,2703.717797890513,2745.327695273717,11.888542109486934,2.4844042189746207,0,1,0,1,1,1,False,-1,
18897,2024-10-21 11:00:00,11,1,MARKUP,6,A+,2720.97676,2712.2755683615737,2742.7297390960657,8.70119163842628,2.7488632768523793,0,1,1,1,1,1,False,-1,
18909,2024-10-21 14:00:00,14,1,MARKUP,6,A+,2725.35812,2716.7770397420754,2746.810820644811,8.581080257924441,2.905920515848998,0,1,1,1,1,1,True,18923,0.5
18921,2024-10-21 17:00:00,17,1,MARKUP,5,A,2728.5608,2719.441153467552,2751.359916331121,9.119646532448314,3.417693064896507,0,1,0,1,1,1,True,18923,-1.0
18977,2024-10-22 08:00:00,8,1,MARKUP,5,A,2724.24716,2713.088623934022,2752.1435001649443,11.158536065977842,2.1627521319556937,0,1,0,1,1,1,False,-1,
18989,2024-10-22 11:00:00,11,1,MARKUP,5,A,2722.92926,2712.987755292244,2747.78302176939,9.94150470775594,2.3644894155121134,0,1,0,1,1,1,False,-1,
19001,2024-10-22 14:00:00,14,1,MARKUP,4,B,2725.05038,2714.926523945445,2750.3600201363884,10.12385605455529,2.606952109110598,0,1,0,1,0,1,False,-1,
19013,2024-10-22 17:00:00,17,1,MARKUP,4,B,2728.83862,2718.9542181759407,2753.549624560148,9.884401824059296,3.411563648118011,0,1,0,1,0,1,False,-1,
19025,2024-10-22 20:00:00,20,1,MARKUP,6,A+,2735.69024,2726.696767770968,2758.1739205725794,8.993472229031795,3.226464458063892,0,1,1,1,1,1,False,-1,
19069,2024-10-23 08:00:00,8,1,MARKUP,5,A,2740.2989399999997,2732.6706581907765,2759.3696445230576,7.628281809223154,2.138683618446509,0,1,0,1,1,1,False,-1,
19081,2024-10-23 11:00:00,11,1,MARKUP,5,A,2744.7442,2736.687973704071,2764.8847657398233,8.056226295929264,2.2840525918579955,0,1,1,1,0,1,True,19098,-1.0
19093,2024-10-23 14:00:00,14,1,MARKUP,4,B,2745.77246,2736.7766846007357,2768.261898498161,8.995775399264403,2.306630798527941,0,0,1,1,0,1,True,19098,-1.0
19109,2024-10-23 18:00:00,18,-1,MARKDOWN,6,A+,2739.4937,2761.2682533044463,2685.0573167388843,21.774553304446272,5.6165066088928315,0,1,1,1,1,1,False,-1,
19183,2024-10-24 13:30:00,13,1,MARKUP,6,A+,2723.15346,2712.06152949019,2750.883286274525,11.091930509810027,2.2969410196200126,0,1,1,1,1,1,True,19199,0.7110963657716253
19195,2024-10-24 16:30:00,16,1,MARKUP,4,B,2727.36504,2716.0445060275015,2755.6663749312465,11.320533972498652,2.990987944997385,0,1,0,0,1,1,True,19198,1.1260729411896793
19210,2024-10-24 20:15:00,20,1,MARKUP,5,A,2729.06454,2718.2497482779017,2756.1015193052453,10.814791722098107,4.080503444196863,0,1,1,1,0,1,False,-1,
19253,2024-10-25 08:00:00,8,-1,MARKDOWN,5,A,2735.31058,2744.3505370339926,2712.7106874150177,9.039957033992778,2.181074067984431,0,1,0,1,1,1,False,-1,
19265,2024-10-25 11:00:00,11,-1,MARKDOWN,5,A,2732.51076,2739.0069459554493,2716.270295111377,6.496185955449164,2.433891910898321,0,1,1,0,1,1,True,19289,-1.0
19277,2024-10-25 14:00:00,14,-1,MARKDOWN,5,A,2729.42236,2738.4388092129147,2706.8812369677134,9.016449212914722,2.737618425829518,0,1,0,1,1,1,True,19284,-1.0
19297,2024-10-25 19:00:00,19,1,MARKUP,5,A,2726.6038200000003,2715.089971331981,2755.3884416700485,11.513848668019364,3.920057336038353,0,1,0,1,1,1,False,-1,
19349,2024-10-28 09:00:00,9,1,MARKUP,6,A+,2733.54274,2723.189089988074,2759.4268650298145,10.353650011925765,3.081820023851624,0,1,1,1,1,1,True,19359,1.4780678503781428
19377,2024-10-28 16:00:00,16,1,MARKUP,4,B,2732.3127,2723.100076650112,2755.34425837472,9.212623349887963,3.2598466997761206,0,1,1,0,0,1,False,-1,
19389,2024-10-28 19:00:00,19,1,MARKUP,6,A+,2732.8475,2723.096298625859,2757.2255034353516,9.751201374140692,3.267402748281562,0,1,1,1,1,1,False,-1,
19437,2024-10-29 08:00:00,8,1,MARKUP,6,A+,2744.84852,2735.6420517333427,2767.8646906666436,9.206468266657339,2.4758965333145233,0,1,1,1,1,1,False,-1,
19449,2024-10-29 11:00:00,11,1,MARKUP,3,C,2746.7086999999997,2738.617879242483,2766.9357518937913,8.090820757516667,2.544241515033445,0,0,0,0,1,1,True,19450,0.7699250826975917
19461,2024-10-29 14:00:00,14,1,MARKUP,5,A,2746.7086999999997,2738.5651180069035,2767.0676549827404,8.143581993096177,2.6497639861925752,0,0,1,1,1,1,True,19462,1.75
19473,2024-10-29 17:00:00,17,1,MARKUP,6,A+,2750.9592,2739.1868652357016,2780.390036910745,11.772334764298193,3.986269528596201,0,1,1,1,1,1,False,-1,
19485,2024-10-29 20:00:00,20,1,MARKUP,6,A+,2756.34986,2744.2958445015183,2786.4848987462037,12.054015498481476,4.068310996962823,0,1,1,1,1,1,False,-1,
19529,2024-10-30 08:00:00,8,1,MARKUP,5,A,2763.86956,2751.535952218845,2794.7035794528874,12.333607781155024,2.068095562310358,0,1,0,1,1,1,False,-1,
19541,2024-10-30 11:00:00,11,1,MARKUP,4,B,2774.15134,2763.2067677715468,2801.512770571133,10.944572228453126,2.506464456906868,0,0,1,0,1,1,True,19558,0.87057623298165
19553,2024-10-30 14:00:00,14,1,MARKUP,4,B,2778.20542,2769.7363810873644,2799.378017281588,8.46903891263537,2.5672378252714814,1,0,0,0,1,1,True,19557,0.7395500090321933
19571,2024-10-30 18:30:00,18,1,MARKUP,5,A,2778.1497999999997,2768.6094941506717,2802.0005646233194,9.540305849327979,4.641011698656255,0,1,1,1,0,1,False,-1,
19652,2024-10-31 15:45:00,15,-1,MARKDOWN,6,A+,2783.20198,2791.649330953477,2762.0836026163065,8.447350953477326,3.058661906954955,0,1,1,1,1,1,False,-1,
19664,2024-10-31 18:45:00,18,-1,MARKDOWN,5,A,2767.75008,2792.7101146410328,2705.349993397417,24.960034641032962,5.1802292820654054,0,1,0,1,1,1,False,-1,
19751,2024-11-01 17:30:00,17,-1,MARKDOWN,6,A+,2753.62882,2764.951757791543,2725.321475521142,11.322937791543154,5.4635155830863775,0,1,1,1,1,1,False,-1,
19763,2024-11-01 20:30:00,20,-1,MARKDOWN,6,A+,2751.97858,2764.476220030247,2720.734479924382,12.497640030247112,4.512440060494144,0,1,1,1,1,1,False,-1,
19812,2024-11-04 09:45:00,9,-1,MARKDOWN,6,A+,2742.51372,2751.7904421525677,2719.32191461858,9.2767221525678,2.8608843051350306,0,1,1,1,1,1,True,19819,1.1765752825090021
19825,2024-11-04 13:00:00,13,-1,MARKDOWN,7,A+,2739.34956,2746.8913885104776,2720.4949887238063,7.541828510477444,3.3027770209556415,1,1,1,1,1,1,True,19827,-1.0
19845,2024-11-04 18:00:00,18,-1,MARKDOWN,5,A,2741.9343,2750.081384304287,2721.566589239282,8.147084304287091,3.802768608573845,0,1,1,0,1,1,False,-1,
19897,2024-11-05 08:00:00,8,-1,MARKDOWN,4,B,2737.99464,2747.4173411353413,2714.4378871616464,9.422701135341413,2.4346822706826443,0,0,1,1,0,1,True,19899,-1.0
19928,2024-11-05 15:45:00,15,1,MARKUP,6,A+,2733.14692,2723.2670367729725,2757.8466280675693,9.879883227027676,2.905926454054411,0,1,1,1,1,1,True,19935,0.9706163581285412
19940,2024-11-05 18:45:00,18,1,MARKUP,5,A,2734.38078,2722.7414083012077,2763.4792092469806,11.639371698792274,3.957183397584527,0,0,1,1,1,1,False,-1,
19989,2024-11-06 08:00:00,8,-1,MARKDOWN,5,A,2742.57628,2752.4000007835352,2718.0169780411625,9.823720783535009,4.7800015670702045,0,1,1,0,1,1,False,-1,
20001,2024-11-06 11:00:00,11,-1,MARKDOWN,6,A+,2731.26794,2753.6153514292255,2675.399411426937,22.347411429225303,7.770702858451154,1,0,1,1,1,1,False,-1,
20013,2024-11-06 14:00:00,14,-1,MARKDOWN,5,A,2729.22806,2753.4789433572864,2668.6008516067836,24.25088335728651,7.49788671457254,0,1,0,1,1,1,False,-1,
20025,2024-11-06 17:00:00,17,-1,MARKDOWN,5,A,2712.54994,2754.224892892981,2608.3625577675466,41.67495289298131,8.989785785962136,0,1,0,1,1,1,False,-1,
20037,2024-11-06 20:00:00,20,-1,MARKDOWN,5,A,2708.78632,2746.9364252750042,2613.4110568124897,38.15010527500408,6.592850550009122,0,1,0,1,1,1,False,-1,
20081,2024-11-07 08:00:00,8,-1,MARKDOWN,5,A,2664.96056,2680.1856154544093,2626.897921363977,15.225055454409357,3.7712309088184117,0,0,1,1,1,1,True,20086,-1.0
20126,2024-11-07 19:15:00,19,1,MARKUP,6,A+,2669.87126,2648.857933340155,2722.4045766496124,21.013326659845006,4.644133319689732,0,1,1,1,1,1,False,-1,
20204,2024-11-08 15:45:00,15,1,MARKUP,6,A+,2691.8305600000003,2678.308994586952,2725.634473532621,13.521565413048393,4.062010826096348,0,1,1,1,1,1,True,20207,-1.0
20223,2024-11-08 20:30:00,20,-1,MARKDOWN,6,A+,2695.02368,2706.1056169758904,2667.318837560273,11.081936975890585,4.011233951780984,0,1,1,1,1,1,False,-1,
20265,2024-11-11 08:00:00,8,-1,MARKDOWN,5,A,2687.77864,2702.5228540058015,2650.918104985496,14.744214005801496,3.145708011603435,0,1,0,1,1,1,False,-1,
20277,2024-11-11 11:00:00,11,-1,MARKDOWN,5,A,2680.2884799999997,2690.313898876461,2655.224932808847,10.025418876461117,2.9677977529213835,0,1,1,0,1,1,False,-1,
20289,2024-11-11 14:00:00,14,-1,MARKDOWN,6,A+,2677.2828,2690.436414602532,2644.3987634936702,13.153614602531889,3.6928292050632936,0,1,1,1,1,1,False,-1,
20301,2024-11-11 17:00:00,17,-1,MARKDOWN,5,A,2659.54916,2688.3384479950796,2587.575940012301,28.789287995079576,5.91689599015903,0,1,0,1,1,1,False,-1,
20313,2024-11-11 20:00:00,20,-1,MARKDOWN,5,A,2650.9293000000002,2677.5303102276903,2584.4267744307754,26.60101022769004,4.42062045538001,0,1,1,1,0,1,False,-1,
20357,2024-11-12 08:00:00,8,-1,MARKDOWN,6,A+,2623.58284,2637.270894664025,2589.3627033399375,13.688054664025003,3.401789328049931,0,1,1,1,1,1,False,-1,
20369,2024-11-12 11:00:00,11,-1,MARKDOWN,6,A+,2613.3057599999997,2629.719682534234,2572.2709536644143,16.41392253423419,5.079365068468002,0,1,1,1,1,1,True,20386,0.8581117825189606
20381,2024-11-12 14:00:00,14,-1,MARKDOWN,4,B,2612.855,2629.650948772516,2570.86512806871,16.795948772516113,4.941897545032713,0,0,0,1,1,1,True,20386,0.8365477671682664
20394,2024-11-12 17:15:00,17,-1,MARKDOWN,4,B,2612.855,2630.0609944718035,2569.8400138204915,17.20599447180348,5.7619889436075225,0,1,1,0,0,1,False,-1,
20407,2024-11-12 20:30:00,20,-1,MARKDOWN,6,A+,2609.25206,2623.7618411988096,2572.977607002975,14.509781198809833,4.823682397619659,0,1,1,1,1,1,True,20431,0.697020414361563
20457,2024-11-13 10:00:00,10,-1,MARKDOWN,5,A,2605.35732,2614.702912038662,2581.9933399033453,9.345592038661835,2.845824077323111,0,1,1,0,1,1,True,20458,-1.0
20484,2024-11-13 16:45:00,16,-1,MARKDOWN,5,A,2610.87766,2621.0966562329645,2585.330169417589,10.2189962329644,4.493312465929049,0,1,1,1,0,1,False,-1,
20496,2024-11-13 19:45:00,19,-1,MARKDOWN,4,B,2603.0924999999997,2621.617642736067,2556.7796431598317,18.52514273606721,5.535285472134157,0,1,0,1,0,1,False,-1,
20541,2024-11-14 08:00:00,8,-1,MARKDOWN,4,B,2592.80226,2617.6935910425027,2530.5739323937432,24.89133104250277,3.5071820850048807,0,1,0,1,0,1,False,-1,
20553,2024-11-14 11:00:00,11,-1,MARKDOWN,6,A+,2572.06562,2587.3863129709544,2533.7638875726134,15.320692970954497,3.832625941908783,0,1,1,1,1,1,False,-1,
20565,2024-11-14 14:00:00,14,-1,MARKDOWN,3,C,2564.31718,2583.4737799642385,2516.4256800894036,19.156599964238467,4.307559928476842,0,0,0,1,0,1,True,20575,-0.05548061774971412
20634,2024-11-15 08:15:00,8,-1,MARKDOWN,6,A+,2568.68692,2578.9012106990426,2543.1511932523936,10.214290699042522,2.902421398085507,0,1,1,1,1,1,True,20644,-1.0
20648,2024-11-15 11:45:00,11,-1,MARKDOWN,5,A,2568.37174,2578.5528288182027,2542.9190179544935,10.181088818202625,3.225657636404973,0,0,1,1,1,1,True,20650,-1.0
20669,2024-11-15 17:00:00,17,1,MARKUP,6,A+,2562.7421,2552.0293097162503,2589.5240757093743,10.712790283749655,4.961380567500098,0,1,1,1,1,1,True,20675,1.75
20681,2024-11-15 20:00:00,20,-1,MARKDOWN,5,A,2567.8279,2578.3002905093545,2541.6469237266147,10.472390509354227,4.4805810187090005,0,1,0,1,1,1,True,20685,-1.0
20725,2024-11-18 08:00:00,8,1,MARKUP,5,A,2573.9096,2557.776341217857,2614.2427469553577,16.133258782143002,3.387317564285884,0,1,0,1,1,1,False,-1,
20737,2024-11-18 11:00:00,11,1,MARKUP,6,A+,2573.9096,2557.8216141519483,2614.129564620129,16.08798584805163,3.296771696102581,0,1,1,1,1,1,False,-1,
20749,2024-11-18 14:00:00,14,1,MARKUP,5,A,2574.125,2558.011419718989,2614.4089507025274,16.113580281010854,3.5771605620216316,0,1,0,1,1,1,False,-1,
20761,2024-11-18 17:00:00,17,1,MARKUP,6,A+,2585.32842,2567.840810319783,2629.0474442005416,17.487609680216792,4.1783793604333725,0,1,1,1,1,1,False,-1,
20773,2024-11-18 20:00:00,20,1,MARKUP,5,A,2593.67248,2578.809326671193,2630.830363322018,14.86315332880713,3.26134665761426,0,1,0,1,1,1,False,-1,
20817,2024-11-19 08:00:00,8,1,MARKUP,5,A,2611.72826,2601.94459790228,2636.1874152442997,9.783662097720025,2.4308041954403734,0,1,0,1,1,1,False,-1,
20829,2024-11-19 11:00:00,11,1,MARKUP,5,A,2615.31672,2605.7504682097133,2639.232349475716,9.566251790286515,3.1190635805734845,0,1,0,1,1,1,False,-1,
20841,2024-11-19 14:00:00,14,1,MARKUP,5,A,2619.02296,2606.5815210484775,2650.1265573788055,12.441438951522287,3.276957903045055,0,1,0,1,1,1,False,-1,
20853,2024-11-19 17:00:00,17,1,MARKUP,4,B,2621.91026,2608.6547946353003,2655.0489234117495,13.25546536469983,4.790410729399685,0,0,0,1,1,1,True,20855,1.0874753660820542
20868,2024-11-19 20:45:00,20,1,MARKUP,5,A,2626.06322,2615.830859564481,2651.644121088797,10.232360435518785,3.8782808710371213,0,0,1,1,1,1,False,-1,
20909,2024-11-20 08:00:00,8,1,MARKUP,4,B,2629.02762,2619.814104737682,2652.061408155794,9.213515262317742,2.4517905246361047,1,0,0,0,1,1,True,20910,-1.0
20937,2024-11-20 15:00:00,15,1,MARKUP,6,A+,2627.69892,2617.3384931008013,2653.599987247996,10.360426899198501,3.1030137983972854,0,1,1,1,1,1,False,-1,
20949,2024-11-20 18:00:00,18,1,MARKUP,6,A+,2630.7625599999997,2616.68789091215,2665.9492327196235,14.074669087849543,4.404218175699736,0,1,1,1,1,1,False,-1,
21001,2024-11-21 08:00:00,8,1,MARKUP,6,A+,2645.1118,2634.3814988717395,2671.937552820652,10.730301128260635,2.437002256520875,0,1,1,1,1,1,False,-1,
21013,2024-11-21 11:00:00,11,1,MARKUP,5,A,2655.5083999999997,2644.095747226858,2684.0400319328546,11.412652773141872,2.8085055462847643,0,1,0,1,1,1,False,-1,
21025,2024-11-21 14:00:00,14,1,MARKUP,3,C,2657.28278,2645.590358607953,2686.5138334801177,11.692421392046981,3.2992827840939354,0,0,0,1,0,1,False,-1,
21037,2024-11-21 17:00:00,17,1,MARKUP,3,C,2659.2789199999997,2648.4162406062273,2686.435618484431,10.862679393772396,4.1075187875450325,0,0,0,0,1,1,False,-1,
21049,2024-11-21 20:00:00,20,1,MARKUP,6,A+,2660.26154,2649.975989421873,2685.975416445318,10.285550578127186,4.168021156254596,0,1,1,1,1,1,False,-1,
21093,2024-11-22 08:00:00,8,1,MARKUP,6,A+,2673.18728,2659.691695895193,2706.926240262018,13.495584104807222,3.276608209613966,0,1,1,1,1,1,False,-1,
21105,2024-11-22 11:00:00,11,1,MARKUP,4,B,2677.03488,2660.7861198193127,2717.656780451719,16.24876018068744,3.587760361374855,0,1,0,1,0,1,False,-1,
21117,2024-11-22 14:00:00,14,1,MARKUP,5,A,2684.1616400000003,2665.9641178064953,2729.6554454837624,18.197522193504938,4.291764387009559,0,1,0,1,1,1,False,-1,
21129,2024-11-22 17:00:00,17,1,MARKUP,4,B,2686.00328,2668.381198795271,2730.0584830118223,17.622081204729056,5.417602409458786,0,0,1,0,1,1,False,-1,
21141,2024-11-22 20:00:00,20,1,MARKUP,5,A,2692.43666,2679.3771290174795,2725.0854874563006,13.0595309825203,4.245741965040729,0,1,1,0,1,1,True,21157,1.2672510048777612
21185,2024-11-25 08:00:00,8,-1,MARKDOWN,4,B,2697.24434,2724.7601405807513,2628.454838548122,27.515800580751147,6.800281161502449,0,1,0,1,0,1,False,-1,
21197,2024-11-25 11:00:00,11,-1,MARKDOWN,4,B,2697.24434,2723.9474752936767,2630.486501765809,26.703135293676496,5.1749505873531625,0,1,0,1,0,1,False,-1,
21217,2024-11-25 16:00:00,16,-1,MARKDOWN,6,A+,2697.24434,2724.34532468924,2629.491878276901,27.100984689239795,5.970649378479729,0,1,1,1,1,1,False,-1,
21229,2024-11-25 19:00:00,19,-1,MARKDOWN,6,A+,2673.25418,2705.8217395844745,2591.8352810388133,32.567559584474566,7.063479168948575,0,1,1,1,1,1,False,-1,
21282,2024-11-26 09:15:00,9,-1,MARKDOWN,5,A,2626.34066,2641.437892378109,2588.5975790547263,15.097232378109311,3.9357847562185153,0,1,1,0,1,1,True,21291,-1.0
21369,2024-11-27 08:00:00,8,1,MARKUP,5,A,2627.8147400000003,2615.2417296765993,2659.2472658085026,12.573010323400922,2.9365406468015642,0,1,0,1,1,1,False,-1,
21381,2024-11-27 11:00:00,11,1,MARKUP,5,A,2632.7035,2617.981650517312,2669.5081237067197,14.721849482687958,3.276698965375533,0,1,0,1,1,1,False,-1,
21393,2024-11-27 14:00:00,14,1,MARKUP,4,B,2637.4107400000003,2625.4836605622527,2667.2284385943694,11.92707943774758,3.172678875494719,0,1,1,0,0,1,True,21406,-1.0
21461,2024-11-28 08:00:00,8,-1,MARKDOWN,3,C,2642.13886,2656.6703537780786,2605.8101255548036,14.531493778078584,2.8807075561575686,0,0,0,1,0,1,True,21472,-1.0
21481,2024-11-28 13:00:00,13,1,MARKUP,5,A,2631.9386799999997,2619.5556131749404,2662.896347062648,12.383066825059359,2.8087736501196408,0,1,0,1,1,1,False,-1,
21493,2024-11-28 16:00:00,16,1,MARKUP,4,B,2631.9386799999997,2619.6421798350984,2662.6799304122533,12.296500164901317,2.635640329802994,0,1,0,0,1,1,False,-1,
21543,2024-11-29 08:00:00,8,1,MARKUP,6,A+,2646.39152,2632.3891110004784,2681.397542498805,14.002408999521776,3.281777999043928,0,1,1,1,1,1,False,-1,
21555,2024-11-29 11:00:00,11,1,MARKUP,4,B,2646.39152,2632.182285634618,2681.9146059134555,14.209234365382144,3.695428730764047,0,1,1,0,0,1,False,-1,
21567,2024-11-29 14:00:00,14,1,MARKUP,4,B,2646.39152,2632.4102433742514,2681.344711564372,13.981276625748706,3.239513251497333,0,1,0,1,0,1,False,-1,
21584,2024-11-29 18:15:00,18,1,MARKUP,6,A+,2652.41702,2641.737119493062,2679.1167712673446,10.679900506937884,4.0857610138760965,0,1,1,1,1,1,True,21593,-1.0
21626,2024-12-02 08:00:00,8,-1,MARKDOWN,6,A+,2648.48962,2667.0691769178347,2602.040727705413,18.579556917834907,4.2383538356701305,0,1,1,1,1,1,False,-1,
21638,2024-12-02 11:00:00,11,-1,MARKDOWN,3,C,2646.8642800000002,2664.3231955643537,2603.2169910891166,17.458915564353447,4.006391128706919,0,0,0,0,1,1,True,21655,-0.3514376352519457
21674,2024-12-02 20:00:00,20,-1,MARKDOWN,4,B,2640.37528,2653.80441532396,2606.802441690101,13.4291353239596,3.9688306479193045,0,1,1,0,0,1,True,21683,-1.0
21722,2024-12-03 09:00:00,9,1,MARKUP,4,B,2639.8635600000002,2632.0706442262076,2659.345849434482,7.792915773792629,2.9187115475848695,0,1,0,1,0,1,True,21727,0.6096029535424389
21738,2024-12-03 13:00:00,13,1,MARKUP,3,C,2640.24054,2632.763148397044,2658.934019007389,7.477391602955777,2.7537032059117332,0,0,0,1,0,1,True,21743,1.0059214253160174
21750,2024-12-03 16:00:00,16,1,MARKUP,6,A+,2641.95954,2632.3962930488747,2665.867657377813,9.563246951125166,3.487413902250194,0,1,1,1,1,1,True,21754,1.1331772075892839
21762,2024-12-03 19:00:00,19,1,MARKUP,5,A,2642.55312,2632.327150385657,2668.118044035857,10.22596961434283,4.28569922868536,0,1,0,1,1,1,True,21771,0.8115168226586071
21810,2024-12-04 08:00:00,8,1,MARKUP,5,A,2643.04134,2634.065275775737,2665.481500560658,8.976064224263155,2.3894484485261778,0,1,0,1,1,1,True,21816,-1.0
21830,2024-12-04 13:00:00,13,1,MARKUP,6,A+,2642.31922,2635.439573654839,2659.518335862902,6.879646345160836,2.5208526903212403,0,1,1,1,1,1,True,21835,-1.0
21842,2024-12-04 16:00:00,16,1,MARKUP,6,A+,2639.67418,2630.3980886363306,2662.8644084091734,9.276091363669366,4.0438227273386165,0,1,1,1,1,1,False,-1,
21854,2024-12-04 19:00:00,19,1,MARKUP,6,A+,2641.8592200000003,2630.368786630741,2670.5853034231486,11.490433369259335,4.102426738518032,0,1,1,1,1,1,False,-1,
21902,2024-12-05 08:00:00,8,1,MARKUP,5,A,2649.4359,2643.3858587854434,2664.5610030363914,6.050041214556586,2.5882824291130713,0,1,0,1,1,1,True,21903,-1.0
21925,2024-12-05 13:45:00,13,1,MARKUP,6,A+,2647.11756,2640.6170771481547,2663.368767129614,6.5004828518453905,2.6258457036904597,0,1,1,1,1,1,True,21931,-1.0
21938,2024-12-05 17:00:00,17,-1,MARKDOWN,6,A+,2647.72866,2657.506144315988,2623.284949210031,9.77748431598775,3.9922886319753044,0,1,1,1,1,1,False,-1,
21950,2024-12-05 20:00:00,20,-1,MARKDOWN,5,A,2643.40824,2657.821440432295,2607.3752389192637,14.413200432294616,4.62288086458934,0,1,0,1,1,1,False,-1,
22026,2024-12-06 16:00:00,16,-1,MARKDOWN,5,A,2633.14602,2648.1062761109242,2595.74537972269,14.960256110924092,4.792552221848603,0,1,1,0,1,1,True,22029,-1.0
22086,2024-12-09 08:00:00,8,1,MARKUP,6,A+,2635.34922,2623.9809743035544,2663.769834241114,11.368245696445683,3.8580513928908235,0,1,1,1,1,1,False,-1,
22098,2024-12-09 11:00:00,11,1,MARKUP,6,A+,2637.02686,2625.921741134969,2664.789657162577,11.105118865030818,3.316517730062025,0,1,1,1,1,1,False,-1,
22110,2024-12-09 14:00:00,14,1,MARKUP,5,A,2640.14398,2625.9682840380806,2675.583219904798,14.175695961919246,3.223431923838332,0,1,1,1,0,1,False,-1,
22122,2024-12-09 17:00:00,17,1,MARKUP,5,A,2646.1452,2625.598080686846,2697.512998282885,20.54711931315387,3.963838626307497,0,1,1,1,0,1,False,-1,
22134,2024-12-09 20:00:00,20,1,MARKUP,3,C,2650.6123199999997,2632.87672653016,2694.9513036745993,17.73559346983984,3.5665469396800127,0,0,0,1,0,1,False,-1,
22178,2024-12-10 08:00:00,8,1,MARKUP,5,A,2664.26394,2655.314317828352,2686.6379954291187,8.949622171647661,2.8713643432957854,0,1,0,1,1,1,True,22185,0.8557162524599162
22198,2024-12-10 13:00:00,13,1,MARKUP,5,A,2664.42056,2655.092688037038,2687.7402399074053,9.327871962962035,3.31462392592403,0,1,0,1,1,1,False,-1,
22210,2024-12-10 16:00:00,16,1,MARKUP,5,A,2667.31428,2656.0878474028477,2695.380361492881,11.226432597152325,3.704305194304204,0,1,1,1,0,1,False,-1,
22222,2024-12-10 19:00:00,19,1,MARKUP,6,A+,2673.5824199999997,2659.3226230224027,2709.2319124439923,14.259796977597034,3.834753955194574,0,1,1,1,1,1,False,-1,
22271,2024-12-11 08:15:00,8,1,MARKUP,5,A,2686.04282,2671.996511739473,2721.1585906513174,14.046308260526985,5.546976521053902,0,1,1,1,0,1,True,22282,1.75
22290,2024-12-11 13:00:00,13,1,MARKUP,5,A,2686.04282,2672.538942674342,2719.802513314146,13.503877325658323,4.46211465131629,0,1,1,0,1,1,False,-1,
22302,2024-12-11 16:00:00,16,1,MARKUP,6,A+,2686.04282,2672.610416829703,2719.623827925743,13.43240317029722,4.319166340594357,0,1,1,1,1,1,False,-1,
22314,2024-12-11 19:00:00,19,1,MARKUP,6,A+,2692.0555,2672.4776713009423,2741.000071747644,19.57782869905759,4.584657398115444,0,1,1,1,1,1,False,-1,
22365,2024-12-12 08:45:00,8,1,MARKUP,5,A,2709.48142,2697.7196575010826,2738.885826247294,11.761762498917506,3.0406849978344077,0,1,1,0,1,1,True,22382,-1.0
22377,2024-12-12 11:45:00,11,1,MARKUP,5,A,2709.48142,2697.7161808431097,2738.894517892226,11.765239156890402,3.0476383137805754,0,1,0,1,1,1,True,22382,-1.0
22398,2024-12-12 17:00:00,17,-1,MARKDOWN,5,A,2708.69574,2728.7477086428926,2658.565818392769,20.05196864289246,5.395417285784482,0,1,0,1,1,1,False,-1,
22410,2024-12-12 20:00:00,20,-1,MARKDOWN,6,A+,2703.06068,2722.690557042303,2653.9859873942423,19.62987704230318,4.681114084606546,0,1,1,1,1,1,False,-1,
22460,2024-12-13 09:30:00,9,-1,MARKDOWN,6,A+,2686.0286,2694.3485328382053,2665.228767904487,8.319932838205204,3.1170656764103906,0,1,1,1,1,1,False,-1,
22474,2024-12-13 13:00:00,13,-1,MARKDOWN,6,A+,2682.20096,2694.5318321568097,2651.373779607976,12.330872156809619,3.4836643136192276,0,1,1,1,1,1,False,-1,
22486,2024-12-13 16:00:00,16,-1,MARKDOWN,4,B,2680.13052,2694.7101763764535,2643.6813790588667,14.579656376453386,3.8403527529071755,0,1,0,0,1,1,False,-1,
22498,2024-12-13 19:00:00,19,-1,MARKDOWN,5,A,2677.34026,2693.3509614128798,2637.3135064678004,16.010701412879826,4.081922825759982,0,1,1,0,1,1,False,-1,
22587,2024-12-16 18:15:00,18,-1,MARKDOWN,5,A,2658.71112,2666.147885946585,2640.119205133537,7.436765946585183,3.5357718931704682,0,1,1,0,1,1,False,-1,
22638,2024-12-17 08:00:00,8,-1,MARKDOWN,6,A+,2655.9507200000003,2661.680924425562,2641.625208936096,5.730204425561624,2.2618488511235344,0,1,1,1,1,1,True,22643,1.75
22650,2024-12-17 11:00:00,11,-1,MARKDOWN,6,A+,2651.88186,2660.412046950388,2630.55639262403,8.530186950387815,3.484093900775039,0,1,1,1,1,1,False,-1,
22662,2024-12-17 14:00:00,14,-1,MARKDOWN,5,A,2650.0559,2660.2428200277323,2624.588599930669,10.186920027732413,3.1456400554643187,0,1,0,1,1,1,False,-1,
22674,2024-12-17 17:00:00,17,-1,MARKDOWN,4,B,2648.9099,2660.7554708098523,2619.2959729753693,11.845570809852234,4.170941619704361,0,1,0,0,1,1,True,22689,0.9280678581055801
22757,2024-12-18 14:45:00,14,-1,MARKDOWN,5,A,2648.0580800000002,2652.7484773063834,2636.3320867340426,4.690397306383147,2.07695461276685,0,1,1,0,1,1,False,-1,
22769,2024-12-18 17:45:00,17,-1,MARKDOWN,5,A,2644.92186,2653.036706025206,2624.6347449369846,8.114846025206134,2.6534120504121654,0,1,0,1,1,1,False,-1,
22781,2024-12-18 20:45:00,20,-1,MARKDOWN,6,A+,2643.34554,2650.960128985429,2624.3090675364265,7.614588985429236,2.6002579708580935,0,1,1,1,1,1,False,-1,
22850,2024-12-19 15:00:00,15,-1,MARKDOWN,6,A+,2609.93356,2628.446829977923,2563.6503850551926,18.513269977922846,3.853659955845224,0,1,1,1,1,1,False,-1,
22862,2024-12-19 18:00:00,18,-1,MARKDOWN,6,A+,2611.43482,2628.75788390957,2568.127160226075,17.32306390957001,4.475767819140187,0,1,1,1,1,1,False,-1,
22949,2024-12-20 16:45:00,16,1,MARKUP,5,A,2600.61048,2587.777631379212,2632.6926015519693,12.8328486207879,3.7847372415761695,0,1,0,1,1,1,False,-1,
22961,2024-12-20 19:45:00,19,1,MARKUP,5,A,2609.5625600000003,2593.901722616287,2648.714653459284,15.660837383713442,3.7565547674264868,0,1,0,1,1,1,False,-1,
23006,2024-12-23 08:00:00,8,1,MARKUP,4,B,2619.8275399999998,2611.180572460878,2641.444958847804,8.64696753912176,2.418855078244048,0,1,0,0,1,1,True,23025,-1.0
23018,2024-12-23 11:00:00,11,1,MARKUP,4,B,2623.45852,2616.1049605561084,2641.8424186097295,7.353559443891754,2.5900788877833003,0,1,0,1,0,1,True,23023,-1.0
23048,2024-12-23 18:30:00,18,-1,MARKDOWN,4,B,2623.6909,2634.966272183076,2595.5024695423103,11.275372183075888,3.4125443661511765,0,1,0,0,1,1,False,-1,
23102,2024-12-24 09:00:00,9,1,MARKUP,5,A,2613.22948,2607.2554058282035,2628.164665429491,5.974074171796474,1.909188343592796,0,1,1,1,0,1,True,23114,0.6954033182272398
23119,2024-12-24 13:15:00,13,-1,MARKDOWN,5,A,2616.70488,2622.4010672830027,2602.4644117924927,5.696187283002928,2.1021345660053714,0,1,1,0,1,1,True,23131,0.6778014511644683
23132,2024-12-24 16:30:00,16,-1,MARKDOWN,4,B,2617.54146,2622.560902302035,2604.9928542449115,5.019442302035259,2.421804604070237,0,1,0,0,1,1,True,23140,-1.0
23177,2024-12-26 08:00:00,8,1,MARKUP,4,B,2617.39946,2609.16747848443,2637.9794137889257,8.231981515570169,1.9250430311402114,0,1,0,1,0,1,False,-1,
23189,2024-12-26 11:00:00,11,1,MARKUP,6,A+,2617.58282,2609.085682691633,2638.825663270918,8.4971373083672,2.0886346167344407,0,1,1,1,1,1,False,-1,
23201,2024-12-26 14:00:00,14,1,MARKUP,4,B,2620.34448,2613.43852052387,2637.6093786903257,6.905959476130192,1.862958952260181,0,0,0,1,1,1,False,-1,
23213,2024-12-26 17:00:00,17,1,MARKUP,6,A+,2625.2129,2617.7828496581383,2643.7880258546543,7.430050341861715,2.6743006837229464,0,1,1,1,1,1,False,-1,
23225,2024-12-26 20:00:00,20,1,MARKUP,6,A+,2628.43332,2620.482302025139,2648.3108649371534,7.9510179748613155,2.7153959497225157,0,1,1,1,1,1,False,-1,
23269,2024-12-27 08:00:00,8,1,MARKUP,6,A+,2630.15136,2623.7173083265984,2646.236489183503,6.434051673401427,1.8053833468032479,0,1,1,1,1,1,True,23277,-1.0
23298,2024-12-27 15:15:00,15,-1,MARKDOWN,6,A+,2631.2837799999998,2639.6690067594336,2610.320713101415,8.385226759433863,2.8580135188680695,0,1,1,1,1,1,False,-1,
23310,2024-12-27 18:15:00,18,-1,MARKDOWN,4,B,2628.10554,2639.962126777595,2598.4640730560122,11.856586777595112,3.444253555190409,0,1,0,0,1,1,False,-1,
23364,2024-12-30 08:45:00,8,-1,MARKDOWN,6,A+,2622.27068,2629.197517576746,2604.953586058135,6.926837576746038,2.1950351534923023,0,1,1,1,1,1,True,23388,1.2072032745298653
23376,2024-12-30 11:45:00,11,-1,MARKDOWN,6,A+,2620.90694,2629.38256305313,2599.7178823671743,8.47562305313022,2.5651261062600264,0,1,1,1,1,1,True,23388,0.9975223874372097
23389,2024-12-30 15:00:00,15,-1,MARKDOWN,5,A,2620.83054,2629.5768901405454,2598.9646646486362,8.746350140545474,2.9537802810911353,1,0,1,0,1,1,True,23390,0.9777549662733529
23401,2024-12-30 18:00:00,18,-1,MARKDOWN,6,A+,2617.2321,2630.301243818058,2584.559240454855,13.06914381805791,4.402487636116378,0,1,1,1,1,1,False,-1,
23490,2024-12-31 17:15:00,17,1,MARKUP,6,A+,2609.16434,2601.096467898323,2629.3340202541913,8.067872101676585,3.2470642033534256,0,1,1,1,1,1,False,-1,
23502,2024-12-31 20:15:00,20,1,MARKUP,6,A+,2612.21652,2601.087152407555,2640.039938981112,11.12936759244485,3.2656951848898257,0,1,1,1,1,1,False,-1,
23545,2025-01-02 08:00:00,8,1,MARKUP,5,A,2620.9455000000003,2610.2644035092894,2647.6482412267774,10.681096490710843,2.0711929814211967,0,1,0,1,1,1,False,-1,
23557,2025-01-02 11:00:00,11,1,MARKUP,5,A,2628.60296,2620.3475659637515,2649.2414450906217,8.255394036248617,2.544868072497094,0,1,1,0,1,1,False,-1,
23569,2025-01-02 14:00:00,14,1,MARKUP,5,A,2631.0554,2620.166141900149,2658.278545249628,10.889258099851304,2.9077161997022625,0,1,0,1,1,1,False,-1,
23581,2025-01-02 17:00:00,17,1,MARKUP,5,A,2634.23658,2621.900228652444,2665.077458368889,12.336351347555592,3.899542695111353,0,1,0,1,1,1,False,-1,
23593,2025-01-02 20:00:00,20,1,MARKUP,6,A+,2642.35372,2629.2239865616148,2675.1780535959633,13.129733438385301,3.7520268767706146,0,1,1,1,1,1,False,-1,
23637,2025-01-03 08:00:00,8,1,MARKUP,3,C,2652.88584,2644.0578502152716,2674.9558144618204,8.827989784728288,2.284299569456245,0,0,0,0,1,1,True,23642,-1.0
23683,2025-01-03 19:30:00,19,-1,MARKDOWN,6,A+,2655.28868,2667.0116207399187,2625.981328150204,11.722940739918613,3.383241479836984,0,1,1,1,1,1,False,-1,
23729,2025-01-06 08:00:00,8,-1,MARKDOWN,5,A,2644.59452,2653.907049890696,2621.313195273261,9.312529890695714,2.4740997813911854,0,1,0,1,1,1,True,23750,1.75
23741,2025-01-06 11:00:00,11,-1,MARKDOWN,5,A,2638.89668,2648.873977461827,2613.953436345432,9.97729746182722,2.947954923653486,0,1,0,1,1,1,True,23750,-1.0
23759,2025-01-06 15:30:00,15,-1,MARKDOWN,5,A,2639.82506,2651.9090443982236,2609.6150990044416,12.083984398223492,4.938088796446943,0,1,1,0,1,1,True,23771,-1.0
23777,2025-01-06 20:00:00,20,-1,MARKDOWN,5,A,2636.18842,2651.766706400669,2597.2427039983268,15.578286400669185,4.653412801338076,1,0,1,1,0,1,True,23778,-1.0
23822,2025-01-07 08:15:00,8,1,MARKUP,6,A+,2631.8511399999998,2621.476216607418,2657.7884484814545,10.374923392581877,2.2075667851643295,0,1,1,1,1,1,False,-1,
23834,2025-01-07 11:15:00,11,1,MARKUP,6,A+,2638.2227199999998,2631.598295223036,2654.783781942409,6.624424776963679,2.5834095539274404,0,1,1,1,1,1,False,-1,
23846,2025-01-07 14:15:00,14,1,MARKUP,5,A,2640.0088,2631.734900961357,2660.6935475966075,8.273899038642867,2.490198077286083,0,1,0,1,1,1,False,-1,
23858,2025-01-07 17:15:00,17,1,MARKUP,4,B,2644.92132,2630.7181265548948,2680.429303612763,14.203193445105171,4.523746890210498,0,0,0,1,1,1,True,23859,1.0408720329598231
23870,2025-01-07 20:15:00,20,1,MARKUP,3,C,2647.4613,2635.001289248735,2678.611326878163,12.460010751265145,4.177421502530449,0,0,0,1,0,1,True,23872,1.014615937432044
23917,2025-01-08 09:00:00,9,1,MARKUP,5,A,2649.0993,2643.892190972865,2662.1170725678367,5.20710902713472,1.8956180542700378,0,1,1,1,0,1,True,23934,0.720181845737388
23936,2025-01-08 13:45:00,13,1,MARKUP,4,B,2649.0456200000003,2644.2012786348787,2661.156473412804,4.844341365121636,2.1174427302433,0,0,1,0,1,1,True,23938,0.7422106098876542
23948,2025-01-08 16:45:00,16,1,MARKUP,5,A,2653.8168,2643.458857689109,2679.711655777227,10.357942310890849,3.6022846217823172,0,1,0,1,1,1,True,23959,0.952073651270457
23960,2025-01-08 19:45:00,19,1,MARKUP,4,B,2654.71068,2642.944262224968,2684.1267244375804,11.766417775032096,4.631475550064106,1,0,0,1,0,1,True,23961,0.8599747077756286
24007,2025-01-09 08:30:00,8,1,MARKUP,6,A+,2657.25684,2648.2508122667623,2679.7719093330943,9.006027733237715,2.2583754664754743,0,1,1,1,1,1,False,-1,
24019,2025-01-09 11:30:00,11,1,MARKUP,6,A+,2656.40838,2648.477646394749,2676.2352140131266,7.93073360525068,2.8047072105021953,0,1,1,1,1,1,False,-1,
24031,2025-01-09 14:30:00,14,1,MARKUP,5,A,2662.7871,2654.0909835356165,2684.527391160959,8.696116464383522,2.8380329287676593,0,1,1,0,1,1,True,24051,1.2375589313972737
24043,2025-01-09 17:30:00,17,1,MARKUP,5,A,2664.21196,2653.6799447102953,2690.541998224262,10.53201528970476,3.660110579409688,0,1,1,0,1,1,True,24049,1.0413463814803041
24055,2025-01-09 20:30:00,20,1,MARKUP,6,A+,2664.21196,2653.7000922883763,2690.4916292790595,10.511867711623836,3.6198154232477133,0,1,1,1,1,1,False,-1,
24097,2025-01-10 08:00:00,8,1,MARKUP,4,B,2667.7194799999997,2661.8650677646597,2682.3555105883497,5.854412235340078,1.6698644706803634,0,1,0,1,0,1,False,-1,
24109,2025-01-10 11:00:00,11,1,MARKUP,4,B,2669.45376,2661.450119609175,2689.4628609770616,8.003640390824785,2.499760781649211,0,1,0,0,1,1,True,24127,1.75
24121,2025-01-10 14:00:00,14,1,MARKUP,3,C,2674.03956,2667.237225726773,2691.045395683068,6.8023342732271885,2.465548546454065,0,1,0,0,0,1,True,24127,-1.0
24133,2025-01-10 17:00:00,17,1,MARKUP,6,A+,2675.0999,2661.184090335081,2709.8894241622984,13.91580966491938,5.331819329837987,0,1,1,1,1,1,False,-1,
24145,2025-01-10 20:00:00,20,1,MARKUP,5,A,2676.8953,2661.3592068448243,2715.73553288794,15.536093155175877,4.981586310351565,0,1,0,1,1,1,False,-1,
24197,2025-01-13 10:00:00,10,1,MARKUP,7,A+,2686.46194,2677.8983095729427,2707.8710160676437,8.563630427057433,2.863380854114126,1,1,1,1,1,1,True,24198,-1.0
24215,2025-01-13 14:30:00,14,-1,MARKDOWN,4,B,2682.2399800000003,2695.2873037259315,2649.6216706851724,13.047323725931165,3.854607451862922,0,1,0,1,0,1,False,-1,
24227,2025-01-13 17:30:00,17,-1,MARKDOWN,6,A+,2680.82478,2693.685757039446,2648.672337401385,12.86097703944597,4.551514078892106,0,1,1,1,1,1,False,-1,
24239,2025-01-13 20:30:00,20,-1,MARKDOWN,6,A+,2678.40098,2693.1870580378495,2641.435784905376,14.78607803784962,3.894116075699722,0,1,1,1,1,1,False,-1,
24301,2025-01-14 13:00:00,13,-1,MARKDOWN,3,C,2668.233,2676.618132206956,2647.2701694826105,8.38513220695586,2.6362644139115416,0,1,0,0,0,1,True,24304,-1.0
24313,2025-01-14 16:00:00,16,-1,MARKDOWN,5,A,2669.43248,2677.2289876615732,2649.9412108460665,7.796507661573287,3.8579753231457166,0,1,1,0,1,1,True,24317,-1.0
24329,2025-01-14 20:00:00,20,-1,MARKDOWN,4,B,2669.43248,2676.9175968397612,2650.719687900597,7.485116839761304,3.2351936795217764,0,1,1,0,0,1,True,24331,-1.0
24373,2025-01-15 08:00:00,8,1,MARKUP,6,A+,2668.48468,2659.2213442382968,2691.643019404258,9.263335761703274,1.9173115234058509,0,1,1,1,1,1,False,-1,
24385,2025-01-15 11:00:00,11,1,MARKUP,5,A,2673.87744,2665.5459943125534,2694.7060542186173,8.33144568744683,2.2080113748936308,0,1,1,1,0,1,False,-1,
24397,2025-01-15 14:00:00,14,1,MARKUP,4,B,2676.8481,2668.1822312376057,2698.5127719059865,8.665868762394439,2.395537524788905,0,1,0,0,1,1,True,24409,1.4342586444906251
24410,2025-01-15 17:15:00,17,1,MARKUP,5,A,2679.53738,2667.056070086577,2710.740654783558,12.481309913423047,4.64785982684591,1,0,1,0,1,1,True,24411,1.0409306274838441
24422,2025-01-15 20:15:00,20,1,MARKUP,6,A+,2682.5346799999998,2672.3462943706095,2708.005644073475,10.188385629390268,3.76741125878064,0,1,1,1,1,1,False,-1,
24469,2025-01-16 09:00:00,9,1,MARKUP,4,B,2686.66314,2675.8174638916475,2713.7773302708815,10.845676108352563,2.3850722167049865,0,1,1,0,0,1,False,-1,
24485,2025-01-16 13:00:00,13,1,MARKUP,6,A+,2697.2053,2688.5222900645117,2718.912824838721,8.683009935488371,2.735419870976439,0,1,1,1,1,1,False,-1,
24497,2025-01-16 16:00:00,16,1,MARKUP,6,A+,2700.76936,2688.018077466735,2732.647566333161,12.751282533264657,3.7438450665295435,0,1,1,1,1,1,False,-1,
24509,2025-01-16 19:00:00,19,1,MARKUP,6,A+,2702.39286,2687.9536563487354,2738.490869128161,14.439203651264506,3.8726873025285,0,1,1,1,1,1,False,-1,
24596,2025-01-17 17:45:00,17,1,MARKUP,6,A+,2708.33956,2701.1173276615255,2726.395140846186,7.222232338474441,3.305344676948889,0,1,1,1,1,1,True,24606,-1.0
24674,2025-01-20 14:15:00,14,1,MARKUP,3,C,2698.64754,2687.8341967069155,2725.680898232711,10.813343293084472,2.9316065861693845,0,0,0,0,1,1,False,-1,
24686,2025-01-20 17:15:00,17,1,MARKUP,4,B,2698.64754,2687.4904533814465,2726.5402565463837,11.157086618553421,3.6190932371071467,0,1,0,0,1,1,False,-1,
24698,2025-01-20 20:15:00,20,1,MARKUP,5,A,2705.7792600000002,2699.0723321744977,2722.5465795637565,6.706927825502589,3.535335651004996,0,1,1,0,1,1,True,24702,1.75
24732,2025-01-21 08:00:00,8,1,MARKUP,4,B,2711.98376,2699.906066066799,2742.1779948330022,12.077693933200862,3.007867866401144,0,1,0,1,0,1,False,-1,
24744,2025-01-21 11:00:00,11,1,MARKUP,3,C,2714.3794399999997,2701.236908801178,2747.2357679970546,13.142531198821871,3.4261823976437165,0,0,0,1,0,1,False,-1,
24756,2025-01-21 14:00:00,14,1,MARKUP,4,B,2714.3794399999997,2701.3493016853954,2746.9547857865105,13.0301383146043,3.2013966292092175,0,0,1,1,0,1,False,-1,
24768,2025-01-21 17:00:00,17,1,MARKUP,6,A+,2716.94648,2701.1829174797376,2756.3553863006564,15.76356252026244,3.5341650405248344,0,1,1,1,1,1,False,-1,
24780,2025-01-21 20:00:00,20,1,MARKUP,5,A,2727.7035,2714.789132575158,2759.989418562105,12.914367424842112,3.481734849684196,0,1,0,1,1,1,False,-1,
24824,2025-01-22 08:00:00,8,1,MARKUP,5,A,2740.03854,2727.3406319890737,2771.7833100273156,12.697908010926312,2.49873602185278,0,1,0,1,1,1,False,-1,
24836,2025-01-22 11:00:00,11,1,MARKUP,6,A+,2747.07138,2738.4414200980814,2768.646279754796,8.629959901918483,3.0571598038369228,0,1,1,1,1,1,False,-1,
24848,2025-01-22 14:00:00,14,1,MARKUP,3,C,2748.91644,2738.542429424802,2774.8514664379954,10.374010575198099,2.8551411503960535,0,0,0,1,0,1,False,-1,
24860,2025-01-22 17:00:00,17,1,MARKUP,3,C,2750.59122,2740.7665754554505,2775.152831361373,9.824644544549301,3.826849089098727,1,0,0,0,0,1,True,24861,-1.0
24873,2025-01-22 20:15:00,20,1,MARKUP,5,A,2752.3772400000003,2743.9846164687538,2773.3587988281165,8.3926235312465,3.1707670624928213,0,1,1,0,1,1,False,-1,
24943,2025-01-23 14:45:00,14,-1,MARKDOWN,5,A,2750.98104,2758.7907885971727,2731.4566685070686,7.809748597172529,3.181577194346035,0,1,1,1,0,1,True,24957,-1.0
24955,2025-01-23 17:45:00,17,-1,MARKDOWN,5,A,2748.54866,2758.4814443606347,2723.7166990984133,9.932784360634741,4.30288872126936,1,0,0,1,1,1,True,24957,-1.0
24967,2025-01-23 20:45:00,20,1,MARKUP,5,A,2744.73836,2734.2566166173174,2770.9427184567057,10.481743382682453,3.4067667653652016,0,1,0,1,1,1,False,-1,
25008,2025-01-24 08:00:00,8,1,MARKUP,6,A+,2755.0014,2739.1995684356643,2794.5059789108395,15.801831564335771,2.8008631286712786,0,1,1,1,1,1,False,-1,
25020,2025-01-24 11:00:00,11,1,MARKUP,5,A,2761.63254,2749.9836484520133,2790.754768869967,11.64889154798675,2.6927030959727993,0,1,1,0,1,1,False,-1,
25032,2025-01-24 14:00:00,14,1,MARKUP,5,A,2762.69566,2750.5556141989928,2793.045774502518,12.14004580100709,2.7887716020139317,0,1,1,0,1,1,False,-1,
25044,2025-01-24 17:00:00,17,1,MARKUP,6,A+,2766.8407,2753.883418847229,2799.233902881928,12.957281152770975,3.8731623055418405,0,1,1,1,1,1,False,-1,
25100,2025-01-27 08:00:00,8,-1,MARKDOWN,6,A+,2772.9656,2787.406259724003,2736.863950689992,14.440659724003126,2.752519448005803,0,1,1,1,1,1,False,-1,
25113,2025-01-27 11:15:00,11,-1,MARKDOWN,4,B,2765.1384,2778.053465080086,2732.8507372997847,12.915065080086151,3.8269301601717745,1,0,0,0,1,1,True,25116,1.75
25129,2025-01-27 15:15:00,15,-1,MARKDOWN,6,A+,2762.9939400000003,2774.600588196636,2733.977319508411,11.606648196635888,3.861176393272239,0,1,1,1,1,1,False,-1,
25141,2025-01-27 18:15:00,18,-1,MARKDOWN,6,A+,2759.1586199999997,2774.370417949424,2721.1291251264392,15.21179794942418,4.760835898848453,0,1,1,1,1,1,False,-1,
25194,2025-01-28 08:30:00,8,-1,MARKDOWN,5,A,2745.87202,2756.4782776602083,2719.3563758494784,10.606257660208485,2.196555320416193,0,1,1,0,1,1,False,-1,
25234,2025-01-28 18:30:00,18,1,MARKUP,5,A,2743.80048,2733.4736036972704,2769.617670756824,10.326876302729488,2.5927926054589854,0,1,0,1,1,1,False,-1,
25293,2025-01-29 10:15:00,10,1,MARKUP,6,A+,2759.5529,2754.440202584595,2772.3346435385124,5.112697415404909,1.8595948308097416,0,1,1,1,1,1,True,25301,-1.0
25330,2025-01-29 19:30:00,19,-1,MARKDOWN,5,A,2759.33456,2767.7543097348785,2738.285185662803,8.419749734878678,3.1486194697571452,0,1,0,1,1,1,True,25347,-1.0
25376,2025-01-30 08:00:00,8,1,MARKUP,5,A,2751.8672199999996,2743.86128003302,2771.8820699174485,8.00593996697944,1.7174399339587942,0,1,1,0,1,1,False,-1,
25388,2025-01-30 11:00:00,11,1,MARKUP,6,A+,2756.89434,2743.4770245751793,2790.437628562051,13.417315424820572,2.4859508496413047,0,1,1,1,1,1,False,-1,
25400,2025-01-30 14:00:00,14,1,MARKUP,5,A,2763.34132,2752.1795313052075,2791.245791736981,11.161788694792449,2.2609373895848943,0,1,0,1,1,1,False,-1,
25412,2025-01-30 17:00:00,17,1,MARKUP,6,A+,2770.80896,2757.1693088856055,2804.908087785986,13.639651114394383,3.3813822287890534,0,1,1,1,1,1,False,-1,
25424,2025-01-30 20:00:00,20,1,MARKUP,5,A,2773.9872,2757.0952058345297,2816.217185413676,16.89199416547035,3.5295883309412286,0,1,0,1,1,1,False,-1,
25468,2025-01-31 08:00:00,8,1,MARKUP,4,B,2787.50046,2779.100877040316,2808.499417399211,8.399582959684267,1.8782459193684342,0,0,1,0,1,1,False,-1,
25489,2025-01-31 13:15:00,13,1,MARKUP,6,A+,2794.5425800000003,2789.3654676719193,2807.485360820203,5.177112328080966,2.569064656161981,0,1,1,1,1,1,False,-1,
25501,2025-01-31 16:15:00,16,1,MARKUP,6,A+,2797.6886,2789.655544575514,2817.771238561215,8.033055424486065,2.84891084897249,0,1,1,1,1,1,True,25518,-1.0
25513,2025-01-31 19:15:00,19,1,MARKUP,6,A+,2801.0693,2789.0548837919237,2831.105340520191,12.014416208076454,4.050232416152525,0,1,1,1,1,1,True,25517,-1.0
25560,2025-02-03 08:00:00,8,-1,MARKDOWN,4,B,2800.01708,2819.1782299503407,2752.1142051241486,19.161149950340587,3.8964599006812235,0,0,0,1,1,1,True,25570,-1.0
25582,2025-02-03 13:30:00,13,1,MARKUP,5,A,2784.3749,2770.3395319864394,2819.463320033901,14.0353680135604,3.6609360271211266,0,1,0,1,1,1,False,-1,
25594,2025-02-03 16:30:00,16,1,MARKUP,6,A+,2790.20422,2770.3534855214198,2839.831056196451,19.850734478580307,3.6330289571602106,0,1,1,1,1,1,False,-1,
25606,2025-02-03 19:30:00,19,1,MARKUP,6,A+,2794.50936,2769.472515629072,2857.1014709273204,25.036844370928065,5.394968741855959,0,1,1,1,1,1,False,-1,
25666,2025-02-04 11:30:00,11,1,MARKUP,4,B,2813.82646,2805.3463867350274,2835.0266431624323,8.480073264972816,3.5672265299451906,0,1,1,0,0,1,True,25670,1.75
25678,2025-02-04 14:30:00,14,1,MARKUP,5,A,2813.82646,2805.59633568819,2834.4017707795265,8.230124311810414,3.0673286236207997,0,1,1,1,0,1,False,-1,
25690,2025-02-04 17:30:00,17,1,MARKUP,5,A,2821.75678,2804.684734914164,2864.4368927145906,17.07204508583618,4.890530171672337,0,1,0,1,1,1,False,-1,
25702,2025-02-04 20:30:00,20,1,MARKUP,5,A,2821.75678,2805.2553742951677,2863.0102942620815,16.50140570483245,3.7492514096645992,0,1,0,1,1,1,False,-1,
25744,2025-02-05 08:00:00,8,1,MARKUP,5,A,2842.79902,2830.3771638660523,2873.853660334869,12.421856133947585,2.985672267895155,0,1,0,1,1,1,False,-1,
25756,2025-02-05 11:00:00,11,1,MARKUP,5,A,2851.1847199999997,2838.185615196439,2883.682482008902,12.99910480356084,3.1087696071214728,0,1,0,1,1,1,False,-1,
25768,2025-02-05 14:00:00,14,1,MARKUP,5,A,2853.99242,2838.091089686096,2893.7457457847604,15.901330313904054,3.2978206278077353,0,1,0,1,1,1,False,-1,
25780,2025-02-05 17:00:00,17,1,MARKUP,6,A+,2853.99242,2837.6477764515066,2894.854028871234,16.344643548493423,4.1844470969859024,0,1,1,1,1,1,False,-1,
25792,2025-02-05 20:00:00,20,1,MARKUP,5,A,2863.4519,2849.665509939273,2897.917875151818,13.786390060727172,4.308980121455022,0,1,0,1,1,1,True,25796,-1.0
25871,2025-02-06 16:45:00,16,-1,MARKDOWN,6,A+,2861.09364,2875.690307826065,2824.601970434838,14.596667826064731,4.760615652129805,0,1,1,1,1,1,False,-1,
25883,2025-02-06 19:45:00,19,-1,MARKDOWN,4,B,2857.79018,2874.5081581497984,2815.995234625504,16.717978149798455,4.396316299597249,0,0,0,1,1,1,True,25901,-1.0
25928,2025-02-07 08:00:00,8,1,MARKUP,4,B,2848.1551400000003,2833.208536414227,2885.521648964433,14.946603585773119,2.182927171546333,0,0,0,1,1,1,False,-1,
25940,2025-02-07 11:00:00,11,1,MARKUP,5,A,2857.32794,2847.6648556095383,2881.485650976155,9.66308439046179,2.7702887809239103,0,1,1,0,1,1,True,25958,0.5
25952,2025-02-07 14:00:00,14,1,MARKUP,3,C,2860.26344,2852.506206723795,2879.6565231905133,7.75723327620517,2.5875865524106723,0,1,0,0,0,1,True,25958,-1.0
25964,2025-02-07 17:00:00,17,1,MARKUP,5,A,2863.52834,2849.9593401671377,2897.450839582155,13.568999832862119,5.081319665724791,0,1,0,1,1,1,True,25970,1.75
26020,2025-02-10 08:00:00,8,1,MARKUP,6,A+,2866.15352,2851.984766273497,2901.575404316257,14.168753726502928,2.850467453005462,0,1,1,1,1,1,False,-1,
26032,2025-02-10 11:00:00,11,1,MARKUP,5,A,2871.5779199999997,2851.7082511830217,2921.252092042445,19.869668816977992,3.4034976339563316,0,1,0,1,1,1,False,-1,
26044,2025-02-10 14:00:00,14,1,MARKUP,6,A+,2874.50782,2852.981095729022,2928.3246306774445,21.526724270977866,3.3178085419555168,0,1,1,1,1,1,False,-1,
26056,2025-02-10 17:00:00,17,1,MARKUP,6,A+,2883.18944,2863.9064821391316,2931.3968346521715,19.282957860868464,4.247035721737561,0,1,1,1,1,1,False,-1,
26068,2025-02-10 20:00:00,20,1,MARKUP,4,B,2887.34642,2870.2664475148567,2930.0463512128576,17.079972485143117,4.127104970286545,0,0,1,0,1,1,False,-1,
26112,2025-02-11 08:00:00,8,1,MARKUP,6,A+,2914.23874,2893.987776857397,2964.866147856507,20.250963142602814,5.304446285205939,0,1,1,1,1,1,True,26116,-1.0
26204,2025-02-12 08:00:00,8,-1,MARKDOWN,5,A,2899.0899999999997,2910.3449439020487,2870.9526402448773,11.254943902049035,3.4098878040974734,0,1,0,1,1,1,False,-1,
26216,2025-02-12 11:00:00,11,-1,MARKDOWN,4,B,2898.2495200000003,2909.0734512759796,2871.189691810052,10.823931275979248,3.5869025519584494,0,0,1,0,1,1,False,-1,
26228,2025-02-12 14:00:00,14,-1,MARKDOWN,6,A+,2892.3842,2902.724861695664,2866.5325457608396,10.34066169566404,3.949723391328141,0,1,1,1,1,1,True,26236,0.5
26240,2025-02-12 17:00:00,17,-1,MARKDOWN,6,A+,2885.0238,2901.178686625464,2844.6365834363405,16.15488662546386,6.257373250927605,1,0,1,1,1,1,True,26241,-1.0
26296,2025-02-13 08:00:00,8,1,MARKUP,5,A,2900.67616,2885.3954880484384,2938.8778398789036,15.280671951561544,3.149023903123139,0,1,0,1,1,1,False,-1,
26308,2025-02-13 11:00:00,11,1,MARKUP,4,B,2904.74878,2891.622746506519,2937.5638637337024,13.126033493480918,3.874506986961925,0,0,1,0,1,1,False,-1,
26320,2025-02-13 14:00:00,14,1,MARKUP,5,A,2907.23932,2895.939030183186,2935.490044542036,11.300289816814256,3.3019396336285167,0,1,1,0,1,1,True,26327,0.7765482207706088
26332,2025-02-13 17:00:00,17,1,MARKUP,5,A,2909.6248,2899.137219073913,2935.843752315218,10.487580926087048,4.6255618521739,0,1,1,0,1,1,False,-1,
26345,2025-02-13 20:15:00,20,1,MARKUP,4,B,2912.4676,2904.2259171870983,2933.071807032254,8.241682812901672,3.648165625803509,0,1,0,0,1,1,False,-1,
26388,2025-02-14 08:00:00,8,1,MARKUP,6,A+,2917.81436,2906.607896087846,2945.8305197803847,11.20646391215405,2.564207824308114,0,1,1,1,1,1,False,-1,
26400,2025-02-14 11:00:00,11,1,MARKUP,5,A,2923.59058,2912.836516773049,2950.4757380673777,10.754063226951075,3.026966453902267,0,1,1,0,1,1,True,26418,-1.0
26412,2025-02-14 14:00:00,14,1,MARKUP,4,B,2929.71322,2921.850312204683,2949.370489488292,7.862907795316914,2.959375590633749,1,0,0,0,1,1,True,26414,-1.0
26430,2025-02-14 18:30:00,18,-1,MARKDOWN,6,A+,2921.36784,2943.279829153893,2866.5878671152673,21.911989153893046,6.479658307785592,0,1,1,1,1,1,False,-1,
26473,2025-02-17 08:15:00,8,-1,MARKDOWN,6,A+,2911.65834,2935.1432152274733,2852.9461519313163,23.484875227473367,4.086430454946435,0,1,1,1,1,1,False,-1,
26554,2025-02-18 08:00:00,8,1,MARKUP,5,A,2900.95834,2890.3201774908052,2927.553746272987,10.638162509194899,3.0396450183896655,0,1,0,1,1,1,False,-1,
26566,2025-02-18 11:00:00,11,1,MARKUP,4,B,2900.95834,2890.4090090887667,2927.331667278084,10.549330911233483,2.8619818224672953,0,1,0,0,1,1,False,-1,
26578,2025-02-18 14:00:00,14,1,MARKUP,5,A,2900.95834,2890.500998945411,2927.1016926364728,10.457341054589051,2.6780021091779256,0,1,1,0,1,1,False,-1,
26590,2025-02-18 17:00:00,17,1,MARKUP,5,A,2906.32926,2890.0860042544946,2946.9373993637637,16.243255745505394,3.507991491011217,0,1,1,0,1,1,False,-1,
26602,2025-02-18 20:00:00,20,1,MARKUP,5,A,2916.6523,2904.5287063732326,2946.9612840669192,12.123593626767615,3.1225872535353343,0,1,0,1,1,1,False,-1,
26646,2025-02-19 08:00:00,8,1,MARKUP,6,A+,2926.2067,2916.478730687058,2950.5266232823556,9.72796931294215,2.7625386258839253,0,1,1,1,1,1,False,-1,
26658,2025-02-19 11:00:00,11,1,MARKUP,6,A+,2930.1284,2922.6157391066317,2948.910052233421,7.51266089336832,2.6485217867365893,0,1,1,1,1,1,False,-1,
26670,2025-02-19 14:00:00,14,1,MARKUP,4,B,2932.726,2922.2808819426623,2958.8387951433447,10.445118057337822,3.318236114675104,1,0,0,1,0,1,True,26671,-1.0
26682,2025-02-19 17:00:00,17,1,MARKUP,3,C,2932.726,2921.6464905242283,2960.4247736894295,11.079509475771829,4.587018951543297,0,0,0,0,1,1,True,26685,-1.0
26738,2025-02-20 08:00:00,8,1,MARKUP,6,A+,2929.48846,2917.2430015327345,2960.102106168164,12.245458467265507,2.6939969345315955,0,1,1,1,1,1,False,-1,
26750,2025-02-20 11:00:00,11,1,MARKUP,5,A,2932.4566,2917.193911219047,2970.613321952382,15.262688780952885,2.792177561906262,0,1,0,1,1,1,True,26770,0.7749119141710737
26762,2025-02-20 14:00:00,14,1,MARKUP,3,C,2940.8305,2930.644362299014,2966.295844252465,10.18613770098591,2.991275401971545,0,0,0,1,0,1,True,26763,-1.0
26830,2025-02-21 08:00:00,8,-1,MARKDOWN,5,A,2940.01282,2951.8883756389814,2910.323930902546,11.875555638981496,4.276751277962668,0,1,1,1,0,1,False,-1,
26842,2025-02-21 11:00:00,11,-1,MARKDOWN,4,B,2937.11344,2951.8438350097895,2900.2874524755266,14.73039500978939,4.187670019578739,0,1,0,1,0,1,True,26865,0.6480037123951137
26854,2025-02-21 14:00:00,14,-1,MARKDOWN,5,A,2937.11344,2951.5954821307487,2900.9083346731286,14.482042130748596,3.6909642614970615,0,0,1,1,1,1,True,26865,0.6505418315187977
26867,2025-02-21 17:15:00,17,-1,MARKDOWN,6,A+,2937.11344,2952.1843779023366,2899.436095244159,15.070937902336482,4.868755804673091,0,1,1,1,1,1,True,26872,0.6904007263647869
26922,2025-02-24 08:00:00,8,1,MARKUP,5,A,2930.17408,2919.3672076629714,2957.191260842571,10.80687233702838,3.70558467405717,0,1,0,1,1,1,False,-1,
26934,2025-02-24 11:00:00,11,1,MARKUP,6,A+,2931.75556,2919.310839305537,2962.8673617361583,12.444720694463285,3.818321388926351,0,1,1,1,1,1,True,26958,1.1869171149858335
26946,2025-02-24 14:00:00,14,1,MARKUP,6,A+,2932.64562,2919.403522808765,2965.750862978087,13.242097191234734,3.632954382469176,0,1,1,1,1,1,True,26958,1.1119469989700148
26964,2025-02-24 18:30:00,18,1,MARKUP,5,A,2936.82918,2922.4606955910685,2972.7503910223295,14.368484408931636,4.678608817863346,0,0,1,1,1,1,False,-1,
27020,2025-02-25 09:30:00,9,-1,MARKDOWN,6,A+,2946.02304,2955.351358801712,2922.7022429957196,9.328318801712157,3.1627176034243627,0,1,1,1,1,1,False,-1,
27034,2025-02-25 13:00:00,13,-1,MARKDOWN,5,A,2944.4797599999997,2955.401859374761,2917.1745115630965,10.922099374761274,3.263718749521982,0,0,1,1,1,1,True,27048,1.75
27046,2025-02-25 16:00:00,16,-1,MARKDOWN,5,A,2942.10414,2955.467548999495,2908.695617501262,13.363408999495277,4.3950979989908,1,0,0,1,1,1,True,27047,1.75
27058,2025-02-25 19:00:00,19,-1,MARKDOWN,5,A,2927.6911,2955.612191664342,2857.888370839145,27.92109166434193,6.984383328683658,0,1,0,1,1,1,False,-1,
27108,2025-02-26 08:30:00,8,-1,MARKDOWN,6,A+,2920.19476,2942.000232659206,2865.681078351984,21.805472659206316,4.020465318412493,0,1,1,1,1,1,False,-1,
27120,2025-02-26 11:30:00,11,-1,MARKDOWN,6,A+,2919.78196,2932.144759549451,2888.874961126372,12.36279954945121,3.92951909890203,0,1,1,1,1,1,False,-1,
27136,2025-02-26 15:30:00,15,-1,MARKDOWN,5,A,2920.89358,2931.866274741382,2893.461843146545,10.972694741381929,3.3725494827639197,0,1,1,0,1,1,False,-1,
27149,2025-02-26 18:45:00,18,-1,MARKDOWN,5,A,2910.8017400000003,2925.7451503782177,2873.443214054457,14.943410378217322,5.110300756434998,1,0,0,1,1,1,True,27150,0.9772549653178038
27198,2025-02-27 08:00:00,8,-1,MARKDOWN,5,A,2908.4555600000003,2922.7677472179425,2872.675091955145,14.31218721794221,3.8554944358843706,0,1,0,1,1,1,False,-1,
27210,2025-02-27 11:00:00,11,-1,MARKDOWN,5,A,2904.1275,2923.432580118937,2855.8647997026574,19.305080118936985,5.185160237873564,0,1,0,1,1,1,False,-1,
27222,2025-02-27 14:00:00,14,-1,MARKDOWN,5,A,2904.1275,2923.2363814586897,2856.3552963532757,19.108881458689666,4.79276291737915,0,1,1,0,1,1,False,-1,
27234,2025-02-27 17:00:00,17,-1,MARKDOWN,6,A+,2899.3956399999997,2922.2458237548844,2842.270180612788,22.85018375488471,6.751647509768946,0,1,1,1,1,1,False,-1,
27246,2025-02-27 20:00:00,20,-1,MARKDOWN,4,B,2893.3824999999997,2911.8251353526293,2847.2759116184257,18.442635352629623,5.3702707052587275,0,0,0,1,1,1,False,-1,
27290,2025-02-28 08:00:00,8,-1,MARKDOWN,6,A+,2878.8581,2894.363691843824,2840.0941203904395,15.505591843824277,3.927383687647885,0,1,1,1,1,1,False,-1,
27302,2025-02-28 11:00:00,11,-1,MARKDOWN,5,A,2873.7326199999998,2889.6952049635374,2833.8261575911556,15.962584963537665,3.970409927075135,0,1,0,1,1,1,False,-1,
27314,2025-02-28 14:00:00,14,-1,MARKDOWN,4,B,2872.09492,2886.772254425591,2835.401583936022,14.677334425591198,3.424508851182597,0,0,0,1,1,1,False,-1,
27326,2025-02-28 17:00:00,17,-1,MARKDOWN,5,A,2865.03556,2887.865196051268,2807.9614698718296,22.829636051268153,5.610392102535751,0,1,0,1,1,1,False,-1,
27338,2025-02-28 20:00:00,20,-1,MARKDOWN,6,A+,2858.2066600000003,2876.3827430388083,2812.7664524029806,18.176083038807974,4.74548607761597,0,1,1,1,1,1,True,27352,-1.0
27402,2025-03-03 13:00:00,13,1,MARKUP,6,A+,2856.7196,2842.445890582713,2892.403873543217,14.273709417286682,3.488218834573842,0,1,1,1,1,1,False,-1,
27414,2025-03-03 16:00:00,16,1,MARKUP,5,A,2866.03632,2857.0831882927882,2888.41914926803,8.953131707211924,3.573623414423603,0,1,1,0,1,1,False,-1,
27426,2025-03-03 19:00:00,19,1,MARKUP,5,A,2871.94586,2856.8063054215404,2909.7947464461486,15.13955457845941,4.127389156919338,0,1,0,1,1,1,False,-1,
27478,2025-03-04 09:00:00,9,1,MARKUP,6,A+,2884.77254,2876.689250216376,2904.98076445906,8.083289783623968,3.20149956724805,0,1,1,1,1,1,False,-1,
27494,2025-03-04 13:00:00,13,1,MARKUP,5,A,2894.68544,2876.194404942627,2940.9130276434335,18.49103505737321,4.191190114745881,0,1,1,1,0,1,False,-1,
27506,2025-03-04 16:00:00,16,1,MARKUP,4,B,2899.4647,2879.8002491482116,2948.625827129471,19.664450851788388,4.299501703576325,0,1,0,0,1,1,False,-1,
27518,2025-03-04 19:00:00,19,1,MARKUP,6,A+,2901.0097,2881.8139424473356,2948.999093881661,19.195757552664418,5.272115105327993,0,1,1,1,1,1,False,-1,
27566,2025-03-05 08:00:00,8,1,MARKUP,6,A+,2908.17112,2898.656296836164,2931.9581779095897,9.5148231638359,3.627406327671129,0,1,1,1,1,1,False,-1,
27578,2025-03-05 11:00:00,11,1,MARKUP,5,A,2909.80684,2900.082250553435,2934.1183136164127,9.724589446565005,3.6954988931291624,0,1,0,1,1,1,True,27585,-1.0
27590,2025-03-05 14:00:00,14,1,MARKUP,5,A,2909.80684,2899.9574640151823,2934.430279962045,9.849375984817925,3.9450719696354115,0,1,1,0,1,1,True,27596,-1.0
27602,2025-03-05 17:00:00,17,1,MARKUP,6,A+,2905.14712,2891.1113364452954,2940.236578886762,14.035783554704722,6.557327109408631,0,1,1,1,1,1,False,-1,
27614,2025-03-05 20:00:00,20,1,MARKUP,6,A+,2907.97774,2891.438720837807,2949.3252879054817,16.539019162192744,5.902558324385933,0,1,1,1,1,1,False,-1,
27658,2025-03-06 08:00:00,8,1,MARKUP,6,A+,2910.0604000000003,2896.408406995099,2944.1903825122536,13.651993004901215,2.703186009802696,0,1,1,1,1,1,True,27665,-1.0
27672,2025-03-06 11:30:00,11,-1,MARKDOWN,6,A+,2914.6789,2928.6055945087896,2879.8621637280257,13.926694508789751,4.131189017579162,0,1,1,1,1,1,True,27693,0.814659547964155
27684,2025-03-06 14:30:00,14,-1,MARKDOWN,5,A,2913.00574,2928.818846634342,2873.4729734141447,15.813106634342148,4.557693268684468,0,1,1,0,1,1,True,27692,0.7242182691078938
27761,2025-03-07 10:45:00,10,1,MARKUP,6,A+,2906.79784,2895.302523084568,2935.536132288581,11.49531691543234,3.034953830864533,0,1,1,1,1,1,True,27782,1.0418583843530103
27773,2025-03-07 13:45:00,13,1,MARKUP,4,B,2906.80166,2895.355067797557,2935.418140506108,11.446592202443298,2.929864404886454,0,1,0,0,1,1,True,27782,1.0439980512359734
27785,2025-03-07 16:45:00,16,1,MARKUP,5,A,2909.0249,2894.0482591753803,2946.466502061549,14.976640824619608,5.543481649239965,0,1,1,0,1,1,True,27789,-0.30546903364868994
27843,2025-03-10 08:15:00,8,-1,MARKDOWN,5,A,2919.50378,2931.745768884733,2888.8988077881677,12.241988884733018,2.9315377694658853,0,1,1,0,1,1,False,-1,
27855,2025-03-10 11:15:00,11,-1,MARKDOWN,6,A+,2912.10014,2920.0790469577373,2892.1528726056567,7.978906957737308,3.5580939154746765,0,1,1,1,1,1,True,27859,0.9860949234966103
27867,2025-03-10 14:15:00,14,-1,MARKDOWN,6,A+,2910.09082,2920.568815059441,2883.895832351397,10.477995059441128,4.537630118881255,0,1,1,1,1,1,True,27882,1.75
27879,2025-03-10 17:15:00,17,-1,MARKDOWN,5,A,2909.54074,2920.8525963089664,2881.2610992275836,11.311856308966526,5.105192617932798,0,1,0,1,1,1,True,27882,1.75
27891,2025-03-10 20:15:00,20,-1,MARKDOWN,6,A+,2906.0078599999997,2917.98105902028,2876.074862449299,11.97319902028039,5.02211804056087,0,1,1,1,1,1,False,-1,
27954,2025-03-11 13:00:00,13,1,MARKUP,6,A+,2892.51926,2878.4996058958113,2927.568395260472,14.019654104188703,2.880788208377671,0,1,1,1,1,1,False,-1,
27966,2025-03-11 16:00:00,16,1,MARKUP,5,A,2893.70346,2878.3370748025927,2932.119422993519,15.366385197407453,3.2058503948150463,0,1,0,1,1,1,False,-1,
27978,2025-03-11 19:00:00,19,1,MARKUP,5,A,2899.38322,2883.3097724727345,2939.5668388181643,16.07344752726567,4.100455054531065,0,1,0,1,1,1,False,-1,
28030,2025-03-12 09:00:00,9,1,MARKUP,5,A,2914.85954,2909.581153778526,2928.0555055536843,5.278386221473738,2.5576924429479004,0,1,1,0,1,1,True,28032,-1.0
28056,2025-03-12 15:30:00,15,1,MARKUP,5,A,2915.20716,2907.2087837388676,2935.2031006528305,7.998376261132307,3.482432522264598,0,1,1,0,1,1,True,28058,-1.0
28068,2025-03-12 18:30:00,18,1,MARKUP,5,A,2914.52434,2904.0790890382273,2940.637467404432,10.445250961772672,4.181821923545989,0,1,0,1,1,1,False,-1,
28118,2025-03-13 08:00:00,8,1,MARKUP,5,A,2921.7938,2905.032505079581,2963.697037301047,16.761294920419004,2.2749898408387423,0,1,0,1,1,1,False,-1,
28130,2025-03-13 11:00:00,11,1,MARKUP,4,B,2937.00896,2929.335000438484,2956.193858903791,7.6739595615163125,2.9099991230323514,0,1,1,0,0,1,False,-1,
28142,2025-03-13 14:00:00,14,1,MARKUP,5,A,2937.67746,2929.3240942475163,2958.560874381209,8.353365752483569,2.9318115049670395,0,1,1,1,0,1,False,-1,
28154,2025-03-13 17:00:00,17,1,MARKUP,5,A,2940.78796,2930.8275975487086,2965.688866128229,9.96036245129153,4.044804902582651,0,1,0,1,1,1,False,-1,
28166,2025-03-13 20:00:00,20,1,MARKUP,5,A,2952.87826,2930.203729721408,3009.56458569648,22.6745302785921,5.292540557183804,0,1,0,1,1,1,False,-1,
28210,2025-03-14 08:00:00,8,1,MARKUP,3,C,2961.85928,2940.369435014385,3015.5838924640375,21.489844985615036,3.2211299712302757,0,0,0,1,0,1,False,-1,
28222,2025-03-14 11:00:00,11,1,MARKUP,6,A+,2983.08758,2974.598643554494,3004.309921113764,8.488936445505715,3.4627128910118126,0,1,1,1,1,1,False,-1,
28234,2025-03-14 14:00:00,14,1,MARKUP,6,A+,2989.8675399999997,2978.230926620606,3018.9590734484837,11.636613379393566,4.578146758787539,0,1,1,1,1,1,True,28244,0.8518337489456959
28246,2025-03-14 17:00:00,17,1,MARKUP,5,A,2989.9293399999997,2977.8696191230565,3020.0786421923576,12.059720876943175,5.5007617538865485,1,0,1,0,1,1,True,28247,0.5050415396964081
28322,2025-03-17 13:00:00,13,1,MARKUP,5,A,2987.72358,2980.4792135856687,3005.8344960358277,7.244366414331125,2.5015728286629693,0,1,1,1,0,1,True,28331,0.8942837413769343
28334,2025-03-17 16:00:00,16,1,MARKUP,4,B,2989.47946,2980.2667712784996,3012.5111818037512,9.212688721500399,3.8864574430005474,1,0,0,1,0,1,True,28335,0.7147468511695895
28346,2025-03-17 19:00:00,19,1,MARKUP,6,A+,2989.47946,2980.2500127021617,3012.553078244596,9.229447297838306,3.9199745956767864,0,1,1,1,1,1,False,-1,
28394,2025-03-18 08:00:00,8,1,MARKUP,5,A,2998.0496399999997,2984.8214256340048,3031.120175914987,13.228214365994972,2.7571487319898242,0,1,0,1,1,1,False,-1,
28406,2025-03-18 11:00:00,11,1,MARKUP,5,A,3003.22906,2991.251783950166,3033.172250124585,11.977276049834018,3.456432099667831,0,1,1,0,1,1,False,-1,
28418,2025-03-18 14:00:00,14,1,MARKUP,5,A,3009.4508800000003,2995.938630204732,3043.2315044881716,13.512249795268417,3.46273959053632,0,1,0,1,1,1,False,-1,
28430,2025-03-18 17:00:00,17,1,MARKUP,4,B,3014.1668799999998,2996.791585065518,3057.605117336204,17.375294934481644,5.076829868963438,0,0,0,1,1,1,False,-1,
28442,2025-03-18 20:00:00,20,1,MARKUP,5,A,3018.10354,3003.6766835418616,3054.170681145346,14.426856458138445,4.046632916276217,0,1,0,1,1,1,False,-1,
28486,2025-03-19 08:00:00,8,1,MARKUP,5,A,3030.14496,3023.54123766454,3046.6542658386506,6.603722335460134,2.297524670920239,0,1,1,0,1,1,True,28500,-1.0
28498,2025-03-19 11:00:00,11,1,MARKUP,5,A,3034.29218,3025.591685979978,3056.043415050054,8.700494020021779,3.6566280400434463,1,0,0,1,1,1,True,28499,-1.0
28510,2025-03-19 14:00:00,14,1,MARKUP,5,A,3031.39994,3020.886979173907,3057.6823420652318,10.512960826092694,3.706041652185609,0,1,0,1,1,1,True,28520,1.3773225830966391
28530,2025-03-19 19:00:00,19,1,MARKUP,6,A+,3031.39994,3020.7209265180722,3058.0974737048186,10.67901348192754,4.038146963855451,0,1,1,1,1,1,True,28533,1.3636807101658084
28578,2025-03-20 08:00:00,8,1,MARKUP,5,A,3037.8558000000003,3023.9834265901063,3072.536733524735,13.872373409893953,3.3731468197871295,0,1,0,1,1,1,True,28598,-1.0
28613,2025-03-20 16:45:00,16,-1,MARKDOWN,5,A,3045.3842,3059.903511276042,3009.085921809895,14.519311276042117,4.667022552084266,0,1,0,1,1,1,True,28635,1.0603214999530879
28625,2025-03-20 19:45:00,19,-1,MARKDOWN,5,A,3045.3842,3059.7519851091356,3009.464737227161,14.367785109135639,4.36397021827054,0,0,1,1,1,1,True,28635,1.0662307871868728
28670,2025-03-21 08:00:00,8,-1,MARKDOWN,6,A+,3039.65046,3048.711842503331,3016.9970037416724,9.06138250333106,2.483685006661861,0,1,1,1,1,1,False,-1,
28682,2025-03-21 11:00:00,11,-1,MARKDOWN,5,A,3037.17892,3049.1043649805424,3007.3653075486436,11.92544498054258,3.268729961085432,0,0,1,1,1,1,True,28697,1.75
28694,2025-03-21 14:00:00,14,-1,MARKDOWN,3,C,3037.17892,3049.009942567594,3007.6013635810145,11.831022567594118,3.079885135188484,0,0,0,0,1,1,True,28697,1.75
28706,2025-03-21 17:00:00,17,-1,MARKDOWN,6,A+,3029.08816,3050.1114494728035,2976.52993631799,21.023289472803754,5.282898945607477,0,1,1,1,1,1,False,-1,
28718,2025-03-21 20:00:00,20,-1,MARKDOWN,5,A,3023.37166,3040.5897536217694,2980.3264259455755,17.21809362176964,4.739507243539524,0,1,0,1,1,1,True,28731,0.9006659075877167
28766,2025-03-24 09:00:00,9,-1,MARKDOWN,7,A+,3016.56148,3027.872042069346,2988.2850748266337,11.31056206934636,2.8640841386921103,1,1,1,1,1,1,True,28767,-1.0
28799,2025-03-24 17:15:00,17,-1,MARKDOWN,6,A+,3025.9078600000003,3035.472662354122,3001.995854114696,9.564802354121639,4.025324708244119,0,1,1,1,1,1,False,-1,
28811,2025-03-24 20:15:00,20,-1,MARKDOWN,5,A,3022.88242,3035.4610798640365,2991.4357703399082,12.578659864036581,4.002159728072521,0,1,0,1,1,1,False,-1,
28878,2025-03-25 14:00:00,14,1,MARKUP,6,A+,3012.67652,3003.7598297473965,3034.9682456315086,8.91669025260353,2.660340505207204,0,1,1,1,1,1,False,-1,
28890,2025-03-25 17:00:00,17,1,MARKUP,6,A+,3018.25644,3005.407981105186,3050.377587237035,12.84845889481403,3.9840377896276817,0,1,1,1,1,1,True,28896,0.7706169886494878
28902,2025-03-25 20:00:00,20,1,MARKUP,4,B,3018.25644,3005.49002234775,3050.172484130626,12.766417652250311,3.819955304500179,0,0,0,1,1,1,True,28908,0.7723560633541089
28951,2025-03-26 09:15:00,9,1,MARKUP,5,A,3019.89488,3011.786259964008,3040.1664300899793,8.108620035991862,2.5874800719837383,0,1,1,1,0,1,True,28963,0.815032218878072
28969,2025-03-26 13:45:00,13,1,MARKUP,6,A+,3020.2998,3011.6536744184696,3041.9151139538253,8.646125581530214,2.852651163060893,0,1,1,1,1,1,True,28980,1.2541737906290271
28992,2025-03-26 19:30:00,19,-1,MARKDOWN,5,A,3024.4355,3033.8261637419373,3000.9588406451567,9.39066374193726,3.6923274838744984,0,1,1,0,1,1,False,-1,
29038,2025-03-27 08:00:00,8,1,MARKUP,5,A,3022.26896,3010.8565299137654,3050.800035215586,11.412430086234508,2.7469401724695874,0,1,0,1,1,1,False,-1,
29050,2025-03-27 11:00:00,11,1,MARKUP,5,A,3024.16622,3013.6445021785676,3050.4705145535813,10.521717821432503,3.310995642865282,0,1,1,0,1,1,False,-1,
29062,2025-03-27 14:00:00,14,1,MARKUP,5,A,3031.22034,3014.0546364512747,3074.1345988718126,17.165703548725105,3.870727097450256,0,1,0,1,1,1,False,-1,
29074,2025-03-27 17:00:00,17,1,MARKUP,5,A,3032.68556,3015.7486729584534,3075.027777603866,16.93688704154647,5.16265408309297,0,1,1,1,0,1,False,-1,
29086,2025-03-27 20:00:00,20,1,MARKUP,5,A,3038.827,3023.574528710441,3076.9581782238984,15.252471289559253,4.9109425791186085,0,1,0,1,1,1,False,-1,
29130,2025-03-28 08:00:00,8,1,MARKUP,5,A,3050.34238,3032.0408474121837,3096.0962114695412,18.301532587816382,2.9183051756327067,0,1,0,1,1,1,False,-1,
29142,2025-03-28 11:00:00,11,1,MARKUP,4,B,3062.4709399999997,3046.0259193700654,3103.5834915748355,16.445020629934334,3.7281612598693488,0,0,0,1,1,1,False,-1,
29154,2025-03-28 14:00:00,14,1,MARKUP,5,A,3066.3581599999998,3052.2444591201424,3101.6424121996433,14.113700879857333,3.8710817597148357,0,1,1,0,1,1,False,-1,
29166,2025-03-28 17:00:00,17,1,MARKUP,6,A+,3066.6179199999997,3051.5795691328426,3104.213797167892,15.038350867157078,5.200861734314469,0,1,1,1,1,1,False,-1,
29178,2025-03-28 20:00:00,20,1,MARKUP,5,A,3073.87324,3063.3660315277407,3100.141261180648,10.507208472259208,5.107936944518609,0,1,0,1,1,1,True,29184,1.006754552779285
29222,2025-03-31 08:00:00,8,1,MARKUP,5,A,3085.82048,3064.78693694162,3138.40433764595,21.03354305838002,4.90612611675961,0,1,0,1,1,1,False,-1,
29234,2025-03-31 11:00:00,11,1,MARKUP,6,A+,3094.3511399999998,3070.888455631146,3153.0078509221344,23.462684368853843,5.463088737707518,0,1,1,1,1,1,False,-1,
29246,2025-03-31 14:00:00,14,1,MARKUP,5,A,3096.0382799999998,3073.941558776675,3151.280083058312,22.09672122332495,4.816882446649937,0,1,0,1,1,1,False,-1,
29258,2025-03-31 17:00:00,17,1,MARKUP,4,B,3096.0382799999998,3073.1190069338268,3153.336462665432,22.91927306617299,6.4619861323463645,0,1,1,0,0,1,False,-1,
29270,2025-03-31 20:00:00,20,1,MARKUP,6,A+,3108.21906,3093.2321613508507,3145.686306622873,14.986898649149225,5.655677298298493,0,1,1,1,1,1,False,-1,
29314,2025-04-01 08:00:00,8,1,MARKUP,5,A,3118.23656,3098.1397861004366,3168.478494748908,20.09677389956323,3.4604277991264882,0,1,0,1,1,1,False,-1,
29326,2025-04-01 11:00:00,11,1,MARKUP,4,B,3126.16086,3109.4257143692785,3167.9987240768037,16.73514563072149,5.40857126144302,0,0,1,0,1,1,True,29350,-1.0
29407,2025-04-02 08:15:00,8,-1,MARKDOWN,6,A+,3122.22932,3137.535812907884,3083.9630877302898,15.306492907884149,4.071625815768176,0,1,1,1,1,1,True,29417,0.5
29426,2025-04-02 13:00:00,13,1,MARKUP,5,A,3118.3505,3105.688645529813,3150.005136175467,12.661854470186881,4.122708940373699,0,1,1,1,0,1,True,29428,0.5530925072730634
29438,2025-04-02 16:00:00,16,1,MARKUP,4,B,3118.3505,3105.216666357821,3151.1850841054475,13.13383364217907,5.066667284358321,0,1,0,0,1,1,True,29441,0.7660596304310792
29450,2025-04-02 19:00:00,19,1,MARKUP,5,A,3118.66568,3105.724686600775,3151.0181634980627,12.940993399225135,5.070626798450763,0,1,1,0,1,1,True,29466,-1.0
29498,2025-04-03 08:00:00,8,1,MARKUP,4,B,3129.05174,3101.950728900852,3196.8042677478697,27.101011099147854,6.398542198295872,1,0,0,0,1,1,True,29499,-1.0
29520,2025-04-03 13:30:00,13,-1,MARKDOWN,6,A+,3142.26734,3171.204782577795,3069.923733555512,28.937442577795082,6.9695651555902,0,1,1,1,1,1,False,-1,
29532,2025-04-03 16:30:00,16,-1,MARKDOWN,5,A,3124.30952,3173.668944011695,3000.9109599707613,49.35942401169541,11.89788802339046,0,1,0,1,1,1,True,29535,1.4926120691438944
29544,2025-04-03 19:30:00,19,-1,MARKDOWN,5,A,3119.7734,3166.0798978277326,3004.0071554306687,46.30649782773253,11.399795655464581,1,0,0,1,1,1,False,-1,
29600,2025-04-04 10:30:00,10,-1,MARKDOWN,5,A,3107.2359,3122.627531347447,3068.756821631383,15.391631347446946,5.915062694894368,0,1,1,1,0,1,True,29612,-1.0
29618,2025-04-04 15:00:00,15,-1,MARKDOWN,6,A+,3114.29434,3142.0437417596613,3044.9208356008467,27.749401759661396,11.087483519322664,0,1,1,1,1,1,False,-1,
29630,2025-04-04 18:00:00,18,-1,MARKDOWN,5,A,3094.68628,3143.8640476868686,2971.741860782828,49.17776768686872,14.728095373737437,0,1,0,1,1,1,False,-1,
29716,2025-04-07 16:30:00,16,-1,MARKDOWN,6,A+,3022.73608,3060.765400586249,2927.6627785343776,38.029320586249014,10.690801172498233,0,1,1,1,1,1,True,29718,1.0914101495403856
29728,2025-04-07 19:30:00,19,-1,MARKDOWN,6,A+,3024.67282,3061.729087493934,2932.0321512651644,37.05626749393423,12.618174987867585,0,1,1,1,1,1,False,-1,
29820,2025-04-08 19:30:00,19,-1,MARKDOWN,6,A+,3008.355,3026.4994800418845,2962.993799895289,18.144480041884435,7.638960083769008,0,1,1,1,1,1,False,-1,
29869,2025-04-09 08:45:00,8,1,MARKUP,5,A,2989.25482,2966.3179005790385,3046.597118552404,22.936919420961658,7.28419884192295,0,1,0,1,1,1,False,-1,
29881,2025-04-09 11:45:00,11,1,MARKUP,5,A,3001.38714,2965.950713284679,3089.9782067883025,35.43642671532098,8.018573430642553,0,1,0,1,1,1,False,-1,
29893,2025-04-09 14:45:00,14,1,MARKUP,6,A+,3007.44184,2965.8997080499294,3111.297169875176,41.5421319500706,8.120583900140945,0,1,1,1,1,1,False,-1,
29905,2025-04-09 17:45:00,17,1,MARKUP,5,A,3015.2353399999997,2967.384795822476,3134.8617004438092,47.850544177523716,9.85040835504813,0,1,0,1,1,1,False,-1,
29917,2025-04-09 20:45:00,20,1,MARKUP,4,B,3037.58608,2993.4423900034312,3147.945304991422,44.14368999656881,12.315219993136969,0,0,0,1,1,1,False,-1,
29958,2025-04-10 08:00:00,8,1,MARKUP,5,A,3080.77508,3044.422754274677,3171.655894313307,36.35232572532277,8.574491450645818,0,1,1,1,0,1,False,-1,
29970,2025-04-10 11:00:00,11,1,MARKUP,3,C,3080.77508,3044.8580743043317,3170.5675942391704,35.917005695668195,7.703851391336425,0,1,0,0,0,1,False,-1,
29982,2025-04-10 14:00:00,14,1,MARKUP,2,C,3094.7666,3067.8258662037933,3162.1184344905164,26.940733796206587,7.048267592413455,0,0,0,0,0,1,False,-1,
29994,2025-04-10 17:00:00,17,1,MARKUP,5,A,3103.9429999999998,3073.5703827671778,3179.8745430820545,30.372617232821995,9.939234465643988,0,1,1,0,1,1,False,-1,
30006,2025-04-10 20:00:00,20,1,MARKUP,5,A,3130.71502,3098.649242031755,3210.879464920613,32.06577796824513,9.421515936490664,0,1,0,1,1,1,False,-1,
30050,2025-04-11 08:00:00,8,1,MARKUP,5,A,3155.8889,3112.8113576315695,3263.5827559210757,43.077542368430386,6.7372847368608975,0,1,0,1,1,1,False,-1,
30062,2025-04-11 11:00:00,11,1,MARKUP,5,A,3177.55598,3146.300586531503,3255.6944636712424,31.255393468497005,9.878826936993121,0,1,1,0,1,1,False,-1,
30074,2025-04-11 14:00:00,14,1,MARKUP,6,A+,3194.70316,3163.281375742987,3273.257620642532,31.42178425701286,9.837248514025436,0,1,1,1,1,1,False,-1,
30086,2025-04-11 17:00:00,17,1,MARKUP,5,A,3206.51458,3177.908009261242,3278.031006846895,28.60657073875791,10.463981477515768,0,1,0,1,1,1,False,-1,
30098,2025-04-11 20:00:00,20,1,MARKUP,4,B,3209.59454,3182.7928113982643,3276.5988615043393,26.801728601735704,9.314377203471327,0,0,0,1,1,1,False,-1,
30144,2025-04-14 08:30:00,8,1,MARKUP,5,A,3223.75302,3207.122900687565,3265.3283182810874,16.630119312435,6.054198624869704,0,0,1,1,1,1,True,30154,-1.0
30185,2025-04-14 18:45:00,18,-1,MARKDOWN,6,A+,3225.896,3249.593817209445,3166.6514569763876,23.69781720944502,7.6676344188899535,0,1,1,1,1,1,False,-1,
30234,2025-04-15 08:00:00,8,1,MARKUP,5,A,3208.5854200000003,3191.844861724409,3250.4368156889786,16.74055827559141,3.830276551182855,0,1,0,1,1,1,False,-1,
30246,2025-04-15 11:00:00,11,1,MARKUP,6,A+,3213.30694,3199.129771522739,3248.749861193153,14.177168477261148,4.540456954522978,0,1,1,1,1,1,True,30269,1.75
30271,2025-04-15 17:15:00,17,1,MARKUP,5,A,3218.64646,3207.1517455173143,3247.383246206714,11.494714482685595,5.7765089653713435,0,1,1,0,1,1,True,30274,1.75
30284,2025-04-15 20:30:00,20,1,MARKUP,5,A,3219.61054,3209.2836016267506,3245.427885933124,10.326938373249504,4.6327967464982285,0,1,1,0,1,1,False,-1,
30326,2025-04-16 08:00:00,8,1,MARKUP,6,A+,3241.18208,3208.3413848196565,3323.283817950859,32.84069518034357,6.517230360686599,0,1,1,1,1,1,False,-1,
30338,2025-04-16 11:00:00,11,1,MARKUP,6,A+,3254.08808,3216.5144944404806,3348.0220438987985,37.573585559519415,6.051011119038697,0,1,1,1,1,1,False,-1,
30350,2025-04-16 14:00:00,14,1,MARKUP,4,B,3261.22502,3222.7824439985993,3357.331460003501,38.44257600140054,6.895112002801685,0,1,0,0,1,1,False,-1,
30362,2025-04-16 17:00:00,17,1,MARKUP,5,A,3270.4508,3235.866403988581,3356.9117900285473,34.5843960114189,8.507192022837147,0,1,1,0,1,1,False,-1,
30374,2025-04-16 20:00:00,20,1,MARKUP,6,A+,3291.70906,3262.44183565552,3364.8771208611997,29.267224344479928,7.476328688958961,0,1,1,1,1,1,False,-1,
30509,2025-04-21 08:00:00,8,1,MARKUP,6,A+,3322.91232,3280.980065356588,3427.7429566085293,41.93225464341185,6.1198692868236,0,1,1,1,1,1,False,-1,
30521,2025-04-21 11:00:00,11,1,MARKUP,5,A,3333.59638,3292.261753315559,3436.9329467111024,41.33462668444099,5.436493368881808,0,1,0,1,1,1,False,-1,
30533,2025-04-21 14:00:00,14,1,MARKUP,5,A,3344.1676,3308.487698683172,3433.367353292071,35.679901316828364,5.044602633656749,0,1,0,1,1,1,False,-1,
30545,2025-04-21 17:00:00,17,1,MARKUP,6,A+,3377.00806,3340.100565032249,3469.2767974193775,36.90749496775106,7.858869935502435,0,1,1,1,1,1,False,-1,
30557,2025-04-21 20:00:00,20,1,MARKUP,5,A,3392.64964,3365.456911301691,3460.631461745773,27.19272869830911,7.766177396618334,0,1,0,1,1,1,False,-1,
30601,2025-04-22 08:00:00,8,1,MARKUP,5,A,3439.35338,3400.855680556342,3535.5976286091445,38.49769944365789,8.548638887315965,0,1,0,1,1,1,False,-1,
30613,2025-04-22 11:00:00,11,1,MARKUP,3,C,3441.9838400000003,3400.8595893919205,3544.7944665202,41.12425060807982,10.340821216159096,0,0,0,1,0,1,True,30631,-1.0
30693,2025-04-23 08:00:00,8,-1,MARKDOWN,5,A,3397.67014,3455.327444723843,3253.5268781903924,57.657304723843026,11.234889447686472,0,1,0,1,1,1,False,-1,
30705,2025-04-23 11:00:00,11,-1,MARKDOWN,6,A+,3367.48916,3420.426250286326,3235.1464342841846,52.93709028632611,12.192500572652765,0,1,1,1,1,1,False,-1,
30717,2025-04-23 14:00:00,14,-1,MARKDOWN,3,C,3350.39528,3392.0472223092424,3246.2654242268945,41.65194230924226,10.754444618485097,0,0,0,0,1,1,False,-1,
30729,2025-04-23 17:00:00,17,-1,MARKDOWN,5,A,3338.37756,3393.1540035776384,3201.4364510559035,54.776443577638474,12.96800715527655,0,1,1,1,0,1,False,-1,
30741,2025-04-23 20:00:00,20,-1,MARKDOWN,5,A,3331.2891,3381.429585184221,3205.9378870394467,50.140485184221234,12.459170368442884,0,1,1,1,0,1,False,-1,
30815,2025-04-24 15:30:00,15,1,MARKUP,5,A,3317.6156,3283.129419765978,3403.831050585055,34.48618023402196,7.241160468043472,0,1,1,0,1,1,True,30819,1.087754083239576
30827,2025-04-24 18:30:00,18,-1,MARKDOWN,6,A+,3344.2938400000003,3371.6133301047994,3275.9951147380025,27.319490104799115,8.126660209598112,0,1,1,1,1,1,True,30844,1.2701135391250569
30881,2025-04-25 09:00:00,9,-1,MARKDOWN,6,A+,3338.7957,3375.235207192201,3247.696932019498,36.439507192200836,8.97041438440175,0,1,1,1,1,1,False,-1,
30897,2025-04-25 13:00:00,13,-1,MARKDOWN,5,A,3338.7957,3374.604453512712,3249.2738162182204,35.808753512711974,7.708907025424216,0,1,0,1,1,1,False,-1,
30909,2025-04-25 16:00:00,16,-1,MARKDOWN,6,A+,3334.90694,3374.819191150772,3235.1263121230695,39.912251150772136,8.138382301543707,0,1,1,1,1,1,False,-1,
30921,2025-04-25 19:00:00,19,-1,MARKDOWN,5,A,3321.57756,3360.6344862286237,3223.9352444284414,39.056926228623524,8.26897245724749,0,1,0,1,1,1,True,30941,0.9629460987397143
30969,2025-04-28 08:00:00,8,-1,MARKDOWN,4,B,3309.39678,3340.5417551878527,3231.5343420303684,31.14497518785265,7.503510375705898,0,0,0,1,1,1,False,-1,
30981,2025-04-28 11:00:00,11,-1,MARKDOWN,5,A,3310.50458,3340.626386868063,3235.200062829842,30.12180686806323,7.672773736126138,0,1,1,0,1,1,False,-1,
30993,2025-04-28 14:00:00,14,-1,MARKDOWN,4,B,3310.50458,3339.9828673882625,3236.8088615293427,29.478287388262743,6.385734776525121,0,0,1,0,1,1,True,31006,-1.0
31012,2025-04-28 18:45:00,18,1,MARKUP,5,A,3293.95982,3264.0241232514836,3368.799061871291,29.93569674851642,7.911753497032686,0,1,0,1,1,1,False,-1,
31091,2025-04-29 15:30:00,15,-1,MARKDOWN,6,A+,3330.2284999999997,3351.627872008281,3276.730069979297,21.39937200828126,5.935744016562008,0,1,1,1,1,1,False,-1,
31103,2025-04-29 18:30:00,18,-1,MARKDOWN,6,A+,3324.5748399999998,3343.5724420638103,3277.0808348404735,18.99760206381052,7.144884127620315,0,1,1,1,1,1,True,31107,0.861253177739303
31153,2025-04-30 08:00:00,8,-1,MARKDOWN,4,B,3318.469,3332.7683159668104,3282.720710082974,14.299315966810354,5.296631933621215,0,1,0,1,0,1,False,-1,
31165,2025-04-30 11:00:00,11,-1,MARKDOWN,5,A,3312.92236,3333.3399666351756,3261.878343412061,20.417606635175616,6.439933270351657,0,1,1,0,1,1,True,31187,1.18516700361624
31177,2025-04-30 14:00:00,14,-1,MARKDOWN,5,A,3305.26022,3331.414685419103,3239.8740564522427,26.154465419102962,6.629370838206156,0,1,0,1,1,1,True,31185,0.8884002290415307
31189,2025-04-30 17:00:00,17,-1,MARKDOWN,5,A,3304.73306,3332.8938335863154,3234.3311260342116,28.160773586315372,9.587667172630981,1,0,0,1,1,1,True,31190,0.8513689114011659
31245,2025-05-01 08:00:00,8,-1,MARKDOWN,4,B,3282.1891800000003,3323.8299039516073,3178.087370120983,41.640723951607015,8.019807903214142,0,1,0,1,0,1,False,-1,
31257,2025-05-01 11:00:00,11,-1,MARKDOWN,6,A+,3278.784,3317.7530188151086,3181.361452962229,38.969018815108484,6.886037630217184,0,1,1,1,1,1,False,-1,
31269,2025-05-01 14:00:00,14,-1,MARKDOWN,6,A+,3270.2297,3308.253100611317,3175.1711984717067,38.023400611317356,6.026201222635113,0,1,1,1,1,1,False,-1,
31281,2025-05-01 17:00:00,17,-1,MARKDOWN,4,B,3250.59042,3284.994854128713,3164.5793346782175,34.40443412871309,8.68970825742587,0,0,1,1,0,1,False,-1,
31293,2025-05-01 20:00:00,20,-1,MARKDOWN,3,C,3232.68696,3255.727885380801,3175.084646547997,23.040925380801127,8.09577076160268,0,0,0,0,1,1,True,31305,-1.0
31345,2025-05-02 10:00:00,10,1,MARKUP,6,A+,3226.93916,3202.2871210552576,3288.5692573618558,24.652038944742344,5.465757889484847,0,1,1,1,1,1,False,-1,
31357,2025-05-02 13:00:00,13,1,MARKUP,4,B,3234.78568,3212.202267896787,3291.2442102580326,22.58341210321305,5.255464206425802,0,1,0,0,1,1,True,31379,1.0760422685025457
31370,2025-05-02 16:15:00,16,1,MARKUP,6,A+,3243.42524,3223.889967866876,3292.2634203328107,19.53527213312418,7.120064266247506,0,1,1,1,1,1,True,31373,0.7069083703880659
31387,2025-05-02 20:30:00,20,-1,MARKDOWN,6,A+,3251.57194,3273.755265338138,3196.113626654654,22.183325338138275,8.970530676276464,0,1,1,1,1,1,True,31408,-1.0
31429,2025-05-05 08:00:00,8,1,MARKUP,6,A+,3241.82226,3220.112910223684,3296.0956344407896,21.709349776315776,5.654179552632229,0,1,1,1,1,1,False,-1,
31441,2025-05-05 11:00:00,11,1,MARKUP,4,B,3241.82226,3220.3354897959007,3295.539185510248,21.48677020409923,5.209020408198542,0,1,0,0,1,1,False,-1,
31453,2025-05-05 14:00:00,14,1,MARKUP,5,A,3262.26132,3224.168050325414,3357.494494186466,38.09326967458628,6.463899349172247,0,1,0,1,1,1,False,-1,
31465,2025-05-05 17:00:00,17,1,MARKUP,6,A+,3274.63612,3237.809618942983,3366.702372642543,36.82650105701714,6.6807621140340965,0,1,1,1,1,1,False,-1,
31477,2025-05-05 20:00:00,20,1,MARKUP,3,C,3282.00268,3250.07999493503,3361.8093926624256,31.92268506497021,5.98001012994089,0,0,0,0,1,1,False,-1,
31521,2025-05-06 08:00:00,8,1,MARKUP,5,A,3336.71896,3301.5530996483662,3424.6336108790847,35.16586035163391,8.233800703267793,0,1,0,1,1,1,False,-1,
31533,2025-05-06 11:00:00,11,1,MARKUP,6,A+,3337.49764,3303.087491033295,3423.523012416763,34.41014896670504,7.685017933409425,0,1,1,1,1,1,False,-1,
31545,2025-05-06 14:00:00,14,1,MARKUP,6,A+,3347.5401399999996,3320.1925945389335,3415.909003652665,27.347545461066147,5.974810922132399,0,1,1,1,1,1,False,-1,
31557,2025-05-06 17:00:00,17,1,MARKUP,6,A+,3351.7918,3319.7538465718103,3431.886683570474,32.03795342818967,6.852306856379373,0,1,1,1,1,1,False,-1,
31569,2025-05-06 20:00:00,20,1,MARKUP,6,A+,3374.31308,3346.9245802720757,3442.7843293198102,27.388499727924227,6.690839455848618,0,1,1,1,1,1,False,-1,
31664,2025-05-07 20:45:00,20,1,MARKUP,5,A,3380.25576,3366.436143634851,3414.804800912873,13.819616365149159,5.7277127302984665,0,0,1,1,1,1,True,31667,-1.0
31710,2025-05-08 09:15:00,9,-1,MARKDOWN,6,A+,3384.4874,3419.392917569311,3297.2236060767223,34.90551756931109,9.22583513862213,0,1,1,1,1,1,False,-1,
31725,2025-05-08 13:00:00,13,-1,MARKDOWN,5,A,3378.7039200000004,3418.970790567457,3278.0367435813596,40.26687056745641,8.381581134913118,0,1,0,1,1,1,False,-1,
31737,2025-05-08 16:00:00,16,-1,MARKDOWN,3,C,3378.7039200000004,3418.3756006324256,3279.5247184189375,39.67168063242525,7.19120126485066,0,0,0,0,1,1,False,-1,
31749,2025-05-08 19:00:00,19,-1,MARKDOWN,6,A+,3374.8801000000003,3419.946615007839,3262.213812480404,45.06651500783846,10.333230015676891,0,1,1,1,1,1,False,-1,
31845,2025-05-09 20:00:00,20,1,MARKUP,5,A,3303.88594,3273.665274745546,3379.4376031361353,30.22066525445416,6.449450508907914,0,1,0,1,1,1,True,31861,-1.0
31889,2025-05-12 08:00:00,8,-1,MARKDOWN,5,A,3313.68042,3351.0118196402686,3220.351920899329,37.3313996402685,6.903639280537767,0,0,1,1,1,1,False,-1,
31901,2025-05-12 11:00:00,11,-1,MARKDOWN,5,A,3297.37666,3352.9237883396827,3158.508839150793,55.547128339682786,10.727576679365622,0,1,0,1,1,1,False,-1,
31913,2025-05-12 14:00:00,14,-1,MARKDOWN,5,A,3287.2121,3340.999198461154,3152.744353847116,53.78709846115362,9.438396922307383,0,1,0,1,1,1,False,-1,
31925,2025-05-12 17:00:00,17,-1,MARKDOWN,4,B,3258.61106,3294.656059413986,3168.498561465036,36.044999413985806,9.31211882797238,0,0,1,0,1,1,False,-1,
31937,2025-05-12 20:00:00,20,-1,MARKDOWN,6,A+,3255.32948,3288.5100254054673,3172.3781164863312,33.180545405467456,7.640050810934435,0,1,1,1,1,1,False,-1,
32015,2025-05-13 16:30:00,16,-1,MARKDOWN,5,A,3246.66168,3269.0380864651866,3190.7206638370344,22.376406465186392,6.736172930372892,0,1,1,1,0,1,True,32019,0.8237757951017489
32073,2025-05-14 08:00:00,8,-1,MARKDOWN,6,A+,3244.01542,3260.598653127038,3202.557337182406,16.5832331270376,5.51730625407515,0,1,1,1,1,1,False,-1,
32085,2025-05-14 11:00:00,11,-1,MARKDOWN,4,B,3243.5519200000003,3260.1120348090235,3202.151632977442,16.560114809023162,6.044069618046555,0,0,1,0,1,1,False,-1,
32099,2025-05-14 14:30:00,14,-1,MARKDOWN,4,B,3243.5519200000003,3259.835641202749,3202.842616993129,16.28372120274844,5.491282405497535,0,1,1,0,0,1,False,-1,
32111,2025-05-14 17:30:00,17,-1,MARKDOWN,5,A,3225.04148,3260.2989122393215,3136.897899401696,35.25743223932159,8.737824478643436,0,1,0,1,1,1,False,-1,
32123,2025-05-14 20:30:00,20,-1,MARKDOWN,6,A+,3217.11146,3247.5083171240967,3141.1193171897585,30.39685712409664,7.336634248192793,0,1,1,1,1,1,False,-1,
32165,2025-05-15 08:00:00,8,-1,MARKDOWN,6,A+,3174.3695000000002,3201.4617415502235,3106.638896124442,27.092241550223207,6.243483100446175,0,1,1,1,1,1,True,32185,-1.0
32177,2025-05-15 11:00:00,11,-1,MARKDOWN,3,C,3165.1585800000003,3197.218340985599,3085.009177536004,32.05976098559859,9.256681971197402,0,0,0,0,1,1,True,32181,-1.0
32211,2025-05-15 19:30:00,19,1,MARKUP,6,A+,3159.7019800000003,3117.4163963282926,3265.415939179269,42.28558367170763,6.727207343415147,0,1,1,1,1,1,False,-1,
32283,2025-05-16 14:30:00,14,-1,MARKDOWN,5,A,3220.44906,3256.423982447735,3130.5117538806626,35.974922447735025,8.407964895470164,0,1,0,1,1,1,False,-1,
32295,2025-05-16 17:30:00,17,-1,MARKDOWN,6,A+,3210.04742,3249.459007969333,3111.5184500766672,39.41158796933314,9.91801593866574,0,1,1,1,1,1,False,-1,
32307,2025-05-16 20:30:00,20,-1,MARKDOWN,4,B,3201.8959999999997,3234.8803221627436,3119.4351945931403,32.984322162743865,7.140644325487607,0,0,0,1,1,1,True,32317,-1.0
32349,2025-05-19 08:00:00,8,1,MARKUP,5,A,3198.0101400000003,3162.303789637502,3287.2760159062454,35.70635036249814,7.412420724996489,0,0,1,1,1,1,False,-1,
32361,2025-05-19 11:00:00,11,1,MARKUP,5,A,3207.77454,3178.595190313769,3280.7229142155775,29.179349686231035,6.42961937246183,0,1,1,0,1,1,False,-1,
32373,2025-05-19 14:00:00,14,1,MARKUP,5,A,3213.47868,3188.0808960735994,3276.973139816002,25.397783926400734,5.9182078528006565,0,1,1,0,1,1,False,-1,
32385,2025-05-19 17:00:00,17,1,MARKUP,4,B,3223.1442,3202.92439724184,3273.693706895401,20.219802758160313,7.511205516320259,1,0,0,0,1,1,True,32386,0.871161085518886
32441,2025-05-20 08:00:00,8,-1,MARKDOWN,5,A,3227.53532,3244.0335334307815,3186.2897864230463,16.49821343078156,4.92706686156266,0,1,0,1,1,1,True,32455,-1.0
32453,2025-05-20 11:00:00,11,-1,MARKDOWN,5,A,3224.0127199999997,3238.6151641262777,3187.5066096843047,14.602444126277987,5.490328252555198,1,0,0,1,1,1,True,32455,-1.0
32465,2025-05-20 14:00:00,14,1,MARKUP,6,A+,3218.04338,3202.340261394228,3257.30117651443,15.703118605772033,4.979477211544034,0,1,1,1,1,1,False,-1,
32477,2025-05-20 17:00:00,17,1,MARKUP,6,A+,3234.0759199999998,3200.9017362717163,3317.0113793207083,33.174183728283424,7.856527456567385,0,1,1,1,1,1,False,-1,
32489,2025-05-20 20:00:00,20,1,MARKUP,6,A+,3235.772,3201.5165798452995,3321.4105503867513,34.25542015470046,6.626840309400505,0,1,1,1,1,1,False,-1,
32533,2025-05-21 08:00:00,8,1,MARKUP,4,B,3265.36866,3232.137136328233,3348.4474691794185,33.23152367176726,5.625727343534422,0,0,0,1,1,1,False,-1,
32545,2025-05-21 11:00:00,11,1,MARKUP,5,A,3292.6295400000004,3272.1890397397833,3343.730790650543,20.44050026021705,6.141920520433545,0,1,0,1,1,1,True,32562,0.7531819136475655
32557,2025-05-21 14:00:00,14,1,MARKUP,4,B,3298.98258,3282.674747863686,3339.752160340784,16.307832136313664,5.730504272627567,0,1,0,0,1,1,True,32562,1.0239981680002668
32573,2025-05-21 18:00:00,18,1,MARKUP,5,A,3298.98258,3281.891536988119,3341.7101875297026,17.091043011881084,7.296926023762186,0,1,1,0,1,1,False,-1,
32625,2025-05-22 08:00:00,8,1,MARKUP,5,A,3314.4782,3293.028644268135,3368.1020893296627,21.449555731865075,4.622711463730299,0,1,0,1,1,1,True,32639,-1.0
32663,2025-05-22 17:30:00,17,-1,MARKDOWN,5,A,3320.11722,3350.101603952729,3245.1562601181777,29.984383952728876,9.323207905458206,0,1,0,1,1,1,False,-1,
32675,2025-05-22 20:30:00,20,-1,MARKDOWN,5,A,3320.11722,3349.3031421696382,3247.152414575905,29.18592216963816,7.726284339276764,0,1,1,1,0,1,False,-1,
32722,2025-05-23 09:15:00,9,1,MARKUP,5,A,3300.17126,3278.7033222814766,3353.841104296309,21.467937718523444,5.553355437046402,0,1,0,1,1,1,False,-1,
32737,2025-05-23 13:00:00,13,1,MARKUP,5,A,3305.1947800000003,3284.6455220283206,3356.5679249291998,20.549257971679708,4.9689559433592745,0,1,0,1,1,1,False,-1,
32749,2025-05-23 16:00:00,16,1,MARKUP,5,A,3316.79612,3283.288532261097,3400.5650893472575,33.50758773890311,7.682935477806783,0,1,0,1,1,1,False,-1,
32761,2025-05-23 19:00:00,19,1,MARKUP,6,A+,3319.20014,3287.1533717876587,3399.3170605308533,32.04676821234125,7.733256424682485,0,1,1,1,1,1,False,-1,
32838,2025-05-26 15:15:00,15,-1,MARKDOWN,6,A+,3347.06748,3363.591478447025,3305.7574838824376,16.52399844702495,4.122956894049719,0,1,1,1,1,1,False,-1,
32850,2025-05-26 18:15:00,18,-1,MARKDOWN,3,C,3344.1072599999998,3358.715489802342,3307.5866854941446,14.608229802342066,3.950979604684414,0,0,0,0,1,1,True,32864,1.75
32894,2025-05-27 08:30:00,8,-1,MARKDOWN,5,A,3340.038,3351.92832704481,3310.312182387975,11.890327044809965,3.9166540896200384,0,1,1,1,0,1,False,-1,
32906,2025-05-27 11:30:00,11,-1,MARKDOWN,6,A+,3328.05848,3353.6483745908004,3264.0837435229996,25.589894590800213,7.3567491816010335,0,1,1,1,1,1,False,-1,
32918,2025-05-27 14:30:00,14,-1,MARKDOWN,5,A,3326.33184,3353.139791926292,3259.311960184269,26.80795192629239,6.339583852585263,0,1,0,1,1,1,False,-1,
32930,2025-05-27 17:30:00,17,-1,MARKDOWN,3,C,3324.99102,3353.288754252559,3254.246684368602,28.297734252559167,6.637508505118309,0,0,0,0,1,1,False,-1,
32942,2025-05-27 20:30:00,20,-1,MARKDOWN,2,C,3323.33478,3349.745196195252,3257.3087395118705,26.410416195251855,4.9103923905044375,0,0,0,0,0,1,False,-1,
33006,2025-05-28 13:30:00,13,1,MARKUP,5,A,3304.56362,3289.26767339357,3342.8034865160744,15.29594660642988,4.684653212860408,0,1,0,1,1,1,True,33018,-1.0
33018,2025-05-28 16:30:00,16,-1,MARKDOWN,6,A+,3312.56638,3328.3103952517113,3273.2063418707226,15.744015251711062,5.580790503422122,0,1,1,1,1,1,False,-1,
33030,2025-05-28 19:30:00,19,-1,MARKDOWN,5,A,3312.26078,3328.203179326393,3272.4047816840175,15.942399326393115,5.366358652786814,0,1,1,0,1,1,False,-1,
33076,2025-05-29 08:00:00,8,-1,MARKDOWN,4,B,3285.84978,3313.985304090411,3215.5109697739726,28.135524090410854,6.450608180821702,0,0,1,1,0,1,True,33087,-1.0
33110,2025-05-29 16:30:00,16,1,MARKUP,5,A,3274.72334,3242.3516226379834,3355.6526334050413,32.371717362016625,6.396754724033351,0,1,0,1,1,1,False,-1,
33122,2025-05-29 19:30:00,19,1,MARKUP,5,A,3282.28856,3248.9486372613005,3365.638366846749,33.33992273869944,6.262725477399113,0,1,0,1,1,1,False,-1,
33179,2025-05-30 10:45:00,10,-1,MARKDOWN,5,A,3314.4857,3334.228439237012,3265.1288519074706,19.742739237011847,6.13687847402404,0,1,1,0,1,1,False,-1,
33191,2025-05-30 13:45:00,13,-1,MARKDOWN,5,A,3309.2327,3325.1524677919297,3269.4332805201757,15.919767791929644,4.984935583859838,0,1,1,0,1,1,False,-1,
33203,2025-05-30 16:45:00,16,-1,MARKDOWN,5,A,3304.56848,3326.4223743039265,3249.9337442401834,21.85389430392661,7.5247486078531916,0,1,1,1,0,1,False,-1,
33215,2025-05-30 19:45:00,19,-1,MARKDOWN,5,A,3296.5862,3315.938815434417,3248.204661413958,19.352615434416748,7.4576308688339505,1,0,0,1,1,1,True,33232,-1.0
33260,2025-06-02 08:00:00,8,1,MARKUP,6,A+,3289.77206,3269.1146401160963,3341.4156097097584,20.657419883903458,4.390719767806933,0,1,1,1,1,1,False,-1,
33272,2025-06-02 11:00:00,11,1,MARKUP,5,A,3312.68764,3281.182061699066,3391.4515857523356,31.505578300934303,5.69587660186842,0,1,0,1,1,1,False,-1,
33284,2025-06-02 14:00:00,14,1,MARKUP,6,A+,3315.5798800000002,3286.227348955334,3388.9612076116655,29.352531044666193,4.965302089332122,0,1,1,1,1,1,False,-1,
33296,2025-06-02 17:00:00,17,1,MARKUP,6,A+,3330.11528,3298.141734135096,3410.0491446622596,31.973545864903826,6.6165317298070985,0,1,1,1,1,1,False,-1,
33308,2025-06-02 20:00:00,20,1,MARKUP,6,A+,3332.3720000000003,3300.527717581968,3411.9827060450816,31.844282418032435,5.6245648360644305,0,1,1,1,1,1,False,-1,
33397,2025-06-03 19:15:00,19,-1,MARKDOWN,5,A,3360.8691,3380.7738576223815,3311.1072059440457,19.904757622381567,5.467715244763439,0,0,1,1,1,1,True,33421,-1.0
33444,2025-06-04 08:00:00,8,1,MARKUP,4,B,3348.1904600000003,3330.848346236396,3391.5457444090107,17.342113763604175,4.48330752720847,0,0,0,1,1,1,True,33446,1.1948866015555493
33458,2025-06-04 11:30:00,11,1,MARKUP,4,B,3355.32218,3342.1918292950054,3388.1480567624867,13.130350704994726,4.876341409989165,0,0,1,0,1,1,True,33466,1.1462083677439825
33470,2025-06-04 14:30:00,14,-1,MARKDOWN,4,B,3361.60312,3375.078914891572,3327.913632771071,13.475794891571695,4.917829783144186,0,1,0,1,0,1,True,33476,-1.0
33482,2025-06-04 17:30:00,17,1,MARKUP,6,A+,3359.3961600000002,3340.2806883313206,3407.1848391716994,19.115471668679675,6.998623337358925,0,1,1,1,1,1,False,-1,
33494,2025-06-04 20:30:00,20,1,MARKUP,6,A+,3359.3961600000002,3341.150832632761,3405.009478418098,18.245327367239042,5.258334734477673,0,1,1,1,1,1,False,-1,
33556,2025-06-05 13:00:00,13,1,MARKUP,6,A+,3373.72814,3358.788734089745,3411.076654775638,14.939405910255118,4.842531820509735,0,1,1,1,1,1,True,33568,-1.0
33568,2025-06-05 16:00:00,16,1,MARKUP,5,A,3377.37242,3357.7799960230464,3426.3534799423846,19.592423976953796,6.860007953907364,1,0,0,1,1,1,True,33571,-1.0
33584,2025-06-05 20:00:00,20,-1,MARKDOWN,5,A,3379.08346,3407.487047083538,3308.0744922911545,28.40358708353824,7.934094167075833,0,1,0,1,1,1,False,-1,
33639,2025-06-06 10:45:00,10,-1,MARKDOWN,7,A+,3361.9640600000002,3377.873242878536,3322.1911028036607,15.90918287853583,4.566485757071929,1,1,1,1,1,1,True,33640,1.75
33651,2025-06-06 13:45:00,13,-1,MARKDOWN,5,A,3366.5557,3377.697192212202,3338.7019694694945,11.141492212202138,4.214384424403865,0,1,0,1,1,1,False,-1,
33663,2025-06-06 16:45:00,16,-1,MARKDOWN,6,A+,3362.9534400000002,3379.0498093595643,3322.71251660109,16.09636935956405,6.919618719128205,0,1,1,1,1,1,False,-1,
33675,2025-06-06 19:45:00,19,-1,MARKDOWN,6,A+,3353.0290800000002,3379.2329068090385,3287.5195129774047,26.20382680903822,7.285813618077058,0,1,1,1,1,1,False,-1,
33720,2025-06-09 08:00:00,8,-1,MARKDOWN,5,A,3335.13096,3363.410870962482,3264.431182593795,28.279910962482063,4.821741924964249,0,0,1,1,1,1,False,-1,
33812,2025-06-10 08:00:00,8,-1,MARKDOWN,4,B,3324.3643,3340.4106530421627,3284.248417394594,16.046353042162536,4.32130608432547,0,1,0,0,1,1,True,33817,-1.0
33834,2025-06-10 13:30:00,13,1,MARKUP,6,A+,3314.73902,3299.8638416534473,3351.9269658663816,14.87517834655273,4.072316693105489,0,1,1,1,1,1,False,-1,
33846,2025-06-10 16:30:00,16,1,MARKUP,6,A+,3319.44526,3299.390844621699,3369.5812984457516,20.054415378300746,5.018310756601832,0,1,1,1,1,1,False,-1,
33904,2025-06-11 08:00:00,8,1,MARKUP,4,B,3328.3795800000003,3313.5866675362645,3365.3618611593397,14.792912463735775,3.846664927471883,0,1,0,0,1,1,True,33928,1.0648525249170762
33916,2025-06-11 11:00:00,11,1,MARKUP,6,A+,3328.1351,3313.380823492092,3365.0207912697697,14.754276507907889,4.258353015816025,0,1,1,1,1,1,True,33928,1.0746167188526377
33932,2025-06-11 15:00:00,15,1,MARKUP,4,B,3328.1351,3313.1580705143183,3365.577673714204,14.977029485681669,4.703858971363684,0,0,1,1,0,1,True,33939,1.75
33944,2025-06-11 18:00:00,18,1,MARKUP,6,A+,3339.37518,3322.7760946126205,3380.8728934684486,16.599085387379546,6.847810774758678,1,0,1,1,1,1,True,33945,-1.0
33996,2025-06-12 08:00:00,8,1,MARKUP,3,C,3341.7340799999997,3317.1750809471882,3403.1315776320284,24.558999052811487,4.469838105623077,0,1,0,0,0,1,True,34006,0.5
34017,2025-06-12 13:15:00,13,1,MARKUP,6,A+,3354.35952,3335.2857808024237,3402.0438679939407,19.073739197576288,6.548438395152634,0,1,1,1,1,1,False,-1,
34029,2025-06-12 16:15:00,16,1,MARKUP,5,A,3359.68842,3335.0916401729028,3421.1803695677427,24.59677982709718,6.936719654194675,0,1,0,1,1,1,False,-1,
34041,2025-06-12 19:15:00,19,1,MARKUP,5,A,3361.62516,3335.007859354463,3428.168411613842,26.617300645536943,7.104281291073254,0,1,1,0,1,1,False,-1,
34088,2025-06-13 08:00:00,8,1,MARKUP,4,B,3403.32322,3374.406104757439,3475.6160081064027,28.917115242561067,6.867790485121737,0,1,0,1,0,1,False,-1,
34100,2025-06-13 11:00:00,11,1,MARKUP,4,B,3403.52716,3374.6977667951555,3475.6006430121115,28.829393204844564,6.94446640968928,0,0,1,0,1,1,False,-1,
34115,2025-06-13 14:45:00,14,1,MARKUP,5,A,3404.54068,3376.8324322824546,3473.8112992938636,27.70824771754542,5.9551354350901615,0,1,1,0,1,1,False,-1,
34127,2025-06-13 17:45:00,17,1,MARKUP,2,C,3412.79708,3388.0288471169015,3474.717662207746,24.768232883098335,7.56230576619648,0,0,0,0,0,1,False,-1,
34139,2025-06-13 20:45:00,20,1,MARKUP,2,C,3422.77778,3404.9720253231903,3467.292166692024,17.805754676809556,5.9759493536195025,0,0,0,0,0,1,False,-1,
34207,2025-06-16 14:45:00,14,-1,MARKDOWN,6,A+,3435.26734,3453.637042943986,3389.343082640034,18.36970294398634,4.934085887971971,0,1,1,1,1,1,False,-1,
34219,2025-06-16 17:45:00,17,-1,MARKDOWN,5,A,3425.09996,3454.885017417281,3350.637316456798,29.78505741728077,7.450034834562209,0,1,0,1,1,1,False,-1,
34231,2025-06-16 20:45:00,20,-1,MARKDOWN,6,A+,3418.0053199999998,3442.3320995637328,3357.1883710906673,24.326779563732998,5.30419912746589,0,1,1,1,1,1,False,-1,
34276,2025-06-17 09:00:00,9,-1,MARKDOWN,6,A+,3393.57678,3408.140836849525,3357.1666378761875,14.564056849525059,4.901673699049573,1,0,1,1,1,1,True,34293,0.7687974482589686
34300,2025-06-17 15:00:00,15,-1,MARKDOWN,6,A+,3392.10594,3405.9849079430037,3357.4085201424905,13.878967943003772,5.349815886007185,0,1,1,1,1,1,True,34304,0.7290776468760123
34312,2025-06-17 18:00:00,18,-1,MARKDOWN,5,A,3389.12252,3406.794480841329,3344.942617896677,17.67196084132911,6.968961682658501,1,0,0,1,1,1,True,34321,0.6753432788262426
34369,2025-06-18 09:15:00,9,-1,MARKDOWN,5,A,3387.05222,3402.051100933681,3349.5550176657975,14.998880933680994,4.182201867361587,0,1,1,1,0,1,True,34376,0.9193723948340065
34384,2025-06-18 13:00:00,13,-1,MARKDOWN,6,A+,3388.77886,3401.927526876203,3355.907192809492,13.148666876203151,3.9350537524062403,0,1,1,1,1,1,True,34394,0.5
34400,2025-06-18 17:00:00,17,-1,MARKDOWN,5,A,3388.77886,3402.3672249042506,3354.807947739373,13.588364904250739,4.814449808501153,0,1,1,0,1,1,True,34403,1.0264383660134189
34456,2025-06-19 08:00:00,8,-1,MARKDOWN,4,B,3383.7441400000002,3398.8472228710457,3345.9864328223866,15.103082871045444,4.054445742091223,0,1,1,0,0,1,False,-1,
34468,2025-06-19 11:00:00,11,-1,MARKDOWN,5,A,3377.38468,3398.7938967276905,3323.861638180774,21.409216727690364,5.947793455380545,0,1,1,1,0,1,True,34477,1.0475178227465012
34480,2025-06-19 14:00:00,14,-1,MARKDOWN,6,A+,3372.5210199999997,3390.475212260456,3327.6355393488593,17.95419226045624,5.050424520911792,1,0,1,1,1,1,True,34481,1.0174333434043725
34506,2025-06-19 20:30:00,20,-1,MARKDOWN,6,A+,3366.9961000000003,3381.3239900502413,3331.176374874398,14.327890050240967,4.6279801004824375,1,1,1,0,1,1,True,34507,0.9555896022766666
34538,2025-06-20 08:00:00,8,-1,MARKDOWN,6,A+,3365.5042399999998,3380.491179034971,3328.0368924125714,14.986939034971329,4.242358069942267,0,1,1,1,1,1,False,-1,
34550,2025-06-20 11:00:00,11,-1,MARKDOWN,4,B,3361.99764,3377.8100482259174,3322.4666194352067,15.812408225917352,4.900096451834824,0,1,0,0,1,1,True,34572,-1.0
34562,2025-06-20 14:00:00,14,-1,MARKDOWN,4,B,3361.99764,3377.2706425329197,3323.815133667701,15.27300253291969,3.8212850658393807,0,0,1,0,1,1,True,34572,-1.0
34630,2025-06-23 08:00:00,8,-1,MARKDOWN,5,A,3379.50588,3399.592981413649,3329.288126465878,20.087101413648725,4.525962827297727,0,1,0,1,1,1,False,-1,
34642,2025-06-23 11:00:00,11,-1,MARKDOWN,4,B,3378.12304,3399.7148804829258,3324.1434387926856,21.591840482925818,4.769760965851298,0,0,0,1,1,1,True,34655,0.7286942457435516
34655,2025-06-23 14:15:00,14,1,MARKUP,6,A+,3366.25696,3344.8292563801238,3419.826219049691,21.42770361987641,4.441487239752918,0,1,1,1,1,1,True,34659,0.6160029368167574
34667,2025-06-23 17:15:00,17,1,MARKUP,5,A,3362.6279600000003,3343.533868900699,3410.3631877482535,19.094091099301295,7.032262198602329,0,1,0,1,1,1,False,-1,
34679,2025-06-23 20:15:00,20,1,MARKUP,4,B,3364.7862600000003,3343.740453847824,3417.400775380441,21.045806152176283,6.619092304352629,0,1,0,1,0,1,True,34694,-1.0
34722,2025-06-24 08:00:00,8,-1,MARKDOWN,5,A,3370.46068,3395.9052703246393,3306.849204188402,25.444590324639194,4.850540649279014,0,1,1,0,1,1,False,-1,
34734,2025-06-24 11:00:00,11,-1,MARKDOWN,4,B,3363.9132,3396.6261134310203,3282.1309164224494,32.7129134310203,6.29222686204042,0,1,0,1,0,1,False,-1,
34746,2025-06-24 14:00:00,14,-1,MARKDOWN,5,A,3356.9174399999997,3384.633613509242,3287.627006226894,27.716173509242253,4.947227018484382,0,1,1,0,1,1,False,-1,
34758,2025-06-24 17:00:00,17,-1,MARKDOWN,5,A,3334.005,3361.516213530125,3265.2269661746886,27.511213530124678,7.272427060249456,0,1,0,1,1,1,False,-1,
34770,2025-06-24 20:00:00,20,-1,MARKDOWN,4,B,3334.005,3360.8466143207115,3266.9009641982216,26.841614320711415,5.933228641423238,0,0,0,1,1,1,False,-1,
34841,2025-06-25 14:45:00,14,-1,MARKDOWN,6,A+,3330.91756,3339.043705523117,3310.6021961922074,8.126145523116975,3.7074110462339736,0,1,1,1,1,1,True,34860,-1.0
34853,2025-06-25 17:45:00,17,-1,MARKDOWN,4,B,3327.5521400000002,3339.525387992575,3297.619020018564,11.97324799257467,4.67077598514939,0,0,0,1,1,1,True,34858,-1.0
34906,2025-06-26 08:00:00,8,1,MARKUP,3,C,3323.91278,3310.456950614177,3357.552353464558,13.455829385823108,3.0060987716461787,0,0,0,1,0,1,False,-1,
34918,2025-06-26 11:00:00,11,1,MARKUP,6,A+,3333.40118,3323.1397880130194,3359.054659967451,10.26139198698047,3.340423973961526,0,1,1,1,1,1,True,34932,0.6545852850542264
34930,2025-06-26 14:00:00,14,1,MARKUP,6,A+,3337.332,3327.6251135219313,3361.5992161951713,9.706886478068554,3.369772956137258,0,1,1,1,1,1,True,34932,-1.0
34944,2025-06-26 17:30:00,17,-1,MARKDOWN,5,A,3334.87338,3353.6990379066665,3287.8092352333338,18.825657906666493,6.778075813333091,0,1,0,1,1,1,True,34955,0.8854290347369969
34956,2025-06-26 20:30:00,20,-1,MARKDOWN,5,A,3334.87338,3352.6479779476726,3290.436885130818,17.774597947672646,4.675955895345744,1,0,0,1,1,1,True,34957,0.9082204940227889
34998,2025-06-27 08:00:00,8,-1,MARKDOWN,6,A+,3318.44252,3338.7170936388784,3267.7560859028044,20.274573638878337,4.534187277756857,0,1,1,1,1,1,False,-1,
35010,2025-06-27 11:00:00,11,-1,MARKDOWN,6,A+,3315.8181799999998,3339.1539167480864,3257.478838129783,23.335736748086674,5.407833496173448,0,1,1,1,1,1,False,-1,
35022,2025-06-27 14:00:00,14,-1,MARKDOWN,5,A,3312.2176999999997,3334.9368126163954,3255.4199184590107,22.719112616395705,5.213625232791351,0,1,1,0,1,1,False,-1,
35034,2025-06-27 17:00:00,17,-1,MARKDOWN,5,A,3297.6586,3326.999186097083,3224.307134757293,29.340586097082905,6.958372194165943,0,1,0,1,1,1,False,-1,
35046,2025-06-27 20:00:00,20,-1,MARKDOWN,4,B,3295.4152599999998,3322.8015992782302,3226.9494118044236,27.38633927823048,5.823198556460961,0,0,0,1,1,1,False,-1,
35137,2025-06-30 19:45:00,19,1,MARKUP,6,A+,3282.83194,3271.5546367638476,3311.0251980903813,11.27730323615242,4.4707264723049125,0,1,1,1,1,1,False,-1,
35182,2025-07-01 08:00:00,8,1,MARKUP,5,A,3297.33594,3276.3724699260238,3349.7446151849404,20.96347007397617,3.2150601479522605,0,1,1,1,0,1,False,-1,
35194,2025-07-01 11:00:00,11,1,MARKUP,5,A,3311.17494,3290.0863202606834,3363.896489348291,21.088619739316528,3.847359478634108,0,1,0,1,1,1,False,-1,
35206,2025-07-01 14:00:00,14,1,MARKUP,6,A+,3321.41528,3300.551426728629,3373.5749131784282,20.863853271371227,3.4971465427423043,0,1,1,1,1,1,False,-1,
35218,2025-07-01 17:00:00,17,1,MARKUP,6,A+,3327.50698,3306.2119803466558,3380.744479133361,21.294999653344348,4.856039306688596,0,1,1,1,1,1,False,-1,
35230,2025-07-01 20:00:00,20,1,MARKUP,3,C,3331.12228,3312.249563587025,3378.3040710324376,18.872716412975024,4.48087282594923,0,0,0,0,1,1,False,-1,
35294,2025-07-02 13:00:00,13,1,MARKUP,6,A+,3334.2500600000003,3325.840306731586,3355.2744431710353,8.409753268414079,3.579386536827702,0,1,1,1,1,1,True,35311,1.75
35306,2025-07-02 16:00:00,16,1,MARKUP,5,A,3336.64902,3325.4703486562926,3364.5956983592678,11.178671343707265,4.319302687414908,0,1,0,1,1,1,True,35309,1.75
35318,2025-07-02 19:00:00,19,1,MARKUP,5,A,3336.64902,3325.3600992689753,3364.871321827561,11.288920731024518,4.539801462049844,0,1,1,0,1,1,False,-1,
35369,2025-07-03 08:45:00,8,1,MARKUP,5,A,3346.13086,3332.473856579635,3380.273368550913,13.657003420365072,3.072286840729967,0,1,1,0,1,1,True,35384,-1.0
35381,2025-07-03 11:45:00,11,1,MARKUP,6,A+,3351.05632,3340.2267937623137,3378.130135594216,10.829526237686423,3.5064124753727466,0,1,1,1,1,1,True,35383,-1.0
35400,2025-07-03 16:30:00,16,-1,MARKDOWN,4,B,3343.8478,3367.245546575225,3285.3534335619374,23.397746575225028,6.991093150449917,0,0,0,1,1,1,False,-1,
35412,2025-07-03 19:30:00,19,-1,MARKDOWN,5,A,3343.8478,3366.490366309217,3287.241384226958,22.642566309216818,5.480732618433362,0,1,0,1,1,1,False,-1,
35488,2025-07-04 15:30:00,15,-1,MARKDOWN,5,A,3336.91464,3346.704715379176,3312.43945155206,9.79007537917596,3.169430758352485,0,1,1,1,0,1,True,35492,1.75
35500,2025-07-04 18:30:00,18,-1,MARKDOWN,3,C,3337.88492,3346.5909061148604,3316.119954712849,8.70598611486048,2.9418122297210276,0,1,0,0,0,1,True,35506,1.75
35534,2025-07-07 08:00:00,8,-1,MARKDOWN,5,A,3328.46208,3345.065667400287,3286.9531114992815,16.603587400287324,4.511334800574431,0,1,0,1,1,1,False,-1,
35546,2025-07-07 11:00:00,11,-1,MARKDOWN,5,A,3326.70488,3345.206528247989,3280.450759380027,18.501648247989124,4.7930564959778685,0,1,0,1,1,1,False,-1,
35558,2025-07-07 14:00:00,14,-1,MARKDOWN,5,A,3325.05082,3345.239371832706,3274.5794404182343,20.188551832706253,4.858743665412245,0,1,0,1,1,1,True,35579,-1.0
35634,2025-07-08 10:00:00,10,1,MARKUP,6,A+,3328.26082,3315.7557633296074,3359.5234616759817,12.505056670392605,3.2284733407851527,0,1,1,1,1,1,True,35638,-1.0
35661,2025-07-08 16:45:00,16,-1,MARKDOWN,5,A,3330.48484,3342.5356276956186,3300.357870760954,12.05078769561851,4.711255391237941,0,1,1,0,1,1,False,-1,
35673,2025-07-08 19:45:00,19,-1,MARKDOWN,5,A,3319.5041,3342.2360574661516,3262.6742063346214,22.73195746615147,5.392114932303358,0,1,0,1,1,1,False,-1,
35718,2025-07-09 08:00:00,8,-1,MARKDOWN,5,A,3310.90128,3328.9243181137076,3265.843684715731,18.02303811370757,3.988636227415647,0,1,0,1,1,1,False,-1,
35730,2025-07-09 11:00:00,11,-1,MARKDOWN,5,A,3300.6919199999998,3312.5571005447337,3271.0289686381648,11.865180544733903,4.29420108946793,0,1,1,0,1,1,True,35753,-1.0
35742,2025-07-09 14:00:00,14,-1,MARKDOWN,5,A,3298.36832,3309.885626946108,3269.57505263473,11.517306946107965,3.7512538922159093,0,0,1,1,1,1,True,35750,-1.0
35810,2025-07-10 08:00:00,8,1,MARKUP,6,A+,3305.06698,3290.433642351856,3341.65032412036,14.633337648143879,2.9927152962873516,0,1,1,1,1,1,False,-1,
35822,2025-07-10 11:00:00,11,1,MARKUP,4,B,3316.27952,3306.5492038795464,3340.605310301134,9.730316120453608,3.1415922409067774,0,0,0,1,1,1,True,35845,1.2753929189965034
35834,2025-07-10 14:00:00,14,1,MARKUP,5,A,3318.7125,3309.8624941746793,3340.8375145633017,8.85000582532075,3.3750116506412597,0,1,1,1,0,1,True,35837,0.6515224511575917
35902,2025-07-11 08:00:00,8,1,MARKUP,5,A,3320.0667200000003,3308.6756438220164,3348.54441044496,11.391076177983905,2.948712355967921,0,1,1,1,0,1,False,-1,
35914,2025-07-11 11:00:00,11,1,MARKUP,6,A+,3324.3185,3310.2713809138813,3359.436297715296,14.047119086118528,3.8372381722377518,0,1,1,1,1,1,False,-1,
35926,2025-07-11 14:00:00,14,1,MARKUP,5,A,3332.0206399999997,3319.958926782921,3362.1749230426967,12.061713217078704,3.8621464341577956,0,1,0,1,1,1,False,-1,
35938,2025-07-11 17:00:00,17,1,MARKUP,5,A,3336.9710999999998,3320.6745935211497,3377.7123661971245,16.296506478850006,5.050812957700347,0,1,0,1,1,1,False,-1,
35950,2025-07-11 20:00:00,20,1,MARKUP,3,C,3344.5235000000002,3327.208247162117,3387.8116320947083,17.315252837883236,4.6435056757665025,0,0,0,1,0,1,False,-1,
36001,2025-07-14 09:45:00,9,1,MARKUP,6,A+,3358.7421400000003,3347.271657216319,3387.4183469592035,11.470482783681291,4.016685567362592,0,1,1,1,1,1,True,36023,-1.0
36014,2025-07-14 13:00:00,13,1,MARKUP,6,A+,3361.72244,3351.514019045253,3387.2434923868677,10.208420954746998,4.051961909493966,0,1,1,1,1,1,True,36022,-1.0
36088,2025-07-15 08:30:00,8,1,MARKUP,6,A+,3350.15272,3339.694129990853,3376.2991950228675,10.458590009146974,2.6117400182934416,0,1,1,1,1,1,False,-1,
36100,2025-07-15 11:30:00,11,1,MARKUP,5,A,3350.55698,3339.5228741315923,3378.1422446710185,11.03410586840755,3.4342517368147782,0,1,0,1,1,1,True,36115,-1.0
36112,2025-07-15 14:30:00,14,1,MARKUP,3,C,3350.85876,3339.5865512725813,3379.039281818547,11.272208727418729,3.3068974548368595,0,0,0,1,0,1,True,36115,-1.0
36124,2025-07-15 17:30:00,17,-1,MARKDOWN,4,B,3354.1807200000003,3369.2144596400735,3316.596370899817,15.033739640073236,5.5889192801465635,0,1,0,1,0,1,False,-1,
36136,2025-07-15 20:30:00,20,-1,MARKDOWN,5,A,3348.79452,3369.037061086671,3298.1881672833215,20.24254108667128,5.234122173341928,0,1,1,1,0,1,False,-1,
36212,2025-07-16 16:30:00,16,-1,MARKDOWN,6,A+,3336.1631,3344.944323359846,3314.210041600386,8.781223359845626,3.84864671969161,0,1,1,1,1,1,True,36217,0.5
36224,2025-07-16 19:30:00,19,1,MARKUP,4,B,3341.7825199999997,3314.7670721263084,3409.321139684228,27.0154478736913,9.82585574738307,0,1,0,1,0,1,False,-1,
36275,2025-07-17 09:15:00,9,-1,MARKDOWN,5,A,3355.43748,3379.3743341816403,3295.5953445458995,23.93685418164023,3.668668363280306,0,1,1,0,1,1,False,-1,
36290,2025-07-17 13:00:00,13,-1,MARKDOWN,6,A+,3344.51746,3358.521372639782,3309.507678400545,14.003912639781902,3.5827452795641475,0,1,1,1,1,1,False,-1,
36302,2025-07-17 16:00:00,16,-1,MARKDOWN,5,A,3336.0193799999997,3354.591110585227,3289.590053536932,18.571730585227215,4.742221170453968,0,1,0,1,1,1,True,36310,-1.0
36362,2025-07-18 08:00:00,8,1,MARKUP,6,A+,3325.38628,3312.374575390553,3357.9155415236173,13.011704609446952,2.690849218893542,0,1,1,1,1,1,False,-1,
36374,2025-07-18 11:00:00,11,1,MARKUP,5,A,3338.9152,3330.2075924845267,3360.684218788683,8.707607515473228,3.2048150309468575,0,1,0,1,1,1,False,-1,
36386,2025-07-18 14:00:00,14,1,MARKUP,6,A+,3340.63802,3330.265646819728,3366.56895295068,10.372373180272007,3.0887063605437484,0,1,1,1,1,1,False,-1,
36398,2025-07-18 17:00:00,17,1,MARKUP,5,A,3343.05226,3329.9771355309667,3375.740071172583,13.075124469033199,3.6657289380665854,0,1,0,1,1,1,False,-1,
36410,2025-07-18 20:00:00,20,1,MARKUP,3,C,3343.05226,3330.1358142264635,3375.343374433841,12.916445773536452,3.3483715470731523,0,0,0,0,1,1,False,-1,
36454,2025-07-21 08:00:00,8,1,MARKUP,6,A+,3351.85016,3343.5712011557116,3372.547557110721,8.278958844288354,2.897597688576573,0,1,1,1,1,1,False,-1,
36466,2025-07-21 11:00:00,11,1,MARKUP,5,A,3354.8374,3343.4916767473796,3383.2017081315507,11.345723252620246,3.0566465052403884,0,1,0,1,1,1,False,-1,
36478,2025-07-21 14:00:00,14,1,MARKUP,6,A+,3354.8374,3343.625486328451,3382.867184178872,11.2119136715487,2.789027343097926,0,1,1,1,1,1,False,-1,
36490,2025-07-21 17:00:00,17,1,MARKUP,6,A+,3364.50596,3343.3093973472874,3417.4973666317815,21.1965626527126,4.3612053054246225,0,1,1,1,1,1,False,-1,
36502,2025-07-21 20:00:00,20,1,MARKUP,4,B,3370.10324,3348.7999499021244,3423.3614652446886,21.30329009787556,3.780100195751225,0,1,0,1,0,1,False,-1,
36574,2025-07-22 15:00:00,15,1,MARKUP,6,A+,3390.70676,3382.103765072313,3412.214247319218,8.602994927687178,2.5524698553741727,0,1,1,1,1,1,False,-1,
36586,2025-07-22 18:00:00,18,1,MARKUP,6,A+,3401.42568,3380.6724988855935,3453.3086327860156,20.75318111440629,5.415002228813218,0,1,1,1,1,1,False,-1,
36684,2025-07-23 19:30:00,19,-1,MARKDOWN,5,A,3413.9196,3437.0400715250985,3356.118421187254,23.12047152509831,6.360143050196473,0,1,0,1,1,1,False,-1,
36730,2025-07-24 08:00:00,8,-1,MARKDOWN,6,A+,3402.6268600000003,3421.837647402309,3354.599891494229,19.210787402308597,3.8352948046180297,0,1,1,1,1,1,False,-1,
36742,2025-07-24 11:00:00,11,-1,MARKDOWN,6,A+,3384.47888,3398.3169861235756,3349.8836146910617,13.838106123575471,4.6339722471513545,0,1,1,1,1,1,False,-1,
36754,2025-07-24 14:00:00,14,-1,MARKDOWN,5,A,3382.31366,3396.7740677929737,3346.162640517565,14.46040779297391,3.8081355859475035,0,1,0,1,1,1,False,-1,
36766,2025-07-24 17:00:00,17,-1,MARKDOWN,4,B,3377.3451,3396.0712597004767,3330.529700748808,18.726159700476728,5.402519400954056,0,0,0,1,1,1,True,36768,1.3781417838777155
36778,2025-07-24 20:00:00,20,-1,MARKDOWN,4,B,3374.6382599999997,3391.1719909360745,3333.3039326598127,16.53373093607479,4.363981872149203,0,0,1,0,1,1,False,-1,
36822,2025-07-25 08:00:00,8,-1,MARKDOWN,5,A,3368.93196,3378.887037500781,3344.0442662480473,9.955077500781044,2.934075001561702,0,1,0,1,1,1,False,-1,
36834,2025-07-25 11:00:00,11,-1,MARKDOWN,5,A,3365.53676,3375.060392038252,3341.7276799043702,9.52363203825189,3.1407840765039183,0,1,0,1,1,1,False,-1,
36846,2025-07-25 14:00:00,14,-1,MARKDOWN,6,A+,3361.10174,3375.1738315220323,3325.9215111949197,14.072091522032224,3.3676630440652797,0,1,1,1,1,1,False,-1,
36858,2025-07-25 17:00:00,17,-1,MARKDOWN,4,B,3359.21848,3375.6544703911527,3318.1285040221182,16.4359903911527,4.328940782306265,0,1,0,0,1,1,False,-1,
36870,2025-07-25 20:00:00,20,-1,MARKDOWN,3,C,3350.77824,3368.923561300377,3305.4149367490577,18.145321300376963,4.447122600754223,0,1,0,0,0,1,False,-1,
36943,2025-07-28 15:15:00,15,-1,MARKDOWN,5,A,3335.4127200000003,3347.1179414495346,3306.1496663761645,11.705221449534292,3.5158828990684152,0,1,1,0,1,1,False,-1,
36955,2025-07-28 18:15:00,18,-1,MARKDOWN,5,A,3328.72008,3348.178266288674,3280.0746142783155,19.458186288673915,5.63653257734737,0,1,0,1,1,1,False,-1,
37098,2025-07-30 08:00:00,8,1,MARKUP,4,B,3320.45894,3310.489723585094,3345.381981037265,9.969216414905986,3.0005528298119377,0,0,0,1,1,1,False,-1,
37110,2025-07-30 11:00:00,11,1,MARKUP,5,A,3325.73522,3319.1431748468385,3342.2153328829036,6.592045153161507,3.4736503063235284,0,1,1,0,1,1,True,37122,-1.0
37123,2025-07-30 14:15:00,14,1,MARKUP,4,B,3326.5113,3320.240603767893,3342.188040580268,6.270696232107184,3.2587924642136685,0,0,1,0,1,1,True,37124,-1.0
37135,2025-07-30 17:15:00,17,-1,MARKDOWN,5,A,3320.4208,3336.7273793916675,3279.654351520831,16.306579391667583,5.414758783334761,0,1,0,1,1,1,False,-1,
37147,2025-07-30 20:15:00,20,-1,MARKDOWN,5,A,3316.68866,3336.3067674338745,3267.643391415313,19.618107433874684,4.573534867749176,0,1,0,1,1,1,False,-1,
37233,2025-07-31 19:00:00,19,-1,MARKDOWN,6,A+,3303.5983,3317.2104776254446,3269.5678559363887,13.612177625444474,4.800955250889417,0,1,1,1,1,1,False,-1,
37281,2025-08-01 08:00:00,8,-1,MARKDOWN,2,C,3299.38132,3312.1504194909435,3267.458571272641,12.769099490943518,3.580838981886874,0,0,0,0,0,1,True,37284,0.7827691056480888
37293,2025-08-01 11:00:00,11,-1,MARKDOWN,5,A,3293.2569399999998,3302.24259004958,3270.7928148760493,8.985650049580272,3.58518009916083,0,1,0,1,1,1,True,37296,-1.0
37311,2025-08-01 15:30:00,15,1,MARKUP,6,A+,3304.21148,3278.570808791874,3368.3131580203153,25.64067120812615,6.09838241625238,0,1,1,1,1,1,False,-1,
37323,2025-08-01 18:30:00,18,1,MARKUP,4,B,3309.697,3278.165378448728,3388.5260538781804,31.53162155127211,6.909243102544216,0,1,0,1,0,1,False,-1,
37373,2025-08-04 08:00:00,8,1,MARKUP,5,A,3350.4173,3337.4014833097726,3382.9568417255687,13.015816690227439,2.997033380455316,0,1,0,1,1,1,False,-1,
37385,2025-08-04 11:00:00,11,1,MARKUP,6,A+,3351.4617200000002,3338.7035277393497,3383.3572006516265,12.758192260650503,3.772944521300907,0,1,1,1,1,1,False,-1,
37397,2025-08-04 14:00:00,14,1,MARKUP,5,A,3354.21182,3343.2688860104518,3381.5691549738704,10.942933989548237,3.542227979096401,0,1,1,0,1,1,False,-1,
37409,2025-08-04 17:00:00,17,1,MARKUP,5,A,3360.49572,3342.6877107443547,3405.0157431391126,17.808009255645175,4.704578511290121,0,1,0,1,1,1,False,-1,
37421,2025-08-04 20:00:00,20,1,MARKUP,6,A+,3364.179,3349.0017642983835,3402.1220892540414,15.17723570161661,3.996471403232688,0,1,1,1,1,1,False,-1,
37499,2025-08-05 16:30:00,16,1,MARKUP,5,A,3362.39354,3347.8122400879834,3398.846789780042,14.581299912016675,4.355519824033039,0,1,1,1,0,1,False,-1,
37511,2025-08-05 19:30:00,19,1,MARKUP,4,B,3365.461,3347.5212363779306,3410.310409055173,17.939763622069222,4.9375272441386,0,1,0,1,0,1,False,-1,
37577,2025-08-06 13:00:00,13,-1,MARKDOWN,5,A,3375.00398,3387.046974866519,3344.896492833702,12.042994866519166,3.3739497330378394,0,1,0,1,1,1,True,37594,-1.0
37589,2025-08-06 16:00:00,16,-1,MARKDOWN,4,B,3375.00398,3387.2404223960752,3344.4128740098117,12.23644239607529,3.760844792150249,0,0,0,1,1,1,True,37594,-1.0
37608,2025-08-06 20:45:00,20,1,MARKUP,6,A+,3366.55086,3356.4133415366146,3391.894656158463,10.137518463385277,3.67331692677124,0,1,1,1,1,1,True,37629,1.0340003148999586
37649,2025-08-07 08:00:00,8,1,MARKUP,5,A,3372.37014,3363.726114015869,3393.9802049603277,8.644025984131076,2.9477719682617063,0,1,0,1,1,1,True,37652,1.75
37661,2025-08-07 11:00:00,11,1,MARKUP,4,B,3377.57636,3363.0442854595713,3413.906546351072,14.532074540428766,4.631429080857609,0,0,0,1,1,1,True,37662,0.5
37673,2025-08-07 14:00:00,14,1,MARKUP,6,A+,3377.57636,3362.8034092551334,3414.5087368621666,14.772950744866648,5.11318148973387,1,0,1,1,1,1,True,37675,0.5
37685,2025-08-07 17:00:00,17,1,MARKUP,4,B,3377.57636,3362.181507875516,3416.0634903112095,15.394852124483805,6.35698424896793,0,1,0,0,1,1,False,-1,
37697,2025-08-07 20:00:00,20,1,MARKUP,3,C,3381.32762,3368.8976472043432,3412.402551989142,12.429972795656795,5.0647055913132455,0,1,0,0,0,1,False,-1,
37751,2025-08-08 10:30:00,10,1,MARKUP,6,A+,3391.51826,3378.412794302734,3424.281924243165,13.105465697266027,5.254411394532554,0,1,1,1,1,1,True,37762,-1.0
37771,2025-08-08 15:30:00,15,1,MARKUP,6,A+,3391.2278,3377.798343895261,3424.801440261848,13.429456104739074,5.543312209478431,0,1,1,1,1,1,True,37772,-1.0
37786,2025-08-08 19:15:00,19,1,MARKUP,6,A+,3389.6043,3377.5457440666382,3419.750689833404,12.058555933361731,6.048511866724041,0,1,1,1,1,1,True,37792,-1.0
37833,2025-08-11 08:00:00,8,-1,MARKDOWN,5,A,3390.8723,3407.421110249573,3349.500274376068,16.548810249572853,4.562220499145665,0,1,0,1,1,1,False,-1,
37845,2025-08-11 11:00:00,11,-1,MARKDOWN,6,A+,3386.8192799999997,3407.559605281656,3334.968466795859,20.74032528165617,4.839210563311977,0,1,1,1,1,1,False,-1,
37857,2025-08-11 14:00:00,14,-1,MARKDOWN,6,A+,3385.22634,3407.66854596339,3329.1208250915256,22.442205963389824,5.057091926780045,0,1,1,1,1,1,False,-1,
37869,2025-08-11 17:00:00,17,-1,MARKDOWN,4,B,3376.25644,3398.8648404199666,3319.735438950084,22.60840041996653,5.809680839933342,0,0,0,1,1,1,False,-1,
37881,2025-08-11 20:00:00,20,-1,MARKDOWN,6,A+,3365.45424,3382.6333714955485,3322.506411261129,17.179131495548518,4.806742991096769,0,1,1,1,1,1,False,-1,
37930,2025-08-12 09:15:00,9,-1,MARKDOWN,6,A+,3352.07478,3360.7313966334364,3330.433238416409,8.656616633436442,3.7827932668724245,0,1,1,1,1,1,True,37935,0.8420395733085164
37945,2025-08-12 13:00:00,13,-1,MARKDOWN,5,A,3352.0198,3360.312353721193,3331.288415697017,8.292553721193144,4.284707442386235,0,1,0,1,1,1,True,37955,0.5
37957,2025-08-12 16:00:00,16,-1,MARKDOWN,5,A,3349.73544,3361.249648089229,3320.949919776927,11.514208089229214,6.159296178458506,0,1,1,0,1,1,True,37958,0.6438903248560827
37969,2025-08-12 19:00:00,19,-1,MARKDOWN,6,A+,3348.464,3362.9398384367896,3312.2744039080258,14.475838436789672,7.5596768735791375,1,0,1,1,1,1,True,37970,-1.0
38027,2025-08-13 10:30:00,10,1,MARKUP,5,A,3349.66914,3340.8836454542666,3371.6328763643332,8.7854945457334,3.6127090914672966,0,1,0,1,1,1,False,-1,
38039,2025-08-13 13:30:00,13,1,MARKUP,6,A+,3351.8771,3340.93086556822,3379.2426860794512,10.94623443178034,3.518268863560144,0,1,1,1,1,1,False,-1,
38051,2025-08-13 16:30:00,16,1,MARKUP,6,A+,3352.04136,3340.6184990487086,3380.5985123782293,11.422860951291568,4.143001902582918,0,1,1,1,1,1,True,38069,1.2357334597792113
38064,2025-08-13 19:45:00,19,1,MARKUP,5,A,3355.24966,3343.8032312641217,3383.8657318396954,11.446428735878271,3.693537471756602,1,0,0,1,1,1,True,38067,1.0940744633263948
38109,2025-08-14 08:00:00,8,1,MARKUP,6,A+,3359.42922,3348.46927955948,3386.8290711012996,10.959940440519858,3.041440881039529,1,0,1,1,1,1,True,38110,-1.0
38129,2025-08-14 13:00:00,13,-1,MARKDOWN,4,B,3362.02906,3377.032628727823,3324.520138180442,15.003568727823222,4.665257455646843,1,0,0,1,0,1,False,-1,
38141,2025-08-14 16:00:00,16,-1,MARKDOWN,3,C,3362.02906,3377.160687983428,3324.1999900414294,15.131627983428189,4.9213759668564405,0,1,0,0,0,1,False,-1,
38153,2025-08-14 19:00:00,19,-1,MARKDOWN,5,A,3356.38376,3373.49522661173,3313.6050934706764,17.11146661172961,5.710453223459702,0,1,1,0,1,1,False,-1,
38222,2025-08-15 13:15:00,13,-1,MARKDOWN,5,A,3342.44408,3350.5501724049077,3322.1788489877317,8.106092404907486,3.56034480981561,0,1,1,0,1,1,True,38227,0.5
38234,2025-08-15 16:15:00,16,-1,MARKDOWN,6,A+,3342.44408,3350.8274424324522,3321.48567391887,8.383362432452031,4.114884864904683,0,1,1,1,1,1,True,38238,1.171928631565439
38246,2025-08-15 19:15:00,19,-1,MARKDOWN,5,A,3342.76114,3350.634119417563,3323.078691456093,7.872979417562874,3.7282388351263007,0,1,1,1,0,1,False,-1,
38293,2025-08-18 08:00:00,8,1,MARKUP,5,A,3336.84888,3321.9060523820835,3374.205949044791,14.942827617916464,3.267895235833094,0,1,0,1,1,1,False,-1,
38305,2025-08-18 11:00:00,11,1,MARKUP,3,C,3336.84888,3321.7035648751466,3374.7121678121334,15.145315124853369,3.672870249707077,0,0,0,1,0,1,True,38328,-0.7579162206511865
38317,2025-08-18 14:00:00,14,1,MARKUP,4,B,3336.84888,3321.9832091300295,3374.013057174926,14.865670869970472,3.113581739941016,0,0,0,1,1,1,True,38328,-0.7721736947094752
38334,2025-08-18 18:15:00,18,-1,MARKDOWN,4,B,3348.4098000000004,3360.0686248572297,3319.262737856927,11.65882485722932,3.3772497144589013,0,1,0,0,1,1,False,-1,
38411,2025-08-19 14:30:00,14,1,MARKUP,5,A,3333.4126,3324.751619076015,3355.0650523099634,8.660980923985335,2.576761847970117,0,1,0,1,1,1,True,38417,-1.0
38423,2025-08-19 17:30:00,17,-1,MARKDOWN,5,A,3337.7764,3347.4962336874023,3313.476815781495,9.719833687402115,4.3124673748042825,0,1,1,0,1,1,False,-1,
38435,2025-08-19 20:30:00,20,-1,MARKDOWN,5,A,3333.74248,3347.3324524865584,3299.7675487836036,13.589972486558509,3.984904973116258,0,1,0,1,1,1,False,-1,
38508,2025-08-20 15:45:00,15,1,MARKUP,6,A+,3324.25914,3310.0252710198292,3359.8438124504273,14.233868980170882,3.0494579603420915,0,1,1,1,1,1,False,-1,
38520,2025-08-20 18:45:00,18,1,MARKUP,5,A,3326.32194,3309.6639583729648,3367.9668940675874,16.657981627035042,3.772083254071185,0,1,0,1,1,1,False,-1,
38602,2025-08-21 16:15:00,16,1,MARKUP,6,A+,3335.1458199999997,3323.101947652771,3365.255500868072,12.043872347228898,4.216104694458052,0,1,1,1,1,1,False,-1,
38617,2025-08-21 20:00:00,20,1,MARKUP,5,A,3333.96162,3323.1826607301336,3360.909018174666,10.778959269866391,4.054678539732606,0,1,1,1,0,1,False,-1,
38661,2025-08-22 08:00:00,8,-1,MARKDOWN,6,A+,3340.3654,3349.11817632049,3318.4834591987756,8.75277632048983,1.99635264098029,0,1,1,1,1,1,False,-1,
38673,2025-08-22 11:00:00,11,-1,MARKDOWN,5,A,3335.9246399999997,3343.554820568806,3316.849188577984,7.630180568806281,2.669641137612704,0,1,0,1,1,1,True,38695,-1.0
38685,2025-08-22 14:00:00,14,-1,MARKDOWN,6,A+,3335.69206,3343.3259339677998,3316.6073750805,7.6338739677999,2.531867935599282,0,1,1,1,1,1,True,38695,-1.0
38700,2025-08-22 17:45:00,17,1,MARKUP,5,A,3342.61224,3318.6638068961665,3402.4833227595836,23.948433103833395,5.632386207666542,0,1,1,1,0,1,False,-1,
38712,2025-08-22 20:45:00,20,1,MARKUP,6,A+,3343.38006,3319.2950908864386,3403.5924827839035,24.08496911356133,4.369818227123156,0,1,1,1,1,1,False,-1,
38760,2025-08-25 09:45:00,9,1,MARKUP,7,A+,3367.04946,3358.6688473937465,3388.0009915156343,8.380612606253635,2.222305212506951,1,1,1,1,1,1,True,38762,0.7440143534474222
38773,2025-08-25 13:00:00,13,1,MARKUP,6,A+,3365.2235,3358.6905896506205,3381.555775873449,6.532910349379563,2.1788206987590737,0,1,1,1,1,1,True,38774,0.8325454473057481
38787,2025-08-25 16:30:00,16,1,MARKUP,6,A+,3364.2608600000003,3358.4929525068687,3378.680628732829,5.767907493131588,2.5740949862629448,0,1,1,1,1,1,False,-1,
38799,2025-08-25 19:30:00,19,1,MARKUP,5,A,3366.07154,3358.5099894981972,3384.975416254507,7.561550501802685,2.5400210036063093,0,1,0,1,1,1,True,38812,-1.0
38845,2025-08-26 08:00:00,8,1,MARKUP,4,B,3364.6964,3349.4704159249263,3402.7613601876837,15.225984075073484,3.559168150147102,0,1,0,1,0,1,False,-1,
38857,2025-08-26 11:00:00,11,1,MARKUP,5,A,3364.6964,3349.2868001681363,3403.2203995796585,15.409599831863488,3.926399663727463,0,1,0,1,1,1,False,-1,
38869,2025-08-26 14:00:00,14,1,MARKUP,6,A+,3364.6964,3349.327222858186,3403.119342854535,15.369177141813907,3.845554283628527,0,1,1,1,1,1,False,-1,
38882,2025-08-26 17:15:00,17,1,MARKUP,5,A,3364.6964,3349.1405530496268,3403.5860173759324,15.555846950373052,4.218893900746453,0,1,0,1,1,1,False,-1,
38894,2025-08-26 20:15:00,20,1,MARKUP,5,A,3375.7122,3365.5522081390936,3401.1121796522657,10.159991860906302,3.435583721812511,0,1,1,1,0,1,False,-1,
38967,2025-08-27 17:45:00,17,1,MARKUP,6,A+,3381.6175200000002,3372.1667832200956,3405.2443619497617,9.450736779904673,3.346433559809455,0,1,1,1,1,1,False,-1,
38979,2025-08-27 20:45:00,20,1,MARKUP,5,A,3383.38618,3372.2749867684443,3411.164163078889,11.111193231555717,3.1300264631120935,0,1,0,1,1,1,False,-1,
39028,2025-08-28 10:00:00,10,1,MARKUP,6,A+,3390.16922,3383.239068891639,3407.4945977709035,6.930151108361315,2.6218622167224854,0,1,1,1,1,1,False,-1,
39040,2025-08-28 13:00:00,13,1,MARKUP,5,A,3391.07074,3383.1852405846075,3410.7844885384816,7.885499415392587,2.7295188307850413,0,1,0,1,1,1,False,-1,
39052,2025-08-28 16:00:00,16,1,MARKUP,4,B,3393.8287800000003,3382.714268783202,3421.6150580419962,11.114511216798292,3.6714624335960195,0,0,0,1,1,1,False,-1,
39064,2025-08-28 19:00:00,19,1,MARKUP,6,A+,3395.92596,3382.4769388569903,3429.5485128575247,13.449021143009759,4.146122286019795,0,1,1,1,1,1,False,-1,
39143,2025-08-29 15:45:00,15,1,MARKUP,6,A+,3409.6203600000003,3402.8226166334043,3426.61471841649,6.797743366596023,2.9147667331917093,0,1,1,1,1,1,False,-1,
39155,2025-08-29 18:45:00,18,1,MARKUP,5,A,3420.8779,3402.217447847827,3467.5290303804327,18.660452152173093,4.125104304346873,0,1,0,1,1,1,False,-1,
39204,2025-09-01 08:00:00,8,1,MARKUP,5,A,3443.08158,3413.590285679414,3516.8098158014645,29.491294320585894,5.73942864117144,0,1,0,1,1,1,False,-1,
39216,2025-09-01 11:00:00,11,1,MARKUP,6,A+,3457.2696,3434.0829497120662,3515.2362257198347,23.186650287933844,6.034100575867349,0,1,1,1,1,1,False,-1,
39228,2025-09-01 14:00:00,14,1,MARKUP,4,B,3457.2696,3434.7710928429533,3513.5158678926173,22.498507157046788,4.657814314093256,0,0,0,1,1,1,False,-1,
39240,2025-09-01 17:00:00,17,1,MARKUP,6,A+,3457.2696,3434.9726898573113,3513.011875356722,22.29691014268883,4.2546202853769275,0,1,1,1,1,1,False,-1,
39252,2025-09-01 20:00:00,20,1,MARKUP,5,A,3468.888,3454.235189308557,3505.5200267286073,14.652810691442937,3.329621382886134,0,1,1,1,0,1,False,-1,
39287,2025-09-02 08:00:00,8,1,MARKUP,5,A,3483.0421,3464.973859511421,3528.2127012214482,18.06824048857925,4.392280977158244,0,1,0,1,1,1,True,39296,1.75
39323,2025-09-02 17:00:00,17,1,MARKUP,6,A+,3484.84666,3466.511888222405,3530.683589443988,18.33477177759505,7.156223555190469,0,1,1,1,1,1,False,-1,
39335,2025-09-02 20:00:00,20,1,MARKUP,4,B,3492.53632,3466.7808294706406,3556.9250463233993,25.755490529359577,6.618341058719311,0,1,0,1,0,1,False,-1,
39379,2025-09-03 08:00:00,8,1,MARKUP,3,C,3504.82702,3476.7897547991975,3574.920183002007,28.03726520080272,4.420490401604681,0,0,0,1,0,1,False,-1,
39391,2025-09-03 11:00:00,11,1,MARKUP,6,A+,3530.22682,3517.931214621269,3560.9658334468268,12.29560537873067,4.337570757460994,0,1,1,1,1,1,False,-1,
39403,2025-09-03 14:00:00,14,1,MARKUP,5,A,3534.54558,3524.010411345462,3560.8835016363446,10.535168654537756,4.499177309076429,0,1,1,0,1,1,False,-1,
39415,2025-09-03 17:00:00,17,1,MARKUP,6,A+,3539.70258,3523.4088973367666,3580.436786658084,16.29368266323354,5.702205326467164,0,1,1,1,1,1,False,-1,
39427,2025-09-03 20:00:00,20,1,MARKUP,6,A+,3544.55548,3524.3462549911974,3595.0785425220065,20.209225008802605,5.167490017604574,0,1,1,1,1,1,False,-1,
39489,2025-09-04 13:00:00,13,1,MARKUP,6,A+,3537.1349,3508.849368130304,3607.8487296742405,28.285531869696115,5.42126373939188,0,1,1,1,1,1,True,39493,0.5085674211914514
39501,2025-09-04 16:00:00,16,1,MARKUP,5,A,3531.63028,3508.649689077433,3589.0817573064173,22.98059092256699,5.820621845134028,0,1,0,1,1,1,False,-1,
39513,2025-09-04 19:00:00,19,1,MARKUP,6,A+,3530.6027,3508.447092537459,3585.9917186563525,22.155607462540956,6.225814925082054,0,1,1,1,1,1,False,-1,
39561,2025-09-05 08:00:00,8,1,MARKUP,4,B,3545.05706,3533.476297078913,3574.008967302718,11.580762921087171,3.42740584217458,0,1,0,1,0,1,True,39574,2.5
39582,2025-09-05 13:15:00,13,1,MARKUP,3,C,3548.1285199999998,3538.4633309433866,3572.2914926415324,9.665189056613144,3.393338113226523,0,0,0,0,1,1,True,39588,2.5
39594,2025-09-05 16:15:00,16,1,MARKUP,5,A,3557.9994,3536.7465091232584,3611.1316271918545,21.25289087674173,6.826981753482448,0,1,0,1,1,1,False,-1,
39606,2025-09-05 19:15:00,19,1,MARKUP,6,A+,3565.91966,3541.0368930884288,3628.1265772789284,24.882766911571252,7.64621382314304,0,1,1,1,1,1,False,-1,
39656,2025-09-08 08:45:00,8,1,MARKUP,5,A,3583.66322,3571.2838469460507,3614.611652634873,12.379373053949166,4.352306107898444,0,1,1,1,0,1,False,-1,
39668,2025-09-08 11:45:00,11,1,MARKUP,5,A,3592.95968,3575.533599297795,3636.524881755513,17.426080702205127,4.8728014044096115,0,1,0,1,1,1,False,-1,
39680,2025-09-08 14:45:00,14,1,MARKUP,6,A+,3594.9804599999998,3575.6578824884177,3643.286903778955,19.32257751158204,4.6242350231642435,0,1,1,1,1,1,False,-1,
39692,2025-09-08 17:45:00,17,1,MARKUP,6,A+,3603.04042,3576.635444302745,3669.0528592431374,26.40497569725494,5.969111394510455,0,1,1,1,1,1,False,-1,
39704,2025-09-08 20:45:00,20,1,MARKUP,5,A,3605.16434,3577.1021901814042,3675.3197145464887,28.06214981859557,5.035619637191632,0,1,0,1,1,1,False,-1,
39745,2025-09-09 08:00:00,8,1,MARKUP,4,B,3634.35288,3618.237137784505,3674.6422355387367,16.11574221549472,4.085724430990078,0,1,0,1,0,1,False,-1,
39757,2025-09-09 11:00:00,11,1,MARKUP,5,A,3640.0493,3625.361160803565,3676.7696479910883,14.688139196435259,5.577678392870502,1,0,0,1,1,1,False,-1,
39769,2025-09-09 14:00:00,14,1,MARKUP,6,A+,3640.0493,3625.8792149893725,3675.474512526569,14.170085010627645,4.541570021255197,0,1,1,1,1,1,True,39783,0.5
39781,2025-09-09 17:00:00,17,1,MARKUP,4,B,3645.9894,3624.2714071496293,3700.2843821259266,21.717992850370592,7.757185700741124,0,0,0,1,1,1,True,39782,-1.0
39857,2025-09-10 13:00:00,13,1,MARKUP,6,A+,3634.00976,3618.4021743865474,3673.028724033631,15.607585613452557,3.9556512269056405,0,1,1,1,1,1,False,-1,
39869,2025-09-10 16:00:00,16,1,MARKUP,4,B,3634.68984,3617.949288191784,3676.54121952054,16.74055180821597,5.121423616432072,0,0,0,1,1,1,False,-1,
39929,2025-09-11 08:00:00,8,-1,MARKDOWN,6,A+,3645.64642,3657.0758778448408,3617.072775387898,11.429457844840726,3.231755689681379,0,1,1,1,1,1,False,-1,
39941,2025-09-11 11:00:00,11,-1,MARKDOWN,5,A,3639.43858,3652.0059298550423,3608.0202053623943,12.567349855042266,4.6518597100848895,0,1,0,1,1,1,True,39959,0.7791472963292352
39953,2025-09-11 14:00:00,14,-1,MARKDOWN,5,A,3635.71258,3651.0874128806636,3597.2754977983404,15.37483288066369,4.154825761326413,0,1,1,1,0,1,True,39959,0.5
39967,2025-09-11 17:30:00,17,-1,MARKDOWN,5,A,3635.15104,3652.7695962100443,3591.10464947489,17.618556210044062,7.519192420088156,0,1,1,0,1,1,True,39970,-1.0
40021,2025-09-12 08:00:00,8,1,MARKUP,6,A+,3632.8778,3616.8864587390044,3672.8561531524897,15.991341260995796,3.0270825219916917,0,1,1,1,1,1,False,-1,
40033,2025-09-12 11:00:00,11,1,MARKUP,2,C,3640.43514,3628.604168018758,3670.0125699531045,11.830971981241873,3.5916639624842537,0,0,0,0,0,1,True,40036,0.7432979092327665
40045,2025-09-12 14:00:00,14,1,MARKUP,5,A,3640.51548,3628.6666202426313,3670.137629393422,11.8488597573687,3.7267595147380934,0,1,0,1,1,1,True,40050,0.7395404119339415
40057,2025-09-12 17:00:00,17,1,MARKUP,6,A+,3640.51548,3628.284835408266,3671.0920914793346,12.230644591733835,4.49032918346778,0,1,1,1,1,1,False,-1,
40069,2025-09-12 20:00:00,20,1,MARKUP,6,A+,3644.95272,3635.877211273321,3667.6414918166984,9.075508726679345,3.6655774533580243,0,1,1,1,1,1,True,40079,-1.0
40113,2025-09-15 08:00:00,8,-1,MARKDOWN,6,A+,3643.6904,3655.8940021121243,3613.181394719689,12.203602112124372,3.1680042242483872,1,0,1,1,1,1,True,40114,-1.0
40136,2025-09-15 13:45:00,13,-1,MARKDOWN,7,A+,3640.08746,3650.3416180295153,3614.452064926212,10.25415802951511,3.723236059030304,1,1,1,1,1,1,True,40137,-1.0
40148,2025-09-15 16:45:00,16,1,MARKUP,5,A,3640.94578,3624.021132961408,3683.2573975964797,16.924647038591957,4.9777340771840395,0,1,0,1,1,1,False,-1,
40160,2025-09-15 19:45:00,19,1,MARKUP,5,A,3653.52872,3630.932394604075,3710.0195334898117,22.59632539592485,5.4952107918494155,0,1,0,1,1,1,False,-1,
40205,2025-09-16 08:00:00,8,1,MARKUP,6,A+,3664.0057,3646.6927198578906,3707.2881503552744,17.31298014210961,3.03456028421918,0,1,1,1,1,1,False,-1,
40217,2025-09-16 11:00:00,11,1,MARKUP,5,A,3682.85064,3672.613803139771,3708.442732150573,10.236836860229232,4.032393720458016,0,1,1,0,1,1,False,-1,
40229,2025-09-16 14:00:00,14,1,MARKUP,5,A,3683.9317,3672.932697696814,3711.429205757965,10.99900230318599,3.3946046063719106,0,1,0,1,1,1,True,40245,0.8313477859379579
40241,2025-09-16 17:00:00,17,1,MARKUP,6,A+,3684.15708,3672.394161045662,3713.5643773858455,11.762918954338147,4.471677908676913,0,1,1,1,1,1,True,40245,-1.0
40305,2025-09-17 10:00:00,10,-1,MARKDOWN,4,B,3685.7599999999998,3697.3120525377326,3656.8798686556675,11.552052537732834,4.004105075465628,0,1,0,0,1,1,False,-1,
40317,2025-09-17 13:00:00,13,-1,MARKDOWN,5,A,3682.03168,3697.4007889884706,3643.6089075288237,15.369108988470543,4.181577976941024,0,1,1,0,1,1,True,40331,-1.0
40329,2025-09-17 16:00:00,16,-1,MARKDOWN,3,C,3681.83686,3697.5971975658954,3642.436016085261,15.760337565895497,4.574395131790768,1,0,0,0,0,1,True,40331,-1.0
40389,2025-09-18 08:00:00,8,-1,MARKDOWN,5,A,3684.14666,3709.8971398275944,3619.770460431014,25.750479827594518,4.6142796551880725,0,1,1,1,0,1,False,-1,
40401,2025-09-18 11:00:00,11,-1,MARKDOWN,5,A,3679.4557,3710.539731889745,3601.7456202756375,31.084031889744892,5.899463779489022,0,0,1,1,1,1,False,-1,
40423,2025-09-18 16:30:00,16,-1,MARKDOWN,5,A,3656.49198,3676.455230376176,3606.5838540595587,19.963250376176347,6.990460752352268,0,1,1,0,1,1,False,-1,
40435,2025-09-18 19:30:00,19,-1,MARKDOWN,4,B,3655.80438,3675.822527680672,3605.75901079832,20.018147680671973,5.725055361343643,0,1,0,1,0,1,False,-1,
40518,2025-09-19 17:15:00,17,1,MARKUP,4,B,3644.58276,3629.8501935980785,3681.4141760048033,14.732566401921304,4.879612803843377,0,1,0,1,0,1,False,-1,
40530,2025-09-19 20:15:00,20,1,MARKUP,6,A+,3655.78174,3641.2167374960004,3692.1942462599986,14.565002503999494,4.246525007999165,0,1,1,1,1,1,False,-1,
40573,2025-09-22 08:00:00,8,1,MARKUP,6,A+,3669.48078,3650.4403852743762,3717.081766814059,19.040394725623628,3.479229451247134,0,1,1,1,1,1,False,-1,
40585,2025-09-22 11:00:00,11,1,MARKUP,6,A+,3686.8899199999996,3664.104542204211,3743.8533644894706,22.785377795788463,4.65091559157735,0,1,1,1,1,1,False,-1,
40597,2025-09-22 14:00:00,14,1,MARKUP,6,A+,3698.97174,3678.785978886712,3749.436142783219,20.185761113287754,4.028042226575741,0,1,1,1,1,1,False,-1,
40609,2025-09-22 17:00:00,17,1,MARKUP,4,B,3701.9196,3682.8196350268854,3749.669512432787,19.099964973114766,5.500729946229146,0,0,1,0,1,1,False,-1,
40621,2025-09-22 20:00:00,20,1,MARKUP,5,A,3706.81302,3683.2146519172975,3765.8089402067562,23.598368082702564,4.710696165405761,0,1,0,1,1,1,False,-1,
40665,2025-09-23 08:00:00,8,1,MARKUP,3,C,3731.17572,3711.5106284408716,3780.3384488978218,19.66509155912854,4.598743118256784,0,0,0,0,1,1,False,-1,
40677,2025-09-23 11:00:00,11,1,MARKUP,6,A+,3744.5863200000003,3733.2610753676317,3772.899431580922,11.325244632368594,4.497849264736828,0,1,1,1,1,1,False,-1,
40689,2025-09-23 14:00:00,14,1,MARKUP,5,A,3757.459,3733.902138745748,3816.35115313563,23.556861254252,5.475722508503854,0,1,0,1,1,1,False,-1,
40701,2025-09-23 17:00:00,17,1,MARKUP,5,A,3757.459,3733.3902745635255,3817.630813591186,24.068725436474324,6.499450872948773,0,1,0,1,1,1,True,40720,-1.0
40713,2025-09-23 20:00:00,20,1,MARKUP,6,A+,3757.459,3733.4756291416684,3817.4174271458287,23.983370858331455,6.32874171666313,0,1,1,1,1,1,True,40720,-1.0
40758,2025-09-24 08:15:00,8,1,MARKUP,6,A+,3765.1351,3748.4714435269157,3806.7942411827107,16.663656473084302,4.257112946168936,0,1,1,1,1,1,True,40775,-1.0
40770,2025-09-24 11:15:00,11,1,MARKUP,5,A,3764.0272999999997,3748.4323765386944,3803.014608653263,15.59492346130537,4.335246922610776,0,1,0,1,1,1,True,40775,-1.0
40783,2025-09-24 14:30:00,14,1,MARKUP,3,C,3761.54812,3748.5565648739853,3794.0270078150365,12.991555126014646,4.086870252028854,0,0,1,0,0,1,True,40791,-1.0
40800,2025-09-24 18:45:00,18,-1,MARKDOWN,6,A+,3764.1862800000004,3782.1657345872163,3719.23764353196,17.97945458721597,5.811469174432103,0,1,1,1,1,1,False,-1,
40883,2025-09-25 16:30:00,16,-1,MARKDOWN,6,A+,3747.546,3765.6217052837933,3702.356736790516,18.075705283793468,7.883410567586641,0,1,1,1,1,1,True,40902,-1.0
40895,2025-09-25 19:30:00,19,-1,MARKDOWN,6,A+,3746.591,3765.5513046845163,3699.190238288709,18.96030468451636,7.74260936903269,0,1,1,1,1,1,True,40902,-1.0
40954,2025-09-26 11:15:00,11,1,MARKUP,6,A+,3742.26526,3730.0495936848206,3772.804425787949,12.215666315179533,4.620812630358967,0,1,1,1,1,1,False,-1,
40966,2025-09-26 14:15:00,14,1,MARKUP,6,A+,3742.42358,3732.4723031178505,3767.301772205374,9.951276882149614,4.095393764298733,0,1,1,1,1,1,False,-1,
40978,2025-09-26 17:15:00,17,1,MARKUP,6,A+,3753.3335,3731.193027865223,3808.684680336943,22.140472134777156,6.65394426955374,0,1,1,1,1,1,False,-1,
40990,2025-09-26 20:15:00,20,1,MARKUP,6,A+,3753.3335,3731.652418206616,3807.536204483461,21.681081793384237,5.735163586768405,0,1,1,1,1,1,False,-1,
41033,2025-09-29 08:00:00,8,1,MARKUP,5,A,3775.10034,3748.9944385428726,3840.3650936428185,26.105901457127402,6.4711229142549165,0,1,1,1,0,1,False,-1,
41045,2025-09-29 11:00:00,11,1,MARKUP,6,A+,3780.3983399999997,3752.487460529226,3850.1755386769337,27.91087947077358,7.025078941548116,0,1,1,1,1,1,False,-1,
41057,2025-09-29 14:00:00,14,1,MARKUP,6,A+,3780.3983399999997,3753.1917342697716,3848.41485432557,27.206605730228148,5.616531460456726,0,1,1,1,1,1,False,-1,
41069,2025-09-29 17:00:00,17,1,MARKUP,4,B,3789.69882,3760.362583553364,3863.0394111165906,29.33623644663612,7.094832893272069,0,1,0,1,0,1,False,-1,
41081,2025-09-29 20:00:00,20,1,MARKUP,4,B,3803.8603799999996,3782.4995124407183,3857.262548898203,21.36086755928136,5.980975118562656,0,1,1,0,0,1,False,-1,
41125,2025-09-30 08:00:00,8,1,MARKUP,5,A,3836.75216,3813.6965043262426,3894.3912991843936,23.05565567375743,4.946991347514935,0,1,0,1,1,1,True,41137,-1.0
41164,2025-09-30 17:45:00,17,1,MARKUP,6,A+,3823.1961,3788.502961516222,3909.9289462094453,34.69313848377806,9.374076967556354,0,1,1,1,1,1,False,-1,
41176,2025-09-30 20:45:00,20,1,MARKUP,5,A,3823.1961,3789.6689756781916,3907.0139108045214,33.527124321808515,7.0420486436165515,0,1,0,1,1,1,False,-1,
41217,2025-10-01 08:00:00,8,1,MARKUP,5,A,3836.02138,3809.2116696118323,3903.04565597042,26.809710388167787,5.036660776335555,0,0,1,1,1,1,False,-1,
41229,2025-10-01 11:00:00,11,1,MARKUP,6,A+,3858.61406,3836.7095800677657,3913.3752598305855,21.904479932234153,6.120839864468914,0,1,1,1,1,1,False,-1,
41241,2025-10-01 14:00:00,14,1,MARKUP,5,A,3867.4564,3847.4137311125824,3917.563072218544,20.042668887417676,5.552537774835352,0,1,0,1,1,1,True,41248,0.9651331648072389
41253,2025-10-01 17:00:00,17,1,MARKUP,3,C,3869.3969199999997,3849.881029195453,3918.186647011367,19.51589080454687,6.8979416090943335,1,0,0,0,0,1,True,41254,0.9279717536051394
41317,2025-10-02 10:00:00,10,1,MARKUP,6,A+,3861.07772,3850.601574237763,3887.268084405593,10.476145762237138,4.556851524474082,0,1,1,1,1,1,False,-1,
41329,2025-10-02 13:00:00,13,1,MARKUP,5,A,3863.34298,3850.4738298246916,3895.5158554382706,12.869150175308278,4.812340350616812,0,1,0,1,1,1,True,41346,-1.0
41341,2025-10-02 16:00:00,16,1,MARKUP,6,A+,3867.8696800000002,3850.3264071872327,3911.7278620319194,17.543272812767555,5.107185625535086,0,1,1,1,1,1,True,41346,-1.0
41353,2025-10-02 19:00:00,19,-1,MARKDOWN,5,A,3867.21556,3901.9123517645235,3780.4735805886917,34.69679176452337,10.244703529047198,0,1,0,1,1,1,False,-1,
41430,2025-10-03 15:15:00,15,1,MARKUP,5,A,3849.39102,3835.8500288739615,3883.2434978150964,13.540991126038534,4.459942252076577,0,1,1,1,0,1,False,-1,
41442,2025-10-03 18:15:00,18,1,MARKUP,6,A+,3858.16174,3834.1717416555307,3918.1367358611733,23.989998344469313,7.8165166889380115,0,1,1,1,1,1,False,-1,
41493,2025-10-06 08:00:00,8,1,MARKUP,5,A,3896.48576,3863.322286371071,3979.394444072322,33.16347362892884,6.215427257857188,0,1,0,1,1,1,False,-1,
41505,2025-10-06 11:00:00,11,1,MARKUP,6,A+,3904.6978,3873.4820162791384,3982.7372593021537,31.21578372086151,6.735967441723105,0,1,1,1,1,1,False,-1,
41517,2025-10-06 14:00:00,14,1,MARKUP,5,A,3908.30692,3879.3094805470864,3980.800518632284,28.997439452913568,6.761038905827703,0,1,0,1,1,1,False,-1,
41529,2025-10-06 17:00:00,17,1,MARKUP,6,A+,3918.59694,3895.163179987701,3977.1813400307474,23.43376001229899,7.773640024598967,0,1,1,1,1,1,False,-1,
41541,2025-10-06 20:00:00,20,1,MARKUP,6,A+,3938.4284,3914.747221985798,3997.6313450355037,23.681178014201578,8.245556028403735,0,1,1,1,1,1,False,-1,
41585,2025-10-07 08:00:00,8,1,MARKUP,4,B,3946.43584,3924.301673044532,4001.77125738867,22.134166955468118,5.976653910935653,0,0,0,1,1,1,True,41594,1.1161217215365193
41613,2025-10-07 15:00:00,15,1,MARKUP,6,A+,3954.84064,3937.9266875219814,3997.125521195046,16.913952478018473,5.926624956036746,0,1,1,1,1,1,False,-1,
41625,2025-10-07 18:00:00,18,1,MARKUP,6,A+,3958.6911999999998,3937.055734391688,4012.7798640207793,21.635465608311733,7.6685312166241095,0,1,1,1,1,1,False,-1,
41677,2025-10-08 08:00:00,8,1,MARKUP,6,A+,3987.71892,3959.1007314563717,4059.26439135907,28.618188543628094,5.238537087256267,0,1,1,1,1,1,False,-1,
41689,2025-10-08 11:00:00,11,1,MARKUP,5,A,3993.01032,3961.1931805349886,4072.553168662528,31.817139465011223,5.753638930023404,0,1,0,1,1,1,False,-1,
41701,2025-10-08 14:00:00,14,1,MARKUP,5,A,4005.9692,3976.0829094269284,4080.6849264326793,29.88629057307162,5.834181146142946,0,1,0,1,1,1,False,-1,
41713,2025-10-08 17:00:00,17,1,MARKUP,6,A+,4009.39292,3980.6221613664284,4081.3198165839285,28.770758633571404,7.835677267143566,0,1,1,1,1,1,False,-1,
41725,2025-10-08 20:00:00,20,1,MARKUP,5,A,4023.8822,3998.531859218808,4087.2580519529793,25.35034078119179,7.076281562384308,0,1,0,1,1,1,True,41741,0.9549860282708986
41769,2025-10-09 08:00:00,8,1,MARKUP,5,A,4023.4557800000002,3997.607594656251,4088.0762433593736,25.848185343749265,7.544810687498426,0,1,0,1,1,1,True,41776,0.9544713956172909
41781,2025-10-09 11:00:00,11,1,MARKUP,6,A+,4023.4557800000002,3998.092890967949,4086.8630025801276,25.362889032051044,6.574218064101673,0,1,1,1,1,1,True,41804,-1.0
41793,2025-10-09 14:00:00,14,1,MARKUP,4,B,4019.39512,3998.728689164374,4071.061197089066,20.666430835626215,5.302621671252627,0,1,0,0,1,1,True,41804,-1.0
41816,2025-10-09 19:45:00,19,-1,MARKDOWN,6,A+,4022.24424,4064.483481498333,3916.6461362541677,42.23924149833283,12.90696299666554,0,1,1,1,1,1,False,-1,
41861,2025-10-10 08:00:00,8,-1,MARKDOWN,3,C,4014.73232,4062.274943535433,3895.8757611614174,47.542623535432995,8.569887070866269,0,0,0,1,0,1,False,-1,
41953,2025-10-13 08:00:00,8,1,MARKUP,5,A,4007.1168599999996,3966.5961579096747,4108.418615225812,40.5207020903249,8.667684180650388,0,1,1,0,1,1,False,-1,
41965,2025-10-13 11:00:00,11,1,MARKUP,5,A,4014.5928599999997,3971.2655856266815,4122.911045933295,43.32727437331823,8.168828746636724,0,1,0,1,1,1,False,-1,
41977,2025-10-13 14:00:00,14,1,MARKUP,5,A,4033.45172,3998.1474768516,4121.7123278710005,35.30424314840002,6.845046296800685,0,1,1,0,1,1,False,-1,
41989,2025-10-13 17:00:00,17,1,MARKUP,6,A+,4052.1305199999997,4021.0112023552992,4129.92881411175,31.11931764470046,7.337595289401185,0,1,1,1,1,1,False,-1,
42001,2025-10-13 20:00:00,20,1,MARKUP,6,A+,4070.5522400000004,4037.9662562464327,4152.017199383919,32.58598375356769,7.627487507135066,0,1,1,1,1,1,False,-1,
42045,2025-10-14 08:00:00,8,1,MARKUP,6,A+,4118.2855,4077.929919436666,4219.174451408335,40.355580563334115,7.94016112666854,0,1,1,1,1,1,True,42048,0.973059050187949
42057,2025-10-14 11:00:00,11,1,MARKUP,6,A+,4124.54934,4083.168898192873,4228.0004445178165,41.38044180712677,14.482203614253653,0,1,1,1,1,1,True,42064,0.8856568928252911
42085,2025-10-14 18:00:00,18,1,MARKUP,6,A+,4124.54934,4084.277326868443,4225.2293728288905,40.27201313155638,12.265346263113015,0,1,1,1,1,1,False,-1,
42137,2025-10-15 08:00:00,8,1,MARKUP,6,A+,4137.7406599999995,4100.761817262373,4230.187766844065,36.97884273762611,8.536365475252397,0,1,1,1,1,1,False,-1,
42149,2025-10-15 11:00:00,11,1,MARKUP,6,A+,4161.70858,4124.23418142766,4255.394576430852,37.47439857234076,7.571637144681937,0,1,1,1,1,1,False,-1,
42161,2025-10-15 14:00:00,14,1,MARKUP,6,A+,4166.636659999999,4129.802300573314,4258.722558566713,36.834359426685296,9.775398853371476,0,1,1,1,1,1,False,-1,
42173,2025-10-15 17:00:00,17,1,MARKUP,5,A,4178.45282,4148.2458327651,4253.970288087251,30.206987234900225,11.128334469799558,0,1,1,0,1,1,False,-1,
42187,2025-10-15 20:30:00,20,1,MARKUP,5,A,4184.5463,4158.26738672678,4250.243583183049,26.278913273219587,10.80522654643874,0,0,1,1,1,1,False,-1,
42229,2025-10-16 08:00:00,8,1,MARKUP,5,A,4203.663320000001,4176.320843494384,4272.019511264043,27.342476505617014,7.118313011233689,0,1,0,1,1,1,True,42232,0.8386445993087479
42241,2025-10-16 11:00:00,11,1,MARKUP,6,A+,4205.4617,4178.87723312061,4271.922867198475,26.584466879389765,7.825533758779181,0,1,1,1,1,1,False,-1,
42253,2025-10-16 14:00:00,14,1,MARKUP,5,A,4217.77514,4196.431480388753,4271.134289028118,21.34365961124695,7.337039222494881,0,1,1,1,0,1,False,-1,
42265,2025-10-16 17:00:00,17,1,MARKUP,6,A+,4227.4668,4198.62234510307,4299.577937242326,28.844454896930074,10.015309793859712,0,1,1,1,1,1,False,-1,
42277,2025-10-16 20:00:00,20,1,MARKUP,6,A+,4237.42554,4197.915167663337,4336.201470841657,39.51037233666284,11.429664673324787,0,1,1,1,1,1,False,-1,
42321,2025-10-17 08:00:00,8,1,MARKUP,5,A,4295.55592,4235.718683617229,4445.149010956928,59.83723638277115,15.342632765543067,0,1,1,1,0,1,False,-1,
42333,2025-10-17 11:00:00,11,1,MARKUP,5,A,4306.76026,4252.70761222726,4441.89187943185,54.052647772739874,17.62477554548077,0,1,0,1,1,1,True,42347,-1.0
42365,2025-10-17 19:00:00,19,-1,MARKDOWN,6,A+,4316.85498,4389.468989516302,4135.319956209245,72.61400951630185,21.75797903260288,0,1,1,1,1,1,False,-1,
42416,2025-10-20 08:45:00,8,-1,MARKDOWN,5,A,4240.95626,4280.333714941586,4142.512622646036,39.37745494158571,11.087429883170682,1,1,1,0,0,1,True,42417,-1.0
42446,2025-10-20 16:15:00,16,1,MARKUP,5,A,4260.3962200000005,4213.24106608455,4378.284104788627,47.15515391545068,11.6378678309006,0,1,0,1,1,1,False,-1,
42458,2025-10-20 19:15:00,19,1,MARKUP,5,A,4272.7062,4215.6142220918355,4415.4361447704105,57.091977908164154,11.731555816327786,0,1,0,1,1,1,False,-1,
42525,2025-10-21 13:00:00,13,-1,MARKDOWN,6,A+,4328.80298,4388.451034915837,4179.682842710408,59.64805491583684,14.162069831675351,0,1,1,1,1,1,False,-1,
42537,2025-10-21 16:00:00,16,-1,MARKDOWN,6,A+,4304.4146200000005,4383.392330515921,4106.9703437102,78.97771051592008,16.164661031840545,0,1,1,1,1,1,False,-1,
42549,2025-10-21 19:00:00,19,-1,MARKDOWN,6,A+,4253.97552,4373.11544115643,3956.125717108924,119.13992115643032,23.870882312859944,0,1,1,1,1,1,False,-1,
42612,2025-10-22 11:45:00,11,-1,MARKDOWN,5,A,4101.4424,4171.915118563962,3925.2606035900944,70.47271856396219,21.150237127923898,0,1,1,1,0,1,True,42613,0.8247159650623666
42624,2025-10-22 14:45:00,14,-1,MARKDOWN,5,A,4101.4424,4172.4967910121695,3923.806422469576,71.05439101216962,22.313582024339546,0,1,0,1,1,1,False,-1,
42636,2025-10-22 17:45:00,17,-1,MARKDOWN,6,A+,4101.4424,4173.001640897404,3922.544297756489,71.55924089740438,23.32328179480877,0,1,1,1,1,1,True,42654,-0.09750802150073198
42648,2025-10-22 20:45:00,20,-1,MARKDOWN,4,B,4104.03618,4171.228144669727,3936.0562683256826,67.19196466972699,19.776289339454266,0,0,0,1,1,1,True,42654,-0.0652432180179295
42711,2025-10-23 13:30:00,13,1,MARKUP,5,A,4093.52816,4060.3174308608004,4176.554982847998,33.21072913919943,11.505138278399379,0,1,0,1,1,1,False,-1,
42723,2025-10-23 16:30:00,16,1,MARKUP,6,A+,4098.1007,4059.939081049986,4193.504747375036,38.161618950014145,12.26183790002862,0,1,1,1,1,1,False,-1,
42735,2025-10-23 19:30:00,19,1,MARKUP,5,A,4103.69848,4066.4835135088097,4196.735896227976,37.21496649119035,11.292972982380586,0,1,0,1,1,1,False,-1,
42786,2025-10-24 09:15:00,9,-1,MARKDOWN,6,A+,4124.9645,4156.588359709702,4045.9048507257457,31.62385970970172,9.576719419402501,0,1,1,1,1,1,False,-1,
42801,2025-10-24 13:00:00,13,-1,MARKDOWN,5,A,4107.42072,4150.052330809516,4000.8416929762097,42.63161080951613,11.124661619032413,0,1,0,1,1,1,True,42813,0.5
42815,2025-10-24 16:30:00,16,-1,MARKDOWN,4,B,4106.18304,4151.182419140647,3993.6845921483828,44.99937914064685,13.384838281293261,1,0,0,0,1,1,True,42816,0.7130391972322598
42830,2025-10-24 20:15:00,20,1,MARKUP,5,A,4080.32046,4038.213137926948,4185.58876518263,42.10732207305182,11.993724146103633,0,1,0,1,1,1,True,42845,-1.0
42873,2025-10-27 08:00:00,8,-1,MARKDOWN,5,A,4106.31966,4144.078161053154,4011.9234073671155,37.75850105315385,10.676322106308273,0,1,0,1,1,1,False,-1,
42885,2025-10-27 11:00:00,11,-1,MARKDOWN,6,A+,4106.31966,4142.986413687787,4014.6527757805334,36.666753687786695,8.492827375573217,0,1,1,1,1,1,False,-1,
42897,2025-10-27 14:00:00,14,-1,MARKDOWN,6,A+,4080.8301,4122.75435849417,3976.0194537645743,41.92425849417032,11.688716988340843,0,1,1,1,1,1,False,-1,
42909,2025-10-27 17:00:00,17,-1,MARKDOWN,6,A+,4060.4002800000003,4104.161396343537,3950.9974891411593,43.76111634353629,13.062792687073266,0,1,1,1,1,1,False,-1,
42921,2025-10-27 20:00:00,20,-1,MARKDOWN,4,B,4041.5776,4090.956812747538,3918.129568131155,49.37921274753808,12.273625495075578,0,1,0,1,0,1,False,-1,
42965,2025-10-28 08:00:00,8,-1,MARKDOWN,5,A,4013.2659599999997,4049.16559625447,3923.516869363824,35.89963625447035,10.511192508940827,0,1,0,1,1,1,False,-1,
42977,2025-10-28 11:00:00,11,-1,MARKDOWN,6,A+,3982.30894,4025.3787618738147,3874.634385315463,43.06982187381482,11.397523747629348,0,1,1,1,1,1,False,-1,
42989,2025-10-28 14:00:00,14,-1,MARKDOWN,5,A,3968.8052399999997,4026.0592518294256,3825.670210426435,57.25401182942596,12.758503658851991,0,1,0,1,1,1,True,43008,-1.0
43001,2025-10-28 17:00:00,17,-1,MARKDOWN,4,B,3968.8052399999997,4025.973515586041,3825.884551034897,57.16827558604109,12.587031172082309,0,0,0,1,1,1,True,43008,-1.0
43069,2025-10-29 11:00:00,11,1,MARKUP,6,A+,3951.52844,3910.3671573346587,4054.4316466633536,41.16128266534133,10.185685330682439,0,1,1,1,1,1,False,-1,
43081,2025-10-29 14:00:00,14,1,MARKUP,5,A,3959.06148,3911.1779932450618,4078.7701968873453,47.883486754938076,8.564013509876245,0,1,0,1,1,1,False,-1,
43093,2025-10-29 17:00:00,17,1,MARKUP,6,A+,3977.01818,3939.453037243948,4070.9310368901297,37.565142756051955,9.433925512103874,0,1,1,1,1,1,True,43111,-1.0
43172,2025-10-30 13:45:00,13,1,MARKUP,5,A,3952.36356,3909.45980486302,4059.6229478424493,42.903755136979726,12.020390273959197,0,1,0,1,1,1,False,-1,
43184,2025-10-30 16:45:00,16,1,MARKUP,5,A,3952.36356,3908.981383426427,4060.819001433932,43.382176573572906,12.977233147145796,0,1,1,1,0,1,False,-1,
43196,2025-10-30 19:45:00,19,1,MARKUP,6,A+,3953.4217,3909.7264185869144,4062.6599035327135,43.69528141308547,11.487162826170959,0,1,1,1,1,1,False,-1,
43261,2025-10-31 13:00:00,13,1,MARKUP,5,A,4010.91602,3984.5076394061475,4076.9369714846316,26.4083805938526,9.184721187704971,1,1,1,0,0,1,True,43262,-1.0
43273,2025-10-31 16:00:00,16,1,MARKUP,5,A,4010.91602,3984.341148037368,4077.353199906581,26.574871962632187,9.517703925264414,0,1,0,1,1,1,True,43276,-1.0
43333,2025-11-03 08:00:00,8,1,MARKUP,5,A,3989.10226,3958.338085424646,4066.0126964383853,30.76417457535399,8.483829150707878,0,1,0,1,1,1,False,-1,
43345,2025-11-03 11:00:00,11,1,MARKUP,4,B,3987.5628,3958.667584760423,4059.800838098943,28.895215239577283,7.8248304791537775,0,1,1,0,0,1,False,-1,
43357,2025-11-03 14:00:00,14,1,MARKUP,4,B,3987.5628,3958.8771953136834,4059.276811715792,28.685604686316765,7.405609372633457,0,0,1,0,1,1,False,-1,
43369,2025-11-03 17:00:00,17,1,MARKUP,6,A+,3988.56364,3958.567362363273,4063.5543340918175,29.996277636726973,8.025275273454149,0,1,1,1,1,1,False,-1,
43383,2025-11-03 20:30:00,20,1,MARKUP,6,A+,4007.49916,3989.1981958511788,4053.251570372053,18.300964148821095,8.043608297642168,1,0,1,1,1,1,True,43384,-1.0
43425,2025-11-04 08:00:00,8,-1,MARKDOWN,5,A,4006.2284,4034.442158021875,3935.6940049453124,28.213758021875037,7.6843160437499485,0,1,1,0,1,1,False,-1,
43455,2025-11-04 15:30:00,15,-1,MARKDOWN,6,A+,3990.89582,4009.6427182083607,3944.028574479099,18.746898208360562,7.705436416721658,0,1,1,1,1,1,False,-1,
43467,2025-11-04 18:30:00,18,-1,MARKDOWN,5,A,3973.2560000000003,4006.765761953755,3889.481595115614,33.509761953754605,12.011523907509492,1,0,0,1,1,1,False,-1,
43551,2025-11-05 16:30:00,16,1,MARKUP,4,B,3951.50848,3925.80757050625,4015.7607537343747,25.700909493749805,7.364858987499236,0,1,0,0,1,1,False,-1,
43563,2025-11-05 19:30:00,19,1,MARKUP,4,B,3962.46606,3941.4304077736006,4015.0551905659995,21.035652226399634,7.43918445279907,0,1,0,0,1,1,False,-1,
43609,2025-11-06 08:00:00,8,1,MARKUP,3,C,3974.2485,3961.749235062291,4005.496662344273,12.499264937709086,4.56152987541861,0,1,0,0,0,1,False,-1,
43621,2025-11-06 11:00:00,11,1,MARKUP,5,A,3984.57298,3961.7921716354335,4041.525000911416,22.780808364566383,5.535656729132569,0,1,0,1,1,1,True,43645,0.9087986320133474
43633,2025-11-06 14:00:00,14,1,MARKUP,5,A,3985.5891,3962.004359067021,4044.5509523324477,23.584740932979003,5.111281865957953,0,1,0,1,1,1,True,43645,0.8733220271790672
43701,2025-11-07 08:00:00,8,1,MARKUP,5,A,3981.98702,3963.1228883031777,4029.147349242056,18.86413169682237,5.174223393644905,0,1,0,1,1,1,False,-1,
43713,2025-11-07 11:00:00,11,1,MARKUP,6,A+,3983.23998,3963.142835530395,4033.482841174012,20.0971444696047,5.1343289392096425,0,1,1,1,1,1,False,-1,
43725,2025-11-07 14:00:00,14,1,MARKUP,6,A+,3989.7236000000003,3971.6797001842465,4034.8333495393845,18.043899815753775,5.680599631507373,0,1,1,1,1,1,True,43735,0.9870078380410858
43742,2025-11-07 18:15:00,18,1,MARKUP,6,A+,3995.5575200000003,3979.822204561405,4034.8958085964878,15.73531543859508,8.275590877189208,0,1,1,1,1,1,True,43745,1.75
43793,2025-11-10 08:00:00,8,1,MARKUP,6,A+,4017.2933199999998,3980.746805311904,4108.659606720239,36.54651468809561,6.426389376191864,0,1,1,1,1,1,False,-1,
43805,2025-11-10 11:00:00,11,1,MARKUP,5,A,4027.8741,3989.3198646148053,4124.259688462987,38.554235385194715,6.400270770389773,0,1,0,1,1,1,False,-1,
43817,2025-11-10 14:00:00,14,1,MARKUP,5,A,4030.8466200000003,3991.4552488983722,4129.3250477540705,39.39137110162801,5.8895022032555,0,1,1,0,1,1,False,-1,
43829,2025-11-10 17:00:00,17,1,MARKUP,4,B,4047.57372,4007.8417716701233,4146.9035908246915,39.73194832987656,7.2964566597533365,0,0,1,1,0,1,False,-1,
43841,2025-11-10 20:00:00,20,1,MARKUP,6,A+,4068.29526,4041.756660200283,4134.641759499292,26.53859979971685,6.526679599433764,0,1,1,1,1,1,False,-1,
43885,2025-11-11 08:00:00,8,1,MARKUP,6,A+,4102.83922,4071.2156664905933,4181.898103773516,31.62355350940652,6.168667018813583,0,1,1,1,1,1,False,-1,
43897,2025-11-11 11:00:00,11,1,MARKUP,5,A,4114.66774,4090.189955802055,4175.862200494862,24.477784197944857,6.500088395889927,0,1,1,0,1,1,False,-1,
43909,2025-11-11 14:00:00,14,1,MARKUP,5,A,4122.86242,4104.051840285955,4169.888869285113,18.81057971404516,5.2963194280894825,0,1,0,1,1,1,True,43920,-1.0
43997,2025-11-12 13:00:00,13,1,MARKUP,5,A,4116.70884,4095.5679516513214,4169.561060871697,21.1408883486788,6.6640966973566425,0,1,1,1,0,1,False,-1,
44009,2025-11-12 16:00:00,16,1,MARKUP,6,A+,4116.70884,4095.3747700136228,4170.044014965944,21.33406998637747,7.050459972753541,0,1,1,1,1,1,False,-1,
44021,2025-11-12 19:00:00,19,1,MARKUP,6,A+,4138.50576,4094.2453751639864,4249.156722090034,44.2603848360136,9.309249672026237,0,1,1,1,1,1,False,-1,
44069,2025-11-13 08:00:00,8,1,MARKUP,4,B,4160.73236,4120.222546609659,4262.006893475853,40.50981339034115,8.454906780682848,0,1,0,0,1,1,False,-1,
44081,2025-11-13 11:00:00,11,1,MARKUP,5,A,4202.4927,4175.796466512445,4269.233283718888,26.69623348755522,7.667066975110416,0,1,0,1,1,1,True,44103,-1.0
44093,2025-11-13 14:00:00,14,1,MARKUP,6,A+,4202.71044,4175.66018427512,4270.3360793122,27.050255724880117,7.939631449760236,0,1,1,1,1,1,True,44103,-1.0
44164,2025-11-14 08:45:00,8,-1,MARKDOWN,6,A+,4186.08586,4215.564526267432,4112.389194331421,29.478666267431436,8.709052534862693,0,1,1,1,1,1,True,44171,1.75
44176,2025-11-14 11:45:00,11,-1,MARKDOWN,6,A+,4186.08586,4215.718443523222,4112.004401191945,29.63258352322191,9.016887046443495,0,1,1,1,1,1,False,-1,
44188,2025-11-14 14:45:00,14,-1,MARKDOWN,5,A,4171.68064,4216.8183773170895,4058.836296707275,45.137737317089886,11.216754634178525,0,1,0,1,1,1,False,-1,
44200,2025-11-14 17:45:00,17,-1,MARKDOWN,5,A,4142.8511,4219.578233095286,3951.033267261784,76.72713309528626,16.73646619057305,0,1,0,1,1,1,False,-1,
44212,2025-11-14 20:45:00,20,-1,MARKDOWN,2,C,4139.53862,4212.873042321791,3956.202564195523,73.33442232179095,14.046084643581121,0,0,0,0,0,1,False,-1,
44253,2025-11-17 08:00:00,8,-1,MARKDOWN,5,A,4081.0820000000003,4115.854601302025,3994.1504967449387,34.77260130202467,9.18920260405021,0,1,0,1,1,1,True,44259,1.2589070919275813
44273,2025-11-17 13:00:00,13,-1,MARKDOWN,6,A+,4084.94892,4111.04921369771,4019.6981857557244,26.100293697710185,8.698427395420042,0,1,1,1,1,1,True,44276,0.6386033807113823
44286,2025-11-17 16:15:00,16,-1,MARKDOWN,5,A,4084.6028400000005,4111.10466663956,4018.3482734011027,26.501826639559113,9.929333279117726,0,1,0,1,1,1,False,-1,
44300,2025-11-17 19:45:00,19,-1,MARKDOWN,6,A+,4078.3116,4100.519229005883,4022.7925274852923,22.207629005883064,9.118458011765357,1,0,1,1,1,1,False,-1,
44345,2025-11-18 08:00:00,8,-1,MARKDOWN,5,A,4052.56926,4086.6890985281434,3967.2696636796422,34.11983852814319,9.358197056286107,0,1,1,1,0,1,False,-1,
44357,2025-11-18 11:00:00,11,-1,MARKDOWN,2,C,4049.28512,4085.9157772980066,3957.7084767549836,36.630657298006554,9.971554596013151,0,0,0,0,0,1,True,44364,-1.0
44394,2025-11-18 20:15:00,20,1,MARKUP,5,A,4030.12834,3993.028921008263,4122.876887479344,37.099418991737366,10.122157983474901,0,1,0,1,1,1,False,-1,
44437,2025-11-19 08:00:00,8,1,MARKUP,5,A,4062.5306000000005,4036.720714349218,4127.0553141269575,25.80988565078269,7.078571301564611,0,1,1,1,0,1,False,-1,
44449,2025-11-19 11:00:00,11,1,MARKUP,6,A+,4072.0478000000003,4051.9324035864097,4122.3362910339765,20.115396413590588,7.455192827180235,0,1,1,1,1,1,False,-1,
44461,2025-11-19 14:00:00,14,1,MARKUP,6,A+,4080.15766,4052.0051362317104,4150.538969420723,28.152523768289484,7.309727536578735,0,1,1,1,1,1,True,44478,0.7159698687546316
44473,2025-11-19 17:00:00,17,1,MARKUP,5,A,4084.11136,4050.8669491743867,4167.222387064033,33.24441082561316,9.58610165122642,0,1,1,1,0,1,True,44477,-1.0
44529,2025-11-20 08:00:00,8,-1,MARKDOWN,4,B,4097.70892,4137.4125941318525,3998.449734670369,39.703674131852495,9.16518826370544,0,1,0,1,0,1,False,-1,
44541,2025-11-20 11:00:00,11,-1,MARKDOWN,4,B,4083.00632,4115.814153438642,4000.9867364033944,32.80783343864232,11.188306877283564,0,0,0,1,1,1,True,44557,0.6926239526367778
44553,2025-11-20 14:00:00,14,-1,MARKDOWN,4,B,4083.00632,4115.3427360377955,4002.165279905511,32.336416037795516,10.245472075591294,0,0,0,1,1,1,True,44557,0.6954321266467464
44572,2025-11-20 18:45:00,18,-1,MARKDOWN,5,A,4081.1276000000003,4114.282390297067,3998.2406242573343,33.154790297066484,14.204780594132835,0,1,1,0,1,1,True,44582,0.7998060347917139
44621,2025-11-21 08:00:00,8,-1,MARKDOWN,5,A,4081.52106,4111.902963095068,4005.56630226233,30.381903095068083,9.44592619013539,0,1,0,1,1,1,False,-1,
44633,2025-11-21 11:00:00,11,-1,MARKDOWN,5,A,4063.3861,4094.0481760236175,3986.7309099409567,30.662076023617374,10.55635204723542,1,0,0,1,1,1,True,44634,0.7354723346845229
44645,2025-11-21 14:00:00,14,-1,MARKDOWN,4,B,4063.3861,4093.5877022107306,3987.882094473174,30.20160221073047,9.635404421461184,0,0,0,1,1,1,True,44648,-1.0
44667,2025-11-21 19:30:00,19,1,MARKUP,5,A,4052.3948600000003,4016.801295379434,4141.378771551415,35.59356462056621,11.037409241131758,0,1,0,1,1,1,False,-1,
44713,2025-11-24 08:00:00,8,-1,MARKDOWN,4,B,4077.74418,4104.992559842606,4009.623230393485,27.248379842606028,7.885119685211665,0,1,0,1,0,1,False,-1,
44738,2025-11-24 14:15:00,14,1,MARKUP,5,A,4054.6515,4036.9146982243246,4098.993504439188,17.736801775675303,6.2506035513509035,0,1,1,0,1,1,False,-1,
44750,2025-11-24 17:15:00,17,1,MARKUP,6,A+,4060.61834,4036.074828433584,4121.97711891604,24.543511566415873,7.930343132831694,0,1,1,1,1,1,False,-1,
44762,2025-11-24 20:15:00,20,1,MARKUP,6,A+,4063.1319,4036.7555591052483,4129.072752236879,26.376340894751593,6.56888178950358,0,1,1,1,1,1,False,-1,
44805,2025-11-25 08:00:00,8,1,MARKUP,5,A,4101.80152,4065.1694940816146,4193.381584795963,36.63202591838535,6.521011836770105,0,1,0,1,1,1,False,-1,
44835,2025-11-25 15:30:00,15,1,MARKUP,6,A+,4127.275479999999,4105.265419979414,4182.300630051463,22.010060020585115,8.76916004117062,0,1,1,1,1,1,True,44839,0.7395889503382314
44847,2025-11-25 18:30:00,18,1,MARKUP,5,A,4127.275479999999,4104.831216479811,4183.386138800471,22.444263520188542,9.637567040378508,0,1,1,1,0,1,False,-1,
44897,2025-11-26 08:00:00,8,1,MARKUP,4,B,4133.254419999999,4107.971670777407,4196.46129305648,25.28274922259243,6.016658445185821,0,1,0,1,0,1,False,-1,
44909,2025-11-26 11:00:00,11,1,MARKUP,5,A,4143.43288,4124.069633012393,4191.8409974690185,19.363246987607454,6.760733975213349,0,1,0,1,1,1,True,44929,0.9619408503655971
44921,2025-11-26 14:00:00,14,1,MARKUP,5,A,4145.02964,4124.493176816223,4196.370797959441,20.536463183776505,5.913646367553404,0,1,0,1,1,1,True,44929,0.8966746711152385
44935,2025-11-26 17:30:00,17,1,MARKUP,6,A+,4149.54104,4130.343284716777,4197.535428208058,19.19775528322316,8.813430566447046,0,1,1,1,1,1,False,-1,
44948,2025-11-26 20:45:00,20,1,MARKUP,5,A,4150.6658,4133.218208617616,4194.284778455958,17.447591382383507,6.703582764766686,0,1,0,1,1,1,True,44970,1.4800480007270407
44996,2025-11-27 09:45:00,9,1,MARKUP,6,A+,4153.75036,4140.348154322079,4187.255874194803,13.402205677921302,4.663691355843699,0,1,1,1,1,1,True,45002,1.75
45009,2025-11-27 13:00:00,13,1,MARKUP,6,A+,4153.02074,4140.291668067241,4184.843419831898,12.729071932759325,4.776663865519603,0,1,1,1,1,1,True,45017,1.75
45021,2025-11-27 16:00:00,16,1,MARKUP,5,A,4152.4859400000005,4140.4262538620405,4182.6351553449,12.059686137959943,4.5074922759203195,0,1,1,0,1,1,True,45030,1.75
45035,2025-11-27 19:30:00,19,1,MARKUP,5,A,4152.0084400000005,4140.789036741075,4180.056948147316,11.219403258925922,3.781926517851751,0,1,1,0,1,1,False,-1,
45071,2025-11-28 08:00:00,8,1,MARKUP,3,C,4165.976879999999,4146.464018558466,4214.759033603833,19.51286144153346,5.531962883066827,0,1,0,0,0,1,True,45079,1.0433282471301744
45102,2025-11-28 16:00:00,16,1,MARKUP,6,A+,4170.0495,4152.207857773137,4214.653605567157,17.84164222686286,7.224284453724937,0,1,1,1,1,1,False,-1,
45114,2025-11-28 19:00:00,19,1,MARKUP,6,A+,4177.12032,4151.766562267677,4240.5047143308075,25.353757732323174,8.106875464645974,0,1,1,1,1,1,False,-1,
45154,2025-12-01 08:00:00,8,1,MARKUP,4,B,4201.6084599999995,4163.598744413275,4296.63274896681,38.00971558672427,8.382511173449243,0,0,1,0,1,1,False,-1,
45166,2025-12-01 11:00:00,11,1,MARKUP,6,A+,4212.8807799999995,4182.374234886504,4289.147142783737,30.50654511349512,7.31153022699081,0,1,1,1,1,1,False,-1,
45178,2025-12-01 14:00:00,14,1,MARKUP,5,A,4227.10546,4201.864762357376,4290.2072041065585,25.240697642623672,6.910475285247276,0,1,0,1,1,1,True,45188,-1.0
45246,2025-12-02 08:00:00,8,-1,MARKDOWN,4,B,4227.0694,4252.2155153798385,4164.204111550405,25.146115379838193,5.751030759676225,1,0,0,1,0,1,False,-1,
45258,2025-12-02 11:00:00,11,-1,MARKDOWN,6,A+,4224.18334,4247.844139482208,4165.031341294478,23.66079948220886,6.3482789644171245,0,1,1,1,1,1,True,45279,1.75
45270,2025-12-02 14:00:00,14,-1,MARKDOWN,4,B,4218.4686599999995,4245.035443098503,4152.051702253742,26.566783098503038,7.010886197005031,0,0,0,1,1,1,True,45278,1.1108801689608723
45282,2025-12-02 17:00:00,17,-1,MARKDOWN,5,A,4211.72628,4235.039665039841,4153.442817400398,23.313385039840796,8.839330079682096,1,0,1,0,1,1,True,45304,-1.0
45294,2025-12-02 20:00:00,20,-1,MARKDOWN,6,A+,4204.69366,4235.292869653758,4128.195635865604,30.599209653758408,9.345739307517148,0,1,1,1,1,1,True,45304,-1.0
45338,2025-12-03 08:00:00,8,1,MARKUP,4,B,4188.67634,4159.880196266766,4260.6666993330855,28.796143733234203,5.739607466467768,0,0,0,1,1,1,False,-1,
45369,2025-12-03 15:45:00,15,1,MARKUP,5,A,4211.35036,4191.241386593071,4261.622793517323,20.10897340692918,6.617226813857372,0,1,1,0,1,1,True,45373,-1.0
45384,2025-12-03 19:30:00,19,1,MARKUP,5,A,4212.54602,4189.538199296476,4270.06557175881,23.007820703523976,10.02360140704842,1,0,1,0,1,1,True,45385,-1.0
45430,2025-12-04 08:00:00,8,-1,MARKDOWN,6,A+,4216.22262,4244.993395053043,4144.29568236739,28.770775053043508,6.666790106085634,0,1,1,1,1,1,False,-1,
45442,2025-12-04 11:00:00,11,-1,MARKDOWN,6,A+,4200.82824,4219.843832468952,4153.289258827619,19.01559246895249,6.187664937904418,0,1,1,1,1,1,True,45445,-1.0
45457,2025-12-04 14:45:00,14,-1,MARKDOWN,5,A,4200.82824,4219.689818192921,4153.6742945176975,18.861578192921115,5.879636385842769,0,1,1,0,1,1,True,45462,-1.0
45478,2025-12-04 20:00:00,20,1,MARKUP,5,A,4192.004059999999,4171.446297255902,4243.3984668602425,20.55776274409709,7.247405488194884,0,1,0,1,1,1,False,-1,
45522,2025-12-05 08:00:00,8,1,MARKUP,6,A+,4205.55838,4188.997541120054,4246.960477199867,16.56083887994646,4.784917759892653,0,1,1,1,1,1,False,-1,
45534,2025-12-05 11:00:00,11,1,MARKUP,5,A,4208.56998,4192.538187102144,4248.649462244642,16.031792897856576,4.643625795712905,0,1,0,1,1,1,False,-1,
45546,2025-12-05 14:00:00,14,1,MARKUP,4,B,4208.56998,4192.7663542922755,4248.079044269312,15.803625707724677,4.187291415447543,0,1,1,0,0,1,True,45562,0.5
45558,2025-12-05 17:00:00,17,1,MARKUP,4,B,4214.170099999999,4191.620300259559,4270.544599351099,22.549799740439994,6.479399480881128,0,1,1,0,0,1,True,45562,0.5
45633,2025-12-08 13:00:00,13,-1,MARKDOWN,6,A+,4208.6909399999995,4221.570208418707,4176.492768953231,12.879268418707397,5.260416837414941,0,1,1,1,1,1,True,45634,1.2111723444749258
45647,2025-12-08 16:30:00,16,-1,MARKDOWN,5,A,4210.69644,4222.169906251577,4182.012774371056,11.47346625157752,6.459812503155674,0,1,1,0,1,1,True,45648,1.75
45659,2025-12-08 19:30:00,19,-1,MARKDOWN,5,A,4202.65534,4222.858729534532,4152.14686616367,20.203389534532107,7.837459069064865,0,1,0,1,1,1,False,-1,
45705,2025-12-09 08:00:00,8,-1,MARKDOWN,6,A+,4195.69082,4213.912601920654,4150.136365198364,18.221781920654394,4.745203841308733,0,1,1,1,1,1,True,45717,-1.0
45742,2025-12-09 17:15:00,17,1,MARKUP,5,A,4186.37286,4166.33748647694,4236.461293807651,20.035373523060116,7.425027046119141,0,1,0,1,1,1,False,-1,
45754,2025-12-09 20:15:00,20,1,MARKUP,6,A+,4189.63896,4166.424904432924,4247.67409891769,23.214055567075775,7.250191134151323,0,1,1,1,1,1,False,-1,
45817,2025-12-10 13:00:00,13,-1,MARKDOWN,5,A,4206.95362,4220.954637540447,4171.951076148884,14.00101754044681,4.249275080894359,0,1,0,1,1,1,True,45829,0.7034291558798806
45829,2025-12-10 16:00:00,16,-1,MARKDOWN,4,B,4206.95362,4221.201785521732,4171.333206195672,14.248165521731607,4.743571043464457,1,0,0,0,1,1,True,45849,0.5
45846,2025-12-10 20:15:00,20,-1,MARKDOWN,5,A,4204.25914,4217.029847801797,4172.332370495509,12.770707801796561,5.119695603592674,0,1,1,0,1,1,True,45849,-1.0
45915,2025-12-11 14:30:00,14,1,MARKUP,7,A+,4220.83846,4201.682794289407,4268.727624276482,19.155665710592984,5.054411421186007,1,1,1,1,1,1,True,45916,0.8225335933531672
45927,2025-12-11 17:30:00,17,1,MARKUP,5,A,4224.1695,4199.81436054277,4285.057348643074,24.355139457229598,8.791278914459232,0,1,1,1,0,1,False,-1,
45939,2025-12-11 20:30:00,20,1,MARKUP,4,B,4235.4385,4200.096719087119,4323.792952282203,35.341780912881404,8.226561825763273,0,1,0,1,0,1,False,-1,
45981,2025-12-12 08:00:00,8,1,MARKUP,5,A,4247.37208,4221.126173379737,4312.986846550657,26.24590662026276,4.787653240526491,0,1,0,1,1,1,False,-1,
45993,2025-12-12 11:00:00,11,1,MARKUP,6,A+,4283.74126,4260.264479930847,4342.433210172881,23.476780069152483,5.751040138306392,0,1,1,1,1,1,False,-1,
46005,2025-12-12 14:00:00,14,1,MARKUP,5,A,4293.1263,4261.292815172367,4372.710012069081,31.833484827632674,6.634369655264396,0,1,0,1,1,1,True,46020,-1.0
46017,2025-12-12 17:00:00,17,1,MARKUP,5,A,4298.5889,4260.329273090093,4394.237967274767,38.25962690990673,8.561453819813,0,1,0,1,1,1,True,46019,-1.0
46073,2025-12-15 08:00:00,8,1,MARKUP,6,A+,4294.3247,4254.76086922168,4393.234276945801,39.56383077832015,5.898261556639242,0,1,1,1,1,1,False,-1,
46085,2025-12-15 11:00:00,11,1,MARKUP,6,A+,4302.34502,4270.438202859021,4382.112062852448,31.906817140979,5.283594281957802,0,1,1,1,1,1,False,-1,
46097,2025-12-15 14:00:00,14,1,MARKUP,5,A,4312.08726,4286.052013870583,4377.1753753235425,26.03524612941692,4.755972258834314,0,1,1,0,1,1,True,46110,-1.0
46165,2025-12-16 08:00:00,8,-1,MARKDOWN,5,A,4310.8448,4338.641814722873,4241.352263192816,27.797014722873428,7.003629445745415,0,1,0,1,1,1,False,-1,
46177,2025-12-16 11:00:00,11,-1,MARKDOWN,5,A,4300.1534,4321.059578235865,4247.887954410338,20.9061782358649,6.439156471729307,0,1,0,1,1,1,True,46194,-1.0
46189,2025-12-16 14:00:00,14,-1,MARKDOWN,3,C,4300.1534,4320.807667851299,4248.517730371754,20.654267851298755,5.935335702597061,0,0,0,0,1,1,True,46194,-1.0
46257,2025-12-17 08:00:00,8,1,MARKUP,5,A,4310.81604,4288.1597781546025,4367.456694613493,22.65626184539724,6.180443690794653,0,1,0,1,1,1,True,46265,0.9639593409104603
46269,2025-12-17 11:00:00,11,1,MARKUP,5,A,4314.23358,4293.499250054482,4366.069404863794,20.734329945517857,6.5614998910359015,0,0,1,1,1,1,True,46275,0.924552630174964
46287,2025-12-17 15:30:00,15,1,MARKUP,5,A,4317.15672,4298.242408224923,4364.442499437693,18.914311775077294,6.535183550154551,0,1,1,1,0,1,False,-1,
46299,2025-12-17 18:30:00,18,1,MARKUP,6,A+,4322.7092600000005,4301.355200867175,4376.0944078320645,21.35405913282557,9.90959826565081,0,1,1,1,1,1,False,-1,
46378,2025-12-18 15:15:00,15,-1,MARKDOWN,4,B,4333.19068,4347.152794207691,4298.285394480772,13.96211420769123,4.805588415382288,0,1,0,0,1,1,True,46379,0.7580329133643915
46390,2025-12-18 18:15:00,18,1,MARKUP,5,A,4334.00324,4303.578172309908,4410.06590922523,30.425067690091964,10.563655380182723,0,1,1,1,0,1,True,46393,0.6473859056167075
46441,2025-12-19 08:00:00,8,-1,MARKDOWN,4,B,4349.53676,4377.346674178383,4280.011974554041,27.809914178383224,5.333348356765292,0,0,0,1,1,1,False,-1,
46477,2025-12-19 17:00:00,17,1,MARKUP,5,A,4323.13548,4305.912245639877,4366.193565900307,17.22323436012266,6.835508720245029,0,1,1,0,1,1,False,-1,
46489,2025-12-19 20:00:00,20,1,MARKUP,5,A,4329.49432,4309.8005601953055,4378.728719511735,19.69375980469431,6.718879609388287,0,1,1,0,1,1,False,-1,
46533,2025-12-22 08:00:00,8,1,MARKUP,5,A,4354.0197800000005,4316.652946698551,4447.436863253624,37.36683330144933,6.134106602898264,0,1,0,1,1,1,False,-1,
46545,2025-12-22 11:00:00,11,1,MARKUP,6,A+,4368.3598,4333.253093623916,4456.12656594021,35.10670637608382,6.113812752167588,0,1,1,1,1,1,False,-1,
46557,2025-12-22 14:00:00,14,1,MARKUP,3,C,4368.3598,4333.935780802867,4454.419847992833,34.42401919713302,4.748438394266918,0,0,0,0,1,1,False,-1,
46569,2025-12-22 17:00:00,17,1,MARKUP,3,C,4385.77258,4355.428967470567,4461.631611323583,30.343612529432903,7.062065058866659,0,0,0,1,0,1,False,-1,
46581,2025-12-22 20:00:00,20,1,MARKUP,4,B,4407.1476,4382.0626568241305,4469.859957939674,25.08494317586974,6.774686351739255,0,1,0,1,0,1,False,-1,
46625,2025-12-23 08:00:00,8,1,MARKUP,2,C,4444.8514399999995,4408.763321922356,4535.0717351941075,36.08811807764323,6.5333561552875,0,0,0,0,0,1,False,-1,
46637,2025-12-23 11:00:00,11,1,MARKUP,3,C,4455.29564,4425.93657995681,4528.6932901079745,29.359060043189857,5.986840086380282,0,0,0,0,1,1,True,46659,1.031377679670749
46649,2025-12-23 14:00:00,14,1,MARKUP,5,A,4457.10638,4429.153469571258,4526.988656071855,27.952910428742143,5.41306085748243,0,1,0,1,1,1,True,46657,1.0257191103776506
46717,2025-12-24 08:00:00,8,1,MARKUP,3,C,4466.909659999999,4426.254292380013,4568.548079049966,40.655367619986464,8.631415239973528,0,0,0,1,0,1,False,-1,
46767,2025-12-24 20:30:00,20,-1,MARKDOWN,4,B,4480.94278,4505.720420465767,4418.998678835583,24.777640465767035,8.520840931535487,1,0,0,0,1,1,True,46769,-1.0
46797,2025-12-26 08:00:00,8,1,MARKUP,4,B,4479.67756,4443.975290183999,4568.933234540002,35.70226981600081,7.549419632001547,0,1,0,0,1,1,False,-1,
46809,2025-12-26 11:00:00,11,1,MARKUP,6,A+,4479.67756,4444.650516532365,4567.245168669087,35.02704346763494,6.1989669352691,0,1,1,1,1,1,False,-1,
46821,2025-12-26 14:00:00,14,1,MARKUP,5,A,4497.24112,4472.993719217326,4557.859621956684,24.24740078267405,6.352561565349257,0,0,1,1,1,1,False,-1,
46833,2025-12-26 17:00:00,17,1,MARKUP,6,A+,4508.0111,4488.273625850069,4557.354785374826,19.737474149930677,8.112748299862403,0,1,1,1,1,1,False,-1,
46845,2025-12-26 20:00:00,20,1,MARKUP,5,A,4517.5695,4492.836012792572,4579.4032180185695,24.73348720742797,9.547974414855469,1,0,0,1,1,1,True,46846,0.5811127074621589
46893,2025-12-29 09:00:00,9,-1,MARKDOWN,6,A+,4509.3679999999995,4556.035716107712,4392.698709730719,46.667716107712295,12.351432215424419,0,1,1,1,1,1,False,-1,
46909,2025-12-29 13:00:00,13,-1,MARKDOWN,6,A+,4509.2753,4554.696813652389,4395.721515869028,45.42151365238897,9.97362730477915,0,1,1,1,1,1,False,-1,
46921,2025-12-29 16:00:00,16,-1,MARKDOWN,6,A+,4482.39912,4549.17484810306,4315.45979974235,66.77572810305992,14.489696206119358,0,1,1,1,1,1,False,-1,
46933,2025-12-29 19:00:00,19,-1,MARKDOWN,5,A,4436.3682,4529.474853353378,4203.601566616553,93.10665335337853,18.20970670675722,0,1,0,1,1,1,False,-1,
47073,2025-12-31 08:00:00,8,-1,MARKDOWN,6,A+,4347.31792,4399.795928720966,4216.122898197586,52.47800872096559,15.231857441932133,0,1,1,1,1,1,False,-1,
47085,2025-12-31 11:00:00,11,-1,MARKDOWN,5,A,4338.97492,4384.7905253123445,4224.435906719138,45.815605312344815,12.221050624687711,0,1,0,1,1,1,True,47104,-1.0
47097,2025-12-31 14:00:00,14,-1,MARKDOWN,5,A,4335.53884,4378.358094549354,4228.490703626616,42.8192545493539,10.476189098709021,0,0,1,1,1,1,True,47104,-1.0
47165,2026-01-02 08:00:00,8,1,MARKUP,5,A,4334.0731,4301.5145634584505,4415.469441353873,32.558536541549074,6.250873083099679,0,1,0,1,1,1,False,-1,
47177,2026-01-02 11:00:00,11,1,MARKUP,4,B,4340.112520000001,4301.48649517219,4436.677582069527,38.6260248278104,6.30700965562016,0,1,0,0,1,1,True,47201,1.75
47189,2026-01-02 14:00:00,14,1,MARKUP,5,A,4342.28714,4304.172344592233,4437.57412851942,38.114795407767815,5.735310815535596,0,1,0,1,1,1,True,47201,1.75
47213,2026-01-02 20:00:00,20,-1,MARKDOWN,5,A,4368.14808,4407.551173831604,4269.64034542099,39.403093831603655,10.382347663208206,0,1,1,1,0,1,True,47229,-1.0
47257,2026-01-05 08:00:00,8,1,MARKUP,5,A,4352.32806,4305.187903403566,4470.178451491083,47.14015659643337,9.224193192867425,0,1,1,0,1,1,False,-1,
47269,2026-01-05 11:00:00,11,1,MARKUP,5,A,4357.15654,4306.11353944961,4484.764041375976,51.04300055039039,7.372921100780727,0,1,1,1,0,1,False,-1,
47281,2026-01-05 14:00:00,14,1,MARKUP,2,C,4365.03818,4315.005046308843,4490.1210142278915,50.03313369115676,7.629907382314074,0,0,0,0,0,1,False,-1,
47293,2026-01-05 17:00:00,17,1,MARKUP,6,A+,4407.548919999999,4372.487327497313,4495.2029012567145,35.061592502685926,10.485345005372102,0,1,1,1,1,1,False,-1,
47305,2026-01-05 20:00:00,20,1,MARKUP,6,A+,4418.95102,4391.36585929193,4487.913921770176,27.58516070807036,9.62828141614021,0,1,1,1,1,1,False,-1,
47349,2026-01-06 08:00:00,8,1,MARKUP,5,A,4439.3366,4414.07948548045,4502.479386298874,25.25711451954976,7.501029039100093,0,1,0,1,1,1,False,-1,
47361,2026-01-06 11:00:00,11,1,MARKUP,3,C,4444.90652,4421.921090808791,4502.370092978022,22.985429191208823,7.877818382417676,0,0,0,0,1,1,True,47364,0.7346926642563996
47373,2026-01-06 14:00:00,14,1,MARKUP,5,A,4444.90652,4422.559578607163,4500.773873482092,22.346941392836925,6.6008427856742475,0,1,0,1,1,1,False,-1,
47385,2026-01-06 17:00:00,17,1,MARKUP,5,A,4450.72438,4421.529416577687,4523.711788555782,29.194963422312867,8.661166844625352,0,1,0,1,1,1,False,-1,
47397,2026-01-06 20:00:00,20,1,MARKUP,6,A+,4461.37856,4438.5912450263195,4518.346847434202,22.787314973680623,8.07750994736122,0,1,1,1,1,1,False,-1,
47464,2026-01-07 13:45:00,13,-1,MARKDOWN,5,A,4478.02908,4504.130591617741,4412.775300955649,26.10151161774047,7.081183235481401,0,1,1,0,1,1,False,-1,
47476,2026-01-07 16:45:00,16,-1,MARKDOWN,4,B,4469.72894,4500.6286053106305,4392.479776723423,30.899665310630553,9.977210621260724,0,1,0,0,1,1,False,-1,
47488,2026-01-07 19:45:00,19,-1,MARKDOWN,5,A,4458.64892,4485.282037443752,4392.066126390618,26.63311744375278,9.76407488750563,1,0,1,0,1,1,True,47491,1.0619980468881898
47533,2026-01-08 08:00:00,8,-1,MARKDOWN,4,B,4448.2462399999995,4472.168069055705,4388.441667360736,23.92182905570553,7.596138111410262,0,1,0,1,0,1,False,-1,
47545,2026-01-08 11:00:00,11,-1,MARKDOWN,5,A,4447.06586,4470.22964717322,4389.15639206695,23.163787173220044,7.539294346439215,0,1,0,1,1,1,True,47569,-1.0
47557,2026-01-08 14:00:00,14,-1,MARKDOWN,5,A,4445.59898,4469.834879749343,4385.009230626642,24.235899749342934,6.749759498684853,0,1,1,0,1,1,True,47569,-1.0
47626,2026-01-09 08:15:00,8,1,MARKUP,6,A+,4445.5904,4418.9366606697395,4512.2247483256515,26.653739330260578,5.786678660521075,0,1,1,1,1,1,False,-1,
47638,2026-01-09 11:15:00,11,1,MARKUP,6,A+,4459.76114,4442.001943488918,4504.159131277704,17.759196511081427,5.516113022164367,0,1,1,1,1,1,True,47655,1.0902094129790179
47650,2026-01-09 14:15:00,14,1,MARKUP,5,A,4464.77312,4450.189056223662,4501.233279440844,14.584063776337644,5.3618875526751815,1,0,0,1,1,1,True,47651,1.04687466196662
47662,2026-01-09 17:15:00,17,1,MARKUP,6,A+,4475.11386,4447.570278636048,4543.972813409881,27.5435813639524,10.599442727903142,0,1,1,1,1,1,False,-1,
47674,2026-01-09 20:15:00,20,1,MARKUP,6,A+,4480.49878,4452.9443251484945,4549.384917128764,27.554454851505398,9.811349703011711,0,1,1,1,1,1,False,-1,
47717,2026-01-12 08:00:00,8,1,MARKUP,5,A,4525.70928,4474.853491242269,4652.8487518943275,50.85578875773081,8.473017515461281,0,1,0,1,1,1,False,-1,
47729,2026-01-12 11:00:00,11,1,MARKUP,5,A,4527.5571,4478.223292184308,4650.89161953923,49.333807815692126,7.7134156313835325,0,1,1,1,0,1,False,-1,
47741,2026-01-12 14:00:00,14,1,MARKUP,3,C,4540.2570000000005,4498.946373198279,4643.533567004305,41.31062680172181,7.3672536034424265,0,0,0,1,0,1,False,-1,
47753,2026-01-12 17:00:00,17,1,MARKUP,6,A+,4577.595859999999,4545.499630227991,4657.836434430022,32.09622977200888,11.300739544017635,0,1,1,1,1,1,False,-1,
47765,2026-01-12 20:00:00,20,1,MARKUP,5,A,4588.93142,4558.549568420916,4664.886048947708,30.38185157908356,9.720863158167253,0,1,0,1,1,1,True,47781,0.9495265456055624
47837,2026-01-13 15:00:00,15,1,MARKUP,6,A+,4586.72742,4569.842250180553,4628.940344548619,16.885169819447583,7.175499638895812,0,1,1,1,1,1,True,47856,0.5
47849,2026-01-13 18:00:00,18,1,MARKUP,5,A,4596.83132,4568.090024405642,4668.684558985896,28.741295594358235,10.679951188716299,0,1,0,1,1,1,True,47850,1.0156667103796173
47901,2026-01-14 08:00:00,8,1,MARKUP,4,B,4596.4436,4565.629655103236,4673.47846224191,30.813944896764042,8.300689793528424,0,1,0,0,1,1,False,-1,
47913,2026-01-14 11:00:00,11,1,MARKUP,6,A+,4596.455059999999,4566.096885875878,4672.350495310303,30.358174124121433,7.366228248243058,0,1,1,1,1,1,False,-1,
47925,2026-01-14 14:00:00,14,1,MARKUP,6,A+,4596.455059999999,4566.421610674468,4671.538683313827,30.033449325531365,6.7167786510641125,0,1,1,1,1,1,False,-1,
47951,2026-01-14 20:30:00,20,1,MARKUP,6,A+,4615.525,4594.563025325854,4667.929936685363,20.961974674145495,9.453949348291076,0,1,1,1,1,1,True,47965,-1.0
47993,2026-01-15 08:00:00,8,-1,MARKDOWN,4,B,4619.3315,4648.079536914359,4547.461407714103,28.748036914358636,10.319073828717405,0,0,0,1,1,1,True,48011,0.8475723920567959
48005,2026-01-15 11:00:00,11,-1,MARKDOWN,5,A,4619.3315,4646.898663227645,4550.413591930889,27.567163227644414,7.957326455289299,0,0,1,1,1,1,True,48011,0.8624610872997144
48023,2026-01-15 15:30:00,15,-1,MARKDOWN,6,A+,4612.9043,4636.073700748634,4554.980798128416,23.16940074863396,7.107401497267245,0,1,1,1,1,1,True,48028,0.8308672298900638
48087,2026-01-16 08:30:00,8,-1,MARKDOWN,5,A,4611.88558,4627.9059894735465,4571.834556316135,16.02040947354635,6.5919789470944785,0,1,1,0,1,1,True,48089,0.9467198828925468
48100,2026-01-16 11:45:00,11,-1,MARKDOWN,6,A+,4609.95742,4624.711311414215,4573.072691464462,14.753891414215104,6.442622828429239,0,1,1,1,1,1,True,48102,0.919723533951637
48112,2026-01-16 14:45:00,14,-1,MARKDOWN,6,A+,4609.48774,4623.819827585771,4573.65752103557,14.33208758577166,6.17965517154303,0,1,1,1,1,1,True,48119,2.5
48124,2026-01-16 17:45:00,17,-1,MARKDOWN,5,A,4588.38458,4627.384794952785,4490.884042618036,39.00021495278543,13.969589905572285,0,1,0,1,1,1,True,48125,-1.0
48136,2026-01-16 20:45:00,20,-1,MARKDOWN,6,A+,4588.38458,4626.538503427886,4492.999771430284,38.153923427886184,12.277006855772598,1,0,1,1,1,1,True,48139,-1.0
48177,2026-01-19 08:00:00,8,1,MARKUP,6,A+,4595.50968,4532.499842985442,4753.034272536395,63.00983701455789,8.180314029116117,0,1,1,1,1,1,False,-1,
48189,2026-01-19 11:00:00,11,1,MARKUP,6,A+,4620.4089,4573.232349931314,4738.350275171715,47.17655006868608,7.295300137372145,0,1,1,1,1,1,False,-1,
48202,2026-01-19 14:15:00,14,1,MARKUP,5,A,4622.80674,4577.616806982547,4735.781572543632,45.18993301745286,6.28638603490529,0,1,1,0,1,1,False,-1,
48215,2026-01-19 17:30:00,17,1,MARKUP,6,A+,4663.0938,4650.415198133679,4694.790304665801,12.678601866320605,5.569603732641218,0,1,1,1,1,1,True,48237,1.75
48227,2026-01-19 20:30:00,20,1,MARKUP,6,A+,4666.68984,4656.005427421132,4693.400871447171,10.684412578868432,4.469145157736865,0,1,1,1,1,1,True,48232,1.75
48260,2026-01-20 08:00:00,8,1,MARKUP,6,A+,4681.39376,4655.845518944221,4745.264362639447,25.548241055778817,7.028962111557432,0,1,1,1,1,1,False,-1,
48272,2026-01-20 11:00:00,11,1,MARKUP,5,A,4686.9785999999995,4655.681886997655,4765.2203825058605,31.296713002344404,7.356226004688852,0,1,0,1,1,1,False,-1,
48284,2026-01-20 14:00:00,14,1,MARKUP,4,B,4689.20566,4656.240892511472,4771.617578721318,32.964767488527286,6.238214977055534,0,1,0,0,1,1,False,-1,
48296,2026-01-20 17:00:00,17,1,MARKUP,5,A,4694.412319999999,4654.821935875567,4793.388280311081,39.5903841244326,9.076128248866508,0,1,1,0,1,1,False,-1,
48308,2026-01-20 20:00:00,20,1,MARKUP,5,A,4707.1662,4666.590054250296,4808.606564374259,40.576145749703755,9.259891499409266,0,1,1,0,1,1,False,-1,
48352,2026-01-21 08:00:00,8,1,MARKUP,5,A,4781.9874,4716.848379169224,4944.834952076939,65.13902083077573,11.32324166155222,0,1,0,1,1,1,False,-1,
48364,2026-01-21 11:00:00,11,1,MARKUP,5,A,4801.340319999999,4741.290314836423,4951.46533290894,60.050005163576316,12.55937032715406,0,1,0,1,1,1,False,-1,
48376,2026-01-21 14:00:00,14,1,MARKUP,4,B,4801.340319999999,4742.711197942097,4947.913125144755,58.62912205790235,9.71760411580495,0,1,0,0,1,1,False,-1,
48388,2026-01-21 17:00:00,17,1,MARKUP,5,A,4817.56282,4766.655906616462,4944.830103458846,50.90691338353827,14.328186767075172,0,1,1,0,1,1,True,48389,-1.0
48449,2026-01-22 09:15:00,9,1,MARKUP,6,A+,4794.107419999999,4751.028877540229,4901.803776149426,43.07854245977069,9.902244919542417,0,1,1,1,1,1,False,-1,
48464,2026-01-22 13:00:00,13,1,MARKUP,4,B,4793.4427399999995,4752.024291469313,4896.988861326717,41.418448530686874,7.911417061374233,0,1,0,1,0,1,False,-1,
48476,2026-01-22 16:00:00,16,1,MARKUP,4,B,4797.7027800000005,4768.1111308964255,4871.681902758938,29.591649103575037,8.537738207149618,0,0,1,0,1,1,False,-1,
48488,2026-01-22 19:00:00,19,1,MARKUP,4,B,4817.02684,4769.29023902217,4936.368342444577,47.736600977830676,10.959521955661511,0,1,0,1,0,1,False,-1,
48536,2026-01-23 08:00:00,8,1,MARKUP,3,C,4877.8153999999995,4818.241818534098,5026.749353664754,59.57358146590195,8.596362931804476,0,1,0,0,0,1,False,-1,
48571,2026-01-23 16:45:00,16,1,MARKUP,6,A+,4925.543540000001,4894.26616328728,5003.7369817818035,31.27737671272098,11.007673425441487,0,1,1,1,1,1,False,-1,
48583,2026-01-23 19:45:00,19,1,MARKUP,5,A,4933.577,4893.792031026733,5033.0394224331685,39.784968973267496,11.95593794653577,0,1,0,1,1,1,False,-1,
48628,2026-01-26 08:00:00,8,1,MARKUP,6,A+,4994.14404,4926.372346740893,5163.573273147769,67.77169325910745,13.135306518213165,0,1,1,1,1,1,False,-1,
48640,2026-01-26 11:00:00,11,1,MARKUP,4,B,5016.65118,4952.314929626344,5177.49180593414,64.33625037365618,12.170140747312262,0,1,0,0,1,1,False,-1,
48652,2026-01-26 14:00:00,14,1,MARKUP,4,B,5027.4909,4971.041804684289,5168.613638289277,56.44909531571102,9.796390631421096,0,1,0,0,1,1,False,-1,
48664,2026-01-26 17:00:00,17,1,MARKUP,5,A,5060.38086,5022.929859406889,5154.008361482779,37.45100059311153,12.460281186222648,0,1,1,0,1,1,True,48678,-1.0
48677,2026-01-26 20:15:00,20,1,MARKUP,4,B,5074.7431799999995,5044.642888921666,5149.9939076958335,30.100291078333612,15.514222156666932,0,1,0,0,1,1,True,48678,-1.0
48720,2026-01-27 08:00:00,8,1,MARKUP,6,A+,5033.97146,4983.187495355726,5160.9313716106835,50.78396464427351,13.685009288546903,0,1,1,1,1,1,False,-1,
48732,2026-01-27 11:00:00,11,1,MARKUP,5,A,5033.9447199999995,4984.360832807536,5157.9044379811585,49.58388719246341,11.338334384926798,0,1,1,1,0,1,False,-1,
48744,2026-01-27 14:00:00,14,1,MARKUP,3,C,5032.35178,4985.11336833695,5150.447809157626,47.2384116630501,9.833263326100074,0,0,0,0,1,1,False,-1,
48759,2026-01-27 17:45:00,17,1,MARKUP,5,A,5050.2985,5011.4982893823235,5147.299026544191,38.800210617676385,15.14342123535202,0,1,1,0,1,1,False,-1,
48771,2026-01-27 20:45:00,20,1,MARKUP,5,A,5068.10558,5040.292694395379,5137.637794011554,27.812885604621442,12.314611209242363,0,1,1,0,1,1,False,-1,
48812,2026-01-28 08:00:00,8,1,MARKUP,4,B,5130.44416,5039.786110339686,5357.089284150785,90.65804966031374,13.327779320627812,0,1,0,1,0,1,False,-1,
48824,2026-01-28 11:00:00,11,1,MARKUP,3,C,5166.18202,5069.3611195410895,5408.2342711472775,96.82090045891073,14.017760917820858,0,1,0,0,0,1,False,-1,
48836,2026-01-28 14:00:00,14,1,MARKUP,2,C,5200.51192,5125.118717696313,5388.994925759217,75.39320230368685,13.602564607373695,0,0,0,0,0,1,False,-1,
48850,2026-01-28 17:30:00,17,1,MARKUP,5,A,5222.99476,5158.244872077247,5384.869479806881,64.74988792275235,20.110255845505616,0,1,1,0,1,1,False,-1,
48862,2026-01-28 20:30:00,20,1,MARKUP,4,B,5267.27494,5220.955409375332,5383.073766561671,46.319530624668005,19.92918124933556,1,0,0,0,1,1,False,-1,
48904,2026-01-29 08:00:00,8,1,MARKUP,5,A,5374.1219599999995,5222.572913858073,5752.994575354816,151.54904614192674,25.934172283854174,0,1,1,1,0,1,False,-1,
48916,2026-01-29 11:00:00,11,1,MARKUP,3,C,5394.63956,5255.741821815883,5741.883905460292,138.89773818411686,25.99635636823421,0,0,0,1,0,1,True,48940,-1.0
48928,2026-01-29 14:00:00,14,1,MARKUP,5,A,5427.1957999999995,5310.552764998418,5718.803387503954,116.64303500158167,21.734470003163803,0,1,1,0,1,1,True,48940,-1.0
48996,2026-01-30 08:00:00,8,-1,MARKDOWN,6,A+,5379.26688,5570.825226991686,4900.371012520786,191.55834699168554,42.25045398337165,0,1,1,1,1,1,False,-1,
49008,2026-01-30 11:00:00,11,-1,MARKDOWN,5,A,5284.0897,5475.86306546658,4804.656286333551,191.7733654665799,49.94613093316066,0,1,1,0,1,1,False,-1,
49020,2026-01-30 14:00:00,14,-1,MARKDOWN,4,B,5256.910400000001,5474.028327500556,4714.115581248612,217.1179275005552,46.27665500111147,0,0,0,1,1,1,False,-1,
49032,2026-01-30 17:00:00,17,-1,MARKDOWN,5,A,5256.79298,5476.221969030947,4708.220507422634,219.42898903094647,51.043938061893066,0,1,1,0,1,1,False,-1,
49044,2026-01-30 20:00:00,20,-1,MARKDOWN,6,A+,5068.40108,5270.825354637557,4562.340393406106,202.42427463755757,58.710709275114525,0,1,1,1,1,1,False,-1,
49088,2026-02-02 08:00:00,8,-1,MARKDOWN,6,A+,4877.93014,5142.769650302064,4215.831364244841,264.8395103020639,58.879300604128744,0,1,1,1,1,1,False,-1,
49100,2026-02-02 11:00:00,11,-1,MARKDOWN,3,C,4739.17116,4977.258163242083,4143.953651894792,238.08700324208348,58.55632648416827,0,0,0,1,0,1,True,49108,-0.7800041055209306
49136,2026-02-02 20:00:00,20,-1,MARKDOWN,5,A,4655.5248599999995,4837.195819780294,4201.347460549263,181.67095978029465,49.13163956058862,1,1,1,0,0,1,True,49138,-1.0
49181,2026-02-03 08:15:00,8,1,MARKUP,6,A+,4703.10824,4581.897440553848,5006.135238615378,121.21079944615121,29.785118892302314,0,1,1,1,1,1,False,-1,
49193,2026-02-03 11:15:00,11,1,MARKUP,5,A,4745.58602,4605.735668080214,5095.211899799464,139.85035191978568,25.968663839572454,0,1,0,1,1,1,False,-1,
49205,2026-02-03 14:15:00,14,1,MARKUP,5,A,4761.15962,4632.173744659224,5083.62430835194,128.98587534077615,23.492510681551526,0,1,0,1,1,1,False,-1,
49217,2026-02-03 17:15:00,17,1,MARKUP,5,A,4824.1346,4732.866499710657,5052.304850723358,91.26810028934324,25.68700057868544,0,1,1,0,1,1,False,-1,
49229,2026-02-03 20:15:00,20,1,MARKUP,4,B,4855.9967799999995,4755.399238049787,5107.490634875532,100.59754195021287,30.60152390042598,0,0,0,1,1,1,False,-1,
49272,2026-02-04 08:00:00,8,1,MARKUP,5,A,4960.923159999999,4871.246011519537,5185.116031201154,89.67714848046217,19.38797696092488,0,1,0,1,1,1,False,-1,
49284,2026-02-04 11:00:00,11,1,MARKUP,4,B,4961.55346,4872.026348503346,5185.371238741636,89.52711149665447,17.827302993307764,0,1,0,0,1,1,False,-1,
49296,2026-02-04 14:00:00,14,1,MARKUP,4,B,4979.549620000001,4900.965842864313,5176.009062839219,78.58377713568734,18.18831427137484,0,0,1,0,1,1,True,49306,-1.0
49364,2026-02-05 08:00:00,8,-1,MARKDOWN,3,C,4951.23442,5068.6079543760825,4657.8005840597925,117.37353437608272,34.81590875216457,0,0,0,1,0,1,False,-1,
49376,2026-02-05 11:00:00,11,-1,MARKDOWN,5,A,4934.26414,5038.89469323032,4672.6877569242015,104.63055323031949,30.30938646063966,0,1,1,0,1,1,False,-1,
49388,2026-02-05 14:00:00,14,-1,MARKDOWN,6,A+,4934.26414,5037.520345735842,4676.123625660395,103.25620573584183,27.560691471684073,0,1,1,1,1,1,False,-1,
49400,2026-02-05 17:00:00,17,-1,MARKDOWN,6,A+,4932.28654,5037.6851309615495,4668.7900625961265,105.39859096154942,34.290261923099735,0,1,1,1,1,1,False,-1,
49412,2026-02-05 20:00:00,20,-1,MARKDOWN,4,B,4888.91254,4958.532426236407,4714.862824408982,69.61988623640718,29.964852472815245,0,0,1,0,1,1,False,-1,
49484,2026-02-06 15:00:00,15,1,MARKUP,4,B,4759.221659999999,4645.24785132117,5044.1561816970725,113.9738086788293,20.80429735766021,0,1,1,0,0,1,False,-1,
49496,2026-02-06 18:00:00,18,1,MARKUP,4,B,4804.3106800000005,4693.657468682537,5080.943708293659,110.6532113174635,22.865062634926428,0,1,0,0,1,1,False,-1,
49548,2026-02-09 08:00:00,8,1,MARKUP,5,A,4952.71062,4886.05834487765,5119.341307805875,66.65227512235015,16.863310244699992,0,1,0,1,1,1,False,-1,
49560,2026-02-09 11:00:00,11,1,MARKUP,5,A,4978.83348,4928.936328746802,5103.576358132996,49.89715125319799,15.647342506395397,0,1,0,1,1,1,False,-1,
49572,2026-02-09 14:00:00,14,1,MARKUP,6,A+,4978.83348,4929.377403807047,5102.473670482384,49.45607619295333,14.76519238590674,0,1,1,1,1,1,False,-1,
49584,2026-02-09 17:00:00,17,1,MARKUP,5,A,4998.29536,4961.627663345581,5089.9646016360475,36.66769665441916,14.904673308837593,0,1,0,1,1,1,False,-1,
49596,2026-02-09 20:00:00,20,1,MARKUP,4,B,5019.8794800000005,4975.382108876017,5131.1229078099595,44.49737112398361,14.01578224796666,0,1,0,1,0,1,True,49612,0.5
49650,2026-02-10 10:30:00,10,1,MARKUP,5,A,5025.4053,4981.073514911754,5136.234762720617,44.33178508824676,12.912970176491818,0,1,1,0,1,1,True,49666,0.779401093513191
49662,2026-02-10 13:30:00,13,1,MARKUP,3,C,5025.4053,4981.67703053652,5134.725973658702,43.7282694634805,11.705938926959183,0,1,0,0,0,1,True,49666,0.7832572471543227
49674,2026-02-10 16:30:00,16,1,MARKUP,4,B,5035.4856199999995,5001.641523333506,5120.095861666234,33.8440966664939,14.276953332987958,0,1,0,0,1,1,True,49675,-1.0
49732,2026-02-11 08:00:00,8,1,MARKUP,5,A,5029.57136,4994.170070656514,5118.074583358713,35.40128934348559,10.079858686971392,0,1,0,1,1,1,False,-1,
49744,2026-02-11 11:00:00,11,1,MARKUP,3,C,5029.59338,5000.412117446561,5102.546536383599,29.18126255343941,9.015765106878481,0,0,0,0,1,1,True,49762,0.7713730514832985
49756,2026-02-11 14:00:00,14,1,MARKUP,5,A,5058.09374,5014.656541339742,5166.686736650646,43.43719866025822,11.56691732051474,0,1,0,1,1,1,True,49758,0.4027943914349997
49768,2026-02-11 17:00:00,17,1,MARKUP,6,A+,5057.09876,5008.29656572182,5179.104245695449,48.80219427817974,21.06686855636025,1,0,1,1,1,1,True,49769,-1.0
49835,2026-02-12 10:45:00,10,1,MARKUP,6,A+,5065.99416,5039.793074460544,5131.496873848641,26.20108553945647,10.473851078912174,1,1,1,1,0,1,True,49840,-1.0
49854,2026-02-12 15:30:00,15,1,MARKUP,6,A+,5065.99416,5040.194978534393,5130.492113664018,25.799181465607035,9.670042931213546,0,1,1,1,1,1,True,49856,-1.0
49866,2026-02-12 18:30:00,18,-1,MARKDOWN,5,A,5005.269,5097.897550568632,4773.6976235784205,92.62855056863191,28.25510113726286,0,1,0,1,1,1,False,-1,
49936,2026-02-13 13:00:00,13,-1,MARKDOWN,6,A+,4954.77272,5004.119268996735,4831.406347508163,49.34654899673478,13.858537993470895,1,1,1,1,0,1,True,49939,-1.0
49964,2026-02-13 20:00:00,20,1,MARKUP,6,A+,4971.95618,4925.195357866484,5088.85823533379,46.76082213351583,17.12928426703155,0,1,1,1,1,1,False,-1,
50042,2026-02-16 16:30:00,16,-1,MARKDOWN,6,A+,5005.72386,5035.195344611673,4932.045148470817,29.471484611673077,7.930689223347146,0,1,1,1,1,1,False,-1,
50054,2026-02-16 19:30:00,19,-1,MARKDOWN,3,C,4997.09658,5020.87765417397,4937.643894565077,23.7810741739695,7.215308347938291,1,0,0,0,0,1,True,50057,1.75
50090,2026-02-17 08:00:00,8,-1,MARKDOWN,5,A,4949.97432,5015.748086854862,4785.539902862846,65.7737668548616,15.236173709723307,0,1,0,1,1,1,False,-1,
50102,2026-02-17 11:00:00,11,-1,MARKDOWN,4,B,4945.493820000001,5007.392610913184,4790.746842717041,61.8987909131838,13.025221826368426,0,0,0,1,1,1,False,-1,
50121,2026-02-17 15:45:00,15,-1,MARKDOWN,6,A+,4945.493820000001,5008.277978656081,4788.533423359799,62.78415865608076,14.795957312163301,0,1,1,1,1,1,False,-1,
50133,2026-02-17 18:45:00,18,-1,MARKDOWN,6,A+,4921.85784,4980.36671116095,4775.585662097623,58.50887116095055,18.55342232189952,0,1,1,1,1,1,False,-1,
50209,2026-02-18 14:45:00,14,1,MARKUP,6,A+,4889.786340000001,4849.81701637381,4989.7096490654785,39.969323626191,8.9859672523814,0,1,1,1,1,1,False,-1,
50221,2026-02-18 17:45:00,17,1,MARKUP,5,A,4925.92316,4869.233505128523,5067.647297178694,56.689654871477615,10.712989742955596,0,1,0,1,1,1,False,-1,
50233,2026-02-18 20:45:00,20,1,MARKUP,5,A,4946.39136,4901.993933817796,5057.38492545551,44.39742618220407,8.972132364408157,0,1,0,1,1,1,False,-1,
50274,2026-02-19 08:00:00,8,1,MARKUP,6,A+,4976.71662,4952.20916500568,5037.9852574858005,24.507454994320142,6.681669988639574,0,1,1,1,1,1,False,-1,
50286,2026-02-19 11:00:00,11,1,MARKUP,5,A,4984.27514,4957.488629529861,5051.241416175346,26.786510470138637,6.762740940277971,0,1,0,1,1,1,True,50290,0.7174722667964616
50298,2026-02-19 14:00:00,14,1,MARKUP,3,C,4984.27514,4956.456903588579,5053.8207310285525,27.818236411420912,8.826192822841637,1,0,0,0,0,1,True,50300,0.7094066304331422
50311,2026-02-19 17:15:00,17,1,MARKUP,6,A+,4984.27514,4954.115262101005,5059.674834747486,30.159877898994637,13.509475797989161,0,1,1,1,1,1,True,50321,0.7446404730359055
50366,2026-02-20 08:00:00,8,1,MARKUP,6,A+,4985.7362,4958.954008698837,5052.691678252908,26.78219130116304,8.411982602324855,0,1,1,1,1,1,False,-1,
50378,2026-02-20 11:00:00,11,1,MARKUP,6,A+,5000.34246,4970.602838793187,5074.691513017031,29.739621206812444,9.414322413626284,0,1,1,1,1,1,True,50402,1.75
50390,2026-02-20 14:00:00,14,1,MARKUP,4,B,5004.90526,4977.009264364739,5074.645249088155,27.895995635261897,9.241471270523318,0,1,0,1,0,1,True,50402,1.75
50402,2026-02-20 17:00:00,17,1,MARKUP,5,A,5013.16792,4974.175645614703,5110.648605963242,38.992274385296696,14.90870877059385,1,0,0,1,1,1,True,50403,1.75
50414,2026-02-20 20:00:00,20,1,MARKUP,5,A,5017.80158,4974.711628342361,5125.526459144098,43.089951657639176,13.836743315277781,0,1,0,1,1,1,False,-1,
50458,2026-02-23 08:00:00,8,1,MARKUP,5,A,5061.9106600000005,4986.124380405619,5251.376358985954,75.78627959438109,9.75123918876107,0,1,1,0,1,1,False,-1,
50470,2026-02-23 11:00:00,11,1,MARKUP,5,A,5101.09804,5048.958870875906,5231.445962810236,52.139169124094224,10.902258248189312,0,0,1,1,1,1,False,-1,
50484,2026-02-23 14:30:00,14,1,MARKUP,6,A+,5119.1127400000005,5078.929532340454,5219.570759148866,40.1832076595465,9.260935319092242,0,1,1,1,1,1,False,-1,
50496,2026-02-23 17:30:00,17,1,MARKUP,6,A+,5153.45536,5116.385981917823,5246.1288052054415,37.06937808217663,11.888036164353672,0,1,1,1,1,1,False,-1,
50508,2026-02-23 20:30:00,20,1,MARKUP,5,A,5159.334339999999,5116.062152454319,5267.5148088642,43.272187545680026,12.535695091360587,0,1,0,1,1,1,True,50531,-1.0
50582,2026-02-24 16:00:00,16,-1,MARKDOWN,6,A+,5189.24996,5256.8821097923,5020.16958551925,67.63214979229997,14.38421958460071,0,1,1,1,1,1,False,-1,
50594,2026-02-24 19:00:00,19,-1,MARKDOWN,4,B,5153.5048400000005,5199.174389817558,5039.330965456106,45.66954981755771,14.648779635114856,1,0,0,1,0,1,True,50595,-1.0
50642,2026-02-25 08:00:00,8,1,MARKUP,5,A,5142.6509,5095.186203637607,5261.312640905981,47.464696362392715,10.927592724786082,0,1,0,1,1,1,False,-1,
50654,2026-02-25 11:00:00,11,1,MARKUP,4,B,5154.38054,5115.2241226883425,5252.271583279144,39.156417311657606,8.811754623314684,0,0,0,1,1,1,False,-1,
50666,2026-02-25 14:00:00,14,1,MARKUP,4,B,5154.38054,5115.0974604491885,5252.58823887703,39.283079550811635,9.065079101623297,0,0,1,1,0,1,False,-1,
50678,2026-02-25 17:00:00,17,1,MARKUP,6,A+,5165.665220000001,5132.7455729186395,5247.964337703404,32.91964708136129,10.288854162722094,0,1,1,1,1,1,True,50701,0.8196610988036701
50690,2026-02-25 20:00:00,20,1,MARKUP,5,A,5179.06826,5150.510452329916,5250.46277917521,28.557807670084003,9.41909534016909,0,1,0,1,1,1,True,50700,-1.0
50734,2026-02-26 08:00:00,8,1,MARKUP,5,A,5172.68432,5140.488947280489,5253.172751798778,32.1953727195114,8.802105439022448,0,1,0,1,1,1,True,50744,-1.0
50746,2026-02-26 11:00:00,11,1,MARKUP,3,C,5172.06166,5140.204085694431,5251.705595763922,31.85757430556896,9.371828611138845,0,0,0,0,1,1,True,50752,-1.0
50758,2026-02-26 14:00:00,14,-1,MARKDOWN,6,A+,5182.353160000001,5209.873454740207,5113.552423149484,27.520294740206737,8.726909480414466,0,1,1,1,1,1,True,50760,0.8831322220637496
50770,2026-02-26 17:00:00,17,-1,MARKDOWN,6,A+,5180.412600000001,5211.295249053369,5103.20597736658,30.882649053368368,11.57049810673814,0,1,1,1,1,1,True,50773,-1.0
50782,2026-02-26 20:00:00,20,-1,MARKDOWN,5,A,5176.82944,5211.823028940846,5089.345467647887,34.99358894084526,12.626057881691834,1,0,1,0,1,1,True,50783,-1.0
50826,2026-02-27 08:00:00,8,1,MARKUP,6,A+,5157.3992,5126.52057930432,5234.5957517392,30.878620695680183,7.818841391361746,0,1,1,1,1,1,False,-1,
50854,2026-02-27 15:00:00,15,1,MARKUP,6,A+,5185.28308,5163.074942373344,5240.80342406664,22.208137626656026,7.790115253311413,0,1,1,1,1,1,False,-1,
50866,2026-02-27 18:00:00,18,1,MARKUP,6,A+,5202.00108,5161.829746703494,5302.429413241266,40.17133329650642,13.920506593013073,0,1,1,1,1,1,False,-1,
50918,2026-03-02 08:00:00,8,1,MARKUP,6,A+,5282.43956,5206.31433633387,5472.752619165323,76.12522366612939,15.051327332258731,0,1,1,1,1,1,False,-1,
50930,2026-03-02 11:00:00,11,1,MARKUP,5,A,5296.63138,5213.580405894311,5504.258815264221,83.05097410568851,14.379188211378183,0,1,0,1,1,1,False,-1,
50942,2026-03-02 14:00:00,14,1,MARKUP,6,A+,5315.69668,5244.699875178014,5493.188692054966,70.99680482198619,13.840249643972008,0,1,1,1,1,1,True,50951,-1.0
51023,2026-03-03 11:15:00,11,-1,MARKDOWN,6,A+,5321.14334,5390.729431428634,5147.178111428415,69.58609142863406,21.798862857266997,0,1,1,1,1,1,False,-1,
51035,2026-03-03 14:15:00,14,-1,MARKDOWN,5,A,5263.04114,5397.942873021389,4925.78680744653,134.90173302138828,36.22574604277715,0,1,0,1,1,1,False,-1,
51047,2026-03-03 17:15:00,17,-1,MARKDOWN,5,A,5233.20312,5401.136936022177,4813.3685799445575,167.93381602217687,42.613872044354494,0,1,0,1,1,1,False,-1,
51059,2026-03-03 20:15:00,20,-1,MARKDOWN,4,B,5230.6137,5391.9295195505965,4827.324151123508,161.31581955059664,32.579039101192286,0,0,0,1,1,1,False,-1,
51138,2026-03-04 17:00:00,17,-1,MARKDOWN,6,A+,5170.58546,5215.6095876236295,5058.025140940927,45.02412762362928,19.01917524725767,0,1,1,1,1,1,False,-1,
51150,2026-03-04 20:00:00,20,-1,MARKDOWN,5,A,5172.23952,5215.419019287972,5064.29077178007,43.17949928797225,18.638038575943984,0,1,1,0,1,1,True,51170,0.731508685756442
51194,2026-03-05 08:00:00,8,-1,MARKDOWN,6,A+,5162.06182,5201.425553912147,5063.652485219633,39.36373391214693,13.031107824293851,0,1,1,1,1,1,True,51197,1.75
51223,2026-03-05 15:15:00,15,-1,MARKDOWN,5,A,5151.6485,5202.621966177961,5024.214834555098,50.9734661779612,15.423932355922386,0,1,1,0,1,1,False,-1,
51235,2026-03-05 18:15:00,18,-1,MARKDOWN,6,A+,5143.4737,5205.8218669982425,4987.603282504392,62.34816699824296,21.8237339964861,0,1,1,1,1,1,False,-1,
51295,2026-03-06 10:15:00,10,-1,MARKDOWN,6,A+,5108.18828,5149.263935131105,5005.499142172237,41.07565513110512,10.747870262210771,1,1,1,0,1,1,True,51296,0.6397474639751296
51307,2026-03-06 13:15:00,13,-1,MARKDOWN,5,A,5110.18232,5149.710112770828,5011.362838072929,39.527792770828455,11.640225541656545,0,1,0,1,1,1,True,51316,-1.0
51320,2026-03-06 16:30:00,16,-1,MARKDOWN,5,A,5112.70734,5153.741203934506,5010.122680163734,41.03386393450637,19.70240786901269,0,1,1,0,1,1,True,51321,-1.0
51332,2026-03-06 19:30:00,19,1,MARKUP,5,A,5103.98204,5052.460685901894,5232.785425245264,51.5213540981058,19.598628196211692,0,1,0,1,1,1,True,51354,-1.0
51378,2026-03-09 08:00:00,8,-1,MARKDOWN,3,C,5127.78176,5206.957679664558,4929.841960838605,79.17591966455802,18.29535932911474,0,0,0,0,1,1,True,51381,-0.5995287481485186
51401,2026-03-09 13:45:00,13,-1,MARKDOWN,6,A+,5127.78176,5205.284327483847,4934.025341290382,77.50256748384709,14.948654967693159,0,1,1,1,1,1,False,-1,
51413,2026-03-09 16:45:00,16,-1,MARKDOWN,6,A+,5092.33328,5148.062946651994,4953.009113370014,55.729666651994194,15.225893303989022,0,1,1,1,1,1,True,51416,-1.0
51425,2026-03-09 19:45:00,19,-1,MARKDOWN,5,A,5107.9838199999995,5147.94107423314,5008.090684417148,39.9572542331407,14.982148466281226,1,0,0,1,1,1,True,51432,-1.0
51470,2026-03-10 08:00:00,8,1,MARKUP,5,A,5109.047619999999,5055.394821097977,5243.179617255055,53.65279890202237,11.110357804045663,0,1,1,0,1,1,False,-1,
51482,2026-03-10 11:00:00,11,1,MARKUP,6,A+,5126.40724,5084.088548848471,5232.203967878821,42.31869115152858,9.902902303058445,0,1,1,1,1,1,False,-1,
51494,2026-03-10 14:00:00,14,1,MARKUP,5,A,5146.64026,5111.47898757513,5234.543441062175,35.16127242486982,10.40202484974067,0,1,1,0,1,1,False,-1,
51506,2026-03-10 17:00:00,17,1,MARKUP,5,A,5164.47822,5117.8592665552005,5281.025603611999,46.618953444799445,13.621466889599972,0,1,0,1,1,1,True,51523,0.6811552570322651
51518,2026-03-10 20:00:00,20,1,MARKUP,6,A+,5186.61856,5148.636305059321,5281.574197351698,37.98225494067901,11.72738988135795,0,1,1,1,1,1,True,51523,-0.24612967330665614
51562,2026-03-11 08:00:00,8,1,MARKUP,4,B,5190.3821800000005,5156.330366102038,5275.511714744906,34.05181389796235,8.519267795923135,0,0,0,1,1,1,True,51572,-1.0
51603,2026-03-11 18:15:00,18,-1,MARKDOWN,6,A+,5194.9787400000005,5230.04832832106,5107.3047691973525,35.0695883210592,13.65665664211797,0,1,1,1,1,1,False,-1,
51654,2026-03-12 08:00:00,8,-1,MARKDOWN,5,A,5169.20822,5200.710701991224,5090.452015021942,31.50248199122325,8.921403982447602,0,1,0,1,1,1,True,51660,1.75
51689,2026-03-12 16:45:00,16,-1,MARKDOWN,6,A+,5166.4025,5196.6424443750275,5090.802639062432,30.239944375027335,9.864888750055423,0,1,1,1,1,1,False,-1,
51701,2026-03-12 19:45:00,19,-1,MARKDOWN,6,A+,5160.17208,5198.123758291642,5065.292884270896,37.951678291641656,12.82751658328408,0,1,1,1,1,1,False,-1,
51752,2026-03-13 09:30:00,9,-1,MARKDOWN,6,A+,5115.93256,5157.868251795126,5011.093330512187,41.93569179512542,8.296503590251302,0,1,1,1,1,1,True,51774,1.1298171584531613
51766,2026-03-13 13:00:00,13,-1,MARKDOWN,5,A,5100.253900000001,5133.521932033714,5017.083819915718,33.2680320337131,10.343864067426743,1,0,0,1,1,1,True,51773,1.0582683167237756
51782,2026-03-13 17:00:00,17,-1,MARKDOWN,4,B,5102.817120000001,5134.108206056134,5024.589404859667,31.29108605613328,11.51641211226725,0,1,1,0,0,1,False,-1,
51794,2026-03-13 20:00:00,20,-1,MARKDOWN,4,B,5083.30022,5131.299326151509,4963.302454621227,47.999106151509295,15.938652303018243,0,1,0,1,0,1,False,-1,
51838,2026-03-16 08:00:00,8,-1,MARKDOWN,4,B,5059.7837,5122.948321769129,4901.872145577178,63.164621769128644,11.996643538257073,0,0,1,1,0,1,False,-1,
51850,2026-03-16 11:00:00,11,-1,MARKDOWN,6,A+,5027.05442,5069.653482815735,4920.556762960665,42.599062815734214,11.326965631469074,0,1,1,1,1,1,True,51871,0.8099651630336149
51862,2026-03-16 14:00:00,14,-1,MARKDOWN,5,A,5012.4758,5046.181860555534,4928.210648611166,33.70606055553344,11.563721111068526,0,1,0,1,1,1,True,51863,0.6754852199654969
51876,2026-03-16 17:30:00,17,-1,MARKDOWN,5,A,5011.93028,5044.058227655547,4931.610410861131,32.12794765554736,12.71645531109411,0,1,1,1,0,1,True,51892,-1.0
51888,2026-03-16 20:30:00,20,-1,MARKDOWN,6,A+,5011.93028,5044.264941817697,4931.093625455756,32.33466181769745,13.129883635394146,0,1,1,1,1,1,True,51892,-1.0
51950,2026-03-17 13:00:00,13,-1,MARKDOWN,6,A+,5025.51134,5048.916842926648,4966.99758268338,23.405502926648296,8.893685853296098,0,1,1,1,1,1,True,51964,0.9656079194712408
51963,2026-03-17 16:15:00,16,-1,MARKDOWN,3,C,5024.45702,5048.939257296842,4963.251426757895,24.48223729684196,8.938514593683617,0,0,0,0,1,1,True,51964,0.9235980313446435
51975,2026-03-17 19:15:00,19,-1,MARKDOWN,4,B,5017.34418,5050.7482471585245,4933.834012103689,33.40406715852441,12.556494317047978,0,0,0,1,1,1,False,-1,
52022,2026-03-18 08:00:00,8,-1,MARKDOWN,5,A,5009.31636,5034.83714206038,4945.514404849049,25.520782060380043,6.714284120760591,0,1,0,1,1,1,True,52027,1.75
52034,2026-03-18 11:00:00,11,-1,MARKDOWN,6,A+,5003.2301,5020.159745522991,4960.905986192522,16.92964552299145,7.539491045982132,0,1,1,1,1,1,False,-1,
52046,2026-03-18 14:00:00,14,-1,MARKDOWN,6,A+,4991.14362,5021.708427480276,4914.731601299309,30.564807480276613,10.636854960551837,0,1,1,1,1,1,False,-1,
52058,2026-03-18 17:00:00,17,-1,MARKDOWN,5,A,4946.75522,5026.20990039711,4748.118519007226,79.45468039710977,19.63980079421925,0,1,0,1,1,1,False,-1,
52070,2026-03-18 20:00:00,20,-1,MARKDOWN,5,A,4946.75522,5023.690745231001,4754.416406922499,76.93552523100061,14.601490462000914,0,1,0,1,1,1,False,-1,
52116,2026-03-19 08:30:00,8,-1,MARKDOWN,4,B,4862.60474,4904.2118506642855,4758.586963339285,41.607110664285756,9.923701328571664,0,1,1,0,0,1,False,-1,
52128,2026-03-19 11:30:00,11,-1,MARKDOWN,6,A+,4818.14758,4909.87080224793,4588.839524380173,91.72322224793061,21.241604495861587,0,1,1,1,1,1,False,-1,
52140,2026-03-19 14:30:00,14,-1,MARKDOWN,6,A+,4787.3811,4879.300740994472,4557.581997513818,91.9196409944725,24.20148198894443,0,1,1,1,1,1,False,-1,
52152,2026-03-19 17:30:00,17,-1,MARKDOWN,6,A+,4727.8655,4886.512476824906,4331.248057937734,158.64697682490623,38.62495364981233,0,1,1,1,1,1,False,-1,
52164,2026-03-19 20:30:00,20,-1,MARKDOWN,4,B,4727.16716,4882.73613900895,4338.2447124776245,155.56897900895,33.33227801790002,0,0,0,1,1,1,False,-1,
52229,2026-03-20 13:45:00,13,-1,MARKDOWN,6,A+,4692.718040000001,4744.790946628907,4562.535773427736,52.07290662890591,17.981893257813013,0,1,1,1,1,1,True,52234,1.75
52241,2026-03-20 16:45:00,16,-1,MARKDOWN,6,A+,4688.80636,4746.445504157781,4544.7084996055455,57.63914415778163,21.291008315562777,0,1,1,1,1,1,False,-1,
52253,2026-03-20 19:45:00,19,-1,MARKDOWN,6,A+,4661.29472,4748.2229692839255,4443.974096790185,86.92824928392565,24.845938567851537,0,1,1,1,1,1,False,-1,
52298,2026-03-23 08:00:00,8,-1,MARKDOWN,5,A,4536.40642,4685.043604346612,4164.813459133472,148.63718434661132,29.34720869322421,0,1,0,1,1,1,False,-1,
52310,2026-03-23 11:00:00,11,-1,MARKDOWN,5,A,4417.06876,4636.9794035475,3867.292151131251,219.9106435474996,46.49880709500104,0,1,0,1,1,1,True,52322,-0.016239505020723775
52325,2026-03-23 14:45:00,14,-1,MARKDOWN,4,B,4369.2602799999995,4564.128918449803,3882.0886838754914,194.86863844980326,55.51783689960612,1,0,0,0,1,1,True,52326,-0.046696687945218966
52390,2026-03-24 08:00:00,8,-1,MARKDOWN,6,A+,4433.77768,4525.700017977075,4203.971835057313,91.92233797707468,25.880035954149314,0,1,1,1,1,1,True,52413,-1.0
52423,2026-03-24 16:15:00,16,-1,MARKDOWN,5,A,4393.9414,4461.251377750907,4225.666455622732,67.30997775090691,25.902755501812997,0,1,1,0,1,1,True,52426,-1.0
52482,2026-03-25 08:00:00,8,1,MARKUP,5,A,4447.310759999999,4344.704183331686,4703.827201670782,102.60657666831321,13.31163333662783,0,1,1,1,0,1,False,-1,
52494,2026-03-25 11:00:00,11,1,MARKUP,5,A,4460.3073,4365.096570771348,4698.334123071632,95.21072922865278,14.586858457305869,0,0,1,1,1,1,False,-1,
52506,2026-03-25 14:00:00,14,1,MARKUP,6,A+,4474.42242,4388.652092862544,4688.848237843639,85.77032713745575,13.155814274910995,0,1,1,1,1,1,False,-1,
52519,2026-03-25 17:15:00,17,1,MARKUP,6,A+,4541.93274,4495.5387098399115,4657.917815400222,46.39403016008873,17.862580320177084,0,1,1,1,1,1,True,52523,-1.0
52531,2026-03-25 20:15:00,20,1,MARKUP,4,B,4552.85898,4514.169731656307,4649.582100859233,38.68924834369318,15.960536687386366,1,0,0,0,1,1,True,52532,-1.0
52577,2026-03-26 08:45:00,8,-1,MARKDOWN,6,A+,4525.6427,4586.965972075117,4372.334519812209,61.32327207511662,15.571944150232481,0,1,1,1,1,1,False,-1,
52589,2026-03-26 11:45:00,11,-1,MARKDOWN,5,A,4509.32194,4578.066145147437,4337.461427131407,68.74420514743724,18.052290294874123,0,1,0,1,1,1,False,-1,
52601,2026-03-26 14:45:00,14,-1,MARKDOWN,5,A,4494.01408,4552.948743033074,4346.677422417315,58.934663033073775,17.357486066147132,0,1,1,0,1,1,False,-1,
52615,2026-03-26 18:15:00,18,-1,MARKDOWN,3,C,4494.01408,4553.693232314764,4344.81619921309,59.679152314763996,18.846464629527265,0,0,1,0,0,1,False,-1,
52689,2026-03-27 13:45:00,13,-1,MARKDOWN,7,A+,4427.70324,4480.780978358863,4295.0088941028425,53.077738358862916,11.28195671772556,1,1,1,1,1,1,True,52695,-1.0
52706,2026-03-27 18:00:00,18,1,MARKUP,5,A,4435.98566,4366.216843676615,4610.407700808463,69.76881632338518,18.726312646770005,0,1,1,1,0,1,False,-1,
52758,2026-03-30 08:00:00,8,1,MARKUP,6,A+,4467.9085000000005,4405.511824780925,4623.900188047689,62.396675219075405,16.496350438149957,0,1,1,1,1,1,False,-1,
52770,2026-03-30 11:00:00,11,1,MARKUP,6,A+,4469.8974,4412.774872144459,4612.703719638853,57.12252785554119,14.39025571108248,0,1,1,1,1,1,False,-1,
52782,2026-03-30 14:00:00,14,1,MARKUP,5,A,4469.8974,4413.960953360376,4609.738516599059,55.93644663962368,12.01809327924862,0,1,1,0,1,1,False,-1,
52794,2026-03-30 17:00:00,17,1,MARKUP,4,B,4481.42234,4411.7920639384965,4655.498030153759,69.63027606150354,16.355872123008034,0,0,0,1,1,1,False,-1,
52807,2026-03-30 20:15:00,20,1,MARKUP,4,B,4505.48108,4451.072934689873,4641.501443275315,54.4081453101262,15.654130620251893,0,0,0,1,1,1,True,52813,1.2627729040557247
52850,2026-03-31 08:00:00,8,1,MARKUP,5,A,4535.0367,4474.988541609969,4685.157095975077,60.04815839003095,15.54291678006328,1,0,0,1,1,1,True,52872,1.75
52862,2026-03-31 11:00:00,11,1,MARKUP,4,B,4535.0367,4475.9831592383935,4682.670551904015,59.0535407616062,13.55368152321428,0,0,1,0,1,1,True,52872,1.75
52875,2026-03-31 14:15:00,14,1,MARKUP,5,A,4535.0367,4475.391597067681,4684.149457330797,59.64510293231888,14.736805864638868,0,1,1,0,1,1,False,-1,
52887,2026-03-31 17:15:00,17,1,MARKUP,6,A+,4537.20646,4474.442784004362,4694.115649989097,62.76367599563855,16.634431991277758,0,1,1,1,1,1,False,-1,
52899,2026-03-31 20:15:00,20,1,MARKUP,6,A+,4577.99922,4519.423603138244,4724.438262154388,58.57561686175541,18.052793723511595,0,1,1,1,1,1,False,-1,
52942,2026-04-01 08:00:00,8,1,MARKUP,4,B,4627.89538,4562.303079629714,4791.876130925713,65.59230037028556,12.313840740571578,0,0,1,0,1,1,False,-1,
52954,2026-04-01 11:00:00,11,1,MARKUP,5,A,4662.25824,4601.5866977850355,4813.937095537412,60.671542214964575,15.66660442992909,0,1,0,1,1,1,False,-1,
52966,2026-04-01 14:00:00,14,1,MARKUP,6,A+,4694.585819999999,4655.254798661377,4792.913373346555,39.33102133862212,12.95040267724451,0,1,1,1,1,1,False,-1,
52978,2026-04-01 17:00:00,17,1,MARKUP,5,A,4703.72728,4659.161872789208,4815.14079802698,44.56540721079182,15.756254421583098,0,1,0,1,1,1,False,-1,
52990,2026-04-01 20:00:00,20,1,MARKUP,6,A+,4715.06504,4660.188698699893,4852.255893250268,54.876341300107015,13.702602600212591,0,1,1,1,1,1,False,-1,
53037,2026-04-02 08:45:00,8,-1,MARKDOWN,6,A+,4718.60448,4811.243181869677,4487.007725325808,92.63870186967688,21.506363739353574,0,1,1,1,1,1,False,-1,
53049,2026-04-02 11:45:00,11,-1,MARKDOWN,6,A+,4706.36902,4810.5353464862865,4445.953203784284,104.16632648628638,20.09069297257386,0,1,1,1,1,1,False,-1,
53061,2026-04-02 14:45:00,14,-1,MARKDOWN,5,A,4706.36902,4809.329247572834,4448.968451067915,102.9602275728339,17.67849514566855,0,1,1,0,1,1,False,-1,
53146,2026-04-06 13:00:00,13,1,MARKUP,5,A,4641.0790799999995,4594.52304701492,4757.4691624626985,46.55603298507958,12.173905970158708,0,1,0,1,1,1,False,-1,
53158,2026-04-06 16:00:00,16,1,MARKUP,3,C,4641.0790799999995,4594.912108401094,4756.496508997263,46.16697159890555,11.395783197811337,0,0,0,0,1,1,False,-1,
53218,2026-04-07 08:00:00,8,-1,MARKDOWN,4,B,4666.56958,4702.81778278564,4575.949073035901,36.24820278563948,10.37556557127905,0,0,1,0,1,1,True,53231,0.5984471163417988
53239,2026-04-07 13:15:00,13,1,MARKUP,5,A,4646.20004,4608.942228161138,4739.344569597155,37.257811838861926,14.755543677723846,0,1,0,1,1,1,True,53242,-1.0
53252,2026-04-07 16:30:00,16,-1,MARKDOWN,6,A+,4664.65996,4702.410714506894,4570.283073732766,37.75075450689383,15.741429013788466,0,1,1,1,1,1,True,53262,-1.0
53310,2026-04-08 08:00:00,8,1,MARKUP,5,A,4702.9509,4600.522975386795,4959.020711533011,102.4279246132046,13.894049226410388,0,0,1,1,1,1,False,-1,
53322,2026-04-08 11:00:00,11,1,MARKUP,5,A,4731.6879,4647.235400552766,4942.819148618085,84.452499447234,13.4691988944694,0,0,1,1,1,1,False,-1,
53402,2026-04-09 08:00:00,8,-1,MARKDOWN,6,A+,4760.813840000001,4804.6308163460635,4651.271399134844,43.8169763460628,10.561632692125617,0,1,1,1,1,1,False,-1,
53437,2026-04-09 16:45:00,16,1,MARKUP,6,A+,4728.54104,4692.507175680626,4818.625700798437,36.033864319374516,11.925648638748564,0,1,1,1,1,1,False,-1,
53449,2026-04-09 19:45:00,19,1,MARKUP,5,A,4740.80792,4697.419883534373,4849.278011164068,43.38803646562701,12.240232931252656,0,1,0,1,1,1,False,-1,
53524,2026-04-10 15:30:00,15,1,MARKUP,5,A,4750.46682,4726.203329486178,4811.125546284555,24.263490513822035,9.173341027644131,0,1,1,0,1,1,True,53538,-1.0
53536,2026-04-10 18:30:00,18,1,MARKUP,3,C,4755.3526,4724.574899675175,4832.296850812062,30.777700324824764,12.43020064965003,0,0,0,0,1,1,True,53538,-1.0
53678,2026-04-14 08:00:00,8,1,MARKUP,4,B,4729.7238800000005,4696.588667139745,4812.56191215064,33.135212860255706,7.18266572051063,0,1,0,0,1,1,False,-1,
53690,2026-04-14 11:00:00,11,1,MARKUP,5,A,4748.40602,4714.458527022311,4833.274752444225,33.94749297768976,8.982945955378462,0,1,1,1,0,1,False,-1,
53702,2026-04-14 14:00:00,14,1,MARKUP,5,A,4758.281660000001,4729.9235153757945,4829.177021560516,28.358144624206034,10.012969248410712,0,1,1,1,0,1,False,-1,
53714,2026-04-14 17:00:00,17,1,MARKUP,5,A,4771.056339999999,4745.543165830686,4834.839275423282,25.51317416931306,10.633668338627569,0,1,1,1,0,1,False,-1,
53726,2026-04-14 20:00:00,20,1,MARKUP,6,A+,4782.44376,4744.932016097301,4876.223119756747,37.51174390269898,11.855967805396936,0,1,1,1,1,1,False,-1,
53862,2026-04-16 08:00:00,8,1,MARKUP,5,A,4806.5662600000005,4783.611000599873,4863.95440850032,22.955259400127943,6.617998800255871,0,1,1,0,1,1,True,53883,-1.0
53901,2026-04-16 17:45:00,17,-1,MARKDOWN,6,A+,4812.97756,4844.0466144710035,4735.304923822492,31.069054471003255,11.393228942006735,0,1,1,1,1,1,True,53902,0.7235703518222353
53913,2026-04-16 20:45:00,20,-1,MARKDOWN,5,A,4812.97756,4843.530502466619,4736.595203833454,30.552942466618333,10.361004933235636,0,1,0,1,1,1,False,-1,
53958,2026-04-17 09:00:00,9,-1,MARKDOWN,5,A,4795.68158,4816.477168995721,4743.6926075107,20.79558899572021,6.974337991440852,0,0,1,1,1,1,True,53968,-1.0
53976,2026-04-17 13:30:00,13,-1,MARKDOWN,5,A,4791.5657,4809.806346084459,4745.964084788853,18.240646084458604,6.952692168917831,0,1,1,1,0,1,True,53979,-1.0
53988,2026-04-17 16:30:00,16,1,MARKUP,5,A,4814.16558,4760.1787859670585,4949.132565082353,53.98679403294136,15.002428065883171,0,1,0,1,1,1,False,-1,
54000,2026-04-17 19:30:00,19,1,MARKUP,4,B,4818.99216,4768.441617698572,4945.368515753568,50.55054230142741,14.096764602853998,0,1,0,1,0,1,True,54018,-1.0
54046,2026-04-20 08:00:00,8,-1,MARKDOWN,4,B,4828.88008,4890.21229978298,4675.549530542549,61.332219782980246,9.164599565959612,0,0,1,0,1,1,False,-1,
54066,2026-04-20 13:00:00,13,-1,MARKDOWN,3,C,4818.02182,4872.055042664891,4682.938763337774,54.03322266489067,7.990085329781172,0,0,0,0,1,1,True,54075,0.7967657281336579
54138,2026-04-21 08:00:00,8,-1,MARKDOWN,6,A+,4815.08106,4836.207927466392,4762.2638913340215,21.12686746639156,6.215854932783624,0,1,1,1,1,1,False,-1,
54150,2026-04-21 11:00:00,11,-1,MARKDOWN,5,A,4809.92406,4837.240721790034,4741.632405524917,27.316661790033322,8.281443580066572,0,1,1,0,1,1,False,-1,
54162,2026-04-21 14:00:00,14,-1,MARKDOWN,5,A,4809.92406,4836.874139318909,4742.548861702728,26.950079318909047,7.5482786378170434,0,1,1,0,1,1,False,-1,
54174,2026-04-21 17:00:00,17,-1,MARKDOWN,5,A,4804.024719999999,4836.36255626525,4723.1801293368735,32.33783626525019,11.165112530499842,0,1,1,0,1,1,False,-1,
54186,2026-04-21 20:00:00,20,-1,MARKDOWN,6,A+,4767.575000000001,4815.658855552703,4647.365361118244,48.083855552702516,14.03771110540569,0,1,1,1,1,1,False,-1,
54276,2026-04-22 19:30:00,19,-1,MARKDOWN,6,A+,4753.8794,4776.566275100404,4697.16221224899,22.686875100403995,8.472550200808428,0,1,1,1,1,1,False,-1,
54322,2026-04-23 08:00:00,8,-1,MARKDOWN,5,A,4735.40172,4765.321829755185,4660.601445612037,29.920109755184967,9.003659510369852,0,1,0,1,1,1,False,-1,
54334,2026-04-23 11:00:00,11,-1,MARKDOWN,2,C,4730.21508,4758.001761574837,4660.748376062908,27.78668157483662,8.92352314967319,0,0,0,0,0,1,True,54350,1.0905908037943357
54346,2026-04-23 14:00:00,14,-1,MARKDOWN,5,A,4727.10178,4757.907624860005,4650.087167849988,30.80584486000498,8.7352497200094,0,1,0,1,1,1,True,54350,0.9821782578456324
54372,2026-04-23 20:30:00,20,-1,MARKDOWN,6,A+,4716.54146,4749.921320929294,4633.091807676767,33.3798609292935,13.302641858587034,0,1,1,1,1,1,True,54374,1.1428549682556335
54414,2026-04-24 08:00:00,8,-1,MARKDOWN,4,B,4709.37626,4745.941856966604,4617.96226758349,36.56559696660406,9.283713933208297,0,1,0,0,1,1,False,-1,
54426,2026-04-24 11:00:00,11,-1,MARKDOWN,4,B,4706.8362799999995,4741.474152845306,4620.241597886734,34.63787284530645,8.568305690613006,0,0,0,1,1,1,True,54439,-0.008191034168508495
54456,2026-04-24 18:30:00,18,1,MARKUP,6,A+,4689.30612,4651.950646387243,4782.694804031893,37.35547361275712,11.558707225513677,0,1,1,1,1,1,True,54478,0.8483802664434401
54506,2026-04-27 08:00:00,8,1,MARKUP,5,A,4698.27948,4668.564641052146,4772.566577369636,29.714838947854332,7.3707178957080774,0,1,0,1,1,1,False,-1,
54518,2026-04-27 11:00:00,11,1,MARKUP,4,B,4694.34488,4669.085041574628,4757.494476063428,25.259838425371527,6.329916850744539,0,0,0,1,1,1,True,54538,-1.0
54540,2026-04-27 16:30:00,16,-1,MARKDOWN,5,A,4707.9951200000005,4733.763620656413,4643.57386835897,25.76850065641247,7.34724131282554,0,1,1,0,1,1,False,-1,
54552,2026-04-27 19:30:00,19,-1,MARKDOWN,5,A,4706.08512,4734.185225877621,4635.834855305948,28.10010587762099,8.1904517552416,0,1,0,1,1,1,False,-1,
54598,2026-04-28 08:00:00,8,-1,MARKDOWN,5,A,4682.229,4706.47201643701,4621.621458907475,24.243016437009828,6.08403287401999,0,1,1,1,0,1,False,-1,
54610,2026-04-28 11:00:00,11,-1,MARKDOWN,6,A+,4668.27588,4706.595187842321,4572.477610394198,38.319307842320995,10.430375684642948,0,1,1,1,1,1,False,-1,
54622,2026-04-28 14:00:00,14,-1,MARKDOWN,5,A,4661.843,4706.199553165362,4550.9516170865945,44.35655316536213,9.639106330722838,0,1,1,0,1,1,False,-1,
54634,2026-04-28 17:00:00,17,-1,MARKDOWN,6,A+,4645.44374,4709.01320688314,4486.520072792149,63.569466883140194,15.266413766279966,0,1,1,1,1,1,False,-1,
54646,2026-04-28 20:00:00,20,-1,MARKDOWN,3,C,4632.09494,4685.8382453713675,4497.7366765715815,53.74330537136757,12.11649074273567,0,0,0,0,1,1,False,-1,
54695,2026-04-29 09:15:00,9,-1,MARKDOWN,6,A+,4590.09782,4614.270432137162,4529.666289657094,24.172612137162105,7.860864274323069,1,1,1,0,1,1,False,-1,
54710,2026-04-29 13:00:00,13,-1,MARKDOWN,5,A,4587.8402,4614.927045362171,4520.123086594571,27.086845362171516,9.174090724341738,0,1,0,1,1,1,False,-1,
54722,2026-04-29 16:00:00,16,-1,MARKDOWN,6,A+,4584.24176,4614.895653254849,4507.607026862877,30.65389325484921,9.111306509697924,0,1,1,1,1,1,False,-1,
54734,2026-04-29 19:00:00,19,-1,MARKDOWN,5,A,4570.4932,4613.861564189894,4462.072289525264,43.36836418989424,12.323128379788784,1,0,0,1,1,1,False,-1,
54796,2026-04-30 11:30:00,11,1,MARKUP,5,A,4560.91974,4513.092620522233,4680.487538694419,47.827119477767155,10.414758955533765,0,1,0,1,1,1,False,-1,
54808,2026-04-30 14:30:00,14,1,MARKUP,5,A,4580.45826,4534.259549358227,4695.955036604435,46.19871064177369,10.320901283546261,0,1,0,1,1,1,False,-1,
54820,2026-04-30 17:30:00,17,1,MARKUP,4,B,4581.39144,4535.245056382633,4696.7573990434175,46.146383617367064,11.369887234734305,0,0,0,1,1,1,False,-1,
54832,2026-04-30 20:30:00,20,1,MARKUP,3,C,4581.39144,4536.077252016427,4694.676909958933,45.31418798357299,9.705495967145481,0,0,1,0,0,1,False,-1,
54889,2026-05-01 11:45:00,11,-1,MARKDOWN,5,A,4609.01058,4639.844022515138,4531.926973712156,30.833442515137904,7.568045030274872,0,1,0,1,1,1,True,54909,-1.0
54901,2026-05-01 14:45:00,14,-1,MARKDOWN,4,B,4607.13496,4639.799740846489,4525.473007883778,32.66478084648861,7.479481692977077,0,1,0,0,1,1,True,54903,-1.0
54914,2026-05-01 18:00:00,18,1,MARKUP,6,A+,4598.48652,4553.660845690105,4710.550705774739,44.825674309895476,13.35830861978999,0,1,1,1,1,1,False,-1,
54970,2026-05-04 09:00:00,9,-1,MARKDOWN,6,A+,4632.57758,4664.890036388703,4551.796439028242,32.31245638870314,9.380072777407586,0,1,1,1,1,1,False,-1,
54986,2026-05-04 13:00:00,13,-1,MARKDOWN,6,A+,4594.26656,4634.4619272088885,4493.778141977778,40.195367208888456,10.163854417777497,0,1,1,1,1,1,False,-1,
54998,2026-05-04 16:00:00,16,-1,MARKDOWN,4,B,4589.8621,4635.0559390365925,4476.87750240852,45.19383903659218,11.351878073183876,0,0,1,1,0,1,False,-1,
55010,2026-05-04 19:00:00,19,-1,MARKDOWN,6,A+,4573.51838,4626.607255247911,4440.796191880225,53.08887524791044,16.094510495821034,0,1,1,1,1,1,False,-1,
55093,2026-05-05 16:45:00,16,1,MARKUP,6,A+,4540.84604,4509.119904071549,4620.161379821128,31.726135928451185,9.040191856901494,0,1,1,1,1,1,False,-1,
55105,2026-05-05 19:45:00,19,1,MARKUP,5,A,4550.4052,4523.659528999109,4617.269377502227,26.74567100089098,8.720942001782333,0,0,1,1,1,1,True,55122,1.75
55150,2026-05-06 08:00:00,8,1,MARKUP,6,A+,4588.43348,4542.319649576999,4703.718056057502,46.11383042300076,8.08070084600225,0,1,1,1,1,1,False,-1,
55162,2026-05-06 11:00:00,11,1,MARKUP,6,A+,4598.31964,4541.97490850265,4739.181468743374,56.34473149735004,8.770182994699695,0,1,1,1,1,1,False,-1,
55174,2026-05-06 14:00:00,14,1,MARKUP,5,A,4613.821199999999,4540.996186674783,4795.883733313041,72.82501332521679,10.727626650434969,0,1,0,1,1,1,False,-1,
55186,2026-05-06 17:00:00,17,1,MARKUP,4,B,4634.33262,4572.732001054654,4788.334167363366,61.60061894534647,13.63599789069313,0,1,1,0,0,1,False,-1,
55242,2026-05-07 08:00:00,8,1,MARKUP,5,A,4695.1077000000005,4675.510348196785,4744.101079508038,19.597351803215133,6.839303606430596,0,0,1,1,1,1,True,55243,1.75
55254,2026-05-07 11:00:00,11,1,MARKUP,5,A,4707.438660000001,4673.989833834023,4791.060725414945,33.44882616597806,9.880332331954936,0,1,0,1,1,1,False,-1,
55266,2026-05-07 14:00:00,14,1,MARKUP,5,A,4711.27026,4680.515916308233,4788.156119229419,30.754343691767644,9.228167383535457,0,1,0,1,1,1,True,55287,-1.0
55278,2026-05-07 17:00:00,17,1,MARKUP,5,A,4713.12274,4679.742431258483,4796.573511853792,33.38030874151718,10.935137483034188,0,1,1,0,1,1,True,55287,-1.0
55336,2026-05-08 08:30:00,8,1,MARKUP,6,A+,4709.18764,4670.154260305533,4806.771089236167,39.03337969446693,9.291479388933384,0,1,1,1,1,1,True,55343,0.5521804064470637
55355,2026-05-08 13:15:00,13,1,MARKUP,6,A+,4697.57102,4670.461641057522,4765.344467356197,27.109378942478543,8.676717884956005,0,1,1,1,1,1,False,-1,
55367,2026-05-08 16:15:00,16,1,MARKUP,6,A+,4701.9032,4676.677598956853,4764.967202607866,25.225601043146526,10.264802086293525,0,1,1,1,1,1,False,-1,
55379,2026-05-08 19:15:00,19,1,MARKUP,5,A,4717.100399999999,4691.5102151307365,4781.075862173157,25.590184869262885,11.299569738526246,1,0,1,1,0,1,True,55380,-1.0
55426,2026-05-11 08:00:00,8,-1,MARKDOWN,5,A,4718.48676,4754.172745434607,4629.271796413481,35.68598543460757,9.625490869214827,0,1,0,1,1,1,False,-1,
55438,2026-05-11 11:00:00,11,-1,MARKDOWN,5,A,4698.03024,4733.525784356576,4609.29137910856,35.49554435657592,9.351568713151908,0,1,0,1,1,1,True,55456,-1.0
55450,2026-05-11 14:00:00,14,-1,MARKDOWN,3,C,4696.78806,4730.9294988615675,4611.43446284608,34.14143886156762,8.17899772313555,0,0,0,0,1,1,True,55456,-1.0
55468,2026-05-11 18:30:00,18,1,MARKUP,5,A,4686.5228,4642.368125830202,4796.909485424494,44.154674169797545,11.603748339595446,0,1,0,1,1,1,False,-1,
55538,2026-05-12 13:00:00,13,-1,MARKDOWN,5,A,4740.4825,4777.469224546676,4648.015688633311,36.98672454667576,8.078449093350192,0,1,0,1,1,1,False,-1,
55550,2026-05-12 16:00:00,16,-1,MARKDOWN,6,A+,4739.764340000001,4778.635545829985,4642.58632542504,38.87120582998432,10.411091659969255,0,1,1,1,1,1,False,-1,
55562,2026-05-12 19:00:00,19,-1,MARKDOWN,5,A,4708.36592,4758.292188262449,4583.550249343879,49.9262682624485,13.184376524897631,0,1,0,1,1,1,True,55576,0.35384018503316816
55638,2026-05-13 15:00:00,15,-1,MARKDOWN,5,A,4711.13226,4730.229549627387,4663.389035931533,19.097289627387,7.199099254775258,0,1,1,0,1,1,False,-1,
55650,2026-05-13 18:00:00,18,-1,MARKDOWN,5,A,4704.64802,4730.968455919654,4638.846930200863,26.3204359196543,9.176911839307415,0,1,0,1,1,1,True,55655,0.6405209501915945
55705,2026-05-14 08:45:00,8,-1,MARKDOWN,6,A+,4695.69718,4717.552408111174,4641.059109722064,21.855228111174256,9.704816222348285,0,1,1,1,1,1,True,55708,-1.0
55731,2026-05-14 15:15:00,15,1,MARKUP,4,B,4687.5268399999995,4663.912947740659,4746.561570648351,23.6138922593409,8.554104518682074,0,1,1,0,0,1,True,55736,-1.0
55743,2026-05-14 18:15:00,18,-1,MARKDOWN,5,A,4698.98038,4724.016609988447,4636.389805028882,25.036229988447303,10.413219976893476,0,1,0,1,1,1,False,-1,
55794,2026-05-15 08:00:00,8,-1,MARKDOWN,6,A+,4660.14946,4709.964210556815,4535.612583607963,49.81475055681494,11.028421113630163,0,1,1,1,1,1,False,-1,
55806,2026-05-15 11:00:00,11,-1,MARKDOWN,6,A+,4634.6724,4689.3265011895555,4498.0371470261125,54.65410118955515,12.433002379110961,0,1,1,1,1,1,False,-1,
55818,2026-05-15 14:00:00,14,-1,MARKDOWN,4,B,4616.72758,4675.694727292179,4469.309711769552,58.967147292179106,13.029454584357678,0,1,0,0,1,1,False,-1,
55830,2026-05-15 17:00:00,17,-1,MARKDOWN,4,B,4606.69772,4673.274867780328,4440.2548505491795,66.57714778032823,15.849735560656239,0,1,0,0,1,1,False,-1,
55842,2026-05-15 20:00:00,20,-1,MARKDOWN,3,C,4580.75408,4630.099746202612,4457.389914493469,49.34566620261194,13.45949240522289,0,0,0,0,1,1,False,-1,
55886,2026-05-18 08:00:00,8,-1,MARKDOWN,5,A,4533.7198,4573.463737770714,4434.359955573214,39.74393777071418,13.707475541428364,1,0,1,0,1,1,True,55887,-1.0
55978,2026-05-19 08:00:00,8,-1,MARKDOWN,3,C,4567.50208,4593.570334616456,4502.331443458859,26.068254616456215,8.16066923291252,0,1,0,0,0,1,False,-1,
55990,2026-05-19 11:00:00,11,-1,MARKDOWN,4,B,4567.17356,4594.610136361073,4498.582119097317,27.436576361073094,10.240272722147516,0,1,0,0,1,1,False,-1,
56002,2026-05-19 14:00:00,14,-1,MARKDOWN,3,C,4565.01526,4594.542685272954,4491.196696817615,29.527425272954133,10.105370545909235,0,1,0,0,0,1,False,-1,
56014,2026-05-19 17:00:00,17,-1,MARKDOWN,5,A,4541.64832,4597.494453858356,4402.032985354112,55.84613385835564,16.008907716711413,0,1,0,1,1,1,False,-1,
56026,2026-05-19 20:00:00,20,-1,MARKDOWN,3,C,4524.82018,4568.353937742746,4415.985785643134,43.533757742746275,12.187875485490812,0,0,0,1,0,1,False,-1,
56070,2026-05-20 08:00:00,8,-1,MARKDOWN,5,A,4498.49646,4531.325464990929,4416.42394752268,32.8290049909283,10.290929981856282,0,1,0,1,1,1,False,-1,
56084,2026-05-20 11:30:00,11,-1,MARKDOWN,3,C,4489.15848,4516.11475876229,4421.767783094276,26.956278762289912,10.089517524579833,0,0,1,0,0,1,True,56085,-1.0
56116,2026-05-20 19:30:00,19,1,MARKUP,5,A,4491.5089,4447.394241372186,4601.795546569534,44.1146586278137,12.631517255627406,0,1,0,1,1,1,False,-1,
56196,2026-05-21 16:30:00,16,-1,MARKDOWN,6,A+,4539.36398,4575.898190875343,4448.028452811643,36.53421087534298,10.336381750687668,0,1,1,1,1,1,True,56211,0.8616318969548499
56208,2026-05-21 19:30:00,19,-1,MARKDOWN,3,C,4537.92404,4573.292140575948,4449.50378856013,35.36810057594812,9.784281151896824,0,0,0,0,1,1,True,56211,0.8531986671371823
56274,2026-05-22 13:00:00,13,1,MARKUP,5,A,4523.928800000001,4503.4287003055315,4575.179049236173,20.5000996944691,7.842599388938375,0,1,1,1,0,1,True,56276,-1.0
56287,2026-05-22 16:15:00,16,-1,MARKDOWN,6,A+,4530.57444,4549.338490585268,4483.66431353683,18.764050585267796,8.816981170535364,0,1,1,1,1,1,False,-1,
56300,2026-05-22 19:30:00,19,-1,MARKDOWN,6,A+,4518.65388,4541.436855094238,4461.696442264404,22.78297509423828,9.153710188476866,1,0,1,1,1,1,True,56302,-1.0
56346,2026-05-25 08:00:00,8,1,MARKUP,3,C,4523.88178,4485.795543940614,4619.097370148464,38.086236059385556,6.8089121187717225,0,0,1,0,0,1,False,-1,
56358,2026-05-25 11:00:00,11,1,MARKUP,5,A,4533.0529,4500.767707486946,4613.765881282634,32.28519251305352,6.544585026107866,0,1,1,1,0,1,False,-1,
56370,2026-05-25 14:00:00,14,1,MARKUP,6,A+,4533.0529,4501.319254847084,4612.387012882288,31.733645152915415,5.441490305831263,0,1,1,1,1,1,False,-1,
56382,2026-05-25 17:00:00,17,1,MARKUP,6,A+,4561.783719999999,4547.368853689116,4597.820885777208,14.414866310883554,6.3222926217673505,0,1,1,1,1,1,False,-1,
56394,2026-05-25 20:00:00,20,1,MARKUP,6,A+,4560.9586,4547.944096179091,4593.494859552273,13.01450382090934,5.171807641817431,0,1,1,1,1,1,True,56407,-1.0
56429,2026-05-26 08:00:00,8,-1,MARKDOWN,5,A,4558.44522,4583.6363665271065,4495.467353682232,25.191146527106866,6.612733054212796,0,1,0,1,1,1,False,-1,
56441,2026-05-26 11:00:00,11,-1,MARKDOWN,5,A,4557.9066,4584.125827243919,4492.358531890203,26.219227243918795,7.5916544878382854,0,1,0,1,1,1,False,-1,
56453,2026-05-26 14:00:00,14,-1,MARKDOWN,4,B,4554.30816,4584.323708803214,4479.269287991964,30.015548803214188,7.987417606427137,0,0,1,0,1,1,False,-1,
56465,2026-05-26 17:00:00,17,-1,MARKDOWN,6,A+,4549.89224,4585.5406856784175,4460.771125803956,35.648445678417374,10.421371356834726,0,1,1,1,1,1,False,-1,
56477,2026-05-26 20:00:00,20,-1,MARKDOWN,5,A,4528.10776,4549.463998112227,4474.717164719432,21.356238112227402,8.087996224454717,0,1,1,0,1,1,True,56493,0.841043861081806
56521,2026-05-27 08:00:00,8,-1,MARKDOWN,5,A,4516.95238,4542.050900300764,4454.20607924809,25.098520300763994,7.481800601526133,0,1,0,1,1,1,False,-1,
56533,2026-05-27 11:00:00,11,-1,MARKDOWN,4,B,4514.40444,4542.393776844236,4444.431097889412,27.989336844235368,8.167553688469559,0,1,0,1,0,1,False,-1,
56545,2026-05-27 14:00:00,14,-1,MARKDOWN,6,A+,4501.80608,4543.00348893573,4398.812557660675,41.19740893572998,9.38697787146052,0,1,1,1,1,1,False,-1,
56557,2026-05-27 17:00:00,17,-1,MARKDOWN,5,A,4479.42126,4535.404721868568,4339.462605328579,55.983461868568156,15.64944373713616,0,1,0,1,1,1,False,-1,
56569,2026-05-27 20:00:00,20,-1,MARKDOWN,4,B,4473.0558599999995,4523.079222861665,4347.997452845837,50.02336286166519,11.598445723330586,0,0,1,1,0,1,False,-1,
56613,2026-05-28 08:00:00,8,-1,MARKDOWN,5,A,4428.96496,4472.468932244327,4320.2050293891825,43.50397224432709,10.0578644886562,0,1,0,1,1,1,False,-1,
56625,2026-05-28 11:00:00,11,-1,MARKDOWN,4,B,4428.96496,4472.292394684551,4320.646373288622,43.32743468455101,9.704789369103166,0,1,0,0,1,1,True,56644,-1.0
56637,2026-05-28 14:00:00,14,-1,MARKDOWN,5,A,4428.96496,4472.170091980806,4320.952130047985,43.20513198080607,9.460183961613359,0,0,1,1,1,1,True,56644,-1.0
56660,2026-05-28 19:45:00,19,1,MARKUP,6,A+,4421.89608,4360.373068069468,4575.703609826332,61.52301193053245,12.693863861064266,0,1,1,1,1,1,False,-1,
56705,2026-05-29 08:00:00,8,1,MARKUP,5,A,4457.4668,4414.998856360545,4563.636659098638,42.46794363945537,6.702287278911932,0,1,0,1,1,1,False,-1,
56717,2026-05-29 11:00:00,11,1,MARKUP,5,A,4500.21838,4480.126881949162,4550.447125127095,20.0914980508378,8.026236101674991,0,1,0,1,1,1,False,-1,
56729,2026-05-29 14:00:00,14,1,MARKUP,5,A,4509.7735,4484.944706875876,4571.8454828103095,24.828793124123877,8.210586248247052,0,1,0,1,1,1,False,-1,
56741,2026-05-29 17:00:00,17,1,MARKUP,6,A+,4513.36048,4484.056472122464,4586.620499693841,29.304007877536606,9.98705575507326,0,1,1,1,1,1,False,-1,
56753,2026-05-29 20:00:00,20,1,MARKUP,5,A,4533.22246,4488.510941270089,4645.0012568247785,44.711518729911404,12.618117459822797,0,1,0,1,1,1,True,56769,-1.0
56810,2026-06-01 11:15:00,11,-1,MARKDOWN,5,A,4541.71512,4577.406546541198,4452.486553647005,35.69142654119787,8.093093082395965,0,1,1,0,1,1,False,-1,
56822,2026-06-01 14:15:00,14,-1,MARKDOWN,3,C,4530.7734199999995,4560.250440413589,4457.080868966026,29.477020413589344,7.620880827178127,0,0,0,0,1,1,False,-1,
56834,2026-06-01 17:15:00,17,-1,MARKDOWN,5,A,4507.93246,4552.223141559625,4397.205756100937,44.29068155962523,12.586283119249066,0,1,0,1,1,1,False,-1,
56846,2026-06-01 20:15:00,20,-1,MARKDOWN,4,B,4498.75516,4536.384655892379,4404.681420269052,37.629495892379055,10.609311784757049,0,0,0,1,1,1,False,-1,
56895,2026-06-02 09:30:00,9,1,MARKUP,6,A+,4485.07436,4448.041880366753,4577.655559083118,37.03247963324702,8.376239266493169,0,1,1,1,1,1,False,-1,
56909,2026-06-02 13:00:00,13,1,MARKUP,6,A+,4492.92138,4459.380493067887,4576.7735973302815,33.5408869321127,7.039013864224461,0,1,1,1,1,1,True,56926,-1.0
56921,2026-06-02 16:00:00,16,1,MARKUP,3,C,4492.92138,4459.196582677483,4577.2333733062915,33.72479732251668,7.406834645033703,0,0,0,0,1,1,True,56926,-1.0
56981,2026-06-03 08:00:00,8,-1,MARKDOWN,5,A,4496.2164,4520.732953039231,4434.9250174019235,24.51655303923053,7.165906078462773,0,1,0,1,1,1,False,-1,
56993,2026-06-03 11:00:00,11,-1,MARKDOWN,6,A+,4480.27298,4502.932767849283,4423.623510376792,22.65978784928302,8.945535698565187,0,1,1,1,1,1,False,-1,
57005,2026-06-03 14:00:00,14,-1,MARKDOWN,3,C,4474.7480399999995,4502.021351206516,4406.564761983709,27.273311206516155,10.402702413031069,0,0,0,0,1,1,False,-1,
57017,2026-06-03 17:00:00,17,-1,MARKDOWN,4,B,4469.92338,4503.044850918506,4387.119702703735,33.12147091850602,12.449701837013146,0,0,0,1,1,1,False,-1,
57029,2026-06-03 20:00:00,20,-1,MARKDOWN,5,A,4464.596219999999,4493.114034460772,4393.301683848068,28.51781446077257,9.828068921543606,0,1,0,1,1,1,True,57052,-1.0
57093,2026-06-04 13:00:00,13,1,MARKUP,4,B,4446.76224,4420.0299301825235,4513.593014543691,26.732309817476562,7.3801396349535935,0,1,1,0,0,1,False,-1,
57105,2026-06-04 16:00:00,16,1,MARKUP,6,A+,4458.45526,4418.749868489365,4557.718738776586,39.7053915106344,9.94026302127017,0,1,1,1,1,1,True,57112,-1.0
57117,2026-06-04 19:00:00,19,1,MARKUP,5,A,4478.48686,4450.388666725857,4548.732343185358,28.09819327414334,10.562666548287009,1,0,1,1,0,1,True,57121,-1.0
57165,2026-06-05 08:00:00,8,-1,MARKDOWN,5,A,4484.81708,4519.209022631784,4398.837223420539,34.39194263178433,7.618045263569562,0,1,0,1,1,1,False,-1,
57195,2026-06-05 15:30:00,15,-1,MARKDOWN,5,A,4461.483560000001,4486.1989866227605,4399.694993443101,24.71542662275988,8.617973245520382,0,1,1,0,1,1,False,-1,
57207,2026-06-05 18:30:00,18,-1,MARKDOWN,6,A+,4422.203600000001,4483.420683445089,4269.160891387281,61.217083445088065,15.321366890176446,0,1,1,1,1,1,False,-1,
57257,2026-06-08 08:00:00,8,-1,MARKDOWN,6,A+,4374.90934,4426.151914201047,4246.802904497385,51.24257420104641,10.323828402093916,0,1,1,1,1,1,False,-1,
57269,2026-06-08 11:00:00,11,-1,MARKDOWN,6,A+,4320.93854,4359.363830314625,4224.875314213437,38.42529031462527,11.887660629250552,0,1,1,1,1,1,True,57282,-0.38936491767519493
57281,2026-06-08 14:00:00,14,-1,MARKDOWN,5,A,4320.93854,4359.373501630825,4224.851135922939,38.434961630824546,11.907003261648335,1,0,0,1,1,1,True,57282,-0.3892669425224704
57360,2026-06-09 10:45:00,10,-1,MARKDOWN,4,B,4336.81064,4355.4244913663415,4290.276011584145,18.613851366341805,7.828982732682691,0,1,1,0,0,1,True,57363,-1.0
57382,2026-06-09 16:15:00,16,-1,MARKDOWN,5,A,4336.81064,4355.195238909178,4290.849142727053,18.38459890917875,7.370477818355932,0,1,1,0,1,1,True,57384,-1.0
57394,2026-06-09 19:15:00,19,-1,MARKDOWN,6,A+,4321.341579999999,4370.706361265699,4197.929626835749,49.3647812657,14.452722531399013,0,1,1,1,1,1,False,-1,
57441,2026-06-10 08:00:00,8,-1,MARKDOWN,5,A,4290.517999999999,4368.678571232752,4095.116571918117,78.16057123275277,10.397142465504961,0,1,0,1,1,1,False,-1,
57453,2026-06-10 11:00:00,11,-1,MARKDOWN,5,A,4231.2321999999995,4280.249068022084,4108.690029944787,49.016868022084964,11.778136044168615,0,1,1,1,0,1,False,-1,
57465,2026-06-10 14:00:00,14,-1,MARKDOWN,5,A,4220.6406400000005,4268.148233307467,4101.871656731333,47.50759330746678,12.136466614935436,0,1,1,0,1,1,False,-1,
57477,2026-06-10 17:00:00,17,-1,MARKDOWN,4,B,4195.99362,4244.742256223207,4074.1220294419836,48.74863622320663,16.444512446412457,0,0,1,0,1,1,False,-1,
57489,2026-06-10 20:00:00,20,-1,MARKDOWN,5,A,4177.92854,4229.821025959452,4048.1973251013706,51.89248595945173,15.902051918903135,0,1,1,1,0,1,False,-1,
57561,2026-06-11 15:00:00,15,-1,MARKDOWN,7,A+,4082.20448,4123.27042088742,3979.539627781449,41.06594088742031,10.040841774839645,1,1,1,1,1,1,True,57564,-1.0
57625,2026-06-12 08:00:00,8,1,MARKUP,3,C,4126.98666,4047.5016788489215,4325.6991128776945,79.48498115107805,11.036642302156718,0,0,0,0,1,1,False,-1,
57637,2026-06-12 11:00:00,11,1,MARKUP,6,A+,4138.69158,4066.352735697319,4319.538690756701,72.33884430268063,11.214528605362041,0,1,1,1,1,1,False,-1,
57649,2026-06-12 14:00:00,14,1,MARKUP,6,A+,4199.4657,4164.937144226345,4285.787089434138,34.52855577365517,10.725711547310864,1,1,0,1,1,1,True,57651,0.675361080751587
57661,2026-06-12 17:00:00,17,1,MARKUP,4,B,4193.281120000001,4164.175836178628,4266.044329553432,29.105283821372723,12.24832764274491,1,0,1,0,0,1,True,57662,0.8142815893292255
57673,2026-06-12 20:00:00,20,1,MARKUP,6,A+,4195.2446,4163.458814091818,4274.709064770455,31.785785908182334,13.682371816364238,0,1,1,1,1,1,False,-1,
57717,2026-06-15 08:00:00,8,1,MARKUP,6,A+,4237.5179,4172.798389701993,4399.316675745016,64.71951029800675,8.383220596013004,0,1,1,1,1,1,False,-1,
57729,2026-06-15 11:00:00,11,1,MARKUP,6,A+,4252.91846,4197.681995362938,4391.009621592653,55.236464637061545,8.456009274122817,0,1,1,1,1,1,False,-1,
57741,2026-06-15 14:00:00,14,1,MARKUP,6,A+,4256.727,4198.3646250273305,4402.632937431674,58.362374972669386,7.090749945338837,0,1,1,1,1,1,False,-1,
57753,2026-06-15 17:00:00,17,1,MARKUP,5,A,4314.8796999999995,4276.6181401463045,4410.533599634236,38.26155985369496,9.023719707391148,0,1,0,1,1,1,False,-1,
57765,2026-06-15 20:00:00,20,1,MARKUP,4,B,4327.06666,4296.437073466687,4403.640626333283,30.62958653331316,8.825853066625452,1,0,0,1,0,1,True,57767,0.3856839525780522
57821,2026-06-16 11:00:00,11,1,MARKUP,6,A+,4323.77502,4302.609116721968,4376.689778195079,21.165903278031692,6.721766556063922,0,1,1,1,1,1,False,-1,
57833,2026-06-16 14:00:00,14,1,MARKUP,5,A,4322.53734,4302.924039341617,4371.570591645957,19.613300658383196,6.091921316767808,0,1,0,1,1,1,True,57846,0.7513343890767956
57845,2026-06-16 17:00:00,17,1,MARKUP,4,B,4325.2969,4303.361745616769,4380.134785958077,21.935154383230838,7.2365087664602195,0,0,0,1,1,1,True,57846,0.8057879583541081
57859,2026-06-16 20:30:00,20,1,MARKUP,6,A+,4327.88014,4307.044835334119,4379.968401664703,20.835304665881267,8.230329331761995,0,1,1,1,1,1,False,-1,
57928,2026-06-17 14:45:00,14,-1,MARKDOWN,5,A,4337.14276,4352.358109344298,4299.104386639254,15.215349344298374,5.356218688595197,0,1,1,0,1,1,True,57934,-1.0
57940,2026-06-17 17:45:00,17,1,MARKUP,5,A,4334.89422,4312.189721761192,4391.655465597019,22.7044982388079,9.34055647761561,0,1,0,1,1,1,True,57953,-1.0
57952,2026-06-17 20:45:00,20,1,MARKUP,6,A+,4341.83134,4312.457498341503,4415.265944146241,29.37384165849653,8.805003316992611,0,1,1,1,1,1,True,57953,-1.0
58003,2026-06-18 10:30:00,10,-1,MARKDOWN,6,A+,4319.87996,4387.116488717486,4151.788638206284,67.23652871748618,9.772977434973283,0,1,1,1,1,1,False,-1,
58015,2026-06-18 13:30:00,13,-1,MARKDOWN,6,A+,4288.91816,4336.636070496784,4169.623383758041,47.71791049678359,9.012140993568034,0,1,1,1,1,1,False,-1,
58027,2026-06-18 16:30:00,16,-1,MARKDOWN,5,A,4295.5464,4335.242469405377,4196.306226486558,39.696069405376875,10.78493881075393,0,1,0,1,1,1,False,-1,
58039,2026-06-18 19:30:00,19,-1,MARKDOWN,6,A+,4286.000220000001,4335.58863041536,4162.029193961603,49.58841041535925,11.477260830719212,0,1,1,1,1,1,False,-1,
58085,2026-06-19 08:00:00,8,-1,MARKDOWN,5,A,4217.565500000001,4281.265539322353,4058.3154016941194,63.700039322352495,9.171078644705362,0,1,0,1,1,1,False,-1,
58097,2026-06-19 11:00:00,11,-1,MARKDOWN,4,B,4190.70722,4238.218264582246,4071.929608544386,47.51104458224563,9.99652916449185,0,0,0,1,1,1,False,-1,
58109,2026-06-19 14:00:00,14,-1,MARKDOWN,6,A+,4182.30242,4223.751241658207,4078.680365854483,41.448821658206725,8.262483316412952,0,1,1,1,1,1,True,58117,0.8631919472142475
58121,2026-06-19 17:00:00,17,-1,MARKDOWN,6,A+,4169.86826,4204.446183053273,4083.4234523668188,34.57792305327257,9.89236610654529,0,1,1,1,1,1,True,58143,-1.0
58133,2026-06-19 20:00:00,20,-1,MARKDOWN,6,A+,4160.0606,4187.220382882551,4092.161142793621,27.159782882551553,7.180765765103169,1,1,0,1,1,1,True,58138,-1.0
58182,2026-06-22 13:00:00,13,1,MARKUP,5,A,4168.71338,4132.699988379927,4258.746859050183,36.01339162007298,7.400023240144579,0,1,1,1,0,1,False,-1,
58194,2026-06-22 16:00:00,16,1,MARKUP,3,C,4168.71338,4132.738032321945,4258.651749195138,35.975347678055186,7.323935356109618,0,0,0,1,0,1,False,-1,
58254,2026-06-23 08:00:00,8,-1,MARKDOWN,5,A,4173.98542,4216.085076898932,4068.7362777526696,42.09965689893215,10.710153797865999,0,1,0,1,1,1,False,-1,
58266,2026-06-23 11:00:00,11,-1,MARKDOWN,6,A+,4157.24814,4203.872610031849,4040.6869649203763,46.62447003184934,11.325220063698278,0,1,1,1,1,1,False,-1,
58278,2026-06-23 14:00:00,14,-1,MARKDOWN,4,B,4157.24814,4203.124332232455,4042.5576594188606,45.87619223245565,9.82866446491026,0,0,0,1,1,1,False,-1,
58346,2026-06-24 08:00:00,8,-1,MARKDOWN,5,A,4108.95662,4150.359654589466,4005.4490335263345,41.40303458946619,10.539309178931891,0,1,0,1,1,1,False,-1,
58358,2026-06-24 11:00:00,11,-1,MARKDOWN,4,B,4108.2212,4148.938128930647,4006.4288776733833,40.716928930646645,10.076257861293904,0,1,1,0,0,1,False,-1,
58370,2026-06-24 14:00:00,14,-1,MARKDOWN,6,A+,4093.96572,4129.071701062102,4006.2007673447456,35.10598106210182,9.443402124202441,0,1,1,1,1,1,False,-1,
58382,2026-06-24 17:00:00,17,-1,MARKDOWN,5,A,4055.71792,4120.98377303617,3892.553287409576,65.26585303616957,17.88754607233928,0,1,0,1,1,1,False,-1,
58394,2026-06-24 20:00:00,20,-1,MARKDOWN,5,A,4046.8001799999997,4104.999161791147,3901.3027255221305,58.19898179114762,14.778323582294716,0,1,1,1,0,1,False,-1,
58440,2026-06-25 08:30:00,8,-1,MARKDOWN,5,A,4010.41714,4048.6110583983764,3914.932344004059,38.193918398376354,13.182116796752528,0,1,1,0,1,1,False,-1,
58458,2026-06-25 13:00:00,13,-1,MARKDOWN,5,A,3997.32294,4024.052142038998,3930.4999349025047,26.72920203899821,10.80428407799635,0,1,1,0,1,1,True,58468,-1.0
58533,2026-06-26 08:45:00,8,-1,MARKDOWN,5,A,4020.88216,4048.9466368290873,3950.720967927282,28.064476829087198,9.433273658174858,0,0,1,1,1,1,True,58535,-1.0
58545,2026-06-26 11:45:00,11,1,MARKUP,5,A,4006.45784,3978.9249378503946,4075.2900953740136,27.532902149605434,8.370124299210827,0,1,0,1,1,1,False,-1,
58557,2026-06-26 14:45:00,14,1,MARKUP,5,A,4010.72478,3978.887620363171,4090.317679092072,31.8371596368288,8.44475927365823,0,1,0,1,1,1,False,-1,
58569,2026-06-26 17:45:00,17,1,MARKUP,5,A,4025.1109,3977.099434493304,4145.13956376674,48.01146550669591,12.021131013392264,0,1,0,1,1,1,False,-1,
58581,2026-06-26 20:45:00,20,1,MARKUP,5,A,4028.42496,3982.0286713685277,4144.41568157868,46.39628863147209,9.302657262943852,0,1,0,1,1,1,False,-1,
58631,2026-06-29 10:15:00,10,1,MARKUP,6,A+,4061.043,4035.076470959942,4125.959322600145,25.96652904005805,8.767058080115515,1,1,1,0,1,1,True,58633,-1.0
58649,2026-06-29 14:45:00,14,-1,MARKDOWN,4,B,4065.40362,4094.991914326667,3991.4328841833326,29.588294326666983,8.683828653334233,0,1,0,1,0,1,False,-1,
58661,2026-06-29 17:45:00,17,-1,MARKDOWN,4,B,4046.73372,4081.463484336412,3959.9093091589707,34.72976433641179,11.746968672823476,0,1,0,0,1,1,False,-1,
58673,2026-06-29 20:45:00,20,-1,MARKDOWN,5,A,4046.73372,4079.9170693112537,3963.7753467218663,33.18334931125355,8.654138622507608,0,1,1,0,1,1,False,-1,
58714,2026-06-30 08:00:00,8,-1,MARKDOWN,5,A,4008.35648,4055.0347653704675,3891.660766573831,46.67828537046762,10.569530740934967,0,0,1,1,1,1,True,58719,-1.0
58752,2026-06-30 17:30:00,17,1,MARKUP,6,A+,3988.00164,3935.5868902847515,4119.038514288121,52.41474971524849,11.606219430496822,0,1,1,1,1,1,False,-1,
58764,2026-06-30 20:30:00,20,1,MARKUP,5,A,3999.07002,3954.9767517217037,4109.303190695741,44.093268278296364,8.646496556592957,0,0,1,1,1,1,True,58788,1.75
58806,2026-07-01 08:00:00,8,-1,MARKDOWN,6,A+,4027.63188,4066.999549174933,3929.2127070626675,39.36766917493287,7.17909834986579,0,1,1,1,1,1,False,-1,
58818,2026-07-01 11:00:00,11,-1,MARKDOWN,4,B,4005.7927799999998,4038.0694611571926,3925.1010771070178,32.2766811571928,8.23892231438533,0,0,0,1,1,1,True,58830,-1.0
58841,2026-07-01 16:45:00,16,1,MARKUP,6,A+,4016.71488,3953.069361279384,4175.8286768015405,63.64551872061611,14.341277441231865,0,1,1,1,1,1,False,-1,
58853,2026-07-01 19:45:00,19,1,MARKUP,5,A,4019.6409999999996,3954.223732114945,4183.1841697126365,65.41726788505457,12.03253577010934,0,1,0,1,1,1,False,-1,
58898,2026-07-02 08:00:00,8,1,MARKUP,6,A+,4057.45642,4017.532796733582,4157.265478166045,39.92362326641796,7.794406532835227,1,1,0,1,1,1,True,58899,1.198968760278858
58910,2026-07-02 11:00:00,11,1,MARKUP,4,B,4050.25266,4023.9188031037315,4116.087302240671,26.33385689626857,9.402393792536632,0,1,0,0,1,1,False,-1,
58922,2026-07-02 14:00:00,14,1,MARKUP,3,C,4048.28536,4024.64135736226,4107.39536659435,23.64400263773996,7.957285275479698,0,0,0,0,1,1,False,-1,
58934,2026-07-02 17:00:00,17,1,MARKUP,5,A,4074.0324,4023.5667000595417,4200.196649851146,50.46569994045831,14.446599880916036,0,1,0,1,1,1,False,-1,
58946,2026-07-02 20:00:00,20,1,MARKUP,6,A+,4084.55694,4041.780687855848,4191.4975703603795,42.77625214415184,12.07862428830449,0,1,1,1,1,1,False,-1,
58990,2026-07-03 08:00:00,8,1,MARKUP,6,A+,4136.72146,4096.723388886017,4236.716637784955,39.998071113982405,7.393222227964707,0,1,1,1,1,1,False,-1,
59002,2026-07-03 11:00:00,11,1,MARKUP,6,A+,4136.72146,4096.718259184662,4236.729462038344,40.00320081533755,7.40348163067495,0,1,1,1,1,1,False,-1,
59014,2026-07-03 14:00:00,14,1,MARKUP,6,A+,4141.5604,4105.013993082304,4232.92641729424,36.546406917696004,6.472013835391686,0,1,1,1,1,1,False,-1,
59097,2026-07-06 15:30:00,15,-1,MARKDOWN,6,A+,4175.66374,4206.539107457294,4098.475321356764,30.875367457294487,7.1782149145897565,0,1,1,1,1,1,False,-1,
59109,2026-07-06 18:30:00,18,-1,MARKDOWN,4,B,4174.51774,4207.364650273515,4092.4004643162143,32.84691027351437,8.82930054703038,0,0,0,1,1,1,False,-1,
59159,2026-07-07 08:00:00,8,-1,MARKDOWN,5,A,4150.80048,4172.087114038638,4097.583894903404,21.286634038638113,7.1542280772752225,0,1,1,0,1,1,False,-1,
59171,2026-07-07 11:00:00,11,-1,MARKDOWN,3,C,4148.722400000001,4172.334015472555,4089.693361318615,23.61161547255415,7.648030945109832,0,0,0,0,1,1,True,59185,-1.0
59183,2026-07-07 14:00:00,14,-1,MARKDOWN,5,A,4148.722400000001,4171.958959264728,4090.631001838182,23.236559264727475,6.8979185294556356,0,0,1,1,1,1,True,59185,-1.0
59197,2026-07-07 17:30:00,17,1,MARKUP,5,A,4141.0816,4111.1914793130045,4215.80690171749,29.890120686995942,11.037041373990327,0,1,0,1,1,1,True,59202,-1.0
59264,2026-07-08 11:15:00,11,-1,MARKDOWN,5,A,4122.5396,4153.127399838209,4046.0701004044768,30.58779983820932,9.83479967641918,0,1,1,0,1,1,False,-1,
59276,2026-07-08 14:15:00,14,-1,MARKDOWN,6,A+,4098.2420999999995,4139.1226384057345,3996.040753985662,40.880538405735024,10.365276811468918,0,1,1,1,1,1,False,-1,
59288,2026-07-08 17:15:00,17,-1,MARKDOWN,4,B,4098.2420999999995,4140.0416846911485,3993.743138272127,41.79958469114899,12.20336938229752,0,1,1,0,0,1,False,-1,
59302,2026-07-08 20:45:00,20,-1,MARKDOWN,5,A,4091.1178,4139.515142931443,3970.124442671393,48.397342931442836,11.150285862885942,0,0,1,1,1,1,True,59306,-0.6492546511181623
59363,2026-07-09 13:00:00,13,1,MARKUP,6,A+,4078.49756,4050.588947829259,4148.269090426852,27.90861217074098,7.242104341482617,0,1,1,1,1,1,False,-1,
59375,2026-07-09 16:00:00,16,1,MARKUP,5,A,4080.35026,4049.826036494026,4156.660818764935,30.524223505974078,8.767927011947961,0,1,1,0,1,1,False,-1,
59387,2026-07-09 19:00:00,19,1,MARKUP,5,A,4085.58748,4050.115415635685,4174.267640910788,35.472064364314974,8.18916872862945,0,1,0,1,1,1,False,-1,
59465,2026-07-10 15:30:00,15,-1,MARKDOWN,5,A,4119.39158,4138.430077098683,4071.7953372532943,19.038497098682456,7.280154197365296,0,1,1,0,1,1,False,-1,
59477,2026-07-10 18:30:00,18,-1,MARKDOWN,4,B,4111.0792599999995,4140.025606712774,4038.7133932180636,28.946346712774357,10.47121342554792,1,0,0,0,1,1,True,59478,0.9880719603027622
59527,2026-07-13 08:00:00,8,-1,MARKDOWN,5,A,4093.9999,4125.517708983781,4015.2053775405475,31.517808983780924,9.135417967561889,0,1,0,1,1,1,False,-1,
59539,2026-07-13 11:00:00,11,-1,MARKDOWN,4,B,4091.52072,4125.597635465405,4006.3284313364875,34.07691546540491,9.295270930810393,0,0,0,1,1,1,False,-1,
59551,2026-07-13 14:00:00,14,-1,MARKDOWN,4,B,4091.52072,4125.288375233825,4007.101581915438,33.767655233824826,8.676750467650889,0,0,0,1,1,1,False,-1,
59563,2026-07-13 17:00:00,17,-1,MARKDOWN,6,A+,4067.66666,4095.8228633320573,3997.2761516698565,28.15620333205743,9.425726664114762,0,1,1,1,1,1,False,-1,
59575,2026-07-13 20:00:00,20,-1,MARKDOWN,5,A,4044.7447,4085.9938775809587,3941.621756047604,41.24917758095853,10.567755161917155,0,1,0,1,1,1,False,-1,
59654,2026-07-14 16:45:00,16,1,MARKUP,4,B,4028.76876,3976.499068500481,4159.442988748798,52.26969149951901,12.721862999038347,0,1,0,1,0,1,False,-1,
59666,2026-07-14 19:45:00,19,1,MARKUP,5,A,4043.10018,4000.2262042017137,4150.285119495716,42.87397579828621,11.647591596573013,0,1,1,1,0,1,True,59673,0.18845511407698512
59712,2026-07-15 08:15:00,8,-1,MARKDOWN,6,A+,4071.51586,4103.680614746076,3991.103973134811,32.16475474607569,6.441229492151603,0,1,1,1,1,1,False,-1,
59724,2026-07-15 11:15:00,11,-1,MARKDOWN,4,B,4046.92096,4068.8182588054465,3992.1777129863835,21.897298805446553,7.336517610892816,0,1,0,0,1,1,True,59741,-1.0
59736,2026-07-15 14:15:00,14,-1,MARKDOWN,3,C,4045.01752,4065.135746015874,3994.721954960315,20.118226015873915,6.1314920317473485,0,0,0,0,1,1,True,59741,-1.0
59748,2026-07-15 17:15:00,17,1,MARKUP,5,A,4039.06648,4013.146874628961,4103.865493427597,25.91960537103887,8.56625074207707,0,1,0,1,1,1,True,59755,0.9097154530506821
59760,2026-07-15 20:15:00,20,1,MARKUP,4,B,4039.06648,4012.806932149279,4104.715349626802,26.259547850720992,9.246135701441931,0,0,1,1,0,1,False,-1,
59803,2026-07-16 08:00:00,8,-1,MARKDOWN,6,A+,4059.50578,4084.362330720899,3997.364403197752,24.856550720899122,6.004661441797723,0,1,1,1,1,1,False,-1,
59815,2026-07-16 11:00:00,11,-1,MARKDOWN,4,B,4059.05884,4084.450077546493,3995.580746133768,25.391237546492903,6.180155092986066,0,1,0,0,1,1,False,-1,
59827,2026-07-16 14:00:00,14,-1,MARKDOWN,5,A,4050.40684,4069.839378756715,4001.8254931082124,19.432538756715076,4.958757513430544,0,1,1,0,1,1,False,-1,
59839,2026-07-16 17:00:00,17,-1,MARKDOWN,5,A,4027.80298,4067.305542796286,3929.046573009285,39.50256279628593,12.07108559257157,0,1,0,1,1,1,False,-1,
59851,2026-07-16 20:00:00,20,-1,MARKDOWN,6,A+,4016.75932,4049.033545924545,3936.0737551886386,32.27422592454468,11.267091849089121,0,1,1,1,1,1,False,-1,
59895,2026-07-17 08:00:00,8,-1,MARKDOWN,6,A+,3998.6541,4020.54777554769,3943.9199111307757,21.89367554768978,7.535551095379687,0,1,1,1,1,1,True,59899,0.9778739886194414
59924,2026-07-17 15:15:00,15,-1,MARKDOWN,5,A,3994.19748,4011.8643801196654,3950.0302297008357,17.66690011966557,6.408760239331114,0,1,1,0,1,1,True,59929,0.5
59987,2026-07-20 08:00:00,8,1,MARKUP,5,A,3988.58944,3960.1326016188386,4059.731535952904,28.45683838116156,7.31479676232249,0,1,0,1,1,1,False,-1,
